"ck","study_id","esito","n_a","n_r"
"CHEBI:102218||gain||vehicle_untreated","GSE162834","solo_A3",1,0
"CHEBI:102218||gain||vehicle_untreated","GSE189504","solo_A3",1,0
"CHEBI:102218||gain||vehicle_untreated","GSE204929","solo_A3",1,0
"CHEBI:114785||gain||vehicle_untreated","GSE114686","campioni_diversi",2,1
"CHEBI:114785||gain||vehicle_untreated","GSE132500","solo_A3",1,0
"CHEBI:114785||gain||vehicle_untreated","GSE217421","campioni_diversi",1,1
"CHEBI:114785||gain||vehicle_untreated","GSE244730","campioni_diversi",1,1
"CHEBI:114785||gain||vehicle_untreated","GSE249721","campioni_diversi",6,7
"CHEBI:114785||gain||vehicle_untreated","GSE65420","identico",2,2
"CHEBI:114785||gain||vehicle_untreated","GSE89127","identico",1,1
"CHEBI:124921||gain||vehicle_untreated","GSE164247","identico",1,1
"CHEBI:124921||gain||vehicle_untreated","GSE180067","campioni_diversi",1,1
"CHEBI:124921||gain||vehicle_untreated","GSE222376","solo_etichetta_riscritta",2,2
"CHEBI:124921||gain||vehicle_untreated","GSE235704","solo_A3",1,0
"CHEBI:124921||gain||vehicle_untreated","GSE240898","campioni_diversi",1,2
"CHEBI:124921||gain||vehicle_untreated","GSE247275","solo_A3",1,0
"CHEBI:137113||gain||vehicle_untreated","GSE113604","campioni_diversi",3,4
"CHEBI:137113||gain||vehicle_untreated","GSE113711","campioni_diversi",2,2
"CHEBI:137113||gain||vehicle_untreated","GSE118548","campioni_diversi",1,1
"CHEBI:137113||gain||vehicle_untreated","GSE123285","campioni_diversi",2,1
"CHEBI:137113||gain||vehicle_untreated","GSE130313","campioni_diversi",2,2
"CHEBI:137113||gain||vehicle_untreated","GSE131099","campioni_diversi",1,1
"CHEBI:137113||gain||vehicle_untreated","GSE131983","identico",1,1
"CHEBI:137113||gain||vehicle_untreated","GSE147876","solo_A3",1,0
"CHEBI:137113||gain||vehicle_untreated","GSE158552","solo_A3",1,0
"CHEBI:137113||gain||vehicle_untreated","GSE186961","campioni_diversi",1,1
"CHEBI:137113||gain||vehicle_untreated","GSE192903","solo_etichetta_riscritta",1,1
"CHEBI:137113||gain||vehicle_untreated","GSE210101","campioni_diversi",1,1
"CHEBI:137113||gain||vehicle_untreated","GSE210196","campioni_diversi",3,1
"CHEBI:137113||gain||vehicle_untreated","GSE231871","identico",1,1
"CHEBI:137113||gain||vehicle_untreated","GSE235031","campioni_diversi",1,1
"CHEBI:137113||gain||vehicle_untreated","GSE236168","solo_A3",1,0
"CHEBI:137113||gain||vehicle_untreated","GSE239585","campioni_diversi",2,2
"CHEBI:137113||gain||vehicle_untreated","GSE244754","solo_A3",2,0
"CHEBI:137113||gain||vehicle_untreated","GSE255300","solo_etichetta_riscritta",3,3
"CHEBI:137113||gain||vehicle_untreated","GSE55922","solo_etichetta_riscritta",1,1
"CHEBI:137113||gain||vehicle_untreated","GSE74324","campioni_diversi",2,1
"CHEBI:137113||gain||vehicle_untreated","GSE80153","solo_etichetta_riscritta",3,3
"CHEBI:137113||gain||vehicle_untreated","GSE81405","solo_etichetta_riscritta",1,1
"CHEBI:137113||gain||vehicle_untreated","GSE88750","identico",1,1
"CHEBI:137113||gain||vehicle_untreated","GSE92532","campioni_diversi",2,2
"CHEBI:145372||gain||vehicle_untreated","GSE180180","identico",1,1
"CHEBI:145372||gain||vehicle_untreated","GSE180181","identico",1,1
"CHEBI:145372||gain||vehicle_untreated","GSE227839","campioni_diversi",1,2
"CHEBI:145535||gain||vehicle_untreated","GSE171255","identico",1,1
"CHEBI:145535||gain||vehicle_untreated","GSE171260","campioni_diversi",1,1
"CHEBI:145535||gain||vehicle_untreated","GSE206428","solo_etichetta_riscritta",1,1
"CHEBI:15367||gain||vehicle_untreated","GSE100855","campioni_diversi",4,4
"CHEBI:15367||gain||vehicle_untreated","GSE166214","campioni_diversi",2,2
"CHEBI:15367||gain||vehicle_untreated","GSE179347","campioni_diversi",1,1
"CHEBI:15367||gain||vehicle_untreated","GSE69121","campioni_diversi",2,1
"CHEBI:15551||gain||vehicle_untreated","GSE163831","identico",1,1
"CHEBI:15551||gain||vehicle_untreated","GSE213691","campioni_diversi",2,1
"CHEBI:15551||gain||vehicle_untreated","GSE99392","solo_A3",1,0
"CHEBI:15738||gain||vehicle_untreated","GSE171543","identico",1,1
"CHEBI:15738||gain||vehicle_untreated","GSE171560","identico",1,1
"CHEBI:15738||gain||vehicle_untreated","GSE241595","identico",1,1
"CHEBI:15738||gain||vehicle_untreated","GSE251861","solo_A3",1,0
"CHEBI:16240||gain||vehicle_untreated","GSE126750","campioni_diversi",1,1
"CHEBI:16240||gain||vehicle_untreated","GSE130664","identico",1,1
"CHEBI:16240||gain||vehicle_untreated","GSE161860","solo_A3",1,0
"CHEBI:16240||gain||vehicle_untreated","GSE188458","campioni_diversi",3,3
"CHEBI:16240||gain||vehicle_untreated","GSE204781","identico",1,1
"CHEBI:16240||gain||vehicle_untreated","GSE222749","solo_etichetta_riscritta",1,1
"CHEBI:16240||gain||vehicle_untreated","GSE225095","solo_etichetta_riscritta",1,1
"CHEBI:16240||gain||vehicle_untreated","GSE227554","campioni_diversi",4,2
"CHEBI:16240||gain||vehicle_untreated","GSE60340","solo_A3",1,0
"CHEBI:16240||gain||vehicle_untreated","GSE75962","identico",1,1
"CHEBI:16330||gain||vehicle_untreated","GSE118152","solo_A3",1,0
"CHEBI:16330||gain||vehicle_untreated","GSE123763","campioni_diversi",1,2
"CHEBI:16330||gain||vehicle_untreated","GSE131726","solo_A3",1,0
"CHEBI:16330||gain||vehicle_untreated","GSE138053","campioni_diversi",1,1
"CHEBI:16330||gain||vehicle_untreated","GSE141806","identico",1,1
"CHEBI:16330||gain||vehicle_untreated","GSE157104","solo_etichetta_riscritta",2,2
"CHEBI:16330||gain||vehicle_untreated","GSE158557","campioni_diversi",2,3
"CHEBI:16330||gain||vehicle_untreated","GSE159606","identico",1,1
"CHEBI:16330||gain||vehicle_untreated","GSE174618","campioni_diversi",2,3
"CHEBI:16330||gain||vehicle_untreated","GSE176006","identico",1,1
"CHEBI:16330||gain||vehicle_untreated","GSE178374","campioni_diversi",1,2
"CHEBI:16330||gain||vehicle_untreated","GSE210765","solo_etichetta_riscritta",1,1
"CHEBI:16330||gain||vehicle_untreated","GSE218556","campioni_diversi",2,1
"CHEBI:16330||gain||vehicle_untreated","GSE227511","campioni_diversi",2,1
"CHEBI:16330||gain||vehicle_untreated","GSE236286","identico",1,1
"CHEBI:16330||gain||vehicle_untreated","GSE64529","campioni_diversi",1,1
"CHEBI:16412||gain||vehicle_untreated","GSE103501","campioni_diversi",2,1
"CHEBI:16412||gain||vehicle_untreated","GSE104282","campioni_diversi",2,1
"CHEBI:16412||gain||vehicle_untreated","GSE110947","solo_A3",1,0
"CHEBI:16412||gain||vehicle_untreated","GSE118566","identico",2,2
"CHEBI:16412||gain||vehicle_untreated","GSE125342","identico",1,1
"CHEBI:16412||gain||vehicle_untreated","GSE135640","campioni_diversi",2,2
"CHEBI:16412||gain||vehicle_untreated","GSE139370","identico",1,1
"CHEBI:16412||gain||vehicle_untreated","GSE142560","campioni_diversi",1,2
"CHEBI:16412||gain||vehicle_untreated","GSE145382","campioni_diversi",2,2
"CHEBI:16412||gain||vehicle_untreated","GSE150893","solo_etichetta_riscritta",1,1
"CHEBI:16412||gain||vehicle_untreated","GSE151796","campioni_diversi",2,2
"CHEBI:16412||gain||vehicle_untreated","GSE161031","solo_A3",1,0
"CHEBI:16412||gain||vehicle_untreated","GSE168468","solo_A3",4,0
"CHEBI:16412||gain||vehicle_untreated","GSE173807","campioni_diversi",1,1
"CHEBI:16412||gain||vehicle_untreated","GSE180693","identico",2,2
"CHEBI:16412||gain||vehicle_untreated","GSE181851","identico",2,2
"CHEBI:16412||gain||vehicle_untreated","GSE189136","campioni_diversi",1,1
"CHEBI:16412||gain||vehicle_untreated","GSE190405","campioni_diversi",1,2
"CHEBI:16412||gain||vehicle_untreated","GSE196243","campioni_diversi",1,1
"CHEBI:16412||gain||vehicle_untreated","GSE199367","campioni_diversi",2,5
"CHEBI:16412||gain||vehicle_untreated","GSE218606","identico",1,1
"CHEBI:16412||gain||vehicle_untreated","GSE226280","campioni_diversi",1,1
"CHEBI:16412||gain||vehicle_untreated","GSE231686","campioni_diversi",1,1
"CHEBI:16412||gain||vehicle_untreated","GSE233262","campioni_diversi",3,3
"CHEBI:16412||gain||vehicle_untreated","GSE236998","identico",1,1
"CHEBI:16412||gain||vehicle_untreated","GSE236999","campioni_diversi",1,1
"CHEBI:16412||gain||vehicle_untreated","GSE241554","campioni_diversi",1,1
"CHEBI:16412||gain||vehicle_untreated","GSE245677","campioni_diversi",2,2
"CHEBI:16412||gain||vehicle_untreated","GSE251809","solo_A3",1,0
"CHEBI:16412||gain||vehicle_untreated","GSE272030","solo_A3",1,0
"CHEBI:16412||gain||vehicle_untreated","GSE81478","solo_etichetta_riscritta",1,1
"CHEBI:16412||gain||vehicle_untreated","GSE92532","campioni_diversi",2,2
"CHEBI:16412||gain||vehicle_untreated","GSE97744","identico",1,1
"CHEBI:16469||gain||vehicle_untreated","GSE108308","solo_etichetta_riscritta",1,1
"CHEBI:16469||gain||vehicle_untreated","GSE112983","solo_A3",1,0
"CHEBI:16469||gain||vehicle_untreated","GSE150683","solo_A3",1,0
"CHEBI:16469||gain||vehicle_untreated","GSE217423","campioni_diversi",1,1
"CHEBI:16469||gain||vehicle_untreated","GSE237784","identico",3,3
"CHEBI:16469||gain||vehicle_untreated","GSE241942","identico",1,1
"CHEBI:16469||gain||vehicle_untreated","GSE252576","campioni_diversi",3,2
"CHEBI:16469||gain||vehicle_untreated","GSE256370","solo_etichetta_riscritta",1,1
"CHEBI:16469||gain||vehicle_untreated","GSE80365","campioni_diversi",3,2
"CHEBI:167670||gain||vehicle_untreated","GSE228090","identico",2,2
"CHEBI:167670||gain||vehicle_untreated","GSE237177","campioni_diversi",8,2
"CHEBI:167670||gain||vehicle_untreated","GSE252002","campioni_diversi",2,1
"CHEBI:167693||gain||vehicle_untreated","GSE165543","solo_A3",1,0
"CHEBI:167693||gain||vehicle_untreated","GSE199811","solo_A3",1,0
"CHEBI:167693||gain||vehicle_untreated","GSE92723","solo_A3",2,0
"CHEBI:17026||gain||vehicle_untreated","GSE149640","solo_etichetta_riscritta",1,1
"CHEBI:17026||gain||vehicle_untreated","GSE220806","identico",2,2
"CHEBI:17026||gain||vehicle_untreated","GSE99626","campioni_diversi",1,1
"CHEBI:17154||gain||vehicle_untreated","GSE164884","identico",2,2
"CHEBI:17154||gain||vehicle_untreated","GSE172494","campioni_diversi",2,1
"CHEBI:17154||gain||vehicle_untreated","GSE90889","identico",1,1
"CHEBI:17347||gain||vehicle_untreated","GSE124704","campioni_diversi",6,3
"CHEBI:17347||gain||vehicle_untreated","GSE159531","solo_A3",1,0
"CHEBI:17347||gain||vehicle_untreated","GSE184427","solo_etichetta_riscritta",1,1
"CHEBI:17347||gain||vehicle_untreated","GSE231324","identico",1,1
"CHEBI:175901||gain||vehicle_untreated","GSE106336","campioni_diversi",1,1
"CHEBI:175901||gain||vehicle_untreated","GSE189764","campioni_diversi",2,1
"CHEBI:175901||gain||vehicle_untreated","GSE97766","campioni_diversi",2,1
"CHEBI:17823||gain||vehicle_untreated","GSE162427","solo_A3",1,0
"CHEBI:17823||gain||vehicle_untreated","GSE178702","solo_A3",1,0
"CHEBI:17823||gain||vehicle_untreated","GSE248274","solo_A3",1,0
"CHEBI:17823||gain||vehicle_untreated","GSE261699","solo_A3",2,0
"CHEBI:2038||gain||vehicle_untreated","GSE117446","solo_etichetta_riscritta",1,1
"CHEBI:2038||gain||vehicle_untreated","GSE145560","campioni_diversi",1,1
"CHEBI:2038||gain||vehicle_untreated","GSE184891","campioni_diversi",5,1
"CHEBI:2038||gain||vehicle_untreated","GSE199800","solo_A3",1,0
"CHEBI:205761||gain||vehicle_untreated","GSE132782","solo_A3",1,0
"CHEBI:205761||gain||vehicle_untreated","GSE157725","solo_A3",1,0
"CHEBI:205761||gain||vehicle_untreated","GSE185373","solo_A3",1,0
"CHEBI:205761||gain||vehicle_untreated","GSE222199","solo_A3",1,0
"CHEBI:229764||gain||vehicle_untreated","GSE137702","solo_A3",1,0
"CHEBI:229764||gain||vehicle_untreated","GSE181003","campioni_diversi",1,2
"CHEBI:229764||gain||vehicle_untreated","GSE181176","identico",2,2
"CHEBI:229764||gain||vehicle_untreated","GSE198000","campioni_diversi",6,7
"CHEBI:229764||gain||vehicle_untreated","GSE228210","identico",1,1
"CHEBI:22984||gain||vehicle_untreated","GSE101216","campioni_diversi",1,1
"CHEBI:22984||gain||vehicle_untreated","GSE190031","campioni_diversi",1,1
"CHEBI:22984||gain||vehicle_untreated","GSE228631","solo_etichetta_riscritta",2,2
"CHEBI:230493||gain||vehicle_untreated","GSE149280","campioni_diversi",1,2
"CHEBI:230493||gain||vehicle_untreated","GSE174167","campioni_diversi",1,1
"CHEBI:230493||gain||vehicle_untreated","GSE194434","identico",1,1
"CHEBI:230493||gain||vehicle_untreated","GSE230791","campioni_diversi",1,2
"CHEBI:230493||gain||vehicle_untreated","GSE234615","solo_etichetta_riscritta",1,1
"CHEBI:230500||gain||vehicle_untreated","GSE116282","identico",2,2
"CHEBI:230500||gain||vehicle_untreated","GSE120176","identico",2,2
"CHEBI:230500||gain||vehicle_untreated","GSE125245","campioni_diversi",4,3
"CHEBI:230500||gain||vehicle_untreated","GSE158119","campioni_diversi",2,1
"CHEBI:230500||gain||vehicle_untreated","GSE160534","campioni_diversi",2,2
"CHEBI:230500||gain||vehicle_untreated","GSE229967","solo_A3",1,0
"CHEBI:230500||gain||vehicle_untreated","GSE236205","campioni_diversi",1,1
"CHEBI:230500||gain||vehicle_untreated","GSE266389","solo_etichetta_riscritta",1,1
"CHEBI:230500||gain||vehicle_untreated","GSE89127","campioni_diversi",5,6
"CHEBI:231598||gain||vehicle_untreated","GSE107781","solo_A3",1,0
"CHEBI:231598||gain||vehicle_untreated","GSE119088","identico",2,2
"CHEBI:231598||gain||vehicle_untreated","GSE126395","solo_etichetta_riscritta",1,1
"CHEBI:231598||gain||vehicle_untreated","GSE182144","campioni_diversi",1,1
"CHEBI:231598||gain||vehicle_untreated","GSE183487","solo_etichetta_riscritta",1,1
"CHEBI:231598||gain||vehicle_untreated","GSE205086","identico",1,1
"CHEBI:231598||gain||vehicle_untreated","GSE205261","campioni_diversi",1,1
"CHEBI:231598||gain||vehicle_untreated","GSE236896","solo_etichetta_riscritta",2,2
"CHEBI:231598||gain||vehicle_untreated","GSE247275","solo_A3",1,0
"CHEBI:231598||gain||vehicle_untreated","GSE262877","identico",4,4
"CHEBI:231601||gain||vehicle_untreated","GSE121105","solo_A3",1,0
"CHEBI:231601||gain||vehicle_untreated","GSE158969","campioni_diversi",1,1
"CHEBI:231601||gain||vehicle_untreated","GSE217421","campioni_diversi",2,1
"CHEBI:231601||gain||vehicle_untreated","GSE244533","campioni_diversi",1,1
"CHEBI:232752||gain||vehicle_untreated","GSE133737","identico",2,2
"CHEBI:232752||gain||vehicle_untreated","GSE147815","identico",2,2
"CHEBI:232752||gain||vehicle_untreated","GSE147816","campioni_diversi",1,2
"CHEBI:233362||gain||vehicle_untreated","GSE157214","solo_A3",1,0
"CHEBI:233362||gain||vehicle_untreated","GSE194374","solo_A3",3,0
"CHEBI:233362||gain||vehicle_untreated","GSE232072","solo_A3",1,0
"CHEBI:27881||gain||vehicle_untreated","GSE104869","solo_A3",1,0
"CHEBI:27881||gain||vehicle_untreated","GSE117620","solo_A3",2,0
"CHEBI:27881||gain||vehicle_untreated","GSE65634","solo_A3",1,0
"CHEBI:27899||gain||vehicle_untreated","GSE119978","solo_A3",1,0
"CHEBI:27899||gain||vehicle_untreated","GSE145085","identico",1,1
"CHEBI:27899||gain||vehicle_untreated","GSE157069","solo_etichetta_riscritta",1,1
"CHEBI:27899||gain||vehicle_untreated","GSE161800","campioni_diversi",1,3
"CHEBI:27899||gain||vehicle_untreated","GSE163377","campioni_diversi",1,1
"CHEBI:27899||gain||vehicle_untreated","GSE165767","campioni_diversi",1,1
"CHEBI:27899||gain||vehicle_untreated","GSE173201","campioni_diversi",2,1
"CHEBI:27899||gain||vehicle_untreated","GSE209769","solo_etichetta_riscritta",1,1
"CHEBI:27899||gain||vehicle_untreated","GSE213102","campioni_diversi",4,3
"CHEBI:27899||gain||vehicle_untreated","GSE215254","solo_A3",3,0
"CHEBI:27899||gain||vehicle_untreated","GSE223839","solo_etichetta_riscritta",1,1
"CHEBI:27899||gain||vehicle_untreated","GSE235549","solo_A3",2,0
"CHEBI:27899||gain||vehicle_untreated","GSE235681","campioni_diversi",2,1
"CHEBI:27899||gain||vehicle_untreated","GSE235908","identico",1,1
"CHEBI:27899||gain||vehicle_untreated","GSE249026","solo_etichetta_riscritta",1,1
"CHEBI:27899||gain||vehicle_untreated","GSE264575","campioni_diversi",2,2
"CHEBI:28119||gain||vehicle_untreated","GSE104869","identico",1,1
"CHEBI:28119||gain||vehicle_untreated","GSE160981","campioni_diversi",2,1
"CHEBI:28119||gain||vehicle_untreated","GSE217334","campioni_diversi",4,5
"CHEBI:28119||gain||vehicle_untreated","GSE76608","identico",1,1
"CHEBI:28748||gain||vehicle_untreated","GSE124622","campioni_diversi",1,1
"CHEBI:28748||gain||vehicle_untreated","GSE128728","campioni_diversi",2,2
"CHEBI:28748||gain||vehicle_untreated","GSE137056","campioni_diversi",2,1
"CHEBI:28748||gain||vehicle_untreated","GSE139862","campioni_diversi",1,1
"CHEBI:28748||gain||vehicle_untreated","GSE154118","identico",1,1
"CHEBI:28748||gain||vehicle_untreated","GSE166033","identico",1,1
"CHEBI:28748||gain||vehicle_untreated","GSE196724","campioni_diversi",2,2
"CHEBI:28748||gain||vehicle_untreated","GSE197243","campioni_diversi",2,1
"CHEBI:28748||gain||vehicle_untreated","GSE216137","identico",7,7
"CHEBI:28748||gain||vehicle_untreated","GSE217421","campioni_diversi",1,1
"CHEBI:28748||gain||vehicle_untreated","GSE217423","solo_A3",1,0
"CHEBI:28748||gain||vehicle_untreated","GSE217898","solo_etichetta_riscritta",2,2
"CHEBI:28748||gain||vehicle_untreated","GSE226115","solo_A3",2,0
"CHEBI:28748||gain||vehicle_untreated","GSE55727","solo_A3",1,0
"CHEBI:28748||gain||vehicle_untreated","GSE60340","solo_A3",1,0
"CHEBI:28777||gain||vehicle_untreated","GSE223524","solo_A3",1,0
"CHEBI:28777||gain||vehicle_untreated","GSE56066","solo_A3",3,0
"CHEBI:28777||gain||vehicle_untreated","GSE93807","solo_A3",1,0
"CHEBI:29699||gain||vehicle_untreated","GSE102505","campioni_diversi",2,1
"CHEBI:29699||gain||vehicle_untreated","GSE125218","solo_etichetta_riscritta",1,1
"CHEBI:29699||gain||vehicle_untreated","GSE148342","solo_A3",1,0
"CHEBI:29699||gain||vehicle_untreated","GSE157069","campioni_diversi",1,2
"CHEBI:29699||gain||vehicle_untreated","GSE211244","campioni_diversi",1,1
"CHEBI:29699||gain||vehicle_untreated","GSE226549","campioni_diversi",1,1
"CHEBI:3139||gain||vehicle_untreated","GSE128420","campioni_diversi",1,1
"CHEBI:3139||gain||vehicle_untreated","GSE156038","campioni_diversi",1,1
"CHEBI:3139||gain||vehicle_untreated","GSE156184","campioni_diversi",1,1
"CHEBI:3139||gain||vehicle_untreated","GSE176324","campioni_diversi",1,2
"CHEBI:3139||gain||vehicle_untreated","GSE222279","solo_etichetta_riscritta",1,1
"CHEBI:3139||gain||vehicle_untreated","GSE222676","solo_A3",2,0
"CHEBI:3139||gain||vehicle_untreated","GSE244305","campioni_diversi",2,1
"CHEBI:31638||gain||vehicle_untreated","GSE123285","campioni_diversi",2,2
"CHEBI:31638||gain||vehicle_untreated","GSE140758","campioni_diversi",2,1
"CHEBI:31638||gain||vehicle_untreated","GSE154058","identico",2,2
"CHEBI:31638||gain||vehicle_untreated","GSE184156","campioni_diversi",1,1
"CHEBI:31638||gain||vehicle_untreated","GSE213481","identico",1,1
"CHEBI:31638||gain||vehicle_untreated","GSE214052","campioni_diversi",2,3
"CHEBI:31638||gain||vehicle_untreated","GSE216540","identico",3,3
"CHEBI:31638||gain||vehicle_untreated","GSE231397","campioni_diversi",1,1
"CHEBI:31638||gain||vehicle_untreated","GSE266932","campioni_diversi",2,3
"CHEBI:3638||gain||vehicle_untreated","GSE197302","solo_A3",1,0
"CHEBI:3638||gain||vehicle_untreated","GSE209582","solo_A3",1,0
"CHEBI:3638||gain||vehicle_untreated","GSE217898","solo_A3",2,0
"CHEBI:37537||gain||vehicle_untreated","GSE169140","identico",2,2
"CHEBI:37537||gain||vehicle_untreated","GSE178883","campioni_diversi",1,1
"CHEBI:37537||gain||vehicle_untreated","GSE206742","campioni_diversi",1,1
"CHEBI:379896||gain||vehicle_untreated","GSE109062","identico",1,1
"CHEBI:379896||gain||vehicle_untreated","GSE120660","identico",4,4
"CHEBI:379896||gain||vehicle_untreated","GSE133876","identico",1,1
"CHEBI:379896||gain||vehicle_untreated","GSE135879","campioni_diversi",2,4
"CHEBI:379896||gain||vehicle_untreated","GSE136272","identico",2,2
"CHEBI:379896||gain||vehicle_untreated","GSE142556","identico",2,2
"CHEBI:379896||gain||vehicle_untreated","GSE143905","solo_etichetta_riscritta",1,1
"CHEBI:379896||gain||vehicle_untreated","GSE168663","identico",4,4
"CHEBI:379896||gain||vehicle_untreated","GSE168670","campioni_diversi",1,1
"CHEBI:379896||gain||vehicle_untreated","GSE172094","campioni_diversi",1,1
"CHEBI:379896||gain||vehicle_untreated","GSE172205","identico",1,1
"CHEBI:379896||gain||vehicle_untreated","GSE194420","identico",2,2
"CHEBI:379896||gain||vehicle_untreated","GSE222992","identico",2,2
"CHEBI:379896||gain||vehicle_untreated","GSE225481","campioni_diversi",8,3
"CHEBI:379896||gain||vehicle_untreated","GSE236441","solo_etichetta_riscritta",1,1
"CHEBI:379896||gain||vehicle_untreated","GSE245454","campioni_diversi",2,2
"CHEBI:379896||gain||vehicle_untreated","GSE256370","solo_etichetta_riscritta",1,1
"CHEBI:379896||gain||vehicle_untreated","GSE99381","solo_A3",1,0
"CHEBI:38940||gain||vehicle_untreated","GSE114686","campioni_diversi",3,4
"CHEBI:38940||gain||vehicle_untreated","GSE186341","campioni_diversi",6,5
"CHEBI:38940||gain||vehicle_untreated","GSE201740","identico",1,1
"CHEBI:38940||gain||vehicle_untreated","GSE217421","campioni_diversi",4,3
"CHEBI:38940||gain||vehicle_untreated","GSE217423","solo_etichetta_riscritta",1,1
"CHEBI:38940||gain||vehicle_untreated","GSE59066","campioni_diversi",1,1
"CHEBI:38940||gain||vehicle_untreated","GSE98428","campioni_diversi",1,1
"CHEBI:39421||gain||vehicle_untreated","GSE129018","identico",1,1
"CHEBI:39421||gain||vehicle_untreated","GSE144775","campioni_diversi",28,28
"CHEBI:39421||gain||vehicle_untreated","GSE232176","campioni_diversi",1,1
"CHEBI:39421||gain||vehicle_untreated","GSE262137","campioni_diversi",1,1
"CHEBI:39867||gain||vehicle_untreated","GSE167762","campioni_diversi",1,1
"CHEBI:39867||gain||vehicle_untreated","GSE187006","solo_etichetta_riscritta",2,2
"CHEBI:39867||gain||vehicle_untreated","GSE200186","identico",1,1
"CHEBI:39867||gain||vehicle_untreated","GSE229014","campioni_diversi",1,1
"CHEBI:39867||gain||vehicle_untreated","GSE232218","campioni_diversi",2,2
"CHEBI:39867||gain||vehicle_untreated","GSE241903","identico",1,1
"CHEBI:4031||gain||vehicle_untreated","GSE217421","campioni_diversi",1,3
"CHEBI:4031||gain||vehicle_untreated","GSE217423","solo_etichetta_riscritta",1,1
"CHEBI:4031||gain||vehicle_untreated","GSE236896","campioni_diversi",1,1
"CHEBI:4031||gain||vehicle_untreated","GSE259282","solo_A3",1,0
"CHEBI:41774||gain||vehicle_untreated","GSE123285","campioni_diversi",5,2
"CHEBI:41774||gain||vehicle_untreated","GSE144378","campioni_diversi",1,2
"CHEBI:41774||gain||vehicle_untreated","GSE152360","solo_etichetta_riscritta",1,1
"CHEBI:41879||gain||vehicle_untreated","GSE179347","campioni_diversi",2,3
"CHEBI:41879||gain||vehicle_untreated","GSE198683","campioni_diversi",1,1
"CHEBI:41879||gain||vehicle_untreated","GSE205890","campioni_diversi",2,2
"CHEBI:41879||gain||vehicle_untreated","GSE207409","campioni_diversi",2,2
"CHEBI:41879||gain||vehicle_untreated","GSE225901","campioni_diversi",2,1
"CHEBI:41879||gain||vehicle_untreated","GSE237803","campioni_diversi",2,2
"CHEBI:41879||gain||vehicle_untreated","GSE52778","campioni_diversi",1,1
"CHEBI:41879||gain||vehicle_untreated","GSE56022","solo_etichetta_riscritta",2,2
"CHEBI:41879||gain||vehicle_untreated","GSE80651","campioni_diversi",1,1
"CHEBI:41879||gain||vehicle_untreated","GSE96649","campioni_diversi",1,1
"CHEBI:41879||gain||vehicle_untreated","GSE99626","campioni_diversi",1,1
"CHEBI:41977||gain||vehicle_untreated","GSE140347","campioni_diversi",1,1
"CHEBI:41977||gain||vehicle_untreated","GSE217421","campioni_diversi",1,1
"CHEBI:41977||gain||vehicle_untreated","GSE217423","solo_etichetta_riscritta",1,1
"CHEBI:42471||gain||vehicle_untreated","GSE202436","campioni_diversi",8,8
"CHEBI:42471||gain||vehicle_untreated","GSE223514","solo_A3",1,0
"CHEBI:42471||gain||vehicle_untreated","GSE231591","identico",1,1
"CHEBI:44185||gain||vehicle_untreated","GSE163377","campioni_diversi",2,1
"CHEBI:44185||gain||vehicle_untreated","GSE183062","solo_A3",1,0
"CHEBI:44185||gain||vehicle_untreated","GSE225731","campioni_diversi",1,1
"CHEBI:44616||gain||vehicle_untreated","GSE104872","campioni_diversi",1,1
"CHEBI:44616||gain||vehicle_untreated","GSE163908","identico",1,1
"CHEBI:44616||gain||vehicle_untreated","GSE179381","identico",1,1
"CHEBI:44616||gain||vehicle_untreated","GSE200029","campioni_diversi",1,1
"CHEBI:44616||gain||vehicle_untreated","GSE219159","solo_A3",1,0
"CHEBI:4551||gain||vehicle_untreated","GSE112202","identico",3,3
"CHEBI:4551||gain||vehicle_untreated","GSE115542","identico",1,1
"CHEBI:4551||gain||vehicle_untreated","GSE262030","identico",2,2
"CHEBI:45716||gain||vehicle_untreated","GSE115205","solo_A3",1,0
"CHEBI:45716||gain||vehicle_untreated","GSE199800","solo_A3",1,0
"CHEBI:45716||gain||vehicle_untreated","GSE246045","solo_A3",2,0
"CHEBI:45783||gain||vehicle_untreated","GSE102209","solo_A3",1,0
"CHEBI:45783||gain||vehicle_untreated","GSE155800","solo_etichetta_riscritta",1,1
"CHEBI:45783||gain||vehicle_untreated","GSE184427","campioni_diversi",1,2
"CHEBI:45783||gain||vehicle_untreated","GSE186341","campioni_diversi",2,3
"CHEBI:45783||gain||vehicle_untreated","GSE193398","identico",3,3
"CHEBI:45783||gain||vehicle_untreated","GSE217421","campioni_diversi",1,1
"CHEBI:45783||gain||vehicle_untreated","GSE217423","solo_etichetta_riscritta",1,1
"CHEBI:45863||gain||vehicle_untreated","GSE113685","campioni_diversi",2,2
"CHEBI:45863||gain||vehicle_untreated","GSE135215","solo_A3",1,0
"CHEBI:45863||gain||vehicle_untreated","GSE199800","solo_A3",1,0
"CHEBI:45863||gain||vehicle_untreated","GSE204825","solo_A3",3,0
"CHEBI:45863||gain||vehicle_untreated","GSE215975","campioni_diversi",2,1
"CHEBI:45863||gain||vehicle_untreated","GSE236502","campioni_diversi",2,2
"CHEBI:46024||gain||vehicle_untreated","GSE200186","identico",1,1
"CHEBI:46024||gain||vehicle_untreated","GSE234148","campioni_diversi",1,1
"CHEBI:46024||gain||vehicle_untreated","GSE82204","identico",1,1
"CHEBI:46345||gain||vehicle_untreated","GSE145356","identico",1,1
"CHEBI:46345||gain||vehicle_untreated","GSE157300","solo_etichetta_riscritta",3,3
"CHEBI:46345||gain||vehicle_untreated","GSE180146","campioni_diversi",1,2
"CHEBI:46345||gain||vehicle_untreated","GSE193865","campioni_diversi",1,1
"CHEBI:46345||gain||vehicle_untreated","GSE264144","campioni_diversi",1,1
"CHEBI:46345||gain||vehicle_untreated","GSE267150","campioni_diversi",1,1
"CHEBI:4672||gain||vehicle_untreated","GSE162285","campioni_diversi",4,3
"CHEBI:4672||gain||vehicle_untreated","GSE184427","campioni_diversi",1,1
"CHEBI:4672||gain||vehicle_untreated","GSE202682","campioni_diversi",2,1
"CHEBI:46741||gain||vehicle_untreated","GSE104756","identico",1,1
"CHEBI:46741||gain||vehicle_untreated","GSE139546","campioni_diversi",2,1
"CHEBI:46741||gain||vehicle_untreated","GSE211244","campioni_diversi",1,1
"CHEBI:46742||gain||vehicle_untreated","GSE108406","solo_A3",1,0
"CHEBI:46742||gain||vehicle_untreated","GSE139862","campioni_diversi",1,1
"CHEBI:46742||gain||vehicle_untreated","GSE154118","identico",1,1
"CHEBI:46742||gain||vehicle_untreated","GSE80716","solo_A3",1,0
"CHEBI:47898||gain||vehicle_untreated","GSE216137","identico",7,7
"CHEBI:47898||gain||vehicle_untreated","GSE217421","campioni_diversi",1,3
"CHEBI:47898||gain||vehicle_untreated","GSE217423","solo_etichetta_riscritta",1,1
"CHEBI:4911||gain||vehicle_untreated","GSE111379","solo_etichetta_riscritta",1,1
"CHEBI:4911||gain||vehicle_untreated","GSE161803","solo_etichetta_riscritta",3,3
"CHEBI:4911||gain||vehicle_untreated","GSE211244","solo_A3",1,0
"CHEBI:4911||gain||vehicle_untreated","GSE226406","solo_A3",1,0
"CHEBI:49375||gain||vehicle_untreated","GSE135514","campioni_diversi",4,4
"CHEBI:49375||gain||vehicle_untreated","GSE151159","campioni_diversi",2,2
"CHEBI:49375||gain||vehicle_untreated","GSE184427","campioni_diversi",1,3
"CHEBI:49375||gain||vehicle_untreated","GSE186341","campioni_diversi",5,5
"CHEBI:49375||gain||vehicle_untreated","GSE199800","solo_A3",1,0
"CHEBI:49375||gain||vehicle_untreated","GSE204825","identico",4,4
"CHEBI:49375||gain||vehicle_untreated","GSE217421","campioni_diversi",2,4
"CHEBI:49375||gain||vehicle_untreated","GSE229331","campioni_diversi",2,1
"CHEBI:49603||gain||vehicle_untreated","GSE114686","solo_A3",3,0
"CHEBI:49603||gain||vehicle_untreated","GSE146096","campioni_diversi",1,1
"CHEBI:49603||gain||vehicle_untreated","GSE186341","campioni_diversi",5,6
"CHEBI:49603||gain||vehicle_untreated","GSE217421","campioni_diversi",3,1
"CHEBI:49603||gain||vehicle_untreated","GSE217898","solo_A3",2,0
"CHEBI:49603||gain||vehicle_untreated","GSE237413","campioni_diversi",1,1
"CHEBI:49603||gain||vehicle_untreated","GSE89127","identico",1,1
"CHEBI:49668||gain||vehicle_untreated","GSE117610","campioni_diversi",1,1
"CHEBI:49668||gain||vehicle_untreated","GSE157905","identico",1,1
"CHEBI:49668||gain||vehicle_untreated","GSE186341","campioni_diversi",5,3
"CHEBI:49668||gain||vehicle_untreated","GSE211854","identico",1,1
"CHEBI:49668||gain||vehicle_untreated","GSE217421","campioni_diversi",2,2
"CHEBI:49668||gain||vehicle_untreated","GSE217423","solo_A3",1,0
"CHEBI:49668||gain||vehicle_untreated","GSE221475","campioni_diversi",1,1
"CHEBI:49852||gain||vehicle_untreated","GSE124979","identico",1,1
"CHEBI:49852||gain||vehicle_untreated","GSE153303","campioni_diversi",1,2
"CHEBI:49852||gain||vehicle_untreated","GSE57116","campioni_diversi",1,1
"CHEBI:50122||gain||vehicle_untreated","GSE115421","campioni_diversi",1,1
"CHEBI:50122||gain||vehicle_untreated","GSE179347","campioni_diversi",2,2
"CHEBI:50122||gain||vehicle_untreated","GSE210693","solo_etichetta_riscritta",1,1
"CHEBI:50122||gain||vehicle_untreated","GSE217421","campioni_diversi",1,2
"CHEBI:50122||gain||vehicle_untreated","GSE77039","campioni_diversi",1,2
"CHEBI:50131||gain||vehicle_untreated","GSE108177","campioni_diversi",1,1
"CHEBI:50131||gain||vehicle_untreated","GSE140347","campioni_diversi",1,1
"CHEBI:50131||gain||vehicle_untreated","GSE142381","solo_A3",1,0
"CHEBI:50131||gain||vehicle_untreated","GSE155336","campioni_diversi",2,1
"CHEBI:50131||gain||vehicle_untreated","GSE171073","campioni_diversi",1,1
"CHEBI:50131||gain||vehicle_untreated","GSE175867","solo_etichetta_riscritta",1,1
"CHEBI:50131||gain||vehicle_untreated","GSE184168","identico",1,1
"CHEBI:50131||gain||vehicle_untreated","GSE198670","campioni_diversi",2,3
"CHEBI:50131||gain||vehicle_untreated","GSE216988","campioni_diversi",1,1
"CHEBI:50131||gain||vehicle_untreated","GSE218060","campioni_diversi",2,3
"CHEBI:50131||gain||vehicle_untreated","GSE223893","identico",2,2
"CHEBI:50131||gain||vehicle_untreated","GSE74251","identico",1,1
"CHEBI:50385||gain||vehicle_untreated","GSE110947","solo_A3",1,0
"CHEBI:50385||gain||vehicle_untreated","GSE182350","campioni_diversi",2,1
"CHEBI:50385||gain||vehicle_untreated","GSE211130","identico",2,2
"CHEBI:50924||gain||vehicle_untreated","GSE114686","campioni_diversi",4,3
"CHEBI:50924||gain||vehicle_untreated","GSE146096","solo_A3",1,0
"CHEBI:50924||gain||vehicle_untreated","GSE186341","campioni_diversi",1,2
"CHEBI:50924||gain||vehicle_untreated","GSE192771","campioni_diversi",1,1
"CHEBI:50924||gain||vehicle_untreated","GSE199800","solo_A3",1,0
"CHEBI:50924||gain||vehicle_untreated","GSE213615","identico",2,2
"CHEBI:50924||gain||vehicle_untreated","GSE217421","campioni_diversi",3,3
"CHEBI:50924||gain||vehicle_untreated","GSE217423","campioni_diversi",1,1
"CHEBI:50924||gain||vehicle_untreated","GSE225537","campioni_diversi",1,1
"CHEBI:50924||gain||vehicle_untreated","GSE227609","campioni_diversi",1,1
"CHEBI:50924||gain||vehicle_untreated","GSE98428","identico",1,1
"CHEBI:5118||gain||vehicle_untreated","GSE158674","solo_A3",1,0
"CHEBI:5118||gain||vehicle_untreated","GSE200209","solo_A3",1,0
"CHEBI:5118||gain||vehicle_untreated","GSE224715","solo_A3",1,0
"CHEBI:52172||gain||vehicle_untreated","GSE186341","campioni_diversi",2,4
"CHEBI:52172||gain||vehicle_untreated","GSE217421","campioni_diversi",2,1
"CHEBI:52172||gain||vehicle_untreated","GSE217423","campioni_diversi",1,2
"CHEBI:52717||gain||vehicle_untreated","GSE123637","campioni_diversi",1,1
"CHEBI:52717||gain||vehicle_untreated","GSE123638","campioni_diversi",2,1
"CHEBI:52717||gain||vehicle_untreated","GSE136725","campioni_diversi",1,2
"CHEBI:52717||gain||vehicle_untreated","GSE217898","solo_A3",2,0
"CHEBI:61080||gain||vehicle_untreated","GSE155452","solo_etichetta_riscritta",1,1
"CHEBI:61080||gain||vehicle_untreated","GSE214721","identico",1,1
"CHEBI:61080||gain||vehicle_untreated","GSE219065","campioni_diversi",2,1
"CHEBI:61080||gain||vehicle_untreated","GSE223758","campioni_diversi",2,1
"CHEBI:61390||gain||vehicle_untreated","GSE162285","campioni_diversi",1,1
"CHEBI:61390||gain||vehicle_untreated","GSE186341","campioni_diversi",2,2
"CHEBI:61390||gain||vehicle_untreated","GSE217421","campioni_diversi",2,2
"CHEBI:61397||gain||vehicle_untreated","GSE186341","campioni_diversi",5,5
"CHEBI:61397||gain||vehicle_untreated","GSE188958","solo_etichetta_riscritta",2,2
"CHEBI:61397||gain||vehicle_untreated","GSE249573","campioni_diversi",5,4
"CHEBI:63637||gain||vehicle_untreated","GSE145990","campioni_diversi",1,1
"CHEBI:63637||gain||vehicle_untreated","GSE152699","campioni_diversi",1,1
"CHEBI:63637||gain||vehicle_untreated","GSE188469","campioni_diversi",1,1
"CHEBI:63637||gain||vehicle_untreated","GSE209769","solo_A3",1,0
"CHEBI:63637||gain||vehicle_untreated","GSE217423","campioni_diversi",1,1
"CHEBI:64310||gain||vehicle_untreated","GSE109720","solo_A3",1,0
"CHEBI:64310||gain||vehicle_untreated","GSE124450","solo_etichetta_riscritta",1,1
"CHEBI:64310||gain||vehicle_untreated","GSE186341","campioni_diversi",3,4
"CHEBI:64310||gain||vehicle_untreated","GSE217421","campioni_diversi",2,3
"CHEBI:64310||gain||vehicle_untreated","GSE217423","solo_A3",1,0
"CHEBI:64310||gain||vehicle_untreated","GSE239666","campioni_diversi",2,2
"CHEBI:64310||gain||vehicle_untreated","GSE239844","identico",7,7
"CHEBI:64310||gain||vehicle_untreated","GSE64741","solo_A3",1,0
"CHEBI:64310||gain||vehicle_untreated","GSE89127","campioni_diversi",1,1
"CHEBI:64317||gain||vehicle_untreated","GSE179347","campioni_diversi",1,2
"CHEBI:64317||gain||vehicle_untreated","GSE217421","campioni_diversi",1,2
"CHEBI:64317||gain||vehicle_untreated","GSE217423","solo_etichetta_riscritta",1,1
"CHEBI:65347||gain||vehicle_untreated","GSE184029","campioni_diversi",4,3
"CHEBI:65347||gain||vehicle_untreated","GSE217421","campioni_diversi",2,2
"CHEBI:65347||gain||vehicle_untreated","GSE217898","campioni_diversi",2,1
"CHEBI:65347||gain||vehicle_untreated","GSE266011","campioni_diversi",2,1
"CHEBI:66919||gain||vehicle_untreated","GSE131300","solo_A3",1,0
"CHEBI:66919||gain||vehicle_untreated","GSE161664","solo_A3",1,0
"CHEBI:66919||gain||vehicle_untreated","GSE161916","solo_A3",1,0
"CHEBI:66919||gain||vehicle_untreated","GSE201093","solo_A3",1,0
"CHEBI:66919||gain||vehicle_untreated","GSE217421","solo_A3",1,0
"CHEBI:66919||gain||vehicle_untreated","GSE94235","solo_A3",1,0
"CHEBI:6801||gain||vehicle_untreated","GSE102677","campioni_diversi",2,2
"CHEBI:6801||gain||vehicle_untreated","GSE140714","campioni_diversi",1,1
"CHEBI:6801||gain||vehicle_untreated","GSE146982","solo_A3",1,0
"CHEBI:6801||gain||vehicle_untreated","GSE179347","identico",1,1
"CHEBI:6801||gain||vehicle_untreated","GSE185624","campioni_diversi",1,1
"CHEBI:6801||gain||vehicle_untreated","GSE196343","solo_A3",1,0
"CHEBI:6801||gain||vehicle_untreated","GSE207122","identico",1,1
"CHEBI:6801||gain||vehicle_untreated","GSE210562","campioni_diversi",1,1
"CHEBI:6801||gain||vehicle_untreated","GSE247159","campioni_diversi",1,2
"CHEBI:68478||gain||vehicle_untreated","GSE155923","campioni_diversi",1,1
"CHEBI:68478||gain||vehicle_untreated","GSE213650","campioni_diversi",2,2
"CHEBI:68478||gain||vehicle_untreated","GSE225751","campioni_diversi",1,2
"CHEBI:68478||gain||vehicle_untreated","GSE230627","solo_A3",1,0
"CHEBI:68478||gain||vehicle_untreated","GSE99875","campioni_diversi",2,1
"CHEBI:68534||gain||vehicle_untreated","GSE123766","solo_etichetta_riscritta",1,1
"CHEBI:68534||gain||vehicle_untreated","GSE130246","campioni_diversi",1,2
"CHEBI:68534||gain||vehicle_untreated","GSE147250","campioni_diversi",2,1
"CHEBI:68534||gain||vehicle_untreated","GSE147876","campioni_diversi",3,3
"CHEBI:68534||gain||vehicle_untreated","GSE184427","campioni_diversi",1,2
"CHEBI:68534||gain||vehicle_untreated","GSE202885","campioni_diversi",1,3
"CHEBI:68534||gain||vehicle_untreated","GSE215653","identico",1,1
"CHEBI:68534||gain||vehicle_untreated","GSE217537","solo_A3",3,0
"CHEBI:68534||gain||vehicle_untreated","GSE225481","campioni_diversi",2,1
"CHEBI:68534||gain||vehicle_untreated","GSE228587","identico",1,1
"CHEBI:68534||gain||vehicle_untreated","GSE229805","solo_etichetta_riscritta",1,1
"CHEBI:68534||gain||vehicle_untreated","GSE234805","identico",1,1
"CHEBI:68534||gain||vehicle_untreated","GSE236286","identico",1,1
"CHEBI:68534||gain||vehicle_untreated","GSE244272","campioni_diversi",1,1
"CHEBI:68534||gain||vehicle_untreated","GSE252566","campioni_diversi",1,1
"CHEBI:68534||gain||vehicle_untreated","GSE252567","campioni_diversi",1,1
"CHEBI:68534||gain||vehicle_untreated","GSE252576","campioni_diversi",3,3
"CHEBI:68534||gain||vehicle_untreated","GSE95413","campioni_diversi",1,1
"CHEBI:68647||gain||vehicle_untreated","GSE186341","campioni_diversi",4,6
"CHEBI:68647||gain||vehicle_untreated","GSE217421","campioni_diversi",1,2
"CHEBI:68647||gain||vehicle_untreated","GSE234647","campioni_diversi",1,2
"CHEBI:71019||gain||vehicle_untreated","GSE180243","identico",2,2
"CHEBI:71019||gain||vehicle_untreated","GSE193897","campioni_diversi",7,8
"CHEBI:71019||gain||vehicle_untreated","GSE252740","campioni_diversi",1,2
"CHEBI:71200||gain||vehicle_untreated","GSE158923","campioni_diversi",1,1
"CHEBI:71200||gain||vehicle_untreated","GSE217421","campioni_diversi",1,1
"CHEBI:71200||gain||vehicle_untreated","GSE94235","campioni_diversi",1,1
"CHEBI:72317||gain||vehicle_untreated","GSE171358","campioni_diversi",1,1
"CHEBI:72317||gain||vehicle_untreated","GSE186341","campioni_diversi",6,4
"CHEBI:72317||gain||vehicle_untreated","GSE217421","campioni_diversi",1,1
"CHEBI:72564||gain||vehicle_untreated","GSE104917","campioni_diversi",1,2
"CHEBI:72564||gain||vehicle_untreated","GSE151680","campioni_diversi",1,1
"CHEBI:72564||gain||vehicle_untreated","GSE218860","campioni_diversi",2,2
"CHEBI:72564||gain||vehicle_untreated","GSE229136","solo_etichetta_riscritta",1,1
"CHEBI:75998||gain||vehicle_untreated","GSE110397","solo_A3",1,0
"CHEBI:75998||gain||vehicle_untreated","GSE118548","campioni_diversi",1,1
"CHEBI:75998||gain||vehicle_untreated","GSE206267","campioni_diversi",2,1
"CHEBI:75998||gain||vehicle_untreated","GSE207645","solo_A3",1,0
"CHEBI:75998||gain||vehicle_untreated","GSE213588","campioni_diversi",1,1
"CHEBI:75998||gain||vehicle_untreated","GSE217421","campioni_diversi",2,1
"CHEBI:75998||gain||vehicle_untreated","GSE228090","solo_etichetta_riscritta",1,1
"CHEBI:75998||gain||vehicle_untreated","GSE64550","solo_A3",1,0
"CHEBI:78543||gain||vehicle_untreated","GSE186341","campioni_diversi",3,6
"CHEBI:78543||gain||vehicle_untreated","GSE217421","campioni_diversi",1,2
"CHEBI:78543||gain||vehicle_untreated","GSE95079","solo_etichetta_riscritta",1,1
"CHEBI:83766||gain||vehicle_untreated","GSE114273","solo_A3",1,0
"CHEBI:83766||gain||vehicle_untreated","GSE153867","campioni_diversi",1,1
"CHEBI:83766||gain||vehicle_untreated","GSE164088","campioni_diversi",1,1
"CHEBI:83766||gain||vehicle_untreated","GSE165585","campioni_diversi",2,1
"CHEBI:83766||gain||vehicle_untreated","GSE191231","solo_A3",1,0
"CHEBI:83766||gain||vehicle_untreated","GSE246781","identico",1,1
"CHEBI:84491||gain||vehicle_untreated","GSE105160","campioni_diversi",2,1
"CHEBI:84491||gain||vehicle_untreated","GSE109181","solo_etichetta_riscritta",1,1
"CHEBI:84491||gain||vehicle_untreated","GSE145639","campioni_diversi",1,2
"CHEBI:84491||gain||vehicle_untreated","GSE151796","identico",2,2
"CHEBI:84491||gain||vehicle_untreated","GSE180881","campioni_diversi",1,3
"CHEBI:84491||gain||vehicle_untreated","GSE189706","campioni_diversi",1,2
"CHEBI:84491||gain||vehicle_untreated","GSE213691","campioni_diversi",1,1
"CHEBI:84491||gain||vehicle_untreated","GSE213759","solo_A3",1,0
"CHEBI:84491||gain||vehicle_untreated","GSE223543","solo_etichetta_riscritta",2,2
"CHEBI:84491||gain||vehicle_untreated","GSE231686","campioni_diversi",1,1
"CHEBI:84491||gain||vehicle_untreated","GSE251809","solo_etichetta_riscritta",2,2
"CHEBI:85993||gain||vehicle_untreated","GSE110397","solo_A3",1,0
"CHEBI:85993||gain||vehicle_untreated","GSE113922","campioni_diversi",2,1
"CHEBI:85993||gain||vehicle_untreated","GSE126998","identico",1,1
"CHEBI:85993||gain||vehicle_untreated","GSE131983","identico",1,1
"CHEBI:85993||gain||vehicle_untreated","GSE133567","campioni_diversi",1,1
"CHEBI:85993||gain||vehicle_untreated","GSE145316","solo_etichetta_riscritta",1,1
"CHEBI:85993||gain||vehicle_untreated","GSE148342","solo_etichetta_riscritta",1,1
"CHEBI:85993||gain||vehicle_untreated","GSE155001","campioni_diversi",2,1
"CHEBI:85993||gain||vehicle_untreated","GSE184156","campioni_diversi",1,1
"CHEBI:85993||gain||vehicle_untreated","GSE195568","campioni_diversi",1,2
"CHEBI:85993||gain||vehicle_untreated","GSE197603","identico",1,1
"CHEBI:85993||gain||vehicle_untreated","GSE206257","solo_etichetta_riscritta",1,1
"CHEBI:85993||gain||vehicle_untreated","GSE216418","identico",1,1
"CHEBI:85993||gain||vehicle_untreated","GSE234514","campioni_diversi",1,2
"CHEBI:85993||gain||vehicle_untreated","GSE241943","solo_A3",1,0
"CHEBI:90943||gain||vehicle_untreated","GSE153183","solo_etichetta_riscritta",1,1
"CHEBI:90943||gain||vehicle_untreated","GSE186341","campioni_diversi",7,7
"CHEBI:90943||gain||vehicle_untreated","GSE202859","identico",1,1
"CHEBI:90943||gain||vehicle_untreated","GSE211854","campioni_diversi",1,2
"CHEBI:90943||gain||vehicle_untreated","GSE223372","campioni_diversi",1,2
"CHEBI:90943||gain||vehicle_untreated","GSE243564","identico",1,1
"CHEBI:90943||gain||vehicle_untreated","GSE249721","solo_etichetta_riscritta",1,1
"CHEBI:90943||gain||vehicle_untreated","GSE253742","campioni_diversi",2,1
"CHEBI:90943||gain||vehicle_untreated","GSE255958","campioni_diversi",3,1
"CHEBI:91450||gain||vehicle_untreated","GSE199800","solo_A3",1,0
"CHEBI:91450||gain||vehicle_untreated","GSE246886","solo_A3",1,0
"CHEBI:91450||gain||vehicle_untreated","GSE61375","solo_A3",1,0
"CHEBI:9168||gain||vehicle_untreated","GSE102674","campioni_diversi",2,1
"CHEBI:9168||gain||vehicle_untreated","GSE130006","identico",1,1
"CHEBI:9168||gain||vehicle_untreated","GSE184427","campioni_diversi",1,1
"CHEBI:9168||gain||vehicle_untreated","GSE193398","campioni_diversi",1,2
"CHEBI:9168||gain||vehicle_untreated","GSE225683","solo_A3",1,0
"CHEBI:9168||gain||vehicle_untreated","GSE236742","identico",1,1
"CHEBI:9168||gain||vehicle_untreated","GSE246886","campioni_diversi",1,1
"CHEBI:95077||gain||vehicle_untreated","GSE118319","solo_etichetta_riscritta",3,3
"CHEBI:95077||gain||vehicle_untreated","GSE125518","solo_etichetta_riscritta",1,1
"CHEBI:95077||gain||vehicle_untreated","GSE81687","identico",1,1
"CHEBI:9516||gain||vehicle_untreated","GSE125218","solo_etichetta_riscritta",1,1
"CHEBI:9516||gain||vehicle_untreated","GSE129942","identico",1,1
"CHEBI:9516||gain||vehicle_untreated","GSE138730","solo_A3",1,0
"CHEBI:9516||gain||vehicle_untreated","GSE263319","identico",2,2
"CHEMBL:CHEMBL1201576||gain||vehicle_untreated","GSE206130","campioni_diversi",4,1
"CHEMBL:CHEMBL1201576||gain||vehicle_untreated","GSE211829","identico",4,4
"CHEMBL:CHEMBL1201576||gain||vehicle_untreated","GSE217423","campioni_diversi",1,1
"CHEMBL:CHEMBL1201577||gain||vehicle_untreated","GSE162104","solo_A3",1,0
"CHEMBL:CHEMBL1201577||gain||vehicle_untreated","GSE217421","solo_A3",2,0
"CHEMBL:CHEMBL1201577||gain||vehicle_untreated","GSE217423","solo_A3",1,0
"CHEMBL:CHEMBL2022968||gain||vehicle_untreated","GSE180180","identico",1,1
"CHEMBL:CHEMBL2022968||gain||vehicle_untreated","GSE180181","identico",1,1
"CHEMBL:CHEMBL2022968||gain||vehicle_untreated","GSE231611","solo_etichetta_riscritta",1,1
"CHEMBL:CHEMBL2177390||gain||vehicle_untreated","GSE137200","identico",1,1
"CHEMBL:CHEMBL2177390||gain||vehicle_untreated","GSE205730","identico",1,1
"CHEMBL:CHEMBL2177390||gain||vehicle_untreated","GSE223758","solo_A3",1,0
"CHEMBL:CHEMBL3987016||gain||vehicle_untreated","GSE144326","identico",1,1
"CHEMBL:CHEMBL3987016||gain||vehicle_untreated","GSE189376","identico",1,1
"CHEMBL:CHEMBL3987016||gain||vehicle_untreated","GSE208774","campioni_diversi",1,4
"COMBO:ionomycin+pma||gain||vehicle_untreated","GSE193414","solo_A3",1,0
"COMBO:ionomycin+pma||gain||vehicle_untreated","GSE213521","solo_etichetta_riscritta",1,1
"COMBO:ionomycin+pma||gain||vehicle_untreated","GSE228210","identico",1,1
"COMBO:ionomycin+pma||gain||vehicle_untreated","GSE270511","identico",1,1
"COMBO:taz+yap||block||control sirna","GSE133003","campioni_diversi",2,2
"COMBO:taz+yap||block||control sirna","GSE158305","identico",2,2
"COMBO:taz+yap||block||control sirna","GSE205726","campioni_diversi",1,1
"HGNC:1071||gain||vehicle_untreated","GSE131998","identico",1,1
"HGNC:1071||gain||vehicle_untreated","GSE134045","identico",1,1
"HGNC:1071||gain||vehicle_untreated","GSE213245","campioni_diversi",3,2
"HGNC:11766||gain||vehicle_untreated","GSE100574","identico",1,1
"HGNC:11766||gain||vehicle_untreated","GSE102674","solo_etichetta_riscritta",1,1
"HGNC:11766||gain||vehicle_untreated","GSE117329","identico",3,3
"HGNC:11766||gain||vehicle_untreated","GSE119007","campioni_diversi",1,1
"HGNC:11766||gain||vehicle_untreated","GSE119606","campioni_diversi",2,2
"HGNC:11766||gain||vehicle_untreated","GSE122305","solo_A3",1,0
"HGNC:11766||gain||vehicle_untreated","GSE123018","identico",4,4
"HGNC:11766||gain||vehicle_untreated","GSE125577","identico",1,1
"HGNC:11766||gain||vehicle_untreated","GSE128940","solo_etichetta_riscritta",1,1
"HGNC:11766||gain||vehicle_untreated","GSE131998","identico",1,1
"HGNC:11766||gain||vehicle_untreated","GSE134395","campioni_diversi",2,2
"HGNC:11766||gain||vehicle_untreated","GSE136534","identico",1,1
"HGNC:11766||gain||vehicle_untreated","GSE137779","identico",1,1
"HGNC:11766||gain||vehicle_untreated","GSE139963","identico",2,2
"HGNC:11766||gain||vehicle_untreated","GSE145746","campioni_diversi",2,2
"HGNC:11766||gain||vehicle_untreated","GSE148767","campioni_diversi",3,3
"HGNC:11766||gain||vehicle_untreated","GSE154646","identico",2,2
"HGNC:11766||gain||vehicle_untreated","GSE155832","solo_etichetta_riscritta",4,4
"HGNC:11766||gain||vehicle_untreated","GSE160671","identico",2,2
"HGNC:11766||gain||vehicle_untreated","GSE163241","campioni_diversi",2,1
"HGNC:11766||gain||vehicle_untreated","GSE174490","campioni_diversi",1,1
"HGNC:11766||gain||vehicle_untreated","GSE178714","campioni_diversi",3,3
"HGNC:11766||gain||vehicle_untreated","GSE179347","campioni_diversi",2,3
"HGNC:11766||gain||vehicle_untreated","GSE179395","campioni_diversi",1,1
"HGNC:11766||gain||vehicle_untreated","GSE188234","identico",1,1
"HGNC:11766||gain||vehicle_untreated","GSE191279","campioni_diversi",2,2
"HGNC:11766||gain||vehicle_untreated","GSE197132","solo_A3",1,0
"HGNC:11766||gain||vehicle_untreated","GSE199225","campioni_diversi",3,1
"HGNC:11766||gain||vehicle_untreated","GSE199688","identico",1,1
"HGNC:11766||gain||vehicle_untreated","GSE201506","identico",1,1
"HGNC:11766||gain||vehicle_untreated","GSE202714","solo_etichetta_riscritta",2,2
"HGNC:11766||gain||vehicle_untreated","GSE204868","solo_etichetta_riscritta",1,1
"HGNC:11766||gain||vehicle_untreated","GSE207291","identico",1,1
"HGNC:11766||gain||vehicle_untreated","GSE210984","campioni_diversi",2,3
"HGNC:11766||gain||vehicle_untreated","GSE215947","identico",1,1
"HGNC:11766||gain||vehicle_untreated","GSE220038","campioni_diversi",1,2
"HGNC:11766||gain||vehicle_untreated","GSE223682","campioni_diversi",1,1
"HGNC:11766||gain||vehicle_untreated","GSE225159","identico",1,1
"HGNC:11766||gain||vehicle_untreated","GSE225549","campioni_diversi",2,2
"HGNC:11766||gain||vehicle_untreated","GSE226239","identico",1,1
"HGNC:11766||gain||vehicle_untreated","GSE232435","identico",1,1
"HGNC:11766||gain||vehicle_untreated","GSE232640","solo_etichetta_riscritta",1,1
"HGNC:11766||gain||vehicle_untreated","GSE240476","identico",1,1
"HGNC:11766||gain||vehicle_untreated","GSE240898","identico",2,2
"HGNC:11766||gain||vehicle_untreated","GSE245621","campioni_diversi",1,2
"HGNC:11766||gain||vehicle_untreated","GSE246391","campioni_diversi",1,1
"HGNC:11766||gain||vehicle_untreated","GSE248794","solo_etichetta_riscritta",1,1
"HGNC:11766||gain||vehicle_untreated","GSE262398","identico",1,1
"HGNC:11766||gain||vehicle_untreated","GSE264288","campioni_diversi",3,3
"HGNC:11766||gain||vehicle_untreated","GSE49159","solo_etichetta_riscritta",1,1
"HGNC:11766||gain||vehicle_untreated","GSE85910","identico",1,1
"HGNC:11766||gain||vehicle_untreated","GSE88757","campioni_diversi",1,1
"HGNC:11766||gain||vehicle_untreated","GSE96975","solo_etichetta_riscritta",1,1
"HGNC:11766||gain||vehicle_untreated","GSE97358","campioni_diversi",5,4
"HGNC:11892||gain||vehicle_untreated","GSE108621","identico",1,1
"HGNC:11892||gain||vehicle_untreated","GSE115311","campioni_diversi",1,2
"HGNC:11892||gain||vehicle_untreated","GSE122305","identico",1,1
"HGNC:11892||gain||vehicle_untreated","GSE126101","campioni_diversi",1,1
"HGNC:11892||gain||vehicle_untreated","GSE129210","solo_A3",1,0
"HGNC:11892||gain||vehicle_untreated","GSE130226","campioni_diversi",5,2
"HGNC:11892||gain||vehicle_untreated","GSE132958","solo_etichetta_riscritta",1,1
"HGNC:11892||gain||vehicle_untreated","GSE147045","identico",1,1
"HGNC:11892||gain||vehicle_untreated","GSE157364","identico",2,2
"HGNC:11892||gain||vehicle_untreated","GSE161021","campioni_diversi",1,1
"HGNC:11892||gain||vehicle_untreated","GSE161761","campioni_diversi",2,1
"HGNC:11892||gain||vehicle_untreated","GSE163548","campioni_diversi",3,2
"HGNC:11892||gain||vehicle_untreated","GSE171170","identico",1,1
"HGNC:11892||gain||vehicle_untreated","GSE186396","campioni_diversi",1,2
"HGNC:11892||gain||vehicle_untreated","GSE190181","campioni_diversi",1,1
"HGNC:11892||gain||vehicle_untreated","GSE190634","campioni_diversi",1,1
"HGNC:11892||gain||vehicle_untreated","GSE191101","identico",1,1
"HGNC:11892||gain||vehicle_untreated","GSE196243","campioni_diversi",1,2
"HGNC:11892||gain||vehicle_untreated","GSE202436","campioni_diversi",8,8
"HGNC:11892||gain||vehicle_untreated","GSE202576","identico",1,1
"HGNC:11892||gain||vehicle_untreated","GSE210522","campioni_diversi",1,2
"HGNC:11892||gain||vehicle_untreated","GSE211439","campioni_diversi",1,1
"HGNC:11892||gain||vehicle_untreated","GSE215039","campioni_diversi",2,2
"HGNC:11892||gain||vehicle_untreated","GSE215275","solo_etichetta_riscritta",1,1
"HGNC:11892||gain||vehicle_untreated","GSE218167","identico",1,1
"HGNC:11892||gain||vehicle_untreated","GSE225274","solo_A3",1,0
"HGNC:11892||gain||vehicle_untreated","GSE226186","solo_etichetta_riscritta",1,1
"HGNC:11892||gain||vehicle_untreated","GSE226232","identico",1,1
"HGNC:11892||gain||vehicle_untreated","GSE231460","identico",1,1
"HGNC:11892||gain||vehicle_untreated","GSE236122","solo_etichetta_riscritta",1,1
"HGNC:11892||gain||vehicle_untreated","GSE246340","campioni_diversi",1,1
"HGNC:11892||gain||vehicle_untreated","GSE267930","campioni_diversi",1,1
"HGNC:11892||gain||vehicle_untreated","GSE64233","identico",1,1
"HGNC:11892||gain||vehicle_untreated","GSE70068","campioni_diversi",1,1
"HGNC:11892||gain||vehicle_untreated","GSE93330","identico",1,1
"HGNC:11892||gain||vehicle_untreated","GSE98984","identico",1,1
"HGNC:11927||gain||vehicle_untreated","GSE171170","solo_A3",1,0
"HGNC:11927||gain||vehicle_untreated","GSE214503","identico",1,1
"HGNC:11927||gain||vehicle_untreated","GSE231480","campioni_diversi",3,4
"HGNC:11927||gain||vehicle_untreated","GSE251869","campioni_diversi",2,2
"HGNC:14900||gain||vehicle_untreated","GSE119047","identico",2,2
"HGNC:14900||gain||vehicle_untreated","GSE149262","campioni_diversi",2,2
"HGNC:14900||gain||vehicle_untreated","GSE190634","campioni_diversi",1,1
"HGNC:14900||gain||vehicle_untreated","GSE214503","identico",1,1
"HGNC:14900||gain||vehicle_untreated","GSE243230","campioni_diversi",2,1
"HGNC:3229||gain||vehicle_untreated","GSE106716","identico",2,2
"HGNC:3229||gain||vehicle_untreated","GSE152409","campioni_diversi",2,2
"HGNC:3229||gain||vehicle_untreated","GSE226358","identico",2,2
"HGNC:3229||gain||vehicle_untreated","GSE247637","campioni_diversi",2,1
"HGNC:3229||gain||vehicle_untreated","GSE254479","campioni_diversi",1,1
"HGNC:3229||gain||vehicle_untreated","GSE269441","solo_A3",1,0
"HGNC:5417||gain||vehicle_untreated","GSE126517","campioni_diversi",1,2
"HGNC:5417||gain||vehicle_untreated","GSE202350","identico",1,1
"HGNC:5417||gain||vehicle_untreated","GSE206784","campioni_diversi",1,1
"HGNC:5417||gain||vehicle_untreated","GSE221804","solo_A3",8,0
"HGNC:5434||gain||vehicle_untreated","GSE104348","solo_A3",1,0
"HGNC:5434||gain||vehicle_untreated","GSE114284","solo_etichetta_riscritta",1,1
"HGNC:5434||gain||vehicle_untreated","GSE125066","solo_A3",2,0
"HGNC:5434||gain||vehicle_untreated","GSE126409","campioni_diversi",4,8
"HGNC:5434||gain||vehicle_untreated","GSE161664","solo_A3",1,0
"HGNC:5434||gain||vehicle_untreated","GSE161916","campioni_diversi",1,2
"HGNC:5434||gain||vehicle_untreated","GSE178901","solo_etichetta_riscritta",2,2
"HGNC:5438||gain||vehicle_untreated","GSE135458","campioni_diversi",2,1
"HGNC:5438||gain||vehicle_untreated","GSE141585","campioni_diversi",2,2
"HGNC:5438||gain||vehicle_untreated","GSE144484","solo_etichetta_riscritta",1,1
"HGNC:5438||gain||vehicle_untreated","GSE158434","identico",1,1
"HGNC:5438||gain||vehicle_untreated","GSE158814","solo_etichetta_riscritta",1,1
"HGNC:5438||gain||vehicle_untreated","GSE161664","identico",1,1
"HGNC:5438||gain||vehicle_untreated","GSE161916","campioni_diversi",1,1
"HGNC:5438||gain||vehicle_untreated","GSE163067","identico",1,1
"HGNC:5438||gain||vehicle_untreated","GSE190634","campioni_diversi",1,1
"HGNC:5438||gain||vehicle_untreated","GSE198460","solo_A3",1,0
"HGNC:5438||gain||vehicle_untreated","GSE209536","identico",1,1
"HGNC:5438||gain||vehicle_untreated","GSE215771","campioni_diversi",1,1
"HGNC:5438||gain||vehicle_untreated","GSE221804","solo_A3",3,0
"HGNC:5438||gain||vehicle_untreated","GSE228173","campioni_diversi",4,1
"HGNC:5438||gain||vehicle_untreated","GSE233548","identico",1,1
"HGNC:5438||gain||vehicle_untreated","GSE99299","campioni_diversi",1,2
"HGNC:5973||gain||vehicle_untreated","GSE116927","solo_etichetta_riscritta",1,1
"HGNC:5973||gain||vehicle_untreated","GSE140900","campioni_diversi",1,1
"HGNC:5973||gain||vehicle_untreated","GSE159196","campioni_diversi",1,1
"HGNC:5973||gain||vehicle_untreated","GSE162696","campioni_diversi",1,1
"HGNC:5973||gain||vehicle_untreated","GSE190705","identico",1,1
"HGNC:5973||gain||vehicle_untreated","GSE202866","campioni_diversi",1,1
"HGNC:5973||gain||vehicle_untreated","GSE206510","campioni_diversi",2,2
"HGNC:5973||gain||vehicle_untreated","GSE214503","campioni_diversi",1,1
"HGNC:5973||gain||vehicle_untreated","GSE220972","campioni_diversi",2,2
"HGNC:5973||gain||vehicle_untreated","GSE65335","campioni_diversi",1,1
"HGNC:5973||gain||vehicle_untreated","GSE79027","campioni_diversi",2,2
"HGNC:5977||gain||vehicle_untreated","GSE120904","campioni_diversi",3,3
"HGNC:5977||gain||vehicle_untreated","GSE126409","campioni_diversi",4,8
"HGNC:5977||gain||vehicle_untreated","GSE132270","campioni_diversi",3,3
"HGNC:5981||gain||vehicle_untreated","GSE103930","campioni_diversi",1,1
"HGNC:5981||gain||vehicle_untreated","GSE119047","campioni_diversi",1,2
"HGNC:5981||gain||vehicle_untreated","GSE171170","identico",1,1
"HGNC:5981||gain||vehicle_untreated","GSE171952","campioni_diversi",3,2
"HGNC:5981||gain||vehicle_untreated","GSE182957","identico",1,1
"HGNC:5981||gain||vehicle_untreated","GSE190634","campioni_diversi",1,1
"HGNC:5981||gain||vehicle_untreated","GSE198683","campioni_diversi",1,1
"HGNC:5991||gain||vehicle_untreated","GSE142706","solo_A3",1,0
"HGNC:5991||gain||vehicle_untreated","GSE181229","campioni_diversi",1,1
"HGNC:5991||gain||vehicle_untreated","GSE205853","campioni_diversi",2,2
"HGNC:5992||gain||vehicle_untreated","GSE101868","identico",1,1
"HGNC:5992||gain||vehicle_untreated","GSE105088","campioni_diversi",1,1
"HGNC:5992||gain||vehicle_untreated","GSE120784","campioni_diversi",4,4
"HGNC:5992||gain||vehicle_untreated","GSE126750","campioni_diversi",1,1
"HGNC:5992||gain||vehicle_untreated","GSE134896","campioni_diversi",1,2
"HGNC:5992||gain||vehicle_untreated","GSE142620","campioni_diversi",5,4
"HGNC:5992||gain||vehicle_untreated","GSE155141","solo_A3",1,0
"HGNC:5992||gain||vehicle_untreated","GSE161916","solo_etichetta_riscritta",1,1
"HGNC:5992||gain||vehicle_untreated","GSE162691","solo_etichetta_riscritta",1,1
"HGNC:5992||gain||vehicle_untreated","GSE171652","identico",1,1
"HGNC:5992||gain||vehicle_untreated","GSE189136","identico",1,1
"HGNC:5992||gain||vehicle_untreated","GSE196195","solo_A3",1,0
"HGNC:5992||gain||vehicle_untreated","GSE205851","campioni_diversi",2,1
"HGNC:5992||gain||vehicle_untreated","GSE215039","campioni_diversi",1,1
"HGNC:5992||gain||vehicle_untreated","GSE243421","identico",1,1
"HGNC:5992||gain||vehicle_untreated","GSE246493","solo_etichetta_riscritta",1,1
"HGNC:5992||gain||vehicle_untreated","GSE72460","identico",1,1
"HGNC:5992||gain||vehicle_untreated","GSE74220","identico",1,1
"HGNC:5992||gain||vehicle_untreated","GSE97619","solo_A3",1,0
"HGNC:6001||gain||vehicle_untreated","GSE122409","campioni_diversi",2,3
"HGNC:6001||gain||vehicle_untreated","GSE130284","campioni_diversi",1,1
"HGNC:6001||gain||vehicle_untreated","GSE138698","identico",1,1
"HGNC:6001||gain||vehicle_untreated","GSE221563","campioni_diversi",1,1
"HGNC:6005||gain||vehicle_untreated","GSE120904","campioni_diversi",4,7
"HGNC:6005||gain||vehicle_untreated","GSE126409","campioni_diversi",3,9
"HGNC:6005||gain||vehicle_untreated","GSE198963","campioni_diversi",1,1
"HGNC:6011||gain||vehicle_untreated","GSE110041","solo_A3",3,0
"HGNC:6011||gain||vehicle_untreated","GSE159782","campioni_diversi",2,2
"HGNC:6011||gain||vehicle_untreated","GSE89442","solo_etichetta_riscritta",1,1
"HGNC:6011||gain||vehicle_untreated","GSE93620","solo_etichetta_riscritta",1,1
"HGNC:6014||gain||vehicle_untreated","GSE132270","campioni_diversi",3,3
"HGNC:6014||gain||vehicle_untreated","GSE140900","campioni_diversi",1,1
"HGNC:6014||gain||vehicle_untreated","GSE171750","solo_A3",1,0
"HGNC:6014||gain||vehicle_untreated","GSE179420","solo_A3",3,0
"HGNC:6014||gain||vehicle_untreated","GSE244934","campioni_diversi",1,1
"HGNC:6018||gain||vehicle_untreated","GSE126003","campioni_diversi",1,1
"HGNC:6018||gain||vehicle_untreated","GSE138309","identico",1,1
"HGNC:6018||gain||vehicle_untreated","GSE143443","identico",1,1
"HGNC:6018||gain||vehicle_untreated","GSE149262","campioni_diversi",1,2
"HGNC:6018||gain||vehicle_untreated","GSE161664","campioni_diversi",1,1
"HGNC:6018||gain||vehicle_untreated","GSE179347","campioni_diversi",2,3
"HGNC:6018||gain||vehicle_untreated","GSE189997","campioni_diversi",3,3
"HGNC:6018||gain||vehicle_untreated","GSE202045","campioni_diversi",2,3
"HGNC:6018||gain||vehicle_untreated","GSE215039","campioni_diversi",1,2
"HGNC:6018||gain||vehicle_untreated","GSE78922","campioni_diversi",1,2
"MeSH:D000074285||gain||non smoker","GSE177034","campioni_diversi",1,1
"MeSH:D000074285||gain||non smoker","GSE213001","campioni_diversi",1,1
"MeSH:D000074285||gain||non smoker","GSE79544","campioni_diversi",1,2
"MeSH:D000544||gain||vehicle_untreated","GSE113524","campioni_diversi",1,2
"MeSH:D000544||gain||vehicle_untreated","GSE125583","campioni_diversi",1,1
"MeSH:D000544||gain||vehicle_untreated","GSE161199","campioni_diversi",1,1
"MeSH:D000544||gain||vehicle_untreated","GSE203206","campioni_diversi",3,3
"MeSH:D000544||gain||vehicle_untreated","GSE207821","campioni_diversi",1,1
"MeSH:D000544||gain||vehicle_untreated","GSE95587","campioni_diversi",2,2
"MeSH:D001172||gain||vehicle_untreated","GSE116899","campioni_diversi",1,1
"MeSH:D001172||gain||vehicle_untreated","GSE120178","campioni_diversi",5,1
"MeSH:D001172||gain||vehicle_untreated","GSE89408","campioni_diversi",1,1
"MeSH:D001943||gain||vehicle_untreated","GSE117970","campioni_diversi",2,2
"MeSH:D001943||gain||vehicle_untreated","GSE183947","solo_etichetta_riscritta",1,1
"MeSH:D001943||gain||vehicle_untreated","GSE210787","campioni_diversi",2,1
"MeSH:D001943||gain||vehicle_untreated","GSE225846","campioni_diversi",2,4
"MeSH:D002292||gain||vehicle_untreated","GSE117313","identico",1,1
"MeSH:D002292||gain||vehicle_untreated","GSE124453","identico",1,1
"MeSH:D002292||gain||vehicle_untreated","GSE126964","campioni_diversi",6,4
"MeSH:D003093||gain||vehicle_untreated","GSE112057","campioni_diversi",2,2
"MeSH:D003093||gain||vehicle_untreated","GSE123141","campioni_diversi",1,2
"MeSH:D003093||gain||vehicle_untreated","GSE224758","solo_A3",1,0
"MeSH:D003093||gain||vehicle_untreated","GSE243625","campioni_diversi",2,2
"MeSH:D003093||gain||vehicle_untreated","GSE83687","solo_A3",3,0
"MeSH:D003424||gain||vehicle_untreated","GSE112057","solo_etichetta_riscritta",1,1
"MeSH:D003424||gain||vehicle_untreated","GSE156044","campioni_diversi",1,1
"MeSH:D003424||gain||vehicle_untreated","GSE164871","identico",1,1
"MeSH:D003424||gain||vehicle_untreated","GSE165512","solo_A3",2,0
"MeSH:D003424||gain||vehicle_untreated","GSE193677","solo_A3",1,0
"MeSH:D003424||gain||vehicle_untreated","GSE261086","campioni_diversi",8,6
"MeSH:D003424||gain||vehicle_untreated","GSE83687","solo_A3",3,0
"MeSH:D003424||gain||vehicle_untreated","GSE93624","campioni_diversi",6,1
"MeSH:D003922||gain||vehicle_untreated","GSE106148","identico",1,1
"MeSH:D003922||gain||vehicle_untreated","GSE123658","campioni_diversi",1,1
"MeSH:D003922||gain||vehicle_untreated","GSE131526","campioni_diversi",2,1
"MeSH:D006528||gain||vehicle_untreated","GSE120663","identico",1,1
"MeSH:D006528||gain||vehicle_untreated","GSE144269","campioni_diversi",1,1
"MeSH:D006528||gain||vehicle_untreated","GSE159220","identico",1,1
"MeSH:D006528||gain||vehicle_untreated","GSE164359","campioni_diversi",2,3
"MeSH:D006528||gain||vehicle_untreated","GSE256235","campioni_diversi",1,1
"MeSH:D006528||gain||vehicle_untreated","GSE77509","campioni_diversi",3,2
"MeSH:D008180||gain||vehicle_untreated","GSE131525","solo_A3",1,0
"MeSH:D008180||gain||vehicle_untreated","GSE162828","campioni_diversi",1,1
"MeSH:D008180||gain||vehicle_untreated","GSE92387","identico",4,4
"MeSH:D009362||gain||vehicle_untreated","GSE162960","campioni_diversi",2,1
"MeSH:D009362||gain||vehicle_untreated","GSE186145","campioni_diversi",2,2
"MeSH:D009362||gain||vehicle_untreated","GSE221240","identico",1,1
"MeSH:D010300||gain||vehicle_untreated","GSE106608","campioni_diversi",1,1
"MeSH:D010300||gain||vehicle_untreated","GSE133101","campioni_diversi",3,3
"MeSH:D010300||gain||vehicle_untreated","GSE161199","campioni_diversi",1,1
"MeSH:D010300||gain||vehicle_untreated","GSE168496","campioni_diversi",1,1
"MeSH:D010300||gain||vehicle_untreated","GSE181029","campioni_diversi",2,5
"MeSH:D010300||gain||vehicle_untreated","GSE206308","campioni_diversi",1,1
"MeSH:D010300||gain||vehicle_untreated","GSE208347","campioni_diversi",1,1
"MeSH:D010300||gain||vehicle_untreated","GSE90469","solo_etichetta_riscritta",1,1
"MeSH:D010911||gain||vehicle_untreated","GSE182180","solo_A3",1,0
"MeSH:D010911||gain||vehicle_untreated","GSE208107","solo_A3",1,0
"MeSH:D010911||gain||vehicle_untreated","GSE264621","solo_A3",1,0
"MeSH:D011225||gain||vehicle_untreated","GSE148241","solo_etichetta_riscritta",1,1
"MeSH:D011225||gain||vehicle_untreated","GSE186257","campioni_diversi",1,1
"MeSH:D011225||gain||vehicle_untreated","GSE218039","campioni_diversi",1,2
"MeSH:D011225||gain||vehicle_untreated","GSE234729","campioni_diversi",1,1
"MeSH:D011225||gain||vehicle_untreated","GSE262147","campioni_diversi",4,1
"MeSH:D011225||gain||vehicle_untreated","GSE79782","campioni_diversi",2,3
"MeSH:D013167||gain||vehicle_untreated","GSE181364","identico",1,1
"MeSH:D013167||gain||vehicle_untreated","GSE205812","identico",1,1
"MeSH:D013167||gain||vehicle_untreated","GSE212613","campioni_diversi",1,1
"MeSH:D013274||gain||vehicle_untreated","GSE121445","identico",1,1
"MeSH:D013274||gain||vehicle_untreated","GSE142000","campioni_diversi",1,1
"MeSH:D013274||gain||vehicle_untreated","GSE172032","campioni_diversi",1,1
"MeSH:D013274||gain||vehicle_untreated","GSE174237","identico",1,1
"MeSH:D013274||gain||vehicle_untreated","GSE46597","identico",1,1
"MeSH:D015179||gain||vehicle_untreated","GSE104178","solo_etichetta_riscritta",1,1
"MeSH:D015179||gain||vehicle_untreated","GSE164541","campioni_diversi",2,3
"MeSH:D015179||gain||vehicle_untreated","GSE205787","campioni_diversi",4,4
"MeSH:D015179||gain||vehicle_untreated","GSE223119","solo_A3",1,0
"MeSH:D015179||gain||vehicle_untreated","GSE93904","campioni_diversi",1,1
"MeSH:D016640||gain||vehicle_untreated","GSE154377","campioni_diversi",3,1
"MeSH:D016640||gain||vehicle_untreated","GSE154414","identico",1,1
"MeSH:D016640||gain||vehicle_untreated","GSE228990","campioni_diversi",1,1
"MeSH:D065626||gain||vehicle_untreated","GSE115193","identico",1,1
"MeSH:D065626||gain||vehicle_untreated","GSE126848","campioni_diversi",1,1
"MeSH:D065626||gain||vehicle_untreated","GSE135251","campioni_diversi",4,1
"MeSH:D065626||gain||vehicle_untreated","GSE160016","identico",1,1
"MeSH:D065626||gain||vehicle_untreated","GSE185051","campioni_diversi",1,1
"NCBITaxon:10359||gain||vehicle_untreated","GSE120891","solo_etichetta_riscritta",4,4
"NCBITaxon:10359||gain||vehicle_untreated","GSE130665","identico",1,1
"NCBITaxon:10359||gain||vehicle_untreated","GSE141236","campioni_diversi",2,1
"NCBITaxon:10359||gain||vehicle_untreated","GSE159235","identico",1,1
"NCBITaxon:10359||gain||vehicle_untreated","GSE179609","campioni_diversi",5,1
"NCBITaxon:10359||gain||vehicle_untreated","GSE203395","campioni_diversi",2,6
"NCBITaxon:10359||gain||vehicle_untreated","GSE210989","campioni_diversi",1,1
"NCBITaxon:10359||gain||vehicle_untreated","GSE248927","identico",1,1
"NCBITaxon:10359||gain||vehicle_untreated","GSE94724","identico",1,1
"NCBITaxon:10407||gain||vehicle_untreated","GSE164266","identico",1,1
"NCBITaxon:10407||gain||vehicle_untreated","GSE194179","campioni_diversi",2,2
"NCBITaxon:10407||gain||vehicle_untreated","GSE205567","solo_A3",1,0
"NCBITaxon:10407||gain||vehicle_untreated","GSE93153","campioni_diversi",2,2
"NCBITaxon:11320||gain||vehicle_untreated","GSE113210","campioni_diversi",1,1
"NCBITaxon:11320||gain||vehicle_untreated","GSE121155","campioni_diversi",1,1
"NCBITaxon:11320||gain||vehicle_untreated","GSE134817","solo_A3",1,0
"NCBITaxon:11320||gain||vehicle_untreated","GSE147507","solo_A3",2,0
"NCBITaxon:11320||gain||vehicle_untreated","GSE163959","campioni_diversi",3,2
"NCBITaxon:11320||gain||vehicle_untreated","GSE184017","identico",1,1
"NCBITaxon:11320||gain||vehicle_untreated","GSE239726","solo_etichetta_riscritta",1,1
"NCBITaxon:11320||gain||vehicle_untreated","GSE253542","identico",1,1
"NCBITaxon:2697049||gain||vehicle_untreated","GSE147507","solo_A3",4,0
"NCBITaxon:2697049||gain||vehicle_untreated","GSE148696","identico",1,1
"NCBITaxon:2697049||gain||vehicle_untreated","GSE148697","solo_etichetta_riscritta",1,1
"NCBITaxon:2697049||gain||vehicle_untreated","GSE150819","solo_etichetta_riscritta",1,1
"NCBITaxon:2697049||gain||vehicle_untreated","GSE151803","campioni_diversi",2,1
"NCBITaxon:2697049||gain||vehicle_untreated","GSE151879","campioni_diversi",2,3
"NCBITaxon:2697049||gain||vehicle_untreated","GSE155518","solo_etichetta_riscritta",1,1
"NCBITaxon:2697049||gain||vehicle_untreated","GSE159201","campioni_diversi",2,2
"NCBITaxon:2697049||gain||vehicle_untreated","GSE163959","campioni_diversi",3,4
"NCBITaxon:2697049||gain||vehicle_untreated","GSE164073","campioni_diversi",1,2
"NCBITaxon:2697049||gain||vehicle_untreated","GSE174745","solo_A3",1,0
"NCBITaxon:2697049||gain||vehicle_untreated","GSE188382","campioni_diversi",2,1
"NCBITaxon:2697049||gain||vehicle_untreated","GSE190350","solo_etichetta_riscritta",1,1
"NCBITaxon:2697049||gain||vehicle_untreated","GSE193330","campioni_diversi",2,2
"NCBITaxon:2697049||gain||vehicle_untreated","GSE196113","identico",1,1
"NCBITaxon:2697049||gain||vehicle_untreated","GSE198722","identico",2,2
"NCBITaxon:2697049||gain||vehicle_untreated","GSE199743","identico",2,2
"NCBITaxon:2697049||gain||vehicle_untreated","GSE205621","campioni_diversi",6,6
"NCBITaxon:2697049||gain||vehicle_untreated","GSE217099","campioni_diversi",1,1
"NCBITaxon:2697049||gain||vehicle_untreated","GSE225517","campioni_diversi",2,2
"NCBITaxon:2697049||gain||vehicle_untreated","GSE225564","campioni_diversi",1,2
"NCBITaxon:2697049||gain||vehicle_untreated","GSE226702","identico",3,3
"NCBITaxon:2697049||gain||vehicle_untreated","GSE244485","identico",1,1
"NCBITaxon:2697049||gain||vehicle_untreated","GSE244486","identico",1,1
"NCBITaxon:2697049||gain||vehicle_untreated","GSE253542","identico",1,1
"NCBITaxon:64320||gain||vehicle_untreated","GSE131605","campioni_diversi",2,2
"NCBITaxon:64320||gain||vehicle_untreated","GSE147093","identico",1,1
"NCBITaxon:64320||gain||vehicle_untreated","GSE233049","campioni_diversi",1,2
"NCBITaxon:64320||gain||vehicle_untreated","GSE93385","identico",3,3
"NCBITaxon:851||gain||vehicle_untreated","GSE171611","solo_A3",1,0
"NCBITaxon:851||gain||vehicle_untreated","GSE236117","solo_A3",1,0
"NCBITaxon:851||gain||vehicle_untreated","GSE237052","solo_A3",1,0
"STR:1_25_oh_2d3||gain||vehicle_untreated","GSE100785","solo_A3",2,0
"STR:1_25_oh_2d3||gain||vehicle_untreated","GSE143782","solo_A3",1,0
"STR:1_25_oh_2d3||gain||vehicle_untreated","GSE223405","solo_A3",6,0
"STR:5_aza||gain||vehicle_untreated","GSE247389","solo_A3",1,0
"STR:5_aza||gain||vehicle_untreated","GSE56623","solo_A3",4,0
"STR:5_aza||gain||vehicle_untreated","GSE60340","solo_A3",1,0
"STR:asthma||gain||vehicle_untreated","GSE195599","identico",1,1
"STR:asthma||gain||vehicle_untreated","GSE206510","campioni_diversi",2,2
"STR:asthma||gain||vehicle_untreated","GSE85567","solo_A3",2,0
"STR:asthmatic||gain||vehicle_untreated","GSE109313","campioni_diversi",2,2
"STR:asthmatic||gain||vehicle_untreated","GSE109484","identico",1,1
"STR:asthmatic||gain||vehicle_untreated","GSE152004","campioni_diversi",2,1
"STR:atra||gain||vehicle_untreated","GSE142383","campioni_diversi",1,1
"STR:atra||gain||vehicle_untreated","GSE155000","identico",3,3
"STR:atra||gain||vehicle_untreated","GSE175757","solo_A3",1,0
"STR:atra||gain||vehicle_untreated","GSE178340","identico",1,1
"STR:atra||gain||vehicle_untreated","GSE252527","campioni_diversi",1,1
"STR:bipolar_disorder||gain||vehicle_untreated","GSE134497","solo_etichetta_riscritta",1,1
"STR:bipolar_disorder||gain||vehicle_untreated","GSE78936","campioni_diversi",4,4
"STR:bipolar_disorder||gain||vehicle_untreated","GSE80655","campioni_diversi",5,6
"STR:copd||gain||vehicle_untreated","GSE191279","solo_A3",2,0
"STR:copd||gain||vehicle_untreated","GSE198740","identico",1,1
"STR:copd||gain||vehicle_untreated","GSE268499","campioni_diversi",2,1
"STR:copd||gain||vehicle_untreated","GSE57148","campioni_diversi",2,1
"STR:covid_19||gain||vehicle_untreated","GSE154311","campioni_diversi",2,2
"STR:covid_19||gain||vehicle_untreated","GSE159585","identico",1,1
"STR:covid_19||gain||vehicle_untreated","GSE164332","campioni_diversi",2,2
"STR:covid_19||gain||vehicle_untreated","GSE183533","campioni_diversi",1,1
"STR:covid_19||gain||vehicle_untreated","GSE189199","identico",1,1
"STR:covid_19||gain||vehicle_untreated","GSE190496","campioni_diversi",2,3
"STR:cteph||gain||vehicle_untreated","GSE188938","campioni_diversi",1,1
"STR:cteph||gain||vehicle_untreated","GSE221511","identico",1,1
"STR:cteph||gain||vehicle_untreated","GSE84538","solo_etichetta_riscritta",1,1
"STR:cystic_fibrosis||gain||vehicle_untreated","GSE101993","campioni_diversi",1,1
"STR:cystic_fibrosis||gain||vehicle_untreated","GSE136371","campioni_diversi",3,2
"STR:cystic_fibrosis||gain||vehicle_untreated","GSE141535","identico",1,1
"STR:cystic_fibrosis||gain||vehicle_untreated","GSE141536","identico",1,1
"STR:diabetic||gain||vehicle_untreated","GSE154556","campioni_diversi",1,1
"STR:diabetic||gain||vehicle_untreated","GSE182923","campioni_diversi",1,1
"STR:diabetic||gain||vehicle_untreated","GSE236746","identico",1,1
"STR:diabetic||gain||vehicle_untreated","GSE92724","solo_A3",1,0
"STR:endometriosis||gain||vehicle_untreated","GSE118928","identico",1,1
"STR:endometriosis||gain||vehicle_untreated","GSE135485","campioni_diversi",1,1
"STR:endometriosis||gain||vehicle_untreated","GSE153739","identico",1,1
"STR:endometriosis||gain||vehicle_untreated","GSE153740","campioni_diversi",1,1
"STR:endometriosis||gain||vehicle_untreated","GSE212787","identico",1,1
"STR:endometriosis||gain||vehicle_untreated","GSE232713","campioni_diversi",1,1
"STR:endometriosis||gain||vehicle_untreated","GSE87809","campioni_diversi",1,1
"STR:fshd||gain||vehicle_untreated","GSE115650","campioni_diversi",2,2
"STR:fshd||gain||vehicle_untreated","GSE123468","campioni_diversi",1,3
"STR:fshd||gain||vehicle_untreated","GSE254310","campioni_diversi",1,1
"STR:g007_lk||gain||vehicle_untreated","GSE123807","solo_A3",1,0
"STR:g007_lk||gain||vehicle_untreated","GSE162648","solo_A3",4,0
"STR:g007_lk||gain||vehicle_untreated","GSE220061","solo_A3",2,0
"STR:heart_failure||gain||vehicle_untreated","GSE138252","solo_A3",2,0
"STR:heart_failure||gain||vehicle_untreated","GSE145154","solo_etichetta_riscritta",1,1
"STR:heart_failure||gain||vehicle_untreated","GSE147236","campioni_diversi",4,2
"STR:heart_failure||gain||vehicle_untreated","GSE175764","identico",1,1
"STR:heart_failure||gain||vehicle_untreated","GSE196656","campioni_diversi",1,1
"STR:hypoxia||gain||vehicle_untreated","GSE104193","campioni_diversi",2,3
"STR:hypoxia||gain||vehicle_untreated","GSE114519","identico",1,1
"STR:hypoxia||gain||vehicle_untreated","GSE118046","identico",2,2
"STR:hypoxia||gain||vehicle_untreated","GSE120523","solo_A3",1,0
"STR:hypoxia||gain||vehicle_untreated","GSE120886","campioni_diversi",2,1
"STR:hypoxia||gain||vehicle_untreated","GSE134737","campioni_diversi",3,1
"STR:hypoxia||gain||vehicle_untreated","GSE139963","identico",1,1
"STR:hypoxia||gain||vehicle_untreated","GSE142123","identico",1,1
"STR:hypoxia||gain||vehicle_untreated","GSE145108","identico",1,1
"STR:hypoxia||gain||vehicle_untreated","GSE149132","identico",1,1
"STR:hypoxia||gain||vehicle_untreated","GSE154427","campioni_diversi",1,1
"STR:hypoxia||gain||vehicle_untreated","GSE157371","solo_A3",1,0
"STR:hypoxia||gain||vehicle_untreated","GSE163333","solo_A3",1,0
"STR:hypoxia||gain||vehicle_untreated","GSE163827","solo_etichetta_riscritta",1,1
"STR:hypoxia||gain||vehicle_untreated","GSE193133","campioni_diversi",1,1
"STR:hypoxia||gain||vehicle_untreated","GSE197523","identico",1,1
"STR:hypoxia||gain||vehicle_untreated","GSE197525","campioni_diversi",1,2
"STR:hypoxia||gain||vehicle_untreated","GSE198860","identico",1,1
"STR:hypoxia||gain||vehicle_untreated","GSE211611","campioni_diversi",2,2
"STR:hypoxia||gain||vehicle_untreated","GSE212703","identico",1,1
"STR:hypoxia||gain||vehicle_untreated","GSE225253","identico",1,1
"STR:hypoxia||gain||vehicle_untreated","GSE226005","campioni_diversi",2,2
"STR:hypoxia||gain||vehicle_untreated","GSE244754","campioni_diversi",4,4
"STR:hypoxia||gain||vehicle_untreated","GSE245762","campioni_diversi",3,2
"STR:hypoxia||gain||vehicle_untreated","GSE255352","identico",1,1
"STR:hypoxia||gain||vehicle_untreated","GSE269699","campioni_diversi",1,1
"STR:hypoxia||gain||vehicle_untreated","GSE77307","campioni_diversi",2,2
"STR:idiopathic_pulmonary_fibrosis||gain||vehicle_untreated","GSE248485","campioni_diversi",1,1
"STR:idiopathic_pulmonary_fibrosis||gain||vehicle_untreated","GSE79544","campioni_diversi",1,2
"STR:idiopathic_pulmonary_fibrosis||gain||vehicle_untreated","GSE92592","solo_A3",1,0
"STR:ifna||gain||vehicle_untreated","GSE161664","identico",1,1
"STR:ifna||gain||vehicle_untreated","GSE161916","solo_etichetta_riscritta",1,1
"STR:ifna||gain||vehicle_untreated","GSE189997","campioni_diversi",2,2
"STR:irradiation||gain||vehicle_untreated","GSE105951","solo_etichetta_riscritta",1,1
"STR:irradiation||gain||vehicle_untreated","GSE165585","campioni_diversi",1,1
"STR:irradiation||gain||vehicle_untreated","GSE232305","campioni_diversi",2,1
"STR:irradiation||gain||vehicle_untreated","GSE232508","campioni_diversi",1,1
"STR:irradiation||gain||vehicle_untreated","GSE236331","identico",1,1
"STR:irradiation||gain||vehicle_untreated","GSE237091","identico",1,1
"STR:irradiation||gain||vehicle_untreated","GSE250224","identico",1,1
"STR:keloid||gain||vehicle_untreated","GSE151464","identico",1,1
"STR:keloid||gain||vehicle_untreated","GSE158395","campioni_diversi",1,1
"STR:keloid||gain||vehicle_untreated","GSE185309","campioni_diversi",1,1
"STR:keloid||gain||vehicle_untreated","GSE188952","identico",1,1
"STR:medulloblastoma||gain||vehicle_untreated","GSE148389","solo_A3",2,0
"STR:medulloblastoma||gain||vehicle_untreated","GSE189919","solo_A3",5,0
"STR:medulloblastoma||gain||vehicle_untreated","GSE203174","solo_A3",2,0
"STR:multiple_sclerosis||gain||vehicle_untreated","GSE137619","campioni_diversi",2,1
"STR:multiple_sclerosis||gain||vehicle_untreated","GSE138614","campioni_diversi",10,11
"STR:multiple_sclerosis||gain||vehicle_untreated","GSE159225","campioni_diversi",1,1
"STR:multiple_sclerosis||gain||vehicle_untreated","GSE173789","campioni_diversi",1,1
"STR:multiple_sclerosis||gain||vehicle_untreated","GSE180760","campioni_diversi",1,1
"STR:multiple_sclerosis||gain||vehicle_untreated","GSE250037","identico",1,1
"STR:multiple_sclerosis||gain||vehicle_untreated","GSE89843","campioni_diversi",1,1
"STR:myotonic_dystrophy_type_1||gain||vehicle_untreated","GSE157428","solo_A3",2,0
"STR:myotonic_dystrophy_type_1||gain||vehicle_untreated","GSE228458","solo_A3",1,0
"STR:myotonic_dystrophy_type_1||gain||vehicle_untreated","GSE86356","solo_A3",6,0
"STR:nahs||gain||vehicle_untreated","GSE125342","identico",1,1
"STR:nahs||gain||vehicle_untreated","GSE148985","campioni_diversi",1,2
"STR:nahs||gain||vehicle_untreated","GSE193660","solo_etichetta_riscritta",1,1
"STR:nash||gain||vehicle_untreated","GSE115193","identico",1,1
"STR:nash||gain||vehicle_untreated","GSE126848","campioni_diversi",1,1
"STR:nash||gain||vehicle_untreated","GSE134422","identico",1,1
"STR:nash||gain||vehicle_untreated","GSE147304","campioni_diversi",1,1
"STR:nash||gain||vehicle_untreated","GSE162694","solo_A3",3,0
"STR:nash||gain||vehicle_untreated","GSE212741","identico",1,1
"STR:nutlin_3a||gain||vehicle_untreated","GSE111009","campioni_diversi",2,2
"STR:nutlin_3a||gain||vehicle_untreated","GSE147699","solo_etichetta_riscritta",1,1
"STR:nutlin_3a||gain||vehicle_untreated","GSE148342","solo_etichetta_riscritta",1,1
"STR:nutlin_3a||gain||vehicle_untreated","GSE173483","campioni_diversi",2,2
"STR:obese||gain||vehicle_untreated","GSE126848","campioni_diversi",1,1
"STR:obese||gain||vehicle_untreated","GSE134580","campioni_diversi",1,1
"STR:obese||gain||vehicle_untreated","GSE205668","campioni_diversi",2,2
"STR:obese||gain||vehicle_untreated","GSE213465","campioni_diversi",1,1
"STR:obese||gain||vehicle_untreated","GSE95243","campioni_diversi",1,1
"STR:oscc||gain||vehicle_untreated","GSE125866","campioni_diversi",1,1
"STR:oscc||gain||vehicle_untreated","GSE171638","identico",1,1
"STR:oscc||gain||vehicle_untreated","GSE221398","campioni_diversi",1,1
"STR:oscc||gain||vehicle_untreated","GSE246050","solo_etichetta_riscritta",1,1
"STR:osteoarthritis||gain||vehicle_untreated","GSE163552","identico",1,1
"STR:osteoarthritis||gain||vehicle_untreated","GSE185064","campioni_diversi",1,1
"STR:osteoarthritis||gain||vehicle_untreated","GSE89408","campioni_diversi",4,1
"STR:pcos||gain||vehicle_untreated","GSE128328","campioni_diversi",1,1
"STR:pcos||gain||vehicle_untreated","GSE130580","identico",1,1
"STR:pcos||gain||vehicle_untreated","GSE156067","campioni_diversi",2,2
"STR:pcos||gain||vehicle_untreated","GSE173160","campioni_diversi",1,1
"STR:pcos||gain||vehicle_untreated","GSE193812","campioni_diversi",1,2
"STR:pcos||gain||vehicle_untreated","GSE226146","identico",1,1
"STR:pdac||gain||vehicle_untreated","GSE175436","campioni_diversi",1,1
"STR:pdac||gain||vehicle_untreated","GSE210351","solo_A3",1,0
"STR:pdac||gain||vehicle_untreated","GSE234760","identico",1,1
"STR:pm2_5||gain||vehicle_untreated","GSE215411","identico",1,1
"STR:pm2_5||gain||vehicle_untreated","GSE237795","identico",1,1
"STR:pm2_5||gain||vehicle_untreated","GSE243618","identico",1,1
"STR:psoriasis||gain||vehicle_untreated","GSE108743","identico",1,1
"STR:psoriasis||gain||vehicle_untreated","GSE117405","identico",1,1
"STR:psoriasis||gain||vehicle_untreated","GSE139341","campioni_diversi",3,3
"STR:psoriasis||gain||vehicle_untreated","GSE142582","campioni_diversi",2,1
"STR:psoriasis||gain||vehicle_untreated","GSE147339","identico",1,1
"STR:psoriasis||gain||vehicle_untreated","GSE150851","campioni_diversi",5,4
"STR:psoriasis||gain||vehicle_untreated","GSE74697","campioni_diversi",1,1
"STR:psoriasis||gain||vehicle_untreated","GSE81106","identico",1,1
"STR:psoriasis||gain||vehicle_untreated","GSE89725","identico",1,1
"STR:ptsd||gain||vehicle_untreated","GSE64813","solo_A3",2,0
"STR:ptsd||gain||vehicle_untreated","GSE83601","solo_A3",1,0
"STR:ptsd||gain||vehicle_untreated","GSE97356","solo_A3",1,0
"STR:r5020||gain||vehicle_untreated","GSE126517","campioni_diversi",1,1
"STR:r5020||gain||vehicle_untreated","GSE126775","campioni_diversi",3,3
"STR:r5020||gain||vehicle_untreated","GSE139393","solo_A3",1,0
"STR:r5020||gain||vehicle_untreated","GSE155272","solo_etichetta_riscritta",1,1
"STR:r5020||gain||vehicle_untreated","GSE243454","campioni_diversi",1,4
"STR:r5020||gain||vehicle_untreated","GSE80365","identico",2,2
"STR:radiation||gain||vehicle_untreated","GSE222658","campioni_diversi",2,1
"STR:radiation||gain||vehicle_untreated","GSE222992","identico",2,2
"STR:radiation||gain||vehicle_untreated","GSE242108","identico",1,1
"STR:radiation||gain||vehicle_untreated","GSE242706","identico",4,4
"STR:sals||gain||vehicle_untreated","GSE122649","campioni_diversi",1,1
"STR:sals||gain||vehicle_untreated","GSE138691","solo_A3",1,0
"STR:sals||gain||vehicle_untreated","GSE234297","identico",1,1
"STR:sals||gain||vehicle_untreated","GSE52946","solo_etichetta_riscritta",1,1
"STR:sals||gain||vehicle_untreated","GSE67196","campioni_diversi",1,3
"STR:schizophrenia||gain||vehicle_untreated","GSE107638","campioni_diversi",2,3
"STR:schizophrenia||gain||vehicle_untreated","GSE112523","campioni_diversi",1,2
"STR:schizophrenia||gain||vehicle_untreated","GSE118313","campioni_diversi",1,1
"STR:schizophrenia||gain||vehicle_untreated","GSE121376","campioni_diversi",1,1
"STR:schizophrenia||gain||vehicle_untreated","GSE132689","campioni_diversi",1,1
"STR:schizophrenia||gain||vehicle_untreated","GSE182875","campioni_diversi",1,1
"STR:schizophrenia||gain||vehicle_untreated","GSE184102","solo_etichetta_riscritta",1,1
"STR:schizophrenia||gain||vehicle_untreated","GSE191248","campioni_diversi",1,1
"STR:schizophrenia||gain||vehicle_untreated","GSE228881","campioni_diversi",1,1
"STR:schizophrenia||gain||vehicle_untreated","GSE263180","solo_etichetta_riscritta",1,1
"STR:schizophrenia||gain||vehicle_untreated","GSE78936","campioni_diversi",2,2
"STR:schizophrenia||gain||vehicle_untreated","GSE80655","campioni_diversi",3,5
"STR:schizophrenia||gain||vehicle_untreated","GSE86906","campioni_diversi",2,2
"STR:sepsis||gain||vehicle_untreated","GSE122274","campioni_diversi",1,1
"STR:sepsis||gain||vehicle_untreated","GSE163196","campioni_diversi",1,1
"STR:sepsis||gain||vehicle_untreated","GSE186054","solo_etichetta_riscritta",1,1
"STR:sepsis||gain||vehicle_untreated","GSE232753","identico",1,1
"STR:sepsis||gain||vehicle_untreated","GSE237861","campioni_diversi",8,8
"STR:sirna_pool_against_igf2bp1||block||control sirna","GSE146547","campioni_diversi",1,1
"STR:sirna_pool_against_igf2bp1||block||control sirna","GSE146805","campioni_diversi",1,1
"STR:sirna_pool_against_igf2bp1||block||control sirna","GSE161087","campioni_diversi",2,1
"STR:sjogren_s_syndrome||gain||vehicle_untreated","GSE145065","campioni_diversi",1,1
"STR:sjogren_s_syndrome||gain||vehicle_untreated","GSE173670","campioni_diversi",1,1
"STR:sjogren_s_syndrome||gain||vehicle_untreated","GSE199868","campioni_diversi",1,1
"STR:sjogren_s_syndrome||gain||vehicle_untreated","GSE200020","campioni_diversi",1,1
"STR:tb_positive||gain||tb negative","GSE255071","campioni_diversi",1,1
"STR:tb_positive||gain||tb negative","GSE255073","campioni_diversi",1,3
"STR:tb_positive||gain||tb negative","GSE255074","campioni_diversi",2,3
"STR:vtp50469||gain||vehicle_untreated","GSE168462","campioni_diversi",1,1
"STR:vtp50469||gain||vehicle_untreated","GSE183487","solo_etichetta_riscritta",2,2
"STR:vtp50469||gain||vehicle_untreated","GSE186709","campioni_diversi",1,1
"STR:ykl_5_124||gain||vehicle_untreated","GSE172442","campioni_diversi",4,3
"STR:ykl_5_124||gain||vehicle_untreated","GSE172443","campioni_diversi",3,1
"STR:ykl_5_124||gain||vehicle_untreated","GSE172444","campioni_diversi",1,1
"CHEBI:114785||gain||vehicle_untreated","GSE146096","solo_riferimento",0,1
"CHEBI:124921||gain||vehicle_untreated","GSE183777","solo_riferimento",0,1
"CHEBI:137113||gain||vehicle_untreated","GSE211468","solo_riferimento",0,1
"CHEBI:137113||gain||vehicle_untreated","GSE219191","solo_riferimento",0,1
"CHEBI:137113||gain||vehicle_untreated","GSE266389","solo_riferimento",0,1
"CHEBI:137113||gain||vehicle_untreated","GSE78801","solo_riferimento",0,4
"CHEBI:143122||gain||vehicle_untreated","GSE198248","solo_riferimento",0,2
"CHEBI:143122||gain||vehicle_untreated","GSE221475","solo_riferimento",0,2
"CHEBI:143122||gain||vehicle_untreated","GSE225375","solo_riferimento",0,1
"CHEBI:145372||gain||vehicle_untreated","GSE181586","solo_riferimento",0,1
"CHEBI:15365||gain||vehicle_untreated","GSE158765","solo_riferimento",0,4
"CHEBI:15365||gain||vehicle_untreated","GSE198434","solo_riferimento",0,1
"CHEBI:15365||gain||vehicle_untreated","GSE217898","solo_riferimento",0,1
"CHEBI:15551||gain||vehicle_untreated","GSE229398","solo_riferimento",0,1
"CHEBI:16330||gain||vehicle_untreated","GSE123766","solo_riferimento",0,1
"CHEBI:16330||gain||vehicle_untreated","GSE125014","solo_riferimento",0,2
"CHEBI:16330||gain||vehicle_untreated","GSE130247","solo_riferimento",0,1
"CHEBI:16330||gain||vehicle_untreated","GSE148806","solo_riferimento",0,2
"CHEBI:16330||gain||vehicle_untreated","GSE163539","solo_riferimento",0,1
"CHEBI:16330||gain||vehicle_untreated","GSE165246","solo_riferimento",0,1
"CHEBI:16330||gain||vehicle_untreated","GSE89917","solo_riferimento",0,1
"CHEBI:16330||gain||vehicle_untreated","GSE94013","solo_riferimento",0,1
"CHEBI:16330||gain||vehicle_untreated","GSE99626","solo_riferimento",0,1
"CHEBI:16412||gain||vehicle_untreated","GSE135753","solo_riferimento",0,1
"CHEBI:16412||gain||vehicle_untreated","GSE140702","solo_riferimento",0,1
"CHEBI:16412||gain||vehicle_untreated","GSE155918","solo_riferimento",0,3
"CHEBI:16412||gain||vehicle_untreated","GSE208550","solo_riferimento",0,1
"CHEBI:16412||gain||vehicle_untreated","GSE217012","solo_riferimento",0,1
"CHEBI:16412||gain||vehicle_untreated","GSE76404","solo_riferimento",0,1
"CHEBI:16412||gain||vehicle_untreated","GSE92852","solo_riferimento",0,2
"CHEBI:16469||gain||vehicle_untreated","GSE112568","solo_riferimento",0,1
"CHEBI:16469||gain||vehicle_untreated","GSE217421","solo_riferimento",0,1
"CHEBI:16469||gain||vehicle_untreated","GSE99641","solo_riferimento",0,1
"CHEBI:175901||gain||vehicle_untreated","GSE165548","solo_riferimento",0,1
"CHEBI:175901||gain||vehicle_untreated","GSE250050","solo_riferimento",0,1
"CHEBI:2038||gain||vehicle_untreated","GSE175615","solo_riferimento",0,1
"CHEBI:230484||gain||vehicle_untreated","GSE156900","solo_riferimento",0,3
"CHEBI:230484||gain||vehicle_untreated","GSE251861","solo_riferimento",0,1
"CHEBI:230484||gain||vehicle_untreated","GSE48843","solo_riferimento",0,1
"CHEBI:230493||gain||vehicle_untreated","GSE125437","solo_riferimento",0,1
"CHEBI:230493||gain||vehicle_untreated","GSE172544","solo_riferimento",0,1
"CHEBI:230500||gain||vehicle_untreated","GSE135527","solo_riferimento",0,1
"CHEBI:230500||gain||vehicle_untreated","GSE157927","solo_riferimento",0,1
"CHEBI:230500||gain||vehicle_untreated","GSE164933","solo_riferimento",0,1
"CHEBI:230508||gain||vehicle_untreated","GSE102908","solo_riferimento",0,1
"CHEBI:230508||gain||vehicle_untreated","GSE199800","solo_riferimento",0,1
"CHEBI:230508||gain||vehicle_untreated","GSE206185","solo_riferimento",0,2
"CHEBI:230508||gain||vehicle_untreated","GSE245624","solo_riferimento",0,1
"CHEBI:230508||gain||vehicle_untreated","GSE260507","solo_riferimento",0,1
"CHEBI:231598||gain||vehicle_untreated","GSE186239","solo_riferimento",0,1
"CHEBI:231601||gain||vehicle_untreated","GSE186402","solo_riferimento",0,1
"CHEBI:27899||gain||vehicle_untreated","GSE195663","solo_riferimento",0,2
"CHEBI:27899||gain||vehicle_untreated","GSE206649","solo_riferimento",0,1
"CHEBI:27899||gain||vehicle_untreated","GSE216043","solo_riferimento",0,1
"CHEBI:27899||gain||vehicle_untreated","GSE241595","solo_riferimento",0,1
"CHEBI:28119||gain||vehicle_untreated","GSE226045","solo_riferimento",0,1
"CHEBI:28201||gain||vehicle_untreated","GSE126750","solo_riferimento",0,1
"CHEBI:28201||gain||vehicle_untreated","GSE191034","solo_riferimento",0,1
"CHEBI:28201||gain||vehicle_untreated","GSE64553","solo_riferimento",0,2
"CHEBI:28748||gain||vehicle_untreated","GSE145141","solo_riferimento",0,2
"CHEBI:28748||gain||vehicle_untreated","GSE157069","solo_riferimento",0,1
"CHEBI:28748||gain||vehicle_untreated","GSE222221","solo_riferimento",0,1
"CHEBI:29073||gain||vehicle_untreated","GSE121137","solo_riferimento",0,1
"CHEBI:29073||gain||vehicle_untreated","GSE242759","solo_riferimento",0,1
"CHEBI:29073||gain||vehicle_untreated","GSE244930","solo_riferimento",0,2
"CHEBI:31638||gain||vehicle_untreated","GSE147283","solo_riferimento",0,2
"CHEBI:31638||gain||vehicle_untreated","GSE230362","solo_riferimento",0,1
"CHEBI:31638||gain||vehicle_untreated","GSE241942","solo_riferimento",0,1
"CHEBI:31941||gain||vehicle_untreated","GSE129071","solo_riferimento",0,1
"CHEBI:31941||gain||vehicle_untreated","GSE227609","solo_riferimento",0,1
"CHEBI:31941||gain||vehicle_untreated","GSE227871","solo_riferimento",0,3
"CHEBI:37537||gain||vehicle_untreated","GSE138209","solo_riferimento",0,1
"CHEBI:37537||gain||vehicle_untreated","GSE252575","solo_riferimento",0,1
"CHEBI:379896||gain||vehicle_untreated","GSE225206","solo_riferimento",0,1
"CHEBI:379896||gain||vehicle_untreated","GSE230741","solo_riferimento",0,3
"CHEBI:379896||gain||vehicle_untreated","GSE240167","solo_riferimento",0,3
"CHEBI:379896||gain||vehicle_untreated","GSE240364","solo_riferimento",0,2
"CHEBI:379896||gain||vehicle_untreated","GSE243329","solo_riferimento",0,1
"CHEBI:38940||gain||vehicle_untreated","GSE146096","solo_riferimento",0,1
"CHEBI:38940||gain||vehicle_untreated","GSE98431","solo_riferimento",0,1
"CHEBI:39867||gain||vehicle_untreated","GSE159487","solo_riferimento",0,1
"CHEBI:4031||gain||vehicle_untreated","GSE208405","solo_riferimento",0,2
"CHEBI:4167||gain||vehicle_untreated","GSE159984","solo_riferimento",0,2
"CHEBI:4167||gain||vehicle_untreated","GSE179347","solo_riferimento",0,3
"CHEBI:4167||gain||vehicle_untreated","GSE241565","solo_riferimento",0,1
"CHEBI:4167||gain||vehicle_untreated","GSE251766","solo_riferimento",0,1
"CHEBI:41774||gain||vehicle_untreated","GSE199800","solo_riferimento",0,1
"CHEBI:41879||gain||vehicle_untreated","GSE115514","solo_riferimento",0,1
"CHEBI:41879||gain||vehicle_untreated","GSE221103","solo_riferimento",0,1
"CHEBI:41977||gain||vehicle_untreated","GSE86190","solo_riferimento",0,1
"CHEBI:42471||gain||vehicle_untreated","GSE129153","solo_riferimento",0,1
"CHEBI:44185||gain||vehicle_untreated","GSE199800","solo_riferimento",0,1
"CHEBI:44616||gain||vehicle_untreated","GSE184156","solo_riferimento",0,1
"CHEBI:45783||gain||vehicle_untreated","GSE146096","solo_riferimento",0,1
"CHEBI:45783||gain||vehicle_untreated","GSE216837","solo_riferimento",0,1
"CHEBI:45783||gain||vehicle_untreated","GSE218451","solo_riferimento",0,1
"CHEBI:4672||gain||vehicle_untreated","GSE217452","solo_riferimento",0,1
"CHEBI:46741||gain||vehicle_untreated","GSE201021","solo_riferimento",0,1
"CHEBI:46741||gain||vehicle_untreated","GSE59841","solo_riferimento",0,1
"CHEBI:46742||gain||vehicle_untreated","GSE59841","solo_riferimento",0,1
"CHEBI:47458||gain||vehicle_untreated","GSE129071","solo_riferimento",0,1
"CHEBI:47458||gain||vehicle_untreated","GSE226664","solo_riferimento",0,1
"CHEBI:47458||gain||vehicle_untreated","GSE229805","solo_riferimento",0,1
"CHEBI:4911||gain||vehicle_untreated","GSE222221","solo_riferimento",0,1
"CHEBI:49375||gain||vehicle_untreated","GSE146096","solo_riferimento",0,1
"CHEBI:49375||gain||vehicle_untreated","GSE166617","solo_riferimento",0,1
"CHEBI:49375||gain||vehicle_untreated","GSE171358","solo_riferimento",0,1
"CHEBI:49668||gain||vehicle_untreated","GSE125933","solo_riferimento",0,2
"CHEBI:49668||gain||vehicle_untreated","GSE143588","solo_riferimento",0,1
"CHEBI:49960||gain||vehicle_untreated","GSE146096","solo_riferimento",0,1
"CHEBI:49960||gain||vehicle_untreated","GSE186341","solo_riferimento",0,3
"CHEBI:49960||gain||vehicle_untreated","GSE217421","solo_riferimento",0,1
"CHEBI:50131||gain||vehicle_untreated","GSE145639","solo_riferimento",0,2
"CHEBI:50131||gain||vehicle_untreated","GSE217421","solo_riferimento",0,4
"CHEBI:50131||gain||vehicle_untreated","GSE223688","solo_riferimento",0,1
"CHEBI:50385||gain||vehicle_untreated","GSE232390","solo_riferimento",0,1
"CHEBI:50924||gain||vehicle_untreated","GSE184427","solo_riferimento",0,3
"CHEBI:50924||gain||vehicle_untreated","GSE242333","solo_riferimento",0,1
"CHEBI:50924||gain||vehicle_untreated","GSE98431","solo_riferimento",0,2
"CHEBI:50924||gain||vehicle_untreated","GSE99536","solo_riferimento",0,2
"CHEBI:52172||gain||vehicle_untreated","GSE146096","solo_riferimento",0,1
"CHEBI:52717||gain||vehicle_untreated","GSE152816","solo_riferimento",0,1
"CHEBI:52717||gain||vehicle_untreated","GSE217421","solo_riferimento",0,4
"CHEBI:59132||gain||vehicle_untreated","GSE154339","solo_riferimento",0,2
"CHEBI:59132||gain||vehicle_untreated","GSE179987","solo_riferimento",0,1
"CHEBI:59132||gain||vehicle_untreated","GSE229026","solo_riferimento",0,2
"CHEBI:61390||gain||vehicle_untreated","GSE146096","solo_riferimento",0,2
"CHEBI:63637||gain||vehicle_untreated","GSE104869","solo_riferimento",0,1
"CHEBI:63637||gain||vehicle_untreated","GSE146096","solo_riferimento",0,3
"CHEBI:63637||gain||vehicle_untreated","GSE217421","solo_riferimento",0,3
"CHEBI:63637||gain||vehicle_untreated","GSE64741","solo_riferimento",0,4
"CHEBI:63637||gain||vehicle_untreated","GSE66539","solo_riferimento",0,1
"CHEBI:64310||gain||vehicle_untreated","GSE146096","solo_riferimento",0,1
"CHEBI:64310||gain||vehicle_untreated","GSE214715","solo_riferimento",0,2
"CHEBI:67271||gain||vehicle_untreated","GSE161283","solo_riferimento",0,1
"CHEBI:67271||gain||vehicle_untreated","GSE184427","solo_riferimento",0,4
"CHEBI:67271||gain||vehicle_untreated","GSE186341","solo_riferimento",0,3
"CHEBI:6801||gain||vehicle_untreated","GSE133087","solo_riferimento",0,1
"CHEBI:68534||gain||vehicle_untreated","GSE182278","solo_riferimento",0,1
"CHEBI:68534||gain||vehicle_untreated","GSE184455","solo_riferimento",0,1
"CHEBI:68647||gain||vehicle_untreated","GSE146096","solo_riferimento",0,4
"CHEBI:71200||gain||vehicle_untreated","GSE146096","solo_riferimento",0,1
"CHEBI:72317||gain||vehicle_untreated","GSE146096","solo_riferimento",0,4
"CHEBI:72564||gain||vehicle_untreated","GSE229600","solo_riferimento",0,1
"CHEBI:75045||gain||vehicle_untreated","GSE146096","solo_riferimento",0,3
"CHEBI:75045||gain||vehicle_untreated","GSE217421","solo_riferimento",0,2
"CHEBI:75045||gain||vehicle_untreated","GSE252002","solo_riferimento",0,1
"CHEBI:75998||gain||vehicle_untreated","GSE138780","solo_riferimento",0,4
"CHEBI:75998||gain||vehicle_untreated","GSE146096","solo_riferimento",0,3
"CHEBI:75998||gain||vehicle_untreated","GSE152705","solo_riferimento",0,1
"CHEBI:75998||gain||vehicle_untreated","GSE252002","solo_riferimento",0,1
"CHEBI:78543||gain||vehicle_untreated","GSE146096","solo_riferimento",0,3
"CHEBI:83766||gain||vehicle_untreated","GSE165548","solo_riferimento",0,1
"CHEBI:83766||gain||vehicle_untreated","GSE188717","solo_riferimento",0,2
"CHEBI:83766||gain||vehicle_untreated","GSE189186","solo_riferimento",0,1
"CHEBI:8499||gain||vehicle_untreated","GSE191165","solo_riferimento",0,1
"CHEBI:8499||gain||vehicle_untreated","GSE199800","solo_riferimento",0,1
"CHEBI:8499||gain||vehicle_untreated","GSE228234","solo_riferimento",0,1
"CHEBI:85993||gain||vehicle_untreated","GSE197602","solo_riferimento",0,1
"CHEBI:85993||gain||vehicle_untreated","GSE235401","solo_riferimento",0,1
"CHEBI:85994||gain||vehicle_untreated","GSE146095","solo_riferimento",0,1
"CHEBI:85994||gain||vehicle_untreated","GSE157905","solo_riferimento",0,1
"CHEBI:85994||gain||vehicle_untreated","GSE211850","solo_riferimento",0,1
"CHEBI:85994||gain||vehicle_untreated","GSE223201","solo_riferimento",0,1
"CHEBI:86193||gain||vehicle_untreated","GSE113753","solo_riferimento",0,1
"CHEBI:86193||gain||vehicle_untreated","GSE148919","solo_riferimento",0,1
"CHEBI:86193||gain||vehicle_untreated","GSE240928","solo_riferimento",0,2
"CHEBI:90943||gain||vehicle_untreated","GSE249138","solo_riferimento",0,1
"CHEBI:94287||gain||vehicle_untreated","GSE104462","solo_riferimento",0,1
"CHEBI:94287||gain||vehicle_untreated","GSE232034","solo_riferimento",0,2
"CHEBI:94287||gain||vehicle_untreated","GSE236253","solo_riferimento",0,1
"CHEBI:95077||gain||vehicle_untreated","GSE110709","solo_riferimento",0,3
"CHEBI:95077||gain||vehicle_untreated","GSE180233","solo_riferimento",0,1
"CHEMBL:CHEMBL1201576||gain||vehicle_untreated","GSE217421","solo_riferimento",0,3
"CHEMBL:CHEMBL2177390||gain||vehicle_untreated","GSE205729","solo_riferimento",0,1
"CHEMBL:CHEMBL4297454||gain||vehicle_untreated","GSE144326","solo_riferimento",0,1
"CHEMBL:CHEMBL4297454||gain||vehicle_untreated","GSE189376","solo_riferimento",0,2
"CHEMBL:CHEMBL4297454||gain||vehicle_untreated","GSE208774","solo_riferimento",0,2
"CHEMBL:CHEMBL4297771||gain||vehicle_untreated","GSE227737","solo_riferimento",0,1
"CHEMBL:CHEMBL4297771||gain||vehicle_untreated","GSE92852","solo_riferimento",0,1
"CHEMBL:CHEMBL4297771||gain||vehicle_untreated","GSE97744","solo_riferimento",0,1
"COMBO:hydrogen+peroxide||gain||vehicle_untreated","GSE235768","solo_riferimento",0,2
"COMBO:hydrogen+peroxide||gain||vehicle_untreated","GSE58910","solo_riferimento",0,1
"COMBO:hydrogen+peroxide||gain||vehicle_untreated","GSE59233","solo_riferimento",0,1
"HGNC:11766||gain||vehicle_untreated","GSE134298","solo_riferimento",0,1
"HGNC:11766||gain||vehicle_untreated","GSE134595","solo_riferimento",0,1
"HGNC:11766||gain||vehicle_untreated","GSE142417","solo_riferimento",0,1
"HGNC:11766||gain||vehicle_untreated","GSE161176","solo_riferimento",0,6
"HGNC:11766||gain||vehicle_untreated","GSE178518","solo_riferimento",0,1
"HGNC:11766||gain||vehicle_untreated","GSE247237","solo_riferimento",0,1
"HGNC:11766||gain||vehicle_untreated","GSE252425","solo_riferimento",0,1
"HGNC:11892||gain||vehicle_untreated","GSE151854","solo_riferimento",0,1
"HGNC:11892||gain||vehicle_untreated","GSE159894","solo_riferimento",0,1
"HGNC:11892||gain||vehicle_untreated","GSE217421","solo_riferimento",0,2
"HGNC:11892||gain||vehicle_untreated","GSE95078","solo_riferimento",0,1
"HGNC:11927||gain||vehicle_untreated","GSE237845","solo_riferimento",0,1
"HGNC:1653||gain||vehicle_untreated","GSE144852","solo_riferimento",0,1
"HGNC:1653||gain||vehicle_untreated","GSE263462","solo_riferimento",0,1
"HGNC:1653||gain||vehicle_untreated","GSE264373","solo_riferimento",0,3
"HGNC:5434||gain||vehicle_untreated","GSE124939","solo_riferimento",0,1
"HGNC:5434||gain||vehicle_untreated","GSE233494","solo_riferimento",0,1
"HGNC:5438||gain||vehicle_untreated","GSE124939","solo_riferimento",0,1
"HGNC:5438||gain||vehicle_untreated","GSE138209","solo_riferimento",0,3
"HGNC:5438||gain||vehicle_untreated","GSE174244","solo_riferimento",0,1
"HGNC:5438||gain||vehicle_untreated","GSE179354","solo_riferimento",0,1
"HGNC:5438||gain||vehicle_untreated","GSE197302","solo_riferimento",0,1
"HGNC:5977||gain||vehicle_untreated","GSE166268","solo_riferimento",0,1
"HGNC:5977||gain||vehicle_untreated","GSE94150","solo_riferimento",0,3
"HGNC:5981||gain||vehicle_untreated","GSE122305","solo_riferimento",0,1
"HGNC:5981||gain||vehicle_untreated","GSE179354","solo_riferimento",0,1
"HGNC:5991||gain||vehicle_untreated","GSE155141","solo_riferimento",0,1
"HGNC:5991||gain||vehicle_untreated","GSE214475","solo_riferimento",0,1
"HGNC:5992||gain||vehicle_untreated","GSE131320","solo_riferimento",0,2
"HGNC:5992||gain||vehicle_untreated","GSE131732","solo_riferimento",0,1
"HGNC:6014||gain||vehicle_untreated","GSE108038","solo_riferimento",0,1
"HGNC:6014||gain||vehicle_untreated","GSE113185","solo_riferimento",0,1
"HGNC:6014||gain||vehicle_untreated","GSE182955","solo_riferimento",0,1
"HGNC:6014||gain||vehicle_untreated","GSE222284","solo_riferimento",0,2
"HGNC:6014||gain||vehicle_untreated","GSE227737","solo_riferimento",0,1
"HGNC:6014||gain||vehicle_untreated","GSE59275","solo_riferimento",0,2
"HGNC:6018||gain||vehicle_untreated","GSE113185","solo_riferimento",0,1
"MeSH:D000074285||gain||non smoker","GSE182923","solo_riferimento",0,1
"MeSH:D000077192||gain||vehicle_untreated","GSE145896","solo_riferimento",0,1
"MeSH:D000077192||gain||vehicle_untreated","GSE197346","solo_riferimento",0,1
"MeSH:D000077192||gain||vehicle_untreated","GSE236939","solo_riferimento",0,1
"MeSH:D000077273||gain||vehicle_untreated","GSE124841","solo_riferimento",0,1
"MeSH:D000077273||gain||vehicle_untreated","GSE153659","solo_riferimento",0,3
"MeSH:D000077273||gain||vehicle_untreated","GSE201365","solo_riferimento",0,1
"MeSH:D001172||gain||vehicle_untreated","GSE117769","solo_riferimento",0,1
"MeSH:D001172||gain||vehicle_untreated","GSE189136","solo_riferimento",0,1
"MeSH:D001943||gain||vehicle_untreated","GSE157086","solo_riferimento",0,1
"MeSH:D002292||gain||vehicle_untreated","GSE252600","solo_riferimento",0,3
"MeSH:D003093||gain||vehicle_untreated","GSE137344","solo_riferimento",0,4
"MeSH:D003424||gain||vehicle_untreated","GSE117875","solo_riferimento",0,1
"MeSH:D003424||gain||vehicle_untreated","GSE137344","solo_riferimento",0,2
"MeSH:D003424||gain||vehicle_untreated","GSE139179","solo_riferimento",0,2
"MeSH:D003424||gain||vehicle_untreated","GSE199906","solo_riferimento",0,1
"MeSH:D003424||gain||vehicle_untreated","GSE233900","solo_riferimento",0,1
"MeSH:D006528||gain||vehicle_untreated","GSE216613","solo_riferimento",0,1
"MeSH:D006528||gain||vehicle_untreated","GSE263134","solo_riferimento",0,1
"MeSH:D006528||gain||vehicle_untreated","GSE73708","solo_riferimento",0,1
"MeSH:D006816||gain||vehicle_untreated","GSE105041","solo_riferimento",0,4
"MeSH:D006816||gain||vehicle_untreated","GSE129473","solo_riferimento",0,2
"MeSH:D006816||gain||vehicle_untreated","GSE64810","solo_riferimento",0,4
"MeSH:D008175||gain||vehicle_untreated","GSE148862","solo_riferimento",0,1
"MeSH:D008175||gain||vehicle_untreated","GSE216561","solo_riferimento",0,1
"MeSH:D008175||gain||vehicle_untreated","GSE234170","solo_riferimento",0,4
"MeSH:D008180||gain||vehicle_untreated","GSE168527","solo_riferimento",0,2
"MeSH:D008180||gain||vehicle_untreated","GSE80183","solo_riferimento",0,1
"MeSH:D008224||gain||vehicle_untreated","GSE145842","solo_riferimento",0,1
"MeSH:D008224||gain||vehicle_untreated","GSE148656","solo_riferimento",0,3
"MeSH:D008224||gain||vehicle_untreated","GSE62241","solo_riferimento",0,1
"MeSH:D009362||gain||vehicle_untreated","GSE147493","solo_riferimento",0,1
"MeSH:D009362||gain||vehicle_untreated","GSE159851","solo_riferimento",0,1
"MeSH:D009362||gain||vehicle_untreated","GSE256492","solo_riferimento",0,1
"MeSH:D010300||gain||vehicle_untreated","GSE128177","solo_riferimento",0,2
"MeSH:D010300||gain||vehicle_untreated","GSE140089","solo_riferimento",0,1
"MeSH:D013274||gain||vehicle_untreated","GSE184336","solo_riferimento",0,1
"MeSH:D015179||gain||vehicle_untreated","GSE157086","solo_riferimento",0,1
"MeSH:D015179||gain||vehicle_untreated","GSE189212","solo_riferimento",0,1
"MeSH:D015179||gain||vehicle_untreated","GSE216561","solo_riferimento",0,4
"NCBITaxon:11320||gain||vehicle_untreated","GSE197143","solo_riferimento",0,1
"NCBITaxon:11676||gain||vehicle_untreated","GSE103666","solo_riferimento",0,2
"NCBITaxon:11676||gain||vehicle_untreated","GSE124118","solo_riferimento",0,4
"NCBITaxon:11676||gain||vehicle_untreated","GSE137644","solo_riferimento",0,2
"NCBITaxon:11676||gain||vehicle_untreated","GSE164264","solo_riferimento",0,1
"NCBITaxon:1280||gain||vehicle_untreated","GSE211868","solo_riferimento",0,1
"NCBITaxon:1280||gain||vehicle_untreated","GSE217234","solo_riferimento",0,1
"NCBITaxon:1280||gain||vehicle_untreated","GSE237960","solo_riferimento",0,1
"NCBITaxon:1773||gain||vehicle_untreated","GSE103147","solo_riferimento",0,3
"NCBITaxon:1773||gain||vehicle_untreated","GSE143982","solo_riferimento",0,1
"NCBITaxon:1773||gain||vehicle_untreated","GSE190850","solo_riferimento",0,1
"NCBITaxon:1773||gain||vehicle_untreated","GSE203395","solo_riferimento",0,1
"NCBITaxon:2697049||gain||vehicle_untreated","GSE153277","solo_riferimento",0,2
"NCBITaxon:2697049||gain||vehicle_untreated","GSE161281","solo_riferimento",0,1
"NCBITaxon:2697049||gain||vehicle_untreated","GSE169241","solo_riferimento",0,1
"NCBITaxon:2697049||gain||vehicle_untreated","GSE181238","solo_riferimento",0,1
"NCBITaxon:2697049||gain||vehicle_untreated","GSE183850","solo_riferimento",0,2
"NCBITaxon:2697049||gain||vehicle_untreated","GSE183999","solo_riferimento",0,2
"NCBITaxon:2697049||gain||vehicle_untreated","GSE196464","solo_riferimento",0,2
"NCBITaxon:2697049||gain||vehicle_untreated","GSE198449","solo_riferimento",0,12
"NCBITaxon:2697049||gain||vehicle_untreated","GSE202963","solo_riferimento",0,1
"NCBITaxon:2697049||gain||vehicle_untreated","GSE206677","solo_riferimento",0,1
"NCBITaxon:2697049||gain||vehicle_untreated","GSE233732","solo_riferimento",0,1
"NCBITaxon:2697049||gain||vehicle_untreated","GSE237059","solo_riferimento",0,1
"NCBITaxon:2697049||gain||vehicle_untreated","GSE244484","solo_riferimento",0,1
"NCBITaxon:562||gain||vehicle_untreated","GSE131320","solo_riferimento",0,2
"NCBITaxon:562||gain||vehicle_untreated","GSE222117","solo_riferimento",0,1
"NCBITaxon:562||gain||vehicle_untreated","GSE237960","solo_riferimento",0,1
"NCBITaxon:64320||gain||vehicle_untreated","GSE235210","solo_riferimento",0,1
"STR:adenoma||gain||vehicle_untreated","GSE208107","solo_riferimento",0,1
"STR:adenoma||gain||vehicle_untreated","GSE222298","solo_riferimento",0,2
"STR:adenoma||gain||vehicle_untreated","GSE72820","solo_riferimento",0,1
"STR:asthma||gain||vehicle_untreated","GSE145505","solo_riferimento",0,1
"STR:asthma||gain||vehicle_untreated","GSE201955","solo_riferimento",0,1
"STR:asthmatic||gain||vehicle_untreated","GSE240567","solo_riferimento",0,5
"STR:atra||gain||vehicle_untreated","GSE93996","solo_riferimento",0,1
"STR:bipolar_disorder||gain||vehicle_untreated","GSE234795","solo_riferimento",0,1
"STR:copd||gain||vehicle_untreated","GSE178807","solo_riferimento",0,1
"STR:covid_19||gain||vehicle_untreated","GSE165461","solo_riferimento",0,2
"STR:cystic_fibrosis||gain||vehicle_untreated","GSE110935","solo_riferimento",0,1
"STR:diabetic||gain||vehicle_untreated","GSE175988","solo_riferimento",0,1
"STR:diabetic||gain||vehicle_untreated","GSE89475","solo_riferimento",0,1
"STR:f_nucleatum||gain||vehicle_untreated","GSE118691","solo_riferimento",0,1
"STR:f_nucleatum||gain||vehicle_untreated","GSE191257","solo_riferimento",0,1
"STR:f_nucleatum||gain||vehicle_untreated","GSE236117","solo_riferimento",0,1
"STR:fshd||gain||vehicle_untreated","GSE102812","solo_riferimento",0,1
"STR:heart_failure||gain||vehicle_untreated","GSE135055","solo_riferimento",0,2
"STR:hepatoblastoma||gain||vehicle_untreated","GSE104766","solo_riferimento",0,2
"STR:hepatoblastoma||gain||vehicle_untreated","GSE133039","solo_riferimento",0,1
"STR:hepatoblastoma||gain||vehicle_untreated","GSE89775","solo_riferimento",0,1
"STR:hypoxia||gain||vehicle_untreated","GSE139233","solo_riferimento",0,1
"STR:hypoxia||gain||vehicle_untreated","GSE151610","solo_riferimento",0,2
"STR:hypoxia||gain||vehicle_untreated","GSE176123","solo_riferimento",0,2
"STR:hypoxia||gain||vehicle_untreated","GSE180467","solo_riferimento",0,1
"STR:hypoxia||gain||vehicle_untreated","GSE224973","solo_riferimento",0,2
"STR:hypoxia||gain||vehicle_untreated","GSE228269","solo_riferimento",0,1
"STR:hypoxia||gain||vehicle_untreated","GSE233425","solo_riferimento",0,1
"STR:hypoxia||gain||vehicle_untreated","GSE267662","solo_riferimento",0,1
"STR:hypoxia||gain||vehicle_untreated","GSE70544","solo_riferimento",0,1
"STR:idiopathic_pulmonary_fibrosis||gain||vehicle_untreated","GSE99621","solo_riferimento",0,1
"STR:keratoconus||gain||vehicle_untreated","GSE112155","solo_riferimento",0,1
"STR:keratoconus||gain||vehicle_untreated","GSE151631","solo_riferimento",0,1
"STR:keratoconus||gain||vehicle_untreated","GSE241715","solo_riferimento",0,1
"STR:multiple_sclerosis||gain||vehicle_untreated","GSE168527","solo_riferimento",0,2
"STR:nash||gain||vehicle_untreated","GSE173735","solo_riferimento",0,1
"STR:nutlin_3a||gain||vehicle_untreated","GSE135870","solo_riferimento",0,1
"STR:nutlin_3a||gain||vehicle_untreated","GSE137297","solo_riferimento",0,1
"STR:nutlin_3a||gain||vehicle_untreated","GSE139003","solo_riferimento",0,3
"STR:nutlin_3a||gain||vehicle_untreated","GSE80716","solo_riferimento",0,1
"STR:obese||gain||vehicle_untreated","GSE168705","solo_riferimento",0,1
"STR:obese||gain||vehicle_untreated","GSE196387","solo_riferimento",0,1
"STR:pdac||gain||vehicle_untreated","GSE133684","solo_riferimento",0,1
"STR:pm2_5||gain||vehicle_untreated","GSE208331","solo_riferimento",0,1
"STR:r5020||gain||vehicle_untreated","GSE247777","solo_riferimento",0,1
"STR:r5020||gain||vehicle_untreated","GSE80366","solo_riferimento",0,1
"STR:radiation||gain||vehicle_untreated","GSE195919","solo_riferimento",0,2
"STR:radiation||gain||vehicle_untreated","GSE196453","solo_riferimento",0,3
"STR:radiation||gain||vehicle_untreated","GSE262746","solo_riferimento",0,1
"STR:sarcopenia||gain||vehicle_untreated","GSE111006","solo_riferimento",0,1
"STR:sarcopenia||gain||vehicle_untreated","GSE111010","solo_riferimento",0,1
"STR:sarcopenia||gain||vehicle_untreated","GSE111016","solo_riferimento",0,1
"STR:sarcopenia||gain||vehicle_untreated","GSE226151","solo_riferimento",0,2
"STR:schizophrenia||gain||vehicle_untreated","GSE138082","solo_riferimento",0,1
"STR:sjogren_s_syndrome||gain||vehicle_untreated","GSE154926","solo_riferimento",0,1
"STR:snx631||gain||vehicle_untreated","GSE240167","solo_riferimento",0,1
"STR:snx631||gain||vehicle_untreated","GSE240369","solo_riferimento",0,5
"STR:snx631||gain||vehicle_untreated","GSE240370","solo_riferimento",0,1
"STR:steatotic||gain||vehicle_untreated","GSE155498","solo_riferimento",0,1
"STR:steatotic||gain||vehicle_untreated","GSE192741","solo_riferimento",0,1
"STR:steatotic||gain||vehicle_untreated","GSE204919","solo_riferimento",0,3
"STR:vegf||gain||vehicle_untreated","GSE210522","solo_riferimento",0,1
"STR:vegf||gain||vehicle_untreated","GSE221860","solo_riferimento",0,1
"STR:vegf||gain||vehicle_untreated","GSE221861","solo_riferimento",0,1
"STR:vegf||gain||vehicle_untreated","GSE235462","solo_riferimento",0,1
