study_id,caso,meccanismo,motivo
GSE100785,B,lo studio entra o esce dal pooling,ENTRATO con due confronti appaiati anche sull'eta' e sul tessuto: il riferimento non poolava questo studio.
GSE100855,C,l appaiamento del braccio di controllo cambia,"Quattro confronti in entrambe le esecuzioni, due HeLa e due fibroblasti, ognuno appaiato al proprio interno: ora la distinzione e' il lotto ('fourth/second/third batch' su entrambi i bracci), nel riferimento era la linea ('Engineered HeLa S3 ...' su entrambi i bracci). Il nuovo perde dose, durata e la qualifica 'Engineered', il vecchio perde il lotto: due descrizioni della stessa partizione, entrambe difendibili."
GSE101993,A,altro,"Il nuovo sostituisce il controllo di CELLULE del riferimento («Primary Human Bronchial Epithelial Cells Healthy») con «Primary Human Bronchial Tissue», introducendo una discordanza di materiale che prima non era leggibile. Se si accetta la lettura di A, e' C — dichiarato."
GSE102209,B,lo studio entra o esce dal pooling,"ENTRATO con 'xenograft of patient sample + imatinib' contro 'xenograft of patient sample + DMSO', appaiato: il riferimento lasciava fuori uno studio valido."
GSE102505,B,altro,"Il nuovo aggiunge 'glioma derived stem cells + Tunicamycin' vs '... + DMSO', che il riferimento non poolava: coppia pulita, tipo cellulare identico sui due bracci."
GSE102674,C,solo la formulazione dell etichetta cambia,"Solo la formulazione cambia: 'TGFβ1 Treated' contro 'Vehicle Control' ora, 'TGFβ1' contro '-vehicle' nel riferimento. Stesso contrasto."
GSE102677,C,il tempo o la dose vengono dichiarati o persi,Il difetto della combinazione c'e' in ENTRAMBE le esecuzioni ('PBMC + Metformin + MtbLysate' contro un controllo non stimolato); cambia solo l'indicazione del donatore sul controllo. Nessuna delle due e' migliore.
GSE102812,A,altro,"Nel riferimento era 'FSHD' vs 'Control', caso-controllo pulito e sull'entita' del gruppo; ora non e' poolato in nessuna meta-analisi."
GSE103501,B,l appaiamento del braccio di controllo cambia,Ora due coppie appaiate per linea ('LPS-treated H-391' vs 'Medium-treated H-391' e SYS-177); il riferimento aveva solo SYS-177.
GSE103930,C,solo la formulazione dell etichetta cambia,"'IL17A stimulation' vs 'Untreated' ora, 'PBMC CD4 + IL17A' vs 'PBMC CD4 (untreated)' prima: stesso contrasto, il riferimento e' solo piu' informativo sul tipo cellulare."
GSE104178,C,l appaiamento del braccio di controllo cambia,"'Matched Normal Mucosa' ora contro 'Normal Mucosa' prima: l'etichetta nuova dichiara l'appaiamento per paziente che la vecchia taceva, ma il contrasto e' lo stesso."
GSE104193,C,altro,"Ora ""MCF10A Hypoxia""/""MDA-MB-231 Hypoxia"" contro le rispettive normossie; nel riferimento le coppie con PP242 tenuto costante sui due lati. Entrambe le costruzioni isolano l'ipossia, l'etichetta non permette di preferirne una."
GSE104282,B,l appaiamento del braccio di controllo cambia,"Aggiunta la coppia dentro lo stesso paziente HIDS ('HIDS patient 1, LPS 24h' vs 'HIDS patient 1, RPMI 24h'); entrambe appaiate per soggetto."
GSE104348,B,lo studio entra o esce dal pooling,"ENTRATO con 'IFNB, fetal' vs 'Mock, fetal', appaiato sul materiale fetale; nel riferimento non era poolato."
GSE104869,A,lo studio entra o esce dal pooling,"USCITO. Il riferimento poolava qui 'Vemurafenib' contro 'DMSO', etichetta che nomina il farmaco dichiarato dal gruppo; ora lo studio compare solo sotto CHEBI:27881 e CHEBI:28119 mentre CHEBI:63637 esiste ancora. L'etichetta decide il composto e il nuovo run non lo porta nel gruppo di quel composto."
GSE104917,C,l appaiamento del braccio di controllo cambia,"Ora solo 'Temozolomide 72h' vs 'DMSO 72h'; nel riferimento anche la coppia a 24h. Tutte e due appaiate per tempo: il nuovo copre di meno, non sbaglia."
GSE105088,C,l appaiamento del braccio di controllo cambia,"Cambia solo il controllo dichiarato: ""LNCaP_PBS"" ora, ""LNCaP + DMEM medium"" nel riferimento. Entrambi sono controlli non trattati sulla stessa linea, appaiati a ""LNCaP_IL-1beta""; l'etichetta non dice quale sia il veicolo vero."
GSE105160,C,altro,Il riferimento fondeva i trattati in un braccio unico contro lo stesso mock trasfettato (nascondendo l'eventuale mescolanza); il nuovo li separa dichiarando la trasfezione su uno solo (rendendo visibile un'asimmetria). Nessuna delle due e' pulita: l'etichetta sorgente e' ambigua sulla modalita' di somministrazione.
GSE105951,C,solo la formulazione dell etichetta cambia,Sola riscrittura del controllo («Untreated Proliferating» → «No Treatment (Proliferating)»).
GSE106336,C,solo la formulazione dell etichetta cambia,"Stesso contrasto, il nuovo aggiunge la linea sull'etichetta («Gemcitabine 10 µM» / «PBS vehicle control» → «HPAFII_Gemcitabine_10_uM» / «HPAFII_PBS»)."
GSE107638,C,l appaiamento del braccio di controllo cambia,"Correggo il lettore (diceva A). La sua motivazione era 'OLIG2 Vehicle non dichiara piu' un controllo sano', ma la stessa etichetta era stata da lui dichiarata artefatto due righe sopra. Sull'etichetta la coppia resta appaiata per tipo cellulare ('OLIG2 Schizophrenia' vs 'OLIG2 Vehicle'), come nel riferimento ('OLIG2 Schizophrenia' vs 'OLIG2 Control'). Resta il fatto verificabile che il confronto Cyto sparisce (2 ora contro 3): perdita di copertura, non difetto di appaiamento."
GSE107781,B,lo studio entra o esce dal pooling,"Entra ora con ""C4-2B + EPZ6438"" vs ""C4-2B + DMSO"", coppia appaiata sulla stessa linea; nel riferimento non era poolato in nessuna meta-analisi."
GSE108038,A,lo studio entra o esce dal pooling,"USCITO. ""IL4"" vs ""control"" era appaiato e senza difetto leggibile: perdita netta."
GSE108177,C,l appaiamento del braccio di controllo cambia,"Cambia la linea poolata: 'MCF7 + 5-aza-CdR' contro 'MCF7 + PBS' ora, 'HL60 ... 5-aza-CdR' contro 'HL60 ... PBS' nel riferimento. Entrambi appaiati per linea e veicolo."
GSE108308,C,solo la formulazione dell etichetta cambia,"Solo formulazione: `MCF-7 + estradiol (10 nM)` → `MCF-7 + vehicle` contro `estradiol` → `vehicle`. La nuova e' piu' esplicita, l'appaiamento non cambia."
GSE108406,B,lo studio entra o esce dal pooling,"ENTRATO. 'Nutlin-3' contro 'Control': confronto sull'entita' del gruppo, che il riferimento non poolava in nessuna meta-analisi."
GSE109181,C,solo la formulazione dell etichetta cambia,"Stesso contrasto con etichetta piu' esplicita (""Treated (poly(I:C))"" contro ""Control (vehicle)"")."
GSE109313,C,l appaiamento del braccio di controllo cambia,"Due confronti in entrambe le esecuzioni; ora il controllo nasale nomina l'individuo ('Normal Nasal Epithelium Indiv 1'), prima era generico. Il materiale resta appaiato in tutte e due."
GSE109720,B,lo studio entra o esce dal pooling,"ENTRATO: 'EBC1 cells treated with Crizotinib' → 'EBC1 cells with no treatment', appaiato sulla stessa linea."
GSE110041,B,lo studio entra o esce dal pooling,"ENTRATO: nel riferimento non era poolato, ora porta tre confronti di IL-3 vera appaiati per tempo ('IL3 6h'→'Untreated 6h', 'IL3 24h'→'Untreated 24h'). Il nuovo recupera l'entita' giusta e riduce il peso relativo dell'intruso."
GSE110397,B,lo studio entra o esce dal pooling,ENTRATO con coppia appaiata per linea ('H2030 Trametinib' vs 'H2030 Vehicle').
GSE110709,A,lo studio entra o esce dal pooling,"USCITO: tre coppie appaiate per linea (LAN5, SK-N-BE(2), SK-N-FI contro il rispettivo controllo); ora non e' poolato. Era l'unico contributo di neuroblastoma del gruppo."
GSE110935,A,lo studio entra o esce dal pooling,USCITO: «CF Donor 3» vs «Healthy Control Donor 17» e' un caso-controllo legittimo (donatori diversi sono il disegno) e ora non e' poolato in nessuna meta-analisi.
GSE110947,B,lo studio entra o esce dal pooling,"ENTRATO con una coppia appaiata nel tempo ('LPS (4h) Donor 34' vs 'Vehicle control (4h)'). Il donatore non e' ripetuto nel controllo: assenza di annotazione, sospetto non difetto; l'ingresso resta un guadagno."
GSE111009,C,altro,Stessi due contrasti (con e senza p53shRNA su entrambi i bracci); cambia il solo suffisso dell'etichetta.
GSE111379,C,solo la formulazione dell etichetta cambia,"Stessa coppia HeyA8/DMSO, cambia solo la dicitura."
GSE112057,C,altro,"Il controllo passa da ""Healthy Control"" a ""Control"": differenza di sola scrittura."
GSE112523,C,altro,"'Schizophrenia (Donor 9)' vs 'Control (Donor 10)' ora, 'Schizophrenia (Donor 9)' vs 'Control (Donor 21)' prima: in un caso-controllo i donatori differiscono per forza e l'etichetta non permette di preferire una coppia all'altra."
GSE112568,A,lo studio entra o esce dal pooling,"USCITO: portava `SW620 + Estradiol` → `SW620 + DMSO`, appaiato; ora non e' poolato in nessuna meta-analisi."
GSE112983,B,lo studio entra o esce dal pooling,ENTRATO con appaiamento pulito (`Estradiol-treated HepG2 cells` → `DMSO-treated HepG2 cells`).
GSE113185,A,lo studio entra o esce dal pooling,"USCITO. ""IL-4"" vs ""DMSO"": il controllo e' un veicolo, ammesso dal verso del gruppo, e nessuna etichetta mostra un mismatch fra i bracci."
GSE113210,C,altro,"Stessa assegnazione nelle due esecuzioni, cambia solo l'etichetta ('influenza' vs 'control' ora, 'influenza at AV' vs 'Control CV' prima). Nessuna delle due e' preferibile sull'etichetta, ma va detto che il run NUOVO rende invisibile il segnale (le sigle di visita) su cui poggia il verdetto di incoerenza."
GSE113524,C,altro,"Un confronto ora ('Alzheimer's Disease (Patient1)'→'Healthy'), due nel riferimento (Patient1 e Patient2). Entrambe pulite: il nuovo perde un paziente, nessuna delle due assegnazioni e' sbagliata."
GSE113604,C,altro,"3 coppie ora, 4 nel riferimento (manca 'RD-ES + JQ1' vs 'RD-ES + DMSO'). Tutte pulite in entrambe: differenza di sola copertura."
GSE113685,C,l appaiamento del braccio di controllo cambia,"Stesse due coppie: il nuovo aggiunge dose e tempo nell'etichetta (""HS 578T breast Paclitaxel 20nM 72h"" vs ""HS 578T TNBC DMSO"") dove il vecchio scriveva due volte ""HS 578T + Paclitaxel"" vs ""HS 578T + DMSO"". Nessuna differenza di contrasto; entrambe le rese condividono lo stesso controllo."
GSE113922,B,il tempo o la dose vengono dichiarati o persi,"Il riferimento poolava il solo donatore 1013; ora entrambi i donatori, ciascuno contro il PROPRIO veicolo ('donor 226 ... palbociclib' vs 'donor 226 ... vehicle control'). Nessun incrocio fra donatori: potenza in piu' senza difetti in piu'."
GSE114273,B,lo studio entra o esce dal pooling,"ENTRATO con 'olaparib' contro 'DMSO', appaiato: il riferimento lasciava fuori uno studio valido."
GSE114284,C,altro,"'BEAS-2B untreated (wild-type)' ora, 'BEAS-2B + untreated' prima: cambia solo l'annotazione del controllo, il contrasto e' identico."
GSE114686,B,l appaiamento del braccio di controllo cambia,"Il nuovo aggiunge ""Erlotinib 3 uM 72h"" vs ""DMSO 0.001 uM 72h"", appaiata nel tempo come la 24h che c'era gia'. Guadagno di un confronto pulito."
GSE115205,B,lo studio entra o esce dal pooling,"ENTRATO: entra 'SAHA 2.5uM 8330-8-RC1' vs 'DMSO 8330-8-RC1', appaiato per linea sui due bracci, che nel riferimento non era poolato in nessuna meta-analisi."
GSE115311,C,il tempo o la dose vengono dichiarati o persi,"Il nuovo tiene la sola coppia «ES-derived vascular smooth muscle cells, TNFa stimulation» vs «... untreated»; la coppia MSC persa nel riferimento portava 'undifferentiated' solo sul controllo, che e' un qualificatore unilaterale e non un difetto provato. Perdita di copertura, non correzione."
GSE115421,C,altro,"Stessa coppia, il nuovo toglie il riferimento al batch (""hASC-derived_adipocytes_rosiglitazone"" vs ""hASC-derived_adipocytes_DMSO"" contro ""Rosiglitazone-treated hASC-derived Adipocytes (fourth batch)"" vs ""DMSO-treated hASC-derived Adipocytes""). Nessun elemento nell'etichetta per scegliere."
GSE115514,A,lo studio entra o esce dal pooling,"USCITO: «Monocytes treated with Dexamethasone (Dex)» vs «Monocytes treated with DMSO vehicle» e' appaiato e pulito, e ora non e' poolato."
GSE115650,C,solo la formulazione dell etichetta cambia,"'FSHD male age 25' vs 'Control' ora, 'FSHD male 25 years old' vs 'Control 2' prima: stesso contrasto, sola riformulazione."
GSE116899,C,solo la formulazione dell etichetta cambia,Sola riformulazione: 'RA blood neutrophils' vs 'Healthy blood neutrophils' diventa 'RA Neutrophils (Blood)' vs 'Healthy Neutrophils (Blood)'.
GSE116927,C,solo la formulazione dell etichetta cambia,"Stesso contrasto IL-13 vs veicolo. Il riferimento aveva etichette nude ('IL13' vs 'Vehicle'), il nuovo aggiunge i descrittori 'tissue'/'epithelia': nessuna delle due versioni e' resa sbagliata dall'etichetta."
GSE117446,C,altro,"Stesso confronto, la linea passa da 'Glioma Cell Line' a 'Tumor-derived cell-line' su entrambi i lati: equivalenti."
GSE117610,C,solo la formulazione dell etichetta cambia,Stesso contrasto con etichetta abbreviata ('PC9 cells treated with Gefitinib'→'Untreated PC9 cells' contro 'PC9 NSCLC cells ...'→'Untreated PC9 NSCLC cells').
GSE117620,B,lo studio entra o esce dal pooling,"ENTRATO: 'TB98 cells treated with 10 nM resveratrol' e '... 20 uM resveratrol' vs 'TB98 cells treated with DMSO', appaiati per linea e veicolo."
GSE117769,A,altro,"Nel riferimento era 'Rheumatoid arthritis patient SN393' vs 'Healthy donor C137', caso-controllo pulito; ora non e' poolato in nessuna meta-analisi."
GSE117875,A,lo studio entra o esce dal pooling,"Uscito. Nel riferimento ""Crohn's disease ileum adolescent"" contro ""Healthy ileum adolescent"": sede ed eta' appaiate, perdita netta."
GSE117970,C,l appaiamento del braccio di controllo cambia,"Entrambe le esecuzioni appaiano per tipo cellulare (monociti con monociti, TAM con TAM); il difetto di compartimento e' pre-esistente e identico nelle due."
GSE118152,A,lo studio entra o esce dal pooling,"ENTRATO: il nuovo porta dentro 'DHT_ENZ' contro 'Control (EtOH_DMSO)', combinazione DHT+enzalutamide; il riferimento non poolava questo studio in nessuna meta-analisi."
GSE118319,C,solo la formulazione dell etichetta cambia,"Stessi tre contrasti, solo riscritti; l'asimmetria sul differenziamento e' presente identica in entrambe le esecuzioni (anzi il riferimento la scrive piu' esplicita), quindi nessuna delle due e' migliore dell'altra."
GSE118548,C,solo la formulazione dell etichetta cambia,Sola riscrittura ('Trametinib' vs 'DMSO' contro le stesse con '(2 replicates)').
GSE119047,C,il tempo o la dose vengono dichiarati o persi,"Correggo il lettore (diceva B). Il confronto perso dal run nuovo, 'IL17A TGFlo' vs 'PBS', non e' dimostrabilmente difettoso: 'PBS' e' nudo, non dichiara lo stato di TGF, e serve identico anche il braccio 'IL17A' semplice. Il run nuovo tiene un confronto pulito, il vecchio ne teneva due di cui uno non provabile: nessuna delle due assegnazioni e' smentita dall'etichetta."
GSE119606,C,l appaiamento del braccio di controllo cambia,"Le due coppie sono appaiate nel tempo (2h con 2h, 48h con 48h) in entrambi i run; cambia solo 'Vehicle control' contro 'Vehicle'."
GSE119978,B,lo studio entra o esce dal pooling,"ENTRATO con ""H358 Cisplatin"" vs ""H358 Vehicle (DMSO)"", coppia farmaco/veicolo sulla stessa linea che il riferimento non poolava affatto."
GSE120178,C,l appaiamento del braccio di controllo cambia,"Cinque confronti per paziente/sottogruppo contro 'Healthy' ora, uno solo ('RA Day 1 (Group 1)' vs 'Healthy Controls') nel riferimento. Entrambe sono caso-controllo appaiate; cambia la granularita' e, con essa, il peso dello studio nel gruppo — nel run nuovo fino al 98%."
GSE120523,B,lo studio entra o esce dal pooling,"ENTRATO con ""Hypoxia (Endothelial)"" contro ""Control"" dello stesso studio. Il rilievo del critico B non regge: il controllo nudo non dichiara un materiale diverso, e lo studio porta un solo confronto."
GSE120784,C,altro,"Le stesse quattro coppie per tipo cellulare, sola resa testuale diversa (""dermal fibroblasts IL-1b"" vs ""dermal fibroblasts unstimulated"" contro ""Dermal Fibroblasts IL-1b Stimulated"" vs ""Dermal Fibroblasts Unstimulated""). Nessuna differenza di contrasto."
GSE120886,B,altro,"Aggiunge la coppia pulita ""RCC4+VHL hypoxia"" contro ""RCC4+VHL normoxia"" e allinea il controllo HKC8 (""control"" invece di ""untreated"")."
GSE120891,C,solo la formulazione dell etichetta cambia,"Sola riformulazione: 'ARPE19 cells exposed to CMV/TB40e' diventa 'ARPE19 cells infected with CMV/TB40e (MOI=3) for 48 hours', con lo stesso 'mock-infected' in entrambe le esecuzioni."
GSE120904,C,altro,"Stessi tre confronti in entrambe le esecuzioni, con ""vehicle_only""/""vehicle only"" e ""(alternative)"" come sole differenze di grafia: il difetto ""IL15 and CP"" contro veicolo e' presente in tutte e due."
GSE121105,B,lo studio entra o esce dal pooling,"ENTRATO: 'BT474 trastuzumab' → 'BT474 no treatment', appaiato sulla stessa linea."
GSE121376,C,il tipo di controllo e stato normalizzato diversamente,"'Schizophrenia Case' vs 'Healthy Control (Negative)' contro 'Schizophrenia' vs 'Healthy Control': stessa entita', stesso verso, stesso tipo di controllo; '(Negative)' non e' interpretabile ma non sposta nulla."
GSE122274,C,altro,"Prima 'Mixed_ATN_AIN_sepsis' vs 'Mixed_ATN_AIN', ora 'ATN_sepsis' vs 'ATN'. In entrambe il fondo renale e' identico sui due bracci e il delta e' la sepsi: cambia il sottoinsieme di pazienti, non la correttezza."
GSE122305,A,altro,"Nel riferimento l'etichetta era un contrasto IL-17A pulito e sull'entita' del gruppo ('IL-17A' vs 'Control (PBS-0.1%BSA)'); ora lo studio compare solo sotto HGNC:11766 e HGNC:11892. Dichiaro il limite: le etichette nuove di quello studio non sono in questo blocco, quindi il giudizio poggia sul fatto che quella del riferimento e' inequivocabile."
GSE122409,A,l appaiamento del braccio di controllo cambia,"Il riferimento poolava anche ""CD3+ Vd2+ CD26+ CD94lo +IL2"" contro il proprio controllo di identico fenotipo: una terza coppia appaiata che il nuovo perde senza motivo leggibile."
GSE123141,B,altro,"Nel riferimento c'erano due confronti e uno portava una terapia scritta sul solo braccio malato ('Ulcerative Colitis, Systemic Immunosuppression, Never Smoked' → 'Normal Control, Never Smoked'); ora resta il solo strato senza terapia. Il nuovo azzecca dove il vecchio sbagliava. Dichiaro la scelta: il critico A legge l'immunosoppressione come strato clinico obbligatorio, ma lo stesso studio possiede lo strato non immunosoppresso, quindi l'esposizione non e' obbligatoria e la lettura che non sovrastima il dato e' quella che la conta come perturbazione aggiunta."
GSE123285,C,altro,Due voci con etichette identiche e stesso n contro una sola nel riferimento: dalle etichette non si decide se siano insiemi distinti o lo stesso confronto contato due volte.
GSE123468,C,l appaiamento del braccio di controllo cambia,"Un confronto 'FSHD' vs 'Control' ora, tre per paziente ('FSHD Patient 1/3/4' vs 'Control') nel riferimento: tutti caso-controllo appaiati, il nuovo perde granularita' ma non correttezza."
GSE123637,C,solo la formulazione dell etichetta cambia,Sola riscrittura ('MM.1S in vitro treated with Bortezomib' contro 'MM.1S_Bortezomib').
GSE123638,B,l appaiamento del braccio di controllo cambia,"Recuperata la coppia 'Bortezomib, shPSMD2' vs 'DMSO, shPSMD2', con la genetica appaiata sui due bracci; il riferimento aveva solo la 'uninduced'."
GSE123658,C,il tempo o la dose vengono dichiarati o persi,"Caso-controllo in entrambe, cambia solo il donatore sano scelto («Healthy donor 1790» ora, «Healthy donor 0131» nel riferimento)."
GSE123763,C,l appaiamento del braccio di controllo cambia,"Il riferimento aveva anche 'GAR15-13_DHT' contro 'GAR15-13_Vehicle'; entrambe le coppie sono appaiate sul modello. Differenza di potenza, non di appaiamento."
GSE123766,C,solo la formulazione dell etichetta cambia,Cambia solo la formulazione del trattato (`Enzalutamide (Replicate)` contro `Enzalutamide`) verso lo stesso `Vehicle`.
GSE123807,B,lo studio entra o esce dal pooling,ENTRATO (gruppo nuovo). 'G007-LK' contro 'DMSO': confronto pulito e sull'entita'; il riferimento non poolava questo studio in nessuna meta-analisi.
GSE124450,C,solo la formulazione dell etichetta cambia,Stesso contrasto con etichetta piu' ricca ora ('CLB-GA ... crizotinib (500 nM)'→'CLB-GA ... vehicle control') rispetto a 'Crizotinib 500 nM'→'Control'.
GSE124622,C,solo la formulazione dell etichetta cambia,"Riferimento 'Adriamycin-treated Podocytes' contro 'Untreated Podocytes'; ora 'Adriamycin-treated (replicate)' contro 'Control'. Stesso contrasto, si perde il tipo cellulare nel testo."
GSE124704,C,l appaiamento del braccio di controllo cambia,"Il nuovo pesca 6 confronti dove il vecchio ne pescava 3, aggiungendo LuCaP 77CR-ENZR D5 e LuCaP 96CR-ENZR D5, tutti appaiati modello-per-modello e tempo-per-tempo. Entrambe difendibili; sul nuovo resta il doppio conteggio della coppia EOS di LuCaP 96CR-ENZR (due entry con etichette identiche e lo stesso controllo)."
GSE124939,A,lo studio entra o esce dal pooling,Uscito. 'Normal IFNg control_4' → 'Normal control control_1': i suffissi leggono come identificativi di campione e il contrasto IFNg-vs-controllo e' nello stesso materiale 'Normal'. Perdita non giustificata dall'etichetta.
GSE125014,A,lo studio entra o esce dal pooling,"USCITO da ogni pooling; era 'LNCaP + DHT' contro 'LNCaP + Vehicle', appaiato: il nuovo perde un confronto valido."
GSE125066,A,lo studio entra o esce dal pooling,"ENTRATO portando dentro il confronto contaminato 'Wild-type T. gondii + IFN-β' vs 'Untreated'. Nel riferimento lo studio non era poolato, ma non per giudizio: entrambi i suoi gruppi cadevano per n_min. Il nuovo guadagna una riga pulita e ne guadagna una sbagliata; sulla riga sbagliata il vecchio non commetteva l'errore."
GSE125218,C,solo la formulazione dell etichetta cambia,Stesso contrasto sulla stessa linea; cambia la sola forma dell'etichetta.
GSE125245,A,altro,"Il riferimento aveva 3 confronti tutti puliti (DU145, LNCaP, VCaP THZ1 contro DMSO); il nuovo ne aggiunge un quarto che somma stimolazione AR e THZ1 contro solo veicolo."
GSE125437,A,lo studio entra o esce dal pooling,"Uscito. Era 'RS411 cells treated with EPZ-5676' vs 'RS411 cells treated with DMSO': stessa linea sui due bracci, confronto pulito, perso per omissione — e in un gruppo che ha gia' solo 1,4 studi efficaci."
GSE125518,C,solo la formulazione dell etichetta cambia,Sola riscrittura ('GSK-J4' vs 'DMSO' contro 'GSK-J4 treated' vs 'DMSO control').
GSE125933,A,lo studio entra o esce dal pooling,"Uscito. Nel riferimento due confronti appaiati per tempo ('Gefitinib (50uM, 24h)'→'Untreated (24h)' e 'Gefitinib (75uM, 24h)'→'Untreated (24h)'); ora non poolato. Perdita senza difetto leggibile."
GSE126003,C,solo la formulazione dell etichetta cambia,Ora 'WT_MCF7 + IL6' vs 'WT_MCF7 + PBS'; prima 'WT_MCF7 + EtOH + IL6' vs 'WT_MCF7 + EtOH + PBS'. L'etanolo era su entrambi i bracci: stesso contrasto.
GSE126395,C,solo la formulazione dell etichetta cambia,"Il riferimento diceva ""EPZ-6438-treated dermal fibroblasts"" vs ""DMSO-treated dermal fibroblasts"", il nuovo ""EPZ-6438"" vs ""DMSO"". Stesso contrasto; il nuovo perde solo il contesto cellulare nell'etichetta, e questo non basta per dire quale resa sia fedele."
GSE126409,A,cambia quali confronti dello studio sopravvivono,Il riferimento aveva otto confronti (ramo celiaco + ramo sano); ora restano i quattro sani perche' il ramo celiaco cade per n_min (il suo controllo si riduce a un campione). Il controllo a tempo zero NON e' introdotto dal nuovo: sono gli stessi GSM del riferimento con un'etichetta piu' esplicita. Il nuovo perde meta' dello studio.
GSE126517,C,il tempo o la dose vengono dichiarati o persi,"Il riferimento poolava due volte lo stesso confronto, il nuovo una: il difetto di combinazione c'e' identico in entrambi i run, nessuna delle due assegnazioni e' migliore dell'altra."
GSE126750,C,l appaiamento del braccio di controllo cambia,"Sola differenza ortografica sul trattato (""IL1beta-treated"" contro ""IL1b-treated""), stesso controllo ""DMSO-treated cerebellar astrocytes""."
GSE126775,C,altro,"Entrambe le esecuzioni portano il tag 'p53mut' sul solo braccio trattato, ma su righe diverse (PR-A 6h e PR-B 48h nel riferimento, PR-B 48h ora). La migrazione mostra che l'annotazione e' instabile: l'etichetta non stabilisce quale assegnazione sia quella giusta, e nessuna delle due e' pulita in senso stretto."
GSE126848,C,altro,"'NAFLD' vs 'Healthy' ora, 'NAFLD Male' vs 'Healthy' prima. Il riferimento restringeva il trattato ai maschi senza dire nulla del controllo, ma in un caso-controllo l'etichetta non basta a stabilire che i bracci differiscano davvero per sesso, ne' che la nuova nasconda qualcosa: entrambe difendibili."
GSE126964,C,il tempo o la dose vengono dichiarati o persi,"Il riferimento aveva quattro confronti con etichette mute ('Case T1a Grade1' contro 'Control T1a'), ora sei con il descrittore di paziente. Le etichette nuove RIVELANO che i normali sono riusati fra pazienti e che in un caso il sesso non torna — cosa che le vecchie nascondevano — ma in un caso-controllo entrambe le partizioni sono difendibili e l'etichetta non dice quale sia quella vera. Il nuovo run e' comunque piu' auditabile."
GSE128177,A,lo studio entra o esce dal pooling,"Con CORREZIONE. Uscito: il riferimento portava 'Parkinson's disease (male, age 65)' contro 'Healthy control (male, age 65)', appaiato per sesso ed eta', ora perso per omissione. Ma lo stesso studio portava anche un caso di 71 anni contro lo stesso controllo di 65: su metà del suo contributo l'appaiamento per eta' non c'era."
GSE128328,C,altro,"Caso-controllo in entrambe: cambia il paziente scelto («PCOS patient 2» ora, «patient 1» nel riferimento) contro lo stesso «Healthy control 1»."
GSE128728,C,altro,"Riferimento 'Doxorubicin-treated Spleen' contro 'Vehicle-treated Spleen'; ora '(Spleen, Case)' contro '(Spleen, Model)'. Stesso gruppo, stessa entita', stesso verso: cambia solo un token di classe il cui significato l'etichetta non fissa. Il vecchio era leggibile-pulito, il nuovo e' illeggibile, ma nulla prova che l'assegnazione sia cambiata."
GSE128940,C,solo la formulazione dell etichetta cambia,"'TGFB1-treated' contro 'Untreated hepatic stellate cells' ora, 'TGFB1 stimulated' contro lo stesso controllo nel riferimento: cambia il verbo."
GSE129153,A,lo studio entra o esce dal pooling,"Uscito. 'forskolin-treated' → 'untreated control', nessun difetto leggibile; ora non poolato. Perdita di potenza in un gruppo di tre studi."
GSE129210,B,lo studio entra o esce dal pooling,"ENTRATO con «TNF» vs «Untreated», appaiamento pulito; il riferimento non lo poolava in nessuna meta-analisi."
GSE130226,C,l appaiamento del braccio di controllo cambia,"Ora 5 entry «CFTRpos TNFα (2..5)» contro lo stesso «CFTRpos Untreated», nel riferimento 2 coppie (Caco2 parentale + CFTRpos). Entrambe appaiate: il nuovo perde il parentale e ripete il controllo."
GSE130246,A,altro,"Il riferimento poolava due confronti puliti (LNCaP e LNCaP sgTLE3); ora resta solo sgTLE3. Nessun difetto nuovo, ma si perde un membro pulito."
GSE130247,B,lo studio entra o esce dal pooling,"USCITO; era '22RV1 cells treated with DHT and ENZ' contro '22RV1 cells treated with EtOH_DMSO', combinazione con l'antagonista dentro il gruppo dell'agonista. Toglierlo e' corretto."
GSE130284,C,solo la formulazione dell etichetta cambia,"""Natural Killer Cells - IL-2 - 16 Hours"" contro il precedente ""... - 16h"": identico contrasto, sola riscrittura del tempo."
GSE130313,C,altro,"Stessi due contrasti stratificati (Diffuse SSc e Healthy control, ciascuno col proprio non trattato); cambia la sola grafia."
GSE131300,B,lo studio entra o esce dal pooling,ENTRATO con appaiamento pulito e materiale identico sui due bracci (`Macrophages treated with ruxolitinib` → `Macrophages treated with vehicle`).
GSE131320,A,altro,"Era in questo gruppo con ""IL-1B 24h"" e ""IL-1B 6h"" contro ""Control"", confronti senza difetti leggibili, e ora non e' poolato in nessuna meta-analisi: il nuovo perde materiale che il vecchio usava correttamente."
GSE131525,B,lo studio entra o esce dal pooling,ENTRATO con un confronto appaiato sul tipo cellulare ('Monocytes SLE SLE1' vs 'Monocytes Healthy Control HC2'); il riferimento non lo poolava in nessuna meta-analisi.
GSE131526,C,altro,"Il nuovo aggiunge «Type 1 Diabetes donor 3» contro lo stesso «Healthy Control donor 2» gia' usato nel riferimento: entrambe le assegnazioni sono caso-controllo legittime, il nuovo raddoppia il peso del controllo."
GSE131605,C,solo la formulazione dell etichetta cambia,Sola riformulazione: 'Zika virus infection (Donor 2016_19)' vs 'Mock infection' diventa 'zika_virus_infection_2016_19' vs 'mock_infection'.
GSE131726,B,lo studio entra o esce dal pooling,"ENTRATO con 'LNCaP + DHT' contro 'LNCaP + ethanol (control)', appaiato: il riferimento lasciava fuori uno studio valido."
GSE131732,A,altro,"Era in questo gruppo con ""IL-1beta"" vs ""vehicle"", coppia pulita, e ora non e' poolato da nessuna parte: perdita netta del run nuovo."
GSE132270,C,l appaiamento del braccio di controllo cambia,"Correggo il lettore, che dava A. Le tre coppie sono appaiate sul tempo in entrambe le esecuzioni; la sola differenza e' che il riferimento nominava il donatore sul trattato (e in un caso anche sul controllo). Nessuna delle due versioni mostra due donatori DIVERSI: il presunto mismatch non era leggibile nemmeno prima."
GSE132500,B,lo studio entra o esce dal pooling,"Entra ora con ""Erlotinib"" vs ""DMSO""; nel riferimento non era poolato in nessuna meta-analisi e non ha difetti leggibili."
GSE132782,B,lo studio entra o esce dal pooling,ENTRATO con il knockdown presente su entrambi i bracci: il pladienolide B e' isolato correttamente e prima lo studio non era poolato affatto.
GSE132958,C,solo la formulazione dell etichetta cambia,Solo riscrittura del trattato («TNF-alpha stimulated» → «TNF-alpha»); l'asimmetria col «Nontargeting control» e' presente in entrambe le esecuzioni.
GSE133003,C,altro,Nel riferimento le etichette erano lunghe e mostravano `(transgene stable)` SOLO sul braccio trattato; ora sono simmetriche e corte (`LGD + YAP/TAZ siRNA` → `LGD + control siRNA`). Non si puo' decidere se il nuovo abbia corretto l'asimmetria o solo abbreviato l'etichetta nascondendola.
GSE133087,C,lo studio entra o esce dal pooling,"USCITO, ma l'etichetta del riferimento non decide: il controllo 'hPSCs, pancreas, Pancreatic Beta-like cells, Untreated' porta un termine in piu' del trattato 'hPSCs, Pancreatic Beta-like cells, Metformin'. Non e' leggibile se i due bracci fossero lo stesso materiale."
GSE133101,C,l appaiamento del braccio di controllo cambia,"Stessi tre contrasti, tutti appaiati per regione; cambia l'ordine delle parole."
GSE133567,C,il tempo o la dose vengono dichiarati o persi,"Il difetto e' identico nelle due esecuzioni ('CHL1AR991 palbociclib 2' vs 'CHL1 no treatment' prima, senza il '2' ora) e in entrambe lo studio ha come unico controllo 'CHL1 no treatment'. Cambia solo un indice di replica: nessuna delle due assegnazioni e' migliore."
GSE133684,A,lo studio entra o esce dal pooling,"USCITO. Il riferimento poolava 'PDAC, no perturbation' contro 'Healthy, no perturbation', caso-controllo senza difetti leggibili; ora non e' poolato in nessuna meta-analisi, su un gruppo che ha gia' solo 3 studi e Kish 1.9."
GSE134298,A,lo studio entra o esce dal pooling,"USCITO verso nessuna meta-analisi. Nel riferimento 'MCF10A TGF-beta-1 6 days' contro 'MCF10A 6 days': appaiato nel tempo, sulla linea e sull'entita'. Contributo corretto perso."
GSE134395,B,l appaiamento del braccio di controllo cambia,Il riferimento appaiava 'TGFb1 (Disease Model)' con 'Untreated (Case)' — bracci non appaiati sul modello. Ora sono 'TGFb1 (disease model)' contro 'Untreated (disease model)': il nuovo run corregge un disallineamento leggibile.
GSE134497,C,solo la formulazione dell etichetta cambia,"Riferimento 'Bipolar Disorder - Differentiation' contro 'Healthy Control - Differentiation' (qualificatore su entrambi i bracci); ora 'Bipolar Disorder' contro 'Healthy Control'. Stesso contrasto; il nuovo perde l'informazione sul materiale, il vecchio non la chiarisce."
GSE134580,C,solo la formulazione dell etichetta cambia,Sola riscrittura del controllo ('Normal weight controls' contro 'Healthy Control').
GSE134595,A,lo studio entra o esce dal pooling,USCITO verso nessuna meta-analisi. Nel riferimento 'Glioma Stem-Like Cells Stimulated with TGF-β' contro 'Glioma Stem-Like Cells Treated with ddH2O Vehicle Control': materiale e veicolo appaiati. Perdita.
GSE134737,A,l appaiamento del braccio di controllo cambia,"Nel riferimento un solo confronto (""...unaffected, hypoxia"" contro ""...normoxia""); ora tre, di cui uno appaia ""neuron"" a ""neurite"". Il nuovo run introduce il disallineamento di compartimento che decide il verdetto del gruppo."
GSE134817,B,lo studio entra o esce dal pooling,"ENTRATO: 'THP-1 cells treated with Flu for 6 hours' vs 'THP-1 cells treated with vehicle for 6 hours', appaiato per linea, veicolo e tempo."
GSE134896,B,altro,"Il riferimento poolava anche ""IL-1beta + P4"" contro ""vehicle"": un secondo agente presente solo nel trattato, cioe' il confronto isolava IL-1beta+P4 e non IL-1beta. Ora resta solo ""IL-1beta"" vs ""vehicle"": il run nuovo toglie un difetto leggibile."
GSE135055,A,lo studio entra o esce dal pooling,USCITO: «Heart Failure Case» vs «Healthy Control» e' un caso-controllo pulito e ora non e' poolato in nessuna meta-analisi.
GSE135215,B,lo studio entra o esce dal pooling,"Entra ora con ""Panc-410_Taxol_24h"" vs ""Panc-410_DMSO_24h"", appaiata per linea e per tempo; nel riferimento non era poolato."
GSE135251,C,l appaiamento del braccio di controllo cambia,"Quattro confronti per paziente contro 'Control' ora, uno solo ('NAFLD early stage (donor 112)' vs 'Healthy Control') nel riferimento. Entrambe le forme sono caso-controllo appaiate per materiale; cambia la granularita' e, con essa, il peso dello studio."
GSE135458,C,l appaiamento del braccio di controllo cambia,"Due confronti ora ('HCT116 E33Q MED12 knock-in IFN-gamma'→'...untreated' e 'HCT116 IFN-gamma'→'HCT116 untreated'), uno nel riferimento ('HCT116 wild-type IFN-gamma 24h'→'HCT116 wild-type untreated'). Tutti appaiati entro genotipo."
GSE135485,C,solo la formulazione dell etichetta cambia,"'Endometriosis' contro 'Healthy Endometrium' ora, 'Endometriosis patients' contro 'Healthy controls' nel riferimento: stesso contrasto, formulazione diversa."
GSE135527,A,lo studio entra o esce dal pooling,"USCITO da ogni pooling; era 'TSC1+ Bladder Cancer THZ1 100nm' contro 'TSC1+ DMSO', appaiato sul genotipo."
GSE135640,C,solo la formulazione dell etichetta cambia,Sola riscrittura ('LPS (double)' vs 'Mock' contro 'treated with LPS' vs 'treated with mock'); stesso contrasto.
GSE135753,A,lo studio entra o esce dal pooling,USCITO: 'LPS Treated Human Macrophages' vs 'Untreated Human Macrophages' era pulita; ora non e' poolata.
GSE135870,B,lo studio entra o esce dal pooling,"Uscito, e giustamente: era 'HCT116_Nutlin-3a' vs 'HCT116_bivalent_peptide_DMSO', cioe' il CONTROLLO portava un agente in piu' che il trattato non ha."
GSE135879,C,l appaiamento del braccio di controllo cambia,"Entrambe appaiano linea per linea ('22PC_R1881' vs '22PC_DMSO'); il nuovo ne pesca 2 dove il vecchio ne pescava 4 (perde LAPC4 e VCaP, anch'essi appaiati). Perdita di potenza, non di correttezza."
GSE136371,C,altro,Caso-controllo in entrambe; il nuovo passa da 2 a 3 entry aggiungendo «CF_Female» vs «Healthy_Controls_2» e sdoppiando i pool di controllo. Nessuna etichetta smentisce l'altra.
GSE136725,B,l appaiamento del braccio di controllo cambia,"Il riferimento poolava anche 'Bortezomib-treated bone marrow' contro 'Untreated MM1.S', cioe' materiali diversi fra i bracci; ora resta la sola coppia appaiata. Difetto rimosso."
GSE137056,C,l appaiamento del braccio di controllo cambia,Il riferimento aveva la sola dose '0.4 µM'; ora si aggiunge 'Doxorubicin (High)' contro lo stesso 'Control (No Treatment)'. Entrambi i confronti nuovi sono appaiati: guadagno di bracci.
GSE137297,A,lo studio entra o esce dal pooling,"Uscito. Era 'HCT116 + Nutlin-3A' vs 'HCT116 + DMSO': stessa linea sui due bracci, confronto pulito, perso per omissione."
GSE137344,A,lo studio entra o esce dal pooling,"Uscito. Nel riferimento ""Crohn's Disease (Case)"" contro ""Healthy Control"": nessun difetto leggibile, perdita netta."
GSE137619,B,cambia la granularita: etichetta piu ricca o piu povera,"Ora due coppie (Donor 1 e Donor 2) contro l'unica del riferimento; nessun difetto introdotto, anche se il controllo e' etichettato in modo meno specifico."
GSE137702,B,lo studio entra o esce dal pooling,"ENTRATO con ""BT-245 selinexor"" contro ""BT-245 control"": stessa linea, nessun difetto leggibile."
GSE138082,A,l appaiamento del braccio di controllo cambia,"Nel riferimento il confronto era doppiamente appaiato e leggibile: 'CA1 schizophrenia OFF' vs 'CA1 control OFF' (stessa regione, stessa condizione OFF sui due bracci). Ora lo studio non e' poolato in nessuna meta-analisi: il run nuovo perde un'assegnazione che il vecchio azzeccava."
GSE138209,A,lo studio entra o esce dal pooling,"USCITO: portava `THP-1_DMSO_PMA` → `THP-1_DMSO`, appaiato sulla stessa linea e con lo stesso veicolo; ora non e' poolato in nessuna meta-analisi. Il gruppo scende da 5 studi a 3."
GSE138252,B,lo studio entra o esce dal pooling,ENTRATO con due coppie appaiate per camera («Heart Failure Heart Left Atrium» vs «Control Heart Left Atrium» e l'omologa destra); il riferimento non lo poolava affatto.
GSE138614,C,cambia la granularita: etichetta piu ricca o piu povera,Le righe 'MS4_Control'/'MS5_Control'/'MS6_Control' del riferimento non sono decidibili: il prefisso nomina un donatore con SM e '_Control' puo' indicare la sua regione non lesionata. Non e' provato ne' che il vecchio poolasse controllo-contro-controllo (tesi del lettore) ne' che lo faccia il nuovo (tesi del critico B).
GSE138691,A,lo studio entra o esce dal pooling,ENTRATO portando dentro il confronto con materiale discordante: il riferimento non lo poolava e quindi non aveva questo difetto.
GSE138730,B,lo studio entra o esce dal pooling,"Entra ora con ""Huh7 thapsigargin 16h"" vs ""Huh7 negative control"", stessa linea sui due bracci; nel riferimento non era poolato in nessuna meta-analisi."
GSE138780,A,lo studio entra o esce dal pooling,USCITO: quattro coppie appaiate per linea (SUM-229PE Day 1/14/35 contro lo stesso DMSO). Il riuso di un unico controllo non e' un difetto leggibile - coerentemente con come tratto GSE228631 e GSE145382 - quindi la perdita e' una perdita di dato usabile.
GSE139003,A,lo studio entra o esce dal pooling,"Uscito con tre confronti puliti ('Nutlin-3a 6h', '9h', '12h' contro 'DMSO'), tutti persi per omissione: il gruppo scende da 8 studi a 4."
GSE139179,B,lo studio entra o esce dal pooling,"Uscito. Nel riferimento ""Crohn's disease, ascending colon"" e ""...descending colon"" contro ""Healthy, sigmoid colon"": sede discordante fra i bracci, la stessa classe di difetto che resta in GSE193677. Toglierlo elimina un difetto."
GSE139233,B,lo studio entra o esce dal pooling,"Uscito. Nel riferimento ""Hypoxia pH 6.0"" contro ""Normoxia pH 7.4"" faceva variare due cose insieme: toglierlo elimina un difetto leggibile."
GSE139393,B,lo studio entra o esce dal pooling,ENTRATO con coppia appaiata per linea ('Ishikawa cells treated with R5020' vs 'Untreated Ishikawa cells'); controllo untreated dentro il tipo dichiarato dal gruppo.
GSE139546,B,l appaiamento del braccio di controllo cambia,"Recuperata la seconda coppia ('p53 siRNA + Nutlin' vs 'p53 siRNA'), col siRNA appaiato sui due bracci; il riferimento ne poolava una sola."
GSE139862,C,solo la formulazione dell etichetta cambia,"'PAEC passage 3 treated with Nutlin-3' contro 'PAEC passage 3 treated with DMSO' ora e la stessa coppia con dose e tempo nel riferimento: stesso contrasto, passaggio appaiato in entrambi."
GSE140089,A,lo studio entra o esce dal pooling,"Uscito. Era 'Parkinson's Disease, no treatment' vs 'Control, no treatment': caso-controllo pulito con lo stesso stato di trattamento sui due bracci, perso per omissione."
GSE140347,C,il tempo o la dose vengono dichiarati o persi,Stesso confronto UCSD-AML1 decitabina contro non trattato; il riferimento dichiarava anche la dose (100 nM).
GSE140702,A,lo studio entra o esce dal pooling,USCITO: 'Neurotypical LPS' vs 'Neurotypical Vehicle' era appaiata sul fondo; ora non e' poolata.
GSE140758,B,l appaiamento del braccio di controllo cambia,"Da 1 a 2 confronti: entra ""Fulvestrant 0.1nM MCF-7 Disease Model"" vs ""Vehicle (0.01% DMSO) MCF-7 Disease Model"", appaiato su modello e veicolo."
GSE140900,C,solo la formulazione dell etichetta cambia,Stesso contrasto contro 'no treatment'; cambia solo la grafia dell'agente.
GSE141236,A,altro,"Il run nuovo AGGIUNGE 'HCMV/M. mass co-infection' vs 'Vehicle control', che porta dentro un secondo patogeno presente solo nel trattato; il riferimento aveva il solo 'Monocytes exposed to HCMV' vs 'Uninfected THP-1 cells (control)', pulito. Il difetto del gruppo nasce qui."
GSE141585,C,altro,Le due esecuzioni poolano gli stessi due confronti con le stesse etichette: il difetto del co-trattamento SB-3CT e' comune a entrambe.
GSE142381,B,lo studio entra o esce dal pooling,"ENTRATO. 'HKC_Decitabine_300nM' contro 'HKC_DMSO': stessa linea, veicolo appaiato, entita' giusta. Il riferimento non lo poolava affatto."
GSE142383,C,solo la formulazione dell etichetta cambia,"'BKO-98 ATRA' contro 'BKO-98 untreated' ora, 'SH SY5Y BKO-98 ATRA Treated' contro 'SH SY5Y BKO-98 Untreated Control' nel riferimento: stesso contrasto, la nuova etichetta perde solo il nome della linea parentale."
GSE142417,A,lo studio entra o esce dal pooling,USCITO verso nessuna meta-analisi. Nel riferimento 'TGFB1 (VS007)' contro 'Control (VS007)': stessa linea sui due bracci. Perdita.
GSE142560,A,l appaiamento del braccio di controllo cambia,Il riferimento aveva DUE coppie col genotipo appaiato (Mir146KO e WT); ora resta solo il Mir146KO. Coppia pulita persa.
GSE142582,C,altro,"Il nuovo run aggiunge 'Psoriasis non-lesion' contro 'Healthy skin control' al confronto lesionale gia' presente nel riferimento. Entrambe le letture sono difendibili — cute non lesionale di paziente psoriasico contro cute sana resta paziente contro sano, ma non e' il contrasto lesionale — e l'etichetta non decide quale insieme sia quello giusto."
GSE142620,B,l appaiamento del braccio di controllo cambia,"Il nuovo aggiunge ""IL1beta day 6 posttreatment"" vs ""Control day 6 posttreatment"", appaiato per giorno come gli altri quattro. Guadagno di un confronto pulito, nessuna coppia rotta."
GSE142706,A,lo studio cambia gruppo / entita,"ENTRATO: nel riferimento non era poolato in nessuna meta-analisi, ora entra con un confronto a linee non appaiate ('LNas1 + IL-1 alpha' → 'LNCaP untreated'). L'entita' e' quella giusta, ma l'etichetta DECIDE che i bracci sono linee diverse: il nuovo porta dentro un difetto che prima non c'era."
GSE143588,A,lo studio entra o esce dal pooling,"Uscito. 'Sorted cSCC-PDX Cells Treated with Gefitinib' → 'Sorted cSCC-PDX Cells', stesso materiale sui due bracci; ora non poolato. Perdita senza difetto leggibile."
GSE143782,B,lo studio entra o esce dal pooling,ENTRATO con confronto appaiato sullo stesso donatore (`Donor #40` su entrambi i bracci).
GSE143905,C,solo la formulazione dell etichetta cambia,Stesso contrasto con formulazione diversa: 'R1881 (10uM)' vs 'Ethanol (control)' contro 'R1881 Treated' vs 'Ethanol (Vehicle Control)'.
GSE144378,C,l appaiamento del braccio di controllo cambia,"Il riferimento aveva anche 'MCF7L tamoxifen' contro 'MCF7L untreated', appaiato come il T47D rimasto: solo potenza."
GSE144484,C,solo la formulazione dell etichetta cambia,Stesso contrasto scritto in due modi ('U2OS Osteosarcoma + IFNG'→'U2OS Osteosarcoma Control' contro 'IFNG Stimulated'→'Control (Untreated)').
GSE145065,C,solo la formulazione dell etichetta cambia,"Sola riformulazione: ora 'Sjogren's syndrome PBMCs' vs 'Healthy PBMCs', prima 'Sjogren's syndrome case' vs 'Healthy control'. Il nuovo dichiara in piu' il materiale."
GSE145141,A,lo studio entra o esce dal pooling,"USCITO. Nel riferimento 'MDA-MB-231 Doxorubicin + ZMYND8 Overexpression (48h)' contro 'MDA-MB-231 ZMYND8 Overexpression': la sovraespressione sta su entrambi i bracci e la doxorubicina resta isolata, membro pulito. Ora non e' poolato: perdita per omissione."
GSE145154,C,solo la formulazione dell etichetta cambia,"Stesso contrasto ventricolo-contro-ventricolo, cambia solo la forma dell'etichetta."
GSE145316,C,l appaiamento del braccio di controllo cambia,"'MCF7_Palbociclib' vs 'MCF7_DMSO' contro 'MCF7 WT + Palbociclib' vs 'MCF7 WT + DMSO': due scritture della stessa coppia, entrambe appaiate."
GSE145382,C,solo la formulazione dell etichetta cambia,"Sola riscrittura; stessi due confronti (8h e 12h) contro lo stesso pool 'unstimulated, donor 157' in entrambe."
GSE145505,B,lo studio entra o esce dal pooling,"USCITO. Nel riferimento le etichette erano ""Control Asthma"" contro ""Control None"": non dicono cosa distingua i due bracci ed erano illeggibili. Toglierlo e' difendibile."
GSE145560,C,il tempo o la dose vengono dichiarati o persi,"Stesso confronto, il riferimento dichiarava la dose ('5uM'): equivalenti."
GSE145639,A,l appaiamento del braccio di controllo cambia,Il riferimento aveva due coppie appaiate nel tempo (D14 e D5); ora resta solo D14. Perdita di un confronto pulito.
GSE145746,C,l appaiamento del braccio di controllo cambia,Stesse due stratificazioni appaiate per donatore diabetico/non diabetico in entrambi i run; cambia solo 'No Treatment' contro 'Untreated'.
GSE146096,A,lo studio entra o esce dal pooling,USCITO verso CHEBI:49603 e CHEBI:50924 benche' l'etichetta del riferimento dica «Dasatinib 0.1uM 48h» vs «Vehicle Control»: un confronto che isola il dasatinib non sta piu' nel gruppo del dasatinib.
GSE146547,C,solo la formulazione dell etichetta cambia,"La nuova etichetta aggiunge il tempo su ENTRAMBI i bracci (72h dalla trasfezione) ma anche i due descrittori asimmetrici; la vecchia (""A549 cells transfected with siRNA pool against IGF2BP1 (lung cancer)"" vs ""A549 cells transfected with Control siRNA"") era simmetrica ma senza tempo. Stesso contrasto, nessuna delle due mostra un mismatch."
GSE146805,C,altro,"""siRNA pool against IGF2BP1 (PANC-1)"" vs ""Control siRNA (PANC-1)"" e' la stessa coppia del riferimento con la linea esplicitata sui due lati: nessuna differenza di contrasto."
GSE146982,B,lo studio entra o esce dal pooling,"ENTRATO con 'A549 Vector Control Metformin' contro 'A549 Vector Control': il vettore e' su entrambi i bracci, la metformina resta isolata."
GSE147236,C,altro,"Ora quattro casi contro lo stesso «Healthy Control» e senza il tessuto in etichetta; nel riferimento due coppie con «(Left Ventrice Tissue)» sui due lati. Tutte caso-controllo: il nuovo perde l'indicazione del tessuto e moltiplica il peso, ma nessuna etichetta smentisce l'altra."
GSE147250,B,l appaiamento del braccio di controllo cambia,"Il nuovo aggiunge `LNCaP wild-type + Enzalutamide` → `LNCaP wild-type + EtOH`, appaiato sullo stesso fondo, accanto al DKO che c'era gia'."
GSE147283,A,lo studio entra o esce dal pooling,"USCITO. Portava ""Fulvestrant"" vs ""Control (DMSO)"" e ""Fulvestrant with shARD"" vs ""Control (DMSO) with shARD"", con lo shRNA su entrambi i bracci: due coppie pulite perse."
GSE147304,C,solo la formulazione dell etichetta cambia,"'Liver tissue from NASH patients' contro 'Healthy liver tissue' ora, 'Liver Tissue with NASH' contro 'Control Liver Tissue' nel riferimento: stesso contrasto, stesso materiale."
GSE147493,C,lo studio entra o esce dal pooling,"Uscito. Nel riferimento ""M1 oligo Metastasis"" contro ""M0 oligo"": le sigle non dicono cosa distingua i due bracci, non si puo' stabilire se toglierlo sia guadagno o perdita."
GSE147507,B,lo studio entra o esce dal pooling,"ENTRATO: quattro confronti appaiati per linea e per tempo ('A549 SARS-CoV-2 MOI 2 24h' vs 'A549 Mock treatment 24h', 'Calu-3 ...' , 'NHBE ...'). Il nuovo aggiunge materiale pulito che il vecchio non poolava."
GSE147699,C,solo la formulazione dell etichetta cambia,Stesso contrasto con l'inserto WTp53 su entrambi i bracci; cambia la sola punteggiatura.
GSE147816,A,l appaiamento del braccio di controllo cambia,"Il riferimento aveva due coppie esplicitamente appaiate nel tempo (1h contro 60 min, 6h contro 6h); ora resta una sola coppia e il controllo perde il tempo. Si perde un confronto pulito e l'informazione che ne permetteva la verifica."
GSE147876,A,l appaiamento del braccio di controllo cambia,Nel riferimento i tre confronti erano auto-appaiati (`Prostate Carcinoma Cell Line Castration-Resistant Enzalutamide Treated` → `... Vehicle Control`); ora il terzo e' `MR42F Enzalutamide` → `MR42D Vehicle`. Il nuovo introduce un incrocio di linea che il vecchio non aveva.
GSE148241,C,altro,"'EOSPE Placenta (Replicate 1)' ora, '(Replicates 1-2)' prima: cambia quante repliche l'etichetta nomina, il contrasto placenta-contro-placenta e' identico."
GSE148342,C,lo studio cambia gruppo / entita,"Spostato: prima i contrasti nutlin-3a e palbociclib dello stesso studio, ora quello tunicamicina, tutti contro lo stesso 'Control (no treatment)'. Confronti diversi dello stesso studio multi-composto, tutti difendibili."
GSE148389,C,lo studio entra o esce dal pooling,"ENTRATO con un caso-controllo di per se' difendibile, ma il controllo ""Healthy Brain (Age 14)"" compare due volte con composizione diversa (n=6 e n=42): l'etichetta non identifica l'insieme dei campioni, quindi non posso preferire l'assegnazione nuova a quella vecchia (non poolato)."
GSE148697,C,solo la formulazione dell etichetta cambia,"Stesso contrasto: ora 'SARS-CoV-2-infected Hesc cells (lung)' vs 'Mock-treated Hesc cells (lung)', prima le stesse due etichette senza '(lung)'. Solo specificazione."
GSE148767,C,l appaiamento del braccio di controllo cambia,"Stessi tre confronti appaiati per linea (M010817, M921); nel riferimento due portavano il marcatore '(duplicate)'. Nulla nell'etichetta permette di preferire una lettura."
GSE148806,A,lo studio entra o esce dal pooling,"USCITO; erano 'R1-AD1 shCon DHT' contro 'R1-AD1 shCon ethanol' e 'R1-AD1 shKLF5-2 DHT' contro 'R1-AD1 shKLF5-2 ethanol', appaiati sul costrutto."
GSE148985,C,altro,"Nel riferimento due confronti, uno dei quali con il formato di coltura solo sul trattato ('... - epidermal cell sheets' vs 'Untreated human keratinocytes - replicate'); ora uno solo, 'NaHS 0.25 mM 24h' (n=4) vs 'Untreated (control)' (n=2), senza alcun formato dichiarato. Quattro trattati sono compatibili sia con l'eliminazione di uno dei due bracci sia con la loro fusione: il materiale non permette di dire se l'asimmetria sia stata tolta o resa invisibile."
GSE149262,A,l appaiamento del braccio di controllo cambia,"Nel riferimento i due confronti erano appaiati e senza passaggi discordanti ('DLD-1 KRAS WT IL-22 10ng/mL 24h' contro 'DLD-1 KRAS WT untreated 24h', e lo stesso a 2h); il nuovo introduce 'passage 6' contro 'passage 7' dentro lo stesso confronto."
GSE149280,C,altro,"1 confronto ora, 2 identici fra loro nel riferimento. Entrambe le versioni pulite; dalle etichette non si stabilisce se il riferimento contasse due insiemi distinti o lo stesso due volte."
GSE149640,C,altro,"Cambia solo la maiuscola ('progesterone' contro 'Progesterone'): stesso confronto, etanolo costante sui due bracci in entrambe le esecuzioni."
GSE150683,B,lo studio entra o esce dal pooling,ENTRATO con appaiamento pulito (`T47D + estradiol` → `T47D + vehicle`).
GSE150819,C,solo la formulazione dell etichetta cambia,"'human bronchial organoids SARS-CoV-2' vs 'human bronchial organoids' contro 'Human bronchial organoids, SARS-CoV-2' vs '..., no treatment'. Stesso contrasto."
GSE150851,C,l appaiamento del braccio di controllo cambia,Il riferimento appaiava ogni caso a un donatore sano nominato ('Donor 7300' contro 'Donor 6532' ecc.); ora cinque 'Psoriasis Case N' vanno tutti contro lo stesso 'Healthy Control 1'. In un caso-controllo entrambe le scelte sono legittime; la nuova e' meno informativa e riusa cinque volte lo stesso controllo.
GSE150893,C,solo la formulazione dell etichetta cambia,Sola riscrittura della dose/tempo; stesso controllo 'control untreated'.
GSE151159,C,l appaiamento del braccio di controllo cambia,"Entrambe appaiate: ora per fenotipo («Resistant CLL, Dasatinib» vs «Resistant CLL, Control»), nel riferimento per donatore («Dasatinib-treated (Donor A)» vs «Untreated (Donor A)»)."
GSE151610,A,lo studio entra o esce dal pooling,"Uscito. Nel riferimento due coppie pulite (""Hypoxia + Vector Control"" contro ""Vector Control + Normoxia"", ""Hypoxia Only"" contro ""Normoxia Only""): perdita netta."
GSE151796,C,altro,"Etichette equivalenti nelle due esecuzioni (organoide intestinale e polmonare, LPS contro untreated)."
GSE151803,A,l appaiamento del braccio di controllo cambia,"Nel riferimento un solo confronto, appaiato per materiale su entrambi i bracci ('Liver Organoid sars-Cov2' vs 'Liver Organoid Mock'). Ora due, con un unico 'hESC Mock' che serve 'COVID-19 Lung' e 'hESC sars-Cov2': il nuovo introduce l'appaiamento non verificabile che il vecchio non aveva."
GSE151854,A,lo studio entra o esce dal pooling,"USCITO: «TNFα stimulated (50 ng/mL, 3h) in HUVECs from umbilical cord» vs «Untreated control» e' pulito e appaiato, e ora non e' poolato in nessuna meta-analisi."
GSE151879,C,l appaiamento del braccio di controllo cambia,"Ora due confronti appaiati (cardiomiociti adulti e da hESC); nel riferimento gli stessi due piu' 'Macrophages SARS-CoV-2' vs 'Macrophages Mock', anch'esso appaiato. Il nuovo copre di meno, nessuno dei due sbaglia."
GSE152004,A,altro,"Nel riferimento lo studio portava un solo confronto, pulito ('Asthmatic pooled' → 'Healthy control'); il nuovo ne aggiunge uno che dichiara una perturbazione a piccola molecola sul solo braccio malato. Il nuovo sbaglia dove il vecchio azzeccava."
GSE152360,C,l appaiamento del braccio di controllo cambia,"Stesso confronto ('12h' scritto '12hrs'), stesso controllo 'MCF7 Full Media' in entrambi i run: equivalenti."
GSE152705,A,lo studio entra o esce dal pooling,USCITO: 'Mel202 + Trametinib' vs 'Mel202 + DMSO' era pulita e appaiata per linea; ora non e' poolata.
GSE152816,A,lo studio entra o esce dal pooling,USCITO: 'Bortezomib-treated Leukemia Cells' vs 'DMSO-treated Leukemia Cells' era pulita; ora non e' poolata.
GSE153183,C,solo la formulazione dell etichetta cambia,'PC9 cells treated with Osimertinib' vs 'PC9 cells treated with DMSO' contro 'PC9 + Osimertinib' vs 'PC9 + DMSO': stessa coppia riscritta.
GSE153277,C,lo studio entra o esce dal pooling,"USCITO: erano 'SARS-CoV-2 MOI 140 1dpi' e '4days' contro un unico 'Control (CK+DCI)', e il trattato non dichiarava CK+DCI. L'etichetta non basta per dire se l'assegnazione vecchia fosse corretta."
GSE153303,C,il tempo o la dose vengono dichiarati o persi,"1 confronto ora ('DRB 25 ug/ml' vs 'DMSO'), 2 nel riferimento (c'era anche la dose a 10 ug/ml contro lo stesso veicolo). Entrambe le dosi sono confronti puliti: differenza di sola copertura, il nuovo perde il braccio a dose bassa."
GSE153740,C,altro,"Il riferimento dichiarava il tessuto su entrambi i bracci ('Eutopic endometrium with Ovarian endometriosis' contro 'Eutopic endometrium Healthy'), il nuovo run no. Nessuna delle due etichette mostra un disallineamento: la nuova e' solo meno verificabile, e l'etichetta non basta per preferirne una."
GSE153867,C,altro,"Stesso confronto, il controllo passa da 'A2780 Control' a 'A2780 untreated': equivalenti."
GSE154311,C,altro,"Solo riordino delle parole: 'CD16High COVID-19' vs 'Normal Density Neutrophils Healthy' diventa 'COVID-19 CD16High' vs 'Healthy NDN'. Il difetto e' identico nelle due esecuzioni, quindi nessuna delle due assegnazioni e' preferibile: e' l'etichetta sorgente a definire i bracci su assi diversi."
GSE154377,C,l appaiamento del braccio di controllo cambia,"Cambia quale asse dello studio viene poolato: il nuovo prende i trimestri (""Gestational Diabetes 2nd Trimester"" vs ""Normal Pregnancy 2nd Trimester""), il riferimento prendeva il sangue cordonale appaiato per paziente (""Gestational Diabetes Cord Blood Patient 1"" vs ""Normal Pregnancy Cord Blood Patient 1""). Entrambe le letture sono appaiate - la vecchia lo era addirittura per paziente - e l'etichetta non dice quale sia la resa fedele del disegno."
GSE154427,C,solo la formulazione dell etichetta cambia,"Stesso contrasto, cambia la sola punteggiatura dell'etichetta."
GSE154926,A,lo studio entra o esce dal pooling,USCITO. Il riferimento poolava 'Minor salivary glands (Primary Sjogren's syndrome)' contro 'Minor salivary glands (Healthy volunteer)': tessuto appaiato e materiale piu' pertinente alla malattia di tutti gli altri del gruppo. Ora non e' poolato in nessuna meta-analisi.
GSE155001,B,l appaiamento del braccio di controllo cambia,"Il riferimento poolava il solo braccio shHDAC5; ora entra anche 'shNC + Palbociclib (rep2)' vs 'shNC + DMSO', appaiato sullo stesso sfondo genetico. Un contrasto in piu', nessun difetto in piu'."
GSE155141,B,altro,"Nel riferimento lo stesso studio stava sotto HGNC:5991 (IL1A) con l'etichetta ""Non-lesional human skin, IL-1beta stimulated"": l'etichetta dice IL-1beta, quindi la chiave IL1B di oggi e' quella giusta e la vecchia sbagliava entita'."
GSE155272,C,solo la formulazione dell etichetta cambia,Sola riscrittura; il donatore M220 compare sui due bracci in entrambe le esecuzioni.
GSE155336,C,altro,"Il nuovo run porta due righe con etichette e numerosita' IDENTICHE, il riferimento una sola. L'etichetta non distingue i due bracci: non si puo' dire se il secondo sia un braccio legittimo o una duplicazione. Scelgo la lettura che non sovrastima e lo dichiaro come raddoppio di peso."
GSE155452,C,il tempo o la dose vengono dichiarati o persi,"Il trattato perde la dose (""Romidepsin (25 ng/mL)"" diventa ""Romidepsin""), il controllo e' identico: differenza di sola annotazione."
GSE155518,C,altro,'Infected with SARS-CoV-2' vs 'Mock-infected' contro 'Infected with SARS-CoV2' vs 'Mock-infected'. Sola grafia.
GSE155800,C,altro,"Stesso identico confronto, cambia solo la maiuscola di 'imatinib'."
GSE155832,C,l appaiamento del braccio di controllo cambia,Stessi quattro confronti co-coltura/monocoltura con partner appaiato; il controllo passa da 'control' a 'vehicle control'.
GSE155918,A,lo studio entra o esce dal pooling,USCITO: tre coppie appaiate nel tempo (4h e 24h contro veicolo dello stesso tempo) perse.
GSE155923,C,solo la formulazione dell etichetta cambia,"Solo formulazione (`Everolimus-treated SCLC cells` → `Vehicle-treated SCLC cells` contro `Everolimus` → `Vehicle`): stesso contrasto, la nuova dice di piu'."
GSE156038,C,solo la formulazione dell etichetta cambia,"Sola perdita di specificita' nell'etichetta: ora 'bleomycin' vs 'control', prima 'bleomycin (prostate)' vs 'control'. Stesso contrasto."
GSE156067,C,l appaiamento del braccio di controllo cambia,"In entrambe le coppie sono appaiate sul giorno (ora Day 12 e Day 3, prima Day 3 e Day 7); l'etichetta non dice quale coppia di giorni sia la giusta."
GSE156184,C,solo la formulazione dell etichetta cambia,Sola riformulazione: 'bleomycin' vs 'control' contro 'Bleomycin (Replicates)' vs 'Control'.
GSE157069,A,lo studio cambia gruppo / entita,"USCITO e riassegnato a CHEBI:27899 e CHEBI:29699. L'unica etichetta disponibile, 'MDA-MB-231 (transgene stable) + doxorubicin' contro '... + control', e' doxorubicina su fondo costante: apparteneva a questo gruppo."
GSE157086,A,lo studio entra o esce dal pooling,"USCITO. Nel riferimento 'Breast Cancer' contro 'Healthy Control', caso-controllo leggibile: perdita per omissione."
GSE157104,C,solo la formulazione dell etichetta cambia,"Stesse due coppie, solo riscritte ('VCaP_DHT_24hr' -> 'VCaP cells treated with DHT for 24 hours'); il controllo non datato del braccio a 10 ore c'e' in entrambi i run."
GSE157214,B,lo studio entra o esce dal pooling,Entrato: nel riferimento non era poolato in nessuna meta-analisi. 'abemaciclib' vs 'DMSO' e' un contrasto pulito e pertinente all'entita': recupero di un'omissione.
GSE157300,C,l appaiamento del braccio di controllo cambia,"Tre confronti in entrambe, appaiati tempo per tempo; cambia solo il prefisso della linea nell'etichetta ('HCT116 5-FU 6h' vs 'HCT116 DMSO 6h' contro '5-FU 6h' vs 'DMSO 6h')."
GSE157371,A,lo studio entra o esce dal pooling,"ENTRATO con ""RKO Hypoxia"" contro ""RKO Normoxia SETX+"": il riferimento non poolava lo studio e quindi non portava dentro il marcatore genetico asimmetrico."
GSE157428,B,lo studio entra o esce dal pooling,"Entrato: nel riferimento non era poolato. L'asse DM1-contro-controllo e' leggibile ('DM1_B'/'DM1_D' contro 'Control_1') e nessuna asimmetria di braccio e' scritta, con la riserva che i suffissi sono muti e i due bracci condividono lo stesso controllo."
GSE157725,B,lo studio entra o esce dal pooling,"ENTRATO con ""Pladienolide B"" vs ""DMSO"", coppia farmaco/veicolo elementare e priva di difetti."
GSE157927,A,lo studio entra o esce dal pooling,"USCITO; era 'Pancreatic cancer cell line THZ1' contro 'Pancreatic cancer cell line DMSO', appaiato."
GSE158119,C,l appaiamento del braccio di controllo cambia,"Il nuovo aggiunge 'MM074 + THZ1' contro 'MM074 + vehicle' al gia' presente MM047, entrambi appaiati: differenza di potenza."
GSE158552,C,lo studio entra o esce dal pooling,"Entrato. Il contrasto JQ1 vs DMSO in HepG2 e' pertinente, ma il trattato dichiara '(differentiated)' e il controllo occupa la parentesi col ruolo: l'etichetta non stabilisce se l'ingresso sia guadagno o materiale disallineato."
GSE158557,C,altro,"Sottoinsiemi diversi di costrutti (ora ARQ640X e ARWT, prima ARV7/ARWT/EGFP) ma in tutti i casi DHT contro veicolo dello STESSO costrutto: entrambe difendibili."
GSE158674,B,lo studio entra o esce dal pooling,"Il gruppo e' nuovo: nel riferimento lo studio non era poolato. Entra con ""GBM39 cells treated with Fluoxetine (2 replicates)"" vs ""GBM39 cells treated with DMSO (2 replicates)"", coppia appaiata sul materiale."
GSE158814,C,altro,"Differenza di sola grafia del controllo ('Untreated' contro 'untreated'), stesso trattato 'IFN-γ stimulation (44hrs)'."
GSE158923,C,altro,"'Granuloma Annulare patient, tofacitinib' vs '..., negative control' ora, 'Granuloma Annulare Patient Tofacitinib Treated' vs '... Untreated' prima: in entrambe la malattia sta su tutti e due i bracci, cambia solo come si chiama il controllo."
GSE158969,C,solo la formulazione dell etichetta cambia,Stesso contrasto con altra grafia ('BT-474 Herceptin'→'BT-474 untreated' contro 'BT-474 Herceptin treated'→'BT-474 untreated (control)').
GSE159201,C,l appaiamento del braccio di controllo cambia,"'colon, CK+DCI, SARS-CoV-2, 1 day' vs 'colon, CK+DCI, Mock, 1 day' contro 'colonic organoid, SARS-CoV-2, 1 day' vs 'colonic organoid, mock, 1 day'. Stesso appaiamento per tempo."
GSE159487,A,lo studio entra o esce dal pooling,"USCITO: era 'Neurons - Control - VPA' vs 'Neurons - Control - Vehicle Only', stesso tipo cellulare e stesso genotipo 'Control' sui due bracci, con la sola differenza VPA/veicolo. Assegnazione vecchia corretta, ora persa senza motivo leggibile."
GSE159531,C,lo studio entra o esce dal pooling,"ENTRATO. 'VCaP + 1 nM Testosterone' vs 'VCaP + Control Media' e' appaiato sulla linea e difendibile, ma il riferimento non ha etichetta per questo studio: la scelta non e' decidibile."
GSE159782,C,l appaiamento del braccio di controllo cambia,"Due confronti in entrambe; le etichette nuove sono piu' ricche ma il contrasto e l'appaiamento per soggetto sono identici al riferimento ('Subject 1, IL-3 4h'→'Subject 1, Untreated')."
GSE159851,A,lo studio entra o esce dal pooling,"Uscito. Nel riferimento ""Endothelial cells from brain adenocarcinoma metastasis"" contro ""Healthy endothelial cells (control)"": stesso tipo cellulare sui due bracci, perdita netta."
GSE159894,A,lo studio entra o esce dal pooling,"USCITO: «TNF-α» vs «Untreated», contrasto pulito, ora perso del tutto."
GSE160534,C,solo la formulazione dell etichetta cambia,"Stesse due coppie riscritte ('MDA-MB-231 + THZ1' -> 'MDA-MB-231 treated with THZ1'), controllo veicolo in entrambi i run."
GSE160981,C,l appaiamento del braccio di controllo cambia,"Il riferimento estraeva il braccio dei progenitori neurali, il nuovo estrae endoderma e mesoderma; in entrambe il foglietto germinativo e' appaiato sui due bracci."
GSE161021,C,solo la formulazione dell etichetta cambia,«TNF Stimulation» vs «Control (PBS)» contro «TNF-treated» vs «PBS-treated»: stesso contrasto.
GSE161031,B,lo studio entra o esce dal pooling,"ENTRATO con il veicolo isolato correttamente: 'LPS (100 ng/mL, 4h) + DMSO' vs 'DMSO'."
GSE161087,B,l appaiamento del braccio di controllo cambia,"Da 1 a 2 confronti: entra ""PANC-1 IGF2BP1 Knockdown"" vs ""PANC-1 Control siRNA"", appaiato sulla stessa linea come gia' quello A549."
GSE161176,B,lo studio entra o esce dal pooling,"USCITO, e bene. Tutti e sei i confronti del riferimento erano difettosi sul passaggio ('Passage 26/24/12/9/8/6' tutti contro 'Passage 3', stesso donatore). Il nuovo run li lascia fuori."
GSE161281,A,lo studio entra o esce dal pooling,"USCITO: era 'SARS-CoV-2 infected hESC-derived peripheral neurons' vs 'Uninfected hESC-derived peripheral neurons', materiale identico dichiarato sui due bracci. Assegnazione vecchia corretta, ora persa."
GSE161664,B,altro,"Verificato sul dispatch: nel riferimento lo studio aveva IFNg, IFNa e IL6 ma NON il braccio IFNb; ora il braccio 'IFNb' vs 'Control' esiste ed e' proprio l'entita' dichiarata da questo gruppo. Non e' uno spostamento, e' un braccio in piu' assegnato dove l'etichetta lo manda."
GSE161761,C,l appaiamento del braccio di controllo cambia,Il nuovo aggiunge «TNF for 2 days» accanto a «TNF for 14 days» contro lo stesso «Untreated». Nessuna delle due assegnazioni e' smentita dall'etichetta; dichiaro pero' che il controllo non datato non puo' essere appaiato a due durate.
GSE161800,A,l appaiamento del braccio di controllo cambia,"Correggo il lettore, che dava B. Il riferimento aveva TRE confronti: ""arrested""/""arrested"" (appaiato) piu' due mal appaiati. Il nuovo ne tiene UNO SOLO, ed e' proprio quello mal appaiato (proliferative contro il controllo arrestato), perdendo la coppia pulita e cancellando dall'etichetta la parola che rendeva il difetto leggibile."
GSE161803,C,l appaiamento del braccio di controllo cambia,Le tre coppie appaiate per linea sono identiche; il nuovo aggiunge dose e tempo in etichetta.
GSE161860,A,lo studio entra o esce dal pooling,"ENTRATO: nel riferimento non era poolato, ora entra con 'H2O2 after ATRA differentiation' vs 'Untreated SH-SY5Y', cioe' con l'ATRA su un braccio solo. Il nuovo aggiunge il confronto non appaiato che il vecchio teneva fuori."
GSE161916,C,solo la formulazione dell etichetta cambia,"Divergenza di sola grafia ('IFNa' vs 'Untreated' contro 'IFNa' vs 'untreated'): stesso contrasto, nessuna delle due e' preferibile."
GSE162104,C,lo studio entra o esce dal pooling,"Entrato: nel riferimento non era poolato. Il contrasto e' pertinente (cetuximab contro un controllo di carcinoma colorettale), ma il trattato e' definito da 'medium CD44v6 expression' e il controllo non dichiara stratificazione: l'etichetta non permette di dire se l'ingresso sia un guadagno o un appaiamento sbagliato."
GSE162285,C,l appaiamento del braccio di controllo cambia,Il nuovo aggiunge la coppia appaiata «MDAMB231 xenograft docetaxel» vs «MDAMB231 xenograft vehicle (negative control)» alle tre gia' presenti nel riferimento: tutte appaiate sul modello.
GSE162427,B,lo studio entra o esce dal pooling,ENTRATO con appaiamento pulito (`Calcitriol-treated CLL CD19+ B cells` → `Untreated CLL CD19+ B cells`): il riferimento non lo poolava.
GSE162648,B,lo studio entra o esce dal pooling,"ENTRATO. Quattro confronti appaiati per linea (COLO320DM, OVCAR-4, RKO, UO-31, ciascuna contro se stessa in DMSO); il riferimento non li poolava affatto. Dichiaro che questi quattro confronti da soli valgono quasi tutto il peso del gruppo."
GSE162691,C,solo la formulazione dell etichetta cambia,"Sola riformulazione: ""AD microtissue IL-1Beta"" vs ""Unspecified AD Control"" contro ""Microtissue AD IL-1Beta Treated"" vs ""Unclear Context AD Control"". In entrambe il controllo dichiara di non essere specificato."
GSE162694,B,lo studio entra o esce dal pooling,"ENTRATO con tre confronti sull'entita' e appaiati per materiale ('NASH, Fibrosis Stage 0/1/3' contro 'Normal Liver Histology'); il riferimento non lo poolava in nessuna meta-analisi. Dichiaro che i tre confronti condividono gli stessi 20 controlli e non sono indipendenti."
GSE162696,C,solo la formulazione dell etichetta cambia,Stesso contrasto col fondo miR-141 su entrambi i bracci; cambia l'ordine delle parole.
GSE162828,C,solo la formulazione dell etichetta cambia,Sola riscrittura ('... Patients' vs 'Healthy Controls' contro '... Patient' vs 'Healthy Control (4)').
GSE162834,B,lo studio entra o esce dal pooling,ENTRATO con appaiamento pulito (`DMOG` → `DMSO`): nel riferimento non era poolato in nessuna meta-analisi.
GSE162960,C,l appaiamento del braccio di controllo cambia,"Il riferimento aveva un confronto, ora due (Sample 1 e Sample 2) contro lo stesso controllo dello stesso donatore. L'etichetta non dice se i due campioni siano repliche dello stesso pezzo o lesioni distinte: entrambe le costruzioni sono difendibili."
GSE163196,C,altro,"Il controllo passa da 'Healthy Patient 10' a 'Healthy Patient 7'. In un caso-controllo i soggetti sono diversi per disegno in entrambe le versioni, e l'etichetta non dice quale sano sia il compagno giusto."
GSE163241,C,altro,"Contraddizione non risolvibile: il braccio 72h e' letto 'passage 13' nel riferimento e 'passage 12' ora. Il nuovo run aggiunge un confronto pulito (passage 12 contro passage 12) ma ne tiene uno difettoso; il riferimento ne aveva uno solo, difettoso. L'etichetta non dice quale lettura del passaggio sia fedele alla sorgente."
GSE163333,B,lo studio entra o esce dal pooling,"ENTRATO con ""Hypoxia"" contro ""Normoxia"": confronto pulito che il riferimento perdeva."
GSE163377,C,l appaiamento del braccio di controllo cambia,"Il riferimento aveva il solo confronto a 10h, ora ci sono anche le 20h; entrambi appaiati per tempo. Differenza di copertura."
GSE163539,A,lo studio entra o esce dal pooling,"USCITO; era 'DHT-treated LNCaP cells' contro 'DMSO-treated LNCaP cells', appaiato."
GSE163548,C,solo la formulazione dell etichetta cambia,"Ora l'articolazione e' dichiarata sui due bracci e si aggiunge il ginocchio; nel riferimento il codice donatore stava solo sul controllo. Nessuna delle due etichette prova un difetto: il nuovo e' piu' esplicito e copre di piu', ma non corregge un errore provato."
GSE163827,C,altro,Stessa coppia con etichetta piu' estesa su entrambi i lati; nessun cambio di contrasto.
GSE163959,C,altro,"Ora LS4/LM4, LS5/LM5 e 'Lung Tissue SARS-CoV-2 Infected'/'LM7 Mock Infected'; nel riferimento LS4/LM4, LS5/LM5, LS6/LM6 e 'Nasal Turbinate'/'TM2'. Le sigle non dicono quale abbinamento infetto-mock sia quello voluto."
GSE164073,C,l appaiamento del braccio di controllo cambia,"Ora solo 'Sclera_SARS-CoV-2' vs 'Sclera_mock'; nel riferimento anche 'Limbus_SARS-CoV-2' vs 'Limbus_mock'. Entrambi appaiati per sede: il nuovo perde copertura, non correttezza."
GSE164088,C,cambia la granularita: etichetta piu ricca o piu povera,"Stesso confronto, il riferimento specificava l'origine ('CAFs (ovarian)') su entrambi i lati: equivalenti."
GSE164332,C,altro,"Ora entrambe le righe dicono 'COVID-19 Frontal Cortex' vs 'Healthy Control Frontal Cortex' (identiche fra loro), prima erano 'COVID-19 Frontal Cortex' e 'COVID-19 Frontal Cortex 3' contro 'Control Frontal Cortex 2'. Stessa sede sui due bracci in tutte e due; la nuova perde la distinzione fra le due righe."
GSE164359,C,altro,"Il riferimento aveva tre confronti (incluso 'Recurrent Hepatocellular Carcinoma'), ora due: tutti HCC contro fegato adiacente. Differenza di copertura."
GSE164541,C,cambia quali confronti dello studio sopravvivono,"Le due esecuzioni si contraddicono sull'attribuzione dei campioni: GSM5013481/483/484 sono il 'paziente 2' nel riferimento e diventano 'Patient 1' ora. Il riferimento produce cosi' un tumore del paziente 2 contro il normale del paziente 1 (forma caso-controllo, non un difetto provato, e comunque l'unico normale disponibile); il nuovo produce due righe dello stesso paziente sullo stesso controllo. Nessuna etichetta permette di dire quale attribuzione sia vera: entrambe difendibili, e il nuovo poola una riga in meno (2 contro 3)."
GSE164933,A,lo studio entra o esce dal pooling,"USCITO; era 'THZ1' contro 'DMSO', appaiato."
GSE165246,A,lo studio entra o esce dal pooling,"USCITO; era 'LNCaP + DHT' contro 'LNCaP + vehicle', appaiato."
GSE165461,A,altro,"Nel riferimento era 'COVID-19 Untreated' vs 'Healthy Control', caso-controllo pulito e con entrambi i bracci non trattati; ora non e' poolato in nessuna meta-analisi."
GSE165512,B,lo studio entra o esce dal pooling,"ENTRATO con due coppie appaiate per sede (""Colon CD"" contro ""Colon Healthy"", ""Ileum CD"" contro ""Ileum Healthy"") che il riferimento non poolava."
GSE165543,B,lo studio entra o esce dal pooling,"ENTRATO in una meta-analisi che nel riferimento non esisteva affatto, con un confronto appaiato ('GSK-343' vs 'DMSO')."
GSE165548,B,lo studio entra o esce dal pooling,"USCITO a ragione: «Gemcitabine + Radiotherapy» vs «Control - No irradiation - No treatment» aggiunge la radioterapia solo nel trattato, quindi non isolava la gemcitabina."
GSE165585,C,altro,"Il riferimento diceva «Control (untreated)», il nuovo «Parent Oral Cancer Cell Line»: il nuovo e' meno chiaro e apre il dubbio parentale-vs-derivata, ma nessuna delle due etichette prova un difetto ne' identifica un insieme di campioni diverso."
GSE166214,C,altro,"Stessi due confronti; ora 'Retinoic Acid Treated (30 uM) Neuroblastoma' vs 'DMSO Control Neuroblastoma', prima 'SH-SY5Y Retinoic Acid (30 uM)' vs 'SH-SY5Y Control (DMSO)'. In tutte e due le versioni le due righe sono indistinguibili fra loro; il nuovo perde in piu' il nome della linea."
GSE166268,B,lo studio entra o esce dal pooling,"USCITO, e bene: il confronto del riferimento era ""NK cells, IL-15, donor 445, D1"" contro ""NK cells, freshly isolated, donor 445, D0"", cioe' cellule coltivate un giorno contro cellule appena isolate — tempo e stato di coltura dichiaratamente non appaiati."
GSE166617,A,lo studio entra o esce dal pooling,USCITO: «BRAFi resistant SkMel28 + Dasatinib» vs «BRAFi resistant SkMel28 + untreated» e' appaiato sul fondo fenotipico e ora non e' poolato.
GSE168468,B,lo studio entra o esce dal pooling,"ENTRATO con quattro coppie appaiate nel tempo ('LPS (4h)' vs 'RPMI media (4h)', 'LPS (24h)' vs 'RPMI media (24h)')."
GSE168527,A,lo studio entra o esce dal pooling,USCITO: portava due coppie appaiate per sottopopolazione ('KIR- CD8 T multiple sclerosis' vs 'KIR- CD8 T healthy' e la gemella KIR+); ora non e' poolato. Dato pulito perso.
GSE168670,C,solo la formulazione dell etichetta cambia,Sola riformulazione: 'shControl_puro/shControl_neo + R1881' vs '... + Ethanol' contro la versione del riferimento con '(prostate cancer)'. Stesso contrasto.
GSE168705,A,lo studio entra o esce dal pooling,USCITO: 'Obese' vs 'Control' era un caso-controllo pulito; ora non e' poolato.
GSE169241,B,lo studio entra o esce dal pooling,"USCITO: era 'human heart, SARS-CoV-2 infected person' vs 'human ES-derived macrophage, No treatment' — cuore di paziente contro macrofago da cellule ES. Il nuovo fa bene a non poolarlo."
GSE171073,C,l appaiamento del braccio di controllo cambia,"Cambia il modello PDX poolato (Gar15-13 ora, HCI005 nel riferimento): entrambi appaiati per modello."
GSE171170,C,lo studio cambia gruppo / entita,"SPOSTATO: nel riferimento lo studio dava `IL-17A (100 ng/ml)` → `PBS` e `TNF (10 ng/ml)` → `PBS`, ora da' `TWEAK (100 ng/ml)` → `PBS`. Tutte e tre le etichette sono pulite e appaiate; l'etichetta non basta per stabilire se sia un terzo braccio recuperato o la stessa colonna letta come un'altra citochina."
GSE171260,C,l appaiamento del braccio di controllo cambia,"""MLN4924-treated human SCLC-derived PDX"" vs ""Vehicle-treated human SCLC-derived PDX"" contro ""FHSC39 MLN4924"" vs ""FHSC39 Vehicle"": entrambe appaiate trattato/veicolo, la nuova e' solo meno specifica sul modello."
GSE171358,A,lo studio entra o esce dal pooling,USCITO verso CHEBI:72317 benche' l'etichetta dica «ACHN cells treated with Dasatinib» vs «Untreated ACHN cells»: coppia pulita di dasatinib tolta da questo gruppo.
GSE171611,C,lo studio entra o esce dal pooling,"ENTRATO. Confronto appaiato sulla linea e difendibile, ma il riferimento non fornisce etichetta: non posso stabilire se la vecchia esclusione fosse giustificata."
GSE171750,B,lo studio entra o esce dal pooling,"ENTRATO con ""A549 + IL4"" vs ""A549 + untreated"", confronto appaiato sulla stessa linea che il riferimento non poolava."
GSE171952,C,l appaiamento del braccio di controllo cambia,"Tre confronti ora contro due, tutti appaiati per tipo cellulare e passaggio (P33, P330, P299); il controllo passa da 'Control_vehicle' a 'Vehicle'. Il nuovo copre di piu', entrambe difendibili."
GSE172032,C,cambia la granularita: etichetta piu ricca o piu povera,"Riferimento 'Gastric cancer tissue' contro 'Matched adjacent normal tissue'; ora le stesse due schiere di tre campioni con i codici dei rappresentanti ('donor 6' contro 'donor 1'). L'assegnazione e' la stessa, cambia solo il dettaglio stampato: l'etichetta non permette di dire che una delle due sia sbagliata."
GSE172094,C,solo la formulazione dell etichetta cambia,"Ora 'LNCaP + R1881' vs 'LNCaP + ETOH'; prima 'LNCaP + R1881 (0.1 nM) + control siRNA' vs 'LNCaP + control siRNA + ETOH'. Il siRNA di controllo sta su entrambi i bracci in entrambe le versioni: stesso contrasto, il nuovo e' meno esplicito."
GSE172442,B,l appaiamento del braccio di controllo cambia,"Il riferimento poolava tre righe, ora sono quattro e includono anche 'AMO1 + YKL-5-124 (1000 nM)' vs 'AMO1 + DMSO'. Tutte e quattro appaiano la linea con se stessa: un contrasto in piu' senza difetti in piu'."
GSE172443,B,l appaiamento del braccio di controllo cambia,"Il riferimento aveva un solo confronto ('XG1 cells treated with YKL-5-124 at 1000 nM' vs 'XG1 cells treated with DMSO'); ora ce ne sono tre, tutti appaiati per linea. Il nuovo recupera bracci che il vecchio lasciava fuori — con l'avvertenza che sono gli stessi bracci gia' presenti nell'accessione gemella GSE172442."
GSE172494,B,l appaiamento del braccio di controllo cambia,"Il riferimento poolava solo la coppia MDA-MB-468; ora c'e' anche 'MDA-MB-231 cells treated with 20 mM Nicotinamide for 48 hours' contro 'MDA-MB-231 cells untreated', appaiata per linea e sull'entita'. Il nuovo run aggiunge un confronto pulito che il vecchio non aveva."
GSE172544,B,lo studio entra o esce dal pooling,"Uscito, e giustamente: era 'MSK-SRF001 treated with GSK2869552, EPZ5676, NMDA, Bay K 8644' vs 'MSK-SRF001 treated with DMSO', quattro agenti sul solo trattato. Quel confronto non isolava EPZ5676."
GSE173160,C,solo la formulazione dell etichetta cambia,«PCOS» vs «Control» contro «PCOS» vs «Normal»: stesso contrasto.
GSE173201,B,altro,"Si aggiunge ""A2780cis cells treated with cisplatin"" vs ""A2780cis cells treated with vehicle control"": la linea resistente e' confrontata col proprio veicolo, non con la parentale. Confronto pulito recuperato."
GSE173483,C,solo la formulazione dell etichetta cambia,"Stessi due contrasti (U2OS wild-type e RFX7-/-), ciascuno col proprio DMSO; sola riscrittura."
GSE173670,C,solo la formulazione dell etichetta cambia,Sola riformulazione del controllo: 'Healthy Control' contro 'Healthy Control 1'.
GSE173735,A,lo studio entra o esce dal pooling,USCITO verso nessuna meta-analisi. Nel riferimento 'NASH' contro 'Healthy': contrasto pulito e sull'entita'. Contributo corretto perso.
GSE173789,C,solo la formulazione dell etichetta cambia,Sola riscrittura; tipo cellulare (CD19+ B) appaiato in entrambe le esecuzioni.
GSE173807,C,solo la formulazione dell etichetta cambia,Sola riscrittura ('Neutrophils treated with LPS' contro 'LPS-treated neutrophils').
GSE174244,A,lo studio entra o esce dal pooling,"Uscito. 'IFNg' → 'Control', nessun difetto leggibile; ora non poolato: potenza persa."
GSE174490,C,solo la formulazione dell etichetta cambia,"'Normal human cardiac fibroblasts treated with TGFBeta' contro 'Untreated normal human cardiac fibroblasts' ora, 'TGFBeta' contro 'Untreated' nel riferimento: stesso contrasto, il nuovo e' solo piu' esplicito."
GSE174618,C,altro,Il riferimento aveva anche 'DHT 10nm 1hr'; tutti i bracci contro lo stesso 'Vehicle Control (EtOH)' in entrambi i run. Differenza di potenza.
GSE174745,B,lo studio entra o esce dal pooling,"ENTRATO: 'Dopaminergic Neuron, SARS-CoV-2' vs 'Dopaminergic Neuron, Control', appaiato per tipo cellulare."
GSE175436,C,solo la formulazione dell etichetta cambia,"Sola riformulazione: ora 'PDAC case' vs 'Healthy control', prima 'PDAC patients' vs 'Healthy controls'. In nessuna delle due versioni il materiale e' dichiarato."
GSE175615,A,lo studio entra o esce dal pooling,"USCITO da ogni pooling; era '5-Azacytidine Treated' contro 'Untreated Control', appaiato."
GSE175757,B,lo studio entra o esce dal pooling,"ENTRATO. 'Kasumi1 unmodified ATRA' contro 'Kasumi1 unmodified untreated': linea e stato genetico identici sui due bracci, entita' giusta. Il riferimento non lo poolava affatto."
GSE175867,C,altro,"'DAC 10 µM' contro 'DMSO' in entrambi i run: identici, cambia la spaziatura."
GSE175988,A,lo studio entra o esce dal pooling,USCITO: 'Diabetic Unstimulated' vs 'Healthy Unstimulated' era appaiata sullo stato di stimolazione; ora non e' poolata.
GSE176123,A,lo studio entra o esce dal pooling,Uscito. Nel riferimento coppie appaiate anche nel tempo (40 minuti e 10 ore su entrambi i lati): perdita netta.
GSE176324,C,l appaiamento del braccio di controllo cambia,"Ora un solo confronto ('donor 2' contro il proprio DMSO), prima due donatori ciascuno appaiato col proprio DMSO. Entrambe corrette; il nuovo perde un donatore."
GSE178374,C,l appaiamento del braccio di controllo cambia,"Il riferimento aveva anche il braccio 3D ('3D-cultured dermal papilla cells treated with DHT' contro '3D-cultured dermal papilla cells'), appaiato come il 2D: solo potenza."
GSE178518,A,lo studio entra o esce dal pooling,"USCITO verso nessuna meta-analisi. Nel riferimento 'Vehicle A + TGFb' contro 'Vehicle A': veicolo identico sui due bracci, contrasto pulito. Perdita."
GSE178702,B,lo studio entra o esce dal pooling,ENTRATO con appaiamento pulito sulla stessa linea (`HaCaT calcitriol` → `HaCaT untreated`).
GSE178714,C,l appaiamento del braccio di controllo cambia,"Entrambi i run appaiano wild-type con wild-type e KO con KO. Il riferimento dichiarava il tempo su entrambi i lati del braccio KO (1h contro 1h), ora il controllo KO non dichiara il tempo: meno verificabile, non contraddetto."
GSE178807,A,lo studio entra o esce dal pooling,"USCITO verso nessuna meta-analisi. Nel riferimento 'COPD Bronchial Epithelium (Donor 1)' contro 'Normal Bronchial Epithelium': stesso materiale sui due bracci, entita' giusta. Contributo corretto perso."
GSE178883,C,solo la formulazione dell etichetta cambia,Solo formulazione (`PMA 100 nM` → `Control medium` contro `PMA-treated` → `Control (control medium)`): stesso contrasto.
GSE178901,C,il tempo o la dose vengono dichiarati o persi,Le due esecuzioni differiscono solo per la dose scritta nel trattato ('Human IFNβ 100 U/mL 24h' contro 'Human IFNβ 24h').
GSE179347,A,l appaiamento del braccio di controllo cambia,"Il riferimento poolava anche ""HMCL-7304 ISOPRENALINE"" vs ""HMCL-7304 CONTROL (EMPTY EMEM MEDIUM)"", appaiato sulla stessa linea: il nuovo lo perde e resta con un solo confronto."
GSE179354,A,lo studio entra o esce dal pooling,"Uscito. 'IFNg' → 'Control', nessun difetto leggibile; ora non poolato: potenza persa."
GSE179420,A,lo studio entra o esce dal pooling,"ENTRATO portando i due confronti difettosi ""IL4 + Compound treated"" vs ""untreated"": il riferimento, non poolandolo, non aveva questo difetto."
GSE179609,C,l appaiamento del braccio di controllo cambia,"Cinque confronti ora, tutti appaiati per sottopopolazione ('CD8_EM2_CMV' vs 'CD8_EM2'); nel riferimento uno solo, anch'esso appaiato ('Naive CD8+ T Cells Exposed to CMV' vs 'Naive CD8+ T Cells Control'). Le due esecuzioni leggono in modo diverso il tag CMV (esposizione contro stato della sottopopolazione) e l'etichetta sorgente non basta a scegliere: e' proprio il caso C."
GSE180067,C,altro,"Il controllo passa da ""A549 untreated"" a ""A549 negative control"": entrambi controlli non trattati della stessa linea, l'etichetta non permette di preferirne uno."
GSE180146,C,l appaiamento del braccio di controllo cambia,"Ora solo il braccio 48h contro il mock, prima anche il 24h contro lo stesso mock. Entrambi appaiati; il nuovo perde un punto temporale e con esso una duplicazione del controllo."
GSE180233,A,lo studio entra o esce dal pooling,USCITO: 'Healthy Donor 1 - GSKJ4' vs 'Healthy Donor 1 - Untreated' era appaiata per donatore; ora non e' poolata.
GSE180467,A,lo studio entra o esce dal pooling,"Uscito. Nel riferimento il donatore era tenuto costante (""HYP + DC (Donor A)"" contro ""NRX + DC (Donor A)""): era uno degli appaiamenti migliori del gruppo."
GSE180760,C,solo la formulazione dell etichetta cambia,Sola riscrittura ('MS DCs' vs 'Healthy DCs' contro 'MS Monocyte derived dendritic cells' vs l'omologo sano).
GSE180881,A,il tempo o la dose vengono dichiarati o persi,"Il riferimento aveva tre coppie pulite (ECFC 24h, ECFC 4h, HUVEC 4h, ciascuna contro il proprio ""Media only"" allo stesso tempo); ora ne resta una."
GSE181003,A,altro,"Il riferimento aveva due coppie pulite (MOLM-13 e OCIAML2, ciascuna col proprio DMSO); ora resta solo MOLM-13: perdita netta."
GSE181029,B,il tempo o la dose vengono dichiarati o persi,"Con CORREZIONE. Dei tre confronti caduti, due erano asimmetrici (il controllo porta 'terminally differentiated', il trattato no) e la loro perdita e' un guadagno; il terzo ('Neurons presumably dopaminergic, PD patient' contro 'Neurons presumably dopaminergic, healthy control') era simmetrico ed e' una perdita per omissione. Netto positivo, ma non e' il B pieno che il lettore aveva scritto."
GSE181229,C,altro,"Un confronto in entrambe, stessa sostanza con etichetta abbreviata ('MDA-PCa-2b + IL-1 alpha (3 days)' contro '... (25 ng/ml) for 3 days'), controllo identico."
GSE181238,A,lo studio entra o esce dal pooling,"USCITO: era 'SARS-CoV-2-infected Term placenta' vs 'Mock-treated Term placenta', appaiato. Perso."
GSE181586,A,lo studio entra o esce dal pooling,"USCITO da ogni pooling; era 'MOLM14 gilteritinib' contro 'MOLM14 DMSO', appaiato sulla linea: il nuovo perde un confronto valido in un gruppo che ha solo tre studi."
GSE182180,B,lo studio entra o esce dal pooling,Entrato: nel riferimento non era poolato. 'Pituitary Tumors' vs 'Normal Pituitary Tissues' e' un caso-controllo pulito e sullo stesso tessuto.
GSE182278,A,lo studio entra o esce dal pooling,"USCITO: nel riferimento portava `LAPC-4 cells treated with Enzalutamide` → `LAPC-4 cells with Vehicle Control (None)`, appaiato; ora non e' poolato da nessuna parte. Perdita di un membro pulito."
GSE182350,B,l appaiamento del braccio di controllo cambia,Il nuovo aggiunge 'Hemin Day 16' vs 'Control Day 16' accanto a 'Hemin Day 15' vs 'Control Day 15': il confronto aggiunto e' appaiato per giorno.
GSE182875,C,l appaiamento del braccio di controllo cambia,'Schizophrenia Neural Progenitor Cells' vs 'Control Neural Progenitor Cells' contro la versione col suffisso '353' del riferimento: identico appaiamento per tipo cellulare.
GSE182923,A,l appaiamento del braccio di controllo cambia,"Il riferimento poolava due confronti distinti dello stesso studio: 'Diabetic Female' vs 'Healthy Control Female' (sotto la chiave del diabete, dove sta anche oggi) e 'Healthy Smoker Female' vs 'Healthy Control Female' in questo gruppo, appaiato per sesso e per stato di salute. Nel run nuovo resta solo il braccio diabetico, su campioni suoi; i campioni fumatori non sono piu' poolati. Il nuovo perde un contrasto pulito."
GSE182955,A,lo studio entra o esce dal pooling,"USCITO. ""IL-4 stimulated bronchial epithelial cells"" vs ""Untreated bronchial epithelial cells"": stesso materiale sui due bracci, confronto pulito perso."
GSE183062,B,lo studio entra o esce dal pooling,"ENTRATO con 'B-ALL cell line, >96% European, Methotrexate' contro '... no treatment': stessa linea e stessa annotazione sui due bracci."
GSE183487,C,il tempo o la dose vengono dichiarati o persi,"Stessa coppia col separatore diverso: ""Karpas422_EPZ6438"" vs ""Karpas422_DMSO"" contro ""Karpas422 + EPZ6438"" vs ""Karpas422 + DMSO""."
GSE183777,C,lo studio entra o esce dal pooling,"Uscito. Nel riferimento ""Human bladder carcinoma + GSK126"" contro ""RT112 + DMSO"": il trattato e' descritto genericamente e il controllo per linea, quindi l'etichetta non dice se sia la stessa linea e non si puo' stabilire se toglierlo sia guadagno o perdita."
GSE183850,A,lo studio entra o esce dal pooling,"USCITO: erano 'Heart Failure SARS-CoV-2' vs 'Heart Failure Mock' e 'Healthy SARS-CoV-2' vs 'Healthy Mock', stato clinico costante sui due bracci. Persi."
GSE183947,C,solo la formulazione dell etichetta cambia,Stesso contrasto 'Breast Tumor' contro 'Normal Breast Tissue'; nel riferimento il controllo specificava il donatore.
GSE183999,A,lo studio entra o esce dal pooling,"USCITO: era 'SARS-CoV-2 + siRNA against non-targeting control' vs 'Mock + siRNA against non-targeting control', siRNA di controllo su entrambi i bracci. Perso."
GSE184029,B,altro,"Il nuovo aggiunge 'CAPAN-2 + Carfilzomib (rep)' vs 'CAPAN-2 + DMSO (rep)', che il riferimento non poolava: linea identica sui due bracci."
GSE184102,C,altro,"'Schizophrenia Case 1' vs 'Control 1' ora, vs 'Healthy Control' prima: entrambe leggono caso contro controllo non malato."
GSE184156,C,lo studio entra o esce dal pooling,"USCITO da qui: era 'MCF7-ESR1Y537S + 4-hydroxytamoxifen' vs 'MCF7-ESR1Y537S + Vehicle' (appaiato per genotipo) e ora lo studio sta sotto CHEBI:31638 e CHEBI:85993. E' uno studio a piu' bracci di composti sullo stesso veicolo: il materiale non mostra QUALI confronti stiano ora sotto le altre chiavi, quindi non e' decidibile se il nuovo abbia risolto un braccio diverso (corretto) o lo stesso braccio sotto l'entita' sbagliata. Resta il fatto che un braccio 4-OHT pulito non e' piu' poolato qui."
GSE184336,A,lo studio entra o esce dal pooling,"USCITO. Nel riferimento 'Gastric Cancer Tissue (Stage IIA)' contro 'Normal Gastric Tissue (Stage IIA)', bracci appaiati anche per stadio: perdita per omissione."
GSE184427,A,l appaiamento del braccio di controllo cambia,"Il nuovo produce l'incrocio 147-contro-73; nel riferimento c'erano tre coppie tutte appaiate sullo stesso modello (147→147, 78→78, 81→81). Qui il vecchio azzeccava."
GSE184455,A,lo studio entra o esce dal pooling,"USCITO: portava `HCC38 treated with Enzalutamide` → `HCC38 treated with Vehicle (DMSO)`, appaiato; ora non e' poolato in nessuna meta-analisi."
GSE184891,C,l appaiamento del braccio di controllo cambia,"Il riferimento poolava un solo braccio (OCI-AML3 4 giorni), il nuovo ne poola cinque, tutti contro il non-trattato della propria linea: guadagno di potenza con lo stesso identico appaiamento, ma anche moltiplicazione dello stesso controllo condiviso."
GSE185064,C,altro,"Stessa coppia, il nuovo la scrive per esteso: ""Human primary meniscus cells from osteoarthritis patients"" vs ""Healthy human primary meniscus cells"" contro ""OA"" vs ""Healthy"". Nessuna differenza di contrasto."
GSE185309,C,altro,"Il controllo perde la precisazione ""(no treatment)"" ma resta ""Healthy control keratinocytes"": differenza di sola scrittura, il contrasto e' identico."
GSE185373,B,lo studio entra o esce dal pooling,"ENTRATO con ""Pladienolide B 8 hours"" vs ""DMSO 8 hours"": tempo appaiato sui due bracci."
GSE186054,C,solo la formulazione dell etichetta cambia,Stesso contrasto; cambia solo la forma ('Sepsis patients' vs 'Healthy controls' diventa 'Sepsis' vs 'Healthy').
GSE186145,C,altro,"Ora entrano i donatori D2 e D1, nel riferimento erano D1 e D3, tutti contro lo stesso pool di normale adiacente. L'etichetta non permette di dire quale coppia di donatori sia quella giusta."
GSE186239,A,altro,"Era in questo gruppo con ""Cal27_EPZ-6438"" vs ""Cal27_DMSO"", coppia senza difetti leggibili, e ora non e' poolato in nessuna meta-analisi: il nuovo perde uno studio che il vecchio classificava bene."
GSE186257,C,altro,"Cambia solo l'identificativo del controllo non ipertensivo (P1138 ora, P1430 prima). In un caso-controllo il controllo e' per forza un altro soggetto: entrambe difendibili."
GSE186341,A,il tipo di controllo e stato normalizzato diversamente,Il riferimento aveva due coppie appaiate per linea con veicolo esplicito (HF2597 e NCI-H1793 contro il rispettivo DMSO); ora ne resta una. Coppia pulita persa - ma il controllo 'NCI-H1793_Untreated' nomina la stessa linea ed e' dentro il tipo di controllo dichiarato dal gruppo.
GSE186396,C,l appaiamento del braccio di controllo cambia,"La coppia «Primary Melanoma BLM cells, Untreated, TNF 6h» vs «Melanoma BLM cells, Untreated» e' identica nelle due esecuzioni; il nuovo perde la coppia appaiata sul genotipo sgRNF31. Perdita di copertura."
GSE186402,A,lo studio entra o esce dal pooling,"Uscito. Nel riferimento 'SK-BR-3 Trastuzumab' → 'SK-BR-3', stessa linea sui due bracci; ora non poolato. Perdita di potenza in un gruppo di quattro studi."
GSE186709,C,solo la formulazione dell etichetta cambia,"Stesso contrasto: il nuovo esplicita linea derivata da PDX e midollo osseo su ENTRAMBI i bracci, il riferimento scriveva 'AML PDX Case'. Entrambe appaiate."
GSE187006,C,solo la formulazione dell etichetta cambia,"Stessi due confronti appaiati per linea di organoide; ora 'U1M Organoid VPA Treated' vs 'U1M Organoid Vehicle Control', prima 'U1M organoid + VPA' vs 'U1M organoid + vehicle'. Sola riformulazione."
GSE188382,B,altro,"Il nuovo aggiunge 'SIRT5-KO SARS-CoV-2 (Replicate)' vs 'SIRT5-KO Mock', genotipo identico sui due bracci, accanto al gia' presente Wild-Type/Wild-Type. Guadagno pulito."
GSE188469,C,l appaiamento del braccio di controllo cambia,"Cambia il punto temporale: ora 'MaMel63a, Vemurafenib, 24h' vs 'MaMel63a, DMSO, 24h', prima 'Vemurafenib 8 hours' vs 'DMSO 8 hours'. Entrambi appaiati nel tempo."
GSE188717,A,lo studio entra o esce dal pooling,"USCITO da ogni pooling; era 'Olaparib' contro 'DMSO' (due volte), appaiato."
GSE188938,C,solo la formulazione dell etichetta cambia,"'CTEPH Case Replicates' vs 'Healthy Control' ora, 'CTEPH patients' vs 'Healthy controls' prima: stessa coppia caso-controllo, sola riscrittura."
GSE188958,C,solo la formulazione dell etichetta cambia,"Stesse due coppie riscritte ('SF268 + Neratinib 6h' -> 'SF268 neratinib 6h'), stesso controllo non datato in entrambi i run."
GSE189136,A,altro,"Nel riferimento era 'RA PBMCs Untreated' vs 'Healthy PBMCs Untreated', il contrasto di malattia nella sua forma piu' pulita (entrambi i bracci non trattati); ora lo studio compare solo sotto HGNC:5992 e CHEBI:16412, cioe' sotto stimoli. Dichiaro il limite: le etichette nuove non sono in questo blocco, quindi il giudizio poggia sulla pulizia di quella del riferimento."
GSE189186,A,lo studio entra o esce dal pooling,"USCITO; era 'LNCaP + Olaparib' contro 'LNCaP + DMSO', appaiato."
GSE189212,A,lo studio entra o esce dal pooling,"USCITO: nel riferimento 'Colorectal cancer stem cell spheroids - Untreated' vs 'Normal colorectal epithelial stem cell spheroids - Untreated', cioe' sferoidi contro sferoidi — il confronto appaiato che a GSE205787 riesce solo su tre bracci su quattro. Nel run nuovo lo studio non compare affatto."
GSE189504,B,lo studio entra o esce dal pooling,ENTRATO con appaiamento pulito e materiale identico sui due bracci.
GSE189706,A,altro,"Il riferimento poolava anche ""HEK293T-GFP-poly(I:C)"" contro ""HEK293T-GFP-untreated"", altrettanto pulito; ora resta solo il braccio N-protein."
GSE189764,A,altro,"Il nuovo pool a DUE bracci di combinazione «Gemcitabine ... and Torin 1» contro «Untreated», mentre il riferimento poolava il braccio a singolo agente «Gemcitabine (100 nM)» vs «Untreated». Qui il vecchio azzeccava."
GSE189919,C,lo studio entra o esce dal pooling,"ENTRATO con cinque confronti in cui il controllo dichiara materiale e protocollo (""Normal CSF without RNA extraction"") e il trattato tace, e con un braccio ""Pooled"" accanto ai pazienti singoli. L'etichetta non basta ne' per dire che l'assegnazione nuova sbagli ne' per dire che azzecchi."
GSE189997,C,l appaiamento del braccio di controllo cambia,"Tre confronti in entrambe ma sottoinsiemi diversi di sottopopolazioni, ognuna appaiata col proprio 'Unstim'. Entrambe difendibili."
GSE190031,C,solo la formulazione dell etichetta cambia,"Sola riscrittura, con perdita della linea nell'etichetta nuova ('High Calcium' vs 'Control' contro 'MCF10A + high calcium' vs 'MCF10A + vehicle')."
GSE190181,C,solo la formulazione dell etichetta cambia,"«TNF» vs «PBS» contro «TNF-treated HUVEC» vs «PBS-treated HUVEC»: stesso contrasto, etichette nuove meno informative."
GSE190350,C,altro,'HRT18 SARS-CoV2 p11' vs 'HRT18 mock' contro 'HRT18 SARS-CoV2 passage 11' vs 'HRT18 mock-infected'. Sola abbreviazione.
GSE190405,A,altro,"Il riferimento aveva anche 'CD26 knockdown + LPS' vs 'CD26 knockdown', con la genetica su ENTRAMBI i bracci; ora resta solo 'LPS' vs 'PBS'. Coppia pulita persa."
GSE190496,C,altro,Due confronti ora contro tre nel riferimento (uno era il duplicato 'COVID-19 Lung Tissue' vs 'Healthy Normal Human Lung Tissue'): stessa coppia tessuto-tessuto.
GSE190634,C,il tempo o la dose vengono dichiarati o persi,Donatore 1 dichiarato sui due bracci in entrambe le esecuzioni; cambia solo la grafia.
GSE191231,B,lo studio entra o esce dal pooling,"ENTRATO con 'Olaparib-treated' contro 'Control', appaiato: il riferimento lasciava fuori uno studio valido."
GSE191248,C,solo la formulazione dell etichetta cambia,"Stesso contrasto in entrambe; la nuova espone eta' e sesso ('Age 66, Male' vs 'Age 47, Female'), la vecchia dice 'Healthy Control 3'. Con 3 trattati contro 11 controlli l'etichetta nuova e' un rappresentante: non basta a stabilire quale delle due descriva meglio il braccio."
GSE191279,B,l appaiamento del braccio di controllo cambia,"Nel riferimento questo studio era poolato SOLO sotto TGFB1; ora contribuisce anche il contrasto di malattia 'COPD, 7/13 days of culture' contro 'Healthy, 7/13 days of culture', appaiato sul giorno di coltura e sull'entita' del gruppo. E' un contrasto legittimo che il riferimento non raccoglieva. Dichiaro che gli 11 controlli 'Healthy, 13 days of culture' servono contemporaneamente questo gruppo e il gruppo TGFB1."
GSE192771,C,solo la formulazione dell etichetta cambia,"Sola riscrittura, con perdita della linea nell'etichetta nuova ('Sorafenib treated' vs 'DMSO control' contro 'Huh7 ... Sorafenib' vs 'Huh7 ... DMSO')."
GSE192903,C,solo la formulazione dell etichetta cambia,"Stesso contrasto, etichetta ora piu' ricca ('... for 24 hours' su entrambi i bracci)."
GSE193133,C,altro,Il genotipo CCAR2-/- del riferimento era su ENTRAMBI i lati e ora sparisce da entrambi: nessuna asimmetria leggibile in nessuna delle due versioni.
GSE193330,C,altro,"Stesse due coppie (bv-LoC e HuCCT1, infetto vs control) con punteggiatura diversa."
GSE193398,C,il tempo o la dose vengono dichiarati o persi,"Il riferimento aveva due dosi contro lo stesso 'Untreated', ora resta la sola dose 1uM: entrambi i confronti erano puliti, differenza di copertura."
GSE193414,C,lo studio entra o esce dal pooling,ENTRATO. 'PMA/Ionomycin treated chondrocytes from osteochondroma' vs 'Unstimulated chondrocytes from osteochondroma' e' appaiato sul materiale e difendibile; il riferimento non offre etichetta per giudicare l'esclusione precedente.
GSE193660,C,solo la formulazione dell etichetta cambia,'NaHS Treated' vs 'Control' contro 'NaHS-treated' vs 'Control (vehicle)'. Stesso contrasto; il nuovo perde solo la qualifica 'vehicle' sul controllo.
GSE193677,A,lo studio entra o esce dal pooling,ENTRATO portando dentro la discordanza di sede (right colon contro transverse colon) che il riferimento non poolava affatto.
GSE193812,C,l appaiamento del braccio di controllo cambia,"Il nuovo tiene solo la coppia ASC e perde quella sul tessuto adiposo, entrambe appaiate. Perdita di copertura."
GSE193897,C,l appaiamento del braccio di controllo cambia,"Riferimento otto confronti, ora sette (manca la dose 500nM); in entrambe ogni braccio trattato e' appaiato al controllo della PROPRIA linea. Differenza di copertura."
GSE194179,C,altro,Le due esecuzioni hanno gli stessi due confronti a meno delle maiuscole; anche il sospetto dHepaRG/HepaRG e' identico in entrambe.
GSE194374,B,lo studio entra o esce dal pooling,"Entrato con tre confronti tutti appaiati sul fondo (A673 con A673, U2OS EWS-FLI1 con U2OS EWS-FLI1). Il riferimento non lo poolava affatto."
GSE195568,A,cambia quali confronti dello studio sopravvivono,"Il riferimento aveva due confronti appaiati per linea (NCI-H2452 e NCI-H28, dose e tempo dichiarati su entrambi i bracci); ora resta il solo NCI-H28. Verificato nel registro degli scarti: 'grp_NCIH2452_palbociclib' cade per n_min con n_treated=1. La perdita e' meccanica ma reale: il vecchio azzeccava su piu' materiale."
GSE195663,A,lo studio entra o esce dal pooling,"USCITO. Nel riferimento portava ""DMS53 + cisplatin 50nM"" vs ""DMS53 + untreated"", appaiato sulla stessa linea: uno studio pulito perso senza motivo leggibile."
GSE195919,B,altro,"Nel riferimento era in questo gruppo con due confronti difettosi: ""8 Gy radiation + LCL-521, radiation induced PGCC"" contro ""Untreated, parental/mitotic"" ha un secondo agente (LCL-521) solo nel trattato, e in entrambi il trattato e' una popolazione selezionata (PGCC) contro cellule parentali/mitotiche, cioe' materiale diverso. La sua uscita toglie difetti leggibili."
GSE196195,C,lo studio entra o esce dal pooling,"Studio ENTRATO: prima non era poolato, ora entra con ""IL-1B Stimulated (Female Donor)"" contro ""Vehicle Control (Donor 2, Replicate 1)"". Non seguo il lettore che chiama A: perche' fosse A il confronto nuovo dovrebbe essere sbagliato, e l'etichetta non lo prova (vedi motivo del gruppo). L'etichetta sorgente e' ambigua, quindi C, con la riserva dichiarata."
GSE196243,C,altro,Il riferimento aveva una coppia pulita (HC vs HC) E una asimmetrica (NDAS vs Untreated); il nuovo tiene una sola coppia asimmetrica (IIU040 vs Untreated). E' perdita di copertura: la forma asimmetrica esisteva gia' nel vecchio run.
GSE196343,B,lo studio entra o esce dal pooling,"ENTRATO con 'Metformin-treated C4-2 cells (replicates)' contro 'PBS-treated C4-2 cells (replicates)': stessa linea, controllo veicolo."
GSE196387,A,lo studio entra o esce dal pooling,USCITO: 'Obese' vs 'Healthy' era un caso-controllo pulito; ora non e' poolato.
GSE196453,B,il tempo o la dose vengono dichiarati o persi,"Stessa forma: ""Radiation-induced PGCC (short duration)"" e ""Early progeny of PGCC (radiation)"" contro ""Parent/mitotic (control)"" - popolazione selezionata contro popolazione parentale, non irraggiato contro non irraggiato dello stesso materiale. Uscendo, il nuovo migliora la coerenza del gruppo."
GSE196464,A,lo studio entra o esce dal pooling,"USCITO: erano 'SARS-CoV-2 1 DPI' vs 'Mock 1 DPI' e '3 DPI' vs 'Mock 3 DPI', appaiati per tempo. Persi."
GSE196656,C,solo la formulazione dell etichetta cambia,"Stesso contrasto, cambia solo la forma («Heart Failure Patients» → «Heart failure patient (age 82)»)."
GSE196724,C,il tipo di controllo e stato normalizzato diversamente,"Donatore e vaso appaiati in entrambe; cambia solo il tipo di controllo scritto ('Vehicle Control' contro 'No Treatment'), che ricade nella stessa classe di controllo del gruppo."
GSE197132,B,lo studio entra o esce dal pooling,"ENTRATO. 'TGF-β1' contro 'control': confronto pulito e sull'entita' del gruppo, che il riferimento non poolava in nessuna meta-analisi."
GSE197143,B,lo studio cambia gruppo / entita,"USCITO: era 'Influenza B 48hpi' vs 'Mock 48hpi' dentro un gruppo la cui entita' dichiarata e' NCBITaxon:11320, Influenza A virus. Il confronto isolava un'entita' diversa: il nuovo fa bene a toglierlo."
GSE197243,C,altro,Il riferimento aveva il solo fondo TRPM2 knockout; ora c'e' anche il parentale. In entrambi i confronti nuovi il genotipo e' costante sui due bracci.
GSE197302,C,lo studio cambia gruppo / entita,"SPOSTATO. Nel riferimento era sotto HGNC:5438 col braccio IFN-gamma contro lo stesso 'BM-MSC + Vehicle'; ora e' qui col braccio clorochina. Sono due bracci DIVERSI dello stesso studio, ciascuno coerente con la propria chiave: entrambe corrette."
GSE197525,A,l appaiamento del braccio di controllo cambia,"Il riferimento aveva due coppie pulite (KO e TERT, ipossia contro normossia); ora resta solo TERT. Perdita di un appaiamento corretto senza nulla in cambio."
GSE197602,A,lo studio entra o esce dal pooling,"USCITO: nel riferimento portava 'SUM159 cells treated with Palbociclib' vs 'Untreated SUM159 cells', appaiato sulla stessa linea; ora lo studio ha 5 gruppi tutti scartati per n_min. Il nuovo perde un contrasto corretto."
GSE198000,A,cambia quali confronti dello studio sopravvivono,"Il riferimento aveva sette coppie appaiate per linea, dose e tempo; ora ne restano sei (manca KP-MRT-NS 0.003 uM 24 ore). Nessun difetto corretto, un confronto pulito in meno."
GSE198449,C,lo studio entra o esce dal pooling,USCITO: dodici righe con etichette identiche fra loro ('SARS-CoV-2 Later Surveillance' vs 'Vehicle Control Later Surveillance'). Il tipo di contrasto e' giusto ma le etichette non distinguono i dodici confronti: non si puo' dire se poolarli fosse corretto o pseudo-replicazione.
GSE198460,B,lo studio entra o esce dal pooling,"ENTRATO: nel riferimento non era poolato, ora 'PDX Cell Lines IFNg' → 'PDX Cell Lines Untreated', appaiato e con l'entita' giusta."
GSE198670,C,lo studio entra o esce dal pooling,"Il riferimento aveva anche '786-O DAC Day23' contro '786-O untreated', pulito, che ora non e' poolato; i due confronti rimasti sono identici nei due run e l'etichetta non dice perche' il Day23 sia caduto."
GSE198683,A,il tempo o la dose vengono dichiarati o persi,"Il nuovo INTRODUCE il disallineamento di donatore «Dexamethasone (DonorID 3)» vs «Control (DonorID 1)»; nel riferimento la coppia era «Dexamethasone (DonorID 1)» vs «Control», senza mismatch leggibile."
GSE198963,C,l appaiamento del braccio di controllo cambia,"In entrambe eta', sesso e fondo genetico sono appaiati fra i bracci: sono soggetti diversi dello stesso studio, entrambe difendibili."
GSE199225,C,il tempo o la dose vengono dichiarati o persi,"CORREGGO IL LETTORE (rilievo del critico A accolto): non e' un caso A. Il confronto pulito del riferimento ('PCOS, tgfb' contro 'PCOS, no treatment') e' ancora qui intatto come 'PCOS TGFB iHP10' contro 'PCOS no treatment iHP10' (5 vs 5); il nuovo run ne aggiunge uno pulito ('CTRL noEPS TGFB LC2' contro 'CTRL noEPS LC2', marcatore su entrambi i bracci) E uno difettoso (EPS solo nel trattato). Il bilancio e' +1 pulito e +1 difettoso: nessuna delle due assegnazioni domina l'altra e l'etichetta non decide. Il difetto EPS resta contato nel gruppo."
GSE199367,A,l appaiamento del braccio di controllo cambia,"Da cinque coppie tutte appaiate per tempo e donatore (12H/6H/2H, Donor_1 e Donor_2) a due. Coppie pulite perse."
GSE199800,A,lo studio entra o esce dal pooling,"USCITO verso sei altre entita'. L'etichetta del riferimento, 'DU145_Methotrexate_0.01_24h' contro 'DU145_UNTREATED', e' un contrasto di metotressato appaiato per linea: quel braccio apparteneva a questo gruppo."
GSE199811,B,lo studio entra o esce dal pooling,"ENTRATO: 'GSK343' vs 'DMSO', farmaco contro il proprio veicolo; nel riferimento non era poolato."
GSE199868,C,l appaiamento del braccio di controllo cambia,Le due esecuzioni portano lo stesso tessuto appaiato e le stesse eta' stampate (58 contro 29): differiscono solo nella grafia.
GSE199906,A,lo studio entra o esce dal pooling,"Uscito. Nel riferimento ""Crohn's Disease"" contro ""Healthy Control"": perdita netta."
GSE200020,C,il tempo o la dose vengono dichiarati o persi,"Correggo il lettore, che aveva detto A. Fra le due esecuzioni cambia solo l'attributo stampato del controllo ('Age 67' contro 'Age 29, M') a parita' di studio: poiche' la parentesi segue il rappresentante estratto e non il braccio (n=3 controlli), l'etichetta non permette di dire quale delle due assegnazioni sia migliore."
GSE200029,C,solo la formulazione dell etichetta cambia,"'T47D, Breast cancer, 4-OHT, 120h' vs '..., DMSO, 120h' contro 'T47D + 4-OHT' vs 'T47D + DMSO'. Stesso contrasto; il nuovo dichiara in piu' il tempo su entrambi i bracci."
GSE200209,B,lo studio entra o esce dal pooling,"Non era poolato nel riferimento; entra con ""Fluoxetine 20uM"" vs ""Control"", senza difetti leggibili sull'etichetta."
GSE201021,A,lo studio entra o esce dal pooling,USCITO: 'Nutlin P53KO' vs 'DMSO P53KO' aveva il genotipo appaiato sui due bracci; ora non e' poolata.
GSE201093,B,lo studio entra o esce dal pooling,ENTRATO con appaiamento pulito sulla stessa linea (`ML-DS2_ruxolitinib` → `ML-DS2_DMSO`).
GSE201955,A,l appaiamento del braccio di controllo cambia,"Correggo il lettore, che dava C accogliendo il critico A: ""Asthma (Age: 49, Sex: F, Ancestry: African American)"" vs ""Control (Age: 37, Sex: M, Ancestry: African American)"" e' un caso-controllo con l'ancestry appaiata; eta' e sesso diversi sono obbligatori nel disegno. Il vecchio azzeccava, il nuovo perde un confronto pulito."
GSE202045,C,l appaiamento del braccio di controllo cambia,"Ora 2 confronti su epatociti primari (6h e 24h), prima 3 (in piu' HepG2 a 24h). Tutti appaiati per materiale e tempo."
GSE202436,C,l appaiamento del braccio di controllo cambia,Le 8 coppie appaiate per tempo ci sono in entrambe; il nuovo toglie il lato del polmone dall'etichetta producendo quattro coppie indistinguibili. Contrasto invariato.
GSE202682,C,altro,"Il nuovo raddoppia la stessa coppia «Docetaxel Treated» vs «Control (Vehicle)»: contrasto identico, cambia il numero di entry e quindi il peso."
GSE202714,C,l appaiamento del braccio di controllo cambia,"Stessi due confronti appaiati per eta' del tessuto (Adult con Adult, Fetal con Fetal); l'etichetta si accorcia soltanto."
GSE202866,C,altro,"Il controllo passa da 'Vehicle Control 1' a 'Vehicle Control 2'. Sono due controlli veicolo dello stesso studio, cioe' controlli dello stesso tipo: entrambe le assegnazioni sono pulite e l'etichetta non dice quale sia il compagno canonico."
GSE202885,C,l appaiamento del braccio di controllo cambia,"Il riferimento poolava tre bracci (24h, 96h, long-term) tutti contro lo STESSO `16D CRPC + DMSO` senza tempo dichiarato; ora resta `Enzalutamide 24h` → `DMSO 24h`, appaiato nel tempo ma con meno potenza. L'etichetta non decide quale assegnazione sia preferibile."
GSE202963,A,lo studio entra o esce dal pooling,"USCITO: era 'Airway Organoids SARS-CoV-2 MOI=1 48h' vs 'Airway Organoids Mock', appaiato sul materiale. Perso."
GSE203174,B,lo studio entra o esce dal pooling,"ENTRATO con ""Medulloblastoma C17466""/""C138498"" contro ""Normal Cerebellum A508112"": stessa sede sui due bracci, caso-controllo pulito che il riferimento non poolava."
GSE203206,C,l appaiamento del braccio di controllo cambia,"Tre confronti in entrambe, stesso controllo (Subject 4870), casi in parte diversi. Il nuovo dichiara in piu' la sede su entrambi i bracci ('Occipital Lobe'), il vecchio non la dichiarava su nessuno dei due: nessuna delle due e' contraddetta dall'etichetta."
GSE203395,C,il tempo o la dose vengono dichiarati o persi,"Correggo il lettore (diceva B). Il riferimento non e' smentito dall'etichetta: il suo confronto piu' esteso scrive 'M.tb-uninfected, CMV-infected, D-7, 7 days, BCG vaccinated' contro 'M.tb-uninfected, D-7, 7 days, BCG vaccinated', cioe' lo stato M.tb costante sui due bracci. La nuova ('CMV infected, BCG vaccinated' vs 'Control, BCG vaccinated') e' piu' compatta ma non piu' corretta."
GSE204825,C,l appaiamento del braccio di controllo cambia,"Stessa situazione su PDX multi-farmaco: nel riferimento ""BTY10 Dasatinib"" vs ""BTY10 Vehicle"" sotto dasatinib, ora ""BTY10 Paclitaxel"" vs ""BTY10 Vehicle"" sotto paclitaxel. Bracci diversi, entrambi appaiati al proprio veicolo."
GSE204868,C,solo la formulazione dell etichetta cambia,"'TGF-beta' contro 'control' ora, 'TGF-beta (triplicate)' contro 'Control (triplicate)' nel riferimento: stesso contrasto."
GSE204929,B,lo studio entra o esce dal pooling,ENTRATO con appaiamento pulito sul medesimo fondo genetico (siYWHAG su entrambi i bracci).
GSE205261,C,solo la formulazione dell etichetta cambia,"Stesso confronto, controllo riscritto: ""DMSO-treated NCI-H295R cells (two replicates)"" contro ""Vehicle control (DMSO) NCI-H295R cells"". Entrambe appaiate alla stessa linea."
GSE205567,B,lo studio entra o esce dal pooling,"ENTRATO con 'HBV Mono-Infection' vs 'Mock Infection', coerente col contrasto sperimentale del gruppo; nel riferimento non era poolato."
GSE205621,C,cambia la granularita: etichetta piu ricca o piu povera,"Sei confronti in entrambe, stesse varianti e stessi tempi contro 'Mock 24h'/'Mock 48h'; il nuovo aggiunge solo il prefisso 'A549-ACE cells'."
GSE205668,C,l appaiamento del braccio di controllo cambia,Entrambe le esecuzioni contengono una coppia con eta' incompatibili (ora 18.44 contro 0.50; nel riferimento 18 contro 13 e 14 contro 0.5). Il nuovo appaia bene l'altra coppia (12.85 contro 12.72) dove il riferimento non la appaiava: nessuna delle due esecuzioni e' pulita e non c'e' motivo per preferirne una.
GSE205726,C,solo la formulazione dell etichetta cambia,Solo formulazione (`MDA-MB-231 + YAP+TAZ siRNA` contro `... (duplicate)`) verso lo stesso `MDA-MB-231 + control siRNA`.
GSE205729,A,altro,"Era in questo gruppo con ""Ipatasertib"" vs ""DMSO"", coppia senza difetti leggibili, e ora non e' poolato in nessuna meta-analisi: il nuovo perde uno studio che il vecchio classificava bene (e che ha etichette identiche a GSE205730, rimasto dentro)."
GSE205787,C,il tempo o la dose vengono dichiarati o persi,"Quattro confronti in entrambe le esecuzioni e in entrambe compare il braccio di tessuto intero contro sferoidi normali: lo stesso difetto prima e dopo, nessuna delle due assegnazioni e' migliore."
GSE205851,C,altro,"Il nuovo pool a due entry con etichette identiche (""IL1Beta 4h"" vs ""Untreated"", 2 vs 4 in entrambe) dove il riferimento ne aveva una. Le etichette non dicono cosa distingua le due entry: non si puo' stabilire se sia un guadagno o un doppio conteggio."
GSE205853,C,altro,Due confronti in entrambe le esecuzioni con le stesse etichette: il difetto — citochina sbagliata e due agenti insieme — e' identico nelle due letture.
GSE205890,C,l appaiamento del braccio di controllo cambia,"Stesse due coppie appaiate per linea (H1, H9), cambia solo la grafia."
GSE206130,B,l appaiamento del braccio di controllo cambia,"Il riferimento aveva un solo confronto; ora quattro, ciascuno con il controllo della PROPRIA linea (HDML-2, KARPAS 1106P, L-428, cellule primarie): guadagno di confronti appaiati."
GSE206257,C,solo la formulazione dell etichetta cambia,'Wild-type GIST430/654 cells treated with palbociclib' vs '... treated with DMSO' e 'GIST430/654 WT + palbociclib' vs 'GIST430/654 WT + DMSO' sono la stessa coppia riscritta.
GSE206267,B,l appaiamento del braccio di controllo cambia,Ora due coppie appaiate per linea (KP4 e MiaPaca2); il riferimento aveva solo MiaPaca2.
GSE206308,C,solo la formulazione dell etichetta cambia,Stesso contrasto; sparisce '(triplicate)' da entrambi i bracci.
GSE206428,C,solo la formulazione dell etichetta cambia,"""786-0 cells treated with Pevonedistat"" vs ""Untreated 786-0 cells"" e' la riscrittura di ""786-0 Kidney Cells Treated with Pevonedistat"" vs ""Untreated 786-0 Kidney Cells"": stesso contrasto."
GSE206649,B,lo studio entra o esce dal pooling,"USCITO, e bene: il confronto del riferimento era ""A2780/CDDP treated with cisplatin"" vs ""A2780 untreated"", linea RESISTENTE trattata contro linea PARENTALE non trattata."
GSE206677,A,lo studio entra o esce dal pooling,"USCITO: era 'SARS-CoV-2 infection 72hpi' vs 'Control', nessun difetto leggibile. Perso."
GSE206742,C,altro,"Il riferimento diceva `PMA` → `DMSO`, ora `PMA + shUHRF1` → `DMSO + shUHRF1`: e' la stessa coppia col fondo genetico esplicitato su entrambi i bracci, nessuna delle due mostra un difetto."
GSE206784,C,l appaiamento del braccio di controllo cambia,"Stesso confronto; il riferimento dichiarava dose e tempo ('IFN alpha 100 microg/mL 24h' contro 'no treatment 24h'), il nuovo no. Genotipo NINL KO appaiato in entrambi."
GSE207409,C,il tempo o la dose vengono dichiarati o persi,"Il nuovo pool a 1h e 3h, il riferimento 1h e 6h, tutti contro un «Vehicle» che non dichiara tempo: l'etichetta non permette di scegliere."
GSE207645,B,lo studio entra o esce dal pooling,ENTRATO con 'Trametinib' vs 'DMSO'; il riferimento non lo poolava.
GSE208107,B,lo studio cambia gruppo / entita,"Spostato da 'STR:adenoma' (ombrella senza organo, che accorpa adenomi di sedi diverse) a MeSH:D010911 Pituitary Neoplasms. Il confronto e' pulito in entrambe, ma la chiave nuova e' quella che l'etichetta sostiene ('Pituitary cells from Adenoma patients' contro 'Pituitary cells from Healthy donors')."
GSE208331,A,lo studio entra o esce dal pooling,"USCITO: nel riferimento portava `PM2.5` → `Control sample`, identico per forma agli altri tre confronti del gruppo e senza difetto leggibile; ora non e' poolato in nessuna meta-analisi. Il nuovo perde un membro pulito (4 studi → 3) e il materiale non dice perche'."
GSE208405,C,il tempo o la dose vengono dichiarati o persi,"Correggo il lettore (diceva B). 'Atopic Dermatitis Ciclosporin Treated' vs 'Atopic Dermatitis Before Dupilumab Treatment' e' cute atopica trattata contro cute atopica non ancora trattata: il controllo non nomina alcun agente somministrato, quindi non e' dimostrato che il riferimento sbagliasse. Che il controllo sia definito dall'appartenenza al programma dupilumab resta un sospetto, non un difetto."
GSE208550,A,lo studio entra o esce dal pooling,USCITO: 'LPS-treated EA.hy926' vs 'Control EA.hy926' era appaiata per linea; ora non e' poolata.
GSE208774,C,l appaiamento del braccio di controllo cambia,"Ora un solo confronto ('BRD4-NUTM1_ABBV075_96h' vs 'BRD4-NUTM1_DMSO_96h'), prima quattro: le due linee BRD4-NUTM1 e PER403 a 6h e 96h, ciascuna contro il proprio DMSO. Tutti appaiati sulla linea in entrambe le esecuzioni; il nuovo perde tre confronti puliti, cioe' potenza e non correttezza (e con essi il doppio uso dello stesso DMSO per due tempi)."
GSE209582,C,lo studio entra o esce dal pooling,"ENTRATO. 'TE11 + Chloroquine (10 uM)' vs 'TE11 + DMSO (0.1%)' e' appaiato e difendibile, ma il riferimento non fornisce etichetta: non posso giudicare la vecchia esclusione."
GSE209769,C,lo studio cambia gruppo / entita,"SPOSTATO. Nel riferimento era sotto la chiave del cisplatino col confronto cisplatino; ora e' qui col confronto vemurafenib. Sono due bracci DIVERSI dello stesso studio, ciascuno coerente con la propria chiave: entrambe le assegnazioni sono corrette."
GSE210101,C,solo la formulazione dell etichetta cambia,Stesso contrasto col fondo NEUROD1 KO su entrambi i bracci; cambia la sola punteggiatura.
GSE210196,B,l appaiamento del braccio di controllo cambia,"Guadagno di copertura reale su SY01 ('SY01 + JQ1' vs 'SY01 + DMSO'), che il riferimento non poolava. Con la riserva che le due voci SY01 sono identiche parola per parola e condividono lo stesso controllo n=3: e' una coppia nuova, contata due volte."
GSE210351,C,lo studio entra o esce dal pooling,"ENTRATO. Il riferimento non ha etichetta per questo studio, quindi non posso stabilire quale delle due scelte sia la giusta; sul confronto nuovo resta aperta la questione del comparto dichiarato solo sul controllo."
GSE210522,C,l appaiamento del braccio di controllo cambia,"Il nuovo tiene solo la coppia Eahy926 e perde quella TeloHAEC, entrambe appaiate. Perdita di copertura."
GSE210693,C,il tempo o la dose vengono dichiarati o persi,"Stessa coppia senza la dose: ""HT-1197 + rosiglitazone"" vs ""HT-1197 + DMSO"" contro ""HT-1197 + rosiglitazone (500 nM)"" vs ""HT-1197 + DMSO""."
GSE210765,C,solo la formulazione dell etichetta cambia,"Stesso confronto, controllo riscritto da 'Vehicle Control' a 'Control (EtOH)'."
GSE210787,C,altro,"Il riferimento aveva un confronto, ora due stratificati per eta' contro lo stesso 'Normal Tissue': in un caso-controllo i soggetti diversi sono il disegno."
GSE210984,B,l appaiamento del braccio di controllo cambia,Il riferimento aveva TRE confronti tutti con materiale disallineato (iPSC-derived contro Primary). Ora ne resta uno disallineato ma se ne aggiunge uno correttamente appaiato ('MSC Primary Culture TGF-β 14 days' contro 'MSC Primary Culture Vehicle Only'). Il nuovo run migliora senza chiudere il difetto.
GSE210989,C,altro,"Il controllo passa da 'Vehicle-only MRC5 cells for 48 hours' a 'MRC5 cells mock-treated for 48 hours': stesso braccio non infettato, l'etichetta nuova e' piu' appropriata per un'infezione ma la vecchia non descrive un braccio diverso."
GSE211244,C,lo studio cambia gruppo / entita,"SPOSTATO: studio a piu' bracci con controllo comune «HCT116_DMSO». Il riferimento ne poolava i bracci nutlin-3a e tunicamicina sotto le rispettive chiavi, il nuovo il braccio etoposide. Ciascuna assegnazione e' corretta per il braccio che pool a."
GSE211439,C,altro,«TNF-alpha-stimulated HBMEC» vs «Media control HBMEC»: identico al riferimento a meno del participio.
GSE211468,C,il tempo o la dose vengono dichiarati o persi,"CORREGGO il lettore (che diceva B): l'etichetta 'JQ1 5 days, 4 hours' vs 'DMSO 4 hours' NON prova tempi disallineati — '4 hours' sta su tutti e due i bracci, e nello stesso gruppo il lettore accetta come pulito 'Colon Organoid Polyp JQ1 500 nM 24h' contro un controllo senza alcun tempo. Cosa significhi '5 days' accanto a '4 hours' l'etichetta non lo dice: non e' un guadagno, ed e' indecidibile se sia una perdita netta."
GSE211611,C,altro,"Stesse due coppie; nel riferimento la seconda portava ""(additional)"". Differenza di sola etichetta."
GSE211854,B,l appaiamento del braccio di controllo cambia,"Il riferimento poolava 'NSCLC_cIGF1R_Osimertinib_500nM_8days' vs 'NSCLC_DMSO+EV_8days', dove cambiano DUE cose (farmaco e costrutto cIGF1R contro vettore vuoto): difetto vero, ora eliminato. L'altra riga del riferimento non era invece un difetto (H1975 e' una linea NSCLC, tempo appaiato)."
GSE212613,C,solo la formulazione dell etichetta cambia,"Stesso contrasto e stesso protocollo dichiarato su tutti e due i bracci in entrambe le esecuzioni: ora 'Ankylosing Spondylitis Day 10 Adipogenic Differentiation' vs 'Healthy Donor 2 Day 10 Adipogenic Differentiation', prima 'Ankylosing Spondylitis Patients - Adipogenic Differentiation Day 10' vs 'Healthy Donors - Adipogenic Differentiation Day 10'. Il nuovo dichiara in piu' che il controllo e' un singolo donatore, il vecchio diceva 'Healthy Donors' al plurale: nessuna delle due sbaglia l'appaiamento."
GSE213102,B,l appaiamento del braccio di controllo cambia,"Da 3 a 4 confronti: entra ""3B1A Cisplatin"" vs ""3B1A Control"", appaiato come gli altri tre. Nessun difetto introdotto."
GSE213245,C,l appaiamento del braccio di controllo cambia,"Nel riferimento le due coppie mostravano un tempo scompagnato ESPLICITO ('BMP4 day 90-120' contro 'Control day 61-91') su entrambe; nel nuovo il controllo perde la data e i bracci poolati cambiano (entrano due trattati 'day 61-91', che contro un controllo di quella finestra sarebbero appaiati, e resta un 'day 90-120'). Il nuovo potrebbe quindi essere migliore su due confronti e uguale sul terzo, oppure semplicemente meno leggibile: le etichette non permettono di stabilirlo."
GSE213465,C,solo la formulazione dell etichetta cambia,Riscrittura che anzi esplicita il sottotipo NK sui due bracci.
GSE213521,C,solo la formulazione dell etichetta cambia,Sola riformulazione: 'PMA/ionomycin-treated PLZF+CD4+ T cells' vs 'Untreated PLZF+CD4+ T cells' contro 'PLZF+CD4+ T cells (PMA/ionomycin)' vs 'PLZF+CD4+ T cells (unstimulated)'.
GSE213691,A,altro,"Nel riferimento lo studio portava un solo confronto, pulito ('PGE2' → 'Vehicle control 2'); il nuovo ne aggiunge uno con il co-trattamento nel solo trattato. Il nuovo sbaglia dove il vecchio azzeccava."
GSE213759,B,lo studio entra o esce dal pooling,"ENTRATO con ""Calu3 Poly I:C 10h"" contro ""Calu3 Mock 10h"": appaiato per linea e tempo, il riferimento non lo poolava."
GSE214052,B,altro,"Il riferimento poolava anche ""MCF7 RELA KO2 Fulvestrant"" contro ""MCF7 RELA KO1 DMSO 6h"" — clone KO2 trattato contro controllo KO1, genotipo diverso fra i bracci. Il nuovo lo elimina e tiene solo KO1/KO1 e wildtype/wildtype."
GSE214475,A,lo studio entra o esce dal pooling,"Uscito. Nel riferimento 'CD4+ T-cell, IL1A' → 'CD4+ T-cell, vehicle': entita' giusta, materiale identico sui due bracci, nessun difetto leggibile. Il nuovo perde l'unico confronto che nominava IL1A senza ambiguita'."
GSE214715,A,lo studio entra o esce dal pooling,"Uscito. Nel riferimento due confronti esemplari ('CUTO28 (TPM3-ROS1) + crizotinib'→'CUTO28 (TPM3-ROS1) + none', 'CUTO37 (CD74-ROS1) + crizotinib'→'CUTO37 (CD74-ROS1) + none'); ora non poolato. Perdita senza difetto leggibile."
GSE215039,C,l appaiamento del braccio di controllo cambia,Il nuovo sostituisce la coppia OA con una seconda replica non-OA; lo stato OA/non-OA resta appaiato sui due bracci in entrambe.
GSE215254,B,lo studio entra o esce dal pooling,"ENTRATO con confronti appaiati anche sul tempo (""Cisplatin 3D 48h"" vs ""Vehicle 3D 48h""). Riserva dichiarata: la coppia a 4h compare due volte con gli stessi conteggi, quindi lo stesso contrasto entra due volte nel pool."
GSE215275,C,solo la formulazione dell etichetta cambia,Sola riscrittura («stimulated with» → «treated with»); il soggetto resta dichiarato solo sul trattato in entrambe.
GSE215771,C,l appaiamento del braccio di controllo cambia,"Il riferimento poolava 'A549 IRF1KO IFN-γ Treated' → 'A549 IRF1KO Vehicle Control' (appaiato entro genotipo), il nuovo 'A549 Wild-Type IFN-γ Stimulated' → 'A549 Wild-Type Vehicle Control'. Entrambe le etichette sono appaiate; correggo il lettore, che dava B: per coerenza con i casi 'SLC25A1 KO + Forskolin vs SLC25A1 KO + DMSO' un genotipo presente su ENTRAMBI i bracci non e' un difetto, quindi entrambe le assegnazioni sono difendibili."
GSE215975,B,l appaiamento del braccio di controllo cambia,"Il nuovo aggiunge ""CTNNB1-mutated Endometrial Cancer + Paclitaxel"" vs ""CTNNB1-mutated Endometrial Cancer + Vehicle Control"", coppia appaiata anche sul genotipo, che il riferimento non aveva."
GSE216043,A,lo studio entra o esce dal pooling,"USCITO. ""JAR cells treated with Cisplatin"" vs ""JAR cells treated with DMSO"" era appaiato sulla stessa linea: perdita netta."
GSE216561,A,lo studio entra o esce dal pooling,"USCITO: nel riferimento quattro confronti per stadio tutti contro 'Healthy Donor', caso-controllo pulito; ora gli otto gruppi dello studio cadono tutti per n_min. Perdita meccanica ma reale, ed e' la piu' grossa del gruppo (7 studi -> 5)."
GSE216613,A,lo studio entra o esce dal pooling,"USCITO. Nel riferimento 'Hepatocellular Carcinoma' contro 'Normal Adjacent Liver Tissue', contrasto centrale per l'entita': perdita per omissione."
GSE216837,A,lo studio entra o esce dal pooling,"USCITO da ogni pooling; era 'Imatinib-treated CD34+ LSC' contro 'Untreated CD34+ LSC', appaiato sul materiale."
GSE216988,C,l appaiamento del braccio di controllo cambia,Lo stesso trattato 'Decitabine Recovery' e' appaiato a 'Control Late' ora e a 'Control Early' nel riferimento. Una delle due letture e' sbagliata e l'etichetta non dice quale: 'Recovery' non e' omologo a nessuno dei due descrittori.
GSE217012,A,lo studio entra o esce dal pooling,USCITO: 'RA LPS 1' vs 'RA Untreated' era appaiata sul fondo artrite reumatoide; ora non e' poolata.
GSE217099,C,il tempo o la dose vengono dichiarati o persi,"'SARS-CoV-2-infected (4 dpi)' vs 'Mock-treated (4 dpi)' contro 'SARS-CoV-2' vs 'mock'. Il nuovo dichiara il tempo su tutti e due i bracci, contrasto identico."
GSE217334,C,l appaiamento del braccio di controllo cambia,"Riferimento cinque finestre temporali con dose esplicita, ora quattro senza dose nel testo: in entrambe i tempi sono appaiati DMSO/TCDD. Differenza di copertura."
GSE217421,A,lo studio entra o esce dal pooling,"Uscito da qui pur restando in 25 altre chiavi di composto. Nel riferimento portava ""Rituximab-treated cardiac myocytes"" contro ""DMSO-treated cardiac myocytes"" - due coppie simmetriche (la terza, ""(donor 1)"" contro un controllo generico, era invece asimmetrica). Il saldo e' una perdita di appaiamenti corretti proprio dal gruppo del composto che lo studio ha davvero somministrato."
GSE217423,C,solo la formulazione dell etichetta cambia,Sola riscrittura con perdita di dose e tempo; materiale appaiato in entrambe.
GSE217452,A,lo studio entra o esce dal pooling,USCITO: «DU145 Docetaxel» vs «DU145 control» e' appaiato sulla linea e ora non e' poolato in nessuna meta-analisi.
GSE217537,B,lo studio entra o esce dal pooling,"ENTRATO con tre confronti tutti appaiati per linea (22Rv1, LNCaP95, C4-2), ognuno col proprio DMSO: nel riferimento non era poolato in nessuna meta-analisi."
GSE217898,B,l appaiamento del braccio di controllo cambia,"Il nuovo aggiunge la coppia a 24h ('Primary aorta endothelial cells, Carfilzomib, 24h' vs '... DMSO, 24h'); il riferimento aveva solo le 72h. Entrambe appaiate sul tempo."
GSE218039,C,solo la formulazione dell etichetta cambia,"Due righe nel riferimento, una ora: stesso contrasto preeclamptica contro sana, nessun difetto in nessuna delle due."
GSE218060,C,l appaiamento del braccio di controllo cambia,"Entrambi i run appaiano DAC e DMSO nella stessa sede (milza con milza, midollo con midollo); il riferimento portava tre confronti, ora due."
GSE218451,A,lo studio entra o esce dal pooling,"USCITO; era 'Imatinib-treated' contro 'Control', appaiato."
GSE218556,A,altro,Il riferimento poolava solo 'LNCaP cells treated with DHT' contro veicolo; il nuovo aggiunge 'LNCaP treated with DHT and X15695' contro lo stesso veicolo.
GSE218860,C,l appaiamento del braccio di controllo cambia,"Stessi due confronti e stesso controllo condiviso in entrambe le esecuzioni (cambia solo il suffisso '2' su una etichetta): il difetto e' identico nei due run, nessuna delle due assegnazioni e' migliore."
GSE219065,B,altro,"Aggiunge la coppia pulita ""PBMC Romidepsin Treated"" contro ""PBMC Vehicle Control"" accanto a quella su CTCL."
GSE219159,B,lo studio entra o esce dal pooling,"ENTRATO: 'TeloHAEC hERa-WT treated with 4-OHT for 6 hours (2 replicates)' vs 'TeloHAEC hERa-WT treated with DMSO for 6 hours', appaiato per genotipo, veicolo e tempo."
GSE219191,A,lo studio entra o esce dal pooling,"Uscito. Nel riferimento era 'MDA-MB-231 treated with JQ1 (2)' vs 'MDA-MB-231 treated with DMSO': stessa linea sui due bracci, confronto pulito, perso per omissione."
GSE220038,C,l appaiamento del braccio di controllo cambia,"Entrambi i run appaiano 'TGFB1 wild type' con 'DMSO wild type'; il riferimento ne portava due (uno con '(1 hour)'), il nuovo uno. L'etichetta non dice quale insieme sia quello giusto."
GSE220061,B,lo studio entra o esce dal pooling,ENTRATO. 'G007-LK treated' contro 'Vehicle control' e 'G007-LK treated (additional)' contro 'Vehicle control (additional)': entita' giusta e marcatore presente su entrambi i bracci; il riferimento non lo poolava.
GSE220972,C,solo la formulazione dell etichetta cambia,Stessi due contrasti IL-13 vs controllo veicolo; cambia solo la dicitura. Le due voci restano indistinguibili dal testo in entrambe le esecuzioni.
GSE221103,B,lo studio entra o esce dal pooling,USCITO a ragione: «SKNAS cells treated with 4OHT and dexamethasone (vehicle)» vs «SKNAS cells treated with ethanol (vehicle)» dichiara il desametasone come VEICOLO e isola il 4OHT.
GSE221475,C,solo la formulazione dell etichetta cambia,Stesso contrasto con altra grafia ('MDA-MB-231 + Gefitinib'→'MDA-MB-231 + DMSO' contro 'MDA-MB-231_Gefitinib'→'MDA-MB-231_DMSO').
GSE221563,C,altro,"Il nuovo aggiunge ""(additional batch)"" al solo trattato: espone un possibile disallineamento di lotto senza dimostrarlo, e l'assegnazione al gruppo e' la stessa in entrambe le esecuzioni. E' informazione che compare, non disegno che cambia."
GSE221804,B,lo studio entra o esce dal pooling,"ENTRATO: il nuovo porta dentro una vera cinetica IFN-alfa contro 'Wild-type, unstimulated', sette confronti appaiati sul genotipo che il riferimento non poolava affatto. Il guadagno e' reale; insieme entra pero' anche il braccio degenere a 0h, contato sopra come difetto."
GSE222199,B,lo studio entra o esce dal pooling,"ENTRATO con ""OVCAR8 + pladienolide B"" vs ""OVCAR8 + DMSO"": stessa linea sui due bracci."
GSE222221,A,lo studio entra o esce dal pooling,"USCITO: «Etoposide-treated» vs «Control (no treatment)» e' un contrasto pulito, ora perso del tutto."
GSE222279,C,il tipo di controllo e stato normalizzato diversamente,"Ora 'Bleomycin' vs 'Control (None)', prima 'Bleomycin' vs 'Vehicle Control': due formulazioni dello stesso tipo di controllo ammesso dalla chiave."
GSE222284,C,lo studio entra o esce dal pooling,"USCITO portandosi via insieme un confronto pulito (""IL-4 + DMSO"" vs ""PBS + DMSO"") e uno difettoso (""Z-DON(Z006) + IL-4"" vs ""PBS + DMSO"", inibitore solo nel trattato): l'uscita toglie un difetto e una coppia buona insieme."
GSE222376,C,altro,"Stesse due coppie linea-per-linea, cambia la sola punteggiatura."
GSE222658,C,altro,"Il nuovo pool a due entry con etichetta identica (2 vs 3 e 3 vs 3) dove il riferimento ne aveva una sola (""SAS Radiation"" vs ""SAS Control""). I conteggi dicono che i trattati sono insiemi diversi, ma nulla nell'etichetta dice cosa li distingua: non si puo' stabilire quale resa sia fedele."
GSE222676,C,lo studio entra o esce dal pooling,"ENTRATO. Le due coppie nuove sono appaiate (KO su entrambi i bracci nella prima; wild-type dichiarato sul controllo e knockout gia' assegnato all'altra coppia nella seconda), ma il riferimento non ha etichetta per questo studio: non posso stabilire se la vecchia esclusione fosse motivata."
GSE222749,C,altro,'H2O2 Treated' vs 'Control' contro 'H2O2-treated' vs 'Control'. Sola grafia.
GSE223119,B,lo studio entra o esce dal pooling,"ENTRATO con 'Colorectal carcinoma' vs 'Normal Colorectum', appaiato per tessuto; nel riferimento non era poolato."
GSE223372,A,cambia quali confronti dello studio sopravvivono,"Il riferimento aveva due modelli PDX, ciascuno col proprio veicolo (LX1042 e LX831b); ora resta il solo LX1042 perche' 'grp_LX831b_osimertinib' cade per n_min con n_treated=1. Il vecchio copriva piu' materiale, senza difetti."
GSE223405,B,lo studio entra o esce dal pooling,"ENTRATO con sei confronti tutti appaiati sul medesimo fondo (linea, vettore, genotipo), ognuno col proprio controllo."
GSE223514,B,lo studio entra o esce dal pooling,"ENTRATO: 'SLC25A1 KO + Forskolin' → 'SLC25A1 KO + DMSO', knockout su entrambi i bracci. Guadagno pulito e appaiato entro genotipo."
GSE223524,B,lo studio entra o esce dal pooling,"Il gruppo e' nuovo: nel riferimento questo studio non era poolato in nessuna meta-analisi. Entra con ""liquiritigenin"" vs ""DMSO"", coppia senza difetti leggibili e attribuita all'entita' che l'etichetta nomina."
GSE223543,C,altro,"Stesse due coppie; nel riferimento l'etichetta portava anche ""72h"" su entrambi i lati. Nessun cambio di contrasto."
GSE223682,C,solo la formulazione dell etichetta cambia,"'HBEC3KT + TGFB1' contro 'HBEC3KT + PBS' e, nel riferimento, 'TGFB1-treated HBEC3KT' contro 'PBS-treated HBEC3KT': stesso contrasto."
GSE223688,A,lo studio entra o esce dal pooling,"USCITO verso nessuna meta-analisi. Nel riferimento 'SETD2 KO + Decitabine 100nM' contro 'SETD2 KO + DMSO': genotipo identico sui due bracci, veicolo appaiato, entita' giusta. Contributo corretto perso."
GSE223758,B,l appaiamento del braccio di controllo cambia,"Aggiunge ""LNCaP C4-2B + Romidepsin (1nM, 24h)"" contro ""LNCaP C4-2B + vehicle (24h)"", appaiata per linea e tempo."
GSE223839,C,solo la formulazione dell etichetta cambia,"""HepG2 + Cisplatin (3.125 uM) + RTD Overexpression"" vs ""HepG2 RTD Overexpression"" e' la riscrittura di ""HepG2 RTD Overexpression Cisplatin 3.125 uM"" contro lo stesso controllo: identico contrasto."
GSE224715,B,lo studio entra o esce dal pooling,"Non era poolato nel riferimento; entra con ""Fluoxetine Day3"" vs ""PBS Day3"", appaiata anche nel tempo."
GSE224758,B,lo studio entra o esce dal pooling,"ENTRATO: 'Active Ulcerative Colitis (no treatment)' → 'Healthy Control', con l'assenza di terapia dichiarata sul braccio malato."
GSE224973,A,lo studio entra o esce dal pooling,"Uscito. Nel riferimento ""Hypoxia 24h""/""Hypoxia 6h"" contro le normossie allo stesso tempo: perdita netta."
GSE225095,C,solo la formulazione dell etichetta cambia,Il difetto e' identico nelle due esecuzioni ('IMR90 cells (Replicative Exhaustion) + H2O2' vs 'IMR90 cells (Proliferating)' contro 'IMR90 replicative exhaustion cells (H2O2)' vs 'IMR90 proliferating cells (vehicle)'): cambia solo la formulazione.
GSE225206,A,lo studio entra o esce dal pooling,"USCITO. Il riferimento poolava 'shHOXB13 + R1881' contro 'shHOXB13 + EtOH', appaiato sul knockdown e sul veicolo. L'etichetta decide che quel confronto era pulito; ora non e' poolato in nessuna meta-analisi."
GSE225274,B,lo studio entra o esce dal pooling,ENTRATO con «TNFα-treated human gastric antral organoids» vs «Untreated WT human gastric antral organoids»; il riferimento non lo poolava affatto. Resta il caveat che 'WT' e' solo sul controllo.
GSE225481,B,l appaiamento del braccio di controllo cambia,"Il riferimento poolava 'LAPC4_R1881' contro 'VCaP_DMSO', due linee diverse sui due bracci: difetto leggibile. Ora la coppia e' 'LAPC4_R1881' contro 'LAPC4_DMSO' e i confronti passano da 3 a 8, tutti appaiati sulla linea o sul knockout ('LNCaP-TP53_ko_R1881' vs 'LNCaP-TP53_ko_vehicle'). Il nuovo corregge un appaiamento sbagliato del vecchio."
GSE225537,C,solo la formulazione dell etichetta cambia,Sola riscrittura ('Sorafenib 10 uM (Replicates)' contro 'Sorafenib 10 uM').
GSE225549,C,l appaiamento del braccio di controllo cambia,"Cambia quale braccio clinico e' poolato (Post-COVID + Healthy Donor ora, Post-COVID + IPF nel riferimento). Tutti internamente appaiati: entrambe difendibili."
GSE225564,C,l appaiamento del braccio di controllo cambia,"Ora un confronto a 24h appaiato; nel riferimento due voci identiche fra loro, entrambe a 48h e appaiate. L'etichetta non dice quale timepoint vada poolato."
GSE225683,B,lo studio entra o esce dal pooling,"ENTRATO con 'Rapamycin' contro 'Control': contrasto leggibile sull'entita' del gruppo, prima non poolato."
GSE225731,C,solo la formulazione dell etichetta cambia,Stesso contrasto in entrambe ('RA MTX' contro 'RA untreated'): cambia solo la grafia.
GSE225751,B,l appaiamento del braccio di controllo cambia,"Il difetto c'e' in entrambe, ma il riferimento poolava DUE confronti (CEM e Jurkat) verso lo stesso controllo generico e il nuovo ne porta uno solo: meno contaminato, non corretto."
GSE225846,A,l appaiamento del braccio di controllo cambia,Nel riferimento i bracci erano nominati per esteso e appaiati per stadio ('Transitional_Breast_Cancer_Kenyan_Stage_3' contro 'Normal_Kenyan_Stage_3'); ora il controllo di una delle due coppie e' 'unclear'. Il run nuovo poola contro un braccio la cui condizione e' dichiarata ignota: qui il vecchio azzeccava.
GSE225901,C,altro,"Il nuovo aggiunge il Donor 3 accanto al Donor 1 contro lo stesso «Human Islet + DMSO»; nessuna delle due assegnazioni e' smentita dall'etichetta, che sul controllo non nomina donatori."
GSE226005,C,il tempo o la dose vengono dichiarati o persi,"Il riferimento portava ""Hypoxia (senescent)"" contro ""Control (None)"" (descrittore su un lato solo), ora ""Hypoxia""/""Hypoxia (replicate)"" contro ""Vehicle Control"". L'etichetta non dice se i campioni siano gli stessi; nessuna delle due versioni e' verificabile."
GSE226045,A,lo studio entra o esce dal pooling,"USCITO. Nel riferimento 'Primary keratinocytes treated with TCDD for 24 hours' contro '... DMSO for 24 hours': stesso materiale, stesso tempo, veicolo come controllo. Perdita per omissione di un membro perfettamente appaiato."
GSE226115,C,lo studio entra o esce dal pooling,"ENTRATO. Il contrasto 'doxorubicin' contro 'saline' e' sull'entita' del gruppo e leggibile; il secondo braccio porta '(total RNA)' contro lo stesso controllo, e l'etichetta non dice se quel token distingua davvero la preparazione. Ingresso difendibile, con un residuo non decidibile."
GSE226186,C,l appaiamento del braccio di controllo cambia,"Le etichette sono letteralmente le stesse nelle due esecuzioni: cambia la composizione a monte, non l'appaiamento."
GSE226280,C,solo la formulazione dell etichetta cambia,Riscrittura che anzi esplicita il donatore sui due bracci ('Donor Control_300' su trattato e controllo).
GSE226406,B,lo studio entra o esce dal pooling,"ENTRATO con «U2OS Osteosarcoma Etoposide 20 uM 24h» vs «U2OS Osteosarcoma DMSO 24h», appaiato su linea e tempo; il riferimento lo ometteva."
GSE226549,C,solo la formulazione dell etichetta cambia,"Stesso contrasto; il nuovo aggiunge '(batch 1)' sul solo trattato. Non cambia l'appaiamento, introduce l'asimmetria di descrizione registrata come sospetto."
GSE227511,A,altro,Il riferimento poolava solo il confronto con ACP su entrambi i lati; il nuovo aggiunge 'MDaPCa2a cells treated with DHT and ACP-coating' contro 'MDaPCa2a cells treated with control media'.
GSE227554,B,l appaiamento del braccio di controllo cambia,Il nuovo aggiunge la linea parentale ('MCF7 + H2O2 (50 uM)' e '(75 uM)' vs 'MCF7 + PBS') accanto ai due su MCF7_SRXN1 gia' presenti; tutti appaiati per linea e veicolo.
GSE227609,C,solo la formulazione dell etichetta cambia,Sola riscrittura con perdita della linea ('Sorafenib Treated' vs 'Vehicle Control' contro 'HCT 15 sorafenib' vs 'HCT 15 vehicle').
GSE227737,A,lo studio entra o esce dal pooling,"USCITO. ""IL-4"" vs ""untreated/unpolarized macrophages (M0)"" e' il controllo canonico della polarizzazione M2: confronto pulito perso."
GSE227839,C,solo la formulazione dell etichetta cambia,"Il riferimento aveva lo stesso confronto duplicato ('acute myeloid leukemia, gilteritinib' contro 'acute myeloid leukemia, no treatment', due volte), il nuovo una sola volta: stesso contrasto, il nuovo evita di contarlo due volte."
GSE228090,C,solo la formulazione dell etichetta cambia,Sola riscrittura ('UM004_trametinib_rna' contro 'UM004_trametinib').
GSE228173,A,altro,Nel riferimento c'era un solo confronto ed era pulito ('Endothelial cells treated with IFNγ' → 'Untreated endothelial cells'); il nuovo ne aggiunge tre con un co-trattamento scritto solo nel trattato. Il nuovo sbaglia dove il vecchio azzeccava.
GSE228269,A,lo studio entra o esce dal pooling,"Uscito. Nel riferimento il veicolo era costante sui due bracci (""HRMVEC vehicle hypoxia"" contro ""HRMVEC vehicle normoxia""): perdita netta."
GSE228458,B,lo studio entra o esce dal pooling,"Entrato: nel riferimento non era poolato. 'Myotonic dystrophy type 1 (51 years old, female)' contro 'Neurologically unaffected control (68.25 years old, female)' e' un caso-controllo appaiato per sesso, con la differenza di eta' inerente al disegno."
GSE228631,C,solo la formulazione dell etichetta cambia,Sola riscrittura ('Calcium Treated 48 Hours' vs 'Control (No Treatment)' contro 'Calcium 48h' vs 'Control None'); in entrambe le esecuzioni i due tempi condividono l'unico controllo non trattato.
GSE228990,C,solo la formulazione dell etichetta cambia,"Stessa coppia riscritta: ""Endothelial progenitor cells from donor with gestational diabetes (Donor 21)"" vs ""Endothelial progenitor cells from healthy donor (Donor 1)"" contro ""... donor 21 with gestational diabetes"" vs ""... donor 1 (healthy)"". Nessuna differenza di contrasto."
GSE229014,C,altro,'Valproic Acid Treated PBMCs' vs 'Untreated PBMCs (Control)' contro 'Valproic Acid treated PBMCs' vs 'Untreated PBMCs'. Sola grafia.
GSE229136,C,solo la formulazione dell etichetta cambia,'G816 cells treated with TMZ for 4 days' vs 'G816 cells untreated' contro le stesse etichette col prefisso 'Glioblastoma'. Stesso contrasto.
GSE229331,C,l appaiamento del braccio di controllo cambia,"Il nuovo aggiunge «Dasatinib 60 min» vs «DMSO 60 min», appaiata sul tempo come quella a 30 min gia' presente."
GSE229398,A,lo studio entra o esce dal pooling,"Uscito. 'PGE2-treated Hematopoietic stem and progenitor cells' → 'DMSO-treated Hematopoietic stem and progenitor cells', stesso materiale sui due bracci; ora non poolato. Perdita di potenza."
GSE229600,A,lo studio entra o esce dal pooling,"USCITO: era 'U251 + TMZ' vs 'U251 + DMSO', cioe' la stessa linea sui due bracci — il confronto U251 fatto bene. Il nuovo lo perde e tiene invece GSE151680, che sulla stessa linea confronta 'U251TR temozolomide' vs 'U251MG untreated'. L'assegnazione vecchia era quella giusta."
GSE229805,C,solo la formulazione dell etichetta cambia,Cambia solo l'etichetta del controllo (`DMSO` contro `Vehicle Control (DMSO)`): stesso contrasto.
GSE229967,B,lo studio entra o esce dal pooling,"ENTRATO con 'THZ1-treated GBM43 cells' contro 'DMSO-treated GBM43 cells', appaiato: il riferimento lasciava fuori uno studio valido."
GSE230362,A,lo studio entra o esce dal pooling,"USCITO. ""PDX1415 Fulvestrant Treated"" vs ""PDX1415 Vehicle Control"": stesso modello sui due bracci, confronto pulito perso."
GSE230627,B,lo studio entra o esce dal pooling,ENTRATO con appaiamento pulito su linea e tempo (`MCF-7 + everolimus 4h` → `MCF-7 + DMSO 4h`).
GSE230741,A,lo studio entra o esce dal pooling,"USCITO. Perde tre confronti appaiati sul knock-in: 'R1-AD1 FLAGHA-H3F3A, R1881 (1 nM, 12h)' contro 'Prostate cancer cells, FLAG-HA knock-in 5' ORF of H3F3A gene, Vehicle (EtOH)'."
GSE230791,C,solo la formulazione dell etichetta cambia,"Stesso contrasto, ma il nuovo perde la linea ('SEM + pinometostat' vs 'SEM + vehicle' diventa 'Pinometostat Treated' vs 'Untreated Control'). Entrambe appaiate."
GSE231480,A,l appaiamento del braccio di controllo cambia,"Il riferimento poolava quattro confronti appaiati per linea (CAMA1, Hs578T, MCF7, MDA-MB-231); ora ne restano tre e cade quello di MDA-MB-231, che era pulito. Nessun difetto nuovo, ma si perde un membro."
GSE231611,C,solo la formulazione dell etichetta cambia,"'CART19 cells treated with TP-0903' vs 'CART19 cells treated with DMSO' contro 'CART19 + TP-0903' vs 'CART19 + DMSO'. Sola riformulazione, stesso contrasto."
GSE231686,C,altro,"'SLE LPS + 362' vs 'SLE Case Control' contro 'SLE LPS' vs 'SLE Untreated and Unstimulated': il token '+ 362' non e' interpretabile (numero nudo), quindi l'etichetta non dice quale delle due letture sia quella giusta."
GSE232072,B,lo studio entra o esce dal pooling,"Entrato con 'U2OS mCherry-EWS-FLI1 LY2835219 24h' vs 'U2OS mCherry-EWS-FLI1 untreated': stesso costrutto sui due bracci, delta = il farmaco."
GSE232218,C,l appaiamento del braccio di controllo cambia,"Stesse due dosi contro 'vehicle control'; nel riferimento le etichette portavano in piu' 'iPSC-derived brain organoids'. Il nuovo perde l'indicazione del materiale, l'appaiamento non cambia."
GSE232305,A,altro,"Il nuovo AGGIUNGE la coppia difettosa «HCT116 P53 Null + irradiation» vs «HCT116 + solvent»; il riferimento poolava solo «irradiation» vs «solvent», senza mismatch di genotipo."
GSE232390,A,lo studio entra o esce dal pooling,"USCITO: era 'K562 cells treated with hemin' vs 'Untreated K562 cells', stessa linea sui due bracci e nessun difetto leggibile. Assegnazione vecchia corretta, ora persa."
GSE232640,C,altro,"'TGFb-treated LX2 cells' contro 'Untreated LX2 cells' in entrambi i run, con un trattino in piu'."
GSE233049,C,l appaiamento del braccio di controllo cambia,"Ora resta il solo 'Wild-Type ZIKV Infection' vs 'Wild-Type Mock Infection'; nel riferimento c'era anche 'ATF3-/- ZIKV Infection (2)' vs 'ATF3-/- Mock Infection (2)', anch'esso appaiato per genotipo. Entrambe difendibili, il nuovo perde copertura senza guadagnare correttezza."
GSE233262,C,solo la formulazione dell etichetta cambia,Riscrittura che esplicita il genotipo C9orf72 sui due bracci dove il riferimento aveva tre etichette indistinguibili; contrasto invariato.
GSE233425,A,lo studio entra o esce dal pooling,"Uscito. Nel riferimento genotipo costante (""Wild-type, hypoxia"" contro ""Wild-type, normoxia""): perdita netta."
GSE233494,A,lo studio entra o esce dal pooling,"USCITO: nel riferimento 'human IFN-β' vs 'PBS', confronto pulito con veicolo esplicito; nel run nuovo lo studio non compare ne' fra i poolati ne' fra gli scarti."
GSE233732,A,lo studio entra o esce dal pooling,"USCITO: era 'SARS-CoV-2 infected vagus nerve' vs 'Control vagus nerve', appaiato per sede. Perso."
GSE233900,A,lo studio entra o esce dal pooling,"Uscito. Nel riferimento ""CD patient D681"" contro ""Healthy control B206"": caso-controllo regolare (soggetti diversi obbligatori), perdita netta."
GSE234148,C,solo la formulazione dell etichetta cambia,"'Ex vivo human pancreatic islets treated with TSA' contro '... treated with DMSO' ora e la stessa coppia con la dose '(0.5 µM)' nel riferimento: stesso contrasto, cambia solo il dettaglio della dose."
GSE234514,B,altro,"Verificato sul dispatch del riferimento: li' c'erano DUE righe 'MCF-7 PR Palbociclib' vs 'MCF-7 WT Vehicle', cioe' linea resistente trattata contro parentale veicolo — difetto leggibile. Ora e' 'MCF-7 PR Palbociclib' vs 'MCF-7 PR Vehicle': il run nuovo corregge un difetto vero del vecchio."
GSE234615,C,cambia la granularita: etichetta piu ricca o piu povera,Nel riferimento 'HCT116 ... EPZ-5676' contro 'Colorectal carcinoma cells ... DMSO' era un nome specifico contro uno generico della stessa cosa; ora entrambe le etichette sono nude. Nessuna delle due e' decidibilmente migliore.
GSE234647,C,l appaiamento del braccio di controllo cambia,"Un confronto ora ('SNU449 Wild-Type Regorafenib'→'SNU449 Wild-Type Naive'), due nel riferimento, dove c'era anche 'Axl KO Regorafenib'→'Axl KO Naive', anch'esso appaiato entro knockout. Il nuovo perde uno strato genetico senza introdurre difetti."
GSE234795,A,lo studio entra o esce dal pooling,"USCITO. Nel riferimento 'Bipolar Disorder Case Pool' contro 'Healthy Control', caso-controllo leggibile: perdita per omissione, il gruppo scende da 4 a 3 studi."
GSE235031,C,solo la formulazione dell etichetta cambia,"Stesso contrasto, sola riscrittura ('HeLa Cells treated with JQ1 (1 uM)' vs 'HeLa Cells in drug-free medium')."
GSE235210,A,l appaiamento del braccio di controllo cambia,"Nel riferimento era 'ZIKV-infected hSeC (12h) - replicate' vs 'Mock-infected hSeC (12h)', appaiato per materiale E per tempo; ora non e' poolato in nessuna meta-analisi."
GSE235401,A,lo studio entra o esce dal pooling,"USCITO: nel riferimento 'SNU-1 Palbociclib' vs 'SNU-1 none (control)', appaiato; ora 4 gruppi tutti scartati per n_min."
GSE235549,C,lo studio entra o esce dal pooling,"ENTRATO con ""Cisplatin 0 days"" e ""Cisplatin 5 days"" contro lo stesso ""Vehicle"" privo di tempo. L'etichetta non dice se ""0 days"" sia un pre-trattamento ne' a che tempo stia il veicolo: non basta per stabilire chi ha ragione."
GSE235681,B,l appaiamento del braccio di controllo cambia,"Da 1 a 2 confronti: entra ""GM12878 cells treated with cisplatin"" vs ""GM12878 cells untreated"", appaiato sulla stessa linea."
GSE235704,B,lo studio entra o esce dal pooling,"ENTRATO con ""NCI-H526 treated with GSK126"" contro ""NCI-H526 treated with DMSO"": coppia pulita che il riferimento non poolava."
GSE236117,B,lo studio cambia gruppo / entita,"SPOSTATO. Nel riferimento lo stesso identico contrasto stava sotto la chiave non risolta STR:f_nucleatum; ora sta sotto NCBITaxon:851, l'identificativo tassonomico dell'entita' dichiarata, e si unisce agli altri due studi dello stesso patogeno invece di restare frammentato su una stringa grezza. Il nuovo azzecca dove il vecchio frammentava."
GSE236122,C,l appaiamento del braccio di controllo cambia,Genotipo e sede appaiati in entrambe; cambia solo la forma dell'etichetta.
GSE236168,A,lo studio entra o esce dal pooling,"Entrato ora e porta l'unico difetto del gruppo: il riferimento non poolava questo studio, il nuovo pool­a un confronto in combinazione ('JQ1 + compound 3b ...' contro 'DMSO (48h)')."
GSE236441,C,solo la formulazione dell etichetta cambia,Sola riformulazione: 'Canonical MED19-LNCaP + R1881' vs '... + Vehicle (ETOH)'. Stesso contrasto.
GSE236896,C,l appaiamento del braccio di controllo cambia,"Le due coppie sono identiche a meno dell'ordine delle parole (""passage 4-5"" contro ""4-5 passages""): tempo e passaggio restano appaiati sui due bracci in entrambe le esecuzioni."
GSE237052,C,lo studio entra o esce dal pooling,ENTRATO. 'Keratinocytes exposed to Fusobacterium nucleatum' vs 'Untreated Keratinocytes' e' appaiato e difendibile; senza etichetta nel riferimento la scelta non e' decidibile.
GSE237059,A,lo studio entra o esce dal pooling,"USCITO: era 'SARS-CoV-2 WA1 (non-sheared)' vs 'Uninfected (non-sheared)', stessa condizione meccanica sui due bracci. Perso."
GSE237177,C,l appaiamento del braccio di controllo cambia,"Nel riferimento la stessa coppia era 'CFPAC1 treated with SCH772984 1uM x8weeks' contro 'CFPAC1 treated with DMSO', con la durata del veicolo non stampata: il controllo di fondo e' plausibilmente lo stesso. Il run nuovo aggiunge quattro coppie ben appaiate a una settimana e rende leggibile un disallineamento che c'era gia'; nessuna delle due assegnazioni e' migliore dell'altra."
GSE237413,C,il tempo o la dose vengono dichiarati o persi,"Correggo il lettore, che dava A. Ne' l'etichetta vecchia (""Lapatinib-treated Senescent SKBR3"" contro un controllo che tace sullo stato) ne' la nuova (""Lapatinib-treated SKBR3 (5 replicates)"") mostrano un mismatch dichiarato: la senescenza puo' essere l'effetto del farmaco. Il nuovo perde informazione, ma non c'e' un difetto provato che abbia nascosto."
GSE237803,C,l appaiamento del braccio di controllo cambia,"Le due coppie restano appaiate sul genotipo (AR KO, DAXX KO); il nuovo abbrevia i nomi delle linee."
GSE237845,A,lo studio entra o esce dal pooling,"USCITO: portava `TWEAK (2 reps)` → `Vehicle`, senza difetto leggibile; ora non e' poolato in nessuna meta-analisi."
GSE239585,C,solo la formulazione dell etichetta cambia,"Stessi due contrasti, con SARS-CoV-2 su entrambi i bracci nella coppia infetta: sola riscrittura."
GSE239666,C,l appaiamento del braccio di controllo cambia,"Due confronti in entrambe; il riferimento marcava '(another agent ID)'/'(different agent ID)', il nuovo no. In tutte e due le esecuzioni l'etichetta dice crizotinib su entrambe le righe e il materiale e' appaiato ('Primary tissue ... crizotinib' vs 'Primary tissue ... DMSO'): l'etichetta non permette di preferire una delle due letture."
GSE239726,C,altro,'Influenza A (H3N2) infected' vs 'Mock treated' contro 'Mock infected'. Sola grafia del controllo.
GSE240167,A,lo studio entra o esce dal pooling,"USCITO. Perde confronti appaiati anche nel tempo: 'LNCaP + R1881 (1 nM, 72h)' contro 'LNCaP + DMSO (0.1%, 72h)'."
GSE240364,A,lo studio entra o esce dal pooling,"USCITO. Perde 'WT_HOXB13_R1881' contro 'WT_HOXB13_vehicle_vehicle' e 'X285K_R1881' contro 'X285K_vehicle_vehicle', entrambi appaiati sul genotipo."
GSE240567,A,lo studio entra o esce dal pooling,"Uscito. Nel riferimento cinque confronti caso-controllo ('Asthmatic (Age 43, F, Nigeria)', '(Age 55, F, Brazil)', ecc.) contro l'unico 'Control (Age 15, M)': in un caso-controllo i soggetti diversi sono il disegno (regola 3), quindi nessun difetto e' leggibile e l'uscita e' perdita di potenza. Riserva dichiarata: tutti i casi contro un solo controllo e' un appaiamento debole, ma debole non e' difettoso."
GSE240898,A,altro,"Il riferimento aveva due coppie (A549 e H1944, ciascuna contro le proprie ""naive cells""); ora resta solo A549: perdita di un confronto della stessa qualita'."
GSE241554,C,solo la formulazione dell etichetta cambia,"Riscrittura ('LPS-treated' contro 'LPS'), stesso controllo."
GSE241595,C,il tempo o la dose vengono dichiarati o persi,"Correggo il lettore, che dava A accogliendo il critico A: l'etichetta ""cisplatin"" vs ""control"" e' quella del RIFERIMENTO (""era TRATTATO""); le etichette che il nuovo run gli assegna sotto CHEBI:15738 non sono in questo materiale, quindi non si puo' dire quale collocazione sia giusta."
GSE241942,C,il tempo o la dose vengono dichiarati o persi,"Correggo il lettore accogliendo il critico A: ""Fulvestrant (no duration)"" vs ""Vehicle control"" e' l'etichetta del RIFERIMENTO; sotto CHEBI:16469 le etichette del nuovo run non sono stampate, quindi l'etichetta non permette di scegliere fra le due collocazioni."
GSE241943,B,lo studio entra o esce dal pooling,"ENTRATO: prima non poolato, ora 'Palbociclib 25mg/kg' vs 'Vehicle', appaiato per quanto l'etichetta mostra."
GSE242333,A,lo studio entra o esce dal pooling,USCITO: 'Huh7 ... sorafenib' vs 'Huh7 ... DMSO' era una coppia pulita; ora non e' poolata.
GSE243230,C,l appaiamento del braccio di controllo cambia,"Il nuovo aggiunge il braccio a 24 ore ('T84 cells treated with IL-22 for 24 hours' contro 'Untreated T84 cells for 24 hours'), appaiato per tempo come quello a 6 ore: solo potenza."
GSE243329,A,lo studio entra o esce dal pooling,"USCITO. Perde 'R1881 treated (replicates)' contro 'Vehicle control', confronto pulito."
GSE243454,A,l appaiamento del braccio di controllo cambia,"Da quattro coppie tutte appaiate (MCF7 e T47D, ciascuna con e senza 'Engineered') a una sola. Tre coppie pulite perse."
GSE243625,C,altro,Due confronti in entrambe con le stesse etichette a meno della parentesi '(unclear perturbation)' che il riferimento aggiungeva al braccio attivo.
GSE244272,C,solo la formulazione dell etichetta cambia,Solo formulazione (`Enzalutamide-treated MDA-MB-453 cells` → `Vehicle-treated ...` contro `MDA-MB-453 + Enzalutamide` → `MDA-MB-453 + Vehicle`): stesso contrasto appaiato.
GSE244305,C,l appaiamento del braccio di controllo cambia,"Il nuovo aggiunge 'ANT1 KO Bleomycin Treated' vs 'ANT1 KO Vehicle Control' accanto al confronto wild-type gia' presente: entrambi appaiati sul genotipo, il nuovo guadagna un confronto pulito."
GSE244484,A,lo studio entra o esce dal pooling,"USCITO: era 'SARS-CoV-2 MOI 1 24h' vs 'mock', nessun difetto leggibile, mentre i gemelli GSE244485/GSE244486 restano dentro. Perso."
GSE244533,C,solo la formulazione dell etichetta cambia,Stesso contrasto con altra grafia ('SKBR3 trastuzumab'→'SKBR3 untreated' contro 'Trastuzumab-treated SKBR3 (2)'→'Untreated SKBR3').
GSE244730,C,cambia la granularita: etichetta piu ricca o piu povera,"Il nuovo specifica la sottolinea resistente su entrambi i bracci (""PC9 GR + Erlotinib"" vs ""PC9 GR + DMSO""), il vecchio scriveva ""PC9 + Erlotinib"" vs ""PC9 + DMSO"". In tutte e due le rese i bracci stanno sulla stessa linea: l'etichetta non dice quale sia fedele."
GSE244754,A,il tempo o la dose vengono dichiarati o persi,"Nel riferimento l'induttore era scritto su ENTRAMBI i lati (""auxin hypoxia"" contro ""auxin normoxia"", ""dox"" contro ""dox""); ora due coppie hanno ""NT"" sul solo controllo. Il nuovo run costruisce un'asimmetria che il vecchio non aveva."
GSE244934,C,solo la formulazione dell etichetta cambia,"""IL-4 stimulated"" vs ""Untreated"" contro ""IL-4 stimulated"" vs ""Unstimulated control"": stesso contrasto, controllo descritto diversamente."
GSE245621,C,altro,"Ora un solo confronto 'PANC-1 TGFbeta' contro 'PANC-1 no treatment'; il riferimento ne aveva due, il secondo con 'proliferating' dichiarato solo sul trattato. Il nuovo insieme e' piu' pulito ma l'etichetta non prova che 'proliferating' fosse una condizione e non lo stato indotto dal trattamento."
GSE245677,B,altro,"Il riferimento poolava 'LPS + BMS treated' vs 'Control (vehicle_only)', cioe' un secondo agente solo nel trattato; ora due coppie pulite (wild-type ed engineered). Difetto rimosso."
GSE245762,C,l appaiamento del braccio di controllo cambia,"Il nuovo run aggiunge ""U3034-MG Memory Hypoxia"" contro ""U3034-MG Normoxia"". L'etichetta non definisce ""Memory"": non si puo' dire se l'aggiunta sia un guadagno o un contrasto diverso, e non basta a farne un difetto (bracci appaiati per linea)."
GSE246045,B,lo studio entra o esce dal pooling,"ENTRATO: entrano due confronti appaiati per paziente ('Patient 19, SAHA' vs 'Patient 19, DMSO' e 'Patient 71, SAHA' vs 'Patient 71, DMSO') che il riferimento non poolava."
GSE246050,C,solo la formulazione dell etichetta cambia,"'OSCC' vs 'Normal Mucosa' contro 'OSCC (case)' vs 'Normal mucosa (control)'. Stesso contrasto, cadono solo le qualifiche fra parentesi."
GSE246340,C,solo la formulazione dell etichetta cambia,"Il nuovo degrada «TNF-α Treated MSCs» / «Negative Control MSCs» a «TNF-α» / «Control»: stesso contrasto, meno informazione."
GSE246391,C,solo la formulazione dell etichetta cambia,"'TGF-beta1 Stimulation' contro 'Control (No Treatment)' ora, 'TGF-beta1 stimulated' contro 'Untreated' nel riferimento: stesso contrasto."
GSE246493,C,altro,"Stessa coppia: ""IL1b Stimulated NDUFA4 KO"" vs ""NDUFA4 KO"" contro ""NDUFA4 KO + IL1b"" vs ""NDUFA4 KO"". Il genotipo resta identico sui due bracci in entrambe le esecuzioni."
GSE246886,C,lo studio cambia gruppo / entita,"SPOSTATO: piu' bracci contro lo stesso «MCF7 + Vehicle (DMSO)». Il riferimento poolava «MCF7 + Rapamycin», il nuovo «MCF7 + Ink128»: due inibitori diversi di mTOR, ciascuno sotto la propria chiave."
GSE247159,C,l appaiamento del braccio di controllo cambia,"Il riferimento aveva due coppie appaiate (linea cellulare e coltura primaria), ora resta solo quella su coltura primaria, comunque appaiata: differenza di copertura."
GSE247237,B,lo studio entra o esce dal pooling,"USCITO, e bene. Il confronto del riferimento era 'macromolecular crowding model + DHACM + TGFβ1' contro 'macromolecular crowding model + basal media': DHACM solo nel trattato."
GSE247275,B,lo studio entra o esce dal pooling,"ENTRATO con ""HPDEC + GSK126 (duplicate)"" contro ""HPDEC + DMSO"": stessa linea, veicolo appaiato."
GSE247389,B,lo studio entra o esce dal pooling,"ENTRATO (gruppo nuovo) con '5-Aza-treated' contro 'DMSO-control', appaiato: il riferimento non poolava questo studio in nessuna meta-analisi. Il guadagno del singolo confronto e' reale; il dubbio sull'entita' e' di gruppo, non di questa assegnazione."
GSE247637,B,l appaiamento del braccio di controllo cambia,"Da 1 a 2 confronti: entra ""EGF (60 min) + NTC-siRNA"" vs ""PBS + NTC-siRNA"", appaiato esattamente come quello a 30 minuti gia' presente."
GSE247777,A,lo studio entra o esce dal pooling,USCITO: 'R5020 60min in 3D culture' vs '3D culture normal media' era appaiata sul sistema di coltura; ora non e' poolata.
GSE248274,B,lo studio entra o esce dal pooling,"ENTRATO: il contrasto e' calcitriolo contro veicolo dentro lo stesso studio, senza difetto leggibile — ma il trattato nomina un paziente e il controllo no, quindi il guadagno va preso col caveat dichiarato."
GSE248485,C,altro,"Stesso caso-controllo, cambiano solo le diciture («IPF patient, no treatment» / «Healthy control» → «IPF patient age 76» / «Healthy donor DK22269_01»)."
GSE248794,C,altro,"'Wild-type, TGF-beta1, 0h' contro 'Wild-type, PBS, 0h' e la stessa coppia scritta '0 hours' nel riferimento: identiche."
GSE249026,C,solo la formulazione dell etichetta cambia,"""A2780 + Cisplatin"" vs ""A2780 + DMSO"" contro ""A2780 + Cisplatin (0.6 uM)"" vs ""A2780 + DMSO (0.5%)"": stesso contrasto, il nuovo perde solo la dose."
GSE249138,A,lo studio entra o esce dal pooling,"USCITO: nel riferimento 'Osimertinib-treated AML patient P1' vs 'Untreated AML patient P1', appaiato sullo STESSO paziente; nel run nuovo lo studio non compare ne' fra i poolati ne' fra gli scarti, cioe' non produce piu' alcun confronto candidato."
GSE249573,C,l appaiamento del braccio di controllo cambia,"Stessi confronti; il nuovo duplica 'MDA-MB-453 monoculture Neratinib' contro 'MDA-MB-453 monoculture DMSO'. Appaiamento invariato, cambia solo quante volte il contrasto e' contato."
GSE249721,A,il tempo o la dose vengono dichiarati o persi,"Dichiaro il limite: anche il riferimento condivideva i controlli fra bracci a tempi diversi (""HCC4006 + erlotinib 21 days"" e ""HCC4006 + erlotinib 24h"" entrambi contro ""HCC4006 + DMSO""), quindi il vecchio non era pulito. Ma il nuovo perde per intero la linea H3255 (""H3255 + erlotinib 24h"" vs ""H3255 + DMSO"", coppia senza difetti leggibili), aggiunge un braccio a 75 giorni sugli stessi due controlli e mette ""no_duration"" contro un controllo etichettato 24h: su questo studio il nuovo sta peggio del vecchio."
GSE250050,A,lo studio entra o esce dal pooling,"USCITO: «Gemcitabine» vs «No treatment» e' un contrasto pulito, ora perso del tutto."
GSE251809,C,lo studio cambia gruppo / entita,"SPOSTATO da CHEBI:84491 (poly(I:C)) a LPS. La riga di confronto e' per STUDIO, non per campione: uno studio su trofoblasti di corion puo' contenere entrambi i PAMP, quindi nessuna delle due assegnazioni e' confutabile dall'etichetta. Si nota comunque la perdita della coppia 'Primary decidual cells + polyIC'."
GSE251861,C,l appaiamento del braccio di controllo cambia,"Le due esecuzioni leggono un composto diverso sugli stessi campioni: oggi ""Staurosporine-treated endothelial cells (umbilical vein)"" vs ""DMSO-treated endothelial cells (umbilical vein)"", nel riferimento ""Endothelial cells treated with SR1 (0.5uM)"" vs ""Endothelial cells treated with DMSO (10,000uM)"" sotto CHEBI:230484. Staurosporina e SR1 non sono la stessa molecola, quindi una delle due letture sbaglia, ma dalle sole etichette non si puo' dire quale (nel vecchio anche il ""DMSO (10,000uM)"" e' una dose implausibile). Entrambi i confronti restano appaiati per cellule."
GSE252002,A,lo studio entra o esce dal pooling,"USCITO verso CHEBI:167670 mentre l'etichetta dice 'ASPC1 + Trametinib' contro 'ASPC1 + DMSO'. Non e' un pannello: e' frammentazione dello stesso farmaco su due chiavi, cioe' potenza persa, non un contrasto sbagliato."
GSE252425,A,lo studio entra o esce dal pooling,USCITO verso nessuna meta-analisi. Nel riferimento 'TGFBeta' contro 'Vehicle': contrasto pulito sull'entita' del gruppo. Perdita.
GSE252575,A,lo studio entra o esce dal pooling,"USCITO: portava `HT1080 cells treated with PMA` → `HT1080 cells treated with Control`, appaiato; ora non e' poolato da nessuna parte."
GSE252576,B,l appaiamento del braccio di controllo cambia,"Il nuovo aggiunge il confronto LNCaP (appaiato) ai due (C42, RV1) gia' presenti nel riferimento."
GSE252600,A,lo studio entra o esce dal pooling,USCITO verso nessuna meta-analisi. Nel riferimento tre confronti puliti e sull'entita' ('Clear cell renal cell carcinoma stage 1/2/3' contro 'Normal kidney tissue'). Contributo corretto perso.
GSE252740,C,l appaiamento del braccio di controllo cambia,"Il riferimento aveva due coppie appaiate per fondo genetico, ora resta solo quella su transgene stabile, comunque appaiata."
GSE253742,A,altro,"Verificato sui campioni: il riferimento aveva UN braccio intero ('Osimertinib-treated lung adenocarcinoma', GSM8027259-62) contro i 4 controlli; ora quegli stessi 4 campioni sono spezzati in due righe da 2 con due etichette diverse ('lung adenocarcinoma Osimertinib' e 'lung Osimertinib') sugli stessi controlli. Il nuovo frammenta un braccio integro e fabbrica una distinzione di materiale che i campioni smentiscono."
GSE254310,C,altro,"'AB1080 FSHD myotubes' vs 'AB1190 healthy myotubes' ora, 'AB1080 myotubes FSHD' vs 'AB1190' prima: stessa coppia di linee, la nuova dichiara in piu' che il controllo e' sano."
GSE254479,C,solo la formulazione dell etichetta cambia,"""EGF alone"" vs ""Starvation control"" contro il precedente ""EGF 9h"" vs lo stesso controllo: stesso contrasto, il nuovo perde la durata e il vecchio non diceva ""alone""."
GSE255071,C,solo la formulazione dell etichetta cambia,"Un confronto in entrambe. Ora lo stato HIV e' dichiarato su entrambi i bracci, nel riferimento su nessuno dei due ('TB Positive' → 'TB Negative'): il riferimento non contraddiceva l'appaiamento, il nuovo e' solo piu' esplicito."
GSE255073,C,l appaiamento del braccio di controllo cambia,"Un confronto ora, tre nel riferimento, dove due avevano il trattato senza stato HIV dichiarato — asimmetria di etichetta, non difetto provabile. Il nuovo tiene il solo confronto esplicitamente appaiato ma perde due strati: entrambe difendibili."
GSE255074,C,l appaiamento del braccio di controllo cambia,"Due confronti ora, tre nel riferimento; il terzo era 'TB Positive, HIV Positive' → 'TB Negative, HIV Positive', anch'esso appaiato per stato HIV e quindi pulito. Il nuovo perde lo strato HIV-positivo senza introdurre difetti."
GSE255300,C,altro,"Stessi tre contrasti (Polyp, Mucosa, HPCEC), ciascuno col proprio DMSO; cambia 'HPCEC Colon' in 'HPCEC'."
GSE255958,A,cambia quali confronti dello studio sopravvivono,"Il riferimento poolava il braccio pulito e completo di dose e tempo ('PC9 Osimertinib 2 uM 48h', GSM8083377-79, vs 'PC9 untreated 0.1% DMSO 48h'). Ora quel braccio e' disperso (il gruppo PC9_Osimertinib plain resta a n=1 e cade per n_min) e al suo posto entrano il braccio VT104 — difettoso — e il braccio 'persister'. Il nuovo sostituisce un contrasto pulito con uno contaminato."
GSE256370,C,solo la formulazione dell etichetta cambia,Sola riformulazione con dose esplicitata: 'VCaP + R1881 10 nM' vs 'VCaP + Ethanol'.
GSE256492,A,lo studio entra o esce dal pooling,"Uscito. Nel riferimento ""Endothelial cells from brain metastasis patients"" contro ""Healthy control endothelial cells"": stesso tipo cellulare, perdita netta, e con essa il gruppo scende a tre studi."
GSE259282,B,lo studio entra o esce dal pooling,"ENTRATO: il run nuovo poola 'Neutrophils treated with Cyclosporine A' vs 'Control neutrophils (non-treated)', contrasto pulito e sull'entita' del gruppo, che nel riferimento non era poolato da nessuna parte."
GSE261086,B,altro,"Nel riferimento c'erano coppie con compartimento discordante (""Crohn's disease colon"" contro ""Normal colon wall"") e trattati che non dichiaravano la malattia (""Inflamed colon mucosa""); ora mucosa va con mucosa, parete con parete, e ogni trattato dichiara ""Crohn's disease""."
GSE261699,B,lo studio entra o esce dal pooling,"ENTRATO con appaiamento pulito su materiale, dose e tempo; resta il caveat delle due voci identiche che riusano gli stessi 2 controlli."
GSE262137,B,altro,"Verificato sui campioni, non solo sull'etichetta: nel riferimento il controllo 'Testicular germ cell tumor cells treated with DMSO' erano CINQUE campioni (GSM8158088/93/94/95/96), cioe' un pool di DMSO piu' largo della linea trattata; ora il controllo e' 'C1 cells treated with DMSO' e sono i DUE campioni della linea (GSM8158095/96). Il nuovo restringe il controllo alla stessa linea del trattato e chiude un disallineamento reale."
GSE262147,A,l appaiamento del braccio di controllo cambia,"Il riferimento poolava la sola biopsia placentare, che e' pulita; il nuovo aggiunge tre bracci di sangue intero appesi tutti allo stesso controllo di otto campioni, e fra questi il braccio postpartum non puo' essere appaiato insieme a quello in gravidanza. Il nuovo introduce il difetto che il vecchio non aveva."
GSE262746,A,altro,"Era in questo gruppo con ""Radiation"" vs ""Control"", coppia senza difetti leggibili, e ora non e' poolato in nessuna meta-analisi: perdita del run nuovo."
GSE263134,A,lo studio entra o esce dal pooling,"USCITO. Nel riferimento 'HCC (HCC patient 1)' contro 'Adjacent normal tissue (HCC patient 1)': appaiamento DENTRO lo stesso paziente, il migliore possibile per questo disegno."
GSE263180,C,solo la formulazione dell etichetta cambia,"'Healthy Control (No Treatment)' contro 'Healthy Control (None)': stesso braccio, sola riformulazione."
GSE264144,C,solo la formulazione dell etichetta cambia,"Sola riformulazione con dose: '... 5-FU, 100mg/kg' vs '... PBS' contro '... treated with 5-FU' vs '... treated with PBS'."
GSE264288,C,l appaiamento del braccio di controllo cambia,"Stessi tre confronti appaiati per genotipo (wild-type, CRISPLD2 knockdown, CRISPLD2 up-regulate) contro il rispettivo veicolo in entrambi i run."
GSE264621,B,lo studio entra o esce dal pooling,Entrato: nel riferimento non era poolato. 'Pituitary adenoma' vs 'Healthy pituitary' e' un caso-controllo pulito sullo stesso tessuto.
GSE266011,A,altro,"Il riferimento poolava un confronto ad agente singolo e pulito ('Carfilzomib (10 nM) for 24 hours' vs 'DMSO for 24 hours'); il nuovo lo sostituisce con due confronti in combinazione. E' l'unico difetto del gruppo, ed e' il nuovo run a introdurlo."
GSE266389,C,lo studio cambia gruppo / entita,Uscito verso CHEBI:230500. 'JQ1 1uM 16h' vs 'DMSO 0.1% 16h' e' pulito e appaiato in entrambe le esecuzioni; l'etichetta non dice se CHEBI:230500 sia una seconda scheda della stessa molecola (frammentazione) o un'altra entita'.
GSE266932,A,l appaiamento del braccio di controllo cambia,"Il riferimento aveva in piu' ""PDX1526 model treated with Fulvestrant for 28 days"" vs ""PDX1526 model treated with Vehicle (DMSO) for 28 days"", appaiato anche sulla durata: il nuovo perde un confronto pulito."
GSE267150,C,solo la formulazione dell etichetta cambia,Sola riformulazione: il genotipo MDM2 W329G resta su entrambi i bracci in entrambe le esecuzioni.
GSE267662,A,lo studio entra o esce dal pooling,"Uscito. Nel riferimento ""Hypoxia-treated HUVEC"" contro ""Normal HUVEC"": stesso materiale, perdita netta."
GSE268499,C,altro,"Ora due confronti ('COPD case 1', 'case 2' contro 'Healthy control'), nel riferimento uno solo col materiale dichiarato ('COPD PBMCs' contro 'Healthy PBMCs'). Nessuno dei due mostra un disallineamento; la nuova etichetta e' solo meno informativa."
GSE269441,B,lo studio entra o esce dal pooling,"ENTRATO con ""EGF stimulated"" vs ""Vehicle control"", confronto appaiato che il riferimento non poolava."
GSE269699,C,il tempo o la dose vengono dichiarati o persi,"Le due esecuzioni poolano lo STESSO confronto: il vecchio ne rendeva leggibile il difetto (Donor 1 contro Donor 2), il nuovo lo nasconde. Nessuna delle due assegnazioni e' migliore dell'altra; cambia solo la verificabilita'."
GSE272030,B,lo studio entra o esce dal pooling,"ENTRATO con coppia pulita ('Microglia-like cells, LPS' vs '... No Treatment')."
GSE49159,C,l appaiamento del braccio di controllo cambia,"Ora 'Donor A, TGFbeta' contro 'Donor A, untreated' (appaiamento per donatore leggibile); nel riferimento 'TGFbeta' contro 'Control (skin)', dove l'appaiamento non era verificabile ma nemmeno contraddetto."
GSE52778,C,solo la formulazione dell etichetta cambia,"Stessa coppia in entrambe, con l'identica dicitura «and ERCC mix» sul trattato: nessuna delle due esecuzioni e' migliore dell'altra."
GSE52946,C,solo la formulazione dell etichetta cambia,"Stesso contrasto con etichetta piu' esplicita su entrambi i lati (""untreated"" aggiunto a trattato e controllo)."
GSE55727,B,lo studio entra o esce dal pooling,"ENTRATO con 'GM00011 doxorubicin' contro 'GM00011 vehicle': stessa linea sui due bracci, veicolo come controllo. Il run nuovo recupera un membro legittimo che il vecchio non poolava."
GSE55922,C,solo la formulazione dell etichetta cambia,Stesso contrasto; il nuovo perde la linea nell'etichetta. Nessun disallineamento leggibile in nessuna delle due.
GSE56022,C,altro,Stesse due coppie (2h e 4h contro «Vehicle»); il nuovo aggiunge il nome della linea.
GSE56066,B,lo studio entra o esce dal pooling,"Non era poolato nel riferimento; entra con tre coppie appaiate sul contesto genetico (""MCF-7 AdERbeta+SiERalpha liquiritigenin"" vs ""MCF-7 AdERbeta+SiERalpha control""). Nessun difetto leggibile."
GSE56623,B,lo studio entra o esce dal pooling,ENTRATO con quattro confronti appaiati per linea E per tempo ('JJN3 ... 5.AZA for 24 hours' contro 'JJN3 ... Control for 24 hours'): il riferimento lo lasciava fuori.
GSE57148,C,altro,"Ora due confronti per paziente contro lo stesso 'Healthy control 1', nel riferimento uno solo col tessuto dichiarato ('COPD lung tissue (donor 4136)' contro 'Normal lung tissue (small group)'). Entrambe le letture sono caso-controllo difendibili; l'etichetta non dice quale partizione sia quella vera, e in nessuna delle due il braccio da 94 campioni e' spiegato."
GSE59066,C,solo la formulazione dell etichetta cambia,Solo la formulazione del trattato cambia (`Treated with Sutent` contro `Sutent Treated`) verso lo stesso controllo.
GSE59275,A,lo studio entra o esce dal pooling,"USCITO. ""IL-4 3h"" e ""IL-4 24h"" entrambi vs ""Control"": nessun difetto leggibile, due confronti persi."
GSE59841,A,lo studio entra o esce dal pooling,USCITO verso nessuna meta-analisi. Nel riferimento 'nutlin 10uM' contro 'DMSO': contrasto pulito e sull'entita'. Contributo corretto perso.
GSE60340,B,lo studio entra o esce dal pooling,"ENTRATO: 'H2O2 treated' vs 'Untreated control', confronto pulito che il vecchio lasciava fuori."
GSE61375,B,lo studio entra o esce dal pooling,"ENTRATO con «INK128 2 hours» vs «DMSO 2 hours», appaiato sul tempo; il riferimento non lo poolava in nessuna meta-analisi."
GSE64550,B,lo studio entra o esce dal pooling,ENTRATO con lo shRNA su ENTRAMBI i bracci ('HCC364 + trametinib + shYAP1' vs 'HCC364 + DMSO + shYAP1').
GSE64741,A,lo studio entra o esce dal pooling,USCITO. Quattro confronti espliciti e appaiati ('A375 cells treated with 0.1 uM vemurafenib for 48 hours' vs 'A375 cells treated with vehicle') ora sotto la sola chiave CHEBI:64310.
GSE64813,B,lo studio entra o esce dal pooling,"ENTRATO (gruppo nuovo) con 'Case (PTSD) Post-deployment' contro 'Control Post-deployment', appaiato sulla fase: il riferimento non lo poolava affatto."
GSE65335,C,solo la formulazione dell etichetta cambia,"Stesso contrasto sulla stessa linea EPC2-hTERT; il nuovo aggiunge la dose, il riferimento marcava il controllo come veicolo."
GSE65634,B,lo studio entra o esce dal pooling,"ENTRATO: 'C2_resveratrol' vs 'C2_DMSO', appaiato sullo stesso campione C2."
GSE66539,A,lo studio entra o esce dal pooling,USCITO. 'Vemurafenib-treated Melanoma PDX Cell Line' contro 'Untreated Melanoma PDX Cell Line' era pulito e appaiato: ora non e' poolato in nessuna meta-analisi. Perdita netta.
GSE67196,B,il tempo o la dose vengono dichiarati o persi,"Il riferimento poolava tre confronti, due col descrittore ""(drug adapted)"" sul solo lato sALS; ora resta la sola coppia simmetrica ""sALS Cerebellum"" contro ""Healthy Cerebellum""."
GSE69121,B,altro,Il nuovo aggiunge 'Retinoic acid-treated wild-type SK-N-SH cells' vs 'Untreated wild-type SK-N-SH cells' accanto alla coppia MAML3 gia' presente; il genotipo resta costante dentro ciascun confronto. Guadagno pulito.
GSE70068,C,il tempo o la dose vengono dichiarati o persi,"Nel riferimento il donatore era dichiarato solo sul controllo, ora nessun lato lo dichiara: qualificatore unilaterale in un caso, assente nell'altro. Nessuna etichetta prova un difetto."
GSE70544,A,lo studio entra o esce dal pooling,"Uscito. Nel riferimento ""Hypoxia Treated"" contro ""Control"": nessun difetto leggibile, perdita netta."
GSE73708,A,lo studio entra o esce dal pooling,USCITO. Nel riferimento 'Hepatocellular Cancer (Donor 9128)' contro 'Normal Liver (Donor 9128)': stesso donatore sui due bracci.
GSE74324,B,l appaiamento del braccio di controllo cambia,"Il nuovo aggiunge la coppia 'IMR90 proliferating pWZL-Hygro shRen JQ1' vs '... shRen DMSO': stato proliferativo appaiato su entrambi i bracci, come la coppia senescente gia' presente."
GSE76404,B,lo studio entra o esce dal pooling,"USCITO, e giustamente: il confronto di riferimento aveva il sesso disaccoppiato ('African American Male' contro 'African American Female') in un disegno di TRATTAMENTO."
GSE77039,A,l appaiamento del braccio di controllo cambia,"Il riferimento aveva due coppie con linea e tempo appaiati su entrambi i bracci (""HT29_Rosiglitazone_24hr"" vs ""HT29_DMSO_24hr"" e la 48hr); il nuovo ne tiene una sola e senza linea (""Rosiglitazone 48hr"" vs ""DMSO 48hr""). Perdita di un confronto pulito e di contesto."
GSE77307,C,altro,"Stesse due linee; cambia solo il nome del controllo (""untreated"" invece di ""normoxia""), entrambi ammissibili nella classe dichiarata."
GSE77509,C,l appaiamento del braccio di controllo cambia,"Riferimento 'PVTT #3' e 'PVTT #8' contro 'Adjacent Normal #3'; ora 'PVTT #6', 'PVTT #14' e 'Primary Tumor #17' contro lo stesso controllo. In entrambe si confrontano gruppi di campioni tumorali contro lo stesso gruppo di adiacenti normali: le etichette, essendo rappresentanti di gruppi, non bastano per stabilire quale selezione sia la giusta."
GSE78801,B,altro,"Uscita giusta, ma per la SEDE: 'DIPG primary culture pons ... JQ1' contro 'DIPG primary culture brain ... DMSO' su tutte e quattro le coppie. Il genotipo H3.1K27M asimmetrico vale 3 coppie su 4 (la coppia a 3h non lo porta)."
GSE78922,C,solo la formulazione dell etichetta cambia,"Ora un confronto 'IL-6 stimulated CD4+CD25- T cells' vs 'Unstimulated CD4+CD25- T cells', prima due che condividevano lo stesso controllo (uno era '(additional replicates)'). Stesso contrasto, il nuovo evita di contare due volte gli stessi controlli."
GSE78936,C,l appaiamento del braccio di controllo cambia,"Le stesse quattro coppie appaiate per regione in entrambe le esecuzioni; cambia solo la forma dell'etichetta, incluso il token 'Vehicle' sul controllo, presente in tutte e due."
GSE79027,C,l appaiamento del braccio di controllo cambia,"Stessi due contrasti appaiati per donatore (Donor 2 con Donor 2, Donor 3 con Donor 3); cambia l'ordine delle parole."
GSE79544,A,l appaiamento del braccio di controllo cambia,Il riferimento aveva DUE confronti appaiati per stato di malattia ('Healthy smokers' vs 'Healthy non-smokers' e 'IPF smokers' vs 'IPF non-smokers'); ora resta il solo braccio IPF. Il vecchio copriva sia i sani sia gli IPF senza incrociarli.
GSE79782,C,solo la formulazione dell etichetta cambia,"Tre righe nel riferimento, due ora, tutte 'Preeclampsia (Amnion)' vs 'Control (Amnion)' e tutte sugli stessi 7 controlli: stesso contrasto, cambia solo la partizione del braccio trattato."
GSE80153,C,solo la formulazione dell etichetta cambia,Stessi tre contrasti a 4h/8h/24h contro lo stesso DMSO; sola riscrittura.
GSE80183,A,lo studio entra o esce dal pooling,USCITO: 'SLE patient (anti-ENA+)' vs 'Healthy control (no treatment)' era un caso-controllo leggibile; ora non e' poolato.
GSE80365,C,altro,"Il riferimento aveva due confronti (24h, 48h); ora sono tre e il terzo ha etichetta IDENTICA al primo, contro gli stessi 7 controlli. Le due letture — split di un unico contrasto con doppio conteggio dei controlli, oppure due sottoinsiemi realmente distinti — sono indistinguibili dall'etichetta; la lettura che non sovrastima il dato e' la prima, e la registro come limite."
GSE80366,A,lo studio entra o esce dal pooling,USCITO: 'T47D + R5020 (polyA)' vs 'T47D + Vehicle' era appaiata per linea (il '(polyA)' e' preparazione di libreria); ora non e' poolata.
GSE80655,C,l appaiamento del braccio di controllo cambia,"Nel riferimento i confronti erano fra singoli soggetti con eta' diverse ('DLPFC_Age40' contro 'DLPFC_Age65'), con una sola coppia di eta' coincidente; ora sono confronti di gruppo appaiati per regione. In un caso-controllo entrambe le forme sono legittime, ma il nuovo introduce quattro confronti DLPFC con etichette identiche sugli stessi controlli: l'etichetta non basta per scegliere."
GSE80716,C,lo studio cambia gruppo / entita,"SPOSTATO da STR:nutlin_3a a CHEBI:46742. Il trattato e' 'Nutlin-3a' nel riferimento e 'Nutlin-3' ora, contro 'DMSO' in entrambi: e' la stessa molecola (enantiomero attivo contro racemo) e l'etichetta non dice quale scrittura sia quella della sorgente. Il nuovo run de-frammenta, ma la scelta non e' decisa dall'etichetta."
GSE81405,C,solo la formulazione dell etichetta cambia,Stesso contrasto CAF trattate vs CAF DMSO; il nuovo perde la dose. Nessun effetto sull'appaiamento.
GSE81478,C,solo la formulazione dell etichetta cambia,Sola riscrittura ('LPS 10 ng/mL 4h' vs 'Control' contro 'LPS Treated' vs 'Vehicle Control').
GSE83601,B,lo studio entra o esce dal pooling,"ENTRATO con 'PTSD' contro 'Healthy Control', caso-controllo pulito: il riferimento lo lasciava fuori."
GSE83687,B,lo studio entra o esce dal pooling,"ENTRATO con tre coppie appaiate per sede (left colon, ileum, small bowel, ciascuna contro il proprio controllo)."
GSE84538,C,altro,"'Pulmonary artery CTEPH' vs 'Pulmonary artery control' ora, le stesse parole con le maiuscole prima."
GSE85567,A,lo studio entra o esce dal pooling,"ENTRATO portando, accanto alla coppia pulita, il confronto con materiale diverso sui due bracci, e prendendosi l'86% del peso del gruppo. Il riferimento, non poolandolo, non aveva questo difetto."
GSE86190,A,lo studio entra o esce dal pooling,"USCITO. ""HCT116 colon carcinoma cells treated with daunorubicin"" vs ""HCT116 colon carcinoma cells treated with vehicle"" era appaiato sulla stessa linea: perdita di uno studio pulito da un gruppo che ne ha solo tre."
GSE86356,A,lo studio entra o esce dal pooling,"Entrato, e porta con se' i tre confronti a sede discordante (bicipite/deltoide/diaframma DM1 contro quadricipite sano) che il riferimento non poolava: il nuovo introduce un difetto dove il vecchio, non poolando, non ne aveva. Va detto che lo stesso ingresso porta anche tre confronti puliti (Heart x2, Quadriceps-Quadriceps), che sarebbero un guadagno."
GSE86906,C,solo la formulazione dell etichetta cambia,"Ora le etichette portano eta' e sesso, prima erano 'Schizophrenia Case 1/2' vs 'Healthy Control 1': stesso contrasto caso-controllo, sesso costante sui due bracci in entrambi i confronti nuovi."
GSE87809,C,altro,"Cambia il paziente di controllo ('Patient 5' ora, 'Patient 7' nel riferimento) contro lo stesso 'Endometriosis (Patient 1)'. In un caso-controllo il controllo e' per forza un altro soggetto: entrambe difendibili."
GSE88757,C,altro,"'PANC-1 + TGFb 72h' contro 'PANC-1 + vehicle 72h' in entrambi i run, cambia solo la maiuscola."
GSE89127,C,l appaiamento del braccio di controllo cambia,"Il riferimento aveva anche 'H3122 THZ1 50nM 48h' contro 'H3122 DMSO 0.1% 48h'; le 5 coppie rimaste sono identiche e appaiate per linea, dose e tempo. Solo potenza."
GSE89408,C,il tempo o la dose vengono dichiarati o persi,"Non seguo il lettore che chiama B. Le due esecuzioni rendono lo stesso studio in modi inconciliabili: una entry con discordanza di sesso dichiarata (""Osteoarthritis (F)"" vs ""Healthy control (13M)"") contro quattro entry mute (""Osteoarthritis"" vs ""Normal"", 24 controlli condivisi). Se la resa vecchia e' fedele, la nuova nasconde un difetto; se e' fedele la nuova, la vecchia poolava un sottoinsieme sbilanciato. L'etichetta non basta per scegliere, quindi C - e la riserva pesa perche' questo studio vale il 77% del gruppo."
GSE89442,C,l appaiamento del braccio di controllo cambia,"Un confronto in entrambe. Il riferimento appaiava esplicitamente il donatore ('pDC donor 1 IL-3'→'pDC donor 1 unstimulated'), ora l'etichetta e' generica ma non dichiara donatori diversi: l'etichetta non decide."
GSE89475,A,lo studio entra o esce dal pooling,USCITO: 'Endothelial cells under diabetic conditions' vs 'Control endothelial cells' era appaiata sul tipo cellulare; ora non e' poolata.
GSE89843,C,solo la formulazione dell etichetta cambia,"Riscrittura del solo trattato; il controllo 'Healthy Control (none)' e' identico nelle due esecuzioni, con lo stesso limite di annotazione."
GSE89917,A,lo studio entra o esce dal pooling,"USCITO; era 'LNCaP Bag-1L KO cell line with DHT' contro 'LNCaP Bag-1L KO cell line with EtOH', stesso genotipo sui due bracci."
GSE90469,C,solo la formulazione dell etichetta cambia,Stesso contrasto; il controllo passa da 'Untreated Healthy Dopamine Neurons' a 'Untreated Control Dopamine Neurons'. Stesso materiale sui due lati in entrambe.
GSE92532,C,il tempo o la dose vengono dichiarati o persi,"Cambia il donatore dichiarato nel trattato (5 nel riferimento, 4 ora); in ENTRAMBE le esecuzioni il DMSO non dichiara il donatore. L'etichetta non decide."
GSE92592,B,lo studio entra o esce dal pooling,"ENTRATO con «IPF Lung Tissue» vs «Healthy Control Lung Tissue», appaiato sul tessuto; il riferimento non lo poolava affatto."
GSE92723,B,lo studio entra o esce dal pooling,ENTRATO con due confronti sulla stessa linea; nel riferimento non era poolato. L'intero gruppo e' un guadagno del run nuovo e le etichette che porta sono appaiate.
GSE92724,A,lo studio entra o esce dal pooling,"ENTRATO ora, e porta dentro il difetto: 'Diabetic Patient (Male)' contro 'Healthy control (Female)'. Il riferimento non lo poolava affatto, cioe' su questo studio il vecchio azzeccava per omissione e il nuovo introduce un confronto col sesso disaccoppiato."
GSE92852,B,lo studio entra o esce dal pooling,"USCITO, e giustamente: 'IL-10-APC + LPS' e 'moDC + LPS' contro 'moDC (Undifferentiated)' opponevano stati di differenziamento diversi (e nel primo caso anche IL-10)."
GSE93153,C,l appaiamento del braccio di controllo cambia,"Le due esecuzioni assegnano gli stessi due confronti scambiando le combinazioni donatore-giorno (D13/Donor1 e D10/Donor2 ora, D10/Donor1 e D13/Donor2 prima). In tutte e quattro le righe donatore e giorno coincidono fra i due bracci: entrambe internamente appaiate, e l'etichetta non dice quale accoppiamento sia quello vero."
GSE93620,C,altro,Presente in entrambe le esecuzioni con lo stesso difetto ('A. ceylanicum iL3 larvae' contro 'untreated'). L'ambiguita' e' nell'etichetta sorgente e inganna allo stesso modo le due catene.
GSE93624,C,l appaiamento del braccio di controllo cambia,"Il riferimento aveva una sola coppia, ora sei strati contro lo stesso controllo. Entrambe sono caso-controllo difendibili e le etichette per-rappresentante non dicono quale stratificazione sia quella voluta."
GSE93807,B,lo studio entra o esce dal pooling,"Non era poolato nel riferimento; entra con ""Liquiritigenin"" vs ""Control"", coppia pulita."
GSE93996,A,lo studio entra o esce dal pooling,USCITO verso nessuna meta-analisi. Nel riferimento 'HL-60 + ATRA' contro 'HL-60 + ethanol': stessa linea e veicolo corretto dell'ATRA. Contributo corretto perso.
GSE94013,A,lo studio entra o esce dal pooling,"USCITO; era 'DHT' contro 'DMSO', appaiato."
GSE94150,A,lo studio entra o esce dal pooling,"USCITO. ""IL15-treated CD4+ T cells (ST124)"" vs ""Untreated CD4+ T cells (ST124)"" e' appaiato sullo stesso donatore: perdita di uno studio pulito da un gruppo che ora ne ha solo tre."
GSE94235,C,l appaiamento del braccio di controllo cambia,"Un solo confronto per parte, gli stessi campioni letti come tofacitinib nel riferimento e come ruxolitinib ora. Una delle due attribuzioni e' sbagliata e l'etichetta non basta per scegliere; l'etichetta vecchia e' pero' l'unica che appaia esplicitamente tipo cellulare e donatore sui due bracci."
GSE95078,A,lo studio entra o esce dal pooling,"USCITO: «Diseased - TNF» vs «Diseased - Vehicle» e' appaiato sullo stato di malattia e sul veicolo, e ora non e' piu' poolato."
GSE95079,C,solo la formulazione dell etichetta cambia,"'Ponatinib' contro 'DMSO' ora, 'LM2 Triple Negative Breast Cancer Cells Treated with Ponatinib' contro '... Treated with DMSO Vehicle Control' nel riferimento: stesso contrasto, la nuova etichetta perde solo il nome della linea."
GSE95243,C,solo la formulazione dell etichetta cambia,Sola riscrittura ('Obese iPSC-derived hypothalamus neuron' contro 'Obese Hypothalamus Neuron (iPSC)').
GSE95413,C,solo la formulazione dell etichetta cambia,Solo formulazione (etichetta lunga del xenograft VCaP p61 contro quella corta): stesso contrasto appaiato.
GSE95587,C,altro,"Due confronti in entrambe; cambia l'identificativo del controllo ('Control (99-50)' ora, 'Control (Donor 10-94)' prima) e uno dei casi. Caso-controllo pulito in tutte e due le letture."
GSE96649,C,solo la formulazione dell etichetta cambia,"«A549 cells treated with dexamethasone» vs «Vehicle-treated A549 cells»: stesso contrasto del riferimento, piu' esplicito."
GSE96975,C,solo la formulazione dell etichetta cambia,"'TGFB1 stimulated' contro 'Control (No treatment)' ora, 'TGFB1 Stimulated Cardiac Fibroblasts' contro 'Untreated Cardiac Fibroblasts' nel riferimento: stesso contrasto."
GSE97356,C,lo studio entra o esce dal pooling,"ENTRATO con 'Current, PTSD, Case 87' contro 'Current, No Treatment': l'etichetta non dice se il controllo sia sano o un caso non trattato, quindi non si puo' stabilire se il nuovo faccia bene a poolarlo o se il riferimento facesse bene a lasciarlo fuori."
GSE97358,A,l appaiamento del braccio di controllo cambia,"Il riferimento aveva quattro confronti, TRE appaiati per etnia (Chinese con Chinese, Indian con Indian, Malay con Malay) e UNO solo disallineato. Il nuovo run PERDE l'appaiamento Chinese contro Chinese, duplica la riga Chinese contro Malay e ne aggiunge una Chinese-M contro Indian-F che incrocia anche il sesso: passa da 1 riga difettosa su 4 a 3 su 5. Peggioramento leggibile sull'etichetta."
GSE97619,B,lo studio entra o esce dal pooling,"Entra ora con ""Primary Astrocytes IL1beta"" vs ""Primary Astrocytes Untreated"", appaiato sullo stesso materiale; nel riferimento non era poolato in nessuna meta-analisi."
GSE97766,C,altro,Il nuovo aggiunge la coppia «Mia-PaCa-2 Gemcitabine» vs «Mia-PaCa-2 Control» accanto a quella PANC-1 gia' presente: entrambe pulite.
GSE98428,C,solo la formulazione dell etichetta cambia,Solo formulazione (`Sunitinib 0.1 uM` contro `Sunitinib 0.1 uM (Replicate)`) verso lo stesso `Vehicle Control`.
GSE98431,A,lo studio entra o esce dal pooling,USCITO: due coppie 'Sorafenib 1 uM' vs 'Vehicle Control' non sono piu' poolate.
GSE99299,A,l appaiamento del braccio di controllo cambia,Nel riferimento i due confronti erano appaiati ENTRO genotipo ('A375 non-targeting IFNg'→'A375 non-targeting vehicle'; 'A375 Ptpn2sg3 IFNg'→'A375 Ptpn2sg3 vehicle'); ora resta un unico confronto che incrocia i genotipi. Il nuovo rompe un appaiamento che il vecchio aveva corretto.
GSE99381,C,lo studio entra o esce dal pooling,"ENTRATO. 'LNCaP-shAR/pATK + R1881' vs 'LNCaP-shAR/pATK + untreated' e' appaiato sul genotipo e quindi difendibile, ma il riferimento non offre etichetta per questo studio: la scelta fra le due esecuzioni non e' decidibile."
GSE99392,B,lo studio entra o esce dal pooling,"ENTRATO: 'PGE2 24h' → 'DMSO 24h', appaiato per tempo e veicolo."
GSE99536,A,lo studio entra o esce dal pooling,USCITO: 'Sorafenib 1uM 24h' vs 'DMSO 24h' e la gemella a 8h erano appaiate nel tempo; ora non sono poolate.
GSE99621,A,lo studio entra o esce dal pooling,USCITO: «IPF Case Lung Tissue» vs «Healthy Control» e' un caso-controllo pulito e ora non e' poolato in nessuna meta-analisi.
GSE99626,B,lo studio entra o esce dal pooling,"USCITO da questo gruppo; era 'T47D cells treated with E2 and DHT' contro 'T47D cells treated with Vehicle', combinazione estradiolo+DHT sotto l'entita' DHT. Toglierlo di qui e' corretto."
GSE99641,A,lo studio entra o esce dal pooling,"USCITO: portava `Estradiol` → `Control`, senza difetto leggibile; ora non e' poolato da nessuna parte."
GSE99875,A,l appaiamento del braccio di controllo cambia,"Nel riferimento lo studio portava UN solo confronto (`Everolimus 4h` → `Control`), senza conflitto di stato sul controllo; il confronto aggiunto dal nuovo e' quello che crea l'impossibilita' di appaiare gli stessi 6 controlli a due stati diversi. Il controllo resta muto in tutte e due le esecuzioni: scelgo la lettura che non sovrastima il dato e la dichiaro."
