geo	series	libsrc	title	src	ext
GSM7855469	GSE159297,GSE246103	other	NSChashtag_mix_HTO	NSC differentiation cell culture	single cell suspension via Trypsin-EDTA,10X Genomics 3prime v3
GSM6304120	GSE173316,GSE207629	other	microglia and myeloid cells multiplexed scRNA-seq rep2, HTO	WTC11 iPSC-derived Microglia	Multiplexed single-cell sequencing with cell hashing was performed following previously published protocol (30567574). In brief, each type of cells were first blocked with Human TruStain FcX (BioLegend Catalog# 422302) in cell staining buffer (BioLegend Catalog# 420201) for 10 minutes on ice, followed by staining with an individual TotalSeq-A anti-human Hashtag for 45 minutes on ice. Cells were washed three times, resuspended in PBS with 0.04% bovine serum albumin, and counted with Countess II Automated Cell Counter (Thermo Fisher Scientific). 1.25 x 10^5 cells were pooled from each group to create a pool of 1x10^6 cells with an average viability of 85%. Pooled cells were then filtered through a 40 Î¼m filter, counted, and diluted to a final concentration of 730 cells/Î¼L.,Single cell suspension containing 6.4x105 cells were loaded into 10X Chromium Controller following manufacturerâs user guide (Document CG000185 Rev B) using 2 lanes of Chromium Single Cell 3â Reagent Kits v3. Single cell gene expression and hashtag barcode libraries were constructed following the manufacturerâs user guide (Document CG000185 Rev B). Final libraries were sequenced on Illumina NovaSeq 6000 sequencer using NovaSeq 6000 S4 Reagent Kit v1 to get a total of 2x109 reads.
GSM6038244	GSE199378	other	Monocyte-derived M1 macrophages (D1) [AB-LIB]	Monocyte-derived macrophages	Single-cell transcriptomics libraries were generated via the Chromium Controller and the Single Cell 3â² Reagent Kit v3 (10x Genomics) according to the manufacturerâs instructions. Briefly, ~8,700 cells per sample were loaded onto a B Chip, aiming to capture 5,000 cells, with an expected 4.6% doublet rate. The Chromium Controller ran for droplet generation and reverse transcription was performed in the droplets.,80 ng of cDNA were used for the gene expression library preparation. Samples were prepared according to the 10X Genomicsâ protocol, except for an additional 1 x SPRISelect Beads (Beckman Coulter, Brea, CA) to ensure full removal of primer and adaptor dimers prior to the final elution for gene expression libraries. Libraries were quantitatively and qualitatively assessed using the Qubit 4 Fluorometer (ThermoFisher) and the Fragment Analyzer (Agilent) respectively. Gene expression libraries were 440bp in average length. Libraries were normalized, pooled and sequenced on an Illumina HiSeq 4000.
GSM6038246	GSE199378	other	Monocyte-derived M2a macrophages (D1) [AB-LIB]	Monocyte-derived macrophages	Single-cell transcriptomics libraries were generated via the Chromium Controller and the Single Cell 3â² Reagent Kit v3 (10x Genomics) according to the manufacturerâs instructions. Briefly, ~8,700 cells per sample were loaded onto a B Chip, aiming to capture 5,000 cells, with an expected 4.6% doublet rate. The Chromium Controller ran for droplet generation and reverse transcription was performed in the droplets.,80 ng of cDNA were used for the gene expression library preparation. Samples were prepared according to the 10X Genomicsâ protocol, except for an additional 1 x SPRISelect Beads (Beckman Coulter, Brea, CA) to ensure full removal of primer and adaptor dimers prior to the final elution for gene expression libraries. Libraries were quantitatively and qualitatively assessed using the Qubit 4 Fluorometer (ThermoFisher) and the Fragment Analyzer (Agilent) respectively. Gene expression libraries were 440bp in average length. Libraries were normalized, pooled and sequenced on an Illumina HiSeq 4000.
GSM6038248	GSE199378	other	Monocyte-derived M2c macrophages (D1) [AB-LIB]	Monocyte-derived macrophages	Single-cell transcriptomics libraries were generated via the Chromium Controller and the Single Cell 3â² Reagent Kit v3 (10x Genomics) according to the manufacturerâs instructions. Briefly, ~8,700 cells per sample were loaded onto a B Chip, aiming to capture 5,000 cells, with an expected 4.6% doublet rate. The Chromium Controller ran for droplet generation and reverse transcription was performed in the droplets.,80 ng of cDNA were used for the gene expression library preparation. Samples were prepared according to the 10X Genomicsâ protocol, except for an additional 1 x SPRISelect Beads (Beckman Coulter, Brea, CA) to ensure full removal of primer and adaptor dimers prior to the final elution for gene expression libraries. Libraries were quantitatively and qualitatively assessed using the Qubit 4 Fluorometer (ThermoFisher) and the Fragment Analyzer (Agilent) respectively. Gene expression libraries were 440bp in average length. Libraries were normalized, pooled and sequenced on an Illumina HiSeq 4000.
GSM6038250	GSE199378	other	Monocyte-derived M1 macrophages (D2) [AB-LIB]	Monocyte-derived macrophages	Single-cell transcriptomics libraries were generated via the Chromium Controller and the Single Cell 3â² Reagent Kit v3 (10x Genomics) according to the manufacturerâs instructions. Briefly, ~8,700 cells per sample were loaded onto a B Chip, aiming to capture 5,000 cells, with an expected 4.6% doublet rate. The Chromium Controller ran for droplet generation and reverse transcription was performed in the droplets.,80 ng of cDNA were used for the gene expression library preparation. Samples were prepared according to the 10X Genomicsâ protocol, except for an additional 1 x SPRISelect Beads (Beckman Coulter, Brea, CA) to ensure full removal of primer and adaptor dimers prior to the final elution for gene expression libraries. Libraries were quantitatively and qualitatively assessed using the Qubit 4 Fluorometer (ThermoFisher) and the Fragment Analyzer (Agilent) respectively. Gene expression libraries were 440bp in average length. Libraries were normalized, pooled and sequenced on an Illumina HiSeq 4000.
GSM6038252	GSE199378	other	Monocyte-derived M2a macrophages (D2) [AB-LIB]	Monocyte-derived macrophages	Single-cell transcriptomics libraries were generated via the Chromium Controller and the Single Cell 3â² Reagent Kit v3 (10x Genomics) according to the manufacturerâs instructions. Briefly, ~8,700 cells per sample were loaded onto a B Chip, aiming to capture 5,000 cells, with an expected 4.6% doublet rate. The Chromium Controller ran for droplet generation and reverse transcription was performed in the droplets.,80 ng of cDNA were used for the gene expression library preparation. Samples were prepared according to the 10X Genomicsâ protocol, except for an additional 1 x SPRISelect Beads (Beckman Coulter, Brea, CA) to ensure full removal of primer and adaptor dimers prior to the final elution for gene expression libraries. Libraries were quantitatively and qualitatively assessed using the Qubit 4 Fluorometer (ThermoFisher) and the Fragment Analyzer (Agilent) respectively. Gene expression libraries were 440bp in average length. Libraries were normalized, pooled and sequenced on an Illumina HiSeq 4000.
GSM6038254	GSE199378	other	Monocyte-derived M2c macrophages (D2) [AB-LIB]	Monocyte-derived macrophages	Single-cell transcriptomics libraries were generated via the Chromium Controller and the Single Cell 3â² Reagent Kit v3 (10x Genomics) according to the manufacturerâs instructions. Briefly, ~8,700 cells per sample were loaded onto a B Chip, aiming to capture 5,000 cells, with an expected 4.6% doublet rate. The Chromium Controller ran for droplet generation and reverse transcription was performed in the droplets.,80 ng of cDNA were used for the gene expression library preparation. Samples were prepared according to the 10X Genomicsâ protocol, except for an additional 1 x SPRISelect Beads (Beckman Coulter, Brea, CA) to ensure full removal of primer and adaptor dimers prior to the final elution for gene expression libraries. Libraries were quantitatively and qualitatively assessed using the Qubit 4 Fluorometer (ThermoFisher) and the Fragment Analyzer (Agilent) respectively. Gene expression libraries were 440bp in average length. Libraries were normalized, pooled and sequenced on an Illumina HiSeq 4000.
GSM6069856	GSE201704	other	Peripheral Blood, ADT	Peripheral Blood	Cells from pre- and post-treatment of one patient were loaded into the 10XChromium Controller using the Single Cell 5' Library and Gel BeadKit (10X Genomics). The Chromium Single Cell V(D)J protocol was used to profile  gene expression and T cell receptor.,scRNA-seq + TCR +cell surface proteins
GSM6215453	GSE205606	other	Patient_day0_day3_Healthy_cohort1, HTO-derived cDNA	PBMC	Sinlge cell droplets were generated by 10x Genomics Chromium Controller, and cDNAs with UMIs were generated at single-cell level.,The single cell libraries were prepared following the protocol outlined in the Chromium Single Cell 5' Reagent Kits v2 User Guide.
GSM6215457	GSE205607	other	Patient_day27_Healthy_cohort2_cohort3, HTO-derived cDNA	PBMC	Sinlge cell droplets were generated by 10x Genomics Chromium Controller, and cDNAs with UMIs were generated at single-cell level.,The single cell libraries were prepared following the protocol outlined in the Chromium Single Cell 5' Reagent Kits v2 User Guide.
GSM6241529	GSE206089	other	2020-42-set1_HTO_library	Blood	10x Genomics Chromium Single-Cell 5â protocol
GSM6241531	GSE206089	other	2020-42-set2_HTO_library	Blood	10x Genomics Chromium Single-Cell 5â protocol
GSM6267870	GSE207006	other	Pheripheral blood cells, healthy control, CITE- seq	peripheral blood	Peripheral white blood cells (pWBCs) were gathered as below. Blood samples were collected in heparin blood collection tubes, and red blodd cells were removed usinig Hetasep (STEMCELL Technologies).pWBCs were enriched by density gradient centrifugation at 90 x g for 4 minutes at room temperature.,pWBCs were labeled by TotalSeq-B Human TBNK Cocktail (BioLegend).Library was performed according to the manufacterâs instructions (Chromium Single Cell 3' Reagent Kits v3.1, 10x Genomics) for scRNA-seq and CITE-seq. Briefly, pWBC were resuspended in the master mix and loaded together with partitioning oil and gel beads into the chip to generate the gel bead-in-emulsion (GEM). The poly-A RNA from the cell lysate contained in every single GEM was retrotranscripted to cDNA, which contains an Ilumina R1 primer sequence, Unique Molecular Identifier (UMI) and the 10x Barcode. The pooled barcoded cDNA was then cleaned up with Silane DynaBeads, amplified by PCR and the apropiated sized fragments were selected with SPRI select reagent for subsequent library construction. During the library construction Ilumina R2 primer sequence, paired-end constructs with P5 and P7 sequences and a sample index were added.
GSM6267872	GSE207006	other	Pheripheral blood cells, patient with prostate cancer, CITE-RNA seq	peripheral blood	Peripheral white blood cells (pWBCs) were gathered as below. Blood samples were collected in heparin blood collection tubes, and red blodd cells were removed usinig Hetasep (STEMCELL Technologies).pWBCs were enriched by density gradient centrifugation at 90 x g for 4 minutes at room temperature.,pWBCs were labeled by TotalSeq-B Human TBNK Cocktail (BioLegend).Library was performed according to the manufacterâs instructions (Chromium Single Cell 3' Reagent Kits v3.1, 10x Genomics) for scRNA-seq and CITE-seq. Briefly, pWBC were resuspended in the master mix and loaded together with partitioning oil and gel beads into the chip to generate the gel bead-in-emulsion (GEM). The poly-A RNA from the cell lysate contained in every single GEM was retrotranscripted to cDNA, which contains an Ilumina R1 primer sequence, Unique Molecular Identifier (UMI) and the 10x Barcode. The pooled barcoded cDNA was then cleaned up with Silane DynaBeads, amplified by PCR and the apropiated sized fragments were selected with SPRI select reagent for subsequent library construction. During the library construction Ilumina R2 primer sequence, paired-end constructs with P5 and P7 sequences and a sample index were added.
GSM6337515	GSE208113	other	BS1014_PD1_48_ADT	Lung Tumour	10x Genomics protocol for 3â² gene expression profiling with feature barcoding (CG000206, Rev A),3' paired end scRNAseq with CITE-seq
GSM6337516	GSE208113	other	BS1014_PD1TIM3_48_ADT	Lung Tumour	10x Genomics protocol for 3â² gene expression profiling with feature barcoding (CG000206, Rev A),3' paired end scRNAseq with CITE-seq
GSM6337517	GSE208113	other	BS1014_PD1LAG3_48_ADT	Lung Tumour	10x Genomics protocol for 3â² gene expression profiling with feature barcoding (CG000206, Rev A),3' paired end scRNAseq with CITE-seq
GSM6337518	GSE208113	other	BS1014_DP47_48_ADT	Lung Tumour	10x Genomics protocol for 3â² gene expression profiling with feature barcoding (CG000206, Rev A),3' paired end scRNAseq with CITE-seq
GSM6337519	GSE208113	other	BS1014_PD1_96_ADT	Lung Tumour	10x Genomics protocol for 3â² gene expression profiling with feature barcoding (CG000206, Rev A),3' paired end scRNAseq with CITE-seq
GSM6337520	GSE208113	other	BS1014_PD1TIM3_96_ADT	Lung Tumour	10x Genomics protocol for 3â² gene expression profiling with feature barcoding (CG000206, Rev A),3' paired end scRNAseq with CITE-seq
GSM6337521	GSE208113	other	BS1014_PD1LAG3_96_ADT	Lung Tumour	10x Genomics protocol for 3â² gene expression profiling with feature barcoding (CG000206, Rev A),3' paired end scRNAseq with CITE-seq
GSM6337522	GSE208113	other	BS1014_DP47_96_ADT	Lung Tumour	10x Genomics protocol for 3â² gene expression profiling with feature barcoding (CG000206, Rev A),3' paired end scRNAseq with CITE-seq
GSM6337523	GSE208113	other	BS1030_PD1_48_ADT	Lung Tumour	10x Genomics protocol for 3â² gene expression profiling with feature barcoding (CG000206, Rev A),3' paired end scRNAseq with CITE-seq
GSM6337524	GSE208113	other	BS1030_PD1TIM3_48_ADT	Lung Tumour	10x Genomics protocol for 3â² gene expression profiling with feature barcoding (CG000206, Rev A),3' paired end scRNAseq with CITE-seq
GSM6337525	GSE208113	other	BS1030_PD1LAG3_48_ADT	Lung Tumour	10x Genomics protocol for 3â² gene expression profiling with feature barcoding (CG000206, Rev A),3' paired end scRNAseq with CITE-seq
GSM6337526	GSE208113	other	BS1030_DP47_48_ADT	Lung Tumour	10x Genomics protocol for 3â² gene expression profiling with feature barcoding (CG000206, Rev A),3' paired end scRNAseq with CITE-seq
GSM6337527	GSE208113	other	BS1030_PD1_96_ADT	Lung Tumour	10x Genomics protocol for 3â² gene expression profiling with feature barcoding (CG000206, Rev A),3' paired end scRNAseq with CITE-seq
GSM6337528	GSE208113	other	BS1030_PD1TIM3_96_ADT	Lung Tumour	10x Genomics protocol for 3â² gene expression profiling with feature barcoding (CG000206, Rev A),3' paired end scRNAseq with CITE-seq
GSM6337529	GSE208113	other	BS1030_PD1LAG3_96_ADT	Lung Tumour	10x Genomics protocol for 3â² gene expression profiling with feature barcoding (CG000206, Rev A),3' paired end scRNAseq with CITE-seq
GSM6337530	GSE208113	other	BS1030_DP47_96_ADT	Lung Tumour	10x Genomics protocol for 3â² gene expression profiling with feature barcoding (CG000206, Rev A),3' paired end scRNAseq with CITE-seq
GSM6337531	GSE208113	other	BS1036_PD1_48_ADT	Melanoma metastasis	10x Genomics protocol for 3â² gene expression profiling with feature barcoding (CG000206, Rev A),3' paired end scRNAseq with CITE-seq
GSM6337532	GSE208113	other	BS1036_PD1TIM3_48_ADT	Melanoma metastasis	10x Genomics protocol for 3â² gene expression profiling with feature barcoding (CG000206, Rev A),3' paired end scRNAseq with CITE-seq
GSM6337533	GSE208113	other	BS1036_PD1LAG3_48_ADT	Melanoma metastasis	10x Genomics protocol for 3â² gene expression profiling with feature barcoding (CG000206, Rev A),3' paired end scRNAseq with CITE-seq
GSM6337534	GSE208113	other	BS1036_DP47_48_ADT	Melanoma metastasis	10x Genomics protocol for 3â² gene expression profiling with feature barcoding (CG000206, Rev A),3' paired end scRNAseq with CITE-seq
GSM6337535	GSE208113	other	BS558_PD1_48_ADT	Ovarian tumour	10x Genomics protocol for 3â² gene expression profiling with feature barcoding (CG000206, Rev A),3' paired end scRNAseq with CITE-seq
GSM6337536	GSE208113	other	BS558_PD1LAG3_48_ADT	Ovarian tumour	10x Genomics protocol for 3â² gene expression profiling with feature barcoding (CG000206, Rev A),3' paired end scRNAseq with CITE-seq
GSM6337537	GSE208113	other	BS558_DP47_48_ADT	Ovarian tumour	10x Genomics protocol for 3â² gene expression profiling with feature barcoding (CG000206, Rev A),3' paired end scRNAseq with CITE-seq
GSM6337538	GSE208113	other	BS1036_PD1_96_ADT	Melanoma metastasis	10x Genomics protocol for 3â² gene expression profiling with feature barcoding (CG000206, Rev A),3' paired end scRNAseq with CITE-seq
GSM6337539	GSE208113	other	BS1036_PD1TIM3_96_ADT	Melanoma metastasis	10x Genomics protocol for 3â² gene expression profiling with feature barcoding (CG000206, Rev A),3' paired end scRNAseq with CITE-seq
GSM6337540	GSE208113	other	BS1036_PD1LAG3_96_ADT	Melanoma metastasis	10x Genomics protocol for 3â² gene expression profiling with feature barcoding (CG000206, Rev A),3' paired end scRNAseq with CITE-seq
GSM6337541	GSE208113	other	BS1036_DP47_96_ADT	Melanoma metastasis	10x Genomics protocol for 3â² gene expression profiling with feature barcoding (CG000206, Rev A),3' paired end scRNAseq with CITE-seq
GSM6337542	GSE208113	other	BS558_PD1_96_ADT	Ovarian tumour	10x Genomics protocol for 3â² gene expression profiling with feature barcoding (CG000206, Rev A),3' paired end scRNAseq with CITE-seq
GSM6337543	GSE208113	other	BS558_PD1TIM3_96_ADT	Ovarian tumour	10x Genomics protocol for 3â² gene expression profiling with feature barcoding (CG000206, Rev A),3' paired end scRNAseq with CITE-seq
GSM6337544	GSE208113	other	BS558_PD1LAG3_96_ADT	Ovarian tumour	10x Genomics protocol for 3â² gene expression profiling with feature barcoding (CG000206, Rev A),3' paired end scRNAseq with CITE-seq
GSM6337545	GSE208113	other	BS558_DP47_96_ADT	Ovarian tumour	10x Genomics protocol for 3â² gene expression profiling with feature barcoding (CG000206, Rev A),3' paired end scRNAseq with CITE-seq
GSM6383326	GSE209676	other	Patients COVID-19, HTO-derived cDNA	peripheral blood	Chromium Next GEM Chip G Single Cell Kit (10x Genomics) was used to extract RNA from single cells.,The single cell libraries were prepared following the protocol outlined in the Chromium Single Cell 5' Reagent Kits v2 User Guide.
GSM7851385	GSE210376	other	Multiplexing Capture of negative controls	WTC-11	hiPSC-CMs were dissociated with Accutase and snap-frozen for snRNAseq,3' CellPlex Kit was used to barcode cell pellets. Nuclei was extracted, washed and pooled at equal amount. Library was constructed according to the manufacturer's instruction for Chromium 3â v3.1 dual index kit.
GSM6467390	GSE211362	other	Pool 1, HTO derived cDNA	Brain tissue	Nuclei from fresh frozen tissues were isolated following the Nuclei Pure Prep nuclei isolation kit (Sigma-Aldrich, Catalog ID: NUC201) with some modifications. To summarize, ~10mg of tissue were washed with PBS to remove extraneous OCT the samples were frozen in. The tissue was homogenized with both wide and narrow pestles submerged in 2.5mL of the lysis buffer in a Dounce homogenizer. The lysate mixed with 4.5mL 1.8M sucrose cushion were gently layered on top of the 2.5mL of 1.8M sucrose cushion in Beckman ultracentrifuge tubes. Samples were centrifuged for 45 min at 13,000 RPM at 4Â°C in an ultracentrifuge. Samples were multiplexed with lipid-tagged oligonucleotides following the MULTI-seq protocol19. Nuclei were resuspended in 1% BSA PBS and filtered with 70um and 40um Flowmi filters.,Library was performed according to the manufacterâs instructions (single cell 3â protocol, 10x Genomics). Cellular mRNA and hashtag oligonucleotides were reverse-transcribed and indexed with a shared cellular barcode. Indexed cDNAs were then pooled and amplified by PCR according to the Chromium Single Cell 3â protocol (10x Genomics) and with specific primers amplifying the HTO-derived tags.
GSM6467392	GSE211362	other	Pool 2, HTO derived cDNA	Brain tissue	Nuclei from fresh frozen tissues were isolated following the Nuclei Pure Prep nuclei isolation kit (Sigma-Aldrich, Catalog ID: NUC201) with some modifications. To summarize, ~10mg of tissue were washed with PBS to remove extraneous OCT the samples were frozen in. The tissue was homogenized with both wide and narrow pestles submerged in 2.5mL of the lysis buffer in a Dounce homogenizer. The lysate mixed with 4.5mL 1.8M sucrose cushion were gently layered on top of the 2.5mL of 1.8M sucrose cushion in Beckman ultracentrifuge tubes. Samples were centrifuged for 45 min at 13,000 RPM at 4Â°C in an ultracentrifuge. Samples were multiplexed with lipid-tagged oligonucleotides following the MULTI-seq protocol19. Nuclei were resuspended in 1% BSA PBS and filtered with 70um and 40um Flowmi filters.,Library was performed according to the manufacterâs instructions (single cell 3â protocol, 10x Genomics). Cellular mRNA and hashtag oligonucleotides were reverse-transcribed and indexed with a shared cellular barcode. Indexed cDNAs were then pooled and amplified by PCR according to the Chromium Single Cell 3â protocol (10x Genomics) and with specific primers amplifying the HTO-derived tags.
GSM6467394	GSE211362	other	Pool 3, HTO derived cDNA	Brain tissue	Nuclei from fresh frozen tissues were isolated following the Nuclei Pure Prep nuclei isolation kit (Sigma-Aldrich, Catalog ID: NUC201) with some modifications. To summarize, ~10mg of tissue were washed with PBS to remove extraneous OCT the samples were frozen in. The tissue was homogenized with both wide and narrow pestles submerged in 2.5mL of the lysis buffer in a Dounce homogenizer. The lysate mixed with 4.5mL 1.8M sucrose cushion were gently layered on top of the 2.5mL of 1.8M sucrose cushion in Beckman ultracentrifuge tubes. Samples were centrifuged for 45 min at 13,000 RPM at 4Â°C in an ultracentrifuge. Samples were multiplexed with lipid-tagged oligonucleotides following the MULTI-seq protocol19. Nuclei were resuspended in 1% BSA PBS and filtered with 70um and 40um Flowmi filters.,Library was performed according to the manufacterâs instructions (single cell 3â protocol, 10x Genomics). Cellular mRNA and hashtag oligonucleotides were reverse-transcribed and indexed with a shared cellular barcode. Indexed cDNAs were then pooled and amplified by PCR according to the Chromium Single Cell 3â protocol (10x Genomics) and with specific primers amplifying the HTO-derived tags.
GSM6467396	GSE211362	other	Pool 4, HTO derived cDNA	Brain tissue	Nuclei from fresh frozen tissues were isolated following the Nuclei Pure Prep nuclei isolation kit (Sigma-Aldrich, Catalog ID: NUC201) with some modifications. To summarize, ~10mg of tissue were washed with PBS to remove extraneous OCT the samples were frozen in. The tissue was homogenized with both wide and narrow pestles submerged in 2.5mL of the lysis buffer in a Dounce homogenizer. The lysate mixed with 4.5mL 1.8M sucrose cushion were gently layered on top of the 2.5mL of 1.8M sucrose cushion in Beckman ultracentrifuge tubes. Samples were centrifuged for 45 min at 13,000 RPM at 4Â°C in an ultracentrifuge. Samples were multiplexed with lipid-tagged oligonucleotides following the MULTI-seq protocol19. Nuclei were resuspended in 1% BSA PBS and filtered with 70um and 40um Flowmi filters.,Library was performed according to the manufacterâs instructions (single cell 3â protocol, 10x Genomics). Cellular mRNA and hashtag oligonucleotides were reverse-transcribed and indexed with a shared cellular barcode. Indexed cDNAs were then pooled and amplified by PCR according to the Chromium Single Cell 3â protocol (10x Genomics) and with specific primers amplifying the HTO-derived tags.
GSM6467398	GSE211362	other	Pool 5, HTO derived cDNA	Brain tissue	Nuclei from fresh frozen tissues were isolated following the Nuclei Pure Prep nuclei isolation kit (Sigma-Aldrich, Catalog ID: NUC201) with some modifications. To summarize, ~10mg of tissue were washed with PBS to remove extraneous OCT the samples were frozen in. The tissue was homogenized with both wide and narrow pestles submerged in 2.5mL of the lysis buffer in a Dounce homogenizer. The lysate mixed with 4.5mL 1.8M sucrose cushion were gently layered on top of the 2.5mL of 1.8M sucrose cushion in Beckman ultracentrifuge tubes. Samples were centrifuged for 45 min at 13,000 RPM at 4Â°C in an ultracentrifuge. Samples were multiplexed with lipid-tagged oligonucleotides following the MULTI-seq protocol19. Nuclei were resuspended in 1% BSA PBS and filtered with 70um and 40um Flowmi filters.,Library was performed according to the manufacterâs instructions (single cell 3â protocol, 10x Genomics). Cellular mRNA and hashtag oligonucleotides were reverse-transcribed and indexed with a shared cellular barcode. Indexed cDNAs were then pooled and amplified by PCR according to the Chromium Single Cell 3â protocol (10x Genomics) and with specific primers amplifying the HTO-derived tags.
GSM6467400	GSE211362	other	Pool 6, HTO derived cDNA	Brain tissue	Nuclei from fresh frozen tissues were isolated following the Nuclei Pure Prep nuclei isolation kit (Sigma-Aldrich, Catalog ID: NUC201) with some modifications. To summarize, ~10mg of tissue were washed with PBS to remove extraneous OCT the samples were frozen in. The tissue was homogenized with both wide and narrow pestles submerged in 2.5mL of the lysis buffer in a Dounce homogenizer. The lysate mixed with 4.5mL 1.8M sucrose cushion were gently layered on top of the 2.5mL of 1.8M sucrose cushion in Beckman ultracentrifuge tubes. Samples were centrifuged for 45 min at 13,000 RPM at 4Â°C in an ultracentrifuge. Samples were multiplexed with lipid-tagged oligonucleotides following the MULTI-seq protocol19. Nuclei were resuspended in 1% BSA PBS and filtered with 70um and 40um Flowmi filters.,Library was performed according to the manufacterâs instructions (single cell 3â protocol, 10x Genomics). Cellular mRNA and hashtag oligonucleotides were reverse-transcribed and indexed with a shared cellular barcode. Indexed cDNAs were then pooled and amplified by PCR according to the Chromium Single Cell 3â protocol (10x Genomics) and with specific primers amplifying the HTO-derived tags.
GSM6467402	GSE211362	other	Pool 9, HTO derived cDNA	Brain tissue	Nuclei from fresh frozen tissues were isolated following the Nuclei Pure Prep nuclei isolation kit (Sigma-Aldrich, Catalog ID: NUC201) with some modifications. To summarize, ~10mg of tissue were washed with PBS to remove extraneous OCT the samples were frozen in. The tissue was homogenized with both wide and narrow pestles submerged in 2.5mL of the lysis buffer in a Dounce homogenizer. The lysate mixed with 4.5mL 1.8M sucrose cushion were gently layered on top of the 2.5mL of 1.8M sucrose cushion in Beckman ultracentrifuge tubes. Samples were centrifuged for 45 min at 13,000 RPM at 4Â°C in an ultracentrifuge. Samples were multiplexed with lipid-tagged oligonucleotides following the MULTI-seq protocol19. Nuclei were resuspended in 1% BSA PBS and filtered with 70um and 40um Flowmi filters.,Library was performed according to the manufacterâs instructions (single cell 3â protocol, 10x Genomics). Cellular mRNA and hashtag oligonucleotides were reverse-transcribed and indexed with a shared cellular barcode. Indexed cDNAs were then pooled and amplified by PCR according to the Chromium Single Cell 3â protocol (10x Genomics) and with specific primers amplifying the HTO-derived tags.
GSM6467404	GSE211362	other	Pool 10, HTO derived cDNA	Brain tissue	Nuclei from fresh frozen tissues were isolated following the Nuclei Pure Prep nuclei isolation kit (Sigma-Aldrich, Catalog ID: NUC201) with some modifications. To summarize, ~10mg of tissue were washed with PBS to remove extraneous OCT the samples were frozen in. The tissue was homogenized with both wide and narrow pestles submerged in 2.5mL of the lysis buffer in a Dounce homogenizer. The lysate mixed with 4.5mL 1.8M sucrose cushion were gently layered on top of the 2.5mL of 1.8M sucrose cushion in Beckman ultracentrifuge tubes. Samples were centrifuged for 45 min at 13,000 RPM at 4Â°C in an ultracentrifuge. Samples were multiplexed with lipid-tagged oligonucleotides following the MULTI-seq protocol19. Nuclei were resuspended in 1% BSA PBS and filtered with 70um and 40um Flowmi filters.,Library was performed according to the manufacterâs instructions (single cell 3â protocol, 10x Genomics). Cellular mRNA and hashtag oligonucleotides were reverse-transcribed and indexed with a shared cellular barcode. Indexed cDNAs were then pooled and amplified by PCR according to the Chromium Single Cell 3â protocol (10x Genomics) and with specific primers amplifying the HTO-derived tags.
GSM6467406	GSE211362	other	Pool 11, HTO derived cDNA	Brain tissue	Nuclei from fresh frozen tissues were isolated following the Nuclei Pure Prep nuclei isolation kit (Sigma-Aldrich, Catalog ID: NUC201) with some modifications. To summarize, ~10mg of tissue were washed with PBS to remove extraneous OCT the samples were frozen in. The tissue was homogenized with both wide and narrow pestles submerged in 2.5mL of the lysis buffer in a Dounce homogenizer. The lysate mixed with 4.5mL 1.8M sucrose cushion were gently layered on top of the 2.5mL of 1.8M sucrose cushion in Beckman ultracentrifuge tubes. Samples were centrifuged for 45 min at 13,000 RPM at 4Â°C in an ultracentrifuge. Samples were multiplexed with lipid-tagged oligonucleotides following the MULTI-seq protocol19. Nuclei were resuspended in 1% BSA PBS and filtered with 70um and 40um Flowmi filters.,Library was performed according to the manufacterâs instructions (single cell 3â protocol, 10x Genomics). Cellular mRNA and hashtag oligonucleotides were reverse-transcribed and indexed with a shared cellular barcode. Indexed cDNAs were then pooled and amplified by PCR according to the Chromium Single Cell 3â protocol (10x Genomics) and with specific primers amplifying the HTO-derived tags.
GSM6467408	GSE211362	other	Pool 12, HTO derived cDNA	Brain tissue	Nuclei from fresh frozen tissues were isolated following the Nuclei Pure Prep nuclei isolation kit (Sigma-Aldrich, Catalog ID: NUC201) with some modifications. To summarize, ~10mg of tissue were washed with PBS to remove extraneous OCT the samples were frozen in. The tissue was homogenized with both wide and narrow pestles submerged in 2.5mL of the lysis buffer in a Dounce homogenizer. The lysate mixed with 4.5mL 1.8M sucrose cushion were gently layered on top of the 2.5mL of 1.8M sucrose cushion in Beckman ultracentrifuge tubes. Samples were centrifuged for 45 min at 13,000 RPM at 4Â°C in an ultracentrifuge. Samples were multiplexed with lipid-tagged oligonucleotides following the MULTI-seq protocol19. Nuclei were resuspended in 1% BSA PBS and filtered with 70um and 40um Flowmi filters.,Library was performed according to the manufacterâs instructions (single cell 3â protocol, 10x Genomics). Cellular mRNA and hashtag oligonucleotides were reverse-transcribed and indexed with a shared cellular barcode. Indexed cDNAs were then pooled and amplified by PCR according to the Chromium Single Cell 3â protocol (10x Genomics) and with specific primers amplifying the HTO-derived tags.
GSM6467410	GSE211362	other	Pool 13, HTO derived cDNA	Brain tissue	Nuclei from fresh frozen tissues were isolated following the Nuclei Pure Prep nuclei isolation kit (Sigma-Aldrich, Catalog ID: NUC201) with some modifications. To summarize, ~10mg of tissue were washed with PBS to remove extraneous OCT the samples were frozen in. The tissue was homogenized with both wide and narrow pestles submerged in 2.5mL of the lysis buffer in a Dounce homogenizer. The lysate mixed with 4.5mL 1.8M sucrose cushion were gently layered on top of the 2.5mL of 1.8M sucrose cushion in Beckman ultracentrifuge tubes. Samples were centrifuged for 45 min at 13,000 RPM at 4Â°C in an ultracentrifuge. Samples were multiplexed with lipid-tagged oligonucleotides following the MULTI-seq protocol19. Nuclei were resuspended in 1% BSA PBS and filtered with 70um and 40um Flowmi filters.,Library was performed according to the manufacterâs instructions (single cell 3â protocol, 10x Genomics). Cellular mRNA and hashtag oligonucleotides were reverse-transcribed and indexed with a shared cellular barcode. Indexed cDNAs were then pooled and amplified by PCR according to the Chromium Single Cell 3â protocol (10x Genomics) and with specific primers amplifying the HTO-derived tags.
GSM6467412	GSE211362	other	Pool 15, HTO derived cDNA	Brain tissue	Nuclei from fresh frozen tissues were isolated following the Nuclei Pure Prep nuclei isolation kit (Sigma-Aldrich, Catalog ID: NUC201) with some modifications. To summarize, ~10mg of tissue were washed with PBS to remove extraneous OCT the samples were frozen in. The tissue was homogenized with both wide and narrow pestles submerged in 2.5mL of the lysis buffer in a Dounce homogenizer. The lysate mixed with 4.5mL 1.8M sucrose cushion were gently layered on top of the 2.5mL of 1.8M sucrose cushion in Beckman ultracentrifuge tubes. Samples were centrifuged for 45 min at 13,000 RPM at 4Â°C in an ultracentrifuge. Samples were multiplexed with lipid-tagged oligonucleotides following the MULTI-seq protocol19. Nuclei were resuspended in 1% BSA PBS and filtered with 70um and 40um Flowmi filters.,Library was performed according to the manufacterâs instructions (single cell 3â protocol, 10x Genomics). Cellular mRNA and hashtag oligonucleotides were reverse-transcribed and indexed with a shared cellular barcode. Indexed cDNAs were then pooled and amplified by PCR according to the Chromium Single Cell 3â protocol (10x Genomics) and with specific primers amplifying the HTO-derived tags.
GSM6467414	GSE211362	other	Pool 18, HTO derived cDNA	Brain tissue	Nuclei from fresh frozen tissues were isolated following the Nuclei Pure Prep nuclei isolation kit (Sigma-Aldrich, Catalog ID: NUC201) with some modifications. To summarize, ~10mg of tissue were washed with PBS to remove extraneous OCT the samples were frozen in. The tissue was homogenized with both wide and narrow pestles submerged in 2.5mL of the lysis buffer in a Dounce homogenizer. The lysate mixed with 4.5mL 1.8M sucrose cushion were gently layered on top of the 2.5mL of 1.8M sucrose cushion in Beckman ultracentrifuge tubes. Samples were centrifuged for 45 min at 13,000 RPM at 4Â°C in an ultracentrifuge. Samples were multiplexed with lipid-tagged oligonucleotides following the MULTI-seq protocol19. Nuclei were resuspended in 1% BSA PBS and filtered with 70um and 40um Flowmi filters.,Library was performed according to the manufacterâs instructions (single cell 3â protocol, 10x Genomics). Cellular mRNA and hashtag oligonucleotides were reverse-transcribed and indexed with a shared cellular barcode. Indexed cDNAs were then pooled and amplified by PCR according to the Chromium Single Cell 3â protocol (10x Genomics) and with specific primers amplifying the HTO-derived tags.
GSM6467416	GSE211362	other	Pool 19, HTO derived cDNA	Brain tissue	Nuclei from fresh frozen tissues were isolated following the Nuclei Pure Prep nuclei isolation kit (Sigma-Aldrich, Catalog ID: NUC201) with some modifications. To summarize, ~10mg of tissue were washed with PBS to remove extraneous OCT the samples were frozen in. The tissue was homogenized with both wide and narrow pestles submerged in 2.5mL of the lysis buffer in a Dounce homogenizer. The lysate mixed with 4.5mL 1.8M sucrose cushion were gently layered on top of the 2.5mL of 1.8M sucrose cushion in Beckman ultracentrifuge tubes. Samples were centrifuged for 45 min at 13,000 RPM at 4Â°C in an ultracentrifuge. Samples were multiplexed with lipid-tagged oligonucleotides following the MULTI-seq protocol19. Nuclei were resuspended in 1% BSA PBS and filtered with 70um and 40um Flowmi filters.,Library was performed according to the manufacterâs instructions (single cell 3â protocol, 10x Genomics). Cellular mRNA and hashtag oligonucleotides were reverse-transcribed and indexed with a shared cellular barcode. Indexed cDNAs were then pooled and amplified by PCR according to the Chromium Single Cell 3â protocol (10x Genomics) and with specific primers amplifying the HTO-derived tags.
GSM6467418	GSE211362	other	Pool 20, HTO derived cDNA	Brain tissue	Nuclei from fresh frozen tissues were isolated following the Nuclei Pure Prep nuclei isolation kit (Sigma-Aldrich, Catalog ID: NUC201) with some modifications. To summarize, ~10mg of tissue were washed with PBS to remove extraneous OCT the samples were frozen in. The tissue was homogenized with both wide and narrow pestles submerged in 2.5mL of the lysis buffer in a Dounce homogenizer. The lysate mixed with 4.5mL 1.8M sucrose cushion were gently layered on top of the 2.5mL of 1.8M sucrose cushion in Beckman ultracentrifuge tubes. Samples were centrifuged for 45 min at 13,000 RPM at 4Â°C in an ultracentrifuge. Samples were multiplexed with lipid-tagged oligonucleotides following the MULTI-seq protocol19. Nuclei were resuspended in 1% BSA PBS and filtered with 70um and 40um Flowmi filters.,Library was performed according to the manufacterâs instructions (single cell 3â protocol, 10x Genomics). Cellular mRNA and hashtag oligonucleotides were reverse-transcribed and indexed with a shared cellular barcode. Indexed cDNAs were then pooled and amplified by PCR according to the Chromium Single Cell 3â protocol (10x Genomics) and with specific primers amplifying the HTO-derived tags.
GSM6467420	GSE211362	other	Pool 21, HTO derived cDNA	Brain tissue	Nuclei from fresh frozen tissues were isolated following the Nuclei Pure Prep nuclei isolation kit (Sigma-Aldrich, Catalog ID: NUC201) with some modifications. To summarize, ~10mg of tissue were washed with PBS to remove extraneous OCT the samples were frozen in. The tissue was homogenized with both wide and narrow pestles submerged in 2.5mL of the lysis buffer in a Dounce homogenizer. The lysate mixed with 4.5mL 1.8M sucrose cushion were gently layered on top of the 2.5mL of 1.8M sucrose cushion in Beckman ultracentrifuge tubes. Samples were centrifuged for 45 min at 13,000 RPM at 4Â°C in an ultracentrifuge. Samples were multiplexed with lipid-tagged oligonucleotides following the MULTI-seq protocol19. Nuclei were resuspended in 1% BSA PBS and filtered with 70um and 40um Flowmi filters.,Library was performed according to the manufacterâs instructions (single cell 3â protocol, 10x Genomics). Cellular mRNA and hashtag oligonucleotides were reverse-transcribed and indexed with a shared cellular barcode. Indexed cDNAs were then pooled and amplified by PCR according to the Chromium Single Cell 3â protocol (10x Genomics) and with specific primers amplifying the HTO-derived tags.
GSM6467422	GSE211362	other	Pool 22, HTO derived cDNA	Brain tissue	Nuclei from fresh frozen tissues were isolated following the Nuclei Pure Prep nuclei isolation kit (Sigma-Aldrich, Catalog ID: NUC201) with some modifications. To summarize, ~10mg of tissue were washed with PBS to remove extraneous OCT the samples were frozen in. The tissue was homogenized with both wide and narrow pestles submerged in 2.5mL of the lysis buffer in a Dounce homogenizer. The lysate mixed with 4.5mL 1.8M sucrose cushion were gently layered on top of the 2.5mL of 1.8M sucrose cushion in Beckman ultracentrifuge tubes. Samples were centrifuged for 45 min at 13,000 RPM at 4Â°C in an ultracentrifuge. Samples were multiplexed with lipid-tagged oligonucleotides following the MULTI-seq protocol19. Nuclei were resuspended in 1% BSA PBS and filtered with 70um and 40um Flowmi filters.,Library was performed according to the manufacterâs instructions (single cell 3â protocol, 10x Genomics). Cellular mRNA and hashtag oligonucleotides were reverse-transcribed and indexed with a shared cellular barcode. Indexed cDNAs were then pooled and amplified by PCR according to the Chromium Single Cell 3â protocol (10x Genomics) and with specific primers amplifying the HTO-derived tags.
GSM6477011	GSE211562	other	Pooled LMO library for 8 lung organoids_1	lung	For the single-cell RNA sequencing experiments each organoid was generated from 4 different donors. After organoid dissociation into single-cell suspension using TrypLE express (ThermoFisher Scientific Cat#12604012), cells were counted, and pooled together (78,000 total cells).,Pooled cells were then loaded evenly across two lanes in the Chromium Controller for generating single-cell contained in lipid droplets following the manufacturerâs instructions (10X Genomics). A Chromium Single cell 3â Reagent Kit (v3.1) (10X Genomics) was used for reverse transcription, cDNA amplification and library construction of the gene expression libraries following the manufacturerâs instructions. All samples were encapsulated, and cDNA was generated within 6 hours after organoid processing. MULTISeq barcode libraries were generated using the protocol describedin Mcginnis et.al, Nature Methods (2019). Finally, Pooled libraries were sequenced on an Illumina NovaSeq 6000.,roose-1/2_GEX: 10X 3' Gene Expression; roose-1/2_MSQ: MULTI-Seq tagging of Single Cells using Lipid Barcodes
GSM6477013	GSE211562	other	Pooled LMO library for 8 lung organoids_2	lung	For the single-cell RNA sequencing experiments each organoid was generated from 4 different donors. After organoid dissociation into single-cell suspension using TrypLE express (ThermoFisher Scientific Cat#12604012), cells were counted, and pooled together (78,000 total cells).,Pooled cells were then loaded evenly across two lanes in the Chromium Controller for generating single-cell contained in lipid droplets following the manufacturerâs instructions (10X Genomics). A Chromium Single cell 3â Reagent Kit (v3.1) (10X Genomics) was used for reverse transcription, cDNA amplification and library construction of the gene expression libraries following the manufacturerâs instructions. All samples were encapsulated, and cDNA was generated within 6 hours after organoid processing. MULTISeq barcode libraries were generated using the protocol describedin Mcginnis et.al, Nature Methods (2019). Finally, Pooled libraries were sequenced on an Illumina NovaSeq 6000.,roose-1/2_GEX: 10X 3' Gene Expression; roose-1/2_MSQ: MULTI-Seq tagging of Single Cells using Lipid Barcodes
GSM6507611	GSE212038	other	UPN23/29 SC_m, scRNAseq [HTO_R306-309]	peripheral blood	Human Peripheral Blood Mononuclear Cells (PBMCs) used in this study are obtained after consent from AML patients. PBMCs were isolated from peripheral blood after centrifugation to separate them from plasma and other peripheral blood components using ficoll-Hystopaque density gradient centrifugation. After the separation of PBMCs from whole blood, the cells were preserved using Cryopreservation that consists of freezing the cells at -80Â°C or in liquid nitrogen at -195.79Â°C for a long period. For this purpose, PBMCs were stored in a freezing medium (90% FBS and 10% DMSO). Cryopreserved cells in liquid nitrogen were thawed at 37Â°C. Cells were rinsed with RPMI 1640 medium to remove the DMSO-containing freezing medium. To enrich the samples with live cells, dead cells were removed using the Dead Cell Removal Kit. Before starting cell labeling, a 50-Î¼L aliquot containing 1,000,000 cells suspended in a Cell Staining Buffer (CSB) with >95% viability was prepared for each sample. The antibodies used for labeling were TotalSeq -A0251(HTO1) and -A0252 (HTO2) antibody-oligo (Biolegend). Next, we proceeded to the labeling step. For this, 1Î¼g HTO is added to each cell suspension. The two labeled samples are then incubated for 30 minutes at 4Â°C. The cells then undergo 3 successive washes with 3.5 mL of CSB and centrifugation at 400 g for 5 minutes at 5Â°C. Finally, the cells are resuspended at a concentration of 1.106 cells/mL in PBS.,Library was performed according to the manufacterâs instructions (single cell 3â v2 protocol, 10x Genomics). Briefly, PBMCs labeled with/without HTOs were resuspended in the master mix and loaded together with partitioning oil and gel beads into the chip to generate the gel bead-in-emulsion (GEM). The poly-A RNA from the cell lysate contained in every single GEM was retrotranscripted to cDNA, which contains an Ilumina R1 primer sequence, Unique Molecular Identifier (UMI) and the 10x Barcode. The pooled barcoded cDNA was then cleaned up with Silane DynaBeads, amplified by PCR and the apropiated sized fragments were selected with SPRIselect reagent for subsequent library construction. During the library construction Ilumina R2 primer sequence, paired-end constructs with P5 and P7 sequences and a sample index were added.
GSM6537937	GSE212582	other	Retinal organoids, DD230, RUN2, HTO	Retinal organoid	Retinal organoids were dissociated using an adapted protocol from the Papain Dissociation kit (Worthington, I-LK 03150). In short, single retinal organoids were selected and cut into small pieces to remove excess RPE or non-neural tissue as much as possible, and placed on a 48 well plate with 500Âµl dissociation solution (20 units/ml papain and 0.005% DNase). These were incubated for 30 minutes on a shaker in the incubator, then the organoids were triturated using a 1mL pipettor to dissociate the tissue. The plate was placed back for 15-20 minutes on the shaker in the incubator, then again triturated, this was repeated until a single cell suspension was obtained. 500Âµl albumin ovomucoid protease inhibitor solution was added to the single cell suspension, centrifuged at 300x g for 5min. Supernatant was removed, pellet resuspend in PBS and filtered through 40um cell strainer (Pluristrainer; SKU 43-10040-50). Filtered single cell suspension was centrifuged at 300x g for 5min at 4ËC and resuspend in 100Âµl staining buffer (2%BSA/0.01%Tween, PBS) with 10Âµl Fc Blocking reagent (FcX, BioLegend) for 10 minutes on ice. 0.5Âµg of unique Cell Hashing antibodies were added and incubated for 20 minutes on ice. Stained cells were washed 3 times with 1mL staining buffer; spin at 4 ËC for 5 minutes at 350g. Stained single cell suspensions were counted for cell concentration and cell viability (TC20, Bio-rad). Typically, all single cell suspensions had a 70% or higher cell viability. Stained cells were pooled and re-count until desired concentration for single cell sequencing (cell viability at least 80%). Every sequencing round contained 14 hashed retinal organoid samples, the goal was to capture a total of approximately 30.000 cells per pool.,Library was performed according to the manufacterâs instructions (single cell 3â v3 protocol, 10x Genomics)
GSM6537941	GSE212582	other	Retinal organoids, DD230, RUN4, HTO	Retinal organoid	Retinal organoids were dissociated using an adapted protocol from the Papain Dissociation kit (Worthington, I-LK 03150). In short, single retinal organoids were selected and cut into small pieces to remove excess RPE or non-neural tissue as much as possible, and placed on a 48 well plate with 500Âµl dissociation solution (20 units/ml papain and 0.005% DNase). These were incubated for 30 minutes on a shaker in the incubator, then the organoids were triturated using a 1mL pipettor to dissociate the tissue. The plate was placed back for 15-20 minutes on the shaker in the incubator, then again triturated, this was repeated until a single cell suspension was obtained. 500Âµl albumin ovomucoid protease inhibitor solution was added to the single cell suspension, centrifuged at 300x g for 5min. Supernatant was removed, pellet resuspend in PBS and filtered through 40um cell strainer (Pluristrainer; SKU 43-10040-50). Filtered single cell suspension was centrifuged at 300x g for 5min at 4ËC and resuspend in 100Âµl staining buffer (2%BSA/0.01%Tween, PBS) with 10Âµl Fc Blocking reagent (FcX, BioLegend) for 10 minutes on ice. 0.5Âµg of unique Cell Hashing antibodies were added and incubated for 20 minutes on ice. Stained cells were washed 3 times with 1mL staining buffer; spin at 4 ËC for 5 minutes at 350g. Stained single cell suspensions were counted for cell concentration and cell viability (TC20, Bio-rad). Typically, all single cell suspensions had a 70% or higher cell viability. Stained cells were pooled and re-count until desired concentration for single cell sequencing (cell viability at least 80%). Every sequencing round contained 14 hashed retinal organoid samples, the goal was to capture a total of approximately 30.000 cells per pool.,Library was performed according to the manufacterâs instructions (single cell 3â v3 protocol, 10x Genomics)
GSM6568253	GSE212996,GSE212998	other	Tcell_pre_expansion_GFP-positive_GEM-well1_CITE	Peripheral blood	Primary T cells isolated directly from patient blood samples or peptide stimulated donor PBMC were stained with a mixture of pMHC displayed ENTER viruses. After 2 hr, cells were also stained with barcoded antibodies CD45RA, CD45RO, and IL7R (Biolegend totalseq-C, cat# 304163, cat# 304259, cat# 351356), live dead dye, CD3-APC and CD8-BV711 for 20 min on ice. Sample from each donor is also stained with unique hash-tag barcoded antibody (Biolegend totalseq-C, cat# 394661, cat# 394663). After two washes, CD8+ CD3+ GFP+ cells were sorted to load on two GEM wells of 10x genomics platform and CD8+ CD3+ GFP- cells were loaded on one GEM well, all using 5â RNA and VDJ kits according to manufacturerâs protocol,Library was prepared using Chromium Single Cell 5Ê¹ RNA and VDJ kit (10x Genomics).
GSM6568254	GSE212996,GSE212998	other	Tcell_pre_expansion_GFP-positive_GEM-well2_CITE	Peripheral blood	Primary T cells isolated directly from patient blood samples or peptide stimulated donor PBMC were stained with a mixture of pMHC displayed ENTER viruses. After 2 hr, cells were also stained with barcoded antibodies CD45RA, CD45RO, and IL7R (Biolegend totalseq-C, cat# 304163, cat# 304259, cat# 351356), live dead dye, CD3-APC and CD8-BV711 for 20 min on ice. Sample from each donor is also stained with unique hash-tag barcoded antibody (Biolegend totalseq-C, cat# 394661, cat# 394663). After two washes, CD8+ CD3+ GFP+ cells were sorted to load on two GEM wells of 10x genomics platform and CD8+ CD3+ GFP- cells were loaded on one GEM well, all using 5â RNA and VDJ kits according to manufacturerâs protocol,Library was prepared using Chromium Single Cell 5Ê¹ RNA and VDJ kit (10x Genomics).
GSM6568255	GSE212996,GSE212998	other	Tcell_pre_expansion_GFP-negative_CITE	Peripheral blood	Primary T cells isolated directly from patient blood samples or peptide stimulated donor PBMC were stained with a mixture of pMHC displayed ENTER viruses. After 2 hr, cells were also stained with barcoded antibodies CD45RA, CD45RO, and IL7R (Biolegend totalseq-C, cat# 304163, cat# 304259, cat# 351356), live dead dye, CD3-APC and CD8-BV711 for 20 min on ice. Sample from each donor is also stained with unique hash-tag barcoded antibody (Biolegend totalseq-C, cat# 394661, cat# 394663). After two washes, CD8+ CD3+ GFP+ cells were sorted to load on two GEM wells of 10x genomics platform and CD8+ CD3+ GFP- cells were loaded on one GEM well, all using 5â RNA and VDJ kits according to manufacturerâs protocol,Library was prepared using Chromium Single Cell 5Ê¹ RNA and VDJ kit (10x Genomics).
GSM6568265	GSE212996,GSE212998	other	Tcell_d10_post_expansion_GFP-positive_GEM-well1_CITE	Peripheral blood	Primary T cells isolated directly from patient blood samples or peptide stimulated donor PBMC were stained with a mixture of pMHC displayed ENTER viruses. After 2 hr, cells were also stained with barcoded antibodies CD45RA, CD45RO, and IL7R (Biolegend totalseq-C, cat# 304163, cat# 304259, cat# 351356), live dead dye, CD3-APC and CD8-BV711 for 20 min on ice. Sample from each donor is also stained with unique hash-tag barcoded antibody (Biolegend totalseq-C, cat# 394661, cat# 394663). After two washes, CD8+ CD3+ GFP+ cells were sorted to load on two GEM wells of 10x genomics platform and CD8+ CD3+ GFP- cells were loaded on one GEM well, all using 5â RNA and VDJ kits according to manufacturerâs protocol,Library was prepared using Chromium Single Cell 5Ê¹ RNA and VDJ kit (10x Genomics).
GSM6568266	GSE212996,GSE212998	other	Tcell_d10_post_expansion_GFP-positive_GEM-well2_CITE	Peripheral blood	Primary T cells isolated directly from patient blood samples or peptide stimulated donor PBMC were stained with a mixture of pMHC displayed ENTER viruses. After 2 hr, cells were also stained with barcoded antibodies CD45RA, CD45RO, and IL7R (Biolegend totalseq-C, cat# 304163, cat# 304259, cat# 351356), live dead dye, CD3-APC and CD8-BV711 for 20 min on ice. Sample from each donor is also stained with unique hash-tag barcoded antibody (Biolegend totalseq-C, cat# 394661, cat# 394663). After two washes, CD8+ CD3+ GFP+ cells were sorted to load on two GEM wells of 10x genomics platform and CD8+ CD3+ GFP- cells were loaded on one GEM well, all using 5â RNA and VDJ kits according to manufacturerâs protocol,Library was prepared using Chromium Single Cell 5Ê¹ RNA and VDJ kit (10x Genomics).
GSM6568267	GSE212996,GSE212998	other	Tcell_d10_post_expansion_GFP-negative_CITE	Peripheral blood	Primary T cells isolated directly from patient blood samples or peptide stimulated donor PBMC were stained with a mixture of pMHC displayed ENTER viruses. After 2 hr, cells were also stained with barcoded antibodies CD45RA, CD45RO, and IL7R (Biolegend totalseq-C, cat# 304163, cat# 304259, cat# 351356), live dead dye, CD3-APC and CD8-BV711 for 20 min on ice. Sample from each donor is also stained with unique hash-tag barcoded antibody (Biolegend totalseq-C, cat# 394661, cat# 394663). After two washes, CD8+ CD3+ GFP+ cells were sorted to load on two GEM wells of 10x genomics platform and CD8+ CD3+ GFP- cells were loaded on one GEM well, all using 5â RNA and VDJ kits according to manufacturerâs protocol,Library was prepared using Chromium Single Cell 5Ê¹ RNA and VDJ kit (10x Genomics).
GSM6578071	GSE213264	other	Human_tonsil_protein	tonsil	Nextera XT DNA library Preparation Kit.
GSM6578072	GSE213264	other	Human_spleen_protein	spleen	Nextera XT DNA library Preparation Kit.
GSM6578073	GSE213264	other	Human_thymus_protein	thymus	Nextera XT DNA library Preparation Kit.
GSM6578074	GSE213264	other	Human_skin_protein	skin	Nextera XT DNA library Preparation Kit.
GSM6578075	GSE213264	other	Human_GBM_protein	brain	Nextera XT DNA library Preparation Kit.
GSM6630384	GSE215253	other	Differentiated HSPCs, 4 arrayed lentiviruses, rep 2,  barcoded antibody (ADT)	Hematopoietic system	Following final FACS enrichment to remove debris and purify transduced cells, 5-mL PBS-BSA coated tubes described above were spun down at 400 x g for 5 minutes at 4ÂºC. The entire supernatant was carefully removed and 1mL of PBS+0.05% BSA was added. Cells were then counted twice using an automated Countess 2 cell counter (Thermo Fisher, I-CACC2). Cell viability as determined by Trypan Blue was always >95%. Cells were again washed with 5mL PBS+0.05% BSA and resuspended at a final concentration of 1,000 cells / ÂµL and kept on ice.,Single-cells were immediately processed using v3.1 Chemistry Dual Index kits according to manufacturerâs instructions (10X Genomics), using 20ÂµL of cell suspension and 23.2 ÂµL of water on the cell suspension loading step. Libraries were sequenced using a 28 base pair (Read 1), 10 base pair (Index 1), 10 base pair (Index 2), 90 base pair (Read 2) configuration on Nextseq 500, Nextseq 2000 or Novaseq S2/S4 instruments.
GSM6637478	GSE215451	other	Healthy control, patient with ARPC5 deficiency; STO-derived cDNA	PBMC	Peripheral blood mononuclear cells (PBMCs) were labeled with sample tags (BD Human Single Cell Multiplexing Kit) and AbSeq antibodies (CD1c, CD3, CD4, CD5, CD8, CD11c, CD14, CD16, CD18, CD19, CD20, CD21, CD23, CD24, CD25, CD27, CD28, CD31, CD38, CD40, CD44, CD45RA, CD45RO, CD56, CD62L, CD123, CD127, CD134, CD137, CD161, CD183, CD185, CD186, CD196, CD197, CD272, CD278, CD279, CD303, CD314, CD337, CD357, CD366, HLA-DR, IgD, IgM,TCRÎ±Î², TCRÎ³8, VÎ±24-JÎ±18).Single-cell capture was performed using the BD Rhapsody Express.
GSM6697225	GSE216883,GSE216885	other	PBMC, AS, scRNAseq(TCRseq) [PB_TCR]	Connective tissue	Synovial fluid mononuclear cells and peripheral mononuclear cells from 6 AS patients.,Chromium Next GEM Single Cell 5Ê¹ Kit v1, 5' Feature Barcode Kit, and Chromium Single Cell Human TCR Amplification Kit, 10X Genomics
GSM6697232	GSE216883,GSE216885	other	PBMC, SFMC, AS, scRNAseq(TCRseq) [S5_TCR]	Connective tissue	Synovial fluid mononuclear cells and peripheral mononuclear cells from 6 AS patients.,Chromium Next GEM Single Cell 5Ê¹ Kit v1, 5' Feature Barcode Kit, and Chromium Single Cell Human TCR Amplification Kit, 10X Genomics
GSM6697233	GSE216883,GSE216885	other	PBMC, SFMC, AS, scRNAseq(TCRseq) [S6_TCR]	Connective tissue	Synovial fluid mononuclear cells and peripheral mononuclear cells from 6 AS patients.,Chromium Next GEM Single Cell 5Ê¹ Kit v1, 5' Feature Barcode Kit, and Chromium Single Cell Human TCR Amplification Kit, 10X Genomics
GSM6697234	GSE216883,GSE216885	other	PBMC, SFMC, AS, scRNAseq(TCRseq) [S7_TCR]	Connective tissue	Synovial fluid mononuclear cells and peripheral mononuclear cells from 6 AS patients.,Chromium Next GEM Single Cell 5Ê¹ Kit v1, 5' Feature Barcode Kit, and Chromium Single Cell Human TCR Amplification Kit, 10X Genomics
GSM6697235	GSE216883,GSE216885	other	PBMC, SFMC, AS, scRNAseq(TCRseq) [S8_TCR]	Connective tissue	Synovial fluid mononuclear cells and peripheral mononuclear cells from 6 AS patients.,Chromium Next GEM Single Cell 5Ê¹ Kit v1, 5' Feature Barcode Kit, and Chromium Single Cell Human TCR Amplification Kit, 10X Genomics
GSM6807138	GSE220589	other	Donor 1, HTO-derived cDNA, rep1	Healthy donor blood	Cells were stained with TotalSeq-B cell feature barcode antibody to barcode each sample for multiplexing. Cells from each sample were pooled in equal cell numbers and loaded into a Chromium Controller (10X Genomics).,Library was performed according to the manufacterâs instructions (single cell 3â v2 protocol, 10x Genomics). Briefly, GCs were resuspended in the master mix and loaded together with partitioning oil and gel beads into the chip to generate the gel bead-in-emulsion (GEM). The poly-A RNA from the cell lysate contained in every single GEM was retrotranscripted to cDNA, which contains an Ilumina R1 primer sequence, Unique Molecular Identifier (UMI) and the 10x Barcode. The pooled barcoded cDNA was then cleaned up with Silane DynaBeads, amplified by PCR and the apropiated sized fragments were selected with SPRIselect reagent for subsequent library construction. During the library construction Ilumina R2 primer sequence, paired-end constructs with P5 and P7 sequences and a sample index were added.
GSM6807140	GSE220589	other	Donor 1, HTO-derived cDNA, rep2	Healthy donor blood	Cells were stained with TotalSeq-B cell feature barcode antibody to barcode each sample for multiplexing. Cells from each sample were pooled in equal cell numbers and loaded into a Chromium Controller (10X Genomics).,Library was performed according to the manufacterâs instructions (single cell 3â v2 protocol, 10x Genomics). Briefly, GCs were resuspended in the master mix and loaded together with partitioning oil and gel beads into the chip to generate the gel bead-in-emulsion (GEM). The poly-A RNA from the cell lysate contained in every single GEM was retrotranscripted to cDNA, which contains an Ilumina R1 primer sequence, Unique Molecular Identifier (UMI) and the 10x Barcode. The pooled barcoded cDNA was then cleaned up with Silane DynaBeads, amplified by PCR and the apropiated sized fragments were selected with SPRIselect reagent for subsequent library construction. During the library construction Ilumina R2 primer sequence, paired-end constructs with P5 and P7 sequences and a sample index were added.
GSM6858443	GSE221319,GSE221320	other	spike-specific B cells D14 scRNAseq	B cells	Live CD19+ IgG+ spike-FusionRed-binding memory B cells were sorted on a MoFlo Astrios Cell Sorter. FusionRed-negative CD19+  IgG+ B cells were sorted in parallel and mixed with spike sorted B cells. FACS staining  solution also contained barcoded hashtags for sample identifications (BioLegend) as well as barcoded RBD.,Libraries for single-cell transcriptome sequencing and scBCR sequencing were prepared using the, Chromium Single-Cell 5â² Library Gel Bead and Construction Kit, v2 Dual index Chemistry Kit and Chromium Single-Cell V(D)J BCR Enrichment Kit (10x Genomics, CA, USA).,For CITE-seq a unique molecular 5Â´ feature barcode was added to purified spike-FusionRed protein by the 5â feature Barcode Antibody conjugation Kit â Lightning LinkÂ® (Abcam) exactly as described by the manufacturer. RBD was also labelled by adifferent feature barcode.
GSM6858444	GSE221319,GSE221320	other	spike-specific B cells D15,scRNAseq	B cells	Live CD19+ IgG+ spike-FusionRed-binding memory B cells were sorted on a MoFlo Astrios Cell Sorter. FusionRed-negative CD19+  IgG+ B cells were sorted in parallel and mixed with spike sorted B cells. FACS staining  solution also contained barcoded hashtags for sample identifications (BioLegend) as well as barcoded RBD.,Libraries for single-cell transcriptome sequencing and scBCR sequencing were prepared using the, Chromium Single-Cell 5â² Library Gel Bead and Construction Kit, v2 Dual index Chemistry Kit and Chromium Single-Cell V(D)J BCR Enrichment Kit (10x Genomics, CA, USA).,For CITE-seq a unique molecular 5Â´ feature barcode was added to purified spike-FusionRed protein by the 5â feature Barcode Antibody conjugation Kit â Lightning LinkÂ® (Abcam) exactly as described by the manufacturer. RBD was also labelled by adifferent feature barcode.
GSM6858445	GSE221319,GSE221320	other	spike-specific B cells D22,scRNAseq	B cells	Live CD19+ IgG+ spike-FusionRed-binding memory B cells were sorted on a MoFlo Astrios Cell Sorter. FusionRed-negative CD19+  IgG+ B cells were sorted in parallel and mixed with spike sorted B cells. FACS staining  solution also contained barcoded hashtags for sample identifications (BioLegend) as well as barcoded RBD.,Libraries for single-cell transcriptome sequencing and scBCR sequencing were prepared using the, Chromium Single-Cell 5â² Library Gel Bead and Construction Kit, v2 Dual index Chemistry Kit and Chromium Single-Cell V(D)J BCR Enrichment Kit (10x Genomics, CA, USA).,For CITE-seq a unique molecular 5Â´ feature barcode was added to purified spike-FusionRed protein by the 5â feature Barcode Antibody conjugation Kit â Lightning LinkÂ® (Abcam) exactly as described by the manufacturer. RBD was also labelled by adifferent feature barcode.
GSM6858446	GSE221319,GSE221320	other	spike-specific B cells D31,scRNAseq	B cells	Live CD19+ IgG+ spike-FusionRed-binding memory B cells were sorted on a MoFlo Astrios Cell Sorter. FusionRed-negative CD19+  IgG+ B cells were sorted in parallel and mixed with spike sorted B cells. FACS staining  solution also contained barcoded hashtags for sample identifications (BioLegend) as well as barcoded RBD.,Libraries for single-cell transcriptome sequencing and scBCR sequencing were prepared using the, Chromium Single-Cell 5â² Library Gel Bead and Construction Kit, v2 Dual index Chemistry Kit and Chromium Single-Cell V(D)J BCR Enrichment Kit (10x Genomics, CA, USA).,For CITE-seq a unique molecular 5Â´ feature barcode was added to purified spike-FusionRed protein by the 5â feature Barcode Antibody conjugation Kit â Lightning LinkÂ® (Abcam) exactly as described by the manufacturer. RBD was also labelled by adifferent feature barcode.
GSM7412604	GSE221776	other	PBT_batch5_library4_6donors_CITE	Pediatric brain tumor	Tumor-infiltrating T cells were sorted into 1.5 mL tubes containing 500 ul of 1:1 PBS to FBS with 1:100 Recombinant RNAse Inhibitor (Takara Bio 2313B). Following sorting, tubes were filled up to 1.4 mL with PBS and spun at 600xg for 10 minutes. Pellets were resuspended in 35 ul PBS supplemented with 0.04% w/v BSA (Invitrogen) and cells were processed according to manufacturer's recommendations using 10x Genomics' Single Cell Immune Profiling 5'v2 (Dual Index) with Feature Barcoding kit. TCR (VDJ) sequences enriched according to manufacturer's recommendations using 10x Genomics' Single Cell Immune Profiling 5'v2 (Dual Index) with Feature Barcoding kit. HTO (CITE) cDNA was separated from PolyA cDNA through size selection with AMPure XP Purification reagent (Beckman Coulter, A63882),All Libraries were prepared according to manufacturer's recommendations using 10x Genomics' Single Cell Immune Profiling 5'v2 (Dual Index) with Feature Barcoding kit.,scRNA-Seq, V(D)J library preparation and Cell Surface Protein library preparation
GSM6939208	GSE223071	other	Patient 1, 2, 3 Product TCR	NKTs	Frozen cells were thawed  in water bath at 37 C for 3 minutes. Cells were centrifuged at 500 x g for 5 minutes, and washed in RPMI + 10 % Fetal Bovine Serum. Finally, cell pellets were resuspended in PBS + BSA 0.04% and processed with the 10x Genomics single cell 5â system according to manufacturerâs instructions.,scRNA-seq libraries were prepared with the Chromium Next GEM Single Cell V(D)J Reagent Kits v1.1 as described by the manufacturer's instructions.,10x Genomics scRNA-seq 5' library construction kit
GSM6939209	GSE223071	other	Patient 2, 4, 5, 6  Product TCR	NKTs	Frozen cells were thawed  in water bath at 37 C for 3 minutes. Cells were centrifuged at 500 x g for 5 minutes, and washed in RPMI + 10 % Fetal Bovine Serum. Finally, cell pellets were resuspended in PBS + BSA 0.04% and processed with the 10x Genomics single cell 5â system according to manufacturerâs instructions.,scRNA-seq libraries were prepared with the Chromium Next GEM Single Cell V(D)J Reagent Kits v1.1 as described by the manufacturer's instructions.,10x Genomics scRNA-seq 5' library construction kit
GSM6939210	GSE223071	other	Patient 7 Product TCR	NKTs	Frozen cells were thawed  in water bath at 37 C for 3 minutes. Cells were centrifuged at 500 x g for 5 minutes, and washed in RPMI + 10 % Fetal Bovine Serum. Finally, cell pellets were resuspended in PBS + BSA 0.04% and processed with the 10x Genomics single cell 5â system according to manufacturerâs instructions.,scRNA-seq libraries were prepared with the Chromium Next GEM Single Cell V(D)J Reagent Kits v1.1 as described by the manufacturer's instructions.,10x Genomics scRNA-seq 5' library construction kit
GSM6939211	GSE223071	other	Patient 12 Product TCR	NKTs	Frozen cells were thawed  in water bath at 37 C for 3 minutes. Cells were centrifuged at 500 x g for 5 minutes, and washed in RPMI + 10 % Fetal Bovine Serum. Finally, cell pellets were resuspended in PBS + BSA 0.04% and processed with the 10x Genomics single cell 5â system according to manufacturerâs instructions.,scRNA-seq libraries were prepared with the Chromium Next GEM Single Cell V(D)J Reagent Kits v1.1 as described by the manufacturer's instructions.,10x Genomics scRNA-seq 5' library construction kit
GSM6939213	GSE223071	other	Patient 2, 4, 5, 6  Product Protein	NKTs	Frozen cells were thawed  in water bath at 37 C for 3 minutes. Cells were centrifuged at 500 x g for 5 minutes, and washed in RPMI + 10 % Fetal Bovine Serum. Finally, cell pellets were resuspended in PBS + BSA 0.04% and processed with the 10x Genomics single cell 5â system according to manufacturerâs instructions.,scRNA-seq libraries were prepared with the Chromium Next GEM Single Cell V(D)J Reagent Kits v1.1 as described by the manufacturer's instructions.,10x Genomics scRNA-seq 5' library construction kit
GSM6939214	GSE223071	other	Patient 7 Product Protein	NKTs	Frozen cells were thawed  in water bath at 37 C for 3 minutes. Cells were centrifuged at 500 x g for 5 minutes, and washed in RPMI + 10 % Fetal Bovine Serum. Finally, cell pellets were resuspended in PBS + BSA 0.04% and processed with the 10x Genomics single cell 5â system according to manufacturerâs instructions.,scRNA-seq libraries were prepared with the Chromium Next GEM Single Cell V(D)J Reagent Kits v1.1 as described by the manufacturer's instructions.,10x Genomics scRNA-seq 5' library construction kit
GSM6939215	GSE223071	other	Patient 12 Product Protein	NKTs	Frozen cells were thawed  in water bath at 37 C for 3 minutes. Cells were centrifuged at 500 x g for 5 minutes, and washed in RPMI + 10 % Fetal Bovine Serum. Finally, cell pellets were resuspended in PBS + BSA 0.04% and processed with the 10x Genomics single cell 5â system according to manufacturerâs instructions.,scRNA-seq libraries were prepared with the Chromium Next GEM Single Cell V(D)J Reagent Kits v1.1 as described by the manufacturer's instructions.,10x Genomics scRNA-seq 5' library construction kit
GSM6940269	GSE223145	other	293_mRNA_gDNA-seq_Rep1	HEK293T	Nucleic acid was extracted by SDS,gDNA library, mRNA library and mRNA&gDNA library were constructed by extracting whole nucleic acid from cells. RNase A enzyme is used to remove RNA from gDNA library. Genome DNA was removed by digested with DNase I in mRNA library while retained in mRNA&gDNA library as internal reference. mRNA was reverse-transcribed with oligo(dT) as the primer to synthesis the first strand of the complementary DNA (cDNA). To reduce bias and simplify our pipeline, fragmented cDNA without second strand synthesis and gDNA were denatured by heat following library preparation using a high-efficient ssDNA ligation technique, Adaptase from Accel-NGS 1S Plus DNA Library Kit (Swift Accel-NGS).
GSM6940270	GSE223145	other	293_mRNA_gDNA-seq_Rep2	HEK293T	Nucleic acid was extracted by SDS,gDNA library, mRNA library and mRNA&gDNA library were constructed by extracting whole nucleic acid from cells. RNase A enzyme is used to remove RNA from gDNA library. Genome DNA was removed by digested with DNase I in mRNA library while retained in mRNA&gDNA library as internal reference. mRNA was reverse-transcribed with oligo(dT) as the primer to synthesis the first strand of the complementary DNA (cDNA). To reduce bias and simplify our pipeline, fragmented cDNA without second strand synthesis and gDNA were denatured by heat following library preparation using a high-efficient ssDNA ligation technique, Adaptase from Accel-NGS 1S Plus DNA Library Kit (Swift Accel-NGS).
GSM6940275	GSE223145	other	80_mRNA_gDNA-seq_Rep1	IOSE-80	Nucleic acid was extracted by SDS,gDNA library, mRNA library and mRNA&gDNA library were constructed by extracting whole nucleic acid from cells. RNase A enzyme is used to remove RNA from gDNA library. Genome DNA was removed by digested with DNase I in mRNA library while retained in mRNA&gDNA library as internal reference. mRNA was reverse-transcribed with oligo(dT) as the primer to synthesis the first strand of the complementary DNA (cDNA). To reduce bias and simplify our pipeline, fragmented cDNA without second strand synthesis and gDNA were denatured by heat following library preparation using a high-efficient ssDNA ligation technique, Adaptase from Accel-NGS 1S Plus DNA Library Kit (Swift Accel-NGS).
GSM6940276	GSE223145	other	80_mRNA_gDNA-seq_Rep2	IOSE-80	Nucleic acid was extracted by SDS,gDNA library, mRNA library and mRNA&gDNA library were constructed by extracting whole nucleic acid from cells. RNase A enzyme is used to remove RNA from gDNA library. Genome DNA was removed by digested with DNase I in mRNA library while retained in mRNA&gDNA library as internal reference. mRNA was reverse-transcribed with oligo(dT) as the primer to synthesis the first strand of the complementary DNA (cDNA). To reduce bias and simplify our pipeline, fragmented cDNA without second strand synthesis and gDNA were denatured by heat following library preparation using a high-efficient ssDNA ligation technique, Adaptase from Accel-NGS 1S Plus DNA Library Kit (Swift Accel-NGS).
GSM6940281	GSE223145	other	116_mRNA_gDNA-seq_Rep1	HCT116	Nucleic acid was extracted by SDS,gDNA library, mRNA library and mRNA&gDNA library were constructed by extracting whole nucleic acid from cells. RNase A enzyme is used to remove RNA from gDNA library. Genome DNA was removed by digested with DNase I in mRNA library while retained in mRNA&gDNA library as internal reference. mRNA was reverse-transcribed with oligo(dT) as the primer to synthesis the first strand of the complementary DNA (cDNA). To reduce bias and simplify our pipeline, fragmented cDNA without second strand synthesis and gDNA were denatured by heat following library preparation using a high-efficient ssDNA ligation technique, Adaptase from Accel-NGS 1S Plus DNA Library Kit (Swift Accel-NGS).
GSM6940282	GSE223145	other	116_mRNA_gDNA-seq_Rep2	HCT116	Nucleic acid was extracted by SDS,gDNA library, mRNA library and mRNA&gDNA library were constructed by extracting whole nucleic acid from cells. RNase A enzyme is used to remove RNA from gDNA library. Genome DNA was removed by digested with DNase I in mRNA library while retained in mRNA&gDNA library as internal reference. mRNA was reverse-transcribed with oligo(dT) as the primer to synthesis the first strand of the complementary DNA (cDNA). To reduce bias and simplify our pipeline, fragmented cDNA without second strand synthesis and gDNA were denatured by heat following library preparation using a high-efficient ssDNA ligation technique, Adaptase from Accel-NGS 1S Plus DNA Library Kit (Swift Accel-NGS).
GSM6940285	GSE223145	other	293_0h_mRNA_gDNA-seq_Rep1	HEK293T	Nucleic acid was extracted by SDS,gDNA library, mRNA library and mRNA&gDNA library were constructed by extracting whole nucleic acid from cells. RNase A enzyme is used to remove RNA from gDNA library. Genome DNA was removed by digested with DNase I in mRNA library while retained in mRNA&gDNA library as internal reference. mRNA was reverse-transcribed with oligo(dT) as the primer to synthesis the first strand of the complementary DNA (cDNA). To reduce bias and simplify our pipeline, fragmented cDNA without second strand synthesis and gDNA were denatured by heat following library preparation using a high-efficient ssDNA ligation technique, Adaptase from Accel-NGS 1S Plus DNA Library Kit (Swift Accel-NGS).
GSM6940286	GSE223145	other	293_0h_mRNA_gDNA-seq_Rep2	HEK293T	Nucleic acid was extracted by SDS,gDNA library, mRNA library and mRNA&gDNA library were constructed by extracting whole nucleic acid from cells. RNase A enzyme is used to remove RNA from gDNA library. Genome DNA was removed by digested with DNase I in mRNA library while retained in mRNA&gDNA library as internal reference. mRNA was reverse-transcribed with oligo(dT) as the primer to synthesis the first strand of the complementary DNA (cDNA). To reduce bias and simplify our pipeline, fragmented cDNA without second strand synthesis and gDNA were denatured by heat following library preparation using a high-efficient ssDNA ligation technique, Adaptase from Accel-NGS 1S Plus DNA Library Kit (Swift Accel-NGS).
GSM6940289	GSE223145	other	293_12h_mRNA_gDNA-seq_Rep1	HEK293T	Nucleic acid was extracted by SDS,gDNA library, mRNA library and mRNA&gDNA library were constructed by extracting whole nucleic acid from cells. RNase A enzyme is used to remove RNA from gDNA library. Genome DNA was removed by digested with DNase I in mRNA library while retained in mRNA&gDNA library as internal reference. mRNA was reverse-transcribed with oligo(dT) as the primer to synthesis the first strand of the complementary DNA (cDNA). To reduce bias and simplify our pipeline, fragmented cDNA without second strand synthesis and gDNA were denatured by heat following library preparation using a high-efficient ssDNA ligation technique, Adaptase from Accel-NGS 1S Plus DNA Library Kit (Swift Accel-NGS).
GSM6940290	GSE223145	other	293_12h_mRNA_gDNA-seq_Rep2	HEK293T	Nucleic acid was extracted by SDS,gDNA library, mRNA library and mRNA&gDNA library were constructed by extracting whole nucleic acid from cells. RNase A enzyme is used to remove RNA from gDNA library. Genome DNA was removed by digested with DNase I in mRNA library while retained in mRNA&gDNA library as internal reference. mRNA was reverse-transcribed with oligo(dT) as the primer to synthesis the first strand of the complementary DNA (cDNA). To reduce bias and simplify our pipeline, fragmented cDNA without second strand synthesis and gDNA were denatured by heat following library preparation using a high-efficient ssDNA ligation technique, Adaptase from Accel-NGS 1S Plus DNA Library Kit (Swift Accel-NGS).
GSM8171843	GSE223145	other	A498_mRNA_gDNA-seq_Rep1	A498	Nucleic acid was extracted by SDS,gDNA library, mRNA library and mRNA&gDNA library were constructed by extracting whole nucleic acid from cells. RNase A enzyme is used to remove RNA from gDNA library. Genome DNA was removed by digested with DNase I in mRNA library while retained in mRNA&gDNA library as internal reference. mRNA was reverse-transcribed with oligo(dT) as the primer to synthesis the first strand of the complementary DNA (cDNA). To reduce bias and simplify our pipeline, fragmented cDNA without second strand synthesis and gDNA were denatured by heat following library preparation using a high-efficient ssDNA ligation technique, Adaptase from Accel-NGS 1S Plus DNA Library Kit (Swift Accel-NGS).
GSM8171844	GSE223145	other	A498_mRNA_gDNA-seq_Rep2	A498	Nucleic acid was extracted by SDS,gDNA library, mRNA library and mRNA&gDNA library were constructed by extracting whole nucleic acid from cells. RNase A enzyme is used to remove RNA from gDNA library. Genome DNA was removed by digested with DNase I in mRNA library while retained in mRNA&gDNA library as internal reference. mRNA was reverse-transcribed with oligo(dT) as the primer to synthesis the first strand of the complementary DNA (cDNA). To reduce bias and simplify our pipeline, fragmented cDNA without second strand synthesis and gDNA were denatured by heat following library preparation using a high-efficient ssDNA ligation technique, Adaptase from Accel-NGS 1S Plus DNA Library Kit (Swift Accel-NGS).
GSM8171847	GSE223145	other	DU145_mRNA_gDNA-seq_Rep1	DU145	Nucleic acid was extracted by SDS,gDNA library, mRNA library and mRNA&gDNA library were constructed by extracting whole nucleic acid from cells. RNase A enzyme is used to remove RNA from gDNA library. Genome DNA was removed by digested with DNase I in mRNA library while retained in mRNA&gDNA library as internal reference. mRNA was reverse-transcribed with oligo(dT) as the primer to synthesis the first strand of the complementary DNA (cDNA). To reduce bias and simplify our pipeline, fragmented cDNA without second strand synthesis and gDNA were denatured by heat following library preparation using a high-efficient ssDNA ligation technique, Adaptase from Accel-NGS 1S Plus DNA Library Kit (Swift Accel-NGS).
GSM8171848	GSE223145	other	DU145_mRNA_gDNA-seq_Rep2	DU145	Nucleic acid was extracted by SDS,gDNA library, mRNA library and mRNA&gDNA library were constructed by extracting whole nucleic acid from cells. RNase A enzyme is used to remove RNA from gDNA library. Genome DNA was removed by digested with DNase I in mRNA library while retained in mRNA&gDNA library as internal reference. mRNA was reverse-transcribed with oligo(dT) as the primer to synthesis the first strand of the complementary DNA (cDNA). To reduce bias and simplify our pipeline, fragmented cDNA without second strand synthesis and gDNA were denatured by heat following library preparation using a high-efficient ssDNA ligation technique, Adaptase from Accel-NGS 1S Plus DNA Library Kit (Swift Accel-NGS).
GSM8171851	GSE223145	other	MDA-MB-468_mRNA_gDNA-seq_Rep1	MDA-MB-468	Nucleic acid was extracted by SDS,gDNA library, mRNA library and mRNA&gDNA library were constructed by extracting whole nucleic acid from cells. RNase A enzyme is used to remove RNA from gDNA library. Genome DNA was removed by digested with DNase I in mRNA library while retained in mRNA&gDNA library as internal reference. mRNA was reverse-transcribed with oligo(dT) as the primer to synthesis the first strand of the complementary DNA (cDNA). To reduce bias and simplify our pipeline, fragmented cDNA without second strand synthesis and gDNA were denatured by heat following library preparation using a high-efficient ssDNA ligation technique, Adaptase from Accel-NGS 1S Plus DNA Library Kit (Swift Accel-NGS).
GSM8171852	GSE223145	other	MDA-MB-468_mRNA_gDNA-seq_Rep2	MDA-MB-468	Nucleic acid was extracted by SDS,gDNA library, mRNA library and mRNA&gDNA library were constructed by extracting whole nucleic acid from cells. RNase A enzyme is used to remove RNA from gDNA library. Genome DNA was removed by digested with DNase I in mRNA library while retained in mRNA&gDNA library as internal reference. mRNA was reverse-transcribed with oligo(dT) as the primer to synthesis the first strand of the complementary DNA (cDNA). To reduce bias and simplify our pipeline, fragmented cDNA without second strand synthesis and gDNA were denatured by heat following library preparation using a high-efficient ssDNA ligation technique, Adaptase from Accel-NGS 1S Plus DNA Library Kit (Swift Accel-NGS).
GSM8171855	GSE223145	other	NCl-H226_mRNA_gDNA-seq_Rep1	NCl-H226	Nucleic acid was extracted by SDS,gDNA library, mRNA library and mRNA&gDNA library were constructed by extracting whole nucleic acid from cells. RNase A enzyme is used to remove RNA from gDNA library. Genome DNA was removed by digested with DNase I in mRNA library while retained in mRNA&gDNA library as internal reference. mRNA was reverse-transcribed with oligo(dT) as the primer to synthesis the first strand of the complementary DNA (cDNA). To reduce bias and simplify our pipeline, fragmented cDNA without second strand synthesis and gDNA were denatured by heat following library preparation using a high-efficient ssDNA ligation technique, Adaptase from Accel-NGS 1S Plus DNA Library Kit (Swift Accel-NGS).
GSM8171856	GSE223145	other	NCl-H226_mRNA_gDNA-seq_Rep2	NCl-H226	Nucleic acid was extracted by SDS,gDNA library, mRNA library and mRNA&gDNA library were constructed by extracting whole nucleic acid from cells. RNase A enzyme is used to remove RNA from gDNA library. Genome DNA was removed by digested with DNase I in mRNA library while retained in mRNA&gDNA library as internal reference. mRNA was reverse-transcribed with oligo(dT) as the primer to synthesis the first strand of the complementary DNA (cDNA). To reduce bias and simplify our pipeline, fragmented cDNA without second strand synthesis and gDNA were denatured by heat following library preparation using a high-efficient ssDNA ligation technique, Adaptase from Accel-NGS 1S Plus DNA Library Kit (Swift Accel-NGS).
GSM8171859	GSE223145	other	SK-OV-3_mRNA_gDNA-seq_Rep1	SK-OV-3	Nucleic acid was extracted by SDS,gDNA library, mRNA library and mRNA&gDNA library were constructed by extracting whole nucleic acid from cells. RNase A enzyme is used to remove RNA from gDNA library. Genome DNA was removed by digested with DNase I in mRNA library while retained in mRNA&gDNA library as internal reference. mRNA was reverse-transcribed with oligo(dT) as the primer to synthesis the first strand of the complementary DNA (cDNA). To reduce bias and simplify our pipeline, fragmented cDNA without second strand synthesis and gDNA were denatured by heat following library preparation using a high-efficient ssDNA ligation technique, Adaptase from Accel-NGS 1S Plus DNA Library Kit (Swift Accel-NGS).
GSM8171860	GSE223145	other	SK-OV-3_mRNA_gDNA-seq_Rep2	SK-OV-3	Nucleic acid was extracted by SDS,gDNA library, mRNA library and mRNA&gDNA library were constructed by extracting whole nucleic acid from cells. RNase A enzyme is used to remove RNA from gDNA library. Genome DNA was removed by digested with DNase I in mRNA library while retained in mRNA&gDNA library as internal reference. mRNA was reverse-transcribed with oligo(dT) as the primer to synthesis the first strand of the complementary DNA (cDNA). To reduce bias and simplify our pipeline, fragmented cDNA without second strand synthesis and gDNA were denatured by heat following library preparation using a high-efficient ssDNA ligation technique, Adaptase from Accel-NGS 1S Plus DNA Library Kit (Swift Accel-NGS).
GSM8171863	GSE223145	other	SW620_mRNA_gDNA-seq_Rep1	SW620	Nucleic acid was extracted by SDS,gDNA library, mRNA library and mRNA&gDNA library were constructed by extracting whole nucleic acid from cells. RNase A enzyme is used to remove RNA from gDNA library. Genome DNA was removed by digested with DNase I in mRNA library while retained in mRNA&gDNA library as internal reference. mRNA was reverse-transcribed with oligo(dT) as the primer to synthesis the first strand of the complementary DNA (cDNA). To reduce bias and simplify our pipeline, fragmented cDNA without second strand synthesis and gDNA were denatured by heat following library preparation using a high-efficient ssDNA ligation technique, Adaptase from Accel-NGS 1S Plus DNA Library Kit (Swift Accel-NGS).
GSM8171864	GSE223145	other	SW620_mRNA_gDNA-seq_Rep2	SW620	Nucleic acid was extracted by SDS,gDNA library, mRNA library and mRNA&gDNA library were constructed by extracting whole nucleic acid from cells. RNase A enzyme is used to remove RNA from gDNA library. Genome DNA was removed by digested with DNase I in mRNA library while retained in mRNA&gDNA library as internal reference. mRNA was reverse-transcribed with oligo(dT) as the primer to synthesis the first strand of the complementary DNA (cDNA). To reduce bias and simplify our pipeline, fragmented cDNA without second strand synthesis and gDNA were denatured by heat following library preparation using a high-efficient ssDNA ligation technique, Adaptase from Accel-NGS 1S Plus DNA Library Kit (Swift Accel-NGS).
GSM6957446	GSE223484,GSE223496	other	scRNAseq_BdLTseq_HA1ER_F12_clone_BdLTseq_HTO [scRNAseq_BdLTseq_HA1ER_F12_clone_1]	HA1ER	Samples were multiplexed on a single lane of a Chromium Next GEM Chip G and processed using 10x Chromium controller (10x Genomics).,Chromium Next GEM Single Cell 3'Reagent Kits v3.1. BdLTseq library was generated by capturing GFP cDNA using specific probes followed by library construction using custom primers.,https://cdn.10xgenomics.com/image/upload/v1660261285/support-documents/CG000204_ChromiumNextGEMSingleCell3_v3.1_Rev_D.pdf
GSM6957517	GSE223488,GSE223496	other	scRNAseq_BdLTseq_HA1ER_F12_clone_HTO [scRNAseq_BdLTseq_HA1ER_F12_clone_2]	HA1ER	Samples were multiplexed on a single lane of a Chromium Next GEM Chip G and processed using 10x Chromium controller (10x Genomics).,Chromium Next GEM Single Cell 3'Reagent Kits v3.1. BdLTseq library was generated by capturing GFP cDNA using specific probes followed by library construction using custom primers.,https://cdn.10xgenomics.com/image/upload/v1660261285/support-documents/CG000204_ChromiumNextGEMSingleCell3_v3.1_Rev_D.pdf
GSM6957520	GSE223489,GSE223496	other	scRNAseq_BdLTseq_HA1ER_F12_clone_HTO [scRNAseq_BdLTseq_HA1ER_F12_clone_3]	HA1ER	Samples were multiplexed on a single lane of a Chromium Next GEM Chip G and processed using 10x Chromium controller (10x Genomics).,Chromium Next GEM Single Cell 3'Reagent Kits v3.1. BdLTseq library was generated by capturing GFP cDNA using specific probes followed by library construction using custom primers.,https://cdn.10xgenomics.com/image/upload/v1660261285/support-documents/CG000204_ChromiumNextGEMSingleCell3_v3.1_Rev_D.pdf
GSM6957523	GSE223490,GSE223496	other	scRNAseq_BdLTseq_HA1ER_F12clone_TRAIL_HTO  [scRNAseq_BdLTseq_HA1ER_F12_clone_TRAIL]	HA1ER	Samples were multiplexed on a single lane of a Chromium Next GEM Chip G and processed using 10x Chromium controller (10x Genomics).,Chromium Next GEM Single Cell 3'Reagent Kits v3.1. BdLTseq library was generated by capturing GFP cDNA using specific probes followed by library construction using custom primers.,https://cdn.10xgenomics.com/image/upload/v1660261285/support-documents/CG000204_ChromiumNextGEMSingleCell3_v3.1_Rev_D.pdf
GSM6957526	GSE223491,GSE223496	other	scRNAseq_BdLTseq_HA1E_E7_clone_HTO [scRNAseq_BdLTseq_HA1E_E7_clone]	HA1E	Samples were multiplexed on a single lane of a Chromium Next GEM Chip G and processed using 10x Chromium controller (10x Genomics).,Chromium Next GEM Single Cell 3'Reagent Kits v3.1. BdLTseq library was generated by capturing GFP cDNA using specific probes followed by library construction using custom primers.,https://cdn.10xgenomics.com/image/upload/v1660261285/support-documents/CG000204_ChromiumNextGEMSingleCell3_v3.1_Rev_D.pdf
GSM6957529	GSE223492,GSE223496	other	scRNAseq_BdLTseq_HA1E_E7clone_RAS_HTO [scRNAseq_BdLTseq_HA1E_E7_clone_RAS]	Cell line	Samples were multiplexed on a single lane of a Chromium Next GEM Chip G and processed using 10x Chromium controller (10x Genomics).,Chromium Next GEM Single Cell 3'Reagent Kits v3.1. BdLTseq library was generated by capturing GFP cDNA using specific probes followed by library construction using custom primers.,https://cdn.10xgenomics.com/image/upload/v1660261285/support-documents/CG000204_ChromiumNextGEMSingleCell3_v3.1_Rev_D.pdf
GSM6957560	GSE223494,GSE223496	other	scRNAseq_BdLTseq_HA1ER_clone_F12_1F8_1C9_HTO [scRNAseq_HA1ER_clone_F12_1F8_1C9]	Cell line	Samples were multiplexed on a single lane of a Chromium Next GEM Chip G and processed using 10x Chromium controller (10x Genomics).,Chromium Next GEM Single Cell 3'Reagent Kits v3.1.,https://cdn.10xgenomics.com/image/upload/v1660261285/support-documents/CG000204_ChromiumNextGEMSingleCell3_v3.1_Rev_D.pdf
GSM7025864	GSE224550	other	P8 CAR+ D8 - ADT	CAR T	Single PBMC and CAR T cells were sorted using flow cytometry, with RNA isolation and sequencing library construction performed according to the 10x protocol.,Single cell RNA libraries were prepared for sequencing using standard Illumina protocols,Single cell AbSEQ libraries were prepared for sequencing using standard Illumina protocols
GSM7093770	GSE227244,GSE227245	other	Ishikawa scRNAseq, 0,2,4 and 8 hours of e2 treatment_multiseq_barcodes	Ishikawa	Sample preparation was performed according to the 10x Genomics sample prep user guide for Cultured Cells,Cells were separated into single-cell emulsions using the 10x Genomics Chromium Controller with a targeted recovery of 10,000 cells.,Sequencing libraries were prepared using the 10X Genomics Next GEM Single Cell 3' Gene Expression Library prep v3.1,MULTI-seq libraries were prepared according to the protocol described in McGinnis et al. Nature Methods 2019
GSM7093772	GSE227244,GSE227245	other	T-47D scRNAseq, 0,2,4 and 8 hours of e2 treatment_multiseq_barcodes	T47D	Sample preparation was performed according to the 10x Genomics sample prep user guide for Cultured Cells,Cells were separated into single-cell emulsions using the 10x Genomics Chromium Controller with a targeted recovery of 10,000 cells.,Sequencing libraries were prepared using the 10X Genomics Next GEM Single Cell 3' Gene Expression Library prep v3.1,MULTI-seq libraries were prepared according to the protocol described in McGinnis et al. Nature Methods 2019
GSM7233616	GSE230749,GSE230764	other	human milk FB	milk	Human milk samples were collected at the University Hospital Zurich from healthy women, aged 20 to 40 years [mean (SD) 32.0 (5.0)], within 4 to 63 days after delivery. For isolation of milk cells, milk was diluted in a 1:1 ratio with PBS and centrifuged at 800âg for 20âminutes at 15Â°C. The lipid layer and skim milk were removed, and the cell pellet was washed twice in PBS by centrifugation at 400âg for 5âminutes and resuspension in PBS.,10X GEX 3`v3.1 Single index, Paired end 28_91 With Feature Barcoding
GSM7287654	GSE231523	other	Patient 15, HTO-derived cDNA	Lymph node	After enzymatic dissociation of the embryo; CFSE+ hCD45+ Live cells were sorted by flow cytometry,Libraries were prepared using Chromium Single Cell 5Ê¹ v1.1 protocol (10x Genomics).,mRNA libraries were prepared according to the manufacturer's instructions,HTO libraries were prepared according to the manufacturer's instructions. For each sample, the three conditions (before and after graft with RCHOP or vehicle treatment) were done and pooled in the same experiment with the TotalSeq -C listed above,BCR libraries were amplified accoring to 10X Genomics guidelines. 800 pg of amplified sequences was used with Nextera XT reagents (Illumina San Diego, California) to construct the final BCR library of each sample by PCR using i5 forward and Nextera XT i7 reverse primers.,The three libraries were quantified using the Library Quantification Sample Kit Kapa (Illumina-Uni San Diego, California),Following the final bead purification, all three libraries were pooled as 80% mRNA library, 10% HTO library and 10% BCR library before sequencing.
GSM7311451	GSE232073,GSE232074	other	Patient 9 HSPCs, ADT-derived cDNA	Bone Marrow/Peripheral Blood	We performed SC CITEseq sequencing on unsorted mononuclear cells from 12 patients using a pre-templated instant partitions (PIPs) sequencing platform.,Briefly, cryopreserved cells were thawed, normalized combined in a 1:10 ratio with barcoded PIPs, which were then vortexed and centrifuged into emulsifications. Emulsions were thermocycled, broken, mixed, washed, and pelleted. Reverse transcription was performed, and cDNA synthesis completed. After whole transcriptome amplification, PIPs were column filtered and purified with Ampure XP. Libraries were generated from WTA amplified material using the Nextera XT DNA Library Preparation Kit with a custom primer (PIPs_P5library) and standard Nextera P7 indexing primers (N70x). Libraries were pooled and sequenced using an Illumina NextSeq 2000.
GSM7311453	GSE232073,GSE232074	other	Patient 6 HSPCs, ADT-derived cDNA	Bone Marrow/Peripheral Blood	We performed SC CITEseq sequencing on unsorted mononuclear cells from 12 patients using a pre-templated instant partitions (PIPs) sequencing platform.,Briefly, cryopreserved cells were thawed, normalized combined in a 1:10 ratio with barcoded PIPs, which were then vortexed and centrifuged into emulsifications. Emulsions were thermocycled, broken, mixed, washed, and pelleted. Reverse transcription was performed, and cDNA synthesis completed. After whole transcriptome amplification, PIPs were column filtered and purified with Ampure XP. Libraries were generated from WTA amplified material using the Nextera XT DNA Library Preparation Kit with a custom primer (PIPs_P5library) and standard Nextera P7 indexing primers (N70x). Libraries were pooled and sequenced using an Illumina NextSeq 2000.
GSM7311455	GSE232073,GSE232074	other	Patient 3 HSPCs, ADT-derived cDNA	Bone Marrow/Peripheral Blood	We performed SC CITEseq sequencing on unsorted mononuclear cells from 12 patients using a pre-templated instant partitions (PIPs) sequencing platform.,Briefly, cryopreserved cells were thawed, normalized combined in a 1:10 ratio with barcoded PIPs, which were then vortexed and centrifuged into emulsifications. Emulsions were thermocycled, broken, mixed, washed, and pelleted. Reverse transcription was performed, and cDNA synthesis completed. After whole transcriptome amplification, PIPs were column filtered and purified with Ampure XP. Libraries were generated from WTA amplified material using the Nextera XT DNA Library Preparation Kit with a custom primer (PIPs_P5library) and standard Nextera P7 indexing primers (N70x). Libraries were pooled and sequenced using an Illumina NextSeq 2000.
GSM7311457	GSE232073,GSE232074	other	Patient 5 HSPCs, ADT-derived cDNA	Bone Marrow/Peripheral Blood	We performed SC CITEseq sequencing on unsorted mononuclear cells from 12 patients using a pre-templated instant partitions (PIPs) sequencing platform.,Briefly, cryopreserved cells were thawed, normalized combined in a 1:10 ratio with barcoded PIPs, which were then vortexed and centrifuged into emulsifications. Emulsions were thermocycled, broken, mixed, washed, and pelleted. Reverse transcription was performed, and cDNA synthesis completed. After whole transcriptome amplification, PIPs were column filtered and purified with Ampure XP. Libraries were generated from WTA amplified material using the Nextera XT DNA Library Preparation Kit with a custom primer (PIPs_P5library) and standard Nextera P7 indexing primers (N70x). Libraries were pooled and sequenced using an Illumina NextSeq 2000.
GSM7311459	GSE232073,GSE232074	other	Patient 12 HSPCs, ADT-derived cDNA	Bone Marrow/Peripheral Blood	We performed SC CITEseq sequencing on unsorted mononuclear cells from 12 patients using a pre-templated instant partitions (PIPs) sequencing platform.,Briefly, cryopreserved cells were thawed, normalized combined in a 1:10 ratio with barcoded PIPs, which were then vortexed and centrifuged into emulsifications. Emulsions were thermocycled, broken, mixed, washed, and pelleted. Reverse transcription was performed, and cDNA synthesis completed. After whole transcriptome amplification, PIPs were column filtered and purified with Ampure XP. Libraries were generated from WTA amplified material using the Nextera XT DNA Library Preparation Kit with a custom primer (PIPs_P5library) and standard Nextera P7 indexing primers (N70x). Libraries were pooled and sequenced using an Illumina NextSeq 2000.
GSM7311461	GSE232073,GSE232074	other	Patient 2 HSPCs, ADT-derived cDNA	Bone Marrow/Peripheral Blood	We performed SC CITEseq sequencing on unsorted mononuclear cells from 12 patients using a pre-templated instant partitions (PIPs) sequencing platform.,Briefly, cryopreserved cells were thawed, normalized combined in a 1:10 ratio with barcoded PIPs, which were then vortexed and centrifuged into emulsifications. Emulsions were thermocycled, broken, mixed, washed, and pelleted. Reverse transcription was performed, and cDNA synthesis completed. After whole transcriptome amplification, PIPs were column filtered and purified with Ampure XP. Libraries were generated from WTA amplified material using the Nextera XT DNA Library Preparation Kit with a custom primer (PIPs_P5library) and standard Nextera P7 indexing primers (N70x). Libraries were pooled and sequenced using an Illumina NextSeq 2000.
GSM7311463	GSE232073,GSE232074	other	Patient 7 HSPCs, ADT-derived cDNA	Bone Marrow/Peripheral Blood	We performed SC CITEseq sequencing on unsorted mononuclear cells from 12 patients using a pre-templated instant partitions (PIPs) sequencing platform.,Briefly, cryopreserved cells were thawed, normalized combined in a 1:10 ratio with barcoded PIPs, which were then vortexed and centrifuged into emulsifications. Emulsions were thermocycled, broken, mixed, washed, and pelleted. Reverse transcription was performed, and cDNA synthesis completed. After whole transcriptome amplification, PIPs were column filtered and purified with Ampure XP. Libraries were generated from WTA amplified material using the Nextera XT DNA Library Preparation Kit with a custom primer (PIPs_P5library) and standard Nextera P7 indexing primers (N70x). Libraries were pooled and sequenced using an Illumina NextSeq 2000.
GSM7311465	GSE232073,GSE232074	other	Patient 1 HSPCs, ADT-derived cDNA	Bone Marrow/Peripheral Blood	We performed SC CITEseq sequencing on unsorted mononuclear cells from 12 patients using a pre-templated instant partitions (PIPs) sequencing platform.,Briefly, cryopreserved cells were thawed, normalized combined in a 1:10 ratio with barcoded PIPs, which were then vortexed and centrifuged into emulsifications. Emulsions were thermocycled, broken, mixed, washed, and pelleted. Reverse transcription was performed, and cDNA synthesis completed. After whole transcriptome amplification, PIPs were column filtered and purified with Ampure XP. Libraries were generated from WTA amplified material using the Nextera XT DNA Library Preparation Kit with a custom primer (PIPs_P5library) and standard Nextera P7 indexing primers (N70x). Libraries were pooled and sequenced using an Illumina NextSeq 2000.
GSM7311467	GSE232073,GSE232074	other	Patient 4 HSPCs, ADT-derived cDNA	Bone Marrow/Peripheral Blood	We performed SC CITEseq sequencing on unsorted mononuclear cells from 12 patients using a pre-templated instant partitions (PIPs) sequencing platform.,Briefly, cryopreserved cells were thawed, normalized combined in a 1:10 ratio with barcoded PIPs, which were then vortexed and centrifuged into emulsifications. Emulsions were thermocycled, broken, mixed, washed, and pelleted. Reverse transcription was performed, and cDNA synthesis completed. After whole transcriptome amplification, PIPs were column filtered and purified with Ampure XP. Libraries were generated from WTA amplified material using the Nextera XT DNA Library Preparation Kit with a custom primer (PIPs_P5library) and standard Nextera P7 indexing primers (N70x). Libraries were pooled and sequenced using an Illumina NextSeq 2000.
GSM7311469	GSE232073,GSE232074	other	Patient 8 HSPCs, ADT-derived cDNA	Bone Marrow/Peripheral Blood	We performed SC CITEseq sequencing on unsorted mononuclear cells from 12 patients using a pre-templated instant partitions (PIPs) sequencing platform.,Briefly, cryopreserved cells were thawed, normalized combined in a 1:10 ratio with barcoded PIPs, which were then vortexed and centrifuged into emulsifications. Emulsions were thermocycled, broken, mixed, washed, and pelleted. Reverse transcription was performed, and cDNA synthesis completed. After whole transcriptome amplification, PIPs were column filtered and purified with Ampure XP. Libraries were generated from WTA amplified material using the Nextera XT DNA Library Preparation Kit with a custom primer (PIPs_P5library) and standard Nextera P7 indexing primers (N70x). Libraries were pooled and sequenced using an Illumina NextSeq 2000.
GSM7311471	GSE232073,GSE232074	other	Patient 11 HSPCs, ADT-derived cDNA	Bone Marrow/Peripheral Blood	We performed SC CITEseq sequencing on unsorted mononuclear cells from 12 patients using a pre-templated instant partitions (PIPs) sequencing platform.,Briefly, cryopreserved cells were thawed, normalized combined in a 1:10 ratio with barcoded PIPs, which were then vortexed and centrifuged into emulsifications. Emulsions were thermocycled, broken, mixed, washed, and pelleted. Reverse transcription was performed, and cDNA synthesis completed. After whole transcriptome amplification, PIPs were column filtered and purified with Ampure XP. Libraries were generated from WTA amplified material using the Nextera XT DNA Library Preparation Kit with a custom primer (PIPs_P5library) and standard Nextera P7 indexing primers (N70x). Libraries were pooled and sequenced using an Illumina NextSeq 2000.
GSM7311473	GSE232073,GSE232074	other	Patient 14 HSPCs, ADT-derived cDNA	Bone Marrow/Peripheral Blood	We performed SC CITEseq sequencing on unsorted mononuclear cells from 12 patients using a pre-templated instant partitions (PIPs) sequencing platform.,Briefly, cryopreserved cells were thawed, normalized combined in a 1:10 ratio with barcoded PIPs, which were then vortexed and centrifuged into emulsifications. Emulsions were thermocycled, broken, mixed, washed, and pelleted. Reverse transcription was performed, and cDNA synthesis completed. After whole transcriptome amplification, PIPs were column filtered and purified with Ampure XP. Libraries were generated from WTA amplified material using the Nextera XT DNA Library Preparation Kit with a custom primer (PIPs_P5library) and standard Nextera P7 indexing primers (N70x). Libraries were pooled and sequenced using an Illumina NextSeq 2000.
GSM7495986	GSE235152	other	cell&oligo without SrtA	K562	OligoFITC.noSrtA and OligoFITC.SrtA library: Oligonucleoides were captured using SMART-seq and enriched with 2X beads selection, followed by two round PCR amplification.,scFB4 library: Library was prepared using Chromium Single Cell3' v3 (10x Genomics),FB4.PA library: CellID-derived cDNA were enriched after cDNA amplification with 2X beads selection and amplified by one round PCR amplification.,Screening library: Genomic DNA (gDNA) was extracted from the sorted cells.The gRNA cassette was amplified  from the gDNA.
GSM7495987	GSE235152	other	cell&oligo with SrtA	K562	OligoFITC.noSrtA and OligoFITC.SrtA library: Oligonucleoides were captured using SMART-seq and enriched with 2X beads selection, followed by two round PCR amplification.,scFB4 library: Library was prepared using Chromium Single Cell3' v3 (10x Genomics),FB4.PA library: CellID-derived cDNA were enriched after cDNA amplification with 2X beads selection and amplified by one round PCR amplification.,Screening library: Genomic DNA (gDNA) was extracted from the sorted cells.The gRNA cassette was amplified  from the gDNA.
GSM7578607	GSE236881	other	CheRNASeq_multiH1sh_Untreated_r1	T47D-MTVL	Chromatin-enriched RNA (CheRNA) fraction was extracted. Briefly, 40x106 T47D cells were lysed in 800 ÂµL ice-cold Lysis Buffer A (10 mM Tris pH 7.5, 0.1% NP-40, 150 mM NaCl) for 5 min on ice. A sucrose cushion (24% sucrose in lysis buffer A) was used to collect nuclei upon centrifugation (200g, 4ÂºC,10min). Pellet was washed with pre-chilled PBS + 1mM EDTA, and resuspended in 500ÂµL ice-cold Glycerol Buffer (20 mM Tris pH 7.9, 75 mM NaCl, 0.5 mM EDTA, 0.85 mM DTT, 0.125 mM PMSF, 50% glycerol). Nuclei were lysed by adding ice-cold Lysis Buffer B (10 mM HEPES pH 7.6, 1mM DTT, 7.5 mM MgCl2, 0.2 mM EDTA, 0.3M NaCl, 1M urea, 1% NP-40) and kept on ice for 10 min, with periodic vortex shaking. Pellet containing chromatin was obtained by centrifugation (14000g, 4ÂºC,2 min), washed twice with pre-chilled PBS+1mM EDTA, and finally resuspended in 100 ÂµL PBS. Che-RNA were purified using TRIZOL reagent (Invitrogen), following the manufacturerâs instructions.,Strand-Specific Transcriptome Library Construction Protocol (DNBSEQ). According to the manufacturerâs instructions, the first step involves the removal of ribosomal RNA (rRNA) using target-specific oligos and RNase H reagents to deplete both cytoplasmic (5S rRNA, 5.8S rRNA, 18S rRNA, and 28S rRNA) and mitochondrial ribosomal RNA (12S rRNA and 16S rRNA) from total RNA preparations. Following SPRI beads purification, the RNA is fragmented into small pieces using divalent cations under elevated temperature. The cleaved RNA fragments are copied into first-strand cDNA using reverse transcriptase and random primers, followed by second-strand cDNA synthesis using DNA Polymerase I and RNase H. This process removes the RNA template and synthesizes a replacement strand, incorporating dUTP in place of dTTP to generate ds cDNA. These cDNA fragments then have the addition of a single 'A' base and subsequent ligation of the adapter. After UDG treatment, the incorporation of dUTP quenches the second strand during amplification. The products are enriched with PCR to create the final cDNA library. The librariesâ quality and quantity were assessed in two methods: check the distribution of the fragment size using the Agilent 2100 bioanalyzer and quantify the library using real-time quantitative PCR (QPCR) (TaqMan Probe). The qualified libraries were sequenced pair end on the BGISEQ-500/ MGISEQ-2000 System (BGI-Shenzhen, China).
GSM7578608	GSE236881	other	CheRNASeq_multiH1sh_Untreated_r2	T47D-MTVL	Chromatin-enriched RNA (CheRNA) fraction was extracted. Briefly, 40x106 T47D cells were lysed in 800 ÂµL ice-cold Lysis Buffer A (10 mM Tris pH 7.5, 0.1% NP-40, 150 mM NaCl) for 5 min on ice. A sucrose cushion (24% sucrose in lysis buffer A) was used to collect nuclei upon centrifugation (200g, 4ÂºC,10min). Pellet was washed with pre-chilled PBS + 1mM EDTA, and resuspended in 500ÂµL ice-cold Glycerol Buffer (20 mM Tris pH 7.9, 75 mM NaCl, 0.5 mM EDTA, 0.85 mM DTT, 0.125 mM PMSF, 50% glycerol). Nuclei were lysed by adding ice-cold Lysis Buffer B (10 mM HEPES pH 7.6, 1mM DTT, 7.5 mM MgCl2, 0.2 mM EDTA, 0.3M NaCl, 1M urea, 1% NP-40) and kept on ice for 10 min, with periodic vortex shaking. Pellet containing chromatin was obtained by centrifugation (14000g, 4ÂºC,2 min), washed twice with pre-chilled PBS+1mM EDTA, and finally resuspended in 100 ÂµL PBS. Che-RNA were purified using TRIZOL reagent (Invitrogen), following the manufacturerâs instructions.,Strand-Specific Transcriptome Library Construction Protocol (DNBSEQ). According to the manufacturerâs instructions, the first step involves the removal of ribosomal RNA (rRNA) using target-specific oligos and RNase H reagents to deplete both cytoplasmic (5S rRNA, 5.8S rRNA, 18S rRNA, and 28S rRNA) and mitochondrial ribosomal RNA (12S rRNA and 16S rRNA) from total RNA preparations. Following SPRI beads purification, the RNA is fragmented into small pieces using divalent cations under elevated temperature. The cleaved RNA fragments are copied into first-strand cDNA using reverse transcriptase and random primers, followed by second-strand cDNA synthesis using DNA Polymerase I and RNase H. This process removes the RNA template and synthesizes a replacement strand, incorporating dUTP in place of dTTP to generate ds cDNA. These cDNA fragments then have the addition of a single 'A' base and subsequent ligation of the adapter. After UDG treatment, the incorporation of dUTP quenches the second strand during amplification. The products are enriched with PCR to create the final cDNA library. The librariesâ quality and quantity were assessed in two methods: check the distribution of the fragment size using the Agilent 2100 bioanalyzer and quantify the library using real-time quantitative PCR (QPCR) (TaqMan Probe). The qualified libraries were sequenced pair end on the BGISEQ-500/ MGISEQ-2000 System (BGI-Shenzhen, China).
GSM7597610	GSE237239	other	HTO_Hashtag_R342_DMSO, scRNAseq	peripheral blood	Human Peripheral Blood Mononuclear Cells (PBMCs) used in this study are obtained after consent from AML patients. PBMCs were isolated from peripheral blood after centrifugation to separate them from plasma and other peripheral blood components using ficoll-Hystopaque density gradient centrifugation. After the separation of PBMCs from whole blood, the cells were preserved using : Cryopreservation that consists of freezing the cells at -80Â°C or in liquid nitrogen at -195.79Â°C for a long period using freezing medium (90% FBS and 10% DMSO), the second method to preserve the cell is the cell fixation using the pre-chiled methanol before storage at -80Â°C . . Cryopreserved cells in liquid nitrogen were thawed at 37Â°C. Cells were rinsed with RPMI 1640 medium to remove the DMSO-containing freezing medium. To enrich the samples with live cells, dead cells were removed using the Dead Cell Removal Kit. Before starting cell labeling, a 50-Î¼L aliquot containing 1,000,000 cells suspended in a Cell Staining Buffer (CSB) with >95% viability was prepared for each sample. The antibodies used for labeling were TotalSeq -A0251(HTO1) and -A0252 (HTO2) antibody-oligo (Biolegend). Next, we proceeded to the labeling step. For this, 1Î¼g HTO is added to each cell suspension. The two labeled samples are then incubated for 30 minutes at 4Â°C. The cells then undergo 3 successive washes with 3.5 mL of CSB and centrifugation at 400 g for 5 minutes at 5Â°C. Finally, the cells are resuspended at a concentration of 1.106 cells/mL in PBS. To rehydrate methanol-fixed PBMCs, the cells were thawed from -80Â°C to 4Â°C and incubated for 5 minutes. After incubation, the cells were centrifuged at 1000 g for 5 minutes, and the methanol was carefully removed. The resulting cell pellet was then resuspended in a rehydration buffer containing 3x SSC buffer, 0.04% BSA, 1mM DTT, and 0.2 U/Âµl RNase inhibitor. Finally, the cell concentration was determined by counting the cells using the LUNA FL cell counter. This rehydration process allows for the preparation of viable and well-dispersed PBMCs for downstream analyses.,Library was performed according to the manufacterâs instructions Chromium Next Gem Single Cell 3' Reagent Kits v3.1 with Feature Barcoding technology for Cell Surface Protein (for the cryoconserved cells), and and the user guide single cell 3â v3 protocol, 10x Genomics (for fixed cells). Briefly, PBMCs labeled with/without HTOs were resuspended in the master mix and loaded together with partitioning oil and gel beads into the chip to generate the gel bead-in-emulsion (GEM). The poly-A RNA from the cell lysate contained in every single GEM was retrotranscripted to cDNA, which contains an Ilumina R1 primer sequence, Unique Molecular Identifier (UMI) and the 10x Barcode. The pooled barcoded cDNA was then cleaned up with Silane DynaBeads, amplified by PCR and the apropiated sized fragments were selected with SPRIselect reagent for subsequent library construction. During the library construction Ilumina R2 primer sequence, paired-end constructs with P5 and P7 sequences and a sample index were added.
GSM7621965	GSE237457,GSE237460	other	HeLa-TREx_EMPTY_VECTOR clone 6.2 (REP1)	HeLa TREx Flp-In, human cervix, epitheloid carcinoma	Total RNA was extracted using Trizol (Thermofisher cat. 15596026); 4sU-labelled RNA was extracted as described (Austenaa et al. 2015, PMID 26593720),Library preparation was performed using the TruSeq Stranded Total RNA sample preparation kit (Illumina RS-122-9007) using 80-200 ng of 4sU-labelled RNA, without ribosomal depletion.
GSM7621966	GSE237457,GSE237460	other	HeLa-TREx_EMPTY_VECTOR clone 10.2 (REP2)	HeLa TREx Flp-In, human cervix, epitheloid carcinoma	Total RNA was extracted using Trizol (Thermofisher cat. 15596026); 4sU-labelled RNA was extracted as described (Austenaa et al. 2015, PMID 26593720),Library preparation was performed using the TruSeq Stranded Total RNA sample preparation kit (Illumina RS-122-9007) using 80-200 ng of 4sU-labelled RNA, without ribosomal depletion.
GSM7621967	GSE237457,GSE237460	other	HeLa-TREx_EMPTY_VECTOR clone 12.2 (REP3)	HeLa TREx Flp-In, human cervix, epitheloid carcinoma	Total RNA was extracted using Trizol (Thermofisher cat. 15596026); 4sU-labelled RNA was extracted as described (Austenaa et al. 2015, PMID 26593720),Library preparation was performed using the TruSeq Stranded Total RNA sample preparation kit (Illumina RS-122-9007) using 80-200 ng of 4sU-labelled RNA, without ribosomal depletion.
GSM7621968	GSE237457,GSE237460	other	HeLa-TREx_NTERMINUS clone 3 (REP1)	HeLa TREx Flp-In, human cervix, epitheloid carcinoma	Total RNA was extracted using Trizol (Thermofisher cat. 15596026); 4sU-labelled RNA was extracted as described (Austenaa et al. 2015, PMID 26593720),Library preparation was performed using the TruSeq Stranded Total RNA sample preparation kit (Illumina RS-122-9007) using 80-200 ng of 4sU-labelled RNA, without ribosomal depletion.
GSM7621969	GSE237457,GSE237460	other	HeLa-TREx_NTERMINUS clone 5 (REP2)	HeLa TREx Flp-In, human cervix, epitheloid carcinoma	Total RNA was extracted using Trizol (Thermofisher cat. 15596026); 4sU-labelled RNA was extracted as described (Austenaa et al. 2015, PMID 26593720),Library preparation was performed using the TruSeq Stranded Total RNA sample preparation kit (Illumina RS-122-9007) using 80-200 ng of 4sU-labelled RNA, without ribosomal depletion.
GSM7621970	GSE237457,GSE237460	other	HeLa-TREx_NTERMINUS clone 15 (REP3)	HeLa TREx Flp-In, human cervix, epitheloid carcinoma	Total RNA was extracted using Trizol (Thermofisher cat. 15596026); 4sU-labelled RNA was extracted as described (Austenaa et al. 2015, PMID 26593720),Library preparation was performed using the TruSeq Stranded Total RNA sample preparation kit (Illumina RS-122-9007) using 80-200 ng of 4sU-labelled RNA, without ribosomal depletion.
GSM7621971	GSE237457,GSE237460	other	HeLa-TREx_EMPTY_VECTOR clone 6.1 (REP1)	HeLa TREx Flp-In, human cervix, epitheloid carcinoma	Total RNA was extracted using Trizol (Thermofisher cat. 15596026); 4sU-labelled RNA was extracted as described (Austenaa et al. 2015, PMID 26593720),Library preparation was performed using the TruSeq Stranded Total RNA sample preparation kit (Illumina RS-122-9007) using 80-200 ng of 4sU-labelled RNA, without ribosomal depletion.
GSM7621972	GSE237457,GSE237460	other	HeLa-TREx_EMPTY_VECTOR clone 10.1 (REP2)	HeLa TREx Flp-In, human cervix, epitheloid carcinoma	Total RNA was extracted using Trizol (Thermofisher cat. 15596026); 4sU-labelled RNA was extracted as described (Austenaa et al. 2015, PMID 26593720),Library preparation was performed using the TruSeq Stranded Total RNA sample preparation kit (Illumina RS-122-9007) using 80-200 ng of 4sU-labelled RNA, without ribosomal depletion.
GSM7621973	GSE237457,GSE237460	other	HeLa-TREx_EMPTY_VECTOR clone 12.1 (REP3)	HeLa TREx Flp-In, human cervix, epitheloid carcinoma	Total RNA was extracted using Trizol (Thermofisher cat. 15596026); 4sU-labelled RNA was extracted as described (Austenaa et al. 2015, PMID 26593720),Library preparation was performed using the TruSeq Stranded Total RNA sample preparation kit (Illumina RS-122-9007) using 80-200 ng of 4sU-labelled RNA, without ribosomal depletion.
GSM7621974	GSE237457,GSE237460	other	HeLa-TREx_ZC3H4_FULL_LENGTH clone 4  (REP1)	HeLa TREx Flp-In, human cervix, epitheloid carcinoma	Total RNA was extracted using Trizol (Thermofisher cat. 15596026); 4sU-labelled RNA was extracted as described (Austenaa et al. 2015, PMID 26593720),Library preparation was performed using the TruSeq Stranded Total RNA sample preparation kit (Illumina RS-122-9007) using 80-200 ng of 4sU-labelled RNA, without ribosomal depletion.
GSM7621975	GSE237457,GSE237460	other	HeLa-TREx_ZC3H4_FULL_LENGTH clone 7 (REP2)	HeLa TREx Flp-In, human cervix, epitheloid carcinoma	Total RNA was extracted using Trizol (Thermofisher cat. 15596026); 4sU-labelled RNA was extracted as described (Austenaa et al. 2015, PMID 26593720),Library preparation was performed using the TruSeq Stranded Total RNA sample preparation kit (Illumina RS-122-9007) using 80-200 ng of 4sU-labelled RNA, without ribosomal depletion.
GSM7621976	GSE237457,GSE237460	other	HeLa-TREx_ZC3H4_FULL_LENGTH clone 9 (REP3)	HeLa TREx Flp-In, human cervix, epitheloid carcinoma	Total RNA was extracted using Trizol (Thermofisher cat. 15596026); 4sU-labelled RNA was extracted as described (Austenaa et al. 2015, PMID 26593720),Library preparation was performed using the TruSeq Stranded Total RNA sample preparation kit (Illumina RS-122-9007) using 80-200 ng of 4sU-labelled RNA, without ribosomal depletion.
GSM7621977	GSE237457,GSE237460	other	HeLa-TREx_ZC3H4_CTERMINUS clone 3  (REP1)	HeLa TREx Flp-In, human cervix, epitheloid carcinoma	Total RNA was extracted using Trizol (Thermofisher cat. 15596026); 4sU-labelled RNA was extracted as described (Austenaa et al. 2015, PMID 26593720),Library preparation was performed using the TruSeq Stranded Total RNA sample preparation kit (Illumina RS-122-9007) using 80-200 ng of 4sU-labelled RNA, without ribosomal depletion.
GSM7621978	GSE237457,GSE237460	other	HeLa-TREx_ZC3H4_CTERMINUS clone 5 (REP2)	HeLa TREx Flp-In, human cervix, epitheloid carcinoma	Total RNA was extracted using Trizol (Thermofisher cat. 15596026); 4sU-labelled RNA was extracted as described (Austenaa et al. 2015, PMID 26593720),Library preparation was performed using the TruSeq Stranded Total RNA sample preparation kit (Illumina RS-122-9007) using 80-200 ng of 4sU-labelled RNA, without ribosomal depletion.
GSM7621979	GSE237457,GSE237460	other	HeLa-TREx_ZC3H4_CTERMINUS clone 9 (REP3)	HeLa TREx Flp-In, human cervix, epitheloid carcinoma	Total RNA was extracted using Trizol (Thermofisher cat. 15596026); 4sU-labelled RNA was extracted as described (Austenaa et al. 2015, PMID 26593720),Library preparation was performed using the TruSeq Stranded Total RNA sample preparation kit (Illumina RS-122-9007) using 80-200 ng of 4sU-labelled RNA, without ribosomal depletion.
GSM7621980	GSE237458,GSE237460	other	HCT116_CTRL_repl_1	HCT-116, human colon, colorectal carcinoma	Total RNA was extracted using Trizol (Thermo Fisher cat. 15596026); 4sU-labelled RNA was extracted as described (PMID 26593720),Library preparation was performed using the TruSeq Stranded Total RNA sample preparation kit (Illumina RS-122-9007) using 80-200 ng of nascent 4sU-labelled RNA, without ribosomal depletion.
GSM7621981	GSE237458,GSE237460	other	HCT116_CTRL_repl_2	HCT-116, human colon, colorectal carcinoma	Total RNA was extracted using Trizol (Thermo Fisher cat. 15596026); 4sU-labelled RNA was extracted as described (PMID 26593720),Library preparation was performed using the TruSeq Stranded Total RNA sample preparation kit (Illumina RS-122-9007) using 80-200 ng of nascent 4sU-labelled RNA, without ribosomal depletion.
GSM7621982	GSE237458,GSE237460	other	HCT116_CTRL_repl_3	HCT-116, human colon, colorectal carcinoma	Total RNA was extracted using Trizol (Thermo Fisher cat. 15596026); 4sU-labelled RNA was extracted as described (PMID 26593720),Library preparation was performed using the TruSeq Stranded Total RNA sample preparation kit (Illumina RS-122-9007) using 80-200 ng of nascent 4sU-labelled RNA, without ribosomal depletion.
GSM7621983	GSE237458,GSE237460	other	HCT116_CTRL_AUX_repl_1	HCT-116, human colon, colorectal carcinoma	Total RNA was extracted using Trizol (Thermo Fisher cat. 15596026); 4sU-labelled RNA was extracted as described (PMID 26593720),Library preparation was performed using the TruSeq Stranded Total RNA sample preparation kit (Illumina RS-122-9007) using 80-200 ng of nascent 4sU-labelled RNA, without ribosomal depletion.
GSM7621984	GSE237458,GSE237460	other	HCT116_CTRL_AUX_repl_2	HCT-116, human colon, colorectal carcinoma	Total RNA was extracted using Trizol (Thermo Fisher cat. 15596026); 4sU-labelled RNA was extracted as described (PMID 26593720),Library preparation was performed using the TruSeq Stranded Total RNA sample preparation kit (Illumina RS-122-9007) using 80-200 ng of nascent 4sU-labelled RNA, without ribosomal depletion.
GSM7621985	GSE237458,GSE237460	other	HCT116_CTRL_AUX_repl_3	HCT-116, human colon, colorectal carcinoma	Total RNA was extracted using Trizol (Thermo Fisher cat. 15596026); 4sU-labelled RNA was extracted as described (PMID 26593720),Library preparation was performed using the TruSeq Stranded Total RNA sample preparation kit (Illumina RS-122-9007) using 80-200 ng of nascent 4sU-labelled RNA, without ribosomal depletion.
GSM7621986	GSE237458,GSE237460	other	HCT116_siSYMPK_repl_1	HCT-116, human colon, colorectal carcinoma	Total RNA was extracted using Trizol (Thermo Fisher cat. 15596026); 4sU-labelled RNA was extracted as described (PMID 26593720),Library preparation was performed using the TruSeq Stranded Total RNA sample preparation kit (Illumina RS-122-9007) using 80-200 ng of nascent 4sU-labelled RNA, without ribosomal depletion.
GSM7621987	GSE237458,GSE237460	other	HCT116_siSYMPK_repl_2	HCT-116, human colon, colorectal carcinoma	Total RNA was extracted using Trizol (Thermo Fisher cat. 15596026); 4sU-labelled RNA was extracted as described (PMID 26593720),Library preparation was performed using the TruSeq Stranded Total RNA sample preparation kit (Illumina RS-122-9007) using 80-200 ng of nascent 4sU-labelled RNA, without ribosomal depletion.
GSM7621988	GSE237458,GSE237460	other	HCT116_siSYMPK_repl_3	HCT-116, human colon, colorectal carcinoma	Total RNA was extracted using Trizol (Thermo Fisher cat. 15596026); 4sU-labelled RNA was extracted as described (PMID 26593720),Library preparation was performed using the TruSeq Stranded Total RNA sample preparation kit (Illumina RS-122-9007) using 80-200 ng of nascent 4sU-labelled RNA, without ribosomal depletion.
GSM7621989	GSE237458,GSE237460	other	HCT116_siSYMPK_AUX_repl_1	HCT-116, human colon, colorectal carcinoma	Total RNA was extracted using Trizol (Thermo Fisher cat. 15596026); 4sU-labelled RNA was extracted as described (PMID 26593720),Library preparation was performed using the TruSeq Stranded Total RNA sample preparation kit (Illumina RS-122-9007) using 80-200 ng of nascent 4sU-labelled RNA, without ribosomal depletion.
GSM7621990	GSE237458,GSE237460	other	HCT116_siSYMPK_AUX_repl_2	HCT-116, human colon, colorectal carcinoma	Total RNA was extracted using Trizol (Thermo Fisher cat. 15596026); 4sU-labelled RNA was extracted as described (PMID 26593720),Library preparation was performed using the TruSeq Stranded Total RNA sample preparation kit (Illumina RS-122-9007) using 80-200 ng of nascent 4sU-labelled RNA, without ribosomal depletion.
GSM7621991	GSE237458,GSE237460	other	HCT116_siSYMPK_AUX_repl_3	HCT-116, human colon, colorectal carcinoma	Total RNA was extracted using Trizol (Thermo Fisher cat. 15596026); 4sU-labelled RNA was extracted as described (PMID 26593720),Library preparation was performed using the TruSeq Stranded Total RNA sample preparation kit (Illumina RS-122-9007) using 80-200 ng of nascent 4sU-labelled RNA, without ribosomal depletion.
GSM7621992	GSE237459,GSE237460	other	HCT116_CTRL_rep_1	HCT-116, human colon, colorectal carcinoma	Total RNA was extracted using Trizol (Thermo-Fisher cat. 15596026); 4sU-labelled RNA was extracted as described (PMID 26593720),Library preparation was performed using the TruSeq Stranded Total RNA sample preparation kit (Illumina RS-122-9007) using 80-200 ng of nascent 4sU-labelled RNA, without ribosomal depletion.
GSM7621993	GSE237459,GSE237460	other	HCT116_AUX_rep_1	HCT-116, human colon, colorectal carcinoma	Total RNA was extracted using Trizol (Thermo-Fisher cat. 15596026); 4sU-labelled RNA was extracted as described (PMID 26593720),Library preparation was performed using the TruSeq Stranded Total RNA sample preparation kit (Illumina RS-122-9007) using 80-200 ng of nascent 4sU-labelled RNA, without ribosomal depletion.
GSM7621994	GSE237459,GSE237460	other	HCT116_dTAG SYMPK_rep_1	HCT-116, human colon, colorectal carcinoma	Total RNA was extracted using Trizol (Thermo-Fisher cat. 15596026); 4sU-labelled RNA was extracted as described (PMID 26593720),Library preparation was performed using the TruSeq Stranded Total RNA sample preparation kit (Illumina RS-122-9007) using 80-200 ng of nascent 4sU-labelled RNA, without ribosomal depletion.
GSM7621995	GSE237459,GSE237460	other	HCT116_AUX_dTAG SYMPK_rep_1	HCT-116, human colon, colorectal carcinoma	Total RNA was extracted using Trizol (Thermo-Fisher cat. 15596026); 4sU-labelled RNA was extracted as described (PMID 26593720),Library preparation was performed using the TruSeq Stranded Total RNA sample preparation kit (Illumina RS-122-9007) using 80-200 ng of nascent 4sU-labelled RNA, without ribosomal depletion.
GSM7621996	GSE237459,GSE237460	other	HCT116_CTRL rep_2	HCT-116, human colon, colorectal carcinoma	Total RNA was extracted using Trizol (Thermo-Fisher cat. 15596026); 4sU-labelled RNA was extracted as described (PMID 26593720),Library preparation was performed using the TruSeq Stranded Total RNA sample preparation kit (Illumina RS-122-9007) using 80-200 ng of nascent 4sU-labelled RNA, without ribosomal depletion.
GSM7621997	GSE237459,GSE237460	other	HCT116_AUX_rep_2	HCT-116, human colon, colorectal carcinoma	Total RNA was extracted using Trizol (Thermo-Fisher cat. 15596026); 4sU-labelled RNA was extracted as described (PMID 26593720),Library preparation was performed using the TruSeq Stranded Total RNA sample preparation kit (Illumina RS-122-9007) using 80-200 ng of nascent 4sU-labelled RNA, without ribosomal depletion.
GSM7621998	GSE237459,GSE237460	other	HCT116_dTAG SYMPK_rep_2	HCT-116, human colon, colorectal carcinoma	Total RNA was extracted using Trizol (Thermo-Fisher cat. 15596026); 4sU-labelled RNA was extracted as described (PMID 26593720),Library preparation was performed using the TruSeq Stranded Total RNA sample preparation kit (Illumina RS-122-9007) using 80-200 ng of nascent 4sU-labelled RNA, without ribosomal depletion.
GSM7621999	GSE237459,GSE237460	other	HCT116_AUX_dTAG SYMPK_rep_2	HCT-116, human colon, colorectal carcinoma	Total RNA was extracted using Trizol (Thermo-Fisher cat. 15596026); 4sU-labelled RNA was extracted as described (PMID 26593720),Library preparation was performed using the TruSeq Stranded Total RNA sample preparation kit (Illumina RS-122-9007) using 80-200 ng of nascent 4sU-labelled RNA, without ribosomal depletion.
GSM7653169	GSE237780	other	ESI017 WT+1G4TCR SP8 (A02BI Stroma), replicate 1, VDJ scRNA-seq	ESI017 WT ESO hPSC	Isolation of ATO-derived SP8: ATOs were harvested by adding MACS buffer (PBS, 0.5% bovine serum albumin, 2mM EDTA) to each filter, briefly disaggregating the ATO by pipetting with a 1mL âP1000â pipette, and then passed through a 50Âµm nylon strainer; SP8 T cells were harvested after 6 Weeks of T cell differentiation, and DP precursors were harvested after 3 Weeks. For bulk-scale collection of ATOs, aggregates were harvested in a similar fashion; however, up to 150 aggregates were collected in a well filled with MACS buffer and then transferred onto a 50Âµm nylon filter, where aggregates were physically dissociated on top of the filter using the back end of a sterile 1mL syringe. After dissociation, the filter was washed with MACS buffer, and cell mixtures were centrifuged at 300 x g for 5m at 4C in a swinging bucket centrifuge.,Single cell RNA library preparation and sequencing: ATO-derived T cells were isolated as described above and then FACS-sorted for ATO-derived SP8 T cells from WT (mCD29-CD45+CD8a+CD4-) and 1G4 TCR-transduced (mCD29-mTagBFP2+CD45+CD8a+CD4-) PSCs ATOs into PBS + 0.04% bovine serum albumin. For ESI017 WT PSCs differentiated in MS5-hDLL4 stroma ATOs, SP8 and CD45+ fractions were both collected. Cells were counted and resuspended at a concentration of ~1000 cells/ÂµL and provided to the Technology Center for Genomics and Bioinformatics (TCGB) core for unique molecular identifier (UMI) tagging and generation of gene expression (GEX) and human TCR repertoire (VDJ) libraries using the 10X Chromium Next GEM Single Cell V(D)J Reagent Kit v1.1 (10X Genomics, Pleasanton, CA). Similarly, peripheral blood (PB) SP8s were FACS-isolated (CD45+CD8A+CD8B+CD4-TCRab+CD3+) from PB mononuclear cells obtained from healthy donors, and provided to the TCGB core for UMI tagging and library generation. Fully constructed libraries for all samples were run in one S4 flowcell on the Illumina Novaseq Platform.,5' Gene Expression (GEX), VDJ, and Feature Barcoding libraries were constructed according to the manufacturer's instructions (Chromium Next GEM Single Cell 5' Reagent Kits v2, 10X Genomics).
GSM7669047	GSE239626	other	Patient Placebo N1 J0, ADT	Blood	Live lymphocytes from 5 vitamin D-treated MS patients and 5 placebo-treated MS patients.,Construction of gene expression (GEX) libraries and cell-surface protein expression (CellSurface) libraries were performed according to the manufacterâs instructions (Chromium Next GEM Single Cell 3â Reagent Kits (v3.1 single index) with Feature Barcoding technology for Cell Surface Protein protocol, 10x Genomics, https://www.10xgenomics.com/support/single-cell-gene-expression/documentation/steps/library-prep/chromium-single-cell-3-reagent-kits-user-guide-v-3-1-chemistry-with-feature-barcoding-technology-for-cell-surface-protein) by MGX platform (IGF, Montpellier, France).
GSM7669049	GSE239626	other	Patient Placebo N1 M3, ADT	Blood	Live lymphocytes from 5 vitamin D-treated MS patients and 5 placebo-treated MS patients.,Construction of gene expression (GEX) libraries and cell-surface protein expression (CellSurface) libraries were performed according to the manufacterâs instructions (Chromium Next GEM Single Cell 3â Reagent Kits (v3.1 single index) with Feature Barcoding technology for Cell Surface Protein protocol, 10x Genomics, https://www.10xgenomics.com/support/single-cell-gene-expression/documentation/steps/library-prep/chromium-single-cell-3-reagent-kits-user-guide-v-3-1-chemistry-with-feature-barcoding-technology-for-cell-surface-protein) by MGX platform (IGF, Montpellier, France).
GSM7669051	GSE239626	other	Patient Placebo N2 J0, ADT	Blood	Live lymphocytes from 5 vitamin D-treated MS patients and 5 placebo-treated MS patients.,Construction of gene expression (GEX) libraries and cell-surface protein expression (CellSurface) libraries were performed according to the manufacterâs instructions (Chromium Next GEM Single Cell 3â Reagent Kits (v3.1 single index) with Feature Barcoding technology for Cell Surface Protein protocol, 10x Genomics, https://www.10xgenomics.com/support/single-cell-gene-expression/documentation/steps/library-prep/chromium-single-cell-3-reagent-kits-user-guide-v-3-1-chemistry-with-feature-barcoding-technology-for-cell-surface-protein) by MGX platform (IGF, Montpellier, France).
GSM7669053	GSE239626	other	Patient Placebo N2 M3, ADT	Blood	Live lymphocytes from 5 vitamin D-treated MS patients and 5 placebo-treated MS patients.,Construction of gene expression (GEX) libraries and cell-surface protein expression (CellSurface) libraries were performed according to the manufacterâs instructions (Chromium Next GEM Single Cell 3â Reagent Kits (v3.1 single index) with Feature Barcoding technology for Cell Surface Protein protocol, 10x Genomics, https://www.10xgenomics.com/support/single-cell-gene-expression/documentation/steps/library-prep/chromium-single-cell-3-reagent-kits-user-guide-v-3-1-chemistry-with-feature-barcoding-technology-for-cell-surface-protein) by MGX platform (IGF, Montpellier, France).
GSM7669055	GSE239626	other	Patient Placebo N3 J0, ADT	Blood	Live lymphocytes from 5 vitamin D-treated MS patients and 5 placebo-treated MS patients.,Construction of gene expression (GEX) libraries and cell-surface protein expression (CellSurface) libraries were performed according to the manufacterâs instructions (Chromium Next GEM Single Cell 3â Reagent Kits (v3.1 single index) with Feature Barcoding technology for Cell Surface Protein protocol, 10x Genomics, https://www.10xgenomics.com/support/single-cell-gene-expression/documentation/steps/library-prep/chromium-single-cell-3-reagent-kits-user-guide-v-3-1-chemistry-with-feature-barcoding-technology-for-cell-surface-protein) by MGX platform (IGF, Montpellier, France).
GSM7669057	GSE239626	other	Patient Placebo N3 M3, ADT	Blood	Live lymphocytes from 5 vitamin D-treated MS patients and 5 placebo-treated MS patients.,Construction of gene expression (GEX) libraries and cell-surface protein expression (CellSurface) libraries were performed according to the manufacterâs instructions (Chromium Next GEM Single Cell 3â Reagent Kits (v3.1 single index) with Feature Barcoding technology for Cell Surface Protein protocol, 10x Genomics, https://www.10xgenomics.com/support/single-cell-gene-expression/documentation/steps/library-prep/chromium-single-cell-3-reagent-kits-user-guide-v-3-1-chemistry-with-feature-barcoding-technology-for-cell-surface-protein) by MGX platform (IGF, Montpellier, France).
GSM7669059	GSE239626	other	Patient Placebo N4 J0, ADT	Blood	Live lymphocytes from 5 vitamin D-treated MS patients and 5 placebo-treated MS patients.,Construction of gene expression (GEX) libraries and cell-surface protein expression (CellSurface) libraries were performed according to the manufacterâs instructions (Chromium Next GEM Single Cell 3â Reagent Kits (v3.1 single index) with Feature Barcoding technology for Cell Surface Protein protocol, 10x Genomics, https://www.10xgenomics.com/support/single-cell-gene-expression/documentation/steps/library-prep/chromium-single-cell-3-reagent-kits-user-guide-v-3-1-chemistry-with-feature-barcoding-technology-for-cell-surface-protein) by MGX platform (IGF, Montpellier, France).
GSM7669061	GSE239626	other	Patient Placebo N4 M3, ADT	Blood	Live lymphocytes from 5 vitamin D-treated MS patients and 5 placebo-treated MS patients.,Construction of gene expression (GEX) libraries and cell-surface protein expression (CellSurface) libraries were performed according to the manufacterâs instructions (Chromium Next GEM Single Cell 3â Reagent Kits (v3.1 single index) with Feature Barcoding technology for Cell Surface Protein protocol, 10x Genomics, https://www.10xgenomics.com/support/single-cell-gene-expression/documentation/steps/library-prep/chromium-single-cell-3-reagent-kits-user-guide-v-3-1-chemistry-with-feature-barcoding-technology-for-cell-surface-protein) by MGX platform (IGF, Montpellier, France).
GSM7669063	GSE239626	other	Patient Placebo N5 J0, ADT	Blood	Live lymphocytes from 5 vitamin D-treated MS patients and 5 placebo-treated MS patients.,Construction of gene expression (GEX) libraries and cell-surface protein expression (CellSurface) libraries were performed according to the manufacterâs instructions (Chromium Next GEM Single Cell 3â Reagent Kits (v3.1 single index) with Feature Barcoding technology for Cell Surface Protein protocol, 10x Genomics, https://www.10xgenomics.com/support/single-cell-gene-expression/documentation/steps/library-prep/chromium-single-cell-3-reagent-kits-user-guide-v-3-1-chemistry-with-feature-barcoding-technology-for-cell-surface-protein) by MGX platform (IGF, Montpellier, France).
GSM7669065	GSE239626	other	Patient Placebo N5 M3, ADT	Blood	Live lymphocytes from 5 vitamin D-treated MS patients and 5 placebo-treated MS patients.,Construction of gene expression (GEX) libraries and cell-surface protein expression (CellSurface) libraries were performed according to the manufacterâs instructions (Chromium Next GEM Single Cell 3â Reagent Kits (v3.1 single index) with Feature Barcoding technology for Cell Surface Protein protocol, 10x Genomics, https://www.10xgenomics.com/support/single-cell-gene-expression/documentation/steps/library-prep/chromium-single-cell-3-reagent-kits-user-guide-v-3-1-chemistry-with-feature-barcoding-technology-for-cell-surface-protein) by MGX platform (IGF, Montpellier, France).
GSM7669067	GSE239626	other	Patient Vitamin D N1 J0, ADT	Blood	Live lymphocytes from 5 vitamin D-treated MS patients and 5 placebo-treated MS patients.,Construction of gene expression (GEX) libraries and cell-surface protein expression (CellSurface) libraries were performed according to the manufacterâs instructions (Chromium Next GEM Single Cell 3â Reagent Kits (v3.1 single index) with Feature Barcoding technology for Cell Surface Protein protocol, 10x Genomics, https://www.10xgenomics.com/support/single-cell-gene-expression/documentation/steps/library-prep/chromium-single-cell-3-reagent-kits-user-guide-v-3-1-chemistry-with-feature-barcoding-technology-for-cell-surface-protein) by MGX platform (IGF, Montpellier, France).
GSM7669069	GSE239626	other	Patient Vitamin D N1 M3, ADT	Blood	Live lymphocytes from 5 vitamin D-treated MS patients and 5 placebo-treated MS patients.,Construction of gene expression (GEX) libraries and cell-surface protein expression (CellSurface) libraries were performed according to the manufacterâs instructions (Chromium Next GEM Single Cell 3â Reagent Kits (v3.1 single index) with Feature Barcoding technology for Cell Surface Protein protocol, 10x Genomics, https://www.10xgenomics.com/support/single-cell-gene-expression/documentation/steps/library-prep/chromium-single-cell-3-reagent-kits-user-guide-v-3-1-chemistry-with-feature-barcoding-technology-for-cell-surface-protein) by MGX platform (IGF, Montpellier, France).
GSM7669071	GSE239626	other	Patient Vitamin D N2 J0, ADT	Blood	Live lymphocytes from 5 vitamin D-treated MS patients and 5 placebo-treated MS patients.,Construction of gene expression (GEX) libraries and cell-surface protein expression (CellSurface) libraries were performed according to the manufacterâs instructions (Chromium Next GEM Single Cell 3â Reagent Kits (v3.1 single index) with Feature Barcoding technology for Cell Surface Protein protocol, 10x Genomics, https://www.10xgenomics.com/support/single-cell-gene-expression/documentation/steps/library-prep/chromium-single-cell-3-reagent-kits-user-guide-v-3-1-chemistry-with-feature-barcoding-technology-for-cell-surface-protein) by MGX platform (IGF, Montpellier, France).
GSM7669073	GSE239626	other	Patient Vitamin D N2 M3, ADT	Blood	Live lymphocytes from 5 vitamin D-treated MS patients and 5 placebo-treated MS patients.,Construction of gene expression (GEX) libraries and cell-surface protein expression (CellSurface) libraries were performed according to the manufacterâs instructions (Chromium Next GEM Single Cell 3â Reagent Kits (v3.1 single index) with Feature Barcoding technology for Cell Surface Protein protocol, 10x Genomics, https://www.10xgenomics.com/support/single-cell-gene-expression/documentation/steps/library-prep/chromium-single-cell-3-reagent-kits-user-guide-v-3-1-chemistry-with-feature-barcoding-technology-for-cell-surface-protein) by MGX platform (IGF, Montpellier, France).
GSM7669075	GSE239626	other	Patient Vitamin D N3 J0, ADT	Blood	Live lymphocytes from 5 vitamin D-treated MS patients and 5 placebo-treated MS patients.,Construction of gene expression (GEX) libraries and cell-surface protein expression (CellSurface) libraries were performed according to the manufacterâs instructions (Chromium Next GEM Single Cell 3â Reagent Kits (v3.1 single index) with Feature Barcoding technology for Cell Surface Protein protocol, 10x Genomics, https://www.10xgenomics.com/support/single-cell-gene-expression/documentation/steps/library-prep/chromium-single-cell-3-reagent-kits-user-guide-v-3-1-chemistry-with-feature-barcoding-technology-for-cell-surface-protein) by MGX platform (IGF, Montpellier, France).
GSM7669077	GSE239626	other	Patient Vitamin D N3 M3, ADT	Blood	Live lymphocytes from 5 vitamin D-treated MS patients and 5 placebo-treated MS patients.,Construction of gene expression (GEX) libraries and cell-surface protein expression (CellSurface) libraries were performed according to the manufacterâs instructions (Chromium Next GEM Single Cell 3â Reagent Kits (v3.1 single index) with Feature Barcoding technology for Cell Surface Protein protocol, 10x Genomics, https://www.10xgenomics.com/support/single-cell-gene-expression/documentation/steps/library-prep/chromium-single-cell-3-reagent-kits-user-guide-v-3-1-chemistry-with-feature-barcoding-technology-for-cell-surface-protein) by MGX platform (IGF, Montpellier, France).
GSM7669079	GSE239626	other	Patient Vitamin D N4 J0, ADT	Blood	Live lymphocytes from 5 vitamin D-treated MS patients and 5 placebo-treated MS patients.,Construction of gene expression (GEX) libraries and cell-surface protein expression (CellSurface) libraries were performed according to the manufacterâs instructions (Chromium Next GEM Single Cell 3â Reagent Kits (v3.1 single index) with Feature Barcoding technology for Cell Surface Protein protocol, 10x Genomics, https://www.10xgenomics.com/support/single-cell-gene-expression/documentation/steps/library-prep/chromium-single-cell-3-reagent-kits-user-guide-v-3-1-chemistry-with-feature-barcoding-technology-for-cell-surface-protein) by MGX platform (IGF, Montpellier, France).
GSM7669081	GSE239626	other	Patient Vitamin D N4 M3, ADT	Blood	Live lymphocytes from 5 vitamin D-treated MS patients and 5 placebo-treated MS patients.,Construction of gene expression (GEX) libraries and cell-surface protein expression (CellSurface) libraries were performed according to the manufacterâs instructions (Chromium Next GEM Single Cell 3â Reagent Kits (v3.1 single index) with Feature Barcoding technology for Cell Surface Protein protocol, 10x Genomics, https://www.10xgenomics.com/support/single-cell-gene-expression/documentation/steps/library-prep/chromium-single-cell-3-reagent-kits-user-guide-v-3-1-chemistry-with-feature-barcoding-technology-for-cell-surface-protein) by MGX platform (IGF, Montpellier, France).
GSM7669083	GSE239626	other	Patient Vitamin D N5 J0, ADT	Blood	Live lymphocytes from 5 vitamin D-treated MS patients and 5 placebo-treated MS patients.,Construction of gene expression (GEX) libraries and cell-surface protein expression (CellSurface) libraries were performed according to the manufacterâs instructions (Chromium Next GEM Single Cell 3â Reagent Kits (v3.1 single index) with Feature Barcoding technology for Cell Surface Protein protocol, 10x Genomics, https://www.10xgenomics.com/support/single-cell-gene-expression/documentation/steps/library-prep/chromium-single-cell-3-reagent-kits-user-guide-v-3-1-chemistry-with-feature-barcoding-technology-for-cell-surface-protein) by MGX platform (IGF, Montpellier, France).
GSM7669085	GSE239626	other	Patient Vitamin D N5 M3, ADT	Blood	Live lymphocytes from 5 vitamin D-treated MS patients and 5 placebo-treated MS patients.,Construction of gene expression (GEX) libraries and cell-surface protein expression (CellSurface) libraries were performed according to the manufacterâs instructions (Chromium Next GEM Single Cell 3â Reagent Kits (v3.1 single index) with Feature Barcoding technology for Cell Surface Protein protocol, 10x Genomics, https://www.10xgenomics.com/support/single-cell-gene-expression/documentation/steps/library-prep/chromium-single-cell-3-reagent-kits-user-guide-v-3-1-chemistry-with-feature-barcoding-technology-for-cell-surface-protein) by MGX platform (IGF, Montpellier, France).
GSM7669346	GSE239651	other	celltag1_none_day0_CellTag	TS543	TS543 neurospheres were dissociated to single cells by mechanical pipetting. Mouse brain tumor resections were dissociated to single cells using Adult Brain Dissociation kit on gentleMACSTM Octo Dissociator with Heater (Miltenyi Biotec).,Microwell 3' scRNA-seq were performed as described in Yuan et al. Sci Rep (2016). Briefly, individual single cell was compartmentalized with a barcoded-mRNA-capture-bead (MACOSKO-2011-10, ChemGenes) and lysed in microwell-based platform, mRNA were captured and reverse transcribed on the bead, and cDNA-beads were pooled for PCR amplification and illumina Nextera library construction for each sample.   To sequence the CellTag library separately from the GEX library at greater sequencing depth, CellTag libraries were constructed with custom P5_TSO_hybrid primer and custom P7_TruSeq-Unique-Index_EGFP primer.,3' single-cell RNA-seq
GSM7669347	GSE239651	other	celltag1_DMSO_day3_CellTag	TS543	TS543 neurospheres were dissociated to single cells by mechanical pipetting. Mouse brain tumor resections were dissociated to single cells using Adult Brain Dissociation kit on gentleMACSTM Octo Dissociator with Heater (Miltenyi Biotec).,Microwell 3' scRNA-seq were performed as described in Yuan et al. Sci Rep (2016). Briefly, individual single cell was compartmentalized with a barcoded-mRNA-capture-bead (MACOSKO-2011-10, ChemGenes) and lysed in microwell-based platform, mRNA were captured and reverse transcribed on the bead, and cDNA-beads were pooled for PCR amplification and illumina Nextera library construction for each sample.   To sequence the CellTag library separately from the GEX library at greater sequencing depth, CellTag libraries were constructed with custom P5_TSO_hybrid primer and custom P7_TruSeq-Unique-Index_EGFP primer.,3' single-cell RNA-seq
GSM7669348	GSE239651	other	celltag1_ispinesib_day3_CellTag	TS543	TS543 neurospheres were dissociated to single cells by mechanical pipetting. Mouse brain tumor resections were dissociated to single cells using Adult Brain Dissociation kit on gentleMACSTM Octo Dissociator with Heater (Miltenyi Biotec).,Microwell 3' scRNA-seq were performed as described in Yuan et al. Sci Rep (2016). Briefly, individual single cell was compartmentalized with a barcoded-mRNA-capture-bead (MACOSKO-2011-10, ChemGenes) and lysed in microwell-based platform, mRNA were captured and reverse transcribed on the bead, and cDNA-beads were pooled for PCR amplification and illumina Nextera library construction for each sample.   To sequence the CellTag library separately from the GEX library at greater sequencing depth, CellTag libraries were constructed with custom P5_TSO_hybrid primer and custom P7_TruSeq-Unique-Index_EGFP primer.,3' single-cell RNA-seq
GSM7669349	GSE239651	other	celltag1_DMSO_day6_CellTag	TS543	TS543 neurospheres were dissociated to single cells by mechanical pipetting. Mouse brain tumor resections were dissociated to single cells using Adult Brain Dissociation kit on gentleMACSTM Octo Dissociator with Heater (Miltenyi Biotec).,Microwell 3' scRNA-seq were performed as described in Yuan et al. Sci Rep (2016). Briefly, individual single cell was compartmentalized with a barcoded-mRNA-capture-bead (MACOSKO-2011-10, ChemGenes) and lysed in microwell-based platform, mRNA were captured and reverse transcribed on the bead, and cDNA-beads were pooled for PCR amplification and illumina Nextera library construction for each sample.   To sequence the CellTag library separately from the GEX library at greater sequencing depth, CellTag libraries were constructed with custom P5_TSO_hybrid primer and custom P7_TruSeq-Unique-Index_EGFP primer.,3' single-cell RNA-seq
GSM7669350	GSE239651	other	celltag1_ispinesib_day6_CellTag	TS543	TS543 neurospheres were dissociated to single cells by mechanical pipetting. Mouse brain tumor resections were dissociated to single cells using Adult Brain Dissociation kit on gentleMACSTM Octo Dissociator with Heater (Miltenyi Biotec).,Microwell 3' scRNA-seq were performed as described in Yuan et al. Sci Rep (2016). Briefly, individual single cell was compartmentalized with a barcoded-mRNA-capture-bead (MACOSKO-2011-10, ChemGenes) and lysed in microwell-based platform, mRNA were captured and reverse transcribed on the bead, and cDNA-beads were pooled for PCR amplification and illumina Nextera library construction for each sample.   To sequence the CellTag library separately from the GEX library at greater sequencing depth, CellTag libraries were constructed with custom P5_TSO_hybrid primer and custom P7_TruSeq-Unique-Index_EGFP primer.,3' single-cell RNA-seq
GSM7669351	GSE239651	other	celltag1_DMSO_day31_CellTag	TS543	TS543 neurospheres were dissociated to single cells by mechanical pipetting. Mouse brain tumor resections were dissociated to single cells using Adult Brain Dissociation kit on gentleMACSTM Octo Dissociator with Heater (Miltenyi Biotec).,Microwell 3' scRNA-seq were performed as described in Yuan et al. Sci Rep (2016). Briefly, individual single cell was compartmentalized with a barcoded-mRNA-capture-bead (MACOSKO-2011-10, ChemGenes) and lysed in microwell-based platform, mRNA were captured and reverse transcribed on the bead, and cDNA-beads were pooled for PCR amplification and illumina Nextera library construction for each sample.   To sequence the CellTag library separately from the GEX library at greater sequencing depth, CellTag libraries were constructed with custom P5_TSO_hybrid primer and custom P7_TruSeq-Unique-Index_EGFP primer.,3' single-cell RNA-seq
GSM7669352	GSE239651	other	celltag1_ispinesib_day31_CellTag	TS543	TS543 neurospheres were dissociated to single cells by mechanical pipetting. Mouse brain tumor resections were dissociated to single cells using Adult Brain Dissociation kit on gentleMACSTM Octo Dissociator with Heater (Miltenyi Biotec).,Microwell 3' scRNA-seq were performed as described in Yuan et al. Sci Rep (2016). Briefly, individual single cell was compartmentalized with a barcoded-mRNA-capture-bead (MACOSKO-2011-10, ChemGenes) and lysed in microwell-based platform, mRNA were captured and reverse transcribed on the bead, and cDNA-beads were pooled for PCR amplification and illumina Nextera library construction for each sample.   To sequence the CellTag library separately from the GEX library at greater sequencing depth, CellTag libraries were constructed with custom P5_TSO_hybrid primer and custom P7_TruSeq-Unique-Index_EGFP primer.,3' single-cell RNA-seq
GSM7669353	GSE239651	other	celltag1_DMSO_day69_CellTag	TS543	TS543 neurospheres were dissociated to single cells by mechanical pipetting. Mouse brain tumor resections were dissociated to single cells using Adult Brain Dissociation kit on gentleMACSTM Octo Dissociator with Heater (Miltenyi Biotec).,Microwell 3' scRNA-seq were performed as described in Yuan et al. Sci Rep (2016). Briefly, individual single cell was compartmentalized with a barcoded-mRNA-capture-bead (MACOSKO-2011-10, ChemGenes) and lysed in microwell-based platform, mRNA were captured and reverse transcribed on the bead, and cDNA-beads were pooled for PCR amplification and illumina Nextera library construction for each sample.   To sequence the CellTag library separately from the GEX library at greater sequencing depth, CellTag libraries were constructed with custom P5_TSO_hybrid primer and custom P7_TruSeq-Unique-Index_EGFP primer.,3' single-cell RNA-seq
GSM7669354	GSE239651	other	celltag1_ispinesib_day69_CellTag	TS543	TS543 neurospheres were dissociated to single cells by mechanical pipetting. Mouse brain tumor resections were dissociated to single cells using Adult Brain Dissociation kit on gentleMACSTM Octo Dissociator with Heater (Miltenyi Biotec).,Microwell 3' scRNA-seq were performed as described in Yuan et al. Sci Rep (2016). Briefly, individual single cell was compartmentalized with a barcoded-mRNA-capture-bead (MACOSKO-2011-10, ChemGenes) and lysed in microwell-based platform, mRNA were captured and reverse transcribed on the bead, and cDNA-beads were pooled for PCR amplification and illumina Nextera library construction for each sample.   To sequence the CellTag library separately from the GEX library at greater sequencing depth, CellTag libraries were constructed with custom P5_TSO_hybrid primer and custom P7_TruSeq-Unique-Index_EGFP primer.,3' single-cell RNA-seq
GSM7669355	GSE239651	other	celltag1_DMSO_day98_CellTag	TS543	TS543 neurospheres were dissociated to single cells by mechanical pipetting. Mouse brain tumor resections were dissociated to single cells using Adult Brain Dissociation kit on gentleMACSTM Octo Dissociator with Heater (Miltenyi Biotec).,Microwell 3' scRNA-seq were performed as described in Yuan et al. Sci Rep (2016). Briefly, individual single cell was compartmentalized with a barcoded-mRNA-capture-bead (MACOSKO-2011-10, ChemGenes) and lysed in microwell-based platform, mRNA were captured and reverse transcribed on the bead, and cDNA-beads were pooled for PCR amplification and illumina Nextera library construction for each sample.   To sequence the CellTag library separately from the GEX library at greater sequencing depth, CellTag libraries were constructed with custom P5_TSO_hybrid primer and custom P7_TruSeq-Unique-Index_EGFP primer.,3' single-cell RNA-seq
GSM7669356	GSE239651	other	celltag1_ispinesib_day98_CellTag	TS543	TS543 neurospheres were dissociated to single cells by mechanical pipetting. Mouse brain tumor resections were dissociated to single cells using Adult Brain Dissociation kit on gentleMACSTM Octo Dissociator with Heater (Miltenyi Biotec).,Microwell 3' scRNA-seq were performed as described in Yuan et al. Sci Rep (2016). Briefly, individual single cell was compartmentalized with a barcoded-mRNA-capture-bead (MACOSKO-2011-10, ChemGenes) and lysed in microwell-based platform, mRNA were captured and reverse transcribed on the bead, and cDNA-beads were pooled for PCR amplification and illumina Nextera library construction for each sample.   To sequence the CellTag library separately from the GEX library at greater sequencing depth, CellTag libraries were constructed with custom P5_TSO_hybrid primer and custom P7_TruSeq-Unique-Index_EGFP primer.,3' single-cell RNA-seq
GSM7669357	GSE239651	other	celltag1_DMSO_day125_CellTag	TS543	TS543 neurospheres were dissociated to single cells by mechanical pipetting. Mouse brain tumor resections were dissociated to single cells using Adult Brain Dissociation kit on gentleMACSTM Octo Dissociator with Heater (Miltenyi Biotec).,Microwell 3' scRNA-seq were performed as described in Yuan et al. Sci Rep (2016). Briefly, individual single cell was compartmentalized with a barcoded-mRNA-capture-bead (MACOSKO-2011-10, ChemGenes) and lysed in microwell-based platform, mRNA were captured and reverse transcribed on the bead, and cDNA-beads were pooled for PCR amplification and illumina Nextera library construction for each sample.   To sequence the CellTag library separately from the GEX library at greater sequencing depth, CellTag libraries were constructed with custom P5_TSO_hybrid primer and custom P7_TruSeq-Unique-Index_EGFP primer.,3' single-cell RNA-seq
GSM7669358	GSE239651	other	celltag1_ispinesib_day125_CellTag	TS543	TS543 neurospheres were dissociated to single cells by mechanical pipetting. Mouse brain tumor resections were dissociated to single cells using Adult Brain Dissociation kit on gentleMACSTM Octo Dissociator with Heater (Miltenyi Biotec).,Microwell 3' scRNA-seq were performed as described in Yuan et al. Sci Rep (2016). Briefly, individual single cell was compartmentalized with a barcoded-mRNA-capture-bead (MACOSKO-2011-10, ChemGenes) and lysed in microwell-based platform, mRNA were captured and reverse transcribed on the bead, and cDNA-beads were pooled for PCR amplification and illumina Nextera library construction for each sample.   To sequence the CellTag library separately from the GEX library at greater sequencing depth, CellTag libraries were constructed with custom P5_TSO_hybrid primer and custom P7_TruSeq-Unique-Index_EGFP primer.,3' single-cell RNA-seq
GSM7669359	GSE239651	other	celltag2_none_day0_CellTag	TS543	TS543 neurospheres were dissociated to single cells by mechanical pipetting. Mouse brain tumor resections were dissociated to single cells using Adult Brain Dissociation kit on gentleMACSTM Octo Dissociator with Heater (Miltenyi Biotec).,Microwell 3' scRNA-seq were performed as described in Yuan et al. Sci Rep (2016). Briefly, individual single cell was compartmentalized with a barcoded-mRNA-capture-bead (MACOSKO-2011-10, ChemGenes) and lysed in microwell-based platform, mRNA were captured and reverse transcribed on the bead, and cDNA-beads were pooled for PCR amplification and illumina Nextera library construction for each sample.   To sequence the CellTag library separately from the GEX library at greater sequencing depth, CellTag libraries were constructed with custom P5_TSO_hybrid primer and custom P7_TruSeq-Unique-Index_EGFP primer.,3' single-cell RNA-seq
GSM7669360	GSE239651	other	celltag2_DMSO_day3_CellTag	TS543	TS543 neurospheres were dissociated to single cells by mechanical pipetting. Mouse brain tumor resections were dissociated to single cells using Adult Brain Dissociation kit on gentleMACSTM Octo Dissociator with Heater (Miltenyi Biotec).,Microwell 3' scRNA-seq were performed as described in Yuan et al. Sci Rep (2016). Briefly, individual single cell was compartmentalized with a barcoded-mRNA-capture-bead (MACOSKO-2011-10, ChemGenes) and lysed in microwell-based platform, mRNA were captured and reverse transcribed on the bead, and cDNA-beads were pooled for PCR amplification and illumina Nextera library construction for each sample.   To sequence the CellTag library separately from the GEX library at greater sequencing depth, CellTag libraries were constructed with custom P5_TSO_hybrid primer and custom P7_TruSeq-Unique-Index_EGFP primer.,3' single-cell RNA-seq
GSM7669361	GSE239651	other	celltag2_ispinesib_day3_CellTag	TS543	TS543 neurospheres were dissociated to single cells by mechanical pipetting. Mouse brain tumor resections were dissociated to single cells using Adult Brain Dissociation kit on gentleMACSTM Octo Dissociator with Heater (Miltenyi Biotec).,Microwell 3' scRNA-seq were performed as described in Yuan et al. Sci Rep (2016). Briefly, individual single cell was compartmentalized with a barcoded-mRNA-capture-bead (MACOSKO-2011-10, ChemGenes) and lysed in microwell-based platform, mRNA were captured and reverse transcribed on the bead, and cDNA-beads were pooled for PCR amplification and illumina Nextera library construction for each sample.   To sequence the CellTag library separately from the GEX library at greater sequencing depth, CellTag libraries were constructed with custom P5_TSO_hybrid primer and custom P7_TruSeq-Unique-Index_EGFP primer.,3' single-cell RNA-seq
GSM7669362	GSE239651	other	celltag2_DMSO_day6_CellTag	TS543	TS543 neurospheres were dissociated to single cells by mechanical pipetting. Mouse brain tumor resections were dissociated to single cells using Adult Brain Dissociation kit on gentleMACSTM Octo Dissociator with Heater (Miltenyi Biotec).,Microwell 3' scRNA-seq were performed as described in Yuan et al. Sci Rep (2016). Briefly, individual single cell was compartmentalized with a barcoded-mRNA-capture-bead (MACOSKO-2011-10, ChemGenes) and lysed in microwell-based platform, mRNA were captured and reverse transcribed on the bead, and cDNA-beads were pooled for PCR amplification and illumina Nextera library construction for each sample.   To sequence the CellTag library separately from the GEX library at greater sequencing depth, CellTag libraries were constructed with custom P5_TSO_hybrid primer and custom P7_TruSeq-Unique-Index_EGFP primer.,3' single-cell RNA-seq
GSM7669363	GSE239651	other	celltag2_ispinesib_day6_CellTag	TS543	TS543 neurospheres were dissociated to single cells by mechanical pipetting. Mouse brain tumor resections were dissociated to single cells using Adult Brain Dissociation kit on gentleMACSTM Octo Dissociator with Heater (Miltenyi Biotec).,Microwell 3' scRNA-seq were performed as described in Yuan et al. Sci Rep (2016). Briefly, individual single cell was compartmentalized with a barcoded-mRNA-capture-bead (MACOSKO-2011-10, ChemGenes) and lysed in microwell-based platform, mRNA were captured and reverse transcribed on the bead, and cDNA-beads were pooled for PCR amplification and illumina Nextera library construction for each sample.   To sequence the CellTag library separately from the GEX library at greater sequencing depth, CellTag libraries were constructed with custom P5_TSO_hybrid primer and custom P7_TruSeq-Unique-Index_EGFP primer.,3' single-cell RNA-seq
GSM7669364	GSE239651	other	celltag2_DMSO_day21_CellTag	TS543	TS543 neurospheres were dissociated to single cells by mechanical pipetting. Mouse brain tumor resections were dissociated to single cells using Adult Brain Dissociation kit on gentleMACSTM Octo Dissociator with Heater (Miltenyi Biotec).,Microwell 3' scRNA-seq were performed as described in Yuan et al. Sci Rep (2016). Briefly, individual single cell was compartmentalized with a barcoded-mRNA-capture-bead (MACOSKO-2011-10, ChemGenes) and lysed in microwell-based platform, mRNA were captured and reverse transcribed on the bead, and cDNA-beads were pooled for PCR amplification and illumina Nextera library construction for each sample.   To sequence the CellTag library separately from the GEX library at greater sequencing depth, CellTag libraries were constructed with custom P5_TSO_hybrid primer and custom P7_TruSeq-Unique-Index_EGFP primer.,3' single-cell RNA-seq
GSM7669365	GSE239651	other	celltag2_ispinesib_day21_CellTag	TS543	TS543 neurospheres were dissociated to single cells by mechanical pipetting. Mouse brain tumor resections were dissociated to single cells using Adult Brain Dissociation kit on gentleMACSTM Octo Dissociator with Heater (Miltenyi Biotec).,Microwell 3' scRNA-seq were performed as described in Yuan et al. Sci Rep (2016). Briefly, individual single cell was compartmentalized with a barcoded-mRNA-capture-bead (MACOSKO-2011-10, ChemGenes) and lysed in microwell-based platform, mRNA were captured and reverse transcribed on the bead, and cDNA-beads were pooled for PCR amplification and illumina Nextera library construction for each sample.   To sequence the CellTag library separately from the GEX library at greater sequencing depth, CellTag libraries were constructed with custom P5_TSO_hybrid primer and custom P7_TruSeq-Unique-Index_EGFP primer.,3' single-cell RNA-seq
GSM7669366	GSE239651	other	celltag2_DMSO_day42_CellTag	TS543	TS543 neurospheres were dissociated to single cells by mechanical pipetting. Mouse brain tumor resections were dissociated to single cells using Adult Brain Dissociation kit on gentleMACSTM Octo Dissociator with Heater (Miltenyi Biotec).,Microwell 3' scRNA-seq were performed as described in Yuan et al. Sci Rep (2016). Briefly, individual single cell was compartmentalized with a barcoded-mRNA-capture-bead (MACOSKO-2011-10, ChemGenes) and lysed in microwell-based platform, mRNA were captured and reverse transcribed on the bead, and cDNA-beads were pooled for PCR amplification and illumina Nextera library construction for each sample.   To sequence the CellTag library separately from the GEX library at greater sequencing depth, CellTag libraries were constructed with custom P5_TSO_hybrid primer and custom P7_TruSeq-Unique-Index_EGFP primer.,3' single-cell RNA-seq
GSM7669367	GSE239651	other	celltag2_ispinesib_day42_CellTag	TS543	TS543 neurospheres were dissociated to single cells by mechanical pipetting. Mouse brain tumor resections were dissociated to single cells using Adult Brain Dissociation kit on gentleMACSTM Octo Dissociator with Heater (Miltenyi Biotec).,Microwell 3' scRNA-seq were performed as described in Yuan et al. Sci Rep (2016). Briefly, individual single cell was compartmentalized with a barcoded-mRNA-capture-bead (MACOSKO-2011-10, ChemGenes) and lysed in microwell-based platform, mRNA were captured and reverse transcribed on the bead, and cDNA-beads were pooled for PCR amplification and illumina Nextera library construction for each sample.   To sequence the CellTag library separately from the GEX library at greater sequencing depth, CellTag libraries were constructed with custom P5_TSO_hybrid primer and custom P7_TruSeq-Unique-Index_EGFP primer.,3' single-cell RNA-seq
GSM7669368	GSE239651	other	celltag2_DMSO_day69_CellTag	TS543	TS543 neurospheres were dissociated to single cells by mechanical pipetting. Mouse brain tumor resections were dissociated to single cells using Adult Brain Dissociation kit on gentleMACSTM Octo Dissociator with Heater (Miltenyi Biotec).,Microwell 3' scRNA-seq were performed as described in Yuan et al. Sci Rep (2016). Briefly, individual single cell was compartmentalized with a barcoded-mRNA-capture-bead (MACOSKO-2011-10, ChemGenes) and lysed in microwell-based platform, mRNA were captured and reverse transcribed on the bead, and cDNA-beads were pooled for PCR amplification and illumina Nextera library construction for each sample.   To sequence the CellTag library separately from the GEX library at greater sequencing depth, CellTag libraries were constructed with custom P5_TSO_hybrid primer and custom P7_TruSeq-Unique-Index_EGFP primer.,3' single-cell RNA-seq
GSM7669369	GSE239651	other	celltag2_ispinesib_day69_CellTag	TS543	TS543 neurospheres were dissociated to single cells by mechanical pipetting. Mouse brain tumor resections were dissociated to single cells using Adult Brain Dissociation kit on gentleMACSTM Octo Dissociator with Heater (Miltenyi Biotec).,Microwell 3' scRNA-seq were performed as described in Yuan et al. Sci Rep (2016). Briefly, individual single cell was compartmentalized with a barcoded-mRNA-capture-bead (MACOSKO-2011-10, ChemGenes) and lysed in microwell-based platform, mRNA were captured and reverse transcribed on the bead, and cDNA-beads were pooled for PCR amplification and illumina Nextera library construction for each sample.   To sequence the CellTag library separately from the GEX library at greater sequencing depth, CellTag libraries were constructed with custom P5_TSO_hybrid primer and custom P7_TruSeq-Unique-Index_EGFP primer.,3' single-cell RNA-seq
GSM7669370	GSE239651	other	celltag2_DMSO_day98_CellTag	TS543	TS543 neurospheres were dissociated to single cells by mechanical pipetting. Mouse brain tumor resections were dissociated to single cells using Adult Brain Dissociation kit on gentleMACSTM Octo Dissociator with Heater (Miltenyi Biotec).,Microwell 3' scRNA-seq were performed as described in Yuan et al. Sci Rep (2016). Briefly, individual single cell was compartmentalized with a barcoded-mRNA-capture-bead (MACOSKO-2011-10, ChemGenes) and lysed in microwell-based platform, mRNA were captured and reverse transcribed on the bead, and cDNA-beads were pooled for PCR amplification and illumina Nextera library construction for each sample.   To sequence the CellTag library separately from the GEX library at greater sequencing depth, CellTag libraries were constructed with custom P5_TSO_hybrid primer and custom P7_TruSeq-Unique-Index_EGFP primer.,3' single-cell RNA-seq
GSM7669371	GSE239651	other	celltag2_ispinesib_day98_CellTag	TS543	TS543 neurospheres were dissociated to single cells by mechanical pipetting. Mouse brain tumor resections were dissociated to single cells using Adult Brain Dissociation kit on gentleMACSTM Octo Dissociator with Heater (Miltenyi Biotec).,Microwell 3' scRNA-seq were performed as described in Yuan et al. Sci Rep (2016). Briefly, individual single cell was compartmentalized with a barcoded-mRNA-capture-bead (MACOSKO-2011-10, ChemGenes) and lysed in microwell-based platform, mRNA were captured and reverse transcribed on the bead, and cDNA-beads were pooled for PCR amplification and illumina Nextera library construction for each sample.   To sequence the CellTag library separately from the GEX library at greater sequencing depth, CellTag libraries were constructed with custom P5_TSO_hybrid primer and custom P7_TruSeq-Unique-Index_EGFP primer.,3' single-cell RNA-seq
GSM7669372	GSE239651	other	celltag2_DMSO_day139_CellTag	TS543	TS543 neurospheres were dissociated to single cells by mechanical pipetting. Mouse brain tumor resections were dissociated to single cells using Adult Brain Dissociation kit on gentleMACSTM Octo Dissociator with Heater (Miltenyi Biotec).,Microwell 3' scRNA-seq were performed as described in Yuan et al. Sci Rep (2016). Briefly, individual single cell was compartmentalized with a barcoded-mRNA-capture-bead (MACOSKO-2011-10, ChemGenes) and lysed in microwell-based platform, mRNA were captured and reverse transcribed on the bead, and cDNA-beads were pooled for PCR amplification and illumina Nextera library construction for each sample.   To sequence the CellTag library separately from the GEX library at greater sequencing depth, CellTag libraries were constructed with custom P5_TSO_hybrid primer and custom P7_TruSeq-Unique-Index_EGFP primer.,3' single-cell RNA-seq
GSM7696770	GSE240361	other	Baseline CD8+ T cells, HTO	HTO	Live, CD3+CD8+ T cells were sorted of PBMC obtained pre-treatment and live, CD3+CD8+tetramer-APC+tetramer-PE+ T cells were sorted of PMBC obtained on-treatment and post-treatment with BD ARIA II cell sorter (BD Bioscience). Sorted cells were pooled and volume of cell suspension was diluted to 600 ml with BD Sample Buffer (BD Bioscience).,Single cell capture and cDNA library preparations were performed using the BD Rhapsody system. First, BD Rhapsody cartridges were primed, and the pooled cells were loaded onto the cartridges and incubated at 4Â°C for 15 mins. The subsequent steps were performed according to the manufacturerâs instructions (23-21336-01, BD Biosciences). Sample tag and cDNA libraries were generated for both the pre-treatment and on/post-treatment PBMCs (23-21712-00, BD Biosciences), while an additional TCR library was generated for on/post-treatment PBMCs (23-24018(01), BD Biosciences).
GSM7696772	GSE240361	other	On- and post-treatment pHLA tetramer+ CD8+ T cells, HTO	HTO	Live, CD3+CD8+ T cells were sorted of PBMC obtained pre-treatment and live, CD3+CD8+tetramer-APC+tetramer-PE+ T cells were sorted of PMBC obtained on-treatment and post-treatment with BD ARIA II cell sorter (BD Bioscience). Sorted cells were pooled and volume of cell suspension was diluted to 600 ml with BD Sample Buffer (BD Bioscience).,Single cell capture and cDNA library preparations were performed using the BD Rhapsody system. First, BD Rhapsody cartridges were primed, and the pooled cells were loaded onto the cartridges and incubated at 4Â°C for 15 mins. The subsequent steps were performed according to the manufacturerâs instructions (23-21336-01, BD Biosciences). Sample tag and cDNA libraries were generated for both the pre-treatment and on/post-treatment PBMCs (23-21712-00, BD Biosciences), while an additional TCR library was generated for on/post-treatment PBMCs (23-24018(01), BD Biosciences).
GSM7696773	GSE240361	other	On- and post-treatment pHLA tetramer+ CD8+ T cells, TCR	TCR	Live, CD3+CD8+ T cells were sorted of PBMC obtained pre-treatment and live, CD3+CD8+tetramer-APC+tetramer-PE+ T cells were sorted of PMBC obtained on-treatment and post-treatment with BD ARIA II cell sorter (BD Bioscience). Sorted cells were pooled and volume of cell suspension was diluted to 600 ml with BD Sample Buffer (BD Bioscience).,Single cell capture and cDNA library preparations were performed using the BD Rhapsody system. First, BD Rhapsody cartridges were primed, and the pooled cells were loaded onto the cartridges and incubated at 4Â°C for 15 mins. The subsequent steps were performed according to the manufacturerâs instructions (23-21336-01, BD Biosciences). Sample tag and cDNA libraries were generated for both the pre-treatment and on/post-treatment PBMCs (23-21712-00, BD Biosciences), while an additional TCR library was generated for on/post-treatment PBMCs (23-24018(01), BD Biosciences).
GSM7702879	GSE240579	other	Tube-K562-1	K562	Single cells were isolated with the Digital microfluidics chip. By incorporating 2'-deoxy-5-methylcytidine 5'-triphosphate (5-methyl dCTP) during reverse transcription and cDNA amplification, the resulting library of RNA and gDNA sequencing reads exhibit drastically different methylation patterns. Single-cell DNA methylation and gene expression information were obtained simultaneously, without the need to physically separate DNA and RNA.,After single-cell isolation, droplets of lysis buffer are introduced to lyse the cells. The lysates are then subjected to RT and cDNA amplification using 5â-methyl-dCTP instead of dCTP, so that all cytosines in the synthesized cDNA are methylcytosines, while the genomic DNA remains unchanged during the process. Subsequently, both the cDNA and gDNA undergo bisulfite conversion concurrently, during which normal cytosines are converted to uracil, while methylated cytosines remain unchanged. Consequently, fully cytosine-methylated cDNA produced from RNA remains unaffected by the C-U transition. In contrast, less than 10% of mammalian genomic cytosines are endogenously methylated, resulting in a substantial conversion of gDNA cytosines to uracil, which will be identified as thymine in sequencing. After scBS-seq-based library construction, the DNA reads are distinguished from RNA reads based on the methylated cytosine density in reads, and thus both DNA methylation and gene expression information are obtained from a single-cell library.,smart-seq2 and scBS
GSM7702880	GSE240579	other	Tube-K562-2	K562	Single cells were isolated with the Digital microfluidics chip. By incorporating 2'-deoxy-5-methylcytidine 5'-triphosphate (5-methyl dCTP) during reverse transcription and cDNA amplification, the resulting library of RNA and gDNA sequencing reads exhibit drastically different methylation patterns. Single-cell DNA methylation and gene expression information were obtained simultaneously, without the need to physically separate DNA and RNA.,After single-cell isolation, droplets of lysis buffer are introduced to lyse the cells. The lysates are then subjected to RT and cDNA amplification using 5â-methyl-dCTP instead of dCTP, so that all cytosines in the synthesized cDNA are methylcytosines, while the genomic DNA remains unchanged during the process. Subsequently, both the cDNA and gDNA undergo bisulfite conversion concurrently, during which normal cytosines are converted to uracil, while methylated cytosines remain unchanged. Consequently, fully cytosine-methylated cDNA produced from RNA remains unaffected by the C-U transition. In contrast, less than 10% of mammalian genomic cytosines are endogenously methylated, resulting in a substantial conversion of gDNA cytosines to uracil, which will be identified as thymine in sequencing. After scBS-seq-based library construction, the DNA reads are distinguished from RNA reads based on the methylated cytosine density in reads, and thus both DNA methylation and gene expression information are obtained from a single-cell library.,smart-seq2 and scBS
GSM7702881	GSE240579	other	Tube-K562-3	K562	Single cells were isolated with the Digital microfluidics chip. By incorporating 2'-deoxy-5-methylcytidine 5'-triphosphate (5-methyl dCTP) during reverse transcription and cDNA amplification, the resulting library of RNA and gDNA sequencing reads exhibit drastically different methylation patterns. Single-cell DNA methylation and gene expression information were obtained simultaneously, without the need to physically separate DNA and RNA.,After single-cell isolation, droplets of lysis buffer are introduced to lyse the cells. The lysates are then subjected to RT and cDNA amplification using 5â-methyl-dCTP instead of dCTP, so that all cytosines in the synthesized cDNA are methylcytosines, while the genomic DNA remains unchanged during the process. Subsequently, both the cDNA and gDNA undergo bisulfite conversion concurrently, during which normal cytosines are converted to uracil, while methylated cytosines remain unchanged. Consequently, fully cytosine-methylated cDNA produced from RNA remains unaffected by the C-U transition. In contrast, less than 10% of mammalian genomic cytosines are endogenously methylated, resulting in a substantial conversion of gDNA cytosines to uracil, which will be identified as thymine in sequencing. After scBS-seq-based library construction, the DNA reads are distinguished from RNA reads based on the methylated cytosine density in reads, and thus both DNA methylation and gene expression information are obtained from a single-cell library.,smart-seq2 and scBS
GSM7702882	GSE240579	other	Bulk-K562-1	K562	Single cells were isolated with the Digital microfluidics chip. By incorporating 2'-deoxy-5-methylcytidine 5'-triphosphate (5-methyl dCTP) during reverse transcription and cDNA amplification, the resulting library of RNA and gDNA sequencing reads exhibit drastically different methylation patterns. Single-cell DNA methylation and gene expression information were obtained simultaneously, without the need to physically separate DNA and RNA.,After single-cell isolation, droplets of lysis buffer are introduced to lyse the cells. The lysates are then subjected to RT and cDNA amplification using 5â-methyl-dCTP instead of dCTP, so that all cytosines in the synthesized cDNA are methylcytosines, while the genomic DNA remains unchanged during the process. Subsequently, both the cDNA and gDNA undergo bisulfite conversion concurrently, during which normal cytosines are converted to uracil, while methylated cytosines remain unchanged. Consequently, fully cytosine-methylated cDNA produced from RNA remains unaffected by the C-U transition. In contrast, less than 10% of mammalian genomic cytosines are endogenously methylated, resulting in a substantial conversion of gDNA cytosines to uracil, which will be identified as thymine in sequencing. After scBS-seq-based library construction, the DNA reads are distinguished from RNA reads based on the methylated cytosine density in reads, and thus both DNA methylation and gene expression information are obtained from a single-cell library.,smart-seq2 and scBS
GSM7702883	GSE240579	other	Bulk-K562-2	K562	Single cells were isolated with the Digital microfluidics chip. By incorporating 2'-deoxy-5-methylcytidine 5'-triphosphate (5-methyl dCTP) during reverse transcription and cDNA amplification, the resulting library of RNA and gDNA sequencing reads exhibit drastically different methylation patterns. Single-cell DNA methylation and gene expression information were obtained simultaneously, without the need to physically separate DNA and RNA.,After single-cell isolation, droplets of lysis buffer are introduced to lyse the cells. The lysates are then subjected to RT and cDNA amplification using 5â-methyl-dCTP instead of dCTP, so that all cytosines in the synthesized cDNA are methylcytosines, while the genomic DNA remains unchanged during the process. Subsequently, both the cDNA and gDNA undergo bisulfite conversion concurrently, during which normal cytosines are converted to uracil, while methylated cytosines remain unchanged. Consequently, fully cytosine-methylated cDNA produced from RNA remains unaffected by the C-U transition. In contrast, less than 10% of mammalian genomic cytosines are endogenously methylated, resulting in a substantial conversion of gDNA cytosines to uracil, which will be identified as thymine in sequencing. After scBS-seq-based library construction, the DNA reads are distinguished from RNA reads based on the methylated cytosine density in reads, and thus both DNA methylation and gene expression information are obtained from a single-cell library.,smart-seq2 and scBS
GSM7793694	GSE243665	other	cell multiplexing library 1	CMOs library	The libraries were constructed using CellPlex technology from 10XGenomics. We used four reactions of Chromium Next GEM Single Cell 3' Kit v3.1, combined with 3' CellPlex Kit. We generated four expression libraries (1740FL-306-01-01, 1740FL-306-01-02, 1740FL-306-01-03, 1740FL-306-01-04) and  four multiplexing libraries (1740FL-306-01-09, 1740FL-306-01-10, 1740FL-306-01-11, 1740FL-306-01-12). These are the cell lines analysed and the associated CellPlex barcode:  PC9 (CMOs 303), HTB178 (CMOs 305), CRL5868 (CMOs 304), DV90 (CMOs 306), HCC78 (CMOs 307), A549 (CMOs 301), CCL-185-IG (CMOs 302), PBMC (CMOs 308). As part of the supplementary data the file multi_gex.csv describes all the required parameters to run cellranger for multiplexed samples.
GSM7793695	GSE243665	other	cell multiplexing library 2	CMOs library	The libraries were constructed using CellPlex technology from 10XGenomics. We used four reactions of Chromium Next GEM Single Cell 3' Kit v3.1, combined with 3' CellPlex Kit. We generated four expression libraries (1740FL-306-01-01, 1740FL-306-01-02, 1740FL-306-01-03, 1740FL-306-01-04) and  four multiplexing libraries (1740FL-306-01-09, 1740FL-306-01-10, 1740FL-306-01-11, 1740FL-306-01-12). These are the cell lines analysed and the associated CellPlex barcode:  PC9 (CMOs 303), HTB178 (CMOs 305), CRL5868 (CMOs 304), DV90 (CMOs 306), HCC78 (CMOs 307), A549 (CMOs 301), CCL-185-IG (CMOs 302), PBMC (CMOs 308). As part of the supplementary data the file multi_gex.csv describes all the required parameters to run cellranger for multiplexed samples.
GSM7793696	GSE243665	other	cell multiplexing library 3	CMOs library	The libraries were constructed using CellPlex technology from 10XGenomics. We used four reactions of Chromium Next GEM Single Cell 3' Kit v3.1, combined with 3' CellPlex Kit. We generated four expression libraries (1740FL-306-01-01, 1740FL-306-01-02, 1740FL-306-01-03, 1740FL-306-01-04) and  four multiplexing libraries (1740FL-306-01-09, 1740FL-306-01-10, 1740FL-306-01-11, 1740FL-306-01-12). These are the cell lines analysed and the associated CellPlex barcode:  PC9 (CMOs 303), HTB178 (CMOs 305), CRL5868 (CMOs 304), DV90 (CMOs 306), HCC78 (CMOs 307), A549 (CMOs 301), CCL-185-IG (CMOs 302), PBMC (CMOs 308). As part of the supplementary data the file multi_gex.csv describes all the required parameters to run cellranger for multiplexed samples.
GSM7793697	GSE243665	other	cell multiplexing library 4	CMOs library	The libraries were constructed using CellPlex technology from 10XGenomics. We used four reactions of Chromium Next GEM Single Cell 3' Kit v3.1, combined with 3' CellPlex Kit. We generated four expression libraries (1740FL-306-01-01, 1740FL-306-01-02, 1740FL-306-01-03, 1740FL-306-01-04) and  four multiplexing libraries (1740FL-306-01-09, 1740FL-306-01-10, 1740FL-306-01-11, 1740FL-306-01-12). These are the cell lines analysed and the associated CellPlex barcode:  PC9 (CMOs 303), HTB178 (CMOs 305), CRL5868 (CMOs 304), DV90 (CMOs 306), HCC78 (CMOs 307), A549 (CMOs 301), CCL-185-IG (CMOs 302), PBMC (CMOs 308). As part of the supplementary data the file multi_gex.csv describes all the required parameters to run cellranger for multiplexed samples.
GSM7905043	GSE248039	other	peo4-rep1	PEO4	RNA was extracted from four replicates of three million cells from each cell line employing the NucleoSpin RNA Mini kit for RNA purification (MACHEREY-NAGEL), following the vendorâs protocol.,1 Âµg of RNA was utilized for library preparation using RiboNaut rRNA Depletion Kit and Rapid Directional RNAseq Kit 2.0 (PerkinElmer). Nine cycles of PCR were performed during this preparation. Library sequencing was carried out using the NovaSeq6000 sequencing platform (Illumina; SP flow cell) following a 2x75 paired-end mode.
GSM7905044	GSE248039	other	peo4-rep2	PEO4	RNA was extracted from four replicates of three million cells from each cell line employing the NucleoSpin RNA Mini kit for RNA purification (MACHEREY-NAGEL), following the vendorâs protocol.,1 Âµg of RNA was utilized for library preparation using RiboNaut rRNA Depletion Kit and Rapid Directional RNAseq Kit 2.0 (PerkinElmer). Nine cycles of PCR were performed during this preparation. Library sequencing was carried out using the NovaSeq6000 sequencing platform (Illumina; SP flow cell) following a 2x75 paired-end mode.
GSM7905045	GSE248039	other	peo4-rep3	PEO4	RNA was extracted from four replicates of three million cells from each cell line employing the NucleoSpin RNA Mini kit for RNA purification (MACHEREY-NAGEL), following the vendorâs protocol.,1 Âµg of RNA was utilized for library preparation using RiboNaut rRNA Depletion Kit and Rapid Directional RNAseq Kit 2.0 (PerkinElmer). Nine cycles of PCR were performed during this preparation. Library sequencing was carried out using the NovaSeq6000 sequencing platform (Illumina; SP flow cell) following a 2x75 paired-end mode.
GSM7905046	GSE248039	other	peo4-rep4	PEO4	RNA was extracted from four replicates of three million cells from each cell line employing the NucleoSpin RNA Mini kit for RNA purification (MACHEREY-NAGEL), following the vendorâs protocol.,1 Âµg of RNA was utilized for library preparation using RiboNaut rRNA Depletion Kit and Rapid Directional RNAseq Kit 2.0 (PerkinElmer). Nine cycles of PCR were performed during this preparation. Library sequencing was carried out using the NovaSeq6000 sequencing platform (Illumina; SP flow cell) following a 2x75 paired-end mode.
GSM7905047	GSE248039	other	skov3-rep1	SKOV3	RNA was extracted from four replicates of three million cells from each cell line employing the NucleoSpin RNA Mini kit for RNA purification (MACHEREY-NAGEL), following the vendorâs protocol.,1 Âµg of RNA was utilized for library preparation using RiboNaut rRNA Depletion Kit and Rapid Directional RNAseq Kit 2.0 (PerkinElmer). Nine cycles of PCR were performed during this preparation. Library sequencing was carried out using the NovaSeq6000 sequencing platform (Illumina; SP flow cell) following a 2x75 paired-end mode.
GSM7905048	GSE248039	other	skov3-rep2	SKOV3	RNA was extracted from four replicates of three million cells from each cell line employing the NucleoSpin RNA Mini kit for RNA purification (MACHEREY-NAGEL), following the vendorâs protocol.,1 Âµg of RNA was utilized for library preparation using RiboNaut rRNA Depletion Kit and Rapid Directional RNAseq Kit 2.0 (PerkinElmer). Nine cycles of PCR were performed during this preparation. Library sequencing was carried out using the NovaSeq6000 sequencing platform (Illumina; SP flow cell) following a 2x75 paired-end mode.
GSM7905049	GSE248039	other	skov3-rep3	SKOV3	RNA was extracted from four replicates of three million cells from each cell line employing the NucleoSpin RNA Mini kit for RNA purification (MACHEREY-NAGEL), following the vendorâs protocol.,1 Âµg of RNA was utilized for library preparation using RiboNaut rRNA Depletion Kit and Rapid Directional RNAseq Kit 2.0 (PerkinElmer). Nine cycles of PCR were performed during this preparation. Library sequencing was carried out using the NovaSeq6000 sequencing platform (Illumina; SP flow cell) following a 2x75 paired-end mode.
GSM7905050	GSE248039	other	skov3-rep4	SKOV3	RNA was extracted from four replicates of three million cells from each cell line employing the NucleoSpin RNA Mini kit for RNA purification (MACHEREY-NAGEL), following the vendorâs protocol.,1 Âµg of RNA was utilized for library preparation using RiboNaut rRNA Depletion Kit and Rapid Directional RNAseq Kit 2.0 (PerkinElmer). Nine cycles of PCR were performed during this preparation. Library sequencing was carried out using the NovaSeq6000 sequencing platform (Illumina; SP flow cell) following a 2x75 paired-end mode.
GSM7905051	GSE248039	other	sv40-rep1	T1074	RNA was extracted from four replicates of three million cells from each cell line employing the NucleoSpin RNA Mini kit for RNA purification (MACHEREY-NAGEL), following the vendorâs protocol.,1 Âµg of RNA was utilized for library preparation using RiboNaut rRNA Depletion Kit and Rapid Directional RNAseq Kit 2.0 (PerkinElmer). Nine cycles of PCR were performed during this preparation. Library sequencing was carried out using the NovaSeq6000 sequencing platform (Illumina; SP flow cell) following a 2x75 paired-end mode.
GSM7905052	GSE248039	other	sv40-rep2	T1074	RNA was extracted from four replicates of three million cells from each cell line employing the NucleoSpin RNA Mini kit for RNA purification (MACHEREY-NAGEL), following the vendorâs protocol.,1 Âµg of RNA was utilized for library preparation using RiboNaut rRNA Depletion Kit and Rapid Directional RNAseq Kit 2.0 (PerkinElmer). Nine cycles of PCR were performed during this preparation. Library sequencing was carried out using the NovaSeq6000 sequencing platform (Illumina; SP flow cell) following a 2x75 paired-end mode.
GSM7905053	GSE248039	other	sv40-rep3	T1074	RNA was extracted from four replicates of three million cells from each cell line employing the NucleoSpin RNA Mini kit for RNA purification (MACHEREY-NAGEL), following the vendorâs protocol.,1 Âµg of RNA was utilized for library preparation using RiboNaut rRNA Depletion Kit and Rapid Directional RNAseq Kit 2.0 (PerkinElmer). Nine cycles of PCR were performed during this preparation. Library sequencing was carried out using the NovaSeq6000 sequencing platform (Illumina; SP flow cell) following a 2x75 paired-end mode.
GSM7905054	GSE248039	other	sv40-rep4	T1074	RNA was extracted from four replicates of three million cells from each cell line employing the NucleoSpin RNA Mini kit for RNA purification (MACHEREY-NAGEL), following the vendorâs protocol.,1 Âµg of RNA was utilized for library preparation using RiboNaut rRNA Depletion Kit and Rapid Directional RNAseq Kit 2.0 (PerkinElmer). Nine cycles of PCR were performed during this preparation. Library sequencing was carried out using the NovaSeq6000 sequencing platform (Illumina; SP flow cell) following a 2x75 paired-end mode.
GSM7973579	GSE250077	other	Library_1_Multiplexing_Capture [32-2]	bone marrow	Sorted CD8+ T cells were FACS isolated, counted, resuspended in PBS + 10% FBS at a concentration of 1600 cells/ uL, combined by three per well of the Chromium Next GEM Chip G (10X Genomics) and loaded onto the Chromium Controller (10X Genomics).,scRNA-seq with Cell Multiplexing; Samples were processed for single-cell encapsulation, cDNA and cell multiplexing library generation using the Chromium Next GEM Single Cell 3Ê¹ Reagent Kits v3.1 (Dual Index) (10X Genomics).
GSM7973581	GSE250077	other	Library_3_Multiplexing_Capture [36-2]	bone marrow	Sorted CD8+ T cells were FACS isolated, counted, resuspended in PBS + 10% FBS at a concentration of 1600 cells/ uL, combined by three per well of the Chromium Next GEM Chip G (10X Genomics) and loaded onto the Chromium Controller (10X Genomics).,scRNA-seq with Cell Multiplexing; Samples were processed for single-cell encapsulation, cDNA and cell multiplexing library generation using the Chromium Next GEM Single Cell 3Ê¹ Reagent Kits v3.1 (Dual Index) (10X Genomics).
GSM7973583	GSE250077	other	Library_4_Multiplexing_Capture [37-2]	bone marrow	Sorted CD8+ T cells were FACS isolated, counted, resuspended in PBS + 10% FBS at a concentration of 1600 cells/ uL, combined by three per well of the Chromium Next GEM Chip G (10X Genomics) and loaded onto the Chromium Controller (10X Genomics).,scRNA-seq with Cell Multiplexing; Samples were processed for single-cell encapsulation, cDNA and cell multiplexing library generation using the Chromium Next GEM Single Cell 3Ê¹ Reagent Kits v3.1 (Dual Index) (10X Genomics).
GSM8091885	GSE256250	other	Flag:GTPBP8 in HEK293 biol rep 1	HEK293	Whole cell lysates were prepared. First Flag-GTPBP8 and V5-AUH proteins were enriched by immunoprecipitation with Flag or V5 beads. After washing the beads, RNase T1 digestion was performed, 3Â´ends of the RNA fragments were dephosphorylated using CIP, and RNA was fluorescently 3Â´end-labeled using T4 Rnl2(1â249)K227Q, followed by dephosporylation with T4 PNK. RNA-protein complexes were separated by SDS-PAGE and excised. After proteinase K treatment, RNA was extracted and 5' end labelled with T4 RNA ligase. Following small RNA cDNA library preparation was performed.,Ligation products were reverse transcribed and amplified by PCR.
GSM8091886	GSE256250	other	Flag:GTPBP8 in HEK293 biol rep 2	HEK293	Whole cell lysates were prepared. First Flag-GTPBP8 and V5-AUH proteins were enriched by immunoprecipitation with Flag or V5 beads. After washing the beads, RNase T1 digestion was performed, 3Â´ends of the RNA fragments were dephosphorylated using CIP, and RNA was fluorescently 3Â´end-labeled using T4 Rnl2(1â249)K227Q, followed by dephosporylation with T4 PNK. RNA-protein complexes were separated by SDS-PAGE and excised. After proteinase K treatment, RNA was extracted and 5' end labelled with T4 RNA ligase. Following small RNA cDNA library preparation was performed.,Ligation products were reverse transcribed and amplified by PCR.
GSM8091887	GSE256250	other	Flag:GTPBP8 in HEK293 biol rep 3	HEK293	Whole cell lysates were prepared. First Flag-GTPBP8 and V5-AUH proteins were enriched by immunoprecipitation with Flag or V5 beads. After washing the beads, RNase T1 digestion was performed, 3Â´ends of the RNA fragments were dephosphorylated using CIP, and RNA was fluorescently 3Â´end-labeled using T4 Rnl2(1â249)K227Q, followed by dephosporylation with T4 PNK. RNA-protein complexes were separated by SDS-PAGE and excised. After proteinase K treatment, RNA was extracted and 5' end labelled with T4 RNA ligase. Following small RNA cDNA library preparation was performed.,Ligation products were reverse transcribed and amplified by PCR.
GSM8172120	GSE262593,GSE262597	other	H69 cells, polysomal RNA, replicate 1	H69	Polysome-bound RNA were extracted from sucrose based fraction after polysome profiling using TRIzol LS (ThermoFisher) according to manufacturerâs protocol and were quantified by Nanodrop microvolume spectrophotometers (Thermo Fisher Scientific). Cytoplasmic RNA were extracted from cell lysate in hypotonic buffer (5 mM Tris-HCl pH 7.5, 2.5 mM MgCl2, 1.5 mM KCl, 100 Î¼g.ml-1 cycloheximide, 2 mM DTT, 100 U/ml RNase inhibitor (Promega), 0.5% sodium deoxycholate, 0.5% Triton X-100) using TRIzol LS and were quantified by Nanodrop as well.,Sequencing libraries were generated using NEBNext Ultra RNA Library Prep Kit for Illumina (NEB, USA, Catalog #: E7530L) following manufacturerâs recommendations
GSM8172121	GSE262593,GSE262597	other	H69 cells, polysomal RNA, replicate 2	H69	Polysome-bound RNA were extracted from sucrose based fraction after polysome profiling using TRIzol LS (ThermoFisher) according to manufacturerâs protocol and were quantified by Nanodrop microvolume spectrophotometers (Thermo Fisher Scientific). Cytoplasmic RNA were extracted from cell lysate in hypotonic buffer (5 mM Tris-HCl pH 7.5, 2.5 mM MgCl2, 1.5 mM KCl, 100 Î¼g.ml-1 cycloheximide, 2 mM DTT, 100 U/ml RNase inhibitor (Promega), 0.5% sodium deoxycholate, 0.5% Triton X-100) using TRIzol LS and were quantified by Nanodrop as well.,Sequencing libraries were generated using NEBNext Ultra RNA Library Prep Kit for Illumina (NEB, USA, Catalog #: E7530L) following manufacturerâs recommendations
GSM8172122	GSE262593,GSE262597	other	H69 cells, polysomal RNA, replicate 3	H69	Polysome-bound RNA were extracted from sucrose based fraction after polysome profiling using TRIzol LS (ThermoFisher) according to manufacturerâs protocol and were quantified by Nanodrop microvolume spectrophotometers (Thermo Fisher Scientific). Cytoplasmic RNA were extracted from cell lysate in hypotonic buffer (5 mM Tris-HCl pH 7.5, 2.5 mM MgCl2, 1.5 mM KCl, 100 Î¼g.ml-1 cycloheximide, 2 mM DTT, 100 U/ml RNase inhibitor (Promega), 0.5% sodium deoxycholate, 0.5% Triton X-100) using TRIzol LS and were quantified by Nanodrop as well.,Sequencing libraries were generated using NEBNext Ultra RNA Library Prep Kit for Illumina (NEB, USA, Catalog #: E7530L) following manufacturerâs recommendations
GSM8172126	GSE262593,GSE262597	other	H196 cells, polysomal RNA, replicate 1	H196	Polysome-bound RNA were extracted from sucrose based fraction after polysome profiling using TRIzol LS (ThermoFisher) according to manufacturerâs protocol and were quantified by Nanodrop microvolume spectrophotometers (Thermo Fisher Scientific). Cytoplasmic RNA were extracted from cell lysate in hypotonic buffer (5 mM Tris-HCl pH 7.5, 2.5 mM MgCl2, 1.5 mM KCl, 100 Î¼g.ml-1 cycloheximide, 2 mM DTT, 100 U/ml RNase inhibitor (Promega), 0.5% sodium deoxycholate, 0.5% Triton X-100) using TRIzol LS and were quantified by Nanodrop as well.,Sequencing libraries were generated using NEBNext Ultra RNA Library Prep Kit for Illumina (NEB, USA, Catalog #: E7530L) following manufacturerâs recommendations
GSM8172127	GSE262593,GSE262597	other	H196 cells, polysomal RNA, replicate 2	H196	Polysome-bound RNA were extracted from sucrose based fraction after polysome profiling using TRIzol LS (ThermoFisher) according to manufacturerâs protocol and were quantified by Nanodrop microvolume spectrophotometers (Thermo Fisher Scientific). Cytoplasmic RNA were extracted from cell lysate in hypotonic buffer (5 mM Tris-HCl pH 7.5, 2.5 mM MgCl2, 1.5 mM KCl, 100 Î¼g.ml-1 cycloheximide, 2 mM DTT, 100 U/ml RNase inhibitor (Promega), 0.5% sodium deoxycholate, 0.5% Triton X-100) using TRIzol LS and were quantified by Nanodrop as well.,Sequencing libraries were generated using NEBNext Ultra RNA Library Prep Kit for Illumina (NEB, USA, Catalog #: E7530L) following manufacturerâs recommendations
GSM8172128	GSE262593,GSE262597	other	H196 cells, polysomal RNA, replicate 3	H196	Polysome-bound RNA were extracted from sucrose based fraction after polysome profiling using TRIzol LS (ThermoFisher) according to manufacturerâs protocol and were quantified by Nanodrop microvolume spectrophotometers (Thermo Fisher Scientific). Cytoplasmic RNA were extracted from cell lysate in hypotonic buffer (5 mM Tris-HCl pH 7.5, 2.5 mM MgCl2, 1.5 mM KCl, 100 Î¼g.ml-1 cycloheximide, 2 mM DTT, 100 U/ml RNase inhibitor (Promega), 0.5% sodium deoxycholate, 0.5% Triton X-100) using TRIzol LS and were quantified by Nanodrop as well.,Sequencing libraries were generated using NEBNext Ultra RNA Library Prep Kit for Illumina (NEB, USA, Catalog #: E7530L) following manufacturerâs recommendations
GSM8172132	GSE262593,GSE262597	other	H69 cells, polysomal RNA, replicate 4	H69	Polysome-bound RNA were extracted from sucrose based fraction after polysome profiling using TRIzol LS (ThermoFisher) according to manufacturerâs protocol and were quantified by Nanodrop microvolume spectrophotometers (Thermo Fisher Scientific). Cytoplasmic RNA were extracted from cell lysate in hypotonic buffer (5 mM Tris-HCl pH 7.5, 2.5 mM MgCl2, 1.5 mM KCl, 100 Î¼g.ml-1 cycloheximide, 2 mM DTT, 100 U/ml RNase inhibitor (Promega), 0.5% sodium deoxycholate, 0.5% Triton X-100) using TRIzol LS and were quantified by Nanodrop as well.,Sequencing libraries were generated using NEBNext Ultra RNA Library Prep Kit for Illumina (NEB, USA, Catalog #: E7530L) following manufacturerâs recommendations
GSM8172133	GSE262593,GSE262597	other	H69 cells, polysomal RNA, replicate 5	H69	Polysome-bound RNA were extracted from sucrose based fraction after polysome profiling using TRIzol LS (ThermoFisher) according to manufacturerâs protocol and were quantified by Nanodrop microvolume spectrophotometers (Thermo Fisher Scientific). Cytoplasmic RNA were extracted from cell lysate in hypotonic buffer (5 mM Tris-HCl pH 7.5, 2.5 mM MgCl2, 1.5 mM KCl, 100 Î¼g.ml-1 cycloheximide, 2 mM DTT, 100 U/ml RNase inhibitor (Promega), 0.5% sodium deoxycholate, 0.5% Triton X-100) using TRIzol LS and were quantified by Nanodrop as well.,Sequencing libraries were generated using NEBNext Ultra RNA Library Prep Kit for Illumina (NEB, USA, Catalog #: E7530L) following manufacturerâs recommendations
GSM8172134	GSE262593,GSE262597	other	H69 cells, polysomal RNA, replicate 6	H69	Polysome-bound RNA were extracted from sucrose based fraction after polysome profiling using TRIzol LS (ThermoFisher) according to manufacturerâs protocol and were quantified by Nanodrop microvolume spectrophotometers (Thermo Fisher Scientific). Cytoplasmic RNA were extracted from cell lysate in hypotonic buffer (5 mM Tris-HCl pH 7.5, 2.5 mM MgCl2, 1.5 mM KCl, 100 Î¼g.ml-1 cycloheximide, 2 mM DTT, 100 U/ml RNase inhibitor (Promega), 0.5% sodium deoxycholate, 0.5% Triton X-100) using TRIzol LS and were quantified by Nanodrop as well.,Sequencing libraries were generated using NEBNext Ultra RNA Library Prep Kit for Illumina (NEB, USA, Catalog #: E7530L) following manufacturerâs recommendations
GSM8172138	GSE262593,GSE262597	other	H69M cells, polysome RNA, replicate 1	H69M	Polysome-bound RNA were extracted from sucrose based fraction after polysome profiling using TRIzol LS (ThermoFisher) according to manufacturerâs protocol and were quantified by Nanodrop microvolume spectrophotometers (Thermo Fisher Scientific). Cytoplasmic RNA were extracted from cell lysate in hypotonic buffer (5 mM Tris-HCl pH 7.5, 2.5 mM MgCl2, 1.5 mM KCl, 100 Î¼g.ml-1 cycloheximide, 2 mM DTT, 100 U/ml RNase inhibitor (Promega), 0.5% sodium deoxycholate, 0.5% Triton X-100) using TRIzol LS and were quantified by Nanodrop as well.,Sequencing libraries were generated using NEBNext Ultra RNA Library Prep Kit for Illumina (NEB, USA, Catalog #: E7530L) following manufacturerâs recommendations
GSM8172139	GSE262593,GSE262597	other	H69M cells, polysome RNA, replicate 2	H69M	Polysome-bound RNA were extracted from sucrose based fraction after polysome profiling using TRIzol LS (ThermoFisher) according to manufacturerâs protocol and were quantified by Nanodrop microvolume spectrophotometers (Thermo Fisher Scientific). Cytoplasmic RNA were extracted from cell lysate in hypotonic buffer (5 mM Tris-HCl pH 7.5, 2.5 mM MgCl2, 1.5 mM KCl, 100 Î¼g.ml-1 cycloheximide, 2 mM DTT, 100 U/ml RNase inhibitor (Promega), 0.5% sodium deoxycholate, 0.5% Triton X-100) using TRIzol LS and were quantified by Nanodrop as well.,Sequencing libraries were generated using NEBNext Ultra RNA Library Prep Kit for Illumina (NEB, USA, Catalog #: E7530L) following manufacturerâs recommendations
GSM8172140	GSE262593,GSE262597	other	H69M cells, polysome RNA, replicate 3	H69M	Polysome-bound RNA were extracted from sucrose based fraction after polysome profiling using TRIzol LS (ThermoFisher) according to manufacturerâs protocol and were quantified by Nanodrop microvolume spectrophotometers (Thermo Fisher Scientific). Cytoplasmic RNA were extracted from cell lysate in hypotonic buffer (5 mM Tris-HCl pH 7.5, 2.5 mM MgCl2, 1.5 mM KCl, 100 Î¼g.ml-1 cycloheximide, 2 mM DTT, 100 U/ml RNase inhibitor (Promega), 0.5% sodium deoxycholate, 0.5% Triton X-100) using TRIzol LS and were quantified by Nanodrop as well.,Sequencing libraries were generated using NEBNext Ultra RNA Library Prep Kit for Illumina (NEB, USA, Catalog #: E7530L) following manufacturerâs recommendations
GSM8172177	GSE262596,GSE262597	other	H69 cells, shNTC, polysomal RNA, replicate 1	H69	Polysome-bound RNA were extracted from sucrose based fraction after polysome profiling using TRIzol LS (ThermoFisher) according to manufacturerâs protocol and were quantified by Nanodrop microvolume spectrophotometers (Thermo Fisher Scientific). Cytoplasmic RNA were extracted from cell lysate in hypotonic buffer (5 mM Tris-HCl pH 7.5, 2.5 mM MgCl2, 1.5 mM KCl, 100 Î¼g.ml-1 cycloheximide, 2 mM DTT, 100 U/ml RNase inhibitor (Promega), 0.5% sodium deoxycholate, 0.5% Triton X-100) using TRIzol LS and were quantified by Nanodrop as well.,Sequencing libraries were generated using NEBNext Ultra RNA Library Prep Kit for Illumina (NEB, USA, Catalog #: E7530L) following manufacturerâs recommendations
GSM8172178	GSE262596,GSE262597	other	H69 cells, shNTC, polysomal RNA, replicate 2	H69	Polysome-bound RNA were extracted from sucrose based fraction after polysome profiling using TRIzol LS (ThermoFisher) according to manufacturerâs protocol and were quantified by Nanodrop microvolume spectrophotometers (Thermo Fisher Scientific). Cytoplasmic RNA were extracted from cell lysate in hypotonic buffer (5 mM Tris-HCl pH 7.5, 2.5 mM MgCl2, 1.5 mM KCl, 100 Î¼g.ml-1 cycloheximide, 2 mM DTT, 100 U/ml RNase inhibitor (Promega), 0.5% sodium deoxycholate, 0.5% Triton X-100) using TRIzol LS and were quantified by Nanodrop as well.,Sequencing libraries were generated using NEBNext Ultra RNA Library Prep Kit for Illumina (NEB, USA, Catalog #: E7530L) following manufacturerâs recommendations
GSM8172179	GSE262596,GSE262597	other	H69 cells, sheIF6, polysomal RNA, replicate 1	H69	Polysome-bound RNA were extracted from sucrose based fraction after polysome profiling using TRIzol LS (ThermoFisher) according to manufacturerâs protocol and were quantified by Nanodrop microvolume spectrophotometers (Thermo Fisher Scientific). Cytoplasmic RNA were extracted from cell lysate in hypotonic buffer (5 mM Tris-HCl pH 7.5, 2.5 mM MgCl2, 1.5 mM KCl, 100 Î¼g.ml-1 cycloheximide, 2 mM DTT, 100 U/ml RNase inhibitor (Promega), 0.5% sodium deoxycholate, 0.5% Triton X-100) using TRIzol LS and were quantified by Nanodrop as well.,Sequencing libraries were generated using NEBNext Ultra RNA Library Prep Kit for Illumina (NEB, USA, Catalog #: E7530L) following manufacturerâs recommendations
GSM8172180	GSE262596,GSE262597	other	H69 cells, sheIF6, polysomal RNA, replicate 2	H69	Polysome-bound RNA were extracted from sucrose based fraction after polysome profiling using TRIzol LS (ThermoFisher) according to manufacturerâs protocol and were quantified by Nanodrop microvolume spectrophotometers (Thermo Fisher Scientific). Cytoplasmic RNA were extracted from cell lysate in hypotonic buffer (5 mM Tris-HCl pH 7.5, 2.5 mM MgCl2, 1.5 mM KCl, 100 Î¼g.ml-1 cycloheximide, 2 mM DTT, 100 U/ml RNase inhibitor (Promega), 0.5% sodium deoxycholate, 0.5% Triton X-100) using TRIzol LS and were quantified by Nanodrop as well.,Sequencing libraries were generated using NEBNext Ultra RNA Library Prep Kit for Illumina (NEB, USA, Catalog #: E7530L) following manufacturerâs recommendations
GSM8172185	GSE262596,GSE262597	other	H69M cells, shNTC, polysomal RNA, replicate 1	H69M	Polysome-bound RNA were extracted from sucrose based fraction after polysome profiling using TRIzol LS (ThermoFisher) according to manufacturerâs protocol and were quantified by Nanodrop microvolume spectrophotometers (Thermo Fisher Scientific). Cytoplasmic RNA were extracted from cell lysate in hypotonic buffer (5 mM Tris-HCl pH 7.5, 2.5 mM MgCl2, 1.5 mM KCl, 100 Î¼g.ml-1 cycloheximide, 2 mM DTT, 100 U/ml RNase inhibitor (Promega), 0.5% sodium deoxycholate, 0.5% Triton X-100) using TRIzol LS and were quantified by Nanodrop as well.,Sequencing libraries were generated using NEBNext Ultra RNA Library Prep Kit for Illumina (NEB, USA, Catalog #: E7530L) following manufacturerâs recommendations
GSM8172186	GSE262596,GSE262597	other	H69M cells, shNTC, polysomal RNA, replicate 2	H69M	Polysome-bound RNA were extracted from sucrose based fraction after polysome profiling using TRIzol LS (ThermoFisher) according to manufacturerâs protocol and were quantified by Nanodrop microvolume spectrophotometers (Thermo Fisher Scientific). Cytoplasmic RNA were extracted from cell lysate in hypotonic buffer (5 mM Tris-HCl pH 7.5, 2.5 mM MgCl2, 1.5 mM KCl, 100 Î¼g.ml-1 cycloheximide, 2 mM DTT, 100 U/ml RNase inhibitor (Promega), 0.5% sodium deoxycholate, 0.5% Triton X-100) using TRIzol LS and were quantified by Nanodrop as well.,Sequencing libraries were generated using NEBNext Ultra RNA Library Prep Kit for Illumina (NEB, USA, Catalog #: E7530L) following manufacturerâs recommendations
GSM8172187	GSE262596,GSE262597	other	H69M cells, sheIF6, polysomal RNA, replicate 1	H69M	Polysome-bound RNA were extracted from sucrose based fraction after polysome profiling using TRIzol LS (ThermoFisher) according to manufacturerâs protocol and were quantified by Nanodrop microvolume spectrophotometers (Thermo Fisher Scientific). Cytoplasmic RNA were extracted from cell lysate in hypotonic buffer (5 mM Tris-HCl pH 7.5, 2.5 mM MgCl2, 1.5 mM KCl, 100 Î¼g.ml-1 cycloheximide, 2 mM DTT, 100 U/ml RNase inhibitor (Promega), 0.5% sodium deoxycholate, 0.5% Triton X-100) using TRIzol LS and were quantified by Nanodrop as well.,Sequencing libraries were generated using NEBNext Ultra RNA Library Prep Kit for Illumina (NEB, USA, Catalog #: E7530L) following manufacturerâs recommendations
GSM8172188	GSE262596,GSE262597	other	H69M cells, sheIF6, polysomal RNA, replicate 2	H69M	Polysome-bound RNA were extracted from sucrose based fraction after polysome profiling using TRIzol LS (ThermoFisher) according to manufacturerâs protocol and were quantified by Nanodrop microvolume spectrophotometers (Thermo Fisher Scientific). Cytoplasmic RNA were extracted from cell lysate in hypotonic buffer (5 mM Tris-HCl pH 7.5, 2.5 mM MgCl2, 1.5 mM KCl, 100 Î¼g.ml-1 cycloheximide, 2 mM DTT, 100 U/ml RNase inhibitor (Promega), 0.5% sodium deoxycholate, 0.5% Triton X-100) using TRIzol LS and were quantified by Nanodrop as well.,Sequencing libraries were generated using NEBNext Ultra RNA Library Prep Kit for Illumina (NEB, USA, Catalog #: E7530L) following manufacturerâs recommendations
GSM8260489	GSE267128	other	PC3NC1	prostate	RNA was extracted using the HiPure Universal RNA Mini Kit (Magen Biotechnology).,RNA libraries for RNA-seq were prepared with VAHTS Universal V6 RNA-seq Library Prep Kit following manufacture's protocols
GSM8260490	GSE267128	other	PC3NC2	prostate	RNA was extracted using the HiPure Universal RNA Mini Kit (Magen Biotechnology).,RNA libraries for RNA-seq were prepared with VAHTS Universal V6 RNA-seq Library Prep Kit following manufacture's protocols
GSM8260491	GSE267128	other	PC3NC3	prostate	RNA was extracted using the HiPure Universal RNA Mini Kit (Magen Biotechnology).,RNA libraries for RNA-seq were prepared with VAHTS Universal V6 RNA-seq Library Prep Kit following manufacture's protocols
GSM8260492	GSE267128	other	PC3OE1	prostate	RNA was extracted using the HiPure Universal RNA Mini Kit (Magen Biotechnology).,RNA libraries for RNA-seq were prepared with VAHTS Universal V6 RNA-seq Library Prep Kit following manufacture's protocols
GSM8260493	GSE267128	other	PC3OE2	prostate	RNA was extracted using the HiPure Universal RNA Mini Kit (Magen Biotechnology).,RNA libraries for RNA-seq were prepared with VAHTS Universal V6 RNA-seq Library Prep Kit following manufacture's protocols
GSM8260494	GSE267128	other	PC3OE3	prostate	RNA was extracted using the HiPure Universal RNA Mini Kit (Magen Biotechnology).,RNA libraries for RNA-seq were prepared with VAHTS Universal V6 RNA-seq Library Prep Kit following manufacture's protocols
GSM8323261	GSE269631	other	Samples 4-5, PBMC, post treatment, Adalimumab non-responder (CMO)	Peripheral venous blood	Peripheral venous blood was collected into K2EDTA tubes (Vacutainer BD, Franklin Lakes, NJ, USA). The PBMCs were isolated using density gradient centrifugation with Lympholyte H Cell Separation Medium (Cedarlane, Burlington, ON, Canada) and SepMate 50 centrifuge tubes (StemCells Technologies, Vancouver, BC, Canada). The remaining platelets and erythrocytes were removed using the low-speed centrifugation and red blood cell lysis, respectively. The isolated PBMCs were stored in liquid nitrogen at a density of 1-10E6 cells/mL. A combination of 10% dimethyl sulfoxide (Sigma-Aldrich, Bur-lington, MA, USA) and 40% heat-inactivated fetal bovine serum (Gibco, ThermoFisher Scientific, Waltham, MA, USA) was used as the cryopreservation medium. The cell concentration was determined using the CytoSmart automated cell counter (Corning Inc., Corning, NY, USA). To perform scRNA-seq the 10X Chromium System (10X Genomics, Pleasanton, CA, USA) was used. First, the cryopreserved PBMCs were thawed and washed in Dulbecco's Phosphate-Buffered Saline supplemented with 5% FBS to remove the cryopreservation medium. The quality of the cell samples was confirmed using the trypan blue exclusion and viability of all samples was >90%. 2E6 cells per sample were used for the library preparation.,Samples 001 and 002 were processed as single reactions using Chromium Next Gem Single Cell 3' Kit v3.1 (PN-1000269), Chromium Next GEM Chip G Single Cell Kit (PN-1000127), and Dual Index Kit TT Set A (PN-1000215; all 10X Genomics) according to the manufacturerâs instructions (CG000315 Rev E). Other samples were processed as multiplexed reactions, with three samples per reaction, using Chromium Next Gem Single Cell 3' Kit v3.1 (PN-1000269), 3â Feature Barcode Kit (PN-1000262), Dual Index Kit TT Set A (PN-1000215) and Dual Index Kit NN Set A (PN-1000243; all 10X Genomics). For the multiplexed samples, the cells were first CMO labelled using 3âCellPlex Kit Set A (PN-1000261, 10X Genomics) according to the manufacturerâs instructions (CG000391 Rev B). All samples were loaded onto the Chromium Controller Instrument (10X Ge-nomics) to generate gel bead-in-emulsions (GEM). Next, complementary DNA (cDNA) libraries were constructed. GEMâreverse transcription (RT) was performed in a C1000 deepwell block thermocycler (BioRad, Hercules, CA, USA). The cDNA was purified using Dynabeads MyOne Silane Beads (Thermo Fisher Scientific) and amplified following the recommendations in the 10X Genomics protocol CG000315 Rev E, for single reaction samples, and protocol CG000388 Rev C, for multiplex reaction samples. The product was subsequently purified using the SPRIselect Reagent Kit (B23318, Beckman Coulter, Brea, CA, USA,). Next, 3â Gene Expression Libraries were constructed using the Chromium Single-Cell 3â² Library Construction Kit (PN-1000196). For the multiplexed samples Cell Multiplexing Libraries were additionally generated using Dual Index Kit NN Set A (PN-1000243) and 3âFeature Barcode Kit (PN-1000262). Library quality control was performed using the Agilent Bioanalyzer 2100 and using High Sensitivity DNA Kit (Agilent, Santa Clara, CA, USA). The prepared libraries were sequenced with Illumina NovaSeq pair-end 150bp at GENEWIZ (GENEWIZ Germany GmbH, Leipzig, Germany) with an average sequencing depth of >100 million reads per library yielding approximate average of 28,600 reads per cell.
