"cluster_id","kind","agent_id_v5","n_studies","gsm","in_h5","new_agent_id","new_canon","new_src","is_strong"
"group_L3_131a701c","cytokine_stim","STR:cytokine_treated",1,"GSM1808869",TRUE,"STR:cytokine_treated","cytokine treated","STR_FALLBACK",FALSE
"group_L1_9cecc6cc","cytokine_stim","UNK",1,"GSM3500700",TRUE,,,"NO_RECOVERY",FALSE
"pair_L3_d26925fd","cytokine_stim","UNK",1,"GSM3258612",TRUE,,,"NO_RECOVERY",FALSE
"pair_L4_e60daf73","cytokine_stim","STR:tnfaltab",1,"GSM4614183",TRUE,"STR:tnfaltab","tnfaltab","STR_FALLBACK",FALSE
"group_L3_8a011083","cytokine_stim","UNK",1,"GSM4490663",TRUE,,,"NO_RECOVERY",FALSE
"group_L0_36309183","cytokine_stim","STR:c-x-c motif chemokine 12",1,"GSM6205271",TRUE,,,"NO_RECOVERY",FALSE
"pair_L4_b3866830","cytokine_stim","STR:interferon lambda",1,"GSM2795889",TRUE,"STR:ifnl","ifnl","STR_FALLBACK",FALSE
"group_L0_1270b3a9","cytokine_stim","STR:transforming growth factor beta 1",1,"GSM4150586",TRUE,,,"NO_RECOVERY",FALSE
"group_L1_cec46a03","cytokine_stim","STR:3_hour_kl2",1,"GSM5543702",TRUE,"STR:3_hour_kl2","3-hour kl2","STR_FALLBACK",FALSE
"group_L0_d3c16595","cytokine_stim","STR:interferon gamma",1,"GSM4544346",TRUE,,,"NO_RECOVERY",FALSE
"group_L3_7825433f","cytokine_stim","STR:lps_ifn_gamma_treated_macrophages_m1_polarized",1,"GSM7106586",TRUE,"STR:lps_ifn_gamma_treated_macrophages_m1_polarized","lps+ifn gamma treated macrophages (m1 polarized)","STR_FALLBACK",FALSE
"group_L2_21c28388","cytokine_stim","UNK",1,"GSM3264583",TRUE,,,"NO_RECOVERY",FALSE
"pair_L1_08000d22","cytokine_stim","STR:pma_ionomycin_stimulation",1,"GSM6588564",TRUE,"STR:pma_ionomycin_stimulation","pma/ionomycin stimulation","STR_FALLBACK",FALSE
"group_L3_597e6183","cytokine_stim","STR:il-17af",1,"GSM5238685",TRUE,"STR:il_17af_10_ng_ml_for_24_hours","il-17af (10 ng/ml) for 24 hours","STR_FALLBACK",FALSE
"pair_L1_69fe6c94","cytokine_stim","UNK",1,"GSM3258600",TRUE,,,"NO_RECOVERY",FALSE
"pair_L2_5d0948dc","cytokine_stim","STR:angiopoietin-like 4",1,"GSM8255979",TRUE,"STR:nangptl4_stimulation","nangptl4 stimulation","STR_FALLBACK",FALSE
"group_L3_7631641d","cytokine_stim","STR:il_4_gm_csf_tgf_beta_5_7_days",1,"GSM5283168",TRUE,"STR:il_4_gm_csf_tgf_beta_5_7_days","il-4/gm-csf/tgf-beta 5-7 days","STR_FALLBACK",FALSE
"pair_L0_83f54b71","cytokine_stim","UNK",1,"GSM7668385",TRUE,,,"NO_RECOVERY",FALSE
"group_L1_4d5e04ca","cytokine_stim","UNK",1,"GSM3258600",TRUE,,,"NO_RECOVERY",FALSE
"group_L2_8f661ac4","cytokine_stim","STR:tnfil17",1,"GSM4413653",TRUE,"STR:tnfil17","tnfil17","STR_FALLBACK",FALSE
"pair_L4_fa58eb4e","cytokine_stim","STR:3h_r848",1,"GSM6394815",TRUE,"STR:3h_r848","3h r848","STR_FALLBACK",FALSE
"group_L1_86872ef0","cytokine_stim","UNK",1,"GSM7668385",TRUE,,,"NO_RECOVERY",FALSE
"group_L2_1d87b9f9","cytokine_stim","STR:transforming growth factor beta",1,"GSM2667621",TRUE,,,"NO_RECOVERY",FALSE
"group_L1_9641cc51","cytokine_stim","STR:tgflo",1,"GSM3357041",TRUE,"STR:tgflo","tgflo","STR_FALLBACK",FALSE
"pair_L0_408585e7","cytokine_stim","STR:cd3_cd28_activated",1,"GSM8192617",TRUE,"STR:cd3_cd28_activated","cd3/cd28 activated","STR_FALLBACK",FALSE
"pair_L2_28a8b1d8","cytokine_stim","STR:interleukin 27 subunit alpha",1,"GSM5711140",TRUE,,,"NO_RECOVERY",FALSE
"group_L0_ba48b2c5","cytokine_stim","UNK",1,"GSM2897820",TRUE,,,"NO_RECOVERY",FALSE
"group_L1_07466da2","cytokine_stim","STR:ciliary neurotrophic factor",1,"GSM1974548",TRUE,,,"NO_RECOVERY",FALSE
"group_L1_1f3a5d1a","cytokine_stim","UNK",1,"GSM4710646",TRUE,,,"NO_RECOVERY",FALSE
"group_L2_ae504ba5","cytokine_stim","STR:interferon gamma",1,"GSM5949135",TRUE,"STR:ifng_24h","ifng_24h","STR_FALLBACK",FALSE
"pair_L2_30cc2c3f","cytokine_stim","STR:cd3_cd28_il_12",1,"GSM4280395",TRUE,"STR:cd3_cd28_il_12","cd3/cd28/il-12","STR_FALLBACK",FALSE
"group_L4_4439e1cb","cytokine_stim","STR:interferon gamma",1,"GSM4971606",TRUE,"STR:ifny_treatment_50iu","ifny treatment (50iu","STR_FALLBACK",FALSE
"pair_L1_8a388846","cytokine_stim","STR:tnfil17",1,"GSM4413653",TRUE,"STR:tnfil17","tnfil17","STR_FALLBACK",FALSE
"pair_L1_51dfb4d0","cytokine_stim","STR:interferon lambda-1",1,"GSM7781151",TRUE,"STR:100ng_ml_infl1_3","100ng/ml infl1-3","STR_FALLBACK",FALSE
"group_L3_818f1033","cytokine_stim","STR:24_h_anticd3_cd28_coated_beads",1,"GSM2228921",TRUE,"STR:24_h_anticd3_cd28_coated_beads","24 h anticd3/cd28-coated beads","STR_FALLBACK",FALSE
"group_L1_540d2a04","cytokine_stim","STR:interferon gamma",1,"GSM5949111",TRUE,"STR:ifng_24h","ifng_24h","STR_FALLBACK",FALSE
"group_L2_06491c0c","cytokine_stim","STR:m1_polarized",1,"GSM4758448",TRUE,"STR:m1_polarized","m1 polarized","STR_FALLBACK",FALSE
"group_L0_a501b038","cytokine_stim","STR:angiopoietin-like 4",1,"GSM8255983",TRUE,"STR:cangptl4_stimulation","cangptl4 stimulation","STR_FALLBACK",FALSE
"pair_L2_cef2bd17","cytokine_stim","STR:6_hours",1,"GSM3735248",TRUE,"STR:6_hours","6 hours","STR_FALLBACK",FALSE
"group_L1_ef3d5cb0","cytokine_stim","UNK",1,"GSM3043751",TRUE,,,"NO_RECOVERY",FALSE
"group_L4_9f0e683b","cytokine_stim","STR:transforming growth factor beta",1,"GSM3357033",TRUE,"STR:tgfhi","tgfhi","STR_FALLBACK",FALSE
"pair_L2_a36afc85","cytokine_stim","STR:cytokine_treated",1,"GSM1808869",TRUE,"STR:cytokine_treated","cytokine treated","STR_FALLBACK",FALSE
"group_L4_0a6c803f","cytokine_stim","STR:il_4_gm_csf_5_7_days",1,"GSM5283160",TRUE,"STR:il_4_gm_csf_5_7_days","il-4/gm-csf 5-7 days","STR_FALLBACK",FALSE
"group_L3_b6154fa4","cytokine_stim","UNK",1,"GSM4710646",TRUE,,,"NO_RECOVERY",FALSE
"group_L0_28d7559f","cytokine_stim","STR:isolated_t_stimulation",1,"GSM7767455",TRUE,"STR:isolated_t_stimulation","isolated t stimulation","STR_FALLBACK",FALSE
"group_L2_c9f3d7d3","cytokine_stim","STR:cpg odn 2395",1,"GSM6394859",TRUE,"STR:3h_cpg_2395","3h cpg 2395","STR_FALLBACK",FALSE
"group_L0_1df5e0be","cytokine_stim","STR:bronchial_epithelial_cells_differentiated_on_porous_membrane_under_air_liquid_interface_condition",1,"GSM5543688",TRUE,"STR:bronchial_epithelial_cells_differentiated_on_porous_membrane_under_air_liquid_interface_condition","bronchial epithelial cells differentiated on porous  membrane under air-liquid interface condition","STR_FALLBACK",FALSE
"pair_L4_8c92dda0","cytokine_stim","STR:ifn_iii",1,"GSM5733671",TRUE,"STR:ifn_iii","ifn-iii","STR_FALLBACK",FALSE
"group_L0_8a968760","cytokine_stim","UNK",1,"GSM5825833",TRUE,,,"NO_RECOVERY",FALSE
"group_L0_8d4ef2fe","cytokine_stim","STR:transforming growth factor beta",1,"GSM4802517",TRUE,,,"NO_RECOVERY",FALSE
"pair_L2_66e2e752","cytokine_stim","UNK",1,"GSM7668385",TRUE,,,"NO_RECOVERY",FALSE
"group_L0_5b7e046a","cytokine_stim","STR:cd3_cd28",1,"GSM4280392",TRUE,"STR:cd3_cd28","cd3/cd28","STR_FALLBACK",FALSE
"pair_L2_22d93d4e","cytokine_stim","STR:ifn_i",1,"GSM5733665",TRUE,"STR:ifn_i","ifn-i","STR_FALLBACK",FALSE
"group_L4_4efb82bf","cytokine_stim","STR:interferon gamma",1,"GSM4498082",TRUE,,,"NO_RECOVERY",FALSE
"group_L0_0f402c30","cytokine_stim","STR:il_4_gm_csf_tgf_beta_5_7_days",1,"GSM5283166",TRUE,"STR:il_4_gm_csf_tgf_beta_5_7_days","il-4/gm-csf/tgf-beta 5-7 days","STR_FALLBACK",FALSE
"pair_L2_7ecce9cd","cytokine_stim","STR:cd3/cd28",1,"GSM4280401",TRUE,"STR:cd3_cd28","cd3/cd28","STR_FALLBACK",FALSE
"pair_L2_34a6bece","cytokine_stim","STR:interferon alpha-2",1,"GSM3559670",TRUE,"STR:ifna2_il18","ifna2_il18","STR_FALLBACK",FALSE
"group_L0_6958e7e3","cytokine_stim","STR:interferon gamma",1,"GSM5949091",TRUE,"STR:ifng_24h","ifng_24h","STR_FALLBACK",FALSE
"pair_L1_40a112d5","cytokine_stim","UNK",1,"GSM3258606",TRUE,,,"NO_RECOVERY",FALSE
"group_L1_a858e2ec","cytokine_stim","UNK",1,"GSM5262007",TRUE,,,"NO_RECOVERY",FALSE
"pair_L1_9ab4e803","cytokine_stim","UNK",1,"GSM7668379",TRUE,,,"NO_RECOVERY",FALSE
"group_L1_80e19f57","cytokine_stim","UNK",1,"GSM2452273",TRUE,,,"NO_RECOVERY",FALSE
"group_L0_c12219ff","cytokine_stim","STR:transforming growth factor beta 1",1,"GSM5909703",TRUE,"STR:tgf_1","tgf-î²1","STR_FALLBACK",FALSE
"pair_L2_4e2a8dd4","cytokine_stim","STR:cangptl4_stimulation",1,"GSM8255982",TRUE,"STR:cangptl4_stimulation","cangptl4 stimulation","STR_FALLBACK",FALSE
"group_L0_88bfe7c1","cytokine_stim","UNK",1,"GSM5830222",TRUE,,,"NO_RECOVERY",FALSE
"pair_L2_5e84233b","cytokine_stim","STR:6_hours",1,"GSM3735254",TRUE,"STR:6_hours","6 hours","STR_FALLBACK",FALSE
"group_L1_84c73a7b","cytokine_stim","STR:transforming growth factor beta 1",1,"GSM4067064",TRUE,"STR:tgf","tgf-î²","STR_FALLBACK",FALSE
"group_L2_16ea367f","cytokine_stim","STR:ifnalpha_lps",1,"GSM5531654",TRUE,"STR:ifnalpha_lps","ifnalpha-lps","STR_FALLBACK",FALSE
"group_L0_796eda54","cytokine_stim","STR:scd83",1,"GSM6321776",TRUE,"STR:scd83","scd83","STR_FALLBACK",FALSE
"group_L4_b7fbd681","cytokine_stim","STR:cd3_cd28",1,"GSM4280392",TRUE,"STR:cd3_cd28","cd3/cd28","STR_FALLBACK",FALSE
"pair_L3_71a0f4f4","cytokine_stim","UNK",1,"GSM3315728",TRUE,,,"NO_RECOVERY",FALSE
"pair_L0_67f40523","cytokine_stim","UNK",1,"GSM4059899",TRUE,,,"NO_RECOVERY",FALSE
"group_L1_753c0730","cytokine_stim","STR:cd3_cd28_il_12",1,"GSM4280404",TRUE,"STR:cd3_cd28_il_12","cd3/cd28/il-12","STR_FALLBACK",FALSE
"group_L4_2fa30b95","cytokine_stim","STR:interleukin-22",1,"GSM5410362",TRUE,,,"NO_RECOVERY",FALSE
"group_L0_41cf5a00","cytokine_stim","UNK",1,"GSM4490663",TRUE,,,"NO_RECOVERY",FALSE
"pair_L0_60eec2f9","cytokine_stim","STR:bmp2_egf",1,"GSM4614850",TRUE,"STR:bmp2_egf","bmp2_egf","STR_FALLBACK",FALSE
"pair_L1_e82b85a3","cytokine_stim","STR:cytokine_treated",1,"GSM1808869",TRUE,"STR:cytokine_treated","cytokine treated","STR_FALLBACK",FALSE
"group_L1_f4d91139","cytokine_stim","STR:anti_cd3_anti_cd28",1,"GSM4932293",TRUE,"STR:anti_cd3_anti_cd28","anti-cd3/anti-cd28","STR_FALLBACK",FALSE
"group_L3_8edad4db","cytokine_stim","STR:transforming growth factor beta 1",1,"GSM4067064",TRUE,"STR:tgf","tgf-î²","STR_FALLBACK",FALSE
"group_L2_43f37da1","cytokine_stim","UNK",1,"GSM2897820",TRUE,,,"NO_RECOVERY",FALSE
"group_L2_58da0ecd","cytokine_stim","STR:interferon gamma",1,"GSM2949410",TRUE,"STR:interferon","interferon î³","STR_FALLBACK",FALSE
"group_L3_39f9fc44","cytokine_stim","STR:interleukin 27 subunit alpha",1,"GSM5711147",TRUE,,,"NO_RECOVERY",FALSE
"pair_L4_13ef5993","cytokine_stim","STR:cangptl4_stimulation",1,"GSM8255982",TRUE,"STR:cangptl4_stimulation","cangptl4 stimulation","STR_FALLBACK",FALSE
"pair_L3_d8907c63","cytokine_stim","STR:3h_r848",1,"GSM6394815",TRUE,"STR:3h_r848","3h r848","STR_FALLBACK",FALSE
"group_L1_8f8c92c5","cytokine_stim","UNK",1,"GSM1974549",TRUE,,,"NO_RECOVERY",FALSE
"pair_L1_3d45c8ac","cytokine_stim","STR:m1_polarized",1,"GSM4758448",TRUE,"STR:m1_polarized","m1 polarized","STR_FALLBACK",FALSE
"group_L2_8621f59d","cytokine_stim","STR:interleukin-7",1,"GSM5068837",TRUE,"STR:hil_7_and_hil_12p70_10_ng_ml_each","hil-7 and hil-12p70 (10 ng/ml each)","STR_FALLBACK",FALSE
"group_L4_f00735b3","cytokine_stim","UNK",1,"GSM2897824",TRUE,,,"NO_RECOVERY",FALSE
"group_L0_2a50b897","cytokine_stim","STR:colony stimulating factor 2",1,"GSM4710651",TRUE,,,"NO_RECOVERY",FALSE
"group_L4_8aa1ff8f","cytokine_stim","UNK",1,"GSM7668379",TRUE,,,"NO_RECOVERY",FALSE
"group_L0_1304904c","cytokine_stim","STR:granulocyte-macrophage colony-stimulating factor",1,"GSM4012635",TRUE,,,"NO_RECOVERY",FALSE
"group_L4_0fa6ea82","cytokine_stim","STR:il_2v_polypeptide",1,"GSM6604885",TRUE,"STR:il_2v_polypeptide","il-2v polypeptide","STR_FALLBACK",FALSE
"group_L2_d8e9f364","cytokine_stim","STR:cd3",1,"GSM3431284",TRUE,,,"NO_RECOVERY",FALSE
"group_L3_7bec8959","cytokine_stim","STR:angiopoietin-like 4",1,"GSM8255983",TRUE,"STR:cangptl4_stimulation","cangptl4 stimulation","STR_FALLBACK",FALSE
"pair_L4_77f76bb0","cytokine_stim","UNK",1,"GSM3500691",TRUE,,,"NO_RECOVERY",FALSE
"pair_L1_8652bfce","cytokine_stim","UNK",1,"GSM7668385",TRUE,,,"NO_RECOVERY",FALSE
"pair_L4_c09db754","cytokine_stim","UNK",1,"GSM4710650",TRUE,,,"NO_RECOVERY",FALSE
"pair_L3_de54e336","cytokine_stim","STR:3_hour_kl2",1,"GSM5543702",TRUE,"STR:3_hour_kl2","3-hour kl2","STR_FALLBACK",FALSE
"group_L1_e24ba27b","cytokine_stim","STR:cd3/cd28",1,"GSM8217151",TRUE,"STR:cd3_cd28_stimulated","cd3/cd28 stimulated","STR_FALLBACK",FALSE
"group_L2_bd838ae9","cytokine_stim","UNK",1,"GSM4710646",TRUE,,,"NO_RECOVERY",FALSE
"group_L4_88c532de","cytokine_stim","STR:24_h_anticd3_cd28_coated_beads",1,"GSM2228921",TRUE,"STR:24_h_anticd3_cd28_coated_beads","24 h anticd3/cd28-coated beads","STR_FALLBACK",FALSE
"group_L4_834ddaca","cytokine_stim","UNK",1,"GSM4434163",TRUE,,,"NO_RECOVERY",FALSE
"group_L4_e0fbc9a9","cytokine_stim","STR:tgflo",1,"GSM3357041",TRUE,"STR:tgflo","tgflo","STR_FALLBACK",FALSE
"pair_L0_91df2891","cytokine_stim","STR:eosinophil-derived neurotoxin",1,"GSM3036069",TRUE,"STR:eosinophil_derived_neurotoxin_edn","eosinophil-derived neurotoxin (edn)","STR_FALLBACK",FALSE
"group_L4_a8ac07cb","cytokine_stim","STR:cd3_cd28_il_12",1,"GSM4280395",TRUE,"STR:cd3_cd28_il_12","cd3/cd28/il-12","STR_FALLBACK",FALSE
"group_L1_7e188b2b","cytokine_stim","STR:platelet-derived growth factor subunit b",1,"GSM3378753",TRUE,"STR:recombinant_pdgf_bb_20_ng_ml_for_2h","recombinant pdgf-bb 20 ng/ml for 2h","STR_FALLBACK",FALSE
"group_L3_5e3d304b","cytokine_stim","UNK",1,"GSM4038077",TRUE,,,"NO_RECOVERY",FALSE
"group_L4_8fb1b5d7","cytokine_stim","STR:transforming growth factor beta",1,"GSM6938464",TRUE,"STR:tgf","tgfî²","STR_FALLBACK",FALSE
"group_L4_c079f269","cytokine_stim","STR:24_hr_cytokines",1,"GSM7989916",TRUE,"STR:24_hr_cytokines","24 hr cytokines","STR_FALLBACK",FALSE
"group_L2_fe52d537","cytokine_stim","STR:cd3_cd28_activated",1,"GSM8192617",TRUE,"STR:cd3_cd28_activated","cd3/cd28 activated","STR_FALLBACK",FALSE
"group_L2_4086f3a8","cytokine_stim","STR:cd3_cd28_il_12",1,"GSM4280395",TRUE,"STR:cd3_cd28_il_12","cd3/cd28/il-12","STR_FALLBACK",FALSE
"group_L2_8441dd30","cytokine_stim","STR:bmp2_egf",1,"GSM4614850",TRUE,"STR:bmp2_egf","bmp2_egf","STR_FALLBACK",FALSE
"group_L0_f804135e","cytokine_stim","STR:anti_cd3_anti_cd28",1,"GSM4932283",TRUE,"STR:anti_cd3_anti_cd28","anti-cd3/anti-cd28","STR_FALLBACK",FALSE
"group_L1_46587c49","cytokine_stim","UNK",1,"GSM4059899",TRUE,,,"NO_RECOVERY",FALSE
"group_L1_59d64094","cytokine_stim","STR:interleukin 12 subunit alpha",1,"GSM3724901",TRUE,"STR:c_cytokines","c(cytokines","STR_FALLBACK",FALSE
"group_L3_98abcd1b","cytokine_stim","STR:muromonab-cd3",1,"GSM3090954",TRUE,,,"NO_RECOVERY",FALSE
"group_L0_2a21b7d3","cytokine_stim","UNK",1,"GSM7668378",TRUE,,,"NO_RECOVERY",FALSE
"pair_L0_143b8723","cytokine_stim","STR:cpg odn 2395",1,"GSM6394859",TRUE,"STR:3h_cpg_2395","3h cpg 2395","STR_FALLBACK",FALSE
"group_L3_d566d708","cytokine_stim","STR:cd3",1,"GSM3431284",TRUE,,,"NO_RECOVERY",FALSE
"group_L2_eef40d93","cytokine_stim","STR:ifn_i",1,"GSM5733688",TRUE,"STR:ifn_i","ifn-i","STR_FALLBACK",FALSE
"group_L1_c4d5bdef","cytokine_stim","STR:interferon-alpha",1,"GSM1580662",TRUE,,,"NO_RECOVERY",FALSE
"group_L0_8cae12c5","cytokine_stim","STR:m1_polarized",1,"GSM4758448",TRUE,"STR:m1_polarized","m1 polarized","STR_FALLBACK",FALSE
"group_L1_98aa3f9f","cytokine_stim","STR:tgf_beta_tnf_alpha",1,"GSM7143023",TRUE,"STR:tgf_beta_tnf_alpha","tgf-beta/tnf-alpha","STR_FALLBACK",FALSE
"pair_L2_ee77bf2a","cytokine_stim","STR:interferon gamma",1,"GSM5289798",TRUE,,,"NO_RECOVERY",FALSE
"group_L0_d193eb35","cytokine_stim","STR:interferon lambda-1",1,"GSM7781151",TRUE,"STR:100ng_ml_infl1_3","100ng/ml infl1-3","STR_FALLBACK",FALSE
"group_L3_8cfde0d3","cytokine_stim","UNK",1,"GSM4710650",TRUE,,,"NO_RECOVERY",FALSE
"group_L4_12b80492","cytokine_stim","STR:ifn_i",1,"GSM5733688",TRUE,"STR:ifn_i","ifn-i","STR_FALLBACK",FALSE
"pair_L1_25235109","cytokine_stim","STR:tnfaltab",1,"GSM4614183",TRUE,"STR:tnfaltab","tnfaltab","STR_FALLBACK",FALSE
"group_L4_ddca1474","cytokine_stim","STR:chemerin",1,"GSM8035109",TRUE,"STR:rhchemerin","rhchemerin","STR_FALLBACK",FALSE
"group_L3_8463063d","cytokine_stim","UNK",1,"GSM1974549",TRUE,,,"NO_RECOVERY",FALSE
"pair_L2_8412cb1b","cytokine_stim","STR:cpg odn 2395",1,"GSM6394859",TRUE,"STR:3h_cpg_2395","3h cpg 2395","STR_FALLBACK",FALSE
"group_L4_a7ba8ec7","cytokine_stim","UNK",1,"GSM2897820",TRUE,,,"NO_RECOVERY",FALSE
"group_L0_5e68ab12","cytokine_stim","STR:interferon gamma",1,"GSM4971608",TRUE,"STR:ifny_treatment_50iu","ifny treatment (50iu","STR_FALLBACK",FALSE
"pair_L3_8b3e3902","cytokine_stim","STR:ifn_i",1,"GSM5733665",TRUE,"STR:ifn_i","ifn-i","STR_FALLBACK",FALSE
"group_L2_93ce1fbc","cytokine_stim","UNK",1,"GSM1974549",TRUE,,,"NO_RECOVERY",FALSE
"group_L0_efbd99b5","cytokine_stim","STR:interferon alpha-2",1,"GSM2786469",TRUE,,,"NO_RECOVERY",FALSE
"pair_L2_45fc8acf","cytokine_stim","STR:24_hr_cytokines",1,"GSM7989916",TRUE,"STR:24_hr_cytokines","24 hr cytokines","STR_FALLBACK",FALSE
"group_L1_ba3d9e44","cytokine_stim","UNK",1,"GSM5830222",TRUE,,,"NO_RECOVERY",FALSE
"group_L2_f70bc990","cytokine_stim","STR:interferon gamma",1,"GSM2949386",TRUE,"STR:interferon","interferon î³","STR_FALLBACK",FALSE
"pair_L0_ab7df21d","cytokine_stim","STR:3h_r848",1,"GSM6394815",TRUE,"STR:3h_r848","3h r848","STR_FALLBACK",FALSE
"group_L1_12af7a6d","cytokine_stim","STR:interferon gamma",1,"GSM5289798",TRUE,,,"NO_RECOVERY",FALSE
"group_L1_093add87","cytokine_stim","STR:interferon lambda-1",1,"GSM7781148",TRUE,"STR:100ng_ml_infl1_3","100ng/ml infl1-3","STR_FALLBACK",FALSE
"group_L0_436e12a6","cytokine_stim","STR:interferon gamma",1,"GSM4544350",TRUE,,,"NO_RECOVERY",FALSE
"pair_L4_fb53feea","cytokine_stim","STR:transforming growth factor beta",1,"GSM3357033",TRUE,"STR:tgfhi","tgfhi","STR_FALLBACK",FALSE
"group_L3_288e2e9e","cytokine_stim","STR:stim_regn1945",1,"GSM6613264",TRUE,"STR:stim_regn1945","stim+regn1945","STR_FALLBACK",FALSE
"group_L2_f785d71e","cytokine_stim","STR:interferon gamma",1,"GSM5949111",TRUE,"STR:ifng_24h","ifng_24h","STR_FALLBACK",FALSE
"group_L0_01568cbd","cytokine_stim","STR:interferon gamma",1,"GSM8030475",TRUE,"STR:interferon_gama","interferon gama","STR_FALLBACK",FALSE
"group_L3_e66e06b8","cytokine_stim","UNK",1,"GSM3431293",TRUE,,,"NO_RECOVERY",FALSE
"group_L4_a727f84f","cytokine_stim","STR:stimulated_anti_cd3_cd28",1,"GSM4291238",TRUE,"STR:stimulated_anti_cd3_cd28","stimulated (anti-cd3/cd28)","STR_FALLBACK",FALSE
"group_L4_6282e516","cytokine_stim","UNK",1,"GSM7668378",TRUE,,,"NO_RECOVERY",FALSE
"group_L1_5ba65a69","cytokine_stim","STR:8h_gmil4",1,"GSM6443085",TRUE,"STR:8h_gmil4","8h_gmil4","STR_FALLBACK",FALSE
"group_L4_1255cb73","cytokine_stim","UNK",1,"GSM4490663",TRUE,,,"NO_RECOVERY",FALSE
"group_L3_e0b0b353","cytokine_stim","STR:m1_polarized",1,"GSM4758448",TRUE,"STR:m1_polarized","m1 polarized","STR_FALLBACK",FALSE
"group_L3_154adb30","cytokine_stim","STR:interferon gamma",1,"GSM5949135",TRUE,"STR:ifng_24h","ifng_24h","STR_FALLBACK",FALSE
"group_L2_5a8124c5","cytokine_stim","STR:ciliary neurotrophic factor",1,"GSM1974548",TRUE,,,"NO_RECOVERY",FALSE
"pair_L0_940578ef","cytokine_stim","STR:interferon lambda-1",1,"GSM4800192",TRUE,"STR:interferon_lambda","interferon-lambda","STR_FALLBACK",FALSE
"group_L3_f26bf5b5","cytokine_stim","STR:stim",1,"GSM4128689",TRUE,"STR:stim","stim","STR_FALLBACK",FALSE
"group_L3_11443797","cytokine_stim","STR:stimulated",1,"GSM7079997",TRUE,"STR:stimulated","stimulated","STR_FALLBACK",FALSE
"pair_L3_27423996","cytokine_stim","STR:cd3_cd28_il_12",1,"GSM4280404",TRUE,"STR:cd3_cd28_il_12","cd3/cd28/il-12","STR_FALLBACK",FALSE
"group_L1_076923b4","cytokine_stim","STR:cd3_cd28",1,"GSM4280392",TRUE,"STR:cd3_cd28","cd3/cd28","STR_FALLBACK",FALSE
"pair_L4_66918ed0","cytokine_stim","STR:cd3/cd28",1,"GSM4280401",TRUE,"STR:cd3_cd28","cd3/cd28","STR_FALLBACK",FALSE
"pair_L3_b4da5d7d","cytokine_stim","STR:tgf_beta_tnf_alpha",1,"GSM7143023",TRUE,"STR:tgf_beta_tnf_alpha","tgf-beta/tnf-alpha","STR_FALLBACK",FALSE
"group_L0_0b147c33","cytokine_stim","STR:3h_r848",1,"GSM6394815",TRUE,"STR:3h_r848","3h r848","STR_FALLBACK",FALSE
"pair_L1_dfb18ff4","cytokine_stim","STR:cd3_cd28_il_12",1,"GSM4280404",TRUE,"STR:cd3_cd28_il_12","cd3/cd28/il-12","STR_FALLBACK",FALSE
"group_L1_48479ca8","cytokine_stim","STR:24_hr_cytokines",1,"GSM7989916",TRUE,"STR:24_hr_cytokines","24 hr cytokines","STR_FALLBACK",FALSE
"pair_L2_e840650f","cytokine_stim","STR:cd3_cd28",1,"GSM4280392",TRUE,"STR:cd3_cd28","cd3/cd28","STR_FALLBACK",FALSE
"group_L4_6a1b0fc3","cytokine_stim","UNK",1,"GSM4498083",TRUE,,,"NO_RECOVERY",FALSE
"pair_L1_4ec544bb","cytokine_stim","STR:anti_cd3_anti_cd28",1,"GSM4932280",TRUE,"STR:anti_cd3_anti_cd28","anti-cd3/anti-cd28","STR_FALLBACK",FALSE
"group_L2_c72a4e2f","cytokine_stim","UNK",1,"GSM4498083",TRUE,,,"NO_RECOVERY",FALSE
"pair_L0_668bd608","cytokine_stim","STR:cd3_cd28_il_12",1,"GSM4280404",TRUE,"STR:cd3_cd28_il_12","cd3/cd28/il-12","STR_FALLBACK",FALSE
"group_L0_eea4219a","cytokine_stim","STR:interferon gamma",1,"GSM4209227",TRUE,,,"NO_RECOVERY",FALSE
"group_L4_7c8a5490","cytokine_stim","STR:transforming growth factor beta 1",1,"GSM5909703",TRUE,"STR:tgf_1","tgf-î²1","STR_FALLBACK",FALSE
"group_L1_6d06cc47","cytokine_stim","STR:interleukin-6",1,"GSM3587668",TRUE,,,"NO_RECOVERY",FALSE
"pair_L3_53d39d46","cytokine_stim","STR:anti_cd3_anti_cd28",1,"GSM4932293",TRUE,"STR:anti_cd3_anti_cd28","anti-cd3/anti-cd28","STR_FALLBACK",FALSE
"group_L2_7812abcf","cytokine_stim","STR:stimulated_anti_cd3_cd28",1,"GSM4291238",TRUE,"STR:stimulated_anti_cd3_cd28","stimulated (anti-cd3/cd28)","STR_FALLBACK",FALSE
"group_L3_5d74ff65","cytokine_stim","STR:stimulated_anti_cd3_28_2_beads_for_12_hours",1,"GSM2971143",TRUE,"STR:stimulated_anti_cd3_28_2_beads_for_12_hours","stimulated (anti cd3/28/2 beads for 12 hours)","STR_FALLBACK",FALSE
"group_L1_927266f1","cytokine_stim","STR:interleukin-7",1,"GSM5068837",TRUE,"STR:hil_7_and_hil_12p70_10_ng_ml_each","hil-7 and hil-12p70 (10 ng/ml each)","STR_FALLBACK",FALSE
"group_L0_6be3b39b","cytokine_stim","UNK",1,"GSM4710646",TRUE,,,"NO_RECOVERY",FALSE
"pair_L2_31154ee2","cytokine_stim","STR:anti_cd3_anti_cd28",1,"GSM4932293",TRUE,"STR:anti_cd3_anti_cd28","anti-cd3/anti-cd28","STR_FALLBACK",FALSE
"group_L2_792eb106","cytokine_stim","STR:angiopoietin-like 4",1,"GSM8255983",TRUE,"STR:cangptl4_stimulation","cangptl4 stimulation","STR_FALLBACK",FALSE
"pair_L0_da9c5b6b","cytokine_stim","UNK",1,"GSM2274925",TRUE,,,"NO_RECOVERY",FALSE
"pair_L4_a0cd3292","cytokine_stim","STR:ifn_ii",1,"GSM5733693",TRUE,"STR:ifn_ii","ifn-ii","STR_FALLBACK",FALSE
"group_L1_1dee96e3","cytokine_stim","STR:interferon gamma",1,"GSM4544350",TRUE,,,"NO_RECOVERY",FALSE
"pair_L2_e13c8c1c","cytokine_stim","UNK",1,"GSM2274925",TRUE,,,"NO_RECOVERY",FALSE
"group_L0_8a37d585","cytokine_stim","STR:interferon gamma",1,"GSM4544351",TRUE,,,"NO_RECOVERY",FALSE
"group_L0_de114b4f","cytokine_stim","UNK",1,"GSM3258598",TRUE,,,"NO_RECOVERY",FALSE
"group_L2_9cd6c207","cytokine_stim","STR:interleukin-22",1,"GSM5410362",TRUE,,,"NO_RECOVERY",FALSE
"group_L3_d3ad0188","cytokine_stim","STR:interferon gamma",1,"GSM8030475",TRUE,"STR:interferon_gama","interferon gama","STR_FALLBACK",FALSE
"pair_L4_8b21a5ae","cytokine_stim","STR:cpg odn 2395",1,"GSM6394859",TRUE,"STR:3h_cpg_2395","3h cpg 2395","STR_FALLBACK",FALSE
"group_L4_0583c4d7","cytokine_stim","STR:fgf2,fgf2",1,"GSM3715309",TRUE,,,"NO_RECOVERY",FALSE
"pair_L0_1406e7e6","cytokine_stim","STR:isolated_t_stimulation",1,"GSM7767455",TRUE,"STR:isolated_t_stimulation","isolated t stimulation","STR_FALLBACK",FALSE
"pair_L4_3e30cce7","cytokine_stim","STR:eosinophil-derived neurotoxin",1,"GSM3036069",TRUE,"STR:eosinophil_derived_neurotoxin_edn","eosinophil-derived neurotoxin (edn)","STR_FALLBACK",FALSE
"group_L3_1b9bd390","cytokine_stim","STR:interferon gamma",1,"GSM4971606",TRUE,"STR:ifny_treatment_50iu","ifny treatment (50iu","STR_FALLBACK",FALSE
"group_L3_19349b9d","cytokine_stim","STR:interleukin-6",1,"GSM3587668",TRUE,,,"NO_RECOVERY",FALSE
"pair_L0_24ca70e6","cytokine_stim","STR:interferon alpha-2",1,"GSM2786454",TRUE,,,"NO_RECOVERY",FALSE
"group_L3_f942c8c3","cytokine_stim","STR:cd3_antibody",1,"GSM2772348",TRUE,"STR:cd3_antibody","cd3 antibody","STR_FALLBACK",FALSE
"group_L2_3ae40711","cytokine_stim","UNK",1,"GSM3258600",TRUE,,,"NO_RECOVERY",FALSE
"group_L3_0e5fda0e","cytokine_stim","UNK",3,"GSM3090958",TRUE,,,"NO_RECOVERY",FALSE
"group_L1_0ecaa39b","cytokine_stim","STR:c_cytokines",1,"GSM3724899",TRUE,"STR:c_cytokines","c(cytokines","STR_FALLBACK",FALSE
"group_L0_6cc1e53b","cytokine_stim","UNK",1,"GSM5830217",TRUE,,,"NO_RECOVERY",FALSE
"pair_L1_65562bc1","cytokine_stim","UNK",1,"GSM3258602",TRUE,,,"NO_RECOVERY",FALSE
"group_L0_c36462f4","cytokine_stim","STR:cd3_cd28_il_12",1,"GSM4280395",TRUE,"STR:cd3_cd28_il_12","cd3/cd28/il-12","STR_FALLBACK",FALSE
"pair_L0_b4f0e7b6","cytokine_stim","STR:epidermal growth factor",1,"GSM3094363",TRUE,,,"NO_RECOVERY",FALSE
"pair_L1_c4111761","cytokine_stim","UNK",1,"GSM7668367",TRUE,,,"NO_RECOVERY",FALSE
"pair_L1_386d794e","cytokine_stim","STR:interferon alpha-2",1,"GSM2786454",TRUE,,,"NO_RECOVERY",FALSE
"group_L1_354b13cc","cytokine_stim","STR:interferon gamma",1,"GSM2949386",TRUE,"STR:interferon","interferon î³","STR_FALLBACK",FALSE
"pair_L4_ebb13860","cytokine_stim","STR:cd3_cd28_activated",1,"GSM8192617",TRUE,"STR:cd3_cd28_activated","cd3/cd28 activated","STR_FALLBACK",FALSE
"group_L0_b1812669","cytokine_stim","UNK",1,"GSM4779258",TRUE,,,"NO_RECOVERY",FALSE
"group_L0_c59356e4","cytokine_stim","UNK",1,"GSM3043751",TRUE,,,"NO_RECOVERY",FALSE
"group_L1_66266ce3","cytokine_stim","STR:interferon gamma",1,"GSM5949139",TRUE,"STR:ifng_24h","ifng_24h","STR_FALLBACK",FALSE
"pair_L3_ffd368b5","cytokine_stim","STR:cangptl4_stimulation",1,"GSM8255982",TRUE,"STR:cangptl4_stimulation","cangptl4 stimulation","STR_FALLBACK",FALSE
"pair_L4_ab70bf1c","cytokine_stim","STR:interferon gamma",1,"GSM5289798",TRUE,,,"NO_RECOVERY",FALSE
"group_L4_8cbc84a1","cytokine_stim","STR:ifnalpha_lps",1,"GSM5531654",TRUE,"STR:ifnalpha_lps","ifnalpha-lps","STR_FALLBACK",FALSE
"group_L0_de1067a0","cytokine_stim","STR:ifn_iii",1,"GSM5733671",TRUE,"STR:ifn_iii","ifn-iii","STR_FALLBACK",FALSE
"group_L1_7991f496","cytokine_stim","UNK",1,"GSM3258606",TRUE,,,"NO_RECOVERY",FALSE
"group_L0_bd99665f","cytokine_stim","UNK",1,"GSM4421238",TRUE,,,"NO_RECOVERY",FALSE
"group_L4_2f845cc8","cytokine_stim","STR:cd3_cd28_il_12",1,"GSM4280404",TRUE,"STR:cd3_cd28_il_12","cd3/cd28/il-12","STR_FALLBACK",FALSE
"group_L0_f9d7a4f8","cytokine_stim","UNK",1,"GSM3258602",TRUE,,,"NO_RECOVERY",FALSE
"pair_L0_4df4a67f","cytokine_stim","STR:colony stimulating factor 2",1,"GSM4710647",TRUE,,,"NO_RECOVERY",FALSE
"group_L0_934af24e","cytokine_stim","UNK",1,"GSM6205264",TRUE,,,"NO_RECOVERY",FALSE
"group_L0_154a3695","cytokine_stim","STR:interferon gamma",1,"GSM5949135",TRUE,"STR:ifng_24h","ifng_24h","STR_FALLBACK",FALSE
"group_L3_5e0a0b82","cytokine_stim","UNK",1,"GSM7668379",TRUE,,,"NO_RECOVERY",FALSE
"group_L3_a9491704","cytokine_stim","STR:transforming growth factor beta 1",1,"GSM5909703",TRUE,"STR:tgf_1","tgf-î²1","STR_FALLBACK",FALSE
"group_L0_6ea05185","cytokine_stim","STR:cpg odn 2395",1,"GSM6394859",TRUE,"STR:3h_cpg_2395","3h cpg 2395","STR_FALLBACK",FALSE
"pair_L1_48cf7a60","cytokine_stim","UNK",1,"GSM4059902",TRUE,,,"NO_RECOVERY",FALSE
"pair_L4_8686d249","cytokine_stim","STR:interferon lambda-1",1,"GSM7781148",TRUE,"STR:100ng_ml_infl1_3","100ng/ml infl1-3","STR_FALLBACK",FALSE
"group_L1_3e28af48","cytokine_stim","STR:stimulated_anti_cd3_28_2_beads_for_12_hours",1,"GSM2971143",TRUE,"STR:stimulated_anti_cd3_28_2_beads_for_12_hours","stimulated (anti cd3/28/2 beads for 12 hours)","STR_FALLBACK",FALSE
"group_L0_ddbd9024","cytokine_stim","UNK",1,"GSM3264583",TRUE,,,"NO_RECOVERY",FALSE
"pair_L1_2920baba","cytokine_stim","STR:ifn_i",1,"GSM5733688",TRUE,"STR:ifn_i","ifn-i","STR_FALLBACK",FALSE
"group_L4_4bcf58b9","cytokine_stim","STR:cytostim_for_4_hours",1,"GSM6896393",TRUE,"STR:cytostim_for_4_hours","cytostim for 4 hours","STR_FALLBACK",FALSE
"group_L2_ffb0b699","cytokine_stim","STR:interferon gamma",1,"GSM4544345",TRUE,,,"NO_RECOVERY",FALSE
"group_L1_d6c7d000","cytokine_stim","STR:ifn_iii",1,"GSM5733696",TRUE,"STR:ifn_iii","ifn-iii","STR_FALLBACK",FALSE
"group_L2_729708a7","cytokine_stim","STR:epidermal growth factor",1,"GSM3094363",TRUE,,,"NO_RECOVERY",FALSE
"pair_L0_fe594a50","cytokine_stim","UNK",1,"GSM4710646",TRUE,,,"NO_RECOVERY",FALSE
"pair_L1_4ce35559","cytokine_stim","UNK",1,"GSM3258598",TRUE,,,"NO_RECOVERY",FALSE
"pair_L0_77af6fd2","cytokine_stim","UNK",1,"GSM3258600",TRUE,,,"NO_RECOVERY",FALSE
"group_L0_96d251f9","cytokine_stim","STR:il_4_gm_csf_5_7_days",1,"GSM5283160",TRUE,"STR:il_4_gm_csf_5_7_days","il-4/gm-csf 5-7 days","STR_FALLBACK",FALSE
"pair_L0_c164d90a","cytokine_stim","STR:cd3_cd28_il_12",1,"GSM4280395",TRUE,"STR:cd3_cd28_il_12","cd3/cd28/il-12","STR_FALLBACK",FALSE
"group_L4_b21598f7","cytokine_stim","STR:scd83",1,"GSM6321776",TRUE,"STR:scd83","scd83","STR_FALLBACK",FALSE
"pair_L1_426bcf66","cytokine_stim","UNK",1,"GSM3315728",TRUE,,,"NO_RECOVERY",FALSE
"pair_L1_907c4999","cytokine_stim","UNK",1,"GSM4059899",TRUE,,,"NO_RECOVERY",FALSE
"group_L1_1339fb97","cytokine_stim","STR:bmp2_egf",1,"GSM4614853",TRUE,"STR:bmp2_egf","bmp2_egf","STR_FALLBACK",FALSE
"pair_L1_ccb997f8","cytokine_stim","STR:anti_cd3_anti_cd28",1,"GSM4932293",TRUE,"STR:anti_cd3_anti_cd28","anti-cd3/anti-cd28","STR_FALLBACK",FALSE
"pair_L3_486e484c","cytokine_stim","UNK",1,"GSM4710650",TRUE,,,"NO_RECOVERY",FALSE
"group_L1_13cfe851","cytokine_stim","UNK",1,"GSM5261996",TRUE,,,"NO_RECOVERY",FALSE
"group_L2_53410c73","cytokine_stim","STR:interferon gamma",1,"GSM5289798",TRUE,,,"NO_RECOVERY",FALSE
"pair_L0_25a20445","cytokine_stim","UNK",1,"GSM4059902",TRUE,,,"NO_RECOVERY",FALSE
"group_L3_7fa96e2e","cytokine_stim","STR:interferon gamma",1,"GSM4971608",TRUE,"STR:ifny_treatment_50iu","ifny treatment (50iu","STR_FALLBACK",FALSE
"group_L2_fac952df","cytokine_stim","STR:granulocyte-macrophage colony-stimulating factor",1,"GSM4012635",TRUE,,,"NO_RECOVERY",FALSE
"group_L4_0a915cee","cytokine_stim","STR:granulocyte-macrophage colony-stimulating factor",1,"GSM4710649",TRUE,,,"NO_RECOVERY",FALSE
"group_L2_81310912","cytokine_stim","UNK",1,"GSM7832230",TRUE,,,"NO_RECOVERY",FALSE
"pair_L0_c6cee219","cytokine_stim","STR:cd3_cd28_stimulated",1,"GSM8217160",TRUE,"STR:cd3_cd28_stimulated","cd3/cd28 stimulated","STR_FALLBACK",FALSE
"pair_L1_49d70af9","cytokine_stim","STR:stimulated_anti_cd3_28_2_beads_for_12_hours",1,"GSM2971143",TRUE,"STR:stimulated_anti_cd3_28_2_beads_for_12_hours","stimulated (anti cd3/28/2 beads for 12 hours)","STR_FALLBACK",FALSE
"pair_L2_b6b3ddec","cytokine_stim","STR:cytostim_for_4_hours",1,"GSM6896393",TRUE,"STR:cytostim_for_4_hours","cytostim for 4 hours","STR_FALLBACK",FALSE
"group_L0_8acfe325","cytokine_stim","UNK",1,"GSM2452273",TRUE,,,"NO_RECOVERY",FALSE
"group_L1_097c8721","cytokine_stim","UNK",1,"GSM4059902",TRUE,,,"NO_RECOVERY",FALSE
"group_L0_762cabac","cytokine_stim","STR:anti_cd3_anti_cd28",1,"GSM4932280",TRUE,"STR:anti_cd3_anti_cd28","anti-cd3/anti-cd28","STR_FALLBACK",FALSE
"group_L1_e54a3fbb","cytokine_stim","UNK",1,"GSM3576144",TRUE,,,"NO_RECOVERY",FALSE
"group_L2_08177564","cytokine_stim","STR:interferon gamma",1,"GSM5949091",TRUE,"STR:ifng_24h","ifng_24h","STR_FALLBACK",FALSE
"group_L2_11361fd4","cytokine_stim","STR:interferon gamma",1,"GSM5949094",TRUE,"STR:ifng_24h","ifng_24h","STR_FALLBACK",FALSE
"pair_L3_3ef1c34e","cytokine_stim","UNK",1,"GSM4490663",TRUE,,,"NO_RECOVERY",FALSE
"group_L4_04260add","cytokine_stim","STR:interferon alpha-2",1,"GSM2786454",TRUE,,,"NO_RECOVERY",FALSE
"pair_L0_0ec0b4df","cytokine_stim","STR:3_hour_kl2",1,"GSM5543702",TRUE,"STR:3_hour_kl2","3-hour kl2","STR_FALLBACK",FALSE
"group_L2_d42545ab","cytokine_stim","STR:interferon lambda-1",1,"GSM7781148",TRUE,"STR:100ng_ml_infl1_3","100ng/ml infl1-3","STR_FALLBACK",FALSE
"group_L0_9ea83549","cytokine_stim","UNK",1,"GSM6205252",TRUE,,,"NO_RECOVERY",FALSE
"pair_L4_d8c1c10e","cytokine_stim","STR:transforming growth factor beta 1",1,"GSM4150586",TRUE,,,"NO_RECOVERY",FALSE
"group_L0_24a9fd95","cytokine_stim","STR:cytostim_for_4_hours",1,"GSM6896393",TRUE,"STR:cytostim_for_4_hours","cytostim for 4 hours","STR_FALLBACK",FALSE
"pair_L3_154f6dd1","cytokine_stim","STR:c_cytokines",1,"GSM3724899",TRUE,"STR:c_cytokines","c(cytokines","STR_FALLBACK",FALSE
"group_L0_d1e48c23","cytokine_stim","STR:transforming growth factor beta 1",1,"GSM5909705",TRUE,"STR:tgf_1","tgf-î²1","STR_FALLBACK",FALSE
"group_L2_33c09926","cytokine_stim","STR:ifn_iii",1,"GSM5733671",TRUE,"STR:ifn_iii","ifn-iii","STR_FALLBACK",FALSE
"group_L4_dcf4b5ce","cytokine_stim","STR:ifn_iii",1,"GSM5733696",TRUE,"STR:ifn_iii","ifn-iii","STR_FALLBACK",FALSE
"group_L0_3212bace","cytokine_stim","STR:pma_ionomycin_stimulation",1,"GSM6588564",TRUE,"STR:pma_ionomycin_stimulation","pma/ionomycin stimulation","STR_FALLBACK",FALSE
"group_L1_752a82c6","cytokine_stim","UNK",1,"GSM7668379",TRUE,,,"NO_RECOVERY",FALSE
"pair_L0_7d638bd7","cytokine_stim","STR:ifn_ii",1,"GSM5733693",TRUE,"STR:ifn_ii","ifn-ii","STR_FALLBACK",FALSE
"pair_L2_5dabb450","cytokine_stim","STR:stimulated_anti_cd3_28_2_beads_for_12_hours",1,"GSM2971143",TRUE,"STR:stimulated_anti_cd3_28_2_beads_for_12_hours","stimulated (anti cd3/28/2 beads for 12 hours)","STR_FALLBACK",FALSE
"pair_L3_1fa13c67","cytokine_stim","STR:epidermal growth factor",1,"GSM3094363",TRUE,,,"NO_RECOVERY",FALSE
"group_L1_f4575b5d","cytokine_stim","UNK",1,"GSM6205252",TRUE,,,"NO_RECOVERY",FALSE
"pair_L0_103bf3d2","cytokine_stim","STR:chemerin",1,"GSM8035109",TRUE,"STR:rhchemerin","rhchemerin","STR_FALLBACK",FALSE
"group_L1_6b18136d","cytokine_stim","STR:angiopoietin-like 4",1,"GSM8255983",TRUE,"STR:cangptl4_stimulation","cangptl4 stimulation","STR_FALLBACK",FALSE
"group_L4_840b508b","cytokine_stim","STR:interferon gamma",1,"GSM2949386",TRUE,"STR:interferon","interferon î³","STR_FALLBACK",FALSE
"group_L2_1972ea22","cytokine_stim","STR:transforming growth factor beta 1",1,"GSM5909703",TRUE,"STR:tgf_1","tgf-î²1","STR_FALLBACK",FALSE
"group_L4_24d3ad45","cytokine_stim","UNK",4,"GSM5261996",TRUE,,,"NO_RECOVERY",FALSE
"pair_L2_4bd9cdeb","cytokine_stim","UNK",1,"GSM7832230",TRUE,,,"NO_RECOVERY",FALSE
"group_L1_f6022c50","cytokine_stim","UNK",1,"GSM7668371",TRUE,,,"NO_RECOVERY",FALSE
"group_L1_0e11ecdf","cytokine_stim","STR:bronchial_epithelial_cells_differentiated_on_porous_membrane_under_air_liquid_interface_condition",1,"GSM5543688",TRUE,"STR:bronchial_epithelial_cells_differentiated_on_porous_membrane_under_air_liquid_interface_condition","bronchial epithelial cells differentiated on porous  membrane under air-liquid interface condition","STR_FALLBACK",FALSE
"pair_L3_25c83e6e","cytokine_stim","STR:interferon gamma",1,"GSM5289798",TRUE,,,"NO_RECOVERY",FALSE
"group_L4_e2ab38d4","cytokine_stim","STR:interleukin-6",1,"GSM3587668",TRUE,,,"NO_RECOVERY",FALSE
"pair_L4_45dda102","cytokine_stim","STR:tgflo",1,"GSM3357041",TRUE,"STR:tgflo","tgflo","STR_FALLBACK",FALSE
"group_L4_e59201af","cytokine_stim","STR:egf_and_epex",1,"GSM6033023",TRUE,"STR:egf_and_epex","egf_and_epex","STR_FALLBACK",FALSE
"group_L1_87f43710","cytokine_stim","UNK",1,"GSM3464058",TRUE,,,"NO_RECOVERY",FALSE
"pair_L0_9664bb79","cytokine_stim","STR:cytostim_for_4_hours",1,"GSM6896393",TRUE,"STR:cytostim_for_4_hours","cytostim for 4 hours","STR_FALLBACK",FALSE
"group_L1_d1b189e2","cytokine_stim","STR:muromonab-cd3",1,"GSM3090954",TRUE,,,"NO_RECOVERY",FALSE
"group_L3_f7a8b20a","cytokine_stim","STR:tnfaltab",1,"GSM4614183",TRUE,"STR:tnfaltab","tnfaltab","STR_FALLBACK",FALSE
"group_L4_939fa983","cytokine_stim","STR:interleukin 12 subunit alpha",1,"GSM3724901",TRUE,"STR:c_cytokines","c(cytokines","STR_FALLBACK",FALSE
"group_L3_aceac6d6","cytokine_stim","STR:transforming growth factor beta",1,"GSM3357033",TRUE,"STR:tgfhi","tgfhi","STR_FALLBACK",FALSE
"pair_L1_6096560a","cytokine_stim","UNK",1,"GSM3258612",TRUE,,,"NO_RECOVERY",FALSE
"pair_L3_050004d4","cytokine_stim","STR:cd3_cd28",1,"GSM4280392",TRUE,"STR:cd3_cd28","cd3/cd28","STR_FALLBACK",FALSE
"group_L0_cbbdee1d","cytokine_stim","STR:interferon gamma",1,"GSM2247739",TRUE,,,"NO_RECOVERY",FALSE
"group_L3_bbe00668","cytokine_stim","STR:cpg odn 2395",1,"GSM6394859",TRUE,"STR:3h_cpg_2395","3h cpg 2395","STR_FALLBACK",FALSE
"group_L1_f4ee180b","cytokine_stim","STR:interferon gamma",1,"GSM5949094",TRUE,"STR:ifng_24h","ifng_24h","STR_FALLBACK",FALSE
"pair_L1_64872dfd","cytokine_stim","STR:24_hr_cytokines",1,"GSM7989916",TRUE,"STR:24_hr_cytokines","24 hr cytokines","STR_FALLBACK",FALSE
"group_L0_3bfe7aa1","cytokine_stim","STR:stimulated_anti_cd3_cd28",1,"GSM4291238",TRUE,"STR:stimulated_anti_cd3_cd28","stimulated (anti-cd3/cd28)","STR_FALLBACK",FALSE
"group_L2_c47b48b4","cytokine_stim","STR:interleukin 27 subunit alpha",1,"GSM5711128",TRUE,,,"NO_RECOVERY",FALSE
"pair_L2_e09da8a5","cytokine_stim","STR:ifn_iii",1,"GSM5733696",TRUE,"STR:ifn_iii","ifn-iii","STR_FALLBACK",FALSE
"group_L2_0258e5db","cytokine_stim","STR:interleukin 27 subunit alpha",1,"GSM5711140",TRUE,,,"NO_RECOVERY",FALSE
"pair_L3_8a126ee2","cytokine_stim","STR:ifn_i",1,"GSM5733688",TRUE,"STR:ifn_i","ifn-i","STR_FALLBACK",FALSE
"pair_L2_ecbeff34","cytokine_stim","STR:transforming growth factor beta 1",1,"GSM4150586",TRUE,,,"NO_RECOVERY",FALSE
"group_L4_7217d3ee","cytokine_stim","STR:interferon gamma",1,"GSM2247739",TRUE,,,"NO_RECOVERY",FALSE
"group_L1_55bd2ae5","cytokine_stim","UNK",1,"GSM5830217",TRUE,,,"NO_RECOVERY",FALSE
"pair_L2_34972664","cytokine_stim","STR:transforming growth factor beta",1,"GSM3357033",TRUE,"STR:tgfhi","tgfhi","STR_FALLBACK",FALSE
"group_L0_acf3ef1b","cytokine_stim","STR:muromonab-cd3",1,"GSM3090954",TRUE,,,"NO_RECOVERY",FALSE
"group_L4_1cb5674e","cytokine_stim","STR:interferon-alpha",1,"GSM1580662",TRUE,,,"NO_RECOVERY",FALSE
"group_L3_8428dd9e","cytokine_stim","UNK",1,"GSM2897820",TRUE,,,"NO_RECOVERY",FALSE
"group_L3_44fce981","cytokine_stim","STR:cd3/cd28",1,"GSM4280401",TRUE,"STR:cd3_cd28","cd3/cd28","STR_FALLBACK",FALSE
"group_L2_21424ab7","cytokine_stim","STR:interferon alpha-2",1,"GSM3559670",TRUE,"STR:ifna2_il18","ifna2_il18","STR_FALLBACK",FALSE
"group_L3_76014f71","cytokine_stim","STR:fgf_exosome_treated_cells_with_fgf_antibody",1,"GSM6560185",TRUE,"STR:fgf_exosome_treated_cells_with_fgf_antibody","fgf exosome treated cells with fgf antibody","STR_FALLBACK",FALSE
"pair_L2_361eb4e8","cytokine_stim","STR:interferon lambda-1",1,"GSM7781148",TRUE,"STR:100ng_ml_infl1_3","100ng/ml infl1-3","STR_FALLBACK",FALSE
"group_L0_540809cd","cytokine_stim","STR:interferon gamma",1,"GSM3612789",TRUE,"STR:ifn_y","ifn-y","STR_FALLBACK",FALSE
"group_L3_cabda274","cytokine_stim","STR:interferon alpha-2",1,"GSM2786469",TRUE,,,"NO_RECOVERY",FALSE
"group_L1_b45b5ca3","cytokine_stim","UNK",1,"GSM5825833",TRUE,,,"NO_RECOVERY",FALSE
"pair_L3_0bf35481","cytokine_stim","STR:cd3_cd28_il_12",1,"GSM4280395",TRUE,"STR:cd3_cd28_il_12","cd3/cd28/il-12","STR_FALLBACK",FALSE
"group_L1_3950aa35","cytokine_stim","UNK",1,"GSM3258598",TRUE,,,"NO_RECOVERY",FALSE
"group_L0_a5de89fc","cytokine_stim","STR:interferon gamma",1,"GSM5289798",TRUE,,,"NO_RECOVERY",FALSE
"group_L0_c130b587","cytokine_stim","UNK",1,"GSM4779259",TRUE,,,"NO_RECOVERY",FALSE
"group_L0_431e8afc","cytokine_stim","STR:cytokine_treated",1,"GSM1808869",TRUE,"STR:cytokine_treated","cytokine treated","STR_FALLBACK",FALSE
"group_L0_11dc18fd","cytokine_stim","UNK",1,"GSM5261996",TRUE,,,"NO_RECOVERY",FALSE
"group_L3_f51bf88a","cytokine_stim","STR:ifn_i",1,"GSM5733688",TRUE,"STR:ifn_i","ifn-i","STR_FALLBACK",FALSE
"group_L1_ca1ee4ac","cytokine_stim","STR:chemerin",1,"GSM8035109",TRUE,"STR:rhchemerin","rhchemerin","STR_FALLBACK",FALSE
"group_L2_e0b267b0","cytokine_stim","STR:il_4_gm_csf_tgf_beta_5_7_days",1,"GSM5283168",TRUE,"STR:il_4_gm_csf_tgf_beta_5_7_days","il-4/gm-csf/tgf-beta 5-7 days","STR_FALLBACK",FALSE
"pair_L4_2d72a464","cytokine_stim","STR:colony stimulating factor 2",1,"GSM4710647",TRUE,,,"NO_RECOVERY",FALSE
"group_L1_126abdac","cytokine_stim","UNK",1,"GSM4038077",TRUE,,,"NO_RECOVERY",FALSE
"group_L0_e0980609","cytokine_stim","STR:8h_gmil4",1,"GSM6443084",TRUE,"STR:8h_gmil4","8h_gmil4","STR_FALLBACK",FALSE
"group_L1_65db0ccb","cytokine_stim","STR:interleukin 27 subunit alpha",1,"GSM5711128",TRUE,,,"NO_RECOVERY",FALSE
"group_L0_8026f0ba","cytokine_stim","STR:interferon lambda-1",1,"GSM7781145",TRUE,"STR:100ng_ml_infl1_3","100ng/ml infl1-3","STR_FALLBACK",FALSE
"group_L1_af05fce8","cytokine_stim","UNK",1,"GSM3258612",TRUE,,,"NO_RECOVERY",FALSE
"group_L2_466ab313","cytokine_stim","STR:interleukin-33",1,"GSM3684021",TRUE,,,"NO_RECOVERY",FALSE
"group_L3_ff0ef43a","cytokine_stim","UNK",1,"GSM4779258",TRUE,,,"NO_RECOVERY",FALSE
"group_L0_eb048a74","cytokine_stim","STR:transforming growth factor beta",1,"GSM4067078",TRUE,"STR:tgf","tgf-î²","STR_FALLBACK",FALSE
"group_L0_58a93509","cytokine_stim","STR:interleukin-7",1,"GSM5068837",TRUE,"STR:hil_7_and_hil_12p70_10_ng_ml_each","hil-7 and hil-12p70 (10 ng/ml each)","STR_FALLBACK",FALSE
"group_L1_8aa50f67","cytokine_stim","STR:cd3",1,"GSM3431284",TRUE,,,"NO_RECOVERY",FALSE
"pair_L4_b443f5b8","cytokine_stim","UNK",1,"GSM7668379",TRUE,,,"NO_RECOVERY",FALSE
"group_L2_85d74b68","cytokine_stim","STR:interferon gamma",1,"GSM5949141",TRUE,"STR:ifng_24h","ifng_24h","STR_FALLBACK",FALSE
"group_L1_c24b2a22","cytokine_stim","UNK",1,"GSM4710650",TRUE,,,"NO_RECOVERY",FALSE
"pair_L0_285c18d4","cytokine_stim","STR:stimulated_anti_cd3_cd28",1,"GSM4291238",TRUE,"STR:stimulated_anti_cd3_cd28","stimulated (anti-cd3/cd28)","STR_FALLBACK",FALSE
"group_L1_26399cb5","cytokine_stim","STR:interleukin 27 subunit alpha",1,"GSM5711136",TRUE,,,"NO_RECOVERY",FALSE
"group_L1_deb8533a","cytokine_stim","UNK",1,"GSM2274931",TRUE,,,"NO_RECOVERY",FALSE
"group_L0_97073d89","cytokine_stim","STR:6_hours",1,"GSM3735248",TRUE,"STR:6_hours","6 hours","STR_FALLBACK",FALSE
"group_L4_4024d35a","cytokine_stim","UNK",1,"GSM5830217",TRUE,,,"NO_RECOVERY",FALSE
"group_L0_8cb0c359","cytokine_stim","STR:interferon gamma",1,"GSM2949392",TRUE,"STR:interferon","interferon î³","STR_FALLBACK",FALSE
"pair_L1_132b0704","cytokine_stim","UNK",1,"GSM2274931",TRUE,,,"NO_RECOVERY",FALSE
"group_L1_a91516a3","cytokine_stim","STR:interferon gamma",1,"GSM3612789",TRUE,"STR:ifn_y","ifn-y","STR_FALLBACK",FALSE
"group_L4_773e388c","cytokine_stim","STR:cd3_cd28_activated",1,"GSM8192617",TRUE,"STR:cd3_cd28_activated","cd3/cd28 activated","STR_FALLBACK",FALSE
"pair_L2_a38ca45b","cytokine_stim","STR:cd3_cd28_stimulated",1,"GSM8217160",TRUE,"STR:cd3_cd28_stimulated","cd3/cd28 stimulated","STR_FALLBACK",FALSE
"pair_L0_c794ff03","cytokine_stim","STR:6_hours",1,"GSM3735248",TRUE,"STR:6_hours","6 hours","STR_FALLBACK",FALSE
"group_L3_6cc483d0","cytokine_stim","UNK",2,"GSM4421238",TRUE,,,"NO_RECOVERY",FALSE
"pair_L4_4df172f3","cytokine_stim","STR:stimulated_anti_cd3_cd28",1,"GSM4291238",TRUE,"STR:stimulated_anti_cd3_cd28","stimulated (anti-cd3/cd28)","STR_FALLBACK",FALSE
"group_L4_835449a7","cytokine_stim","STR:tgf",1,"GSM6576600",TRUE,"STR:tgf","tgf","STR_FALLBACK",FALSE
"group_L1_c136ce24","cytokine_stim","STR:interferon gamma",1,"GSM4544347",TRUE,,,"NO_RECOVERY",FALSE
"group_L1_4bfb9c30","cytokine_stim","STR:interferon gamma",1,"GSM4544349",TRUE,,,"NO_RECOVERY",FALSE
"group_L2_0d06e322","cytokine_stim","STR:muromonab-cd3",1,"GSM3090954",TRUE,,,"NO_RECOVERY",FALSE
"group_L0_f3b33b72","cytokine_stim","UNK",1,"GSM3258606",TRUE,,,"NO_RECOVERY",FALSE
"pair_L4_7560a8cb","cytokine_stim","STR:hbegf_tnf",1,"GSM4403318",TRUE,"STR:hbegf_tnf","hbegf-tnf","STR_FALLBACK",FALSE
"pair_L3_6b69f721","cytokine_stim","STR:6_hours",1,"GSM3735254",TRUE,"STR:6_hours","6 hours","STR_FALLBACK",FALSE
"pair_L4_b160a0c8","cytokine_stim","STR:stimulated_anti_cd3_28_2_beads_for_12_hours",1,"GSM2971143",TRUE,"STR:stimulated_anti_cd3_28_2_beads_for_12_hours","stimulated (anti cd3/28/2 beads for 12 hours)","STR_FALLBACK",FALSE
"group_L3_be3f6211","cytokine_stim","STR:egf_and_epex",1,"GSM6033023",TRUE,"STR:egf_and_epex","egf_and_epex","STR_FALLBACK",FALSE
"group_L0_fd205be0","cytokine_stim","STR:il_2v_polypeptide",1,"GSM6604885",TRUE,"STR:il_2v_polypeptide","il-2v polypeptide","STR_FALLBACK",FALSE
"group_L4_70c041ee","cytokine_stim","STR:stim_regn1945",1,"GSM6613264",TRUE,"STR:stim_regn1945","stim+regn1945","STR_FALLBACK",FALSE
"pair_L1_5c89ecc8","cytokine_stim","STR:transforming growth factor beta 1",1,"GSM4150586",TRUE,,,"NO_RECOVERY",FALSE
"group_L0_ffcdf94d","cytokine_stim","UNK",1,"GSM4498083",TRUE,,,"NO_RECOVERY",FALSE
"group_L2_3ff04b1f","cytokine_stim","STR:stim",1,"GSM4128689",TRUE,"STR:stim","stim","STR_FALLBACK",FALSE
"pair_L1_eecfff3f","cytokine_stim","STR:3h_r848",1,"GSM6394815",TRUE,"STR:3h_r848","3h r848","STR_FALLBACK",FALSE
"group_L2_750b9d07","cytokine_stim","STR:pma_ionomycin_stimulation",1,"GSM6588564",TRUE,"STR:pma_ionomycin_stimulation","pma/ionomycin stimulation","STR_FALLBACK",FALSE
"group_L0_121475bd","cytokine_stim","STR:interferon gamma",1,"GSM4544345",TRUE,,,"NO_RECOVERY",FALSE
"group_L4_9c2da224","cytokine_stim","STR:mcsf_ntb",1,"GSM5503083",TRUE,"STR:mcsf_ntb","mcsf_ntb","STR_FALLBACK",FALSE
"pair_L1_f8dc8a07","cytokine_stim","STR:cangptl4_stimulation",1,"GSM8255982",TRUE,"STR:cangptl4_stimulation","cangptl4 stimulation","STR_FALLBACK",FALSE
"pair_L3_d619b69c","cytokine_stim","STR:bmp2_egf",1,"GSM4614850",TRUE,"STR:bmp2_egf","bmp2_egf","STR_FALLBACK",FALSE
"group_L0_a5e2d536","cytokine_stim","STR:tgf",1,"GSM6576613",TRUE,"STR:tgf","tgf","STR_FALLBACK",FALSE
"group_L3_34c948eb","cytokine_stim","STR:cd3_cd28_il_12",1,"GSM4280404",TRUE,"STR:cd3_cd28_il_12","cd3/cd28/il-12","STR_FALLBACK",FALSE
"group_L0_f769cbc8","cytokine_stim","STR:interferon gamma",1,"GSM2949410",TRUE,"STR:interferon","interferon î³","STR_FALLBACK",FALSE
"group_L0_3abaaa10","cytokine_stim","UNK",1,"GSM7668367",TRUE,,,"NO_RECOVERY",FALSE
"group_L3_8d28da86","cytokine_stim","STR:24_hr_cytokines",1,"GSM7989916",TRUE,"STR:24_hr_cytokines","24 hr cytokines","STR_FALLBACK",FALSE
"group_L0_41cd1392","cytokine_stim","UNK",1,"GSM5261993",TRUE,,,"NO_RECOVERY",FALSE
"pair_L3_e72dda5e","cytokine_stim","STR:cytokine_treated",1,"GSM1808869",TRUE,"STR:cytokine_treated","cytokine treated","STR_FALLBACK",FALSE
"group_L4_0ec228dd","cytokine_stim","STR:il_4_gm_csf_tgf_beta_5_7_days",1,"GSM5283168",TRUE,"STR:il_4_gm_csf_tgf_beta_5_7_days","il-4/gm-csf/tgf-beta 5-7 days","STR_FALLBACK",FALSE
"pair_L1_0466277b","cytokine_stim","UNK",1,"GSM4490663",TRUE,,,"NO_RECOVERY",FALSE
"pair_L3_1b502aa3","cytokine_stim","UNK",1,"GSM7832230",TRUE,,,"NO_RECOVERY",FALSE
"group_L0_734b209a","cytokine_stim","STR:interferon lambda-1",1,"GSM4800192",TRUE,"STR:interferon_lambda","interferon-lambda","STR_FALLBACK",FALSE
"group_L1_22585729","cytokine_stim","STR:m1_polarized",1,"GSM4758448",TRUE,"STR:m1_polarized","m1 polarized","STR_FALLBACK",FALSE
"group_L3_20df5229","cytokine_stim","STR:chemerin",1,"GSM8035109",TRUE,"STR:rhchemerin","rhchemerin","STR_FALLBACK",FALSE
"group_L3_ccf01a80","cytokine_stim","STR:cd3_cd28_activated",1,"GSM8192617",TRUE,"STR:cd3_cd28_activated","cd3/cd28 activated","STR_FALLBACK",FALSE
"pair_L2_f1e60484","cytokine_stim","STR:ifn_i",1,"GSM5733688",TRUE,"STR:ifn_i","ifn-i","STR_FALLBACK",FALSE
"pair_L0_5ed059c9","cytokine_stim","UNK",1,"GSM4710650",TRUE,,,"NO_RECOVERY",FALSE
"group_L4_c47fa6b3","cytokine_stim","STR:3h_r848",1,"GSM6394815",TRUE,"STR:3h_r848","3h r848","STR_FALLBACK",FALSE
"group_L0_025d3fd8","cytokine_stim","STR:interferon gamma",1,"GSM2949386",TRUE,"STR:interferon","interferon î³","STR_FALLBACK",FALSE
"pair_L3_553d124c","cytokine_stim","STR:ifn_ii",1,"GSM5733693",TRUE,"STR:ifn_ii","ifn-ii","STR_FALLBACK",FALSE
"pair_L3_99e8f96b","cytokine_stim","UNK",1,"GSM7668385",TRUE,,,"NO_RECOVERY",FALSE
"pair_L3_fd2288bd","cytokine_stim","STR:24_hr_cytokines",1,"GSM7989916",TRUE,"STR:24_hr_cytokines","24 hr cytokines","STR_FALLBACK",FALSE
"pair_L0_a70de83c","cytokine_stim","STR:c_cytokines",1,"GSM3724899",TRUE,"STR:c_cytokines","c(cytokines","STR_FALLBACK",FALSE
"pair_L4_c516320e","cytokine_stim","STR:angiopoietin-like 4",1,"GSM8255979",TRUE,"STR:nangptl4_stimulation","nangptl4 stimulation","STR_FALLBACK",FALSE
"group_L4_9897891e","cytokine_stim","UNK",2,"GSM4059899",TRUE,,,"NO_RECOVERY",FALSE
"pair_L1_da3576aa","pathogen_or_aggregate_exposure","STR:espf",1,"GSM8064544",TRUE,"STR:espf","îespf","STR_FALLBACK",FALSE
"group_L3_d89c1357","pathogen_or_aggregate_exposure","STR:poka_m2_infected",1,"GSM7008713",TRUE,"STR:poka_m2_infected","poka_m2 infected","STR_FALLBACK",FALSE
"group_L2_9abca876","pathogen_or_aggregate_exposure","STR:12_hours_post_infection_with_rsv",1,"GSM7886781",TRUE,"NCBITaxon:12814","rsv","PATHOGEN_VERNACULAR",TRUE
"group_L2_1eb4393a","pathogen_or_aggregate_exposure","STR:rhinovirus_rv16",1,"GSM2837014",TRUE,"STR:rhinovirus_rv16","rhinovirus (rv16)","STR_FALLBACK",FALSE
"pair_L0_9942176f","pathogen_or_aggregate_exposure","UNK",1,"GSM5621734",TRUE,,,"NO_RECOVERY",FALSE
"group_L0_9a14a2a5","pathogen_or_aggregate_exposure","STR:infected_with_sars_cov2_p11",1,"GSM5720163",TRUE,"NCBITaxon:2697049","sars-cov2","PATHOGEN_VERNACULAR",TRUE
"group_L3_c51c2a26","pathogen_or_aggregate_exposure","STR:live_sars_cov_2_plus",1,"GSM6415953",TRUE,"NCBITaxon:2697049","sars-cov-2","PATHOGEN_VERNACULAR",TRUE
"group_L0_84ff4828","pathogen_or_aggregate_exposure","STR:mycobacterium avium",1,"GSM8338753",TRUE,,,"NO_RECOVERY",FALSE
"group_L1_027502d0","pathogen_or_aggregate_exposure","STR:hepatitis b virus",1,"GSM5048900",TRUE,,,"NO_RECOVERY",FALSE
"pair_L4_d5681aa7","pathogen_or_aggregate_exposure","STR:jc_polyomavirus_jcpyv",1,"GSM4034955",TRUE,"STR:jc_polyomavirus_jcpyv","jc polyomavirus (jcpyv)","STR_FALLBACK",FALSE
"group_L1_136ebfb0","pathogen_or_aggregate_exposure","STR:hiv_1_bal_infected",1,"GSM7924418",TRUE,"NCBITaxon:11676","hiv-1","PATHOGEN_VERNACULAR",TRUE
"group_L0_dc90f05a","pathogen_or_aggregate_exposure","STR:candidemia",2,"GSM5360867",TRUE,,,"NO_RECOVERY",FALSE
"group_L0_c42d8130","pathogen_or_aggregate_exposure","STR:hiv_1_bal_infected",1,"GSM7924435",TRUE,"NCBITaxon:11676","hiv-1","PATHOGEN_VERNACULAR",TRUE
"group_L2_52ddbde2","pathogen_or_aggregate_exposure","STR:nkg2d car t cells",1,"GSM7123478",TRUE,"STR:treated_with_nkg2d_car_t_cells","treated with nkg2d car t cells","STR_FALLBACK",FALSE
"group_L0_0aa2d682","pathogen_or_aggregate_exposure","STR:hepatitis c virus",1,"GSM3325856",TRUE,,,"NO_RECOVERY",FALSE
"group_L0_637c1182","pathogen_or_aggregate_exposure","STR:influenza_a_virus_ns1_t",1,"GSM7794829",TRUE,"NCBITaxon:11320","influenza","PATHOGEN_VERNACULAR",TRUE
"group_L0_36fba284","pathogen_or_aggregate_exposure","STR:hepatitis b virus",1,"GSM5961511",TRUE,,,"NO_RECOVERY",FALSE
"group_L3_c8bca79d","pathogen_or_aggregate_exposure","STR:candida parapsilosis",1,"GSM5194328",TRUE,"STR:heat_killed_c_parapsilosis_clib214","heat-killed c. parapsilosis (clib214)","STR_FALLBACK",FALSE
"pair_L4_95e464c2","pathogen_or_aggregate_exposure","UNK",1,"GSM1444167",TRUE,,,"NO_RECOVERY",FALSE
"group_L0_02a83fc7","pathogen_or_aggregate_exposure","UNK",1,"GSM6336796",TRUE,,,"NO_RECOVERY",FALSE
"pair_L4_ee7c9688","pathogen_or_aggregate_exposure","STR:gzy903",1,"GSM3625482",TRUE,"STR:gzy903","gzy903","STR_FALLBACK",FALSE
"group_L3_b01ae529","pathogen_or_aggregate_exposure","STR:rkshv_219",1,"GSM1359513",TRUE,"STR:rkshv_219","rkshv.219","STR_FALLBACK",FALSE
"group_L0_62b437a0","pathogen_or_aggregate_exposure","STR:infected_with_legionella_pneumophila_corby_wild_type",1,"GSM4758454",TRUE,"STR:infected_with_legionella_pneumophila_corby_wild_type","infected with legionella pneumophila corby wild type","STR_FALLBACK",FALSE
"group_L0_988437ae","pathogen_or_aggregate_exposure","STR:t_cell_exposure",1,"GSM6619697",TRUE,"STR:t_cell_exposure","t-cell exposure","STR_FALLBACK",FALSE
"group_L2_a2da2e3a","pathogen_or_aggregate_exposure","STR:10nm_vd_treatment_and_h1n1_infection",1,"GSM7011776",TRUE,"STR:10nm_vd_treatment_and_h1n1_infection","10nm vd treatment and h1n1 infection","STR_FALLBACK",FALSE
"group_L1_95182c2b","pathogen_or_aggregate_exposure","STR:mycobacterium tuberculosis",1,"GSM6998095",TRUE,"NCBITaxon:1773","mtb","PATHOGEN_VERNACULAR",TRUE
"pair_L0_daa679b2","pathogen_or_aggregate_exposure","STR:extra_2_days_in_ifn_and_lps",1,"GSM2576750",TRUE,"CHEBI:16412","lps","PAMP_WHITELIST",TRUE
"pair_L1_1bd75ba3","pathogen_or_aggregate_exposure","STR:stimulated_with_m_leprae_whole_cell_sonicate_antigen_10_g_ml",1,"GSM5444533",TRUE,"STR:stimulated_with_m_leprae_whole_cell_sonicate_antigen_10_g_ml","stimulated with m. leprae whole cell sonicate antigen(10âµg/ml)","STR_FALLBACK",FALSE
"group_L4_3a9ec616","pathogen_or_aggregate_exposure","STR:brucellosis",1,"GSM1704394",TRUE,,,"NO_RECOVERY",FALSE
"pair_L4_2460c233","pathogen_or_aggregate_exposure","STR:human immunodeficiency virus",1,"GSM5395757",TRUE,,,"NO_RECOVERY",FALSE
"group_L1_7c753def","pathogen_or_aggregate_exposure","STR:hepatitis b virus",1,"GSM5961529",TRUE,,,"NO_RECOVERY",FALSE
"group_L1_e227b5a0","pathogen_or_aggregate_exposure","UNK",2,"GSM3100328",TRUE,,,"NO_RECOVERY",FALSE
"pair_L2_27621896","pathogen_or_aggregate_exposure","STR:n16961_v_cholerae_hlya_hapa_abh_only",1,"GSM3574370",TRUE,"STR:n16961_v_cholerae_hlya_hapa_abh_only","n16961 v. cholerae îhlyaîhapa abh only","STR_FALLBACK",FALSE
"group_L1_3d07e14d","pathogen_or_aggregate_exposure","STR:tuberculosis",1,"GSM4772577",TRUE,,,"NO_RECOVERY",FALSE
"group_L0_dc76432b","pathogen_or_aggregate_exposure","UNK",1,"GSM3189375",TRUE,,,"NO_RECOVERY",FALSE
"group_L2_10181340","pathogen_or_aggregate_exposure","UNK",1,"GSM4666962",TRUE,,,"NO_RECOVERY",FALSE
"group_L1_2785eedc","pathogen_or_aggregate_exposure","STR:der_m",1,"GSM7794033",TRUE,"STR:der_m","der m","STR_FALLBACK",FALSE
"group_L0_bb2ee38a","pathogen_or_aggregate_exposure","STR:human bocavirus",1,"GSM3190620",TRUE,,,"NO_RECOVERY",FALSE
"group_L0_966d01a0","pathogen_or_aggregate_exposure","STR:primary",1,"GSM4186737",TRUE,"STR:primary","primary","STR_FALLBACK",FALSE
"group_L1_3255e6c4","pathogen_or_aggregate_exposure","UNK",1,"GSM5603621",TRUE,,,"NO_RECOVERY",FALSE
"group_L0_587b997f","pathogen_or_aggregate_exposure","UNK",1,"GSM5955770",TRUE,,,"NO_RECOVERY",FALSE
"group_L0_6bdd2a0b","pathogen_or_aggregate_exposure","UNK",1,"GSM2434033",TRUE,,,"NO_RECOVERY",FALSE
"pair_L0_5c8e929f","pathogen_or_aggregate_exposure","UNK",1,"GSM5319352",TRUE,,,"NO_RECOVERY",FALSE
"pair_L3_0940fd0c","pathogen_or_aggregate_exposure","STR:vaccinia_wr_8_hrs_post_infection",1,"GSM5049008",TRUE,"STR:vaccinia_wr_8_hrs_post_infection","vaccinia wr 8 hrs post infection","STR_FALLBACK",FALSE
"group_L0_87652387","pathogen_or_aggregate_exposure","UNK",1,"GSM8124607",TRUE,,,"NO_RECOVERY",FALSE
"group_L0_8cf225f6","pathogen_or_aggregate_exposure","STR:human cytomegalovirus",1,"GSM4603387",TRUE,"NCBITaxon:10359","hcmv","PATHOGEN_VERNACULAR",TRUE
"pair_L2_49a5ee96","pathogen_or_aggregate_exposure","UNK",1,"GSM4913495",TRUE,,,"NO_RECOVERY",FALSE
"group_L2_6de13f22","pathogen_or_aggregate_exposure","STR:haemophilus influenzae",1,"GSM7220556",TRUE,"STR:infected","infected","STR_FALLBACK",FALSE
"group_L2_035866f3","pathogen_or_aggregate_exposure","UNK",1,"GSM4914450",TRUE,,,"NO_RECOVERY",FALSE
"pair_L1_14936533","pathogen_or_aggregate_exposure","STR:rbc lysate",1,"GSM6470157",TRUE,"STR:rbcl","rbcl","STR_FALLBACK",FALSE
"group_L2_94a28f15","pathogen_or_aggregate_exposure","STR:sars-cov-2",1,"GSM5678447",TRUE,"NCBITaxon:2697049","sars-cov-2","PATHOGEN_VERNACULAR",TRUE
"group_L1_a8d75dc5","pathogen_or_aggregate_exposure","UNK",1,"GSM4119975",TRUE,,,"NO_RECOVERY",FALSE
"group_L1_ef6c4154","pathogen_or_aggregate_exposure","STR:vaccinia_wr_8_hrs_post_infection",1,"GSM5049011",TRUE,"STR:vaccinia_wr_8_hrs_post_infection","vaccinia wr 8 hrs post infection","STR_FALLBACK",FALSE
"group_L4_8010603f","pathogen_or_aggregate_exposure","STR:fusobacterium nucleatum",1,"GSM7518471",TRUE,"STR:f_nucleatum_treated","f. nucleatum-treated","STR_FALLBACK",FALSE
"pair_L3_be33667a","pathogen_or_aggregate_exposure","STR:helicobacter pylori",1,"GSM5663411",TRUE,"STR:co_cultured_with_h_pylori_with_trx1_high_expression","co-cultured with h.pylori with trx1 high expression","STR_FALLBACK",FALSE
"group_L0_511edfc3","pathogen_or_aggregate_exposure","STR:12_hours_post_infection_with_rsv",1,"GSM7886805",TRUE,"NCBITaxon:12814","rsv","PATHOGEN_VERNACULAR",TRUE
"pair_L1_7ae0e64d","pathogen_or_aggregate_exposure","STR:lactobacillus crispatus",1,"GSM7475362",TRUE,"STR:bacteria_supernatants","bacteria supernatants","STR_FALLBACK",FALSE
"group_L1_fd34290a","pathogen_or_aggregate_exposure","STR:p_falciparum_schizonts",1,"GSM7487492",TRUE,"STR:p_falciparum_schizonts","p. falciparum schizonts","STR_FALLBACK",FALSE
"group_L1_70f6ef77","pathogen_or_aggregate_exposure","UNK",1,"GSM6593628",TRUE,,,"NO_RECOVERY",FALSE
"group_L2_a4af6709","pathogen_or_aggregate_exposure","STR:anti-igg",1,"GSM3258256",TRUE,"STR:induced_with_10_ug_ml_of_anti_igg_for_24_hours","induced with 10 ug/ml of anti-igg for 24 hours","STR_FALLBACK",FALSE
"group_L0_6dbdffb8","pathogen_or_aggregate_exposure","STR:hbv_hdv_co_infection",1,"GSM6214856",TRUE,"STR:hbv_hdv_co_infection","hbv-hdv co-infection","STR_FALLBACK",FALSE
"group_L2_71056b7a","pathogen_or_aggregate_exposure","STR:coronavirus nl63",1,"GSM3190590",TRUE,,,"NO_RECOVERY",FALSE
"group_L1_6c1a7aad","pathogen_or_aggregate_exposure","STR:glucuronide",1,"GSM3208401",TRUE,"STR:glucuronide","glucuronide","STR_FALLBACK",FALSE
"group_L2_eb4b9fc1","pathogen_or_aggregate_exposure","UNK",1,"GSM6415963",TRUE,,,"NO_RECOVERY",FALSE
"group_L1_b0015cc7","pathogen_or_aggregate_exposure","STR:treated_with_pw_and_lps_cosimulation_for_4_hours",1,"GSM5512893",TRUE,"CHEBI:16412","lps","PAMP_WHITELIST",TRUE
"group_L1_d5eb1dcc","pathogen_or_aggregate_exposure","STR:sars-cov-2",1,"GSM5325442",TRUE,,,"NO_RECOVERY",FALSE
"group_L0_753d0ba4","pathogen_or_aggregate_exposure","STR:candida/bacterial",1,"GSM5360872",TRUE,,,"NO_RECOVERY",FALSE
"pair_L3_5158a6fe","pathogen_or_aggregate_exposure","STR:5_p_g_supernatant_present_medium",1,"GSM6429769",TRUE,"STR:5_p_g_supernatant_present_medium","5% p.g supernatant present medium","STR_FALLBACK",FALSE
"group_L2_81c8e447","pathogen_or_aggregate_exposure","STR:pseudomonas aeruginosa",1,"GSM6064754",TRUE,"STR:infection_with_p_aeruginosa","infection with p. aeruginosa","STR_FALLBACK",FALSE
"pair_L1_1c2f8c02","pathogen_or_aggregate_exposure","STR:aspergillus fumigatus",1,"GSM6729536",TRUE,"STR:incubation_with_a_fumigatus_conidia_for_4_hours","incubation with a. fumigatus conidia for 4 hours","STR_FALLBACK",FALSE
"pair_L4_b0ac7df6","pathogen_or_aggregate_exposure","STR:novirus",1,"GSM5023119",TRUE,,,"NO_RECOVERY",FALSE
"pair_L4_bc8cbb37","pathogen_or_aggregate_exposure","STR:shigella",1,"GSM1703196",TRUE,,,"NO_RECOVERY",FALSE
"group_L3_3e1b52c0","pathogen_or_aggregate_exposure","STR:pa103_infection",1,"GSM8123136",TRUE,"STR:pa103_infection","pa103 infection","STR_FALLBACK",FALSE
"pair_L3_bb66913d","pathogen_or_aggregate_exposure","STR:malaria",1,"GSM8063107",TRUE,,,"NO_RECOVERY",FALSE
"group_L0_48c671ce","pathogen_or_aggregate_exposure","STR:t_cruzi_y_strain",1,"GSM6175582",TRUE,"STR:t_cruzi_y_strain","t. cruzi y strain","STR_FALLBACK",FALSE
"pair_L4_48135ab0","pathogen_or_aggregate_exposure","STR:activated endothelial evs",1,"GSM7297232",TRUE,"STR:activated_endothelial_evs","activated endothelial evs","STR_FALLBACK",FALSE
"group_L2_60539353","pathogen_or_aggregate_exposure","STR:v_parahaemolyticus_serotype_o3_k6_at_moi_100",1,"GSM4798450",TRUE,"STR:v_parahaemolyticus_serotype_o3_k6_at_moi_100","v. parahaemolyticus serotype o3:k6 at moi-100","STR_FALLBACK",FALSE
"group_L1_60c668ff","pathogen_or_aggregate_exposure","STR:coccidiosis",1,"GSM4773096",TRUE,,,"NO_RECOVERY",FALSE
"group_L0_826c7292","pathogen_or_aggregate_exposure","STR:human crc cell line (ls180)",1,"GSM3573120",TRUE,,,"NO_RECOVERY",FALSE
"group_L4_881cabcd","pathogen_or_aggregate_exposure","STR:escherichia coli",1,"GSM5529029",TRUE,"STR:extra_intestinal_pathogenic_e_coli","extra-intestinal pathogenic e. coli","STR_FALLBACK",FALSE
"group_L1_eae45575","pathogen_or_aggregate_exposure","STR:zika_virus_infection",1,"GSM3790824",TRUE,"STR:zika_virus_infection","zika virus infection","STR_FALLBACK",FALSE
"group_L1_a929414d","pathogen_or_aggregate_exposure","UNK",1,"GSM5961496",TRUE,,,"NO_RECOVERY",FALSE
"group_L0_5af2847d","pathogen_or_aggregate_exposure","STR:us-1635439",1,"GSM4697953",TRUE,,,"NO_RECOVERY",FALSE
"group_L1_58a04110","pathogen_or_aggregate_exposure","UNK",1,"GSM3417918",TRUE,,,"NO_RECOVERY",FALSE
"pair_L1_364147b1","pathogen_or_aggregate_exposure","STR:hhv5",1,"GSM8254866",TRUE,"STR:hhv5","hhv5","STR_FALLBACK",FALSE
"group_L1_fd197fd6","pathogen_or_aggregate_exposure","STR:tuberculosis",1,"GSM5491117",TRUE,,,"NO_RECOVERY",FALSE
"group_L0_d3a15033","pathogen_or_aggregate_exposure","STR:rbc lysate",1,"GSM6470157",TRUE,"STR:rbcl","rbcl","STR_FALLBACK",FALSE
"group_L0_b06ea033","pathogen_or_aggregate_exposure","STR:tuberculosis",1,"GSM4772867",TRUE,,,"NO_RECOVERY",FALSE
"group_L1_dd2bb1b3","pathogen_or_aggregate_exposure","STR:invasive aspergillosis",1,"GSM5328898",TRUE,,,"NO_RECOVERY",FALSE
"group_L4_2ceba327","pathogen_or_aggregate_exposure","STR:staphylococcus epidermidis",1,"GSM6940678",TRUE,"STR:these_groups_are_hmcs_cocultured_with_fibroblasts_for_7_days","these groups are hmcs cocultured with fibroblasts for 7 days","STR_FALLBACK",FALSE
"group_L2_377ae851","pathogen_or_aggregate_exposure","STR:murine platelets from wild-type mice",1,"GSM5858601",TRUE,"STR:treated_with_murine_platelets_from_wild_type_mice","treated  with murine platelets from wild-type mice","STR_FALLBACK",FALSE
"group_L3_a6bccf43","pathogen_or_aggregate_exposure","STR:immunocompromised athymic nude mouse",1,"GSM1857483",TRUE,,,"NO_RECOVERY",FALSE
"group_L0_8a197958","pathogen_or_aggregate_exposure","STR:ev94",1,"GSM5590024",TRUE,"STR:ev94","ev94","STR_FALLBACK",FALSE
"group_L1_18c2eedc","pathogen_or_aggregate_exposure","STR:br16 cdx model",1,"GSM4119832",TRUE,,,"NO_RECOVERY",FALSE
"group_L3_46a53a19","pathogen_or_aggregate_exposure","STR:exosomes",1,"GSM1686447",TRUE,"STR:bxpc3_beta5kd_exosomes","bxpc3 beta5kd exosomes","STR_FALLBACK",FALSE
"group_L3_70a9f8a1","pathogen_or_aggregate_exposure","STR:infected_with_vzv",1,"GSM5348174",TRUE,"STR:infected_with_vzv","infected with vzv","STR_FALLBACK",FALSE
"pair_L4_c5f92f5b","pathogen_or_aggregate_exposure","STR:fusobacterium nucleatum",1,"GSM7518471",TRUE,"STR:f_nucleatum_treated","f. nucleatum-treated","STR_FALLBACK",FALSE
"group_L1_d8d18c50","pathogen_or_aggregate_exposure","UNK",1,"GSM7274236",TRUE,,,"NO_RECOVERY",FALSE
"group_L1_aa74c33b","pathogen_or_aggregate_exposure","STR:espf",1,"GSM8064544",TRUE,"STR:espf","îespf","STR_FALLBACK",FALSE
"group_L3_9eb6b71a","pathogen_or_aggregate_exposure","STR:escherichia coli",1,"GSM3769133",TRUE,"STR:escherichia_coli_ec","escherichia coli (ec)","STR_FALLBACK",FALSE
"group_L3_459e0c8c","pathogen_or_aggregate_exposure","STR:hepatitis c virus",1,"GSM5071107",TRUE,,,"NO_RECOVERY",FALSE
"group_L1_14ebd8db","pathogen_or_aggregate_exposure","UNK",1,"GSM6656418",TRUE,,,"NO_RECOVERY",FALSE
"group_L2_a86bcb2b","pathogen_or_aggregate_exposure","STR:rhinovirus a39",1,"GSM3189383",TRUE,,,"NO_RECOVERY",FALSE
"group_L3_32ac6710","pathogen_or_aggregate_exposure","STR:rhinovirus a23",1,"GSM3189451",TRUE,,,"NO_RECOVERY",FALSE
"group_L3_58d1c0b7","pathogen_or_aggregate_exposure","STR:bradyzoite",1,"GSM4750919",TRUE,,,"NO_RECOVERY",FALSE
"group_L2_1a46dbab","pathogen_or_aggregate_exposure","STR:car neutrophils loaded with nanodrug",1,"GSM6245288",TRUE,"STR:u87mg_cells_treated_with_car_neutrophils_loaded_with_nanodrug_for_24_hours","u87mg cells treated with car neutrophils loaded with nanodrug for 24 hours","STR_FALLBACK",FALSE
"group_L1_091c78c9","pathogen_or_aggregate_exposure","STR:tuberculosis",1,"GSM4772450",TRUE,,,"NO_RECOVERY",FALSE
"group_L0_c62bb1b4","pathogen_or_aggregate_exposure","STR:rhinovirus a",1,"GSM3189396",TRUE,,,"NO_RECOVERY",FALSE
"pair_L3_7dd34950","pathogen_or_aggregate_exposure","STR:bacterial/fungal",1,"GSM7734295",TRUE,,,"NO_RECOVERY",FALSE
"pair_L0_2f86f1bf","pathogen_or_aggregate_exposure","STR:sars_cov_2_delta_variant_infected",1,"GSM7974840",TRUE,"NCBITaxon:2697049","sars-cov-2","PATHOGEN_VERNACULAR",TRUE
"group_L0_58660350","pathogen_or_aggregate_exposure","STR:exosomes",1,"GSM1686447",TRUE,"STR:bxpc3_beta5kd_exosomes","bxpc3 beta5kd exosomes","STR_FALLBACK",FALSE
"group_L0_1d9f0a19","pathogen_or_aggregate_exposure","UNK",1,"GSM4083649",TRUE,,,"NO_RECOVERY",FALSE
"pair_L4_6476899b","pathogen_or_aggregate_exposure","STR:influenza_a",1,"GSM4991273",TRUE,"NCBITaxon:11320","influenza","PATHOGEN_VERNACULAR",TRUE
"group_L0_67789e46","pathogen_or_aggregate_exposure","STR:invasive aspergillosis",1,"GSM5328874",TRUE,,,"NO_RECOVERY",FALSE
"pair_L3_03a090c8","pathogen_or_aggregate_exposure","STR:hepatitis c",1,"GSM6592294",TRUE,,,"NO_RECOVERY",FALSE
"group_L1_117bd82d","pathogen_or_aggregate_exposure","UNK",1,"GSM2185664",TRUE,,,"NO_RECOVERY",FALSE
"group_L1_b03383c9","pathogen_or_aggregate_exposure","STR:pseudomonas aeruginosa",1,"GSM6752463",TRUE,"STR:infected_with_pa57_15_for_4h","infected with pa57-15 for 4h","STR_FALLBACK",FALSE
"group_L1_9e2d54c5","pathogen_or_aggregate_exposure","STR:mycobacterium tuberculosis",1,"GSM7518959",TRUE,"NCBITaxon:1773","m. tuberculosis","PATHOGEN_VERNACULAR",TRUE
"group_L3_9b3d61f3","pathogen_or_aggregate_exposure","STR:live_sars_cov_2_and_macrophage_exposure",1,"GSM6415955",TRUE,"NCBITaxon:2697049","sars-cov-2","PATHOGEN_VERNACULAR",TRUE
"group_L3_6098a39f","pathogen_or_aggregate_exposure","STR:dmso",2,"GSM3383356",TRUE,,,"NO_RECOVERY",FALSE
"group_L3_c59e7055","pathogen_or_aggregate_exposure","UNK",1,"GSM2865669",TRUE,,,"NO_RECOVERY",FALSE
"group_L1_09c230dc","pathogen_or_aggregate_exposure","STR:bifidobacterium thetaiotaomicron",1,"GSM7438322",TRUE,"STR:cells_stimulated_with_bifidobacterium_thetaiotaomicron","cells stimulated with bifidobacterium thetaiotaomicron","STR_FALLBACK",FALSE
"group_L3_c0895141","pathogen_or_aggregate_exposure","STR:stimulated_with_m_leprae_whole_cell_sonicate_antigen_10_g_ml",1,"GSM5444533",TRUE,"STR:stimulated_with_m_leprae_whole_cell_sonicate_antigen_10_g_ml","stimulated with m. leprae whole cell sonicate antigen(10âµg/ml)","STR_FALLBACK",FALSE
"group_L1_1348e927","pathogen_or_aggregate_exposure","UNK",1,"GSM5069445",TRUE,,,"NO_RECOVERY",FALSE
"group_L1_45fea8bc","pathogen_or_aggregate_exposure","UNK",1,"GSM7274509",TRUE,,,"NO_RECOVERY",FALSE
"pair_L1_3a5847f2","pathogen_or_aggregate_exposure","UNK",1,"GSM1335696",TRUE,,,"NO_RECOVERY",FALSE
"pair_L3_cf044bcf","pathogen_or_aggregate_exposure","STR:pdc_sup_lps",1,"GSM5531655",TRUE,"STR:pdc_sup_lps","pdc sup-lps","STR_FALLBACK",FALSE
"group_L3_4936e0d6","pathogen_or_aggregate_exposure","STR:staphylococcal enterotoxin b",1,"GSM4711953",TRUE,"STR:s_aureus_seb","s. aureus seb","STR_FALLBACK",FALSE
"group_L3_e094e9fd","pathogen_or_aggregate_exposure","STR:igg_from_patients_with_laminin_332_pemphigoi",1,"GSM5534080",TRUE,"STR:igg_from_patients_with_laminin_332_pemphigoi","igg from patients with laminin-332 pemphigoi","STR_FALLBACK",FALSE
"group_L3_347aa76d","pathogen_or_aggregate_exposure","UNK",1,"GSM3190875",TRUE,,,"NO_RECOVERY",FALSE
"group_L1_6cad8efc","pathogen_or_aggregate_exposure","STR:invasive aspergillosis",1,"GSM5328854",TRUE,,,"NO_RECOVERY",FALSE
"group_L1_73a6ac70","pathogen_or_aggregate_exposure","UNK",1,"GSM2046133",TRUE,,,"NO_RECOVERY",FALSE
"group_L2_fe4da6ed","pathogen_or_aggregate_exposure","STR:listeria monocytogenes",1,"GSM5322556",TRUE,"STR:non_treated_nt","non-treated (nt)","STR_FALLBACK",FALSE
"pair_L2_cd5c4aa5","pathogen_or_aggregate_exposure","STR:helicobacter pylori lysate",1,"GSM4490406",TRUE,,,"NO_RECOVERY",FALSE
"pair_L2_bbc433ad","pathogen_or_aggregate_exposure","UNK",1,"GSM4495281",TRUE,,,"NO_RECOVERY",FALSE
"group_L2_6e1854e1","pathogen_or_aggregate_exposure","STR:hepatitis b virus",1,"GSM5961529",TRUE,,,"NO_RECOVERY",FALSE
"group_L4_ac99f846","pathogen_or_aggregate_exposure","STR:human_cytomegalovirus_hcmv_merlin_24_hours",1,"GSM2722728",TRUE,"NCBITaxon:10359","(hcmv)","PATHOGEN_VERNACULAR",TRUE
"pair_L0_68395535","pathogen_or_aggregate_exposure","STR:laiv8_iiv5_as03",1,"GSM6726199",TRUE,"STR:laiv8_iiv5_as03","laiv8-iiv5/as03","STR_FALLBACK",FALSE
"group_L1_ddc97558","pathogen_or_aggregate_exposure","STR:hiv_1_infected",1,"GSM2424739",TRUE,"NCBITaxon:11676","hiv-1","PATHOGEN_VERNACULAR",TRUE
"group_L2_00159301","pathogen_or_aggregate_exposure","STR:rv_a16",1,"GSM4617914",TRUE,"STR:rv_a16","rv-a16","STR_FALLBACK",FALSE
"pair_L1_363c7a39","pathogen_or_aggregate_exposure","STR:staphylococcal enterotoxin b",1,"GSM5529630",TRUE,"STR:recombinant_seb_500_g_ml","recombinant seb 500 î¼g/ml","STR_FALLBACK",FALSE
"group_L3_cc3d2a7d","pathogen_or_aggregate_exposure","STR:pseudomonas aeruginosa",1,"GSM6752463",TRUE,"STR:infected_with_pa57_15_for_4h","infected with pa57-15 for 4h","STR_FALLBACK",FALSE
"group_L2_af392818","pathogen_or_aggregate_exposure","STR:rv-c48",1,"GSM3189189",TRUE,,,"NO_RECOVERY",FALSE
"pair_L3_d6090709","pathogen_or_aggregate_exposure","STR:sars_cov_2_solution",1,"GSM6094413",TRUE,"NCBITaxon:2697049","sars-cov-2","PATHOGEN_VERNACULAR",TRUE
"group_L1_a934df29","pathogen_or_aggregate_exposure","UNK",1,"GSM2434027",TRUE,,,"NO_RECOVERY",FALSE
"group_L0_c90ef0d1","pathogen_or_aggregate_exposure","STR:exosome",1,"GSM2388547",TRUE,,,"NO_RECOVERY",FALSE
"pair_L3_0568bd1f","pathogen_or_aggregate_exposure","STR:n16961_v_cholerae_hlya_hapa_acd_only",1,"GSM3574366",TRUE,"STR:n16961_v_cholerae_hlya_hapa_acd_only","n16961 v. cholerae îhlyaîhapa acd only","STR_FALLBACK",FALSE
"group_L4_0f328931","pathogen_or_aggregate_exposure","STR:hcmv_tb40e",1,"GSM7923047",TRUE,"NCBITaxon:10359","hcmv","PATHOGEN_VERNACULAR",TRUE
"pair_L0_0c65509c","pathogen_or_aggregate_exposure","STR:hpv16_wt",1,"GSM4095208",TRUE,"STR:hpv16_wt","hpv16 wt","STR_FALLBACK",FALSE
"group_L1_1e007e10","pathogen_or_aggregate_exposure","STR:hcmv_strain_ad169_ul26_ul26dbmet",1,"GSM4066431",TRUE,"NCBITaxon:10359","hcmv","PATHOGEN_VERNACULAR",TRUE
"group_L0_a13e8622","pathogen_or_aggregate_exposure","STR:t_cell_exposure",1,"GSM6619702",TRUE,"STR:t_cell_exposure","t-cell exposure","STR_FALLBACK",FALSE
"pair_L1_6ebc87e4","pathogen_or_aggregate_exposure","UNK",1,"GSM7274208",TRUE,,,"NO_RECOVERY",FALSE
"group_L3_64c01445","pathogen_or_aggregate_exposure","STR:novirus",1,"GSM5023155",TRUE,,,"NO_RECOVERY",FALSE
"group_L1_f79fa238","pathogen_or_aggregate_exposure","STR:zika_virus_infection",1,"GSM3790806",TRUE,"STR:zika_virus_infection","zika virus infection","STR_FALLBACK",FALSE
"group_L4_00b9447d","pathogen_or_aggregate_exposure","STR:live_bacteria",1,"GSM7475359",TRUE,"STR:live_bacteria","live bacteria","STR_FALLBACK",FALSE
"pair_L2_010190f2","pathogen_or_aggregate_exposure","STR:human herpesvirus 5",1,"GSM8254838",TRUE,"STR:hhv5","hhv5","STR_FALLBACK",FALSE
"group_L3_ab3c40c1","pathogen_or_aggregate_exposure","STR:hcmv_gfp",1,"GSM6592578",TRUE,"STR:hcmv_gfp","hcmv-gfp","STR_FALLBACK",FALSE
"group_L0_2ab8201e","pathogen_or_aggregate_exposure","UNK",1,"GSM4554994",TRUE,,,"NO_RECOVERY",FALSE
"group_L1_2e3a16a3","pathogen_or_aggregate_exposure","STR:sars_cov_2_infection",1,"GSM6139294",TRUE,"NCBITaxon:2697049","sars-cov-2","PATHOGEN_VERNACULAR",TRUE
"group_L4_62aa4829","pathogen_or_aggregate_exposure","STR:prna",1,"GSM7676910",TRUE,"STR:prna","prna","STR_FALLBACK",FALSE
"pair_L3_647d14c9","pathogen_or_aggregate_exposure","STR:extra_intestinal_pathogenic_e_coli",1,"GSM5529088",TRUE,"STR:extra_intestinal_pathogenic_e_coli","extra-intestinal pathogenic e. coli","STR_FALLBACK",FALSE
"group_L3_fc9b9bf2","pathogen_or_aggregate_exposure","STR:infected_with_h7n9",1,"GSM4011115",TRUE,"STR:infected_with_h7n9","infected with h7n9","STR_FALLBACK",FALSE
"group_L0_33fa70d6","pathogen_or_aggregate_exposure","STR:chadox1",1,"GSM7139920",TRUE,,,"NO_RECOVERY",FALSE
"pair_L2_71c9128e","pathogen_or_aggregate_exposure","STR:human immunodeficiency virus 1",1,"GSM3362003",TRUE,"STR:hiv_infected","hiv-infected","STR_FALLBACK",FALSE
"pair_L1_e3c7e97f","pathogen_or_aggregate_exposure","STR:sars-cov-2",2,"GSM7817936",TRUE,"NCBITaxon:2697049","sars-cov-2","PATHOGEN_VERNACULAR",TRUE
"pair_L0_b2f8c4bc","pathogen_or_aggregate_exposure","UNK",1,"GSM5023112",TRUE,,,"NO_RECOVERY",FALSE
"group_L4_ee460e0f","pathogen_or_aggregate_exposure","STR:tram",1,"GSM4669290",TRUE,"STR:tram","tram","STR_FALLBACK",FALSE
"pair_L1_1f9af824","pathogen_or_aggregate_exposure","STR:pr8_infection_for_16_hours",1,"GSM6467319",TRUE,"STR:pr8_infection_for_16_hours","pr8 infection for 16 hours","STR_FALLBACK",FALSE
"pair_L4_dd0e9cb9","pathogen_or_aggregate_exposure","UNK",1,"GSM4592629",TRUE,,,"NO_RECOVERY",FALSE
"pair_L0_575a465a","pathogen_or_aggregate_exposure","STR:infected",1,"GSM5773733",TRUE,"STR:infected","infected","STR_FALLBACK",FALSE
"group_L2_490ba65a","pathogen_or_aggregate_exposure","STR:influenza b",1,"GSM3189361",TRUE,,,"NO_RECOVERY",FALSE
"group_L3_8348ace8","pathogen_or_aggregate_exposure","UNK",1,"GSM4684653",TRUE,,,"NO_RECOVERY",FALSE
"pair_L3_cf169f33","pathogen_or_aggregate_exposure","STR:evs from dohh2",1,"GSM4614198",TRUE,"STR:evs_from_dohh2","evs from dohh2","STR_FALLBACK",FALSE
"group_L0_4069a20b","pathogen_or_aggregate_exposure","STR:mixed candida/bacterial",1,"GSM5360769",TRUE,,,"NO_RECOVERY",FALSE
"pair_L0_cb9069b8","pathogen_or_aggregate_exposure","STR:rhinovirus_1a_infected",1,"GSM4391748",TRUE,"STR:rhinovirus_1a_infected","rhinovirus 1a infected","STR_FALLBACK",FALSE
"group_L4_7c50e6f4","pathogen_or_aggregate_exposure","STR:spike protein s1",1,"GSM5621247",TRUE,"STR:spike_protein_s1","spike protein s1","STR_FALLBACK",FALSE
"group_L0_186e7ba0","pathogen_or_aggregate_exposure","STR:infection",1,"GSM7065805",TRUE,"STR:infected_40h","infected 40h","STR_FALLBACK",FALSE
"pair_L4_4db0620d","pathogen_or_aggregate_exposure","STR:zika",1,"GSM4416981",TRUE,"STR:zika","zika","STR_FALLBACK",FALSE
"group_L3_4e0437bf","pathogen_or_aggregate_exposure","STR:burn_mrsa_infection_djk5_treatment",1,"GSM6433954",TRUE,"STR:burn_mrsa_infection_djk5_treatment","burn + mrsa infection + djk5 treatment","STR_FALLBACK",FALSE
"group_L4_c9a41a80","pathogen_or_aggregate_exposure","STR:flagellin",1,"GSM1337339",TRUE,"STR:flagellin","flagellin","STR_FALLBACK",FALSE
"group_L3_9104fdbd","pathogen_or_aggregate_exposure","STR:hbs",1,"GSM5357250",TRUE,"STR:hbs","hbs","STR_FALLBACK",FALSE
"group_L1_7733fd19","pathogen_or_aggregate_exposure","STR:infected_with_shaan_virus_for_24hours",1,"GSM5057650",TRUE,"NCBITaxon:3431377","shaanvirus","PATHOGEN_TAXID",TRUE
"pair_L2_f383f02f","pathogen_or_aggregate_exposure","UNK",1,"GSM4705648",TRUE,,,"NO_RECOVERY",FALSE
"pair_L4_bb266d87","pathogen_or_aggregate_exposure","STR:hbv_infected",1,"GSM6347937",TRUE,"STR:hbv_infected","hbv-infected","STR_FALLBACK",FALSE
"group_L0_ec8f746b","pathogen_or_aggregate_exposure","STR:mock infection",1,"GSM4914436",TRUE,,,"NO_RECOVERY",FALSE
"group_L3_98bedc0e","pathogen_or_aggregate_exposure","STR:rv-c25",1,"GSM3190809",TRUE,,,"NO_RECOVERY",FALSE
"group_L3_f51500da","pathogen_or_aggregate_exposure","STR:sars_cov_2_s_pseudovirions",1,"GSM5198133",TRUE,"STR:sars_cov_2_s_pseudovirions","sars-cov-2-s pseudovirions","STR_FALLBACK",FALSE
"group_L1_9468a3cf","pathogen_or_aggregate_exposure","STR:covid-19",1,"GSM6922566",TRUE,,,"NO_RECOVERY",FALSE
"group_L2_d7ea22a6","pathogen_or_aggregate_exposure","UNK",9,"GSM4261702",TRUE,,,"NO_RECOVERY",FALSE
"group_L3_bd9186da","pathogen_or_aggregate_exposure","STR:infected_with_listeria_monocytogenes_egde",1,"GSM5596573",TRUE,"NCBITaxon:1639","listeriamonocytogenesegde","PATHOGEN_TAXID",TRUE
"pair_L0_f8250c55","pathogen_or_aggregate_exposure","STR:sa",1,"GSM7050954",TRUE,"STR:sa","sa","STR_FALLBACK",FALSE
"group_L0_7b035680","pathogen_or_aggregate_exposure","UNK",1,"GSM3842215",TRUE,,,"NO_RECOVERY",FALSE
"group_L2_32e82e56","pathogen_or_aggregate_exposure","STR:leishmaniasis",1,"GSM1704453",TRUE,,,"NO_RECOVERY",FALSE
"group_L0_956b758a","pathogen_or_aggregate_exposure","UNK",1,"GSM3057847",TRUE,,,"NO_RECOVERY",FALSE
"group_L4_70ec4c4a","pathogen_or_aggregate_exposure","STR:zika_virus_infection",1,"GSM3790808",TRUE,"STR:zika_virus_infection","zika virus infection","STR_FALLBACK",FALSE
"group_L4_3f926ae4","pathogen_or_aggregate_exposure","STR:pic",1,"GSM7920731",TRUE,"STR:pic","pic","STR_FALLBACK",FALSE
"group_L1_a9d8ec98","pathogen_or_aggregate_exposure","STR:sepsis",1,"GSM4116607",TRUE,,,"NO_RECOVERY",FALSE
"group_L3_f9c69a42","pathogen_or_aggregate_exposure","STR:trail_and_il_10_treated_macrophages_trail_m2c_polarized",1,"GSM7106614",TRUE,"STR:trail_and_il_10_treated_macrophages_trail_m2c_polarized","trail and il-10 treated macrophages (trail+m2c polarized)","STR_FALLBACK",FALSE
"group_L4_f87162c3","pathogen_or_aggregate_exposure","STR:ev94",1,"GSM5590027",TRUE,"STR:ev94","ev94","STR_FALLBACK",FALSE
"group_L4_77edf82d","pathogen_or_aggregate_exposure","UNK",1,"GSM4592629",TRUE,,,"NO_RECOVERY",FALSE
"pair_L3_1aad22c6","pathogen_or_aggregate_exposure","UNK",1,"GSM6593625",TRUE,,,"NO_RECOVERY",FALSE
"group_L0_b83474a1","pathogen_or_aggregate_exposure","STR:rv-c28",1,"GSM3189091",TRUE,,,"NO_RECOVERY",FALSE
"group_L0_80ef16d7","pathogen_or_aggregate_exposure","STR:clostridium difficile toxin b",1,"GSM7372112",TRUE,"STR:tcdb_treated","tcdb-treated","STR_FALLBACK",FALSE
"pair_L0_0d034428","pathogen_or_aggregate_exposure","STR:novirus",1,"GSM5023119",TRUE,,,"NO_RECOVERY",FALSE
"group_L0_70d36d7d","pathogen_or_aggregate_exposure","STR:herpes simplex virus 1",1,"GSM2787818",TRUE,,,"NO_RECOVERY",FALSE
"group_L0_b40541d4","pathogen_or_aggregate_exposure","STR:zika_virus_infection",1,"GSM3790816",TRUE,"STR:zika_virus_infection","zika virus infection","STR_FALLBACK",FALSE
"group_L0_15fec60d","pathogen_or_aggregate_exposure","STR:hrsv_a2_strain_infection",1,"GSM4696336",TRUE,"STR:hrsv_a2_strain_infection","hrsv a2 strain infection","STR_FALLBACK",FALSE
"group_L4_f7ddd509","pathogen_or_aggregate_exposure","STR:helicobacter pylori",2,"GSM5663411",TRUE,"STR:co_cultured_with_h_pylori_with_trx1_high_expression","co-cultured with h.pylori with trx1 high expression","STR_FALLBACK",FALSE
"pair_L0_f3e21a6b","pathogen_or_aggregate_exposure","UNK",1,"GSM3325848",TRUE,,,"NO_RECOVERY",FALSE
"group_L2_e6080fd0","pathogen_or_aggregate_exposure","STR:cd155 l cells",1,"GSM5832714",TRUE,"STR:day_3_cd155_l_cells_stimulation","day 3 cd155 l cells stimulation","STR_FALLBACK",FALSE
"group_L2_f37df5d9","pathogen_or_aggregate_exposure","STR:the_cells_were_inoculated_with_pr8_h1n1_virus_at_an_moi_of_1_for_12_hours",1,"GSM4771578",TRUE,"STR:the_cells_were_inoculated_with_pr8_h1n1_virus_at_an_moi_of_1_for_12_hours","the cells were inoculated with pr8/h1n1 virus at an moi of 1 for 12 hours","STR_FALLBACK",FALSE
"pair_L1_c7348be3","pathogen_or_aggregate_exposure","STR:sc5314",1,"GSM3625484",TRUE,"STR:sc5314","sc5314","STR_FALLBACK",FALSE
"group_L1_ce6380fa","pathogen_or_aggregate_exposure","STR:helicobacter pylori",1,"GSM1536835",TRUE,"STR:h_pylori_infection","h. pylori infection","STR_FALLBACK",FALSE
"group_L0_a09f9da9","pathogen_or_aggregate_exposure","STR:ch077_wt",1,,FALSE,,,"NO_GSM",FALSE
"group_L0_ee408d2f","pathogen_or_aggregate_exposure","UNK",1,"GSM5850972",TRUE,,,"NO_RECOVERY",FALSE
"group_L4_33dc89b8","pathogen_or_aggregate_exposure","STR:ppcl-68 extracellular vesicles",1,"GSM5508437",TRUE,"STR:ppcl_68_extracellular_vesicles","ppcl-68 extracellular vesicles","STR_FALLBACK",FALSE
"group_L3_67e55aae","pathogen_or_aggregate_exposure","STR:human cytomegalovirus",1,"GSM4603386",TRUE,"NCBITaxon:10359","hcmv","PATHOGEN_VERNACULAR",TRUE
"group_L1_0c774b36","pathogen_or_aggregate_exposure","UNK",1,"GSM4753021",TRUE,,,"NO_RECOVERY",FALSE
"group_L1_1332de00","pathogen_or_aggregate_exposure","UNK",1,"GSM3584762",TRUE,,,"NO_RECOVERY",FALSE
"group_L0_42037dd2","pathogen_or_aggregate_exposure","UNK",1,"GSM6257652",TRUE,,,"NO_RECOVERY",FALSE
"group_L1_3dc15058","pathogen_or_aggregate_exposure","STR:sars-cov-2",1,"GSM5678447",TRUE,"NCBITaxon:2697049","sars-cov-2","PATHOGEN_VERNACULAR",TRUE
"group_L4_9d3a056a","pathogen_or_aggregate_exposure","UNK",1,"GSM6276800",TRUE,,,"NO_RECOVERY",FALSE
"group_L0_526fe104","pathogen_or_aggregate_exposure","STR:rhinovirus a20",1,"GSM3189435",TRUE,,,"NO_RECOVERY",FALSE
"group_L2_c5a3665e","pathogen_or_aggregate_exposure","UNK",1,"GSM5961496",TRUE,,,"NO_RECOVERY",FALSE
"group_L1_e67562a7","pathogen_or_aggregate_exposure","STR:invasive aspergillosis",1,"GSM5328873",TRUE,,,"NO_RECOVERY",FALSE
"group_L2_90e41dc4","pathogen_or_aggregate_exposure","STR:human bocavirus",1,"GSM3189201",TRUE,,,"NO_RECOVERY",FALSE
"group_L0_4ec0e7f5","pathogen_or_aggregate_exposure","UNK",1,"GSM4610286",TRUE,,,"NO_RECOVERY",FALSE
"pair_L1_5ccde41d","pathogen_or_aggregate_exposure","STR:mycobacterium tuberculosis",1,"GSM7518961",TRUE,"NCBITaxon:1773","m. tuberculosis","PATHOGEN_VERNACULAR",TRUE
"pair_L2_5b96a3f5","pathogen_or_aggregate_exposure","UNK",1,"GSM7734298",TRUE,,,"NO_RECOVERY",FALSE
"group_L0_15b170a7","pathogen_or_aggregate_exposure","STR:rhinovirus a47",1,"GSM3189229",TRUE,,,"NO_RECOVERY",FALSE
"group_L0_d2210796","pathogen_or_aggregate_exposure","UNK",1,"GSM7552887",TRUE,,,"NO_RECOVERY",FALSE
"group_L1_43555a4e","pathogen_or_aggregate_exposure","UNK",1,"GSM4412245",TRUE,,,"NO_RECOVERY",FALSE
"group_L1_a4611fa4","pathogen_or_aggregate_exposure","STR:aafa_mutant",1,"GSM5529079",TRUE,"STR:aafa_mutant","aafa mutant","STR_FALLBACK",FALSE
"group_L1_7eff8c8e","pathogen_or_aggregate_exposure","STR:pcr negative",1,"GSM2865664",TRUE,,,"NO_RECOVERY",FALSE
"group_L0_df23effb","pathogen_or_aggregate_exposure","STR:severe_ev71",1,"GSM4038546",TRUE,"STR:severe_ev71","severe ev71","STR_FALLBACK",FALSE
"group_L3_d9e2e092","pathogen_or_aggregate_exposure","STR:mycobacterium tuberculosis",1,"GSM4210633",TRUE,,,"NO_RECOVERY",FALSE
"group_L0_95cbadbb","pathogen_or_aggregate_exposure","UNK",1,"GSM4462416",TRUE,,,"NO_RECOVERY",FALSE
"group_L2_6e26b968","pathogen_or_aggregate_exposure","STR:human immunodeficiency virus 1",1,"GSM4443526",TRUE,,,"NO_RECOVERY",FALSE
"group_L1_6509217f","pathogen_or_aggregate_exposure","STR:denv_3",1,"GSM6668871",TRUE,"STR:denv_3","denv-3","STR_FALLBACK",FALSE
"pair_L1_0a2d57a8","pathogen_or_aggregate_exposure","UNK",1,"GSM4119749",TRUE,,,"NO_RECOVERY",FALSE
"group_L0_7ac94923","pathogen_or_aggregate_exposure","STR:hepatitis b virus",1,"GSM5961515",TRUE,,,"NO_RECOVERY",FALSE
"group_L0_54121eed","pathogen_or_aggregate_exposure","STR:der_m",1,"GSM7794034",TRUE,"STR:der_m","der m","STR_FALLBACK",FALSE
"group_L0_dc66e536","pathogen_or_aggregate_exposure","STR:rvfv_infection",1,"GSM7765972",TRUE,"STR:rvfv_infection","rvfv infection","STR_FALLBACK",FALSE
"pair_L2_79882215","pathogen_or_aggregate_exposure","STR:live_bacteria",1,"GSM7475352",TRUE,"STR:live_bacteria","live bacteria","STR_FALLBACK",FALSE
"pair_L0_d96c1a04","pathogen_or_aggregate_exposure","STR:hepatitis b virus",1,"GSM3580277",TRUE,,,"NO_RECOVERY",FALSE
"group_L0_d2066e88","pathogen_or_aggregate_exposure","STR:n16961_v_cholerae_hlya_hapa_abh_only",1,"GSM3574370",TRUE,"STR:n16961_v_cholerae_hlya_hapa_abh_only","n16961 v. cholerae îhlyaîhapa abh only","STR_FALLBACK",FALSE
"group_L1_5852cfed","pathogen_or_aggregate_exposure","STR:aspergillus fumigatus",1,"GSM5742129",TRUE,"STR:conidia_of_a_fumigatus_stimulates_for_6h","conidia of a. fumigatus stimulates for 6h","STR_FALLBACK",FALSE
"pair_L1_fdbdcfc9","pathogen_or_aggregate_exposure","UNK",1,"GSM5947517",TRUE,,,"NO_RECOVERY",FALSE
"pair_L2_3bd4401b","pathogen_or_aggregate_exposure","STR:sars-cov-2",1,"GSM4462339",TRUE,"NCBITaxon:2697049","sars-cov-2","PATHOGEN_VERNACULAR",TRUE
"pair_L2_69f0302d","pathogen_or_aggregate_exposure","STR:hbv_hdv_co_infection",1,"GSM6214856",TRUE,"STR:hbv_hdv_co_infection","hbv-hdv co-infection","STR_FALLBACK",FALSE
"pair_L1_81cd2921","pathogen_or_aggregate_exposure","UNK",1,"GSM4446750",TRUE,,,"NO_RECOVERY",FALSE
"group_L1_140ef55f","pathogen_or_aggregate_exposure","UNK",1,"GSM5690952",TRUE,,,"NO_RECOVERY",FALSE
"group_L1_8b0d5a43","pathogen_or_aggregate_exposure","STR:tuberculosis",1,"GSM4772317",TRUE,,,"NO_RECOVERY",FALSE
"group_L2_8427397d","pathogen_or_aggregate_exposure","STR:schwarz_attenuated_measles_virus",1,"GSM7892218",TRUE,"STR:schwarz_attenuated_measles_virus","schwarz attenuated measles virus","STR_FALLBACK",FALSE
"group_L1_5a5703c0","pathogen_or_aggregate_exposure","STR:infected",1,"GSM5773730",TRUE,"STR:infected","infected","STR_FALLBACK",FALSE
"pair_L1_f7826128","pathogen_or_aggregate_exposure","STR:hepatitis b virus",1,"GSM2053480",TRUE,,,"NO_RECOVERY",FALSE
"group_L1_fb488926","pathogen_or_aggregate_exposure","STR:invasive aspergillosis",1,"GSM5328877",TRUE,,,"NO_RECOVERY",FALSE
"group_L1_68521513","pathogen_or_aggregate_exposure","STR:infected_hi176_at_moi_of_100_1",1,"GSM1560007",TRUE,"STR:infected_hi176_at_moi_of_100_1","infected hi176 at moi of 100:1","STR_FALLBACK",FALSE
"group_L3_143c5e6c","pathogen_or_aggregate_exposure","UNK",2,"GSM5955764",TRUE,,,"NO_RECOVERY",FALSE
"group_L0_6e13bfad","pathogen_or_aggregate_exposure","UNK",1,"GSM4668819",TRUE,,,"NO_RECOVERY",FALSE
"group_L1_ae9c6dfb","pathogen_or_aggregate_exposure","STR:sendai virus",1,"GSM3974732",TRUE,,,"NO_RECOVERY",FALSE
"group_L4_8ad0b18a","pathogen_or_aggregate_exposure","STR:achervenv-cmv-gfp",1,"GSM4804205",TRUE,"STR:achervenv_cmv_gfp_infected","achervenv-cmv-gfp infected","STR_FALLBACK",FALSE
"pair_L1_179351e8","pathogen_or_aggregate_exposure","STR:malaria",1,"GSM5256784",TRUE,,,"NO_RECOVERY",FALSE
"group_L3_01b32ed2","pathogen_or_aggregate_exposure","STR:jc_polyomavirus_jcpyv",1,"GSM4034955",TRUE,"STR:jc_polyomavirus_jcpyv","jc polyomavirus (jcpyv)","STR_FALLBACK",FALSE
"pair_L1_607983e1","pathogen_or_aggregate_exposure","UNK",1,"GSM6793236",TRUE,,,"NO_RECOVERY",FALSE
"group_L1_af1bdfda","pathogen_or_aggregate_exposure","STR:severe acute respiratory syndrome coronavirus 2",1,"GSM5593488",TRUE,,,"NO_RECOVERY",FALSE
"pair_L0_44d526de","pathogen_or_aggregate_exposure","STR:non_aiec_t75",1,"GSM8132985",TRUE,"STR:non_aiec_t75","non-aiec t75","STR_FALLBACK",FALSE
"group_L0_1eb7aa6e","pathogen_or_aggregate_exposure","STR:invasive aspergillosis",1,"GSM5328850",TRUE,,,"NO_RECOVERY",FALSE
"group_L3_8be7f26e","pathogen_or_aggregate_exposure","STR:hsp+tcr",1,"GSM6858746",TRUE,"STR:hsp_tcr","hsp+tcr","STR_FALLBACK",FALSE
"group_L0_fe8bb885","pathogen_or_aggregate_exposure","STR:27_33_dpi_with_hpv16_wt",1,"GSM4077465",TRUE,"STR:27_33_dpi_with_hpv16_wt","27-33 dpi with hpv16 wt","STR_FALLBACK",FALSE
"pair_L1_36ba5930","pathogen_or_aggregate_exposure","UNK",1,"GSM4744382",TRUE,,,"NO_RECOVERY",FALSE
"pair_L0_673621fe","pathogen_or_aggregate_exposure","STR:uv_treated_hunov_gii_4_48h",1,"GSM3314943",TRUE,"STR:uv_treated_hunov_gii_4_48h","uv-treated hunov gii.4 48h","STR_FALLBACK",FALSE
"pair_L3_2dea2949","pathogen_or_aggregate_exposure","STR:sars_cov_2_infected_human_bronchial_epithelium_cells_7_dpi",1,"GSM6166014",TRUE,"NCBITaxon:2697049","sars-cov-2","PATHOGEN_VERNACULAR",TRUE
"pair_L4_b07b695a","pathogen_or_aggregate_exposure","STR:hcov_nl63_infected",1,"GSM8022901",TRUE,"STR:hcov_nl63_infected","hcov-nl63 infected","STR_FALLBACK",FALSE
"group_L1_c6ed46a2","pathogen_or_aggregate_exposure","STR:zika",1,"GSM4416981",TRUE,"STR:zika","zika","STR_FALLBACK",FALSE
"group_L1_3d8f74c3","pathogen_or_aggregate_exposure","STR:hepatitis b virus",1,"GSM5961519",TRUE,,,"NO_RECOVERY",FALSE
"group_L0_a60cf1dd","pathogen_or_aggregate_exposure","STR:12_hours_post_infection_with_rsv",1,"GSM7886787",TRUE,"NCBITaxon:12814","rsv","PATHOGEN_VERNACULAR",TRUE
"pair_L3_ed1dfeb7","pathogen_or_aggregate_exposure","STR:p_gingivalis_33277_omvs",1,"GSM6753199",TRUE,"STR:p_gingivalis_33277_omvs","p. gingivalis 33277 omvs","STR_FALLBACK",FALSE
"group_L3_51a6dc9e","pathogen_or_aggregate_exposure","STR:human immunodeficiency virus",1,"GSM4443523",TRUE,,,"NO_RECOVERY",FALSE
"group_L3_197426b6","pathogen_or_aggregate_exposure","STR:burn_mrsa_infection",1,"GSM6433949",TRUE,"STR:burn_mrsa_infection","burn + mrsa infection","STR_FALLBACK",FALSE
"group_L3_9a089264","pathogen_or_aggregate_exposure","STR:hepatitis c virus",2,"GSM3325856",TRUE,,,"NO_RECOVERY",FALSE
"pair_L0_676ff62d","pathogen_or_aggregate_exposure","UNK",1,"GSM1507301",TRUE,,,"NO_RECOVERY",FALSE
"group_L3_f895c9d9","pathogen_or_aggregate_exposure","UNK",1,"GSM4554997",TRUE,,,"NO_RECOVERY",FALSE
"group_L1_93c139ae","pathogen_or_aggregate_exposure","STR:candida/bacterial",1,"GSM5361040",TRUE,,,"NO_RECOVERY",FALSE
"pair_L3_314a0594","pathogen_or_aggregate_exposure","STR:iav_nc_infected_moi_5",1,"GSM5031757",TRUE,"STR:iav_nc_infected_moi_5","iav-nc infected (moi 5)","STR_FALLBACK",FALSE
"group_L2_3c555191","pathogen_or_aggregate_exposure","STR:human_perpesvirus_5",1,"GSM1557576",TRUE,"STR:human_perpesvirus_5","human perpesvirus 5","STR_FALLBACK",FALSE
"group_L0_d1f4096e","pathogen_or_aggregate_exposure","STR:rkshv_219",1,"GSM1359513",TRUE,"STR:rkshv_219","rkshv.219","STR_FALLBACK",FALSE
"group_L4_8706ecbc","pathogen_or_aggregate_exposure","STR:human immunodeficiency virus 1",1,"GSM5281084",TRUE,,,"NO_RECOVERY",FALSE
"group_L0_42fb1aba","pathogen_or_aggregate_exposure","UNK",1,"GSM4119848",TRUE,,,"NO_RECOVERY",FALSE
"group_L1_845cb047","pathogen_or_aggregate_exposure","STR:hhv5",1,"GSM8254865",TRUE,"STR:hhv5","hhv5","STR_FALLBACK",FALSE
"pair_L3_7285ac25","pathogen_or_aggregate_exposure","STR:mcpyv",1,"GSM4684651",TRUE,,,"NO_RECOVERY",FALSE
"group_L2_21929bc3","pathogen_or_aggregate_exposure","STR:hepatitis b virus",1,"GSM5961515",TRUE,,,"NO_RECOVERY",FALSE
"group_L0_ef041d6d","pathogen_or_aggregate_exposure","STR:infected_sars_cov_2",1,"GSM5919413",TRUE,"NCBITaxon:2697049","sars-cov-2","PATHOGEN_VERNACULAR",TRUE
"group_L2_fa5e118f","pathogen_or_aggregate_exposure","STR:candidemia",2,"GSM5360793",TRUE,,,"NO_RECOVERY",FALSE
"group_L3_47b95a0a","pathogen_or_aggregate_exposure","UNK",1,"GSM5319344",TRUE,,,"NO_RECOVERY",FALSE
"group_L1_bca4eaa0","pathogen_or_aggregate_exposure","UNK",1,"GSM3521169",TRUE,,,"NO_RECOVERY",FALSE
"pair_L3_b4025176","pathogen_or_aggregate_exposure","STR:lactobacillus crispatus",1,"GSM7475382",TRUE,"STR:bacteria_supernatants","bacteria supernatants","STR_FALLBACK",FALSE
"pair_L0_115b3c1e","pathogen_or_aggregate_exposure","STR:candida parapsilosis",1,"GSM5194319",TRUE,"STR:live_c_parapsilosis_clib214","live c. parapsilosis (clib214)","STR_FALLBACK",FALSE
"group_L0_47b5d915","pathogen_or_aggregate_exposure","STR:naive_3h_r848_tlr7_ligand",1,"GSM6394801",TRUE,"CHEBI:36706","r848","PAMP_WHITELIST",TRUE
"group_L0_2e5fad69","pathogen_or_aggregate_exposure","UNK",1,"GSM1856057",TRUE,,,"NO_RECOVERY",FALSE
"group_L1_ce6a999f","pathogen_or_aggregate_exposure","STR:rv-c35",1,"GSM3189269",TRUE,,,"NO_RECOVERY",FALSE
"group_L3_aa869298","pathogen_or_aggregate_exposure","STR:rhinovirus a47",1,"GSM3189230",TRUE,,,"NO_RECOVERY",FALSE
"group_L0_f2c167ad","pathogen_or_aggregate_exposure","UNK",1,"GSM5993491",TRUE,,,"NO_RECOVERY",FALSE
"group_L3_4c58fd60","pathogen_or_aggregate_exposure","STR:sars_cov_2_infection",1,"GSM4711209",TRUE,"NCBITaxon:2697049","sars-cov-2","PATHOGEN_VERNACULAR",TRUE
"group_L2_fe2435be","pathogen_or_aggregate_exposure","STR:br16 cdx model",1,"GSM4119833",TRUE,,,"NO_RECOVERY",FALSE
"group_L2_a5a94e2f","pathogen_or_aggregate_exposure","STR:bcg vaccine",1,"GSM5141153",TRUE,,,"NO_RECOVERY",FALSE
"group_L3_eef980a7","pathogen_or_aggregate_exposure","STR:aspergillus fumigatus",1,"GSM5742126",TRUE,"STR:conidia_of_a_fumigatus_stimulates_for_2h","conidia of a. fumigatus stimulates for 2h","STR_FALLBACK",FALSE
"group_L2_f1ad4eec","pathogen_or_aggregate_exposure","STR:aspergillus fumigatus",1,"GSM8113025",TRUE,"NCBITaxon:746128","aspergillusfumigatus","PATHOGEN_TAXID",TRUE
"group_L4_dc1340e0","pathogen_or_aggregate_exposure","STR:hmpv",1,"GSM4715967",TRUE,"STR:hmpv","hmpv","STR_FALLBACK",FALSE
"pair_L3_c99a7ea1","pathogen_or_aggregate_exposure","STR:measles virus schwarz strain",1,"GSM7892226",TRUE,"STR:schwarz_attenuated_measles_virus","schwarz attenuated measles virus","STR_FALLBACK",FALSE
"pair_L4_10cd6fd0","pathogen_or_aggregate_exposure","STR:mpxv_clade_iib_infected",1,"GSM6765212",TRUE,"STR:mpxv_clade_iib_infected","mpxv clade iib infected","STR_FALLBACK",FALSE
"group_L4_ba6ca16a","pathogen_or_aggregate_exposure","UNK",1,"GSM4626280",TRUE,,,"NO_RECOVERY",FALSE
"pair_L2_def22ddd","pathogen_or_aggregate_exposure","STR:iav_nt_infected_moi_5",1,"GSM5031748",TRUE,"STR:iav_nt_infected_moi_5","iav-nt infected (moi 5)","STR_FALLBACK",FALSE
"group_L0_87886046","pathogen_or_aggregate_exposure","STR:bacillus calmette-guérin vaccine",1,"GSM5141109",TRUE,,,"NO_RECOVERY",FALSE
"group_L2_18c8fd4e","pathogen_or_aggregate_exposure","UNK",1,"GSM7433333",TRUE,,,"NO_RECOVERY",FALSE
"group_L0_5bb344e6","pathogen_or_aggregate_exposure","STR:treated_with_hk1ebv_exosomes_for_3_hours",1,"GSM5920568",TRUE,"STR:treated_with_hk1ebv_exosomes_for_3_hours","treated with hk1ebv exosomes for 3 hours","STR_FALLBACK",FALSE
"group_L1_e1326419","pathogen_or_aggregate_exposure","STR:hepatitis b virus",1,"GSM4197003",TRUE,,,"NO_RECOVERY",FALSE
"group_L0_f167e388","pathogen_or_aggregate_exposure","UNK",1,"GSM5402242",TRUE,,,"NO_RECOVERY",FALSE
"group_L0_4f7e000f","pathogen_or_aggregate_exposure","STR:sev_nt_infected_moi_5",1,"GSM5031755",TRUE,"STR:sev_nt_infected_moi_5","sev-nt infected (moi 5)","STR_FALLBACK",FALSE
"group_L1_a08b74f7","pathogen_or_aggregate_exposure","STR:rsv_infected",1,"GSM7118824",TRUE,"NCBITaxon:12814","rsv","PATHOGEN_VERNACULAR",TRUE
"group_L2_328d5479","pathogen_or_aggregate_exposure","STR:12_hours_post_infection_with_rsv",1,"GSM7886787",TRUE,"NCBITaxon:12814","rsv","PATHOGEN_VERNACULAR",TRUE
"group_L0_24c2587d","pathogen_or_aggregate_exposure","UNK",1,"GSM4054595",TRUE,,,"NO_RECOVERY",FALSE
"group_L3_bcd793aa","pathogen_or_aggregate_exposure","STR:positive",1,"GSM5423991",TRUE,,,"NO_RECOVERY",FALSE
"group_L0_27dc507e","pathogen_or_aggregate_exposure","UNK",1,"GSM5850980",TRUE,,,"NO_RECOVERY",FALSE
"group_L1_436299c4","pathogen_or_aggregate_exposure","UNK",1,"GSM5023113",TRUE,,,"NO_RECOVERY",FALSE
"group_L1_920f1cff","pathogen_or_aggregate_exposure","UNK",1,"GSM5850975",TRUE,,,"NO_RECOVERY",FALSE
"group_L2_4b08bda7","pathogen_or_aggregate_exposure","UNK",1,"GSM4668816",TRUE,,,"NO_RECOVERY",FALSE
"pair_L0_4ae98abb","pathogen_or_aggregate_exposure","UNK",1,"GSM5993488",TRUE,,,"NO_RECOVERY",FALSE
"group_L1_5db8eb2c","pathogen_or_aggregate_exposure","STR:24h_1_5_human_serum_ami_patient_37",1,"GSM5251536",TRUE,"STR:24h_1_5_human_serum_ami_patient_37","24h 1:5 human serum ami patient 37","STR_FALLBACK",FALSE
"group_L3_e2b30bce","pathogen_or_aggregate_exposure","STR:chad-05_v2d1",1,"GSM7888967",TRUE,,,"NO_RECOVERY",FALSE
"group_L3_08e84374","pathogen_or_aggregate_exposure","UNK",1,"GSM4592629",TRUE,,,"NO_RECOVERY",FALSE
"group_L3_3866f529","pathogen_or_aggregate_exposure","STR:sars_cov_2_infected_human_nasal_epithelium_cells",1,"GSM6684541",TRUE,"STR:sars_cov_2_infected_human_nasal_epithelium_cells","sars-cov-2-infected human nasal epithelium cells","STR_FALLBACK",FALSE
"group_L1_2a4311ad","pathogen_or_aggregate_exposure","STR:yellow fever virus vaccine strain 17d",1,"GSM2692401",TRUE,,,"NO_RECOVERY",FALSE
"group_L4_ae71f606","pathogen_or_aggregate_exposure","STR:hcmv_infected",1,"GSM2644288",TRUE,"STR:hcmv_infected","hcmv-infected","STR_FALLBACK",FALSE
"pair_L1_bb01776d","pathogen_or_aggregate_exposure","STR:haemophilus influenzae",1,"GSM7220549",TRUE,"STR:infected","infected","STR_FALLBACK",FALSE
"pair_L0_14ce2a63","pathogen_or_aggregate_exposure","STR:infected_by_sars_cov_2",1,"GSM6726863",TRUE,"NCBITaxon:2697049","sars-cov-2","PATHOGEN_VERNACULAR",TRUE
"pair_L0_502e8a2f","pathogen_or_aggregate_exposure","STR:rv",1,"GSM5253447",TRUE,"STR:rv","rv","STR_FALLBACK",FALSE
"group_L0_9a81cfdf","pathogen_or_aggregate_exposure","UNK",1,"GSM4508692",TRUE,,,"NO_RECOVERY",FALSE
"group_L1_78f97c66","pathogen_or_aggregate_exposure","STR:primary",1,"GSM4186735",TRUE,"STR:primary","primary","STR_FALLBACK",FALSE
"group_L1_b002f7ab","pathogen_or_aggregate_exposure","STR:human immunodeficiency virus type 1",1,,FALSE,,,"NO_GSM",FALSE
"group_L4_8778010a","pathogen_or_aggregate_exposure","STR:ebov_lps",1,"GSM2228774",TRUE,"STR:ebov_lps","ebov/lps","STR_FALLBACK",FALSE
"group_L1_973a1f53","pathogen_or_aggregate_exposure","STR:escherichia coli",1,"GSM6915104",TRUE,"STR:treated_with_e_coli","treated with e. coli","STR_FALLBACK",FALSE
"pair_L2_f8694dcd","pathogen_or_aggregate_exposure","UNK",1,"GSM4133173",TRUE,,,"NO_RECOVERY",FALSE
"group_L0_99c1e044","pathogen_or_aggregate_exposure","STR:hepatitis b virus",1,"GSM5048908",TRUE,,,"NO_RECOVERY",FALSE
"group_L4_aacdd0a2","pathogen_or_aggregate_exposure","STR:e1awt",1,"GSM1443856",TRUE,"STR:e1awt_infected","e1awt-infected","STR_FALLBACK",FALSE
"pair_L3_94010144","pathogen_or_aggregate_exposure","STR:dl1500_infected",1,"GSM6365504",TRUE,"STR:dl1500_infected","dl1500-infected","STR_FALLBACK",FALSE
"group_L2_94948499","pathogen_or_aggregate_exposure","STR:sars-cov-2",1,"GSM4462339",TRUE,"NCBITaxon:2697049","sars-cov-2","PATHOGEN_VERNACULAR",TRUE
"group_L1_b7159212","pathogen_or_aggregate_exposure","STR:human coronavirus nl63",1,"GSM3189221",TRUE,,,"NO_RECOVERY",FALSE
"group_L1_529291ca","pathogen_or_aggregate_exposure","STR:human immunodeficiency virus 1",1,"GSM4083658",TRUE,,,"NO_RECOVERY",FALSE
"pair_L2_03e5089f","pathogen_or_aggregate_exposure","STR:bk_polyomavirus_bkpyv",1,"GSM4034946",TRUE,"STR:bk_polyomavirus_bkpyv","bk polyomavirus (bkpyv)","STR_FALLBACK",FALSE
"group_L1_08a82f96","pathogen_or_aggregate_exposure","STR:cd155 l cells",1,"GSM5832714",TRUE,"STR:day_3_cd155_l_cells_stimulation","day 3 cd155 l cells stimulation","STR_FALLBACK",FALSE
"group_L3_53f02131","pathogen_or_aggregate_exposure","STR:new_york_1_pv08001_2020",1,"GSM6323012",TRUE,"STR:new_york_1_pv08001_2020","new york 1-pv08001/2020","STR_FALLBACK",FALSE
"group_L3_49846534","pathogen_or_aggregate_exposure","STR:lps_ifng",1,"GSM5088039",TRUE,"CHEBI:16412","lps","PAMP_WHITELIST",TRUE
"pair_L1_b76945d0","pathogen_or_aggregate_exposure","STR:heat_killed_bcg",1,"GSM6886351",TRUE,"STR:heat_killed_bcg","heat-killed bcg","STR_FALLBACK",FALSE
"group_L0_ac19a4bd","pathogen_or_aggregate_exposure","STR:tuberculosis",1,"GSM4772474",TRUE,,,"NO_RECOVERY",FALSE
"group_L0_fdea5aaa","pathogen_or_aggregate_exposure","STR:tuberculosis",1,"GSM4772473",TRUE,,,"NO_RECOVERY",FALSE
"group_L3_d2efe04f","pathogen_or_aggregate_exposure","STR:porphyromonas gingivalis",1,"GSM5577336",TRUE,"STR:infection","infection","STR_FALLBACK",FALSE
"group_L3_527f273e","pathogen_or_aggregate_exposure","STR:464",1,,FALSE,,,"NO_GSM",FALSE
"group_L0_6e93be52","pathogen_or_aggregate_exposure","STR:tuberculosis",1,"GSM4772464",TRUE,,,"NO_RECOVERY",FALSE
"group_L3_9adf01de","pathogen_or_aggregate_exposure","STR:chadox1",1,"GSM7140065",TRUE,,,"NO_RECOVERY",FALSE
"group_L0_03923f3e","pathogen_or_aggregate_exposure","STR:c_parvum_infected_cells",1,"GSM7731121",TRUE,"STR:c_parvum_infected_cells","c. parvum-infected cells","STR_FALLBACK",FALSE
"group_L2_49524a8c","pathogen_or_aggregate_exposure","STR:human immunodeficiency virus 1",1,"GSM4844115",TRUE,,,"NO_RECOVERY",FALSE
"group_L1_76931165","pathogen_or_aggregate_exposure","STR:laiv8_iiv5",1,"GSM6726210",TRUE,"STR:laiv8_iiv5","laiv8-iiv5","STR_FALLBACK",FALSE
"group_L2_a7c6a1f4","pathogen_or_aggregate_exposure","STR:6_months_after_infection",1,"GSM6107439",TRUE,"STR:6_months_after_infection","6 months after infection","STR_FALLBACK",FALSE
"group_L2_f5b3a5bb","pathogen_or_aggregate_exposure","STR:hepatitis b virus",1,"GSM5961511",TRUE,,,"NO_RECOVERY",FALSE
"group_L3_d798269b","pathogen_or_aggregate_exposure","STR:parainfluenza virus type 3",1,"GSM3189320",TRUE,,,"NO_RECOVERY",FALSE
"group_L1_13e1f7ae","pathogen_or_aggregate_exposure","STR:rhinovirus a11",1,"GSM3189455",TRUE,,,"NO_RECOVERY",FALSE
"group_L1_4fcf3036","pathogen_or_aggregate_exposure","STR:epstein-barr virus",1,"GSM4953585",TRUE,"NCBITaxon:10376","ebv","PATHOGEN_VERNACULAR",TRUE
"group_L0_2a521876","pathogen_or_aggregate_exposure","STR:secondary",1,"GSM4186789",TRUE,"STR:secondary","secondary","STR_FALLBACK",FALSE
"group_L2_4eb580c6","pathogen_or_aggregate_exposure","UNK",1,"GSM2779885",TRUE,,,"NO_RECOVERY",FALSE
"group_L1_644f86e4","pathogen_or_aggregate_exposure","STR:hbv_rimonabant",1,"GSM4144369",TRUE,"STR:hbv_rimonabant","hbv_rimonabant","STR_FALLBACK",FALSE
"group_L1_903058db","pathogen_or_aggregate_exposure","STR:hrv_a16_infection",1,"GSM2575010",TRUE,"STR:hrv_a16_infection","hrv-a16 infection","STR_FALLBACK",FALSE
"group_L0_e046eeb3","pathogen_or_aggregate_exposure","STR:hepatitis c virus",1,"GSM4197017",TRUE,,,"NO_RECOVERY",FALSE
"group_L0_814b394c","pathogen_or_aggregate_exposure","STR:tuberculosis",1,"GSM4772898",TRUE,,,"NO_RECOVERY",FALSE
"group_L1_33ba08a0","pathogen_or_aggregate_exposure","STR:mycobacterium avium",1,"GSM8338768",TRUE,,,"NO_RECOVERY",FALSE
"group_L1_5eeb1edb","pathogen_or_aggregate_exposure","STR:invasive aspergillosis",1,"GSM5328870",TRUE,,,"NO_RECOVERY",FALSE
"pair_L1_080151b8","pathogen_or_aggregate_exposure","UNK",1,"GSM3178405",TRUE,,,"NO_RECOVERY",FALSE
"pair_L4_e7c604b5","pathogen_or_aggregate_exposure","STR:hiv-1",1,"GSM2778749",TRUE,,,"NO_RECOVERY",FALSE
"group_L4_8e913061","pathogen_or_aggregate_exposure","STR:mtb_infected",1,"GSM6998084",TRUE,"NCBITaxon:1773","mtb","PATHOGEN_VERNACULAR",TRUE
"pair_L3_6d278cfe","pathogen_or_aggregate_exposure","STR:infected_with_vzv",1,"GSM5348174",TRUE,"STR:infected_with_vzv","infected with vzv","STR_FALLBACK",FALSE
"pair_L0_a3094e0c","pathogen_or_aggregate_exposure","STR:aspergillus fumigatus",1,"GSM5742126",TRUE,"STR:conidia_of_a_fumigatus_stimulates_for_2h","conidia of a. fumigatus stimulates for 2h","STR_FALLBACK",FALSE
"group_L1_ea166137","pathogen_or_aggregate_exposure","STR:infected",1,"GSM7220568",TRUE,"STR:infected","infected","STR_FALLBACK",FALSE
"group_L2_bf2baabf","pathogen_or_aggregate_exposure","STR:hepatitis b virus",1,"GSM5961530",TRUE,,,"NO_RECOVERY",FALSE
"pair_L4_cd65edcd","pathogen_or_aggregate_exposure","STR:mycobacterium tuberculosis",1,"GSM7519008",TRUE,"NCBITaxon:1773","m. tuberculosis","PATHOGEN_VERNACULAR",TRUE
"group_L1_1536fdc2","pathogen_or_aggregate_exposure","UNK",3,"GSM4832785",TRUE,,,"NO_RECOVERY",FALSE
"group_L1_17fdb04b","pathogen_or_aggregate_exposure","STR:infected_with_hnf4a_oe_virus",1,"GSM7840264",TRUE,"STR:infected_with_hnf4a_oe_virus","infected with hnf4a oe virus","STR_FALLBACK",FALSE
"group_L2_f8c5eca0","pathogen_or_aggregate_exposure","STR:patient-derived xenograft (pdx)",1,"GSM3356484",TRUE,,,"NO_RECOVERY",FALSE
"group_L0_e08f0bfd","pathogen_or_aggregate_exposure","STR:zika virus",1,"GSM7444099",TRUE,"STR:prvabc59","prvabc59","STR_FALLBACK",FALSE
"group_L2_0424f184","pathogen_or_aggregate_exposure","STR:vsv_gfp_infection",1,"GSM7656288",TRUE,"STR:vsv_gfp_infection","vsv-gfp infection","STR_FALLBACK",FALSE
"group_L1_52e283a5","pathogen_or_aggregate_exposure","STR:mixed candida/bacterial",1,"GSM5360769",TRUE,,,"NO_RECOVERY",FALSE
"group_L3_785c05b0","pathogen_or_aggregate_exposure","UNK",3,"GSM3395727",TRUE,,,"NO_RECOVERY",FALSE
"group_L3_3b9e036f","pathogen_or_aggregate_exposure","STR:sem cell lines",1,"GSM6756618",TRUE,"STR:exposed_to_sem_cell_lines","exposed to sem cell lines","STR_FALLBACK",FALSE
"group_L1_0b27e6a5","pathogen_or_aggregate_exposure","STR:rsv_infected_moi_15",1,"GSM4432392",TRUE,"NCBITaxon:12814","rsv","PATHOGEN_VERNACULAR",TRUE
"group_L4_ef9a5ccc","pathogen_or_aggregate_exposure","STR:hrv_a16_infection",1,"GSM2575026",TRUE,"STR:hrv_a16_infection","hrv-a16 infection","STR_FALLBACK",FALSE
"pair_L0_f0664c41","pathogen_or_aggregate_exposure","STR:rhinovirus_1a_infected",1,"GSM4391747",TRUE,"STR:rhinovirus_1a_infected","rhinovirus 1a infected","STR_FALLBACK",FALSE
"group_L0_f64321c8","pathogen_or_aggregate_exposure","STR:chadox1",1,"GSM6066228",TRUE,,,"NO_RECOVERY",FALSE
"group_L4_161640e3","pathogen_or_aggregate_exposure","STR:vaccinia_wr_4_hrs_post_infection",1,"GSM5049005",TRUE,"STR:vaccinia_wr_4_hrs_post_infection","vaccinia wr 4 hrs post infection","STR_FALLBACK",FALSE
"group_L2_baf471c9","pathogen_or_aggregate_exposure","UNK",1,"GSM5961524",TRUE,,,"NO_RECOVERY",FALSE
"pair_L4_775246ca","pathogen_or_aggregate_exposure","STR:l_pneumophila_deltalphd_infected",1,"GSM6290469",TRUE,"STR:l_pneumophila_deltalphd_infected","l. pneumophila deltalphd infected","STR_FALLBACK",FALSE
"pair_L2_8bc4fd2b","pathogen_or_aggregate_exposure","STR:enterohemorrhagic e. coli strain 8624",1,"GSM5529081",TRUE,"STR:enterohemorrhagic_e_coli_strain_8624","enterohemorrhagic e. coli strain 8624","STR_FALLBACK",FALSE
