"cluster_id","kind","mode","n_studies","agent_id_resolved","canonical_name","n_members","n_members_resolved","n_named_diseases","n_named_compounds","n_distinct_ids","distinct_id_sample","is_minestrone"
"group_L0_00aebbde","disease_vs_normal","group",2,"UNK",NA,75,75,2,0,2,"STR:gbm_iv|STR:gbm_tumor_tissue",TRUE
"group_L0_00b99ac7","disease_vs_normal","group",2,"UNK",NA,4,4,2,0,2,"MeSH:D010051|STR:ev_skov3",TRUE
"group_L0_0175e27c","disease_vs_normal","group",2,"UNK",NA,16,16,2,0,2,"STR:nontumor|STR:paracancerous_liver",TRUE
"group_L0_01b21b66","small_molecule","group",3,"UNK",NA,6,6,0,1,1,"STR:art_naive",FALSE
"group_L0_01ff7155","disease_vs_normal","group",2,"UNK",NA,11,11,0,0,0,"",FALSE
"group_L0_02b23ff1","small_molecule","group",2,"UNK",NA,13,13,0,1,1,"STR:s217879",FALSE
"group_L0_032f5f53","small_molecule","group",2,"CHEBI:42068","idarubicin",18,18,0,0,0,"",FALSE
"group_L0_034a1ad5","pathogen_or_aggregate_exposure","group",2,"UNK",NA,3,3,0,0,0,"",FALSE
"group_L0_0360c625","small_molecule","group",2,"UNK",NA,10,10,0,1,1,"STR:immunosuppressive_therapy",FALSE
"group_L0_036bccb9","disease_vs_normal","group",4,"UNK",NA,170,170,2,0,2,"MeSH:D003424|STR:chrohn_s_disease",TRUE
"group_L0_03830837","disease_vs_normal","group",2,"UNK",NA,10,10,0,0,0,"",FALSE
"group_L0_03989165","disease_vs_normal","group",2,"UNK",NA,16,16,0,0,0,"",FALSE
"group_L0_03a22c7a","small_molecule","group",2,"CHEBI:45783","imatinib",28,28,0,0,0,"",FALSE
"group_L0_03a4c25d","disease_vs_normal","group",4,"UNK",NA,16,16,4,0,4,"STR:adult_mixed_phenotype_acute_leukemia|STR:aml|STR:aml_m2|STR:cmml",TRUE
"group_L0_041593e6","disease_vs_normal","group",2,"UNK",NA,5,5,0,0,0,"",FALSE
"group_L0_042f26b2","disease_vs_normal","group",2,"UNK",NA,16,16,2,0,2,"STR:crohn_s_disease_cd_or_ulcerative_colitis_uc|STR:ibd",TRUE
"group_L0_044760be","disease_vs_normal","group",2,"UNK",NA,66,66,1,0,1,"STR:endometrioid_endometrial_cancer",FALSE
"group_L0_048bc5b1","small_molecule","group",2,"UNK",NA,3,3,0,1,1,"STR:almonertinib",FALSE
"group_L0_049f6242","disease_vs_normal","group",3,"UNK",NA,76,76,2,0,2,"MeSH:D006519|STR:alcohol_related_cirrhosis",TRUE
"group_L0_04a0706b","small_molecule","group",7,"UNK",NA,10,10,0,2,2,"CHEBI:16480|STR:k7174",TRUE
"group_L0_04ccbc2d","small_molecule","group",2,"CHEBI:50284","lavandulyl diphosphate",2,2,0,0,0,"",FALSE
"group_L0_0504bd0f","disease_vs_normal","group",2,"UNK",NA,17,17,2,0,2,"STR:adenocarcinoma|STR:non_small_cell_lung_cancer_nsclc",TRUE
"group_L0_051eb351","small_molecule","group",3,"CHEBI:85993","palbociclib",6,6,0,2,2,"CHEBI:85993|STR:palbocicilib_indisulam",TRUE
"group_L0_052fa86c","small_molecule","group",2,"UNK",NA,4,4,0,2,2,"STR:phi29_dna_ploymerance_i_extension_enzyme|STR:vpa_aso1",TRUE
"group_L0_05d3ab45","disease_vs_normal","group",2,"UNK",NA,11,11,3,0,3,"STR:cd44high|STR:cd44low|STR:vehicle_dmso",TRUE
"group_L0_05dac795","disease_vs_normal","group",2,"UNK",NA,1,1,1,0,1,"STR:nasopharyngeal_carcinoma_biopsy",FALSE
"group_L0_074fcbae","disease_vs_normal","group",2,"UNK",NA,5,5,2,0,2,"STR:myxofibrosarcoma|STR:patient_with_severe_pre_eclampsia",TRUE
"group_L0_08dc7d81","small_molecule","group",2,"UNK",NA,5,5,0,1,1,"STR:drug_treated",FALSE
"group_L0_09015fc7","disease_vs_normal","group",10,"MeSH:D001943","Breast Neoplasms",19,19,2,0,2,"STR:breast_cancer_cells|STR:human_breast_cancer_cells",TRUE
"group_L0_0a402512","disease_vs_normal","group",2,"UNK",NA,5,5,1,0,1,"STR:breast_cancer_cells",FALSE
"group_L0_0a6aaa81","disease_vs_normal","group",3,"UNK",NA,84,84,1,0,1,"MeSH:D015470",FALSE
"group_L0_0a855b51","disease_vs_normal","group",2,"UNK",NA,18,18,1,0,1,"MeSH:D011471",FALSE
"group_L0_0b02926f","small_molecule","group",2,"UNK",NA,5,5,0,0,0,"",FALSE
"group_L0_0b36e866","disease_vs_normal","group",2,"UNK",NA,9,9,1,0,1,"STR:osteosarcoma",FALSE
"group_L0_0b493c89","disease_vs_normal","group",2,"UNK",NA,2,2,1,0,1,"MeSH:D044584",FALSE
"group_L0_0b560a9a","disease_vs_normal","group",2,"UNK",NA,7,7,0,0,0,"",FALSE
"group_L0_0be4d7eb","small_molecule","group",2,"CHEBI:5091","flecainide acetate",14,14,0,0,0,"",FALSE
"group_L0_0c316b6d","disease_vs_normal","group",4,"UNK",NA,7,7,2,0,2,"MeSH:D011471|STR:prostate_tumor",TRUE
"group_L0_0c31e3bb","disease_vs_normal","group",2,"UNK",NA,4,4,1,0,1,"STR:r1ad1_human_prostate_tumor_cell_line",FALSE
"group_L0_0c44d4e6","disease_vs_normal","group",2,"UNK",NA,6,6,2,0,2,"MeSH:D001254|STR:glioblastoma",TRUE
"group_L0_0c9ae6eb","disease_vs_normal","group",3,"UNK",NA,96,96,6,0,6,"MeSH:D013274|STR:diffuse|STR:intestinal|STR:intestinal_type|STR:mixed",TRUE
"group_L0_0ccefebc","small_molecule","group",2,"UNK",NA,9,9,0,2,2,"STR:bpn_15477_treated|STR:sag_treated",TRUE
"group_L0_0cd68565","small_molecule","group",2,"CHEBI:2549","albuterol",14,14,0,1,1,"CHEBI:2549",FALSE
"group_L0_0dca8284","disease_vs_normal","group",2,"UNK",NA,4,4,2,0,2,"MeSH:D000077192|STR:h3122_lung_cancer_cell_line",TRUE
"group_L0_0e842031","disease_vs_normal","group",7,"UNK",NA,18,18,3,0,3,"STR:panc_1_human_pancreatic_cancer_cell_line|STR:pancreas_cancer_derived_cell_line|STR:pancreatic_cancer_cell",TRUE
"group_L0_0e8ad7c3","disease_vs_normal","group",2,"UNK",NA,21,21,2,0,2,"MeSH:D010051|STR:ovarian_clear_cell_carcinoma_with_concurrent_endometriosis",TRUE
"group_L0_0fe4f43a","disease_vs_normal","group",2,"UNK",NA,16,16,2,0,2,"STR:patient_with_untreated_lesional_psoriasis|STR:psoriasis_patient_treated_with_ustekinumab",TRUE
"group_L0_10297be0","pathogen_or_aggregate_exposure","group",5,"UNK",NA,539,539,0,1,1,"STR:covid_positive",FALSE
"group_L0_104c985a","small_molecule","group",2,"UNK",NA,5,5,0,2,2,"CHEBI:15702|STR:pma_induction",TRUE
"group_L0_1075f742","disease_vs_normal","group",3,"UNK",NA,25,25,1,0,1,"STR:diseased",FALSE
"group_L0_111ee416","disease_vs_normal","group",2,"UNK",NA,100,100,1,0,1,"STR:primary_ovarian_tumor_tissue",FALSE
"group_L0_11ca7e57","disease_vs_normal","group",2,"UNK",NA,3,3,1,0,1,"STR:primary_colon_cancer_cell",FALSE
"group_L0_120ff440","disease_vs_normal","group",3,"UNK",NA,42,42,2,0,2,"MeSH:D015451|STR:primary_sjogren_s_syndrome",TRUE
"group_L0_1246e28e","disease_vs_normal","group",2,"UNK",NA,3,3,1,0,1,"STR:human_breast_cancer_cell",FALSE
"group_L0_1283f8b3","pathogen_or_aggregate_exposure","group",2,"UNK",NA,7,7,0,0,0,"",FALSE
"group_L0_12c55f7f","disease_vs_normal","group",2,"UNK",NA,22,22,7,0,7,"MeSH:D003882|STR:ad|STR:ftd|STR:mdd|STR:ms",TRUE
"group_L0_12c5db35","disease_vs_normal","group",2,"UNK",NA,88,88,0,0,0,"",FALSE
"group_L0_12ea3ec0","disease_vs_normal","group",2,"UNK",NA,5,5,0,0,0,"",FALSE
"group_L0_1363b842","small_molecule","group",3,"UNK",NA,17,17,0,4,4,"CHEBI:28694|CHEBI:33348|CHEBI:33364|STR:nsi_treatment",TRUE
"group_L0_13c830c1","disease_vs_normal","group",2,"UNK",NA,18,18,1,0,1,"STR:pancreatic_ductal_adenocarcinoma",FALSE
"group_L0_13ea76ad","disease_vs_normal","group",2,"UNK",NA,4,4,0,0,0,"",FALSE
"group_L0_14081c38","disease_vs_normal","group",2,"UNK",NA,2,2,2,0,2,"MeSH:D001749|STR:bladder_cancer_cell",TRUE
"group_L0_14084fdc","disease_vs_normal","group",2,"UNK",NA,4,4,0,0,0,"",FALSE
"group_L0_147d2c4b","disease_vs_normal","group",25,"UNK",NA,445,445,12,0,12,"MeSH:D001172|STR:cf|STR:iris|STR:leprosy_progressor|STR:ltbi",TRUE
"group_L0_149751ee","disease_vs_normal","group",2,"UNK",NA,20,20,2,0,2,"MeSH:D013274|STR:patient_data",TRUE
"group_L0_14b8bf5b","pathogen_or_aggregate_exposure","group",2,"STR:hepatitis b virus","Hepatitis B virus",7,7,0,0,0,"",FALSE
"group_L0_14e5c60b","disease_vs_normal","group",3,"UNK",NA,6,6,1,0,1,"STR:human_triple_negative_breast_cancer",FALSE
"group_L0_15137e39","small_molecule","group",2,"CHEBI:50756","acridone",2,2,0,1,1,"CHEBI:50924",FALSE
"group_L0_156638b2","disease_vs_normal","group",2,"UNK",NA,2,2,2,0,2,"MeSH:D010190|STR:patient_derived_pdac",TRUE
"group_L0_1569ebd1","disease_vs_normal","group",2,"UNK",NA,4,4,1,0,1,"STR:breast_cancer_cell_line",FALSE
"group_L0_15c1cbad","small_molecule","group",2,"CHEBI:91435","linifanib",3,3,0,1,1,"CHEBI:91435",FALSE
"group_L0_15c53bf7","small_molecule","group",2,"UNK",NA,15,15,0,1,1,"STR:tnflt_treatment",FALSE
"group_L0_15e1435c","disease_vs_normal","group",10,"UNK",NA,14,14,4,0,4,"STR:hepatocellular_carcinoma_cell|STR:human_hepatocellular_carcinoma_cells|STR:liver_cancer_cells|STR:liver_carcinoma_cells",TRUE
"group_L0_168709a7","disease_vs_normal","group",2,"UNK",NA,5,5,1,0,1,"MeSH:D010190",FALSE
"group_L0_16b541ef","disease_vs_normal","group",4,"UNK",NA,123,123,3,0,3,"STR:diabetic|STR:lesional|STR:ssc_patient",TRUE
"group_L0_17233541","small_molecule","group",7,"UNK",NA,30,30,0,7,7,"CHEBI:16330|CHEBI:50113|STR:androgen_and_cpi455_treated|STR:androgen_and_enzalutamide|STR:androgen_and_imtppe",TRUE
"group_L0_172d39ef","small_molecule","group",2,"CHEBI:75597","dT<small><sub>8</sub></small>",10,10,0,0,0,"",FALSE
"group_L0_176ffe6d","disease_vs_normal","group",2,"UNK",NA,2,2,1,0,1,"STR:tnbc",FALSE
"group_L0_17790a71","disease_vs_normal","group",2,"UNK",NA,2,2,2,0,2,"MeSH:D010190|STR:patient_derived_pdac",TRUE
"group_L0_17ab12ba","pathogen_or_aggregate_exposure","group",2,"UNK",NA,103,103,0,0,0,"",FALSE
"group_L0_17c085f2","disease_vs_normal","group",6,"UNK",NA,13,13,2,0,2,"MeSH:D001943|MeSH:D064726",TRUE
"group_L0_18b0dca5","disease_vs_normal","group",2,"UNK",NA,30,30,2,0,2,"STR:liver|STR:tumor_totalrna",TRUE
"group_L0_18cb4075","disease_vs_normal","group",2,"UNK",NA,5,5,1,0,1,"MeSH:D011471",FALSE
"group_L0_1950749d","disease_vs_normal","group",9,"UNK",NA,207,207,7,0,7,"MeSH:D006863|MeSH:D008175|STR:fd|STR:idiopathic_pulmonary_fibrosis|STR:ipf",TRUE
"group_L0_19b88272","disease_vs_normal","group",2,"UNK",NA,6,6,2,0,2,"STR:brm|STR:lung_cancer_cell_line",TRUE
"group_L0_19bbf4c8","small_molecule","group",2,"CHEBI:123456","N-ethyl-2-[(2R,3R,6S)-3-[(4-fluorophenyl)sulfonylamino]-2-(hydroxymethyl)-3,6-dihydro-2H-pyran-6-yl]acetamide",4,4,0,3,3,"CHEBI:39112|CHEBI:90217|STR:cobimetinib_gdc_0973",TRUE
"group_L0_1a9b840d","disease_vs_normal","group",2,"UNK",NA,10,10,1,0,1,"MeSH:D009369",FALSE
"group_L0_1aa47912","disease_vs_normal","group",11,"UNK",NA,162,162,8,0,8,"MeSH:D003424|MeSH:D015179|STR:cd|STR:crohn_s_disease|STR:mucinous_cancer",TRUE
"group_L0_1ab5e10c","disease_vs_normal","group",6,"UNK",NA,260,260,3,0,3,"STR:sepsis|STR:uc|STR:zcchc8",TRUE
"group_L0_1b12c7ff","small_molecule","group",2,"UNK",NA,4,4,0,1,1,"STR:mbp",FALSE
"group_L0_1b3b403c","small_molecule","group",2,"UNK",NA,3,3,0,2,2,"CHEBI:16830|STR:tetra_pt_bpy_treated",TRUE
"group_L0_1b5c5b9b","disease_vs_normal","group",3,"UNK",NA,13,13,1,0,1,"STR:adult_onset_still_s_disease_aosd",FALSE
"group_L0_1b68ab56","disease_vs_normal","group",2,"UNK",NA,2,2,1,0,1,"STR:cf",FALSE
"group_L0_1b750cd4","small_molecule","group",3,"UNK",NA,5,5,0,2,2,"CHEBI:231342|STR:azd6738_ir",TRUE
"group_L0_1bf0bc81","disease_vs_normal","group",2,"UNK",NA,2,2,1,0,1,"STR:colon_cancer_organoids",FALSE
"group_L0_1c2d1cdc","disease_vs_normal","group",4,"UNK",NA,24,24,1,0,1,"STR:breast_cancer_cell_line",FALSE
"group_L0_1c493fc3","disease_vs_normal","group",2,"UNK",NA,6,6,1,0,1,"MeSH:D064726",FALSE
"group_L0_1c72fc74","disease_vs_normal","group",4,"UNK",NA,327,327,2,0,2,"STR:multiple_sclerosis|STR:noncancer",TRUE
"group_L0_1c921f8c","disease_vs_normal","group",2,"UNK",NA,9,9,1,0,1,"STR:human_sclc",FALSE
"group_L0_1d2cace4","disease_vs_normal","group",2,"UNK",NA,3,3,1,0,1,"STR:prostate_tumor",FALSE
"group_L0_1d53c938","disease_vs_normal","group",2,"UNK",NA,4,4,2,0,2,"STR:asthmatic_patients|STR:sle_without_ln",TRUE
"group_L0_1d81f832","disease_vs_normal","group",2,"UNK",NA,4,4,1,0,1,"STR:high_grade_serous_ovarian_cancer",FALSE
"group_L0_1d954ca5","disease_vs_normal","group",6,"UNK",NA,1976,1976,36,0,36,"MeSH:D000789|MeSH:D001943|MeSH:D002292|MeSH:D004938|MeSH:D006258",TRUE
"group_L0_1db46f09","pathogen_or_aggregate_exposure","group",2,"STR:tuberculosis","Tuberculosis",42,42,0,0,0,"",FALSE
"group_L0_1e02889f","disease_vs_normal","group",2,"UNK",NA,3,3,1,0,1,"STR:relative_hc",FALSE
"group_L0_1e633467","disease_vs_normal","group",3,"UNK",NA,5,5,2,0,2,"MeSH:D010190|STR:pancreatic_cancer_cell_lines",TRUE
"group_L0_1f308967","disease_vs_normal","group",4,"UNK",NA,195,195,7,0,7,"MeSH:D006521|STR:advanced_hcc|STR:biliary_atresia|STR:dysplastic_nodule|STR:early_hcc",TRUE
"group_L0_1f63eefc","small_molecule","group",2,"CHEBI:8378","prednisolone",10,10,0,0,0,"",FALSE
"group_L0_1fdc20a7","disease_vs_normal","group",2,"UNK",NA,9,9,2,0,2,"STR:pcos_myotubes|STR:pcos_noeps_null",TRUE
"group_L0_1fe1a533","pathogen_or_aggregate_exposure","group",2,"MeSH:D061986","MCF-7 Cells",11,11,0,1,1,"STR:stimulated_16_hours_with_mcf7_tumors",FALSE
"group_L0_206d38e0","pathogen_or_aggregate_exposure","group",3,"UNK",NA,172,172,0,0,0,"",FALSE
"group_L0_207bddbd","disease_vs_normal","group",2,"UNK",NA,86,86,0,0,0,"",FALSE
"group_L0_2081fa84","disease_vs_normal","group",5,"UNK",NA,177,177,7,0,7,"STR:als|STR:fshd|STR:myositis_as|STR:myositis_dm|STR:myositis_ibm",TRUE
"group_L0_20bc9277","disease_vs_normal","group",2,"UNK",NA,4,4,0,0,0,"",FALSE
"group_L0_2103c328","disease_vs_normal","group",5,"UNK",NA,12,12,4,0,4,"MeSH:D010051|STR:ovarian_adenocarcinoma|STR:ovarian_cancer_cells|STR:skov3_ovarian_cancer_cell_line",TRUE
"group_L0_213467ee","small_molecule","group",2,"CHEBI:134210","(<i>R</i>)-laudanosine(1+)",4,4,0,3,3,"CHEBI:135945|CHEBI:90531|STR:icotinib",TRUE
"group_L0_21474db4","disease_vs_normal","group",2,"UNK",NA,5,5,0,0,0,"",FALSE
"group_L0_2196544e","pathogen_or_aggregate_exposure","group",5,"UNK",NA,47,47,0,0,0,"",FALSE
"group_L0_21f92fc8","disease_vs_normal","group",2,"UNK",NA,5,5,1,0,1,"STR:t24_bladder_cancer_cell_line",FALSE
"group_L0_220e25a2","pathogen_or_aggregate_exposure","group",2,"STR:malaria","Malaria",74,74,0,0,0,"",FALSE
"group_L0_225eb192","pathogen_or_aggregate_exposure","group",2,"UNK",NA,12,12,0,4,4,"STR:hcov_nl63_infected|STR:sars_cov_2_alpha_variant_infected|STR:sars_cov_2_beta_variant_infected|STR:sars_cov_2_delta_variant_infected",TRUE
"group_L0_226b2d2b","small_molecule","group",2,"UNK",NA,4,4,0,1,1,"STR:bio",FALSE
"group_L0_226ba3eb","small_molecule","group",2,"UNK",NA,4,4,0,2,2,"CHEBI:15971|STR:treated_with_ava_adr_001_for_24_h",TRUE
"group_L0_22b0684a","small_molecule","group",3,"MeSH:D011384","Proinsulin",80,80,0,0,0,"",FALSE
"group_L0_22f2a00f","disease_vs_normal","group",2,"UNK",NA,6,6,1,0,1,"STR:human_lung_cancer",FALSE
"group_L0_23023805","disease_vs_normal","group",3,"UNK",NA,45,45,2,0,2,"STR:melanoma|STR:mycosis_fungoides",TRUE
"group_L0_235a0005","small_molecule","group",3,"UNK",NA,9,9,0,4,4,"STR:anti_hsp60n_h2o2|STR:dex|STR:fmf_04_159_2|STR:sh5_54",TRUE
"group_L0_2395908f","disease_vs_normal","group",2,"UNK",NA,22,22,1,0,1,"STR:ms",FALSE
"group_L0_23c4b6bb","small_molecule","group",2,"UNK",NA,2,2,0,0,0,"",FALSE
"group_L0_24688f4b","disease_vs_normal","group",3,"UNK",NA,3,3,0,0,0,"",FALSE
"group_L0_2522e49b","small_molecule","group",2,"CHEBI:50756","acridone",2,2,0,1,1,"CHEBI:49603",FALSE
"group_L0_261ba622","small_molecule","group",3,"CHEBI:17120","hexanoate",6,6,0,1,1,"STR:lps_exposed_for_24_hours",FALSE
"group_L0_2627675e","disease_vs_normal","group",2,"UNK",NA,57,57,3,0,3,"STR:gbm|STR:primary|STR:recurrent",TRUE
"group_L0_2699678d","disease_vs_normal","group",2,"UNK",NA,29,29,0,0,0,"",FALSE
"group_L0_26b91397","small_molecule","group",2,"UNK",NA,12,12,0,3,3,"CHEBI:379896|STR:r1881_copa|STR:r1881_daro",TRUE
"group_L0_27dbc06f","disease_vs_normal","group",4,"UNK",NA,9,9,2,0,2,"STR:breast_cancer_cell_line|STR:bt_474_breast_cancer_cell_line",TRUE
"group_L0_28071f1d","disease_vs_normal","group",4,"MeSH:D011273","Pregnancy, Prolonged",11,11,3,0,3,"MeSH:D011471|STR:prostate_cancer_cell_lncap|STR:prostate_cancer_cells",TRUE
"group_L0_280dba82","small_molecule","group",2,"UNK",NA,5,5,0,1,1,"STR:e2_ifng_24h",FALSE
"group_L0_2842da59","disease_vs_normal","group",2,"UNK",NA,4,4,0,0,0,"",FALSE
"group_L0_2857834c","disease_vs_normal","group",3,"MeSH:D001943","Breast Neoplasms",5,5,0,0,0,"",FALSE
"group_L0_2861dbca","pathogen_or_aggregate_exposure","group",2,"UNK",NA,9,9,0,1,1,"STR:sars_cov_2",FALSE
"group_L0_286b7009","small_molecule","group",3,"UNK",NA,44,44,0,0,0,"",FALSE
"group_L0_28db4e13","small_molecule","group",2,"CHEBI:5070","flavanone",2,2,0,1,1,"CHEBI:49375",FALSE
"group_L0_28dfbaf5","pathogen_or_aggregate_exposure","group",2,"UNK",NA,33,33,0,0,0,"",FALSE
"group_L0_29418e09","disease_vs_normal","group",2,"UNK",NA,31,31,1,0,1,"STR:osteoarthritis",FALSE
"group_L0_294c0fb3","disease_vs_normal","group",3,"UNK",NA,6,6,2,0,2,"STR:colorectal_adenocarcinoma|STR:human_colon_cancer_cells_sw480",TRUE
"group_L0_297d74c1","disease_vs_normal","group",2,"UNK",NA,21,21,1,0,1,"STR:non_tumor",FALSE
"group_L0_29bf658c","small_molecule","group",2,"UNK",NA,5,5,0,2,2,"CHEBI:124921|CHEBI:232613",TRUE
"group_L0_2a17fb46","small_molecule","group",2,"MeSH:D000988","Antispermatogenic Agents",9,9,0,0,0,"",FALSE
"group_L0_2a34d255","disease_vs_normal","group",2,"UNK",NA,3,3,0,0,0,"",FALSE
"group_L0_2a789c43","disease_vs_normal","group",2,"UNK",NA,4,4,0,0,0,"",FALSE
"group_L0_2a8ef938","disease_vs_normal","group",3,"UNK",NA,343,343,1,0,1,"MeSH:D003424",FALSE
"group_L0_2b10e727","small_molecule","group",2,"CHEBI:5070","flavanone",2,2,0,1,1,"CHEBI:49668",FALSE
"group_L0_2bbf399e","disease_vs_normal","group",3,"UNK",NA,38,38,4,0,4,"STR:cd_active|STR:cd_inactive|STR:uc_active|STR:uc_inactive",TRUE
"group_L0_2bd5f155","disease_vs_normal","group",2,"UNK",NA,2,2,0,0,0,"",FALSE
"group_L0_2be61636","disease_vs_normal","group",2,"UNK",NA,6,6,1,0,1,"STR:breast_cancer_cells",FALSE
"group_L0_2c3c0a72","small_molecule","group",2,"UNK",NA,56,56,0,0,0,"",FALSE
"group_L0_2cd9ee91","small_molecule","group",2,"UNK",NA,27,27,0,5,5,"STR:cells_grown_in_a_q_depleted_medium_for_18h_followed_by_cycloheximid_and_tryptolide_treatment_for_5_hours|STR:cells_grown_in_a_q_depleted_medium_for_18h_followed_by_tryptolide_treatment_for_5_hours|STR:mapk_inhibitors_followed_by_cycloheximid_and_tryptolide_treatment_for_5_hours|STR:mapk_inhibitors_followed_by_cycloheximid_treatment_for_5_hours|STR:mapk_inhibitors_followed_by_tryptolide_treatment_for_5_hours",TRUE
"group_L0_2d024f74","disease_vs_normal","group",2,"UNK",NA,31,31,0,0,0,"",FALSE
"group_L0_2d2597c8","disease_vs_normal","group",5,"MeSH:D006559","Pemphigoid Gestationis",6,6,0,0,0,"",FALSE
"group_L0_2d3773a5","pathogen_or_aggregate_exposure","group",2,"STR:tuberculosis","Tuberculosis",13,13,0,0,0,"",FALSE
"group_L0_2d451ea6","small_molecule","group",3,"UNK",NA,7,7,0,5,5,"CHEBI:230500|HGNC:GNL3|STR:l_lu_102|STR:thz1_cart|STR:thz1_ifngamma",TRUE
"group_L0_2d4881f3","disease_vs_normal","group",7,"UNK",NA,52,52,4,0,4,"MeSH:D047928|STR:early_onset_preeclampsia|STR:lupus|STR:placenta_accreta_spectrum_samples_pa",TRUE
"group_L0_2dbfcdd5","pathogen_or_aggregate_exposure","group",2,"STR:candidemia","Candidemia",2,2,0,0,0,"",FALSE
"group_L0_2dde7423","small_molecule","group",2,"UNK",NA,13,13,0,2,2,"STR:redact_co|STR:redact_tr",TRUE
"group_L0_2e8137cc","small_molecule","group",2,"CHEBI:27666","actinomycin D",2,2,0,2,2,"HGNC:IGF2BP2|HGNC:UPF1",TRUE
"group_L0_2f08e3d8","disease_vs_normal","group",2,"UNK",NA,5,5,1,0,1,"STR:idiopathic_pulmonary_fibrosis_ipf",FALSE
"group_L0_2fa4d948","disease_vs_normal","group",3,"UNK",NA,9,9,0,0,0,"",FALSE
"group_L0_2fac05bc","disease_vs_normal","group",2,"UNK",NA,2,2,0,0,0,"",FALSE
"group_L0_2feedeb1","small_molecule","group",2,"CHEBI:72317","cabozantinib",2,2,0,1,1,"CHEBI:72317",FALSE
"group_L0_3038faec","disease_vs_normal","group",2,"UNK",NA,25,25,1,0,1,"STR:sezary_syndrome",FALSE
"group_L0_30587bb6","disease_vs_normal","group",5,"UNK",NA,9,9,2,0,2,"MeSH:D008175|STR:non_small_cell_lung_adenocarcinoma",TRUE
"group_L0_305baaff","disease_vs_normal","group",2,"UNK",NA,14,14,0,0,0,"",FALSE
"group_L0_30698cd2","disease_vs_normal","group",2,"UNK",NA,3,3,1,0,1,"STR:neovascular",FALSE
"group_L0_30b6f9fd","small_molecule","group",2,"UNK",NA,6,6,0,2,2,"STR:osimertinib_resistance|STR:s100a9_inh",TRUE
"group_L0_30b977e5","small_molecule","group",2,"CHEBI:133920","<em>N</em>-hydroxy-PhIP",2,2,0,1,1,"STR:treated_for_48_hours_with_10_um_ag1478",FALSE
"group_L0_30ec67dc","disease_vs_normal","group",7,"UNK",NA,87,87,4,0,4,"STR:multi_vessel_coronary_artery_disease|STR:patients_with_osteoporosis_diagnosed|STR:schizophrenia|STR:t2d_case",TRUE
"group_L0_31459f51","disease_vs_normal","group",2,"UNK",NA,7,7,1,0,1,"MeSH:D054218",FALSE
"group_L0_31924f53","disease_vs_normal","group",4,"UNK",NA,87,87,2,0,2,"STR:hc|STR:without_osteoporosis",TRUE
"group_L0_31fffbec","disease_vs_normal","group",2,"UNK",NA,80,80,2,0,2,"STR:hfref|STR:nf",TRUE
"group_L0_3210af2d","small_molecule","group",4,"UNK",NA,13,13,0,7,7,"STR:apoevs_apoptosis_induced_by_staurosporine|STR:combination|STR:cqwin1_pm2_5|STR:cqwin2_pm2_5|STR:cqwin3_pm2_5",TRUE
"group_L0_32e6f695","disease_vs_normal","group",2,"UNK",NA,79,79,0,0,0,"",FALSE
"group_L0_33024ed4","disease_vs_normal","group",4,"UNK",NA,52,52,0,0,0,"",FALSE
"group_L0_33305129","disease_vs_normal","group",2,"UNK",NA,51,51,1,0,1,"STR:pbmc",FALSE
"group_L0_33bd50c4","small_molecule","group",3,"CHEBI:17120","hexanoate",3,3,0,0,0,"",FALSE
"group_L0_3420c8a1","disease_vs_normal","group",2,"UNK",NA,10,10,1,0,1,"STR:aml",FALSE
"group_L0_343386dd","disease_vs_normal","group",3,"UNK",NA,9,9,0,0,0,"",FALSE
"group_L0_3496c74b","small_molecule","group",3,"UNK",NA,7,7,0,2,2,"STR:ib|STR:nrx",TRUE
"group_L0_351930a7","disease_vs_normal","group",5,"UNK",NA,46,46,2,0,2,"MeSH:D015464|STR:lowry_wood_syndrome",TRUE
"group_L0_35520fbe","disease_vs_normal","group",2,"UNK",NA,6,6,2,0,2,"STR:breast_cancer_cells|STR:triple_negative",TRUE
"group_L0_35a50f92","small_molecule","group",2,"UNK",NA,6,6,0,2,2,"STR:asa_24_hrs|STR:vitamin_d_24_hrs",TRUE
"group_L0_36034aef","small_molecule","group",3,"UNK",NA,7,7,0,1,1,"CHEBI:9505",FALSE
"group_L0_36048ecd","small_molecule","group",2,"CHEBI:50756","acridone",3,3,0,1,1,"CHEBI:50924",FALSE
"group_L0_374c8231","disease_vs_normal","group",2,"UNK",NA,10,10,1,0,1,"STR:colon_cancer_cell_line",FALSE
"group_L0_377ce250","disease_vs_normal","group",9,"UNK",NA,156,156,5,0,5,"STR:3|STR:4|STR:gbm|STR:medulloblastoma|STR:multiple_sclerosis",TRUE
"group_L0_37833e5e","disease_vs_normal","group",2,"UNK",NA,36,36,1,0,1,"MeSH:D054218",FALSE
"group_L0_37934a4c","disease_vs_normal","group",2,"UNK",NA,24,24,0,0,0,"",FALSE
"group_L0_37a7cfb6","disease_vs_normal","group",2,"UNK",NA,2,2,1,0,1,"STR:bladder_cancer_tissue",FALSE
"group_L0_37d3cee5","disease_vs_normal","group",2,"UNK",NA,7,7,0,0,0,"",FALSE
"group_L0_37fa91a4","disease_vs_normal","group",2,"UNK",NA,4,4,2,0,2,"STR:intestine_and_colon_tumor_pool_2_n_3_donors|STR:intestine_and_colon_tumor_tissue_biopsy",TRUE
"group_L0_37fac606","disease_vs_normal","group",4,"UNK",NA,26,26,2,0,2,"STR:brca|STR:estrogen_receptor_positive_er_breast_cancer",TRUE
"group_L0_3865d36b","disease_vs_normal","group",2,"UNK",NA,45,45,1,0,1,"STR:tumor_biopsy",FALSE
"group_L0_38c8624f","small_molecule","group",2,"UNK",NA,177,177,0,1,1,"STR:slit",FALSE
"group_L0_38e36317","disease_vs_normal","group",2,"UNK",NA,2,2,1,0,1,"STR:cholangiocarcinoma_cell_lines",FALSE
"group_L0_38ed8d61","disease_vs_normal","group",2,"UNK",NA,6,6,1,0,1,"STR:tumour",FALSE
"group_L0_38f833d3","pathogen_or_aggregate_exposure","group",2,"UNK",NA,23,23,0,1,1,"STR:mycobacterium_tuberculosis",FALSE
"group_L0_39469d0d","small_molecule","group",3,"UNK",NA,12,12,0,1,1,"STR:mycmi_7",FALSE
"group_L0_3970bd5f","small_molecule","group",4,"CHEBI:17120","hexanoate",6,6,0,2,2,"STR:il4_and_lps_co_exposed_for_24_hours|STR:lps_exposed_for_24_hours",TRUE
"group_L0_3a2a2d82","small_molecule","group",2,"CHEBI:88237","CDP-3,6-dideoxy-α-<small>D</small>-mannose",2,2,0,1,1,"CHEBI:61390",FALSE
"group_L0_3a6bd63e","disease_vs_normal","group",2,"UNK",NA,9,9,1,0,1,"STR:alps_fas",FALSE
"group_L0_3a96aa95","pathogen_or_aggregate_exposure","group",2,"MeSH:D015497","HIV-1",2,2,0,0,0,"",FALSE
"group_L0_3ad2ff66","disease_vs_normal","group",2,"UNK",NA,15,15,1,0,1,"STR:pc_3_prostate_cancer_cell_line",FALSE
"group_L0_3bae9ac7","disease_vs_normal","group",2,"UNK",NA,20,20,1,0,1,"STR:cancer_tissue",FALSE
"group_L0_3bc53f05","disease_vs_normal","group",2,"UNK",NA,9,9,1,0,1,"STR:ovarian_adenocarcinoma",FALSE
"group_L0_3c274613","disease_vs_normal","group",2,"UNK",NA,4,4,2,0,2,"STR:adenocarcinoma|STR:triple_negative_breast_carcinoma_from_pleural_effusion",TRUE
"group_L0_3c5c3a2d","disease_vs_normal","group",2,"UNK",NA,25,25,1,0,1,"STR:ffpe_melanoma_tumor",FALSE
"group_L0_3cab2096","small_molecule","group",6,"UNK",NA,22,22,0,8,8,"CHEBI:27847|STR:bleomycin_alpha_lipoic_acid|STR:bleomycin_curcumin|STR:bleomycin_nad|STR:bleomycin_nmn",TRUE
"group_L0_3d25abf2","pathogen_or_aggregate_exposure","group",2,"UNK",NA,12,12,0,0,0,"",FALSE
"group_L0_3da15abb","disease_vs_normal","group",3,"UNK",NA,3,3,0,0,0,"",FALSE
"group_L0_3dcc9424","small_molecule","group",2,"UNK",NA,6,6,0,2,2,"STR:treated_with_myr_for_24_hours|STR:treated_with_nc_for_24_hours",TRUE
"group_L0_3dd98c12","disease_vs_normal","group",2,"UNK",NA,6,6,1,0,1,"STR:lung_cancer_cell_line",FALSE
"group_L0_3e620402","disease_vs_normal","group",7,"UNK",NA,21,21,4,0,4,"MeSH:D001943|STR:breast_cancer_mcf7_cells|STR:er_breast_cancer|STR:mock_e2",TRUE
"group_L0_3e75e259","pathogen_or_aggregate_exposure","group",4,"UNK",NA,35,35,0,0,0,"",FALSE
"group_L0_3f205745","disease_vs_normal","group",8,"UNK",NA,61,61,7,0,7,"MeSH:D001943|MeSH:D009369|MeSH:D011471|STR:cll|STR:melanoma",TRUE
"group_L0_3f362541","disease_vs_normal","group",4,"UNK",NA,4,4,2,0,2,"STR:breast_cancer_cell_line|STR:mda_mb_468_breast_carcinoma_cell_line",TRUE
"group_L0_3f58e426","disease_vs_normal","group",3,"UNK",NA,5,5,2,0,2,"STR:aml|STR:mds",TRUE
"group_L0_3ff5061d","small_molecule","group",2,"CHEBI:63637","vemurafenib",13,13,0,0,0,"",FALSE
"group_L0_400a2867","disease_vs_normal","group",2,"UNK",NA,32,32,1,0,1,"STR:pancreatic_ductal_adenocarcinoma",FALSE
"group_L0_4011ce8e","disease_vs_normal","group",5,"UNK",NA,27,27,0,0,0,"",FALSE
"group_L0_4133fd2b","disease_vs_normal","group",2,"UNK",NA,3,3,2,0,2,"STR:adenocarcinoma|STR:epithelial_breast_cancer_cell_line_derived_from_metasatic_pleural_effusion",TRUE
"group_L0_4146efb4","disease_vs_normal","group",2,"UNK",NA,26,26,2,0,2,"STR:ctr|STR:tri12",TRUE
"group_L0_41860adf","small_molecule","group",2,"UNK",NA,4,4,0,2,2,"STR:c_cgi_1746|STR:mdm2_protac",TRUE
"group_L0_4191a6df","disease_vs_normal","group",2,"UNK",NA,7,7,0,0,0,"",FALSE
"group_L0_42297683","disease_vs_normal","group",3,"UNK",NA,19,19,2,0,2,"MeSH:D008175|STR:tumor_lung",TRUE
"group_L0_42650819","pathogen_or_aggregate_exposure","group",2,"STR:candida/bacterial","Candida/bacterial",2,2,0,0,0,"",FALSE
"group_L0_42c91464","small_molecule","group",2,"CHEBI:123456","N-ethyl-2-[(2R,3R,6S)-3-[(4-fluorophenyl)sulfonylamino]-2-(hydroxymethyl)-3,6-dihydro-2H-pyran-6-yl]acetamide",3,3,0,2,2,"CHEBI:90943|STR:tivantinib",TRUE
"group_L0_4338d806","small_molecule","group",2,"CHEBI:85993","palbociclib",6,6,0,2,2,"CHEBI:85993|STR:palbocicilib_indisulam",TRUE
"group_L0_433c8dd7","disease_vs_normal","group",5,"UNK",NA,8,8,3,0,3,"MeSH:D002289|MeSH:D008175|STR:lung_cancer_cells",TRUE
"group_L0_43a476b6","disease_vs_normal","group",2,"UNK",NA,8,8,2,0,2,"MeSH:D010634|STR:her2_enriched",TRUE
"group_L0_43a69151","disease_vs_normal","group",2,"UNK",NA,2,2,2,0,2,"STR:breast_cancer_cells|STR:metastatic_carcinoma",TRUE
"group_L0_43aa08a2","disease_vs_normal","group",12,"UNK",NA,180,180,7,0,7,"MeSH:D000544|MeSH:D006816|MeSH:D009369|STR:autism_spectrum_disorder|STR:meningioma_tumor",TRUE
"group_L0_43bd0df9","pathogen_or_aggregate_exposure","group",2,"UNK",NA,10,10,0,0,0,"",FALSE
"group_L0_441521b3","small_molecule","group",2,"MeSH:D000989","Antistreptolysin",8,8,0,0,0,"",FALSE
"group_L0_4418cd7a","pathogen_or_aggregate_exposure","group",2,"STR:hepatitis b virus","Hepatitis B virus",8,8,0,1,1,"STR:tlr7_cm",FALSE
"group_L0_44542228","disease_vs_normal","group",3,"UNK",NA,89,89,1,0,1,"STR:severe_preeclampsia",FALSE
"group_L0_44bc7bb1","disease_vs_normal","group",11,"UNK",NA,58,58,11,0,11,"MeSH:D008113|MeSH:D013274|STR:adult_cholestatic_liver_disease|STR:benign_pancreatic_lesion|STR:biliary_atresia",TRUE
"group_L0_453fa094","small_molecule","group",2,"CHEBI:45783","imatinib",2,2,0,1,1,"CHEBI:45783",FALSE
"group_L0_45dc77d7","disease_vs_normal","group",2,"UNK",NA,19,19,3,0,3,"STR:patient_with_hemorrhagic_transformation_after_acute_ischemic_stroke|STR:patient_without_hemorrhagic_transformation_after_acute_ischemic_stroke|STR:symptomatic",TRUE
"group_L0_45e480c2","disease_vs_normal","group",2,"UNK",NA,3,3,1,0,1,"STR:jmml_other_mutated",FALSE
"group_L0_45ff18ce","small_molecule","group",2,"CHEBI:35285","iminium betaine",2,2,0,1,1,"STR:5_aza_cdr",FALSE
"group_L0_46310c0e","disease_vs_normal","group",2,"UNK",NA,4,4,1,0,1,"MeSH:D002294",FALSE
"group_L0_46cbe480","disease_vs_normal","group",2,"UNK",NA,11,11,0,0,0,"",FALSE
"group_L0_46dc4822","disease_vs_normal","group",4,"UNK",NA,24,24,1,0,1,"STR:primary_colon_cancer_cell",FALSE
"group_L0_47111370","disease_vs_normal","group",4,"UNK",NA,116,116,3,0,3,"STR:bladder_transitional_cell_carcinoma|STR:ffpe_bladder_tumor_block|STR:fresh_frozen_bladder_tumor",TRUE
"group_L0_471ef341","small_molecule","group",5,"UNK",NA,20,20,0,4,4,"CHEBI:73907|STR:gii|STR:mst1_2_inhibitor|STR:sr2211",TRUE
"group_L0_472551ba","disease_vs_normal","group",2,"UNK",NA,4,4,1,0,1,"STR:lncap_atcc_crl_1740_human_prostate_tumor_cell_line",FALSE
"group_L0_49124493","disease_vs_normal","group",2,"UNK",NA,49,49,3,0,3,"MeSH:D009062|STR:oscc|STR:premalignant_lesions",TRUE
"group_L0_49d2d374","disease_vs_normal","group",2,"UNK",NA,34,34,1,0,1,"STR:melanoma_tumour",FALSE
"group_L0_49f9588e","disease_vs_normal","group",3,"UNK",NA,5,5,1,0,1,"MeSH:D002292",FALSE
"group_L0_4a1f0aae","disease_vs_normal","group",8,"UNK",NA,136,136,9,0,9,"MeSH:D008175|MeSH:D015179|STR:colorectal_cancer_patient|STR:ductal_carcinoma|STR:esophagus_cancer_patient",TRUE
"group_L0_4a3b2891","disease_vs_normal","group",2,"UNK",NA,3,3,2,0,2,"MeSH:D010190|STR:patient_derived_pdac",TRUE
"group_L0_4a54e0e2","disease_vs_normal","group",8,"UNK",NA,48,48,5,0,5,"MeSH:D003876|MeSH:D012595|STR:ad|STR:cpuo|STR:psoriasis_skin_lesion",TRUE
"group_L0_4acdaeeb","disease_vs_normal","group",2,"UNK",NA,4,4,1,0,1,"STR:carcinoma",FALSE
"group_L0_4ae51a12","pathogen_or_aggregate_exposure","group",3,"UNK",NA,39,39,0,2,2,"STR:no_treatment|STR:tlr4_ligand_lps_1_microgram_ml_for_2_hours",TRUE
"group_L0_4aea5056","small_molecule","group",2,"CHEBI:63637","vemurafenib",3,3,0,0,0,"",FALSE
"group_L0_4aeadbdd","pathogen_or_aggregate_exposure","group",3,"STR:sars-cov-2","SARS-CoV-2",30,30,0,1,1,"STR:sars_cov_2_infection_at_moi_1_during_24_h",FALSE
"group_L0_4b2a3587","small_molecule","group",2,"CHEBI:145431","indisulam",4,4,0,1,1,"CHEBI:145431",FALSE
"group_L0_4b73ce4c","small_molecule","group",2,"CHEBI:123456","N-ethyl-2-[(2R,3R,6S)-3-[(4-fluorophenyl)sulfonylamino]-2-(hydroxymethyl)-3,6-dihydro-2H-pyran-6-yl]acetamide",4,4,0,2,2,"CHEBI:145374|CHEBI:90217",TRUE
"group_L0_4b87dd54","disease_vs_normal","group",2,"UNK",NA,2,2,1,0,1,"STR:nasopharyngeal_carcinoma",FALSE
"group_L0_4bbc998d","disease_vs_normal","group",2,"UNK",NA,50,50,2,0,2,"MeSH:D001943|STR:er_pr",TRUE
"group_L0_4bc129cb","disease_vs_normal","group",2,"UNK",NA,7,7,0,0,0,"",FALSE
"group_L0_4bd44d02","disease_vs_normal","group",5,"UNK",NA,45,45,0,0,0,"",FALSE
"group_L0_4c0a91ec","disease_vs_normal","group",2,"UNK",NA,16,16,3,0,3,"STR:endometriosis_related_infertility|STR:polycystic_ovary_syndrome|STR:tubal_factor_infertility",TRUE
"group_L0_4c1c32dd","small_molecule","group",2,"UNK",NA,38,38,0,0,0,"",FALSE
"group_L0_4c389178","disease_vs_normal","group",2,"UNK",NA,7,7,1,0,1,"STR:mds",FALSE
"group_L0_4c68ecef","disease_vs_normal","group",2,"UNK",NA,2,2,1,0,1,"STR:diabetic",FALSE
"group_L0_4c9d1789","disease_vs_normal","group",2,"UNK",NA,5,5,1,0,1,"MeSH:D004915",FALSE
"group_L0_4cabb218","small_molecule","group",2,"CHEBI:88502","DG(16:1(9Z)/18:3(6Z,9Z,12Z)/0:0)",3,3,0,0,0,"",FALSE
"group_L0_4d0cd502","disease_vs_normal","group",2,"UNK",NA,75,75,0,0,0,"",FALSE
"group_L0_4def12ad","pathogen_or_aggregate_exposure","group",2,"UNK",NA,25,25,0,0,0,"",FALSE
"group_L0_4eb36077","disease_vs_normal","group",2,"UNK",NA,10,10,1,0,1,"MeSH:D001943",FALSE
"group_L0_4ed53625","small_molecule","group",2,"STR:dovitinib","Dovitinib",3,3,0,1,1,"STR:dovitinib",FALSE
"group_L0_4edc2da1","disease_vs_normal","group",2,"UNK",NA,16,16,0,0,0,"",FALSE
"group_L0_4eed339d","small_molecule","group",2,"UNK",NA,3,3,0,2,2,"STR:cca_1_1|STR:tmz_72_h",TRUE
"group_L0_4f04cafa","disease_vs_normal","group",2,"UNK",NA,38,38,0,0,0,"",FALSE
"group_L0_4f2f5a5b","disease_vs_normal","group",3,"UNK",NA,65,65,1,0,1,"MeSH:D015470",FALSE
"group_L0_50383085","disease_vs_normal","group",5,"UNK",NA,9,9,5,0,5,"MeSH:D002583|STR:adenocarcinoma|STR:cervical_adenocarcinoma|STR:human_cervical_cancer|STR:human_cervical_carcinoma",TRUE
"group_L0_5047a5a6","disease_vs_normal","group",2,"UNK",NA,5,5,0,0,0,"",FALSE
"group_L0_507fb505","small_molecule","group",2,"UNK",NA,4,4,0,1,1,"STR:10um_enz_for_48_hours",FALSE
"group_L0_508dcee2","small_molecule","group",2,"CHEBI:87197","dichlorophenyl dicarboximide fungicide",2,2,0,1,1,"CHEBI:39112",FALSE
"group_L0_50cb7ea3","disease_vs_normal","group",4,"UNK",NA,6,6,2,0,2,"STR:hepatocellular_carcinoma_cells|STR:liver_hepatocellular_carcinoma",TRUE
"group_L0_5106725b","disease_vs_normal","group",2,"UNK",NA,14,14,2,0,2,"STR:ffpe_tumor_rna|STR:liposarcoma",TRUE
"group_L0_511c20de","small_molecule","group",2,"UNK",NA,5,5,0,1,1,"STR:gcn2ib_24hr",FALSE
"group_L0_513ec1bf","disease_vs_normal","group",2,"UNK",NA,5,5,0,0,0,"",FALSE
"group_L0_5159dd79","disease_vs_normal","group",3,"UNK",NA,62,62,9,0,9,"MeSH:D000077192|MeSH:D019904|STR:ac|STR:ais|STR:invasive",TRUE
"group_L0_518012ff","disease_vs_normal","group",2,"UNK",NA,11,11,1,0,1,"STR:tumor_colon",FALSE
"group_L0_51a2bc7b","small_molecule","group",2,"MeSH:D011278","Pregnanes",18,18,0,0,0,"",FALSE
"group_L0_52634483","disease_vs_normal","group",35,"UNK",NA,122,122,16,0,16,"MeSH:D001943|MeSH:D009369|STR:adenocarcinoma|STR:breast_cancer_cell|STR:breast_cancer_cell_line",TRUE
"group_L0_5286033f","disease_vs_normal","group",15,"UNK",NA,65,65,4,0,4,"STR:basal_like|STR:breast_cancer_cell_line|STR:breast_cancer_cell_line_mda_mb_231|STR:breast_cancer_cell_line_mda_mb_231_untreated",TRUE
"group_L0_52a9386d","pathogen_or_aggregate_exposure","group",2,"UNK",NA,40,40,0,0,0,"",FALSE
"group_L0_52cc0786","disease_vs_normal","group",2,"UNK",NA,20,20,1,0,1,"STR:adenomyosis",FALSE
"group_L0_52f7f456","disease_vs_normal","group",2,"UNK",NA,3,3,0,0,0,"",FALSE
"group_L0_5327ae08","disease_vs_normal","group",4,"UNK",NA,594,594,2,0,2,"STR:cd|STR:icd",TRUE
"group_L0_5371c08b","disease_vs_normal","group",2,"UNK",NA,8,8,2,0,2,"STR:prostate_cancer_pca|STR:prostate_tumor",TRUE
"group_L0_53b54f26","disease_vs_normal","group",2,"UNK",NA,2,2,1,0,1,"STR:human_esophageal_squamous_carcinoma_cells",FALSE
"group_L0_53b94b1d","pathogen_or_aggregate_exposure","group",2,"STR:candidemia","Candidemia",7,7,0,0,0,"",FALSE
"group_L0_53bd77cb","disease_vs_normal","group",2,"MeSH:D008281","Maine",4,4,0,0,0,"",FALSE
"group_L0_53bf630b","disease_vs_normal","group",2,"MeSH:D001943","Breast Neoplasms",2,2,1,0,1,"STR:breast_cancer_cell_line_mda_mb_231",FALSE
"group_L0_548053df","disease_vs_normal","group",2,"UNK",NA,5,5,2,0,2,"MeSH:D011471|STR:castration_resistant_adenocarcinoma",TRUE
"group_L0_548184f1","disease_vs_normal","group",2,"MeSH:D009427","Netherlands Antilles",3,3,0,0,0,"",FALSE
"group_L0_54a4c342","disease_vs_normal","group",2,"UNK",NA,109,109,1,0,1,"STR:hcc",FALSE
"group_L0_54cb479c","disease_vs_normal","group",2,"UNK",NA,36,36,2,0,2,"STR:non_small_cell_lung_cancer|STR:primary_lung_tumor",TRUE
"group_L0_54eaa9f0","disease_vs_normal","group",4,"UNK",NA,9,9,1,0,1,"STR:human_prostate_cancer",FALSE
"group_L0_55396b3b","disease_vs_normal","group",2,"UNK",NA,8,8,0,0,0,"",FALSE
"group_L0_5565bedd","small_molecule","group",2,"UNK",NA,16,16,0,2,2,"STR:aromatase_inhibitor_treatment|STR:dox_and_dtx_based_treatment",TRUE
"group_L0_556c1e91","small_molecule","group",2,"UNK",NA,45,45,0,1,1,"STR:pd_1_blockade",FALSE
"group_L0_55e264ef","cytokine_stim","group",2,"CHEBI:114785","erlotinib",2,2,0,1,1,"CHEBI:40629",FALSE
"group_L0_55e68064","small_molecule","group",2,"UNK",NA,7,7,0,2,2,"CHEBI:61115|STR:brd9_7_inhibitor",TRUE
"group_L0_55ea932f","disease_vs_normal","group",3,"UNK",NA,10,10,4,0,4,"MeSH:D003928|MeSH:D009369|STR:idiopathic_nodular_glomerulosclerosis|STR:rcc",TRUE
"group_L0_5653c1d5","small_molecule","group",2,"CHEBI:75599","EC 6.3.2.2 (glutamate—cysteine ligase) inhibitor",18,18,0,0,0,"",FALSE
"group_L0_565b71fe","disease_vs_normal","group",4,"UNK",NA,43,43,2,0,2,"MeSH:D000077192|STR:lung_adenocarinoma_tumor",TRUE
"group_L0_569311ac","disease_vs_normal","group",2,"UNK",NA,5,5,2,0,2,"STR:ccrcc|STR:renal_cell_carcinoma_cell_line",TRUE
"group_L0_56eeb5ba","disease_vs_normal","group",2,"UNK",NA,2,2,1,0,1,"STR:tnbc",FALSE
"group_L0_56f0424d","disease_vs_normal","group",2,"UNK",NA,10,10,0,0,0,"",FALSE
"group_L0_56fc5a97","disease_vs_normal","group",4,"UNK",NA,27,27,2,0,2,"STR:adenocarcinoma|STR:wild_type",TRUE
"group_L0_579a7638","disease_vs_normal","group",2,"UNK",NA,15,15,1,0,1,"STR:jmml_other_mutated",FALSE
"group_L0_57d18f4c","pathogen_or_aggregate_exposure","group",2,"UNK",NA,15,15,0,1,1,"STR:3_doses_of_1_8m_pfspz_sporozoites",FALSE
"group_L0_582c36d0","disease_vs_normal","group",3,"UNK",NA,6,6,0,0,0,"",FALSE
"group_L0_58597564","disease_vs_normal","group",11,"UNK",NA,310,310,12,0,12,"MeSH:D003922|STR:acute|STR:ards|STR:ards_bmt|STR:psc",TRUE
"group_L0_5865c9c2","small_molecule","group",2,"CHEBI:27953","physostigmine",4,4,0,1,1,"CHEBI:3139",FALSE
"group_L0_59004f1b","pathogen_or_aggregate_exposure","group",3,"STR:tuberculosis","Tuberculosis",51,51,0,0,0,"",FALSE
"group_L0_5920e137","disease_vs_normal","group",2,"UNK",NA,16,16,0,0,0,"",FALSE
"group_L0_59566683","disease_vs_normal","group",4,"UNK",NA,54,54,5,0,5,"MeSH:D003876|STR:dariers|STR:grovers|STR:hailey_hailey|STR:psoriasis",TRUE
"group_L0_59d4b3c5","disease_vs_normal","group",3,"UNK",NA,3,3,0,0,0,"",FALSE
"group_L0_59e11984","disease_vs_normal","group",4,"UNK",NA,9,9,0,0,0,"",FALSE
"group_L0_5a47140e","small_molecule","group",2,"UNK",NA,6,6,0,2,2,"STR:ceffe|STR:ceffe_osteogenic_induction",TRUE
"group_L0_5aabb8e8","disease_vs_normal","group",5,"UNK",NA,16,16,3,0,3,"MeSH:D006528|STR:liver_tumor|STR:non_cirrhotic_hepatocellular_carcinoma",TRUE
"group_L0_5aae2836","disease_vs_normal","group",8,"UNK",NA,12,12,3,0,3,"MeSH:D002289|MeSH:D008175|STR:adenocarcinoma",TRUE
"group_L0_5aca0e30","disease_vs_normal","group",5,"UNK",NA,74,74,4,0,4,"STR:glioblastoma|STR:glioblastoma_primary_tumor|STR:glioblastoma_recurrent_tumor|STR:glioblastoma_second_recurrent_tumor",TRUE
"group_L0_5b2c79c9","disease_vs_normal","group",4,"UNK",NA,7,7,2,0,2,"STR:pc_3_prostate_cancer_cell_line|STR:prostate_cancer_cell_line_pc_3",TRUE
"group_L0_5b3fb062","pathogen_or_aggregate_exposure","group",2,"UNK",NA,3,3,0,0,0,"",FALSE
"group_L0_5b41fa4d","disease_vs_normal","group",2,"UNK",NA,6,6,0,0,0,"",FALSE
"group_L0_5b80ab82","small_molecule","group",2,"CHEBI:77092","fenbendazole",3,3,0,1,1,"CHEBI:77092",FALSE
"group_L0_5bb20184","pathogen_or_aggregate_exposure","group",2,"UNK",NA,4,4,0,0,0,"",FALSE
"group_L0_5c800449","disease_vs_normal","group",2,"UNK",NA,11,11,1,0,1,"STR:cancer_tissue",FALSE
"group_L0_5cdd8052","disease_vs_normal","group",3,"UNK",NA,13,13,1,0,1,"STR:breast_cancer_cells",FALSE
"group_L0_5cde9aa5","small_molecule","group",2,"CHEBI:27974","estriol",5,5,0,2,2,"HGNC:IGF2BP1|HGNC:IGF2BP3",TRUE
"group_L0_5cdf3266","small_molecule","group",2,"STR:rituximab","rituximab",2,2,0,0,0,"",FALSE
"group_L0_5cfcb099","disease_vs_normal","group",5,"UNK",NA,125,125,5,0,5,"MeSH:D015464|MeSH:D015470|MeSH:D015473|STR:co_morbid_crohn_s_and_spondyloarthritis|STR:poor_risk_aml_patient",TRUE
"group_L0_5d8dfd7e","disease_vs_normal","group",2,"UNK",NA,2,2,0,0,0,"",FALSE
"group_L0_5dca1ac1","disease_vs_normal","group",2,"UNK",NA,10,10,3,0,3,"STR:adenocarcinoma|STR:invasive_grade_3_adenocarcinoma|STR:metastatic_adenocarcinoma_consistent_with_cholangiocarcinoma",TRUE
"group_L0_5df58f7f","disease_vs_normal","group",3,"UNK",NA,10,10,3,0,3,"STR:hc|STR:non_diabetic|STR:non_lesional_skin",TRUE
"group_L0_5e7a1a65","disease_vs_normal","group",2,"UNK",NA,8,8,0,0,0,"",FALSE
"group_L0_5eb4ff7f","disease_vs_normal","group",4,"UNK",NA,40,40,1,0,1,"STR:non_diabetes",FALSE
"group_L0_5f11ed01","disease_vs_normal","group",2,"UNK",NA,5,5,2,0,2,"STR:dukes_type_c|STR:in_vitro_cell_culture_colon_cancer_cell_line",TRUE
"group_L0_5f455572","small_molecule","group",2,"CHEBI:229222","capivasertib",3,3,0,1,1,"CHEBI:229222",FALSE
"group_L0_5fb1e8c2","disease_vs_normal","group",2,"UNK",NA,17,17,1,0,1,"STR:uterine_tumor",FALSE
"group_L0_5fdcc619","disease_vs_normal","group",2,"UNK",NA,8,8,0,0,0,"",FALSE
"group_L0_603c03e7","disease_vs_normal","group",4,"UNK",NA,11,11,4,0,4,"STR:lymphatic_malformation|STR:multisystem_inflammatory_syndrome_in_children_misc|STR:non_tb_infection|STR:uc",TRUE
"group_L0_60725f46","disease_vs_normal","group",2,"STR:c535.480.460.450",NA,24,24,0,0,0,"",FALSE
"group_L0_60f4f1ef","disease_vs_normal","group",2,"UNK",NA,8,8,0,0,0,"",FALSE
"group_L0_6137faff","disease_vs_normal","group",4,"UNK",NA,7,7,1,0,1,"STR:colorectal_carcinoma_samples",FALSE
"group_L0_616ead4f","disease_vs_normal","group",2,"UNK",NA,5,5,2,0,2,"MeSH:D006528|STR:hepatocellular_carcinoma_tissue",TRUE
"group_L0_6177e276","disease_vs_normal","group",4,"UNK",NA,6,6,3,0,3,"MeSH:D001943|STR:fresh_frozen_breast_tumor|STR:metastatic_breast_cancer",TRUE
"group_L0_61798ee0","small_molecule","group",2,"CHEBI:17126","carnitine",14,14,0,2,2,"CHEBI:16412|STR:intravenous_lps",TRUE
"group_L0_62671e1b","small_molecule","group",2,"UNK",NA,6,6,0,2,2,"STR:e64fc65|STR:e64fc65_panobinostat",TRUE
"group_L0_62fa39cb","disease_vs_normal","group",19,"UNK",NA,57,57,7,0,7,"MeSH:D003110|MeSH:D015179|STR:colon_cancer_cells|STR:hct116_colon_cancer_cell_line|STR:hct116_colon_carcinoma_cells_dmso_treated",TRUE
"group_L0_62fbc7dc","disease_vs_normal","group",2,"UNK",NA,14,14,1,0,1,"STR:sle_without_ln",FALSE
"group_L0_643decb4","disease_vs_normal","group",2,"UNK",NA,8,8,0,0,0,"",FALSE
"group_L0_6452f05d","small_molecule","group",2,"UNK",NA,12,12,0,0,0,"",FALSE
"group_L0_64b2e771","disease_vs_normal","group",2,"UNK",NA,7,7,1,0,1,"STR:human_prostate_adenocarcinoma_cells",FALSE
"group_L0_64cc317a","disease_vs_normal","group",8,"UNK",NA,75,75,3,0,3,"MeSH:D003876|STR:dermatomyositis|STR:mpr",TRUE
"group_L0_64d5d122","small_molecule","group",2,"UNK",NA,4,4,0,3,3,"CHEBI:27638|STR:e64fc65|STR:e64fc65_panobinostat",TRUE
"group_L0_6505e13e","disease_vs_normal","group",11,"UNK",NA,495,495,11,0,11,"MeSH:D010051|MeSH:D012595|MeSH:D029424|STR:cd|STR:dle",TRUE
"group_L0_657f66d6","disease_vs_normal","group",2,"UNK",NA,9,9,2,0,2,"MeSH:D010001|STR:erosive_rheumatoid_arthritis_ra",TRUE
"group_L0_65e64115","small_molecule","group",2,"CHEBI:16762","ferrocytochrome <em>b</em><small><sub>1</sub></small>",6,6,0,2,2,"STR:100ug_ml_human_recombinant_tnf_a_600nm_4_hdha_added_into_culture_medium_for_72h_to_induce_apoptosis|STR:100ug_ml_human_recombinant_tnf_a_and_20umferrostatin_1_added_into_culture_medium_for_72h_to_induce_apoptosis",TRUE
"group_L0_65f72fb5","small_molecule","group",2,"UNK",NA,3,3,0,3,3,"STR:ciog_m7p_followed_by_treatment_phenamil_under_osteogenic_medium_per_3_days_further_7_days_from_7th_days|STR:ciog_m7p_of_pcl_film_1_followed_by_treatment_phenamil_under_osteogenic_medium_per_3_days_further_7_days_from_7th_days|STR:ciog_m7p_of_pcl_nf_2_followed_by_treatment_phenamil_under_osteogenic_medium_per_3_days_further_7_days_from_7th_days",TRUE
"group_L0_662bd1a4","disease_vs_normal","group",2,"UNK",NA,260,260,2,0,2,"MeSH:D001943|STR:esr1_breast_cancer",TRUE
"group_L0_663d50a3","disease_vs_normal","group",3,"UNK",NA,22,22,1,0,1,"STR:poor_risk_aml_patient",FALSE
"group_L0_66c4d2fc","disease_vs_normal","group",2,"MeSH:D003319","Corneal Stroma",8,8,0,0,0,"",FALSE
"group_L0_66fd51d1","disease_vs_normal","group",4,"UNK",NA,9,9,2,0,2,"MeSH:D003110|STR:hct116_colon_cancer_cell_line",TRUE
"group_L0_67026638","small_molecule","group",2,"CHEBI:91435","linifanib",3,3,0,1,1,"CHEBI:91435",FALSE
"group_L0_670c5143","disease_vs_normal","group",2,"UNK",NA,14,14,0,0,0,"",FALSE
"group_L0_67aa8efb","small_molecule","group",2,"UNK",NA,9,9,0,3,3,"CHEBI:39867|STR:aso1|STR:vpa_aso1",TRUE
"group_L0_67b5bc83","disease_vs_normal","group",4,"UNK",NA,9,9,3,0,3,"STR:breast_cancer_cells|STR:breast_cancer_t47d_cells|STR:cancer_cell_line",TRUE
"group_L0_68099251","pathogen_or_aggregate_exposure","group",3,"UNK",NA,154,154,0,0,0,"",FALSE
"group_L0_6830b413","disease_vs_normal","group",2,"UNK",NA,63,63,1,0,1,"MeSH:D008113",FALSE
"group_L0_6848f8ee","pathogen_or_aggregate_exposure","group",3,"UNK",NA,46,46,0,2,2,"STR:ev_d68|STR:mycobacterium_abscessus_microparticle",TRUE
"group_L0_686d6360","small_molecule","group",10,"UNK",NA,48,48,0,10,10,"HGNC:INTS11|HGNC:PPP1R10|HGNC:WDR82|HGNC:XRN2|STR:plus_iaa",TRUE
"group_L0_68d451e8","disease_vs_normal","group",2,"UNK",NA,3,3,0,0,0,"",FALSE
"group_L0_6977a672","disease_vs_normal","group",2,"UNK",NA,8,8,2,0,2,"STR:bone_marrow_chronic_myelogenous_leukemia_cml|STR:bone_marrow_from_chronic_myeloid_leukemia",TRUE
"group_L0_6a4a17f8","disease_vs_normal","group",12,"UNK",NA,315,315,18,0,18,"MeSH:D000544|STR:gliadel_non_responding|STR:gliadel_responding|STR:glioblastoma|STR:patient_10_glioblastoma_rna_seq_of_brain_tumor_tissue",TRUE
"group_L0_6af34bdb","disease_vs_normal","group",3,"UNK",NA,21,21,1,0,1,"STR:parkinson_s_disease",FALSE
"group_L0_6b4f0de4","small_molecule","group",5,"UNK",NA,12,12,0,3,3,"STR:enz|STR:sd70_dht|STR:upf_1069",TRUE
"group_L0_6b77d67f","disease_vs_normal","group",2,"UNK",NA,10,10,0,0,0,"",FALSE
"group_L0_6bbae45b","disease_vs_normal","group",3,"UNK",NA,4,4,1,0,1,"STR:human_liver_cancer_cell",FALSE
"group_L0_6c012001","disease_vs_normal","group",2,"UNK",NA,12,12,2,0,2,"STR:crao_v|STR:symptomatic",TRUE
"group_L0_6c1d3ae3","disease_vs_normal","group",13,"UNK",NA,221,221,14,0,14,"MeSH:D008180|STR:af_recurrence|STR:affected|STR:b_cell_acute_lymphoblastic_leukemia|STR:case_tb",TRUE
"group_L0_6c487c7c","disease_vs_normal","group",4,"UNK",NA,31,31,1,0,1,"MeSH:D012004",FALSE
"group_L0_6c4dd2eb","disease_vs_normal","group",2,"UNK",NA,9,9,1,0,1,"STR:prostate_adenocarcinoma",FALSE
"group_L0_6c644469","small_molecule","group",2,"UNK",NA,24,24,0,2,2,"STR:globinclear|STR:pooled_globinclear",TRUE
"group_L0_6c7b16b8","disease_vs_normal","group",2,"UNK",NA,52,52,3,0,3,"STR:early_systemic_sclerosis|STR:limited_systemic_sclerosis|STR:non_cutaneous_systemic_sclerosis",TRUE
"group_L0_6cd79646","disease_vs_normal","group",2,"UNK",NA,15,15,0,0,0,"",FALSE
"group_L0_6d2ff0c8","disease_vs_normal","group",2,"UNK",NA,7,7,1,0,1,"STR:colon_cancer_organoids",FALSE
"group_L0_6d5de562","disease_vs_normal","group",9,"UNK",NA,416,416,8,0,8,"MeSH:D003922|MeSH:D009080|STR:dm1|STR:dm2|STR:ltbi",TRUE
"group_L0_6d85b265","small_molecule","group",4,"CHEBI:17126","carnitine",12,12,0,2,2,"STR:lps_exposed|STR:lps_exposed_for_24_hours",TRUE
"group_L0_6d945f73","disease_vs_normal","group",2,"UNK",NA,5,5,0,0,0,"",FALSE
"group_L0_6dee3997","pathogen_or_aggregate_exposure","group",3,"UNK",NA,73,73,0,0,0,"",FALSE
"group_L0_6e5f92aa","disease_vs_normal","group",6,"UNK",NA,28,28,2,0,2,"MeSH:D013274|STR:stomach",TRUE
"group_L0_6ec2692e","disease_vs_normal","group",4,"UNK",NA,20,20,3,0,3,"MeSH:D002289|MeSH:D008175|STR:nsclc",TRUE
"group_L0_6eee4901","disease_vs_normal","group",2,"UNK",NA,11,11,0,0,0,"",FALSE
"group_L0_6f2d4d34","disease_vs_normal","group",2,"UNK",NA,6,6,2,0,2,"STR:brca|STR:breast_adenocarcinoma",TRUE
"group_L0_6fa949a9","disease_vs_normal","group",2,"UNK",NA,25,25,2,0,2,"MeSH:D015179|STR:colorectal_cancer_stem_cell_spheroids",TRUE
"group_L0_7098197f","disease_vs_normal","group",2,"UNK",NA,6,6,0,0,0,"",FALSE
"group_L0_70ca8963","disease_vs_normal","group",2,"MeSH:D008556","Melkersson-Rosenthal Syndrome",9,9,0,0,0,"",FALSE
"group_L0_70fc6cf4","disease_vs_normal","group",2,"UNK",NA,5,5,1,0,1,"MeSH:D006528",FALSE
"group_L0_7171b1b2","disease_vs_normal","group",3,"UNK",NA,3,3,0,0,0,"",FALSE
"group_L0_71e18398","disease_vs_normal","group",7,"UNK",NA,66,66,6,0,6,"MeSH:D009369|MeSH:D011471|STR:prostate_cancer_crpc|STR:prostate_cancer_cspc|STR:prostate_cancer_tissues",TRUE
"group_L0_72003adb","disease_vs_normal","group",4,"UNK",NA,30,30,1,0,1,"STR:adenocarcinoma",FALSE
"group_L0_724be9bb","disease_vs_normal","group",2,"UNK",NA,4,4,1,0,1,"STR:pancreatic_ductal_adenocarcinoma",FALSE
"group_L0_724d34de","disease_vs_normal","group",11,"UNK",NA,24,24,6,0,6,"STR:a549_lung_tumor_cells|STR:human_lung_adenocarcinoma_cell|STR:human_lung_adenocarcinoma_epithelial_a549_cells|STR:human_lung_carcinoma_cell_line|STR:lung_adenocarcinoma_cell_line",TRUE
"group_L0_7265f136","small_molecule","group",2,"CHEBI:28748","doxorubicin",19,19,0,0,0,"",FALSE
"group_L0_7278ca2c","disease_vs_normal","group",15,"UNK",NA,35,35,7,0,7,"MeSH:D001943|MeSH:D064726|STR:breast_cancer_cell_line_adenocarcinoma_derived|STR:breast_cancer_cells|STR:human_breast_cancer_cells",TRUE
"group_L0_7295bf50","pathogen_or_aggregate_exposure","group",6,"UNK",NA,90,90,0,0,0,"",FALSE
"group_L0_72e03ea0","disease_vs_normal","group",2,"UNK",NA,24,24,7,0,7,"STR:diffuse_ssc|STR:hgps_phenotype_1|STR:hgps_phenotype_2|STR:hgps_phenotype_3|STR:hgps_phenotype_4",TRUE
"group_L0_735f4662","disease_vs_normal","group",2,"UNK",NA,12,12,3,0,3,"STR:active_ulcerative_colitis|STR:cd|STR:uc",TRUE
"group_L0_73a85d9e","pathogen_or_aggregate_exposure","group",2,"UNK",NA,15,15,0,4,4,"STR:hcov_229e_atcc_vr_740_infected|STR:mers_cov_emc_2012_infected|STR:sars_cov_2_omicron_variant_infected|STR:sars_cov_2_wa_01_infected",TRUE
"group_L0_74e347f1","disease_vs_normal","group",2,"UNK",NA,8,8,2,0,2,"STR:breast_cancer_serum_with_recurrence|STR:hcc",TRUE
"group_L0_756284b4","small_molecule","group",3,"UNK",NA,6,6,0,4,4,"CHEBI:39185|STR:e2_treated|STR:treated_with_adm|STR:treated_with_ptx",TRUE
"group_L0_7579944e","disease_vs_normal","group",7,"UNK",NA,23,23,4,0,4,"STR:epithelial_colon_cancer_cell_lines|STR:human_colon_cancer_cells_sw480|STR:in_vitro_cell_culture_colon_cancer_cell_line|STR:rna_samples_extracted_from_colon_cancer_cells_grown_on_soft_vs_rigid_substrates",TRUE
"group_L0_75bce469","disease_vs_normal","group",2,"UNK",NA,23,23,1,0,1,"STR:tb",FALSE
"group_L0_75d38a84","disease_vs_normal","group",2,"UNK",NA,7,7,1,0,1,"MeSH:D001943",FALSE
"group_L0_763aac7f","disease_vs_normal","group",2,"UNK",NA,6,6,2,0,2,"STR:adenocarcinoma|STR:epithelial_adenocarcinoma",TRUE
"group_L0_769fcbfb","pathogen_or_aggregate_exposure","group",2,"STR:tuberculosis","Tuberculosis",20,20,0,0,0,"",FALSE
"group_L0_76ef491b","disease_vs_normal","group",3,"UNK",NA,22,22,0,0,0,"",FALSE
"group_L0_7715b5a3","disease_vs_normal","group",3,"UNK",NA,40,40,0,0,0,"",FALSE
"group_L0_771cf76c","small_molecule","group",4,"UNK",NA,15,15,0,6,6,"CHEBI:177705|STR:birinapant_ifng|STR:e2|STR:fulvestrant_ifng|STR:oleic_acid_and_pape_1",TRUE
"group_L0_77234aab","disease_vs_normal","group",2,"UNK",NA,2,2,0,0,0,"",FALSE
"group_L0_774ced05","disease_vs_normal","group",2,"MeSH:D006290","Health Planning Technical Assistance",2,2,0,0,0,"",FALSE
"group_L0_776601cd","disease_vs_normal","group",2,"UNK",NA,8,8,1,0,1,"STR:stable_coronary_heart_disease",FALSE
"group_L0_77781306","disease_vs_normal","group",7,"UNK",NA,16,16,5,0,5,"MeSH:D001943|MeSH:D064726|STR:breast_cancer_cell_line|STR:breast_cancer_cells_sum159|STR:triple_negative",TRUE
"group_L0_77852512","disease_vs_normal","group",2,"UNK",NA,3,3,1,0,1,"STR:jmml_other_mutated",FALSE
"group_L0_77ece53f","disease_vs_normal","group",2,"UNK",NA,262,262,1,0,1,"STR:gastric_tumor",FALSE
"group_L0_787b98c5","disease_vs_normal","group",2,"UNK",NA,4,4,1,0,1,"STR:khm_5m_thyroid_cancer_cell",FALSE
"group_L0_789a98a7","disease_vs_normal","group",2,"UNK",NA,5,5,2,0,2,"STR:hepatocellular_carcinoma_cells|STR:human_hepatocellular_carcinoma",TRUE
"group_L0_78ca5249","disease_vs_normal","group",2,"MeSH:D011273","Pregnancy, Prolonged",34,34,1,0,1,"MeSH:D011471",FALSE
"group_L0_792fc286","disease_vs_normal","group",2,"UNK",NA,7,7,2,0,2,"STR:breast_cancer_cell_line|STR:triple_negative",TRUE
"group_L0_798a7b38","disease_vs_normal","group",9,"UNK",NA,45,45,9,0,9,"STR:atrial_fibrillation|STR:case|STR:human_liver_cancer_plasma|STR:liver_cancer_patient|STR:myocardial_infarction_patient_with_cardiac_remodeling",TRUE
"group_L0_79ceca78","disease_vs_normal","group",3,"UNK",NA,8,8,1,0,1,"STR:neuroblastoma",FALSE
"group_L0_79df2ef1","pathogen_or_aggregate_exposure","group",2,"UNK",NA,7,7,0,0,0,"",FALSE
"group_L0_7a808ab2","disease_vs_normal","group",2,"UNK",NA,6,6,0,0,0,"",FALSE
"group_L0_7b471940","disease_vs_normal","group",40,"UNK",NA,40,40,0,0,0,"",FALSE
"group_L0_7c03d207","disease_vs_normal","group",2,"UNK",NA,15,15,2,0,2,"STR:lbd|STR:mesial_temporal_lobe_epilepsy",TRUE
"group_L0_7c1029d4","small_molecule","group",2,"CHEBI:134201","<em>P</em>-{α-<small>D</small>-Glc<em>p</em>NAc-(1→3)-[<small>D</small>-GroA-(2→1)]-α-<small>D</small>-Glc<em>p</em>NAc-6-yl}-α-<small>D</small>-Glc<em>p</em>NAc-(1→3)-[<em>P</em>-6-[CH<small><sub>2</sub></small>]<small><sub>5</sub></small>NH<small><sub>2</sub></small>]-α-<small>D</small>-Glc<em>p</em>NAc-(1→2)-<small>D</small>-GroA",5,5,0,4,4,"CHEBI:134689|CHEBI:145374|CHEBI:197107|CHEBI:78008",TRUE
"group_L0_7cd614f1","disease_vs_normal","group",2,"UNK",NA,40,40,2,0,2,"STR:laryngeal_cancer_without_thyroid_lesions|STR:papillary_thyroid_carcinoma_ptc",TRUE
"group_L0_7d239cde","disease_vs_normal","group",4,"UNK",NA,6,6,2,0,2,"MeSH:D001943|STR:human_breast_carcinoma",TRUE
"group_L0_7d534ca9","disease_vs_normal","group",19,"UNK",NA,47,47,7,0,7,"MeSH:D001943|STR:breast_cancer_cell_line|STR:breast_cancer_cells|STR:breast_cancer_mcf7_cells|STR:cd44low",TRUE
"group_L0_7db146e3","disease_vs_normal","group",2,"MeSH:D001943","Breast Neoplasms",2,2,0,0,0,"",FALSE
"group_L0_7e45006e","small_molecule","group",2,"UNK",NA,4,4,0,2,2,"STR:metro|STR:tfb_tboa",TRUE
"group_L0_7ec34918","disease_vs_normal","group",2,"UNK",NA,6,6,0,0,0,"",FALSE
"group_L0_7ee33172","disease_vs_normal","group",5,"UNK",NA,9,9,3,0,3,"MeSH:D008113|STR:human_hepatocellular_carcinoma|STR:liver_cancer_huh7_cells",TRUE
"group_L0_7f513929","disease_vs_normal","group",3,"UNK",NA,8,8,3,0,3,"MeSH:D000077273|MeSH:D009369|STR:thyroid_cancer_thc",TRUE
"group_L0_7f86854e","disease_vs_normal","group",4,"UNK",NA,15,15,3,0,3,"MeSH:D011471|STR:human_prostate_tumor|STR:prostate_cancer_epithelium",TRUE
"group_L0_7ff78fce","small_molecule","group",2,"UNK",NA,21,21,0,5,5,"STR:cells_grown_in_a_q_depleted_medium_for_18h_followed_by_cycloheximid_and_tryptolide_treatment_for_0_hours|STR:cells_grown_in_a_q_depleted_medium_for_18h_followed_by_tryptolide_treatment_for_0_hours|STR:mapk_inhibitors_followed_by_cycloheximid_and_tryptolide_treatment_for_0_hours|STR:mapk_inhibitors_followed_by_cycloheximid_treatment_for_0_hours|STR:mapk_inhibitors_followed_by_tryptolide_treatment_for_0_hours",TRUE
"group_L0_80469745","disease_vs_normal","group",4,"UNK",NA,79,79,3,0,3,"STR:aki|STR:australian_chronic_allograft_dysfunction|STR:mixed_atn_and_ain",TRUE
"group_L0_8062af81","small_molecule","group",2,"UNK",NA,4,4,0,0,0,"",FALSE
"group_L0_8071658c","disease_vs_normal","group",6,"UNK",NA,204,204,1,0,1,"STR:herpes_zoster_resolved_1y",FALSE
"group_L0_807fae45","disease_vs_normal","group",2,"UNK",NA,40,40,0,0,0,"",FALSE
"group_L0_80a49a8b","disease_vs_normal","group",4,"UNK",NA,92,92,7,0,7,"MeSH:D001932|STR:astrocytoma_grade_ii|STR:astrocytoma_grade_iii|STR:at_rt_tumor|STR:glioblastoma_grade_iv",TRUE
"group_L0_80be7b68","disease_vs_normal","group",2,"UNK",NA,2,2,0,0,0,"",FALSE
"group_L0_80d23383","pathogen_or_aggregate_exposure","group",2,"UNK",NA,63,63,0,0,0,"",FALSE
"group_L0_80d29937","disease_vs_normal","group",4,"UNK",NA,18,18,1,0,1,"STR:crohn_s_disease_cd_or_ulcerative_colitis_uc",FALSE
"group_L0_80e0d609","disease_vs_normal","group",23,"UNK",NA,419,419,16,0,16,"MeSH:D002543|MeSH:D003424|MeSH:D011236|MeSH:D012595|MeSH:D015470",TRUE
"group_L0_81b772d8","disease_vs_normal","group",2,"UNK",NA,2,2,2,0,2,"STR:breast_adenocarcinoma|STR:human_breast_cancer_cells",TRUE
"group_L0_81e70403","disease_vs_normal","group",2,"UNK",NA,163,163,1,0,1,"MeSH:D015470",FALSE
"group_L0_8204f630","small_molecule","group",2,"MeSH:D000981","Antiprotozoal Agents",4,4,0,0,0,"",FALSE
"group_L0_823570e2","disease_vs_normal","group",2,"UNK",NA,10,10,1,0,1,"STR:idiopathic_pulmonary_arterial_hypertension_ipah",FALSE
"group_L0_82704539","disease_vs_normal","group",2,"UNK",NA,6,6,2,0,2,"MeSH:D010190|STR:stage_i",TRUE
"group_L0_828c0ff2","disease_vs_normal","group",12,"UNK",NA,22,22,6,0,6,"MeSH:D002289|MeSH:D008175|STR:adenocarcinoma_lung|STR:human_caucasian_lung_carcinoma|STR:human_lung_cancer",TRUE
"group_L0_82ca232b","disease_vs_normal","group",2,"UNK",NA,15,15,0,0,0,"",FALSE
"group_L0_82cd0ed1","disease_vs_normal","group",2,"UNK",NA,59,59,2,0,2,"MeSH:D000077195|MeSH:D009369",TRUE
"group_L0_83133e0d","disease_vs_normal","group",2,"UNK",NA,70,70,0,0,0,"",FALSE
"group_L0_838a813c","disease_vs_normal","group",2,"UNK",NA,8,8,1,0,1,"STR:early",FALSE
"group_L0_838fce98","disease_vs_normal","group",2,"UNK",NA,31,31,1,0,1,"STR:non_ktcn",FALSE
"group_L0_840d1b18","disease_vs_normal","group",2,"UNK",NA,6,6,2,0,2,"MeSH:D003424|STR:cd",TRUE
"group_L0_849ec0de","small_molecule","group",2,"UNK",NA,9,9,0,3,3,"STR:mi_2_2_at_10_m_for_24_hours|STR:shp1705_10_m|STR:shp1705_10_m_carfilzomib_10_nm",TRUE
"group_L0_84f4a94a","disease_vs_normal","group",3,"UNK",NA,12,12,2,0,2,"STR:aml|STR:severe_atherosclerosis",TRUE
"group_L0_854c59d0","pathogen_or_aggregate_exposure","group",2,"STR:candidemia","Candidemia",3,3,0,0,0,"",FALSE
"group_L0_85a8bdb0","small_molecule","group",2,"MeSH:D004002","Clodronic Acid",5,5,0,0,0,"",FALSE
"group_L0_863de250","small_molecule","group",3,"UNK",NA,10,10,0,5,5,"CHEBI:132082|CHEBI:16171|STR:2_dg_hypoxia|STR:a485|STR:aso",TRUE
"group_L0_864ece8f","pathogen_or_aggregate_exposure","group",2,"UNK",NA,12,12,0,4,4,"STR:infected_with_sars_cov2_p11|STR:infected_with_sars_cov2_stock|STR:infected_with_shaan_virus_p3|STR:infected_with_shaan_virus_p43",TRUE
"group_L0_86de1d89","disease_vs_normal","group",2,"UNK",NA,83,83,6,0,6,"MeSH:D002294|MeSH:D008175|STR:adenocarcinoma|STR:advanced|STR:limited",TRUE
"group_L0_87a90971","disease_vs_normal","group",2,"UNK",NA,9,9,1,0,1,"MeSH:D015464",FALSE
"group_L0_87bcb01f","disease_vs_normal","group",2,"UNK",NA,25,25,0,0,0,"",FALSE
"group_L0_885bf17e","disease_vs_normal","group",3,"UNK",NA,30,30,0,0,0,"",FALSE
"group_L0_890241d0","disease_vs_normal","group",4,"UNK",NA,30,30,2,0,2,"MeSH:D009369|STR:pancreatic_ductal_adenocarcinoma",TRUE
"group_L0_8953dec8","small_molecule","group",2,"UNK",NA,2,2,0,1,1,"STR:fc",FALSE
"group_L0_89824d9d","disease_vs_normal","group",2,"UNK",NA,30,30,0,0,0,"",FALSE
"group_L0_8c451b4c","disease_vs_normal","group",3,"UNK",NA,19,19,1,0,1,"STR:gastric_cancer_tissue",FALSE
"group_L0_8c79be85","disease_vs_normal","group",2,"UNK",NA,6,6,0,0,0,"",FALSE
"group_L0_8cb23d6f","disease_vs_normal","group",6,"UNK",NA,70,70,3,0,3,"STR:latent_autoimmune_diabetes_lada|STR:me_cfs_patient|STR:ms_case",TRUE
"group_L0_8d7283ff","disease_vs_normal","group",3,"UNK",NA,45,45,1,0,1,"STR:dcm",FALSE
"group_L0_8d7f0f94","small_molecule","group",2,"CHEBI:134223","2-amino-6-(1-hydroxypropyl)-8-methylpteridine-4,7(3<em>H</em>,8<em>H</em>)-dione",7,7,0,7,7,"CHEBI:230493|CHEBI:231621|CHEBI:34992|CHEBI:75934|STR:abt751",TRUE
"group_L0_8da3395b","disease_vs_normal","group",2,"UNK",NA,2,2,2,0,2,"STR:atroblastomas|STR:hcc",TRUE
"group_L0_8dde6e01","disease_vs_normal","group",6,"UNK",NA,11,11,4,0,4,"MeSH:D000077192|MeSH:D002289|MeSH:D008175|STR:lung_tumor",TRUE
"group_L0_8e430c6b","disease_vs_normal","group",2,"UNK",NA,4,4,1,0,1,"STR:colorectal_cancer_cell_line",FALSE
"group_L0_8e8252bc","small_molecule","group",2,"CHEBI:5078","flavonol",3,3,0,1,1,"STR:cediranib",FALSE
"group_L0_8eae0bde","small_molecule","group",2,"UNK",NA,4,4,0,1,1,"STR:androgen_receptor_targeting_degrader",FALSE
"group_L0_8ef93bca","pathogen_or_aggregate_exposure","group",2,"UNK",NA,180,180,0,0,0,"",FALSE
"group_L0_8f30fdad","disease_vs_normal","group",2,"UNK",NA,7,7,0,0,0,"",FALSE
"group_L0_8f6dc419","small_molecule","group",2,"UNK",NA,5,5,0,1,1,"STR:dhe_hypoxia",FALSE
"group_L0_8f96791f","small_molecule","group",2,"UNK",NA,3,3,0,2,2,"STR:10um_of_1_s_and_uv_a_irradiated_for_30_minutes_in_a_photoreactor_with_8_lzc_uva_bulbs|STR:10um_of_1_so_and_uv_a_irradiated_for_30_minutes_in_a_photoreactor_with_8_lzc_uva_bulbs",TRUE
"group_L0_9020a304","disease_vs_normal","group",10,"UNK",NA,191,191,5,0,5,"MeSH:D009369|MeSH:D013584|MeSH:D015179|STR:tumor_tissue_patient_1|STR:wilms_tumor",TRUE
"group_L0_90272ffa","disease_vs_normal","group",6,"UNK",NA,32,32,5,0,5,"STR:hbv_aclf|STR:idiopathic_pulmonary_fibrosis|STR:m|STR:presentation_all_patient|STR:relapse_aml_patient",TRUE
"group_L0_904cd01c","disease_vs_normal","group",3,"UNK",NA,11,11,2,0,2,"MeSH:D003110|STR:org",TRUE
"group_L0_9151989c","disease_vs_normal","group",2,"UNK",NA,33,33,1,0,1,"STR:medulloblastoma",FALSE
"group_L0_91be781e","disease_vs_normal","group",2,"UNK",NA,3,3,1,0,1,"STR:invasive_ductal_breast_cancer",FALSE
"group_L0_91c986ba","disease_vs_normal","group",5,"UNK",NA,51,51,6,0,6,"MeSH:D003882|STR:ad|STR:convalescent|STR:cortical_tall|STR:immature_tall",TRUE
"group_L0_91dd5773","disease_vs_normal","group",4,"UNK",NA,25,25,2,0,2,"MeSH:D008180|STR:sle_patient",TRUE
"group_L0_92602150","small_molecule","group",2,"UNK",NA,4,4,0,2,2,"STR:glup_peptide|STR:shap",TRUE
"group_L0_9288b5bb","disease_vs_normal","group",2,"UNK",NA,12,12,1,0,1,"STR:truss_guided_prostatic_biopsy_of_clinically_advanced_metastatic_prostate_cancer_tissue",FALSE
"group_L0_92a907d6","disease_vs_normal","group",2,"UNK",NA,4,4,1,0,1,"STR:human_non_small_lung_carcinoma_a549_cells_atcc_ccl_185",FALSE
"group_L0_92cc9743","disease_vs_normal","group",2,"UNK",NA,2,2,1,0,1,"STR:uterine_leiomyosarcoma",FALSE
"group_L0_92fb9c9e","disease_vs_normal","group",3,"UNK",NA,3,3,2,0,2,"STR:lung_cancer_cell_line|STR:lung_carcinoma_cells",TRUE
"group_L0_93177267","pathogen_or_aggregate_exposure","group",2,"MeSH:D006678","HIV",5,5,0,0,0,"",FALSE
"group_L0_932109a8","disease_vs_normal","group",3,"UNK",NA,5,5,2,0,2,"STR:gastric_cancer_cell|STR:human_gastric_cancer_cell_line",TRUE
"group_L0_9364a03c","small_molecule","group",2,"CHEBI:30971","2<em>H</em>-azirine",12,12,0,1,1,"STR:treated_with_dox_for_24_hours",FALSE
"group_L0_938b616e","small_molecule","group",2,"CHEBI:50280","(<i>R</i>)-lavandulyl diphosphate",2,2,0,1,1,"CHEBI:38940",FALSE
"group_L0_9395a255","disease_vs_normal","group",2,"UNK",NA,8,8,0,0,0,"",FALSE
"group_L0_93b63344","pathogen_or_aggregate_exposure","group",2,"UNK",NA,14,14,0,0,0,"",FALSE
"group_L0_93db1099","disease_vs_normal","group",4,"UNK",NA,12,12,2,0,2,"STR:adenocarcinoma|STR:mda_mb_231_breast_cancer_cells",TRUE
"group_L0_94014f54","disease_vs_normal","group",2,"UNK",NA,4,4,0,0,0,"",FALSE
"group_L0_9458f905","disease_vs_normal","group",2,"UNK",NA,9,9,1,0,1,"STR:poor_risk_aml_patient",FALSE
"group_L0_94cbfade","small_molecule","group",2,"CHEBI:16515","3-ADP-glyceric acid",2,2,0,1,1,"STR:10_nm_1",FALSE
"group_L0_95099736","disease_vs_normal","group",13,"UNK",NA,102,102,11,0,11,"MeSH:D006528|MeSH:D009369|STR:ccoc|STR:enoc|STR:hcc",TRUE
"group_L0_958fd528","disease_vs_normal","group",3,"UNK",NA,36,36,0,0,0,"",FALSE
"group_L0_95e045d7","small_molecule","group",2,"STR:glycine max 7s globulin","Glycine max 7S globulin",24,24,0,0,0,"",FALSE
"group_L0_95fee5b0","small_molecule","group",2,"CHEBI:31932","Olmesartan medoxomil",22,22,0,0,0,"",FALSE
"group_L0_961ad4e7","disease_vs_normal","group",2,"UNK",NA,6,6,2,0,2,"MeSH:D004833|STR:multiple_endocrine_neoplasia_type_1_men1",TRUE
"group_L0_9827632d","disease_vs_normal","group",2,"UNK",NA,3,3,3,0,3,"STR:anaplastic_cog_stage_i|STR:diffuse_anaplasia_cog_stage_i|STR:non_anaplastic_cog_stage_iii",TRUE
"group_L0_98c9e31b","small_molecule","group",2,"CHEBI:134201","<em>P</em>-{α-<small>D</small>-Glc<em>p</em>NAc-(1→3)-[<small>D</small>-GroA-(2→1)]-α-<small>D</small>-Glc<em>p</em>NAc-6-yl}-α-<small>D</small>-Glc<em>p</em>NAc-(1→3)-[<em>P</em>-6-[CH<small><sub>2</sub></small>]<small><sub>5</sub></small>NH<small><sub>2</sub></small>]-α-<small>D</small>-Glc<em>p</em>NAc-(1→2)-<small>D</small>-GroA",2,2,0,2,2,"CHEBI:61397|CHEBI:91418",TRUE
"group_L0_994e4252","small_molecule","group",2,"CHEBI:16635","Met-tRNA<small><sup>Met</small></sup>",12,12,0,1,1,"STR:tgf_beta1",FALSE
"group_L0_99da5703","pathogen_or_aggregate_exposure","group",2,"UNK",NA,7,7,0,3,3,"STR:infected_with_sars_cov2_stock|STR:infected_with_shaan_virus_p3|STR:infected_with_shaan_virus_p43",TRUE
"group_L0_9a348105","disease_vs_normal","group",2,"UNK",NA,30,30,0,0,0,"",FALSE
"group_L0_9b689859","disease_vs_normal","group",3,"UNK",NA,13,13,1,0,1,"STR:anaplastic_meningioma",FALSE
"group_L0_9b9fe353","disease_vs_normal","group",2,"UNK",NA,22,22,0,0,0,"",FALSE
"group_L0_9bbc3a38","disease_vs_normal","group",3,"UNK",NA,7,7,2,0,2,"STR:breast_cancer_zr75_1_cells|STR:human_er_breast_cancer",TRUE
"group_L0_9c12af1e","disease_vs_normal","group",2,"UNK",NA,32,32,1,0,1,"STR:aml",FALSE
"group_L0_9c5a29c9","pathogen_or_aggregate_exposure","group",4,"UNK",NA,52,52,0,0,0,"",FALSE
"group_L0_9c86d2cd","small_molecule","group",2,"UNK",NA,105,105,0,1,1,"STR:vitcv",FALSE
"group_L0_9cc64e20","small_molecule","group",4,"UNK",NA,7,7,0,2,2,"CHEBI:85994|STR:s217879",TRUE
"group_L0_9d3004a1","small_molecule","group",2,"CHEBI:50787","<small>L</small>-<i>erythro</i>-3-methylmalic acid",3,3,0,1,1,"CHEBI:52172",FALSE
"group_L0_9d336cc6","pathogen_or_aggregate_exposure","group",4,"UNK",NA,34,34,0,0,0,"",FALSE
"group_L0_9d46e23d","disease_vs_normal","group",12,"UNK",NA,89,89,8,0,8,"MeSH:D009369|MeSH:D011471|MeSH:D065626|STR:fibrosis|STR:hcc",TRUE
"group_L0_9d47ff20","small_molecule","group",2,"CHEBI:88017","α-mycolate type-1 (II)",2,2,0,1,1,"CHEBI:132268",FALSE
"group_L0_9d48882b","disease_vs_normal","group",3,"UNK",NA,62,62,1,0,1,"MeSH:D001749",FALSE
"group_L0_9dbcdeb3","disease_vs_normal","group",4,"UNK",NA,76,76,4,0,4,"STR:dysplastic_cml|STR:ideopathic_pulmonary_disease|STR:proliferative_cml|STR:sle_with_ln",TRUE
"group_L0_9f9c5cd7","disease_vs_normal","group",3,"UNK",NA,9,9,0,0,0,"",FALSE
"group_L0_a06e8fbf","disease_vs_normal","group",2,"UNK",NA,15,15,3,0,3,"STR:diffuse|STR:gastric_adenocarcinoma|STR:intestinal",TRUE
"group_L0_a0d68825","small_molecule","group",2,"UNK",NA,3,3,0,2,2,"CHEBI:73907|STR:gii",TRUE
"group_L0_a162ebe2","small_molecule","group",2,"UNK",NA,10,10,0,6,6,"CHEBI:146227|CHEBI:193137|CHEBI:231359|STR:etonitazenyl_isothiocyanate|STR:mgcd265",TRUE
"group_L0_a172cf91","disease_vs_normal","group",2,"UNK",NA,5,5,2,0,2,"STR:colorectal_cancer_cell_line|STR:human_colorectal_cancer_cell_line",TRUE
"group_L0_a18a78f7","disease_vs_normal","group",2,"UNK",NA,4,4,1,0,1,"STR:endometriosis",FALSE
"group_L0_a19af052","disease_vs_normal","group",2,"UNK",NA,4,4,0,0,0,"",FALSE
"group_L0_a1be3bdf","disease_vs_normal","group",2,"UNK",NA,8,8,2,0,2,"STR:idiopathic_pulmonary_arterial_hypertension_ipah|STR:ipah",TRUE
"group_L0_a1f11d05","disease_vs_normal","group",3,"UNK",NA,10,10,1,0,1,"STR:breast_cancer_cell_line",FALSE
"group_L0_a1fff0d3","small_molecule","group",2,"UNK",NA,16,16,0,1,1,"STR:chemo",FALSE
"group_L0_a23e21de","disease_vs_normal","group",6,"UNK",NA,12,12,4,0,4,"STR:cancer_cell_line|STR:colon_cancer_cell|STR:colon_cancer_cell_line|STR:hct_116_human_colon_adenocarcinoma",TRUE
"group_L0_a2b4763d","small_molecule","group",2,"UNK",NA,5,5,0,3,3,"STR:kj_pyr_9|STR:kj_pyr_9_dex|STR:mb3",TRUE
"group_L0_a348b89f","small_molecule","group",2,"UNK",NA,4,4,0,0,0,"",FALSE
"group_L0_a4511636","disease_vs_normal","group",2,"UNK",NA,15,15,1,0,1,"MeSH:D002311",FALSE
"group_L0_a46484df","disease_vs_normal","group",6,"UNK",NA,166,166,3,0,3,"MeSH:D003424|STR:bpd|STR:cyclic_thrombocytopenia",TRUE
"group_L0_a4b1ec65","disease_vs_normal","group",2,"UNK",NA,19,19,2,0,2,"STR:lung_squamous_cell_carcinoma_tissue|STR:lung_squamous_cell_carcinoma_tumor_samples",TRUE
"group_L0_a558808b","disease_vs_normal","group",2,"UNK",NA,6,6,2,0,2,"STR:cervix_adenocarcinoma|STR:human_epethelial_adenocarcinoma_from_cervix",TRUE
"group_L0_a5a9245b","disease_vs_normal","group",2,"UNK",NA,137,137,3,0,3,"STR:cd|STR:pediatric_ulcerative_colitis|STR:uc",TRUE
"group_L0_a6477b49","small_molecule","group",2,"CHEBI:49960","vandetanib",2,2,0,1,1,"CHEBI:49960",FALSE
"group_L0_a69d194f","disease_vs_normal","group",3,"UNK",NA,17,17,2,0,2,"MeSH:D008198|STR:castleman_disease",TRUE
"group_L0_a6cba3a9","pathogen_or_aggregate_exposure","group",8,"UNK",NA,152,152,0,0,0,"",FALSE
"group_L0_a6dff03d","small_molecule","group",2,"CHEBI:50787","<small>L</small>-<i>erythro</i>-3-methylmalic acid",3,3,0,1,1,"CHEBI:52172",FALSE
"group_L0_a70f2c5b","cytokine_stim","group",2,"MeSH:D015847","Interleukin-4",3,3,0,2,2,"STR:il_4|STR:il4",TRUE
"group_L0_a7331b80","disease_vs_normal","group",2,"UNK",NA,2,2,2,0,2,"STR:atroblastomas|STR:hcc",TRUE
"group_L0_a7ebdd3d","disease_vs_normal","group",2,"UNK",NA,1,1,0,0,0,"",FALSE
"group_L0_a88d4d49","disease_vs_normal","group",6,"UNK",NA,20,20,4,0,4,"MeSH:D006528|STR:hepatocellular_carcinoma_patient|STR:recurrent|STR:surgical_specimens",TRUE
"group_L0_a8b53933","disease_vs_normal","group",2,"UNK",NA,331,331,1,0,1,"MeSH:D015473",FALSE
"group_L0_a8e5c94b","disease_vs_normal","group",4,"UNK",NA,46,46,20,0,20,"STR:lucap_105cr_pdx_tumor|STR:lucap_136cr_pdx_tumor|STR:lucap_145_1_pdx_tumor|STR:lucap_145_2_pdx_tumor|STR:lucap_147cr_pdx_tumor",TRUE
"group_L0_a8fa7013","disease_vs_normal","group",2,"UNK",NA,31,31,1,0,1,"STR:uc",FALSE
"group_L0_a91a29bd","disease_vs_normal","group",2,"UNK",NA,9,9,2,0,2,"MeSH:D013167|STR:hcc",TRUE
"group_L0_a97af865","disease_vs_normal","group",3,"UNK",NA,6,6,2,0,2,"STR:adenocarcinoma_nsclc|STR:human_lung_cancer_cell_line_nci_h1975_and_rna_sequins_mix_a",TRUE
"group_L0_a985c70c","disease_vs_normal","group",2,"UNK",NA,32,32,1,0,1,"STR:idiopathic_pulmonary_fibrosis",FALSE
"group_L0_a9882d5e","small_molecule","group",2,"MeSH:D000989","Antistreptolysin",10,10,0,0,0,"",FALSE
"group_L0_aa76a66c","small_molecule","group",2,"UNK",NA,4,4,0,2,2,"STR:si_1|STR:si_2",TRUE
"group_L0_aa9cf739","disease_vs_normal","group",2,"UNK",NA,5,5,1,0,1,"STR:gastric_cancer_cell_line",FALSE
"group_L0_aac44d3e","disease_vs_normal","group",2,"UNK",NA,4,4,1,0,1,"STR:human_pancreatic_carcinoma_cells",FALSE
"group_L0_ab990809","disease_vs_normal","group",2,"MeSH:D011271","Pregnancy, Ectopic",4,4,1,0,1,"MeSH:D011471",FALSE
"group_L0_abf92a9c","disease_vs_normal","group",2,"UNK",NA,6,6,0,0,0,"",FALSE
"group_L0_ac2d6b69","small_molecule","group",2,"CHEBI:41774","tamoxifen",16,16,0,0,0,"",FALSE
"group_L0_ac47fbc1","disease_vs_normal","group",2,"UNK",NA,4,4,1,0,1,"STR:breast_cancer_cell_line",FALSE
"group_L0_ac5cb963","disease_vs_normal","group",3,"UNK",NA,3,3,1,0,1,"MeSH:D055752",FALSE
"group_L0_ac680446","disease_vs_normal","group",2,"UNK",NA,5,5,1,0,1,"STR:thyroid_cancer_cell_line",FALSE
"group_L0_acf4f76c","disease_vs_normal","group",3,"UNK",NA,4,4,1,0,1,"STR:breast_cancer_cell",FALSE
"group_L0_adda4b0f","small_molecule","group",3,"UNK",NA,10,10,0,1,1,"STR:r1881_atraric_acid_aa",FALSE
"group_L0_ae282665","small_molecule","group",8,"UNK",NA,39,39,0,20,20,"CHEBI:137270|CHEBI:167658|CHEBI:231621|CHEBI:231696|CHEBI:233197",TRUE
"group_L0_ae5ebe99","small_molecule","group",2,"UNK",NA,6,6,0,2,2,"CHEBI:34749|STR:mpc309",TRUE
"group_L0_ae73760b","disease_vs_normal","group",2,"UNK",NA,2,2,1,0,1,"STR:lung_adenocarcinoma_cell_line",FALSE
"group_L0_ae7bfd0a","disease_vs_normal","group",2,"UNK",NA,6,6,2,0,2,"MeSH:D000077192|MeSH:D002289",TRUE
"group_L0_aeaaa3f6","disease_vs_normal","group",2,"UNK",NA,28,28,2,0,2,"MeSH:D008224|MeSH:D016403",TRUE
"group_L0_aecfe8f2","small_molecule","group",2,"UNK",NA,5,5,0,2,2,"STR:osmi2_24h|STR:treated_with_c_1311_for_24_hours",TRUE
"group_L0_aed10b4b","small_molecule","group",2,"UNK",NA,6,6,0,1,1,"CHEBI:137113",FALSE
"group_L0_af3df6a0","disease_vs_normal","group",2,"UNK",NA,13,13,3,0,3,"MeSH:D002294|STR:adenocarcinoma|STR:b",TRUE
"group_L0_af65b69b","disease_vs_normal","group",5,"MeSH:D001943","Breast Neoplasms",11,11,1,0,1,"STR:breast_cancer_cells",FALSE
"group_L0_af9cde6e","small_molecule","group",4,"UNK",NA,16,16,0,5,5,"CHEBI:31263|STR:a_btla|STR:il_1_beta_st2825|STR:ntd|STR:st2825",TRUE
"group_L0_b02920b5","disease_vs_normal","group",3,"UNK",NA,4,4,1,0,1,"MeSH:D002292",FALSE
"group_L0_b0332e91","disease_vs_normal","group",4,"UNK",NA,16,16,0,0,0,"",FALSE
"group_L0_b04c6011","disease_vs_normal","group",2,"UNK",NA,4,4,2,0,2,"MeSH:D001943|STR:adenocarcinoma_breast",TRUE
"group_L0_b0766f73","small_molecule","group",2,"UNK",NA,4,4,0,2,2,"STR:10um_of_1_s|STR:10um_of_1_so",TRUE
"group_L0_b08a7327","disease_vs_normal","group",2,"UNK",NA,3,3,0,0,0,"",FALSE
"group_L0_b0975128","disease_vs_normal","group",2,"UNK",NA,7,7,1,0,1,"STR:ovarian_cancer_cells",FALSE
"group_L0_b09e538d","small_molecule","group",2,"UNK",NA,11,11,0,3,3,"STR:rap|STR:rig_i_agonist|STR:rig_i_agonist_tipiracil",TRUE
"group_L0_b1247620","disease_vs_normal","group",2,"UNK",NA,300,300,1,0,1,"MeSH:D000544",FALSE
"group_L0_b16d020b","disease_vs_normal","group",2,"UNK",NA,66,66,1,0,1,"STR:tnbc",FALSE
"group_L0_b1943f55","disease_vs_normal","group",7,"UNK",NA,128,128,6,0,6,"MeSH:D009369|MeSH:D012004|STR:ffpe_tumor_rna|STR:tumor_biopsies|STR:tumor_needle_biospy",TRUE
"group_L0_b19e1722","disease_vs_normal","group",2,"UNK",NA,26,26,7,0,7,"MeSH:D003882|STR:ad|STR:ftd|STR:mdd|STR:ms",TRUE
"group_L0_b2082193","small_molecule","group",2,"MeSH:D003473","Neuromuscular Nondepolarizing Agents",2,2,0,0,0,"",FALSE
"group_L0_b21b95a8","disease_vs_normal","group",3,"UNK",NA,57,57,0,0,0,"",FALSE
"group_L0_b2696dea","disease_vs_normal","group",2,"UNK",NA,2,2,1,0,1,"STR:tnbc",FALSE
"group_L0_b26c629b","disease_vs_normal","group",7,"UNK",NA,152,152,8,0,8,"MeSH:D009221|MeSH:D056587|STR:bpd|STR:kaschin_beck_disease_patient|STR:lupus",TRUE
"group_L0_b2976ed9","small_molecule","group",2,"CHEBI:46345","5-fluorouracil",2,2,0,2,2,"STR:nct|STR:treatment_of_5_fu_for_5_days",TRUE
"group_L0_b2a455e8","small_molecule","group",2,"CHEBI:134203","<em>P</em>-{α-<small>D</small>-Glc<em>p</em>NAc-(1→3)-[<small>D</small>-GroA-(2→1)]-α-<small>D</small>-Glc<em>p</em>NAc-6-yl}-α-<small>D</small>-Glc<em>p</em>NAc-(1→3)-[<small>D</small>-GroA-(2→1)]-α-<small>D</small>-Glc<em>p</em>NAc-<em>P</em>-6-[CH<small><sub>2</sub></small>]<small><sub>5</sub></small>NHC(=O)[CH<small><sub>2</sub></small>]<small><sub>4</sub></small>C(=O)NHR group",3,3,0,3,3,"CHEBI:145374|CHEBI:90217|STR:enmd2076",TRUE
"group_L0_b345d98f","disease_vs_normal","group",2,"UNK",NA,4,4,0,0,0,"",FALSE
"group_L0_b35eba0c","disease_vs_normal","group",2,"UNK",NA,5,5,1,0,1,"STR:osteosarcoma_cancer",FALSE
"group_L0_b39eb052","disease_vs_normal","group",2,"UNK",NA,18,18,2,0,2,"MeSH:D005706|STR:gallbladder_tumor",TRUE
"group_L0_b3b16266","disease_vs_normal","group",2,"UNK",NA,3,3,1,0,1,"STR:pediatric_ependymoma",FALSE
"group_L0_b3e36fe8","disease_vs_normal","group",3,"UNK",NA,141,141,1,0,1,"STR:non_diabetes",FALSE
"group_L0_b4396c06","disease_vs_normal","group",9,"UNK",NA,28,28,5,0,5,"STR:human_prostate_cancer|STR:human_prostate_cancer_cells|STR:prostate_cancer_cells|STR:prostate_tumor|STR:prrx2_overexpressing_lncap_cells",TRUE
"group_L0_b465e5af","pathogen_or_aggregate_exposure","group",2,"UNK",NA,9,9,0,0,0,"",FALSE
"group_L0_b49ddfca","disease_vs_normal","group",4,"UNK",NA,9,9,0,0,0,"",FALSE
"group_L0_b4be78c2","disease_vs_normal","group",2,"MeSH:D006559","Pemphigoid Gestationis",3,3,1,0,1,"MeSH:D006528",FALSE
"group_L0_b5e3211d","disease_vs_normal","group",3,"UNK",NA,30,30,3,0,3,"STR:conventional_eoe|STR:eoe_like|STR:esophageal_adenocarcinogenesis",TRUE
"group_L0_b6064c35","small_molecule","group",2,"CHEBI:2668","amlodipine",9,9,0,2,2,"CHEBI:2668|STR:amlodipine_only",TRUE
"group_L0_b655216e","small_molecule","group",2,"CHEBI:88246","2'-deoxytubercidin",4,4,0,0,0,"",FALSE
"group_L0_b69aef91","small_molecule","group",2,"CHEBI:229222","capivasertib",3,3,0,1,1,"CHEBI:229222",FALSE
"group_L0_b6de2112","small_molecule","group",2,"UNK",NA,7,7,0,4,4,"CHEBI:125628|STR:25a|STR:azd1132|STR:vx680",TRUE
"group_L0_b7577838","pathogen_or_aggregate_exposure","group",2,"UNK",NA,719,719,0,2,2,"STR:ad35_cs_rtss_rtss|STR:rtss_rtss_rtss",TRUE
"group_L0_b766cfb1","disease_vs_normal","group",2,"UNK",NA,23,23,0,0,0,"",FALSE
"group_L0_b7af8f2e","disease_vs_normal","group",2,"UNK",NA,4,4,1,0,1,"STR:formalin_fixed_paraffin_embedded_ffpe_tumor_tissue_block_from_human_nf2_patient",FALSE
"group_L0_b7bcb590","disease_vs_normal","group",2,"UNK",NA,11,11,0,0,0,"",FALSE
"group_L0_b7ff723e","disease_vs_normal","group",2,"UNK",NA,127,127,0,0,0,"",FALSE
"group_L0_b84b1d99","disease_vs_normal","group",5,"UNK",NA,26,26,7,0,7,"MeSH:D000077192|STR:ipf|STR:lung_squamous_carcinoma|STR:lung_squamous_cell_carcinoma|STR:non_small_cell_lung_cancer",TRUE
"group_L0_b87e32db","small_molecule","group",2,"UNK",NA,12,12,0,1,1,"STR:nsc",FALSE
"group_L0_b8925a84","small_molecule","group",2,"CHEBI:49603","lapatinib",16,16,0,0,0,"",FALSE
"group_L0_b8a9f3f0","disease_vs_normal","group",2,"UNK",NA,6,6,0,0,0,"",FALSE
"group_L0_b8b26ef2","disease_vs_normal","group",2,"UNK",NA,10,10,0,0,0,"",FALSE
"group_L0_b91ec122","small_molecule","group",2,"CHEBI:16579","anisole",3,3,0,1,1,"STR:1alpha",FALSE
"group_L0_b9244693","pathogen_or_aggregate_exposure","group",2,"STR:candidemia","Candidemia",2,2,0,0,0,"",FALSE
"group_L0_b93a21a3","disease_vs_normal","group",2,"UNK",NA,8,8,1,0,1,"STR:colon_cancer_cell_line",FALSE
"group_L0_b9bf0569","small_molecule","group",2,"UNK",NA,10,10,0,3,3,"STR:cccr07|STR:cccr08|STR:tlr7_cm",TRUE
"group_L0_ba0e979f","small_molecule","group",2,"MeSH:D003473","Neuromuscular Nondepolarizing Agents",2,2,0,0,0,"",FALSE
"group_L0_ba8ca63f","disease_vs_normal","group",2,"UNK",NA,9,9,1,0,1,"STR:lesion",FALSE
"group_L0_baeff4ee","disease_vs_normal","group",3,"UNK",NA,10,10,3,0,3,"MeSH:D013274|STR:glioblastoma|STR:tumor_tissue",TRUE
"group_L0_bb2e9ed3","disease_vs_normal","group",2,"UNK",NA,2,2,1,0,1,"STR:hcc",FALSE
"group_L0_bb452cba","disease_vs_normal","group",2,"UNK",NA,3,3,1,0,1,"STR:breast_cancer_cells",FALSE
"group_L0_bbba0a10","small_molecule","group",6,"UNK",NA,20,20,0,7,7,"STR:25a|STR:3r4f|STR:azd1132|STR:palbocicilib_indisulam|STR:pf_06873600",TRUE
"group_L0_bc1f683d","disease_vs_normal","group",8,"UNK",NA,17,17,3,0,3,"MeSH:D000077192|MeSH:D008175|STR:lung",TRUE
"group_L0_bc21c151","small_molecule","group",2,"CHEBI:3139","bleomycin A<small><sub>2</sub></small>",2,2,0,1,1,"CHEBI:3139",FALSE
"group_L0_bc4a906e","disease_vs_normal","group",2,"UNK",NA,50,50,1,0,1,"STR:high_grade_serous_ovarian_cancer",FALSE
"group_L0_bc8715e8","disease_vs_normal","group",2,"UNK",NA,55,55,1,0,1,"STR:not_ibd",FALSE
"group_L0_bca3b88f","pathogen_or_aggregate_exposure","group",2,"UNK",NA,6,6,0,0,0,"",FALSE
"group_L0_bd3cdc18","pathogen_or_aggregate_exposure","group",2,"STR:candidemia","Candidemia",3,3,0,0,0,"",FALSE
"group_L0_be1985de","disease_vs_normal","group",2,"UNK",NA,2,2,1,0,1,"STR:hcc",FALSE
"group_L0_be4c9e12","disease_vs_normal","group",2,"MeSH:D009875","Operator Regions, Genetic",3,3,1,0,1,"STR:caov2_primary_ovarian_cancer_cell",FALSE
"group_L0_be9b8bfe","disease_vs_normal","group",2,"UNK",NA,50,50,0,0,0,"",FALSE
"group_L0_beb0deea","small_molecule","group",2,"UNK",NA,13,13,0,2,2,"STR:gard|STR:treated",TRUE
"group_L0_beb6a444","disease_vs_normal","group",4,"UNK",NA,6,6,2,0,2,"STR:prostate_cancer_cell_line|STR:prostate_cancer_cells",TRUE
"group_L0_bf279341","disease_vs_normal","group",9,"UNK",NA,90,90,3,0,3,"MeSH:D001943|MeSH:D064726|STR:breast_cancer_patients_from_hartford_hospital",TRUE
"group_L0_bf9191bc","disease_vs_normal","group",2,"UNK",NA,7,7,1,0,1,"MeSH:D001749",FALSE
"group_L0_bf9f1e2e","disease_vs_normal","group",3,"UNK",NA,14,14,2,0,2,"STR:bronchopulmonary_dysplasia_bpd|STR:neonatal_onset_multisystem_inflammatory_disease_nomid",TRUE
"group_L0_bffd33c1","disease_vs_normal","group",2,"UNK",NA,15,15,2,0,2,"MeSH:D012008|STR:diagnosis",TRUE
"group_L0_c04f39c0","disease_vs_normal","group",2,"UNK",NA,3,3,2,0,2,"MeSH:D016889|STR:adenocarcinoma",TRUE
"group_L0_c0c2f5dd","disease_vs_normal","group",2,"UNK",NA,7,7,2,0,2,"MeSH:D000077192|STR:lung_adenocarcinoma_tissue",TRUE
"group_L0_c0c46040","disease_vs_normal","group",2,"UNK",NA,4,4,1,0,1,"STR:paracancerous",FALSE
"group_L0_c0e09c43","pathogen_or_aggregate_exposure","group",3,"UNK",NA,5,5,0,2,2,"STR:ifn_b_20_u_ml|STR:influenza_virus_pr8_infection",TRUE
"group_L0_c0e65860","disease_vs_normal","group",9,"MeSH:D000544","Alzheimer Disease",9,9,0,0,0,"",FALSE
"group_L0_c15b63b9","disease_vs_normal","group",3,"UNK",NA,224,224,1,0,1,"MeSH:D010361",FALSE
"group_L0_c1b459d3","disease_vs_normal","group",3,"UNK",NA,8,8,2,0,2,"STR:cancer_cell_line|STR:lung_cancer_cell_lines",TRUE
"group_L0_c1ba8f9a","small_molecule","group",5,"UNK",NA,7,7,0,5,5,"CHEBI:189652|STR:5_aza_cdr|STR:anti_hsp60n_h2o2|STR:manio|STR:opwps_treatment",TRUE
"group_L0_c1e85b94","disease_vs_normal","group",2,"UNK",NA,5,5,1,0,1,"STR:mda_mb_231_breast_cancer_cell_line",FALSE
"group_L0_c22bd1cc","disease_vs_normal","group",5,"UNK",NA,124,124,1,0,1,"MeSH:D065626",FALSE
"group_L0_c24003f7","disease_vs_normal","group",2,"UNK",NA,7,7,1,0,1,"STR:human_prostate_cancer_cell_line",FALSE
"group_L0_c262808b","pathogen_or_aggregate_exposure","group",2,"STR:tuberculosis","Tuberculosis",72,72,0,0,0,"",FALSE
"group_L0_c29e330c","disease_vs_normal","group",3,"UNK",NA,14,14,2,0,2,"STR:breast_cancer_cells|STR:human_breast_carcinoma",TRUE
"group_L0_c31f0301","disease_vs_normal","group",2,"UNK",NA,5,5,1,0,1,"STR:alps_fas",FALSE
"group_L0_c38a944a","disease_vs_normal","group",22,"UNK",NA,127,127,7,0,7,"MeSH:D011471|STR:carcinoma|STR:prad|STR:prostate_cancer_cell_line_lncap|STR:prostate_cancer_cells",TRUE
"group_L0_c3b3f8c3","disease_vs_normal","group",2,"UNK",NA,7,7,1,0,1,"STR:dukes_type_c",FALSE
"group_L0_c400f0e1","disease_vs_normal","group",5,"UNK",NA,33,33,3,0,3,"MeSH:D002292|MeSH:D009369|STR:ccrcc",TRUE
"group_L0_c402d96b","small_molecule","group",2,"UNK",NA,5,5,0,2,2,"STR:androgen_treated|STR:dht_x15695",TRUE
"group_L0_c4720687","disease_vs_normal","group",2,"UNK",NA,2,2,2,0,2,"STR:atroblastomas|STR:hcc",TRUE
"group_L0_c4f3ab62","small_molecule","group",2,"UNK",NA,6,6,0,3,3,"STR:jq1_paclitaxel|STR:jq1_palbociclib|STR:pf_06873600",TRUE
"group_L0_c4fc6c67","disease_vs_normal","group",13,"UNK",NA,245,245,8,0,8,"MeSH:D000077192|MeSH:D002294|MeSH:D009369|STR:distal_metastsis|STR:ipf",TRUE
"group_L0_c53a8f28","small_molecule","group",5,"UNK",NA,17,17,0,7,7,"CHEBI:124921|CHEBI:176335|STR:1_3_mer_transfected|STR:8hq|STR:8hq_fac",TRUE
"group_L0_c5d20ee3","small_molecule","group",3,"CHEBI:17126","carnitine",10,10,0,1,1,"STR:lps_exposed_for_24_hours",FALSE
"group_L0_c6243e02","small_molecule","group",2,"CHEBI:123456","N-ethyl-2-[(2R,3R,6S)-3-[(4-fluorophenyl)sulfonylamino]-2-(hydroxymethyl)-3,6-dihydro-2H-pyran-6-yl]acetamide",3,3,0,1,1,"CHEBI:231356",FALSE
"group_L0_c6c24dd7","small_molecule","group",2,"UNK",NA,27,27,0,5,5,"STR:cells_grown_in_a_q_depleted_medium_for_18h_followed_by_cycloheximid_and_tryptolide_treatment_for_3_hours|STR:cells_grown_in_a_q_depleted_medium_for_18h_followed_by_tryptolide_treatment_for_3_hours|STR:mapk_inhibitors_followed_by_cycloheximid_and_tryptolide_treatment_for_3_hours|STR:mapk_inhibitors_followed_by_cycloheximid_treatment_for_3_hours|STR:mapk_inhibitors_followed_by_tryptolide_treatment_for_3_hours",TRUE
"group_L0_c71f23b2","disease_vs_normal","group",2,"UNK",NA,2,2,2,0,2,"MeSH:D010190|STR:patient_derived_pdac",TRUE
"group_L0_c768e38c","disease_vs_normal","group",3,"UNK",NA,40,40,2,0,2,"MeSH:D013274|STR:tumor_tissue",TRUE
"group_L0_c777c7c6","cytokine_stim","group",2,"STR:interferon gamma","Interferon gamma",3,3,0,2,2,"STR:ifn_g|STR:ifng",TRUE
"group_L0_c79005ad","small_molecule","group",2,"UNK",NA,5,5,0,1,1,"STR:st101",FALSE
"group_L0_c7cd64b1","disease_vs_normal","group",11,"UNK",NA,147,147,9,0,9,"MeSH:D014860|MeSH:D015535|MeSH:D017449|MeSH:D055623|STR:acute_stage_nucl",TRUE
"group_L0_c7de8eb4","disease_vs_normal","group",2,"UNK",NA,13,13,3,0,3,"MeSH:D005764|STR:eoe_like|STR:eosinophilic_esophagitis_eoe",TRUE
"group_L0_c7f37c5a","disease_vs_normal","group",10,"UNK",NA,20,20,4,0,4,"MeSH:D011471|STR:carcinoma|STR:prostate_cancer_cell_line_du145|STR:prostate_cancer_cells",TRUE
"group_L0_c7f61da1","small_molecule","group",2,"UNK",NA,2,2,0,1,1,"STR:gefitinib_selected",FALSE
"group_L0_c80ce594","disease_vs_normal","group",2,"UNK",NA,2,2,1,0,1,"STR:breast_cancer_cell_line",FALSE
"group_L0_c8bdb215","disease_vs_normal","group",2,"UNK",NA,2,2,2,0,2,"STR:atroblastomas|STR:hcc",TRUE
"group_L0_c8d09f2c","small_molecule","group",2,"STR:bevacizumab","bevacizumab",27,27,0,0,0,"",FALSE
"group_L0_c8e9f828","disease_vs_normal","group",3,"UNK",NA,22,22,3,0,3,"STR:hbv_hcc|STR:nf|STR:tumor_tissue",TRUE
"group_L0_c8fcf785","small_molecule","group",2,"CHEBI:75929","<small>D</small>-cycloserine(1+)",2,2,0,1,1,"CHEBI:67271",FALSE
"group_L0_c9bf363f","small_molecule","group",3,"UNK",NA,10,10,0,3,3,"STR:compound_18|STR:flu|STR:sr2211",TRUE
"group_L0_c9d10ff2","disease_vs_normal","group",2,"UNK",NA,15,15,2,0,2,"MeSH:D016393|STR:castleman_disease",TRUE
"group_L0_c9fa12ef","disease_vs_normal","group",3,"UNK",NA,20,20,2,0,2,"STR:ctl|STR:paratumor_non_cancerous_tissue",TRUE
"group_L0_ca24425c","disease_vs_normal","group",2,"UNK",NA,19,19,0,0,0,"",FALSE
"group_L0_ca9960ae","disease_vs_normal","group",14,"UNK",NA,35,35,9,0,9,"STR:a549_cells_human_lung_adenocarcinoma_cell_line|STR:human_alveolar_adenocarcinoma_a549_cells|STR:human_cancer_cell_line_from_lung_adenocarcinoma_a549|STR:lung_cancer_cell|STR:lung_cancer_cell_line",TRUE
"group_L0_cae9a2a6","small_molecule","group",3,"UNK",NA,17,17,0,4,4,"STR:agi24512|STR:apr_246|STR:mz1_iaa_under_heat_shock_conditions|STR:mz1_iaa_under_non_heat_shock_conditions",TRUE
"group_L0_caf317ac","disease_vs_normal","group",3,"UNK",NA,303,303,3,0,3,"MeSH:D003093|MeSH:D003424|STR:crohn_s_disease_cd_or_ulcerative_colitis_uc",TRUE
"group_L0_caf9b18b","disease_vs_normal","group",8,"UNK",NA,30,30,3,0,3,"MeSH:D001943|STR:breast_cancer_cells|STR:luminal_breast_cancer",TRUE
"group_L0_cb02fd49","small_molecule","group",2,"UNK",NA,8,8,0,0,0,"",FALSE
"group_L0_cb54db0e","disease_vs_normal","group",2,"UNK",NA,4,4,2,0,2,"MeSH:D006528|STR:liver_cancer_cells",TRUE
"group_L0_cb5b7594","disease_vs_normal","group",2,"UNK",NA,3,3,1,0,1,"STR:acute_myeloid_leukemia_aml",FALSE
"group_L0_cbbdee1d","cytokine_stim","group",2,"STR:interferon gamma","Interferon gamma",3,3,0,1,1,"STR:ifn_g",FALSE
"group_L0_cbc0efdc","disease_vs_normal","group",2,"UNK",NA,8,8,2,0,2,"STR:idiopathic_pulmonary_fibrosis_ipf|STR:pulmonary_fibrosis",TRUE
"group_L0_cc14229c","disease_vs_normal","group",3,"UNK",NA,86,86,0,0,0,"",FALSE
"group_L0_cc38e3f7","disease_vs_normal","group",5,"UNK",NA,23,23,1,0,1,"MeSH:D011471",FALSE
"group_L0_cc65a0d2","disease_vs_normal","group",4,"UNK",NA,177,177,1,0,1,"MeSH:D016773",FALSE
"group_L0_cce35545","disease_vs_normal","group",2,"UNK",NA,62,62,1,0,1,"STR:human_colorectal_cancer_tissue",FALSE
"group_L0_cd059b0a","pathogen_or_aggregate_exposure","group",2,"UNK",NA,10,10,0,0,0,"",FALSE
"group_L0_cd4c2afa","disease_vs_normal","group",4,"UNK",NA,40,40,5,0,5,"STR:adeno|STR:die|STR:endometriosis|STR:iua_patient|STR:oe",TRUE
"group_L0_cd99b017","small_molecule","group",2,"MeSH:D004076","Digoxigenin",77,77,0,0,0,"",FALSE
"group_L0_cdac976c","disease_vs_normal","group",2,"UNK",NA,11,11,0,0,0,"",FALSE
"group_L0_ce0745d9","pathogen_or_aggregate_exposure","group",3,"UNK",NA,7,7,0,0,0,"",FALSE
"group_L0_ce0efbd7","small_molecule","group",2,"UNK",NA,4,4,0,1,1,"STR:ms023_gsk591",FALSE
"group_L0_ce7744fa","disease_vs_normal","group",5,"UNK",NA,52,52,3,0,3,"MeSH:D000093284|MeSH:D001749|STR:stage_1_bladder_cancer_tumor",TRUE
"group_L0_ce97dc1d","disease_vs_normal","group",6,"UNK",NA,102,102,5,0,5,"STR:breast_cancer_tissue|STR:cancer_tissue|STR:ctl|STR:dm|STR:lrr",TRUE
"group_L0_ced9f743","disease_vs_normal","group",11,"UNK",NA,30,30,6,0,6,"STR:breast_adenocarcinoma_cell|STR:breast_cancer_cell|STR:breast_cancer_cells|STR:epithelial_cell_line_from_breast_adenocarcinoma|STR:human_mcf7_breast_cancer_cells",TRUE
"group_L0_cee133a7","disease_vs_normal","group",2,"UNK",NA,13,13,2,0,2,"MeSH:D005706|STR:xantho_granulomatous_cholecystitis",TRUE
"group_L0_cf512c10","small_molecule","group",2,"UNK",NA,4,4,0,1,1,"STR:kw2449",FALSE
"group_L0_cf560b81","disease_vs_normal","group",2,"UNK",NA,4,4,1,0,1,"STR:large_cell_lung_cancer",FALSE
"group_L0_cf613770","disease_vs_normal","group",4,"UNK",NA,10,10,4,0,4,"MeSH:D013964|STR:hbv_hcc|STR:thyroid_cancer_thc|STR:tumor_tissue",TRUE
"group_L0_cfa728ea","small_molecule","group",2,"CHEBI:123456","N-ethyl-2-[(2R,3R,6S)-3-[(4-fluorophenyl)sulfonylamino]-2-(hydroxymethyl)-3,6-dihydro-2H-pyran-6-yl]acetamide",4,4,0,1,1,"CHEBI:90943",FALSE
"group_L0_cfca9e0c","disease_vs_normal","group",2,"UNK",NA,4,4,2,0,2,"STR:hfpef|STR:persistent_non_valvular_atrial_fibrillation_af",TRUE
"group_L0_d0f3207d","disease_vs_normal","group",2,"UNK",NA,5,5,4,0,4,"STR:a549_lung_cancer_cell_line_ctrl_sirna_1_rep1|STR:a549_lung_cancer_cell_line_ctrl_sirna_1_rep2|STR:a549_lung_cancer_cell_line_ctrl_sirna_2_rep1|STR:a549_lung_cancer_cell_line_ctrl_sirna_2_rep2",TRUE
"group_L0_d12d68e7","disease_vs_normal","group",23,"UNK",NA,676,676,11,0,11,"MeSH:D006528|MeSH:D008103|MeSH:D009369|MeSH:D065626|STR:biliary_atresia",TRUE
"group_L0_d14d0ce2","disease_vs_normal","group",2,"UNK",NA,10,10,2,0,2,"STR:medulloblastoma_tumor_tissue|STR:tumor_med",TRUE
"group_L0_d1aeaa23","disease_vs_normal","group",2,"UNK",NA,3,3,0,0,0,"",FALSE
"group_L0_d326ee87","disease_vs_normal","group",12,"UNK",NA,35,35,4,0,4,"STR:colon_cancer_cell_line|STR:colon_carcinoma_cells|STR:colorectal_carcinoma_cell_line_hct116|STR:human_colorectal_cancer_cell_line_hct116",TRUE
"group_L0_d3601f08","disease_vs_normal","group",10,"UNK",NA,23,23,6,0,6,"STR:human_prostate_adenocarcinoma_cells|STR:human_prostate_cancer_cell_line|STR:human_prostate_cancer_cells|STR:lncap_prostate_cancer_cell_line|STR:lncap_prostate_cancer_cells",TRUE
"group_L0_d364ba2f","pathogen_or_aggregate_exposure","group",2,"UNK",NA,8,8,0,0,0,"",FALSE
"group_L0_d3a38919","small_molecule","group",2,"CHEBI:75597","dT<small><sub>8</sub></small>",3,3,0,1,1,"CHEBI:68647",FALSE
"group_L0_d43bc1c1","disease_vs_normal","group",2,"UNK",NA,11,11,1,0,1,"MeSH:D008175",FALSE
"group_L0_d45317b0","disease_vs_normal","group",2,"UNK",NA,8,8,2,0,2,"MeSH:D010190|STR:pancreatic_ductal_adenocarcinoma",TRUE
"group_L0_d477b3ee","disease_vs_normal","group",2,"UNK",NA,3,3,1,0,1,"STR:colitis_associated_cancer_patient_derived_xenograft_pdx",FALSE
"group_L0_d4dcc907","disease_vs_normal","group",2,"UNK",NA,13,13,0,0,0,"",FALSE
"group_L0_d537675c","small_molecule","group",2,"CHEBI:2663","amiodarone",26,26,0,0,0,"",FALSE
"group_L0_d5cecefc","small_molecule","group",3,"UNK",NA,12,12,0,3,3,"HGNC:GREB1|STR:androgen_induction|STR:dhticle",TRUE
"group_L0_d5d38716","disease_vs_normal","group",2,"UNK",NA,24,24,3,0,3,"MeSH:D002311|STR:idiopathic_dilated_cardiomyopathy_dcm|STR:ischemic_cardiomyopathy",TRUE
"group_L0_d6172325","disease_vs_normal","group",2,"UNK",NA,5,5,0,0,0,"",FALSE
"group_L0_d664f95d","disease_vs_normal","group",3,"UNK",NA,22,22,1,0,1,"STR:hcc",FALSE
"group_L0_d6a7fcd5","disease_vs_normal","group",2,"UNK",NA,7,7,0,0,0,"",FALSE
"group_L0_d6ae2741","disease_vs_normal","group",5,"UNK",NA,42,42,6,0,6,"STR:adenocarcinoma_nos|STR:esophagus_cancer_patient|STR:liver_cancer_patient|STR:myocardial_infarction_patient_without_cardiac_remodeling|STR:neuroendocrine_carcinoma",TRUE
"group_L0_d6b0a9f6","disease_vs_normal","group",3,"UNK",NA,9,9,2,0,2,"MeSH:D008175|STR:human_non_small_cell_lung_carcinoma",TRUE
"group_L0_d6d8a6cb","disease_vs_normal","group",2,"UNK",NA,26,26,1,0,1,"MeSH:D001172",FALSE
"group_L0_d7481884","small_molecule","group",2,"CHEBI:17126","carnitine",2,2,0,0,0,"",FALSE
"group_L0_d77ecd54","disease_vs_normal","group",3,"UNK",NA,16,16,5,0,5,"STR:embryonal|STR:ependymoma|STR:glioblastoma|STR:glioma|STR:glioneuronal_neuronal",TRUE
"group_L0_d90e33b0","small_molecule","group",2,"MeSH:D000981","Antiprotozoal Agents",6,6,0,1,1,"STR:rna",FALSE
"group_L0_d9851977","small_molecule","group",2,"CHEBI:67271","MK-2206",2,2,0,1,1,"CHEBI:67271",FALSE
"group_L0_d9b814e5","pathogen_or_aggregate_exposure","group",3,"UNK",NA,103,103,0,0,0,"",FALSE
"group_L0_d9cb2da4","small_molecule","group",2,"UNK",NA,25,25,0,1,1,"STR:folfirinox",FALSE
"group_L0_d9e28834","disease_vs_normal","group",2,"UNK",NA,5,5,1,0,1,"STR:prostate_cancer_organoid",FALSE
"group_L0_d9f93187","disease_vs_normal","group",2,"UNK",NA,28,28,0,0,0,"",FALSE
"group_L0_da14fbde","disease_vs_normal","group",2,"UNK",NA,176,176,3,0,3,"STR:ild_pss|STR:non_ild_pss|STR:pss",TRUE
"group_L0_db42ec0d","pathogen_or_aggregate_exposure","group",4,"UNK",NA,49,49,0,0,0,"",FALSE
"group_L0_dba0bac8","pathogen_or_aggregate_exposure","group",11,"UNK",NA,173,173,0,0,0,"",FALSE
"group_L0_dbe70314","disease_vs_normal","group",2,"UNK",NA,7,7,1,0,1,"STR:thrombotic_primary_aps",FALSE
"group_L0_dc50ae03","pathogen_or_aggregate_exposure","group",2,"UNK",NA,8,8,0,0,0,"",FALSE
"group_L0_dc90f05a","pathogen_or_aggregate_exposure","group",2,"STR:candidemia","Candidemia",2,2,0,0,0,"",FALSE
"group_L0_dcea78cf","disease_vs_normal","group",2,"UNK",NA,5,5,1,0,1,"STR:polycystic_ovary_syndrome",FALSE
"group_L0_dd3f27f3","small_molecule","group",3,"UNK",NA,8,8,0,5,5,"CHEBI:131184|HGNC:CYP1A1|HGNC:CYP1B1|STR:5_aza_cdr_gsk_126|STR:skf96365",TRUE
"group_L0_dd70293d","disease_vs_normal","group",3,"UNK",NA,3,3,1,0,1,"STR:human_bladder_cancer_cell_line_j82",FALSE
"group_L0_dd971dc9","pathogen_or_aggregate_exposure","group",2,"UNK",NA,21,21,0,0,0,"",FALSE
"group_L0_de0b7cee","disease_vs_normal","group",2,"UNK",NA,2,2,1,0,1,"STR:pro_b_mll_leukemia_cell_line_rs4_11",FALSE
"group_L0_de0f5807","small_molecule","group",2,"UNK",NA,10,10,0,0,0,"",FALSE
"group_L0_de2406ce","disease_vs_normal","group",2,"UNK",NA,23,23,1,0,1,"STR:caucasian_women",FALSE
"group_L0_de355dd9","small_molecule","group",2,"CHEBI:75928","(<i>S</i>)-2-hydroxyhexadecanoate",4,4,0,1,1,"CHEBI:78543",FALSE
"group_L0_dee9084b","disease_vs_normal","group",2,"UNK",NA,42,42,3,0,3,"STR:5|STR:non_squamous|STR:squamous",TRUE
"group_L0_df4abba3","disease_vs_normal","group",2,"UNK",NA,9,9,1,0,1,"STR:nasopharyngeal_carcinoma",FALSE
"group_L0_df4ea12d","disease_vs_normal","group",2,"UNK",NA,119,119,1,0,1,"MeSH:D015470",FALSE
"group_L0_df710ab2","disease_vs_normal","group",2,"UNK",NA,14,14,0,0,0,"",FALSE
"group_L0_e0740450","disease_vs_normal","group",8,"UNK",NA,117,117,4,0,4,"STR:ad|STR:mdd|STR:nlrc4_macrophage_activation_syndrome_mas|STR:pll",TRUE
"group_L0_e0a6ec69","disease_vs_normal","group",2,"UNK",NA,11,11,0,0,0,"",FALSE
"group_L0_e101f698","disease_vs_normal","group",2,"UNK",NA,11,11,0,0,0,"",FALSE
"group_L0_e13de6b8","disease_vs_normal","group",3,"UNK",NA,11,11,2,0,2,"STR:du145_atcc_htb_81_human_prostate_tumor_cell_line|STR:human_prostate_cancer_cell_line",TRUE
"group_L0_e1797171","disease_vs_normal","group",3,"UNK",NA,12,12,2,0,2,"MeSH:D009369|STR:liver",TRUE
"group_L0_e18d759e","disease_vs_normal","group",2,"UNK",NA,2,2,0,0,0,"",FALSE
"group_L0_e1c2ea24","disease_vs_normal","group",3,"UNK",NA,38,38,2,0,2,"MeSH:D002292|STR:renal_clear_cell_carcinoma",TRUE
"group_L0_e1d6deec","small_molecule","group",2,"UNK",NA,5,5,0,3,3,"STR:bgj398_24h|STR:blu6864_24h|STR:blu6864_bgj398_24h",TRUE
"group_L0_e235ba5a","disease_vs_normal","group",2,"MeSH:D012138","Respiratory Therapy",29,29,2,0,2,"STR:rheumatoid_arthritis_early|STR:rheumatoid_arthritis_established",TRUE
"group_L0_e296418b","disease_vs_normal","group",2,"UNK",NA,17,17,1,0,1,"MeSH:D015464",FALSE
"group_L0_e2feb27a","disease_vs_normal","group",2,"UNK",NA,19,19,1,0,1,"STR:low_grade_endometrial_stromal_sarcoma_lg_ess",FALSE
"group_L0_e31b7903","small_molecule","group",2,"UNK",NA,7,7,0,3,3,"STR:androgen_receptor_targeting_degrader|STR:autophagy_activating_ligand|STR:enzalutamide_saracatinib",TRUE
"group_L0_e39bc255","disease_vs_normal","group",2,"UNK",NA,2,2,1,0,1,"STR:adenocarcinoma",FALSE
"group_L0_e49307cc","pathogen_or_aggregate_exposure","group",2,"UNK",NA,59,59,0,0,0,"",FALSE
"group_L0_e4c3b06c","pathogen_or_aggregate_exposure","group",3,"UNK",NA,20,20,0,6,6,"STR:ama1|STR:csp|STR:hbs|STR:mtb|STR:t_gondii_strain_pru",TRUE
"group_L0_e4d92133","disease_vs_normal","group",3,"UNK",NA,35,35,19,0,19,"STR:lucap_136cr_pdx_tumor|STR:lucap_147cr_pdx_tumor|STR:lucap_167cr_pdx_tumor|STR:lucap_189_3cr_pdx_tumor|STR:lucap_23_1cr3_pdx_tumor",TRUE
"group_L0_e4e66ea3","disease_vs_normal","group",2,"UNK",NA,6,6,2,0,2,"STR:invasive_breast_carcinoma|STR:invasive_ductal_breast_cancer",TRUE
"group_L0_e52f9fe1","disease_vs_normal","group",2,"UNK",NA,2,2,1,0,1,"MeSH:D010634",FALSE
"group_L0_e58efed9","disease_vs_normal","group",2,"UNK",NA,2,2,1,0,1,"STR:oe",FALSE
"group_L0_e590cb2f","disease_vs_normal","group",2,"UNK",NA,6,6,2,0,2,"STR:abc_dlbcl|STR:gc_dlbcl",TRUE
"group_L0_e5ba5f22","disease_vs_normal","group",3,"UNK",NA,6,6,2,0,2,"MeSH:D064726|STR:breast_cancer_cells",TRUE
"group_L0_e5ea6929","disease_vs_normal","group",2,"UNK",NA,4,4,1,0,1,"STR:luminal_breast_cancer",FALSE
"group_L0_e6256de1","small_molecule","group",16,"MeSH:D000090","Acetoacetates",16,16,0,0,0,"",FALSE
"group_L0_e6778288","small_molecule","group",2,"CHEBI:29693","thiostrepton",3,3,0,1,1,"CHEBI:29693",FALSE
"group_L0_e67fc392","disease_vs_normal","group",5,"UNK",NA,68,68,3,0,3,"MeSH:D001943|STR:breast_cancer_with_diabetes|STR:er_pr",TRUE
"group_L0_e704c787","disease_vs_normal","group",2,"UNK",NA,50,50,1,0,1,"STR:hc",FALSE
"group_L0_e7585447","disease_vs_normal","group",4,"UNK",NA,20,20,3,0,3,"STR:eosinophilic_asthma|STR:high_ige|STR:low_ige",TRUE
"group_L0_e7620615","pathogen_or_aggregate_exposure","group",2,"STR:candidemia","Candidemia",2,2,0,0,0,"",FALSE
"group_L0_e7c860cf","pathogen_or_aggregate_exposure","group",2,"UNK",NA,2,2,0,0,0,"",FALSE
"group_L0_e84ef54d","disease_vs_normal","group",3,"UNK",NA,37,37,3,0,3,"STR:emphysema|STR:ipf|STR:pah",TRUE
"group_L0_e8559276","disease_vs_normal","group",4,"UNK",NA,14,14,0,0,0,"",FALSE
"group_L0_e903c82e","disease_vs_normal","group",12,"UNK",NA,26,26,6,0,6,"MeSH:D001943|STR:breast_cancer_cells|STR:breast_cancer_t47d_cells|STR:human_breast_cancer_cells|STR:human_er_breast_cancer",TRUE
"group_L0_e940e78c","pathogen_or_aggregate_exposure","group",2,"UNK",NA,6,6,0,0,0,"",FALSE
"group_L0_e9711749","small_molecule","group",2,"CHEBI:23965","estradiol",2,2,0,0,0,"",FALSE
"group_L0_e9876db9","disease_vs_normal","group",2,"UNK",NA,18,18,0,0,0,"",FALSE
"group_L0_e988112c","small_molecule","group",2,"UNK",NA,5,5,0,2,2,"STR:sipvt1|STR:treatment",TRUE
"group_L0_e9ed0b01","disease_vs_normal","group",3,"UNK",NA,5,5,2,0,2,"STR:human_lung_cancer_cell_line|STR:lung_cancer_cell_lines",TRUE
"group_L0_ea102a26","disease_vs_normal","group",9,"UNK",NA,149,149,1,0,1,"STR:not_iris",FALSE
"group_L0_ea1c55d6","pathogen_or_aggregate_exposure","group",2,"STR:human immunodeficiency virus 1","Human immunodeficiency virus 1",5,5,0,0,0,"",FALSE
"group_L0_ea582c09","disease_vs_normal","group",2,"UNK",NA,8,8,0,0,0,"",FALSE
"group_L0_eab647ca","disease_vs_normal","group",2,"UNK",NA,10,10,2,0,2,"STR:diabetic|STR:sjogren_s_syndrome",TRUE
"group_L0_ead98024","disease_vs_normal","group",2,"UNK",NA,4,4,1,0,1,"STR:human_lung_adenocarcinoma_cell",FALSE
"group_L0_eb3815b4","disease_vs_normal","group",2,"UNK",NA,6,6,1,0,1,"STR:human_bladder_cancer_cell_line_t24",FALSE
"group_L0_eb68f125","disease_vs_normal","group",2,"UNK",NA,8,8,0,0,0,"",FALSE
"group_L0_eb9a1dc7","pathogen_or_aggregate_exposure","group",2,"STR:candidemia","Candidemia",9,9,0,0,0,"",FALSE
"group_L0_ebe64679","disease_vs_normal","group",4,"UNK",NA,8,8,2,0,2,"MeSH:D006528|MeSH:D008113",TRUE
"group_L0_ec3ed65d","disease_vs_normal","group",2,"UNK",NA,35,35,1,0,1,"STR:cd",FALSE
"group_L0_ecabd300","disease_vs_normal","group",2,"UNK",NA,3,3,1,0,1,"STR:jmml_other_mutated",FALSE
"group_L0_eced988e","disease_vs_normal","group",2,"UNK",NA,14,14,0,0,0,"",FALSE
"group_L0_ed4946ec","disease_vs_normal","group",2,"UNK",NA,5,5,1,0,1,"STR:breast_cancer_cells",FALSE
"group_L0_ed4bb531","small_molecule","group",2,"CHEBI:134203","<em>P</em>-{α-<small>D</small>-Glc<em>p</em>NAc-(1→3)-[<small>D</small>-GroA-(2→1)]-α-<small>D</small>-Glc<em>p</em>NAc-6-yl}-α-<small>D</small>-Glc<em>p</em>NAc-(1→3)-[<small>D</small>-GroA-(2→1)]-α-<small>D</small>-Glc<em>p</em>NAc-<em>P</em>-6-[CH<small><sub>2</sub></small>]<small><sub>5</sub></small>NHC(=O)[CH<small><sub>2</sub></small>]<small><sub>4</sub></small>C(=O)NHR group",6,6,0,5,5,"CHEBI:90531|STR:at9283|STR:icotinib|STR:mgcd265|STR:saridegib",TRUE
"group_L0_edaf157e","small_molecule","group",2,"CHEBI:50280","(<i>R</i>)-lavandulyl diphosphate",2,2,0,1,1,"CHEBI:38940",FALSE
"group_L0_edb9fb1c","pathogen_or_aggregate_exposure","group",2,"UNK",NA,73,73,0,0,0,"",FALSE
"group_L0_ede359ba","disease_vs_normal","group",2,"MeSH:D006559","Pemphigoid Gestationis",2,2,0,0,0,"",FALSE
"group_L0_edf10243","disease_vs_normal","group",2,"UNK",NA,6,6,1,0,1,"MeSH:D009369",FALSE
"group_L0_ee38e03f","disease_vs_normal","group",2,"UNK",NA,43,43,2,0,2,"STR:primary|STR:recurrent",TRUE
"group_L0_ee46b388","disease_vs_normal","group",4,"UNK",NA,29,29,1,0,1,"STR:esophageal_squamous_cell_carcinoma",FALSE
"group_L0_ee56d018","disease_vs_normal","group",4,"UNK",NA,21,21,3,0,3,"STR:colon_cancer_stage_ii_iv|STR:crc|STR:without_metastasis",TRUE
"group_L0_eeb626f0","disease_vs_normal","group",2,"UNK",NA,6,6,1,0,1,"MeSH:D015470",FALSE
"group_L0_eeeb76f3","disease_vs_normal","group",11,"UNK",NA,124,124,7,0,7,"MeSH:D001943|MeSH:D006528|MeSH:D009369|STR:esophageal_and_gastroesophageal_junction_adenocarcinoma|STR:hcc",TRUE
"group_L0_ef1a9b34","disease_vs_normal","group",2,"UNK",NA,3,3,0,0,0,"",FALSE
"group_L0_ef20c778","small_molecule","group",2,"MeSH:D011384","Proinsulin",84,84,0,0,0,"",FALSE
"group_L0_ef233b42","disease_vs_normal","group",2,"UNK",NA,4,4,2,0,2,"STR:22rv1_atcc_crl_2505_human_prostate_tumor_cell_line|STR:prostate_cancer_cell_line",TRUE
"group_L0_ef9e8acc","small_molecule","group",2,"MeSH:D009428","Netilmicin",2,2,0,0,0,"",FALSE
"group_L0_efc11fa6","disease_vs_normal","group",2,"UNK",NA,4,4,2,0,2,"MeSH:D000077192|MeSH:D008175",TRUE
"group_L0_efe515c8","disease_vs_normal","group",4,"UNK",NA,10,10,3,0,3,"STR:human_lung_adenocarcinoma_cell_line|STR:lung_cancer_cell|STR:non_small_cell_lung_cancer_cell_line",TRUE
"group_L0_f0dc9759","small_molecule","group",2,"CHEBI:123456","N-ethyl-2-[(2R,3R,6S)-3-[(4-fluorophenyl)sulfonylamino]-2-(hydroxymethyl)-3,6-dihydro-2H-pyran-6-yl]acetamide",3,3,0,1,1,"CHEBI:61397",FALSE
"group_L0_f1160cf2","small_molecule","group",2,"UNK",NA,8,8,0,4,4,"STR:bza|STR:e2bza|STR:tgf_beta_type1_receptor_inhibitor_sb_431542|STR:tgf_beta_type1_receptor_inhibitor_sb_431542_dox",TRUE
"group_L0_f12095b7","disease_vs_normal","group",2,"UNK",NA,324,324,17,0,17,"MeSH:D004938|MeSH:D006528|MeSH:D006689|MeSH:D006976|MeSH:D010051",TRUE
"group_L0_f12acf09","disease_vs_normal","group",2,"UNK",NA,4,4,0,0,0,"",FALSE
"group_L0_f1ae740b","small_molecule","group",3,"CHEBI:16579","anisole",25,25,0,2,2,"STR:10_nm_1|STR:1alpha",TRUE
"group_L0_f1af5aa6","disease_vs_normal","group",11,"UNK",NA,191,191,9,0,9,"MeSH:D015470|MeSH:D015477|STR:adult_mixed_phenotype_acute_leukemia|STR:aml|STR:bone_marrow",TRUE
"group_L0_f260c04f","disease_vs_normal","group",2,"UNK",NA,9,9,0,0,0,"",FALSE
"group_L0_f28b50d5","disease_vs_normal","group",2,"UNK",NA,7,7,1,0,1,"MeSH:D009062",FALSE
"group_L0_f2a8787d","disease_vs_normal","group",2,"UNK",NA,4,4,2,0,2,"MeSH:D013274|STR:gastric_cancer_cell",TRUE
"group_L0_f2de84d2","disease_vs_normal","group",2,"UNK",NA,4,4,2,0,2,"STR:disease|STR:gastric_cancer_tissue",TRUE
"group_L0_f2f59fb5","disease_vs_normal","group",3,"UNK",NA,17,17,2,0,2,"STR:not_applicable|STR:para_tumor",TRUE
"group_L0_f31f9dbe","disease_vs_normal","group",8,"UNK",NA,154,154,9,0,9,"MeSH:D001943|MeSH:D002285|STR:breast|STR:ffpe_breast_tumor|STR:fresh_frozen_breast_tumor",TRUE
"group_L0_f3c6b9ce","disease_vs_normal","group",2,"UNK",NA,34,34,2,0,2,"STR:bhd|STR:kidney",TRUE
"group_L0_f3f766dd","small_molecule","group",2,"UNK",NA,4,4,0,2,2,"STR:mdv|STR:osmi2_4h",TRUE
"group_L0_f4827b1f","disease_vs_normal","group",5,"UNK",NA,31,31,6,0,6,"MeSH:D010300|STR:af_recurrence|STR:alzheimer_s_disease|STR:b_cell_acute_lymphoblastic_leukemia|STR:leukemia_patient",TRUE
"group_L0_f4ccf34a","disease_vs_normal","group",10,"UNK",NA,156,156,8,0,8,"MeSH:D009362|MeSH:D011471|MeSH:D065626|STR:colorectal_cancer_liver_metastases_crclm|STR:distal_metastsis",TRUE
"group_L0_f4e8c730","small_molecule","group",2,"CHEBI:5078","flavonol",4,4,0,1,1,"STR:cediranib",FALSE
"group_L0_f59d2135","disease_vs_normal","group",2,"UNK",NA,44,44,22,0,22,"STR:cwr22_pdx_tumor|STR:cwr22_rh_pdx_tumor|STR:lgcap_1_pdx_tumor|STR:lncap_95_pdx_tumor|STR:lucap_105cr_pdx_tumor",TRUE
"group_L0_f5bc8404","disease_vs_normal","group",2,"UNK",NA,2,2,1,0,1,"STR:tnbc",FALSE
"group_L0_f5bf0940","disease_vs_normal","group",2,"UNK",NA,4,4,1,0,1,"STR:head_neck_cancer_um_scc_1_stable_cells",FALSE
"group_L0_f5f96378","disease_vs_normal","group",2,"UNK",NA,2,2,2,0,2,"STR:ovarian_epithelial_serous_carcinoma|STR:ovarian_serous_adenocarcinoma",TRUE
"group_L0_f60639ab","small_molecule","group",2,"UNK",NA,2,2,0,2,2,"STR:st101|STR:trf_5003b",TRUE
"group_L0_f682afa8","small_molecule","group",2,"UNK",NA,6,6,0,3,3,"CHEBI:132974|STR:cml|STR:rg_108",TRUE
"group_L0_f71c0586","pathogen_or_aggregate_exposure","group",2,"STR:tuberculosis","Tuberculosis",49,49,0,0,0,"",FALSE
"group_L0_f7273c9a","disease_vs_normal","group",2,"UNK",NA,32,32,1,0,1,"STR:adenocarcinoma",FALSE
"group_L0_f72b478d","disease_vs_normal","group",16,"UNK",NA,42,42,6,0,6,"STR:colon_cancer_cell_line|STR:colorectal_cancer_cell_line|STR:hct116_colon_cancer_cell_line|STR:hct116_epithelial_colorectal_cancer_cell_line|STR:human_colon_cancer_cell",TRUE
"group_L0_f72d354c","disease_vs_normal","group",2,"UNK",NA,3,3,1,0,1,"STR:metastatic_melanoma",FALSE
"group_L0_f73a6638","small_molecule","group",2,"CHEBI:16469","17β-estradiol",8,8,0,1,1,"CHEBI:50114",FALSE
"group_L0_f7be7bb4","disease_vs_normal","group",2,"UNK",NA,37,37,3,0,3,"STR:parkinson_s_disease|STR:psychosis_bipolar|STR:psychosis_schizophrenia",TRUE
"group_L0_f803ec19","disease_vs_normal","group",2,"UNK",NA,9,9,1,0,1,"STR:j82_bladder_cancer_cell",FALSE
"group_L0_f870da49","disease_vs_normal","group",4,"UNK",NA,7,7,4,0,4,"STR:colon_cancer_cell_line|STR:colon_cancer_cells|STR:hct_116_colon_cancer_cells|STR:human_colon_cancer_cells",TRUE
"group_L0_f8a9f529","pathogen_or_aggregate_exposure","group",2,"UNK",NA,3,3,0,1,1,"STR:3_doses_of_1_8m_pfspz_sporozoites",FALSE
"group_L0_f8f5c9c2","disease_vs_normal","group",2,"UNK",NA,11,11,2,0,2,"MeSH:D003424|STR:colon_cancer_stage_ii_iv",TRUE
"group_L0_f903b477","disease_vs_normal","group",2,"UNK",NA,2,2,2,0,2,"MeSH:D000077195|STR:severe_periodontitis",TRUE
"group_L0_f906831a","disease_vs_normal","group",6,"UNK",NA,14,14,3,0,3,"MeSH:D001943|STR:breast_cancer_cells|STR:triple_negative_breast_cancer_cells",TRUE
"group_L0_f97991cc","pathogen_or_aggregate_exposure","group",2,"UNK",NA,4,4,0,2,2,"STR:ama1|STR:csp",TRUE
"group_L0_f985d30e","disease_vs_normal","group",3,"UNK",NA,439,439,2,0,2,"STR:ankylosing_spondylitis_as|STR:thrombocytopenia",TRUE
"group_L0_f98df7a7","disease_vs_normal","group",2,"UNK",NA,221,221,0,0,0,"",FALSE
"group_L0_f99731c1","small_molecule","group",2,"UNK",NA,8,8,0,2,2,"STR:jxy_treatment|STR:pzh_treatment",TRUE
"group_L0_f9979b52","pathogen_or_aggregate_exposure","group",3,"UNK",NA,455,455,0,7,7,"CHEBI:73579|CHEBI:73832|STR:ama1|STR:csp|STR:d_7",TRUE
"group_L0_f9b6a6ed","disease_vs_normal","group",4,"UNK",NA,26,26,4,0,4,"STR:ain|STR:atn|STR:kidney_tumor_tissue_biopsy|STR:non_covid_19_ati_kidneys",TRUE
"group_L0_f9b7777d","disease_vs_normal","group",2,"UNK",NA,11,11,1,0,1,"STR:asthmatic",FALSE
"group_L0_f9f36c29","small_molecule","group",3,"UNK",NA,13,13,0,5,5,"STR:cxcl4_orn8l|STR:hkca_ceranib|STR:hkca_hcq|STR:hkca_rapamycin|STR:orn8l",TRUE
"group_L0_fa33be5b","disease_vs_normal","group",2,"UNK",NA,4,4,0,0,0,"",FALSE
"group_L0_fa576676","disease_vs_normal","group",12,"UNK",NA,122,122,10,0,10,"MeSH:D001528|MeSH:D015464|MeSH:D017565|STR:aml|STR:bd_patients",TRUE
"group_L0_fa658970","small_molecule","group",4,"UNK",NA,33,33,0,2,2,"STR:fev|STR:ombitasvir_paritaprevir_ritonavir",TRUE
"group_L0_fb2700f7","disease_vs_normal","group",2,"UNK",NA,2,2,0,0,0,"",FALSE
"group_L0_fb6a86b1","disease_vs_normal","group",7,"UNK",NA,26,26,2,0,2,"STR:sle_non_cmd|STR:symptomatic",TRUE
"group_L0_fbe0d361","small_molecule","group",2,"UNK",NA,3,3,0,2,2,"CHEBI:232613|STR:wa_68_vq71",TRUE
"group_L0_fc0765d2","small_molecule","group",2,"UNK",NA,3,3,0,1,1,"STR:anti_pd_l1_and_tgf_beta_bifunctional_fusion_protein",FALSE
"group_L0_fc17db52","disease_vs_normal","group",6,"UNK",NA,15,15,3,0,3,"MeSH:D011471|STR:human_prostate_cancer|STR:prostate_cancer_cells",TRUE
"group_L0_fd4ab3a2","disease_vs_normal","group",2,"UNK",NA,16,16,2,0,2,"STR:non_alcoholic_fatty_liver_disease_nafld|STR:non_alcoholic_steatohepatitis_nash",TRUE
"group_L0_fd5500bb","pathogen_or_aggregate_exposure","group",2,"UNK",NA,6,6,0,0,0,"",FALSE
"group_L0_fd958b54","disease_vs_normal","group",2,"UNK",NA,3,3,1,0,1,"STR:breast_cancer_cells",FALSE
"group_L0_fda8e7e6","disease_vs_normal","group",2,"UNK",NA,32,32,0,0,0,"",FALSE
"group_L0_fdd4a00e","disease_vs_normal","group",2,"UNK",NA,33,33,2,0,2,"STR:rural|STR:urban",TRUE
"group_L0_fe231132","disease_vs_normal","group",3,"UNK",NA,26,26,2,0,2,"STR:acute_aortic_dissection|STR:aortitis",TRUE
"group_L0_fea494f5","disease_vs_normal","group",2,"UNK",NA,5,5,1,0,1,"STR:breast_cancer_cells",FALSE
"group_L0_feae28f0","disease_vs_normal","group",2,"UNK",NA,7,7,0,0,0,"",FALSE
"group_L0_fedca3d8","disease_vs_normal","group",2,"UNK",NA,4,4,0,0,0,"",FALSE
"group_L0_ff4260e2","disease_vs_normal","group",2,"UNK",NA,5,5,3,0,3,"STR:dm2_lr|STR:dm2_sr|STR:osteoarthritis_patients",TRUE
"group_L1_0030c062","disease_vs_normal","group",3,"UNK",NA,224,224,1,0,1,"MeSH:D010361",FALSE
"group_L1_005c3fa2","disease_vs_normal","group",4,"UNK",NA,9,9,2,0,2,"STR:cancer_cell_line|STR:lung_cancer_cell_lines",TRUE
"group_L1_007e433c","disease_vs_normal","group",2,"UNK",NA,75,75,0,0,0,"",FALSE
"group_L1_0083703a","pathogen_or_aggregate_exposure","group",3,"UNK",NA,154,154,0,0,0,"",FALSE
"group_L1_01c2560f","small_molecule","group",2,"UNK",NA,3,3,0,3,3,"STR:ciog_m7p_followed_by_treatment_phenamil_under_osteogenic_medium_per_3_days_further_7_days_from_7th_days|STR:ciog_m7p_of_pcl_film_1_followed_by_treatment_phenamil_under_osteogenic_medium_per_3_days_further_7_days_from_7th_days|STR:ciog_m7p_of_pcl_nf_2_followed_by_treatment_phenamil_under_osteogenic_medium_per_3_days_further_7_days_from_7th_days",TRUE
"group_L1_01dface9","disease_vs_normal","group",2,"UNK",NA,10,10,1,0,1,"STR:aml",FALSE
"group_L1_02177bf9","disease_vs_normal","group",2,"UNK",NA,15,15,0,0,0,"",FALSE
"group_L1_02262333","disease_vs_normal","group",2,"UNK",NA,260,260,2,0,2,"MeSH:D001943|STR:esr1_breast_cancer",TRUE
"group_L1_02c7f799","disease_vs_normal","group",2,"UNK",NA,2,2,1,0,1,"STR:cholangiocarcinoma_cell_lines",FALSE
"group_L1_03336891","disease_vs_normal","group",2,"UNK",NA,4,4,0,0,0,"",FALSE
"group_L1_0372ae7f","disease_vs_normal","group",2,"UNK",NA,26,26,2,0,2,"STR:ctr|STR:tri12",TRUE
"group_L1_03962751","disease_vs_normal","group",2,"UNK",NA,10,10,1,0,1,"STR:colon_cancer_cell_line",FALSE
"group_L1_03a5709c","cytokine_stim","group",2,"STR:interferon gamma","Interferon gamma",3,3,0,2,2,"STR:ifn_g|STR:ifng",TRUE
"group_L1_03b961b6","disease_vs_normal","group",2,"UNK",NA,4,4,1,0,1,"STR:human_pancreatic_carcinoma_cells",FALSE
"group_L1_03d1420f","pathogen_or_aggregate_exposure","group",8,"UNK",NA,152,152,0,0,0,"",FALSE
"group_L1_04f9d5ba","disease_vs_normal","group",3,"UNK",NA,45,45,2,0,2,"STR:melanoma|STR:mycosis_fungoides",TRUE
"group_L1_050bc225","small_molecule","group",2,"UNK",NA,4,4,0,1,1,"STR:ms023_gsk591",FALSE
"group_L1_05fb367f","disease_vs_normal","group",2,"UNK",NA,2,2,2,0,2,"STR:breast_adenocarcinoma|STR:human_breast_cancer_cells",TRUE
"group_L1_060eda16","disease_vs_normal","group",2,"UNK",NA,23,23,1,0,1,"STR:tb",FALSE
"group_L1_07289fb5","disease_vs_normal","group",4,"UNK",NA,79,79,3,0,3,"STR:aki|STR:australian_chronic_allograft_dysfunction|STR:mixed_atn_and_ain",TRUE
"group_L1_07c7e37e","small_molecule","group",3,"UNK",NA,10,10,0,1,1,"STR:r1881_atraric_acid_aa",FALSE
"group_L1_08081d9c","small_molecule","group",3,"CHEBI:17120","hexanoate",6,6,0,1,1,"STR:lps_exposed_for_24_hours",FALSE
"group_L1_081cd580","disease_vs_normal","group",2,"UNK",NA,25,25,1,0,1,"STR:sezary_syndrome",FALSE
"group_L1_087f25cf","small_molecule","group",2,"CHEBI:5078","flavonol",4,4,0,1,1,"STR:cediranib",FALSE
"group_L1_08fd614d","disease_vs_normal","group",2,"UNK",NA,2,2,2,0,2,"STR:ovarian_epithelial_serous_carcinoma|STR:ovarian_serous_adenocarcinoma",TRUE
"group_L1_09131664","disease_vs_normal","group",2,"UNK",NA,12,12,2,0,2,"STR:crao_v|STR:symptomatic",TRUE
"group_L1_093f6a92","disease_vs_normal","group",2,"UNK",NA,19,19,0,0,0,"",FALSE
"group_L1_0a6578cb","small_molecule","group",2,"UNK",NA,5,5,0,2,2,"STR:androgen_treated|STR:dht_x15695",TRUE
"group_L1_0a9d3c7c","disease_vs_normal","group",11,"UNK",NA,58,58,11,0,11,"MeSH:D008113|MeSH:D013274|STR:adult_cholestatic_liver_disease|STR:benign_pancreatic_lesion|STR:biliary_atresia",TRUE
"group_L1_0ac30bb8","small_molecule","group",2,"CHEBI:17126","carnitine",2,2,0,0,0,"",FALSE
"group_L1_0ae24d78","small_molecule","group",2,"MeSH:D004002","Clodronic Acid",5,5,0,0,0,"",FALSE
"group_L1_0b23dab5","disease_vs_normal","group",2,"UNK",NA,5,5,0,0,0,"",FALSE
"group_L1_0b4639e1","disease_vs_normal","group",4,"UNK",NA,9,9,2,0,2,"STR:breast_cancer_cell_line|STR:bt_474_breast_cancer_cell_line",TRUE
"group_L1_0b764221","disease_vs_normal","group",2,"UNK",NA,5,5,1,0,1,"STR:thyroid_cancer_cell_line",FALSE
"group_L1_0b9b411e","small_molecule","group",2,"CHEBI:45783","imatinib",28,28,0,0,0,"",FALSE
"group_L1_0bcfc952","small_molecule","group",3,"UNK",NA,10,10,0,5,5,"CHEBI:132082|CHEBI:16171|STR:2_dg_hypoxia|STR:a485|STR:aso",TRUE
"group_L1_0bdff5fb","disease_vs_normal","group",2,"UNK",NA,70,70,0,0,0,"",FALSE
"group_L1_0be0849f","small_molecule","group",2,"CHEBI:50756","acridone",2,2,0,1,1,"CHEBI:50924",FALSE
"group_L1_0bf5c08b","disease_vs_normal","group",2,"UNK",NA,3,3,1,0,1,"STR:breast_cancer_cells",FALSE
"group_L1_0bfafe80","disease_vs_normal","group",2,"UNK",NA,6,6,2,0,2,"STR:brm|STR:lung_cancer_cell_line",TRUE
"group_L1_0c2e59da","disease_vs_normal","group",5,"UNK",NA,125,125,5,0,5,"MeSH:D015464|MeSH:D015470|MeSH:D015473|STR:co_morbid_crohn_s_and_spondyloarthritis|STR:poor_risk_aml_patient",TRUE
"group_L1_0d415f0a","disease_vs_normal","group",2,"UNK",NA,6,6,2,0,2,"STR:invasive_breast_carcinoma|STR:invasive_ductal_breast_cancer",TRUE
"group_L1_0d673fe0","small_molecule","group",5,"UNK",NA,12,12,0,3,3,"STR:enz|STR:sd70_dht|STR:upf_1069",TRUE
"group_L1_0df121ce","disease_vs_normal","group",12,"UNK",NA,315,315,18,0,18,"MeSH:D000544|STR:gliadel_non_responding|STR:gliadel_responding|STR:glioblastoma|STR:patient_10_glioblastoma_rna_seq_of_brain_tumor_tissue",TRUE
"group_L1_0e0d368a","disease_vs_normal","group",2,"UNK",NA,5,5,2,0,2,"STR:dukes_type_c|STR:in_vitro_cell_culture_colon_cancer_cell_line",TRUE
"group_L1_0e1a07a9","disease_vs_normal","group",2,"UNK",NA,6,6,0,0,0,"",FALSE
"group_L1_0e43cc77","disease_vs_normal","group",2,"UNK",NA,4,4,0,0,0,"",FALSE
"group_L1_0e71dabf","disease_vs_normal","group",4,"UNK",NA,10,10,3,0,3,"STR:human_lung_adenocarcinoma_cell_line|STR:lung_cancer_cell|STR:non_small_cell_lung_cancer_cell_line",TRUE
"group_L1_0f32d3c0","pathogen_or_aggregate_exposure","group",2,"UNK",NA,5,5,0,2,2,"STR:infected|STR:mc3465_40",TRUE
"group_L1_0fb7658e","small_molecule","group",2,"CHEBI:134201","<em>P</em>-{α-<small>D</small>-Glc<em>p</em>NAc-(1→3)-[<small>D</small>-GroA-(2→1)]-α-<small>D</small>-Glc<em>p</em>NAc-6-yl}-α-<small>D</small>-Glc<em>p</em>NAc-(1→3)-[<em>P</em>-6-[CH<small><sub>2</sub></small>]<small><sub>5</sub></small>NH<small><sub>2</sub></small>]-α-<small>D</small>-Glc<em>p</em>NAc-(1→2)-<small>D</small>-GroA",5,5,0,4,4,"CHEBI:134689|CHEBI:145374|CHEBI:197107|CHEBI:78008",TRUE
"group_L1_10026483","disease_vs_normal","group",2,"UNK",NA,2,2,0,0,0,"",FALSE
"group_L1_104a25d2","small_molecule","group",2,"UNK",NA,2,2,0,1,1,"STR:gefitinib_selected",FALSE
"group_L1_104a2e6b","small_molecule","group",2,"UNK",NA,21,21,0,5,5,"STR:cells_grown_in_a_q_depleted_medium_for_18h_followed_by_cycloheximid_and_tryptolide_treatment_for_0_hours|STR:cells_grown_in_a_q_depleted_medium_for_18h_followed_by_tryptolide_treatment_for_0_hours|STR:mapk_inhibitors_followed_by_cycloheximid_and_tryptolide_treatment_for_0_hours|STR:mapk_inhibitors_followed_by_cycloheximid_treatment_for_0_hours|STR:mapk_inhibitors_followed_by_tryptolide_treatment_for_0_hours",TRUE
"group_L1_10e2af13","small_molecule","group",2,"CHEBI:31932","Olmesartan medoxomil",22,22,0,0,0,"",FALSE
"group_L1_10edc8e4","disease_vs_normal","group",4,"UNK",NA,76,76,4,0,4,"STR:dysplastic_cml|STR:ideopathic_pulmonary_disease|STR:proliferative_cml|STR:sle_with_ln",TRUE
"group_L1_10ee122c","disease_vs_normal","group",2,"UNK",NA,4,4,2,0,2,"STR:asthmatic_patients|STR:sle_without_ln",TRUE
"group_L1_1109e52f","disease_vs_normal","group",2,"MeSH:D003319","Corneal Stroma",8,8,0,0,0,"",FALSE
"group_L1_115d62e6","disease_vs_normal","group",3,"UNK",NA,16,16,5,0,5,"STR:embryonal|STR:ependymoma|STR:glioblastoma|STR:glioma|STR:glioneuronal_neuronal",TRUE
"group_L1_1164e6c7","disease_vs_normal","group",2,"UNK",NA,8,8,2,0,2,"STR:prostate_cancer_pca|STR:prostate_tumor",TRUE
"group_L1_12974c69","disease_vs_normal","group",4,"UNK",NA,25,25,2,0,2,"MeSH:D008180|STR:sle_patient",TRUE
"group_L1_12c3d9af","disease_vs_normal","group",2,"UNK",NA,2,2,1,0,1,"STR:lung_cancer_cell_lines",FALSE
"group_L1_12e7c21b","small_molecule","group",2,"CHEBI:63637","vemurafenib",14,14,0,0,0,"",FALSE
"group_L1_13a37d61","small_molecule","group",2,"UNK",NA,15,15,0,1,1,"STR:tnflt_treatment",FALSE
"group_L1_13cc8664","disease_vs_normal","group",4,"UNK",NA,30,30,2,0,2,"MeSH:D009369|STR:pancreatic_ductal_adenocarcinoma",TRUE
"group_L1_13e5e0e0","disease_vs_normal","group",2,"UNK",NA,25,25,2,0,2,"MeSH:D015179|STR:colorectal_cancer_stem_cell_spheroids",TRUE
"group_L1_14101414","disease_vs_normal","group",4,"UNK",NA,12,12,1,0,1,"MeSH:D011471",FALSE
"group_L1_141c93af","small_molecule","group",4,"UNK",NA,15,15,0,1,1,"STR:mycmi_7",FALSE
"group_L1_14fae1aa","disease_vs_normal","group",2,"UNK",NA,5,5,1,0,1,"MeSH:D004915",FALSE
"group_L1_14fd1b70","disease_vs_normal","group",2,"UNK",NA,5,5,2,0,2,"MeSH:D002289|STR:nci_h1703_lung_cancer_cell_line",TRUE
"group_L1_1536fdc2","pathogen_or_aggregate_exposure","group",4,"UNK",NA,34,34,0,0,0,"",FALSE
"group_L1_155ef1d3","disease_vs_normal","group",6,"UNK",NA,166,166,3,0,3,"MeSH:D003424|STR:bpd|STR:cyclic_thrombocytopenia",TRUE
"group_L1_156264ed","disease_vs_normal","group",2,"UNK",NA,14,14,0,0,0,"",FALSE
"group_L1_1568f358","disease_vs_normal","group",3,"UNK",NA,7,7,1,0,1,"STR:non_small_cell_lung_cancer_cell_line",FALSE
"group_L1_1637ba5f","small_molecule","group",2,"CHEBI:134210","(<i>R</i>)-laudanosine(1+)",4,4,0,3,3,"CHEBI:135945|CHEBI:90531|STR:icotinib",TRUE
"group_L1_169d822d","disease_vs_normal","group",2,"UNK",NA,7,7,1,0,1,"MeSH:D010190",FALSE
"group_L1_16c09245","small_molecule","group",2,"UNK",NA,45,45,0,1,1,"STR:pd_1_blockade",FALSE
"group_L1_16dc111f","disease_vs_normal","group",2,"UNK",NA,4,4,0,0,0,"",FALSE
"group_L1_16e9f19c","small_molecule","group",2,"CHEBI:49960","vandetanib",2,2,0,1,1,"CHEBI:49960",FALSE
"group_L1_18f91965","disease_vs_normal","group",2,"UNK",NA,6,6,1,0,1,"MeSH:D015470",FALSE
"group_L1_19248cac","disease_vs_normal","group",2,"UNK",NA,2,2,2,0,2,"MeSH:D001749|STR:bladder_cancer_cell",TRUE
"group_L1_19392f85","disease_vs_normal","group",3,"UNK",NA,25,25,8,0,8,"MeSH:D010361|STR:diffuse_ssc|STR:hgps_phenotype_1|STR:hgps_phenotype_2|STR:hgps_phenotype_3",TRUE
"group_L1_1a2f2150","pathogen_or_aggregate_exposure","group",2,"UNK",NA,3,3,0,1,1,"STR:3_doses_of_1_8m_pfspz_sporozoites",FALSE
"group_L1_1a84d111","disease_vs_normal","group",5,"UNK",NA,68,68,3,0,3,"MeSH:D001943|STR:breast_cancer_with_diabetes|STR:er_pr",TRUE
"group_L1_1ab87bf7","pathogen_or_aggregate_exposure","group",2,"UNK",NA,719,719,0,2,2,"STR:ad35_cs_rtss_rtss|STR:rtss_rtss_rtss",TRUE
"group_L1_1b1773ca","disease_vs_normal","group",2,"UNK",NA,3,3,0,0,0,"",FALSE
"group_L1_1b95f704","small_molecule","group",2,"UNK",NA,5,5,0,3,3,"STR:bgj398_24h|STR:blu6864_24h|STR:blu6864_bgj398_24h",TRUE
"group_L1_1ba06d7d","disease_vs_normal","group",2,"UNK",NA,15,15,1,0,1,"MeSH:D002311",FALSE
"group_L1_1bc2221b","small_molecule","group",2,"UNK",NA,4,4,0,2,2,"STR:c_cgi_1746|STR:mdm2_protac",TRUE
"group_L1_1bcac519","small_molecule","group",2,"CHEBI:5078","flavonol",3,3,0,1,1,"STR:cediranib",FALSE
"group_L1_1c134d57","disease_vs_normal","group",2,"UNK",NA,32,32,1,0,1,"STR:aml",FALSE
"group_L1_1c69f84c","disease_vs_normal","group",2,"UNK",NA,11,11,1,0,1,"STR:asthmatic",FALSE
"group_L1_1c7cc1ae","disease_vs_normal","group",6,"UNK",NA,102,102,5,0,5,"STR:breast_cancer_tissue|STR:cancer_tissue|STR:ctl|STR:dm|STR:lrr",TRUE
"group_L1_1d323f8a","small_molecule","group",2,"UNK",NA,12,12,0,0,0,"",FALSE
"group_L1_1d47bdf9","disease_vs_normal","group",2,"MeSH:D001943","Breast Neoplasms",2,2,1,0,1,"STR:breast_cancer_cell_line_mda_mb_231",FALSE
"group_L1_1d4df882","small_molecule","group",2,"STR:dovitinib","Dovitinib",3,3,0,1,1,"STR:dovitinib",FALSE
"group_L1_1dbe410b","disease_vs_normal","group",4,"UNK",NA,594,594,2,0,2,"STR:cd|STR:icd",TRUE
"group_L1_1dc7d45f","pathogen_or_aggregate_exposure","group",2,"STR:candidemia","Candidemia",7,7,0,0,0,"",FALSE
"group_L1_1e0a272b","disease_vs_normal","group",2,"UNK",NA,20,20,1,0,1,"STR:adenomyosis",FALSE
"group_L1_1e21b4cf","small_molecule","group",2,"UNK",NA,3,3,0,1,1,"STR:castration_enzalutamide",FALSE
"group_L1_1e31f8bd","disease_vs_normal","group",5,"UNK",NA,74,74,4,0,4,"STR:glioblastoma|STR:glioblastoma_primary_tumor|STR:glioblastoma_recurrent_tumor|STR:glioblastoma_second_recurrent_tumor",TRUE
"group_L1_1eb46768","disease_vs_normal","group",2,"UNK",NA,2,2,2,0,2,"STR:breast_cancer_cells|STR:metastatic_carcinoma",TRUE
"group_L1_1ed64950","small_molecule","group",7,"UNK",NA,10,10,0,2,2,"CHEBI:16480|STR:k7174",TRUE
"group_L1_1f1e6b6f","disease_vs_normal","group",2,"UNK",NA,2,2,1,0,1,"STR:tnbc",FALSE
"group_L1_1f5182da","disease_vs_normal","group",13,"UNK",NA,34,34,7,0,7,"STR:breast_adenocarcinoma_cell|STR:breast_cancer_cell|STR:breast_cancer_cells|STR:epithelial_cell_line_from_breast_adenocarcinoma|STR:human_mcf7_breast_cancer_cells",TRUE
"group_L1_1f68711e","disease_vs_normal","group",2,"UNK",NA,6,6,2,0,2,"MeSH:D003424|STR:cd",TRUE
"group_L1_1f8bb121","disease_vs_normal","group",2,"UNK",NA,36,36,1,0,1,"MeSH:D054218",FALSE
"group_L1_1fdba8a2","disease_vs_normal","group",2,"UNK",NA,6,6,1,0,1,"STR:lung_cancer_cell_line",FALSE
"group_L1_20102043","small_molecule","group",2,"CHEBI:2663","amiodarone",26,26,0,0,0,"",FALSE
"group_L1_204fdb7b","disease_vs_normal","group",2,"UNK",NA,3,3,0,0,0,"",FALSE
"group_L1_207de4ab","disease_vs_normal","group",3,"UNK",NA,10,10,1,0,1,"STR:breast_cancer_cell_line",FALSE
"group_L1_2091c660","disease_vs_normal","group",2,"UNK",NA,26,26,7,0,7,"MeSH:D003882|STR:ad|STR:ftd|STR:mdd|STR:ms",TRUE
"group_L1_20a7b119","disease_vs_normal","group",2,"UNK",NA,6,6,2,0,2,"STR:breast_cancer_cells|STR:triple_negative",TRUE
"group_L1_213beb49","disease_vs_normal","group",2,"UNK",NA,2,2,0,0,0,"",FALSE
"group_L1_21ec69c0","disease_vs_normal","group",22,"UNK",NA,68,68,9,0,9,"MeSH:D001943|STR:breast_cancer_cell_line|STR:breast_cancer_cells|STR:breast_cancer_mcf7_cells|STR:cd44low",TRUE
"group_L1_22a6521a","disease_vs_normal","group",2,"UNK",NA,18,18,1,0,1,"STR:pancreatic_ductal_adenocarcinoma",FALSE
"group_L1_232f6259","disease_vs_normal","group",2,"UNK",NA,22,22,7,0,7,"MeSH:D003882|STR:ad|STR:ftd|STR:mdd|STR:ms",TRUE
"group_L1_248ba896","disease_vs_normal","group",2,"UNK",NA,21,21,1,0,1,"STR:non_tumor",FALSE
"group_L1_25a4db0e","disease_vs_normal","group",2,"UNK",NA,15,15,2,0,2,"STR:lbd|STR:mesial_temporal_lobe_epilepsy",TRUE
"group_L1_25c67ec9","disease_vs_normal","group",2,"MeSH:D009719","Nurse Anesthetists",5,5,0,0,0,"",FALSE
"group_L1_260470ce","disease_vs_normal","group",3,"UNK",NA,18,18,2,0,2,"STR:jmml_other_mutated|STR:jmml_ptpn11mutated",TRUE
"group_L1_260b7639","disease_vs_normal","group",13,"UNK",NA,109,109,11,0,11,"MeSH:D006528|MeSH:D009369|STR:ccoc|STR:enoc|STR:hcc",TRUE
"group_L1_262bdab2","small_molecule","group",2,"UNK",NA,3,3,0,2,2,"STR:cca_1_1|STR:tmz_72_h",TRUE
"group_L1_265939e6","disease_vs_normal","group",4,"UNK",NA,41,41,3,0,3,"MeSH:D013274|STR:glioblastoma|STR:tumor_tissue",TRUE
"group_L1_265e62db","disease_vs_normal","group",2,"UNK",NA,2,2,1,0,1,"STR:hcc",FALSE
"group_L1_266cdb85","disease_vs_normal","group",4,"UNK",NA,46,46,2,0,2,"MeSH:D000077192|STR:lung_adenocarinoma_tumor",TRUE
"group_L1_26f72e9a","disease_vs_normal","group",2,"UNK",NA,18,18,1,0,1,"MeSH:D011471",FALSE
"group_L1_272e6102","small_molecule","group",3,"UNK",NA,6,6,0,1,1,"STR:art_naive",FALSE
"group_L1_2798c5ee","disease_vs_normal","group",2,"UNK",NA,44,44,22,0,22,"STR:cwr22_pdx_tumor|STR:cwr22_rh_pdx_tumor|STR:lgcap_1_pdx_tumor|STR:lncap_95_pdx_tumor|STR:lucap_105cr_pdx_tumor",TRUE
"group_L1_27a65956","small_molecule","group",2,"CHEBI:5070","flavanone",2,2,0,1,1,"CHEBI:49375",FALSE
"group_L1_27caecb1","disease_vs_normal","group",2,"UNK",NA,3,3,1,0,1,"STR:jmml_other_mutated",FALSE
"group_L1_282d79d7","small_molecule","group",2,"CHEBI:45783","imatinib",2,2,0,1,1,"CHEBI:45783",FALSE
"group_L1_2914582c","small_molecule","group",2,"UNK",NA,4,4,0,1,1,"STR:10um_enz_for_48_hours",FALSE
"group_L1_29590c0a","disease_vs_normal","group",3,"UNK",NA,4,4,0,0,0,"",FALSE
"group_L1_29671222","disease_vs_normal","group",3,"UNK",NA,30,30,0,0,0,"",FALSE
"group_L1_29d3b1f7","disease_vs_normal","group",2,"UNK",NA,2,2,2,0,2,"STR:lung_adenocarcinoma_cell|STR:lung_cancer_cells",TRUE
"group_L1_29e6af0c","small_molecule","group",2,"UNK",NA,7,7,0,3,3,"STR:androgen_receptor_targeting_degrader|STR:autophagy_activating_ligand|STR:enzalutamide_saracatinib",TRUE
"group_L1_2a02056d","small_molecule","group",2,"CHEBI:2549","albuterol",14,14,0,1,1,"CHEBI:2549",FALSE
"group_L1_2a195237","disease_vs_normal","group",2,"UNK",NA,4,4,1,0,1,"MeSH:D002294",FALSE
"group_L1_2b749973","disease_vs_normal","group",5,"UNK",NA,19,19,3,0,3,"MeSH:D011471|STR:human_prostate_tumor|STR:prostate_cancer_epithelium",TRUE
"group_L1_2ba2490a","disease_vs_normal","group",5,"UNK",NA,18,18,3,0,3,"MeSH:D006528|STR:liver_tumor|STR:non_cirrhotic_hepatocellular_carcinoma",TRUE
"group_L1_2bab8ac6","pathogen_or_aggregate_exposure","group",4,"UNK",NA,9,9,0,2,2,"STR:rs504393|STR:rs504395",TRUE
"group_L1_2bade35d","small_molecule","group",3,"CHEBI:85993","palbociclib",6,6,0,2,2,"CHEBI:85993|STR:palbocicilib_indisulam",TRUE
"group_L1_2c293dda","small_molecule","group",2,"UNK",NA,5,5,0,3,3,"STR:kj_pyr_9|STR:kj_pyr_9_dex|STR:mb3",TRUE
"group_L1_2d093811","pathogen_or_aggregate_exposure","group",4,"UNK",NA,52,52,0,0,0,"",FALSE
"group_L1_2d2c45d9","small_molecule","group",2,"CHEBI:85993","palbociclib",6,6,0,2,2,"CHEBI:85993|STR:palbocicilib_indisulam",TRUE
"group_L1_2d3d50a4","disease_vs_normal","group",3,"UNK",NA,10,10,0,0,0,"",FALSE
"group_L1_2d81421a","small_molecule","group",4,"UNK",NA,15,15,0,6,6,"CHEBI:177705|STR:birinapant_ifng|STR:e2|STR:fulvestrant_ifng|STR:oleic_acid_and_pape_1",TRUE
"group_L1_2dc88bcd","small_molecule","group",2,"UNK",NA,2,2,0,2,2,"STR:ola_pd_treated|STR:zy0511",TRUE
"group_L1_2e36eb34","small_molecule","group",2,"CHEBI:77092","fenbendazole",3,3,0,1,1,"CHEBI:77092",FALSE
"group_L1_2e537bfb","disease_vs_normal","group",7,"UNK",NA,19,19,4,0,4,"MeSH:D010051|STR:ovarian_adenocarcinoma|STR:ovarian_cancer_cells|STR:skov3_ovarian_cancer_cell_line",TRUE
"group_L1_2e687a92","small_molecule","group",2,"UNK",NA,6,6,0,2,2,"STR:e64fc65|STR:e64fc65_panobinostat",TRUE
"group_L1_2e851f09","disease_vs_normal","group",2,"UNK",NA,5,5,1,0,1,"STR:colitis_associated_cancer_patient_derived_xenograft_pdx",FALSE
"group_L1_2edc0498","small_molecule","group",3,"CHEBI:17126","carnitine",10,10,0,1,1,"STR:lps_exposed_for_24_hours",FALSE
"group_L1_2ee4fc96","small_molecule","group",2,"UNK",NA,4,4,0,1,1,"STR:androgen_receptor_targeting_degrader",FALSE
"group_L1_2eeab788","disease_vs_normal","group",2,"UNK",NA,11,11,0,0,0,"",FALSE
"group_L1_2f2ba9ff","disease_vs_normal","group",4,"MeSH:D001943","Breast Neoplasms",6,6,0,0,0,"",FALSE
"group_L1_2f6efbd4","disease_vs_normal","group",3,"UNK",NA,5,5,2,0,2,"STR:aml|STR:mds",TRUE
"group_L1_2f7146bb","disease_vs_normal","group",2,"UNK",NA,12,12,1,0,1,"STR:truss_guided_prostatic_biopsy_of_clinically_advanced_metastatic_prostate_cancer_tissue",FALSE
"group_L1_2f9eec64","small_molecule","group",6,"UNK",NA,27,27,0,9,9,"CHEBI:125628|STR:25a|STR:3r4f|STR:azd1132|STR:palbocicilib_indisulam",TRUE
"group_L1_307c7ca7","disease_vs_normal","group",8,"UNK",NA,140,140,6,0,6,"MeSH:D009369|MeSH:D012004|STR:ffpe_tumor_rna|STR:tumor_biopsies|STR:tumor_needle_biospy",TRUE
"group_L1_30936b7e","disease_vs_normal","group",4,"UNK",NA,123,123,3,0,3,"STR:diabetic|STR:lesional|STR:ssc_patient",TRUE
"group_L1_3118056b","disease_vs_normal","group",40,"UNK",NA,40,40,0,0,0,"",FALSE
"group_L1_318ce537","small_molecule","group",2,"CHEBI:134201","<em>P</em>-{α-<small>D</small>-Glc<em>p</em>NAc-(1→3)-[<small>D</small>-GroA-(2→1)]-α-<small>D</small>-Glc<em>p</em>NAc-6-yl}-α-<small>D</small>-Glc<em>p</em>NAc-(1→3)-[<em>P</em>-6-[CH<small><sub>2</sub></small>]<small><sub>5</sub></small>NH<small><sub>2</sub></small>]-α-<small>D</small>-Glc<em>p</em>NAc-(1→2)-<small>D</small>-GroA",2,2,0,2,2,"CHEBI:61397|CHEBI:91418",TRUE
"group_L1_31eba373","small_molecule","group",2,"UNK",NA,6,6,0,2,2,"STR:ceffe|STR:ceffe_osteogenic_induction",TRUE
"group_L1_323ed422","small_molecule","group",2,"UNK",NA,24,24,0,2,2,"STR:globinclear|STR:pooled_globinclear",TRUE
"group_L1_329be534","disease_vs_normal","group",13,"UNK",NA,35,35,7,0,7,"MeSH:D001943|STR:breast_cancer_cells|STR:breast_cancer_t47d_cells|STR:cancer_cell_line|STR:human_breast_cancer_cells",TRUE
"group_L1_32a17462","disease_vs_normal","group",4,"UNK",NA,11,11,3,0,3,"STR:adenocarcinoma|STR:epithelial_adenocarcinoma|STR:mda_mb_231_breast_cancer_cell_line",TRUE
"group_L1_32de2bc3","disease_vs_normal","group",3,"UNK",NA,6,6,2,0,2,"STR:colorectal_adenocarcinoma|STR:human_colon_cancer_cells_sw480",TRUE
"group_L1_335d9d9a","disease_vs_normal","group",2,"MeSH:D006559","Pemphigoid Gestationis",2,2,0,0,0,"",FALSE
"group_L1_339675f6","disease_vs_normal","group",2,"UNK",NA,21,21,0,0,0,"",FALSE
"group_L1_3399105f","disease_vs_normal","group",2,"UNK",NA,119,119,1,0,1,"MeSH:D015470",FALSE
"group_L1_33cb2492","disease_vs_normal","group",5,"UNK",NA,42,42,6,0,6,"STR:adenocarcinoma_nos|STR:esophagus_cancer_patient|STR:liver_cancer_patient|STR:myocardial_infarction_patient_without_cardiac_remodeling|STR:neuroendocrine_carcinoma",TRUE
"group_L1_33ff7b9a","disease_vs_normal","group",3,"UNK",NA,37,37,3,0,3,"STR:emphysema|STR:ipf|STR:pah",TRUE
"group_L1_343c0f87","disease_vs_normal","group",6,"MeSH:D006559","Pemphigoid Gestationis",7,7,1,0,1,"STR:sgintc",FALSE
"group_L1_34573e4c","disease_vs_normal","group",2,"UNK",NA,7,7,0,0,0,"",FALSE
"group_L1_346e79d7","small_molecule","group",16,"MeSH:D000090","Acetoacetates",16,16,0,0,0,"",FALSE
"group_L1_3480a0b7","small_molecule","group",2,"UNK",NA,5,5,0,1,1,"STR:st101",FALSE
"group_L1_350e624d","disease_vs_normal","group",11,"UNK",NA,124,124,7,0,7,"MeSH:D001943|MeSH:D006528|MeSH:D009369|STR:esophageal_and_gastroesophageal_junction_adenocarcinoma|STR:hcc",TRUE
"group_L1_3542043b","disease_vs_normal","group",2,"UNK",NA,6,6,2,0,2,"STR:brca|STR:breast_adenocarcinoma",TRUE
"group_L1_3557025b","pathogen_or_aggregate_exposure","group",2,"MeSH:D006678","HIV",5,5,0,0,0,"",FALSE
"group_L1_35787a4a","small_molecule","group",2,"CHEBI:28748","doxorubicin",19,19,0,0,0,"",FALSE
"group_L1_3595e732","small_molecule","group",2,"CHEBI:3139","bleomycin A<small><sub>2</sub></small>",3,3,0,1,1,"CHEBI:3139",FALSE
"group_L1_359a5957","disease_vs_normal","group",3,"UNK",NA,16,16,2,0,2,"MeSH:D011471|STR:pc_3_prostate_cancer_cell_line",TRUE
"group_L1_360e0cc7","small_molecule","group",2,"UNK",NA,6,6,0,3,3,"CHEBI:132974|STR:cml|STR:rg_108",TRUE
"group_L1_3620472a","disease_vs_normal","group",2,"UNK",NA,2,2,2,0,2,"MeSH:D010190|STR:patient_derived_pdac",TRUE
"group_L1_36d0cf4e","disease_vs_normal","group",2,"UNK",NA,5,5,2,0,2,"MeSH:D011471|STR:castration_resistant_adenocarcinoma",TRUE
"group_L1_370f6ab3","disease_vs_normal","group",2,"UNK",NA,5,5,0,0,0,"",FALSE
"group_L1_3795265f","small_molecule","group",2,"CHEBI:50284","lavandulyl diphosphate",2,2,0,0,0,"",FALSE
"group_L1_37a830f9","small_molecule","group",2,"CHEBI:75597","dT<small><sub>8</sub></small>",10,10,0,0,0,"",FALSE
"group_L1_38134780","small_molecule","group",2,"UNK",NA,10,10,0,1,1,"STR:immunosuppressive_therapy",FALSE
"group_L1_386574bd","disease_vs_normal","group",22,"UNK",NA,66,66,7,0,7,"MeSH:D003110|MeSH:D015179|STR:colon_cancer_cells|STR:hct116_colon_cancer_cell_line|STR:hct116_colon_carcinoma_cells_dmso_treated",TRUE
"group_L1_38e87ff1","disease_vs_normal","group",2,"UNK",NA,6,6,1,0,1,"STR:breast_cancer_cells",FALSE
"group_L1_38f37b08","disease_vs_normal","group",2,"UNK",NA,59,59,2,0,2,"MeSH:D000077195|MeSH:D009369",TRUE
"group_L1_39122acb","disease_vs_normal","group",2,"UNK",NA,12,12,1,0,1,"STR:osteosarcoma",FALSE
"group_L1_398c76e5","disease_vs_normal","group",2,"UNK",NA,7,7,1,0,1,"STR:mds",FALSE
"group_L1_39a0ad9d","pathogen_or_aggregate_exposure","group",3,"UNK",NA,73,73,0,0,0,"",FALSE
"group_L1_39f2f587","disease_vs_normal","group",11,"UNK",NA,495,495,11,0,11,"MeSH:D010051|MeSH:D012595|MeSH:D029424|STR:cd|STR:dle",TRUE
"group_L1_3acc7b43","pathogen_or_aggregate_exposure","group",2,"CHEBI:16412","lipopolysaccharide",16,16,0,1,1,"CHEBI:16412",FALSE
"group_L1_3b8afc7c","small_molecule","group",2,"CHEBI:46345","5-fluorouracil",2,2,0,2,2,"STR:nct|STR:treatment_of_5_fu_for_5_days",TRUE
"group_L1_3baec2f4","disease_vs_normal","group",3,"UNK",NA,5,5,1,0,1,"MeSH:D002292",FALSE
"group_L1_3c4e3aa3","disease_vs_normal","group",2,"UNK",NA,300,300,1,0,1,"MeSH:D000544",FALSE
"group_L1_3c584214","pathogen_or_aggregate_exposure","group",2,"UNK",NA,3,3,0,0,0,"",FALSE
"group_L1_3c871dc3","pathogen_or_aggregate_exposure","group",2,"STR:human immunodeficiency virus 1","Human immunodeficiency virus 1",5,5,0,0,0,"",FALSE
"group_L1_3cc4bd4b","small_molecule","group",2,"CHEBI:134203","<em>P</em>-{α-<small>D</small>-Glc<em>p</em>NAc-(1→3)-[<small>D</small>-GroA-(2→1)]-α-<small>D</small>-Glc<em>p</em>NAc-6-yl}-α-<small>D</small>-Glc<em>p</em>NAc-(1→3)-[<small>D</small>-GroA-(2→1)]-α-<small>D</small>-Glc<em>p</em>NAc-<em>P</em>-6-[CH<small><sub>2</sub></small>]<small><sub>5</sub></small>NHC(=O)[CH<small><sub>2</sub></small>]<small><sub>4</sub></small>C(=O)NHR group",3,3,0,3,3,"CHEBI:145374|CHEBI:90217|STR:enmd2076",TRUE
"group_L1_3d2f3a21","disease_vs_normal","group",8,"UNK",NA,117,117,4,0,4,"STR:ad|STR:mdd|STR:nlrc4_macrophage_activation_syndrome_mas|STR:pll",TRUE
"group_L1_3d32ede8","disease_vs_normal","group",2,"UNK",NA,24,24,0,0,0,"",FALSE
"group_L1_3d3ceaa1","pathogen_or_aggregate_exposure","group",3,"UNK",NA,483,483,0,7,7,"CHEBI:73579|CHEBI:73832|STR:ama1|STR:csp|STR:d_7",TRUE
"group_L1_3da5edd7","disease_vs_normal","group",11,"UNK",NA,195,195,5,0,5,"MeSH:D009369|MeSH:D013584|MeSH:D015179|STR:tumor_tissue_patient_1|STR:wilms_tumor",TRUE
"group_L1_3dd3a34e","disease_vs_normal","group",3,"UNK",NA,3,3,0,0,0,"",FALSE
"group_L1_3efdc62f","disease_vs_normal","group",2,"UNK",NA,4,4,2,0,2,"STR:22rv1_atcc_crl_2505_human_prostate_tumor_cell_line|STR:prostate_cancer_cell_line",TRUE
"group_L1_3f0ee108","disease_vs_normal","group",2,"UNK",NA,52,52,3,0,3,"STR:early_systemic_sclerosis|STR:limited_systemic_sclerosis|STR:non_cutaneous_systemic_sclerosis",TRUE
"group_L1_3f1e4401","disease_vs_normal","group",2,"UNK",NA,34,34,2,0,2,"STR:bhd|STR:kidney",TRUE
"group_L1_3f4a8e67","disease_vs_normal","group",4,"UNK",NA,170,170,2,0,2,"MeSH:D003424|STR:chrohn_s_disease",TRUE
"group_L1_3fa4258d","disease_vs_normal","group",3,"UNK",NA,22,22,1,0,1,"STR:hcc",FALSE
"group_L1_402a3c86","disease_vs_normal","group",3,"UNK",NA,8,8,3,0,3,"MeSH:D000077273|MeSH:D009369|STR:thyroid_cancer_thc",TRUE
"group_L1_40cd4834","disease_vs_normal","group",2,"MeSH:D003149","Community Dentistry",3,3,0,0,0,"",FALSE
"group_L1_4105d4f4","disease_vs_normal","group",4,"UNK",NA,8,8,2,0,2,"STR:breast_cancer_zr75_1_cells|STR:human_er_breast_cancer",TRUE
"group_L1_411d2c30","disease_vs_normal","group",5,"UNK",NA,124,124,1,0,1,"MeSH:D065626",FALSE
"group_L1_421b3ef2","small_molecule","group",2,"UNK",NA,4,4,0,2,2,"STR:10um_of_1_s|STR:10um_of_1_so",TRUE
"group_L1_42331123","pathogen_or_aggregate_exposure","group",2,"STR:tuberculosis","Tuberculosis",20,20,0,0,0,"",FALSE
"group_L1_4274585e","disease_vs_normal","group",2,"UNK",NA,4,4,1,0,1,"STR:carcinoma",FALSE
"group_L1_42ad9099","disease_vs_normal","group",2,"UNK",NA,8,8,0,0,0,"",FALSE
"group_L1_433c8fbd","disease_vs_normal","group",2,"UNK",NA,5,5,2,0,2,"STR:ccrcc|STR:renal_cell_carcinoma_cell_line",TRUE
"group_L1_43428d51","small_molecule","group",2,"UNK",NA,4,4,0,1,1,"STR:vtp50469",FALSE
"group_L1_4349fec8","disease_vs_normal","group",9,"UNK",NA,416,416,8,0,8,"MeSH:D003922|MeSH:D009080|STR:dm1|STR:dm2|STR:ltbi",TRUE
"group_L1_436ae161","small_molecule","group",2,"UNK",NA,5,5,0,2,2,"STR:sipvt1|STR:treatment",TRUE
"group_L1_43b87c1c","pathogen_or_aggregate_exposure","group",2,"STR:candidemia","Candidemia",2,2,0,0,0,"",FALSE
"group_L1_43df6d71","disease_vs_normal","group",2,"UNK",NA,6,6,1,0,1,"MeSH:D001749",FALSE
"group_L1_443861cd","disease_vs_normal","group",6,"UNK",NA,13,13,2,0,2,"MeSH:D001943|MeSH:D064726",TRUE
"group_L1_44a6db89","disease_vs_normal","group",2,"UNK",NA,3,3,1,0,1,"STR:human_breast_cancer_cell",FALSE
"group_L1_44bfa47f","small_molecule","group",2,"CHEBI:50280","(<i>R</i>)-lavandulyl diphosphate",3,3,0,1,1,"CHEBI:38940",FALSE
"group_L1_44da7705","disease_vs_normal","group",2,"UNK",NA,9,9,1,0,1,"STR:poor_risk_aml_patient",FALSE
"group_L1_44eea69c","pathogen_or_aggregate_exposure","group",2,"UNK",NA,6,6,0,0,0,"",FALSE
"group_L1_45a8ee8c","disease_vs_normal","group",2,"UNK",NA,10,10,0,0,0,"",FALSE
"group_L1_45c7bb50","small_molecule","group",2,"UNK",NA,105,105,0,1,1,"STR:vitcv",FALSE
"group_L1_45f113ba","disease_vs_normal","group",5,"UNK",NA,31,31,6,0,6,"MeSH:D010300|STR:af_recurrence|STR:alzheimer_s_disease|STR:b_cell_acute_lymphoblastic_leukemia|STR:leukemia_patient",TRUE
"group_L1_45fea8bc","pathogen_or_aggregate_exposure","group",2,"UNK",NA,3,3,0,0,0,"",FALSE
"group_L1_45ff0be8","disease_vs_normal","group",2,"MeSH:D008556","Melkersson-Rosenthal Syndrome",9,9,0,0,0,"",FALSE
"group_L1_4612281d","small_molecule","group",2,"UNK",NA,3,3,0,2,2,"CHEBI:232613|STR:wa_68_vq71",TRUE
"group_L1_46905116","disease_vs_normal","group",3,"UNK",NA,3,3,0,0,0,"",FALSE
"group_L1_46d0b9d2","disease_vs_normal","group",2,"UNK",NA,2,2,2,0,2,"STR:atroblastomas|STR:hcc",TRUE
"group_L1_46f8747d","disease_vs_normal","group",16,"UNK",NA,72,72,4,0,4,"STR:basal_like|STR:breast_cancer_cell_line|STR:breast_cancer_cell_line_mda_mb_231|STR:breast_cancer_cell_line_mda_mb_231_untreated",TRUE
"group_L1_475d1dee","small_molecule","group",2,"UNK",NA,30,30,0,6,6,"CHEBI:44975|HGNC:PRKAA2|STR:991|STR:oga_mgea5_inhibitor|STR:ogt_inhibitor",TRUE
"group_L1_4764cd1e","disease_vs_normal","group",2,"UNK",NA,49,49,3,0,3,"MeSH:D009062|STR:oscc|STR:premalignant_lesions",TRUE
"group_L1_47b52fed","disease_vs_normal","group",5,"UNK",NA,45,45,0,0,0,"",FALSE
"group_L1_47cfb827","small_molecule","group",2,"UNK",NA,6,6,0,2,2,"STR:asa_24_hrs|STR:vitamin_d_24_hrs",TRUE
"group_L1_47e2a1e0","disease_vs_normal","group",2,"UNK",NA,18,18,2,0,2,"MeSH:D005706|STR:gallbladder_tumor",TRUE
"group_L1_481bb1f5","disease_vs_normal","group",2,"UNK",NA,14,14,1,0,1,"STR:sle_without_ln",FALSE
"group_L1_4828cc0a","pathogen_or_aggregate_exposure","group",6,"UNK",NA,90,90,0,0,0,"",FALSE
"group_L1_4939bb31","disease_vs_normal","group",4,"UNK",NA,54,54,5,0,5,"MeSH:D003876|STR:dariers|STR:grovers|STR:hailey_hailey|STR:psoriasis",TRUE
"group_L1_4972a338","small_molecule","group",2,"UNK",NA,25,25,0,1,1,"STR:folfirinox",FALSE
"group_L1_49937c49","disease_vs_normal","group",2,"UNK",NA,15,15,3,0,3,"STR:diffuse|STR:gastric_adenocarcinoma|STR:intestinal",TRUE
"group_L1_499a138e","disease_vs_normal","group",2,"UNK",NA,11,11,1,0,1,"MeSH:D008175",FALSE
"group_L1_49f7fc7b","disease_vs_normal","group",2,"UNK",NA,9,9,1,0,1,"MeSH:D001749",FALSE
"group_L1_4a29c0c2","disease_vs_normal","group",2,"UNK",NA,324,324,17,0,17,"MeSH:D004938|MeSH:D006528|MeSH:D006689|MeSH:D006976|MeSH:D010051",TRUE
"group_L1_4a355818","disease_vs_normal","group",2,"UNK",NA,11,11,0,0,0,"",FALSE
"group_L1_4a644f0a","disease_vs_normal","group",2,"UNK",NA,109,109,1,0,1,"STR:hcc",FALSE
"group_L1_4a6dbd29","small_molecule","group",2,"UNK",NA,2,2,0,1,1,"STR:fc",FALSE
"group_L1_4ab437f4","small_molecule","group",2,"MeSH:D004076","Digoxigenin",77,77,0,0,0,"",FALSE
"group_L1_4aea44b3","disease_vs_normal","group",3,"UNK",NA,3,3,0,0,0,"",FALSE
"group_L1_4b141002","disease_vs_normal","group",30,"UNK",NA,155,155,11,0,11,"MeSH:D011471|STR:carcinoma|STR:human_prostate_cancer|STR:human_prostate_cancer_cells|STR:prad",TRUE
"group_L1_4bb100cd","cytokine_stim","group",2,"MeSH:D015847","Interleukin-4",3,3,0,2,2,"STR:il_4|STR:il4",TRUE
"group_L1_4c4369cd","small_molecule","group",2,"UNK",NA,27,27,0,5,5,"STR:cells_grown_in_a_q_depleted_medium_for_18h_followed_by_cycloheximid_and_tryptolide_treatment_for_5_hours|STR:cells_grown_in_a_q_depleted_medium_for_18h_followed_by_tryptolide_treatment_for_5_hours|STR:mapk_inhibitors_followed_by_cycloheximid_and_tryptolide_treatment_for_5_hours|STR:mapk_inhibitors_followed_by_cycloheximid_treatment_for_5_hours|STR:mapk_inhibitors_followed_by_tryptolide_treatment_for_5_hours",TRUE
"group_L1_4c9210da","disease_vs_normal","group",2,"UNK",NA,11,11,0,0,0,"",FALSE
"group_L1_4ca3894a","disease_vs_normal","group",2,"UNK",NA,10,10,2,0,2,"STR:medulloblastoma_tumor_tissue|STR:tumor_med",TRUE
"group_L1_4cb69534","small_molecule","group",3,"UNK",NA,9,9,0,4,4,"STR:anti_hsp60n_h2o2|STR:dex|STR:fmf_04_159_2|STR:sh5_54",TRUE
"group_L1_4cf130dd","disease_vs_normal","group",2,"UNK",NA,4,4,0,0,0,"",FALSE
"group_L1_4cf552c3","disease_vs_normal","group",3,"UNK",NA,10,10,4,0,4,"MeSH:D003928|MeSH:D009369|STR:idiopathic_nodular_glomerulosclerosis|STR:rcc",TRUE
"group_L1_4d4b1eba","small_molecule","group",2,"UNK",NA,12,12,0,1,1,"STR:nsc",FALSE
"group_L1_4dc27335","disease_vs_normal","group",2,"UNK",NA,6,6,2,0,2,"STR:abc_dlbcl|STR:gc_dlbcl",TRUE
"group_L1_4e1ad6c8","disease_vs_normal","group",2,"UNK",NA,6,6,1,0,1,"MeSH:D003110",FALSE
"group_L1_4e8cf18c","disease_vs_normal","group",2,"MeSH:D009427","Netherlands Antilles",3,3,0,0,0,"",FALSE
"group_L1_4e9f1fa8","small_molecule","group",2,"CHEBI:63637","vemurafenib",3,3,0,0,0,"",FALSE
"group_L1_4f673a45","small_molecule","group",2,"CHEBI:72317","cabozantinib",2,2,0,1,1,"CHEBI:72317",FALSE
"group_L1_4fce1e61","disease_vs_normal","group",2,"UNK",NA,13,13,3,0,3,"MeSH:D002294|STR:adenocarcinoma|STR:b",TRUE
"group_L1_4fd8c5ec","disease_vs_normal","group",2,"UNK",NA,10,10,3,0,3,"STR:adenocarcinoma|STR:invasive_grade_3_adenocarcinoma|STR:metastatic_adenocarcinoma_consistent_with_cholangiocarcinoma",TRUE
"group_L1_5060cf14","disease_vs_normal","group",2,"UNK",NA,16,16,2,0,2,"STR:patient_with_untreated_lesional_psoriasis|STR:psoriasis_patient_treated_with_ustekinumab",TRUE
"group_L1_50637fed","disease_vs_normal","group",7,"UNK",NA,52,52,4,0,4,"MeSH:D047928|STR:early_onset_preeclampsia|STR:lupus|STR:placenta_accreta_spectrum_samples_pa",TRUE
"group_L1_5066b3df","disease_vs_normal","group",4,"UNK",NA,15,15,2,0,2,"STR:breast_cancer_cells|STR:human_breast_carcinoma",TRUE
"group_L1_50b8e88b","disease_vs_normal","group",2,"UNK",NA,2,2,1,0,1,"STR:tnbc",FALSE
"group_L1_51147406","disease_vs_normal","group",23,"UNK",NA,421,421,16,0,16,"MeSH:D002543|MeSH:D003424|MeSH:D011236|MeSH:D012595|MeSH:D015470",TRUE
"group_L1_51e0735f","disease_vs_normal","group",3,"UNK",NA,6,6,1,0,1,"STR:osteosarcoma_cancer",FALSE
"group_L1_520e62f2","disease_vs_normal","group",2,"UNK",NA,6,6,0,0,0,"",FALSE
"group_L1_528bbbb4","disease_vs_normal","group",7,"UNK",NA,152,152,8,0,8,"MeSH:D009221|MeSH:D056587|STR:bpd|STR:kaschin_beck_disease_patient|STR:lupus",TRUE
"group_L1_52e7ecc8","disease_vs_normal","group",2,"UNK",NA,3,3,1,0,1,"STR:neovascular",FALSE
"group_L1_52f104c0","pathogen_or_aggregate_exposure","group",2,"UNK",NA,73,73,0,0,0,"",FALSE
"group_L1_5399d19d","disease_vs_normal","group",5,"UNK",NA,20,20,0,0,0,"",FALSE
"group_L1_53e7d13a","small_molecule","group",2,"STR:bevacizumab","bevacizumab",27,27,0,0,0,"",FALSE
"group_L1_54060715","disease_vs_normal","group",2,"UNK",NA,4,4,1,0,1,"STR:endometriosis",FALSE
"group_L1_540b9509","disease_vs_normal","group",2,"UNK",NA,11,11,2,0,2,"MeSH:D003424|STR:colon_cancer_stage_ii_iv",TRUE
"group_L1_5484f9a4","disease_vs_normal","group",12,"UNK",NA,311,311,12,0,12,"MeSH:D003922|STR:acute|STR:ards|STR:ards_bmt|STR:psc",TRUE
"group_L1_551d8466","disease_vs_normal","group",3,"UNK",NA,12,12,1,0,1,"STR:tumor_colon",FALSE
"group_L1_5529072a","disease_vs_normal","group",11,"UNK",NA,147,147,9,0,9,"MeSH:D014860|MeSH:D015535|MeSH:D017449|MeSH:D055623|STR:acute_stage_nucl",TRUE
"group_L1_552aa280","small_molecule","group",2,"CHEBI:50280","(<i>R</i>)-lavandulyl diphosphate",2,2,0,1,1,"CHEBI:38940",FALSE
"group_L1_55938602","disease_vs_normal","group",2,"UNK",NA,38,38,0,0,0,"",FALSE
"group_L1_55a49d75","small_molecule","group",2,"CHEBI:123456","N-ethyl-2-[(2R,3R,6S)-3-[(4-fluorophenyl)sulfonylamino]-2-(hydroxymethyl)-3,6-dihydro-2H-pyran-6-yl]acetamide",3,3,0,1,1,"CHEBI:61397",FALSE
"group_L1_564e6440","small_molecule","group",2,"CHEBI:91435","linifanib",3,3,0,1,1,"CHEBI:91435",FALSE
"group_L1_5662e12f","disease_vs_normal","group",2,"UNK",NA,3,3,1,0,1,"MeSH:D008545",FALSE
"group_L1_56aaa32d","disease_vs_normal","group",4,"UNK",NA,52,52,0,0,0,"",FALSE
"group_L1_56bd10ea","disease_vs_normal","group",13,"UNK",NA,245,245,8,0,8,"MeSH:D000077192|MeSH:D002294|MeSH:D009369|STR:distal_metastsis|STR:ipf",TRUE
"group_L1_574b71ba","disease_vs_normal","group",2,"UNK",NA,3,3,2,0,2,"MeSH:D010190|STR:patient_derived_pdac",TRUE
"group_L1_57634f67","disease_vs_normal","group",2,"UNK",NA,9,9,2,0,2,"MeSH:D010001|STR:erosive_rheumatoid_arthritis_ra",TRUE
"group_L1_57bc0425","pathogen_or_aggregate_exposure","group",2,"UNK",NA,6,6,0,0,0,"",FALSE
"group_L1_57cfda52","pathogen_or_aggregate_exposure","group",2,"UNK",NA,21,21,0,0,0,"",FALSE
"group_L1_5889c5d5","disease_vs_normal","group",9,"UNK",NA,45,45,9,0,9,"STR:atrial_fibrillation|STR:case|STR:human_liver_cancer_plasma|STR:liver_cancer_patient|STR:myocardial_infarction_patient_with_cardiac_remodeling",TRUE
"group_L1_5911ccd3","pathogen_or_aggregate_exposure","group",2,"UNK",NA,12,12,0,4,4,"STR:hcov_nl63_infected|STR:sars_cov_2_alpha_variant_infected|STR:sars_cov_2_beta_variant_infected|STR:sars_cov_2_delta_variant_infected",TRUE
"group_L1_59336d09","disease_vs_normal","group",12,"UNK",NA,122,122,10,0,10,"MeSH:D001528|MeSH:D015464|MeSH:D017565|STR:aml|STR:bd_patients",TRUE
"group_L1_595282c3","disease_vs_normal","group",3,"UNK",NA,14,14,2,0,2,"STR:bronchopulmonary_dysplasia_bpd|STR:neonatal_onset_multisystem_inflammatory_disease_nomid",TRUE
"group_L1_59a108cd","disease_vs_normal","group",2,"UNK",NA,6,6,0,0,0,"",FALSE
"group_L1_59bab350","disease_vs_normal","group",25,"UNK",NA,59,59,15,0,15,"STR:a549_cells_human_lung_adenocarcinoma_cell_line|STR:a549_lung_tumor_cells|STR:human_alveolar_adenocarcinoma_a549_cells|STR:human_cancer_cell_line_from_lung_adenocarcinoma_a549|STR:human_lung_adenocarcinoma_cell",TRUE
"group_L1_59d16a3b","disease_vs_normal","group",9,"UNK",NA,149,149,1,0,1,"STR:not_iris",FALSE
"group_L1_5a90cff1","small_molecule","group",2,"UNK",NA,4,4,0,2,2,"STR:mdv|STR:osmi2_4h",TRUE
"group_L1_5ab12276","small_molecule","group",2,"UNK",NA,8,8,0,0,0,"",FALSE
"group_L1_5adf51ba","disease_vs_normal","group",2,"UNK",NA,7,7,2,0,2,"STR:breast_cancer_cell_line|STR:triple_negative",TRUE
"group_L1_5b16644e","disease_vs_normal","group",2,"UNK",NA,40,40,0,0,0,"",FALSE
"group_L1_5b225dec","small_molecule","group",2,"CHEBI:75929","<small>D</small>-cycloserine(1+)",2,2,0,1,1,"CHEBI:67271",FALSE
"group_L1_5b8a0e2e","disease_vs_normal","group",2,"MeSH:D012138","Respiratory Therapy",29,29,2,0,2,"STR:rheumatoid_arthritis_early|STR:rheumatoid_arthritis_established",TRUE
"group_L1_5c4e0f8b","pathogen_or_aggregate_exposure","group",2,"STR:candidemia","Candidemia",3,3,0,0,0,"",FALSE
"group_L1_5c834ab4","disease_vs_normal","group",3,"UNK",NA,6,6,3,0,3,"MeSH:D000077192|MeSH:D008175|STR:lung_carcinoma_epithelium",TRUE
"group_L1_5ccd4f69","pathogen_or_aggregate_exposure","group",2,"UNK",NA,15,15,0,4,4,"STR:hcov_229e_atcc_vr_740_infected|STR:mers_cov_emc_2012_infected|STR:sars_cov_2_omicron_variant_infected|STR:sars_cov_2_wa_01_infected",TRUE
"group_L1_5db8e2ce","disease_vs_normal","group",2,"UNK",NA,19,19,3,0,3,"STR:patient_with_hemorrhagic_transformation_after_acute_ischemic_stroke|STR:patient_without_hemorrhagic_transformation_after_acute_ischemic_stroke|STR:symptomatic",TRUE
"group_L1_5e0fed6e","disease_vs_normal","group",2,"UNK",NA,7,7,0,0,0,"",FALSE
"group_L1_5e2f48a6","disease_vs_normal","group",2,"UNK",NA,31,31,0,0,0,"",FALSE
"group_L1_5e7fc2bb","small_molecule","group",7,"UNK",NA,24,24,0,9,9,"CHEBI:189652|STR:5_aza_cdr|STR:agi24512|STR:anti_hsp60n_h2o2|STR:apr_246",TRUE
"group_L1_5ed76e12","small_molecule","group",2,"UNK",NA,5,5,0,2,2,"CHEBI:73925|STR:epz",TRUE
"group_L1_5edd8e62","small_molecule","group",2,"CHEBI:229222","capivasertib",3,3,0,1,1,"CHEBI:229222",FALSE
"group_L1_5ee5d3d3","disease_vs_normal","group",2,"UNK",NA,2,2,2,0,2,"MeSH:D000077195|STR:severe_periodontitis",TRUE
"group_L1_5ee6c6f7","disease_vs_normal","group",2,"UNK",NA,4,4,1,0,1,"STR:formalin_fixed_paraffin_embedded_ffpe_tumor_tissue_block_from_human_nf2_patient",FALSE
"group_L1_5f72c68d","disease_vs_normal","group",2,"UNK",NA,30,30,0,0,0,"",FALSE
"group_L1_5fb67ae9","small_molecule","group",5,"UNK",NA,16,16,0,10,10,"STR:apoevs_apoptosis_induced_by_staurosporine|STR:combination|STR:cqwin1_pm2_5|STR:cqwin2_pm2_5|STR:cqwin3_pm2_5",TRUE
"group_L1_5fe515a1","disease_vs_normal","group",2,"UNK",NA,16,16,0,0,0,"",FALSE
"group_L1_603820f7","small_molecule","group",2,"UNK",NA,8,8,0,2,2,"STR:htyr_treatment|STR:opwps_treatment",TRUE
"group_L1_60dd7aca","small_molecule","group",3,"UNK",NA,6,6,0,2,2,"STR:phi29_dna_ploymerance_i_extension_enzyme|STR:vpa_aso1",TRUE
"group_L1_615de7b1","disease_vs_normal","group",2,"UNK",NA,2,2,1,0,1,"STR:diabetic",FALSE
"group_L1_61da1505","disease_vs_normal","group",3,"UNK",NA,6,6,2,0,2,"STR:colorectal_cancer_cell_line|STR:human_colorectal_cancer_cell_line",TRUE
"group_L1_61e85257","disease_vs_normal","group",2,"UNK",NA,7,7,2,0,2,"MeSH:D001943|STR:mammary_gland_adenocarcinoma",TRUE
"group_L1_62549861","disease_vs_normal","group",2,"UNK",NA,4,4,1,0,1,"STR:breast_cancer_cell_line",FALSE
"group_L1_6286b51a","small_molecule","group",2,"CHEBI:75928","(<i>S</i>)-2-hydroxyhexadecanoate",4,4,0,1,1,"CHEBI:78543",FALSE
"group_L1_635d56c4","small_molecule","group",2,"CHEBI:35285","iminium betaine",2,2,0,1,1,"STR:5_aza_cdr",FALSE
"group_L1_6395bd50","disease_vs_normal","group",2,"UNK",NA,6,6,0,0,0,"",FALSE
"group_L1_63ad4247","pathogen_or_aggregate_exposure","group",2,"UNK",NA,59,59,0,0,0,"",FALSE
"group_L1_63b9df93","pathogen_or_aggregate_exposure","group",2,"STR:candidemia","Candidemia",9,9,0,0,0,"",FALSE
"group_L1_644e5b58","small_molecule","group",2,"UNK",NA,4,4,0,2,2,"CHEBI:15971|STR:treated_with_ava_adr_001_for_24_h",TRUE
"group_L1_64ebd014","disease_vs_normal","group",2,"UNK",NA,19,19,2,0,2,"STR:lung_squamous_cell_carcinoma_tissue|STR:lung_squamous_cell_carcinoma_tumor_samples",TRUE
"group_L1_64f6600e","disease_vs_normal","group",2,"UNK",NA,5,5,1,0,1,"MeSH:D011471",FALSE
"group_L1_656d89a3","cytokine_stim","group",2,"CHEBI:114785","erlotinib",2,2,0,1,1,"CHEBI:40629",FALSE
"group_L1_656e8473","disease_vs_normal","group",2,"UNK",NA,3,3,1,0,1,"STR:adenocarcinoma",FALSE
"group_L1_65f39e1e","disease_vs_normal","group",3,"UNK",NA,9,9,0,0,0,"",FALSE
"group_L1_65f67b00","disease_vs_normal","group",2,"UNK",NA,21,21,2,0,2,"MeSH:D010051|STR:ovarian_clear_cell_carcinoma_with_concurrent_endometriosis",TRUE
"group_L1_6650d7c7","pathogen_or_aggregate_exposure","group",3,"STR:sars-cov-2","SARS-CoV-2",30,30,0,1,1,"STR:sars_cov_2_infection_at_moi_1_during_24_h",FALSE
"group_L1_6719ec54","disease_vs_normal","group",2,"UNK",NA,2,2,1,0,1,"STR:oe",FALSE
"group_L1_67ab828f","disease_vs_normal","group",2,"UNK",NA,8,8,0,0,0,"",FALSE
"group_L1_67ff3c35","disease_vs_normal","group",5,"UNK",NA,27,27,1,0,1,"STR:breast_cancer_cell_line",FALSE
"group_L1_68085b64","small_molecule","group",2,"UNK",NA,27,27,0,5,5,"STR:cells_grown_in_a_q_depleted_medium_for_18h_followed_by_cycloheximid_and_tryptolide_treatment_for_3_hours|STR:cells_grown_in_a_q_depleted_medium_for_18h_followed_by_tryptolide_treatment_for_3_hours|STR:mapk_inhibitors_followed_by_cycloheximid_and_tryptolide_treatment_for_3_hours|STR:mapk_inhibitors_followed_by_cycloheximid_treatment_for_3_hours|STR:mapk_inhibitors_followed_by_tryptolide_treatment_for_3_hours",TRUE
"group_L1_688f8686","disease_vs_normal","group",2,"UNK",NA,31,31,1,0,1,"STR:non_ktcn",FALSE
"group_L1_6891928f","disease_vs_normal","group",2,"UNK",NA,137,137,3,0,3,"STR:cd|STR:pediatric_ulcerative_colitis|STR:uc",TRUE
"group_L1_689d30cb","disease_vs_normal","group",7,"UNK",NA,20,20,4,0,4,"STR:cancer_cell_line|STR:colon_cancer_cell|STR:colon_cancer_cell_line|STR:hct_116_human_colon_adenocarcinoma",TRUE
"group_L1_68d01325","pathogen_or_aggregate_exposure","group",4,"UNK",NA,49,49,0,0,0,"",FALSE
"group_L1_68f830a9","pathogen_or_aggregate_exposure","group",4,"UNK",NA,35,35,0,0,0,"",FALSE
"group_L1_690917a2","disease_vs_normal","group",2,"UNK",NA,14,14,0,0,0,"",FALSE
"group_L1_694b4a4f","small_molecule","group",2,"MeSH:D011278","Pregnanes",18,18,0,0,0,"",FALSE
"group_L1_69798bf7","disease_vs_normal","group",14,"UNK",NA,32,32,7,0,7,"STR:human_prostate_adenocarcinoma_cells|STR:human_prostate_cancer|STR:human_prostate_cancer_cell_line|STR:human_prostate_cancer_cells|STR:lncap_prostate_cancer_cell_line",TRUE
"group_L1_69b2bc4d","disease_vs_normal","group",2,"UNK",NA,2,2,2,0,2,"MeSH:D010190|STR:patient_derived_pdac",TRUE
"group_L1_69d38ab6","disease_vs_normal","group",2,"UNK",NA,5,5,0,0,0,"",FALSE
"group_L1_6a00ce76","disease_vs_normal","group",3,"UNK",NA,17,17,2,0,2,"MeSH:D008198|STR:castleman_disease",TRUE
"group_L1_6a415eec","small_molecule","group",2,"UNK",NA,10,10,0,3,3,"STR:cccr07|STR:cccr08|STR:tlr7_cm",TRUE
"group_L1_6a6aacf5","disease_vs_normal","group",2,"UNK",NA,8,8,2,0,2,"MeSH:D010190|STR:pancreatic_ductal_adenocarcinoma",TRUE
"group_L1_6a7ddb52","disease_vs_normal","group",2,"UNK",NA,66,66,1,0,1,"STR:tnbc",FALSE
"group_L1_6a7fec11","disease_vs_normal","group",4,"UNK",NA,92,92,7,0,7,"MeSH:D001932|STR:astrocytoma_grade_ii|STR:astrocytoma_grade_iii|STR:at_rt_tumor|STR:glioblastoma_grade_iv",TRUE
"group_L1_6a8573d9","small_molecule","group",2,"UNK",NA,3,3,0,1,1,"STR:anti_pd_l1_and_tgf_beta_bifunctional_fusion_protein",FALSE
"group_L1_6aaa7d38","disease_vs_normal","group",3,"UNK",NA,439,439,2,0,2,"STR:ankylosing_spondylitis_as|STR:thrombocytopenia",TRUE
"group_L1_6add388c","disease_vs_normal","group",2,"UNK",NA,2,2,1,0,1,"STR:cf",FALSE
"group_L1_6ae29a97","disease_vs_normal","group",2,"UNK",NA,36,36,2,0,2,"STR:non_small_cell_lung_cancer|STR:primary_lung_tumor",TRUE
"group_L1_6af5d837","disease_vs_normal","group",4,"UNK",NA,20,20,3,0,3,"STR:eosinophilic_asthma|STR:high_ige|STR:low_ige",TRUE
"group_L1_6b4dbf7a","small_molecule","group",10,"UNK",NA,51,51,0,23,23,"CHEBI:137270|CHEBI:167658|CHEBI:231621|CHEBI:231696|CHEBI:233197",TRUE
"group_L1_6b4ec233","small_molecule","group",4,"UNK",NA,18,18,0,4,4,"CHEBI:231342|STR:azd6738_ir|STR:redact_co|STR:redact_tr",TRUE
"group_L1_6b827fb7","disease_vs_normal","group",12,"UNK",NA,180,180,7,0,7,"MeSH:D000544|MeSH:D006816|MeSH:D009369|STR:autism_spectrum_disorder|STR:meningioma_tumor",TRUE
"group_L1_6ce629dc","disease_vs_normal","group",2,"UNK",NA,9,9,2,0,2,"STR:bone_marrow_chronic_myelogenous_leukemia_cml|STR:bone_marrow_from_chronic_myeloid_leukemia",TRUE
"group_L1_6cf28342","small_molecule","group",2,"CHEBI:2668","amlodipine",9,9,0,2,2,"CHEBI:2668|STR:amlodipine_only",TRUE
"group_L1_6d143722","disease_vs_normal","group",2,"UNK",NA,2,2,1,0,1,"MeSH:D002289",FALSE
"group_L1_6d84a7c7","pathogen_or_aggregate_exposure","group",2,"STR:tuberculosis","Tuberculosis",13,13,0,0,0,"",FALSE
"group_L1_6db32285","disease_vs_normal","group",4,"UNK",NA,87,87,2,0,2,"STR:hc|STR:without_osteoporosis",TRUE
"group_L1_6db597c5","disease_vs_normal","group",2,"UNK",NA,63,63,1,0,1,"MeSH:D008113",FALSE
"group_L1_6e4e7791","pathogen_or_aggregate_exposure","group",2,"UNK",NA,33,33,0,0,0,"",FALSE
"group_L1_6ea093dd","small_molecule","group",2,"UNK",NA,4,4,0,2,2,"STR:metro|STR:tfb_tboa",TRUE
"group_L1_6edc0417","disease_vs_normal","group",2,"UNK",NA,32,32,1,0,1,"STR:adenocarcinoma",FALSE
"group_L1_6f086a42","small_molecule","group",2,"MeSH:D000988","Antispermatogenic Agents",5,5,0,0,0,"",FALSE
"group_L1_6f13b2e4","disease_vs_normal","group",2,"UNK",NA,100,100,1,0,1,"STR:primary_ovarian_tumor_tissue",FALSE
"group_L1_6f1aaebc","disease_vs_normal","group",2,"UNK",NA,16,16,2,0,2,"STR:nontumor|STR:paracancerous_liver",TRUE
"group_L1_6f2be136","disease_vs_normal","group",2,"UNK",NA,6,6,1,0,1,"STR:human_bladder_cancer_cell_line_t24",FALSE
"group_L1_6f91696b","small_molecule","group",2,"CHEBI:134203","<em>P</em>-{α-<small>D</small>-Glc<em>p</em>NAc-(1→3)-[<small>D</small>-GroA-(2→1)]-α-<small>D</small>-Glc<em>p</em>NAc-6-yl}-α-<small>D</small>-Glc<em>p</em>NAc-(1→3)-[<small>D</small>-GroA-(2→1)]-α-<small>D</small>-Glc<em>p</em>NAc-<em>P</em>-6-[CH<small><sub>2</sub></small>]<small><sub>5</sub></small>NHC(=O)[CH<small><sub>2</sub></small>]<small><sub>4</sub></small>C(=O)NHR group",6,6,0,5,5,"CHEBI:90531|STR:at9283|STR:icotinib|STR:mgcd265|STR:saridegib",TRUE
"group_L1_7011ec4b","disease_vs_normal","group",2,"UNK",NA,42,42,3,0,3,"STR:5|STR:non_squamous|STR:squamous",TRUE
"group_L1_702b2154","small_molecule","group",2,"UNK",NA,16,16,0,2,2,"STR:aromatase_inhibitor_treatment|STR:dox_and_dtx_based_treatment",TRUE
"group_L1_71787404","disease_vs_normal","group",13,"UNK",NA,221,221,14,0,14,"MeSH:D008180|STR:af_recurrence|STR:affected|STR:b_cell_acute_lymphoblastic_leukemia|STR:case_tb",TRUE
"group_L1_71ae951a","disease_vs_normal","group",2,"UNK",NA,5,5,0,0,0,"",FALSE
"group_L1_7322571d","disease_vs_normal","group",6,"UNK",NA,32,32,5,0,5,"STR:hbv_aclf|STR:idiopathic_pulmonary_fibrosis|STR:m|STR:presentation_all_patient|STR:relapse_aml_patient",TRUE
"group_L1_73415e7c","disease_vs_normal","group",2,"UNK",NA,6,6,1,0,1,"STR:tumour",FALSE
"group_L1_7362f44c","small_molecule","group",2,"UNK",NA,10,10,0,3,3,"CHEBI:39867|STR:aso1|STR:vpa_aso1",TRUE
"group_L1_738fd60c","disease_vs_normal","group",8,"UNK",NA,75,75,3,0,3,"MeSH:D003876|STR:dermatomyositis|STR:mpr",TRUE
"group_L1_73cc76fc","disease_vs_normal","group",3,"UNK",NA,40,40,0,0,0,"",FALSE
"group_L1_73e0ad9c","disease_vs_normal","group",4,"UNK",NA,8,8,0,0,0,"",FALSE
"group_L1_74190c7a","disease_vs_normal","group",2,"UNK",NA,5,5,1,0,1,"MeSH:D018222",FALSE
"group_L1_741d4da8","small_molecule","group",2,"CHEBI:27666","actinomycin D",2,2,0,2,2,"HGNC:IGF2BP2|HGNC:UPF1",TRUE
"group_L1_744edc2b","disease_vs_normal","group",2,"UNK",NA,15,15,0,0,0,"",FALSE
"group_L1_7478eb67","disease_vs_normal","group",2,"UNK",NA,3,3,3,0,3,"STR:anaplastic_cog_stage_i|STR:diffuse_anaplasia_cog_stage_i|STR:non_anaplastic_cog_stage_iii",TRUE
"group_L1_749eb512","disease_vs_normal","group",2,"UNK",NA,5,5,1,0,1,"STR:prostate_cancer_organoid",FALSE
"group_L1_74b4e404","disease_vs_normal","group",2,"UNK",NA,8,8,0,0,0,"",FALSE
"group_L1_74e33eb8","pathogen_or_aggregate_exposure","group",3,"STR:tuberculosis","Tuberculosis",51,51,0,0,0,"",FALSE
"group_L1_7520cfa9","small_molecule","group",2,"CHEBI:16515","3-ADP-glyceric acid",2,2,0,1,1,"STR:10_nm_1",FALSE
"group_L1_757e8876","disease_vs_normal","group",2,"UNK",NA,3,3,1,0,1,"STR:relative_hc",FALSE
"group_L1_75edf281","disease_vs_normal","group",2,"UNK",NA,4,4,1,0,1,"STR:t47d_breast_cancer_cells",FALSE
"group_L1_75fa5d64","disease_vs_normal","group",10,"UNK",NA,31,31,4,0,4,"MeSH:D002289|MeSH:D008175|STR:adenocarcinoma|STR:tumor_lung",TRUE
"group_L1_760d3a8a","disease_vs_normal","group",2,"UNK",NA,34,34,1,0,1,"STR:melanoma_tumour",FALSE
"group_L1_761ac409","disease_vs_normal","group",3,"UNK",NA,65,65,1,0,1,"MeSH:D015470",FALSE
"group_L1_76280374","disease_vs_normal","group",2,"UNK",NA,25,25,1,0,1,"STR:ffpe_melanoma_tumor",FALSE
"group_L1_7646a970","pathogen_or_aggregate_exposure","group",2,"UNK",NA,103,103,0,0,0,"",FALSE
"group_L1_76765778","pathogen_or_aggregate_exposure","group",2,"UNK",NA,6,6,0,0,0,"",FALSE
"group_L1_76c40933","disease_vs_normal","group",3,"UNK",NA,6,6,1,0,1,"STR:t24_bladder_cancer_cell_line",FALSE
"group_L1_775d08d4","disease_vs_normal","group",3,"UNK",NA,17,17,3,0,3,"MeSH:D009369|STR:ffpe_tumor_rna|STR:liposarcoma",TRUE
"group_L1_778d8ad5","disease_vs_normal","group",9,"MeSH:D000544","Alzheimer Disease",9,9,0,0,0,"",FALSE
"group_L1_77cd183d","disease_vs_normal","group",2,"UNK",NA,77,77,0,0,0,"",FALSE
"group_L1_77ce67b7","small_molecule","group",2,"UNK",NA,3,3,0,2,2,"CHEBI:16830|STR:tetra_pt_bpy_treated",TRUE
"group_L1_780f7808","disease_vs_normal","group",3,"UNK",NA,57,57,0,0,0,"",FALSE
"group_L1_785f729c","disease_vs_normal","group",2,"UNK",NA,2,2,1,0,1,"STR:tnbc",FALSE
"group_L1_788d6f85","disease_vs_normal","group",2,"UNK",NA,32,32,1,0,1,"STR:idiopathic_pulmonary_fibrosis",FALSE
"group_L1_789d8fec","disease_vs_normal","group",2,"UNK",NA,3,3,0,0,0,"",FALSE
"group_L1_794d0b80","disease_vs_normal","group",8,"UNK",NA,154,154,9,0,9,"MeSH:D001943|MeSH:D002285|STR:breast|STR:ffpe_breast_tumor|STR:fresh_frozen_breast_tumor",TRUE
"group_L1_798a39fd","disease_vs_normal","group",2,"MeSH:D001943","Breast Neoplasms",2,2,1,0,1,"STR:breast_cancer_cell",FALSE
"group_L1_79ae40ff","disease_vs_normal","group",2,"UNK",NA,33,33,1,0,1,"STR:medulloblastoma",FALSE
"group_L1_79be5e17","disease_vs_normal","group",2,"UNK",NA,31,31,1,0,1,"STR:uc",FALSE
"group_L1_7a0cd917","disease_vs_normal","group",5,"UNK",NA,16,16,2,0,2,"STR:adenocarcinoma|STR:mda_mb_231_breast_cancer_cells",TRUE
"group_L1_7a8ff53e","pathogen_or_aggregate_exposure","group",2,"UNK",NA,15,15,0,1,1,"STR:3_doses_of_1_8m_pfspz_sporozoites",FALSE
"group_L1_7be0ba9a","pathogen_or_aggregate_exposure","group",3,"UNK",NA,20,20,0,6,6,"STR:ama1|STR:csp|STR:hbs|STR:mtb|STR:t_gondii_strain_pru",TRUE
"group_L1_7c3bc857","disease_vs_normal","group",5,"UNK",NA,46,46,2,0,2,"MeSH:D015464|STR:lowry_wood_syndrome",TRUE
"group_L1_7c5de9ba","pathogen_or_aggregate_exposure","group",2,"UNK",NA,10,10,0,0,0,"",FALSE
"group_L1_7c7e378a","small_molecule","group",2,"CHEBI:67271","MK-2206",2,2,0,1,1,"CHEBI:67271",FALSE
"group_L1_7cc66538","small_molecule","group",2,"UNK",NA,5,5,0,0,0,"",FALSE
"group_L1_7d09c2da","pathogen_or_aggregate_exposure","group",2,"STR:candidemia","Candidemia",2,2,0,0,0,"",FALSE
"group_L1_7d10f85b","pathogen_or_aggregate_exposure","group",2,"STR:tuberculosis","Tuberculosis",49,49,0,0,0,"",FALSE
"group_L1_7d3b82dc","disease_vs_normal","group",5,"UNK",NA,23,23,3,0,3,"MeSH:D002289|MeSH:D008175|STR:nsclc",TRUE
"group_L1_7d60a5c4","disease_vs_normal","group",2,"UNK",NA,83,83,6,0,6,"MeSH:D002294|MeSH:D008175|STR:adenocarcinoma|STR:advanced|STR:limited",TRUE
"group_L1_7d90832c","disease_vs_normal","group",4,"UNK",NA,16,16,0,0,0,"",FALSE
"group_L1_7dd1215d","small_molecule","group",2,"UNK",NA,5,5,0,2,2,"STR:osmi2_24h|STR:treated_with_c_1311_for_24_hours",TRUE
"group_L1_7dd62df7","pathogen_or_aggregate_exposure","group",2,"STR:candidemia","Candidemia",2,2,0,0,0,"",FALSE
"group_L1_7e3586db","disease_vs_normal","group",2,"UNK",NA,4,4,2,0,2,"STR:intestine_and_colon_tumor_pool_2_n_3_donors|STR:intestine_and_colon_tumor_tissue_biopsy",TRUE
"group_L1_7e51b8e4","pathogen_or_aggregate_exposure","group",2,"STR:tuberculosis","Tuberculosis",42,42,0,0,0,"",FALSE
"group_L1_7e8b39f6","small_molecule","group",4,"CHEBI:17120","hexanoate",6,6,0,2,2,"STR:il4_and_lps_co_exposed_for_24_hours|STR:lps_exposed_for_24_hours",TRUE
"group_L1_7ec2d9af","disease_vs_normal","group",2,"UNK",NA,57,57,3,0,3,"STR:gbm|STR:primary|STR:recurrent",TRUE
"group_L1_7ed69e8c","small_molecule","group",2,"CHEBI:75599","EC 6.3.2.2 (glutamate—cysteine ligase) inhibitor",18,18,0,0,0,"",FALSE
"group_L1_7fe57d12","disease_vs_normal","group",4,"UNK",NA,40,40,5,0,5,"STR:adeno|STR:die|STR:endometriosis|STR:iua_patient|STR:oe",TRUE
"group_L1_803f4b49","disease_vs_normal","group",4,"UNK",NA,327,327,2,0,2,"STR:multiple_sclerosis|STR:noncancer",TRUE
"group_L1_80b58883","small_molecule","group",4,"UNK",NA,7,7,0,2,2,"CHEBI:85994|STR:s217879",TRUE
"group_L1_80c1a0b1","disease_vs_normal","group",2,"UNK",NA,4,4,2,0,2,"MeSH:D010051|STR:ev_skov3",TRUE
"group_L1_810c3e82","disease_vs_normal","group",2,"UNK",NA,9,9,2,0,2,"MeSH:D013167|STR:hcc",TRUE
"group_L1_811d8997","disease_vs_normal","group",2,"UNK",NA,43,43,2,0,2,"STR:primary|STR:recurrent",TRUE
"group_L1_813d34ea","disease_vs_normal","group",2,"UNK",NA,13,13,2,0,2,"MeSH:D005706|STR:xantho_granulomatous_cholecystitis",TRUE
"group_L1_817a8f8a","small_molecule","group",2,"UNK",NA,6,6,0,2,2,"CHEBI:34749|STR:mpc309",TRUE
"group_L1_817b8037","disease_vs_normal","group",2,"UNK",NA,25,25,0,0,0,"",FALSE
"group_L1_818348ef","pathogen_or_aggregate_exposure","group",2,"STR:malaria","Malaria",74,74,0,0,0,"",FALSE
"group_L1_8353fdd2","disease_vs_normal","group",3,"UNK",NA,38,38,2,0,2,"MeSH:D002292|STR:renal_clear_cell_carcinoma",TRUE
"group_L1_8362ce78","disease_vs_normal","group",2,"UNK",NA,10,10,2,0,2,"STR:diabetic|STR:sjogren_s_syndrome",TRUE
"group_L1_83929a47","pathogen_or_aggregate_exposure","group",2,"UNK",NA,12,12,0,4,4,"STR:infected_with_sars_cov2_p11|STR:infected_with_sars_cov2_stock|STR:infected_with_shaan_virus_p3|STR:infected_with_shaan_virus_p43",TRUE
"group_L1_841a8011","disease_vs_normal","group",4,"UNK",NA,7,7,2,0,2,"STR:pc_3_prostate_cancer_cell_line|STR:prostate_cancer_cell_line_pc_3",TRUE
"group_L1_843009b6","disease_vs_normal","group",2,"MeSH:D003149","Community Dentistry",6,6,1,0,1,"STR:colorectal_cancer_cell_line",FALSE
"group_L1_8445683d","small_molecule","group",2,"CHEBI:75597","dT<small><sub>8</sub></small>",3,3,0,1,1,"CHEBI:68647",FALSE
"group_L1_85087f1e","small_molecule","group",2,"CHEBI:23965","estradiol",2,2,0,0,0,"",FALSE
"group_L1_857b6cf8","disease_vs_normal","group",43,"UNK",NA,157,157,19,0,19,"MeSH:D001943|MeSH:D009369|MeSH:D064726|STR:adenocarcinoma|STR:breast_cancer_cell",TRUE
"group_L1_863ad5e6","disease_vs_normal","group",3,"MeSH:D001943","Breast Neoplasms",4,4,1,0,1,"STR:breast_cancer_cells",FALSE
"group_L1_8646cc7d","disease_vs_normal","group",3,"UNK",NA,13,13,1,0,1,"STR:adult_onset_still_s_disease_aosd",FALSE
"group_L1_86731c7d","disease_vs_normal","group",4,"UNK",NA,195,195,7,0,7,"MeSH:D006521|STR:advanced_hcc|STR:biliary_atresia|STR:dysplastic_nodule|STR:early_hcc",TRUE
"group_L1_8716b9bb","disease_vs_normal","group",2,"UNK",NA,20,20,1,0,1,"STR:cancer_tissue",FALSE
"group_L1_873857a1","disease_vs_normal","group",2,"UNK",NA,6,6,1,0,1,"STR:adenocarcinoma",FALSE
"group_L1_8767e9fb","small_molecule","group",2,"CHEBI:63630","tolcapone",21,21,0,0,0,"",FALSE
"group_L1_8790a994","disease_vs_normal","group",2,"UNK",NA,5,5,1,0,1,"STR:idiopathic_pulmonary_fibrosis_ipf",FALSE
"group_L1_87d0e74e","disease_vs_normal","group",4,"UNK",NA,11,11,4,0,4,"STR:colon_cancer_cell_line|STR:colon_cancer_cells|STR:hct_116_colon_cancer_cells|STR:human_colon_cancer_cells",TRUE
"group_L1_87e744b8","small_molecule","group",2,"UNK",NA,4,4,0,2,2,"STR:glup_peptide|STR:shap",TRUE
"group_L1_87f16048","small_molecule","group",2,"MeSH:D000989","Antistreptolysin",8,8,0,0,0,"",FALSE
"group_L1_88bb3b67","disease_vs_normal","group",2,"UNK",NA,11,11,3,0,3,"STR:cd44high|STR:cd44low|STR:vehicle_dmso",TRUE
"group_L1_8942d4c0","pathogen_or_aggregate_exposure","group",3,"UNK",NA,103,103,0,0,0,"",FALSE
"group_L1_8954d561","cytokine_stim","group",2,"STR:interferon gamma","Interferon gamma",3,3,0,1,1,"STR:ifn_g",FALSE
"group_L1_8961deb9","disease_vs_normal","group",2,"UNK",NA,3,3,1,0,1,"STR:metastatic_melanoma",FALSE
"group_L1_89719373","small_molecule","group",2,"MeSH:D000981","Antiprotozoal Agents",6,6,0,1,1,"STR:rna",FALSE
"group_L1_8a31b245","disease_vs_normal","group",2,"UNK",NA,9,9,1,0,1,"STR:lesion",FALSE
"group_L1_8a3e657d","disease_vs_normal","group",2,"UNK",NA,1,1,0,0,0,"",FALSE
"group_L1_8aa6f643","small_molecule","group",2,"CHEBI:91435","linifanib",3,3,0,1,1,"CHEBI:91435",FALSE
"group_L1_8addddaa","disease_vs_normal","group",2,"UNK",NA,33,33,2,0,2,"STR:rural|STR:urban",TRUE
"group_L1_8ae8a1f9","small_molecule","group",3,"UNK",NA,7,7,0,5,5,"CHEBI:230500|HGNC:GNL3|STR:l_lu_102|STR:thz1_cart|STR:thz1_ifngamma",TRUE
"group_L1_8b51fdc1","small_molecule","group",3,"UNK",NA,8,8,0,5,5,"CHEBI:131184|HGNC:CYP1A1|HGNC:CYP1B1|STR:5_aza_cdr_gsk_126|STR:skf96365",TRUE
"group_L1_8b5d7d12","disease_vs_normal","group",3,"UNK",NA,303,303,3,0,3,"MeSH:D003093|MeSH:D003424|STR:crohn_s_disease_cd_or_ulcerative_colitis_uc",TRUE
"group_L1_8b7d2cee","small_molecule","group",6,"UNK",NA,22,22,0,8,8,"CHEBI:27847|STR:bleomycin_alpha_lipoic_acid|STR:bleomycin_curcumin|STR:bleomycin_nad|STR:bleomycin_nmn",TRUE
"group_L1_8bbded33","disease_vs_normal","group",3,"UNK",NA,13,13,1,0,1,"STR:anaplastic_meningioma",FALSE
"group_L1_8bd5fefc","pathogen_or_aggregate_exposure","group",3,"UNK",NA,172,172,0,0,0,"",FALSE
"group_L1_8c1e29aa","disease_vs_normal","group",3,"UNK",NA,96,96,6,0,6,"MeSH:D013274|STR:diffuse|STR:intestinal|STR:intestinal_type|STR:mixed",TRUE
"group_L1_8c663ce2","pathogen_or_aggregate_exposure","group",2,"UNK",NA,5,5,0,0,0,"",FALSE
"group_L1_8c75bf3e","disease_vs_normal","group",2,"UNK",NA,30,30,2,0,2,"STR:liver|STR:tumor_totalrna",TRUE
"group_L1_8d0fd447","disease_vs_normal","group",2,"UNK",NA,22,22,0,0,0,"",FALSE
"group_L1_8d212212","small_molecule","group",2,"UNK",NA,17,17,0,7,7,"STR:bza|STR:e2|STR:e2bza|STR:gc10|STR:gc10bza",TRUE
"group_L1_8d323d35","disease_vs_normal","group",3,"UNK",NA,12,12,2,0,2,"MeSH:D009369|STR:liver",TRUE
"group_L1_8d4c568f","disease_vs_normal","group",2,"UNK",NA,16,16,2,0,2,"STR:non_alcoholic_fatty_liver_disease_nafld|STR:non_alcoholic_steatohepatitis_nash",TRUE
"group_L1_8ded9bb4","disease_vs_normal","group",7,"UNK",NA,87,87,4,0,4,"STR:multi_vessel_coronary_artery_disease|STR:patients_with_osteoporosis_diagnosed|STR:schizophrenia|STR:t2d_case",TRUE
"group_L1_8deef6cc","disease_vs_normal","group",2,"UNK",NA,6,6,2,0,2,"MeSH:D004833|STR:multiple_endocrine_neoplasia_type_1_men1",TRUE
"group_L1_8e362da0","disease_vs_normal","group",3,"UNK",NA,12,12,2,0,2,"STR:aml|STR:severe_atherosclerosis",TRUE
"group_L1_8ede1647","disease_vs_normal","group",2,"UNK",NA,7,7,1,0,1,"MeSH:D054218",FALSE
"group_L1_8ef9269f","disease_vs_normal","group",2,"UNK",NA,15,15,2,0,2,"MeSH:D016393|STR:castleman_disease",TRUE
"group_L1_8fc77206","small_molecule","group",7,"UNK",NA,21,21,0,8,8,"CHEBI:124921|CHEBI:176335|STR:1_3_mer_transfected|STR:8hq|STR:8hq_fac",TRUE
"group_L1_907da04f","disease_vs_normal","group",2,"UNK",NA,79,79,0,0,0,"",FALSE
"group_L1_9099e852","small_molecule","group",2,"UNK",NA,3,3,0,2,2,"STR:10um_of_1_s_and_uv_a_irradiated_for_30_minutes_in_a_photoreactor_with_8_lzc_uva_bulbs|STR:10um_of_1_so_and_uv_a_irradiated_for_30_minutes_in_a_photoreactor_with_8_lzc_uva_bulbs",TRUE
"group_L1_9182ced7","disease_vs_normal","group",2,"UNK",NA,14,14,0,0,0,"",FALSE
"group_L1_91bd2eb9","small_molecule","group",2,"CHEBI:88017","α-mycolate type-1 (II)",2,2,0,1,1,"CHEBI:132268",FALSE
"group_L1_91cff3d6","small_molecule","group",3,"UNK",NA,10,10,0,2,2,"STR:ib|STR:nrx",TRUE
"group_L1_9290372b","disease_vs_normal","group",2,"UNK",NA,4,4,1,0,1,"STR:paracancerous",FALSE
"group_L1_92b268ad","disease_vs_normal","group",3,"UNK",NA,45,45,1,0,1,"STR:dcm",FALSE
"group_L1_92c42ca6","disease_vs_normal","group",3,"UNK",NA,86,86,0,0,0,"",FALSE
"group_L1_92d0833b","disease_vs_normal","group",2,"UNK",NA,2,2,0,0,0,"",FALSE
"group_L1_92e9d090","disease_vs_normal","group",6,"UNK",NA,1976,1976,36,0,36,"MeSH:D000789|MeSH:D001943|MeSH:D002292|MeSH:D004938|MeSH:D006258",TRUE
"group_L1_92fd7bd9","disease_vs_normal","group",2,"UNK",NA,4,4,1,0,1,"STR:lncap_atcc_crl_1740_human_prostate_tumor_cell_line",FALSE
"group_L1_93cb0ac2","pathogen_or_aggregate_exposure","group",3,"UNK",NA,46,46,0,2,2,"STR:ev_d68|STR:mycobacterium_abscessus_microparticle",TRUE
"group_L1_93d8ac47","disease_vs_normal","group",2,"UNK",NA,7,7,2,0,2,"MeSH:D000077192|STR:lung_adenocarcinoma_tissue",TRUE
"group_L1_93de5b55","small_molecule","group",3,"UNK",NA,12,12,0,3,3,"STR:ctl|STR:jxy_treatment|STR:pzh_treatment",TRUE
"group_L1_93f21df6","small_molecule","group",2,"UNK",NA,12,12,0,3,3,"CHEBI:379896|STR:r1881_copa|STR:r1881_daro",TRUE
"group_L1_94038f1b","disease_vs_normal","group",2,"UNK",NA,6,6,0,0,0,"",FALSE
"group_L1_941cce2c","disease_vs_normal","group",4,"UNK",NA,57,57,2,0,2,"STR:adenocarcinoma|STR:wild_type",TRUE
"group_L1_946146f8","small_molecule","group",2,"CHEBI:88246","2'-deoxytubercidin",5,5,0,0,0,"",FALSE
"group_L1_94650763","disease_vs_normal","group",6,"UNK",NA,70,70,3,0,3,"STR:latent_autoimmune_diabetes_lada|STR:me_cfs_patient|STR:ms_case",TRUE
"group_L1_94912da2","disease_vs_normal","group",4,"UNK",NA,10,10,4,0,4,"MeSH:D013964|STR:hbv_hcc|STR:thyroid_cancer_thc|STR:tumor_tissue",TRUE
"group_L1_95015ac6","small_molecule","group",4,"CHEBI:17126","carnitine",12,12,0,2,2,"STR:lps_exposed|STR:lps_exposed_for_24_hours",TRUE
"group_L1_952a6484","disease_vs_normal","group",2,"UNK",NA,16,16,0,0,0,"",FALSE
"group_L1_953d18e9","disease_vs_normal","group",2,"UNK",NA,6,6,1,0,1,"STR:human_lung_cancer",FALSE
"group_L1_954bb006","disease_vs_normal","group",2,"UNK",NA,17,17,1,0,1,"STR:uterine_tumor",FALSE
"group_L1_95ea9564","small_molecule","group",2,"UNK",NA,5,5,0,1,1,"STR:gcn2ib_24hr",FALSE
"group_L1_966c7ce8","disease_vs_normal","group",2,"UNK",NA,88,88,0,0,0,"",FALSE
"group_L1_969b9b79","disease_vs_normal","group",2,"UNK",NA,2,2,1,0,1,"STR:adenocarcinoma",FALSE
"group_L1_976a180a","small_molecule","group",2,"UNK",NA,6,6,0,1,1,"CHEBI:137113",FALSE
"group_L1_9783c259","disease_vs_normal","group",5,"UNK",NA,33,33,3,0,3,"MeSH:D002292|MeSH:D009369|STR:ccrcc",TRUE
"group_L1_98a624e9","disease_vs_normal","group",2,"UNK",NA,3,3,1,0,1,"STR:acute_myeloid_leukemia_aml",FALSE
"group_L1_98db24df","disease_vs_normal","group",3,"UNK",NA,9,9,0,0,0,"",FALSE
"group_L1_98ee688b","disease_vs_normal","group",2,"UNK",NA,9,9,1,0,1,"STR:j82_bladder_cancer_cell",FALSE
"group_L1_993832f9","disease_vs_normal","group",2,"UNK",NA,8,8,1,0,1,"STR:stable_coronary_heart_disease",FALSE
"group_L1_994ebabd","disease_vs_normal","group",2,"UNK",NA,4,4,2,0,2,"STR:breast_cancer_xenograft|STR:orthotopic_mouse_tumor_generated_from_mda_mb_231_cells",TRUE
"group_L1_996b732c","small_molecule","group",2,"UNK",NA,5,5,0,1,1,"STR:dhe_hypoxia",FALSE
"group_L1_99bb6058","disease_vs_normal","group",3,"UNK",NA,9,9,0,0,0,"",FALSE
"group_L1_9a179828","disease_vs_normal","group",2,"UNK",NA,9,9,1,0,1,"MeSH:D015464",FALSE
"group_L1_9a4b5fe3","pathogen_or_aggregate_exposure","group",2,"STR:candidemia","Candidemia",2,2,0,0,0,"",FALSE
"group_L1_9a4cb5fe","small_molecule","group",2,"MeSH:D009428","Netilmicin",2,2,0,0,0,"",FALSE
"group_L1_9aa3677e","disease_vs_normal","group",3,"UNK",NA,141,141,1,0,1,"STR:non_diabetes",FALSE
"group_L1_9b2bd7d6","disease_vs_normal","group",2,"UNK",NA,6,6,2,0,2,"MeSH:D001254|STR:glioblastoma",TRUE
"group_L1_9b3985e3","disease_vs_normal","group",2,"UNK",NA,9,9,1,0,1,"STR:nasopharyngeal_carcinoma",FALSE
"group_L1_9b43d54c","disease_vs_normal","group",2,"UNK",NA,4,4,1,0,1,"STR:large_cell_lung_cancer",FALSE
"group_L1_9b497c2d","disease_vs_normal","group",2,"UNK",NA,2,2,0,0,0,"",FALSE
"group_L1_9b5b186f","disease_vs_normal","group",2,"UNK",NA,8,8,2,0,2,"MeSH:D010634|STR:her2_enriched",TRUE
"group_L1_9b68956f","disease_vs_normal","group",5,"UNK",NA,51,51,6,0,6,"MeSH:D003882|STR:ad|STR:convalescent|STR:cortical_tall|STR:immature_tall",TRUE
"group_L1_9b69e9fa","small_molecule","group",3,"MeSH:D011384","Proinsulin",80,80,0,0,0,"",FALSE
"group_L1_9ba4247d","disease_vs_normal","group",4,"UNK",NA,9,9,0,0,0,"",FALSE
"group_L1_9bdbe947","disease_vs_normal","group",2,"UNK",NA,9,9,0,0,0,"",FALSE
"group_L1_9be13591","disease_vs_normal","group",3,"UNK",NA,4,4,1,0,1,"MeSH:D002292",FALSE
"group_L1_9c39517e","disease_vs_normal","group",4,"UNK",NA,8,8,2,0,2,"STR:human_lung_cancer_cell_line|STR:lung_cancer_cell_lines",TRUE
"group_L1_9c8a87e1","disease_vs_normal","group",4,"UNK",NA,46,46,20,0,20,"STR:lucap_105cr_pdx_tumor|STR:lucap_136cr_pdx_tumor|STR:lucap_145_1_pdx_tumor|STR:lucap_145_2_pdx_tumor|STR:lucap_147cr_pdx_tumor",TRUE
"group_L1_9ca17f7f","small_molecule","group",2,"CHEBI:123456","N-ethyl-2-[(2R,3R,6S)-3-[(4-fluorophenyl)sulfonylamino]-2-(hydroxymethyl)-3,6-dihydro-2H-pyran-6-yl]acetamide",3,3,0,2,2,"CHEBI:90943|STR:tivantinib",TRUE
"group_L1_9cb6d95e","disease_vs_normal","group",4,"UNK",NA,10,10,1,0,1,"MeSH:D044584",FALSE
"group_L1_9cc31d1e","disease_vs_normal","group",2,"UNK",NA,7,7,0,0,0,"",FALSE
"group_L1_9cda6624","disease_vs_normal","group",2,"UNK",NA,4,4,0,0,0,"",FALSE
"group_L1_9ceae5ae","disease_vs_normal","group",5,"UNK",NA,8,8,6,0,6,"STR:a549_lung_cancer_cell_line_ctrl_sirna_1_rep1|STR:a549_lung_cancer_cell_line_ctrl_sirna_1_rep2|STR:a549_lung_cancer_cell_line_ctrl_sirna_2_rep1|STR:a549_lung_cancer_cell_line_ctrl_sirna_2_rep2|STR:lung_cancer_cell_line",TRUE
"group_L1_9e31b917","disease_vs_normal","group",2,"UNK",NA,6,6,0,0,0,"",FALSE
"group_L1_9e5114a0","disease_vs_normal","group",3,"UNK",NA,17,17,2,0,2,"STR:not_applicable|STR:para_tumor",TRUE
"group_L1_9edadf24","pathogen_or_aggregate_exposure","group",2,"STR:candidemia","Candidemia",3,3,0,0,0,"",FALSE
"group_L1_9f02ae85","small_molecule","group",2,"CHEBI:16469","17β-estradiol",8,8,0,1,1,"CHEBI:50114",FALSE
"group_L1_9f18f767","disease_vs_normal","group",2,"UNK",NA,3,3,1,0,1,"STR:jmml_other_mutated",FALSE
"group_L1_9f35d8ac","disease_vs_normal","group",2,"UNK",NA,16,16,1,0,1,"STR:dukes_type_c",FALSE
"group_L1_9f83381f","disease_vs_normal","group",2,"UNK",NA,5,5,2,0,2,"MeSH:D006528|STR:hepatocellular_carcinoma_tissue",TRUE
"group_L1_a02c2209","disease_vs_normal","group",6,"MeSH:D001943","Breast Neoplasms",13,13,1,0,1,"STR:breast_cancer_cells",FALSE
"group_L1_a08272bb","disease_vs_normal","group",2,"UNK",NA,2,2,1,0,1,"STR:hcc",FALSE
"group_L1_a0995b4c","disease_vs_normal","group",2,"UNK",NA,4,4,1,0,1,"STR:r1ad1_human_prostate_tumor_cell_line",FALSE
"group_L1_a099c72e","disease_vs_normal","group",2,"UNK",NA,66,66,1,0,1,"STR:endometrioid_endometrial_cancer",FALSE
"group_L1_a13f89db","disease_vs_normal","group",2,"UNK",NA,3,3,1,0,1,"STR:jmml_other_mutated",FALSE
"group_L1_a192cafc","disease_vs_normal","group",7,"UNK",NA,15,15,7,0,7,"MeSH:D002583|STR:adenocarcinoma|STR:cervical_adenocarcinoma|STR:cervix_adenocarcinoma|STR:human_cervical_cancer",TRUE
"group_L1_a1be1355","small_molecule","group",2,"CHEBI:41774","tamoxifen",16,16,0,0,0,"",FALSE
"group_L1_a22856fd","disease_vs_normal","group",2,"UNK",NA,4,4,1,0,1,"STR:head_neck_cancer_um_scc_1_stable_cells",FALSE
"group_L1_a2c8a4ad","disease_vs_normal","group",4,"UNK",NA,24,24,1,0,1,"STR:primary_colon_cancer_cell",FALSE
"group_L1_a304263a","disease_vs_normal","group",5,"UNK",NA,7,7,3,0,3,"STR:human_prostate_cancer_cell_line_pc3|STR:prostate_cancer_cell_line|STR:prostate_cancer_cells",TRUE
"group_L1_a31a0394","small_molecule","group",2,"UNK",NA,177,177,0,1,1,"STR:slit",FALSE
"group_L1_a31d1c2e","disease_vs_normal","group",4,"UNK",NA,7,7,2,0,2,"MeSH:D001943|STR:human_breast_carcinoma",TRUE
"group_L1_a3d9371f","disease_vs_normal","group",6,"UNK",NA,10,10,3,0,3,"MeSH:D064726|STR:breast_cancer_cell_line|STR:mda_mb_468_breast_carcinoma_cell_line",TRUE
"group_L1_a49c4345","small_molecule","group",4,"UNK",NA,16,16,0,5,5,"CHEBI:31263|STR:a_btla|STR:il_1_beta_st2825|STR:ntd|STR:st2825",TRUE
"group_L1_a4d43037","disease_vs_normal","group",3,"UNK",NA,26,26,2,0,2,"STR:acute_aortic_dissection|STR:aortitis",TRUE
"group_L1_a4de223c","disease_vs_normal","group",5,"UNK",NA,9,9,2,0,2,"MeSH:D008175|STR:non_small_cell_lung_adenocarcinoma",TRUE
"group_L1_a5cd5f29","disease_vs_normal","group",2,"UNK",NA,2,2,1,0,1,"STR:colon_cancer_organoids",FALSE
"group_L1_a5dd8b9b","disease_vs_normal","group",6,"UNK",NA,28,28,2,0,2,"MeSH:D013274|STR:stomach",TRUE
"group_L1_a5ea0116","small_molecule","group",2,"CHEBI:123456","N-ethyl-2-[(2R,3R,6S)-3-[(4-fluorophenyl)sulfonylamino]-2-(hydroxymethyl)-3,6-dihydro-2H-pyran-6-yl]acetamide",3,3,0,1,1,"CHEBI:231356",FALSE
"group_L1_a67589b4","disease_vs_normal","group",2,"UNK",NA,35,35,1,0,1,"STR:cd",FALSE
"group_L1_a6abc954","disease_vs_normal","group",2,"UNK",NA,62,62,1,0,1,"STR:human_colorectal_cancer_tissue",FALSE
"group_L1_a6ccf16e","disease_vs_normal","group",2,"UNK",NA,16,16,3,0,3,"STR:endometriosis_related_infertility|STR:polycystic_ovary_syndrome|STR:tubal_factor_infertility",TRUE
"group_L1_a6d39d70","disease_vs_normal","group",2,"UNK",NA,22,22,1,0,1,"STR:ms",FALSE
"group_L1_a6d717a1","small_molecule","group",2,"UNK",NA,2,2,0,2,2,"STR:st101|STR:trf_5003b",TRUE
"group_L1_a6e6969f","disease_vs_normal","group",3,"UNK",NA,22,22,0,0,0,"",FALSE
"group_L1_a77c17e8","disease_vs_normal","group",4,"UNK",NA,177,177,1,0,1,"MeSH:D016773",FALSE
"group_L1_a80dfe1e","disease_vs_normal","group",2,"UNK",NA,2,2,2,0,2,"MeSH:D010190|STR:patient_derived_pdac",TRUE
"group_L1_a8194d66","pathogen_or_aggregate_exposure","group",2,"UNK",NA,9,9,0,1,1,"STR:sars_cov_2",FALSE
"group_L1_a8434e64","disease_vs_normal","group",7,"UNK",NA,17,17,4,0,4,"MeSH:D002289|MeSH:D008175|STR:human_non_small_cell_lung_carcinoma|STR:lung_cancer_cells",TRUE
"group_L1_a8825bb9","pathogen_or_aggregate_exposure","group",2,"STR:candida/bacterial","Candida/bacterial",2,2,0,0,0,"",FALSE
"group_L1_a88ef55e","small_molecule","group",2,"CHEBI:134223","2-amino-6-(1-hydroxypropyl)-8-methylpteridine-4,7(3<em>H</em>,8<em>H</em>)-dione",7,7,0,7,7,"CHEBI:230493|CHEBI:231621|CHEBI:34992|CHEBI:75934|STR:abt751",TRUE
"group_L1_a896053f","disease_vs_normal","group",2,"MeSH:D008281","Maine",4,4,0,0,0,"",FALSE
"group_L1_a8e614af","small_molecule","group",2,"MeSH:D003473","Neuromuscular Nondepolarizing Agents",2,2,0,0,0,"",FALSE
"group_L1_a9143495","small_molecule","group",2,"UNK",NA,5,5,0,2,2,"CHEBI:124921|CHEBI:232613",TRUE
"group_L1_a91d5e7d","disease_vs_normal","group",9,"UNK",NA,156,156,5,0,5,"STR:3|STR:4|STR:gbm|STR:medulloblastoma|STR:multiple_sclerosis",TRUE
"group_L1_a955f2f3","disease_vs_normal","group",3,"UNK",NA,76,76,2,0,2,"MeSH:D006519|STR:alcohol_related_cirrhosis",TRUE
"group_L1_a9a243c8","small_molecule","group",2,"UNK",NA,6,6,0,2,2,"STR:treated_with_myr_for_24_hours|STR:treated_with_nc_for_24_hours",TRUE
"group_L1_a9d8bcbc","disease_vs_normal","group",2,"UNK",NA,11,11,0,0,0,"",FALSE
"group_L1_aa1e854c","pathogen_or_aggregate_exposure","group",3,"UNK",NA,39,39,0,2,2,"STR:no_treatment|STR:tlr4_ligand_lps_1_microgram_ml_for_2_hours",TRUE
"group_L1_aa6bae4a","disease_vs_normal","group",2,"UNK",NA,7,7,1,0,1,"STR:colon_cancer_organoids",FALSE
"group_L1_aab279c6","disease_vs_normal","group",4,"UNK",NA,6,6,3,0,3,"MeSH:D001943|STR:fresh_frozen_breast_tumor|STR:metastatic_breast_cancer",TRUE
"group_L1_aabd9f7c","disease_vs_normal","group",2,"UNK",NA,16,16,2,0,2,"STR:crohn_s_disease_cd_or_ulcerative_colitis_uc|STR:ibd",TRUE
"group_L1_aaee705d","small_molecule","group",2,"UNK",NA,13,13,0,2,2,"STR:gard|STR:treated",TRUE
"group_L1_ab099780","small_molecule","group",2,"CHEBI:16579","anisole",3,3,0,1,1,"STR:1alpha",FALSE
"group_L1_ab5344db","disease_vs_normal","group",3,"UNK",NA,4,4,2,0,2,"MeSH:D001943|STR:breast_cancer_cell_line",TRUE
"group_L1_ab6c4c6b","small_molecule","group",3,"UNK",NA,6,6,0,4,4,"CHEBI:39185|STR:e2_treated|STR:treated_with_adm|STR:treated_with_ptx",TRUE
"group_L1_ab86ead4","disease_vs_normal","group",2,"UNK",NA,75,75,2,0,2,"STR:gbm_iv|STR:gbm_tumor_tissue",TRUE
"group_L1_abb37a78","small_molecule","group",2,"STR:rituximab","rituximab",2,2,0,0,0,"",FALSE
"group_L1_abe4bdaa","pathogen_or_aggregate_exposure","group",5,"UNK",NA,539,539,0,1,1,"STR:covid_positive",FALSE
"group_L1_ac0d5dd5","disease_vs_normal","group",2,"UNK",NA,9,9,2,0,2,"STR:pcos_myotubes|STR:pcos_noeps_null",TRUE
"group_L1_ac264279","disease_vs_normal","group",2,"UNK",NA,37,37,3,0,3,"STR:parkinson_s_disease|STR:psychosis_bipolar|STR:psychosis_schizophrenia",TRUE
"group_L1_ac2c0e0a","disease_vs_normal","group",2,"UNK",NA,3,3,1,0,1,"STR:invasive_ductal_breast_cancer",FALSE
"group_L1_ac42f69b","small_molecule","group",11,"UNK",NA,56,56,0,11,11,"HGNC:INTS11|HGNC:PPP1R10|HGNC:WDR82|HGNC:XRN2|STR:dual_inhibition",TRUE
"group_L1_ad2d95b2","disease_vs_normal","group",8,"UNK",NA,27,27,5,0,5,"STR:epithelial_colon_cancer_cell_lines|STR:human_colon_adenocarcinoma|STR:human_colon_cancer_cells_sw480|STR:in_vitro_cell_culture_colon_cancer_cell_line|STR:rna_samples_extracted_from_colon_cancer_cells_grown_on_soft_vs_rigid_substrates",TRUE
"group_L1_ad36ee47","disease_vs_normal","group",2,"UNK",NA,6,6,2,0,2,"MeSH:D010190|STR:stage_i",TRUE
"group_L1_ade1305b","small_molecule","group",2,"UNK",NA,3,3,0,2,2,"CHEBI:73907|STR:gii",TRUE
"group_L1_ae1239dd","disease_vs_normal","group",2,"UNK",NA,5,5,2,0,2,"STR:myxofibrosarcoma|STR:patient_with_severe_pre_eclampsia",TRUE
"group_L1_ae1c08fd","small_molecule","group",2,"UNK",NA,39,39,0,0,0,"",FALSE
"group_L1_ae6d56cb","disease_vs_normal","group",2,"UNK",NA,5,5,1,0,1,"STR:gastric_cancer_cell_line",FALSE
"group_L1_ae9efdb6","pathogen_or_aggregate_exposure","group",2,"MeSH:D061986","MCF-7 Cells",11,11,0,1,1,"STR:stimulated_16_hours_with_mcf7_tumors",FALSE
"group_L1_aee49e97","disease_vs_normal","group",2,"UNK",NA,18,18,0,0,0,"",FALSE
"group_L1_aee91b9d","small_molecule","group",2,"CHEBI:88502","DG(16:1(9Z)/18:3(6Z,9Z,12Z)/0:0)",3,3,0,0,0,"",FALSE
"group_L1_aeecf893","disease_vs_normal","group",2,"UNK",NA,10,10,1,0,1,"MeSH:D009369",FALSE
"group_L1_af2503e2","small_molecule","group",2,"MeSH:D000988","Antispermatogenic Agents",9,9,0,0,0,"",FALSE
"group_L1_af2c1d0e","disease_vs_normal","group",2,"MeSH:D011273","Pregnancy, Prolonged",34,34,1,0,1,"MeSH:D011471",FALSE
"group_L1_af48d024","disease_vs_normal","group",4,"UNK",NA,65,65,9,0,9,"MeSH:D000077192|MeSH:D019904|STR:ac|STR:ais|STR:invasive",TRUE
"group_L1_af88e387","disease_vs_normal","group",6,"UNK",NA,260,260,3,0,3,"STR:sepsis|STR:uc|STR:zcchc8",TRUE
"group_L1_afaf39d0","disease_vs_normal","group",2,"UNK",NA,4,4,2,0,2,"MeSH:D006528|STR:liver_cancer_cells",TRUE
"group_L1_afd3e10c","disease_vs_normal","group",3,"UNK",NA,7,7,3,0,3,"STR:adenocarcinoma|STR:epithelial_breast_cancer_cell_line_derived_from_metasatic_pleural_effusion|STR:triple_negative_breast_carcinoma_from_pleural_effusion",TRUE
"group_L1_afdba63e","disease_vs_normal","group",3,"UNK",NA,3,3,0,0,0,"",FALSE
"group_L1_b01ff9f9","disease_vs_normal","group",3,"UNK",NA,343,343,1,0,1,"MeSH:D003424",FALSE
"group_L1_b058a98a","small_molecule","group",2,"UNK",NA,56,56,0,0,0,"",FALSE
"group_L1_b1336e1f","disease_vs_normal","group",2,"UNK",NA,262,262,1,0,1,"STR:gastric_tumor",FALSE
"group_L1_b14b6987","disease_vs_normal","group",2,"UNK",NA,4,4,2,0,2,"STR:hfpef|STR:persistent_non_valvular_atrial_fibrillation_af",TRUE
"group_L1_b1ea905e","small_molecule","group",2,"MeSH:D011384","Proinsulin",84,84,0,0,0,"",FALSE
"group_L1_b2c3383e","pathogen_or_aggregate_exposure","group",2,"UNK",NA,10,10,0,0,0,"",FALSE
"group_L1_b2cecffa","pathogen_or_aggregate_exposure","group",2,"UNK",NA,25,25,0,0,0,"",FALSE
"group_L1_b2e82628","pathogen_or_aggregate_exposure","group",2,"UNK",NA,21,21,0,0,0,"",FALSE
"group_L1_b3ad2383","pathogen_or_aggregate_exposure","group",2,"UNK",NA,180,180,0,0,0,"",FALSE
"group_L1_b3bd6b92","disease_vs_normal","group",10,"MeSH:D001943","Breast Neoplasms",19,19,2,0,2,"STR:breast_cancer_cells|STR:human_breast_cancer_cells",TRUE
"group_L1_b3c5f555","disease_vs_normal","group",2,"UNK",NA,5,5,0,0,0,"",FALSE
"group_L1_b407d66d","small_molecule","group",2,"CHEBI:50756","acridone",2,2,0,1,1,"CHEBI:49603",FALSE
"group_L1_b48641d2","disease_vs_normal","group",2,"UNK",NA,13,13,3,0,3,"MeSH:D005764|STR:eoe_like|STR:eosinophilic_esophagitis_eoe",TRUE
"group_L1_b4873b78","disease_vs_normal","group",2,"MeSH:D006290","Health Planning Technical Assistance",2,2,0,0,0,"",FALSE
"group_L1_b4e16869","disease_vs_normal","group",2,"UNK",NA,22,22,0,0,0,"",FALSE
"group_L1_b69b51d3","disease_vs_normal","group",2,"UNK",NA,10,10,1,0,1,"MeSH:D001943",FALSE
"group_L1_b6bd8e3a","disease_vs_normal","group",2,"UNK",NA,13,13,0,0,0,"",FALSE
"group_L1_b73eac31","disease_vs_normal","group",2,"UNK",NA,2,2,2,0,2,"STR:atroblastomas|STR:hcc",TRUE
"group_L1_b77744c0","disease_vs_normal","group",2,"UNK",NA,2,2,0,0,0,"",FALSE
"group_L1_b783ed21","disease_vs_normal","group",4,"MeSH:D011273","Pregnancy, Prolonged",11,11,3,0,3,"MeSH:D011471|STR:prostate_cancer_cell_lncap|STR:prostate_cancer_cells",TRUE
"group_L1_b7bc339f","small_molecule","group",2,"UNK",NA,4,4,0,3,3,"CHEBI:27638|STR:e64fc65|STR:e64fc65_panobinostat",TRUE
"group_L1_b8f495b1","disease_vs_normal","group",2,"STR:c535.480.460.450",NA,25,25,0,0,0,"",FALSE
"group_L1_b8fff36a","small_molecule","group",3,"CHEBI:17120","hexanoate",3,3,0,0,0,"",FALSE
"group_L1_b9336ec1","disease_vs_normal","group",2,"UNK",NA,5,5,0,0,0,"",FALSE
"group_L1_b97d8805","pathogen_or_aggregate_exposure","group",11,"UNK",NA,173,173,0,0,0,"",FALSE
"group_L1_ba0c6549","disease_vs_normal","group",2,"UNK",NA,5,5,1,0,1,"STR:breast_cancer_cells",FALSE
"group_L1_ba43e7a1","small_molecule","group",2,"CHEBI:16762","ferrocytochrome <em>b</em><small><sub>1</sub></small>",6,6,0,2,2,"STR:100ug_ml_human_recombinant_tnf_a_600nm_4_hdha_added_into_culture_medium_for_72h_to_induce_apoptosis|STR:100ug_ml_human_recombinant_tnf_a_and_20umferrostatin_1_added_into_culture_medium_for_72h_to_induce_apoptosis",TRUE
"group_L1_ba50217d","disease_vs_normal","group",2,"UNK",NA,127,127,0,0,0,"",FALSE
"group_L1_bb15ae5b","disease_vs_normal","group",3,"UNK",NA,30,30,3,0,3,"STR:conventional_eoe|STR:eoe_like|STR:esophageal_adenocarcinogenesis",TRUE
"group_L1_bb16d73f","disease_vs_normal","group",2,"UNK",NA,7,7,0,0,0,"",FALSE
"group_L1_bb1988e8","small_molecule","group",2,"UNK",NA,4,4,0,0,0,"",FALSE
"group_L1_bb7efdd7","disease_vs_normal","group",2,"MeSH:D011271","Pregnancy, Ectopic",4,4,1,0,1,"MeSH:D011471",FALSE
"group_L1_bb946de1","small_molecule","group",2,"UNK",NA,5,5,0,0,0,"",FALSE
"group_L1_bbc28633","disease_vs_normal","group",2,"UNK",NA,7,7,1,0,1,"MeSH:D009062",FALSE
"group_L1_bbe64e83","disease_vs_normal","group",2,"UNK",NA,10,10,1,0,1,"STR:idiopathic_pulmonary_arterial_hypertension_ipah",FALSE
"group_L1_bbf2c3b5","pathogen_or_aggregate_exposure","group",2,"UNK",NA,8,8,0,0,0,"",FALSE
"group_L1_bc0ef01b","disease_vs_normal","group",3,"UNK",NA,84,84,1,0,1,"MeSH:D015470",FALSE
"group_L1_bc67351f","disease_vs_normal","group",11,"UNK",NA,34,34,4,0,4,"MeSH:D001943|STR:breast_cancer_cell|STR:breast_cancer_cells|STR:luminal_breast_cancer",TRUE
"group_L1_bc7e3519","pathogen_or_aggregate_exposure","group",2,"MeSH:D015497","HIV-1",2,2,0,0,0,"",FALSE
"group_L1_bd25bf1d","small_molecule","group",2,"UNK",NA,3,3,0,1,1,"STR:glup_peptide",FALSE
"group_L1_bd3b1405","disease_vs_normal","group",2,"UNK",NA,2,2,1,0,1,"STR:lung_adenocarcinoma_cell_line",FALSE
"group_L1_bd6e1896","small_molecule","group",2,"CHEBI:49603","lapatinib",16,16,0,0,0,"",FALSE
"group_L1_bdcd7bde","disease_vs_normal","group",11,"UNK",NA,199,199,9,0,9,"MeSH:D015470|MeSH:D015477|STR:adult_mixed_phenotype_acute_leukemia|STR:aml|STR:bone_marrow",TRUE
"group_L1_be30a9f5","disease_vs_normal","group",2,"UNK",NA,24,24,3,0,3,"MeSH:D002311|STR:idiopathic_dilated_cardiomyopathy_dcm|STR:ischemic_cardiomyopathy",TRUE
"group_L1_bf9cb0ba","small_molecule","group",3,"UNK",NA,13,13,0,5,5,"STR:cxcl4_orn8l|STR:hkca_ceranib|STR:hkca_hcq|STR:hkca_rapamycin|STR:orn8l",TRUE
"group_L1_bfb4fdc8","small_molecule","group",2,"CHEBI:5091","flecainide acetate",14,14,0,0,0,"",FALSE
"group_L1_bffeae58","disease_vs_normal","group",2,"UNK",NA,4,4,1,0,1,"STR:human_non_small_lung_carcinoma_a549_cells_atcc_ccl_185",FALSE
"group_L1_c01fa448","disease_vs_normal","group",2,"UNK",NA,30,30,0,0,0,"",FALSE
"group_L1_c05f74f4","disease_vs_normal","group",2,"UNK",NA,4,4,2,0,2,"MeSH:D013274|STR:gastric_cancer_cell",TRUE
"group_L1_c0852823","disease_vs_normal","group",3,"UNK",NA,5,5,2,0,2,"STR:gastric_cancer_cell|STR:human_gastric_cancer_cell_line",TRUE
"group_L1_c09170fb","disease_vs_normal","group",2,"UNK",NA,4,4,0,0,0,"",FALSE
"group_L1_c1108ac4","pathogen_or_aggregate_exposure","group",2,"UNK",NA,2,2,0,0,0,"",FALSE
"group_L1_c194b247","small_molecule","group",2,"UNK",NA,11,11,0,3,3,"STR:rap|STR:rig_i_agonist|STR:rig_i_agonist_tipiracil",TRUE
"group_L1_c1eae6e6","disease_vs_normal","group",2,"UNK",NA,15,15,2,0,2,"MeSH:D012008|STR:diagnosis",TRUE
"group_L1_c22f1c5a","disease_vs_normal","group",2,"UNK",NA,5,5,0,0,0,"",FALSE
"group_L1_c26ba598","disease_vs_normal","group",2,"UNK",NA,7,7,0,0,0,"",FALSE
"group_L1_c2e1c188","disease_vs_normal","group",2,"UNK",NA,6,6,2,0,2,"MeSH:D000077192|MeSH:D002289",TRUE
"group_L1_c3242766","disease_vs_normal","group",4,"UNK",NA,7,7,1,0,1,"STR:colorectal_carcinoma_samples",FALSE
"group_L1_c351254d","disease_vs_normal","group",2,"UNK",NA,2,2,1,0,1,"STR:uterine_leiomyosarcoma",FALSE
"group_L1_c3f91604","disease_vs_normal","group",2,"UNK",NA,5,5,1,0,1,"STR:breast_cancer_cells",FALSE
"group_L1_c405f097","small_molecule","group",2,"CHEBI:8378","prednisolone",10,10,0,0,0,"",FALSE
"group_L1_c56c82ab","disease_vs_normal","group",25,"UNK",NA,445,445,12,0,12,"MeSH:D001172|STR:cf|STR:iris|STR:leprosy_progressor|STR:ltbi",TRUE
"group_L1_c59c1cca","disease_vs_normal","group",2,"UNK",NA,2,2,1,0,1,"STR:nasopharyngeal_carcinoma",FALSE
"group_L1_c62049de","disease_vs_normal","group",3,"UNK",NA,13,13,1,0,1,"STR:breast_cancer_cells",FALSE
"group_L1_c68a7227","disease_vs_normal","group",2,"UNK",NA,2,2,1,0,1,"STR:bladder_cancer_tissue",FALSE
"group_L1_c6963dda","small_molecule","group",3,"CHEBI:16579","anisole",25,25,0,2,2,"STR:10_nm_1|STR:1alpha",TRUE
"group_L1_c711372d","disease_vs_normal","group",4,"UNK",NA,31,31,1,0,1,"MeSH:D012004",FALSE
"group_L1_c757e9fb","disease_vs_normal","group",2,"UNK",NA,17,17,2,0,2,"STR:adenocarcinoma|STR:non_small_cell_lung_cancer_nsclc",TRUE
"group_L1_c75f87d4","disease_vs_normal","group",2,"UNK",NA,26,26,1,0,1,"MeSH:D001172",FALSE
"group_L1_c7822421","small_molecule","group",2,"CHEBI:229222","capivasertib",3,3,0,1,1,"CHEBI:229222",FALSE
"group_L1_c79061a8","disease_vs_normal","group",3,"UNK",NA,6,6,0,0,0,"",FALSE
"group_L1_c7a5b9c3","small_molecule","group",2,"CHEBI:123456","N-ethyl-2-[(2R,3R,6S)-3-[(4-fluorophenyl)sulfonylamino]-2-(hydroxymethyl)-3,6-dihydro-2H-pyran-6-yl]acetamide",4,4,0,1,1,"CHEBI:90943",FALSE
"group_L1_c807967a","disease_vs_normal","group",3,"UNK",NA,7,7,2,0,2,"STR:human_lung_adenocarcinoma_cell|STR:human_lung_cancer_cell_line_hcc827",TRUE
"group_L1_c8247346","disease_vs_normal","group",2,"UNK",NA,12,12,1,0,1,"STR:ovarian_adenocarcinoma",FALSE
"group_L1_c85c9132","disease_vs_normal","group",2,"UNK",NA,2,2,1,0,1,"STR:chronic_lymphocytic_leukemia_cll",FALSE
"group_L1_c88a9284","disease_vs_normal","group",2,"UNK",NA,50,50,0,0,0,"",FALSE
"group_L1_c891a958","disease_vs_normal","group",2,"UNK",NA,8,8,0,0,0,"",FALSE
"group_L1_c93b8dd4","disease_vs_normal","group",4,"UNK",NA,10,10,2,0,2,"MeSH:D001943|STR:adenocarcinoma_breast",TRUE
"group_L1_c977cf95","disease_vs_normal","group",2,"UNK",NA,23,23,0,0,0,"",FALSE
"group_L1_c984e10e","disease_vs_normal","group",2,"UNK",NA,3,3,2,0,2,"MeSH:D016889|STR:adenocarcinoma",TRUE
"group_L1_ca07eab0","disease_vs_normal","group",2,"UNK",NA,6,6,0,0,0,"",FALSE
"group_L1_cab14bb3","disease_vs_normal","group",2,"UNK",NA,4,4,0,0,0,"",FALSE
"group_L1_cade1210","disease_vs_normal","group",5,"UNK",NA,27,27,0,0,0,"",FALSE
"group_L1_caf93be0","disease_vs_normal","group",2,"UNK",NA,2,2,2,0,2,"STR:atroblastomas|STR:hcc",TRUE
"group_L1_cb6ac8be","disease_vs_normal","group",2,"UNK",NA,6,6,1,0,1,"MeSH:D009369",FALSE
"group_L1_cc34328b","disease_vs_normal","group",3,"UNK",NA,6,6,1,0,1,"STR:human_triple_negative_breast_cancer",FALSE
"group_L1_cc7e4517","small_molecule","group",2,"MeSH:D003473","Neuromuscular Nondepolarizing Agents",2,2,0,0,0,"",FALSE
"group_L1_ccaaf7a9","disease_vs_normal","group",6,"UNK",NA,204,204,1,0,1,"STR:herpes_zoster_resolved_1y",FALSE
"group_L1_ccbc6999","disease_vs_normal","group",3,"UNK",NA,22,22,3,0,3,"STR:hbv_hcc|STR:nf|STR:tumor_tissue",TRUE
"group_L1_ccbf870b","disease_vs_normal","group",3,"UNK",NA,12,12,3,0,3,"MeSH:D003110|STR:edm|STR:org",TRUE
"group_L1_cd094a93","disease_vs_normal","group",2,"UNK",NA,50,50,1,0,1,"STR:high_grade_serous_ovarian_cancer",FALSE
"group_L1_cd361228","small_molecule","group",2,"UNK",NA,5,5,0,1,1,"STR:e2_ifng_24h",FALSE
"group_L1_cd3a2449","disease_vs_normal","group",23,"UNK",NA,676,676,11,0,11,"MeSH:D006528|MeSH:D008103|MeSH:D009369|MeSH:D065626|STR:biliary_atresia",TRUE
"group_L1_cd7f8c42","disease_vs_normal","group",2,"UNK",NA,4,4,2,0,2,"MeSH:D000077192|STR:h3122_lung_cancer_cell_line",TRUE
"group_L1_cd85b852","small_molecule","group",2,"CHEBI:5070","flavanone",2,2,0,1,1,"CHEBI:49668",FALSE
"group_L1_cdad403b","disease_vs_normal","group",2,"UNK",NA,10,10,0,0,0,"",FALSE
"group_L1_cdb5264d","disease_vs_normal","group",3,"UNK",NA,10,10,3,0,3,"MeSH:D013274|STR:glioblastoma|STR:tumor_tissue",TRUE
"group_L1_cdc1d70a","disease_vs_normal","group",9,"UNK",NA,91,91,3,0,3,"MeSH:D001943|MeSH:D064726|STR:breast_cancer_patients_from_hartford_hospital",TRUE
"group_L1_cdf79a16","small_molecule","group",2,"UNK",NA,7,7,0,2,2,"CHEBI:61115|STR:brd9_7_inhibitor",TRUE
"group_L1_ce47e026","disease_vs_normal","group",3,"UNK",NA,9,9,0,0,0,"",FALSE
"group_L1_ce490152","disease_vs_normal","group",4,"UNK",NA,40,40,1,0,1,"STR:non_diabetes",FALSE
"group_L1_ce54c938","pathogen_or_aggregate_exposure","group",2,"UNK",NA,12,12,0,0,0,"",FALSE
"group_L1_cef8e467","small_molecule","group",2,"CHEBI:123456","N-ethyl-2-[(2R,3R,6S)-3-[(4-fluorophenyl)sulfonylamino]-2-(hydroxymethyl)-3,6-dihydro-2H-pyran-6-yl]acetamide",4,4,0,3,3,"CHEBI:39112|CHEBI:90217|STR:cobimetinib_gdc_0973",TRUE
"group_L1_cf03e487","disease_vs_normal","group",3,"UNK",NA,19,19,1,0,1,"STR:gastric_cancer_tissue",FALSE
"group_L1_cf1df1aa","small_molecule","group",7,"UNK",NA,30,30,0,7,7,"CHEBI:16330|CHEBI:50113|STR:androgen_and_cpi455_treated|STR:androgen_and_enzalutamide|STR:androgen_and_imtppe",TRUE
"group_L1_cf34061f","disease_vs_normal","group",4,"UNK",NA,11,11,4,0,4,"STR:lymphatic_malformation|STR:multisystem_inflammatory_syndrome_in_children_misc|STR:non_tb_infection|STR:uc",TRUE
"group_L1_cf50c2db","disease_vs_normal","group",2,"UNK",NA,6,6,1,0,1,"MeSH:D006528",FALSE
"group_L1_cfb2b78c","disease_vs_normal","group",3,"UNK",NA,3,3,1,0,1,"MeSH:D055752",FALSE
"group_L1_cfd1219f","disease_vs_normal","group",3,"UNK",NA,35,35,19,0,19,"STR:lucap_136cr_pdx_tumor|STR:lucap_147cr_pdx_tumor|STR:lucap_167cr_pdx_tumor|STR:lucap_189_3cr_pdx_tumor|STR:lucap_23_1cr3_pdx_tumor",TRUE
"group_L1_cffa0d4f","small_molecule","group",2,"UNK",NA,4,4,0,0,0,"",FALSE
"group_L1_d0018b3b","small_molecule","group",3,"UNK",NA,7,7,0,1,1,"CHEBI:9505",FALSE
"group_L1_d045fc49","small_molecule","group",2,"CHEBI:50787","<small>L</small>-<i>erythro</i>-3-methylmalic acid",3,3,0,1,1,"CHEBI:52172",FALSE
"group_L1_d0656822","disease_vs_normal","group",2,"UNK",NA,2,2,1,0,1,"MeSH:D010634",FALSE
"group_L1_d08ee532","disease_vs_normal","group",2,"UNK",NA,3,3,2,0,2,"MeSH:D008545|MeSH:D012878",TRUE
"group_L1_d08f6229","small_molecule","group",2,"MeSH:D000981","Antiprotozoal Agents",4,4,0,0,0,"",FALSE
"group_L1_d10c7779","small_molecule","group",2,"CHEBI:133920","<em>N</em>-hydroxy-PhIP",2,2,0,1,1,"STR:treated_for_48_hours_with_10_um_ag1478",FALSE
"group_L1_d1275fb7","disease_vs_normal","group",3,"UNK",NA,5,5,1,0,1,"STR:breast_cancer_cell_line",FALSE
"group_L1_d142fc27","disease_vs_normal","group",2,"UNK",NA,45,45,1,0,1,"STR:tumor_biopsy",FALSE
"group_L1_d14aebce","small_molecule","group",2,"UNK",NA,9,9,0,3,3,"STR:mi_2_2_at_10_m_for_24_hours|STR:shp1705_10_m|STR:shp1705_10_m_carfilzomib_10_nm",TRUE
"group_L1_d15d1c80","disease_vs_normal","group",3,"UNK",NA,9,9,0,0,0,"",FALSE
"group_L1_d15fe18e","disease_vs_normal","group",2,"UNK",NA,2,2,0,0,0,"",FALSE
"group_L1_d1b286ad","disease_vs_normal","group",6,"UNK",NA,11,11,4,0,4,"MeSH:D000077192|MeSH:D002289|MeSH:D008175|STR:lung_tumor",TRUE
"group_L1_d1cacec4","disease_vs_normal","group",2,"UNK",NA,5,5,1,0,1,"STR:rc43t",FALSE
"group_L1_d2087b59","disease_vs_normal","group",3,"UNK",NA,11,11,2,0,2,"STR:du145_atcc_htb_81_human_prostate_tumor_cell_line|STR:human_prostate_cancer_cell_line",TRUE
"group_L1_d2772dbd","disease_vs_normal","group",2,"UNK",NA,8,8,2,0,2,"STR:idiopathic_pulmonary_arterial_hypertension_ipah|STR:ipah",TRUE
"group_L1_d29e8d6d","disease_vs_normal","group",4,"UNK",NA,16,16,4,0,4,"STR:adult_mixed_phenotype_acute_leukemia|STR:aml|STR:aml_m2|STR:cmml",TRUE
"group_L1_d2de57bf","disease_vs_normal","group",3,"UNK",NA,5,5,2,0,2,"MeSH:D010190|STR:pancreatic_cancer_cell_lines",TRUE
"group_L1_d303d609","small_molecule","group",2,"UNK",NA,6,6,0,3,3,"STR:jq1_paclitaxel|STR:jq1_palbociclib|STR:pf_06873600",TRUE
"group_L1_d33be1a4","small_molecule","group",2,"UNK",NA,10,10,0,6,6,"CHEBI:146227|CHEBI:193137|CHEBI:231359|STR:etonitazenyl_isothiocyanate|STR:mgcd265",TRUE
"group_L1_d34b34fd","disease_vs_normal","group",3,"UNK",NA,89,89,1,0,1,"STR:severe_preeclampsia",FALSE
"group_L1_d3507e41","disease_vs_normal","group",3,"UNK",NA,22,22,1,0,1,"STR:poor_risk_aml_patient",FALSE
"group_L1_d3d15d30","disease_vs_normal","group",10,"UNK",NA,156,156,8,0,8,"MeSH:D009362|MeSH:D011471|MeSH:D065626|STR:colorectal_cancer_liver_metastases_crclm|STR:distal_metastsis",TRUE
"group_L1_d404383a","pathogen_or_aggregate_exposure","group",2,"UNK",NA,9,9,0,0,0,"",FALSE
"group_L1_d45022d7","disease_vs_normal","group",5,"UNK",NA,177,177,7,0,7,"STR:als|STR:fshd|STR:myositis_as|STR:myositis_dm|STR:myositis_ibm",TRUE
"group_L1_d47974ae","disease_vs_normal","group",2,"UNK",NA,86,86,0,0,0,"",FALSE
"group_L1_d4b08557","pathogen_or_aggregate_exposure","group",5,"UNK",NA,47,47,0,0,0,"",FALSE
"group_L1_d5616f74","disease_vs_normal","group",2,"UNK",NA,4,4,1,0,1,"STR:rars_t",FALSE
"group_L1_d57c675e","small_molecule","group",2,"CHEBI:50787","<small>L</small>-<i>erythro</i>-3-methylmalic acid",3,3,0,1,1,"CHEBI:52172",FALSE
"group_L1_d5fd6c2e","small_molecule","group",2,"UNK",NA,8,8,0,4,4,"CHEBI:15846|CHEBI:50305|STR:sitfeb_sitfe3_sgaavs168|STR:sitfeb_sitfe3_sgkeap1_2",TRUE
"group_L1_d61c3f8d","disease_vs_normal","group",2,"UNK",NA,50,50,2,0,2,"MeSH:D001943|STR:er_pr",TRUE
"group_L1_d6af81c8","disease_vs_normal","group",2,"UNK",NA,23,23,1,0,1,"STR:caucasian_women",FALSE
"group_L1_d6dfa250","disease_vs_normal","group",2,"UNK",NA,163,163,1,0,1,"MeSH:D015470",FALSE
"group_L1_d719e003","disease_vs_normal","group",8,"UNK",NA,136,136,9,0,9,"MeSH:D008175|MeSH:D015179|STR:colorectal_cancer_patient|STR:ductal_carcinoma|STR:esophagus_cancer_patient",TRUE
"group_L1_d7a332fe","disease_vs_normal","group",2,"UNK",NA,7,7,1,0,1,"STR:human_prostate_adenocarcinoma_cells",FALSE
"group_L1_d7c93065","disease_vs_normal","group",2,"UNK",NA,2,2,0,0,0,"",FALSE
"group_L1_d85a8b82","disease_vs_normal","group",2,"UNK",NA,4,4,0,0,0,"",FALSE
"group_L1_d872e5a0","disease_vs_normal","group",7,"UNK",NA,18,18,5,0,5,"MeSH:D001943|MeSH:D064726|STR:breast_cancer_cell_line|STR:breast_cancer_cells_sum159|STR:triple_negative",TRUE
"group_L1_d8a9a063","disease_vs_normal","group",2,"UNK",NA,4,4,0,0,0,"",FALSE
"group_L1_d9076498","small_molecule","group",2,"UNK",NA,5,5,0,2,2,"CHEBI:15702|STR:pma_induction",TRUE
"group_L1_d907da85","disease_vs_normal","group",3,"UNK",NA,11,11,2,0,2,"MeSH:D001943|STR:breast_cancer_cell_line",TRUE
"group_L1_d97a1bc4","disease_vs_normal","group",6,"UNK",NA,20,20,4,0,4,"MeSH:D006528|STR:hepatocellular_carcinoma_patient|STR:recurrent|STR:surgical_specimens",TRUE
"group_L1_da4db982","small_molecule","group",2,"CHEBI:123456","N-ethyl-2-[(2R,3R,6S)-3-[(4-fluorophenyl)sulfonylamino]-2-(hydroxymethyl)-3,6-dihydro-2H-pyran-6-yl]acetamide",4,4,0,2,2,"CHEBI:145374|CHEBI:90217",TRUE
"group_L1_da92381a","disease_vs_normal","group",2,"UNK",NA,8,8,0,0,0,"",FALSE
"group_L1_daa0f0ff","disease_vs_normal","group",2,"UNK",NA,1,1,1,0,1,"STR:nasopharyngeal_carcinoma_biopsy",FALSE
"group_L1_daa6622d","small_molecule","group",2,"CHEBI:17126","carnitine",14,14,0,2,2,"CHEBI:16412|STR:intravenous_lps",TRUE
"group_L1_dae25b5e","disease_vs_normal","group",3,"UNK",NA,8,8,1,0,1,"STR:neuroblastoma",FALSE
"group_L1_daeb861d","disease_vs_normal","group",5,"UNK",NA,52,52,3,0,3,"MeSH:D000093284|MeSH:D001749|STR:stage_1_bladder_cancer_tumor",TRUE
"group_L1_db87cc92","disease_vs_normal","group",2,"UNK",NA,221,221,0,0,0,"",FALSE
"group_L1_dbb21d21","disease_vs_normal","group",28,"UNK",NA,77,77,9,0,9,"STR:colon_cancer_cell_line|STR:colon_carcinoma_cells|STR:colorectal_cancer_cell_line|STR:colorectal_carcinoma_cell_line_hct116|STR:hct116_colon_cancer_cell_line",TRUE
"group_L1_dbcbbff5","small_molecule","group",2,"UNK",NA,16,16,0,1,1,"STR:chemo",FALSE
"group_L1_dd9e9b15","pathogen_or_aggregate_exposure","group",2,"UNK",NA,8,8,0,0,0,"",FALSE
"group_L1_ddfe95be","disease_vs_normal","group",2,"UNK",NA,5,5,1,0,1,"STR:alps_fas",FALSE
"group_L1_de12b074","disease_vs_normal","group",4,"UNK",NA,4,4,1,0,1,"STR:human_bladder_cancer_cell_line_j82",FALSE
"group_L1_de45ec92","disease_vs_normal","group",7,"UNK",NA,66,66,6,0,6,"MeSH:D009369|MeSH:D011471|STR:prostate_cancer_crpc|STR:prostate_cancer_cspc|STR:prostate_cancer_tissues",TRUE
"group_L1_deac3cd8","disease_vs_normal","group",2,"UNK",NA,2,2,0,0,0,"",FALSE
"group_L1_df12997a","small_molecule","group",2,"UNK",NA,11,11,0,0,0,"",FALSE
"group_L1_dffeb97a","disease_vs_normal","group",2,"UNK",NA,3,3,1,0,1,"STR:primary_colon_cancer_cell",FALSE
"group_L1_e03932ec","disease_vs_normal","group",6,"UNK",NA,14,14,3,0,3,"MeSH:D001943|STR:breast_cancer_cells|STR:triple_negative_breast_cancer_cells",TRUE
"group_L1_e0760eb0","pathogen_or_aggregate_exposure","group",2,"UNK",NA,7,7,0,0,0,"",FALSE
"group_L1_e0a86b54","small_molecule","group",2,"CHEBI:88237","CDP-3,6-dideoxy-α-<small>D</small>-mannose",2,2,0,1,1,"CHEBI:61390",FALSE
"group_L1_e0bb63ba","pathogen_or_aggregate_exposure","group",2,"UNK",NA,23,23,0,1,1,"STR:mycobacterium_tuberculosis",FALSE
"group_L1_e0fcca02","disease_vs_normal","group",2,"UNK",NA,4,4,0,0,0,"",FALSE
"group_L1_e1171f51","disease_vs_normal","group",15,"UNK",NA,43,43,4,0,4,"MeSH:D011471|STR:carcinoma|STR:prostate_cancer_cell_line_du145|STR:prostate_cancer_cells",TRUE
"group_L1_e143bb04","disease_vs_normal","group",2,"UNK",NA,5,5,0,0,0,"",FALSE
"group_L1_e19561a7","disease_vs_normal","group",2,"UNK",NA,5,5,1,0,1,"STR:polycystic_ovary_syndrome",FALSE
"group_L1_e1ffe266","small_molecule","group",2,"UNK",NA,3,3,0,1,1,"STR:almonertinib",FALSE
"group_L1_e227b5a0","pathogen_or_aggregate_exposure","group",2,"UNK",NA,40,40,0,0,0,"",FALSE
"group_L1_e2470d0a","disease_vs_normal","group",7,"UNK",NA,18,18,3,0,3,"STR:panc_1_human_pancreatic_cancer_cell_line|STR:pancreas_cancer_derived_cell_line|STR:pancreatic_cancer_cell",TRUE
"group_L1_e2b978cf","small_molecule","group",3,"UNK",NA,10,10,0,3,3,"STR:compound_18|STR:flu|STR:sr2211",TRUE
"group_L1_e2c29411","disease_vs_normal","group",7,"UNK",NA,26,26,2,0,2,"STR:sle_non_cmd|STR:symptomatic",TRUE
"group_L1_e329eeb7","disease_vs_normal","group",3,"UNK",NA,21,21,1,0,1,"STR:parkinson_s_disease",FALSE
"group_L1_e357e433","small_molecule","group",2,"CHEBI:30971","2<em>H</em>-azirine",12,12,0,1,1,"STR:treated_with_dox_for_24_hours",FALSE
"group_L1_e3a15193","small_molecule","group",2,"CHEBI:50756","acridone",3,3,0,1,1,"CHEBI:50924",FALSE
"group_L1_e3c9c5c5","disease_vs_normal","group",2,"UNK",NA,14,14,0,0,0,"",FALSE
"group_L1_e41985e5","disease_vs_normal","group",2,"UNK",NA,8,8,0,0,0,"",FALSE
"group_L1_e41a9ae7","disease_vs_normal","group",2,"UNK",NA,3,3,0,0,0,"",FALSE
"group_L1_e4a9b050","small_molecule","group",3,"CHEBI:27953","physostigmine",5,5,0,1,1,"CHEBI:3139",FALSE
"group_L1_e4db910d","disease_vs_normal","group",2,"UNK",NA,31,31,1,0,1,"STR:osteoarthritis",FALSE
"group_L1_e4dcaa00","pathogen_or_aggregate_exposure","group",2,"UNK",NA,4,4,0,2,2,"STR:ama1|STR:csp",TRUE
"group_L1_e54f8d96","disease_vs_normal","group",3,"UNK",NA,5,5,2,0,2,"STR:colorectal_adenocarcinoma_cell_line_ht29|STR:colorectal_cancer_cell_line",TRUE
"group_L1_e568935a","disease_vs_normal","group",2,"UNK",NA,4,4,1,0,1,"STR:khm_5m_thyroid_cancer_cell",FALSE
"group_L1_e56a3993","disease_vs_normal","group",8,"UNK",NA,48,48,5,0,5,"MeSH:D003876|MeSH:D012595|STR:ad|STR:cpuo|STR:psoriasis_skin_lesion",TRUE
"group_L1_e58e4d40","disease_vs_normal","group",2,"UNK",NA,19,19,1,0,1,"STR:low_grade_endometrial_stromal_sarcoma_lg_ess",FALSE
"group_L1_e5d1fee8","disease_vs_normal","group",4,"UNK",NA,26,26,2,0,2,"STR:brca|STR:estrogen_receptor_positive_er_breast_cancer",TRUE
"group_L1_e60ca810","disease_vs_normal","group",2,"UNK",NA,6,6,0,0,0,"",FALSE
"group_L1_e6592ef7","small_molecule","group",2,"CHEBI:29693","thiostrepton",3,3,0,1,1,"CHEBI:29693",FALSE
"group_L1_e6a51a53","small_molecule","group",2,"UNK",NA,4,4,0,2,2,"STR:si_1|STR:si_2",TRUE
"group_L1_e6a7fedf","disease_vs_normal","group",3,"UNK",NA,11,11,3,0,3,"STR:alps_fas|STR:liposarcoma|STR:myxofibrosarcoma",TRUE
"group_L1_e7a1026a","disease_vs_normal","group",8,"UNK",NA,61,61,7,0,7,"MeSH:D001943|MeSH:D009369|MeSH:D011471|STR:cll|STR:melanoma",TRUE
"group_L1_e7ab1fbb","small_molecule","group",2,"UNK",NA,5,5,0,2,2,"STR:iox1|STR:redact_co",TRUE
"group_L1_e80b5286","disease_vs_normal","group",4,"UNK",NA,26,26,4,0,4,"STR:ain|STR:atn|STR:kidney_tumor_tissue_biopsy|STR:non_covid_19_ati_kidneys",TRUE
"group_L1_e81551f0","disease_vs_normal","group",2,"UNK",NA,8,8,2,0,2,"STR:idiopathic_pulmonary_fibrosis_ipf|STR:pulmonary_fibrosis",TRUE
"group_L1_e84bbcd8","small_molecule","group",3,"UNK",NA,17,17,0,4,4,"CHEBI:28694|CHEBI:33348|CHEBI:33364|STR:nsi_treatment",TRUE
"group_L1_e855ed16","disease_vs_normal","group",2,"UNK",NA,80,80,2,0,2,"STR:hfref|STR:nf",TRUE
"group_L1_e859032a","small_molecule","group",2,"UNK",NA,9,9,0,2,2,"STR:bpn_15477_treated|STR:sag_treated",TRUE
"group_L1_e899898c","disease_vs_normal","group",3,"UNK",NA,8,8,2,0,2,"STR:human_prostate_cancer_cell_line|STR:human_prostate_tumor",TRUE
"group_L1_e8dc156d","small_molecule","group",2,"UNK",NA,4,4,0,1,1,"STR:bio",FALSE
"group_L1_e90ba155","disease_vs_normal","group",2,"UNK",NA,12,12,3,0,3,"STR:active_ulcerative_colitis|STR:cd|STR:uc",TRUE
"group_L1_ea0d6d6e","disease_vs_normal","group",5,"UNK",NA,7,7,2,0,2,"STR:hepatocellular_carcinoma_cells|STR:liver_hepatocellular_carcinoma",TRUE
"group_L1_eb34b2cd","disease_vs_normal","group",2,"UNK",NA,7,7,1,0,1,"STR:breast_cancer_cells",FALSE
"group_L1_eb6e01c1","small_molecule","group",2,"UNK",NA,2,2,0,0,0,"",FALSE
"group_L1_eb78873c","disease_vs_normal","group",2,"UNK",NA,4,4,0,0,0,"",FALSE
"group_L1_ebac1d15","disease_vs_normal","group",7,"UNK",NA,17,17,4,0,4,"MeSH:D006528|MeSH:D008113|STR:human_hepatocellular_carcinoma|STR:liver_cancer_huh7_cells",TRUE
"group_L1_ebbeb6cb","disease_vs_normal","group",3,"UNK",NA,6,6,2,0,2,"STR:adenocarcinoma_nsclc|STR:human_lung_cancer_cell_line_nci_h1975_and_rna_sequins_mix_a",TRUE
"group_L1_ebd656f1","disease_vs_normal","group",2,"UNK",NA,3,3,1,0,1,"STR:breast_cancer_cells",FALSE
"group_L1_ec48c423","disease_vs_normal","group",2,"UNK",NA,9,9,1,0,1,"STR:human_sclc",FALSE
"group_L1_ec4f8494","disease_vs_normal","group",4,"UNK",NA,14,14,0,0,0,"",FALSE
"group_L1_ec78559d","disease_vs_normal","group",9,"UNK",NA,207,207,7,0,7,"MeSH:D006863|MeSH:D008175|STR:fd|STR:idiopathic_pulmonary_fibrosis|STR:ipf",TRUE
"group_L1_ecb6927d","disease_vs_normal","group",2,"UNK",NA,20,20,2,0,2,"MeSH:D013274|STR:patient_data",TRUE
"group_L1_ece7833f","disease_vs_normal","group",2,"UNK",NA,40,40,2,0,2,"STR:laryngeal_cancer_without_thyroid_lesions|STR:papillary_thyroid_carcinoma_ptc",TRUE
"group_L1_ed15537f","pathogen_or_aggregate_exposure","group",2,"STR:hepatitis b virus","Hepatitis B virus",8,8,0,1,1,"STR:tlr7_cm",FALSE
"group_L1_ed79d5e2","small_molecule","group",2,"CHEBI:27974","estriol",6,6,0,2,2,"HGNC:IGF2BP1|HGNC:IGF2BP3",TRUE
"group_L1_edac996f","disease_vs_normal","group",2,"UNK",NA,4,4,1,0,1,"MeSH:D009369",FALSE
"group_L1_ee0fb7e5","small_molecule","group",2,"CHEBI:145431","indisulam",4,4,0,1,1,"CHEBI:145431",FALSE
"group_L1_ee173cdc","disease_vs_normal","group",11,"UNK",NA,162,162,8,0,8,"MeSH:D003424|MeSH:D015179|STR:cd|STR:crohn_s_disease|STR:mucinous_cancer",TRUE
"group_L1_ee23bc86","disease_vs_normal","group",2,"UNK",NA,17,17,1,0,1,"MeSH:D015464",FALSE
"group_L1_ee646a38","disease_vs_normal","group",2,"UNK",NA,11,11,1,0,1,"STR:cancer_tissue",FALSE
"group_L1_ee7d2d20","disease_vs_normal","group",2,"UNK",NA,28,28,2,0,2,"MeSH:D008224|MeSH:D016403",TRUE
"group_L1_ee94371d","disease_vs_normal","group",2,"UNK",NA,331,331,1,0,1,"MeSH:D015473",FALSE
"group_L1_eea2ad46","disease_vs_normal","group",2,"MeSH:D009875","Operator Regions, Genetic",3,3,1,0,1,"STR:caov2_primary_ovarian_cancer_cell",FALSE
"group_L1_eea9fe8d","small_molecule","group",2,"CHEBI:123456","N-ethyl-2-[(2R,3R,6S)-3-[(4-fluorophenyl)sulfonylamino]-2-(hydroxymethyl)-3,6-dihydro-2H-pyran-6-yl]acetamide",8,8,0,2,2,"STR:2_m_osimertinib_9d|STR:osimertinib_2_um_9d",TRUE
"group_L1_ef1779d6","disease_vs_normal","group",2,"UNK",NA,3,3,1,0,1,"STR:prostate_tumor",FALSE
"group_L1_ef356ae1","disease_vs_normal","group",3,"UNK",NA,30,30,1,0,1,"STR:prostate_cancer_cells",FALSE
"group_L1_ef6d35a3","small_molecule","group",3,"UNK",NA,44,44,0,0,0,"",FALSE
"group_L1_ef8b9068","disease_vs_normal","group",2,"UNK",NA,12,12,0,0,0,"",FALSE
"group_L1_ef92fa88","disease_vs_normal","group",3,"UNK",NA,10,10,3,0,3,"STR:hc|STR:non_diabetic|STR:non_lesional_skin",TRUE
"group_L1_ef96e672","disease_vs_normal","group",2,"UNK",NA,10,10,0,0,0,"",FALSE
"group_L1_f07d0b2f","disease_vs_normal","group",2,"UNK",NA,55,55,1,0,1,"STR:not_ibd",FALSE
"group_L1_f08ed56e","disease_vs_normal","group",2,"UNK",NA,4,4,1,0,1,"STR:liver_metastasizing_pancreatic_ductal_carcinoma",FALSE
"group_L1_f0dc6857","small_molecule","group",4,"UNK",NA,33,33,0,2,2,"STR:fev|STR:ombitasvir_paritaprevir_ritonavir",TRUE
"group_L1_f15164d7","disease_vs_normal","group",2,"UNK",NA,16,16,0,0,0,"",FALSE
"group_L1_f1b631fc","small_molecule","group",2,"MeSH:D000989","Antistreptolysin",10,10,0,0,0,"",FALSE
"group_L1_f1d2dbcf","small_molecule","group",2,"CHEBI:16635","Met-tRNA<small><sup>Met</small></sup>",12,12,0,1,1,"STR:tgf_beta1",FALSE
"group_L1_f1e6aa16","disease_vs_normal","group",2,"UNK",NA,9,9,1,0,1,"STR:prostate_adenocarcinoma",FALSE
"group_L1_f1fbd3d8","pathogen_or_aggregate_exposure","group",3,"UNK",NA,5,5,0,2,2,"STR:ifn_b_20_u_ml|STR:influenza_virus_pr8_infection",TRUE
"group_L1_f2348876","disease_vs_normal","group",3,"UNK",NA,25,25,1,0,1,"STR:diseased",FALSE
"group_L1_f237c61f","disease_vs_normal","group",2,"UNK",NA,29,29,0,0,0,"",FALSE
"group_L1_f24d3bea","disease_vs_normal","group",2,"UNK",NA,51,51,1,0,1,"STR:pbmc",FALSE
"group_L1_f268c462","disease_vs_normal","group",5,"UNK",NA,27,27,7,0,7,"MeSH:D000077192|STR:ipf|STR:lung_squamous_carcinoma|STR:lung_squamous_cell_carcinoma|STR:non_small_cell_lung_cancer",TRUE
"group_L1_f2828b1f","disease_vs_normal","group",2,"UNK",NA,6,6,0,0,0,"",FALSE
"group_L1_f3414d26","small_molecule","group",2,"UNK",NA,6,6,0,2,2,"STR:osimertinib_resistance|STR:s100a9_inh",TRUE
"group_L1_f3759447","small_molecule","group",2,"CHEBI:87197","dichlorophenyl dicarboximide fungicide",2,2,0,1,1,"CHEBI:39112",FALSE
"group_L1_f3aae1b9","pathogen_or_aggregate_exposure","group",2,"UNK",NA,6,6,0,1,1,"STR:lcmv",FALSE
"group_L1_f3b436b8","disease_vs_normal","group",2,"UNK",NA,8,8,2,0,2,"STR:breast_cancer_serum_with_recurrence|STR:hcc",TRUE
"group_L1_f3c1f97e","disease_vs_normal","group",2,"UNK",NA,32,32,1,0,1,"STR:pancreatic_ductal_adenocarcinoma",FALSE
"group_L1_f3e155fe","disease_vs_normal","group",3,"UNK",NA,62,62,1,0,1,"MeSH:D001749",FALSE
"group_L1_f41b4dcf","disease_vs_normal","group",2,"UNK",NA,2,2,0,0,0,"",FALSE
"group_L1_f4359b01","disease_vs_normal","group",2,"UNK",NA,2,2,1,0,1,"STR:pro_b_mll_leukemia_cell_line_rs4_11",FALSE
"group_L1_f48b5e18","disease_vs_normal","group",4,"UNK",NA,21,21,3,0,3,"STR:colon_cancer_stage_ii_iv|STR:crc|STR:without_metastasis",TRUE
"group_L1_f4acaf7b","disease_vs_normal","group",4,"UNK",NA,116,116,3,0,3,"STR:bladder_transitional_cell_carcinoma|STR:ffpe_bladder_tumor_block|STR:fresh_frozen_bladder_tumor",TRUE
"group_L1_f4b50c6d","disease_vs_normal","group",13,"UNK",NA,18,18,5,0,5,"STR:hepatocellular_carcinoma_cell|STR:human_hepatocellular_carcinoma_cells|STR:human_liver_cancer_cell|STR:liver_cancer_cells|STR:liver_carcinoma_cells",TRUE
"group_L1_f4fbe59c","disease_vs_normal","group",3,"UNK",NA,38,38,4,0,4,"STR:cd_active|STR:cd_inactive|STR:uc_active|STR:uc_inactive",TRUE
"group_L1_f55c99f7","small_molecule","group",2,"UNK",NA,4,4,0,1,1,"STR:kw2449",FALSE
"group_L1_f5ca365e","disease_vs_normal","group",2,"UNK",NA,3,3,0,0,0,"",FALSE
"group_L1_f5f335e7","disease_vs_normal","group",4,"UNK",NA,9,9,2,0,2,"STR:hepatocellular_carcinoma_cells|STR:human_hepatocellular_carcinoma",TRUE
"group_L1_f6e5913a","small_molecule","group",5,"UNK",NA,20,20,0,4,4,"CHEBI:73907|STR:gii|STR:mst1_2_inhibitor|STR:sr2211",TRUE
"group_L1_f738e587","disease_vs_normal","group",2,"UNK",NA,5,5,3,0,3,"STR:dm2_lr|STR:dm2_sr|STR:osteoarthritis_patients",TRUE
"group_L1_f75f5827","disease_vs_normal","group",4,"UNK",NA,29,29,1,0,1,"STR:esophageal_squamous_cell_carcinoma",FALSE
"group_L1_f7bd60e2","disease_vs_normal","group",9,"UNK",NA,22,22,4,0,4,"MeSH:D011471|STR:human_prostate_cancer|STR:prostate_cancer_cells|STR:prostate_tumor",TRUE
"group_L1_f8275db3","disease_vs_normal","group",2,"UNK",NA,7,7,1,0,1,"STR:thrombotic_primary_aps",FALSE
"group_L1_f8a6b77e","pathogen_or_aggregate_exposure","group",2,"UNK",NA,9,9,0,3,3,"STR:infected_with_sars_cov2_stock|STR:infected_with_shaan_virus_p3|STR:infected_with_shaan_virus_p43",TRUE
"group_L1_f8b1c8fb","disease_vs_normal","group",2,"UNK",NA,2,2,1,0,1,"STR:tnbc",FALSE
"group_L1_f8cb0f95","disease_vs_normal","group",4,"UNK",NA,8,8,3,0,3,"MeSH:D001943|MeSH:D064726|STR:breast_cancer_cells",TRUE
"group_L1_f8d27f8e","disease_vs_normal","group",12,"UNK",NA,89,89,8,0,8,"MeSH:D009369|MeSH:D011471|MeSH:D065626|STR:fibrosis|STR:hcc",TRUE
"group_L1_f8e56692","disease_vs_normal","group",2,"UNK",NA,4,4,1,0,1,"STR:pancreatic_ductal_adenocarcinoma",FALSE
"group_L1_f97b7f30","small_molecule","group",2,"CHEBI:42068","idarubicin",18,18,0,0,0,"",FALSE
"group_L1_f9b44ed5","disease_vs_normal","group",2,"UNK",NA,4,4,2,0,2,"STR:disease|STR:gastric_cancer_tissue",TRUE
"group_L1_fa36eb7d","pathogen_or_aggregate_exposure","group",2,"UNK",NA,63,63,0,0,0,"",FALSE
"group_L1_fa479273","disease_vs_normal","group",2,"MeSH:D006559","Pemphigoid Gestationis",3,3,1,0,1,"MeSH:D006528",FALSE
"group_L1_fa91b81b","small_molecule","group",2,"STR:glycine max 7s globulin","Glycine max 7S globulin",24,24,0,0,0,"",FALSE
"group_L1_faaaf7bf","pathogen_or_aggregate_exposure","group",2,"STR:tuberculosis","Tuberculosis",72,72,0,0,0,"",FALSE
"group_L1_faae718e","disease_vs_normal","group",2,"UNK",NA,2,2,1,0,1,"STR:human_esophageal_squamous_carcinoma_cells",FALSE
"group_L1_fcba0d08","disease_vs_normal","group",2,"UNK",NA,176,176,3,0,3,"STR:ild_pss|STR:non_ild_pss|STR:pss",TRUE
"group_L1_fd4efa25","pathogen_or_aggregate_exposure","group",2,"UNK",NA,4,4,0,0,0,"",FALSE
"group_L1_fd9a1b3e","disease_vs_normal","group",2,"UNK",NA,5,5,1,0,1,"STR:mm",FALSE
"group_L1_fdf71acc","disease_vs_normal","group",2,"UNK",NA,32,32,0,0,0,"",FALSE
"group_L1_fdfe0a3f","disease_vs_normal","group",3,"UNK",NA,36,36,0,0,0,"",FALSE
"group_L1_fe84ad19","disease_vs_normal","group",2,"UNK",NA,4,4,1,0,1,"STR:high_grade_serous_ovarian_cancer",FALSE
"group_L1_fe913c37","small_molecule","group",2,"UNK",NA,5,5,0,1,1,"STR:drug_treated",FALSE
"group_L1_fea629d5","disease_vs_normal","group",2,"UNK",NA,3,3,1,0,1,"STR:cancer_glioblastoma",FALSE
"group_L1_feb7791f","disease_vs_normal","group",20,"UNK",NA,39,39,8,0,8,"MeSH:D000077192|MeSH:D002289|MeSH:D008175|STR:adenocarcinoma_lung|STR:human_caucasian_lung_carcinoma",TRUE
"group_L1_feb86dda","pathogen_or_aggregate_exposure","group",3,"STR:hepatitis b virus","Hepatitis B virus",8,8,0,0,0,"",FALSE
"group_L1_febd5715","disease_vs_normal","group",2,"UNK",NA,50,50,1,0,1,"STR:hc",FALSE
"group_L1_febe3bd2","disease_vs_normal","group",3,"UNK",NA,42,42,2,0,2,"MeSH:D015451|STR:primary_sjogren_s_syndrome",TRUE
"group_L1_fec7be60","disease_vs_normal","group",4,"UNK",NA,18,18,1,0,1,"STR:crohn_s_disease_cd_or_ulcerative_colitis_uc",FALSE
"group_L1_ff13768d","disease_vs_normal","group",2,"UNK",NA,8,8,1,0,1,"STR:early",FALSE
"group_L1_ff2a3d6e","disease_vs_normal","group",2,"UNK",NA,2,2,2,0,2,"STR:atroblastomas|STR:hcc",TRUE
"group_L1_ff39c86c","small_molecule","group",2,"UNK",NA,13,13,0,1,1,"STR:s217879",FALSE
"group_L1_ff3a59d3","disease_vs_normal","group",3,"UNK",NA,20,20,2,0,2,"STR:ctl|STR:paratumor_non_cancerous_tissue",TRUE
"group_L1_ff48668d","disease_vs_normal","group",2,"UNK",NA,10,10,0,0,0,"",FALSE
"group_L1_fff5b096","disease_vs_normal","group",2,"UNK",NA,10,10,1,0,1,"STR:pediatric_ependymoma",FALSE
"group_L2_0003c20b","disease_vs_normal","group",4,"UNK",NA,8,8,2,0,2,"STR:human_lung_cancer_cell_line|STR:lung_cancer_cell_lines",TRUE
"group_L2_00222174","disease_vs_normal","group",2,"UNK",NA,2,2,2,0,2,"MeSH:D010190|STR:patient_derived_pdac",TRUE
"group_L2_002b1a2b","disease_vs_normal","group",5,"UNK",NA,59,59,19,0,19,"STR:lucap_136cr_pdx_tumor|STR:lucap_147cr_pdx_tumor|STR:lucap_167cr_pdx_tumor|STR:lucap_189_3cr_pdx_tumor|STR:lucap_23_1cr3_pdx_tumor",TRUE
"group_L2_007a663b","disease_vs_normal","group",3,"UNK",NA,4,4,0,0,0,"",FALSE
"group_L2_0100fdcc","small_molecule","group",3,"UNK",NA,5,5,0,3,3,"STR:c_cgi_1746|STR:jq1_treatment_for_24_hours|STR:mdm2_protac",TRUE
"group_L2_011e02c6","small_molecule","group",5,"UNK",NA,25,25,0,11,11,"STR:100nm_ca|STR:iox1|STR:jps004_10microm|STR:jps014_10microm|STR:jps016_10microm",TRUE
"group_L2_017f2eeb","small_molecule","group",2,"CHEBI:68534","enzalutamide",4,4,0,2,2,"STR:10_um_enzalutamide_and_30_nm_onvansertib|STR:enza",TRUE
"group_L2_01b6d337","small_molecule","group",3,"CHEBI:123456","N-ethyl-2-[(2R,3R,6S)-3-[(4-fluorophenyl)sulfonylamino]-2-(hydroxymethyl)-3,6-dihydro-2H-pyran-6-yl]acetamide",15,15,0,4,4,"STR:2_m_osimertinib_9d|STR:osimertinib_1_um|STR:osimertinib_2_um_48h|STR:osimertinib_2_um_9d",TRUE
"group_L2_0204af40","disease_vs_normal","group",3,"UNK",NA,6,6,1,0,1,"STR:prostate_tumor",FALSE
"group_L2_02953080","small_molecule","group",2,"UNK",NA,7,7,0,5,5,"STR:100nm_ca|STR:jps004_10microm|STR:jps014_10microm|STR:jps026_5microm|STR:jps027_5microm",TRUE
"group_L2_02dcc35c","disease_vs_normal","group",6,"MeSH:D006559","Pemphigoid Gestationis",7,7,1,0,1,"STR:sgintc",FALSE
"group_L2_02dd19af","disease_vs_normal","group",2,"MeSH:D011271","Pregnancy, Ectopic",8,8,1,0,1,"MeSH:D011471",FALSE
"group_L2_0364a773","disease_vs_normal","group",2,"UNK",NA,5,5,1,0,1,"STR:colitis_associated_cancer_patient_derived_xenograft_pdx",FALSE
"group_L2_03691bd9","disease_vs_normal","group",15,"UNK",NA,38,38,7,0,7,"STR:breast_adenocarcinoma_cell|STR:breast_cancer_cell|STR:breast_cancer_cells|STR:epithelial_cell_line_from_breast_adenocarcinoma|STR:human_mcf7_breast_cancer_cells",TRUE
"group_L2_03901172","small_molecule","group",4,"CHEBI:68534","enzalutamide",15,15,0,3,3,"CHEBI:68534|STR:enzalutamide_induction|STR:wt_100nm_plus_ezalutamide_1_micromolar",TRUE
"group_L2_039b5818","disease_vs_normal","group",7,"UNK",NA,21,21,3,0,3,"MeSH:D001943|STR:breast_cancer_cells|STR:triple_negative_breast_cancer_cells",TRUE
"group_L2_03cc7c5b","small_molecule","group",4,"UNK",NA,12,12,0,7,7,"STR:cca_1_1|STR:pna_10b_2|STR:pna_10b_3|STR:pna_21_1|STR:pna_21_2",TRUE
"group_L2_03f2262a","disease_vs_normal","group",11,"UNK",NA,58,58,11,0,11,"MeSH:D008113|MeSH:D013274|STR:adult_cholestatic_liver_disease|STR:benign_pancreatic_lesion|STR:biliary_atresia",TRUE
"group_L2_04f0fccd","disease_vs_normal","group",2,"UNK",NA,11,11,0,0,0,"",FALSE
"group_L2_0524962b","small_molecule","group",2,"CHEBI:46345","5-fluorouracil",8,8,0,1,1,"CHEBI:46345",FALSE
"group_L2_0597f44a","small_molecule","group",2,"CHEBI:17135","long-chain fatty alcohol",8,8,0,4,4,"CHEBI:50114|STR:10_nm_estrogen_for_12hr|STR:estrogen_12_hours|STR:estrogen_4_hours",TRUE
"group_L2_067854e2","small_molecule","group",2,"CHEBI:46345","5-fluorouracil",5,5,0,2,2,"HGNC:TP53|STR:treated_with_5_fu_2hr",TRUE
"group_L2_06b273d1","disease_vs_normal","group",3,"UNK",NA,7,7,3,0,3,"STR:adenocarcinoma|STR:epithelial_breast_cancer_cell_line_derived_from_metasatic_pleural_effusion|STR:triple_negative_breast_carcinoma_from_pleural_effusion",TRUE
"group_L2_06b7c3a4","disease_vs_normal","group",16,"UNK",NA,27,27,7,0,7,"STR:hepatocellular_carcinoma_cell|STR:human_hepatocellular_carcinoma_cells|STR:human_liver_cancer_cell|STR:human_liver_carcinoma_cells|STR:liver_cancer_cells",TRUE
"group_L2_074a6dcc","disease_vs_normal","group",3,"UNK",NA,10,10,0,0,0,"",FALSE
"group_L2_075025e2","disease_vs_normal","group",4,"UNK",NA,24,24,1,0,1,"STR:primary_colon_cancer_cell",FALSE
"group_L2_07590555","pathogen_or_aggregate_exposure","group",2,"STR:sars-cov-2","SARS-CoV-2",4,4,0,1,1,"STR:sars_cov_2_infected_moi_2",FALSE
"group_L2_08098a2b","disease_vs_normal","group",2,"UNK",NA,28,28,2,0,2,"MeSH:D008224|MeSH:D016403",TRUE
"group_L2_081ae1ec","disease_vs_normal","group",5,"UNK",NA,18,18,1,0,1,"STR:breast_cancer_cells",FALSE
"group_L2_0834c2cc","pathogen_or_aggregate_exposure","group",3,"UNK",NA,20,20,0,0,0,"",FALSE
"group_L2_089c584e","small_molecule","group",2,"UNK",NA,80,80,0,3,3,"STR:sb414_2|STR:sb414_6|STR:treated",TRUE
"group_L2_08c502da","disease_vs_normal","group",4,"UNK",NA,52,52,0,0,0,"",FALSE
"group_L2_092c86c6","disease_vs_normal","group",4,"UNK",NA,40,40,5,0,5,"STR:adeno|STR:die|STR:endometriosis|STR:iua_patient|STR:oe",TRUE
"group_L2_094ee239","small_molecule","group",2,"CHEBI:16635","Met-tRNA<small><sup>Met</small></sup>",9,9,0,2,2,"STR:10ng_ml_tgf_2h_treatment|STR:10ng_ml_tgf_6h_treatment",TRUE
"group_L2_09585576","small_molecule","group",2,"UNK",NA,58,58,0,2,2,"STR:globinclear|STR:pooled_globinclear",TRUE
"group_L2_09593946","disease_vs_normal","group",11,"UNK",NA,36,36,4,0,4,"MeSH:D002289|MeSH:D008175|STR:adenocarcinoma|STR:tumor_lung",TRUE
"group_L2_096587ec","small_molecule","group",2,"CHEBI:41774","tamoxifen",3,3,0,1,1,"CHEBI:41774",FALSE
"group_L2_0965cebb","small_molecule","group",2,"CHEBI:79685","3-Methoxy-19-norpregna-1,3,5(10)-trien-20-one",4,4,0,0,0,"",FALSE
"group_L2_09a5340a","small_molecule","group",2,"UNK",NA,8,8,0,0,0,"",FALSE
"group_L2_09cb49b2","disease_vs_normal","group",2,"UNK",NA,2,2,1,0,1,"STR:adenocarcinoma",FALSE
"group_L2_0a279cb0","disease_vs_normal","group",5,"UNK",NA,23,23,3,0,3,"MeSH:D001943|STR:breast_cancer_cell_line|STR:mammary_gland_ductal_carcinoma",TRUE
"group_L2_0a3a1758","small_molecule","group",2,"UNK",NA,5,5,0,2,2,"CHEBI:230484|STR:fkbp",TRUE
"group_L2_0a6506eb","pathogen_or_aggregate_exposure","group",3,"UNK",NA,73,73,0,0,0,"",FALSE
"group_L2_0a66c23f","small_molecule","group",2,"MeSH:D003473","Neuromuscular Nondepolarizing Agents",4,4,0,0,0,"",FALSE
"group_L2_0a8116b0","disease_vs_normal","group",3,"UNK",NA,6,6,2,0,2,"STR:colorectal_adenocarcinoma|STR:human_colon_cancer_cells_sw480",TRUE
"group_L2_0a970e80","disease_vs_normal","group",4,"UNK",NA,46,46,2,0,2,"MeSH:D000077192|STR:lung_adenocarinoma_tumor",TRUE
"group_L2_0aaf4624","disease_vs_normal","group",2,"UNK",NA,10,10,2,0,2,"STR:medulloblastoma_tumor_tissue|STR:tumor_med",TRUE
"group_L2_0b2e80a5","small_molecule","group",2,"CHEBI:45783","imatinib",2,2,0,1,1,"CHEBI:45783",FALSE
"group_L2_0b8839b8","small_molecule","group",2,"CHEBI:91435","linifanib",3,3,0,1,1,"CHEBI:91435",FALSE
"group_L2_0b8a6c60","small_molecule","group",2,"UNK",NA,177,177,0,1,1,"STR:slit",FALSE
"group_L2_0bcebc2b","small_molecule","group",2,"CHEBI:30971","2<em>H</em>-azirine",6,6,0,2,2,"CHEBI:41879|STR:dox_for_24_hours",TRUE
"group_L2_0bfd4f93","disease_vs_normal","group",3,"UNK",NA,9,9,3,0,3,"MeSH:D006258|MeSH:D010634|STR:her2_enriched",TRUE
"group_L2_0c629e32","disease_vs_normal","group",2,"UNK",NA,3,3,2,0,2,"STR:prostate_cancer_cells_sample|STR:prostate_cancer_immortilized_cell_line",TRUE
"group_L2_0c64c69a","disease_vs_normal","group",3,"UNK",NA,5,5,2,0,2,"MeSH:D008175|STR:large_cell_lung_cancer",TRUE
"group_L2_0c891ca0","cytokine_stim","group",2,"STR:interferon gamma","Interferon gamma",3,3,0,2,2,"STR:ifn_g|STR:ifng",TRUE
"group_L2_0cac69d3","pathogen_or_aggregate_exposure","group",4,"UNK",NA,178,178,0,0,0,"",FALSE
"group_L2_0cb36e8f","disease_vs_normal","group",2,"UNK",NA,19,19,2,0,2,"STR:lung_squamous_cell_carcinoma_tissue|STR:lung_squamous_cell_carcinoma_tumor_samples",TRUE
"group_L2_0d6f56dd","disease_vs_normal","group",2,"UNK",NA,19,19,3,0,3,"STR:patient_with_hemorrhagic_transformation_after_acute_ischemic_stroke|STR:patient_without_hemorrhagic_transformation_after_acute_ischemic_stroke|STR:symptomatic",TRUE
"group_L2_0db684bc","pathogen_or_aggregate_exposure","group",2,"UNK",NA,5,5,0,1,1,"STR:cccr08",FALSE
"group_L2_0dc4f8df","pathogen_or_aggregate_exposure","group",3,"UNK",NA,12,12,0,1,1,"STR:rna",FALSE
"group_L2_0e085269","small_molecule","group",2,"CHEBI:38246","methyl (<i>S</i>)-3-hydroxypalmitate",4,4,0,2,2,"CHEBI:44616|STR:100_nm_4_hydroxy_tamoxifen_for_6_hours",TRUE
"group_L2_0e0a40b8","small_molecule","group",2,"UNK",NA,5,5,0,2,2,"CHEBI:205761|STR:ovcar8_cells_treated_with_400_nm_azd1775",TRUE
"group_L2_0eed2a35","disease_vs_normal","group",2,"UNK",NA,4,4,2,0,2,"STR:hfpef|STR:persistent_non_valvular_atrial_fibrillation_af",TRUE
"group_L2_0fa4c951","disease_vs_normal","group",2,"UNK",NA,2,2,1,0,1,"STR:tnbc",FALSE
"group_L2_0fae0219","small_molecule","group",2,"UNK",NA,3,3,0,2,2,"STR:gfp|STR:scs_100_g_ml",TRUE
"group_L2_0febd9f2","disease_vs_normal","group",3,"UNK",NA,16,16,5,0,5,"STR:embryonal|STR:ependymoma|STR:glioblastoma|STR:glioma|STR:glioneuronal_neuronal",TRUE
"group_L2_100dda26","small_molecule","group",11,"UNK",NA,43,43,0,11,11,"HGNC:CHD1|HGNC:MAP3K7|STR:10nm_r1881_for_48_hours|STR:enz|STR:gcn2ib_24hr",TRUE
"group_L2_10b46209","small_molecule","group",7,"UNK",NA,27,27,0,4,4,"STR:1_m_aza_72h|STR:hd_ifng_24h|STR:mycmi_7|STR:treated_with_ppt_5nm",TRUE
"group_L2_1168178a","disease_vs_normal","group",2,"UNK",NA,4,4,1,0,1,"STR:khm_5m_thyroid_cancer_cell",FALSE
"group_L2_1171e940","disease_vs_normal","group",2,"UNK",NA,5,5,0,0,0,"",FALSE
"group_L2_11ffedcc","disease_vs_normal","group",3,"UNK",NA,45,45,2,0,2,"STR:melanoma|STR:mycosis_fungoides",TRUE
"group_L2_1221fb01","disease_vs_normal","group",2,"UNK",NA,14,14,0,0,0,"",FALSE
"group_L2_127d16f4","small_molecule","group",3,"UNK",NA,12,12,0,3,3,"STR:10nm_r1881_for_48_hours|STR:r1881_daro|STR:r1881_daro_copa",TRUE
"group_L2_12b0299c","disease_vs_normal","group",8,"UNK",NA,91,91,3,0,3,"MeSH:D003876|STR:dermatomyositis|STR:mpr",TRUE
"group_L2_12ff30f6","disease_vs_normal","group",2,"UNK",NA,4,4,1,0,1,"STR:breast_cancer_cell_line",FALSE
"group_L2_1314d064","disease_vs_normal","group",2,"UNK",NA,13,13,3,0,3,"MeSH:D005764|STR:eoe_like|STR:eosinophilic_esophagitis_eoe",TRUE
"group_L2_131a2fa3","small_molecule","group",2,"UNK",NA,20,20,0,5,5,"STR:cells_were_treated_with_das_ai_for_30_minutes|STR:cells_were_treated_with_hcq_ai_for_30_minutes|STR:cells_were_treated_with_lev_ai_for_30_minutes|STR:cells_were_treated_with_lev_diazirine_for_30_minutes|STR:cells_were_treated_with_linker_ai_for_30_minutes",TRUE
"group_L2_139b054d","disease_vs_normal","group",26,"UNK",NA,87,87,7,0,7,"MeSH:D003110|MeSH:D015179|STR:colon_cancer_cells|STR:hct116_colon_cancer_cell_line|STR:hct116_colon_carcinoma_cells_dmso_treated",TRUE
"group_L2_14aa3c28","small_molecule","group",2,"UNK",NA,9,9,0,3,3,"CHEBI:132974|STR:mi_503|STR:mi_503_pr_957",TRUE
"group_L2_14c4f5cb","disease_vs_normal","group",2,"UNK",NA,30,30,0,0,0,"",FALSE
"group_L2_14d95b39","small_molecule","group",6,"UNK",NA,124,124,0,27,27,"STR:cells_grown_in_a_q_depleted_medium_for_18h_followed_by_cycloheximid_and_tryptolide_treatment_for_0_hours|STR:cells_grown_in_a_q_depleted_medium_for_18h_followed_by_cycloheximid_and_tryptolide_treatment_for_3_hours|STR:cells_grown_in_a_q_depleted_medium_for_18h_followed_by_cycloheximid_and_tryptolide_treatment_for_5_hours|STR:cells_grown_in_a_q_depleted_medium_for_18h_followed_by_tryptolide_treatment_for_0_hours|STR:cells_grown_in_a_q_depleted_medium_for_18h_followed_by_tryptolide_treatment_for_3_hours",TRUE
"group_L2_14da0c04","disease_vs_normal","group",2,"UNK",NA,8,8,2,0,2,"STR:idiopathic_pulmonary_fibrosis_ipf|STR:pulmonary_fibrosis",TRUE
"group_L2_153094f5","disease_vs_normal","group",2,"UNK",NA,6,6,2,0,2,"MeSH:D000077192|MeSH:D002289",TRUE
"group_L2_15b268b4","disease_vs_normal","group",10,"MeSH:D001943","Breast Neoplasms",19,19,2,0,2,"STR:breast_cancer_cells|STR:human_breast_cancer_cells",TRUE
"group_L2_15ce6d1c","disease_vs_normal","group",8,"UNK",NA,23,23,4,0,4,"MeSH:D006528|MeSH:D008113|STR:human_hepatocellular_carcinoma|STR:liver_cancer_huh7_cells",TRUE
"group_L2_15d4ddc5","disease_vs_normal","group",2,"UNK",NA,4,4,2,0,2,"MeSH:D006528|STR:liver_cancer_cells",TRUE
"group_L2_15f16ab5","disease_vs_normal","group",16,"UNK",NA,56,56,4,0,4,"MeSH:D011471|STR:carcinoma|STR:prostate_cancer_cell_line_du145|STR:prostate_cancer_cells",TRUE
"group_L2_161fae87","disease_vs_normal","group",8,"UNK",NA,169,169,6,0,6,"MeSH:D009369|MeSH:D012004|STR:ffpe_tumor_rna|STR:tumor_biopsies|STR:tumor_needle_biospy",TRUE
"group_L2_162a79fe","pathogen_or_aggregate_exposure","group",2,"UNK",NA,165,165,0,4,4,"STR:ama1|STR:csp|STR:d_7|STR:hbs",TRUE
"group_L2_165de867","small_molecule","group",2,"UNK",NA,11,11,0,3,3,"STR:rap|STR:rig_i_agonist|STR:rig_i_agonist_tipiracil",TRUE
"group_L2_16816181","disease_vs_normal","group",2,"MeSH:D006290","Health Planning Technical Assistance",2,2,0,0,0,"",FALSE
"group_L2_16ef50dd","pathogen_or_aggregate_exposure","group",3,"UNK",NA,39,39,0,2,2,"STR:no_treatment|STR:tlr4_ligand_lps_1_microgram_ml_for_2_hours",TRUE
"group_L2_17036a4a","disease_vs_normal","group",2,"UNK",NA,25,25,0,0,0,"",FALSE
"group_L2_173d7da5","pathogen_or_aggregate_exposure","group",2,"UNK",NA,9,9,0,2,2,"STR:p100pop_infected|STR:ribavirin_25_m",TRUE
"group_L2_1751675e","small_molecule","group",2,"CHEBI:88502","DG(16:1(9Z)/18:3(6Z,9Z,12Z)/0:0)",8,8,0,0,0,"",FALSE
"group_L2_17559310","small_molecule","group",2,"CHEBI:63637","vemurafenib",14,14,0,0,0,"",FALSE
"group_L2_17626eee","disease_vs_normal","group",2,"UNK",NA,17,17,2,0,2,"STR:patient_with_untreated_lesional_psoriasis|STR:psoriasis_patient_treated_with_ustekinumab",TRUE
"group_L2_1776434a","pathogen_or_aggregate_exposure","group",2,"UNK",NA,18,18,0,5,5,"STR:hcov_229e_atcc_vr_740_infected|STR:hrv_16_atcc_vr283_infected|STR:mers_cov_emc_2012_infected|STR:sars_cov_2_omicron_variant_infected|STR:sars_cov_2_wa_01_infected",TRUE
"group_L2_179373e2","pathogen_or_aggregate_exposure","group",5,"UNK",NA,47,47,0,0,0,"",FALSE
"group_L2_1798891c","small_molecule","group",2,"UNK",NA,9,9,0,1,1,"STR:j14_20_um",FALSE
"group_L2_17b12a2d","small_molecule","group",5,"UNK",NA,13,13,0,3,3,"STR:2d_cluture|STR:combination|STR:degrader",TRUE
"group_L2_17f803bb","disease_vs_normal","group",2,"UNK",NA,57,57,3,0,3,"STR:gbm|STR:primary|STR:recurrent",TRUE
"group_L2_18045fca","small_molecule","group",2,"CHEBI:136056","(18<i>S</i>)-resolvin E2(1−)",3,3,0,0,0,"",FALSE
"group_L2_1819a75a","disease_vs_normal","group",8,"UNK",NA,23,23,6,0,6,"MeSH:D001943|MeSH:D064726|STR:breast_cancer_cell_line|STR:breast_cancer_cells|STR:breast_cancer_cells_sum159",TRUE
"group_L2_185bf22f","disease_vs_normal","group",2,"UNK",NA,5,5,1,0,1,"STR:colon_carcinoma",FALSE
"group_L2_187eee1a","small_molecule","group",3,"CHEBI:63637","vemurafenib",12,12,0,1,1,"CHEBI:63637",FALSE
"group_L2_18f0e50d","disease_vs_normal","group",2,"UNK",NA,70,70,0,0,0,"",FALSE
"group_L2_1963c41b","small_molecule","group",2,"UNK",NA,5,5,0,2,2,"STR:sar405838|STR:sch772984_1um_x8weeks",TRUE
"group_L2_19969928","disease_vs_normal","group",2,"UNK",NA,7,7,1,0,1,"STR:breast_cancer_cells",FALSE
"group_L2_1a1da6fd","small_molecule","group",2,"CHEBI:23965","estradiol",2,2,0,0,0,"",FALSE
"group_L2_1a72fc63","disease_vs_normal","group",8,"UNK",NA,117,117,4,0,4,"STR:ad|STR:mdd|STR:nlrc4_macrophage_activation_syndrome_mas|STR:pll",TRUE
"group_L2_1b62fbb2","disease_vs_normal","group",11,"UNK",NA,30,30,3,0,3,"STR:panc_1_human_pancreatic_cancer_cell_line|STR:pancreas_cancer_derived_cell_line|STR:pancreatic_cancer_cell",TRUE
"group_L2_1bcdc123","disease_vs_normal","group",2,"UNK",NA,14,14,0,0,0,"",FALSE
"group_L2_1beee49c","small_molecule","group",2,"UNK",NA,8,8,0,2,2,"STR:ykl_5_124_100_nm|STR:ykl_5_124_1000_nm",TRUE
"group_L2_1c1b04fd","small_molecule","group",2,"CHEBI:134201","<em>P</em>-{α-<small>D</small>-Glc<em>p</em>NAc-(1→3)-[<small>D</small>-GroA-(2→1)]-α-<small>D</small>-Glc<em>p</em>NAc-6-yl}-α-<small>D</small>-Glc<em>p</em>NAc-(1→3)-[<em>P</em>-6-[CH<small><sub>2</sub></small>]<small><sub>5</sub></small>NH<small><sub>2</sub></small>]-α-<small>D</small>-Glc<em>p</em>NAc-(1→2)-<small>D</small>-GroA",15,15,0,14,14,"CHEBI:134689|CHEBI:145365|CHEBI:145374|CHEBI:177413|CHEBI:183639",TRUE
"group_L2_1c7a4692","disease_vs_normal","group",2,"UNK",NA,15,15,1,0,1,"MeSH:D002311",FALSE
"group_L2_1cae1688","disease_vs_normal","group",2,"UNK",NA,4,4,1,0,1,"STR:endometriosis",FALSE
"group_L2_1cb5d4a5","disease_vs_normal","group",2,"UNK",NA,15,15,2,0,2,"MeSH:D012008|STR:diagnosis",TRUE
"group_L2_1cbd42e8","disease_vs_normal","group",5,"UNK",NA,17,17,5,0,5,"STR:hiv_tb_co_infected|STR:lymphatic_malformation|STR:multisystem_inflammatory_syndrome_in_children_misc|STR:non_tb_infection|STR:uc",TRUE
"group_L2_1d29f38b","small_molecule","group",3,"UNK",NA,7,7,0,3,3,"STR:androgen_induction|STR:au_15330|STR:zenith_3694_200nm",TRUE
"group_L2_1d3ef7be","disease_vs_normal","group",6,"UNK",NA,13,13,2,0,2,"MeSH:D001943|MeSH:D064726",TRUE
"group_L2_1d9b20c8","small_molecule","group",2,"UNK",NA,8,8,0,6,6,"STR:neopetrotaurine_a|STR:neopetrotaurine_b|STR:neopetrotaurine_c|STR:pfi_63|STR:pfi_90",TRUE
"group_L2_1e341cab","pathogen_or_aggregate_exposure","group",2,"CHEBI:16412","lipopolysaccharide",17,17,0,1,1,"CHEBI:16412",FALSE
"group_L2_1e8f5e13","disease_vs_normal","group",19,"UNK",NA,52,52,8,0,8,"STR:human_prostate_adenocarcinoma_cells|STR:human_prostate_cancer|STR:human_prostate_cancer_cell_line|STR:human_prostate_cancer_cells|STR:lncap_atcc_crl_1740_human_prostate_tumor_cell_line",TRUE
"group_L2_1ea46774","disease_vs_normal","group",2,"MeSH:D009875","Operator Regions, Genetic",3,3,1,0,1,"STR:caov2_primary_ovarian_cancer_cell",FALSE
"group_L2_1f346788","pathogen_or_aggregate_exposure","group",11,"UNK",NA,53,53,0,17,17,"HGNC:STAT1|HGNC:TRIM28|STR:polyic|STR:rs504393|STR:rs504395",TRUE
"group_L2_1f61c3ae","pathogen_or_aggregate_exposure","group",5,"UNK",NA,22,22,0,7,7,"STR:infected_with_sars_cov2_p11|STR:infected_with_sars_cov2_stock|STR:infected_with_shaan_virus_for_24hours|STR:infected_with_shaan_virus_p3|STR:infected_with_shaan_virus_p43",TRUE
"group_L2_1f73f775","disease_vs_normal","group",2,"UNK",NA,7,7,1,0,1,"STR:mcf7_breast_cancer_cell_line",FALSE
"group_L2_1f999e20","disease_vs_normal","group",2,"UNK",NA,10,10,0,0,0,"",FALSE
"group_L2_1fa7e688","small_molecule","group",2,"CHEBI:88502","DG(16:1(9Z)/18:3(6Z,9Z,12Z)/0:0)",4,4,0,0,0,"",FALSE
"group_L2_1fa80364","disease_vs_normal","group",3,"UNK",NA,12,12,1,0,1,"STR:lung_cancer_cells_calu_3",FALSE
"group_L2_1fe47d69","pathogen_or_aggregate_exposure","group",4,"UNK",NA,152,152,0,0,0,"",FALSE
"group_L2_1ffc3795","disease_vs_normal","group",2,"UNK",NA,10,10,1,0,1,"MeSH:D009369",FALSE
"group_L2_201df3e0","disease_vs_normal","group",3,"UNK",NA,18,18,2,0,2,"STR:not_applicable|STR:para_tumor",TRUE
"group_L2_204c7918","disease_vs_normal","group",2,"UNK",NA,42,42,3,0,3,"STR:5|STR:non_squamous|STR:squamous",TRUE
"group_L2_205be78b","small_molecule","group",2,"CHEBI:5078","flavonol",7,7,0,3,3,"CHEBI:47344|CHEBI:90620|STR:cediranib",TRUE
"group_L2_207fc9fa","disease_vs_normal","group",2,"UNK",NA,2,2,1,0,1,"STR:lung_adenocarcinoma_cell_line",FALSE
"group_L2_2098847f","disease_vs_normal","group",3,"UNK",NA,9,9,0,0,0,"",FALSE
"group_L2_20a7222b","disease_vs_normal","group",3,"UNK",NA,12,12,2,0,2,"MeSH:D009369|STR:liver",TRUE
"group_L2_20b52fd5","disease_vs_normal","group",2,"UNK",NA,9,9,1,0,1,"STR:j82_bladder_cancer_cell",FALSE
"group_L2_20cd8202","disease_vs_normal","group",2,"UNK",NA,3,3,1,0,1,"STR:jmml_other_mutated",FALSE
"group_L2_20ec3a99","small_molecule","group",2,"CHEBI:88237","CDP-3,6-dideoxy-α-<small>D</small>-mannose",2,2,0,1,1,"CHEBI:61390",FALSE
"group_L2_212552d3","small_molecule","group",2,"STR:white bean 7s globulin","White Bean 7S globulin",43,43,0,0,0,"",FALSE
"group_L2_215fb583","disease_vs_normal","group",2,"UNK",NA,4,4,1,0,1,"STR:paracancerous",FALSE
"group_L2_21ba647e","small_molecule","group",2,"UNK",NA,4,4,0,2,2,"STR:glup_peptide|STR:shap",TRUE
"group_L2_21da743f","disease_vs_normal","group",3,"UNK",NA,3,3,0,0,0,"",FALSE
"group_L2_223532cf","small_molecule","group",4,"CHEBI:17126","carnitine",22,22,0,2,2,"STR:lps_exposed|STR:lps_exposed_for_24_hours",TRUE
"group_L2_22efdf7c","disease_vs_normal","group",2,"UNK",NA,45,45,1,0,1,"STR:tumor_biopsy",FALSE
"group_L2_2362be0f","small_molecule","group",9,"UNK",NA,28,28,0,11,11,"CHEBI:189652|STR:5_aza_cdr|STR:agi24512|STR:anti_hsp60n_h2o2|STR:apr_246",TRUE
"group_L2_237c45b0","pathogen_or_aggregate_exposure","group",4,"UNK",NA,488,488,0,8,8,"CHEBI:73579|CHEBI:73832|STR:7_days|STR:ama1|STR:csp",TRUE
"group_L2_23cab70f","small_molecule","group",2,"CHEBI:50280","(<i>R</i>)-lavandulyl diphosphate",3,3,0,1,1,"CHEBI:38940",FALSE
"group_L2_2450a5fc","small_molecule","group",2,"UNK",NA,7,7,0,2,2,"CHEBI:61115|STR:brd9_7_inhibitor",TRUE
"group_L2_24596315","disease_vs_normal","group",2,"UNK",NA,3,3,3,0,3,"STR:anaplastic_cog_stage_i|STR:diffuse_anaplasia_cog_stage_i|STR:non_anaplastic_cog_stage_iii",TRUE
"group_L2_24647ced","disease_vs_normal","group",3,"UNK",NA,4,4,1,0,1,"MeSH:D002292",FALSE
"group_L2_246d7cd4","disease_vs_normal","group",2,"UNK",NA,4,4,1,0,1,"STR:caco_2_human_colon_carcinoma_cell_line",FALSE
"group_L2_248f520f","pathogen_or_aggregate_exposure","group",2,"MeSH:D015497","HIV-1",2,2,0,0,0,"",FALSE
"group_L2_24a887ae","small_molecule","group",2,"CHEBI:28748","doxorubicin",19,19,0,0,0,"",FALSE
"group_L2_24d51276","disease_vs_normal","group",2,"UNK",NA,11,11,3,0,3,"STR:cd44high|STR:cd44low|STR:vehicle_dmso",TRUE
"group_L2_24f2bd18","disease_vs_normal","group",6,"UNK",NA,117,117,5,0,5,"STR:breast_cancer_tissue|STR:cancer_tissue|STR:ctl|STR:dm|STR:lrr",TRUE
"group_L2_24f30fed","small_molecule","group",2,"UNK",NA,8,8,0,4,4,"STR:av535_500ng|STR:dapt_gsi|STR:fc|STR:jag1_dapt",TRUE
"group_L2_255d14e3","small_molecule","group",2,"UNK",NA,11,11,0,3,3,"STR:ard_61|STR:zbc_11_inhibitor_150nm|STR:zbc_246_degrader_10nm",TRUE
"group_L2_259bd189","disease_vs_normal","group",2,"UNK",NA,36,36,2,0,2,"STR:non_small_cell_lung_cancer|STR:primary_lung_tumor",TRUE
"group_L2_25aae851","disease_vs_normal","group",2,"UNK",NA,5,5,0,0,0,"",FALSE
"group_L2_25ac478b","small_molecule","group",2,"UNK",NA,30,30,0,11,11,"STR:24h_1mg_cki|STR:24h_1mgcki_50umgefitinib|STR:24h_1mgcki_75umgefitinib|STR:24h_2_5mgyfsj_50umgefitinib|STR:24h_2_5mgyfsj_75umgefitinib",TRUE
"group_L2_25b4b6a0","small_molecule","group",2,"STR:glycine max 7s globulin","Glycine max 7S globulin",26,26,0,0,0,"",FALSE
"group_L2_25c1986f","disease_vs_normal","group",2,"UNK",NA,2,2,1,0,1,"STR:cholangiocarcinoma_cell_lines",FALSE
"group_L2_2648e734","small_molecule","group",2,"CHEBI:27899","cisplatin",4,4,0,1,1,"CHEBI:27899",FALSE
"group_L2_265e2316","disease_vs_normal","group",2,"UNK",NA,7,7,1,0,1,"MeSH:D010190",FALSE
"group_L2_26761291","disease_vs_normal","group",2,"UNK",NA,331,331,1,0,1,"MeSH:D015473",FALSE
"group_L2_267f2726","disease_vs_normal","group",2,"MeSH:D009427","Netherlands Antilles",3,3,0,0,0,"",FALSE
"group_L2_269fcc70","disease_vs_normal","group",2,"UNK",NA,6,6,0,0,0,"",FALSE
"group_L2_26a838a3","disease_vs_normal","group",2,"UNK",NA,6,6,0,0,0,"",FALSE
"group_L2_26bf65f4","disease_vs_normal","group",2,"UNK",NA,5,5,0,0,0,"",FALSE
"group_L2_275f852c","disease_vs_normal","group",2,"UNK",NA,6,6,1,0,1,"STR:adenocarcinoma",FALSE
"group_L2_27952d98","disease_vs_normal","group",8,"UNK",NA,66,66,2,0,2,"STR:breast_cancer_cell_line|STR:breast_carcinoma_cell_line",TRUE
"group_L2_279c6a75","small_molecule","group",2,"UNK",NA,3,3,0,2,2,"CHEBI:232613|STR:wa_68_vq71",TRUE
"group_L2_27e5b584","disease_vs_normal","group",3,"UNK",NA,42,42,2,0,2,"MeSH:D015451|STR:primary_sjogren_s_syndrome",TRUE
"group_L2_27fb902d","disease_vs_normal","group",2,"UNK",NA,5,5,2,0,2,"MeSH:D011471|STR:castration_resistant_adenocarcinoma",TRUE
"group_L2_2876949e","disease_vs_normal","group",2,"UNK",NA,260,260,2,0,2,"MeSH:D001943|STR:esr1_breast_cancer",TRUE
"group_L2_289601db","small_molecule","group",12,"UNK",NA,44,44,0,13,13,"CHEBI:124921|CHEBI:176335|STR:1_3_mer_transfected|STR:20_um_pf429242_for_24_h|STR:25um_trog",TRUE
"group_L2_28be1385","disease_vs_normal","group",12,"UNK",NA,180,180,7,0,7,"MeSH:D000544|MeSH:D006816|MeSH:D009369|STR:autism_spectrum_disorder|STR:meningioma_tumor",TRUE
"group_L2_297b2703","disease_vs_normal","group",3,"UNK",NA,65,65,1,0,1,"MeSH:D015470",FALSE
"group_L2_2a09ad43","disease_vs_normal","group",5,"UNK",NA,8,8,3,0,3,"STR:human_prostate_cancer_cell_line_pc3|STR:prostate_cancer_cell_line|STR:prostate_cancer_cells",TRUE
"group_L2_2a7ef0ab","pathogen_or_aggregate_exposure","group",3,"STR:tuberculosis","Tuberculosis",51,51,0,0,0,"",FALSE
"group_L2_2ab25a2c","disease_vs_normal","group",2,"UNK",NA,49,49,3,0,3,"MeSH:D009062|STR:oscc|STR:premalignant_lesions",TRUE
"group_L2_2bb5a6bf","small_molecule","group",2,"CHEBI:134203","<em>P</em>-{α-<small>D</small>-Glc<em>p</em>NAc-(1→3)-[<small>D</small>-GroA-(2→1)]-α-<small>D</small>-Glc<em>p</em>NAc-6-yl}-α-<small>D</small>-Glc<em>p</em>NAc-(1→3)-[<small>D</small>-GroA-(2→1)]-α-<small>D</small>-Glc<em>p</em>NAc-<em>P</em>-6-[CH<small><sub>2</sub></small>]<small><sub>5</sub></small>NHC(=O)[CH<small><sub>2</sub></small>]<small><sub>4</sub></small>C(=O)NHR group",26,26,0,25,25,"CHEBI:134689|CHEBI:140592|CHEBI:145374|CHEBI:177413|CHEBI:177705",TRUE
"group_L2_2be1d537","small_molecule","group",2,"CHEBI:5091","flecainide acetate",14,14,0,0,0,"",FALSE
"group_L2_2be1f9b8","disease_vs_normal","group",52,"UNK",NA,188,188,20,0,20,"MeSH:D001943|MeSH:D009369|MeSH:D064726|STR:adenocarcinoma|STR:breast_cancer_cell",TRUE
"group_L2_2c1486c6","disease_vs_normal","group",2,"UNK",NA,2,2,2,0,2,"STR:breast_adenocarcinoma|STR:human_breast_cancer_cells",TRUE
"group_L2_2c409afd","small_molecule","group",2,"UNK",NA,3,3,0,1,1,"STR:10nm_r5020_pr_stimulated",FALSE
"group_L2_2c529def","disease_vs_normal","group",2,"UNK",NA,10,10,0,0,0,"",FALSE
"group_L2_2ce676c5","small_molecule","group",3,"UNK",NA,19,19,0,8,8,"CHEBI:15846|CHEBI:26523|CHEBI:50305|STR:ato|STR:flu",TRUE
"group_L2_2cf05774","disease_vs_normal","group",2,"UNK",NA,3,3,2,0,2,"MeSH:D010190|STR:patient_derived_pdac",TRUE
"group_L2_2d037783","small_molecule","group",2,"UNK",NA,12,12,0,5,5,"STR:10_um_dcvc|STR:180um_mehp|STR:1um_mehp|STR:20_um_dcvc|STR:90um_mehp",TRUE
"group_L2_2d3b37d1","small_molecule","group",4,"UNK",NA,13,13,0,4,4,"STR:nicl2_100_m_for_6_weeks|STR:nnk_treatment|STR:steen_4mm_glutamax_37_c_5_co2_4h|STR:treat_with_0_0_m_cadmium_for_twenty_weeks",TRUE
"group_L2_2d6c8eea","small_molecule","group",2,"CHEBI:2663","amiodarone",26,26,0,0,0,"",FALSE
"group_L2_2db94932","disease_vs_normal","group",2,"UNK",NA,12,12,3,0,3,"STR:active_ulcerative_colitis|STR:cd|STR:uc",TRUE
"group_L2_2e2aa928","pathogen_or_aggregate_exposure","group",2,"STR:malaria","Malaria",74,74,0,0,0,"",FALSE
"group_L2_2e553f49","disease_vs_normal","group",2,"UNK",NA,11,11,1,0,1,"STR:asthmatic",FALSE
"group_L2_2e61e853","disease_vs_normal","group",2,"UNK",NA,12,12,1,0,1,"STR:ovarian_adenocarcinoma",FALSE
"group_L2_2ebb1a94","small_molecule","group",2,"CHEBI:78823","<em>O</em>-(<em>S</em>-3-oxo-4-methylhexanoylpantetheine-4'-phosphoryl)serine(1−) residue",3,3,0,0,0,"",FALSE
"group_L2_2ed46b14","disease_vs_normal","group",5,"UNK",NA,124,124,1,0,1,"MeSH:D065626",FALSE
"group_L2_2fb41a12","disease_vs_normal","group",3,"UNK",NA,10,10,3,0,3,"MeSH:D013274|STR:glioblastoma|STR:tumor_tissue",TRUE
"group_L2_2fdbc2ee","disease_vs_normal","group",3,"UNK",NA,6,6,2,0,2,"MeSH:D008175|STR:adenocarcinoma",TRUE
"group_L2_30efa968","small_molecule","group",2,"UNK",NA,5,5,0,1,1,"STR:ipi_9119_100_nm",FALSE
"group_L2_316e3dd0","small_molecule","group",2,"UNK",NA,5,5,0,2,2,"CHEBI:124921|CHEBI:232613",TRUE
"group_L2_3184a776","disease_vs_normal","group",2,"UNK",NA,7,7,1,0,1,"STR:colon_cancer_organoids",FALSE
"group_L2_319b9c86","disease_vs_normal","group",2,"UNK",NA,2,2,0,0,0,"",FALSE
"group_L2_319e5188","small_molecule","group",3,"UNK",NA,10,10,0,1,1,"STR:r1881_atraric_acid_aa",FALSE
"group_L2_31ddf5dd","disease_vs_normal","group",3,"UNK",NA,38,38,0,0,0,"",FALSE
"group_L2_32608948","disease_vs_normal","group",7,"UNK",NA,152,152,8,0,8,"MeSH:D009221|MeSH:D056587|STR:bpd|STR:kaschin_beck_disease_patient|STR:lupus",TRUE
"group_L2_327ce054","disease_vs_normal","group",2,"UNK",NA,5,5,1,0,1,"STR:ckd",FALSE
"group_L2_32900091","disease_vs_normal","group",3,"UNK",NA,7,7,1,0,1,"STR:non_small_cell_lung_cancer_cell_line",FALSE
"group_L2_32e617f3","disease_vs_normal","group",6,"UNK",NA,10,10,6,0,6,"STR:a549_lung_cancer_cell_line_ctrl_sirna_1_rep1|STR:a549_lung_cancer_cell_line_ctrl_sirna_1_rep2|STR:a549_lung_cancer_cell_line_ctrl_sirna_2_rep1|STR:a549_lung_cancer_cell_line_ctrl_sirna_2_rep2|STR:lung_cancer_cell_line",TRUE
"group_L2_32e94a07","disease_vs_normal","group",3,"UNK",NA,86,86,0,0,0,"",FALSE
"group_L2_33299757","small_molecule","group",5,"UNK",NA,71,71,0,3,3,"CHEBI:379896|STR:r1881_copa|STR:r1881_daro",TRUE
"group_L2_332fbd2a","small_molecule","group",2,"CHEBI:8378","prednisolone",10,10,0,0,0,"",FALSE
"group_L2_3332f447","disease_vs_normal","group",4,"UNK",NA,9,9,2,0,2,"STR:hepatocellular_carcinoma_cells|STR:human_hepatocellular_carcinoma",TRUE
"group_L2_3349e8e4","disease_vs_normal","group",2,"UNK",NA,29,29,0,0,0,"",FALSE
"group_L2_334af1e1","disease_vs_normal","group",2,"UNK",NA,19,19,1,0,1,"STR:low_grade_endometrial_stromal_sarcoma_lg_ess",FALSE
"group_L2_33adef3a","small_molecule","group",2,"UNK",NA,11,11,0,0,0,"",FALSE
"group_L2_343b6aee","disease_vs_normal","group",2,"UNK",NA,80,80,2,0,2,"STR:hfref|STR:nf",TRUE
"group_L2_34b65742","disease_vs_normal","group",5,"UNK",NA,23,23,3,0,3,"MeSH:D002289|MeSH:D008175|STR:nsclc",TRUE
"group_L2_34dca619","disease_vs_normal","group",2,"UNK",NA,17,17,1,0,1,"MeSH:D015464",FALSE
"group_L2_35366c52","disease_vs_normal","group",2,"UNK",NA,9,9,1,0,1,"STR:lesion",FALSE
"group_L2_35453f03","disease_vs_normal","group",3,"UNK",NA,76,76,2,0,2,"MeSH:D006519|STR:alcohol_related_cirrhosis",TRUE
"group_L2_3549ad4d","disease_vs_normal","group",6,"UNK",NA,20,20,4,0,4,"MeSH:D006528|STR:hepatocellular_carcinoma_patient|STR:recurrent|STR:surgical_specimens",TRUE
"group_L2_358bd1d5","small_molecule","group",2,"UNK",NA,3,3,0,2,2,"CHEBI:16830|STR:tetra_pt_bpy_treated",TRUE
"group_L2_35c1a93f","small_molecule","group",2,"CHEBI:379896","17β-hydroxy-17-methylestra-4,9,11-trien-3-one",3,3,0,2,2,"CHEBI:379896|STR:r1881_10nm_16h",TRUE
"group_L2_35da6c6f","disease_vs_normal","group",4,"UNK",NA,29,29,1,0,1,"STR:esophageal_squamous_cell_carcinoma",FALSE
"group_L2_366e1176","disease_vs_normal","group",5,"UNK",NA,17,17,1,0,1,"MeSH:D011471",FALSE
"group_L2_36fc5507","disease_vs_normal","group",2,"UNK",NA,4,4,1,0,1,"MeSH:D006528",FALSE
"group_L2_37d45842","disease_vs_normal","group",4,"UNK",NA,16,16,0,0,0,"",FALSE
"group_L2_381472fd","disease_vs_normal","group",2,"UNK",NA,4,4,1,0,1,"STR:liver_metastasizing_pancreatic_ductal_carcinoma",FALSE
"group_L2_385ad406","small_molecule","group",6,"UNK",NA,52,52,0,15,15,"CHEBI:177705|STR:1_um_pape|STR:10_nm_e2|STR:birinapant_ifng|STR:e2",TRUE
"group_L2_389094e4","small_molecule","group",2,"CHEBI:17126","carnitine",5,5,0,0,0,"",FALSE
"group_L2_389f500c","disease_vs_normal","group",6,"UNK",NA,10,10,3,0,3,"MeSH:D064726|STR:breast_cancer_cell_line|STR:mda_mb_468_breast_carcinoma_cell_line",TRUE
"group_L2_38ba08c5","small_molecule","group",2,"UNK",NA,6,6,0,2,2,"STR:e64fc65|STR:e64fc65_panobinostat",TRUE
"group_L2_38d38177","small_molecule","group",2,"UNK",NA,4,4,0,1,1,"STR:rv1_dko_cdk19_cells_treated_with_500_nm_snx631_for_72_hours",FALSE
"group_L2_38e0ed27","small_molecule","group",2,"CHEBI:88266","(7<i>Z</i>,10<i>Z</i>,13<i>Z</i>,16<i>Z</i>,19<i>Z</i>)-docosapentaenoyl-containing glycerolipid",3,3,0,3,3,"CHEBI:132268|CHEBI:61390|CHEBI:75045",TRUE
"group_L2_38f69933","small_molecule","group",3,"UNK",NA,42,42,0,10,10,"STR:30_800um_4su|STR:30_800um_4su_2h_742_12um|STR:30_800um_4su_8h_742_12um|STR:kb02|STR:kb05",TRUE
"group_L2_39042218","small_molecule","group",2,"CHEBI:91435","linifanib",3,3,0,1,1,"CHEBI:91435",FALSE
"group_L2_390e9ede","disease_vs_normal","group",2,"UNK",NA,7,7,1,0,1,"MeSH:D009062",FALSE
"group_L2_392c5fcd","pathogen_or_aggregate_exposure","group",2,"UNK",NA,6,6,0,0,0,"",FALSE
"group_L2_399de119","small_molecule","group",2,"UNK",NA,46,46,0,0,0,"",FALSE
"group_L2_39dc6cc3","disease_vs_normal","group",2,"UNK",NA,9,9,1,0,1,"STR:nasopharyngeal_carcinoma",FALSE
"group_L2_3a14f736","small_molecule","group",3,"UNK",NA,18,18,0,8,8,"STR:30_mg_kg_mcb_22_294_for_1d1h|STR:30_mg_kg_mcb_22_294_for_1d6h|STR:30_mg_kg_mcb_22_294_for_7d6h|STR:ars_1620_treat_for_24_hours|STR:ars_1620_treat_for_24_hours_with_m1_type_macrophage_conditional_medium",TRUE
"group_L2_3a5bfc36","disease_vs_normal","group",3,"UNK",NA,26,26,2,0,2,"STR:acute_aortic_dissection|STR:aortitis",TRUE
"group_L2_3b0f9cff","disease_vs_normal","group",4,"UNK",NA,11,11,3,0,3,"STR:adenocarcinoma|STR:epithelial_adenocarcinoma|STR:mda_mb_231_breast_cancer_cell_line",TRUE
"group_L2_3bb2eb4d","small_molecule","group",3,"UNK",NA,17,17,0,4,4,"CHEBI:28694|CHEBI:33348|CHEBI:33364|STR:nsi_treatment",TRUE
"group_L2_3bbc6832","disease_vs_normal","group",2,"UNK",NA,26,26,2,0,2,"STR:ctr|STR:tri12",TRUE
"group_L2_3be36de3","small_molecule","group",2,"CHEBI:61727","2-decenal",7,7,0,7,7,"CHEBI:145365|CHEBI:177536|CHEBI:231358|CHEBI:68534|CHEBI:6920",TRUE
"group_L2_3be5e9d8","disease_vs_normal","group",2,"UNK",NA,16,16,0,0,0,"",FALSE
"group_L2_3c565637","disease_vs_normal","group",2,"UNK",NA,1,1,0,0,0,"",FALSE
"group_L2_3c65d5ca","disease_vs_normal","group",12,"UNK",NA,311,311,12,0,12,"MeSH:D003922|STR:acute|STR:ards|STR:ards_bmt|STR:psc",TRUE
"group_L2_3c8adcd6","disease_vs_normal","group",2,"UNK",NA,6,6,2,0,2,"MeSH:D000077192|MeSH:D008175",TRUE
"group_L2_3ce34170","disease_vs_normal","group",2,"UNK",NA,3,3,0,0,0,"",FALSE
"group_L2_3ce60d57","small_molecule","group",3,"UNK",NA,16,16,0,0,0,"",FALSE
"group_L2_3d1eb388","small_molecule","group",2,"CHEBI:88246","2'-deoxytubercidin",5,5,0,0,0,"",FALSE
"group_L2_3d2f9559","small_molecule","group",2,"UNK",NA,3,3,0,2,2,"STR:blu6864_24h|STR:blu6864_6h",TRUE
"group_L2_3d4557fd","disease_vs_normal","group",2,"UNK",NA,12,12,1,0,1,"STR:osteosarcoma",FALSE
"group_L2_3d7b0d64","small_molecule","group",2,"UNK",NA,27,27,0,3,3,"STR:0_nm_dex|STR:hfn_bdc|STR:hfn_cur",TRUE
"group_L2_3d8b2250","small_molecule","group",2,"UNK",NA,5,5,0,0,0,"",FALSE
"group_L2_3d9a6573","disease_vs_normal","group",2,"UNK",NA,66,66,1,0,1,"STR:tnbc",FALSE
"group_L2_3dda9295","disease_vs_normal","group",2,"UNK",NA,8,8,1,0,1,"MeSH:D011471",FALSE
"group_L2_3e242a4b","small_molecule","group",3,"UNK",NA,6,6,0,4,4,"STR:asnase|STR:asnase_tfb_tboa|STR:h93_20microm|STR:tfb_tboa",TRUE
"group_L2_3e31c0b8","disease_vs_normal","group",4,"UNK",NA,25,25,2,0,2,"MeSH:D008180|STR:sle_patient",TRUE
"group_L2_3e9090d9","disease_vs_normal","group",4,"UNK",NA,7,7,1,0,1,"STR:colorectal_carcinoma_samples",FALSE
"group_L2_3e9be24c","pathogen_or_aggregate_exposure","group",2,"UNK",NA,59,59,0,0,0,"",FALSE
"group_L2_3e9c32ce","disease_vs_normal","group",2,"UNK",NA,221,221,0,0,0,"",FALSE
"group_L2_3ebb3964","disease_vs_normal","group",2,"UNK",NA,2,2,2,0,2,"MeSH:D002289|MeSH:D008175",TRUE
"group_L2_3ec4ccdc","small_molecule","group",2,"CHEBI:79605","3-allyloxyestra-1,3,5(10),7-tetraene-16,17-dione dioxime",25,25,0,0,0,"",FALSE
"group_L2_3ecc5c18","disease_vs_normal","group",3,"UNK",NA,5,5,2,0,2,"STR:gastric_cancer_cell|STR:human_gastric_cancer_cell_line",TRUE
"group_L2_3f36543c","small_molecule","group",2,"CHEBI:2549","albuterol",14,14,0,1,1,"CHEBI:2549",FALSE
"group_L2_3f50f67c","disease_vs_normal","group",3,"UNK",NA,6,6,2,0,2,"STR:colorectal_cancer_cell_line|STR:human_colorectal_cancer_cell_line",TRUE
"group_L2_3f6b63f6","small_molecule","group",16,"MeSH:D000090","Acetoacetates",16,16,0,0,0,"",FALSE
"group_L2_3f6d3839","disease_vs_normal","group",2,"UNK",NA,24,24,0,0,0,"",FALSE
"group_L2_3fa0a2a9","pathogen_or_aggregate_exposure","group",8,"UNK",NA,647,647,0,2,2,"STR:3_doses_of_1_8m_pfspz_sporozoites|STR:covid_positive",TRUE
"group_L2_3fd1b585","small_molecule","group",2,"CHEBI:85993","palbociclib",6,6,0,2,2,"CHEBI:85993|STR:palbocicilib_indisulam",TRUE
"group_L2_3ffb17e1","small_molecule","group",2,"CHEBI:27899","cisplatin",3,3,0,1,1,"CHEBI:27899",FALSE
"group_L2_40049e71","small_molecule","group",2,"UNK",NA,5,5,0,2,2,"STR:combination|STR:mrtx_849_treated_48_hrs",TRUE
"group_L2_401f273d","disease_vs_normal","group",2,"UNK",NA,4,4,1,0,1,"STR:carcinoma",FALSE
"group_L2_403a7f65","small_molecule","group",2,"UNK",NA,7,7,0,3,3,"STR:androgen_receptor_targeting_degrader|STR:autophagy_activating_ligand|STR:enzalutamide_saracatinib",TRUE
"group_L2_4093ca0c","small_molecule","group",2,"CHEBI:27974","estriol",14,14,0,3,3,"HGNC:IGF2BP1|HGNC:IGF2BP2|HGNC:IGF2BP3",TRUE
"group_L2_409f8880","disease_vs_normal","group",4,"UNK",NA,30,30,2,0,2,"MeSH:D009369|STR:pancreatic_ductal_adenocarcinoma",TRUE
"group_L2_40b9998e","disease_vs_normal","group",2,"MeSH:D009427","Netherlands Antilles",9,9,1,0,1,"STR:a549_atcc_non_small_cell_lung_cancer",FALSE
"group_L2_40c480cd","disease_vs_normal","group",3,"UNK",NA,146,146,1,0,1,"STR:non_diabetes",FALSE
"group_L2_410a04ed","small_molecule","group",8,"UNK",NA,60,60,0,10,10,"CHEBI:26523|STR:ato|STR:cells_were_treated_with_2_um_of_wa_for_16_hours|STR:compound_18|STR:flu",TRUE
"group_L2_41376f8b","disease_vs_normal","group",2,"MeSH:D003149","Community Dentistry",3,3,0,0,0,"",FALSE
"group_L2_41549808","small_molecule","group",2,"UNK",NA,15,15,0,6,6,"STR:bza|STR:e2|STR:e2bza|STR:gc10|STR:gc10bza",TRUE
"group_L2_421e5d5c","small_molecule","group",3,"CHEBI:27953","physostigmine",5,5,0,1,1,"CHEBI:3139",FALSE
"group_L2_43063d72","pathogen_or_aggregate_exposure","group",2,"UNK",NA,6,6,0,4,4,"STR:24_hours_post_oc43_infection|STR:24_hours_post_sars_cov_2_infection_plus_baricitinib|STR:24_hours_post_sars_cov_2_infection_plus_remdesivir|STR:t_cell_exposure",TRUE
"group_L2_432406ba","small_molecule","group",2,"STR:bevacizumab","bevacizumab",27,27,0,0,0,"",FALSE
"group_L2_43265c33","small_molecule","group",2,"MeSH:D000981","Antiprotozoal Agents",4,4,0,0,0,"",FALSE
"group_L2_4358eac0","disease_vs_normal","group",2,"UNK",NA,33,33,0,0,0,"",FALSE
"group_L2_4384be6d","disease_vs_normal","group",3,"UNK",NA,17,17,2,0,2,"MeSH:D008198|STR:castleman_disease",TRUE
"group_L2_43dddb7c","disease_vs_normal","group",4,"UNK",NA,76,76,4,0,4,"STR:dysplastic_cml|STR:ideopathic_pulmonary_disease|STR:proliferative_cml|STR:sle_with_ln",TRUE
"group_L2_43df4d14","small_molecule","group",2,"CHEBI:17139","6-<em>O</em>-sulfo-α-<small>D</small>-Glc-(1→6)-α-<small>D</small>-Glc-(1→6)-α-<small>D</small>-Glc-(1→3)-1-<em>O</em>-alkyl-2-<em>O</em>-acylglycerol",6,6,0,2,2,"STR:10_nm_dihydrotestosterone_dht_for_24_hours|STR:rna",TRUE
"group_L2_43ec3001","disease_vs_normal","group",2,"UNK",NA,10,10,1,0,1,"STR:pediatric_ependymoma",FALSE
"group_L2_43edf9b2","pathogen_or_aggregate_exposure","group",3,"STR:hepatitis b virus","Hepatitis B virus",48,48,0,3,3,"STR:cccr07|STR:cccr08|STR:tlr7_cm",TRUE
"group_L2_43f4a71e","small_molecule","group",2,"CHEBI:2668","amlodipine",9,9,0,2,2,"CHEBI:2668|STR:amlodipine_only",TRUE
"group_L2_43fc13c4","small_molecule","group",5,"UNK",NA,20,20,0,5,5,"CHEBI:231342|STR:azd6738_ir|STR:redact_co|STR:redact_tr|STR:tgfb_egf",TRUE
"group_L2_43fe3965","small_molecule","group",2,"CHEBI:5516","sodium aurothiomalate",2,2,0,2,2,"CHEBI:64310|CHEBI:66903",TRUE
"group_L2_4421d02b","disease_vs_normal","group",3,"UNK",NA,5,5,0,0,0,"",FALSE
"group_L2_44395e01","disease_vs_normal","group",2,"UNK",NA,20,20,1,0,1,"STR:adenomyosis",FALSE
"group_L2_44450418","disease_vs_normal","group",2,"UNK",NA,5,5,0,0,0,"",FALSE
"group_L2_451dcad7","small_molecule","group",2,"UNK",NA,3,3,0,1,1,"STR:castration_enzalutamide",FALSE
"group_L2_45a7660f","disease_vs_normal","group",3,"UNK",NA,5,5,2,0,2,"MeSH:D013274|STR:gastric_cancer_cell",TRUE
"group_L2_4605891d","small_molecule","group",2,"MeSH:D004076","Digoxigenin",77,77,0,0,0,"",FALSE
"group_L2_462ffe64","disease_vs_normal","group",2,"UNK",NA,2,2,2,0,2,"STR:breast_cancer_cells|STR:metastatic_carcinoma",TRUE
"group_L2_46483a64","disease_vs_normal","group",5,"UNK",NA,14,14,2,0,2,"STR:breast_cancer_cell_line|STR:breast_cancer_cells",TRUE
"group_L2_4651a1d6","pathogen_or_aggregate_exposure","group",2,"STR:human cytomegalovirus","Human cytomegalovirus",3,3,0,0,0,"",FALSE
"group_L2_4665a013","small_molecule","group",2,"CHEBI:50789","(3<i>S</i>)-3-hydroxy-<small>L</small>-asparagine",6,6,0,2,2,"STR:nutlin_3a|STR:rna",TRUE
"group_L2_466d0206","disease_vs_normal","group",2,"UNK",NA,5,5,1,0,1,"STR:mm",FALSE
"group_L2_46c3278c","disease_vs_normal","group",3,"UNK",NA,9,9,0,0,0,"",FALSE
"group_L2_471da76e","disease_vs_normal","group",3,"UNK",NA,25,25,8,0,8,"MeSH:D010361|STR:diffuse_ssc|STR:hgps_phenotype_1|STR:hgps_phenotype_2|STR:hgps_phenotype_3",TRUE
"group_L2_4776c520","disease_vs_normal","group",2,"UNK",NA,22,22,0,0,0,"",FALSE
"group_L2_47ec5afe","pathogen_or_aggregate_exposure","group",2,"UNK",NA,21,21,0,0,0,"",FALSE
"group_L2_47ffc929","disease_vs_normal","group",3,"UNK",NA,303,303,3,0,3,"MeSH:D003093|MeSH:D003424|STR:crohn_s_disease_cd_or_ulcerative_colitis_uc",TRUE
"group_L2_48009bc5","disease_vs_normal","group",9,"UNK",NA,207,207,7,0,7,"MeSH:D006863|MeSH:D008175|STR:fd|STR:idiopathic_pulmonary_fibrosis|STR:ipf",TRUE
"group_L2_482e00b3","disease_vs_normal","group",2,"UNK",NA,2,2,0,0,0,"",FALSE
"group_L2_485dfc90","small_molecule","group",4,"UNK",NA,7,7,0,2,2,"CHEBI:85994|STR:s217879",TRUE
"group_L2_486fef87","pathogen_or_aggregate_exposure","group",2,"STR:candida/bacterial","Candida/bacterial",19,19,0,0,0,"",FALSE
"group_L2_48734d75","disease_vs_normal","group",3,"UNK",NA,6,6,0,0,0,"",FALSE
"group_L2_48af3c96","disease_vs_normal","group",2,"UNK",NA,2,2,1,0,1,"STR:colon_cancer_organoids",FALSE
"group_L2_4927f10e","disease_vs_normal","group",4,"UNK",NA,10,10,4,0,4,"MeSH:D013964|STR:hbv_hcc|STR:thyroid_cancer_thc|STR:tumor_tissue",TRUE
"group_L2_49549252","disease_vs_normal","group",2,"UNK",NA,6,6,2,0,2,"MeSH:D010190|STR:stage_i",TRUE
"group_L2_497321ad","disease_vs_normal","group",2,"UNK",NA,3,3,1,0,1,"STR:jmml_other_mutated",FALSE
"group_L2_497f4026","small_molecule","group",5,"UNK",NA,23,23,0,7,7,"CHEBI:27777|CHEBI:75991|STR:10_ug_ml_drb|STR:25_ug_ml_drb|STR:meth",TRUE
"group_L2_49f8f670","disease_vs_normal","group",3,"UNK",NA,42,42,3,0,3,"MeSH:D029424|STR:asthma|STR:cf",TRUE
"group_L2_4ae2408b","disease_vs_normal","group",2,"UNK",NA,10,10,2,0,2,"STR:diabetic|STR:sjogren_s_syndrome",TRUE
"group_L2_4ae29547","disease_vs_normal","group",4,"UNK",NA,8,8,3,0,3,"MeSH:D001943|MeSH:D064726|STR:breast_cancer_cells",TRUE
"group_L2_4b048a20","small_molecule","group",2,"CHEBI:41879","dexamethasone",3,3,0,0,0,"",FALSE
"group_L2_4b1d6d1b","small_molecule","group",2,"UNK",NA,29,29,0,0,0,"",FALSE
"group_L2_4b3b0cfb","disease_vs_normal","group",2,"UNK",NA,5,5,1,0,1,"STR:prostate_cancer_organoid",FALSE
"group_L2_4bba5889","disease_vs_normal","group",2,"UNK",NA,2,2,0,0,0,"",FALSE
"group_L2_4c10be8c","small_molecule","group",2,"UNK",NA,10,10,0,3,3,"STR:nai_n3_treated|STR:pax_n3|STR:pax_n6",TRUE
"group_L2_4c35b4ff","disease_vs_normal","group",2,"UNK",NA,11,11,1,0,1,"STR:cancer_tissue",FALSE
"group_L2_4c66670a","disease_vs_normal","group",2,"UNK",NA,32,32,1,0,1,"STR:aml",FALSE
"group_L2_4cb21c04","pathogen_or_aggregate_exposure","group",2,"UNK",NA,43,43,0,0,0,"",FALSE
"group_L2_4cd3312e","small_molecule","group",2,"CHEBI:31638","fulvestrant",7,7,0,2,2,"CHEBI:31638|STR:fulvestrant_10nm",TRUE
"group_L2_4cee5df1","small_molecule","group",2,"MeSH:D000988","Antispermatogenic Agents",9,9,0,0,0,"",FALSE
"group_L2_4d25acd1","disease_vs_normal","group",2,"UNK",NA,2,2,1,0,1,"STR:bladder_cancer_tissue",FALSE
"group_L2_4d5081d2","disease_vs_normal","group",3,"UNK",NA,9,9,2,0,2,"MeSH:D001749|STR:urinary_bladder_carcinoma",TRUE
"group_L2_4d8b5c88","small_molecule","group",2,"UNK",NA,16,16,0,2,2,"STR:1mm_ffa|STR:treated_withpmb_for_24_hours",TRUE
"group_L2_4e1fb20e","disease_vs_normal","group",2,"UNK",NA,2,2,1,0,1,"STR:tnbc",FALSE
"group_L2_4e39d3c3","disease_vs_normal","group",2,"UNK",NA,4,4,2,0,2,"STR:breast_cancer_xenograft|STR:orthotopic_mouse_tumor_generated_from_mda_mb_231_cells",TRUE
"group_L2_4e61b770","disease_vs_normal","group",2,"UNK",NA,2,2,1,0,1,"STR:diabetic",FALSE
"group_L2_4ec78ffa","small_molecule","group",4,"UNK",NA,12,12,0,3,3,"STR:200_nm_ink128_for_2_hours|STR:dex_sh4_54|STR:gefitinib_1microm_thz531_200nm",TRUE
"group_L2_4ec92686","small_molecule","group",3,"UNK",NA,14,14,0,4,4,"CHEBI:39867|STR:100um_4su_fed_for_24h|STR:aso1|STR:vpa_aso1",TRUE
"group_L2_4f166719","disease_vs_normal","group",2,"UNK",NA,4,4,0,0,0,"",FALSE
"group_L2_4f1c6907","disease_vs_normal","group",2,"UNK",NA,25,25,1,0,1,"STR:ffpe_melanoma_tumor",FALSE
"group_L2_4f277370","disease_vs_normal","group",3,"UNK",NA,9,9,3,0,3,"MeSH:D015179|STR:cancer_carcinoma|STR:colorectal",TRUE
"group_L2_4fda4c72","disease_vs_normal","group",3,"UNK",NA,8,8,2,0,2,"STR:brm|STR:lung_cancer_cell_line",TRUE
"group_L2_4fe7b211","disease_vs_normal","group",2,"UNK",NA,32,32,1,0,1,"STR:pancreatic_ductal_adenocarcinoma",FALSE
"group_L2_503f2c29","small_molecule","group",3,"MeSH:D011384","Proinsulin",164,164,0,0,0,"",FALSE
"group_L2_504b6761","pathogen_or_aggregate_exposure","group",2,"UNK",NA,9,9,0,3,3,"STR:infected_with_shaan_virus_p3|STR:infected_with_shaan_virus_p43|STR:rvfv_infection",TRUE
"group_L2_508f7fe1","small_molecule","group",2,"UNK",NA,7,7,0,4,4,"STR:r1881_sigma_aldrich|STR:sgrm_cort108297_at_2_hours|STR:sgrm_cort108297_at_6_hours|STR:sgrm_cort108335_at_2_hours",TRUE
"group_L2_509d5ac6","disease_vs_normal","group",2,"UNK",NA,9,9,1,0,1,"MeSH:D015464",FALSE
"group_L2_50e59e5e","small_molecule","group",2,"UNK",NA,10,10,0,1,1,"STR:immunosuppressive_therapy",FALSE
"group_L2_50e7f8f8","disease_vs_normal","group",5,"UNK",NA,52,52,6,0,6,"MeSH:D003882|STR:ad|STR:convalescent|STR:cortical_tall|STR:immature_tall",TRUE
"group_L2_512d32da","disease_vs_normal","group",2,"UNK",NA,19,19,1,0,1,"MeSH:D001943",FALSE
"group_L2_51542490","small_molecule","group",2,"CHEBI:134216","muricholic acids",2,2,0,2,2,"CHEBI:135945|STR:5_um_abiraterone_acetate_and_30_nm_onvansertib",TRUE
"group_L2_51635438","small_molecule","group",2,"UNK",NA,8,8,0,2,2,"STR:fc|STR:kat6_inhibitor",TRUE
"group_L2_5285f514","disease_vs_normal","group",2,"UNK",NA,10,10,1,0,1,"STR:idiopathic_pulmonary_arterial_hypertension_ipah",FALSE
"group_L2_52947ed9","small_molecule","group",15,"UNK",NA,49,49,0,21,21,"STR:0_5um_i_bet151|STR:0_5um_molib|STR:10um_of_1_s|STR:10um_of_1_s_and_uv_a_irradiated_for_30_minutes_in_a_photoreactor_with_8_lzc_uva_bulbs|STR:10um_of_1_so",TRUE
"group_L2_52d34bc1","disease_vs_normal","group",8,"UNK",NA,48,48,5,0,5,"MeSH:D003876|MeSH:D012595|STR:ad|STR:cpuo|STR:psoriasis_skin_lesion",TRUE
"group_L2_52f8c5a3","disease_vs_normal","group",2,"UNK",NA,79,79,0,0,0,"",FALSE
"group_L2_532e88cb","pathogen_or_aggregate_exposure","group",2,"STR:tuberculosis","Tuberculosis",49,49,0,0,0,"",FALSE
"group_L2_53781822","disease_vs_normal","group",4,"UNK",NA,5,5,1,0,1,"STR:human_bladder_cancer_cell_line_j82",FALSE
"group_L2_5409b35e","small_molecule","group",2,"CHEBI:79663","4,4-Bis[4-(acetyloxy)phenyl]3-hexanone",2,2,0,0,0,"",FALSE
"group_L2_540e412a","small_molecule","group",5,"UNK",NA,16,16,0,8,8,"CHEBI:131184|HGNC:CYP1A1|HGNC:CYP1B1|STR:10_fbs|STR:5_aza_cdr_gsk_126",TRUE
"group_L2_54206ac4","small_molecule","group",2,"UNK",NA,6,6,0,2,2,"STR:ceffe|STR:ceffe_osteogenic_induction",TRUE
"group_L2_544120c8","small_molecule","group",3,"UNK",NA,7,7,0,3,3,"STR:benser|STR:gpna|STR:pladienolide_b_0_5_m_for_24_h",TRUE
"group_L2_545393cd","disease_vs_normal","group",2,"UNK",NA,21,21,2,0,2,"MeSH:D010051|STR:ovarian_clear_cell_carcinoma_with_concurrent_endometriosis",TRUE
"group_L2_545e7835","small_molecule","group",2,"CHEBI:134223","2-amino-6-(1-hydroxypropyl)-8-methylpteridine-4,7(3<em>H</em>,8<em>H</em>)-dione",3,3,0,2,2,"CHEBI:137113|STR:10_um_3_bromoascochlorin_bas",TRUE
"group_L2_549487d8","disease_vs_normal","group",2,"UNK",NA,2,2,0,0,0,"",FALSE
"group_L2_5498ca85","small_molecule","group",2,"MeSH:D003473","Neuromuscular Nondepolarizing Agents",2,2,0,0,0,"",FALSE
"group_L2_5503923e","small_molecule","group",2,"CHEBI:50787","<small>L</small>-<i>erythro</i>-3-methylmalic acid",3,3,0,1,1,"CHEBI:52172",FALSE
"group_L2_550de930","disease_vs_normal","group",2,"UNK",NA,16,16,3,0,3,"STR:endometriosis_related_infertility|STR:polycystic_ovary_syndrome|STR:tubal_factor_infertility",TRUE
"group_L2_5533093c","small_molecule","group",2,"UNK",NA,14,14,0,5,5,"CHEBI:17437|STR:1_um_compound_a_196|STR:10_um_compound_a_196|STR:10_um_compound_sgc2043|STR:5_um_compound_a_196",TRUE
"group_L2_5572c2bc","disease_vs_normal","group",2,"UNK",NA,7,7,1,0,1,"STR:bpoi",FALSE
"group_L2_55a81003","disease_vs_normal","group",3,"UNK",NA,18,18,2,0,2,"STR:jmml_other_mutated|STR:jmml_ptpn11mutated",TRUE
"group_L2_55b2fe9b","small_molecule","group",2,"CHEBI:134226","β-<small>D</small>-Man<em>p</em>NAc-(1→3)-α-<small>L</small>-Fuc<em>p</em>NAc-(1→3)-α-<small>D</small>-Gal<em>p</em>NAc-(1→4)-α-<small>D</small>-Gal<em>p</em>O[CH<small><sub>2</sub></small>]<small><sub>5</sub></small>NH<small><sub>2</sub></small>",9,9,0,7,7,"CHEBI:135810|CHEBI:145417|CHEBI:231355|CHEBI:232616|CHEBI:34992",TRUE
"group_L2_55bd2303","small_molecule","group",3,"UNK",NA,9,9,0,3,3,"STR:celastrol_2um|STR:htyr_treatment|STR:opwps_treatment",TRUE
"group_L2_55d24fd7","small_molecule","group",14,"UNK",NA,79,79,0,16,16,"CHEBI:68741|CHEBI:68747|HGNC:INTS11|HGNC:PPP1R10|HGNC:WDR82",TRUE
"group_L2_561de855","disease_vs_normal","group",2,"UNK",NA,4,4,0,0,0,"",FALSE
"group_L2_56870e54","disease_vs_normal","group",12,"UNK",NA,153,153,11,0,11,"MeSH:D014860|MeSH:D015535|MeSH:D017449|MeSH:D055623|STR:6wks_post_2nd_exposure_mild",TRUE
"group_L2_5687df9b","disease_vs_normal","group",6,"UNK",NA,11,11,4,0,4,"MeSH:D000077192|MeSH:D002289|MeSH:D008175|STR:lung_tumor",TRUE
"group_L2_5691579c","small_molecule","group",2,"UNK",NA,11,11,0,6,6,"CHEBI:220491|CHEBI:234079|STR:0_4_um_cddo_2p_im|STR:0_8_um_cddo_2p_im|STR:compound_2",TRUE
"group_L2_56fed3fb","disease_vs_normal","group",2,"UNK",NA,2,2,0,0,0,"",FALSE
"group_L2_57a6fabe","pathogen_or_aggregate_exposure","group",2,"UNK",NA,6,6,0,1,1,"STR:serum_free_medium_h3n2_moi_1",FALSE
"group_L2_57ed9772","disease_vs_normal","group",2,"UNK",NA,8,8,2,0,2,"MeSH:D010190|STR:pancreatic_ductal_adenocarcinoma",TRUE
"group_L2_5826a0bc","small_molecule","group",2,"CHEBI:50756","acridone",6,6,0,0,0,"",FALSE
"group_L2_58739949","disease_vs_normal","group",2,"UNK",NA,10,10,0,0,0,"",FALSE
"group_L2_58a9b30b","small_molecule","group",2,"UNK",NA,6,6,0,2,2,"STR:treated_with_myr_for_24_hours|STR:treated_with_nc_for_24_hours",TRUE
"group_L2_58ceb048","disease_vs_normal","group",4,"UNK",NA,28,28,1,0,1,"STR:crohn_s_disease_cd_or_ulcerative_colitis_uc",FALSE
"group_L2_590347c3","disease_vs_normal","group",2,"UNK",NA,22,22,7,0,7,"MeSH:D003882|STR:ad|STR:ftd|STR:mdd|STR:ms",TRUE
"group_L2_591e7860","pathogen_or_aggregate_exposure","group",4,"UNK",NA,99,99,0,0,0,"",FALSE
"group_L2_593e3187","disease_vs_normal","group",2,"UNK",NA,55,55,1,0,1,"STR:not_ibd",FALSE
"group_L2_596c0e81","pathogen_or_aggregate_exposure","group",3,"UNK",NA,103,103,0,0,0,"",FALSE
"group_L2_597a0581","disease_vs_normal","group",2,"UNK",NA,21,21,1,0,1,"STR:non_tumor",FALSE
"group_L2_5a33f538","cytokine_stim","group",2,"STR:interferon gamma","Interferon gamma",3,3,0,1,1,"STR:ifn_g",FALSE
"group_L2_5a87013d","small_molecule","group",4,"CHEBI:63637","vemurafenib",18,18,0,1,1,"CHEBI:63637",FALSE
"group_L2_5bbd0eb1","disease_vs_normal","group",5,"UNK",NA,125,125,5,0,5,"MeSH:D015464|MeSH:D015470|MeSH:D015473|STR:co_morbid_crohn_s_and_spondyloarthritis|STR:poor_risk_aml_patient",TRUE
"group_L2_5bc6421a","small_molecule","group",2,"UNK",NA,3,3,0,1,1,"STR:almonertinib",FALSE
"group_L2_5c1085bd","small_molecule","group",2,"UNK",NA,6,6,0,3,3,"STR:abbv_075|STR:abbv_744|STR:parental_cells_treated_with_gskj4",TRUE
"group_L2_5c110d9a","disease_vs_normal","group",2,"UNK",NA,23,23,0,0,0,"",FALSE
"group_L2_5c47ac2d","small_molecule","group",2,"UNK",NA,5,5,0,3,3,"STR:kj_pyr_9|STR:kj_pyr_9_dex|STR:mb3",TRUE
"group_L2_5c5943e9","disease_vs_normal","group",2,"MeSH:D001943","Breast Neoplasms",2,2,1,0,1,"STR:breast_cancer_cell_line_mda_mb_231",FALSE
"group_L2_5c677146","disease_vs_normal","group",3,"UNK",NA,30,30,3,0,3,"STR:conventional_eoe|STR:eoe_like|STR:esophageal_adenocarcinogenesis",TRUE
"group_L2_5c6d108c","pathogen_or_aggregate_exposure","group",3,"UNK",NA,13,13,0,5,5,"STR:infected_with_sars_cov2_p11|STR:infected_with_sars_cov2_stock|STR:infected_with_shaan_virus_for_24hours|STR:infected_with_shaan_virus_p3|STR:infected_with_shaan_virus_p43",TRUE
"group_L2_5c8b879b","disease_vs_normal","group",2,"UNK",NA,6,6,0,0,0,"",FALSE
"group_L2_5ca30616","disease_vs_normal","group",2,"UNK",NA,6,6,1,0,1,"STR:tumour",FALSE
"group_L2_5cd30527","disease_vs_normal","group",2,"UNK",NA,43,43,2,0,2,"STR:primary|STR:recurrent",TRUE
"group_L2_5cd7c92f","pathogen_or_aggregate_exposure","group",3,"STR:tuberculosis","Tuberculosis",88,88,0,0,0,"",FALSE
"group_L2_5cfbb061","pathogen_or_aggregate_exposure","group",2,"UNK",NA,13,13,0,3,3,"STR:stimulated_with_m_leprae_whole_cell_sonicate_antigen_10_g_ml|STR:v1|STR:v2",TRUE
"group_L2_5d53080d","small_molecule","group",2,"UNK",NA,334,334,0,0,0,"",FALSE
"group_L2_5dcd1691","pathogen_or_aggregate_exposure","group",2,"UNK",NA,7,7,0,0,0,"",FALSE
"group_L2_5e018de4","disease_vs_normal","group",2,"UNK",NA,2,2,2,0,2,"STR:atroblastomas|STR:hcc",TRUE
"group_L2_5ea327bb","disease_vs_normal","group",6,"UNK",NA,19,19,3,0,3,"STR:human_lung_adenocarcinoma_cell_line|STR:lung_cancer_cell|STR:non_small_cell_lung_cancer_cell_line",TRUE
"group_L2_5ebaa5f1","disease_vs_normal","group",4,"UNK",NA,8,8,2,0,2,"STR:breast_cancer_zr75_1_cells|STR:human_er_breast_cancer",TRUE
"group_L2_5edf016f","small_molecule","group",2,"CHEBI:30971","2<em>H</em>-azirine",12,12,0,1,1,"STR:treated_with_dox_for_24_hours",FALSE
"group_L2_5f09680b","disease_vs_normal","group",2,"UNK",NA,10,10,0,0,0,"",FALSE
"group_L2_5f116c4b","disease_vs_normal","group",4,"UNK",NA,41,41,3,0,3,"MeSH:D013274|STR:glioblastoma|STR:tumor_tissue",TRUE
"group_L2_5f197cfc","small_molecule","group",2,"UNK",NA,6,6,0,2,2,"CHEBI:34749|STR:mpc309",TRUE
"group_L2_5f3be771","disease_vs_normal","group",2,"UNK",NA,30,30,2,0,2,"MeSH:D055728|STR:et",TRUE
"group_L2_5f54e110","disease_vs_normal","group",3,"UNK",NA,13,13,1,0,1,"STR:adult_onset_still_s_disease_aosd",FALSE
"group_L2_5f666a83","disease_vs_normal","group",2,"UNK",NA,100,100,1,0,1,"STR:primary_ovarian_tumor_tissue",FALSE
"group_L2_5f78a9eb","disease_vs_normal","group",3,"UNK",NA,45,45,1,0,1,"STR:dcm",FALSE
"group_L2_60273bde","disease_vs_normal","group",2,"UNK",NA,3,3,2,0,2,"MeSH:D016889|STR:adenocarcinoma",TRUE
"group_L2_604dc6bb","disease_vs_normal","group",3,"UNK",NA,7,7,1,0,1,"STR:breast_cancer_mda_mb231",FALSE
"group_L2_60697bc3","disease_vs_normal","group",13,"UNK",NA,305,305,15,0,15,"MeSH:D008180|STR:af_recurrence|STR:affected|STR:b_cell_acute_lymphoblastic_leukemia|STR:case_tb",TRUE
"group_L2_6085c4f6","pathogen_or_aggregate_exposure","group",2,"UNK",NA,11,11,0,2,2,"STR:hlya_positive_e_coli_536|STR:infected",TRUE
"group_L2_609381e3","small_molecule","group",2,"CHEBI:5070","flavanone",7,7,0,0,0,"",FALSE
"group_L2_60a304d3","small_molecule","group",2,"CHEBI:31932","Olmesartan medoxomil",22,22,0,0,0,"",FALSE
"group_L2_61b20f97","small_molecule","group",3,"UNK",NA,5,5,0,1,1,"STR:3_um_a_485",FALSE
"group_L2_61b4a547","disease_vs_normal","group",2,"UNK",NA,32,32,1,0,1,"STR:idiopathic_pulmonary_fibrosis",FALSE
"group_L2_62072b70","small_molecule","group",2,"UNK",NA,25,25,0,1,1,"STR:folfirinox",FALSE
"group_L2_620fb095","disease_vs_normal","group",3,"UNK",NA,7,7,3,0,3,"STR:colon_carcinoma|STR:dukes_type_c|STR:in_vitro_cell_culture_colon_cancer_cell_line",TRUE
"group_L2_621251a5","disease_vs_normal","group",5,"UNK",NA,9,9,2,0,2,"MeSH:D008175|STR:non_small_cell_lung_adenocarcinoma",TRUE
"group_L2_6248af5c","small_molecule","group",2,"UNK",NA,19,19,0,3,3,"STR:cd20_tcb|STR:dp47_tcb|STR:rtcpc_treated",TRUE
"group_L2_6289925c","disease_vs_normal","group",2,"UNK",NA,10,10,1,0,1,"STR:aml",FALSE
"group_L2_630260d4","disease_vs_normal","group",2,"MeSH:D008281","Maine",4,4,0,0,0,"",FALSE
"group_L2_635ade37","small_molecule","group",2,"MeSH:D000981","Antiprotozoal Agents",6,6,0,1,1,"STR:rna",FALSE
"group_L2_6376c392","small_molecule","group",2,"CHEBI:50201","(<i>R</i>)-naringenin",2,2,0,1,1,"CHEBI:31638",FALSE
"group_L2_63a20e8f","small_molecule","group",2,"CHEBI:87197","dichlorophenyl dicarboximide fungicide",2,2,0,1,1,"CHEBI:39112",FALSE
"group_L2_63a21f43","small_molecule","group",3,"UNK",NA,7,7,0,4,4,"STR:bgj398_24h|STR:blu6864_24h|STR:blu6864_6h|STR:blu6864_bgj398_24h",TRUE
"group_L2_63c5c4cd","small_molecule","group",2,"STR:rituximab","rituximab",2,2,0,0,0,"",FALSE
"group_L2_6468dfe1","disease_vs_normal","group",5,"UNK",NA,46,46,2,0,2,"MeSH:D015464|STR:lowry_wood_syndrome",TRUE
"group_L2_658bfa31","small_molecule","group",2,"CHEBI:134210","(<i>R</i>)-laudanosine(1+)",4,4,0,4,4,"CHEBI:177833|STR:5_um_abiraterone_acetate|STR:5_um_abiraterone_acetate_and_30_nm_onvansertib|STR:auy922",TRUE
"group_L2_65a5f787","disease_vs_normal","group",26,"UNK",NA,594,594,13,0,13,"MeSH:D001172|STR:cf|STR:iris|STR:leprosy_progressor|STR:ltbi",TRUE
"group_L2_65f96491","pathogen_or_aggregate_exposure","group",2,"UNK",NA,34,34,0,2,2,"STR:d_7|STR:pertussis_antigenic_challenge",TRUE
"group_L2_66623462","small_molecule","group",2,"CHEBI:78105","dihexadecanoyl phosphatidic acid",2,2,0,0,0,"",FALSE
"group_L2_678eed74","disease_vs_normal","group",2,"UNK",NA,6,6,0,0,0,"",FALSE
"group_L2_67f15a84","disease_vs_normal","group",2,"UNK",NA,50,50,1,0,1,"STR:high_grade_serous_ovarian_cancer",FALSE
"group_L2_67ff9292","disease_vs_normal","group",2,"UNK",NA,12,12,0,0,0,"",FALSE
"group_L2_68130a3e","disease_vs_normal","group",2,"UNK",NA,6,6,0,0,0,"",FALSE
"group_L2_6850567a","small_molecule","group",2,"CHEBI:75599","EC 6.3.2.2 (glutamate—cysteine ligase) inhibitor",18,18,0,0,0,"",FALSE
"group_L2_686807bf","small_molecule","group",3,"UNK",NA,6,6,0,5,5,"STR:3_chemicals_repsox|STR:ciog_m7p_followed_by_treatment_phenamil_under_osteogenic_medium_per_3_days_further_7_days_from_7th_days|STR:ciog_m7p_of_pcl_film_1_followed_by_treatment_phenamil_under_osteogenic_medium_per_3_days_further_7_days_from_7th_days|STR:ciog_m7p_of_pcl_nf_2_followed_by_treatment_phenamil_under_osteogenic_medium_per_3_days_further_7_days_from_7th_days|STR:naac_3_days",TRUE
"group_L2_68a37e4e","disease_vs_normal","group",6,"UNK",NA,263,263,3,0,3,"STR:sepsis|STR:uc|STR:zcchc8",TRUE
"group_L2_68b6aff6","disease_vs_normal","group",2,"UNK",NA,17,17,2,0,2,"STR:adenocarcinoma|STR:non_small_cell_lung_cancer_nsclc",TRUE
"group_L2_68f00f6e","disease_vs_normal","group",9,"UNK",NA,416,416,8,0,8,"MeSH:D003922|MeSH:D009080|STR:dm1|STR:dm2|STR:ltbi",TRUE
"group_L2_690b0cf2","pathogen_or_aggregate_exposure","group",4,"UNK",NA,49,49,0,0,0,"",FALSE
"group_L2_697eb798","pathogen_or_aggregate_exposure","group",4,"UNK",NA,223,223,0,2,2,"STR:3_doses_of_1_8m_pfspz_sporozoites|STR:5_doses_of_270k_pfspz_sporozoites",TRUE
"group_L2_69959326","disease_vs_normal","group",2,"UNK",NA,3,3,1,0,1,"STR:relative_hc",FALSE
"group_L2_699e57d1","disease_vs_normal","group",6,"UNK",NA,1979,1979,36,0,36,"MeSH:D000789|MeSH:D001943|MeSH:D002292|MeSH:D004938|MeSH:D006258",TRUE
"group_L2_69aa76b2","disease_vs_normal","group",2,"UNK",NA,25,25,1,0,1,"STR:sezary_syndrome",FALSE
"group_L2_6a1f1ddc","small_molecule","group",2,"CHEBI:136020","ornipressin",2,2,0,0,0,"",FALSE
"group_L2_6a614d82","disease_vs_normal","group",2,"UNK",NA,20,20,2,0,2,"MeSH:D013274|STR:patient_data",TRUE
"group_L2_6ad232cd","disease_vs_normal","group",2,"MeSH:D003149","Community Dentistry",6,6,1,0,1,"STR:colorectal_cancer_cell_line",FALSE
"group_L2_6ae2b9a7","disease_vs_normal","group",2,"UNK",NA,86,86,0,0,0,"",FALSE
"group_L2_6b13d3d5","pathogen_or_aggregate_exposure","group",2,"UNK",NA,3,3,0,0,0,"",FALSE
"group_L2_6b5286c6","small_molecule","group",2,"CHEBI:77092","fenbendazole",3,3,0,1,1,"CHEBI:77092",FALSE
"group_L2_6bf7685a","small_molecule","group",2,"UNK",NA,2,2,0,1,1,"STR:gefitinib_selected",FALSE
"group_L2_6c28756d","small_molecule","group",2,"CHEBI:31638","fulvestrant",2,2,0,1,1,"STR:10_nm_fulvestrant_for_6_hours",FALSE
"group_L2_6c34e20c","disease_vs_normal","group",3,"UNK",NA,12,12,1,0,1,"STR:tumor_colon",FALSE
"group_L2_6c84a0cf","pathogen_or_aggregate_exposure","group",3,"STR:sars-cov-2","SARS-CoV-2",30,30,0,1,1,"STR:sars_cov_2_infection_at_moi_1_during_24_h",FALSE
"group_L2_6c99a2da","small_molecule","group",2,"CHEBI:31638","fulvestrant",7,7,0,2,2,"CHEBI:31638|STR:10_nm_fulvestrant_for_6_hours",TRUE
"group_L2_6d354266","disease_vs_normal","group",4,"UNK",NA,126,126,3,0,3,"STR:diabetic|STR:lesional|STR:ssc_patient",TRUE
"group_L2_6ddfdf9a","disease_vs_normal","group",2,"UNK",NA,2,2,2,0,2,"STR:atroblastomas|STR:hcc",TRUE
"group_L2_6de30229","disease_vs_normal","group",2,"UNK",NA,7,7,2,0,2,"MeSH:D000077192|STR:lung_adenocarcinoma_tissue",TRUE
"group_L2_6e1bc77f","small_molecule","group",3,"UNK",NA,13,13,0,3,3,"CHEBI:167830|STR:ici_174|STR:krasi",TRUE
"group_L2_6e5fef86","disease_vs_normal","group",2,"UNK",NA,5,5,0,0,0,"",FALSE
"group_L2_6eb7f4b1","disease_vs_normal","group",2,"UNK",NA,52,52,3,0,3,"STR:early_systemic_sclerosis|STR:limited_systemic_sclerosis|STR:non_cutaneous_systemic_sclerosis",TRUE
"group_L2_6ebbb16a","disease_vs_normal","group",2,"UNK",NA,12,12,2,0,2,"STR:crao_v|STR:symptomatic",TRUE
"group_L2_6f1688b1","disease_vs_normal","group",2,"UNK",NA,2,2,1,0,1,"STR:pro_b_mll_leukemia_cell_line_rs4_11",FALSE
"group_L2_6fd092c4","small_molecule","group",2,"CHEBI:17234","glucose",9,9,0,1,1,"CHEBI:4167",FALSE
"group_L2_6ff46683","disease_vs_normal","group",2,"UNK",NA,15,15,0,0,0,"",FALSE
"group_L2_70796f57","small_molecule","group",3,"UNK",NA,17,17,0,2,2,"STR:12_h|STR:p22077_20um",TRUE
"group_L2_7091851b","disease_vs_normal","group",11,"UNK",NA,195,195,5,0,5,"MeSH:D009369|MeSH:D013584|MeSH:D015179|STR:tumor_tissue_patient_1|STR:wilms_tumor",TRUE
"group_L2_710038d1","disease_vs_normal","group",2,"UNK",NA,33,33,2,0,2,"STR:rural|STR:urban",TRUE
"group_L2_714b8bb1","disease_vs_normal","group",2,"UNK",NA,38,38,0,0,0,"",FALSE
"group_L2_71741072","disease_vs_normal","group",2,"UNK",NA,9,9,1,0,1,"STR:human_sclc",FALSE
"group_L2_717e33b9","disease_vs_normal","group",2,"UNK",NA,35,35,3,0,3,"MeSH:D003424|STR:cd|STR:uc",TRUE
"group_L2_71fe5555","disease_vs_normal","group",2,"UNK",NA,19,19,2,0,2,"STR:rheumatoid_arthritis_early|STR:rheumatoid_arthritis_established",TRUE
"group_L2_7207198d","small_molecule","group",16,"UNK",NA,63,63,0,27,27,"CHEBI:15971|STR:0_m_cucl2|STR:2_5_m_ferroptocide_for_6_hr|STR:200_m_cucl2|STR:25mm_mannose_treatment",TRUE
"group_L2_7244c8de","small_molecule","group",3,"CHEBI:16579","anisole",37,37,0,2,2,"STR:10_nm_1|STR:1alpha",TRUE
"group_L2_7250faf9","disease_vs_normal","group",9,"UNK",NA,22,22,4,0,4,"MeSH:D011471|STR:human_prostate_cancer|STR:prostate_cancer_cells|STR:prostate_tumor",TRUE
"group_L2_72abf60a","disease_vs_normal","group",4,"MeSH:D011273","Pregnancy, Prolonged",45,45,3,0,3,"MeSH:D011471|STR:prostate_cancer_cell_lncap|STR:prostate_cancer_cells",TRUE
"group_L2_732dc58e","disease_vs_normal","group",6,"UNK",NA,27,27,1,0,1,"STR:prostate_carcinoma",FALSE
"group_L2_734bd5d9","disease_vs_normal","group",3,"UNK",NA,14,14,2,0,2,"STR:bronchopulmonary_dysplasia_bpd|STR:neonatal_onset_multisystem_inflammatory_disease_nomid",TRUE
"group_L2_735dfeb0","small_molecule","group",2,"UNK",NA,6,6,0,2,2,"STR:combination|STR:tazemetostat_ipatasertib",TRUE
"group_L2_739c53fa","disease_vs_normal","group",2,"UNK",NA,8,8,1,0,1,"STR:stable_coronary_heart_disease",FALSE
"group_L2_743e2e04","small_molecule","group",4,"UNK",NA,15,15,0,6,6,"STR:cxcl4_orn8l|STR:gnf351_preteated_is_trained_immunity|STR:hkca_ceranib|STR:hkca_hcq|STR:hkca_rapamycin",TRUE
"group_L2_748d7cac","small_molecule","group",2,"UNK",NA,3,3,0,1,1,"STR:anti_pd_l1_and_tgf_beta_bifunctional_fusion_protein",FALSE
"group_L2_74b9387e","disease_vs_normal","group",3,"UNK",NA,3,3,0,0,0,"",FALSE
"group_L2_74c4a85f","small_molecule","group",2,"UNK",NA,4,4,0,1,1,"HGNC:LOX",FALSE
"group_L2_753cee20","disease_vs_normal","group",2,"UNK",NA,19,19,1,0,1,"STR:cteph",FALSE
"group_L2_756f2b09","small_molecule","group",2,"UNK",NA,11,11,0,3,3,"CHEBI:63451|STR:cm_1758|STR:thz1_bgj398",TRUE
"group_L2_760db729","small_molecule","group",3,"UNK",NA,45,45,0,28,28,"CHEBI:167658|CHEBI:230508|CHEBI:231357|CHEBI:50915|CHEBI:63448",TRUE
"group_L2_76571cfc","disease_vs_normal","group",3,"UNK",NA,89,89,1,0,1,"STR:severe_preeclampsia",FALSE
"group_L2_76e03361","disease_vs_normal","group",2,"UNK",NA,5,5,1,0,1,"STR:rc43t",FALSE
"group_L2_76e193ad","disease_vs_normal","group",2,"UNK",NA,11,11,0,0,0,"",FALSE
"group_L2_76fe032b","disease_vs_normal","group",2,"UNK",NA,23,23,0,0,0,"",FALSE
"group_L2_778bb451","disease_vs_normal","group",2,"UNK",NA,40,40,0,0,0,"",FALSE
"group_L2_7817fc4e","disease_vs_normal","group",3,"UNK",NA,22,22,0,0,0,"",FALSE
"group_L2_785c0297","disease_vs_normal","group",2,"UNK",NA,4,4,1,0,1,"STR:pancreatic_ductal_adenocarcinoma",FALSE
"group_L2_78a1b9e0","small_molecule","group",2,"UNK",NA,34,34,0,1,1,"STR:dox",FALSE
"group_L2_78a27012","disease_vs_normal","group",2,"UNK",NA,33,33,1,0,1,"STR:medulloblastoma",FALSE
"group_L2_78d7237f","disease_vs_normal","group",3,"UNK",NA,8,8,2,0,2,"STR:human_triple_negative_breast_cancer_cells|STR:invasive_breast_carcinoma",TRUE
"group_L2_78e54515","disease_vs_normal","group",2,"UNK",NA,4,4,1,0,1,"MeSH:D000077192",FALSE
"group_L2_78eb488a","small_molecule","group",2,"CHEBI:75928","(<i>S</i>)-2-hydroxyhexadecanoate",5,5,0,2,2,"CHEBI:64310|CHEBI:78543",TRUE
"group_L2_794a5609","small_molecule","group",6,"UNK",NA,22,22,0,4,4,"CHEBI:73907|STR:gii|STR:mst1_2_inhibitor|STR:sr2211",TRUE
"group_L2_79a373b8","small_molecule","group",2,"CHEBI:45783","imatinib",28,28,0,0,0,"",FALSE
"group_L2_79cd01aa","disease_vs_normal","group",2,"UNK",NA,5,5,2,0,2,"MeSH:D006528|STR:hepatocellular_carcinoma_tissue",TRUE
"group_L2_79f8f800","disease_vs_normal","group",2,"UNK",NA,5,5,0,0,0,"",FALSE
"group_L2_7a9237a6","disease_vs_normal","group",5,"UNK",NA,74,74,4,0,4,"STR:glioblastoma|STR:glioblastoma_primary_tumor|STR:glioblastoma_recurrent_tumor|STR:glioblastoma_second_recurrent_tumor",TRUE
"group_L2_7a9568a8","disease_vs_normal","group",2,"UNK",NA,4,4,2,0,2,"STR:disease|STR:gastric_cancer_tissue",TRUE
"group_L2_7a97ab4e","disease_vs_normal","group",2,"UNK",NA,16,16,1,0,1,"STR:human_head_and_neck_squamous_cell_carcinoma",FALSE
"group_L2_7aa8e3bb","disease_vs_normal","group",2,"UNK",NA,119,119,1,0,1,"MeSH:D015470",FALSE
"group_L2_7ab7b004","disease_vs_normal","group",2,"UNK",NA,8,8,2,0,2,"STR:doxycycline|STR:no_doxycycline",TRUE
"group_L2_7adbe814","disease_vs_normal","group",5,"UNK",NA,16,16,2,0,2,"STR:breast_cancer_cells|STR:human_breast_carcinoma",TRUE
"group_L2_7afc9ab8","small_molecule","group",3,"UNK",NA,16,16,0,4,4,"STR:cea_tcb|STR:dp47_tcb|STR:treated_for_16h_with_200_m_cocl2|STR:vegf",TRUE
"group_L2_7ba46773","disease_vs_normal","group",2,"UNK",NA,18,18,0,0,0,"",FALSE
"group_L2_7bb25170","disease_vs_normal","group",2,"UNK",NA,23,23,1,0,1,"STR:caucasian_women",FALSE
"group_L2_7be44907","small_molecule","group",2,"CHEBI:42068","idarubicin",18,18,0,0,0,"",FALSE
"group_L2_7beb603d","disease_vs_normal","group",2,"UNK",NA,10,10,3,0,3,"STR:adenocarcinoma|STR:invasive_grade_3_adenocarcinoma|STR:metastatic_adenocarcinoma_consistent_with_cholangiocarcinoma",TRUE
"group_L2_7bec325e","pathogen_or_aggregate_exposure","group",2,"STR:tuberculosis","Tuberculosis",72,72,0,0,0,"",FALSE
"group_L2_7bff18b5","small_molecule","group",3,"UNK",NA,20,20,0,5,5,"STR:4oht_0h|STR:4oht_24h|STR:4oht_48h|STR:4oht_8h|STR:cells_were_treated_with_2_um_of_wa_for_16_hours",TRUE
"group_L2_7c46d538","pathogen_or_aggregate_exposure","group",2,"UNK",NA,33,33,0,0,0,"",FALSE
"group_L2_7c53a21a","small_molecule","group",2,"UNK",NA,7,7,0,2,2,"STR:dht_abbv_075|STR:dht_abbv_744",TRUE
"group_L2_7c690898","disease_vs_normal","group",11,"UNK",NA,124,124,7,0,7,"MeSH:D001943|MeSH:D006528|MeSH:D009369|STR:esophageal_and_gastroesophageal_junction_adenocarcinoma|STR:hcc",TRUE
"group_L2_7dfd7dd6","disease_vs_normal","group",2,"UNK",NA,4,4,1,0,1,"STR:formalin_fixed_paraffin_embedded_ffpe_tumor_tissue_block_from_human_nf2_patient",FALSE
"group_L2_7e420cd3","disease_vs_normal","group",2,"UNK",NA,4,4,1,0,1,"STR:rars_t",FALSE
"group_L2_7eb3c9a6","small_molecule","group",2,"UNK",NA,2,2,0,2,2,"STR:cpg_c|STR:imq",TRUE
"group_L2_7eea13e0","small_molecule","group",2,"CHEBI:134207","methylcytosine",3,3,0,3,3,"CHEBI:145365|CHEBI:91418|STR:pik_75",TRUE
"group_L2_7f5f2bff","pathogen_or_aggregate_exposure","group",2,"STR:candidemia","Candidemia",61,61,0,0,0,"",FALSE
"group_L2_7f6acc8d","small_molecule","group",7,"UNK",NA,24,24,0,7,7,"CHEBI:9505|STR:300_microm_naa_treatment_for_3_days|STR:mycaso_3|STR:rna|STR:serum_20nm_queuine",TRUE
"group_L2_7fc1e62a","disease_vs_normal","group",2,"UNK",NA,6,6,2,0,2,"MeSH:D001254|STR:glioblastoma",TRUE
"group_L2_7fcab0a6","small_molecule","group",3,"UNK",NA,87,87,0,0,0,"",FALSE
"group_L2_7fe32352","small_molecule","group",2,"CHEBI:75597","dT<small><sub>8</sub></small>",3,3,0,1,1,"CHEBI:68647",FALSE
"group_L2_7ffa20cb","small_molecule","group",2,"CHEBI:35285","iminium betaine",2,2,0,1,1,"STR:5_aza_cdr",FALSE
"group_L2_801b136d","small_molecule","group",3,"UNK",NA,25,25,0,5,5,"STR:100ng_peptide|STR:10ng_peptide|STR:1ng_peptide|STR:pab_polyopes_affinis_extract_ifn_and_tnf|STR:treated_with_nps_for_24_hours",TRUE
"group_L2_8058dd40","disease_vs_normal","group",3,"UNK",NA,22,22,3,0,3,"STR:hbv_hcc|STR:nf|STR:tumor_tissue",TRUE
"group_L2_80a60569","pathogen_or_aggregate_exposure","group",5,"UNK",NA,30,30,0,3,3,"STR:infected_sars_cov_2|STR:sars_cov_2|STR:sars_cov_2_infection",TRUE
"group_L2_80f1564e","disease_vs_normal","group",2,"UNK",NA,6,6,2,0,2,"MeSH:D004833|STR:multiple_endocrine_neoplasia_type_1_men1",TRUE
"group_L2_80f83302","disease_vs_normal","group",2,"UNK",NA,4,4,2,0,2,"STR:asthmatic_patients|STR:sle_without_ln",TRUE
"group_L2_8128d1ed","disease_vs_normal","group",2,"UNK",NA,5,5,1,0,1,"STR:ovarian_cancer_cell",FALSE
"group_L2_814dd4dd","disease_vs_normal","group",4,"UNK",NA,14,14,2,0,2,"STR:adenocarcinoma_nsclc|STR:human_lung_cancer_cell_line_nci_h1975_and_rna_sequins_mix_a",TRUE
"group_L2_816c68e2","disease_vs_normal","group",2,"UNK",NA,4,4,2,0,2,"MeSH:D010051|STR:ev_skov3",TRUE
"group_L2_81a8f17a","small_molecule","group",2,"CHEBI:50924","sorafenib",3,3,0,0,0,"",FALSE
"group_L2_81f3d63c","small_molecule","group",2,"UNK",NA,7,7,0,3,3,"CHEBI:95071|STR:gsk2830371_10um_for_1_hour|STR:gsk2830371_10um_for_5_hours",TRUE
"group_L2_82e5004f","small_molecule","group",4,"UNK",NA,16,16,0,5,5,"CHEBI:31263|STR:a_btla|STR:il_1_beta_st2825|STR:ntd|STR:st2825",TRUE
"group_L2_82e71b4e","small_molecule","group",2,"CHEBI:50756","acridone",7,7,0,3,3,"CHEBI:49603|CHEBI:49668|CHEBI:50924",TRUE
"group_L2_831a775f","disease_vs_normal","group",2,"UNK",NA,34,34,2,0,2,"STR:bhd|STR:kidney",TRUE
"group_L2_836060b0","small_molecule","group",2,"CHEBI:15647","leukotriene B<small><sub>4</sub></small>",7,7,0,1,1,"CHEBI:15647",FALSE
"group_L2_838ca38a","pathogen_or_aggregate_exposure","group",2,"UNK",NA,23,23,0,1,1,"STR:mycobacterium_tuberculosis",FALSE
"group_L2_83a915d0","small_molecule","group",4,"UNK",NA,10,10,0,5,5,"CHEBI:27638|STR:10um_eupalinolide_b|STR:8_m_cmr_for_48_h|STR:e64fc65|STR:e64fc65_panobinostat",TRUE
"group_L2_83f40cfc","small_molecule","group",3,"UNK",NA,4,4,0,2,2,"STR:st101|STR:trf_5003b",TRUE
"group_L2_84c9d7b9","disease_vs_normal","group",3,"UNK",NA,12,12,2,0,2,"STR:aml|STR:severe_atherosclerosis",TRUE
"group_L2_84ff089d","disease_vs_normal","group",6,"UNK",NA,204,204,1,0,1,"STR:herpes_zoster_resolved_1y",FALSE
"group_L2_8523b247","disease_vs_normal","group",3,"UNK",NA,96,96,6,0,6,"MeSH:D013274|STR:diffuse|STR:intestinal|STR:intestinal_type|STR:mixed",TRUE
"group_L2_8525dd91","pathogen_or_aggregate_exposure","group",2,"STR:tuberculosis","Tuberculosis",20,20,0,0,0,"",FALSE
"group_L2_855bf807","pathogen_or_aggregate_exposure","group",3,"STR:hepatitis b virus","Hepatitis B virus",8,8,0,0,0,"",FALSE
"group_L2_85a46540","small_molecule","group",2,"CHEBI:16579","anisole",3,3,0,1,1,"STR:1alpha",FALSE
"group_L2_85ec17bc","small_molecule","group",2,"UNK",NA,3,3,0,1,1,"STR:fc",FALSE
"group_L2_85ffbbaa","disease_vs_normal","group",2,"UNK",NA,75,75,0,0,0,"",FALSE
"group_L2_86113beb","small_molecule","group",2,"UNK",NA,12,12,0,1,1,"STR:nsc",FALSE
"group_L2_861855de","small_molecule","group",2,"UNK",NA,16,16,0,2,2,"STR:aromatase_inhibitor_treatment|STR:dox_and_dtx_based_treatment",TRUE
"group_L2_8625c645","disease_vs_normal","group",9,"UNK",NA,30,30,5,0,5,"STR:epithelial_colon_cancer_cell_lines|STR:human_colon_adenocarcinoma|STR:human_colon_cancer_cells_sw480|STR:in_vitro_cell_culture_colon_cancer_cell_line|STR:rna_samples_extracted_from_colon_cancer_cells_grown_on_soft_vs_rigid_substrates",TRUE
"group_L2_862df438","disease_vs_normal","group",4,"UNK",NA,26,26,2,0,2,"STR:brca|STR:estrogen_receptor_positive_er_breast_cancer",TRUE
"group_L2_86585d3a","disease_vs_normal","group",2,"UNK",NA,5,5,2,0,2,"STR:ccrcc|STR:renal_cell_carcinoma_cell_line",TRUE
"group_L2_87175b45","disease_vs_normal","group",2,"UNK",NA,24,24,3,0,3,"MeSH:D002311|STR:idiopathic_dilated_cardiomyopathy_dcm|STR:ischemic_cardiomyopathy",TRUE
"group_L2_87287769","disease_vs_normal","group",2,"UNK",NA,4,4,1,0,1,"STR:ovarian_cancer_cells",FALSE
"group_L2_873e3d2c","small_molecule","group",2,"CHEBI:46345","5-fluorouracil",4,4,0,3,3,"STR:nct|STR:treatment_of_5_fu_for_14_days|STR:treatment_of_5_fu_for_5_days",TRUE
"group_L2_8766e6a1","disease_vs_normal","group",2,"UNK",NA,8,8,0,0,0,"",FALSE
"group_L2_8794085a","small_molecule","group",2,"UNK",NA,4,4,0,2,2,"STR:pnk|STR:t4pnk",TRUE
"group_L2_879babb1","disease_vs_normal","group",2,"UNK",NA,3,3,1,0,1,"STR:cancer_glioblastoma",FALSE
"group_L2_879f317a","disease_vs_normal","group",2,"MeSH:D009719","Nurse Anesthetists",5,5,0,0,0,"",FALSE
"group_L2_87a0086f","small_molecule","group",7,"UNK",NA,13,13,0,3,3,"CHEBI:16480|STR:1mg_ml|STR:k7174",TRUE
"group_L2_87b70d39","disease_vs_normal","group",3,"UNK",NA,9,9,0,0,0,"",FALSE
"group_L2_87c31fae","pathogen_or_aggregate_exposure","group",2,"UNK",NA,7,7,0,0,0,"",FALSE
"group_L2_87cd1b62","disease_vs_normal","group",4,"UNK",NA,20,20,3,0,3,"STR:eosinophilic_asthma|STR:high_ige|STR:low_ige",TRUE
"group_L2_87fbf6df","small_molecule","group",2,"CHEBI:50284","lavandulyl diphosphate",2,2,0,0,0,"",FALSE
"group_L2_884ad649","disease_vs_normal","group",2,"UNK",NA,15,15,0,0,0,"",FALSE
"group_L2_884f8687","pathogen_or_aggregate_exposure","group",2,"UNK",NA,10,10,0,2,2,"STR:stimulated_with_m_leprae_whole_cell_sonicate_antigen_10_g_ml|STR:v2",TRUE
"group_L2_885da244","disease_vs_normal","group",3,"UNK",NA,7,7,2,0,2,"STR:human_lung_adenocarcinoma_cell|STR:human_lung_cancer_cell_line_hcc827",TRUE
"group_L2_88d9f32c","small_molecule","group",2,"UNK",NA,15,15,0,1,1,"STR:tnflt_treatment",FALSE
"group_L2_88f119ed","disease_vs_normal","group",2,"UNK",NA,6,6,2,0,2,"STR:breast_cancer_cells|STR:triple_negative",TRUE
"group_L2_8927e629","disease_vs_normal","group",2,"UNK",NA,13,13,0,0,0,"",FALSE
"group_L2_896970d2","small_molecule","group",2,"CHEBI:30971","2<em>H</em>-azirine",19,19,0,1,1,"CHEBI:41879",FALSE
"group_L2_899c3e67","pathogen_or_aggregate_exposure","group",5,"UNK",NA,36,36,0,0,0,"",FALSE
"group_L2_89af577a","disease_vs_normal","group",3,"UNK",NA,16,16,2,0,2,"MeSH:D011471|STR:pc_3_prostate_cancer_cell_line",TRUE
"group_L2_89d4e229","small_molecule","group",2,"CHEBI:4670","dobutamine",10,10,0,0,0,"",FALSE
"group_L2_8a039304","disease_vs_normal","group",3,"UNK",NA,5,5,1,0,1,"STR:breast_cancer_cell_line",FALSE
"group_L2_8a7739d2","disease_vs_normal","group",2,"UNK",NA,3,3,1,0,1,"MeSH:D008545",FALSE
"group_L2_8a82666b","disease_vs_normal","group",2,"UNK",NA,2,2,1,0,1,"STR:hcc",FALSE
"group_L2_8a86e47f","disease_vs_normal","group",2,"UNK",NA,6,6,1,0,1,"STR:lung_cancer_cell_line",FALSE
"group_L2_8ae06a11","small_molecule","group",2,"UNK",NA,10,10,0,4,4,"STR:24_h_with_gsk_j4_6_2_mm|STR:24_h_with_jib_04_1mm|STR:24_h_with_sd_70_2_2_mm|STR:cinobufagin_for_24_h",TRUE
"group_L2_8ae2515d","small_molecule","group",2,"UNK",NA,100,100,0,4,4,"STR:for|STR:for_bud|STR:il_6|STR:sal_flu",TRUE
"group_L2_8ae40b0e","small_molecule","group",7,"UNK",NA,26,26,0,9,9,"CHEBI:39185|STR:1mm_4_thiouridine_for_8_min|STR:dapt_gsi|STR:e2_treated|STR:fc",TRUE
"group_L2_8b609bb8","disease_vs_normal","group",2,"UNK",NA,3,3,1,0,1,"STR:breast_cancer_cells",FALSE
"group_L2_8bcedbe7","disease_vs_normal","group",2,"UNK",NA,9,9,2,0,2,"MeSH:D013167|STR:hcc",TRUE
"group_L2_8c0ae26e","disease_vs_normal","group",2,"UNK",NA,50,50,1,0,1,"STR:hc",FALSE
"group_L2_8c0d958c","disease_vs_normal","group",3,"UNK",NA,22,22,1,0,1,"STR:hcc",FALSE
"group_L2_8cbfec33","small_molecule","group",2,"UNK",NA,3,3,0,2,2,"STR:flash_rt_hypoxia|STR:mrs1220",TRUE
"group_L2_8cca8006","small_molecule","group",2,"CHEBI:231601","trastuzumab",23,23,0,0,0,"",FALSE
"group_L2_8cd72513","small_molecule","group",2,"CHEBI:31638","fulvestrant",2,2,0,1,1,"STR:100nm_fulvestrant",FALSE
"group_L2_8d5082a4","disease_vs_normal","group",2,"UNK",NA,8,8,0,0,0,"",FALSE
"group_L2_8d61c47a","disease_vs_normal","group",2,"UNK",NA,62,62,1,0,1,"STR:human_colorectal_cancer_tissue",FALSE
"group_L2_8debe8e6","disease_vs_normal","group",2,"UNK",NA,63,63,1,0,1,"MeSH:D008113",FALSE
"group_L2_8dfd97c7","disease_vs_normal","group",2,"UNK",NA,12,12,1,0,1,"MeSH:D000077192",FALSE
"group_L2_8e4901c3","disease_vs_normal","group",4,"UNK",NA,65,65,9,0,9,"MeSH:D000077192|MeSH:D019904|STR:ac|STR:ais|STR:invasive",TRUE
"group_L2_8eb5164b","disease_vs_normal","group",3,"UNK",NA,41,41,1,0,1,"STR:osteosarcoma_cancer",FALSE
"group_L2_8ec8cb90","small_molecule","group",2,"UNK",NA,2,2,0,1,1,"STR:cfasn",FALSE
"group_L2_8ee45125","small_molecule","group",2,"UNK",NA,12,12,0,1,1,"STR:pza",FALSE
"group_L2_8ef3ed7b","disease_vs_normal","group",3,"UNK",NA,5,5,1,0,1,"MeSH:D002292",FALSE
"group_L2_8f204a54","disease_vs_normal","group",3,"MeSH:D008556","Melkersson-Rosenthal Syndrome",13,13,0,0,0,"",FALSE
"group_L2_8fa94967","small_molecule","group",4,"UNK",NA,15,15,0,5,5,"CHEBI:132082|CHEBI:16171|STR:2_dg_hypoxia|STR:a485|STR:aso",TRUE
"group_L2_8facadfd","disease_vs_normal","group",4,"UNK",NA,179,179,1,0,1,"MeSH:D016773",FALSE
"group_L2_8fd151ef","disease_vs_normal","group",4,"UNK",NA,26,26,4,0,4,"STR:ain|STR:atn|STR:kidney_tumor_tissue_biopsy|STR:non_covid_19_ati_kidneys",TRUE
"group_L2_8fe043c2","disease_vs_normal","group",2,"UNK",NA,16,16,2,0,2,"STR:nontumor|STR:paracancerous_liver",TRUE
"group_L2_901846f0","small_molecule","group",2,"CHEBI:67271","MK-2206",2,2,0,1,1,"CHEBI:67271",FALSE
"group_L2_902a3256","disease_vs_normal","group",2,"UNK",NA,5,5,2,0,2,"MeSH:D000077192|STR:vehicle_treated",TRUE
"group_L2_9075a1db","small_molecule","group",2,"CHEBI:16635","Met-tRNA<small><sup>Met</small></sup>",7,7,0,2,2,"STR:24_hours_after_rhtgf_treatment|STR:tgf_beta1",TRUE
"group_L2_90bb73d7","disease_vs_normal","group",5,"UNK",NA,68,68,3,0,3,"MeSH:D001943|STR:breast_cancer_with_diabetes|STR:er_pr",TRUE
"group_L2_90f93ac7","small_molecule","group",2,"CHEBI:379896","17β-hydroxy-17-methylestra-4,9,11-trien-3-one",6,6,0,1,1,"STR:1nm_r1881",FALSE
"group_L2_90fae953","small_molecule","group",2,"CHEBI:4031","cyclosporin A",10,10,0,0,0,"",FALSE
"group_L2_91655fb9","disease_vs_normal","group",2,"UNK",NA,5,5,1,0,1,"STR:polycystic_ovary_syndrome",FALSE
"group_L2_916a172c","small_molecule","group",2,"UNK",NA,4,4,0,1,1,"STR:androgen_receptor_targeting_degrader",FALSE
"group_L2_91d35dd4","disease_vs_normal","group",7,"UNK",NA,87,87,4,0,4,"STR:multi_vessel_coronary_artery_disease|STR:patients_with_osteoporosis_diagnosed|STR:schizophrenia|STR:t2d_case",TRUE
"group_L2_91f72c7e","small_molecule","group",3,"UNK",NA,10,10,0,4,4,"STR:6_thio_dg|STR:hmgl_treated_24h|STR:otx015_72h|STR:sel201_72h",TRUE
"group_L2_92a245af","disease_vs_normal","group",2,"UNK",NA,19,19,1,0,1,"STR:dukes_type_c",FALSE
"group_L2_92b050a2","pathogen_or_aggregate_exposure","group",2,"UNK",NA,719,719,0,2,2,"STR:ad35_cs_rtss_rtss|STR:rtss_rtss_rtss",TRUE
"group_L2_92f2b761","small_molecule","group",2,"CHEBI:49960","vandetanib",2,2,0,1,1,"CHEBI:49960",FALSE
"group_L2_9304ede5","disease_vs_normal","group",4,"UNK",NA,594,594,2,0,2,"STR:cd|STR:icd",TRUE
"group_L2_9323b37c","disease_vs_normal","group",2,"UNK",NA,2,2,0,0,0,"",FALSE
"group_L2_93c86668","disease_vs_normal","group",9,"UNK",NA,91,91,3,0,3,"MeSH:D001943|MeSH:D064726|STR:breast_cancer_patients_from_hartford_hospital",TRUE
"group_L2_93cae59f","disease_vs_normal","group",2,"UNK",NA,11,11,2,0,2,"MeSH:D003424|STR:colon_cancer_stage_ii_iv",TRUE
"group_L2_93eb64c2","disease_vs_normal","group",2,"UNK",NA,36,36,4,0,4,"STR:aa|STR:ana|STR:asthmatic|STR:nana",TRUE
"group_L2_93f9c514","disease_vs_normal","group",2,"UNK",NA,3,3,1,0,1,"STR:neovascular",FALSE
"group_L2_944497a1","disease_vs_normal","group",3,"UNK",NA,344,344,1,0,1,"MeSH:D003424",FALSE
"group_L2_94eba90f","disease_vs_normal","group",3,"UNK",NA,7,7,1,0,1,"STR:human_lung_cancer",FALSE
"group_L2_95359bbc","disease_vs_normal","group",2,"UNK",NA,14,14,1,0,1,"STR:sle_without_ln",FALSE
"group_L2_95990b6c","disease_vs_normal","group",5,"UNK",NA,177,177,7,0,7,"STR:als|STR:fshd|STR:myositis_as|STR:myositis_dm|STR:myositis_ibm",TRUE
"group_L2_95ac1e17","small_molecule","group",2,"CHEBI:123456","N-ethyl-2-[(2R,3R,6S)-3-[(4-fluorophenyl)sulfonylamino]-2-(hydroxymethyl)-3,6-dihydro-2H-pyran-6-yl]acetamide",35,35,0,25,25,"CHEBI:145372|CHEBI:145428|CHEBI:173077|CHEBI:231324|CHEBI:231356",TRUE
"group_L2_95bcb7b4","small_molecule","group",2,"CHEBI:29693","thiostrepton",3,3,0,1,1,"CHEBI:29693",FALSE
"group_L2_95e34f49","pathogen_or_aggregate_exposure","group",4,"UNK",NA,52,52,0,3,3,"STR:ev_d68|STR:mycobacterium_abscessus_microparticle|STR:sars_cov_2_infected",TRUE
"group_L2_9622f240","disease_vs_normal","group",2,"UNK",NA,19,19,0,0,0,"",FALSE
"group_L2_9623cbfb","disease_vs_normal","group",2,"UNK",NA,8,8,0,0,0,"",FALSE
"group_L2_963a12b6","disease_vs_normal","group",2,"UNK",NA,26,26,1,0,1,"MeSH:D001172",FALSE
"group_L2_964b9998","disease_vs_normal","group",3,"UNK",NA,8,8,1,0,1,"STR:neuroblastoma",FALSE
"group_L2_965f3a0a","disease_vs_normal","group",2,"UNK",NA,13,13,3,0,3,"MeSH:D002294|STR:adenocarcinoma|STR:b",TRUE
"group_L2_969c9f31","disease_vs_normal","group",5,"UNK",NA,33,33,3,0,3,"MeSH:D002292|MeSH:D009369|STR:ccrcc",TRUE
"group_L2_96a5a357","disease_vs_normal","group",2,"UNK",NA,50,50,0,0,0,"",FALSE
"group_L2_9703c1a2","disease_vs_normal","group",2,"UNK",NA,3,3,1,0,1,"STR:jmml_other_mutated",FALSE
"group_L2_97a792ac","disease_vs_normal","group",2,"UNK",NA,4,4,1,0,1,"STR:metastatic_melanoma",FALSE
"group_L2_97ba9839","disease_vs_normal","group",2,"UNK",NA,4,4,2,0,2,"STR:22rv1_atcc_crl_2505_human_prostate_tumor_cell_line|STR:prostate_cancer_cell_line",TRUE
"group_L2_97cb6dbf","disease_vs_normal","group",2,"UNK",NA,6,6,1,0,1,"STR:human_bladder_cancer_cell_line_t24",FALSE
"group_L2_9832ac0b","disease_vs_normal","group",2,"UNK",NA,2,2,1,0,1,"STR:human_esophageal_squamous_carcinoma_cells",FALSE
"group_L2_983605bb","pathogen_or_aggregate_exposure","group",2,"UNK",NA,5,5,0,2,2,"STR:infected|STR:mc3465_40",TRUE
"group_L2_9868e2fd","disease_vs_normal","group",23,"UNK",NA,676,676,11,0,11,"MeSH:D006528|MeSH:D008103|MeSH:D009369|MeSH:D065626|STR:biliary_atresia",TRUE
"group_L2_9884173f","small_molecule","group",3,"UNK",NA,45,45,0,0,0,"",FALSE
"group_L2_98d765b8","disease_vs_normal","group",2,"UNK",NA,5,5,3,0,3,"STR:dm2_lr|STR:dm2_sr|STR:osteoarthritis_patients",TRUE
"group_L2_98dcbbed","disease_vs_normal","group",2,"UNK",NA,25,25,2,0,2,"MeSH:D015179|STR:colorectal_cancer_stem_cell_spheroids",TRUE
"group_L2_991415f6","disease_vs_normal","group",3,"UNK",NA,21,21,1,0,1,"STR:parkinson_s_disease",FALSE
"group_L2_991d3efa","small_molecule","group",3,"UNK",NA,5,5,0,4,4,"STR:dht_treated_16h|STR:ipz_20mm_24h|STR:ydgy_3_20nm_24h|STR:ydgy_3br_20nm_24h",TRUE
"group_L2_9927082e","disease_vs_normal","group",2,"UNK",NA,17,17,1,0,1,"STR:uterine_tumor",FALSE
"group_L2_996f37e7","disease_vs_normal","group",2,"MeSH:D012138","Respiratory Therapy",32,32,2,0,2,"STR:rheumatoid_arthritis_early|STR:rheumatoid_arthritis_established",TRUE
"group_L2_99d2913b","pathogen_or_aggregate_exposure","group",2,"UNK",NA,100,100,0,3,3,"STR:2_days_after_varicella_zoster_virus_antigen_challenge|STR:6_hours_after_varicella_zoster_virus_antigen_challenge|STR:day2_after_vzv",TRUE
"group_L2_99d8647f","disease_vs_normal","group",7,"UNK",NA,19,19,4,0,4,"MeSH:D010051|STR:ovarian_adenocarcinoma|STR:ovarian_cancer_cells|STR:skov3_ovarian_cancer_cell_line",TRUE
"group_L2_9a4c2507","disease_vs_normal","group",4,"UNK",NA,7,7,2,0,2,"MeSH:D001943|STR:human_breast_carcinoma",TRUE
"group_L2_9af394bf","disease_vs_normal","group",34,"UNK",NA,189,189,12,0,12,"MeSH:D011471|STR:carcinoma|STR:human_prostate_adenocarcinoma_cells|STR:human_prostate_cancer|STR:human_prostate_cancer_cells",TRUE
"group_L2_9b01ec16","disease_vs_normal","group",4,"UNK",NA,9,9,2,0,2,"STR:human_prostate_cancer_cell_line|STR:human_prostate_tumor",TRUE
"group_L2_9b19617e","small_molecule","group",3,"UNK",NA,19,19,0,7,7,"STR:bza|STR:e2|STR:e2bza|STR:gc10|STR:gc10bza",TRUE
"group_L2_9b361300","disease_vs_normal","group",2,"UNK",NA,2,2,1,0,1,"STR:chronic_lymphocytic_leukemia_cll",FALSE
"group_L2_9b798346","disease_vs_normal","group",2,"UNK",NA,11,11,1,0,1,"STR:idiopathic_pulmonary_fibrosis_ipf",FALSE
"group_L2_9ba54adb","small_molecule","group",5,"UNK",NA,17,17,0,5,5,"STR:10_days_epz5676_treatment|STR:dcac50|STR:deta_no|STR:lse|STR:lsw",TRUE
"group_L2_9be87d45","disease_vs_normal","group",3,"UNK",NA,439,439,2,0,2,"STR:ankylosing_spondylitis_as|STR:thrombocytopenia",TRUE
"group_L2_9c21fa1c","disease_vs_normal","group",5,"UNK",NA,8,8,2,0,2,"STR:pc_3_prostate_cancer_cell_line|STR:prostate_cancer_cell_line_pc_3",TRUE
"group_L2_9c6d375f","small_molecule","group",2,"UNK",NA,4,4,0,0,0,"",FALSE
"group_L2_9c7205d5","disease_vs_normal","group",2,"UNK",NA,5,5,1,0,1,"STR:thyroid_cancer_cell_line",FALSE
"group_L2_9c865f73","small_molecule","group",2,"UNK",NA,7,7,0,1,1,"STR:treated_1_0um_pg",FALSE
"group_L2_9ccc09b0","disease_vs_normal","group",24,"UNK",NA,50,50,8,0,8,"MeSH:D000077192|MeSH:D002289|MeSH:D008175|STR:adenocarcinoma_lung|STR:human_caucasian_lung_carcinoma",TRUE
"group_L2_9cd5cee3","disease_vs_normal","group",4,"UNK",NA,14,14,0,0,0,"",FALSE
"group_L2_9d0471ac","disease_vs_normal","group",2,"UNK",NA,2,2,2,0,2,"STR:atroblastomas|STR:hcc",TRUE
"group_L2_9d88e79c","disease_vs_normal","group",2,"UNK",NA,6,6,1,0,1,"MeSH:D006528",FALSE
"group_L2_9da77367","small_molecule","group",2,"CHEBI:27666","actinomycin D",4,4,0,2,2,"HGNC:IGF2BP2|HGNC:UPF1",TRUE
"group_L2_9de2710e","disease_vs_normal","group",3,"UNK",NA,10,10,4,0,4,"MeSH:D003928|MeSH:D009369|STR:idiopathic_nodular_glomerulosclerosis|STR:rcc",TRUE
"group_L2_9df2bae1","disease_vs_normal","group",3,"MeSH:D001943","Breast Neoplasms",5,5,2,0,2,"STR:breast_cancer_cell|STR:vehicle_0_01_dmso",TRUE
"group_L2_9e3466b1","disease_vs_normal","group",2,"UNK",NA,8,8,2,0,2,"STR:idiopathic_pulmonary_arterial_hypertension_ipah|STR:ipah",TRUE
"group_L2_9e6e1472","disease_vs_normal","group",2,"UNK",NA,11,11,1,0,1,"MeSH:D008175",FALSE
"group_L2_9ec54710","disease_vs_normal","group",2,"MeSH:D003319","Corneal Stroma",8,8,0,0,0,"",FALSE
"group_L2_9edd1048","disease_vs_normal","group",3,"UNK",NA,42,42,1,0,1,"STR:prostate_cancer_cells",FALSE
"group_L2_9efa288b","disease_vs_normal","group",2,"UNK",NA,5,5,1,0,1,"STR:gastric_cancer_cell_line",FALSE
"group_L2_9f211a89","small_molecule","group",2,"CHEBI:68534","enzalutamide",6,6,0,3,3,"CHEBI:68534|STR:10_um_enzalutamide|STR:10_um_enzalutamide_and_30_nm_onvansertib",TRUE
"group_L2_9f48e9be","disease_vs_normal","group",4,"UNK",NA,6,6,3,0,3,"MeSH:D001943|STR:fresh_frozen_breast_tumor|STR:metastatic_breast_cancer",TRUE
"group_L2_9f9baf74","disease_vs_normal","group",3,"UNK",NA,18,18,3,0,3,"MeSH:D003110|STR:edm|STR:org",TRUE
"group_L2_9fdd8299","small_molecule","group",2,"UNK",NA,6,6,0,3,3,"STR:jq1_paclitaxel|STR:jq1_palbociclib|STR:pf_06873600",TRUE
"group_L2_a035a39a","disease_vs_normal","group",11,"UNK",NA,199,199,9,0,9,"MeSH:D015470|MeSH:D015477|STR:adult_mixed_phenotype_acute_leukemia|STR:aml|STR:bone_marrow",TRUE
"group_L2_a039cb46","disease_vs_normal","group",2,"UNK",NA,163,163,1,0,1,"MeSH:D015470",FALSE
"group_L2_a073fea7","disease_vs_normal","group",3,"UNK",NA,19,19,1,0,1,"STR:gastric_cancer_tissue",FALSE
"group_L2_a0c54558","disease_vs_normal","group",3,"UNK",NA,5,5,2,0,2,"MeSH:D010190|STR:pancreatic_cancer_cell_lines",TRUE
"group_L2_a0e461c9","small_molecule","group",2,"UNK",NA,15,15,0,2,2,"STR:v1|STR:v2",TRUE
"group_L2_a105406e","small_molecule","group",2,"CHEBI:27388","benzoylacetyl-CoA",26,26,0,2,2,"STR:doxycycline_induction|STR:lentiviral_transduced_nsp1",TRUE
"group_L2_a14c3aba","disease_vs_normal","group",2,"UNK",NA,3,3,2,0,2,"MeSH:D000077192|STR:lung_adenocarcinoma_cell_line",TRUE
"group_L2_a21129c5","disease_vs_normal","group",9,"UNK",NA,149,149,1,0,1,"STR:not_iris",FALSE
"group_L2_a25ce388","disease_vs_normal","group",2,"MeSH:D006559","Pemphigoid Gestationis",2,2,0,0,0,"",FALSE
"group_L2_a268c3cd","disease_vs_normal","group",2,"UNK",NA,9,9,1,0,1,"MeSH:D001749",FALSE
"group_L2_a2d61bf4","disease_vs_normal","group",2,"UNK",NA,3,3,1,0,1,"STR:acute_myeloid_leukemia_aml",FALSE
"group_L2_a300c6f1","small_molecule","group",2,"CHEBI:72317","cabozantinib",2,2,0,1,1,"CHEBI:72317",FALSE
"group_L2_a300e697","small_molecule","group",3,"UNK",NA,13,13,0,7,7,"STR:600nm_tg|STR:abe8e|STR:ec539_0_5um|STR:ec59_0_5um_fer_1_2um|STR:rsl3_0_5um_fer_1_2um",TRUE
"group_L2_a30b00d2","disease_vs_normal","group",2,"UNK",NA,59,59,2,0,2,"MeSH:D000077195|MeSH:D009369",TRUE
"group_L2_a3d9eb1b","disease_vs_normal","group",2,"UNK",NA,4,4,1,0,1,"STR:human_pancreatic_carcinoma_cells",FALSE
"group_L2_a42ea207","disease_vs_normal","group",11,"UNK",NA,170,170,8,0,8,"MeSH:D003424|MeSH:D015179|STR:cd|STR:crohn_s_disease|STR:mucinous_cancer",TRUE
"group_L2_a4765b93","disease_vs_normal","group",2,"UNK",NA,10,10,0,0,0,"",FALSE
"group_L2_a4839a66","small_molecule","group",2,"CHEBI:17139","6-<em>O</em>-sulfo-α-<small>D</small>-Glc-(1→6)-α-<small>D</small>-Glc-(1→6)-α-<small>D</small>-Glc-(1→3)-1-<em>O</em>-alkyl-2-<em>O</em>-acylglycerol",3,3,0,2,2,"STR:estradiol_100nm|STR:rna",TRUE
"group_L2_a4920cb2","small_molecule","group",2,"UNK",NA,6,6,0,2,2,"STR:lb_100_pp2a_inhibitor|STR:r568",TRUE
"group_L2_a4c80452","disease_vs_normal","group",8,"UNK",NA,154,154,9,0,9,"MeSH:D001943|MeSH:D002285|STR:breast|STR:ffpe_breast_tumor|STR:fresh_frozen_breast_tumor",TRUE
"group_L2_a4fb7991","disease_vs_normal","group",31,"UNK",NA,86,86,9,0,9,"STR:colon_cancer_cell_line|STR:colon_carcinoma_cells|STR:colorectal_cancer_cell_line|STR:colorectal_carcinoma_cell_line_hct116|STR:hct116_colon_cancer_cell_line",TRUE
"group_L2_a50781b6","disease_vs_normal","group",2,"UNK",NA,2,2,2,0,2,"MeSH:D010190|STR:patient_derived_pdac",TRUE
"group_L2_a50de578","small_molecule","group",2,"CHEBI:88007","3-oxooleoyl-CoA",2,2,0,2,2,"CHEBI:66903|CHEBI:72317",TRUE
"group_L2_a55db660","disease_vs_normal","group",2,"UNK",NA,6,6,1,0,1,"MeSH:D015470",FALSE
"group_L2_a5af9208","disease_vs_normal","group",6,"UNK",NA,70,70,3,0,3,"STR:latent_autoimmune_diabetes_lada|STR:me_cfs_patient|STR:ms_case",TRUE
"group_L2_a5efcf1d","small_molecule","group",3,"CHEBI:68534","enzalutamide",9,9,0,1,1,"STR:10_um_enzalutamide_for_5_days",FALSE
"group_L2_a5f7b617","small_molecule","group",2,"UNK",NA,44,44,0,4,4,"STR:5_nm_dex|STR:50_nm_dex|STR:hfn_bdc|STR:hfn_cur",TRUE
"group_L2_a60c4102","small_molecule","group",2,"CHEBI:134223","2-amino-6-(1-hydroxypropyl)-8-methylpteridine-4,7(3<em>H</em>,8<em>H</em>)-dione",3,3,0,2,2,"STR:2|STR:4",TRUE
"group_L2_a65ab872","small_molecule","group",2,"CHEBI:16635","Met-tRNA<small><sup>Met</small></sup>",19,19,0,1,1,"STR:tgf_beta1",FALSE
"group_L2_a6ef1435","disease_vs_normal","group",2,"UNK",NA,23,23,1,0,1,"STR:tb",FALSE
"group_L2_a72c833b","disease_vs_normal","group",2,"UNK",NA,5,5,1,0,1,"STR:patient_derived_xenograft_tumors",FALSE
"group_L2_a76304b8","disease_vs_normal","group",2,"UNK",NA,88,88,0,0,0,"",FALSE
"group_L2_a76bb78a","small_molecule","group",2,"CHEBI:75929","<small>D</small>-cycloserine(1+)",3,3,0,2,2,"CHEBI:66903|CHEBI:67271",TRUE
"group_L2_a7e3a599","disease_vs_normal","group",2,"UNK",NA,4,4,0,0,0,"",FALSE
"group_L2_a80a87c7","disease_vs_normal","group",2,"UNK",NA,36,36,1,0,1,"MeSH:D054218",FALSE
"group_L2_a818feb6","disease_vs_normal","group",3,"UNK",NA,5,5,2,0,2,"STR:aml|STR:mds",TRUE
"group_L2_a849f742","pathogen_or_aggregate_exposure","group",2,"UNK",NA,6,6,0,1,1,"STR:ev71_infected",FALSE
"group_L2_a85018f4","small_molecule","group",2,"CHEBI:88247","[5-(aminomethyl)-3-furyl]methyl diphosphate",3,3,0,0,0,"",FALSE
"group_L2_a85c867c","pathogen_or_aggregate_exposure","group",2,"UNK",NA,37,37,0,0,0,"",FALSE
"group_L2_a8602c3c","small_molecule","group",2,"CHEBI:5070","flavanone",2,2,0,0,0,"",FALSE
"group_L2_a87634d7","disease_vs_normal","group",3,"UNK",NA,13,13,1,0,1,"STR:anaplastic_meningioma",FALSE
"group_L2_a8898405","disease_vs_normal","group",2,"UNK",NA,15,15,2,0,2,"STR:lbd|STR:mesial_temporal_lobe_epilepsy",TRUE
"group_L2_a9350032","disease_vs_normal","group",2,"UNK",NA,2,2,2,0,2,"MeSH:D001749|STR:bladder_cancer_cell",TRUE
"group_L2_a94cf99e","disease_vs_normal","group",17,"UNK",NA,82,82,4,0,4,"MeSH:D001943|STR:breast_cancer_cell|STR:breast_cancer_cells|STR:luminal_breast_cancer",TRUE
"group_L2_a9590134","pathogen_or_aggregate_exposure","group",2,"UNK",NA,63,63,0,0,0,"",FALSE
"group_L2_a97ff438","small_molecule","group",2,"CHEBI:50105","TNP-ATP<small><sup>5−</small></sup>",24,24,0,0,0,"",FALSE
"group_L2_a9ecd48d","disease_vs_normal","group",8,"UNK",NA,136,136,9,0,9,"MeSH:D008175|MeSH:D015179|STR:colorectal_cancer_patient|STR:ductal_carcinoma|STR:esophagus_cancer_patient",TRUE
"group_L2_aa2b39f3","small_molecule","group",2,"CHEBI:16635","Met-tRNA<small><sup>Met</small></sup>",9,9,0,1,1,"STR:differentition_myofibroblast_lipofibroblast_tgfb1_2ng_ml_4days",FALSE
"group_L2_aa7db2fd","disease_vs_normal","group",2,"UNK",NA,6,6,1,0,1,"MeSH:D006528",FALSE
"group_L2_aa86a314","disease_vs_normal","group",4,"UNK",NA,9,9,0,0,0,"",FALSE
"group_L2_aaa50108","disease_vs_normal","group",6,"UNK",NA,28,28,2,0,2,"MeSH:D013274|STR:stomach",TRUE
"group_L2_aabfff7c","disease_vs_normal","group",2,"UNK",NA,30,30,0,0,0,"",FALSE
"group_L2_aaf9ba8b","small_molecule","group",2,"UNK",NA,6,6,0,1,1,"STR:10um_enz_for_48_hours",FALSE
"group_L2_ab1afc38","disease_vs_normal","group",2,"UNK",NA,64,64,2,0,2,"MeSH:D001943|STR:er_pr",TRUE
"group_L2_ab5fc500","small_molecule","group",3,"UNK",NA,9,9,0,3,3,"CHEBI:137113|STR:fc|STR:kat6_inhibitor",TRUE
"group_L2_abab2bd1","disease_vs_normal","group",2,"UNK",NA,3,3,1,0,1,"STR:primary_colon_cancer_cell",FALSE
"group_L2_abbcbb6f","small_molecule","group",11,"UNK",NA,36,36,0,11,11,"CHEBI:125628|CHEBI:76720|STR:25a|STR:3r4f|STR:5_m_of_bpde",TRUE
"group_L2_ac379bd3","pathogen_or_aggregate_exposure","group",2,"UNK",NA,73,73,0,0,0,"",FALSE
"group_L2_aca197e8","small_molecule","group",2,"UNK",NA,60,60,0,1,1,"STR:durvalumab_10mg_kg_iv_q2w_and_bevacizumab_10mg_kg_iv_q2w",FALSE
"group_L2_ad139768","small_molecule","group",2,"UNK",NA,3,3,0,2,2,"STR:cells_were_treated_with_2_um_of_wa_for_16_hours|STR:cells_were_treated_with_20_m_of_dats_for_16_hours",TRUE
"group_L2_ad151743","disease_vs_normal","group",2,"UNK",NA,8,8,1,0,1,"STR:human_clear_cell_renal_cell_skin_metastasis",FALSE
"group_L2_ad39d6b1","disease_vs_normal","group",3,"UNK",NA,41,41,3,0,3,"STR:emphysema|STR:ipf|STR:pah",TRUE
"group_L2_ad4e3d05","disease_vs_normal","group",5,"UNK",NA,10,10,2,0,2,"STR:cancer_cell_line|STR:lung_cancer_cell_lines",TRUE
"group_L2_ad6bc381","disease_vs_normal","group",4,"UNK",NA,8,8,0,0,0,"",FALSE
"group_L2_addc5440","disease_vs_normal","group",2,"UNK",NA,300,300,1,0,1,"MeSH:D000544",FALSE
"group_L2_ae121f99","small_molecule","group",3,"UNK",NA,38,38,0,6,6,"CHEBI:73925|STR:1_m_aza_72h|STR:2mm_dmog_24h|STR:e2_ifng_10ng_ml_24h|STR:epz",TRUE
"group_L2_ae2023bc","small_molecule","group",2,"CHEBI:88507","PS(20:3(8Z,11Z,14Z)/16:0)",6,6,0,0,0,"",FALSE
"group_L2_ae508e2b","disease_vs_normal","group",4,"UNK",NA,9,9,3,0,3,"MeSH:D000077192|MeSH:D008175|STR:lung_carcinoma_epithelium",TRUE
"group_L2_ae7db416","small_molecule","group",2,"MeSH:D003473","Neuromuscular Nondepolarizing Agents",2,2,0,0,0,"",FALSE
"group_L2_ae987a44","disease_vs_normal","group",3,"UNK",NA,22,22,1,0,1,"STR:poor_risk_aml_patient",FALSE
"group_L2_aec83b0c","small_molecule","group",2,"UNK",NA,4,4,0,1,1,"STR:st101",FALSE
"group_L2_aeff9735","disease_vs_normal","group",2,"UNK",NA,9,9,2,0,2,"STR:bone_marrow_chronic_myelogenous_leukemia_cml|STR:bone_marrow_from_chronic_myeloid_leukemia",TRUE
"group_L2_af32535b","small_molecule","group",2,"UNK",NA,5,5,0,1,1,"STR:drug_treated",FALSE
"group_L2_af4283fb","disease_vs_normal","group",2,"UNK",NA,2,2,0,0,0,"",FALSE
"group_L2_af5977d9","disease_vs_normal","group",24,"UNK",NA,423,423,17,0,17,"MeSH:D002543|MeSH:D003424|MeSH:D011236|MeSH:D012595|MeSH:D015470",TRUE
"group_L2_af6c39b2","disease_vs_normal","group",2,"UNK",NA,2,2,0,0,0,"",FALSE
"group_L2_afd68b03","small_molecule","group",2,"UNK",NA,3,3,0,1,1,"STR:glup_peptide",FALSE
"group_L2_aff87c31","small_molecule","group",2,"UNK",NA,5,5,0,1,1,"STR:st101",FALSE
"group_L2_b022aebb","disease_vs_normal","group",5,"UNK",NA,81,81,4,0,4,"STR:aki|STR:australian_chronic_allograft_dysfunction|STR:ccrcc|STR:mixed_atn_and_ain",TRUE
"group_L2_b03d4489","disease_vs_normal","group",3,"UNK",NA,8,8,3,0,3,"MeSH:D000077273|MeSH:D009369|STR:thyroid_cancer_thc",TRUE
"group_L2_b045549b","pathogen_or_aggregate_exposure","group",6,"UNK",NA,90,90,0,0,0,"",FALSE
"group_L2_b04b4acb","disease_vs_normal","group",2,"UNK",NA,6,6,0,0,0,"",FALSE
"group_L2_b06f12a1","disease_vs_normal","group",3,"UNK",NA,3,3,0,0,0,"",FALSE
"group_L2_b0a5f96d","pathogen_or_aggregate_exposure","group",2,"UNK",NA,12,12,0,4,4,"STR:hcov_nl63_infected|STR:sars_cov_2_alpha_variant_infected|STR:sars_cov_2_beta_variant_infected|STR:sars_cov_2_delta_variant_infected",TRUE
"group_L2_b1270164","disease_vs_normal","group",2,"UNK",NA,4,4,1,0,1,"STR:head_neck_cancer_um_scc_1_stable_cells",FALSE
"group_L2_b1379da6","disease_vs_normal","group",32,"UNK",NA,94,94,18,0,18,"STR:a549_cells_human_lung_adenocarcinoma_cell_line|STR:a549_lung_tumor_cells|STR:human_alveolar_adenocarcinoma_a549_cells|STR:human_cancer_cell_line_from_lung_adenocarcinoma_a549|STR:human_lung_adenocarcinoma_cell",TRUE
"group_L2_b167c8b4","pathogen_or_aggregate_exposure","group",2,"UNK",NA,12,12,0,0,0,"",FALSE
"group_L2_b1b0a6ce","disease_vs_normal","group",2,"UNK",NA,9,9,2,0,2,"MeSH:D002294|MeSH:D014062",TRUE
"group_L2_b1b156b4","small_molecule","group",6,"UNK",NA,16,16,0,6,6,"CHEBI:132974|STR:10um_kh_3|STR:cml|STR:h182_at_2_um_for_2_hours|STR:rg_108",TRUE
"group_L2_b1dd09d7","small_molecule","group",19,"UNK",NA,91,91,0,21,21,"CHEBI:16330|CHEBI:50113|CHEBI:59642|STR:10_nm_double_hydrogen_testosterone_16h|STR:10_nm_double_hydrogen_testosterone_4h",TRUE
"group_L2_b1fe31d9","disease_vs_normal","group",4,"UNK",NA,87,87,2,0,2,"STR:hc|STR:without_osteoporosis",TRUE
"group_L2_b2598e79","disease_vs_normal","group",8,"UNK",NA,61,61,7,0,7,"MeSH:D001943|MeSH:D009369|MeSH:D011471|STR:cll|STR:melanoma",TRUE
"group_L2_b2bead6f","small_molecule","group",2,"CHEBI:50756","acridone",6,6,0,2,2,"CHEBI:49603|CHEBI:50924",TRUE
"group_L2_b2e6a699","small_molecule","group",3,"UNK",NA,11,11,0,1,1,"STR:art_naive",FALSE
"group_L2_b2f70468","disease_vs_normal","group",4,"UNK",NA,116,116,3,0,3,"STR:bladder_transitional_cell_carcinoma|STR:ffpe_bladder_tumor_block|STR:fresh_frozen_bladder_tumor",TRUE
"group_L2_b2ff88ca","disease_vs_normal","group",2,"UNK",NA,7,7,1,0,1,"STR:thrombotic_primary_aps",FALSE
"group_L2_b3297b2f","disease_vs_normal","group",8,"UNK",NA,18,18,7,0,7,"MeSH:D002583|STR:adenocarcinoma|STR:cervical_adenocarcinoma|STR:cervix_adenocarcinoma|STR:human_cervical_cancer",TRUE
"group_L2_b3e5d8db","disease_vs_normal","group",2,"UNK",NA,2,2,1,0,1,"STR:nasopharyngeal_carcinoma",FALSE
"group_L2_b3fd8496","pathogen_or_aggregate_exposure","group",2,"MeSH:D006678","HIV",5,5,0,0,0,"",FALSE
"group_L2_b3fecc3d","disease_vs_normal","group",2,"UNK",NA,4,4,0,0,0,"",FALSE
"group_L2_b4c3499d","disease_vs_normal","group",3,"UNK",NA,38,38,4,0,4,"STR:cd_active|STR:cd_inactive|STR:uc_active|STR:uc_inactive",TRUE
"group_L2_b510f7f4","disease_vs_normal","group",4,"UNK",NA,31,31,1,0,1,"MeSH:D012004",FALSE
"group_L2_b52db444","disease_vs_normal","group",2,"UNK",NA,11,11,0,0,0,"",FALSE
"group_L2_b54583c4","disease_vs_normal","group",2,"UNK",NA,6,6,0,0,0,"",FALSE
"group_L2_b547b678","cytokine_stim","group",2,"MeSH:D015847","Interleukin-4",3,3,0,2,2,"STR:il_4|STR:il4",TRUE
"group_L2_b561ca7d","pathogen_or_aggregate_exposure","group",3,"UNK",NA,29,29,0,0,0,"",FALSE
"group_L2_b574936e","small_molecule","group",2,"UNK",NA,10,10,0,1,1,"STR:treated_with_cd_5_m_for_72h",FALSE
"group_L2_b5a20a95","small_molecule","group",2,"CHEBI:34206","2,2',5,5'-tetrachlorobiphenyl",4,4,0,2,2,"STR:apoevs_apoptosis_induced_by_cisplatin|STR:cisplatin_pulse",TRUE
"group_L2_b5b183ba","disease_vs_normal","group",7,"UNK",NA,52,52,4,0,4,"MeSH:D047928|STR:early_onset_preeclampsia|STR:lupus|STR:placenta_accreta_spectrum_samples_pa",TRUE
"group_L2_b5d45c5e","pathogen_or_aggregate_exposure","group",2,"STR:human immunodeficiency virus 1","Human immunodeficiency virus 1",5,5,0,0,0,"",FALSE
"group_L2_b63da68b","small_molecule","group",2,"UNK",NA,30,30,0,0,0,"",FALSE
"group_L2_b643c2ef","disease_vs_normal","group",9,"UNK",NA,45,45,9,0,9,"STR:atrial_fibrillation|STR:case|STR:human_liver_cancer_plasma|STR:liver_cancer_patient|STR:myocardial_infarction_patient_with_cardiac_remodeling",TRUE
"group_L2_b64b39b9","disease_vs_normal","group",2,"UNK",NA,2,2,2,0,2,"STR:atroblastomas|STR:hcc",TRUE
"group_L2_b6921bf7","pathogen_or_aggregate_exposure","group",2,"STR:tuberculosis","Tuberculosis",42,42,0,0,0,"",FALSE
"group_L2_b6963374","small_molecule","group",2,"CHEBI:27899","cisplatin",2,2,0,1,1,"CHEBI:27899",FALSE
"group_L2_b6a5c312","cytokine_stim","group",2,"UNK",NA,8,8,0,1,1,"STR:tgf",FALSE
"group_L2_b6ad948b","small_molecule","group",2,"UNK",NA,1,1,0,1,1,"STR:dapt_gsi",FALSE
"group_L2_b6d6fcd4","small_molecule","group",2,"UNK",NA,18,18,0,2,2,"STR:differentition_myofibroblast_lipofibroblast_tgfb1_2ng_ml_4days_metformin_5mm_4days|STR:dna_damage_response_induced_senescence",TRUE
"group_L2_b7110548","disease_vs_normal","group",7,"UNK",NA,66,66,6,0,6,"MeSH:D009369|MeSH:D011471|STR:prostate_cancer_crpc|STR:prostate_cancer_cspc|STR:prostate_cancer_tissues",TRUE
"group_L2_b7726c9e","small_molecule","group",2,"CHEBI:134210","(<i>R</i>)-laudanosine(1+)",7,7,0,5,5,"CHEBI:135945|CHEBI:145365|CHEBI:90531|STR:icotinib|STR:ym155",TRUE
"group_L2_b78dd488","small_molecule","group",3,"CHEBI:85993","palbociclib",6,6,0,2,2,"CHEBI:85993|STR:palbocicilib_indisulam",TRUE
"group_L2_b7a3b53c","pathogen_or_aggregate_exposure","group",2,"UNK",NA,17,17,0,2,2,"STR:ama1|STR:csp",TRUE
"group_L2_b7e5ee5f","small_molecule","group",2,"CHEBI:5078","flavonol",5,5,0,2,2,"CHEBI:51450|STR:cediranib",TRUE
"group_L2_b8413907","small_molecule","group",2,"UNK",NA,5,5,0,1,1,"STR:dhe_hypoxia",FALSE
"group_L2_b84d1b33","small_molecule","group",2,"UNK",NA,3,3,0,3,3,"STR:1_micromol_of_fsk_l_1|STR:10_mmol_of_fsk_l|STR:4_ug_ml_of_sc79",TRUE
"group_L2_b8737cd8","disease_vs_normal","group",3,"UNK",NA,14,14,0,0,0,"",FALSE
"group_L2_b9385936","small_molecule","group",2,"CHEBI:46345","5-fluorouracil",4,4,0,2,2,"CHEBI:80961|HGNC:TP53",TRUE
"group_L2_b96e15dc","disease_vs_normal","group",3,"UNK",NA,62,62,1,0,1,"MeSH:D001749",FALSE
"group_L2_b9b39c43","small_molecule","group",6,"UNK",NA,34,34,0,9,9,"STR:2_77|STR:acbi|STR:androgen_treated|STR:ard_61|STR:bd98",TRUE
"group_L2_b9ee293f","disease_vs_normal","group",2,"UNK",NA,4,4,1,0,1,"STR:r1ad1_human_prostate_tumor_cell_line",FALSE
"group_L2_ba29acfc","small_molecule","group",2,"CHEBI:17126","carnitine",14,14,0,2,2,"CHEBI:16412|STR:intravenous_lps",TRUE
"group_L2_ba322ed4","small_molecule","group",4,"UNK",NA,33,33,0,2,2,"STR:fev|STR:ombitasvir_paritaprevir_ritonavir",TRUE
"group_L2_ba50076d","disease_vs_normal","group",3,"UNK",NA,3,3,1,0,1,"MeSH:D055752",FALSE
"group_L2_ba626341","small_molecule","group",10,"UNK",NA,200,200,0,17,17,"CHEBI:44975|HGNC:ESRRA|HGNC:PPARGC1A|HGNC:PRKAA2|HGNC:TFE3",TRUE
"group_L2_ba8b4e5f","small_molecule","group",2,"UNK",NA,7,7,0,3,3,"CHEBI:28875|STR:bi00894999_10nm_4h|STR:bi00894999_35nm_4h",TRUE
"group_L2_ba98ab39","disease_vs_normal","group",5,"MeSH:D001943","Breast Neoplasms",5,5,1,0,1,"STR:breast_cancer_cells",FALSE
"group_L2_bab69dc4","disease_vs_normal","group",5,"UNK",NA,28,28,7,0,7,"MeSH:D000077192|STR:ipf|STR:lung_squamous_carcinoma|STR:lung_squamous_cell_carcinoma|STR:non_small_cell_lung_cancer",TRUE
"group_L2_bb2d87af","disease_vs_normal","group",2,"UNK",NA,31,31,1,0,1,"STR:non_ktcn",FALSE
"group_L2_bb631efd","small_molecule","group",2,"CHEBI:85993","palbociclib",4,4,0,1,1,"STR:palbociclib_fulvestrant_opg_fc",FALSE
"group_L2_bb83e90f","small_molecule","group",2,"UNK",NA,3,3,0,1,1,"STR:10_m_candy",FALSE
"group_L2_bb856994","disease_vs_normal","group",4,"UNK",NA,46,46,20,0,20,"STR:lucap_105cr_pdx_tumor|STR:lucap_136cr_pdx_tumor|STR:lucap_145_1_pdx_tumor|STR:lucap_145_2_pdx_tumor|STR:lucap_147cr_pdx_tumor",TRUE
"group_L2_bba0b38b","small_molecule","group",2,"UNK",NA,5,5,0,2,2,"STR:5_5_um_pt_ttpy|STR:5_fdu_ecyd",TRUE
"group_L2_bbcb8d25","small_molecule","group",2,"CHEBI:134223","2-amino-6-(1-hydroxypropyl)-8-methylpteridine-4,7(3<em>H</em>,8<em>H</em>)-dione",25,25,0,23,23,"CHEBI:145365|CHEBI:167707|CHEBI:197107|CHEBI:229222|CHEBI:230493",TRUE
"group_L2_bbed7399","disease_vs_normal","group",2,"UNK",NA,18,18,2,0,2,"MeSH:D005706|STR:gallbladder_tumor",TRUE
"group_L2_bc16af0e","pathogen_or_aggregate_exposure","group",2,"MeSH:D061986","MCF-7 Cells",11,11,0,1,1,"STR:stimulated_16_hours_with_mcf7_tumors",FALSE
"group_L2_bc35c256","disease_vs_normal","group",3,"UNK",NA,17,17,3,0,3,"MeSH:D009369|STR:ffpe_tumor_rna|STR:liposarcoma",TRUE
"group_L2_bc514e78","disease_vs_normal","group",2,"UNK",NA,13,13,2,0,2,"MeSH:D005706|STR:xantho_granulomatous_cholecystitis",TRUE
"group_L2_bc5f41c7","disease_vs_normal","group",3,"UNK",NA,8,8,2,0,2,"MeSH:D001943|STR:breast_cancer_cell_line",TRUE
"group_L2_bc6738ff","disease_vs_normal","group",6,"UNK",NA,213,213,3,0,3,"MeSH:D003424|STR:bpd|STR:cyclic_thrombocytopenia",TRUE
"group_L2_bc92494e","disease_vs_normal","group",2,"UNK",NA,8,8,1,0,1,"STR:early",FALSE
"group_L2_bca9e0df","small_molecule","group",2,"MeSH:D011278","Pregnanes",41,41,0,0,0,"",FALSE
"group_L2_bcd176e2","disease_vs_normal","group",2,"UNK",NA,14,14,0,0,0,"",FALSE
"group_L2_bcecb2cf","small_molecule","group",10,"UNK",NA,50,50,0,20,20,"CHEBI:230500|CHEBI:34827|HGNC:GNL3|STR:15nm_ym155_treated|STR:2dg_0mm_24h",TRUE
"group_L2_bcefb8c8","disease_vs_normal","group",2,"UNK",NA,13,13,1,0,1,"STR:truss_guided_prostatic_biopsy_of_clinically_advanced_metastatic_prostate_cancer_tissue",FALSE
"group_L2_bcfb13a1","small_molecule","group",3,"CHEBI:17120","hexanoate",3,3,0,0,0,"",FALSE
"group_L2_bd4fef0a","small_molecule","group",2,"CHEBI:5070","flavanone",4,4,0,2,2,"CHEBI:49375|CHEBI:49668",TRUE
"group_L2_bd715728","small_molecule","group",2,"UNK",NA,7,7,0,0,0,"",FALSE
"group_L2_bdb2860a","disease_vs_normal","group",2,"UNK",NA,35,35,1,0,1,"STR:cd",FALSE
"group_L2_bdbb695e","disease_vs_normal","group",4,"UNK",NA,54,54,5,0,5,"MeSH:D003876|STR:dariers|STR:grovers|STR:hailey_hailey|STR:psoriasis",TRUE
"group_L2_bdda1d0a","small_molecule","group",2,"CHEBI:50787","<small>L</small>-<i>erythro</i>-3-methylmalic acid",3,3,0,1,1,"CHEBI:52172",FALSE
"group_L2_be7701b1","disease_vs_normal","group",2,"UNK",NA,3,3,0,0,0,"",FALSE
"group_L2_be8a9ff5","disease_vs_normal","group",2,"UNK",NA,1,1,1,0,1,"STR:nasopharyngeal_carcinoma_biopsy",FALSE
"group_L2_be93cd83","disease_vs_normal","group",2,"UNK",NA,9,9,0,0,0,"",FALSE
"group_L2_bebec2cf","disease_vs_normal","group",2,"UNK",NA,7,7,0,0,0,"",FALSE
"group_L2_bede31e0","small_molecule","group",2,"CHEBI:16762","ferrocytochrome <em>b</em><small><sub>1</sub></small>",6,6,0,2,2,"STR:100ug_ml_human_recombinant_tnf_a_600nm_4_hdha_added_into_culture_medium_for_72h_to_induce_apoptosis|STR:100ug_ml_human_recombinant_tnf_a_and_20umferrostatin_1_added_into_culture_medium_for_72h_to_induce_apoptosis",TRUE
"group_L2_bf35d04c","disease_vs_normal","group",2,"UNK",NA,44,44,22,0,22,"STR:cwr22_pdx_tumor|STR:cwr22_rh_pdx_tumor|STR:lgcap_1_pdx_tumor|STR:lncap_95_pdx_tumor|STR:lucap_105cr_pdx_tumor",TRUE
"group_L2_bf54cbbc","small_molecule","group",2,"UNK",NA,12,12,0,3,3,"CHEBI:15843|STR:n6_and_bapta|STR:n6_and_btp2",TRUE
"group_L2_bf5fd50e","disease_vs_normal","group",2,"UNK",NA,12,12,1,0,1,"STR:fibromyalgia",FALSE
"group_L2_bf7daba9","disease_vs_normal","group",2,"UNK",NA,5,5,0,0,0,"",FALSE
"group_L2_c0132ac1","small_molecule","group",2,"UNK",NA,15,15,0,1,1,"HGNC:HDAC2",FALSE
"group_L2_c050a1d9","small_molecule","group",2,"UNK",NA,6,6,0,1,1,"CHEBI:145535",FALSE
"group_L2_c09392e1","disease_vs_normal","group",2,"UNK",NA,16,16,0,0,0,"",FALSE
"group_L2_c097248c","small_molecule","group",2,"CHEBI:78007","foaming agent",3,3,0,0,0,"",FALSE
"group_L2_c0a1a454","disease_vs_normal","group",2,"UNK",NA,15,15,3,0,3,"STR:diffuse|STR:gastric_adenocarcinoma|STR:intestinal",TRUE
"group_L2_c0c3b5ca","disease_vs_normal","group",3,"UNK",NA,13,13,3,0,3,"STR:breast_cancer_cell_line|STR:breast_cancer_cells|STR:triple_negative",TRUE
"group_L2_c1023f63","small_molecule","group",5,"UNK",NA,12,12,0,6,6,"CHEBI:73907|STR:50um_pqy09|STR:50um_pqy23_1|STR:gii|STR:hbv",TRUE
"group_L2_c208bc02","small_molecule","group",3,"UNK",NA,11,11,0,3,3,"STR:bpn_15477_treated|STR:sag_treated|STR:sucrose_amp_dnm",TRUE
"group_L2_c285f42d","disease_vs_normal","group",40,"UNK",NA,40,40,0,0,0,"",FALSE
"group_L2_c2abfa7a","small_molecule","group",2,"UNK",NA,5,5,0,2,2,"STR:certinib_panobinostat|STR:thz1_crizotinib",TRUE
"group_L2_c2ac49fb","disease_vs_normal","group",2,"UNK",NA,3,3,0,0,0,"",FALSE
"group_L2_c3239a1c","disease_vs_normal","group",13,"UNK",NA,124,124,10,0,10,"MeSH:D001528|MeSH:D015464|MeSH:D017565|STR:aml|STR:bd_patients",TRUE
"group_L2_c354ba74","disease_vs_normal","group",2,"UNK",NA,75,75,2,0,2,"STR:gbm_iv|STR:gbm_tumor_tissue",TRUE
"group_L2_c372fd43","small_molecule","group",2,"CHEBI:229222","capivasertib",3,3,0,1,1,"CHEBI:229222",FALSE
"group_L2_c3731c37","disease_vs_normal","group",6,"UNK",NA,32,32,7,0,7,"MeSH:D006258|MeSH:D010300|STR:af_recurrence|STR:alzheimer_s_disease|STR:b_cell_acute_lymphoblastic_leukemia",TRUE
"group_L2_c3b67831","disease_vs_normal","group",2,"UNK",NA,7,7,0,0,0,"",FALSE
"group_L2_c3be9a4b","disease_vs_normal","group",2,"UNK",NA,6,6,2,0,2,"STR:brca|STR:breast_adenocarcinoma",TRUE
"group_L2_c4a1b483","pathogen_or_aggregate_exposure","group",2,"UNK",NA,6,6,0,0,0,"",FALSE
"group_L2_c4cedb93","pathogen_or_aggregate_exposure","group",5,"UNK",NA,11,11,0,3,3,"STR:ifn_b_20_u_ml|STR:influenza_virus_pr8_infection|STR:lcmv",TRUE
"group_L2_c55640a3","disease_vs_normal","group",3,"UNK",NA,11,11,2,0,2,"STR:du145_atcc_htb_81_human_prostate_tumor_cell_line|STR:human_prostate_cancer_cell_line",TRUE
"group_L2_c5bec0db","pathogen_or_aggregate_exposure","group",2,"UNK",NA,9,9,0,0,0,"",FALSE
"group_L2_c5c6b931","disease_vs_normal","group",4,"UNK",NA,338,338,2,0,2,"STR:multiple_sclerosis|STR:noncancer",TRUE
"group_L2_c5dd32cd","pathogen_or_aggregate_exposure","group",2,"UNK",NA,7,7,0,1,1,"STR:hcmv_infected",FALSE
"group_L2_c5de1ed4","small_molecule","group",2,"UNK",NA,4,4,0,1,1,"STR:bio",FALSE
"group_L2_c5f6ab0c","disease_vs_normal","group",4,"UNK",NA,16,16,4,0,4,"STR:adult_mixed_phenotype_acute_leukemia|STR:aml|STR:aml_m2|STR:cmml",TRUE
"group_L2_c6eabeb2","pathogen_or_aggregate_exposure","group",2,"UNK",NA,8,8,0,3,3,"STR:l_pneumophila_deltalphd_infected|STR:l_pneumophila_deltalphddeltaroma_infected|STR:total_rna_from_thp_1_cells_with_spike_in_of_rna_from_late_log_s_typhi",TRUE
"group_L2_c71e70b9","disease_vs_normal","group",2,"UNK",NA,6,6,1,0,1,"MeSH:D009369",FALSE
"group_L2_c7545063","small_molecule","group",3,"UNK",NA,7,7,0,3,3,"STR:17_estradiol_10_nm_r1881_10_nm|STR:si_1|STR:si_2",TRUE
"group_L2_c76d7c68","small_molecule","group",2,"UNK",NA,5,5,0,2,2,"STR:b87|STR:b87_dmkg_nutlin_3",TRUE
"group_L2_c7ea4e02","pathogen_or_aggregate_exposure","group",2,"UNK",NA,5,5,0,1,1,"STR:hrsv_a2_strain_infection",FALSE
"group_L2_c871b797","disease_vs_normal","group",2,"UNK",NA,8,8,2,0,2,"STR:breast_cancer_serum_with_recurrence|STR:hcc",TRUE
"group_L2_c88c2ddd","pathogen_or_aggregate_exposure","group",3,"UNK",NA,5,5,0,0,0,"",FALSE
"group_L2_c88e4b29","small_molecule","group",2,"UNK",NA,3,3,0,1,1,"STR:treated_with_dye_light",FALSE
"group_L2_c8b3d7c9","disease_vs_normal","group",6,"MeSH:D001943","Breast Neoplasms",13,13,1,0,1,"STR:breast_cancer_cells",FALSE
"group_L2_c8dad614","small_molecule","group",5,"UNK",NA,17,17,0,3,3,"STR:5mm_mma_for_10_days|STR:5mm_mma_for_3_days|STR:treated_with_compound_s541_5n_for_48_hours",TRUE
"group_L2_c92aff31","disease_vs_normal","group",2,"UNK",NA,4,4,1,0,1,"MeSH:D009369",FALSE
"group_L2_c9355822","disease_vs_normal","group",2,"UNK",NA,2,2,0,0,0,"",FALSE
"group_L2_c9a3e7b9","disease_vs_normal","group",4,"UNK",NA,11,11,4,0,4,"STR:colon_cancer_cell_line|STR:colon_cancer_cells|STR:hct_116_colon_cancer_cells|STR:human_colon_cancer_cells",TRUE
"group_L2_c9b32ab4","pathogen_or_aggregate_exposure","group",2,"UNK",NA,12,12,0,1,1,"STR:hbv_infected_ayw",FALSE
"group_L2_c9b3b85e","cytokine_stim","group",2,"UNK",NA,9,9,0,3,3,"STR:treated_with_il1_and_tnf|STR:treated_with_il1_and_tnf_for_14_days|STR:treated_with_il1_and_tnf_for_2_days",TRUE
"group_L2_c9b6ab1c","disease_vs_normal","group",2,"UNK",NA,5,5,1,0,1,"MeSH:D018222",FALSE
"group_L2_c9dabcbf","small_molecule","group",2,"UNK",NA,5,5,0,2,2,"STR:bi_4142_70nm_24h|STR:lapatinib_plus_trastuzumab",TRUE
"group_L2_c9ff9889","disease_vs_normal","group",2,"UNK",NA,8,8,0,0,0,"",FALSE
"group_L2_ca543273","disease_vs_normal","group",3,"UNK",NA,6,6,1,0,1,"STR:t24_bladder_cancer_cell_line",FALSE
"group_L2_cadc163f","disease_vs_normal","group",4,"UNK",NA,10,10,3,0,3,"STR:ifngr1_patient|STR:ifngr2_patient|STR:irf9_patient",TRUE
"group_L2_cae06bb1","small_molecule","group",3,"UNK",NA,68,68,0,3,3,"STR:cccr07|STR:cccr08|STR:tlr7_cm",TRUE
"group_L2_cb06dc33","disease_vs_normal","group",2,"UNK",NA,8,8,2,0,2,"STR:prostate_cancer_pca|STR:prostate_tumor",TRUE
"group_L2_cb47199e","small_molecule","group",2,"UNK",NA,11,11,0,2,2,"STR:ykl_5_124_100_nm|STR:ykl_5_124_1000_nm",TRUE
"group_L2_cb4a36b2","disease_vs_normal","group",2,"UNK",NA,9,9,2,0,2,"STR:pcos_myotubes|STR:pcos_noeps_null",TRUE
"group_L2_cb61198f","small_molecule","group",2,"UNK",NA,9,9,0,3,3,"STR:asa_24_hrs|STR:vitamin_d_24_hrs|STR:vitamin_d_6_hrs",TRUE
"group_L2_cbe25534","disease_vs_normal","group",24,"UNK",NA,83,83,10,0,10,"MeSH:D001943|STR:breast_cancer_cell_line|STR:breast_cancer_cells|STR:breast_cancer_mcf7_cells|STR:cd44low",TRUE
"group_L2_cbf380dc","disease_vs_normal","group",2,"UNK",NA,262,262,1,0,1,"STR:gastric_tumor",FALSE
"group_L2_cc4d0c4b","disease_vs_normal","group",2,"UNK",NA,127,127,0,0,0,"",FALSE
"group_L2_cc860879","disease_vs_normal","group",7,"UNK",NA,65,65,6,0,6,"STR:hbv_aclf|STR:idiopathic_pulmonary_fibrosis|STR:m|STR:non_responder|STR:presentation_all_patient",TRUE
"group_L2_ccce7ff9","cytokine_stim","group",2,"CHEBI:114785","erlotinib",2,2,0,1,1,"CHEBI:40629",FALSE
"group_L2_ccebe0ae","disease_vs_normal","group",3,"UNK",NA,11,11,0,0,0,"",FALSE
"group_L2_ccee2e77","pathogen_or_aggregate_exposure","group",7,"UNK",NA,396,396,0,0,0,"",FALSE
"group_L2_ccf96507","small_molecule","group",2,"UNK",NA,2,2,0,2,2,"STR:ola_pd_treated|STR:zy0511",TRUE
"group_L2_ccff7807","small_molecule","group",2,"UNK",NA,6,6,0,2,2,"STR:osimertinib_resistance|STR:s100a9_inh",TRUE
"group_L2_cd037590","disease_vs_normal","group",5,"UNK",NA,19,19,3,0,3,"MeSH:D011471|STR:human_prostate_tumor|STR:prostate_cancer_epithelium",TRUE
"group_L2_cd387c8b","disease_vs_normal","group",2,"UNK",NA,5,5,1,0,1,"STR:alps_fas",FALSE
"group_L2_cd4e99d7","small_molecule","group",2,"UNK",NA,4,4,0,2,2,"HGNC:METTL3|STR:stm2457_10um",TRUE
"group_L2_cd973c59","disease_vs_normal","group",2,"UNK",NA,6,6,1,0,1,"MeSH:D003110",FALSE
"group_L2_cda76ff8","small_molecule","group",2,"UNK",NA,153,153,0,10,10,"CHEBI:27265|CHEBI:30501|CHEBI:53197|CHEBI:73503|CHEBI:73506",TRUE
"group_L2_cdb79786","small_molecule","group",2,"CHEBI:123456","N-ethyl-2-[(2R,3R,6S)-3-[(4-fluorophenyl)sulfonylamino]-2-(hydroxymethyl)-3,6-dihydro-2H-pyran-6-yl]acetamide",2,2,0,2,2,"STR:bgj398_6h|STR:blu6864_24h",TRUE
"group_L2_cdc081f8","disease_vs_normal","group",4,"UNK",NA,57,57,2,0,2,"STR:adenocarcinoma|STR:wild_type",TRUE
"group_L2_ce59bd22","disease_vs_normal","group",5,"UNK",NA,18,18,3,0,3,"MeSH:D006528|STR:liver_tumor|STR:non_cirrhotic_hepatocellular_carcinoma",TRUE
"group_L2_ce722e16","disease_vs_normal","group",2,"UNK",NA,137,137,3,0,3,"STR:cd|STR:pediatric_ulcerative_colitis|STR:uc",TRUE
"group_L2_ceb8ae11","disease_vs_normal","group",2,"UNK",NA,2,2,1,0,1,"STR:lung_cancer_cell_lines",FALSE
"group_L2_cf0c85b6","pathogen_or_aggregate_exposure","group",2,"UNK",NA,8,8,0,2,2,"STR:hbv_rimonabant|STR:infected",TRUE
"group_L2_cf78340a","disease_vs_normal","group",2,"UNK",NA,16,16,2,0,2,"STR:non_alcoholic_fatty_liver_disease_nafld|STR:non_alcoholic_steatohepatitis_nash",TRUE
"group_L2_cfaf3082","small_molecule","group",2,"UNK",NA,3,3,0,2,2,"CHEBI:167694|STR:amuc_0904",TRUE
"group_L2_cfda10b5","disease_vs_normal","group",2,"UNK",NA,22,22,1,0,1,"STR:ms",FALSE
"group_L2_d0197de7","disease_vs_normal","group",5,"MeSH:D001943","Breast Neoplasms",12,12,1,0,1,"STR:human_luminal_a_breast_cancer_cells_source_atcc_htb_22",FALSE
"group_L2_d036a773","pathogen_or_aggregate_exposure","group",4,"UNK",NA,35,35,0,0,0,"",FALSE
"group_L2_d06eb47d","small_molecule","group",2,"MeSH:D000989","Antistreptolysin",8,8,0,0,0,"",FALSE
"group_L2_d0cfd5ee","disease_vs_normal","group",3,"UNK",NA,38,38,2,0,2,"MeSH:D002292|STR:renal_clear_cell_carcinoma",TRUE
"group_L2_d0d56daa","small_molecule","group",4,"UNK",NA,15,15,0,2,2,"STR:ib|STR:nrx",TRUE
"group_L2_d0d979ca","small_molecule","group",2,"CHEBI:63637","vemurafenib",3,3,0,0,0,"",FALSE
"group_L2_d15bfa60","small_molecule","group",2,"CHEBI:49603","lapatinib",16,16,0,0,0,"",FALSE
"group_L2_d2040aad","disease_vs_normal","group",3,"UNK",NA,10,10,3,0,3,"STR:hc|STR:non_diabetic|STR:non_lesional_skin",TRUE
"group_L2_d2519240","disease_vs_normal","group",2,"UNK",NA,10,10,1,0,1,"STR:colon_cancer_cell_line",FALSE
"group_L2_d28b16d7","small_molecule","group",2,"UNK",NA,195,195,0,1,1,"STR:vitcv",FALSE
"group_L2_d2c7ff90","pathogen_or_aggregate_exposure","group",2,"UNK",NA,183,183,0,0,0,"",FALSE
"group_L2_d33e00a3","disease_vs_normal","group",2,"UNK",NA,3,3,0,0,0,"",FALSE
"group_L2_d35e5f7b","disease_vs_normal","group",2,"UNK",NA,2,2,1,0,1,"STR:hcc",FALSE
"group_L2_d393c28b","disease_vs_normal","group",2,"UNK",NA,31,31,1,0,1,"STR:osteoarthritis",FALSE
"group_L2_d3a54cbf","small_molecule","group",2,"MeSH:D011279","Pregnanetriol",5,5,0,0,0,"",FALSE
"group_L2_d3e65c99","disease_vs_normal","group",2,"UNK",NA,7,7,0,0,0,"",FALSE
"group_L2_d405fdf6","small_molecule","group",2,"UNK",NA,17,17,0,2,2,"CHEBI:16044|STR:adenocarcinoma",TRUE
"group_L2_d4645dbd","small_molecule","group",4,"UNK",NA,10,10,0,1,1,"STR:plus_ser_gly_48_hr",FALSE
"group_L2_d479aa1f","small_molecule","group",2,"CHEBI:78821","ascr#3",3,3,0,0,0,"",FALSE
"group_L2_d48628f6","disease_vs_normal","group",2,"UNK",NA,22,22,0,0,0,"",FALSE
"group_L2_d4f15f7b","small_molecule","group",2,"CHEBI:94186","tubastatin A",6,6,0,2,2,"STR:1_microm_tubastatin_a|STR:1_um_tubastatin_a",TRUE
"group_L2_d52117a0","disease_vs_normal","group",3,"UNK",NA,225,225,1,0,1,"MeSH:D010361",FALSE
"group_L2_d58176cb","disease_vs_normal","group",2,"UNK",NA,109,109,1,0,1,"STR:hcc",FALSE
"group_L2_d5d7015c","disease_vs_normal","group",2,"UNK",NA,51,51,1,0,1,"STR:pbmc",FALSE
"group_L2_d5fbb473","disease_vs_normal","group",2,"STR:c535.480.460.450",NA,25,25,0,0,0,"",FALSE
"group_L2_d61c61a0","small_molecule","group",3,"CHEBI:50789","(3<i>S</i>)-3-hydroxy-<small>L</small>-asparagine",6,6,0,1,1,"STR:10_m_nutlin_3a_4hrs",FALSE
"group_L2_d62a53b8","small_molecule","group",2,"CHEBI:123456","N-ethyl-2-[(2R,3R,6S)-3-[(4-fluorophenyl)sulfonylamino]-2-(hydroxymethyl)-3,6-dihydro-2H-pyran-6-yl]acetamide",35,35,0,21,21,"CHEBI:132268|CHEBI:145372|CHEBI:145374|CHEBI:145428|CHEBI:173077",TRUE
"group_L2_d67c2235","pathogen_or_aggregate_exposure","group",2,"UNK",NA,9,9,0,1,1,"STR:mtb_h37rv_mcherry",FALSE
"group_L2_d68bfe1d","small_molecule","group",2,"UNK",NA,10,10,0,3,3,"STR:100ngpeptide|STR:10ngpeptide|STR:1ngpeptide",TRUE
"group_L2_d6d557c6","disease_vs_normal","group",2,"UNK",NA,4,4,1,0,1,"MeSH:D015470",FALSE
"group_L2_d71d344f","disease_vs_normal","group",4,"UNK",NA,65,65,1,0,1,"STR:non_diabetes",FALSE
"group_L2_d7232849","small_molecule","group",2,"CHEBI:41879","dexamethasone",15,15,0,1,1,"STR:dex_for_12h",FALSE
"group_L2_d7b4b106","disease_vs_normal","group",2,"UNK",NA,15,15,2,0,2,"MeSH:D016393|STR:castleman_disease",TRUE
"group_L2_d7c600c4","disease_vs_normal","group",3,"UNK",NA,20,20,2,0,2,"STR:ctl|STR:paratumor_non_cancerous_tissue",TRUE
"group_L2_d7ceceb4","disease_vs_normal","group",4,"UNK",NA,29,29,2,0,2,"STR:asthma|STR:diseased",TRUE
"group_L2_d7d9c428","small_molecule","group",7,"UNK",NA,15,15,0,7,7,"STR:1_micromolar_ctt251238|STR:30um_compound_3b|STR:byk204165_cisplatin|STR:lna_transfection|STR:p22077_20um",TRUE
"group_L2_d7ea22a6","pathogen_or_aggregate_exposure","group",9,"UNK",NA,381,381,0,0,0,"",FALSE
"group_L2_d7fb0ade","small_molecule","group",2,"UNK",NA,6,6,0,4,4,"CHEBI:232613|STR:t_025_100nm|STR:t_025_300nm|STR:wa_68_vq71",TRUE
"group_L2_d8f8d355","disease_vs_normal","group",13,"UNK",NA,245,245,8,0,8,"MeSH:D000077192|MeSH:D002294|MeSH:D009369|STR:distal_metastsis|STR:ipf",TRUE
"group_L2_d94d6efb","small_molecule","group",5,"UNK",NA,23,23,0,4,4,"STR:1_um_jq1_ifn_y|STR:metro|STR:sgi_1776_vhl_02|STR:tfb_tboa",TRUE
"group_L2_d962b2ce","disease_vs_normal","group",2,"UNK",NA,6,6,2,0,2,"STR:abc_dlbcl|STR:gc_dlbcl",TRUE
"group_L2_d97b03b1","disease_vs_normal","group",3,"UNK",NA,11,11,3,0,3,"STR:alps_fas|STR:liposarcoma|STR:myxofibrosarcoma",TRUE
"group_L2_d97b3660","disease_vs_normal","group",2,"UNK",NA,5,5,1,0,1,"MeSH:D004915",FALSE
"group_L2_d997e85f","disease_vs_normal","group",2,"UNK",NA,2,2,0,0,0,"",FALSE
"group_L2_d9c87dff","disease_vs_normal","group",2,"UNK",NA,3,3,2,0,2,"MeSH:D008545|MeSH:D012878",TRUE
"group_L2_d9ce85ea","disease_vs_normal","group",4,"UNK",NA,96,96,7,0,7,"MeSH:D001932|STR:astrocytoma_grade_ii|STR:astrocytoma_grade_iii|STR:at_rt_tumor|STR:glioblastoma_grade_iv",TRUE
"group_L2_d9ddc286","small_molecule","group",4,"UNK",NA,12,12,0,3,3,"HGNC:PCYT1A|STR:2d_cluture|STR:fc",TRUE
"group_L2_d9e39aca","disease_vs_normal","group",5,"UNK",NA,27,27,0,0,0,"",FALSE
"group_L2_da668062","disease_vs_normal","group",2,"UNK",NA,2,2,2,0,2,"MeSH:D010190|STR:patient_derived_pdac",TRUE
"group_L2_da96766a","small_molecule","group",3,"UNK",NA,7,7,0,3,3,"STR:24hr_r428|STR:sipvt1|STR:treatment",TRUE
"group_L2_da9c5800","disease_vs_normal","group",2,"UNK",NA,32,32,0,0,0,"",FALSE
"group_L2_dad0d784","disease_vs_normal","group",5,"UNK",NA,20,20,0,0,0,"",FALSE
"group_L2_db1180d6","disease_vs_normal","group",2,"UNK",NA,32,32,1,0,1,"STR:adenocarcinoma",FALSE
"group_L2_db5caef4","small_molecule","group",2,"STR:dovitinib","Dovitinib",3,3,0,1,1,"STR:dovitinib",FALSE
"group_L2_dba16314","disease_vs_normal","group",2,"UNK",NA,2,2,1,0,1,"STR:tnbc",FALSE
"group_L2_dc3f036b","disease_vs_normal","group",4,"UNK",NA,178,178,2,0,2,"MeSH:D003424|STR:chrohn_s_disease",TRUE
"group_L2_dc4215e0","small_molecule","group",2,"CHEBI:41774","tamoxifen",16,16,0,0,0,"",FALSE
"group_L2_dc8a5a2b","disease_vs_normal","group",5,"UNK",NA,12,12,3,0,3,"MeSH:D001943|STR:adenocarcinoma_breast|STR:mcf7_breast_cancer_cell_line",TRUE
"group_L2_dcf1ebb7","small_molecule","group",2,"UNK",NA,2,2,0,2,2,"STR:1_week_0_5um_neo2734_treated|STR:gefitinib_selected",TRUE
"group_L2_dcf8df65","small_molecule","group",2,"CHEBI:63630","tolcapone",31,31,0,0,0,"",FALSE
"group_L2_dd359d48","disease_vs_normal","group",2,"UNK",NA,4,4,0,0,0,"",FALSE
"group_L2_de50fd27","disease_vs_normal","group",10,"UNK",NA,156,156,8,0,8,"MeSH:D009362|MeSH:D011471|MeSH:D065626|STR:colorectal_cancer_liver_metastases_crclm|STR:distal_metastsis",TRUE
"group_L2_def2c100","disease_vs_normal","group",2,"UNK",NA,4,4,0,0,0,"",FALSE
"group_L2_dfa6dfe9","disease_vs_normal","group",2,"UNK",NA,8,8,0,0,0,"",FALSE
"group_L2_e036112d","disease_vs_normal","group",8,"UNK",NA,58,58,3,0,3,"MeSH:D001172|STR:sle_non_cmd|STR:symptomatic",TRUE
"group_L2_e058e952","small_molecule","group",2,"CHEBI:88017","α-mycolate type-1 (II)",5,5,0,4,4,"CHEBI:132268|CHEBI:39112|CHEBI:72317|CHEBI:75045",TRUE
"group_L2_e0595efc","disease_vs_normal","group",2,"UNK",NA,7,7,0,0,0,"",FALSE
"group_L2_e09be086","small_molecule","group",2,"CHEBI:134201","<em>P</em>-{α-<small>D</small>-Glc<em>p</em>NAc-(1→3)-[<small>D</small>-GroA-(2→1)]-α-<small>D</small>-Glc<em>p</em>NAc-6-yl}-α-<small>D</small>-Glc<em>p</em>NAc-(1→3)-[<em>P</em>-6-[CH<small><sub>2</sub></small>]<small><sub>5</sub></small>NH<small><sub>2</sub></small>]-α-<small>D</small>-Glc<em>p</em>NAc-(1→2)-<small>D</small>-GroA",21,21,0,19,19,"CHEBI:131174|CHEBI:177609|CHEBI:177705|CHEBI:193137|CHEBI:231350",TRUE
"group_L2_e0b6d730","small_molecule","group",2,"CHEBI:16515","3-ADP-glyceric acid",2,2,0,1,1,"STR:10_nm_1",FALSE
"group_L2_e10e9119","disease_vs_normal","group",2,"UNK",NA,3,3,2,0,2,"MeSH:D008175|STR:human_lung_cancer",TRUE
"group_L2_e11f0d88","disease_vs_normal","group",3,"UNK",NA,30,30,0,0,0,"",FALSE
"group_L2_e12b8f11","disease_vs_normal","group",2,"UNK",NA,2,2,2,0,2,"STR:lung_adenocarcinoma_cell|STR:lung_cancer_cells",TRUE
"group_L2_e1c1305d","small_molecule","group",2,"UNK",NA,4,4,0,1,1,"STR:anastrozole_and_estradiol",FALSE
"group_L2_e2203036","small_molecule","group",2,"MeSH:D000989","Antistreptolysin",10,10,0,0,0,"",FALSE
"group_L2_e23956ae","disease_vs_normal","group",2,"UNK",NA,4,4,1,0,1,"STR:high_grade_serous_ovarian_cancer",FALSE
"group_L2_e273d5ef","small_molecule","group",2,"UNK",NA,6,6,0,1,1,"CHEBI:137113",FALSE
"group_L2_e297b832","small_molecule","group",2,"CHEBI:75597","dT<small><sub>8</sub></small>",25,25,0,0,0,"",FALSE
"group_L2_e2986cc2","disease_vs_normal","group",2,"UNK",NA,16,16,0,0,0,"",FALSE
"group_L2_e29ef98d","disease_vs_normal","group",2,"UNK",NA,7,7,1,0,1,"STR:mds",FALSE
"group_L2_e2df6c0a","disease_vs_normal","group",2,"UNK",NA,4,4,0,0,0,"",FALSE
"group_L2_e3045cb4","disease_vs_normal","group",2,"UNK",NA,2,2,2,0,2,"MeSH:D000077195|STR:severe_periodontitis",TRUE
"group_L2_e378cdd3","disease_vs_normal","group",2,"UNK",NA,9,9,1,0,1,"STR:poor_risk_aml_patient",FALSE
"group_L2_e37c2f13","small_molecule","group",2,"MeSH:D009428","Netilmicin",2,2,0,0,0,"",FALSE
"group_L2_e3b77743","small_molecule","group",3,"UNK",NA,14,14,0,1,1,"STR:s217879",FALSE
"group_L2_e41d1c30","disease_vs_normal","group",3,"UNK",NA,5,5,2,0,2,"STR:colorectal_adenocarcinoma_cell_line_ht29|STR:colorectal_cancer_cell_line",TRUE
"group_L2_e4244792","small_molecule","group",2,"CHEBI:3139","bleomycin A<small><sub>2</sub></small>",3,3,0,1,1,"CHEBI:3139",FALSE
"group_L2_e4323bc9","small_molecule","group",2,"UNK",NA,12,12,0,1,1,"CHEBI:232752",FALSE
"group_L2_e447e01d","small_molecule","group",2,"UNK",NA,14,14,0,4,4,"STR:a485_24_h|STR:high_gd2|STR:jqad1_24_h|STR:low_gd2",TRUE
"group_L2_e4486db4","disease_vs_normal","group",2,"UNK",NA,21,21,0,0,0,"",FALSE
"group_L2_e48b6c4a","disease_vs_normal","group",2,"UNK",NA,7,7,0,0,0,"",FALSE
"group_L2_e498fb5b","cytokine_stim","group",2,"CHEBI:16994","1-(β-<small>D</small>-galactosyl)-2-(2-hydroxyacyl)sphingosine",16,16,0,2,2,"STR:ifn|STR:ifn_gamma",TRUE
"group_L2_e4a2fab2","disease_vs_normal","group",2,"UNK",NA,40,40,2,0,2,"STR:laryngeal_cancer_without_thyroid_lesions|STR:papillary_thyroid_carcinoma_ptc",TRUE
"group_L2_e548f21b","disease_vs_normal","group",2,"UNK",NA,2,2,2,0,2,"STR:ovarian_epithelial_serous_carcinoma|STR:ovarian_serous_adenocarcinoma",TRUE
"group_L2_e55a66c1","small_molecule","group",2,"UNK",NA,16,16,0,1,1,"STR:chemo",FALSE
"group_L2_e5a58fa4","small_molecule","group",2,"UNK",NA,10,10,0,3,3,"CHEBI:231598|STR:cj28_30_m|STR:pri_724",TRUE
"group_L2_e5ac4146","disease_vs_normal","group",16,"UNK",NA,52,52,7,0,7,"MeSH:D001943|STR:breast_cancer_cells|STR:breast_cancer_t47d_cells|STR:cancer_cell_line|STR:human_breast_cancer_cells",TRUE
"group_L2_e5df2e9d","disease_vs_normal","group",5,"UNK",NA,52,52,3,0,3,"MeSH:D000093284|MeSH:D001749|STR:stage_1_bladder_cancer_tumor",TRUE
"group_L2_e62ce31a","small_molecule","group",2,"CHEBI:28119","2,3,7,8-tetrachlorodibenzodioxine",5,5,0,1,1,"CHEBI:28119",FALSE
"group_L2_e645e4ae","disease_vs_normal","group",4,"UNK",NA,14,14,1,0,1,"MeSH:D044584",FALSE
"group_L2_e6599d95","small_molecule","group",5,"UNK",NA,9,9,0,6,6,"CHEBI:15603|CHEBI:16044|STR:erk_inhibitor_3_hours_at_1um|STR:il4_compound_treated|STR:mek_inhibitor_3_hours_at_0_2_um",TRUE
"group_L2_e66e5cc8","pathogen_or_aggregate_exposure","group",12,"UNK",NA,360,360,0,0,0,"",FALSE
"group_L2_e6de8342","disease_vs_normal","group",2,"UNK",NA,5,5,0,0,0,"",FALSE
"group_L2_e6ee8b5d","disease_vs_normal","group",2,"UNK",NA,2,2,1,0,1,"MeSH:D002289",FALSE
"group_L2_e800744a","disease_vs_normal","group",2,"UNK",NA,2,2,1,0,1,"STR:oe",FALSE
"group_L2_e84f0801","pathogen_or_aggregate_exposure","group",3,"UNK",NA,20,20,0,6,6,"STR:ama1|STR:csp|STR:hbs|STR:mtb|STR:t_gondii_strain_pru",TRUE
"group_L2_e8568228","small_molecule","group",3,"UNK",NA,10,10,0,4,4,"STR:1_nm_e2|STR:1_um_s_equol|STR:10_nm_e2|STR:e2_doxycycline_ici_during_invasion",TRUE
"group_L2_e8cdd8fe","disease_vs_normal","group",12,"UNK",NA,523,523,11,0,11,"MeSH:D010051|MeSH:D012595|MeSH:D029424|STR:cd|STR:dle",TRUE
"group_L2_e90f97a4","pathogen_or_aggregate_exposure","group",2,"UNK",NA,16,16,0,2,2,"STR:hhv5|STR:pma_induction_and_h37ra_infection_for_4h",TRUE
"group_L2_e96187e0","small_molecule","group",2,"UNK",NA,7,7,0,0,0,"",FALSE
"group_L2_e96a01b5","disease_vs_normal","group",2,"UNK",NA,77,77,0,0,0,"",FALSE
"group_L2_ea204b44","small_molecule","group",2,"CHEBI:134226","β-<small>D</small>-Man<em>p</em>NAc-(1→3)-α-<small>L</small>-Fuc<em>p</em>NAc-(1→3)-α-<small>D</small>-Gal<em>p</em>NAc-(1→4)-α-<small>D</small>-Gal<em>p</em>O[CH<small><sub>2</sub></small>]<small><sub>5</sub></small>NH<small><sub>2</sub></small>",2,2,0,2,2,"CHEBI:137113|STR:5_um_3_bromoascochlorin_bas",TRUE
"group_L2_ea36b988","disease_vs_normal","group",4,"UNK",NA,21,21,3,0,3,"STR:colon_cancer_stage_ii_iv|STR:crc|STR:without_metastasis",TRUE
"group_L2_ea3d1fdd","small_molecule","group",2,"MeSH:D004002","Clodronic Acid",5,5,0,0,0,"",FALSE
"group_L2_ea7bb8a6","small_molecule","group",2,"CHEBI:231598","tazemetostat",4,4,0,2,2,"CHEBI:231598|STR:5_um_tazemetostat",TRUE
"group_L2_ea984363","small_molecule","group",2,"UNK",NA,5,5,0,0,0,"",FALSE
"group_L2_eb73c4ba","small_molecule","group",2,"UNK",NA,19,19,0,1,1,"STR:rej",FALSE
"group_L2_eb8c9ee1","disease_vs_normal","group",2,"UNK",NA,6,6,1,0,1,"STR:breast_cancer_cell_line",FALSE
"group_L2_ebe04e4d","disease_vs_normal","group",2,"UNK",NA,4,4,2,0,2,"STR:intestine_and_colon_tumor_pool_2_n_3_donors|STR:intestine_and_colon_tumor_tissue_biopsy",TRUE
"group_L2_ec06f2fb","disease_vs_normal","group",2,"UNK",NA,7,7,1,0,1,"STR:lncap_rb1_tp53_double_knockout_human_prostate_tumor_cell_line",FALSE
"group_L2_ec1e8724","disease_vs_normal","group",2,"UNK",NA,2,2,0,0,0,"",FALSE
"group_L2_ec7a4aba","pathogen_or_aggregate_exposure","group",2,"UNK",NA,3,3,0,1,1,"STR:infected",FALSE
"group_L2_ec94b954","disease_vs_normal","group",12,"UNK",NA,89,89,8,0,8,"MeSH:D009369|MeSH:D011471|MeSH:D065626|STR:fibrosis|STR:hcc",TRUE
"group_L2_ece255a5","pathogen_or_aggregate_exposure","group",2,"STR:mixed candida/bacterial","Mixed Candida/bacterial",12,12,0,0,0,"",FALSE
"group_L2_ed0a83ed","disease_vs_normal","group",5,"UNK",NA,16,16,2,0,2,"STR:adenocarcinoma|STR:mda_mb_231_breast_cancer_cells",TRUE
"group_L2_ed174907","disease_vs_normal","group",2,"UNK",NA,66,66,1,0,1,"STR:endometrioid_endometrial_cancer",FALSE
"group_L2_ed19716d","small_molecule","group",2,"CHEBI:145431","indisulam",4,4,0,1,1,"CHEBI:145431",FALSE
"group_L2_ed23b7ce","small_molecule","group",2,"UNK",NA,9,9,0,2,2,"STR:ms023_250nm|STR:ms023_gsk591",TRUE
"group_L2_ed36ecaa","disease_vs_normal","group",2,"UNK",NA,20,20,1,0,1,"STR:cancer_tissue",FALSE
"group_L2_ed956258","small_molecule","group",2,"UNK",NA,9,9,0,3,3,"STR:cort_low3|STR:cort_low6|STR:rna",TRUE
"group_L2_ed972f4c","disease_vs_normal","group",2,"UNK",NA,2,2,1,0,1,"STR:uterine_leiomyosarcoma",FALSE
"group_L2_edecbdf1","disease_vs_normal","group",2,"UNK",NA,9,9,1,0,1,"STR:prostate_adenocarcinoma",FALSE
"group_L2_ee80a8ff","disease_vs_normal","group",6,"UNK",NA,11,11,3,0,3,"STR:hepatocellular_carcinoma_cells|STR:liver_hepatocellular_carcinoma|STR:liver_tumor",TRUE
"group_L2_ef83e3fc","small_molecule","group",6,"UNK",NA,22,22,0,8,8,"CHEBI:27847|STR:bleomycin_alpha_lipoic_acid|STR:bleomycin_curcumin|STR:bleomycin_nad|STR:bleomycin_nmn",TRUE
"group_L2_ef872eab","disease_vs_normal","group",2,"UNK",NA,9,9,2,0,2,"MeSH:D010001|STR:erosive_rheumatoid_arthritis_ra",TRUE
"group_L2_ef9df7f0","disease_vs_normal","group",2,"UNK",NA,18,18,1,0,1,"STR:pancreatic_ductal_adenocarcinoma",FALSE
"group_L2_efde2a7d","disease_vs_normal","group",2,"UNK",NA,2,2,1,0,1,"MeSH:D010634",FALSE
"group_L2_f01736f6","disease_vs_normal","group",20,"UNK",NA,79,79,6,0,6,"STR:basal_like|STR:breast_cancer_cell_line|STR:breast_cancer_cell_line_mda_mb_231|STR:breast_cancer_cell_line_mda_mb_231_untreated|STR:breast_cancer_cells",TRUE
"group_L2_f047c1ce","disease_vs_normal","group",3,"UNK",NA,40,40,0,0,0,"",FALSE
"group_L2_f0535bdf","disease_vs_normal","group",5,"UNK",NA,42,42,6,0,6,"STR:adenocarcinoma_nos|STR:esophagus_cancer_patient|STR:liver_cancer_patient|STR:myocardial_infarction_patient_without_cardiac_remodeling|STR:neuroendocrine_carcinoma",TRUE
"group_L2_f0742962","small_molecule","group",2,"CHEBI:50709","<small>D</small>-homomethionine",2,2,0,0,0,"",FALSE
"group_L2_f0892d00","disease_vs_normal","group",2,"UNK",NA,14,14,0,0,0,"",FALSE
"group_L2_f0c6151d","small_molecule","group",2,"CHEBI:133920","<em>N</em>-hydroxy-PhIP",2,2,0,1,1,"STR:treated_for_48_hours_with_10_um_ag1478",FALSE
"group_L2_f1a06150","disease_vs_normal","group",2,"MeSH:D006559","Pemphigoid Gestationis",3,3,1,0,1,"MeSH:D006528",FALSE
"group_L2_f1ee80d0","disease_vs_normal","group",2,"UNK",NA,4,4,0,0,0,"",FALSE
"group_L2_f2316310","disease_vs_normal","group",2,"UNK",NA,34,34,1,0,1,"STR:melanoma_tumour",FALSE
"group_L2_f2a433e7","small_molecule","group",2,"UNK",NA,12,12,0,6,6,"STR:cells_treated_with_gsk126|STR:cells_treated_with_merck60|STR:treated_with_10_mm_of_ibap|STR:treated_with_10_mm_of_ibapii|STR:treated_with_20_mm_of_ibap",TRUE
"group_L2_f2e2589e","disease_vs_normal","group",2,"UNK",NA,26,26,7,0,7,"MeSH:D003882|STR:ad|STR:ftd|STR:mdd|STR:ms",TRUE
"group_L2_f308a324","disease_vs_normal","group",2,"UNK",NA,69,69,3,0,3,"STR:arthralgia|STR:rheumatoid_arthritis_early|STR:rheumatoid_arthritis_established",TRUE
"group_L2_f326f1cb","disease_vs_normal","group",2,"UNK",NA,176,176,3,0,3,"STR:ild_pss|STR:non_ild_pss|STR:pss",TRUE
"group_L2_f34a89a0","disease_vs_normal","group",2,"UNK",NA,30,30,2,0,2,"STR:liver|STR:tumor_totalrna",TRUE
"group_L2_f37823b2","disease_vs_normal","group",3,"UNK",NA,8,8,1,0,1,"MeSH:D011471",FALSE
"group_L2_f37c8994","pathogen_or_aggregate_exposure","group",2,"UNK",NA,18,18,0,0,0,"",FALSE
"group_L2_f3e992a9","small_molecule","group",2,"CHEBI:123456","N-ethyl-2-[(2R,3R,6S)-3-[(4-fluorophenyl)sulfonylamino]-2-(hydroxymethyl)-3,6-dihydro-2H-pyran-6-yl]acetamide",2,2,0,2,2,"STR:osimertinib_2_um|STR:osimertinib_selected",TRUE
"group_L2_f421d575","disease_vs_normal","group",2,"UNK",NA,5,5,2,0,2,"MeSH:D002289|STR:nci_h1703_lung_cancer_cell_line",TRUE
"group_L2_f45149dd","disease_vs_normal","group",2,"UNK",NA,5,5,0,0,0,"",FALSE
"group_L2_f47354d2","disease_vs_normal","group",13,"UNK",NA,110,110,11,0,11,"MeSH:D006528|MeSH:D009369|STR:ccoc|STR:enoc|STR:hcc",TRUE
"group_L2_f4d21efa","disease_vs_normal","group",2,"UNK",NA,5,5,1,0,1,"STR:lung_tumor_tissue_derived_cell_line_h1975_vehicle",FALSE
"group_L2_f5278f04","disease_vs_normal","group",2,"UNK",NA,16,16,2,0,2,"STR:crohn_s_disease_cd_or_ulcerative_colitis_uc|STR:ibd",TRUE
"group_L2_f5d20634","disease_vs_normal","group",2,"UNK",NA,31,31,1,0,1,"STR:uc",FALSE
"group_L2_f5d45d10","small_molecule","group",2,"UNK",NA,18,18,0,4,4,"CHEBI:13193|CHEBI:16857|STR:msp_1hr|STR:msp_4hr",TRUE
"group_L2_f612935b","disease_vs_normal","group",9,"UNK",NA,156,156,5,0,5,"STR:3|STR:4|STR:gbm|STR:medulloblastoma|STR:multiple_sclerosis",TRUE
"group_L2_f63f1117","disease_vs_normal","group",2,"UNK",NA,324,324,17,0,17,"MeSH:D004938|MeSH:D006528|MeSH:D006689|MeSH:D006976|MeSH:D010051",TRUE
"group_L2_f663a495","disease_vs_normal","group",2,"UNK",NA,3,3,0,0,0,"",FALSE
"group_L2_f67c696b","pathogen_or_aggregate_exposure","group",2,"UNK",NA,5,5,0,1,1,"STR:infected_with_sars_cov2_p11",FALSE
"group_L2_f6d5040b","disease_vs_normal","group",2,"UNK",NA,3,3,1,0,1,"STR:human_breast_cancer_cell",FALSE
"group_L2_f74b4d17","small_molecule","group",19,"UNK",NA,178,178,0,86,86,"CHEBI:137270|CHEBI:146227|CHEBI:167658|CHEBI:193137|CHEBI:194301",TRUE
"group_L2_f75d7ba3","disease_vs_normal","group",4,"UNK",NA,12,12,2,0,2,"MeSH:D001943|STR:human_triple_negative_breast_cancer",TRUE
"group_L2_f7d88c4d","small_molecule","group",2,"CHEBI:50280","(<i>R</i>)-lavandulyl diphosphate",2,2,0,1,1,"CHEBI:38940",FALSE
"group_L2_f7fd31c0","disease_vs_normal","group",2,"UNK",NA,83,83,6,0,6,"MeSH:D002294|MeSH:D008175|STR:adenocarcinoma|STR:advanced|STR:limited",TRUE
"group_L2_f837ae66","pathogen_or_aggregate_exposure","group",3,"UNK",NA,154,154,0,0,0,"",FALSE
"group_L2_f8a2a82b","small_molecule","group",5,"UNK",NA,17,17,0,5,5,"STR:1_g_ml_1_ato_for_24_h|STR:compound_19_048_2um|STR:ctl|STR:jxy_treatment|STR:pzh_treatment",TRUE
"group_L2_f8c35160","disease_vs_normal","group",5,"UNK",NA,45,45,0,0,0,"",FALSE
"group_L2_f8d85b89","disease_vs_normal","group",2,"UNK",NA,37,37,3,0,3,"STR:parkinson_s_disease|STR:psychosis_bipolar|STR:psychosis_schizophrenia",TRUE
"group_L2_f8fb9a89","disease_vs_normal","group",2,"UNK",NA,4,4,1,0,1,"MeSH:D002294",FALSE
"group_L2_f92cd3c9","disease_vs_normal","group",2,"UNK",NA,5,5,2,0,2,"MeSH:D006435|MeSH:D006528",TRUE
"group_L2_f94fc045","disease_vs_normal","group",4,"UNK",NA,9,9,2,0,2,"STR:breast_cancer_cell_line|STR:bt_474_breast_cancer_cell_line",TRUE
"group_L2_f999bfcb","disease_vs_normal","group",2,"UNK",NA,2,2,1,0,1,"STR:tnbc",FALSE
"group_L2_f9a67045","small_molecule","group",2,"UNK",NA,45,45,0,1,1,"STR:pd_1_blockade",FALSE
"group_L2_f9d9d585","small_molecule","group",3,"UNK",NA,15,15,0,3,3,"STR:24hr_1_um_oa_beta_method_b_tseng_et_al_2017|STR:gard|STR:treated",TRUE
"group_L2_f9eea97d","small_molecule","group",2,"CHEBI:229222","capivasertib",3,3,0,1,1,"CHEBI:229222",FALSE
"group_L2_fa2364ad","small_molecule","group",5,"CHEBI:17120","hexanoate",12,12,0,2,2,"STR:il4_and_lps_co_exposed_for_24_hours|STR:lps_exposed_for_24_hours",TRUE
"group_L2_fa44d28a","disease_vs_normal","group",2,"UNK",NA,7,7,1,0,1,"MeSH:D054218",FALSE
"group_L2_fa5e118f","pathogen_or_aggregate_exposure","group",2,"STR:candidemia","Candidemia",15,15,0,0,0,"",FALSE
"group_L2_fab7303b","small_molecule","group",2,"MeSH:D000988","Antispermatogenic Agents",5,5,0,0,0,"",FALSE
"group_L2_fb0b124e","disease_vs_normal","group",3,"UNK",NA,84,84,1,0,1,"MeSH:D015470",FALSE
"group_L2_fb2b693f","disease_vs_normal","group",7,"UNK",NA,20,20,4,0,4,"STR:cancer_cell_line|STR:colon_cancer_cell|STR:colon_cancer_cell_line|STR:hct_116_human_colon_adenocarcinoma",TRUE
"group_L2_fb6c3adb","disease_vs_normal","group",9,"MeSH:D000544","Alzheimer Disease",9,9,0,0,0,"",FALSE
"group_L2_fb85fb95","pathogen_or_aggregate_exposure","group",2,"UNK",NA,10,10,0,0,0,"",FALSE
"group_L2_fbd484f5","small_molecule","group",2,"UNK",NA,11,11,0,2,2,"CHEBI:15702|STR:pma_induction",TRUE
"group_L2_fbdca6b8","pathogen_or_aggregate_exposure","group",2,"UNK",NA,27,27,0,2,2,"STR:c_trachomatis_stimulation_and_hiv_1_coinfection|STR:hiv_1_infection",TRUE
"group_L2_fc96923f","disease_vs_normal","group",2,"UNK",NA,10,10,0,0,0,"",FALSE
"group_L2_fcafd5de","disease_vs_normal","group",12,"UNK",NA,317,317,18,0,18,"MeSH:D000544|STR:gliadel_non_responding|STR:gliadel_responding|STR:glioblastoma|STR:patient_10_glioblastoma_rna_seq_of_brain_tumor_tissue",TRUE
"group_L2_fd743f19","disease_vs_normal","group",3,"UNK",NA,3,3,0,0,0,"",FALSE
"group_L2_fd7c8f2c","small_molecule","group",4,"CHEBI:16469","17β-estradiol",12,12,0,2,2,"CHEBI:50114|STR:e2",TRUE
"group_L2_fdfc6b5b","disease_vs_normal","group",2,"UNK",NA,4,4,0,0,0,"",FALSE
"group_L2_fe09db64","disease_vs_normal","group",7,"UNK",NA,19,19,4,0,4,"MeSH:D002289|MeSH:D008175|STR:human_non_small_cell_lung_carcinoma|STR:lung_cancer_cells",TRUE
"group_L2_fe46b48a","disease_vs_normal","group",3,"UNK",NA,127,127,0,0,0,"",FALSE
"group_L2_fe46fe2f","small_molecule","group",3,"UNK",NA,8,8,0,3,3,"STR:ms023_250nm|STR:ms023_gsk591|STR:vtp50469",TRUE
"group_L2_ff0137d4","disease_vs_normal","group",3,"UNK",NA,7,7,3,0,3,"MeSH:D000077192|MeSH:D008175|STR:h3122_lung_cancer_cell_line",TRUE
"group_L2_ff441b8e","disease_vs_normal","group",4,"UNK",NA,195,195,7,0,7,"MeSH:D006521|STR:advanced_hcc|STR:biliary_atresia|STR:dysplastic_nodule|STR:early_hcc",TRUE
"group_L2_ff728f09","pathogen_or_aggregate_exposure","group",2,"STR:covid-19","COVID-19",36,36,0,0,0,"",FALSE
"group_L2_ff871b56","disease_vs_normal","group",2,"UNK",NA,5,5,2,0,2,"STR:myxofibrosarcoma|STR:patient_with_severe_pre_eclampsia",TRUE
"group_L3_0081763f","disease_vs_normal","group",2,"UNK",NA,9,9,2,0,2,"STR:pcos_myotubes|STR:pcos_noeps_null",TRUE
"group_L3_008180d3","disease_vs_normal","group",70,"UNK",NA,220,220,20,0,20,"STR:22rv1_atcc_crl_2505_human_prostate_tumor_cell_line|STR:c4_2_prostate_cancer_cell_line|STR:du145_atcc_htb_81_human_prostate_tumor_cell_line|STR:human_prostate_adenocarcinoma_cells|STR:human_prostate_cancer",TRUE
"group_L3_00b171ae","disease_vs_normal","group",2,"UNK",NA,21,21,7,0,7,"STR:paracancerous_tissue|STR:paracancerous_tissue1|STR:paracancerous_tissue2|STR:paracancerous_tissue3|STR:paracancerous_tissue4",TRUE
"group_L3_00c5ffe3","cytokine_stim","group",2,"UNK",NA,4,4,0,1,1,"STR:hgf_treated",FALSE
"group_L3_00df2480","small_molecule","group",2,"MeSH:D009428","Netilmicin",2,2,0,0,0,"",FALSE
"group_L3_00f41af9","disease_vs_normal","group",2,"UNK",NA,14,14,2,0,2,"MeSH:D010190|STR:liver_metastasis",TRUE
"group_L3_00f6f0c7","small_molecule","group",2,"MeSH:D010196","Pancreatic Elastase",3,3,0,0,0,"",FALSE
"group_L3_01081bc7","small_molecule","group",2,"UNK",NA,5,5,0,2,2,"CHEBI:138650|STR:anti_lcn2_monoclonal_antibody",TRUE
"group_L3_0111af9d","small_molecule","group",2,"UNK",NA,20,20,0,4,4,"CHEBI:42768|STR:12_5_um_arg|STR:400_um_arg|STR:fur",TRUE
"group_L3_011caea5","small_molecule","group",4,"UNK",NA,7,7,0,5,5,"HGNC:YWHAG|STR:egf_9h_plus_c75_6h|STR:kj_pyr_9|STR:kj_pyr_9_dex|STR:mb3",TRUE
"group_L3_01554e65","disease_vs_normal","group",3,"UNK",NA,66,66,3,0,3,"MeSH:D003093|STR:cholangiocarcinoma|STR:chrohn_s_disease",TRUE
"group_L3_017dbe56","disease_vs_normal","group",7,"UNK",NA,72,72,9,0,9,"MeSH:D045743|STR:hepatocellcular_carcinoma_patient|STR:limited_systemic_sclerosis|STR:non_cutaneous_systemic_sclerosis|STR:patient_with_sickle_cell_disease",TRUE
"group_L3_019917ba","cytokine_stim","group",2,"CHEBI:17236","2-hydroxy-6-oxohexa-2,4-dienoic acid",18,18,0,3,3,"STR:1000_iu_ml_interferon_alpha_2b_1h|STR:1000_iu_ml_interferon_alpha_2b_2h|STR:ifn_alpha",TRUE
"group_L3_01c93c63","disease_vs_normal","group",2,"UNK",NA,3,3,0,0,0,"",FALSE
"group_L3_01d5e5fb","pathogen_or_aggregate_exposure","group",3,"UNK",NA,10,10,0,0,0,"",FALSE
"group_L3_0247448c","disease_vs_normal","group",2,"UNK",NA,53,53,1,0,1,"STR:asthma",FALSE
"group_L3_0253eb25","small_molecule","group",2,"UNK",NA,9,9,0,1,1,"STR:pnm",FALSE
"group_L3_0263c98b","small_molecule","group",16,"UNK",NA,48,48,0,14,14,"CHEBI:140936|CHEBI:167694|CHEBI:42530|HGNC:NELFE|STR:1_g_ml_1_ato_for_24_h",TRUE
"group_L3_026996a7","disease_vs_normal","group",4,"UNK",NA,19,19,3,0,3,"MeSH:D009369|STR:pancreas_epithelial_cell_carcinoma|STR:pancreatic_adenocarcinoma",TRUE
"group_L3_027b7f45","pathogen_or_aggregate_exposure","group",8,"UNK",NA,35,35,0,11,11,"STR:infected_with_sars_cov2_p11|STR:infected_with_sars_cov2_stock|STR:infected_with_shaan_virus_for_24hours|STR:infected_with_shaan_virus_p3|STR:infected_with_shaan_virus_p43",TRUE
"group_L3_0291cf6d","disease_vs_normal","group",2,"UNK",NA,10,10,0,0,0,"",FALSE
"group_L3_02ddd885","small_molecule","group",2,"CHEBI:175901","gemcitabine",3,3,0,1,1,"CHEBI:175901",FALSE
"group_L3_03cc2150","disease_vs_normal","group",4,"UNK",NA,18,18,2,0,2,"STR:idiopathic_pulmonary_arterial_hypertension_ipah|STR:ipah",TRUE
"group_L3_03d1bd17","disease_vs_normal","group",10,"UNK",NA,61,61,7,0,7,"MeSH:D064593|STR:human_prostate_cancer|STR:ltl331r_ltl331_castration_relapsed_tumor|STR:metastasized_prostate_cancer_xenograft|STR:patient_derived_xenograft_prostate_cancer",TRUE
"group_L3_03e86cfc","disease_vs_normal","group",2,"MeSH:D005754",NA,2,2,0,0,0,"",FALSE
"group_L3_043836e7","disease_vs_normal","group",2,"MeSH:D006290","Health Planning Technical Assistance",2,2,0,0,0,"",FALSE
"group_L3_0497daa1","small_molecule","group",11,"UNK",NA,39,39,0,11,11,"CHEBI:15603|CHEBI:16044|CHEBI:178199|CHEBI:27777|STR:erk_inhibitor_3_hours_at_1um",TRUE
"group_L3_04a7638d","disease_vs_normal","group",6,"UNK",NA,120,120,0,0,0,"",FALSE
"group_L3_04acdf15","small_molecule","group",2,"UNK",NA,1,1,0,1,1,"STR:treated_with_50_mm_agr_for_4_hours",FALSE
"group_L3_05011c69","disease_vs_normal","group",2,"UNK",NA,23,23,0,0,0,"",FALSE
"group_L3_05187e8f","small_molecule","group",2,"CHEBI:79605","3-allyloxyestra-1,3,5(10),7-tetraene-16,17-dione dioxime",25,25,0,0,0,"",FALSE
"group_L3_052f5389","small_molecule","group",2,"CHEBI:35285","iminium betaine",2,2,0,1,1,"STR:5_aza_cdr",FALSE
"group_L3_05330405","disease_vs_normal","group",6,"UNK",NA,69,69,1,0,1,"STR:crohn_s_disease_cd_or_ulcerative_colitis_uc",FALSE
"group_L3_0544b55d","disease_vs_normal","group",26,"UNK",NA,88,88,7,0,7,"MeSH:D011471|STR:castration_resistant_adenocarcinoma|STR:neuroendocrine_prostate_cancer|STR:pc_3_prostate_cancer_cell_line|STR:prostate_adenocarcinoma",TRUE
"group_L3_054862b7","disease_vs_normal","group",3,"UNK",NA,9,9,4,0,4,"MeSH:D015179|STR:colorectal_cancer_tumor_derived_spheroids|STR:tumor_budding_cells|STR:tumor_center_cells",TRUE
"group_L3_0556f8c0","small_molecule","group",2,"UNK",NA,5,5,0,3,3,"CHEBI:3732|STR:calcifying_medium_supplemented_with_8mm_hydroxybutyrate|STR:no2_cla",TRUE
"group_L3_05a8f020","disease_vs_normal","group",42,"UNK",NA,923,923,55,0,55,"MeSH:D003882|MeSH:D003924|MeSH:D003928|MeSH:D004938|MeSH:D006258",TRUE
"group_L3_0618552b","small_molecule","group",2,"UNK",NA,5,5,0,2,2,"STR:treated_with_1_m_g1_for_24_hours|STR:treated_with_25_mm_sodium_l_lactate",TRUE
"group_L3_063c7a65","small_molecule","group",2,"UNK",NA,7,7,0,2,2,"CHEBI:61115|STR:brd9_7_inhibitor",TRUE
"group_L3_064e4d57","small_molecule","group",2,"CHEBI:5516","sodium aurothiomalate",4,4,0,3,3,"CHEBI:64310|CHEBI:66903|CHEBI:78432",TRUE
"group_L3_06680313","pathogen_or_aggregate_exposure","group",2,"UNK",NA,8,8,0,2,2,"STR:l_pneumophila_deltaroma_infected|STR:l_pneumophila_wt_infected",TRUE
"group_L3_0671c29d","disease_vs_normal","group",4,"UNK",NA,14,14,1,0,1,"STR:idiopathic_pulmonary_fibrosis_ipf",FALSE
"group_L3_06a3836f","disease_vs_normal","group",4,"MeSH:D005815","Genetic Code",7,7,1,0,1,"STR:glioblastoma",FALSE
"group_L3_0708fd4c","disease_vs_normal","group",2,"MeSH:D005843","Geography",3,3,1,0,1,"STR:gbm",FALSE
"group_L3_071b9d79","small_molecule","group",2,"CHEBI:50756","acridone",6,6,0,2,2,"CHEBI:49603|CHEBI:50924",TRUE
"group_L3_072b6607","disease_vs_normal","group",9,"UNK",NA,87,87,4,0,4,"MeSH:D016889|MeSH:D018196|STR:adenocarcinoma|STR:wild_type",TRUE
"group_L3_072d27ee","disease_vs_normal","group",16,"UNK",NA,186,186,9,0,9,"MeSH:D016889|STR:adeno|STR:die|STR:endometrial|STR:endometrioid_endometrial_cancer",TRUE
"group_L3_0736f2ae","small_molecule","group",3,"CHEBI:136020","ornipressin",12,12,0,1,1,"STR:infliximab",FALSE
"group_L3_074c73ac","disease_vs_normal","group",4,"UNK",NA,45,45,4,0,4,"MeSH:D009055|STR:human_ocscc|STR:oral_lichen_planus_tissue|STR:oral_squamous_cell_carcinoma_tissue",TRUE
"group_L3_079613f5","disease_vs_normal","group",2,"UNK",NA,6,6,0,0,0,"",FALSE
"group_L3_07da8cda","disease_vs_normal","group",2,"UNK",NA,2,2,1,0,1,"STR:small_cell",FALSE
"group_L3_07dfe019","disease_vs_normal","group",16,"UNK",NA,297,297,13,0,13,"STR:als|STR:ckd|STR:ev|STR:fshd|STR:individual_having_pad_with_no_progression",TRUE
"group_L3_080784d8","cytokine_stim","group",2,"STR:interferon gamma","Interferon gamma",3,3,0,1,1,"STR:ifn_g",FALSE
"group_L3_08346ea4","disease_vs_normal","group",2,"UNK",NA,12,12,0,0,0,"",FALSE
"group_L3_085af58e","disease_vs_normal","group",2,"UNK",NA,5,5,1,0,1,"STR:severe_preeclampsia",FALSE
"group_L3_0873e389","small_molecule","group",2,"CHEBI:134226","β-<small>D</small>-Man<em>p</em>NAc-(1→3)-α-<small>L</small>-Fuc<em>p</em>NAc-(1→3)-α-<small>D</small>-Gal<em>p</em>NAc-(1→4)-α-<small>D</small>-Gal<em>p</em>O[CH<small><sub>2</sub></small>]<small><sub>5</sub></small>NH<small><sub>2</sub></small>",4,4,0,2,2,"STR:20_fbs_plus_1mm_pirfenidone|STR:tgfb",TRUE
"group_L3_088cd719","pathogen_or_aggregate_exposure","group",2,"STR:sars-cov-2","SARS-CoV-2",13,13,0,1,1,"STR:sars_cov_2",FALSE
"group_L3_08af029b","small_molecule","group",2,"UNK",NA,3,3,0,2,2,"STR:2_d08_treated|STR:tap",TRUE
"group_L3_08cab616","disease_vs_normal","group",3,"UNK",NA,128,128,4,0,4,"STR:tumor_epnpfa1|STR:tumor_epnpfa2|STR:tumor_pfa_ependymoma|STR:tumor_rela",TRUE
"group_L3_08d88bf2","disease_vs_normal","group",2,"UNK",NA,26,26,2,0,2,"STR:c9_ftd|STR:sals",TRUE
"group_L3_0966a7bb","disease_vs_normal","group",18,"UNK",NA,210,210,6,0,6,"MeSH:D011225|MeSH:D047928|STR:early_onset_preeclampsia|STR:lupus|STR:placenta_accreta_spectrum_samples_pa",TRUE
"group_L3_0982ff77","pathogen_or_aggregate_exposure","group",2,"STR:listeria monocytogenes","Listeria monocytogenes",7,7,0,1,1,"STR:non_treated_nt",FALSE
"group_L3_0984b59c","small_molecule","group",2,"CHEBI:30971","2<em>H</em>-azirine",4,4,0,0,0,"",FALSE
"group_L3_098ec877","disease_vs_normal","group",7,"UNK",NA,39,39,3,0,3,"STR:abdominal_aortic_aneurysm_aaa|STR:acute_aortic_dissection|STR:aortitis",TRUE
"group_L3_0994a856","disease_vs_normal","group",5,"UNK",NA,29,29,4,0,4,"MeSH:D001943|MeSH:D050378|STR:conventional_cd4_t_cells|STR:fibroblast_from_breast_tumor",TRUE
"group_L3_09e0337b","small_molecule","group",60,"UNK",NA,321,321,0,74,74,"CHEBI:137113|CHEBI:230500|CHEBI:231342|CHEBI:34827|CHEBI:379896",TRUE
"group_L3_0a25ccd5","disease_vs_normal","group",60,"UNK",NA,1062,1062,12,0,12,"MeSH:D015464|STR:at_risk|STR:covid_19|STR:hc|STR:multiple_sclerosis",TRUE
"group_L3_0a4bb5a4","small_molecule","group",2,"CHEBI:27388","benzoylacetyl-CoA",4,4,0,1,1,"STR:doxycycline_for_48_hours",FALSE
"group_L3_0b02b744","small_molecule","group",2,"CHEBI:63637","vemurafenib",6,6,0,1,1,"STR:post_treatment_vemurafenib",FALSE
"group_L3_0b2c7e0f","pathogen_or_aggregate_exposure","group",11,"UNK",NA,64,64,0,7,7,"STR:cultured_with_staphylococcus_epidermidis|STR:fgf_exosome_treated_cells_with_igg_antibody|STR:heat_killed_s_aureus_stimulation|STR:igg_from_patients_with_laminin_332_pemphigoi|STR:mpxv_clade_i_infected",TRUE
"group_L3_0b3600ca","small_molecule","group",14,"UNK",NA,31,31,0,16,16,"CHEBI:73907|STR:1_week_0_5um_neo2734_treated|STR:10_m_xl413_for_4_days|STR:20_um_pf429242_for_24_h|STR:24_h_with_gsk_j4_6_2_mm",TRUE
"group_L3_0ba5c914","disease_vs_normal","group",3,"UNK",NA,17,17,1,0,1,"STR:epithelial_breast_cancer_cell_line_derived_from_metasatic_pleural_effusion",FALSE
"group_L3_0bb5c5cc","disease_vs_normal","group",95,"UNK",NA,299,299,42,0,42,"STR:a549_cells_human_lung_adenocarcinoma_cell_line|STR:a549_lung_cancer_cell_line_ctrl_sirna_1_rep1|STR:a549_lung_cancer_cell_line_ctrl_sirna_1_rep2|STR:a549_lung_cancer_cell_line_ctrl_sirna_2_rep1|STR:a549_lung_cancer_cell_line_ctrl_sirna_2_rep2",TRUE
"group_L3_0bce606e","small_molecule","group",2,"CHEBI:75928","(<i>S</i>)-2-hydroxyhexadecanoate",3,3,0,1,1,"CHEBI:39112",FALSE
"group_L3_0c25a826","small_molecule","group",2,"STR:adalimumab","adalimumab",8,8,0,1,1,"STR:adalimumab",FALSE
"group_L3_0c497966","disease_vs_normal","group",3,"UNK",NA,6,6,1,0,1,"STR:myotonic_dystrophy_type_1",FALSE
"group_L3_0c6be025","disease_vs_normal","group",2,"UNK",NA,30,30,0,0,0,"",FALSE
"group_L3_0c753e95","disease_vs_normal","group",2,"UNK",NA,5,5,0,0,0,"",FALSE
"group_L3_0cac5c58","small_molecule","group",4,"CHEBI:134203","<em>P</em>-{α-<small>D</small>-Glc<em>p</em>NAc-(1→3)-[<small>D</small>-GroA-(2→1)]-α-<small>D</small>-Glc<em>p</em>NAc-6-yl}-α-<small>D</small>-Glc<em>p</em>NAc-(1→3)-[<small>D</small>-GroA-(2→1)]-α-<small>D</small>-Glc<em>p</em>NAc-<em>P</em>-6-[CH<small><sub>2</sub></small>]<small><sub>5</sub></small>NHC(=O)[CH<small><sub>2</sub></small>]<small><sub>4</sub></small>C(=O)NHR group",6,6,0,3,3,"CHEBI:145365|CHEBI:231344|STR:ipatasertib",TRUE
"group_L3_0cce53b5","pathogen_or_aggregate_exposure","group",2,"UNK",NA,10,10,0,2,2,"STR:infected_with_hnf4a_oe_virus|STR:sars_cov_2_infect",TRUE
"group_L3_0d2419e2","disease_vs_normal","group",31,"MeSH:D001943","Breast Neoplasms",120,120,6,0,6,"MeSH:D001943|STR:atcc_crl_2336_established_from_a_grade_iii_infiltrating_ductal_primary_breast_tumor_from_a_patient_with_a_germ_line_brca1_mutation|STR:breast_cancer_cells|STR:human_breast_cancer_cells|STR:human_breast_carcinoma",TRUE
"group_L3_0d6f741a","disease_vs_normal","group",2,"UNK",NA,10,10,1,0,1,"STR:non_failing",FALSE
"group_L3_0da2b850","small_molecule","group",3,"CHEBI:41879","dexamethasone",18,18,0,1,1,"STR:dex_for_12h",FALSE
"group_L3_0dbf03ab","disease_vs_normal","group",3,"UNK",NA,10,10,1,0,1,"STR:diabetic_donors",FALSE
"group_L3_0dbf0f2c","small_molecule","group",2,"CHEBI:16762","ferrocytochrome <em>b</em><small><sub>1</sub></small>",6,6,0,2,2,"STR:100ug_ml_human_recombinant_tnf_a_600nm_4_hdha_added_into_culture_medium_for_72h_to_induce_apoptosis|STR:100ug_ml_human_recombinant_tnf_a_and_20umferrostatin_1_added_into_culture_medium_for_72h_to_induce_apoptosis",TRUE
"group_L3_0de9edb5","disease_vs_normal","group",3,"UNK",NA,4,4,2,0,2,"MeSH:D009369|STR:uc",TRUE
"group_L3_0df2b8f2","small_molecule","group",2,"CHEBI:50756","acridone",13,13,0,3,3,"CHEBI:49603|CHEBI:49668|CHEBI:50924",TRUE
"group_L3_0e5fda0e","cytokine_stim","group",6,"UNK",NA,26,26,0,3,3,"STR:6_hours|STR:cd138_plasma_cells_sorted_on_cd138_and_7_aad|STR:il_2_and_anti_cd3_agonistic_mab",TRUE
"group_L3_0eb4bde3","disease_vs_normal","group",3,"UNK",NA,19,19,1,0,1,"STR:peritoneal_metastasis",FALSE
"group_L3_0ecde915","small_molecule","group",2,"CHEBI:3077","betamethasone",5,5,0,0,0,"",FALSE
"group_L3_0ed40b23","pathogen_or_aggregate_exposure","group",3,"UNK",NA,10,10,0,3,3,"STR:229e|STR:oc43|STR:sars_cov2",TRUE
"group_L3_0ee55c44","small_molecule","group",2,"UNK",NA,5,5,0,2,2,"CHEBI:233363|STR:dibenzo_def",TRUE
"group_L3_0eee9060","small_molecule","group",2,"STR:dovitinib","Dovitinib",3,3,0,1,1,"STR:dovitinib",FALSE
"group_L3_0ef77708","pathogen_or_aggregate_exposure","group",2,"UNK",NA,12,12,0,1,1,"STR:p100pop_infected",FALSE
"group_L3_0f2b7141","disease_vs_normal","group",2,"UNK",NA,6,6,1,0,1,"STR:gastric_adenocarcinoma",FALSE
"group_L3_0f482088","small_molecule","group",5,"CHEBI:16635","Met-tRNA<small><sup>Met</small></sup>",34,34,0,4,4,"STR:recombinant_human_tgfb1|STR:rna|STR:tgf_beta_10_ng_ml_2h|STR:tgf_beta_10_ng_ml_48h",TRUE
"group_L3_0f832d0f","disease_vs_normal","group",2,"UNK",NA,16,16,0,0,0,"",FALSE
"group_L3_0fc1a769","small_molecule","group",2,"CHEBI:133021","venetoclax",5,5,0,1,1,"STR:venetoclax_and_azacitidine",FALSE
"group_L3_0fd83c7d","small_molecule","group",3,"CHEBI:31638","fulvestrant",5,5,0,2,2,"STR:10_nm_fulvestrant_for_6_hours|STR:fulvestrant_300nm",TRUE
"group_L3_0ff48aee","disease_vs_normal","group",2,"UNK",NA,13,13,1,0,1,"MeSH:D009369",FALSE
"group_L3_10736896","cytokine_stim","group",4,"STR:interferon gamma","Interferon gamma",32,32,0,10,10,"STR:ifn_g|STR:ifng|STR:ifngamma_10min|STR:ifngamma_12h|STR:ifngamma_24h",TRUE
"group_L3_10f1bf22","small_molecule","group",6,"CHEBI:17120","hexanoate",13,13,0,2,2,"STR:il4_and_lps_co_exposed_for_24_hours|STR:lps_exposed_for_24_hours",TRUE
"group_L3_10f6858e","disease_vs_normal","group",3,"MeSH:D009374","Neoplasms, Experimental",10,10,1,0,1,"STR:non_small_cell_lung_cancer_nsclc",FALSE
"group_L3_11111979","disease_vs_normal","group",10,"UNK",NA,18,18,3,0,3,"MeSH:D013274|STR:disease|STR:gastric_cancer_tissue",TRUE
"group_L3_1122e8db","disease_vs_normal","group",2,"UNK",NA,15,15,1,0,1,"STR:tumor_tissue",FALSE
"group_L3_112ab0eb","pathogen_or_aggregate_exposure","group",2,"UNK",NA,6,6,0,0,0,"",FALSE
"group_L3_114af83d","small_molecule","group",4,"UNK",NA,20,20,0,3,3,"STR:anti_pd_l1_and_tgf_beta_bifunctional_fusion_protein|STR:daunorubicine_cytarabine|STR:daunorubicine_cytarabine_dose_reduced",TRUE
"group_L3_11763308","disease_vs_normal","group",43,"UNK",NA,792,792,32,0,32,"MeSH:D000921|MeSH:D002583|MeSH:D008175|MeSH:D009369|MeSH:D010051",TRUE
"group_L3_1194b0cd","small_molecule","group",5,"UNK",NA,19,19,0,5,5,"CHEBI:379896|STR:bi_4142_100nm_24h|STR:bi_4142_100nm_6h|STR:egf_low_concentration|STR:treated_with_sp2509_and_unc0642_for_2_days",TRUE
"group_L3_11b52dc7","disease_vs_normal","group",2,"UNK",NA,7,7,1,0,1,"MeSH:D006528",FALSE
"group_L3_11f049b0","disease_vs_normal","group",2,"UNK",NA,6,6,1,0,1,"STR:f_sc",FALSE
"group_L3_11f92060","small_molecule","group",7,"CHEBI:16635","Met-tRNA<small><sup>Met</small></sup>",36,36,0,4,4,"STR:1_ng_ml_tgfbeta1_apical_treatment|STR:2d_tgfb|STR:tgf_beta1|STR:tgfb",TRUE
"group_L3_11fe3e6c","disease_vs_normal","group",9,"UNK",NA,18,18,2,0,2,"STR:cancer_cell_line|STR:lung_cancer_cell_lines",TRUE
"group_L3_122aeb5a","disease_vs_normal","group",8,"UNK",NA,257,257,2,0,2,"STR:non_covid_19|STR:non_diabetes",TRUE
"group_L3_123e7601","disease_vs_normal","group",4,"UNK",NA,12,12,0,0,0,"",FALSE
"group_L3_1240a383","small_molecule","group",2,"CHEBI:46756","HEPES",23,23,0,0,0,"",FALSE
"group_L3_1263ac63","small_molecule","group",2,"CHEBI:16469","17β-estradiol",7,7,0,2,2,"STR:e2|STR:e2_ifng_10ng_ml_24h",TRUE
"group_L3_128321e9","small_molecule","group",2,"CHEBI:88007","3-oxooleoyl-CoA",2,2,0,2,2,"CHEBI:66903|CHEBI:72317",TRUE
"group_L3_1291c8f5","small_molecule","group",4,"UNK",NA,26,26,0,4,4,"STR:cx_5461_and_panobinostat|STR:ykl_5_124_100_nm|STR:ykl_5_124_1000_nm|STR:ykl_5_124_98_nm",TRUE
"group_L3_12982f2e","disease_vs_normal","group",9,"UNK",NA,821,821,5,0,5,"STR:atopic_asthmatic|STR:atopic_non_asthmatic|STR:non_atopic_asthmatic|STR:non_eosinophilic_chronic_rhinosinusitis_necrs|STR:pards",TRUE
"group_L3_12bbdaab","small_molecule","group",2,"CHEBI:34206","2,2',5,5'-tetrachlorobiphenyl",4,4,0,2,2,"STR:apoevs_apoptosis_induced_by_cisplatin|STR:cisplatin_pulse",TRUE
"group_L3_12c6f67a","pathogen_or_aggregate_exposure","group",11,"UNK",NA,604,604,0,0,0,"",FALSE
"group_L3_12d45022","disease_vs_normal","group",2,"UNK",NA,10,10,2,0,2,"STR:diabetic|STR:type_i_diabetes",TRUE
"group_L3_12e94733","disease_vs_normal","group",2,"MeSH:D015585",NA,42,42,6,0,6,"STR:ad|STR:adsc|STR:cnegc|STR:csarc|STR:nos",TRUE
"group_L3_1339635b","disease_vs_normal","group",4,"UNK",NA,14,14,1,0,1,"MeSH:D013945",FALSE
"group_L3_136c9120","disease_vs_normal","group",3,"UNK",NA,10,10,0,0,0,"",FALSE
"group_L3_1392f54f","disease_vs_normal","group",17,"UNK",NA,216,216,1,0,1,"STR:non_sjogren_s_sicca",FALSE
"group_L3_13c01249","small_molecule","group",2,"CHEBI:123456","N-ethyl-2-[(2R,3R,6S)-3-[(4-fluorophenyl)sulfonylamino]-2-(hydroxymethyl)-3,6-dihydro-2H-pyran-6-yl]acetamide",9,9,0,3,3,"STR:alectinib_6_mg_kg_17d|STR:combination_of_osimertinib_and_lurbinectedin_25_mg_kg_osimertinib_with_0_2_mg_kg_lurbinectedin_once_a_week|STR:osimertinib_10_mg_kg_7d",TRUE
"group_L3_13d5b1ce","disease_vs_normal","group",30,"UNK",NA,351,351,27,0,27,"MeSH:D002292|MeSH:D007680|MeSH:D009369|STR:advanced_dn|STR:ain",TRUE
"group_L3_13e5cfbe","cytokine_stim","group",2,"UNK",NA,9,9,0,3,3,"STR:treated_with_il1_and_tnf|STR:treated_with_il1_and_tnf_for_14_days|STR:treated_with_il1_and_tnf_for_2_days",TRUE
"group_L3_13f2f4a3","small_molecule","group",3,"MeSH:D003473","Neuromuscular Nondepolarizing Agents",10,10,0,1,1,"HGNC:SETDB1",FALSE
"group_L3_1400988e","small_molecule","group",3,"CHEBI:17126","carnitine",10,10,0,4,4,"CHEBI:16412|HGNC:IRF6|STR:100ng_ml_lps_treatment|STR:bms",TRUE
"group_L3_140fe159","pathogen_or_aggregate_exposure","group",2,"UNK",NA,4,4,0,0,0,"",FALSE
"group_L3_142feaba","small_molecule","group",2,"UNK",NA,10,10,0,5,5,"STR:cub|STR:treated_with_1_m_aq_ac_for_0_hours|STR:treated_with_1_m_aq_ac_for_24_hours|STR:treated_with_1_m_caq_mben_for_0_hours|STR:treated_with_1_m_caq_mben_for_24_hours",TRUE
"group_L3_143c5e6c","pathogen_or_aggregate_exposure","group",5,"UNK",NA,29,29,0,3,3,"STR:10_nm_a_tnf_il_1|STR:infected_with_vzv|STR:zikv_infected",TRUE
"group_L3_144a8e1e","small_molecule","group",4,"UNK",NA,23,23,0,8,8,"CHEBI:220491|CHEBI:231598|CHEBI:234079|STR:cj28_30_m|STR:compound_2",TRUE
"group_L3_14c167a2","small_molecule","group",2,"UNK",NA,39,39,0,1,1,"STR:4oht_myc_on",FALSE
"group_L3_14cd7b06","disease_vs_normal","group",3,"UNK",NA,16,16,2,0,2,"MeSH:D002294|MeSH:D014062",TRUE
"group_L3_14f9ffc8","small_molecule","group",3,"UNK",NA,6,6,0,1,1,"STR:5_um_eht_1610",FALSE
"group_L3_15072916","pathogen_or_aggregate_exposure","group",2,"STR:human cytomegalovirus","Human cytomegalovirus",3,3,0,0,0,"",FALSE
"group_L3_158264ed","small_molecule","group",3,"UNK",NA,6,6,0,4,4,"STR:1_micromol_of_fsk_l_1|STR:10_mmol_of_fsk_l|STR:4_ug_ml_of_sc79|STR:ctx_induced",TRUE
"group_L3_1582f997","small_molecule","group",2,"CHEBI:46345","5-fluorouracil",4,4,0,2,2,"CHEBI:80961|HGNC:TP53",TRUE
"group_L3_15b8ea0e","disease_vs_normal","group",3,"UNK",NA,10,10,1,0,1,"STR:recurrent_spontaneous_abortion_rsa",FALSE
"group_L3_15cbded4","small_molecule","group",4,"MeSH:D005899","Glass Ionomer Cements",15,15,0,0,0,"",FALSE
"group_L3_1603f9d4","disease_vs_normal","group",13,"UNK",NA,173,173,10,0,10,"MeSH:D001172|MeSH:D015535|STR:arthralgia|STR:early_oa|STR:end_stage_oa",TRUE
"group_L3_1607ab8d","disease_vs_normal","group",2,"UNK",NA,4,4,0,0,0,"",FALSE
"group_L3_164d9d9f","disease_vs_normal","group",7,"UNK",NA,31,31,3,0,3,"MeSH:D001943|STR:breast_cancer_cell_line_derived_from_mcf_7|STR:mcf7_breast_cancer_cell_line",TRUE
"group_L3_16505130","disease_vs_normal","group",6,"UNK",NA,25,25,2,0,2,"STR:breast_cancer_cell_line|STR:patient_derived_xenografts_tumors",TRUE
"group_L3_16b9ddfe","small_molecule","group",9,"UNK",NA,53,53,0,8,8,"CHEBI:7307|STR:3fm_dc|STR:5_aza|STR:combo|STR:lbh_589",TRUE
"group_L3_1773e393","small_molecule","group",8,"UNK",NA,46,46,0,8,8,"CHEBI:231324|STR:10_m_i3mo|STR:1000_nm_au15330|STR:5_m_i3mo|STR:ar42_05",TRUE
"group_L3_177a725d","disease_vs_normal","group",5,"UNK",NA,39,39,0,0,0,"",FALSE
"group_L3_17e547b1","small_molecule","group",3,"UNK",NA,69,69,0,4,4,"CHEBI:233643|CHEBI:33364|STR:carboplatin_taxol_6_cycles|STR:olaparib_unc0642_combo",TRUE
"group_L3_180902f9","small_molecule","group",2,"CHEBI:9516","thapsigargin",5,5,0,1,1,"CHEBI:9516",FALSE
"group_L3_18157edc","small_molecule","group",2,"CHEBI:123456","N-ethyl-2-[(2R,3R,6S)-3-[(4-fluorophenyl)sulfonylamino]-2-(hydroxymethyl)-3,6-dihydro-2H-pyran-6-yl]acetamide",4,4,0,2,2,"CHEBI:231324|CHEBI:233362",TRUE
"group_L3_183e3db9","disease_vs_normal","group",3,"UNK",NA,79,79,1,0,1,"STR:lymphoma_cells_from_follicular_lymphoma_patient",FALSE
"group_L3_18a18840","disease_vs_normal","group",2,"UNK",NA,539,539,0,0,0,"",FALSE
"group_L3_18af5bec","disease_vs_normal","group",2,"MeSH:D005818","Genetic Engineering",10,10,0,0,0,"",FALSE
"group_L3_18c0412e","pathogen_or_aggregate_exposure","group",4,"UNK",NA,44,44,0,2,2,"STR:anti_pd_1|STR:pd_1_blockade",TRUE
"group_L3_18e521fe","small_molecule","group",2,"CHEBI:17120","hexanoate",2,2,0,2,2,"STR:lps_induced|STR:lps_nahs",TRUE
"group_L3_18f7701b","disease_vs_normal","group",15,"UNK",NA,52,52,2,0,2,"STR:adenocarcinoma|STR:mda_mb_231_breast_cancer_cells",TRUE
"group_L3_1909c18e","small_molecule","group",2,"UNK",NA,4,4,0,1,1,"STR:iox1",FALSE
"group_L3_19553277","disease_vs_normal","group",2,"UNK",NA,7,7,1,0,1,"STR:endometriosis",FALSE
"group_L3_19c16a38","small_molecule","group",2,"UNK",NA,9,9,0,2,2,"STR:pen221|STR:tfp",TRUE
"group_L3_1a135a20","disease_vs_normal","group",6,"UNK",NA,29,29,4,0,4,"MeSH:D044584|STR:adenocarcinoma|STR:mammary_gland_adenocarcinoma|STR:metastatic_carcinoma",TRUE
"group_L3_1a4f9349","disease_vs_normal","group",23,"UNK",NA,344,344,21,0,21,"MeSH:D001172|MeSH:D045743|STR:asthmatic|STR:bronchopulmonary_dysplasia_bpd|STR:chronic_liver_disease_patient",TRUE
"group_L3_1a509e33","small_molecule","group",3,"CHEBI:16985","5β-androstane-3,17-dione",5,5,0,2,2,"STR:fgf_2_3_days|STR:fgf2",TRUE
"group_L3_1a5e7c4a","small_molecule","group",3,"UNK",NA,5,5,0,3,3,"STR:gazyva_glofitamab|STR:qc6352_treatment|STR:treated_with_4sc_205_for_24_hours",TRUE
"group_L3_1a8c7add","small_molecule","group",2,"UNK",NA,6,6,0,3,3,"CHEBI:15341|STR:464|STR:synthetic_mir_21_inhibitor_mir_21i",TRUE
"group_L3_1a97fb50","disease_vs_normal","group",19,"UNK",NA,50,50,9,0,9,"STR:granulosa_cancer_cell_line_cov434|STR:high_grade_serous_ovarian_cancer|STR:human_ovarian_cancer_cell|STR:human_ovarian_cancer_cell_line|STR:human_ovarian_cancer_cell_line_platinum_resistant",TRUE
"group_L3_1aa1442f","disease_vs_normal","group",2,"UNK",NA,13,13,0,0,0,"",FALSE
"group_L3_1abed729","disease_vs_normal","group",19,"UNK",NA,104,104,9,0,9,"STR:asd|STR:bipolar_disorder|STR:children_onset_schizophrenia|STR:cos|STR:glioblastoma",TRUE
"group_L3_1b1418c7","cytokine_stim","group",2,"CHEBI:17236","2-hydroxy-6-oxohexa-2,4-dienoic acid",10,10,0,3,3,"STR:2000_iu_ifn_for_24hrs|STR:interferon_alpha_condition_18h|STR:interferon_alpha_condition_2h",TRUE
"group_L3_1b37a884","small_molecule","group",5,"UNK",NA,7,7,0,5,5,"STR:dnmt_hdac_inhibition|STR:gps167|STR:gps192|STR:hcq|STR:treated_with_1um_g1_for_24_hours",TRUE
"group_L3_1b47fa61","disease_vs_normal","group",2,"UNK",NA,7,7,1,0,1,"STR:gastric_adenocarcinoma",FALSE
"group_L3_1b5b6e24","disease_vs_normal","group",2,"UNK",NA,9,9,1,0,1,"MeSH:D009369",FALSE
"group_L3_1bb103c8","disease_vs_normal","group",2,"UNK",NA,13,13,2,0,2,"STR:human_with_cirrhosis|STR:parkinson_disease",TRUE
"group_L3_1bd867e5","disease_vs_normal","group",3,"UNK",NA,13,13,0,0,0,"",FALSE
"group_L3_1bdcfcb2","small_molecule","group",2,"CHEBI:42068","idarubicin",18,18,0,0,0,"",FALSE
"group_L3_1c0ec7b5","disease_vs_normal","group",3,"UNK",NA,3,3,2,0,2,"MeSH:D010051|STR:combined",TRUE
"group_L3_1c1e1b1b","pathogen_or_aggregate_exposure","group",2,"UNK",NA,25,25,0,1,1,"STR:s_typhimurium_theta_toxin_secretion_co_culture",FALSE
"group_L3_1c4db1e6","small_molecule","group",2,"UNK",NA,2,2,0,1,1,"STR:il15_bnz",FALSE
"group_L3_1c5de9a3","small_molecule","group",2,"UNK",NA,5,5,0,2,2,"STR:karpas_422_cxcdel_cells_grown_in_1_m_gsk343_were_subject_to_continued_growth_in_1_m_gsk343_for_72_hours|STR:karpas_422_wild_type_cells_treated_with_setd2_in_1_5_um_for_10_days",TRUE
"group_L3_1ca32c77","disease_vs_normal","group",202,"UNK",NA,3518,3518,133,0,133,"MeSH:D000544|MeSH:D001254|MeSH:D001321|MeSH:D001932|MeSH:D005909",TRUE
"group_L3_1cc8fd50","pathogen_or_aggregate_exposure","group",10,"UNK",NA,713,713,0,2,2,"STR:3_doses_of_1_8m_pfspz_sporozoites|STR:covid_positive",TRUE
"group_L3_1cdc5ad9","small_molecule","group",3,"UNK",NA,7,7,0,5,5,"CHEBI:124921|STR:bay_4931_200nm|STR:cm_1758|STR:combination|STR:t0070907_500nm",TRUE
"group_L3_1d2673bc","disease_vs_normal","group",2,"UNK",NA,3,3,0,0,0,"",FALSE
"group_L3_1d3e16a9","disease_vs_normal","group",6,"UNK",NA,26,26,3,0,3,"MeSH:D064726|STR:breast_cancer_patients_from_hartford_hospital|STR:breast_cancer_tissue",TRUE
"group_L3_1d8b80d4","disease_vs_normal","group",2,"UNK",NA,13,13,0,0,0,"",FALSE
"group_L3_1d908cdf","small_molecule","group",2,"CHEBI:75929","<small>D</small>-cycloserine(1+)",6,6,0,2,2,"CHEBI:137113|STR:0_5um_jq1",TRUE
"group_L3_1db6c457","cytokine_stim","group",3,"CHEBI:85994","lenvatinib",10,10,0,6,6,"STR:100_m_lenvatinib_for_24_hours|STR:40_m_lenvatinib_for_24_hours|STR:60_m_lenvatinib_for_24_hours|STR:80_m_lenvatinib_for_24_hours|STR:continuous_exposure_to_lenvatinib_1_20_m",TRUE
"group_L3_1ddb2bd4","small_molecule","group",2,"UNK",NA,17,17,0,1,1,"STR:gsk3326595_ctx_72hr",FALSE
"group_L3_1e275c9e","small_molecule","group",4,"CHEBI:41774","tamoxifen",17,17,0,0,0,"",FALSE
"group_L3_1e418818","disease_vs_normal","group",2,"UNK",NA,8,8,1,0,1,"STR:colitis_associated_cancer_patient_derived_xenograft_pdx",FALSE
"group_L3_1e500ff5","small_molecule","group",9,"UNK",NA,44,44,0,8,8,"CHEBI:340673|STR:24hr_mma|STR:empty_lnps|STR:lnps|STR:rtpa",TRUE
"group_L3_1e8350e5","small_molecule","group",2,"CHEBI:133920","<em>N</em>-hydroxy-PhIP",2,2,0,1,1,"STR:treated_for_48_hours_with_10_um_ag1478",FALSE
"group_L3_1e897a89","small_molecule","group",2,"STR:adalimumab","adalimumab",6,6,0,0,0,"",FALSE
"group_L3_1ea52b2b","small_molecule","group",2,"CHEBI:134226","β-<small>D</small>-Man<em>p</em>NAc-(1→3)-α-<small>L</small>-Fuc<em>p</em>NAc-(1→3)-α-<small>D</small>-Gal<em>p</em>NAc-(1→4)-α-<small>D</small>-Gal<em>p</em>O[CH<small><sub>2</sub></small>]<small><sub>5</sub></small>NH<small><sub>2</sub></small>",2,2,0,2,2,"CHEBI:137113|STR:5_um_3_bromoascochlorin_bas",TRUE
"group_L3_1ed663b8","disease_vs_normal","group",72,"UNK",NA,295,295,19,0,19,"MeSH:D010634|STR:basal|STR:basal_like|STR:basal_like_breast_cancer_cell_line|STR:breast_adenocarcinoma_cell",TRUE
"group_L3_1f0cc1e1","cytokine_stim","group",2,"CHEBI:114785","erlotinib",25,25,0,0,0,"",FALSE
"group_L3_1f2cdb5a","cytokine_stim","group",2,"MeSH:D053583","Interleukin-1beta",3,3,0,2,2,"STR:50_ng_ml_il1b|STR:treated_with_il_1_and_ifn_for_24_hours",TRUE
"group_L3_1f97edf0","small_molecule","group",4,"UNK",NA,15,15,0,5,5,"CHEBI:132974|STR:aza|STR:cc_92840|STR:mi_503|STR:mi_503_pr_957",TRUE
"group_L3_1fab444c","small_molecule","group",2,"CHEBI:28119","2,3,7,8-tetrachlorodibenzodioxine",5,5,0,1,1,"CHEBI:28119",FALSE
"group_L3_1fcde5d0","disease_vs_normal","group",2,"UNK",NA,6,6,1,0,1,"STR:posterior_polymorphous_corneal_dystrophy",FALSE
"group_L3_202d3bc2","disease_vs_normal","group",13,"UNK",NA,31,31,7,0,7,"MeSH:D002583|STR:adenocarcinoma|STR:cervical_adenocarcinoma|STR:cervix_adenocarcinoma|STR:human_cervical_cancer",TRUE
"group_L3_20559cf0","cytokine_stim","group",2,"UNK",NA,6,6,0,2,2,"STR:il15_il21_cp|STR:tnfil17",TRUE
"group_L3_205a192a","small_molecule","group",2,"CHEBI:5516","sodium aurothiomalate",3,3,0,1,1,"CHEBI:64310",FALSE
"group_L3_207eea36","disease_vs_normal","group",4,"UNK",NA,34,34,2,0,2,"STR:pancreatic_adenocarcinoma_cells|STR:pancreatic_tumor_organoids",TRUE
"group_L3_20849adc","small_molecule","group",2,"UNK",NA,5,5,0,2,2,"STR:cbp_catenin_antagonism|STR:treated_with_ava_adr_001_for_24_h",TRUE
"group_L3_209c5748","small_molecule","group",2,"UNK",NA,7,7,0,2,2,"STR:tat_465_481|STR:tat_scr",TRUE
"group_L3_20e5584f","pathogen_or_aggregate_exposure","group",2,"UNK",NA,143,143,0,1,1,"STR:hiv_1_bal_infected",FALSE
"group_L3_2125cf25","pathogen_or_aggregate_exposure","group",9,"UNK",NA,29,29,0,6,6,"STR:48_hour_hcv_jfh_1_moi_1|STR:cccr08|STR:hbv_rimonabant|STR:infected|STR:p100pop_infected",TRUE
"group_L3_213a1688","disease_vs_normal","group",5,"UNK",NA,14,14,2,0,2,"STR:colon_cancer_organoids|STR:human_colorectal_cancer_organoid",TRUE
"group_L3_2171ba1a","cytokine_stim","group",2,"CHEBI:17236","2-hydroxy-6-oxohexa-2,4-dienoic acid",2,2,0,2,2,"CHEBI:138156|STR:ifn_b_20_u_ml",TRUE
"group_L3_2184b3f6","small_molecule","group",4,"CHEBI:16635","Met-tRNA<small><sup>Met</small></sup>",47,47,0,4,4,"STR:10_ng_tgfbeta|STR:10_ng_tgfbeta_2|STR:tgfb_48hrs|STR:tgfb_72hrs",TRUE
"group_L3_21a2148d","disease_vs_normal","group",3,"UNK",NA,21,21,2,0,2,"MeSH:D010190|STR:pancreatic_cancer_tissue",TRUE
"group_L3_21f27a7a","small_molecule","group",50,"UNK",NA,276,276,0,52,52,"CHEBI:26523|CHEBI:31638|HGNC:RLN1|STR:0_5um_i_bet151|STR:0_5um_molib",TRUE
"group_L3_226cd78a","small_molecule","group",2,"CHEBI:75598","EC 6.3.2.4 (<small>D</small>-alanine—<small>D</small>-alanine ligase) inhibitor",2,2,0,1,1,"STR:500_nm_crizotinib_25_nm_afatinib",FALSE
"group_L3_22a40418","small_molecule","group",2,"CHEBI:3200","bryostatins",9,9,0,1,1,"STR:low_dose_decitabine",FALSE
"group_L3_22d8d86a","disease_vs_normal","group",2,"UNK",NA,11,11,1,0,1,"MeSH:D015461",FALSE
"group_L3_232f3795","disease_vs_normal","group",10,"UNK",NA,228,228,2,0,2,"STR:hc|STR:herpes_zoster_resolved_1y",TRUE
"group_L3_235199fb","disease_vs_normal","group",2,"UNK",NA,4,4,2,0,2,"MeSH:D010300|STR:rhabdomyosarcoma",TRUE
"group_L3_239ba648","disease_vs_normal","group",3,"UNK",NA,15,15,4,0,4,"STR:gynecologic_cancer|STR:pdac|STR:sarcoma|STR:stroma_derived_from_primary_colorectal_tumour",TRUE
"group_L3_23bb6950","small_molecule","group",2,"CHEBI:28508","2,5-dihydroxybenzaldehyde",2,2,0,1,1,"CHEBI:31638",FALSE
"group_L3_2436fd8a","disease_vs_normal","group",3,"UNK",NA,8,8,1,0,1,"STR:metastatic_melanoma",FALSE
"group_L3_24423bad","disease_vs_normal","group",3,"UNK",NA,22,22,0,0,0,"",FALSE
"group_L3_2443e0fa","small_molecule","group",3,"CHEBI:17139","6-<em>O</em>-sulfo-α-<small>D</small>-Glc-(1→6)-α-<small>D</small>-Glc-(1→6)-α-<small>D</small>-Glc-(1→3)-1-<em>O</em>-alkyl-2-<em>O</em>-acylglycerol",9,9,0,3,3,"CHEBI:16469|HGNC:BCAS2|STR:beta_estradiol_10mm",TRUE
"group_L3_2465b4c6","small_molecule","group",5,"CHEBI:17105","4-maleylacetoacetate",16,16,0,3,3,"CHEBI:16330|STR:10nm_dht|STR:rna",TRUE
"group_L3_24665e16","pathogen_or_aggregate_exposure","group",7,"UNK",NA,71,71,0,2,2,"STR:infected_sars_cov_2|STR:rna",TRUE
"group_L3_24be475e","disease_vs_normal","group",2,"UNK",NA,6,6,1,0,1,"STR:metastatic_melanoma",FALSE
"group_L3_24c3de1a","disease_vs_normal","group",2,"UNK",NA,10,10,2,0,2,"STR:lymphatic_malformation|STR:uc",TRUE
"group_L3_24dd8fda","small_molecule","group",3,"CHEBI:27899","cisplatin",5,5,0,2,2,"CHEBI:27899|STR:rna",TRUE
"group_L3_24ebee89","small_molecule","group",2,"UNK",NA,5,5,0,2,2,"STR:a10_rh7_aav|STR:a9_rh6_aav",TRUE
"group_L3_24f46322","small_molecule","group",2,"CHEBI:63013","β-<small>D</small>-Gal<em>p</em>NAc-(1→3)-α-<small>D</small>-Gal<em>p</em>-(1→4)-β-<small>D</small>-Gal<em>p</em>-(1→4)-<small>D</small>-Glc<em>p</em>",2,2,0,2,2,"CHEBI:85990|STR:5_um_abiraterone_acetate",TRUE
"group_L3_251666b0","disease_vs_normal","group",3,"UNK",NA,12,12,3,0,3,"STR:early_esophageal_squamous_cell_carcinoma|STR:esophageal_squamous_cell_carcinoma|STR:esophageal_tumor",TRUE
"group_L3_253be5da","disease_vs_normal","group",9,"UNK",NA,187,187,64,0,64,"STR:bcap_1_pdx_tumor|STR:cwr22_pdx_tumor|STR:cwr22_rh_pdx_tumor|STR:lncap_95_pdx_tumor|STR:lucap_105_pdx_tumor",TRUE
"group_L3_25559308","small_molecule","group",2,"CHEBI:46345","5-fluorouracil",5,5,0,2,2,"HGNC:TP53|STR:treated_with_5_fu_2hr",TRUE
"group_L3_256407ea","disease_vs_normal","group",13,"UNK",NA,92,92,5,0,5,"MeSH:D015451|MeSH:D015477|STR:dba|STR:jmml_ptpn11mutated|STR:mds",TRUE
"group_L3_257ec830","pathogen_or_aggregate_exposure","group",3,"UNK",NA,101,101,0,4,4,"STR:2_days_after_varicella_zoster_virus_antigen_challenge|STR:6_hours_after_varicella_zoster_virus_antigen_challenge|STR:day2_after_vzv|STR:igg_from_patients_with_laminin_332_pemphigoi",TRUE
"group_L3_259a502a","small_molecule","group",9,"UNK",NA,26,26,0,7,7,"STR:24hr_mma|STR:72h_pf_9927|STR:akti|STR:cal101|STR:gm_csf_and_il4_and_il10_ch223191",TRUE
"group_L3_25bc774f","small_molecule","group",12,"UNK",NA,191,191,0,22,22,"STR:aromatase_inhibitor_treatment|STR:carboplatin_docetaxel_trastuzumab_6_cycles|STR:carboplatin_paclitaxel_weekly_4_cycles_epirubicin_cyclophosphamide_3_cycles|STR:carboplatin_paclitaxel_weekly_4_cycles_epirubicin_cyclophosphamide_4_cycles|STR:carboplatin_paclitaxel_weekly_4_cycles_epirubicin_cyclophosphamide_4_cycles_trastuzumab_6_concomitant_cycles",TRUE
"group_L3_25cded63","disease_vs_normal","group",49,"UNK",NA,108,108,18,0,18,"MeSH:D006528|STR:cancer_cell_line|STR:cholangiocarcinoma_cell_lines|STR:hepatocarcinoma_hepg2_cell|STR:hepatocellular_carcinoma_cell",TRUE
"group_L3_25eec280","disease_vs_normal","group",3,"UNK",NA,7,7,2,0,2,"STR:colorectal_adenocarcinoma|STR:yb5_colon_cancer_cell_line",TRUE
"group_L3_26088ef1","small_molecule","group",2,"UNK",NA,6,6,0,4,4,"CHEBI:40629|STR:gomisin_g|STR:kw2449|STR:mgcd265",TRUE
"group_L3_26248b9b","small_molecule","group",2,"CHEBI:85993","palbociclib",4,4,0,1,1,"CHEBI:85993",FALSE
"group_L3_2631b835","disease_vs_normal","group",183,"UNK",NA,828,828,56,0,56,"MeSH:D001943|MeSH:D009369|MeSH:D064726|STR:adenocarcinoma|STR:breast",TRUE
"group_L3_268f8373","pathogen_or_aggregate_exposure","group",2,"UNK",NA,6,6,0,1,1,"STR:anti_pd_1",FALSE
"group_L3_26d049e5","small_molecule","group",3,"MeSH:D011279","Pregnanetriol",6,6,0,0,0,"",FALSE
"group_L3_2733e80c","small_molecule","group",14,"UNK",NA,35,35,0,16,16,"STR:24hr_r428|STR:974_5_m|STR:as2o3_1um_48_h_gsk458_0_1_um_48h|STR:dd_ptx_gamma_irradation|STR:fc_a_ifn_combi",TRUE
"group_L3_277978cc","small_molecule","group",5,"MeSH:D000939","Epitopes",31,31,0,0,0,"",FALSE
"group_L3_2784fdf4","small_molecule","group",2,"CHEBI:71200","tofacitinib",21,21,0,0,0,"",FALSE
"group_L3_279d76eb","disease_vs_normal","group",3,"UNK",NA,6,6,1,0,1,"STR:stage_4",FALSE
"group_L3_27b05ba5","small_molecule","group",11,"UNK",NA,46,46,0,10,10,"STR:10_m_tan_i_for_3_days|STR:dmag|STR:fl3_50nm|STR:ms023_250nm|STR:ms023_gsk591",TRUE
"group_L3_27c3b853","disease_vs_normal","group",2,"UNK",NA,4,4,1,0,1,"STR:pancreatic_cancer_cell",FALSE
"group_L3_27ca9da8","disease_vs_normal","group",31,"UNK",NA,319,319,21,0,21,"MeSH:D001943|MeSH:D008224|MeSH:D009369|MeSH:D011471|MeSH:D015266",TRUE
"group_L3_28175846","small_molecule","group",3,"UNK",NA,13,13,0,2,2,"CHEBI:230487|STR:trg4_5",TRUE
"group_L3_2851c457","disease_vs_normal","group",7,"UNK",NA,12,12,9,0,9,"STR:colorectal_adenocarcinoma_cell_sw480_vector|STR:colorectal_adenocarcinoma_dld1|STR:colorectal_cancer_cell_line|STR:hct15_epithelial_colorectal_cancer_cell_line|STR:lim1863_epithelial_colorectal_cancer_cell_line",TRUE
"group_L3_285bfe97","disease_vs_normal","group",12,"UNK",NA,33,33,5,0,5,"MeSH:D002292|MeSH:D009369|STR:clear_cell_renal_cell_carcinoma_cell_line_er|STR:human_renal_cell_carcinoma_cultures|STR:renal_cell_carcinoma_cells",TRUE
"group_L3_286e5a9e","disease_vs_normal","group",3,"MeSH:D009427","Netherlands Antilles",198,198,5,0,5,"STR:1|STR:2|STR:3|STR:non_small_cell_lung_cancer_nsclc|STR:non_small_cell_lung_carcinoma_nsclc",TRUE
"group_L3_28afa84e","disease_vs_normal","group",2,"UNK",NA,13,13,2,0,2,"STR:uterine_adenocarcinoma|STR:uterine_leiomyosarcoma",TRUE
"group_L3_28c784f0","small_molecule","group",3,"UNK",NA,5,5,0,1,1,"STR:n1_for_4_hr",FALSE
"group_L3_28ccc6b9","disease_vs_normal","group",3,"UNK",NA,9,9,2,0,2,"STR:early_onset_colorectal_cancer|STR:patient_matched_uninvolved_colon",TRUE
"group_L3_28d38c86","disease_vs_normal","group",11,"UNK",NA,63,63,4,0,4,"STR:hc|STR:non_diabetic|STR:non_lesional|STR:non_lesional_skin",TRUE
"group_L3_291f87e0","disease_vs_normal","group",2,"MeSH:D009719","Nurse Anesthetists",5,5,3,0,3,"STR:1|STR:2|STR:non_small_cell_carcinoma",TRUE
"group_L3_2922a86c","disease_vs_normal","group",12,"UNK",NA,95,95,5,0,5,"MeSH:D049970|STR:diabetic|STR:pcos|STR:persistent_non_valvular_atrial_fibrillation_af|STR:rohhad_syndrome",TRUE
"group_L3_29383d49","small_molecule","group",3,"UNK",NA,20,20,0,4,4,"CHEBI:63451|STR:cm_1758|STR:epz0011989|STR:thz1_bgj398",TRUE
"group_L3_297e29b1","disease_vs_normal","group",6,"UNK",NA,69,69,3,0,3,"MeSH:D003093|STR:non_crohn_s_disease_with_perifistule|STR:not_ibd",TRUE
"group_L3_298d3285","disease_vs_normal","group",4,"UNK",NA,15,15,4,0,4,"MeSH:D006528|MeSH:D013167|STR:rrms|STR:spms",TRUE
"group_L3_29becc35","small_molecule","group",3,"UNK",NA,21,21,0,6,6,"STR:estrogen_mpa|STR:hsd_e1|STR:op_1250_10mg_kg|STR:op_1250_1mg_kg|STR:op_1250_1mg_kg_palbociclib_25mg_kg",TRUE
"group_L3_2a13f218","small_molecule","group",2,"MeSH:D010119","Oxythiamine",8,8,0,0,0,"",FALSE
"group_L3_2a2ce799","disease_vs_normal","group",2,"UNK",NA,7,7,1,0,1,"STR:atrt",FALSE
"group_L3_2a2e8fc9","disease_vs_normal","group",3,"MeSH:D006559","Pemphigoid Gestationis",4,4,1,0,1,"MeSH:D006528",FALSE
"group_L3_2a315254","disease_vs_normal","group",3,"UNK",NA,21,21,4,0,4,"MeSH:D009369|STR:cutaneous_squamous_cell_carcinoma|STR:gefitinib_resistant|STR:pdx_tumor",TRUE
"group_L3_2a5ebd65","disease_vs_normal","group",2,"UNK",NA,7,7,2,0,2,"STR:acute_lymphoblastic_leukemia_all|STR:wm",TRUE
"group_L3_2a717066","small_molecule","group",9,"UNK",NA,41,41,0,10,10,"STR:conv_rt_hyperoxia|STR:conv_rt_hypoxia|STR:conv_rt_physioxia|STR:flash_rt_hyperoxia|STR:flash_rt_physioxia",TRUE
"group_L3_2a8e0566","small_molecule","group",2,"UNK",NA,6,6,0,1,1,"STR:c3d8",FALSE
"group_L3_2a9a3a84","pathogen_or_aggregate_exposure","group",2,"STR:sars-cov-2","SARS-CoV-2",5,5,0,1,1,"STR:sars_cov_2_infected_moi_2",FALSE
"group_L3_2adb994a","disease_vs_normal","group",12,"MeSH:D000544","Alzheimer Disease",53,53,1,0,1,"MeSH:D000544",FALSE
"group_L3_2addd702","pathogen_or_aggregate_exposure","group",2,"UNK",NA,9,9,0,3,3,"STR:infected_with_pa57_15_for_4h|STR:infected24hrs|STR:infected48hrs",TRUE
"group_L3_2b0efa27","disease_vs_normal","group",2,"UNK",NA,35,35,1,0,1,"STR:cd",FALSE
"group_L3_2b83e09c","small_molecule","group",5,"CHEBI:68534","enzalutamide",16,16,0,5,5,"CHEBI:68534|HGNC:RB1|STR:10_um_enzalutamide|STR:10_um_enzalutamide_and_30_nm_onvansertib|STR:enzalutamide_144_hours",TRUE
"group_L3_2b8d9288","disease_vs_normal","group",99,"UNK",NA,1798,1798,46,0,46,"MeSH:D000075363|MeSH:D000741|MeSH:D012008|MeSH:D015470|MeSH:D015473",TRUE
"group_L3_2bbec6cb","pathogen_or_aggregate_exposure","group",4,"UNK",NA,22,22,0,3,3,"HGNC:RHCE|STR:ifn|STR:mpxv_clade_i_infected",TRUE
"group_L3_2bbf38fe","pathogen_or_aggregate_exposure","group",2,"UNK",NA,5,5,0,2,2,"CHEBI:15341|STR:infected_and_1_month_after_2nd_vaccination_pfizer",TRUE
"group_L3_2bf4925f","disease_vs_normal","group",2,"UNK",NA,124,124,1,0,1,"STR:meningioma_tumor",FALSE
"group_L3_2bfc6758","disease_vs_normal","group",3,"UNK",NA,15,15,0,0,0,"",FALSE
"group_L3_2c1b6a80","small_molecule","group",2,"CHEBI:88507","PS(20:3(8Z,11Z,14Z)/16:0)",6,6,0,0,0,"",FALSE
"group_L3_2c59fe2c","small_molecule","group",2,"UNK",NA,5,5,0,2,2,"STR:a_1331852_medchemexpress_hy_19741|STR:g007_lk",TRUE
"group_L3_2cb0a179","small_molecule","group",2,"CHEBI:88246","2'-deoxytubercidin",5,5,0,0,0,"",FALSE
"group_L3_2cc4a306","small_molecule","group",2,"CHEBI:41774","tamoxifen",16,16,0,0,0,"",FALSE
"group_L3_2cc8d4ba","disease_vs_normal","group",4,"UNK",NA,9,9,1,0,1,"STR:osteosarcoma",FALSE
"group_L3_2d2a7502","small_molecule","group",2,"STR:adalimumab","Adalimumab",77,77,0,1,1,"STR:adalimumab",FALSE
"group_L3_2d4b0c3b","small_molecule","group",2,"UNK",NA,7,7,0,2,2,"STR:50um_tc|STR:pma_ionomycin",TRUE
"group_L3_2d7fbbc2","disease_vs_normal","group",2,"UNK",NA,7,7,3,0,3,"STR:multiple_endocrine_neoplasia_type_1_men1|STR:type_1_diabetes_mellitus|STR:type_1_diabetes_mellitus_with_family_history",TRUE
"group_L3_2d8336d0","small_molecule","group",2,"UNK",NA,7,7,0,2,2,"HGNC:ASCL1|STR:2_5_micromolar_nh125",TRUE
"group_L3_2dcf3396","disease_vs_normal","group",10,"UNK",NA,69,69,4,0,4,"STR:nonxenograft_forming_group|STR:primary|STR:recurrent|STR:tumor_gbm",TRUE
"group_L3_2dd7accb","small_molecule","group",2,"MeSH:D004076","Digoxigenin",77,77,0,0,0,"",FALSE
"group_L3_2df6d8f3","disease_vs_normal","group",3,"UNK",NA,7,7,1,0,1,"MeSH:D015470",FALSE
"group_L3_2e4e97eb","small_molecule","group",5,"CHEBI:50756","acridone",7,7,0,1,1,"CHEBI:49603",FALSE
"group_L3_2e5ab15c","small_molecule","group",2,"UNK",NA,12,12,0,4,4,"CHEBI:131152|STR:gsk_j1_plus_4_gy_x_ray_irradiation|STR:treated_with_5_m_caq_mben_for_0_hours|STR:treated_with_5_m_caq_mben_for_24_hours",TRUE
"group_L3_2e6335bb","disease_vs_normal","group",3,"UNK",NA,137,137,2,0,2,"STR:pancreas_tumor|STR:pancreatic_ductal_adenocarcinoma",TRUE
"group_L3_2f18e00f","small_molecule","group",3,"CHEBI:88517","PS(20:3(8Z,11Z,14Z)/18:0)",3,3,0,2,2,"STR:10nm_trametinib_300nm_jq1|STR:palbocicilib_indisulam",TRUE
"group_L3_2f55eaa1","disease_vs_normal","group",8,"UNK",NA,104,104,6,0,6,"MeSH:D003110|MeSH:D012004|STR:chronic_hcv|STR:covid_19|STR:ms",TRUE
"group_L3_2fec6cdf","disease_vs_normal","group",3,"UNK",NA,7,7,2,0,2,"MeSH:D001172|STR:rheumatoid_arthritis_ra",TRUE
"group_L3_30487617","small_molecule","group",2,"UNK",NA,5,5,0,1,1,"STR:pd0325901_drug",FALSE
"group_L3_307aa784","disease_vs_normal","group",2,"UNK",NA,4,4,2,0,2,"MeSH:D005706|STR:gallbladder_tumor",TRUE
"group_L3_30d75114","disease_vs_normal","group",7,"UNK",NA,61,61,2,0,2,"STR:former_sarcoma|STR:multiple_sclerosis",TRUE
"group_L3_30d9f18a","disease_vs_normal","group",5,"UNK",NA,79,79,2,0,2,"STR:adjacent_tumor|STR:primary_prostate_cancer",TRUE
"group_L3_30dce506","small_molecule","group",4,"UNK",NA,27,27,0,8,8,"STR:500_nm_mitoq_for_48h|STR:bza|STR:e2|STR:e2bza|STR:gc10",TRUE
"group_L3_30ee2178","small_molecule","group",2,"CHEBI:94186","tubastatin A",6,6,0,2,2,"STR:1_microm_tubastatin_a|STR:1_um_tubastatin_a",TRUE
"group_L3_30fc7595","disease_vs_normal","group",8,"UNK",NA,14,14,2,0,2,"MeSH:D000077274|STR:nasopharyngeal_carcinoma",TRUE
"group_L3_31305dea","pathogen_or_aggregate_exposure","group",2,"UNK",NA,40,40,0,1,1,"STR:hrv",FALSE
"group_L3_3187a643","disease_vs_normal","group",2,"MeSH:D008281","Maine",4,4,0,0,0,"",FALSE
"group_L3_319290cc","small_molecule","group",3,"CHEBI:134201","<em>P</em>-{α-<small>D</small>-Glc<em>p</em>NAc-(1→3)-[<small>D</small>-GroA-(2→1)]-α-<small>D</small>-Glc<em>p</em>NAc-6-yl}-α-<small>D</small>-Glc<em>p</em>NAc-(1→3)-[<em>P</em>-6-[CH<small><sub>2</sub></small>]<small><sub>5</sub></small>NH<small><sub>2</sub></small>]-α-<small>D</small>-Glc<em>p</em>NAc-(1→2)-<small>D</small>-GroA",10,10,0,5,5,"CHEBI:145431|CHEBI:231344|STR:2|STR:bpap|STR:dcdps",TRUE
"group_L3_31c45ae7","disease_vs_normal","group",2,"UNK",NA,12,12,0,0,0,"",FALSE
"group_L3_3216cc12","cytokine_stim","group",2,"HGNC:6016","IL5",12,12,0,2,2,"STR:il_12|STR:il_15",TRUE
"group_L3_327e77e1","disease_vs_normal","group",22,"UNK",NA,76,76,8,0,8,"MeSH:D001943|MeSH:D044584|STR:adenocarcinoma_breast|STR:breast_cancer_cell|STR:breast_cancer_cells",TRUE
"group_L3_32b62505","disease_vs_normal","group",2,"UNK",NA,104,104,1,0,1,"STR:primary_pancreatic_ductal_adenocarcinoma_cell_line",FALSE
"group_L3_32e97d20","small_molecule","group",2,"UNK",NA,13,13,0,3,3,"STR:gant61_rita_treated|STR:gant61_treated|STR:rita_treated",TRUE
"group_L3_32fa2c21","small_molecule","group",2,"UNK",NA,3,3,0,2,2,"HGNC:GLIS2|STR:cbp_catenin_antagonism",TRUE
"group_L3_3379156c","disease_vs_normal","group",2,"UNK",NA,45,45,1,0,1,"STR:tumor_biopsy",FALSE
"group_L3_338cb387","small_molecule","group",2,"CHEBI:63630","tolcapone",31,31,0,0,0,"",FALSE
"group_L3_3396a3e7","disease_vs_normal","group",10,"UNK",NA,124,124,5,0,5,"MeSH:D009369|MeSH:D010190|STR:cystic_fibrosis|STR:pancreas|STR:pancreatic_ductal_adenocarcinoma",TRUE
"group_L3_33a7c2d2","small_molecule","group",3,"CHEBI:231601","trastuzumab",13,13,0,3,3,"CHEBI:231601|STR:10_g_ml_trastuzumab_for_3_days|STR:treated_with_herceptin_for_6_days",TRUE
"group_L3_33ba056e","disease_vs_normal","group",2,"UNK",NA,28,28,0,0,0,"",FALSE
"group_L3_33d34e74","disease_vs_normal","group",14,"UNK",NA,70,70,6,0,6,"MeSH:D011471|STR:breast_cancer_bone_metastases|STR:crpc_metastasis|STR:metastasized_prostate_cancer_bone|STR:prostate_cancer_bone_metastasis",TRUE
"group_L3_33e402f1","disease_vs_normal","group",6,"UNK",NA,23,23,5,0,5,"MeSH:D009369|MeSH:D012512|STR:capicua_double_homeobox_4_cic_dux4_rearranged_sarcomas_cdss|STR:sarcoma|STR:sarcoma_tumor",TRUE
"group_L3_33ea7eb7","disease_vs_normal","group",4,"UNK",NA,133,133,4,0,4,"MeSH:D000093284|STR:bladder_cancer_tissue|STR:human_urinary_bladder_tumor|STR:stage_1_bladder_cancer_tumor",TRUE
"group_L3_345546ed","disease_vs_normal","group",21,"UNK",NA,69,69,9,0,9,"MeSH:D008545|MeSH:D012878|STR:cell_line_derived_from_cutaneous_squamous_cell_carcinoma_tumor_in_patient_with_recessive_dystrophic_epidermolysis_bullosa|STR:hh_cutaneous_t_cell_lymphoma|STR:human_clear_cell_renal_cell_skin_metastasis",TRUE
"group_L3_34582344","small_molecule","group",3,"UNK",NA,31,31,0,0,0,"",FALSE
"group_L3_3468c375","small_molecule","group",2,"CHEBI:17105","4-maleylacetoacetate",13,13,0,2,2,"CHEBI:16412|STR:lps_st2825",TRUE
"group_L3_34889bc8","disease_vs_normal","group",8,"UNK",NA,220,220,6,0,6,"MeSH:D001943|STR:breast_cancer_tissue|STR:er_breast_cancer_primary_tumor|STR:er_pr|STR:non_tnbc_breast_tumor",TRUE
"group_L3_349bdebe","small_molecule","group",2,"CHEBI:27899","cisplatin",16,16,0,2,2,"CHEBI:27899|STR:cisplatin_pulse",TRUE
"group_L3_34aa68d9","small_molecule","group",3,"UNK",NA,16,16,0,4,4,"STR:cea_tcb|STR:dp47_tcb|STR:treated_for_16h_with_200_m_cocl2|STR:vegf",TRUE
"group_L3_34b87aa1","small_molecule","group",19,"UNK",NA,89,89,0,23,23,"CHEBI:231605|CHEBI:231674|CHEBI:95071|HGNC:BLM|STR:1um_dac_6_days",TRUE
"group_L3_34d90f53","small_molecule","group",2,"CHEBI:27899","cisplatin",3,3,0,1,1,"CHEBI:27899",FALSE
"group_L3_34eab021","small_molecule","group",2,"UNK",NA,8,8,0,2,2,"STR:aa_147_for_2_weeks|STR:rpcm",TRUE
"group_L3_34f64246","small_molecule","group",8,"UNK",NA,40,40,0,9,9,"CHEBI:39867|STR:100um_4su_fed_for_24h|STR:aso1|STR:cells_were_treated_with_das_ai_for_30_minutes|STR:cells_were_treated_with_hcq_ai_for_30_minutes",TRUE
"group_L3_3532d75c","disease_vs_normal","group",14,"UNK",NA,19,19,4,0,4,"STR:bgc823_shctr|STR:gastric_cancer_cell|STR:gastric_cancer_stad|STR:human_gastric_cancer_cell_line",TRUE
"group_L3_35337ff6","disease_vs_normal","group",38,"UNK",NA,184,184,11,0,11,"MeSH:D001932|STR:cancer_glioblastoma|STR:glioblastoma|STR:glioblastoma_cancer_stemcell_tg1|STR:glioblastoma_cancer_stemcell_tg1_c1",TRUE
"group_L3_35424ec0","disease_vs_normal","group",55,"UNK",NA,166,166,21,0,21,"STR:caco_2_human_colon_carcinoma_cell_line|STR:cancer_cell_line|STR:colon_cancer_cell|STR:colon_cancer_cell_line|STR:colon_carcinoma_cells",TRUE
"group_L3_35d2535f","small_molecule","group",3,"UNK",NA,17,17,0,3,3,"STR:syc_435_temozolomide_radiation|STR:syc_435_treatment|STR:temozolomide_radiation",TRUE
"group_L3_35f3cc5c","disease_vs_normal","group",4,"UNK",NA,230,230,2,0,2,"MeSH:D000077195|STR:head_and_squamous_cell_carcinoma",TRUE
"group_L3_3619ccbc","disease_vs_normal","group",2,"UNK",NA,8,8,2,0,2,"MeSH:D001943|STR:treatment_naive_breast_tumor",TRUE
"group_L3_36814154","disease_vs_normal","group",5,"UNK",NA,38,38,2,0,2,"STR:adenomyosis|STR:fibroid_patient",TRUE
"group_L3_3692f453","disease_vs_normal","group",9,"UNK",NA,112,112,4,0,4,"MeSH:D003424|STR:acute_lymphoblastic_leukaemia|STR:childhood_acute_lymohoblastic_leukemia|STR:cll",TRUE
"group_L3_36a36cde","cytokine_stim","group",3,"CHEBI:90943","osimertinib",5,5,0,1,1,"CHEBI:90943",FALSE
"group_L3_36a8a8ac","disease_vs_normal","group",2,"UNK",NA,21,21,0,0,0,"",FALSE
"group_L3_36d2aed2","small_molecule","group",3,"CHEBI:68507","UDP-<em>N</em>-acetyl-3-<em>O</em>-(1-carboxyvinyl)-α-<small>D</small>-glucosamine",6,6,0,3,3,"CHEBI:69120|STR:1nm_romidepsin_1um_ipatasertib|STR:epigallocatechin",TRUE
"group_L3_370be468","small_molecule","group",3,"CHEBI:16579","anisole",37,37,0,2,2,"STR:10_nm_1|STR:1alpha",TRUE
"group_L3_3719e80a","small_molecule","group",2,"MeSH:D008543","Melanins",2,2,0,0,0,"",FALSE
"group_L3_3723eaee","small_molecule","group",2,"UNK",NA,177,177,0,1,1,"STR:slit",FALSE
"group_L3_373e7405","small_molecule","group",2,"STR:dmso","DMSO",3,3,0,1,1,"HGNC:ARID1A",FALSE
"group_L3_377ab8fb","disease_vs_normal","group",8,"UNK",NA,97,97,6,0,6,"MeSH:D000077195|MeSH:D009369|STR:head_and_neck_cancer_biopsy|STR:hnscc_patient|STR:hpv_head_and_neck_cancer_tissue",TRUE
"group_L3_379f7def","disease_vs_normal","group",2,"MeSH:D003586","Cytomegalovirus Infections",30,30,0,0,0,"",FALSE
"group_L3_37a94713","disease_vs_normal","group",2,"UNK",NA,3,3,0,0,0,"",FALSE
"group_L3_37b8f984","small_molecule","group",24,"UNK",NA,162,162,0,13,13,"CHEBI:155879|STR:0_days_hcq|STR:100um_electrophilic_compound_dimethyl_itaconate_and_tlr9_stimulation_with_2_5ug_ml_cpg_odn2006|STR:362|STR:5_days_hcq",TRUE
"group_L3_37e0ce8a","disease_vs_normal","group",2,"UNK",NA,2,2,0,0,0,"",FALSE
"group_L3_3847e176","pathogen_or_aggregate_exposure","group",2,"UNK",NA,15,15,0,5,5,"STR:amodiaquine_traetment_1hpi_sars_cov_2_infected_moi_0_1|STR:iav_nc_infected_moi_5|STR:iav_nt_infected_moi_5|STR:sev_nc_infected_moi_5|STR:sev_nt_infected_moi_5",TRUE
"group_L3_38562b54","small_molecule","group",4,"CHEBI:63637","vemurafenib",15,15,0,1,1,"CHEBI:63637",FALSE
"group_L3_3866ccdd","small_molecule","group",9,"CHEBI:16635","Met-tRNA<small><sup>Met</small></sup>",51,51,0,8,8,"STR:1_ng_ml_tgfbeta1_apical_treatment|STR:10ng_ml_tgf_2h_treatment|STR:10ng_ml_tgf_6h_treatment|STR:48h_treatment_of_single_dose_tgf_beta1_at_10ng_ml|STR:differentition_myofibroblast_lipofibroblast_tgfb1_2ng_ml_4days",TRUE
"group_L3_388f7371","small_molecule","group",2,"CHEBI:16469","17β-estradiol",3,3,0,1,1,"STR:e2_treated",FALSE
"group_L3_389ce8e2","disease_vs_normal","group",2,"UNK",NA,22,22,0,0,0,"",FALSE
"group_L3_38c9dd8f","disease_vs_normal","group",2,"MeSH:D012115","Residual Volume",13,13,2,0,2,"STR:clear_cell_renal_cell_carcinoma_ccrcc|STR:human_renal_cell_carcinoma_cultures",TRUE
"group_L3_39033a3f","disease_vs_normal","group",2,"UNK",NA,6,6,1,0,1,"STR:liver_metastasizing_pancreatic_ductal_carcinoma",FALSE
"group_L3_39075726","pathogen_or_aggregate_exposure","group",7,"UNK",NA,120,120,0,6,6,"STR:24h_in_vitro_stim_with_moi_10_3_vp_chadox1_gfp|STR:a549_were_infected_with_isf35_and_hifnb_viruses|STR:a549_were_infected_with_isf35_viruses|STR:a549_were_infected_with_null_viruses|STR:lps_ifng",TRUE
"group_L3_391bfa83","small_molecule","group",3,"UNK",NA,16,16,0,3,3,"STR:gw3965|STR:lb_100_pp2a_inhibitor|STR:r568",TRUE
"group_L3_391d75c1","disease_vs_normal","group",3,"UNK",NA,10,10,3,0,3,"MeSH:D010051|STR:ovarian_adenocarcinoma|STR:ovarian_cancer_stage_iii",TRUE
"group_L3_394bfcc8","disease_vs_normal","group",4,"UNK",NA,108,108,4,0,4,"MeSH:D056128|STR:aml|STR:ankylosing_spondylitis_as|STR:mds",TRUE
"group_L3_3957c338","small_molecule","group",4,"CHEBI:134223","2-amino-6-(1-hydroxypropyl)-8-methylpteridine-4,7(3<em>H</em>,8<em>H</em>)-dione",6,6,0,5,5,"CHEBI:145431|CHEBI:197107|CHEBI:40629|STR:2|STR:4",TRUE
"group_L3_396bac4e","cytokine_stim","group",2,"STR:interferon gamma","Interferon gamma",4,4,0,1,1,"STR:after_ifn_gamma_treatment_48_hours",FALSE
"group_L3_39a47506","small_molecule","group",2,"UNK",NA,9,9,0,3,3,"STR:asa_24_hrs|STR:vitamin_d_24_hrs|STR:vitamin_d_6_hrs",TRUE
"group_L3_39cf7589","small_molecule","group",2,"MeSH:D000981","Antiprotozoal Agents",4,4,0,0,0,"",FALSE
"group_L3_3a292238","small_molecule","group",4,"CHEBI:17139","6-<em>O</em>-sulfo-α-<small>D</small>-Glc-(1→6)-α-<small>D</small>-Glc-(1→6)-α-<small>D</small>-Glc-(1→3)-1-<em>O</em>-alkyl-2-<em>O</em>-acylglycerol",6,6,0,3,3,"CHEBI:16469|STR:estradiol_10_nm|STR:estradiol_100nm_160min",TRUE
"group_L3_3a418808","small_molecule","group",3,"UNK",NA,16,16,0,3,3,"STR:10_m_ara_c|STR:cyclocreatine_3mm|STR:glucose_deprivation_for_24h_and_then_treated_with_15mm_aicar_for_45min",TRUE
"group_L3_3a4a8d40","disease_vs_normal","group",5,"UNK",NA,53,53,3,0,3,"STR:biliary_atresia|STR:hc|STR:hcc",TRUE
"group_L3_3a7130f8","small_molecule","group",2,"UNK",NA,14,14,0,5,5,"CHEBI:17437|STR:1_um_compound_a_196|STR:10_um_compound_a_196|STR:10_um_compound_sgc2043|STR:5_um_compound_a_196",TRUE
"group_L3_3ac63d2b","small_molecule","group",2,"UNK",NA,4,4,0,2,2,"STR:17|STR:ppcn",TRUE
"group_L3_3adec99e","cytokine_stim","group",2,"UNK",NA,8,8,0,1,1,"STR:bmp2_egf",FALSE
"group_L3_3af77e2f","cytokine_stim","group",7,"UNK",NA,22,22,0,5,5,"STR:24_h_anticd3_cd28_coated_beads|STR:6_hours|STR:gm_csf_and_il4|STR:gm_csf_and_il4_and_il10|STR:lps_ifng_tnf",TRUE
"group_L3_3b39bb20","small_molecule","group",4,"CHEBI:134201","<em>P</em>-{α-<small>D</small>-Glc<em>p</em>NAc-(1→3)-[<small>D</small>-GroA-(2→1)]-α-<small>D</small>-Glc<em>p</em>NAc-6-yl}-α-<small>D</small>-Glc<em>p</em>NAc-(1→3)-[<em>P</em>-6-[CH<small><sub>2</sub></small>]<small><sub>5</sub></small>NH<small><sub>2</sub></small>]-α-<small>D</small>-Glc<em>p</em>NAc-(1→2)-<small>D</small>-GroA",38,38,0,34,34,"CHEBI:131174|CHEBI:134689|CHEBI:145365|CHEBI:145374|CHEBI:177413",TRUE
"group_L3_3b639e2b","small_molecule","group",2,"CHEBI:78543","ponatinib",4,4,0,1,1,"CHEBI:78543",FALSE
"group_L3_3b770a44","small_molecule","group",3,"UNK",NA,14,14,0,5,5,"STR:d_t|STR:g_t|STR:mets|STR:s_t|STR:sch",TRUE
"group_L3_3b7dbd4f","small_molecule","group",2,"CHEBI:50201","(<i>R</i>)-naringenin",3,3,0,1,1,"CHEBI:31638",FALSE
"group_L3_3b8925a0","small_molecule","group",3,"UNK",NA,5,5,0,3,3,"STR:ab|STR:avadomide_durvalumab|STR:scd83",TRUE
"group_L3_3b8e2aa1","disease_vs_normal","group",4,"UNK",NA,13,13,2,0,2,"STR:keloid|STR:lesion",TRUE
"group_L3_3ba08a9d","small_molecule","group",2,"CHEBI:134203","<em>P</em>-{α-<small>D</small>-Glc<em>p</em>NAc-(1→3)-[<small>D</small>-GroA-(2→1)]-α-<small>D</small>-Glc<em>p</em>NAc-6-yl}-α-<small>D</small>-Glc<em>p</em>NAc-(1→3)-[<small>D</small>-GroA-(2→1)]-α-<small>D</small>-Glc<em>p</em>NAc-<em>P</em>-6-[CH<small><sub>2</sub></small>]<small><sub>5</sub></small>NHC(=O)[CH<small><sub>2</sub></small>]<small><sub>4</sub></small>C(=O)NHR group",50,50,0,38,38,"CHEBI:134689|CHEBI:135810|CHEBI:137064|CHEBI:140592|CHEBI:145374",TRUE
"group_L3_3bb76cde","disease_vs_normal","group",3,"UNK",NA,3,3,1,0,1,"STR:laryngeal_cancer_tissue",FALSE
"group_L3_3bfeabf4","disease_vs_normal","group",3,"UNK",NA,34,34,1,0,1,"STR:osteoarthritis",FALSE
"group_L3_3c6e9bd9","disease_vs_normal","group",32,"UNK",NA,631,631,45,0,45,"MeSH:D009369|MeSH:D011471|STR:adjacent_tumor|STR:bph|STR:cwr22_pdx_tumor",TRUE
"group_L3_3c899bcc","cytokine_stim","group",3,"STR:interferon gamma","interferon gamma",14,14,0,3,3,"STR:after_ifn_gamma_treatment_48_hours|STR:ifn|STR:ifng",TRUE
"group_L3_3cb7d465","small_molecule","group",2,"CHEBI:50756","acridone",6,6,0,0,0,"",FALSE
"group_L3_3ccf9583","disease_vs_normal","group",7,"UNK",NA,184,184,3,0,3,"MeSH:D009369|MeSH:D016773|STR:fbs",TRUE
"group_L3_3d191e3f","small_molecule","group",2,"CHEBI:27388","benzoylacetyl-CoA",4,4,0,2,2,"CHEBI:61049|STR:0_25_g_ml_doxycycline_for_2_days",TRUE
"group_L3_3d4a6b25","small_molecule","group",2,"UNK",NA,14,14,0,3,3,"STR:gfoger|STR:redv|STR:rgd",TRUE
"group_L3_3d9612a4","small_molecule","group",2,"CHEBI:134221","dehydroluciferin",10,10,0,7,7,"CHEBI:91418|CHEBI:91435|STR:4|STR:bpaf|STR:bpap",TRUE
"group_L3_3d9d0e68","disease_vs_normal","group",2,"UNK",NA,21,21,2,0,2,"MeSH:D001943|MeSH:D009369",TRUE
"group_L3_3da7e1b1","disease_vs_normal","group",2,"UNK",NA,4,4,2,0,2,"STR:hepatocellular_carcinoma_hcc|STR:tumor_totalrna",TRUE
"group_L3_3dceef1d","disease_vs_normal","group",3,"MeSH:D009370","Neoplasms by Histologic Type",18,18,2,0,2,"STR:metastatic_nasopharyngeal_carcinoma_patient_sample|STR:nasopharyngeal_carcinoma",TRUE
"group_L3_3de1d63d","small_molecule","group",3,"MeSH:D000073","Acenaphthenes",163,163,0,0,0,"",FALSE
"group_L3_3e0eec43","small_molecule","group",4,"CHEBI:28748","doxorubicin",17,17,0,3,3,"HGNC:BRCA2|HGNC:PTK2|STR:doxorubicin_treated",TRUE
"group_L3_3e5c6d4b","pathogen_or_aggregate_exposure","group",4,"UNK",NA,16,16,0,4,4,"STR:98_783_dp_a1_v_vulnificus_acd_mcf_abh_martx_toxin|STR:infected|STR:vaccinia_wr_4_hrs_post_infection|STR:vaccinia_wr_8_hrs_post_infection",TRUE
"group_L3_3e74a509","pathogen_or_aggregate_exposure","group",3,"UNK",NA,167,167,0,4,4,"STR:ama1|STR:csp|STR:d_7|STR:hbs",TRUE
"group_L3_3ea44f4a","small_molecule","group",2,"CHEBI:71019","omacetaxine mepesuccinate",20,20,0,1,1,"CHEBI:71019",FALSE
"group_L3_3ef36259","disease_vs_normal","group",2,"MeSH:D009359","Neonatology",12,12,2,0,2,"STR:nasopharyngeal_carcinoma|STR:npc_patient_tumor_biopsy",TRUE
"group_L3_3f0ec905","small_molecule","group",2,"CHEBI:50845","doxycycline",10,10,0,2,2,"STR:doxycycline_24h|STR:doxycycline_4h",TRUE
"group_L3_3f120e94","small_molecule","group",2,"CHEBI:30971","2<em>H</em>-azirine",12,12,0,1,1,"STR:treated_with_dox_for_24_hours",FALSE
"group_L3_3f216fdc","small_molecule","group",6,"CHEBI:27388","benzoylacetyl-CoA",42,42,0,6,6,"HGNC:USP35|STR:1microg_ml_doxycycline_24_hours|STR:2h_5ng_ml_doxycycline_4h_washout|STR:doxycycline_for_24_hours|STR:doxycycline_induction",TRUE
"group_L3_3f2de139","small_molecule","group",2,"CHEBI:50105","TNP-ATP<small><sup>5−</small></sup>",24,24,0,0,0,"",FALSE
"group_L3_3f4871bd","cytokine_stim","group",2,"CHEBI:17236","2-hydroxy-6-oxohexa-2,4-dienoic acid",15,15,0,2,2,"STR:eryhtropoietinin|STR:il3",TRUE
"group_L3_3f9fe4d7","small_molecule","group",3,"UNK",NA,13,13,0,6,6,"STR:10_um_dcvc|STR:180um_mehp|STR:1um_mehp|STR:20_um_dcvc|STR:90um_mehp",TRUE
"group_L3_3fc96ffc","small_molecule","group",8,"UNK",NA,54,54,0,17,17,"CHEBI:85994|STR:capox_bevacizumab|STR:folfiri|STR:folfiri_bevacizumab|STR:folfiri_bevacizumabacizumab",TRUE
"group_L3_4009a304","cytokine_stim","group",2,"UNK",NA,4,4,0,1,1,"STR:il17a_50ng_ml_il22_10ng_ml",FALSE
"group_L3_403aebb8","disease_vs_normal","group",3,"UNK",NA,21,21,1,0,1,"STR:parkinson_s_disease",FALSE
"group_L3_405b37df","small_molecule","group",2,"UNK",NA,10,10,0,1,1,"STR:immunosuppressive_therapy",FALSE
"group_L3_406d5545","small_molecule","group",3,"CHEBI:16635","Met-tRNA<small><sup>Met</small></sup>",9,9,0,5,5,"HGNC:PTPN3|HGNC:SMAD4|STR:tgfbeta|STR:tgfbeta_adropin34_76|STR:with_tgf_beta_treatment",TRUE
"group_L3_40bf9efb","small_molecule","group",2,"UNK",NA,9,9,0,1,1,"STR:5_um_tazemetostat",FALSE
"group_L3_40d01741","disease_vs_normal","group",2,"UNK",NA,9,9,0,0,0,"",FALSE
"group_L3_40e622b1","small_molecule","group",2,"UNK",NA,15,15,0,1,1,"STR:tnflt_treatment",FALSE
"group_L3_40f0168d","small_molecule","group",6,"UNK",NA,41,41,0,27,27,"CHEBI:138856|CHEBI:18258|CHEBI:18332|CHEBI:7959|HGNC:PNPLA3",TRUE
"group_L3_40fdc8f5","disease_vs_normal","group",5,"UNK",NA,28,28,3,0,3,"STR:brca|STR:estrogen_receptor_positive_er_breast_cancer|STR:triple_negative_breast_cancer_tumor_ffpe",TRUE
"group_L3_41083f95","small_molecule","group",2,"UNK",NA,11,11,0,1,1,"STR:jq1_and_il1b",FALSE
"group_L3_410c225d","disease_vs_normal","group",12,"UNK",NA,81,81,11,0,11,"MeSH:D002575|MeSH:D002583|MeSH:D009369|STR:cervical_adenocarcinoma_tissue|STR:cervical_cancer_cc",TRUE
"group_L3_4126500f","disease_vs_normal","group",2,"UNK",NA,20,20,2,0,2,"STR:rheumatoid_arthritis_early|STR:rheumatoid_arthritis_established",TRUE
"group_L3_4137291f","pathogen_or_aggregate_exposure","group",4,"UNK",NA,61,61,0,3,3,"STR:stimulated_with_m_leprae_whole_cell_sonicate_antigen_10_g_ml|STR:v1|STR:v2",TRUE
"group_L3_41c6a427","small_molecule","group",2,"UNK",NA,7,7,0,3,3,"CHEBI:16044|STR:esp|STR:ndma_esp",TRUE
"group_L3_41d17123","disease_vs_normal","group",10,"UNK",NA,149,149,7,0,7,"MeSH:D029424|STR:asthma|STR:atopic_asthmatic|STR:atopic_non_asthmatic|STR:cf",TRUE
"group_L3_41f462ef","disease_vs_normal","group",2,"MeSH:D010146","Pain",3,3,2,0,2,"STR:csarc|STR:non_small_cell_lung_carcinoma_nsclc",TRUE
"group_L3_41f5a0b4","disease_vs_normal","group",3,"UNK",NA,6,6,1,0,1,"STR:prostate_cancer_organoid",FALSE
"group_L3_42318a81","cytokine_stim","group",2,"MeSH:D007376","Interleukin-2",10,10,0,1,1,"STR:il_2",FALSE
"group_L3_423735fb","disease_vs_normal","group",2,"UNK",NA,11,11,1,0,1,"STR:tumor_tissue",FALSE
"group_L3_42595f03","small_molecule","group",2,"UNK",NA,12,12,0,5,5,"STR:1um_isox_48_hours|STR:30_mg_kg_mcb_22_294_for_1d1h|STR:30_mg_kg_mcb_22_294_for_1d6h|STR:30_mg_kg_mcb_22_294_for_7d1h|STR:30_mg_kg_mcb_22_294_for_7d6h",TRUE
"group_L3_427331a4","small_molecule","group",2,"CHEBI:79605","3-allyloxyestra-1,3,5(10),7-tetraene-16,17-dione dioxime",5,5,0,2,2,"HGNC:DUSP4|STR:trametinib_0_1_m",TRUE
"group_L3_427c307d","small_molecule","group",2,"CHEBI:41977","daunorubicin",32,32,0,0,0,"",FALSE
"group_L3_428e1fc2","small_molecule","group",2,"CHEBI:64317","isoprenaline",26,26,0,0,0,"",FALSE
"group_L3_42b1bf46","small_molecule","group",2,"UNK",NA,7,7,0,2,2,"STR:acute_treatement_with_omp_52m51|STR:dac",TRUE
"group_L3_42d9dffb","disease_vs_normal","group",4,"UNK",NA,8,8,1,0,1,"STR:gbm",FALSE
"group_L3_434d8068","disease_vs_normal","group",3,"UNK",NA,10,10,1,0,1,"STR:breast_cancer_cell_line",FALSE
"group_L3_43b00931","pathogen_or_aggregate_exposure","group",23,"UNK",NA,141,141,0,23,23,"CHEBI:73823|STR:100nm_vd_treatment_and_h1n1_infection|STR:10nm_vd_treatment_and_h1n1_infection|STR:cse|STR:ev_d68",TRUE
"group_L3_43e0d6e9","pathogen_or_aggregate_exposure","group",5,"UNK",NA,267,267,0,2,2,"STR:3_doses_of_1_8m_pfspz_sporozoites|STR:5_doses_of_270k_pfspz_sporozoites",TRUE
"group_L3_43f494df","small_molecule","group",2,"CHEBI:81579","Erythropoietin",5,5,0,1,1,"STR:eryhtropoietinin",FALSE
"group_L3_4426f27b","pathogen_or_aggregate_exposure","group",4,"CHEBI:84491","poly(I:C)",11,11,0,4,4,"CHEBI:84491|STR:24_h_transfection_0_05_ug_cm2_poly_i_c|STR:poly_ic_and_ll_37_for_24_hours|STR:polyic_induced_for_24hr",TRUE
"group_L3_4445bb6d","disease_vs_normal","group",2,"UNK",NA,8,8,0,0,0,"",FALSE
"group_L3_445d03fb","small_molecule","group",2,"CHEBI:77092","fenbendazole",3,3,0,1,1,"CHEBI:77092",FALSE
"group_L3_445dd1c6","small_molecule","group",2,"CHEBI:30971","2<em>H</em>-azirine",2,2,0,1,1,"STR:dexamethasone_and_belinostat_treated",FALSE
"group_L3_447de944","pathogen_or_aggregate_exposure","group",9,"UNK",NA,40,40,0,3,3,"STR:bacillus_calmette_gu_rin_bcg_vaccine|STR:hiltonol_prna|STR:tb_pe",TRUE
"group_L3_448fc87c","disease_vs_normal","group",3,"MeSH:D003319","Corneal Stroma",162,162,2,0,2,"MeSH:D003424|STR:newly_diagnosed_crohn_s_disease",TRUE
"group_L3_44ae3b66","disease_vs_normal","group",2,"UNK",NA,7,7,0,0,0,"",FALSE
"group_L3_44c34bc0","small_molecule","group",2,"CHEBI:50845","doxycycline",48,48,0,4,4,"HGNC:ZBTB3|HGNC:ZBTB9|STR:1000_ng_ml_dox|STR:50_ng_ml_dox",TRUE
"group_L3_44ca189b","disease_vs_normal","group",2,"UNK",NA,16,16,0,0,0,"",FALSE
"group_L3_44d07874","small_molecule","group",2,"UNK",NA,8,8,0,3,3,"STR:g007_lk|STR:sch772984_1um_senexin_a_1um_x8weeks|STR:sch772984_1um_x8weeks",TRUE
"group_L3_4500be03","disease_vs_normal","group",6,"UNK",NA,17,17,0,0,0,"",FALSE
"group_L3_4533673c","pathogen_or_aggregate_exposure","group",2,"UNK",NA,4,4,0,1,1,"STR:infected_with_virus_cmv_strain_tb40",FALSE
"group_L3_45433165","small_molecule","group",3,"UNK",NA,47,47,0,3,3,"STR:5_m_25hc_for_4h|STR:hepatocellular_carcinoma|STR:pd_treatment",TRUE
"group_L3_4559cb84","disease_vs_normal","group",2,"MeSH:D009789","Occupational Therapy Department, Hospital",7,7,2,0,2,"STR:pancreatic_adenocarcinoma_cells|STR:patient_derived_pancreatic_cancer_cells",TRUE
"group_L3_458d3c37","disease_vs_normal","group",2,"UNK",NA,6,6,1,0,1,"MeSH:D010190",FALSE
"group_L3_4591d83c","small_molecule","group",2,"MeSH:D000098","Acetophenones",2,2,0,0,0,"",FALSE
"group_L3_45959a9d","small_molecule","group",25,"UNK",NA,126,126,0,27,27,"CHEBI:132974|CHEBI:63452|CHEBI:73907|CHEBI:73925|HGNC:ESR1",TRUE
"group_L3_459d3faa","disease_vs_normal","group",2,"UNK",NA,41,41,2,0,2,"STR:prostate_cancer_pca|STR:prostate_cancer_urinary_exosome",TRUE
"group_L3_45c4ac2a","small_molecule","group",3,"CHEBI:50845","doxycycline",5,5,0,2,2,"HGNC:SMARCA2|STR:dox_for_12_days",TRUE
"group_L3_45d2c909","small_molecule","group",2,"CHEBI:134212","(<i>S</i>)-glaucine(1+)",4,4,0,4,4,"CHEBI:231358|CHEBI:231602|CHEBI:61397|CHEBI:90626",TRUE
"group_L3_45f0ed25","disease_vs_normal","group",4,"UNK",NA,28,28,1,0,1,"STR:retinoblastoma",FALSE
"group_L3_45fe1647","small_molecule","group",2,"CHEBI:229222","capivasertib",13,13,0,1,1,"CHEBI:229222",FALSE
"group_L3_45ff6277","small_molecule","group",2,"CHEBI:5091","flecainide acetate",20,20,0,0,0,"",FALSE
"group_L3_460a29fa","disease_vs_normal","group",5,"UNK",NA,83,83,3,0,3,"MeSH:D020522|STR:abc_dlbcl|STR:gc_dlbcl",TRUE
"group_L3_464b0bfd","disease_vs_normal","group",2,"UNK",NA,4,4,2,0,2,"STR:cholangiocarcinoma_cell_line|STR:icc13_7",TRUE
"group_L3_464da749","disease_vs_normal","group",2,"UNK",NA,10,10,0,0,0,"",FALSE
"group_L3_467ff040","disease_vs_normal","group",2,"UNK",NA,8,8,1,0,1,"STR:bl0269_human_bladder_cancer_patient_derived_xenograft_pdx",FALSE
"group_L3_46a50f18","disease_vs_normal","group",16,"UNK",NA,169,169,11,0,11,"MeSH:D009369|STR:adenocarcinoma|STR:caucasian_women|STR:clear_cell_tumor|STR:gynecologic_cancer",TRUE
"group_L3_46a7ae23","pathogen_or_aggregate_exposure","group",3,"UNK",NA,44,44,0,1,1,"STR:cpg_ivig",FALSE
"group_L3_472a65eb","small_molecule","group",2,"CHEBI:27388","benzoylacetyl-CoA",5,5,0,2,2,"STR:0_25_g_ml_doxycycline_for_2_days|STR:20ng_ml_doxycycline_for_24hrs",TRUE
"group_L3_473a9fd4","small_molecule","group",2,"CHEBI:67271","MK-2206",3,3,0,1,1,"CHEBI:67271",FALSE
"group_L3_475d81f9","pathogen_or_aggregate_exposure","group",2,"UNK",NA,5,5,0,0,0,"",FALSE
"group_L3_476b2a8c","small_molecule","group",2,"CHEBI:28748","doxorubicin",9,9,0,2,2,"STR:dox|STR:rna",TRUE
"group_L3_479707e4","small_molecule","group",2,"CHEBI:134136","1-acylglycerol 22:5",2,2,0,2,2,"CHEBI:85990|STR:ici_174",TRUE
"group_L3_47996efd","small_molecule","group",2,"CHEBI:88017","α-mycolate type-1 (II)",5,5,0,4,4,"CHEBI:132268|CHEBI:39112|CHEBI:72317|CHEBI:75045",TRUE
"group_L3_47a580be","disease_vs_normal","group",2,"UNK",NA,2,2,1,0,1,"STR:non_cancer_derived_breast_cell_ipsilateral",FALSE
"group_L3_47dc1e19","small_molecule","group",2,"UNK",NA,8,8,0,3,3,"STR:10_um_ech_a|STR:6tf|STR:8tf",TRUE
"group_L3_47f6a5dd","small_molecule","group",2,"CHEBI:46345","5-fluorouracil",4,4,0,3,3,"STR:nct|STR:treatment_of_5_fu_for_14_days|STR:treatment_of_5_fu_for_5_days",TRUE
"group_L3_4841514a","disease_vs_normal","group",2,"UNK",NA,9,9,2,0,2,"STR:glioblastoma|STR:meduloblastoma",TRUE
"group_L3_4842ebe0","pathogen_or_aggregate_exposure","group",2,"UNK",NA,18,18,0,1,1,"STR:hiv_1_infected",FALSE
"group_L3_485e1bc5","disease_vs_normal","group",2,"UNK",NA,2,2,0,0,0,"",FALSE
"group_L3_486b7494","pathogen_or_aggregate_exposure","group",5,"UNK",NA,62,62,0,1,1,"STR:d_7",FALSE
"group_L3_4920d7be","disease_vs_normal","group",2,"MeSH:D002477","Cells",8,8,2,0,2,"STR:cervical_cancer_hela_s3|STR:cervical_carcinoma",TRUE
"group_L3_492a2719","small_molecule","group",2,"CHEBI:4670","dobutamine",10,10,0,0,0,"",FALSE
"group_L3_4972d56b","disease_vs_normal","group",4,"UNK",NA,25,25,3,0,3,"MeSH:D009369|STR:high_risk_neuroblastoma|STR:metastatic_melanoma",TRUE
"group_L3_498d4469","small_molecule","group",3,"UNK",NA,38,38,0,1,1,"CHEBI:24433",FALSE
"group_L3_498ffbf7","disease_vs_normal","group",3,"UNK",NA,28,28,0,0,0,"",FALSE
"group_L3_49903144","small_molecule","group",6,"CHEBI:17126","carnitine",68,68,0,2,2,"CHEBI:16412|STR:stimulated_with_lps_for_8h",TRUE
"group_L3_49945e2c","small_molecule","group",2,"CHEBI:123456","N-ethyl-2-[(2R,3R,6S)-3-[(4-fluorophenyl)sulfonylamino]-2-(hydroxymethyl)-3,6-dihydro-2H-pyran-6-yl]acetamide",2,2,0,2,2,"STR:bgj398_6h|STR:blu6864_24h",TRUE
"group_L3_4a2f4af9","small_molecule","group",2,"CHEBI:123456","N-ethyl-2-[(2R,3R,6S)-3-[(4-fluorophenyl)sulfonylamino]-2-(hydroxymethyl)-3,6-dihydro-2H-pyran-6-yl]acetamide",8,8,0,2,2,"HGNC:SPOP|STR:gsk591_250nm",TRUE
"group_L3_4aa5130e","small_molecule","group",3,"CHEBI:50756","acridone",5,5,0,1,1,"CHEBI:49668",FALSE
"group_L3_4aa8c68d","small_molecule","group",2,"UNK",NA,12,12,0,3,3,"STR:abt_199_500_nm|STR:chir|STR:cudc_907_25_nm",TRUE
"group_L3_4aca79b3","cytokine_stim","group",2,"HGNC:6016","IL5",8,8,0,1,1,"STR:10_ng_ml_il_6",FALSE
"group_L3_4b02fa42","cytokine_stim","group",2,"MeSH:D015850","Interleukin-6",5,5,0,1,1,"STR:il_6",FALSE
"group_L3_4b179e2a","small_molecule","group",3,"UNK",NA,9,9,0,2,2,"CHEBI:15738|CHEBI:230487",TRUE
"group_L3_4b817c83","small_molecule","group",8,"UNK",NA,65,65,0,21,21,"CHEBI:167693|CHEBI:24866|CHEBI:95074|STR:10nm_r5020_pr_stimulated|STR:4_oht_sel",TRUE
"group_L3_4bcfa90d","disease_vs_normal","group",2,"UNK",NA,6,6,0,0,0,"",FALSE
"group_L3_4bd87f24","small_molecule","group",7,"CHEBI:68534","enzalutamide",32,32,0,8,8,"STR:10um_enzalutamide_treatment_for_14days|STR:10um_enzalutamide_treatment_for_1day|STR:10um_enzalutamide_treatment_for_3days|STR:10um_enzalutamide_treatment_for_5days|STR:10um_enzalutamide_treatment_for_7days",TRUE
"group_L3_4be6fe46","small_molecule","group",2,"UNK",NA,4,4,0,1,1,"STR:tac_for_4_weeks",FALSE
"group_L3_4c279ca1","cytokine_stim","group",2,"MeSH:D016898","Interferon-alpha",10,10,0,3,3,"STR:2000_iu_ifn_for_24hrs|STR:interferon_alpha_condition_2h|STR:interferon_alpha_condition_8h",TRUE
"group_L3_4c52cc49","small_molecule","group",2,"CHEBI:134223","2-amino-6-(1-hydroxypropyl)-8-methylpteridine-4,7(3<em>H</em>,8<em>H</em>)-dione",2,2,0,1,1,"STR:cells_were_treated_with_increasing_doses_of_the_small_molecules_bms345541",FALSE
"group_L3_4c9ffeb8","disease_vs_normal","group",4,"UNK",NA,54,54,0,0,0,"",FALSE
"group_L3_4ce6e299","disease_vs_normal","group",3,"UNK",NA,9,9,1,0,1,"MeSH:D009369",FALSE
"group_L3_4cf79b45","disease_vs_normal","group",4,"UNK",NA,39,39,14,0,14,"MeSH:D001017|MeSH:D006344|MeSH:D006345|MeSH:D012587|STR:anomalous_right_superior_vena_cava_to_left_atrium",TRUE
"group_L3_4d1a6be3","small_molecule","group",3,"UNK",NA,154,154,0,11,11,"CHEBI:27265|CHEBI:30501|CHEBI:53197|CHEBI:73503|CHEBI:73506",TRUE
"group_L3_4d6b1cbf","pathogen_or_aggregate_exposure","group",2,"UNK",NA,3,3,0,0,0,"",FALSE
"group_L3_4da8862f","small_molecule","group",2,"CHEBI:27388","benzoylacetyl-CoA",7,7,0,2,2,"CHEBI:50845|STR:with_doxycycline",TRUE
"group_L3_4dbe0b7f","disease_vs_normal","group",5,"UNK",NA,27,27,0,0,0,"",FALSE
"group_L3_4e993da0","pathogen_or_aggregate_exposure","group",3,"UNK",NA,10,10,0,1,1,"STR:unknown",FALSE
"group_L3_4e9ccae7","disease_vs_normal","group",2,"UNK",NA,53,53,5,0,5,"STR:tumor_med|STR:tumor_medgp3|STR:tumor_medgp34|STR:tumor_medgp4|STR:tumor_medwnt",TRUE
"group_L3_4ef4a613","small_molecule","group",2,"CHEBI:17120","hexanoate",8,8,0,5,5,"STR:lps_ifng_tnf|STR:lps_ifng_tnf_adalimumab|STR:lps_ifng_tnf_certolizumab|STR:lps_ifng_tnf_igg|STR:lps_il_10",TRUE
"group_L3_4f2bd204","small_molecule","group",2,"CHEBI:75929","<small>D</small>-cycloserine(1+)",7,7,0,2,2,"CHEBI:137113|STR:100nm_jq1_48h",TRUE
"group_L3_4f3e259d","disease_vs_normal","group",2,"UNK",NA,42,42,1,0,1,"STR:mds",FALSE
"group_L3_4f6062af","disease_vs_normal","group",4,"UNK",NA,65,65,1,0,1,"STR:hc",FALSE
"group_L3_4f877f58","small_molecule","group",4,"UNK",NA,35,35,0,2,2,"STR:c3d8|STR:docetaxel_based_neoadjuvant_chemohormonal_therapy",TRUE
"group_L3_4f92cd2d","disease_vs_normal","group",5,"UNK",NA,49,49,3,0,3,"MeSH:D003424|STR:cd|STR:uc",TRUE
"group_L3_4fb74671","pathogen_or_aggregate_exposure","group",2,"UNK",NA,4,4,0,2,2,"STR:5_p_g_supernatant_present_medium|STR:infected_by_fn_the_moi_of_1_10_for_48_h",TRUE
"group_L3_4fc6d35a","small_molecule","group",2,"CHEBI:17195","thiomorpholine-3-carboxylic acid",2,2,0,2,2,"STR:100_nm_e2|STR:ctl",TRUE
"group_L3_4fd08fcd","disease_vs_normal","group",2,"UNK",NA,15,15,1,0,1,"MeSH:D002311",FALSE
"group_L3_50316040","disease_vs_normal","group",2,"UNK",NA,6,6,4,0,4,"STR:intestine_and_colon_tumor_pool_1_n_3_donors|STR:intestine_and_colon_tumor_pool_2_n_3_donors|STR:intestine_and_colon_tumor_pool_3_n_3_donors|STR:intestine_and_colon_tumor_tissue_biopsy",TRUE
"group_L3_5040d46d","disease_vs_normal","group",2,"UNK",NA,8,8,1,0,1,"STR:trisomic",FALSE
"group_L3_5048fc8e","disease_vs_normal","group",2,"UNK",NA,2,2,1,0,1,"STR:bladder_cancer_cell_5637",FALSE
"group_L3_505ba740","small_molecule","group",2,"CHEBI:123456","N-ethyl-2-[(2R,3R,6S)-3-[(4-fluorophenyl)sulfonylamino]-2-(hydroxymethyl)-3,6-dihydro-2H-pyran-6-yl]acetamide",2,2,0,2,2,"CHEBI:167670|STR:1_um_a939372_for_48h",TRUE
"group_L3_507d2328","disease_vs_normal","group",14,"UNK",NA,50,50,2,0,2,"STR:colorectal_cancer_cells|STR:human_colorectal_metastatic_adenocarcinoma",TRUE
"group_L3_508186d9","disease_vs_normal","group",3,"UNK",NA,21,21,0,0,0,"",FALSE
"group_L3_50c0f76a","small_molecule","group",2,"CHEBI:88502","DG(16:1(9Z)/18:3(6Z,9Z,12Z)/0:0)",8,8,0,0,0,"",FALSE
"group_L3_50c71a7e","disease_vs_normal","group",7,"UNK",NA,33,33,9,0,9,"MeSH:D018358|STR:colitis_associated_cancer_sample|STR:early_onset_colorectal_cancer|STR:ibd|STR:intramucosal_adenocarcinoma",TRUE
"group_L3_50d628b9","pathogen_or_aggregate_exposure","group",3,"UNK",NA,11,11,0,2,2,"STR:hcv_sars_cov_2_coinfected|STR:sars_cov_2_infected",TRUE
"group_L3_50f4c8be","pathogen_or_aggregate_exposure","group",2,"UNK",NA,24,24,0,1,1,"STR:rv_a16",FALSE
"group_L3_50ff816f","disease_vs_normal","group",2,"UNK",NA,44,44,1,0,1,"STR:head_and_neck_squamous_cell_carcinoma_hnscc",FALSE
"group_L3_5116299d","small_molecule","group",3,"UNK",NA,25,25,0,4,4,"STR:bi_4142_100mgkg_24h|STR:bi_4142_100mgkg_6h|STR:ini_43|STR:rg6016_ory1001",TRUE
"group_L3_515753dd","disease_vs_normal","group",4,"UNK",NA,21,21,0,0,0,"",FALSE
"group_L3_5160a0b8","small_molecule","group",2,"CHEBI:123456","N-ethyl-2-[(2R,3R,6S)-3-[(4-fluorophenyl)sulfonylamino]-2-(hydroxymethyl)-3,6-dihydro-2H-pyran-6-yl]acetamide",21,21,0,1,1,"CHEBI:90943",FALSE
"group_L3_51e92923","small_molecule","group",3,"CHEBI:31638","fulvestrant",9,9,0,3,3,"CHEBI:31638|STR:100_nm_fulvestrant_1_nm_e2|STR:fulvestrant_10nm",TRUE
"group_L3_520a5a9c","disease_vs_normal","group",40,"UNK",NA,196,196,25,0,25,"MeSH:D000072657|MeSH:D008180|MeSH:D010001|STR:acute_leukemia|STR:ad",TRUE
"group_L3_527f1997","small_molecule","group",2,"CHEBI:123456","N-ethyl-2-[(2R,3R,6S)-3-[(4-fluorophenyl)sulfonylamino]-2-(hydroxymethyl)-3,6-dihydro-2H-pyran-6-yl]acetamide",4,4,0,2,2,"CHEBI:178199|STR:osimertinib_500nm_for_3_days",TRUE
"group_L3_529a1b88","small_molecule","group",2,"CHEBI:50758","<em>N</em>-hydroxydihomomethionine",2,2,0,2,2,"CHEBI:31638|CHEBI:32020",TRUE
"group_L3_529b3ca6","disease_vs_normal","group",3,"UNK",NA,12,12,1,0,1,"STR:acute_myeloid_leukemia_cell_line",FALSE
"group_L3_52a3cd84","small_molecule","group",3,"MeSH:D004002","Clodronic Acid",8,8,0,0,0,"",FALSE
"group_L3_52c36703","disease_vs_normal","group",3,"UNK",NA,14,14,2,0,2,"STR:extrapulmonary_small_cell_carcinoma|STR:human_sclc",TRUE
"group_L3_53c04b00","disease_vs_normal","group",2,"UNK",NA,5,5,2,0,2,"STR:no_doxycycline|STR:tumor_cells",TRUE
"group_L3_53f0ccb7","disease_vs_normal","group",2,"MeSH:D005838","Genotype",3,3,1,0,1,"STR:glioblastoma",FALSE
"group_L3_54086bac","small_molecule","group",2,"CHEBI:17195","thiomorpholine-3-carboxylic acid",10,10,0,4,4,"STR:10nm_e2_10nm_aldosterone|STR:10nm_e2_10nm_dht|STR:10nm_e2_10nm_progesterone|STR:e2",TRUE
"group_L3_5415f892","small_molecule","group",2,"CHEBI:17139","6-<em>O</em>-sulfo-α-<small>D</small>-Glc-(1→6)-α-<small>D</small>-Glc-(1→6)-α-<small>D</small>-Glc-(1→3)-1-<em>O</em>-alkyl-2-<em>O</em>-acylglycerol",9,9,0,2,2,"STR:estradiol_100nm|STR:rna",TRUE
"group_L3_544ea119","small_molecule","group",5,"UNK",NA,7,7,0,4,4,"CHEBI:137113|CHEBI:40629|STR:mgcd265|STR:with_tmz",TRUE
"group_L3_549d27a3","small_molecule","group",3,"UNK",NA,16,16,0,3,3,"CHEBI:95071|STR:dmkg|STR:mrs1220",TRUE
"group_L3_54a8d581","disease_vs_normal","group",3,"UNK",NA,67,67,3,0,3,"MeSH:D013964|STR:human_thyroid_tissue|STR:thyroid_tumor",TRUE
"group_L3_54f29185","disease_vs_normal","group",3,"UNK",NA,4,4,2,0,2,"STR:dm1|STR:formalin_fixed_paraffin_embedded_ffpe_tumor_tissue_block_from_human_nf2_patient",TRUE
"group_L3_552653ff","small_molecule","group",2,"CHEBI:17139","6-<em>O</em>-sulfo-α-<small>D</small>-Glc-(1→6)-α-<small>D</small>-Glc-(1→6)-α-<small>D</small>-Glc-(1→3)-1-<em>O</em>-alkyl-2-<em>O</em>-acylglycerol",28,28,0,0,0,"",FALSE
"group_L3_553adddc","disease_vs_normal","group",2,"UNK",NA,3,3,0,0,0,"",FALSE
"group_L3_556ad1a1","small_molecule","group",70,"UNK",NA,291,291,0,88,88,"CHEBI:124921|CHEBI:132082|CHEBI:15971|CHEBI:16171|CHEBI:16830",TRUE
"group_L3_558f92a0","disease_vs_normal","group",6,"UNK",NA,34,34,6,0,6,"STR:biliary_atresia|STR:cholangiocarcinoma_tumor_organoids|STR:cirrhotic_nash_human_liver|STR:cystic_fibropsis_human_liver|STR:group3",TRUE
"group_L3_55a3dd73","disease_vs_normal","group",3,"MeSH:D009372","Neoplasms, Connective Tissue",5,5,1,0,1,"STR:cell_line_derived_from_biopsy_specimens_of_nasopharyngeal_carcinoma_patient",FALSE
"group_L3_55f72ac6","disease_vs_normal","group",12,"UNK",NA,136,136,7,0,7,"MeSH:D015470|MeSH:D054218|MeSH:D055728|STR:aml|STR:et",TRUE
"group_L3_55fbd047","disease_vs_normal","group",8,"UNK",NA,77,77,2,0,2,"MeSH:D009369|STR:hcc",TRUE
"group_L3_5612ce0d","small_molecule","group",2,"STR:bevacizumab","bevacizumab",27,27,0,0,0,"",FALSE
"group_L3_561381f1","disease_vs_normal","group",2,"UNK",NA,5,5,3,0,3,"STR:ad|STR:pd|STR:piftd",TRUE
"group_L3_561f790f","pathogen_or_aggregate_exposure","group",2,"CHEBI:32780","<small>D</small>-tyrosin-<em>O</em><small><sup>4</small></sup>-yl group",12,12,0,0,0,"",FALSE
"group_L3_563cd8e0","disease_vs_normal","group",3,"UNK",NA,6,6,0,0,0,"",FALSE
"group_L3_564b1809","disease_vs_normal","group",2,"UNK",NA,8,8,2,0,2,"MeSH:D018269|STR:endometrioid_adenocarcinoma_1_hr_0_1_dmso",TRUE
"group_L3_5664852b","disease_vs_normal","group",6,"UNK",NA,106,106,3,0,3,"MeSH:D010190|STR:pancreatic_adenocarcinoma_cells|STR:pancreatic_cancer_cells",TRUE
"group_L3_5699f425","disease_vs_normal","group",2,"UNK",NA,6,6,2,0,2,"STR:diabetic|STR:diabetic_pre_access_vein_is_sample_gsm3369551_in_gse119296",TRUE
"group_L3_56b7e90e","disease_vs_normal","group",27,"UNK",NA,211,211,13,0,13,"MeSH:D006528|MeSH:D012004|MeSH:D018248|STR:adjacent_non_tumor_tissue|STR:adjacent_tissue_of_hepatocellular_carcinoma",TRUE
"group_L3_56cadf57","disease_vs_normal","group",2,"UNK",NA,14,14,2,0,2,"STR:gastric_cardia_adenocarcinoma|STR:oesophageal_adenocarcinoma",TRUE
"group_L3_56eac3d7","pathogen_or_aggregate_exposure","group",42,"UNK",NA,315,315,0,38,38,"CHEBI:41879|HGNC:IFIH1|HGNC:STAT1|HGNC:TRIM28|STR:24_hours_post_oc43_infection",TRUE
"group_L3_57250e81","small_molecule","group",2,"UNK",NA,4,4,0,2,2,"STR:4su|STR:rna",TRUE
"group_L3_572bc263","small_molecule","group",2,"MeSH:D000077267","Fulvestrant",2,2,0,1,1,"STR:fulvestrant_10nm_and_5fu_1000_nm",FALSE
"group_L3_574e7b8a","disease_vs_normal","group",34,"UNK",NA,311,311,13,0,13,"MeSH:D009369|MeSH:D010190|STR:classical|STR:human_pancreatic_ductal_adenocarcinoma|STR:long_duration_type_1_diabetes",TRUE
"group_L3_5776c2f7","small_molecule","group",3,"CHEBI:46345","5-fluorouracil",11,11,0,2,2,"CHEBI:46345|STR:5_fu_treatment",TRUE
"group_L3_5793b722","pathogen_or_aggregate_exposure","group",2,"STR:candida albicans","Candida albicans",7,7,0,2,2,"STR:candida_albicans|STR:candida_albicans_cyclosporine_a",TRUE
"group_L3_57a43536","small_molecule","group",2,"UNK",NA,9,9,0,1,1,"STR:lx1",FALSE
"group_L3_57d4e028","small_molecule","group",3,"UNK",NA,8,8,0,3,3,"CHEBI:16973|STR:1|STR:active_compound_b5",TRUE
"group_L3_57faf9f1","pathogen_or_aggregate_exposure","group",3,"UNK",NA,62,62,0,2,2,"STR:rhinovirus_1a_infected|STR:rv_a16",TRUE
"group_L3_58196b40","disease_vs_normal","group",5,"UNK",NA,6,6,3,0,3,"MeSH:D011471|MeSH:D016400|STR:thymoma_and_thymic_carcinoma",TRUE
"group_L3_58562d5a","disease_vs_normal","group",15,"UNK",NA,72,72,4,0,4,"MeSH:D003093|STR:adjacent_non_tumor_tissue_colon|STR:colon_cancer_stage_ii_iv|STR:corresponding_para_cancer_tissues",TRUE
"group_L3_58b377f8","small_molecule","group",2,"UNK",NA,11,11,0,3,3,"STR:rap|STR:rig_i_agonist|STR:rig_i_agonist_tipiracil",TRUE
"group_L3_58e283a5","cytokine_stim","group",14,"UNK",NA,93,93,0,19,19,"STR:anti_cd3_anti_cd28|STR:c_cytokines|STR:ciml_il_12_15_18|STR:cxcl4_orn8l|STR:ifnalpha_lps",TRUE
"group_L3_59336974","pathogen_or_aggregate_exposure","group",7,"UNK",NA,498,498,0,10,10,"CHEBI:73579|CHEBI:73832|STR:7_days|STR:ama1|STR:csp",TRUE
"group_L3_59b978d0","small_molecule","group",2,"UNK",NA,19,19,0,1,1,"STR:rej",FALSE
"group_L3_59df8a5c","disease_vs_normal","group",2,"MeSH:D009149","Mustard Plant",2,2,0,0,0,"",FALSE
"group_L3_59dfcd5a","disease_vs_normal","group",10,"UNK",NA,123,123,3,0,3,"STR:hiv_non_infected|STR:no_erosive_rheumatoid_arthritis_ra|STR:withoutmhe",TRUE
"group_L3_5a25de7b","cytokine_stim","group",2,"CHEBI:17236","2-hydroxy-6-oxohexa-2,4-dienoic acid",7,7,0,1,1,"STR:il_13",FALSE
"group_L3_5a506cc2","small_molecule","group",3,"UNK",NA,22,22,0,4,4,"CHEBI:16044|STR:adenocarcinoma|STR:af_eae_150_ug_ml|STR:af_eae_75_ug_ml",TRUE
"group_L3_5a5bf33e","small_molecule","group",2,"CHEBI:75984","flecainide",9,9,0,0,0,"",FALSE
"group_L3_5a678f71","small_molecule","group",3,"CHEBI:17195","thiomorpholine-3-carboxylic acid",6,6,0,2,2,"STR:10nm_dht|STR:rna",TRUE
"group_L3_5a7177ad","small_molecule","group",2,"CHEBI:45783","imatinib",28,28,0,0,0,"",FALSE
"group_L3_5a995e3a","small_molecule","group",2,"CHEBI:229222","capivasertib",6,6,0,1,1,"CHEBI:229222",FALSE
"group_L3_5ab1647b","small_molecule","group",2,"CHEBI:16991","deoxyribonucleic acid",3,3,0,2,2,"STR:egf_treated_for_24_h|STR:ifng",TRUE
"group_L3_5ad1b5e2","small_molecule","group",3,"MeSH:D011278","Pregnanes",43,43,0,0,0,"",FALSE
"group_L3_5ad1e580","disease_vs_normal","group",2,"UNK",NA,7,7,1,0,1,"STR:tumor_sample",FALSE
"group_L3_5af67c61","disease_vs_normal","group",11,"UNK",NA,38,38,7,0,7,"MeSH:D003110|MeSH:D015179|STR:cancer_carcinoma|STR:colon_colorectal_carcinoma|STR:colorectal",TRUE
"group_L3_5b0eba9a","small_molecule","group",4,"CHEBI:3139","bleomycin A<small><sub>2</sub></small>",9,9,0,3,3,"CHEBI:3139|STR:treated_with_bleomycin_and_sb203580|STR:treated_with_bleomycin_in_culture",TRUE
"group_L3_5b5fc415","small_molecule","group",2,"CHEBI:39867","valproic acid",13,13,0,0,0,"",FALSE
"group_L3_5b714a20","disease_vs_normal","group",2,"UNK",NA,7,7,2,0,2,"STR:tonsil_sqamous_cell_carcinoma_cell_line|STR:tonsil_squamous_cell_carcinoma_cell_line",TRUE
"group_L3_5bb2d42c","disease_vs_normal","group",2,"UNK",NA,2,2,1,0,1,"STR:ovcar3_ovarian_serous_adenocarcinoma",FALSE
"group_L3_5c277355","disease_vs_normal","group",32,"UNK",NA,128,128,20,0,20,"MeSH:D010361|MeSH:D011371|STR:affected_neurological_disorder|STR:autosomal_dominant_retinitis_pigmentosa|STR:collagen_vi_related_muscular_dystrophy",TRUE
"group_L3_5c2fe589","small_molecule","group",2,"UNK",NA,12,12,0,2,2,"STR:glucose_doxyxycline|STR:k_975_kirin",TRUE
"group_L3_5c6e67e0","disease_vs_normal","group",102,"UNK",NA,514,514,36,0,36,"MeSH:D011471|STR:22pc_ep_human_prostate_tumor_cell_line|STR:abl_prostate_cancer_cells|STR:carcinoma|STR:from_prostate_cancer_lymph_node_metastasis",TRUE
"group_L3_5c6fa957","small_molecule","group",2,"CHEBI:78105","dihexadecanoyl phosphatidic acid",2,2,0,0,0,"",FALSE
"group_L3_5cc8598c","small_molecule","group",3,"UNK",NA,9,9,0,0,0,"",FALSE
"group_L3_5ceb8253","disease_vs_normal","group",71,"UNK",NA,1348,1348,52,0,52,"MeSH:D003093|MeSH:D003110|MeSH:D003424|MeSH:D009369|MeSH:D015179",TRUE
"group_L3_5d1b018e","disease_vs_normal","group",3,"UNK",NA,47,47,2,0,2,"STR:als_spectrum_mnd|STR:mesial_temporal_lobe_epilepsy",TRUE
"group_L3_5d2d7a26","disease_vs_normal","group",4,"UNK",NA,27,27,2,0,2,"STR:primary_breast_cancer_cell_line|STR:primary_tumor",TRUE
"group_L3_5d77ecd6","small_molecule","group",2,"CHEBI:63630","tolcapone",7,7,0,1,1,"CHEBI:68478",FALSE
"group_L3_5e04cc0c","small_molecule","group",2,"CHEBI:9948","verapamil",28,28,0,0,0,"",FALSE
"group_L3_5e236f27","disease_vs_normal","group",4,"MeSH:D011273","Pregnancy, Prolonged",45,45,3,0,3,"MeSH:D011471|STR:prostate_cancer_cell_lncap|STR:prostate_cancer_cells",TRUE
"group_L3_5e3d304b","cytokine_stim","group",4,"UNK",NA,31,31,0,4,4,"STR:activated_with_anti_cd3_anti_cd28_beads_and_il_2_in_the_presence_of_wt_igg1_ics_sorted_for_highly_proliferative_cells_celltrace_violet_genereation_6|STR:activated_with_anti_cd3_anti_cd28_beads_and_il_2_in_the_presence_of_wt_igg1_ics_sorted_for_undivided_cells_celltrace_violet_genereation_1|STR:cd3_cd28_activated|STR:m_csf_rankl",TRUE
"group_L3_5e4016e4","disease_vs_normal","group",2,"UNK",NA,8,8,2,0,2,"MeSH:D000077192|MeSH:D009369",TRUE
"group_L3_5e86d269","disease_vs_normal","group",2,"MeSH:D015895","Relative Value Scales",13,13,1,0,1,"STR:ad",FALSE
"group_L3_5efa488a","small_molecule","group",2,"CHEBI:88512","PS(20:3(8Z,11Z,14Z)/20:3(8Z,11Z,14Z))",5,5,0,0,0,"",FALSE
"group_L3_5f907eaa","pathogen_or_aggregate_exposure","group",3,"UNK",NA,11,11,0,0,0,"",FALSE
"group_L3_5f9125fd","small_molecule","group",2,"CHEBI:17234","glucose",11,11,0,1,1,"CHEBI:4167",FALSE
"group_L3_5ff4f6a7","pathogen_or_aggregate_exposure","group",2,"UNK",NA,7,7,0,3,3,"STR:hmc_treated_with_sterile_supernatant_of_bacteria_staphylococcus_aureus_sa113_strain|STR:hmc_treated_with_sterile_supernatant_of_bacteria_staphylococcus_epidermidis_12228_strain|STR:these_groups_are_hmcs_cocultured_with_fibroblasts_for_7_days",TRUE
"group_L3_604b361f","cytokine_stim","group",2,"STR:interferon gamma","interferon gamma",13,13,0,2,2,"STR:ifn_gamma|STR:interferon",TRUE
"group_L3_60578542","pathogen_or_aggregate_exposure","group",4,"UNK",NA,32,32,0,5,5,"STR:hhv5|STR:l_pneumophila_deltalphd_infected|STR:l_pneumophila_deltalphddeltaroma_infected|STR:pma_induction_and_h37ra_infection_for_4h|STR:total_rna_from_thp_1_cells_with_spike_in_of_rna_from_late_log_s_typhi",TRUE
"group_L3_606971fc","disease_vs_normal","group",2,"UNK",NA,2,2,1,0,1,"STR:umscc_74b_oral_cancer_cell_line",FALSE
"group_L3_6098a39f","pathogen_or_aggregate_exposure","group",2,"STR:dmso","DMSO",5,5,0,0,0,"",FALSE
"group_L3_60bf1df3","disease_vs_normal","group",2,"UNK",NA,8,8,0,0,0,"",FALSE
"group_L3_60fda08c","small_molecule","group",2,"UNK",NA,9,9,0,2,2,"STR:stf_118804|STR:t_dm1",TRUE
"group_L3_6122a1e0","pathogen_or_aggregate_exposure","group",2,"STR:tuberculosis","Tuberculosis",42,42,0,0,0,"",FALSE
"group_L3_6130ac3d","pathogen_or_aggregate_exposure","group",3,"UNK",NA,11,11,0,1,1,"STR:hrsv_a2_strain_infection",FALSE
"group_L3_61a13642","small_molecule","group",2,"UNK",NA,7,7,0,2,2,"CHEBI:3732|STR:cpdg_10_um",TRUE
"group_L3_61a84ed2","disease_vs_normal","group",9,"UNK",NA,18,18,5,0,5,"STR:alps_fas|STR:castleman_disease|STR:crpc_metastasis|STR:hepatosplenic_t_cell_lymphoma_hstl|STR:peripheral_t_cell_lymphoma_not_otherwise_specified_ptcl_nos",TRUE
"group_L3_61c87263","small_molecule","group",3,"UNK",NA,31,31,0,3,3,"STR:10um_pso|STR:200_m_mgo_for_96_hr|STR:thioacetamide_s_oxide",TRUE
"group_L3_62685953","disease_vs_normal","group",3,"MeSH:D009427","Netherlands Antilles",10,10,1,0,1,"STR:a549_atcc_non_small_cell_lung_cancer",FALSE
"group_L3_62ebbfdb","small_molecule","group",2,"UNK",NA,10,10,0,1,1,"CHEBI:15702",FALSE
"group_L3_63228ab4","small_molecule","group",2,"CHEBI:78821","ascr#3",3,3,0,0,0,"",FALSE
"group_L3_633fb695","small_molecule","group",2,"CHEBI:50284","lavandulyl diphosphate",2,2,0,0,0,"",FALSE
"group_L3_635bfaa3","pathogen_or_aggregate_exposure","group",4,"UNK",NA,28,28,0,3,3,"STR:iav_infected_moi_3|STR:rhinovirus_1a_infected|STR:rv_a16",TRUE
"group_L3_6365b753","disease_vs_normal","group",7,"UNK",NA,36,36,5,0,5,"MeSH:D009062|STR:cancer_tissue|STR:cancer_tissue_of_tongue_cancer|STR:oral_squamous_cell_carcinoma_oscs_with_lymph_node_metastasis_lnm|STR:tongue_tumor",TRUE
"group_L3_6382d8cf","pathogen_or_aggregate_exposure","group",2,"CHEBI:84491","poly(I:C)",9,9,0,2,2,"STR:cells_were_treated_with_the_tlr3_agonist_poly_i_c_10_g_ml|STR:treated_with_poly_i_c_10ug_ml_for_4_hrs",TRUE
"group_L3_63b2ff89","cytokine_stim","group",4,"STR:interferon gamma","Interferon gamma",9,9,0,4,4,"STR:ifn|STR:ifn_g|STR:ifn_gamma|STR:interferon_gamma",TRUE
"group_L3_63b8babc","small_molecule","group",3,"UNK",NA,7,7,0,2,2,"STR:2um_ezh2i|STR:the_treat_group_of_inhibition_of_prmt5_by_prmt5_inhibitor_gsk3326595",TRUE
"group_L3_63c4d134","disease_vs_normal","group",3,"UNK",NA,40,40,2,0,2,"STR:ccrcc_primary_tumour|STR:pancreatic_ductal_adenocarcinoma",TRUE
"group_L3_63f40983","disease_vs_normal","group",4,"UNK",NA,34,34,2,0,2,"STR:ccrcc|STR:non_diabetic_donors",TRUE
"group_L3_6408e6fd","pathogen_or_aggregate_exposure","group",31,"UNK",NA,1810,1810,0,14,14,"CHEBI:167896|CHEBI:73832|STR:ad35_cs_rtss_rtss|STR:c_trachomatis_stimulation_and_hiv_1_coinfection|STR:heat_killed_bcg",TRUE
"group_L3_6410952c","disease_vs_normal","group",2,"UNK",NA,3,3,0,0,0,"",FALSE
"group_L3_642e63d1","small_molecule","group",3,"UNK",NA,69,69,0,1,1,"HGNC:METTL3",FALSE
"group_L3_6432d6a1","pathogen_or_aggregate_exposure","group",9,"UNK",NA,78,78,0,9,9,"CHEBI:53806|STR:24hr_hrva|STR:hcov_nl63_infected|STR:hrv_a16_infection|STR:iav_h1n1",TRUE
"group_L3_64889af3","small_molecule","group",2,"CHEBI:3202","Buchananine",8,8,0,1,1,"STR:low_dose_decitabine",FALSE
"group_L3_64c5a892","disease_vs_normal","group",3,"UNK",NA,33,33,1,0,1,"MeSH:D002051",FALSE
"group_L3_65390ce1","disease_vs_normal","group",2,"UNK",NA,2,2,2,0,2,"MeSH:D010051|STR:high_grade_serous_ovarian_cancer_hgsoc",TRUE
"group_L3_653a9e4a","small_molecule","group",2,"CHEBI:17750","glycine betaine",5,5,0,3,3,"CHEBI:44423|STR:dexamethasone_mp_biomedicals_at_2_hours|STR:dexamethasone_mp_biomedicals_at_6_hours",TRUE
"group_L3_653d75c2","small_molecule","group",5,"UNK",NA,65,65,0,6,6,"STR:26695_stimulated|STR:5_um_gr127935|STR:glup_peptide|STR:h879_stimulated|STR:nr_gold_nano_rod_or_aunr_peg_ab",TRUE
"group_L3_65c8c2bb","disease_vs_normal","group",2,"UNK",NA,2,2,1,0,1,"STR:lateral_tongue_squamous_cell_carcinoma_cell_line",FALSE
"group_L3_65e58a62","disease_vs_normal","group",4,"UNK",NA,8,8,1,0,1,"STR:asd",FALSE
"group_L3_65f7fb4a","small_molecule","group",2,"CHEBI:63637","vemurafenib",10,10,0,2,2,"CHEBI:63637|STR:2_m_verafinib_for_20_days",TRUE
"group_L3_66000248","small_molecule","group",3,"UNK",NA,16,16,0,3,3,"STR:cpt_1_m|STR:cpt_1_m_gta_2mm_5_aza_1_m|STR:gta_2mm_5_aza_1_m",TRUE
"group_L3_6609e5b9","disease_vs_normal","group",84,"UNK",NA,2194,2194,76,0,76,"MeSH:D001943|MeSH:D002285|MeSH:D009369|MeSH:D042361|MeSH:D064726",TRUE
"group_L3_661afc64","pathogen_or_aggregate_exposure","group",16,"UNK",NA,129,129,0,0,0,"",FALSE
"group_L3_664b8d28","cytokine_stim","group",5,"UNK",NA,18,18,0,5,5,"STR:3_hour_kl1|STR:3_hour_kl2|STR:agonistic_goat_anti_human_ltbr_antibody|STR:fgf_exosome_treated_cells_with_fgf_antibody|STR:tweak_100_ng_ml_tnf_10_ng_ml_stimulated",TRUE
"group_L3_66604538","cytokine_stim","group",2,"CHEBI:114785","erlotinib",3,3,0,1,1,"CHEBI:40629",FALSE
"group_L3_6662f9cf","disease_vs_normal","group",10,"UNK",NA,182,182,8,0,8,"MeSH:D003110|MeSH:D009369|MeSH:D012004|MeSH:D015179|STR:colorectal",TRUE
"group_L3_667a195f","pathogen_or_aggregate_exposure","group",2,"UNK",NA,10,10,0,0,0,"",FALSE
"group_L3_669f7642","small_molecule","group",7,"UNK",NA,26,26,0,12,12,"CHEBI:15846|CHEBI:26523|CHEBI:50305|STR:24_h_with_1d_142_10_m|STR:ato",TRUE
"group_L3_66b9fab0","small_molecule","group",3,"UNK",NA,90,90,0,1,1,"STR:yes",FALSE
"group_L3_66bedb81","disease_vs_normal","group",2,"UNK",NA,14,14,1,0,1,"STR:breast_cancer_cell_line",FALSE
"group_L3_6757cf1b","small_molecule","group",3,"CHEBI:17126","carnitine",16,16,0,3,3,"CHEBI:16412|STR:362|STR:bm4",TRUE
"group_L3_67657c3c","small_molecule","group",4,"MeSH:D000981","Antiprotozoal Agents",8,8,0,1,1,"STR:rna",FALSE
"group_L3_67905465","small_molecule","group",2,"UNK",NA,3,3,0,1,1,"STR:treated_with_dye_light",FALSE
"group_L3_67a2f42f","disease_vs_normal","group",2,"UNK",NA,7,7,1,0,1,"MeSH:D009369",FALSE
"group_L3_67ed8691","small_molecule","group",3,"UNK",NA,151,151,0,5,5,"CHEBI:132446|CHEBI:4877|STR:aoos|STR:mono|STR:pfds",TRUE
"group_L3_68350004","small_molecule","group",2,"CHEBI:17996","chloride",3,3,0,2,2,"CHEBI:16016|STR:d_galactosamine",TRUE
"group_L3_6841855d","pathogen_or_aggregate_exposure","group",2,"UNK",NA,19,19,0,1,1,"STR:hrv_a16_infection",FALSE
"group_L3_6852b2f4","small_molecule","group",4,"UNK",NA,12,12,0,0,0,"",FALSE
"group_L3_6862a7d0","pathogen_or_aggregate_exposure","group",7,"STR:tuberculosis","Tuberculosis",157,157,0,0,0,"",FALSE
"group_L3_689c5852","disease_vs_normal","group",96,"UNK",NA,1086,1086,53,0,53,"MeSH:D002280|MeSH:D003876|MeSH:D012514|MeSH:D012595|MeSH:D012878",TRUE
"group_L3_68ae49a4","disease_vs_normal","group",3,"UNK",NA,47,47,1,0,1,"STR:active_celiac",FALSE
"group_L3_68b74e17","small_molecule","group",3,"UNK",NA,11,11,0,0,0,"",FALSE
"group_L3_690ae8f4","small_molecule","group",12,"UNK",NA,52,52,0,11,11,"STR:akt_inhibitor_treated|STR:bsl|STR:erk_inhibitor_treated|STR:for_bud|STR:hb3_1_5_hr",TRUE
"group_L3_692ce79a","small_molecule","group",18,"UNK",NA,51,51,0,17,17,"CHEBI:137113|CHEBI:232613|STR:5mm_mma_for_10_days|STR:5mm_mma_for_3_days|STR:chemotherapies",TRUE
"group_L3_696c055e","pathogen_or_aggregate_exposure","group",2,"UNK",NA,3,3,0,1,1,"STR:ad4_hpv16e7",FALSE
"group_L3_699e775c","small_molecule","group",3,"UNK",NA,18,18,0,4,4,"STR:fdi6|STR:k_975_100nm|STR:k_975_100nm_adagrasib_30nm|STR:sch772984_1um_senexin_a_1um_x8weeks",TRUE
"group_L3_699f1f13","cytokine_stim","group",5,"CHEBI:17236","2-hydroxy-6-oxohexa-2,4-dienoic acid",12,12,0,6,6,"STR:cxcl4_1_h|STR:cxcl4_3_h|STR:gmcsf_100ng_ml|STR:ifnalpha|STR:m_csf",TRUE
"group_L3_69a28998","disease_vs_normal","group",2,"UNK",NA,10,10,1,0,1,"STR:cf",FALSE
"group_L3_69a311bc","pathogen_or_aggregate_exposure","group",2,"UNK",NA,8,8,0,3,3,"STR:dl1500_infected|STR:dl312_infected|STR:pseudomonas_aeruginosa_smoke_extract",TRUE
"group_L3_69a4084b","disease_vs_normal","group",2,"UNK",NA,5,5,1,0,1,"STR:gastric_tumor",FALSE
"group_L3_69bf7547","small_molecule","group",3,"UNK",NA,335,335,0,1,1,"STR:globinclear",FALSE
"group_L3_69e31e85","disease_vs_normal","group",2,"UNK",NA,287,287,1,0,1,"STR:cuimc_meningioma_patient_tumor_sequencing_project",FALSE
"group_L3_6a4ec868","small_molecule","group",11,"UNK",NA,42,42,0,16,16,"CHEBI:16044|CHEBI:205761|CHEBI:220491|CHEBI:234079|STR:0_4_um_cddo_2p_im",TRUE
"group_L3_6a954b8d","disease_vs_normal","group",4,"UNK",NA,20,20,0,0,0,"",FALSE
"group_L3_6abf1bb9","disease_vs_normal","group",4,"UNK",NA,38,38,1,0,1,"STR:tumor_tissue",FALSE
"group_L3_6afcbb69","disease_vs_normal","group",2,"UNK",NA,33,33,2,0,2,"STR:rural|STR:urban",TRUE
"group_L3_6b2eb79f","disease_vs_normal","group",2,"UNK",NA,51,51,3,0,3,"STR:ocular_adnexal_lymphoma|STR:ocular_adnexal_lymphoma_diffuse_large_b_cell_lymphoma|STR:ocular_adnexal_lymphoma_extranodal_marginal_zone_lymphoma",TRUE
"group_L3_6b465d93","disease_vs_normal","group",8,"UNK",NA,43,43,7,0,7,"MeSH:D000077195|STR:apeced_patient|STR:cancer_tissue|STR:chronic_pariodontiits|STR:lad1_periodontitis",TRUE
"group_L3_6b4a7334","disease_vs_normal","group",3,"UNK",NA,30,30,5,0,5,"MeSH:D009442|STR:astrocytoma|STR:ependymoma|STR:glioblastoma|STR:glioneuronal_neuronal",TRUE
"group_L3_6b625d01","pathogen_or_aggregate_exposure","group",4,"UNK",NA,29,29,0,3,3,"STR:nuli_2h|STR:nuli_5h|STR:nuli_8h",TRUE
"group_L3_6bc1f3d6","disease_vs_normal","group",2,"MeSH:D001943","Breast Neoplasms",8,8,2,0,2,"STR:breast_cancer_ffpe|STR:frozen_breast_tumors",TRUE
"group_L3_6bfa625b","disease_vs_normal","group",3,"UNK",NA,24,24,2,0,2,"STR:glioblastoma_grade_iv|STR:glioma_tumorsphere",TRUE
"group_L3_6c377579","disease_vs_normal","group",2,"MeSH:D009145","Mushroom Poisoning",2,2,2,0,2,"MeSH:D012008|STR:multiple_myeloma",TRUE
"group_L3_6c3a9a99","small_molecule","group",6,"UNK",NA,39,39,0,2,2,"STR:72_h_after_or_s1_treatment|STR:nilotinib_idasanutlin",TRUE
"group_L3_6c682e66","disease_vs_normal","group",2,"UNK",NA,5,5,0,0,0,"",FALSE
"group_L3_6c9591c5","small_molecule","group",7,"UNK",NA,23,23,0,9,9,"CHEBI:27847|STR:bleomycin_alpha_lipoic_acid|STR:bleomycin_curcumin|STR:bleomycin_nad|STR:bleomycin_nmn",TRUE
"group_L3_6cc483d0","cytokine_stim","group",2,"UNK",NA,2,2,0,0,0,"",FALSE
"group_L3_6cf06693","disease_vs_normal","group",2,"UNK",NA,4,4,0,0,0,"",FALSE
"group_L3_6cf0ead9","small_molecule","group",3,"UNK",NA,15,15,0,4,4,"HGNC:ALKBH5|HGNC:GNL3|STR:100_nm_gex1a|STR:brd9_inhibitor",TRUE
"group_L3_6cf9c200","disease_vs_normal","group",2,"MeSH:D003149","Community Dentistry",48,48,2,0,2,"STR:colorectal_cancer_patient|STR:primary_colorectal_cancer",TRUE
"group_L3_6d2692ee","disease_vs_normal","group",4,"UNK",NA,126,126,4,0,4,"MeSH:D003110|MeSH:D012004|MeSH:D015179|STR:primary_colorectal_cancer_tissue",TRUE
"group_L3_6dcbf8d9","small_molecule","group",2,"CHEBI:133900","14(<i>R</i>),15(<i>S</i>)-DiHPETE(1−)",3,3,0,2,2,"CHEBI:91450|STR:bpaf",TRUE
"group_L3_6de7c073","small_molecule","group",2,"CHEBI:78023","4-coumaroyltriacetic acid lactone",4,4,0,1,1,"STR:jq_1_1_m",FALSE
"group_L3_6e2ce5d8","disease_vs_normal","group",6,"UNK",NA,102,102,4,0,4,"STR:c9_ftd|STR:fcd2a|STR:fcd2b|STR:ms",TRUE
"group_L3_6e2dd511","small_molecule","group",2,"UNK",NA,6,6,0,2,2,"STR:fc|STR:normoxia_pp242",TRUE
"group_L3_6e89a8ec","small_molecule","group",16,"MeSH:D000090","Acetoacetates",16,16,0,0,0,"",FALSE
"group_L3_6e958e93","disease_vs_normal","group",5,"UNK",NA,25,25,2,0,2,"MeSH:D000077192|STR:lung_ademocarcinoma",TRUE
"group_L3_6ec5d78b","small_molecule","group",2,"CHEBI:136057","(18<i>S</i>)-resolvin E1(1−)",8,8,0,1,1,"STR:infliximab",FALSE
"group_L3_6efbec06","small_molecule","group",2,"UNK",NA,24,24,0,8,8,"CHEBI:95074|STR:dac|STR:dac_depsi|STR:dac_gsk343|STR:dac_s2101",TRUE
"group_L3_6f3d4661","disease_vs_normal","group",4,"UNK",NA,36,36,1,0,1,"STR:biopsy_sample_from_primary_eye_tumor",FALSE
"group_L3_6f50cb1c","disease_vs_normal","group",3,"UNK",NA,4,4,3,0,3,"STR:c4_2_prostate_cancer_cells|STR:glioma|STR:pten_wt_ln229_gbm_xenograft_tumor",TRUE
"group_L3_6f54e3df","small_molecule","group",2,"UNK",NA,12,12,0,3,3,"STR:2_3_cgamp|STR:cbd_2_3_cgamp|STR:wm_1119_1_um",TRUE
"group_L3_6f5f297f","small_molecule","group",2,"CHEBI:231683","Anakinra",7,7,0,1,1,"CHEBI:231683",FALSE
"group_L3_6f7bf693","small_molecule","group",27,"UNK",NA,309,309,0,42,42,"CHEBI:132774|CHEBI:167830|CHEBI:44975|HGNC:ESRRA|HGNC:GNB1L",TRUE
"group_L3_6fe7a197","disease_vs_normal","group",2,"UNK",NA,5,5,2,0,2,"STR:mds|STR:tal_lmo_t_all",TRUE
"group_L3_6ff61470","small_molecule","group",2,"CHEBI:17105","4-maleylacetoacetate",7,7,0,1,1,"CHEBI:16330",FALSE
"group_L3_70206f41","disease_vs_normal","group",2,"UNK",NA,110,110,2,0,2,"STR:gh_producing_pituitary_adenoma|STR:nonfunctional_pituitary_adenoma",TRUE
"group_L3_702635a9","disease_vs_normal","group",2,"UNK",NA,15,15,0,0,0,"",FALSE
"group_L3_706954ca","small_molecule","group",2,"UNK",NA,10,10,0,2,2,"STR:b05|STR:ldn_treated",TRUE
"group_L3_70d495cd","small_molecule","group",2,"CHEBI:75928","(<i>S</i>)-2-hydroxyhexadecanoate",3,3,0,3,3,"CHEBI:67271|STR:0_5um_jq1|STR:tivantinib",TRUE
"group_L3_70eb2dc9","disease_vs_normal","group",2,"UNK",NA,55,55,2,0,2,"MeSH:D009369|MeSH:D011471",TRUE
"group_L3_7117c1ab","disease_vs_normal","group",2,"UNK",NA,3,3,1,0,1,"STR:primary_colon_cancer_cell",FALSE
"group_L3_71706960","disease_vs_normal","group",16,"MeSH:D001943","Breast Neoplasms",38,38,6,0,6,"STR:breast_cancer_cell|STR:breast_cancer_cell_line|STR:breast_cancer_cell_line_mda_mb_231|STR:human_luminal_a_breast_cancer_cells_source_atcc_htb_22|STR:triple_negative_breast_cancer_tnbc_line_cal51",TRUE
"group_L3_71782f50","pathogen_or_aggregate_exposure","group",2,"UNK",NA,3,3,0,1,1,"STR:sev_treatment_for_48_h",FALSE
"group_L3_7199dd82","pathogen_or_aggregate_exposure","group",2,"STR:covid-19","COVID-19",36,36,0,0,0,"",FALSE
"group_L3_71ac1603","cytokine_stim","group",2,"MeSH:D053583","Interleukin-1beta",6,6,0,1,1,"STR:il_1b",FALSE
"group_L3_71e61603","disease_vs_normal","group",2,"UNK",NA,5,5,1,0,1,"MeSH:D018222",FALSE
"group_L3_725b168b","cytokine_stim","group",2,"HGNC:11927","TNFSF12",5,5,0,1,1,"STR:tweak",FALSE
"group_L3_72780945","small_molecule","group",7,"UNK",NA,21,21,0,8,8,"CHEBI:230500|STR:24h_del_22379_at_10mm|STR:24h_del_22379_at_1mm|STR:5um_blu667_50_days|STR:bgj398_24h",TRUE
"group_L3_728cc97d","small_molecule","group",2,"CHEBI:17195","thiomorpholine-3-carboxylic acid",5,5,0,1,1,"CHEBI:16330",FALSE
"group_L3_7297f80f","small_molecule","group",2,"CHEBI:134273","phosphatidylcholine 35:1",3,3,0,2,2,"STR:puh71_longterm|STR:treated_with_1_m_az_5576_for_6_hours",TRUE
"group_L3_72a0a44e","disease_vs_normal","group",4,"UNK",NA,3,3,2,0,2,"MeSH:D002292|STR:human_clear_cell_renal_cell_skin_metastasis",TRUE
"group_L3_72bf6759","disease_vs_normal","group",5,"UNK",NA,15,15,5,0,5,"STR:adenocarcinoma|STR:breast_cancer_cell|STR:epithelial_adenocarcinoma|STR:mda_mb_231_breast_cancer_cell_line|STR:mda_mb_231_breast_cancer_cell_line_brain_metastatic_variant",TRUE
"group_L3_731f6982","disease_vs_normal","group",27,"UNK",NA,130,130,13,0,13,"MeSH:D008175|MeSH:D029424|MeSH:D065627|STR:asthma|STR:cr_patient",TRUE
"group_L3_734d9a6c","small_molecule","group",4,"UNK",NA,35,35,0,1,1,"STR:thioacetamide_s_oxide",FALSE
"group_L3_73db2997","small_molecule","group",4,"UNK",NA,21,21,0,6,6,"CHEBI:2700|STR:24h_recovery_after_lss_treatment|STR:bi_3802_30min_ifn_24hr|STR:bi_3812_30min_ifn_24hr|STR:fx1_30min_ifn_24hr",TRUE
"group_L3_741dcc1c","disease_vs_normal","group",2,"UNK",NA,4,4,1,0,1,"STR:tumor_derived_cell_line",FALSE
"group_L3_741f3472","small_molecule","group",2,"UNK",NA,5,5,0,1,1,"STR:jq1",FALSE
"group_L3_7426e742","disease_vs_normal","group",2,"UNK",NA,2,2,0,0,0,"",FALSE
"group_L3_7437e0ef","disease_vs_normal","group",14,"UNK",NA,60,60,4,0,4,"MeSH:D007948|MeSH:D015451|MeSH:D015470|STR:multiple_myeloma",TRUE
"group_L3_74403045","small_molecule","group",2,"UNK",NA,51,51,0,5,5,"CHEBI:33325|STR:aza|STR:aza_ra|STR:gazyva_glofitamab|STR:gazyva_glofitamab_cd19_cd28",TRUE
"group_L3_745f1c3a","disease_vs_normal","group",5,"UNK",NA,33,33,2,0,2,"STR:pancreatic_ductal_adenocarcinoma|STR:pdac",TRUE
"group_L3_74992675","disease_vs_normal","group",9,"UNK",NA,124,124,7,0,7,"MeSH:D005909|MeSH:D010190|MeSH:D010300|STR:glioblastoma|STR:multiple_sclerosis",TRUE
"group_L3_749c75d5","disease_vs_normal","group",2,"UNK",NA,46,46,2,0,2,"STR:wilms_tumor|STR:wilms_tumor_tissue",TRUE
"group_L3_74aaf66c","disease_vs_normal","group",3,"UNK",NA,11,11,1,0,1,"STR:urothelial_carcinoma_cell_line",FALSE
"group_L3_74df8efd","small_molecule","group",2,"CHEBI:79605","3-allyloxyestra-1,3,5(10),7-tetraene-16,17-dione dioxime",25,25,0,0,0,"",FALSE
"group_L3_74f451ab","small_molecule","group",2,"CHEBI:49960","vandetanib",2,2,0,1,1,"CHEBI:49960",FALSE
"group_L3_74f505f8","disease_vs_normal","group",6,"UNK",NA,17,17,5,0,5,"MeSH:D000077195|MeSH:D002294|STR:head_and_neck_squamous_cell_carcinoma_cell_line|STR:squamous_cell_carcinoma_of_the_tongue|STR:tongue_squamous_cell_carcinoma",TRUE
"group_L3_750e70ec","pathogen_or_aggregate_exposure","group",2,"UNK",NA,190,190,0,0,0,"",FALSE
"group_L3_753163b1","disease_vs_normal","group",2,"UNK",NA,6,6,1,0,1,"MeSH:D011225",FALSE
"group_L3_754f77e5","disease_vs_normal","group",8,"UNK",NA,153,153,3,0,3,"MeSH:D003093|STR:primary_tumor|STR:uc",TRUE
"group_L3_757736a4","disease_vs_normal","group",2,"UNK",NA,87,87,0,0,0,"",FALSE
"group_L3_75786af2","small_molecule","group",5,"UNK",NA,26,26,0,5,5,"STR:180um_mehp|STR:1um_mehp|STR:20_m_25_oh_d|STR:20_microm_dcvc|STR:90um_mehp",TRUE
"group_L3_7606ef41","small_molecule","group",9,"UNK",NA,43,43,0,11,11,"CHEBI:17351|CHEBI:231661|CHEBI:28694|CHEBI:33348|CHEBI:33364",TRUE
"group_L3_76263573","disease_vs_normal","group",5,"UNK",NA,11,11,2,0,2,"STR:melanoma|STR:skin_squamous_cell_carcinoma",TRUE
"group_L3_763e5fb6","pathogen_or_aggregate_exposure","group",3,"STR:mycobacterium tuberculosis","Mycobacterium tuberculosis",18,18,0,3,3,"STR:d_7|STR:m_tuberculosis|STR:mycobacterium_tuberculosis",TRUE
"group_L3_765db537","disease_vs_normal","group",13,"UNK",NA,190,190,6,0,6,"STR:high_grade_serous_ovarian_cancer_metastatic_tumor|STR:metastasis_tumor|STR:omentum|STR:primary_tumor_tissue_omentum|STR:tumor_omentum",TRUE
"group_L3_765fb1bb","disease_vs_normal","group",2,"UNK",NA,9,9,3,0,3,"STR:major_depressive_disorder_mdd_patient_ssri_nonremitter|STR:major_depressive_disorder_mdd_patient_ssri_remitter|STR:mdd",TRUE
"group_L3_76842dbe","pathogen_or_aggregate_exposure","group",8,"UNK",NA,40,40,0,6,6,"STR:infected_with_a_lentivirus_coding_the_brct_domain_from_pes_protein_of_leishmania_major|STR:infected_with_a_lentivirus_coding_the_luciferase_protein|STR:infected_with_shaan_virus_p3|STR:infected_with_shaan_virus_p43|STR:rvfv_infection",TRUE
"group_L3_76b416d9","small_molecule","group",4,"CHEBI:16991","deoxyribonucleic acid",13,13,0,3,3,"STR:il_2_60iu|STR:il_2_60iu_prostaglandin_e2_1um|STR:il2_na",TRUE
"group_L3_76b9f2a1","disease_vs_normal","group",2,"UNK",NA,7,7,1,0,1,"STR:trisomic",FALSE
"group_L3_76e1d033","small_molecule","group",26,"UNK",NA,107,107,0,31,31,"CHEBI:46024|STR:0_02_osmoter_treatment|STR:0_06_osmoter_treatment|STR:10_um_pxs_4787a_for_48_hours|STR:1um_dac_6_days",TRUE
"group_L3_771d71c1","disease_vs_normal","group",3,"UNK",NA,5,5,0,0,0,"",FALSE
"group_L3_77b32498","disease_vs_normal","group",3,"UNK",NA,11,11,2,0,2,"STR:calcific_aortic_valve_disease|STR:sclerotic",TRUE
"group_L3_77b5ef1d","disease_vs_normal","group",3,"UNK",NA,7,7,0,0,0,"",FALSE
"group_L3_77bd994e","disease_vs_normal","group",2,"UNK",NA,6,6,1,0,1,"MeSH:D009369",FALSE
"group_L3_77c815e8","small_molecule","group",2,"UNK",NA,11,11,0,2,2,"STR:il15_bnz|STR:il21_bnz",TRUE
"group_L3_77f406f0","small_molecule","group",2,"UNK",NA,12,12,0,2,2,"STR:100_nm_dec_3_days|STR:100_nm_dec_7_days",TRUE
"group_L3_77fbe88a","disease_vs_normal","group",2,"UNK",NA,3,3,1,0,1,"STR:pancreas_epithelial_cell_carcinoma",FALSE
"group_L3_785c05b0","pathogen_or_aggregate_exposure","group",3,"UNK",NA,13,13,0,0,0,"",FALSE
"group_L3_78aff2ed","disease_vs_normal","group",6,"UNK",NA,14,14,4,0,4,"STR:cancer_cell_line_xenograft_tumor|STR:melanoma_xenograft_tumor|STR:sw480_tumors_from_zebrafish_xenografts|STR:zr_75_1_xenograft_vehicle_tumor",TRUE
"group_L3_78b2127c","small_molecule","group",6,"CHEBI:63637","vemurafenib",26,26,0,1,1,"CHEBI:63637",FALSE
"group_L3_78c7504d","small_molecule","group",2,"CHEBI:136413","adenosine-5'-diphospho-5'-(2'-deoxyribonucleotide) residue(2−)",9,9,0,1,1,"STR:infliximab",FALSE
"group_L3_78f9e744","small_molecule","group",2,"CHEBI:50845","doxycycline",5,5,0,2,2,"HGNC:SOX2|STR:dox",TRUE
"group_L3_79798635","disease_vs_normal","group",5,"UNK",NA,38,38,3,0,3,"STR:keratoconus|STR:ktcn|STR:posterior_polymorphous_corneal_dystrophy_ppcd",TRUE
"group_L3_7986d910","small_molecule","group",19,"UNK",NA,130,130,0,19,19,"CHEBI:25016|HGNC:CALCR|STR:10_um_ccg_222740|STR:6_thio_dg|STR:bibr1532",TRUE
"group_L3_79e4666f","small_molecule","group",3,"UNK",NA,7,7,0,4,4,"HGNC:AR|HGNC:DAXX|HGNC:HIRA|STR:castration_enzalutamide",TRUE
"group_L3_79f4efa6","small_molecule","group",5,"CHEBI:379896","17β-hydroxy-17-methylestra-4,9,11-trien-3-one",24,24,0,2,2,"STR:10nm_r1881_for_48_hours|STR:1nm_r1881",TRUE
"group_L3_7a2d9479","small_molecule","group",4,"UNK",NA,35,35,0,0,0,"",FALSE
"group_L3_7a5f236c","small_molecule","group",2,"CHEBI:2668","amlodipine",9,9,0,2,2,"CHEBI:2668|STR:amlodipine_only",TRUE
"group_L3_7a918882","disease_vs_normal","group",2,"UNK",NA,4,4,2,0,2,"STR:asthmatic_patients|STR:sle_without_ln",TRUE
"group_L3_7b139cda","small_molecule","group",2,"CHEBI:27963","(Kdo)<small><sub>2</sub></small>-lipid A (<em>E. coli</em>)",4,4,0,1,1,"HGNC:IGF2BP2",FALSE
"group_L3_7b2cbe55","small_molecule","group",2,"UNK",NA,9,9,0,3,3,"STR:cub_0_1_m|STR:cub_0_2_m|STR:fangchinoline_8_m",TRUE
"group_L3_7b84d474","small_molecule","group",11,"UNK",NA,42,42,0,11,11,"CHEBI:16330|HGNC:DAXX|HGNC:HIRA|HGNC:METTL3|HGNC:RB1",TRUE
"group_L3_7b84e6da","small_molecule","group",2,"UNK",NA,5,5,0,3,3,"CHEBI:234577|STR:bsj_05_037|STR:s63845_zvad",TRUE
"group_L3_7bb8743a","small_molecule","group",2,"CHEBI:136050","ozenoxacin",3,3,0,1,1,"STR:infliximab",FALSE
"group_L3_7bbaf1a5","disease_vs_normal","group",2,"UNK",NA,7,7,0,0,0,"",FALSE
"group_L3_7bbc4516","disease_vs_normal","group",2,"UNK",NA,3,3,0,0,0,"",FALSE
"group_L3_7bca2ebd","pathogen_or_aggregate_exposure","group",2,"UNK",NA,15,15,0,1,1,"STR:sars_cov_2_infection",FALSE
"group_L3_7c22ecc0","disease_vs_normal","group",8,"UNK",NA,29,29,6,0,6,"MeSH:D008198|MeSH:D009369|STR:b_nhl|STR:castleman_disease|STR:peripheral_t_cell_lymphoma_not_otherwise_specified_ptcl_nos",TRUE
"group_L3_7c2ffd83","pathogen_or_aggregate_exposure","group",3,"UNK",NA,7,7,0,2,2,"STR:ifng_lps_stimulated_s|STR:polyic_dec_side",TRUE
"group_L3_7c371b54","small_molecule","group",2,"UNK",NA,14,14,0,1,1,"CHEBI:23888",FALSE
"group_L3_7c50e4c0","small_molecule","group",4,"UNK",NA,23,23,0,2,2,"STR:bms|STR:ilt",TRUE
"group_L3_7c5b5f55","small_molecule","group",2,"CHEBI:5070","flavanone",7,7,0,0,0,"",FALSE
"group_L3_7c86897f","small_molecule","group",3,"CHEBI:134226","β-<small>D</small>-Man<em>p</em>NAc-(1→3)-α-<small>L</small>-Fuc<em>p</em>NAc-(1→3)-α-<small>D</small>-Gal<em>p</em>NAc-(1→4)-α-<small>D</small>-Gal<em>p</em>O[CH<small><sub>2</sub></small>]<small><sub>5</sub></small>NH<small><sub>2</sub></small>",16,16,0,11,11,"CHEBI:135810|CHEBI:145417|CHEBI:231355|CHEBI:232616|CHEBI:34992",TRUE
"group_L3_7ce12170","small_molecule","group",2,"UNK",NA,7,7,0,1,1,"CHEBI:172325",FALSE
"group_L3_7ce566aa","small_molecule","group",2,"UNK",NA,39,39,0,5,5,"CHEBI:26523|STR:ato|STR:flu|STR:rna|STR:sim",TRUE
"group_L3_7cf432cb","small_molecule","group",3,"CHEBI:16994","1-(β-<small>D</small>-galactosyl)-2-(2-hydroxyacyl)sphingosine",4,4,0,2,2,"STR:10ng_ml_tgfbeta3|STR:rna",TRUE
"group_L3_7d1aef06","small_molecule","group",2,"CHEBI:50756","acridone",7,7,0,3,3,"CHEBI:90695|CHEBI:90705|STR:treated_with_gefitinib_for_24_hours",TRUE
"group_L3_7d24fb56","disease_vs_normal","group",2,"UNK",NA,20,20,1,0,1,"STR:hepatocellular_carcinoma_tissue",FALSE
"group_L3_7d2e26ee","disease_vs_normal","group",6,"UNK",NA,11,11,2,0,2,"STR:cell_line_derived_from_cutaneous_squamous_cell_carcinoma_tumor_in_patient_with_recessive_dystrophic_epidermolysis_bullosa|STR:human_cancer_cell_line",TRUE
"group_L3_7d4a006f","disease_vs_normal","group",3,"MeSH:D005814","Genes, Viral",3,3,1,0,1,"STR:glioblastoma",FALSE
"group_L3_7d71d07e","disease_vs_normal","group",4,"UNK",NA,45,45,1,0,1,"STR:cushing",FALSE
"group_L3_7d8e39a3","small_molecule","group",2,"CHEBI:134201","<em>P</em>-{α-<small>D</small>-Glc<em>p</em>NAc-(1→3)-[<small>D</small>-GroA-(2→1)]-α-<small>D</small>-Glc<em>p</em>NAc-6-yl}-α-<small>D</small>-Glc<em>p</em>NAc-(1→3)-[<em>P</em>-6-[CH<small><sub>2</sub></small>]<small><sub>5</sub></small>NH<small><sub>2</sub></small>]-α-<small>D</small>-Glc<em>p</em>NAc-(1→2)-<small>D</small>-GroA",7,7,0,3,3,"CHEBI:230493|STR:100nm_dbet6|STR:500nm_dbet6",TRUE
"group_L3_7d8f8a26","small_molecule","group",2,"CHEBI:2663","amiodarone",26,26,0,0,0,"",FALSE
"group_L3_7db1b563","disease_vs_normal","group",2,"UNK",NA,4,4,0,0,0,"",FALSE
"group_L3_7dd21f7f","small_molecule","group",2,"UNK",NA,3,3,0,2,2,"STR:glup_peptide|STR:treated_with_acbp_s_se",TRUE
"group_L3_7e28142b","disease_vs_normal","group",3,"UNK",NA,10,10,2,0,2,"STR:carcinoma|STR:carcinoma_ductal",TRUE
"group_L3_7e63229d","disease_vs_normal","group",3,"UNK",NA,24,24,2,0,2,"STR:conjunctival_lymphoma|STR:conjunctival_scc",TRUE
"group_L3_7e93973a","disease_vs_normal","group",4,"UNK",NA,14,14,2,0,2,"STR:esophageal_squamous_cell_carcinoma|STR:esophageal_tumour",TRUE
"group_L3_7eb4df3d","pathogen_or_aggregate_exposure","group",4,"UNK",NA,24,24,0,0,0,"",FALSE
"group_L3_7ed69324","disease_vs_normal","group",2,"UNK",NA,14,14,2,0,2,"MeSH:D018304|STR:primary_tumor",TRUE
"group_L3_7ee2256e","small_molecule","group",6,"CHEBI:16635","Met-tRNA<small><sup>Met</small></sup>",14,14,0,4,4,"STR:rna|STR:tgf|STR:tgf_b1|STR:tgf_beta",TRUE
"group_L3_7f0ea894","cytokine_stim","group",3,"UNK",NA,20,20,0,2,2,"STR:il_2_and_anti_cd3_cd28_agonistic_mabs|STR:il_2_and_anti_cd3_tnfr2_agonistic_mabs",TRUE
"group_L3_7f1397cc","disease_vs_normal","group",5,"UNK",NA,43,43,2,0,2,"STR:ipf|STR:ssc_ild",TRUE
"group_L3_7f340969","disease_vs_normal","group",7,"MeSH:D006559","Pemphigoid Gestationis",74,74,3,0,3,"MeSH:D006528|STR:human_tumor_tissue|STR:recurrent",TRUE
"group_L3_7f52c9ea","small_molecule","group",2,"CHEBI:50787","<small>L</small>-<i>erythro</i>-3-methylmalic acid",6,6,0,1,1,"CHEBI:52172",FALSE
"group_L3_7f6db303","disease_vs_normal","group",2,"MeSH:D016640","Diabetes, Gestational",8,8,1,0,1,"STR:gdm",FALSE
"group_L3_7f6ff314","disease_vs_normal","group",8,"UNK",NA,45,45,6,0,6,"STR:breast_cancer_primary_derived_xenograft|STR:gar15_13_veh_tumor|STR:hci_005_veh_tumor|STR:hci005_vehicle_tumour|STR:patient_derived_xenograft_tumors",TRUE
"group_L3_7fc1b368","small_molecule","group",2,"UNK",NA,3,3,0,2,2,"STR:cycle_2|STR:post_mosun",TRUE
"group_L3_7fdb0528","disease_vs_normal","group",2,"MeSH:D005811",NA,3,3,1,0,1,"STR:glioblastoma",FALSE
"group_L3_7ff1bef3","disease_vs_normal","group",2,"UNK",NA,29,29,0,0,0,"",FALSE
"group_L3_8017f2ee","small_molecule","group",12,"UNK",NA,75,75,0,20,20,"HGNC:METTL3|STR:10_um_enzalutamide_and_15_nm_onvansertib|STR:2_77|STR:20_um_enzalutamide_and_15_nm_onvansertib|STR:acbi",TRUE
"group_L3_80231c6e","disease_vs_normal","group",11,"UNK",NA,154,154,7,0,7,"MeSH:D000089802|MeSH:D009243|STR:ckd|STR:dpn_sev|STR:intermittent_claudicant",TRUE
"group_L3_808089a5","cytokine_stim","group",2,"HGNC:6001","IL2",10,10,0,1,1,"STR:il2",FALSE
"group_L3_80d863dc","pathogen_or_aggregate_exposure","group",4,"UNK",NA,17,17,0,4,4,"STR:immune_stimulation_with_dsdna|STR:irbcl|STR:jev_infected_5_moi|STR:rbcl",TRUE
"group_L3_80e793cc","small_molecule","group",2,"CHEBI:136061","(<i>E</i>)-1-(glutathione-<em>S</em>-yl)-ω-(methylthio)alkylhydroximate(1−)",3,3,0,1,1,"STR:kineret_100mg",FALSE
"group_L3_811004dd","disease_vs_normal","group",4,"MeSH:D005814","Genes, Viral",11,11,2,0,2,"STR:gbm|STR:glioblastoma_multiforme_gbm",TRUE
"group_L3_81205970","disease_vs_normal","group",2,"UNK",NA,4,4,1,0,1,"STR:sporadic_colorectal_cancer_sample",FALSE
"group_L3_812cd293","disease_vs_normal","group",4,"UNK",NA,23,23,2,0,2,"MeSH:D015179|STR:primary_colorectal_tumor_resection",TRUE
"group_L3_81341e1a","small_molecule","group",2,"CHEBI:78023","4-coumaroyltriacetic acid lactone",4,4,0,0,0,"",FALSE
"group_L3_81a596da","small_molecule","group",2,"CHEBI:79663","4,4-Bis[4-(acetyloxy)phenyl]3-hexanone",2,2,0,0,0,"",FALSE
"group_L3_81b4b7df","disease_vs_normal","group",2,"UNK",NA,131,131,0,0,0,"",FALSE
"group_L3_822d2431","disease_vs_normal","group",4,"UNK",NA,7,7,1,0,1,"STR:colorectal_carcinoma_samples",FALSE
"group_L3_82399367","disease_vs_normal","group",4,"UNK",NA,14,14,3,0,3,"STR:blood_chronic_myeloid_leukemia_in_blast_crisis|STR:childhood_acute_lymohoblastic_leukemia|STR:human_acute_myelocytic_leukemia_cell",TRUE
"group_L3_82460758","disease_vs_normal","group",2,"UNK",NA,8,8,0,0,0,"",FALSE
"group_L3_8253b421","small_molecule","group",2,"CHEBI:231601","trastuzumab",23,23,0,0,0,"",FALSE
"group_L3_825dda4e","small_molecule","group",2,"CHEBI:38246","methyl (<i>S</i>)-3-hydroxypalmitate",4,4,0,2,2,"CHEBI:44616|STR:100_nm_4_hydroxy_tamoxifen_for_6_hours",TRUE
"group_L3_827be7ff","disease_vs_normal","group",23,"UNK",NA,560,560,20,0,20,"MeSH:D002292|MeSH:D003928|MeSH:D007680|MeSH:D009369|STR:aki",TRUE
"group_L3_829e4707","disease_vs_normal","group",55,"UNK",NA,849,849,38,0,38,"MeSH:D000077216|MeSH:D009369|MeSH:D010051|STR:adeocarcioma|STR:bpoi",TRUE
"group_L3_82aa8010","pathogen_or_aggregate_exposure","group",2,"UNK",NA,10,10,0,3,3,"CHEBI:73823|STR:il_1_p_gingivalis_persisters_treated|STR:il_1_p_gingivalis_treated",TRUE
"group_L3_82e8bee3","disease_vs_normal","group",3,"UNK",NA,127,127,3,0,3,"STR:upper_tract_urothelial_carcinoma|STR:upper_tract_urothelial_cell_carcinoma|STR:urothelial_cancer_ffpe_tissue",TRUE
"group_L3_832c6ae5","cytokine_stim","group",2,"CHEBI:17100","<small>L</small>-arabinono-1,4-lactone",2,2,0,1,1,"STR:gm_csf_5ng_ml_1h",FALSE
"group_L3_833df308","small_molecule","group",9,"UNK",NA,42,42,0,17,17,"CHEBI:15603|CHEBI:15971|CHEBI:16044|HGNC:EP300|STR:2_5_m_dclk1_in_1_for_24_h",TRUE
"group_L3_83671bd2","disease_vs_normal","group",36,"UNK",NA,148,148,17,0,17,"MeSH:D001932|MeSH:D009369|STR:at_rt_tumor|STR:brain|STR:classic_subtype",TRUE
"group_L3_836d5192","small_molecule","group",11,"UNK",NA,30,30,0,8,8,"HGNC:POU5F1|STR:200_nm_ink128_for_2_hours|STR:dex_sh4_54|STR:gefitinib_1microm_thz531_200nm|STR:hpob",TRUE
"group_L3_8377e0b3","disease_vs_normal","group",2,"UNK",NA,9,9,1,0,1,"STR:gastric_adenocarcinoma",FALSE
"group_L3_8387721d","disease_vs_normal","group",2,"UNK",NA,6,6,1,0,1,"STR:psoriasis_patient_treated_with_ustekinumab",FALSE
"group_L3_83cc12e5","small_molecule","group",2,"MeSH:D000989","Antistreptolysin",2,2,0,0,0,"",FALSE
"group_L3_83d3dbb6","pathogen_or_aggregate_exposure","group",3,"UNK",NA,19,19,0,3,3,"STR:fusobacterium_nucleatum|STR:orfv|STR:staphylococcus_epidermidis",TRUE
"group_L3_842ab00a","small_molecule","group",3,"UNK",NA,72,72,0,5,5,"CHEBI:138655|STR:blbx|STR:c4bx|STR:eotbx|STR:sr_3029",TRUE
"group_L3_846372d2","small_molecule","group",4,"UNK",NA,20,20,0,5,5,"STR:10_nm_ota|STR:100_nm_ota|STR:case_group_tepp_46|STR:gw9662|STR:pevonedistat_1um_4h_vsvd51_moi_0_01",TRUE
"group_L3_848fe952","small_molecule","group",2,"STR:prexasertib","Prexasertib",27,27,0,1,1,"STR:prexasertib",FALSE
"group_L3_849a9966","small_molecule","group",2,"MeSH:D005966","Glucuronidase",4,4,0,0,0,"",FALSE
"group_L3_84a4a6df","small_molecule","group",2,"UNK",NA,4,4,0,2,2,"STR:jnki_treated_icafs|STR:treated_4_oht_group",TRUE
"group_L3_84c12740","small_molecule","group",2,"CHEBI:78007","foaming agent",3,3,0,0,0,"",FALSE
"group_L3_84e769bc","disease_vs_normal","group",11,"UNK",NA,203,203,10,0,10,"MeSH:D000072657|MeSH:D003922|STR:ccs|STR:dysplastic_cml|STR:early_systemic_sclerosis",TRUE
"group_L3_851dddd5","pathogen_or_aggregate_exposure","group",9,"UNK",NA,91,91,0,2,2,"STR:stimulated_with_m_leprae_whole_cell_sonicate_antigen_10_g_ml|STR:v2",TRUE
"group_L3_85a06b55","small_molecule","group",6,"UNK",NA,38,38,0,12,12,"CHEBI:18258|CHEBI:50594|STR:1_m_a|STR:10_nm_a|STR:10_nm_a_tnf_il_1",TRUE
"group_L3_85c0c1c8","disease_vs_normal","group",2,"UNK",NA,43,43,0,0,0,"",FALSE
"group_L3_85c8636f","disease_vs_normal","group",2,"UNK",NA,4,4,2,0,2,"MeSH:D015179|STR:normoxia",TRUE
"group_L3_85dcefcb","cytokine_stim","group",2,"MeSH:D053583","Interleukin-1beta",9,9,0,0,0,"",FALSE
"group_L3_85e30c6c","pathogen_or_aggregate_exposure","group",2,"UNK",NA,6,6,0,0,0,"",FALSE
"group_L3_862a89ea","small_molecule","group",2,"CHEBI:17192","3,5-dibromo-4-hydroxybenzonitrile",2,2,0,2,2,"STR:10_nm_double_hydrogen_testosterone_16h|STR:dht_for_24hrs",TRUE
"group_L3_864d7909","small_molecule","group",3,"CHEBI:17126","carnitine",15,15,0,2,2,"CHEBI:16412|STR:intravenous_lps",TRUE
"group_L3_867d864a","small_molecule","group",2,"CHEBI:88247","[5-(aminomethyl)-3-furyl]methyl diphosphate",3,3,0,0,0,"",FALSE
"group_L3_86aa6978","disease_vs_normal","group",2,"UNK",NA,3,3,0,0,0,"",FALSE
"group_L3_86c2ee6c","disease_vs_normal","group",2,"UNK",NA,9,9,2,0,2,"MeSH:D010300|STR:parkinson_s_disease",TRUE
"group_L3_86cf3200","small_molecule","group",3,"CHEBI:50756","acridone",4,4,0,2,2,"STR:sorafenib_10_m|STR:sorafenib_10_um_12h",TRUE
"group_L3_86d2c2dd","disease_vs_normal","group",2,"UNK",NA,4,4,1,0,1,"STR:base_of_tongue_squamous_cell_carcinoma_cell_line",FALSE
"group_L3_86eeccaf","pathogen_or_aggregate_exposure","group",4,"UNK",NA,36,36,0,0,0,"",FALSE
"group_L3_870a0703","disease_vs_normal","group",4,"MeSH:D005843","Geography",9,9,0,0,0,"",FALSE
"group_L3_872ad100","small_molecule","group",34,"UNK",NA,147,147,0,39,39,"CHEBI:23410|HGNC:CHD1|HGNC:MAP3K7|STR:10nm_r1881_for_48_hours|STR:10um_enz_for_48_hours",TRUE
"group_L3_873a1e93","disease_vs_normal","group",2,"MeSH:D015212","Inflammatory Bowel Diseases",5,5,0,0,0,"",FALSE
"group_L3_874b9247","disease_vs_normal","group",2,"UNK",NA,9,9,2,0,2,"STR:cd|STR:cd_crohn_s_disease",TRUE
"group_L3_874c7b25","disease_vs_normal","group",2,"MeSH:D006870",NA,19,19,6,0,6,"STR:1|STR:2|STR:3|STR:ad|STR:nos",TRUE
"group_L3_874c9807","disease_vs_normal","group",4,"UNK",NA,24,24,2,0,2,"STR:ovarian_cancer_cells_ascites|STR:progressive_papillary_adenocarcinoma",TRUE
"group_L3_87519e4d","cytokine_stim","group",2,"MeSH:D053583","Interleukin-1beta",5,5,0,2,2,"STR:3_ng_ml_il1b|STR:il1b_6hr",TRUE
"group_L3_876ae008","small_molecule","group",2,"CHEBI:27956","<small>L</small>-dehydroascorbic acid",7,7,0,2,2,"CHEBI:27504|STR:200_ng_ml_nocodazole",TRUE
"group_L3_8770f4a5","disease_vs_normal","group",3,"UNK",NA,42,42,2,0,2,"STR:dkd|STR:pcos",TRUE
"group_L3_87dccf16","pathogen_or_aggregate_exposure","group",5,"UNK",NA,193,193,0,0,0,"",FALSE
"group_L3_883e20b6","small_molecule","group",2,"CHEBI:28748","doxorubicin",3,3,0,1,1,"STR:doxorubicin_300_nm",FALSE
"group_L3_885e5e08","disease_vs_normal","group",2,"UNK",NA,11,11,1,0,1,"STR:carcinoma_colorectal",FALSE
"group_L3_8881203d","disease_vs_normal","group",11,"UNK",NA,44,44,5,0,5,"MeSH:D009369|STR:esophageal_cancer_cells|STR:esophageal_squamous_cell_carcinoma|STR:esophagus_carcinoma|STR:human_esophageal_squamous_carcinoma_cells",TRUE
"group_L3_88d36b96","disease_vs_normal","group",2,"UNK",NA,11,11,1,0,1,"STR:pleura_pleural_effusion_of_patients_with_lymphoma",FALSE
"group_L3_890ccbe9","disease_vs_normal","group",4,"UNK",NA,9,9,1,0,1,"MeSH:D015179",FALSE
"group_L3_8965f7d7","small_molecule","group",3,"UNK",NA,5,5,0,3,3,"HGNC:MED14|STR:aza|STR:azacitidine_tak_981",TRUE
"group_L3_899bef16","pathogen_or_aggregate_exposure","group",31,"UNK",NA,271,271,0,25,25,"CHEBI:167896|STR:24h_1_5_human_serum_ami_patient_37|STR:actecoli|STR:activated|STR:c_trachomatis_stimulation_and_hiv_1_coinfection",TRUE
"group_L3_89c87750","pathogen_or_aggregate_exposure","group",6,"STR:sars-cov-2","SARS-CoV-2",48,48,0,3,3,"HGNC:SIRT5|STR:sars_cov_2_infected|STR:sars_cov_2_infection_at_moi_1_during_24_h",TRUE
"group_L3_89cd2876","small_molecule","group",2,"CHEBI:34206","2,2',5,5'-tetrachlorobiphenyl",3,3,0,1,1,"CHEBI:27899",FALSE
"group_L3_89dd36ea","disease_vs_normal","group",4,"UNK",NA,31,31,1,0,1,"STR:non_transformed",FALSE
"group_L3_89e19e39","cytokine_stim","group",2,"UNK",NA,7,7,0,1,1,"STR:il_17_tnfa",FALSE
"group_L3_89e63a2f","small_molecule","group",2,"CHEBI:30971","2<em>H</em>-azirine",3,3,0,1,1,"STR:dht_plus_jq1",FALSE
"group_L3_89f09ae8","disease_vs_normal","group",3,"MeSH:D012138","Respiratory Therapy",34,34,2,0,2,"STR:rheumatoid_arthritis_early|STR:rheumatoid_arthritis_established",TRUE
"group_L3_89f6f81a","disease_vs_normal","group",6,"UNK",NA,15,15,4,0,4,"MeSH:D015209|STR:cirrhotic|STR:hcc|STR:liver_cancer_stem_cells",TRUE
"group_L3_8a16f058","small_molecule","group",3,"UNK",NA,7,7,0,2,2,"STR:nutlin_3a|STR:tpbc_peg_3um",TRUE
"group_L3_8a18709b","disease_vs_normal","group",2,"UNK",NA,8,8,0,0,0,"",FALSE
"group_L3_8a384b74","small_molecule","group",3,"UNK",NA,10,10,0,4,4,"STR:combination_polrmt_and_bcl_2_inhibitors|STR:delayed_group_bortezomib_elesclomol|STR:polrmt_inhibitor|STR:sndx5613_0_1_rodent_diet_for_7_days",TRUE
"group_L3_8a9956ce","small_molecule","group",7,"UNK",NA,46,46,0,12,12,"HGNC:HDAC2|STR:a485_24_h|STR:cmld12824|STR:ctn_0_m|STR:ctn_10_m",TRUE
"group_L3_8abe188b","disease_vs_normal","group",2,"UNK",NA,8,8,1,0,1,"MeSH:D003876",FALSE
"group_L3_8aea289f","disease_vs_normal","group",2,"UNK",NA,117,117,1,0,1,"STR:high_grade_serou_ovarian_cancer",FALSE
"group_L3_8b192232","disease_vs_normal","group",2,"MeSH:D014851","Wakefulness",2,2,2,0,2,"STR:mskcc_wilms_tumor_patient_tumor|STR:wilms_tumor_tissue",TRUE
"group_L3_8b3366ab","small_molecule","group",2,"UNK",NA,4,4,0,0,0,"",FALSE
"group_L3_8b7b90b0","small_molecule","group",25,"UNK",NA,146,146,0,26,26,"CHEBI:16480|CHEBI:167694|CHEBI:28875|HGNC:PAF1|STR:100ng_ml_bft2",TRUE
"group_L3_8b7de0bb","small_molecule","group",3,"CHEBI:41774","tamoxifen",12,12,0,3,3,"CHEBI:44616|STR:14_days_tamoxifen_treatment|STR:7_days_tamoxifen_treatment",TRUE
"group_L3_8bcc45de","cytokine_stim","group",2,"UNK",NA,7,7,0,2,2,"STR:bronchial_epithelial_cells_differentiated_on_porous_membrane_under_air_liquid_interface_condition|STR:tgf_beta_il_1beta",TRUE
"group_L3_8c18d244","pathogen_or_aggregate_exposure","group",3,"UNK",NA,8,8,0,1,1,"STR:live_bacteria",FALSE
"group_L3_8c2f2dc1","disease_vs_normal","group",5,"UNK",NA,50,50,3,0,3,"STR:liver|STR:liver_hepatocellular_carcinoma|STR:non_tumor",TRUE
"group_L3_8c456e3a","small_molecule","group",3,"UNK",NA,13,13,0,7,7,"STR:600nm_tg|STR:abe8e|STR:ec539_0_5um|STR:ec59_0_5um_fer_1_2um|STR:rsl3_0_5um_fer_1_2um",TRUE
"group_L3_8c92a1ef","small_molecule","group",3,"UNK",NA,101,101,0,2,2,"CHEBI:53806|STR:slit",TRUE
"group_L3_8c983b33","small_molecule","group",2,"CHEBI:134223","2-amino-6-(1-hydroxypropyl)-8-methylpteridine-4,7(3<em>H</em>,8<em>H</em>)-dione",39,39,0,32,32,"CHEBI:145365|CHEBI:145372|CHEBI:167707|CHEBI:173077|CHEBI:177413",TRUE
"group_L3_8c9eee53","disease_vs_normal","group",6,"UNK",NA,55,55,2,0,2,"STR:neuroblastoma|STR:neuroblastoma_cancer",TRUE
"group_L3_8cc355cb","small_molecule","group",2,"UNK",NA,32,32,0,2,2,"STR:300nm_dac|STR:dtmyc",TRUE
"group_L3_8d1ee38d","disease_vs_normal","group",3,"UNK",NA,137,137,1,0,1,"MeSH:D029424",FALSE
"group_L3_8d3d43ff","small_molecule","group",2,"CHEBI:39112","bosutinib",4,4,0,0,0,"",FALSE
"group_L3_8d5cb822","small_molecule","group",2,"CHEBI:27388","benzoylacetyl-CoA",5,5,0,1,1,"STR:3_day_doxycycline",FALSE
"group_L3_8d6d6fc5","small_molecule","group",6,"UNK",NA,18,18,0,5,5,"STR:2_d08_treated|STR:2c|STR:brd9_inhibitor|STR:camp_mpa_treatment|STR:rhodium_iii_1_um",TRUE
"group_L3_8dc3e8d8","disease_vs_normal","group",2,"UNK",NA,3,3,0,0,0,"",FALSE
"group_L3_8e8a1c49","disease_vs_normal","group",2,"MeSH:D009427","Netherlands Antilles",3,3,0,0,0,"",FALSE
"group_L3_8e99bdf4","small_molecule","group",2,"CHEBI:78823","<em>O</em>-(<em>S</em>-3-oxo-4-methylhexanoylpantetheine-4'-phosphoryl)serine(1−) residue",9,9,0,0,0,"",FALSE
"group_L3_8ec42272","disease_vs_normal","group",4,"UNK",NA,10,10,2,0,2,"STR:colorectal_cancer_cell_line|STR:colorectal_cancer_cell_line_hct_116",TRUE
"group_L3_8ecc9285","cytokine_stim","group",5,"CHEBI:16994","1-(β-<small>D</small>-galactosyl)-2-(2-hydroxyacyl)sphingosine",12,12,0,5,5,"STR:100_ng_ml_interferon_gamma|STR:egf_treated_for_24_h|STR:ifng|STR:plus_interferon_gamma|STR:tnf",TRUE
"group_L3_8eda2904","disease_vs_normal","group",5,"UNK",NA,34,34,1,0,1,"STR:hc",FALSE
"group_L3_8eff7e49","small_molecule","group",2,"UNK",NA,103,103,0,1,1,"STR:50",FALSE
"group_L3_8f4f8d1b","small_molecule","group",3,"CHEBI:17126","carnitine",10,10,0,3,3,"CHEBI:16412|STR:treated_with_lps_1ug_ml_for_4_hrs|STR:with_lps_10ng_ml_for_4_hrs",TRUE
"group_L3_8f60db8d","disease_vs_normal","group",2,"UNK",NA,4,4,1,0,1,"STR:formalin_fixed_paraffin_embedded_ffpe_tumor_tissue_block_from_human_nf2_patient",FALSE
"group_L3_8f638abe","small_molecule","group",3,"UNK",NA,5,5,0,3,3,"CHEBI:230500|STR:blu6864_24h|STR:blu6864_6h",TRUE
"group_L3_8f99b029","disease_vs_normal","group",5,"UNK",NA,37,37,0,0,0,"",FALSE
"group_L3_8fe1b72b","disease_vs_normal","group",2,"MeSH:D010027","Osteotomy",5,5,0,0,0,"",FALSE
"group_L3_8fe48e07","small_molecule","group",2,"STR:dimethyl sulfoxide","Dimethyl sulfoxide",4,4,0,0,0,"",FALSE
"group_L3_9033b9aa","pathogen_or_aggregate_exposure","group",2,"CHEBI:16412","lipopolysaccharide",27,27,0,2,2,"CHEBI:16412|STR:rna",TRUE
"group_L3_907cbb38","disease_vs_normal","group",2,"UNK",NA,2,2,1,0,1,"STR:sma_case",FALSE
"group_L3_907f3dde","small_molecule","group",2,"CHEBI:134135","1-acylglycerol 22:4",2,2,0,2,2,"CHEBI:63587|STR:tdpa_10_nm_for_48_hours",TRUE
"group_L3_90c046b8","small_molecule","group",2,"CHEBI:75929","<small>D</small>-cycloserine(1+)",6,6,0,1,1,"STR:jq1_1_5um",FALSE
"group_L3_90cd97f1","disease_vs_normal","group",2,"UNK",NA,2,2,0,0,0,"",FALSE
"group_L3_9107d607","small_molecule","group",2,"CHEBI:134216","muricholic acids",2,2,0,2,2,"CHEBI:135945|STR:5_um_abiraterone_acetate_and_30_nm_onvansertib",TRUE
"group_L3_915f5b53","disease_vs_normal","group",3,"UNK",NA,5,5,2,0,2,"STR:esophageal_squamous_cancer_cell_line|STR:human_esophageal_squamous_carcinoma_cells",TRUE
"group_L3_91736a57","pathogen_or_aggregate_exposure","group",2,"STR:hepatitis b virus","Hepatitis B virus",10,10,0,0,0,"",FALSE
"group_L3_91a0d52e","small_molecule","group",8,"UNK",NA,38,38,0,15,15,"CHEBI:124921|CHEBI:131184|CHEBI:15603|CHEBI:16044|HGNC:CYP1A1",TRUE
"group_L3_91a43a7b","small_molecule","group",2,"CHEBI:30971","2<em>H</em>-azirine",13,13,0,2,2,"STR:disulfiram_treated_0_32_microm|STR:dox_treated",TRUE
"group_L3_91aaee00","disease_vs_normal","group",7,"UNK",NA,58,58,2,0,2,"STR:colon_cancer_organoids|STR:inflammatory_bowel_disease_ibd",TRUE
"group_L3_91c8c789","small_molecule","group",2,"CHEBI:34125","10-nitro-9E,12Z-octadecadienoic acid",4,4,0,2,2,"STR:0_25_g_ml_doxycycline_for_2_days|STR:20_ng_ml_of_doxycycline_and_10_nm_dht",TRUE
"group_L3_91e31978","disease_vs_normal","group",13,"UNK",NA,61,61,8,0,8,"MeSH:D003424|MeSH:D009369|STR:cc14_colon_cancer_cells_primary_culture|STR:colon_cancer_stem_cells|STR:colon_tumor_fibroblasts",TRUE
"group_L3_9223c130","small_molecule","group",11,"UNK",NA,50,50,0,8,8,"CHEBI:15702|CHEBI:27789|CHEBI:82665|STR:20mm|STR:5mm",TRUE
"group_L3_924b63c6","disease_vs_normal","group",4,"UNK",NA,19,19,3,0,3,"MeSH:D009369|MeSH:D020345|STR:macrophages",TRUE
"group_L3_924da103","disease_vs_normal","group",2,"UNK",NA,7,7,1,0,1,"MeSH:D009369",FALSE
"group_L3_9269fb6b","small_molecule","group",2,"CHEBI:45783","imatinib",4,4,0,1,1,"CHEBI:45783",FALSE
"group_L3_92951877","disease_vs_normal","group",2,"UNK",NA,17,17,2,0,2,"STR:angiofibroma|STR:sarcoma",TRUE
"group_L3_929dcda6","disease_vs_normal","group",12,"UNK",NA,152,152,7,0,7,"MeSH:D000075363|STR:acute_myeloid_leukemia_aml|STR:aml|STR:common|STR:jmml_other_mutated",TRUE
"group_L3_92ba1043","disease_vs_normal","group",4,"UNK",NA,51,51,1,0,1,"STR:osteoarthritis",FALSE
"group_L3_92bd0b2f","small_molecule","group",2,"CHEBI:75597","dT<small><sub>8</sub></small>",50,50,0,0,0,"",FALSE
"group_L3_92d40d55","disease_vs_normal","group",3,"UNK",NA,305,305,1,0,1,"STR:meningioma",FALSE
"group_L3_933a2214","disease_vs_normal","group",3,"UNK",NA,28,28,2,0,2,"STR:crpc_metastasis|STR:renal_tumor",TRUE
"group_L3_93a4e55e","disease_vs_normal","group",2,"MeSH:D004070","Digitalis",5,5,2,0,2,"MeSH:D007948|MeSH:D015473",TRUE
"group_L3_93ad2d69","disease_vs_normal","group",2,"UNK",NA,5,5,0,0,0,"",FALSE
"group_L3_93cc7df8","disease_vs_normal","group",5,"UNK",NA,21,21,3,0,3,"STR:adenocarcinoma_peritoneal_metastasis|STR:colorectal_cancer_crc|STR:melanoma",TRUE
"group_L3_93d5fbea","disease_vs_normal","group",5,"UNK",NA,27,27,4,0,4,"MeSH:D005706|MeSH:D009369|STR:gallbladder_tumor|STR:primary_gallbladder_cancer_tissue",TRUE
"group_L3_94365e22","cytokine_stim","group",2,"MeSH:D015850","Interleukin-6",10,10,0,1,1,"STR:10_ng_ml_il_6",FALSE
"group_L3_9477530f","small_molecule","group",2,"CHEBI:75929","<small>D</small>-cycloserine(1+)",4,4,0,3,3,"CHEBI:66903|CHEBI:67271|STR:tivantinib",TRUE
"group_L3_948b29c4","small_molecule","group",47,"UNK",NA,644,644,0,36,36,"CHEBI:15843|CHEBI:73503|STR:100_nm_glupin|STR:100_nm_glutor|STR:1000_nm_25_oh_d3_for_24_h",TRUE
"group_L3_94e315b2","disease_vs_normal","group",2,"UNK",NA,8,8,1,0,1,"MeSH:D003110",FALSE
"group_L3_95418290","small_molecule","group",2,"UNK",NA,9,9,0,1,1,"STR:dsi",FALSE
"group_L3_95747449","small_molecule","group",2,"CHEBI:5070","flavanone",8,8,0,2,2,"CHEBI:49375|CHEBI:49668",TRUE
"group_L3_9597fb03","cytokine_stim","group",2,"CHEBI:133586","epoxyoctadecenoate",3,3,0,2,2,"STR:treated_with_vegf_c_400_ng_ml_for_24_hours|STR:tweak_100ng_ml_stimulated",TRUE
"group_L3_95abf4ab","disease_vs_normal","group",5,"UNK",NA,26,26,4,0,4,"STR:inflammatory_arthritis|STR:rheumatoid_arthritis_patient4|STR:rheumatoid_arthritis_patient5|STR:rheumatoid_arthritis_patient6",TRUE
"group_L3_95b0057d","small_molecule","group",4,"UNK",NA,13,13,0,5,5,"STR:bio|STR:g_rb1|STR:odontogenic_induction_with_ms275_supplementation|STR:odontogenic_induction_with_rgfp966_supplementation|STR:odontogenic_induction_with_tsa_supplementation",TRUE
"group_L3_95bc2931","small_molecule","group",5,"UNK",NA,25,25,0,11,11,"STR:100nm_ca|STR:iox1|STR:jps004_10microm|STR:jps014_10microm|STR:jps016_10microm",TRUE
"group_L3_95f43f0d","small_molecule","group",2,"UNK",NA,3,3,0,0,0,"",FALSE
"group_L3_961f3b30","disease_vs_normal","group",7,"UNK",NA,35,35,7,0,7,"MeSH:D001943|STR:breast_cancer_brain_metastasis|STR:breast_cancer_cells|STR:breast_cancer_pdx|STR:human_breast_cancer_orthoxenografts",TRUE
"group_L3_962b592d","disease_vs_normal","group",6,"UNK",NA,15,15,3,0,3,"STR:hepatocellular_carcinoma_cell_line|STR:hepatocellular_carcinoma_hepg2|STR:liver_cancer_cells",TRUE
"group_L3_9664fa31","small_molecule","group",2,"CHEBI:137113","JQ1",4,4,0,1,1,"CHEBI:137113",FALSE
"group_L3_96739bed","pathogen_or_aggregate_exposure","group",2,"STR:tuberculosis","Tuberculosis",72,72,0,0,0,"",FALSE
"group_L3_96d8a0a9","disease_vs_normal","group",28,"UNK",NA,459,459,15,0,15,"MeSH:D002311|STR:atrial_fibrillation|STR:calcific_aortic_valve_disease|STR:coronary_atherosclerotic_heart_disease|STR:cteph",TRUE
"group_L3_96f4b14a","small_molecule","group",2,"CHEBI:50693","milrinone",30,30,0,0,0,"",FALSE
"group_L3_96f83872","disease_vs_normal","group",2,"UNK",NA,5,5,1,0,1,"STR:ftd",FALSE
"group_L3_96ff89c5","pathogen_or_aggregate_exposure","group",2,"STR:human immunodeficiency virus 1","Human immunodeficiency virus 1",14,14,0,0,0,"",FALSE
"group_L3_97448ce9","disease_vs_normal","group",2,"MeSH:D005758","Gastritis, Hypertrophic",12,12,1,0,1,"STR:tumor_cells",FALSE
"group_L3_9749ed5e","disease_vs_normal","group",2,"UNK",NA,20,20,16,0,16,"STR:tumor_1|STR:tumor_10|STR:tumor_11|STR:tumor_12|STR:tumor_13",TRUE
"group_L3_9750fce9","disease_vs_normal","group",2,"UNK",NA,8,8,1,0,1,"STR:colorectal_adenocarcinoma",FALSE
"group_L3_97642d02","pathogen_or_aggregate_exposure","group",3,"UNK",NA,15,15,0,0,0,"",FALSE
"group_L3_978376f1","cytokine_stim","group",3,"CHEBI:16994","1-(β-<small>D</small>-galactosyl)-2-(2-hydroxyacyl)sphingosine",18,18,0,2,2,"STR:ifn|STR:ifn_gamma",TRUE
"group_L3_978f84d9","small_molecule","group",2,"CHEBI:31932","Olmesartan medoxomil",28,28,0,0,0,"",FALSE
"group_L3_97aa83a9","small_molecule","group",3,"UNK",NA,46,46,0,4,4,"STR:10um_pmo|STR:50_um_nab739|STR:50_um_nab741|STR:50_um_pmb",TRUE
"group_L3_97acb2ae","small_molecule","group",2,"UNK",NA,19,19,0,2,2,"STR:1_um_ki_ms2_008|STR:10_um_ki_ms2_008",TRUE
"group_L3_97e15428","disease_vs_normal","group",2,"UNK",NA,29,29,0,0,0,"",FALSE
"group_L3_97f4d20b","disease_vs_normal","group",8,"UNK",NA,29,29,5,0,5,"MeSH:D064593|STR:androgen_dependent_ad_human_prostate_cancer_lucap_35_cell_line_xenograft_tumors_in_scid_mice|STR:androgen_sensitivity_pre_cx|STR:castration_recurrent_prostate_cancer_crpc_human_prostate_cancer_lucap_35_cell_line_xenograft_tumors_in_scid_mice|STR:from_prostate_cancer_mouse_cwr22_xenograft",TRUE
"group_L3_980fe1c3","small_molecule","group",4,"UNK",NA,16,16,0,5,5,"CHEBI:31263|STR:a_btla|STR:il_1_beta_st2825|STR:ntd|STR:st2825",TRUE
"group_L3_981b4a56","disease_vs_normal","group",3,"UNK",NA,51,51,1,0,1,"MeSH:D001943",FALSE
"group_L3_98a3c797","disease_vs_normal","group",4,"UNK",NA,13,13,2,0,2,"MeSH:D006519|STR:nafld_disease",TRUE
"group_L3_98b5bd13","disease_vs_normal","group",2,"UNK",NA,12,12,2,0,2,"STR:endometriosis|STR:intramural_myoma",TRUE
"group_L3_98b825ea","disease_vs_normal","group",2,"UNK",NA,6,6,2,0,2,"STR:cd|STR:tubular_adenoma_with_low_grade_dysplasia",TRUE
"group_L3_98b96e98","small_molecule","group",3,"UNK",NA,13,13,0,3,3,"STR:azd|STR:cultured_with_zr58cu25al14ta3|STR:dbz",TRUE
"group_L3_98db4698","small_molecule","group",3,"CHEBI:17139","6-<em>O</em>-sulfo-α-<small>D</small>-Glc-(1→6)-α-<small>D</small>-Glc-(1→6)-α-<small>D</small>-Glc-(1→3)-1-<em>O</em>-alkyl-2-<em>O</em>-acylglycerol",20,20,0,3,3,"CHEBI:16469|STR:17_beta_estradiol_e2|STR:estradiol_fulvestrant",TRUE
"group_L3_98f255a0","disease_vs_normal","group",2,"UNK",NA,3,3,2,0,2,"STR:distal_metastsis|STR:primary_tumor_tissue_fallopian_tube",TRUE
"group_L3_99752736","small_molecule","group",2,"STR:white bean 7s globulin","White Bean 7S globulin",43,43,0,0,0,"",FALSE
"group_L3_99794689","disease_vs_normal","group",2,"STR:c535.480.460.450",NA,25,25,0,0,0,"",FALSE
"group_L3_9a089264","pathogen_or_aggregate_exposure","group",2,"STR:hepatitis c virus","Hepatitis C virus",3,3,0,0,0,"",FALSE
"group_L3_9a13095d","small_molecule","group",12,"UNK",NA,42,42,0,7,7,"STR:50nm_wx390_treated_for_24h|STR:av_aatbc|STR:bms|STR:ceffe|STR:ceffe_osteogenic_induction",TRUE
"group_L3_9a370a5c","small_molecule","group",2,"UNK",NA,8,8,0,4,4,"CHEBI:86193|STR:ci_994_ic50_concentration_for_48hrs|STR:n1|STR:n2",TRUE
"group_L3_9a3a83af","small_molecule","group",2,"CHEBI:17135","long-chain fatty alcohol",7,7,0,2,2,"STR:e2_10nm_treated_for_24h|STR:estrogen_12_hours",TRUE
"group_L3_9a55a32c","disease_vs_normal","group",2,"UNK",NA,137,137,1,0,1,"MeSH:D015179",FALSE
"group_L3_9abde3c7","disease_vs_normal","group",3,"UNK",NA,19,19,1,0,1,"STR:mm",FALSE
"group_L3_9adc8275","small_molecule","group",12,"UNK",NA,119,119,0,3,3,"STR:folfirinox|STR:oml1_r_traeted_olaparib_12um_72hrs|STR:pd_1_blockade",TRUE
"group_L3_9aee2e5e","small_molecule","group",3,"CHEBI:134210","(<i>R</i>)-laudanosine(1+)",11,11,0,9,9,"CHEBI:135945|CHEBI:145365|CHEBI:177833|CHEBI:90531|STR:5_um_abiraterone_acetate",TRUE
"group_L3_9b0a17bd","disease_vs_normal","group",2,"MeSH:D010253","Respirovirus Infections",5,5,1,0,1,"MeSH:D010300",FALSE
"group_L3_9b0d1518","small_molecule","group",2,"CHEBI:5054","Fibrin",3,3,0,2,2,"STR:0_2um_trog|STR:wortmanin",TRUE
"group_L3_9b45c6ed","small_molecule","group",2,"CHEBI:50280","(<i>R</i>)-lavandulyl diphosphate",5,5,0,1,1,"CHEBI:38940",FALSE
"group_L3_9b4fe11c","disease_vs_normal","group",4,"UNK",NA,159,159,3,0,3,"MeSH:D013274|STR:diffuse_type|STR:gastric_cancer_tissue",TRUE
"group_L3_9b8e2a83","small_molecule","group",3,"CHEBI:27388","benzoylacetyl-CoA",26,26,0,1,1,"STR:rna",FALSE
"group_L3_9b9b2f61","disease_vs_normal","group",2,"UNK",NA,7,7,0,0,0,"",FALSE
"group_L3_9bdb0cef","small_molecule","group",2,"UNK",NA,4,4,0,2,2,"CHEBI:17823|STR:gemcitabine_100_nm_plus_torin_1_100_nm",TRUE
"group_L3_9c06d347","disease_vs_normal","group",3,"UNK",NA,8,8,2,0,2,"STR:breast_cancer_primary_derived_xenograft|STR:pdx_patient_derived_cell_line_from_a_liver_metastasis_from_a_primary_pancreas_tumor_transduced_with_a_retrovirus_that_expressed_human_e47",TRUE
"group_L3_9c26fb67","small_molecule","group",4,"CHEBI:17120","hexanoate",6,6,0,1,1,"CHEBI:16412",FALSE
"group_L3_9c2e7365","small_molecule","group",9,"UNK",NA,47,47,0,14,14,"CHEBI:141427|CHEBI:15414|CHEBI:230500|CHEBI:27777|CHEBI:49852",TRUE
"group_L3_9c3bd63b","small_molecule","group",2,"UNK",NA,9,9,0,2,2,"CHEBI:82436|STR:tunica",TRUE
"group_L3_9c3eb67b","disease_vs_normal","group",6,"UNK",NA,25,25,4,0,4,"STR:breast_cancer_cell_line|STR:bt549_triple_negative_breast_cancer_cell_line|STR:human_breast_cancer_cell|STR:meln_invasive_ductal_carcinoma_cell_line",TRUE
"group_L3_9c5aac62","pathogen_or_aggregate_exposure","group",2,"UNK",NA,19,19,0,3,3,"STR:bk_polyomavirus_bkpyv|STR:jc_polyomavirus_jcpyv|STR:with_bkpyv_dunlop_strain",TRUE
"group_L3_9c630ba9","disease_vs_normal","group",2,"UNK",NA,23,23,4,0,4,"STR:caucasian_chronic_rhinosinusitis_with_nasal_polyp|STR:eosinophilic_chronic_rhinosinusitis_with_nasal_polyps|STR:japanese_chronic_rhinosinusitis_with_nasal_polyp|STR:non_eosinophilic_chronic_rhinosinusitis_with_nasal_polyps",TRUE
"group_L3_9c9ef219","disease_vs_normal","group",2,"UNK",NA,302,302,1,0,1,"MeSH:D000544",FALSE
"group_L3_9ccc5aad","disease_vs_normal","group",4,"UNK",NA,9,9,1,0,1,"STR:prostate_cancer_cell_line",FALSE
"group_L3_9ccf2f85","disease_vs_normal","group",2,"UNK",NA,2,2,1,0,1,"STR:nasopharyngeal_carcinoma",FALSE
"group_L3_9d2676ab","small_molecule","group",2,"CHEBI:88517","PS(20:3(8Z,11Z,14Z)/18:0)",4,4,0,0,0,"",FALSE
"group_L3_9d35a438","disease_vs_normal","group",2,"UNK",NA,22,22,2,0,2,"MeSH:D017243|STR:dm1",TRUE
"group_L3_9d36cede","disease_vs_normal","group",2,"UNK",NA,25,25,2,0,2,"MeSH:D015179|STR:colorectal_cancer_stem_cell_spheroids",TRUE
"group_L3_9d774229","small_molecule","group",3,"UNK",NA,8,8,0,3,3,"STR:glup_peptide|STR:redact_co|STR:redact_ns",TRUE
"group_L3_9d84353e","small_molecule","group",2,"CHEBI:17135","long-chain fatty alcohol",11,11,0,4,4,"CHEBI:50114|STR:10_nm_estrogen_for_12hr|STR:estrogen_12_hours|STR:estrogen_4_hours",TRUE
"group_L3_9dbf4c04","disease_vs_normal","group",14,"UNK",NA,101,101,9,0,9,"MeSH:D000077195|MeSH:D007972|MeSH:D009062|MeSH:D017676|STR:apeced_patient",TRUE
"group_L3_9df67964","small_molecule","group",2,"CHEBI:16615","biotin amide",5,5,0,2,2,"STR:1_m_norepinephrine|STR:10_microm_norepinephrine",TRUE
"group_L3_9e029d74","disease_vs_normal","group",2,"UNK",NA,6,6,2,0,2,"STR:adenomyosis|STR:endometriosis_without_surgical_treatment",TRUE
"group_L3_9e4a6ba9","small_molecule","group",2,"STR:secukinumab","Secukinumab",76,76,0,1,1,"STR:secukinumab",FALSE
"group_L3_9e9fbd47","disease_vs_normal","group",3,"UNK",NA,8,8,1,0,1,"MeSH:D010190",FALSE
"group_L3_9ebb05d1","disease_vs_normal","group",2,"MeSH:D003928","Diabetic Nephropathies",2,2,1,0,1,"MeSH:D003928",FALSE
"group_L3_9ec37010","small_molecule","group",2,"UNK",NA,16,16,0,3,3,"STR:mak683|STR:oxy186|STR:oxy210",TRUE
"group_L3_9ecd7070","disease_vs_normal","group",2,"MeSH:D003319","Corneal Stroma",8,8,0,0,0,"",FALSE
"group_L3_9ed18501","small_molecule","group",2,"CHEBI:88257","(8<i>E</i>,10<i>E</i>,12<i>Z</i>)-octadecatrienoyl-containing glycerolipid",3,3,0,0,0,"",FALSE
"group_L3_9eecf6cb","disease_vs_normal","group",2,"UNK",NA,8,8,1,0,1,"STR:traditional_serrated_adenoma_with_low_grade_dysplasia",FALSE
"group_L3_9f0fd3cd","disease_vs_normal","group",2,"UNK",NA,11,11,0,0,0,"",FALSE
"group_L3_9f190302","disease_vs_normal","group",2,"UNK",NA,5,5,1,0,1,"MeSH:D008175",FALSE
"group_L3_9f1bbaf9","small_molecule","group",2,"UNK",NA,17,17,0,1,1,"STR:e2",FALSE
"group_L3_9f4440a1","small_molecule","group",11,"UNK",NA,62,62,0,11,11,"CHEBI:46741|STR:0_5_m_bez_0_5_m_saha|STR:0_5_m_bez_0_m_saha|STR:0_m_bez_0_5_m_saha|STR:1um_cyc065_for_6hr",TRUE
"group_L3_9f75e0bd","disease_vs_normal","group",5,"UNK",NA,18,18,4,0,4,"STR:breast_cancer_cell_line|STR:lung_cancer_patient_derived_xenograft|STR:tumor_xenograft|STR:xenograft_models_of_lung_cancer_cell_line",TRUE
"group_L3_9fbb63c6","pathogen_or_aggregate_exposure","group",2,"UNK",NA,11,11,0,0,0,"",FALSE
"group_L3_9fbf5a5b","disease_vs_normal","group",7,"UNK",NA,505,505,7,0,7,"MeSH:D003093|MeSH:D003424|STR:cd|STR:crohn_s_disease_cd_or_ulcerative_colitis_uc|STR:ibd",TRUE
"group_L3_9fc63cff","disease_vs_normal","group",2,"UNK",NA,2,2,1,0,1,"STR:lung_adenocarcinoma_cell_line",FALSE
"group_L3_9fc8b9e7","small_molecule","group",2,"UNK",NA,18,18,0,2,2,"STR:ch5183284_80_mg_kg|STR:spt",TRUE
"group_L3_9fdede5c","small_molecule","group",3,"CHEBI:136056","(18<i>S</i>)-resolvin E2(1−)",18,18,0,1,1,"STR:infliximab",FALSE
"group_L3_a0151d7b","pathogen_or_aggregate_exposure","group",3,"UNK",NA,8,8,0,2,2,"STR:12_hour_exposure_to_influenza_infected_a549_cells|STR:infected_and_1_month_after_2nd_vaccination_pfizer",TRUE
"group_L3_a042ce26","small_molecule","group",2,"CHEBI:29693","thiostrepton",3,3,0,1,1,"CHEBI:29693",FALSE
"group_L3_a08e7181","disease_vs_normal","group",4,"UNK",NA,34,34,1,0,1,"MeSH:D016403",FALSE
"group_L3_a0d70e29","disease_vs_normal","group",2,"UNK",NA,2,2,2,0,2,"MeSH:D000310|MeSH:D011471",TRUE
"group_L3_a0dbf3e3","cytokine_stim","group",2,"CHEBI:15946","<em>keto</em>-<small>D</small>-fructose 6-phosphate",9,9,0,2,2,"STR:16_hours|STR:il_2",TRUE
"group_L3_a0f5987c","disease_vs_normal","group",2,"UNK",NA,16,16,1,0,1,"MeSH:D009369",FALSE
"group_L3_a1140695","pathogen_or_aggregate_exposure","group",2,"CHEBI:16412","lipopolysaccharide",17,17,0,1,1,"CHEBI:16412",FALSE
"group_L3_a1193ee4","pathogen_or_aggregate_exposure","group",2,"UNK",NA,18,18,0,5,5,"STR:hcov_229e_atcc_vr_740_infected|STR:hrv_16_atcc_vr283_infected|STR:mers_cov_emc_2012_infected|STR:sars_cov_2_omicron_variant_infected|STR:sars_cov_2_wa_01_infected",TRUE
"group_L3_a1232c5a","disease_vs_normal","group",2,"UNK",NA,10,10,2,0,2,"MeSH:D010190|STR:stage_i",TRUE
"group_L3_a13f39af","disease_vs_normal","group",3,"MeSH:D003093","Colitis, Ulcerative",75,75,1,0,1,"STR:active_ulcerative_colitis",FALSE
"group_L3_a17f95f0","pathogen_or_aggregate_exposure","group",2,"UNK",NA,8,8,0,0,0,"",FALSE
"group_L3_a1a3a3ac","small_molecule","group",4,"UNK",NA,57,57,0,4,4,"CHEBI:231661|STR:arac_high|STR:arac_low|STR:cytotoxic_induction_therapy_with_cytarabine_daunorubicin",TRUE
"group_L3_a1c3c6a2","small_molecule","group",2,"CHEBI:134293","phosphatidylethanolamine 18:2 zwitterion",2,2,0,2,2,"STR:1_week_50nm_cfi_400945_treated|STR:24_hours_no_infection_post_remdesivir",TRUE
"group_L3_a1d91f05","small_molecule","group",2,"CHEBI:17126","carnitine",5,5,0,0,0,"",FALSE
"group_L3_a24cd23c","disease_vs_normal","group",2,"UNK",NA,13,13,1,0,1,"STR:osteoarthritis",FALSE
"group_L3_a2c38543","small_molecule","group",16,"UNK",NA,98,98,0,20,20,"CHEBI:68741|CHEBI:68747|HGNC:INTS11|HGNC:PPP1R10|HGNC:WDR82",TRUE
"group_L3_a2e463ff","disease_vs_normal","group",16,"UNK",NA,990,990,10,0,10,"MeSH:D003424|STR:cd|STR:chrohn_s_disease|STR:crohn_s_disease_cd_or_ulcerative_colitis_uc|STR:crohn_s_disease_with_fistule",TRUE
"group_L3_a305b666","disease_vs_normal","group",2,"MeSH:D005754",NA,11,11,1,0,1,"STR:tumor_cells",FALSE
"group_L3_a3132d48","pathogen_or_aggregate_exposure","group",4,"UNK",NA,77,77,0,0,0,"",FALSE
"group_L3_a3134bf4","small_molecule","group",2,"MeSH:D005839","Gentamicins",4,4,0,0,0,"",FALSE
"group_L3_a338e8dc","small_molecule","group",2,"CHEBI:16330","17β-hydroxy-5α-androstan-3-one",4,4,0,1,1,"HGNC:AR",FALSE
"group_L3_a34685bc","small_molecule","group",2,"CHEBI:4031","cyclosporin A",25,25,0,0,0,"",FALSE
"group_L3_a3b460b2","small_molecule","group",2,"CHEBI:136417","<em>S</em>-(chloromethyl)glutathione",6,6,0,1,1,"STR:infliximab",FALSE
"group_L3_a3d38203","disease_vs_normal","group",2,"UNK",NA,5,5,1,0,1,"STR:schizophrenia_sz",FALSE
"group_L3_a3db646f","small_molecule","group",2,"CHEBI:72317","cabozantinib",2,2,0,1,1,"CHEBI:72317",FALSE
"group_L3_a3ee688a","disease_vs_normal","group",3,"UNK",NA,26,26,2,0,2,"STR:adenocarcinoma|STR:uc",TRUE
"group_L3_a41f0389","pathogen_or_aggregate_exposure","group",3,"UNK",NA,8,8,0,0,0,"",FALSE
"group_L3_a431fa56","small_molecule","group",3,"CHEBI:50924","sorafenib",5,5,0,2,2,"CHEBI:50924|STR:sorafenib_10_m",TRUE
"group_L3_a482c050","small_molecule","group",4,"MeSH:D006835","Hydrazones",41,41,0,0,0,"",FALSE
"group_L3_a4b7cf51","cytokine_stim","group",3,"CHEBI:16994","1-(β-<small>D</small>-galactosyl)-2-(2-hydroxyacyl)sphingosine",10,10,0,3,3,"STR:ifn|STR:ifng|STR:rna",TRUE
"group_L3_a4fc87c3","pathogen_or_aggregate_exposure","group",7,"UNK",NA,118,118,0,0,0,"",FALSE
"group_L3_a507f405","small_molecule","group",6,"UNK",NA,10,10,0,6,6,"STR:100nm_erianin_treatment|STR:2dg|STR:30nm_ym_254890_and_10nm_trametinib|STR:ac_rbc_pi_plc_a2_protein|STR:cccp_dha",TRUE
"group_L3_a518f9fd","small_molecule","group",2,"CHEBI:15647","leukotriene B<small><sub>4</sub></small>",7,7,0,1,1,"CHEBI:15647",FALSE
"group_L3_a51c7cbc","disease_vs_normal","group",3,"UNK",NA,4,4,1,0,1,"STR:crpc_metastasis",FALSE
"group_L3_a52cb131","disease_vs_normal","group",4,"UNK",NA,91,91,2,0,2,"STR:hfref|STR:nf",TRUE
"group_L3_a55a793a","small_molecule","group",4,"UNK",NA,22,22,0,1,1,"STR:e2",FALSE
"group_L3_a5f04b3c","small_molecule","group",2,"CHEBI:379896","17β-hydroxy-17-methylestra-4,9,11-trien-3-one",6,6,0,2,2,"STR:1_nm_r1881|STR:r1881_10_nm",TRUE
"group_L3_a611e12d","disease_vs_normal","group",3,"UNK",NA,10,10,3,0,3,"STR:flow_sorted_human_klm1_cells_from_orthotopic_panreatic_tumors_in_nsg_mice|STR:pancreatic_adenocarcinoma_mouse_xenograft|STR:sw1990",TRUE
"group_L3_a6448b9f","pathogen_or_aggregate_exposure","group",2,"UNK",NA,11,11,0,2,2,"STR:hlya_positive_e_coli_536|STR:infected",TRUE
"group_L3_a64a1db1","cytokine_stim","group",4,"MeSH:D015847","Interleukin-4",11,11,0,3,3,"STR:il_4|STR:il_4_treated_macrophages_m2a_polarized|STR:il4",TRUE
"group_L3_a658de7d","small_molecule","group",2,"CHEBI:3202","Buchananine",5,5,0,1,1,"STR:oligomycina_1um",FALSE
"group_L3_a663a02e","disease_vs_normal","group",8,"MeSH:D006559","Pemphigoid Gestationis",10,10,2,0,2,"MeSH:D006528|STR:sgintc",TRUE
"group_L3_a67b5b3b","small_molecule","group",8,"MeSH:D000988","Antispermatogenic Agents",22,22,0,0,0,"",FALSE
"group_L3_a7012d55","small_molecule","group",2,"CHEBI:79685","3-Methoxy-19-norpregna-1,3,5(10)-trien-20-one",4,4,0,0,0,"",FALSE
"group_L3_a7162731","disease_vs_normal","group",3,"UNK",NA,34,34,9,0,9,"STR:a_few_atypical_glands_and_adjacent_hyperplastic_mucosa_insufficient_for_diagnosis_colon_cancer|STR:early_onset_colorectal_cancer|STR:hyperplastic_polyp|STR:tubular_adenoma_in_the_background_of_hyperplastic_polyp_with_low_grade_dysplasia|STR:tubular_adenoma_with_1_focal_high_grade_dysplasia_2_low_grade_dysplasia",TRUE
"group_L3_a7430e37","small_molecule","group",3,"CHEBI:28748","doxorubicin",8,8,0,2,2,"CHEBI:28748|STR:dox",TRUE
"group_L3_a76ad687","disease_vs_normal","group",6,"UNK",NA,27,27,4,0,4,"STR:case_group|STR:ccrcc|STR:rcc|STR:renal_cell_carcinoma_cell_line",TRUE
"group_L3_a76fcfb9","pathogen_or_aggregate_exposure","group",2,"UNK",NA,70,70,0,1,1,"CHEBI:73823",FALSE
"group_L3_a77acf7a","small_molecule","group",4,"UNK",NA,9,9,0,4,4,"STR:10um_platycodon_d_treatment_for_48h|STR:glup_peptide|STR:mnng_incubated_cells|STR:shap",TRUE
"group_L3_a794b94f","small_molecule","group",2,"CHEBI:28748","doxorubicin",4,4,0,2,2,"STR:ntc|STR:treated_with_2_g_ml_dox_sigma_for_24_h",TRUE
"group_L3_a79d2388","small_molecule","group",2,"CHEBI:17120","hexanoate",3,3,0,1,1,"STR:after_rpmi_for_24_hrs",FALSE
"group_L3_a7bb4049","disease_vs_normal","group",59,"UNK",NA,574,574,46,0,46,"MeSH:D001943|MeSH:D006528|MeSH:D009369|STR:a|STR:atroblastomas",TRUE
"group_L3_a7bed298","small_molecule","group",2,"UNK",NA,20,20,0,1,1,"STR:epc",FALSE
"group_L3_a7d4559d","disease_vs_normal","group",5,"UNK",NA,13,13,4,0,4,"STR:adenocarcinoma|STR:breastcarcinoma|STR:epithelial_breast_cancer_cell_line_derived_from_metasatic_pleural_effusion|STR:triple_negative_breast_carcinoma_from_pleural_effusion",TRUE
"group_L3_a800dad4","small_molecule","group",5,"CHEBI:17120","hexanoate",51,51,0,3,3,"CHEBI:16412|STR:lps_100_ng_ml|STR:stimulated_with_lps_for_8h",TRUE
"group_L3_a807681b","small_molecule","group",2,"CHEBI:75599","EC 6.3.2.2 (glutamate—cysteine ligase) inhibitor",20,20,0,0,0,"",FALSE
"group_L3_a8ad0d92","small_molecule","group",4,"UNK",NA,10,10,0,6,6,"STR:100nm_ca|STR:jps004_10microm|STR:jps014_10microm|STR:jps026_5microm|STR:jps027_5microm",TRUE
"group_L3_a8e2f02a","disease_vs_normal","group",2,"UNK",NA,4,4,2,0,2,"STR:cervical_adenocarcinoma_organoids_early_passage|STR:cervix_epithela",TRUE
"group_L3_a8e5cb98","disease_vs_normal","group",3,"UNK",NA,10,10,1,0,1,"STR:breast_cancer_cell_line",FALSE
"group_L3_a900d3af","disease_vs_normal","group",35,"UNK",NA,644,644,22,0,22,"MeSH:D013274|STR:diffuse|STR:gastric_adenocarcinoma|STR:gastric_cancer_stem_cell|STR:gastric_cancer_tissue",TRUE
"group_L3_a94cf155","disease_vs_normal","group",9,"UNK",NA,22,22,1,0,1,"STR:hypoxia",FALSE
"group_L3_a9665af6","small_molecule","group",3,"UNK",NA,72,72,0,5,5,"STR:75_um_ho53_24h|STR:75_um_ho53_4h|STR:75_um_ho53_8h|STR:hg_tcdd_0_5um_2nm_for_3_weeks|STR:hg_tcdd_2_5um_10nm_for_3_weeks",TRUE
"group_L3_a99a1a4d","small_molecule","group",2,"CHEBI:134223","2-amino-6-(1-hydroxypropyl)-8-methylpteridine-4,7(3<em>H</em>,8<em>H</em>)-dione",3,3,0,2,2,"CHEBI:137113|STR:10_um_3_bromoascochlorin_bas",TRUE
"group_L3_a9a854b6","small_molecule","group",2,"STR:cetuximab","Cetuximab",3,3,0,0,0,"",FALSE
"group_L3_a9a9ac5c","small_molecule","group",2,"CHEBI:2549","albuterol",14,14,0,1,1,"CHEBI:2549",FALSE
"group_L3_a9b89f96","small_molecule","group",2,"CHEBI:50709","<small>D</small>-homomethionine",2,2,0,0,0,"",FALSE
"group_L3_aa290e84","small_molecule","group",2,"STR:transforming growth factor beta","Transforming growth factor beta",4,4,0,1,1,"STR:2_fbs",FALSE
"group_L3_aa452572","small_molecule","group",2,"CHEBI:134213","(<i>S</i>)-1,2,9,10-tetramethoxy-6-methylaporphine(1+)",5,5,0,4,4,"CHEBI:61397|STR:enmd2076|STR:laq824|STR:obatoclax_mesylate",TRUE
"group_L3_aa7da132","small_molecule","group",2,"CHEBI:16991","deoxyribonucleic acid",2,2,0,2,2,"STR:egf_treated|STR:il_4_tcdd",TRUE
"group_L3_aac4bae4","small_molecule","group",2,"UNK",NA,4,4,0,2,2,"STR:1um_snx_5422_treated|STR:optate_for_48_hrs",TRUE
"group_L3_ab6f5df8","disease_vs_normal","group",13,"UNK",NA,29,29,6,0,6,"STR:bladder_cancer_cell_um_uc_3|STR:bladder_carcinoma_cell_line|STR:human_bladder_cancer_cell_line_j82|STR:human_bladder_cancer_cell_line_t24|STR:j82_bladder_cancer_cell",TRUE
"group_L3_ab889585","small_molecule","group",2,"STR:infliximab","infliximab",31,31,0,1,1,"STR:infliximab",FALSE
"group_L3_ab9a9c84","small_molecule","group",2,"UNK",NA,13,13,0,5,5,"STR:4su|STR:cep|STR:cep_4su|STR:fac|STR:oleic_acid_fac",TRUE
"group_L3_abba02c0","disease_vs_normal","group",3,"UNK",NA,38,38,3,0,3,"STR:lupus|STR:psle|STR:psoriasis",TRUE
"group_L3_abcca3b4","small_molecule","group",10,"UNK",NA,43,43,0,8,8,"STR:1_8_nm_ispenisib|STR:40_nm_ana_12|STR:50_nm_ro4929097|STR:l_alanosine_ala|STR:mi3",TRUE
"group_L3_abdc3435","small_molecule","group",12,"UNK",NA,105,105,0,13,13,"CHEBI:138856|CHEBI:30413|HGNC:MTARC1|STR:3c_in_serum_free_hepatocyte_maintenance_medium_lonza_for_16_days|STR:bsa_ethanol",TRUE
"group_L3_abf4ffe8","small_molecule","group",2,"CHEBI:91435","linifanib",6,6,0,1,1,"CHEBI:91435",FALSE
"group_L3_ac123f86","disease_vs_normal","group",9,"UNK",NA,14,14,4,0,4,"MeSH:D000077195|STR:head_and_neck_squamous_cell_carcinoma_cells|STR:head_neck_cancer_um_scc_1_stable_cells|STR:hpv_head_and_neck_cancer_cell_line",TRUE
"group_L3_ac289cb1","cytokine_stim","group",2,"UNK",NA,11,11,0,2,2,"STR:fgf2_wnt3a|STR:tnfaltab",TRUE
"group_L3_ac2c8d84","disease_vs_normal","group",2,"UNK",NA,4,4,0,0,0,"",FALSE
"group_L3_acf50bec","small_molecule","group",2,"CHEBI:134203","<em>P</em>-{α-<small>D</small>-Glc<em>p</em>NAc-(1→3)-[<small>D</small>-GroA-(2→1)]-α-<small>D</small>-Glc<em>p</em>NAc-6-yl}-α-<small>D</small>-Glc<em>p</em>NAc-(1→3)-[<small>D</small>-GroA-(2→1)]-α-<small>D</small>-Glc<em>p</em>NAc-<em>P</em>-6-[CH<small><sub>2</sub></small>]<small><sub>5</sub></small>NHC(=O)[CH<small><sub>2</sub></small>]<small><sub>4</sub></small>C(=O)NHR group",2,2,0,1,1,"STR:1um_ipatasertib",FALSE
"group_L3_acf67124","small_molecule","group",2,"CHEBI:4911","etoposide",8,8,0,3,3,"CHEBI:4911|STR:treated_with_10_um_etoposide_for_24_hours|STR:treated_with_40_um_etoposide_for_24_hours",TRUE
"group_L3_ad4b8bb4","disease_vs_normal","group",2,"UNK",NA,14,14,1,0,1,"MeSH:D010190",FALSE
"group_L3_ad6ceaf8","disease_vs_normal","group",2,"UNK",NA,5,5,0,0,0,"",FALSE
"group_L3_adde3111","disease_vs_normal","group",9,"UNK",NA,91,91,1,0,1,"STR:t98g_human_glioblastoma_cancer_cell_line",FALSE
"group_L3_adfab84d","disease_vs_normal","group",2,"UNK",NA,9,9,0,0,0,"",FALSE
"group_L3_ae6eee8a","pathogen_or_aggregate_exposure","group",2,"UNK",NA,5,5,0,2,2,"STR:kshv_infected_gfp_sh_sy5y|STR:kshv_infected_rfp_gfp_sh_sy5y",TRUE
"group_L3_ae75e3c3","disease_vs_normal","group",5,"UNK",NA,46,46,2,0,2,"STR:head_and_neck_squamous_cell_carcinoma_cells|STR:human_head_and_neck_squamous_cell_carcinoma",TRUE
"group_L3_ae855cd7","disease_vs_normal","group",2,"UNK",NA,11,11,4,0,4,"STR:biliary_atresia|STR:group1|STR:group2|STR:group3",TRUE
"group_L3_aeb8bcfe","small_molecule","group",2,"UNK",NA,2,2,0,1,1,"STR:c3d8",FALSE
"group_L3_aed68247","small_molecule","group",2,"CHEBI:88507","PS(20:3(8Z,11Z,14Z)/16:0)",4,4,0,1,1,"CHEBI:72317",FALSE
"group_L3_aef18e67","small_molecule","group",2,"UNK",NA,10,10,0,3,3,"CHEBI:232521|STR:1_mm_nabu|STR:10_mm_napr",TRUE
"group_L3_af118746","small_molecule","group",2,"CHEBI:134203","<em>P</em>-{α-<small>D</small>-Glc<em>p</em>NAc-(1→3)-[<small>D</small>-GroA-(2→1)]-α-<small>D</small>-Glc<em>p</em>NAc-6-yl}-α-<small>D</small>-Glc<em>p</em>NAc-(1→3)-[<small>D</small>-GroA-(2→1)]-α-<small>D</small>-Glc<em>p</em>NAc-<em>P</em>-6-[CH<small><sub>2</sub></small>]<small><sub>5</sub></small>NHC(=O)[CH<small><sub>2</sub></small>]<small><sub>4</sub></small>C(=O)NHR group",3,3,0,1,1,"STR:sar405838",FALSE
"group_L3_af1b2076","cytokine_stim","group",2,"HGNC:6015","IL4R",5,5,0,0,0,"",FALSE
"group_L3_af1fcc5c","small_molecule","group",2,"MeSH:D004202","Disinfectants",6,6,0,0,0,"",FALSE
"group_L3_af2ecfab","small_molecule","group",2,"CHEBI:17952","flavonol 3-<em>O</em>-[α-<small>L</small>-rhamnosyl-(1→6)-β-<small>D</small>-glucoside]s",34,34,0,0,0,"",FALSE
"group_L3_af55fc6d","small_molecule","group",4,"UNK",NA,10,10,0,2,2,"STR:60_microm_f_53b|STR:rspibf1",TRUE
"group_L3_af6f6dac","disease_vs_normal","group",7,"UNK",NA,46,46,4,0,4,"MeSH:D055752|STR:breast_cancer_primary_derived_xenograft|STR:lung_cancer_patient_derived_xenograft|STR:pdx2_kras_mut_lung_adenocarcinoma",TRUE
"group_L3_af729865","pathogen_or_aggregate_exposure","group",2,"STR:malaria","Malaria",74,74,0,0,0,"",FALSE
"group_L3_af778ebe","small_molecule","group",5,"UNK",NA,26,26,0,1,1,"CHEBI:167629",FALSE
"group_L3_af7e2c93","disease_vs_normal","group",32,"UNK",NA,482,482,27,0,27,"MeSH:D000093284|MeSH:D001749|MeSH:D009369|STR:bladder_cancer_tissue|STR:bladder_cancer_tissues",TRUE
"group_L3_afd53982","pathogen_or_aggregate_exposure","group",2,"UNK",NA,8,8,0,2,2,"STR:l2_deltactl0480_infected|STR:l2_wild_type_infected",TRUE
"group_L3_afebe35d","disease_vs_normal","group",3,"UNK",NA,39,39,0,0,0,"",FALSE
"group_L3_afedd038","small_molecule","group",2,"CHEBI:75929","<small>D</small>-cycloserine(1+)",3,3,0,2,2,"STR:1_m_jq1|STR:jq1_500_nm",TRUE
"group_L3_b02c72f3","small_molecule","group",45,"UNK",NA,237,237,0,75,75,"CHEBI:124921|CHEBI:125628|CHEBI:137113|CHEBI:145365|CHEBI:232613",TRUE
"group_L3_b04c5beb","disease_vs_normal","group",8,"UNK",NA,141,141,4,0,4,"STR:acute_myeloid_leukemia_aml|STR:aml|STR:mm|STR:tumoral_biospecimen",TRUE
"group_L3_b0908e71","small_molecule","group",2,"CHEBI:4031","cyclosporin A",19,19,0,1,1,"CHEBI:4031",FALSE
"group_L3_b0a6aa58","disease_vs_normal","group",2,"UNK",NA,36,36,4,0,4,"STR:aa|STR:ana|STR:asthmatic|STR:nana",TRUE
"group_L3_b0cbb097","small_molecule","group",7,"UNK",NA,38,38,0,7,7,"STR:dnmt_hdac_inhibition|STR:mrtx1133_100nm_24h|STR:mrtx1133_100nm_3h|STR:nivo_spdl_2_for_6h|STR:treated_1_0um_pg",TRUE
"group_L3_b0e1cbf2","small_molecule","group",2,"UNK",NA,5,5,0,2,2,"STR:cldn1_mab|STR:with_wnt",TRUE
"group_L3_b132dd9c","disease_vs_normal","group",2,"MeSH:D009148",NA,2,2,0,0,0,"",FALSE
"group_L3_b175f57a","small_molecule","group",6,"CHEBI:85993","palbociclib",13,13,0,3,3,"CHEBI:85993|STR:palbocicilib_indisulam|STR:palbociclib_fulvestrant_opg_fc",TRUE
"group_L3_b1866d2c","pathogen_or_aggregate_exposure","group",2,"UNK",NA,19,19,0,0,0,"",FALSE
"group_L3_b1b9c157","disease_vs_normal","group",3,"UNK",NA,5,5,2,0,2,"STR:germ_cell_tumor_seminoma|STR:non_seminoma_germ_cell_tumor_embryonal_carcinoma",TRUE
"group_L3_b1eff3f7","disease_vs_normal","group",6,"UNK",NA,35,35,3,0,3,"MeSH:D006528|STR:chronic_lymphocytic_leukemia_cll|STR:scle",TRUE
"group_L3_b22d6d23","disease_vs_normal","group",2,"MeSH:D004027","Diencephalon",4,4,2,0,2,"STR:human_bone_marrow_chronic_myelogenous_leukemia|STR:lymphoblast_cells_isolated_from_the_bone_marrow_of_a_53_year_old_chronic_myelogenous_leukemia_patient",TRUE
"group_L3_b233fd22","disease_vs_normal","group",7,"MeSH:D008556","Melkersson-Rosenthal Syndrome",26,26,1,0,1,"STR:melanoma_cancer_cells",FALSE
"group_L3_b265fb88","disease_vs_normal","group",16,"UNK",NA,53,53,8,0,8,"MeSH:D013274|STR:disease|STR:gastric_cancer_cell|STR:gastric_cancer_mgc803_cellline|STR:gastric_carcinoma",TRUE
"group_L3_b2a67cbb","disease_vs_normal","group",2,"UNK",NA,6,6,1,0,1,"STR:renal_cell_carcinoma_cell_line",FALSE
"group_L3_b2b74abe","small_molecule","group",2,"CHEBI:34884","naphthyl-2-methyl-succinyl-CoA",6,6,0,1,1,"STR:500_nm_cisplatin",FALSE
"group_L3_b2f425b8","small_molecule","group",2,"CHEBI:17139","6-<em>O</em>-sulfo-α-<small>D</small>-Glc-(1→6)-α-<small>D</small>-Glc-(1→6)-α-<small>D</small>-Glc-(1→3)-1-<em>O</em>-alkyl-2-<em>O</em>-acylglycerol",6,6,0,2,2,"STR:10_nm_dihydrotestosterone_dht_for_24_hours|STR:rna",TRUE
"group_L3_b322f49c","pathogen_or_aggregate_exposure","group",2,"MeSH:D061986","MCF-7 Cells",11,11,0,1,1,"STR:stimulated_16_hours_with_mcf7_tumors",FALSE
"group_L3_b3460862","small_molecule","group",25,"UNK",NA,217,217,0,54,54,"CHEBI:232752|STR:1_um_a939372_for_48h|STR:100ng_peptide|STR:10ng_peptide|STR:1ng_peptide",TRUE
"group_L3_b36ea0ad","small_molecule","group",2,"CHEBI:27666","actinomycin D",4,4,0,2,2,"HGNC:IGF2BP2|HGNC:UPF1",TRUE
"group_L3_b37d08eb","cytokine_stim","group",2,"CHEBI:17100","<small>L</small>-arabinono-1,4-lactone",2,2,0,1,1,"STR:cxcl4",FALSE
"group_L3_b3966217","small_molecule","group",2,"CHEBI:50924","sorafenib",3,3,0,0,0,"",FALSE
"group_L3_b42bb13b","small_molecule","group",2,"UNK",NA,20,20,0,1,1,"CHEBI:58972",FALSE
"group_L3_b45493ca","disease_vs_normal","group",2,"UNK",NA,2,2,0,0,0,"",FALSE
"group_L3_b47d6429","small_molecule","group",2,"CHEBI:134200","α-<small>D</small>-Glc<em>p</em>NAc-(1→3)-[<em>P</em>-6-[CH<small><sub>2</sub></small>]<small><sub>5</sub></small>NH<small><sub>2</sub></small>]-α-<small>D</small>-Glc<em>p</em>NAc-(1→2)-<small>D</small>-GroA",18,18,0,5,5,"CHEBI:91435|STR:2|STR:bpap|STR:d_8|STR:dcdps",TRUE
"group_L3_b484e4ad","small_molecule","group",2,"UNK",NA,4,4,0,3,3,"CHEBI:18406|STR:either_sp_and_retinoic_acid_for_6hrs|STR:tpl_and_retinoic_acid_for_6hrs",TRUE
"group_L3_b49bbbb5","small_molecule","group",3,"CHEBI:17126","carnitine",8,8,0,4,4,"CHEBI:16412|STR:lps_ifng_tnf_adalimumab|STR:lps_ifng_tnf_etanercept|STR:lps_ifng_tnf_igg",TRUE
"group_L3_b4a7a2d3","small_molecule","group",2,"CHEBI:23965","estradiol",2,2,0,0,0,"",FALSE
"group_L3_b4c61183","small_molecule","group",2,"CHEBI:16579","anisole",15,15,0,2,2,"STR:1|STR:1alpha",TRUE
"group_L3_b4d83f20","small_molecule","group",3,"CHEBI:31638","fulvestrant",5,5,0,1,1,"CHEBI:31638",FALSE
"group_L3_b4e8c0cb","disease_vs_normal","group",3,"UNK",NA,11,11,0,0,0,"",FALSE
"group_L3_b53e775e","small_molecule","group",4,"UNK",NA,23,23,0,7,7,"CHEBI:145365|CHEBI:40629|CHEBI:67271|STR:e64fc65|STR:ku70_mu",TRUE
"group_L3_b5439bd9","small_molecule","group",2,"UNK",NA,12,12,0,11,11,"STR:t0619458t1r2|STR:t0621467t1r2|STR:t0622907t1r2|STR:t0623305t1r2|STR:t0623901t1r3",TRUE
"group_L3_b57c2f64","small_molecule","group",2,"CHEBI:16213","coformycin",4,4,0,2,2,"STR:mg132_4h|STR:when_mda_mb_231_cells_were_released_from_g1_s_phase",TRUE
"group_L3_b59d18f4","small_molecule","group",2,"CHEBI:68340","β-(4-hydroxyphenyl)ethyl-4-<em>O</em>-<i>E</i>-caffeoyl-<em>O</em>-[β-<small>D</small>-apiofuranosyl-(1→2)]-β-<small>D</small>-glucopyranoside",4,4,0,1,1,"STR:10_nm_fulvestrant_for_6_hours",FALSE
"group_L3_b6152b47","disease_vs_normal","group",19,"UNK",NA,518,518,19,0,19,"MeSH:D003922|STR:acute|STR:acute_myeloid_leukemia_aml|STR:ards|STR:ards_bmt",TRUE
"group_L3_b639a6af","small_molecule","group",8,"CHEBI:123456","N-ethyl-2-[(2R,3R,6S)-3-[(4-fluorophenyl)sulfonylamino]-2-(hydroxymethyl)-3,6-dihydro-2H-pyran-6-yl]acetamide",38,38,0,12,12,"CHEBI:229222|STR:2_m_osimertinib_9d|STR:500nm_entrectinib|STR:adagrasib_100mpk_24h|STR:adagrasib_100mpk_48h",TRUE
"group_L3_b666af3b","disease_vs_normal","group",3,"MeSH:D000937","Antigen-Antibody Reactions",3,3,1,0,1,"MeSH:D015470",FALSE
"group_L3_b66bc794","pathogen_or_aggregate_exposure","group",4,"UNK",NA,45,45,0,0,0,"",FALSE
"group_L3_b6993ed3","disease_vs_normal","group",4,"UNK",NA,22,22,0,0,0,"",FALSE
"group_L3_b6cb4679","disease_vs_normal","group",2,"UNK",NA,39,39,3,0,3,"STR:parkinson_s_disease|STR:psychosis_bipolar|STR:psychosis_schizophrenia",TRUE
"group_L3_b6fe7205","small_molecule","group",2,"CHEBI:88237","CDP-3,6-dideoxy-α-<small>D</small>-mannose",3,3,0,1,1,"CHEBI:61390",FALSE
"group_L3_b71515c4","small_molecule","group",2,"UNK",NA,18,18,0,4,4,"STR:bi00923406|STR:c1|STR:c2|STR:c3",TRUE
"group_L3_b7bc9abe","small_molecule","group",3,"UNK",NA,12,12,0,7,7,"STR:125nm_sd6_at_0_hr|STR:125nm_sd6_at_2_hr|STR:125nm_sd6_at_24_hr|STR:125nm_sd6_at_6_hr|STR:24h_pma",TRUE
"group_L3_b7da8ca1","pathogen_or_aggregate_exposure","group",2,"STR:human immunodeficiency virus","Human immunodeficiency virus",31,31,0,0,0,"",FALSE
"group_L3_b80dc86d","disease_vs_normal","group",4,"UNK",NA,12,12,2,0,2,"MeSH:D001932|STR:ependymoma",TRUE
"group_L3_b8655042","disease_vs_normal","group",2,"MeSH:D006559","Pemphigoid Gestationis",2,2,0,0,0,"",FALSE
"group_L3_b885e95a","small_molecule","group",2,"UNK",NA,40,40,0,1,1,"STR:10_ng_ml_pdgf_with_1_mol_l_mre_269",FALSE
"group_L3_b8c36e6e","small_molecule","group",3,"CHEBI:17105","4-maleylacetoacetate",10,10,0,3,3,"STR:5_dihydrotestosterone_100nm_4hr|STR:androgen_induction|STR:rna",TRUE
"group_L3_b8eed7e5","disease_vs_normal","group",2,"UNK",NA,7,7,1,0,1,"STR:ip_tumor_tissue",FALSE
"group_L3_b90ac238","disease_vs_normal","group",7,"UNK",NA,50,50,6,0,6,"MeSH:D010190|STR:pancreatic_adenocarcinoma_cells|STR:patient_derived_pancreatic_cancer_cells|STR:patient_derived_pdac|STR:primary_pancreatic_ductal_adenocarcinoma_cell_line",TRUE
"group_L3_b91545e4","disease_vs_normal","group",2,"UNK",NA,7,7,2,0,2,"MeSH:D064726|STR:hnscc_patient",TRUE
"group_L3_b918a30b","small_molecule","group",4,"UNK",NA,14,14,0,9,9,"CHEBI:233643|STR:1000um_ct913|STR:40um_ct913_m1|STR:diethylstilbestrol_10_10_m|STR:diethylstilbestrol_10_6_m",TRUE
"group_L3_b9308a68","small_molecule","group",2,"CHEBI:50105","TNP-ATP<small><sup>5−</small></sup>",20,20,0,0,0,"",FALSE
"group_L3_b9765467","small_molecule","group",2,"CHEBI:17139","6-<em>O</em>-sulfo-α-<small>D</small>-Glc-(1→6)-α-<small>D</small>-Glc-(1→6)-α-<small>D</small>-Glc-(1→3)-1-<em>O</em>-alkyl-2-<em>O</em>-acylglycerol",6,6,0,2,2,"CHEBI:16469|CHEBI:23965",TRUE
"group_L3_b9905735","small_molecule","group",3,"UNK",NA,16,16,0,2,2,"CHEBI:3498|STR:chemo",TRUE
"group_L3_b9c90fa3","disease_vs_normal","group",2,"MeSH:D010230","Paracoccus",4,4,0,0,0,"",FALSE
"group_L3_b9d4c3f7","disease_vs_normal","group",62,"UNK",NA,851,851,39,0,39,"MeSH:D000072657|MeSH:D003424|MeSH:D006435|MeSH:D006528|MeSH:D008180",TRUE
"group_L3_b9e96ffe","small_molecule","group",2,"CHEBI:16991","deoxyribonucleic acid",5,5,0,1,1,"STR:rna",FALSE
"group_L3_b9ec8b09","disease_vs_normal","group",2,"UNK",NA,16,16,0,0,0,"",FALSE
"group_L3_ba01f937","pathogen_or_aggregate_exposure","group",7,"UNK",NA,259,259,0,0,0,"",FALSE
"group_L3_ba11dc38","pathogen_or_aggregate_exposure","group",2,"MeSH:D006678","HIV",5,5,0,0,0,"",FALSE
"group_L3_ba1dcda0","disease_vs_normal","group",4,"UNK",NA,22,22,2,0,2,"STR:affected|STR:hutington_s_disease_patient",TRUE
"group_L3_ba1f3bec","disease_vs_normal","group",6,"UNK",NA,26,26,1,0,1,"STR:kms12",FALSE
"group_L3_ba431899","disease_vs_normal","group",2,"MeSH:D003149","Community Dentistry",3,3,0,0,0,"",FALSE
"group_L3_ba48d9c6","cytokine_stim","group",2,"STR:transforming growth factor alpha","Transforming growth factor alpha",16,16,0,6,6,"STR:120_mins_post_stimulation_with_tgf_alpha|STR:15_mins_post_stimulation_with_tgf_alpha|STR:30_mins_post_stimulation_with_tgf_alpha|STR:60_mins_post_stimulation_with_tgf_alpha|STR:90_mins_post_stimulation_with_tgf_alpha",TRUE
"group_L3_baae3d7b","pathogen_or_aggregate_exposure","group",3,"UNK",NA,23,23,0,1,1,"STR:6_months_after_infection",FALSE
"group_L3_bab14628","disease_vs_normal","group",3,"UNK",NA,5,5,3,0,3,"STR:human_lung_tumor|STR:lung|STR:lung_adenocarcarcinoma",TRUE
"group_L3_bac3d03c","small_molecule","group",2,"CHEBI:23948","<i>erythro</i>-3-methylmalic acid",2,2,0,2,2,"STR:1um_retinoic_acid|STR:retinoic_acid_final_conc_30_m",TRUE
"group_L3_baf73537","pathogen_or_aggregate_exposure","group",2,"STR:human immunodeficiency virus 1","Human immunodeficiency virus 1",5,5,0,0,0,"",FALSE
"group_L3_bb0de1cc","disease_vs_normal","group",2,"UNK",NA,178,178,3,0,3,"STR:ild_pss|STR:non_ild_pss|STR:pss",TRUE
"group_L3_bb431d23","small_molecule","group",2,"CHEBI:6801","metformin",60,60,0,1,1,"CHEBI:6801",FALSE
"group_L3_bb7f9112","small_molecule","group",2,"UNK",NA,9,9,0,0,0,"",FALSE
"group_L3_bb83b809","small_molecule","group",2,"UNK",NA,55,55,0,2,2,"CHEBI:59043|STR:antagomir_5x",TRUE
"group_L3_bb83be99","small_molecule","group",2,"UNK",NA,16,16,0,5,5,"CHEBI:231674|CHEBI:26523|STR:ato|STR:flu|STR:sim",TRUE
"group_L3_bba8e467","disease_vs_normal","group",4,"UNK",NA,18,18,2,0,2,"MeSH:D000077192|STR:lung_adenocarcinoma_cell_line",TRUE
"group_L3_bbd9ce1b","disease_vs_normal","group",2,"UNK",NA,7,7,0,0,0,"",FALSE
"group_L3_bbda236a","small_molecule","group",2,"MeSH:D000997","Antivenins",3,3,0,1,1,"STR:rna",FALSE
"group_L3_bbf96b87","small_molecule","group",2,"UNK",NA,17,17,0,3,3,"STR:arm165_treated|STR:az2_treated|STR:decitabine_simvastatin",TRUE
"group_L3_bc8e1da8","disease_vs_normal","group",11,"UNK",NA,52,52,6,0,6,"STR:melanoma|STR:melanoma_metastatic_tumor|STR:melanoma_primary_tumor|STR:melanoma_tumor|STR:metastatic_melanoma",TRUE
"group_L3_bc996fec","pathogen_or_aggregate_exposure","group",3,"STR:tuberculosis","Tuberculosis",51,51,0,0,0,"",FALSE
"group_L3_bcacd1ca","disease_vs_normal","group",2,"UNK",NA,12,12,3,0,3,"STR:ccoc|STR:enoc|STR:tumor_sample",TRUE
"group_L3_bcf8126c","small_molecule","group",2,"CHEBI:61727","2-decenal",39,39,0,5,5,"CHEBI:229222|STR:2|STR:4|STR:bpaf|STR:bpap",TRUE
"group_L3_bcfa1aba","disease_vs_normal","group",2,"MeSH:D011271","Pregnancy, Ectopic",8,8,1,0,1,"MeSH:D011471",FALSE
"group_L3_bd1e79ea","disease_vs_normal","group",37,"UNK",NA,141,141,14,0,14,"MeSH:D000077216|MeSH:D010051|STR:adenocarcinoma|STR:ev_skov3|STR:grade_3",TRUE
"group_L3_bd20655b","disease_vs_normal","group",11,"UNK",NA,131,131,7,0,7,"MeSH:D013964|STR:hbv_hcc|STR:nf|STR:non_metastatic_colorectal_cancer_crc|STR:oral_squamous_cell_carcinoma_oscs_with_lymph_node_metastasis_lnm",TRUE
"group_L3_bd3ccd95","small_molecule","group",16,"UNK",NA,80,80,0,25,25,"CHEBI:177705|CHEBI:379896|STR:1_nm_e2|STR:1_um_pape|STR:1_um_s_equol",TRUE
"group_L3_bd5ebbf4","disease_vs_normal","group",2,"UNK",NA,301,301,0,0,0,"",FALSE
"group_L3_bd9428a3","disease_vs_normal","group",2,"UNK",NA,60,60,1,0,1,"STR:jmml_ptpn11mutated",FALSE
"group_L3_be09b68d","disease_vs_normal","group",2,"UNK",NA,4,4,2,0,2,"MeSH:D058922|STR:lung_carcinoma",TRUE
"group_L3_be2a308e","small_molecule","group",14,"UNK",NA,39,39,0,14,14,"CHEBI:9505|STR:1_micromolar_ctt251238|STR:300_microm_naa_treatment_for_3_days|STR:30um_compound_3b|STR:byk204165_cisplatin",TRUE
"group_L3_be39f3a9","disease_vs_normal","group",2,"UNK",NA,7,7,0,0,0,"",FALSE
"group_L3_be62f219","disease_vs_normal","group",3,"UNK",NA,7,7,2,0,2,"STR:endometrial|STR:large_cell",TRUE
"group_L3_be84d85f","disease_vs_normal","group",2,"UNK",NA,11,11,2,0,2,"MeSH:D046152|STR:gist_tumor",TRUE
"group_L3_be87915a","disease_vs_normal","group",2,"UNK",NA,7,7,2,0,2,"STR:pro_b_mll_leukemia_cell_line_rs4_11|STR:pro_b_mll_leukemia_cell_line_sem",TRUE
"group_L3_bea40a61","disease_vs_normal","group",2,"UNK",NA,11,11,1,0,1,"STR:cholangiocarcinoma_cell_lines",FALSE
"group_L3_bec27390","disease_vs_normal","group",3,"UNK",NA,13,13,2,0,2,"MeSH:D015179|STR:colorectal_cancer_organotypic_culture",TRUE
"group_L3_bee331cd","small_molecule","group",4,"UNK",NA,11,11,0,5,5,"STR:gazyva_glofitamab|STR:hsd_e1|STR:hsd_e2|STR:qc6352_treatment|STR:rh2_30_mg_kg_doxorubicin_2mg_kg",TRUE
"group_L3_bf09aedc","small_molecule","group",2,"CHEBI:63637","vemurafenib",27,27,0,0,0,"",FALSE
"group_L3_bf4ae2cc","disease_vs_normal","group",2,"UNK",NA,3,3,0,0,0,"",FALSE
"group_L3_bf65952b","disease_vs_normal","group",5,"UNK",NA,31,31,5,0,5,"MeSH:D015179|STR:colorectal_tumor_tissues_moderately_differentiated|STR:colorectal_tumor_tissues_well_differentiated|STR:colorectum|STR:frozen_mucosal_tissue",TRUE
"group_L3_bf7d6376","disease_vs_normal","group",6,"UNK",NA,31,31,4,0,4,"MeSH:D003110|MeSH:D019694|STR:hcc|STR:ms",TRUE
"group_L3_bf880940","disease_vs_normal","group",21,"UNK",NA,298,298,13,0,13,"MeSH:D008175|STR:adenocarcinoma|STR:asthmatic|STR:human_lung_cancer|STR:invasive_grade_3_adenocarcinoma",TRUE
"group_L3_bf9802c5","disease_vs_normal","group",4,"UNK",NA,31,31,3,0,3,"MeSH:D003424|MeSH:D009369|STR:primary_tumor",TRUE
"group_L3_bfbb1bdd","disease_vs_normal","group",3,"UNK",NA,41,41,2,0,2,"MeSH:D009369|STR:adenocarcinoma",TRUE
"group_L3_bfc9e528","small_molecule","group",2,"UNK",NA,10,10,0,1,1,"STR:treated_with_cd_5_m_for_72h",FALSE
"group_L3_bfff71c6","pathogen_or_aggregate_exposure","group",2,"UNK",NA,8,8,0,1,1,"STR:rna",FALSE
"group_L3_c003821c","disease_vs_normal","group",4,"UNK",NA,8,8,3,0,3,"STR:epstein_barr_associated_nasopharyngeal_carcinoma_cell_line|STR:nasopharyngeal_carcinoma_cell_lines|STR:nasopharyngeal_carcinoma_cells",TRUE
"group_L3_c00fd101","small_molecule","group",4,"MeSH:D005839","Gentamicins",13,13,0,0,0,"",FALSE
"group_L3_c03e97c6","small_molecule","group",2,"CHEBI:75928","(<i>S</i>)-2-hydroxyhexadecanoate",6,6,0,2,2,"CHEBI:64310|CHEBI:78543",TRUE
"group_L3_c04cf899","cytokine_stim","group",2,"STR:interferon gamma","Interferon gamma",2,2,0,1,1,"STR:ifngamma",FALSE
"group_L3_c0b3789b","small_molecule","group",2,"CHEBI:68534","enzalutamide",10,10,0,5,5,"STR:10_um_enzalutamide_and_20_nm_onvansertib|STR:enzalutamide_24_hours|STR:enzalutamide_48_hours|STR:enzalutamide_96_hours|STR:enzalutamide_long_term",TRUE
"group_L3_c0cb70c6","small_molecule","group",2,"CHEBI:197107","Bafetinib",3,3,0,1,1,"CHEBI:197107",FALSE
"group_L3_c0d10c79","disease_vs_normal","group",2,"UNK",NA,8,8,1,0,1,"STR:icc13_7",FALSE
"group_L3_c0f578c2","small_molecule","group",4,"UNK",NA,37,37,0,11,11,"STR:om_85_100ug_ml_2hr|STR:om_85_100ug_ml_8hr|STR:om_85_300ug_ml_2hr|STR:om_85_300ug_ml_2hr_anti_tlr2_4_ab|STR:om_85_300ug_ml_2hr_anti_tlr2_ab",TRUE
"group_L3_c1018bc4","small_molecule","group",16,"UNK",NA,127,127,0,12,12,"CHEBI:167830|STR:5_nm_dex|STR:50_nm_dex|STR:bm4|STR:cfasn",TRUE
"group_L3_c171f2f1","small_molecule","group",2,"CHEBI:145431","indisulam",4,4,0,1,1,"CHEBI:145431",FALSE
"group_L3_c1c8ae2b","small_molecule","group",2,"CHEBI:134210","(<i>R</i>)-laudanosine(1+)",8,8,0,2,2,"CHEBI:91418|STR:2",TRUE
"group_L3_c1ec200d","disease_vs_normal","group",2,"UNK",NA,4,4,2,0,2,"MeSH:D015179|STR:colorectal_cancer_whole_tissues",TRUE
"group_L3_c2035237","disease_vs_normal","group",3,"UNK",NA,15,15,0,0,0,"",FALSE
"group_L3_c20847ef","small_molecule","group",2,"MeSH:D004002","Clodronic Acid",4,4,0,0,0,"",FALSE
"group_L3_c22967ed","small_molecule","group",3,"CHEBI:16635","Met-tRNA<small><sup>Met</small></sup>",19,19,0,2,2,"STR:tgf_1|STR:tgfb_1ng_ml",TRUE
"group_L3_c22b3206","disease_vs_normal","group",2,"UNK",NA,9,9,1,0,1,"MeSH:D000077195",FALSE
"group_L3_c238b12a","disease_vs_normal","group",33,"UNK",NA,119,119,11,0,11,"MeSH:D009369|MeSH:D010190|STR:colo_357_metastatic_pancreatic_adenocarcinoma|STR:human_pancreatic_carcinoma_cells|STR:pancreatic_cancer_cell_derived_exosomes",TRUE
"group_L3_c24786bd","disease_vs_normal","group",2,"UNK",NA,8,8,2,0,2,"STR:hfpef|STR:persistent_non_valvular_atrial_fibrillation_af",TRUE
"group_L3_c261fec3","small_molecule","group",2,"CHEBI:49603","lapatinib",25,25,0,0,0,"",FALSE
"group_L3_c268fc18","disease_vs_normal","group",7,"UNK",NA,25,25,1,0,1,"STR:osteosarcoma",FALSE
"group_L3_c29f9d81","disease_vs_normal","group",2,"UNK",NA,5,5,2,0,2,"MeSH:D015179|STR:metastatic_colonic_carcinoma",TRUE
"group_L3_c2b2199a","pathogen_or_aggregate_exposure","group",2,"STR:mixed candida/bacterial","Mixed Candida/bacterial",16,16,0,0,0,"",FALSE
"group_L3_c2bf9d24","cytokine_stim","group",2,"STR:interferon gamma","Interferon gamma",3,3,0,2,2,"STR:ifn_gamma|STR:treated_with_ifng_for_2_5_weeks",TRUE
"group_L3_c2c51d47","disease_vs_normal","group",265,"UNK",NA,7524,7524,192,0,192,"MeSH:D000072658|MeSH:D000789|MeSH:D001172|MeSH:D001528|MeSH:D001943",TRUE
"group_L3_c2e379bf","disease_vs_normal","group",2,"UNK",NA,23,23,0,0,0,"",FALSE
"group_L3_c2f1ada6","small_molecule","group",2,"MeSH:D000983","Antipyrine",2,2,0,0,0,"",FALSE
"group_L3_c2f61a5c","pathogen_or_aggregate_exposure","group",2,"UNK",NA,12,12,0,3,3,"STR:infected_24_h|STR:rsv_infected_16_h|STR:rsv_infected_24_h",TRUE
"group_L3_c2fa4ab0","small_molecule","group",3,"MeSH:D000970","Antineoplastic Agents",9,9,0,0,0,"",FALSE
"group_L3_c33425c8","small_molecule","group",2,"CHEBI:16411","indole-3-acetic acid",10,10,0,2,2,"CHEBI:22676|HGNC:PAF1",TRUE
"group_L3_c3d68dc6","disease_vs_normal","group",2,"UNK",NA,10,10,2,0,2,"MeSH:D013584|STR:early_onset_colorectal_cancer",TRUE
"group_L3_c3e8ab4f","small_molecule","group",2,"UNK",NA,8,8,0,6,6,"STR:neopetrotaurine_a|STR:neopetrotaurine_b|STR:neopetrotaurine_c|STR:pfi_63|STR:pfi_90",TRUE
"group_L3_c413d26e","disease_vs_normal","group",9,"UNK",NA,90,90,6,0,6,"MeSH:D009369|MeSH:D013274|STR:basal_cell_carcinoma_tissue|STR:glioblastoma|STR:human_tumor_tissue",TRUE
"group_L3_c4245a0e","pathogen_or_aggregate_exposure","group",3,"UNK",NA,10,10,0,4,4,"STR:c_trachomatis_infection_for_20hrs|STR:c_trachomatis_infection_for_44hrs|STR:c_trachomatis_infection_for_44hrs_in_the_presence_of_ifn|STR:ev71_infected",TRUE
"group_L3_c426c51a","small_molecule","group",2,"CHEBI:50943","mitorubrin",4,4,0,0,0,"",FALSE
"group_L3_c4289e23","disease_vs_normal","group",19,"UNK",NA,299,299,7,0,7,"STR:ctl|STR:hiv_negative|STR:lung|STR:non_cf|STR:paracancerous_tissue",TRUE
"group_L3_c435666d","small_molecule","group",4,"CHEBI:17105","4-maleylacetoacetate",12,12,0,7,7,"CHEBI:16412|STR:lps_ifng_tnf|STR:lps_ifng_tnf_adalimumab|STR:lps_ifng_tnf_certolizumab|STR:lps_ifng_tnf_etanercept",TRUE
"group_L3_c47a5dc7","disease_vs_normal","group",13,"UNK",NA,36,36,7,0,7,"MeSH:D004915|MeSH:D006528|MeSH:D015470|MeSH:D029424|STR:aml_m7",TRUE
"group_L3_c4afc7b6","small_molecule","group",3,"CHEBI:123456","N-ethyl-2-[(2R,3R,6S)-3-[(4-fluorophenyl)sulfonylamino]-2-(hydroxymethyl)-3,6-dihydro-2H-pyran-6-yl]acetamide",14,14,0,4,4,"HGNC:YAP1|STR:24_hours_no_infection_post_baricitinib|STR:osimertinib_500nm_for_3_days|STR:osimertinib_500nm_linsitinib_500nm_for_8_days",TRUE
"group_L3_c4c2556a","disease_vs_normal","group",6,"UNK",NA,19,19,6,0,6,"MeSH:D002311|MeSH:D002313|STR:cardiomyopathy_associated_with_noonan_syndrome_ns_cm|STR:cteph|STR:hf",TRUE
"group_L3_c4d64463","pathogen_or_aggregate_exposure","group",2,"UNK",NA,18,18,0,4,4,"STR:flub_337_24hpi|STR:flub_337_48hpi|STR:flub_bay_24hpi|STR:flub_bay_48hpi",TRUE
"group_L3_c4dcfba1","small_molecule","group",13,"MeSH:D000989","Antistreptolysin",47,47,0,0,0,"",FALSE
"group_L3_c4eaf85d","disease_vs_normal","group",2,"UNK",NA,3,3,2,0,2,"STR:eoe_like|STR:esophageal_adenocarcinogenesis",TRUE
"group_L3_c5458e39","pathogen_or_aggregate_exposure","group",2,"STR:bxpc-3 exosomes","BxPC-3 exosomes",4,4,0,2,2,"STR:bxpc_3_exosomes|STR:treatment_with_bxpc_3_exosomes",TRUE
"group_L3_c55106b1","disease_vs_normal","group",2,"UNK",NA,2,2,2,0,2,"MeSH:D015179|STR:colorectal_cancer_organotypic_culture",TRUE
"group_L3_c5e0b147","small_molecule","group",5,"MeSH:D011384","Proinsulin",168,168,0,0,0,"",FALSE
"group_L3_c60196f6","small_molecule","group",2,"CHEBI:50789","(3<i>S</i>)-3-hydroxy-<small>L</small>-asparagine",6,6,0,2,2,"STR:nutlin_3a|STR:rna",TRUE
"group_L3_c6043b27","disease_vs_normal","group",2,"UNK",NA,8,8,0,0,0,"",FALSE
"group_L3_c6447d37","small_molecule","group",12,"UNK",NA,45,45,0,14,14,"CHEBI:27638|HGNC:EP300|STR:10um_eupalinolide_b|STR:8_m_cmr_for_48_h|STR:beti",TRUE
"group_L3_c64ef069","disease_vs_normal","group",11,"UNK",NA,505,505,9,0,9,"STR:ankylosing_spondylitis_as|STR:hbv_aclf|STR:idiopathic_pulmonary_fibrosis|STR:m|STR:non_responder",TRUE
"group_L3_c694144a","pathogen_or_aggregate_exposure","group",2,"STR:bcg vaccine","BCG vaccine",10,10,0,0,0,"",FALSE
"group_L3_c6e8fd06","disease_vs_normal","group",12,"UNK",NA,26,26,5,0,5,"MeSH:D009369|STR:high_hif_state|STR:human_cancer_cell_line|STR:kidney_cancer_cell_line|STR:malignant_rhabdoid_tumor_of_kidney_cell_line",TRUE
"group_L3_c6f6a9ee","disease_vs_normal","group",2,"UNK",NA,10,10,2,0,2,"STR:dm1|STR:sarcopenia",TRUE
"group_L3_c701c014","disease_vs_normal","group",72,"UNK",NA,281,281,27,0,27,"MeSH:D003110|MeSH:D015179|STR:2d_monolayer|STR:3d_bioprint|STR:carcinoma",TRUE
"group_L3_c703ba38","disease_vs_normal","group",3,"UNK",NA,167,167,9,0,9,"MeSH:D010634|STR:|STR:dcis_comedo|STR:ductal|STR:ductal_and_micropapillary",TRUE
"group_L3_c7291d63","disease_vs_normal","group",2,"UNK",NA,50,50,2,0,2,"STR:papillary_thyroid_carcinoma_ptc|STR:thyroid_cancer_thc",TRUE
"group_L3_c76f49f0","disease_vs_normal","group",11,"UNK",NA,18,18,3,0,3,"STR:gastric_cancer_cell_line|STR:gastric_cancer_cells|STR:human_gastric_carcinoma",TRUE
"group_L3_c7b2665a","small_molecule","group",3,"CHEBI:50845","doxycycline",9,9,0,2,2,"HGNC:BRCA2|HGNC:HPN",TRUE
"group_L3_c7b89243","pathogen_or_aggregate_exposure","group",2,"STR:cpg-odn2006","CpG-ODN2006",7,7,0,2,2,"STR:tlr9_stimulation_with_2_5_g_ml_cpg_odn2006|STR:tlr9_stimulation_with_2_5ug_ml_cpg_odn2006",TRUE
"group_L3_c7bd4477","disease_vs_normal","group",3,"UNK",NA,9,9,1,0,1,"STR:colorectal_cancer_cells",FALSE
"group_L3_c7ceb39e","small_molecule","group",4,"UNK",NA,97,97,0,2,2,"STR:5_aza_cdr|STR:anti_egfr",TRUE
"group_L3_c7d93447","disease_vs_normal","group",5,"MeSH:D005814","Genes, Viral",7,7,2,0,2,"MeSH:D005909|STR:primary_cell_culture",TRUE
"group_L3_c8553285","small_molecule","group",2,"UNK",NA,15,15,0,3,3,"CHEBI:13193|CHEBI:16857|STR:mg132_3h",TRUE
"group_L3_c856b6f4","disease_vs_normal","group",8,"UNK",NA,77,77,27,0,27,"STR:lucap_136cr_pdx_tumor|STR:lucap_145_1_pdx_tumor|STR:lucap_145_2_pdx_tumor|STR:lucap_147cr_pdx_tumor|STR:lucap_167cr_pdx_tumor",TRUE
"group_L3_c85de96b","disease_vs_normal","group",2,"UNK",NA,7,7,1,0,1,"STR:hc",FALSE
"group_L3_c88c8dbb","small_molecule","group",2,"UNK",NA,28,28,0,4,4,"STR:10um_unc1999_for_48h|STR:flud_50um|STR:ibru_5um|STR:idel_10um",TRUE
"group_L3_c8ca2cdd","disease_vs_normal","group",20,"UNK",NA,240,240,14,0,14,"MeSH:D003876|MeSH:D013167|MeSH:D055623|STR:b_nhl|STR:cutaneous_squamous_cell_carcinomas_cscc",TRUE
"group_L3_c8d40029","disease_vs_normal","group",2,"UNK",NA,3,3,0,0,0,"",FALSE
"group_L3_c91423ce","disease_vs_normal","group",8,"UNK",NA,14,14,3,0,3,"STR:colorectal_adenocarcinoma_cells|STR:colorectal_cancer_cell_line|STR:human_colorectal_cancer_cell_line",TRUE
"group_L3_c948b560","small_molecule","group",4,"CHEBI:5070","flavanone",11,11,0,3,3,"CHEBI:52172|STR:24h_50um_gefitinib|STR:24h_75um_gefitinib",TRUE
"group_L3_c9642f0d","disease_vs_normal","group",6,"UNK",NA,21,21,0,0,0,"",FALSE
"group_L3_c9bc36f9","disease_vs_normal","group",2,"UNK",NA,3,3,1,0,1,"STR:neovascular",FALSE
"group_L3_c9d2bfff","small_molecule","group",2,"CHEBI:16810","2-oxoglutarate(2−)",4,4,0,2,2,"STR:androgen_induction|STR:rna",TRUE
"group_L3_ca35b92c","small_molecule","group",3,"CHEBI:50789","(3<i>S</i>)-3-hydroxy-<small>L</small>-asparagine",6,6,0,1,1,"STR:10_m_nutlin_3a_4hrs",FALSE
"group_L3_ca4d851b","disease_vs_normal","group",3,"UNK",NA,28,28,0,0,0,"",FALSE
"group_L3_ca8365d8","small_molecule","group",2,"CHEBI:63637","vemurafenib",4,4,0,1,1,"CHEBI:63637",FALSE
"group_L3_caa62e13","disease_vs_normal","group",10,"UNK",NA,25,25,6,0,6,"MeSH:D013964|STR:anaplastic_thyroid_carcinoma_derived_cell_line|STR:khm_5m_thyroid_cancer_cell|STR:papillary_thyroid_cancer_cells|STR:thyroid_cancer_cells",TRUE
"group_L3_cacfda5e","disease_vs_normal","group",3,"UNK",NA,12,12,2,0,2,"MeSH:D009369|MeSH:D018319",TRUE
"group_L3_caf6d8b9","disease_vs_normal","group",6,"UNK",NA,6,6,0,0,0,"",FALSE
"group_L3_cb3d368f","small_molecule","group",2,"UNK",NA,8,8,0,3,3,"STR:gsi_washout_for_24h|STR:gsi_washout_for_4h|STR:gsi_washout_for_72h",TRUE
"group_L3_cb41a3be","small_molecule","group",2,"STR:infliximab","Infliximab",3,3,0,0,0,"",FALSE
"group_L3_cb8b05c1","disease_vs_normal","group",3,"UNK",NA,20,20,2,0,2,"MeSH:D015179|STR:primary_tumor",TRUE
"group_L3_cb8f2370","disease_vs_normal","group",2,"UNK",NA,6,6,1,0,1,"MeSH:D009369",FALSE
"group_L3_cb92706f","small_molecule","group",4,"CHEBI:28908","bambermycin",10,10,0,4,4,"CHEBI:52172|STR:erlotinib_1_um|STR:exposed_to_vorinostat_at_0_m_for_36_hours|STR:exposed_to_vorinostat_at_10_m_for_36_hours",TRUE
"group_L3_cbff3a3b","pathogen_or_aggregate_exposure","group",8,"UNK",NA,35,35,0,5,5,"STR:infected|STR:infected_with_listeria_monocytogenes_egde|STR:mtb_h37rv_mcherry|STR:sads_cov_infection|STR:sars_cov_2_infection",TRUE
"group_L3_cc25fdb0","disease_vs_normal","group",4,"UNK",NA,10,10,1,0,1,"MeSH:D009369",FALSE
"group_L3_cc2c6b5c","small_molecule","group",2,"UNK",NA,8,8,0,2,2,"STR:10_nm_e2|STR:100_nm_dex",TRUE
"group_L3_cc3e2e04","disease_vs_normal","group",2,"UNK",NA,17,17,1,0,1,"MeSH:D010190",FALSE
"group_L3_cc61dbf8","small_molecule","group",2,"CHEBI:27974","estriol",20,20,0,4,4,"HGNC:IGF2BP1|HGNC:IGF2BP2|HGNC:IGF2BP3|HGNC:UPF1",TRUE
"group_L3_cc627065","small_molecule","group",2,"CHEBI:27950","(9<i>R</i>,10<i>S</i>)-9,10-epoxy-9,10-dihydrophenanthrene",2,2,0,2,2,"CHEBI:15367|CHEBI:27666",TRUE
"group_L3_cc8fd4c9","disease_vs_normal","group",2,"UNK",NA,12,12,1,0,1,"STR:multiple_sclerosis",FALSE
"group_L3_cd2c846d","small_molecule","group",2,"CHEBI:27899","cisplatin",5,5,0,1,1,"STR:0_6_um_cispt",FALSE
"group_L3_cd30500b","disease_vs_normal","group",28,"UNK",NA,540,540,13,0,13,"MeSH:D001172|MeSH:D010361|MeSH:D056648|STR:diabetes|STR:fsgs_with_recurrence",TRUE
"group_L3_cd46e529","disease_vs_normal","group",3,"UNK",NA,37,37,4,0,4,"STR:prostate_cancer_organoid|STR:prostate_cancer_patient_derived_organoids|STR:tumor_organoid_3d|STR:tumor_organoid_3d_5_factors_fgf10",TRUE
"group_L3_cd54651d","small_molecule","group",3,"UNK",NA,20,20,0,3,3,"STR:0_5_m_plx51107_for_24_hours|STR:dual_smarca4_smarca2_inhibition|STR:gdc_0349_0_625_microm_sammson_aso_50_nm",TRUE
"group_L3_cd5fa802","disease_vs_normal","group",32,"UNK",NA,469,469,17,0,17,"MeSH:D009369|MeSH:D011471|MeSH:D065626|STR:acute_cholestasis|STR:biliary_atresia",TRUE
"group_L3_cda461ea","disease_vs_normal","group",7,"UNK",NA,39,39,3,0,3,"STR:human_pancreatic_cancer_cells|STR:pancreatic_adenosquamous_carcinoma|STR:pancreatic_ductal_adenocarcinoma",TRUE
"group_L3_cdea3d9d","small_molecule","group",2,"CHEBI:34200","2,2',3,4',5,5'-Hexachloro-4-biphenylol",2,2,0,0,0,"",FALSE
"group_L3_ce04ac8c","small_molecule","group",3,"STR:transforming growth factor beta","Transforming growth factor beta",8,8,0,2,2,"STR:2d_tgfb|STR:treated_with_tgf_at_1nm_for_16_hrs",TRUE
"group_L3_ce20fde6","pathogen_or_aggregate_exposure","group",3,"UNK",NA,20,20,0,2,2,"STR:infected_a_pr_8_34_influenza_virus_moi_1|STR:rsv",TRUE
"group_L3_ce7fe845","disease_vs_normal","group",2,"MeSH:D003093","Colitis, Ulcerative",3,3,1,0,1,"MeSH:D003093",FALSE
"group_L3_cec9d16f","small_molecule","group",6,"UNK",NA,55,55,0,8,8,"CHEBI:13193|CHEBI:16857|STR:1um_isox_48_hours|STR:combination|STR:msp_1hr",TRUE
"group_L3_cf574ad3","small_molecule","group",2,"UNK",NA,100,100,0,4,4,"STR:for|STR:for_bud|STR:il_6|STR:sal_flu",TRUE
"group_L3_cf820133","disease_vs_normal","group",3,"UNK",NA,4,4,2,0,2,"STR:prostate_cancer_cell_line|STR:prostate_cancer_cell_line_lncap",TRUE
"group_L3_cf96db45","small_molecule","group",3,"UNK",NA,10,10,0,3,3,"CHEBI:28613|CHEBI:28736|STR:gmq",TRUE
"group_L3_cfb593ef","disease_vs_normal","group",2,"UNK",NA,62,62,2,0,2,"MeSH:D001943|MeSH:D014024",TRUE
"group_L3_cfefea37","disease_vs_normal","group",2,"UNK",NA,2,2,2,0,2,"STR:fresh_tumor_from_the_same_patient_inoculataed_into_npg_mice|STR:pdx_tumor_sample_rnaseq",TRUE
"group_L3_cff45ae9","small_molecule","group",4,"CHEBI:123456","N-ethyl-2-[(2R,3R,6S)-3-[(4-fluorophenyl)sulfonylamino]-2-(hydroxymethyl)-3,6-dihydro-2H-pyran-6-yl]acetamide",52,52,0,11,11,"CHEBI:231324|CHEBI:231356|CHEBI:61397|CHEBI:90943|STR:bps_mae",TRUE
"group_L3_d060cfe9","disease_vs_normal","group",2,"MeSH:D013896","Thoracic Diseases",10,10,3,0,3,"MeSH:D000077273|STR:ptc_central_region|STR:ptc_invasive_region",TRUE
"group_L3_d099c6e6","small_molecule","group",5,"UNK",NA,44,44,0,9,9,"CHEBI:7307|CHEBI:82665|STR:5_aza|STR:chidmide|STR:combo",TRUE
"group_L3_d0c940da","disease_vs_normal","group",123,"UNK",NA,479,479,34,0,34,"MeSH:D000077192|MeSH:D002289|MeSH:D002294|MeSH:D008175|MeSH:D055752",TRUE
"group_L3_d0d2b2b0","small_molecule","group",2,"CHEBI:16912","<i>trans</i>-1,2-dithiane-4,5-diol",4,4,0,2,2,"STR:treated_with_t3_10nm|STR:treated_with_t3_1nm",TRUE
"group_L3_d10804e5","disease_vs_normal","group",4,"UNK",NA,52,52,1,0,1,"STR:melanoma",FALSE
"group_L3_d14acf24","disease_vs_normal","group",2,"UNK",NA,6,6,0,0,0,"",FALSE
"group_L3_d196458e","pathogen_or_aggregate_exposure","group",2,"UNK",NA,15,15,0,1,1,"STR:ad35_cs_rtss_rtss",FALSE
"group_L3_d1bc064d","small_molecule","group",2,"CHEBI:79369","elesclomol",4,4,0,0,0,"",FALSE
"group_L3_d1bc9c80","small_molecule","group",2,"UNK",NA,16,16,0,0,0,"",FALSE
"group_L3_d1ced19c","pathogen_or_aggregate_exposure","group",2,"CHEBI:16412","lipopolysaccharide",5,5,0,2,2,"CHEBI:16412|STR:lps_treated",TRUE
"group_L3_d1e17ba5","small_molecule","group",8,"CHEBI:68534","enzalutamide",28,28,0,3,3,"CHEBI:68534|STR:10_um_enzalutamide_for_5_days|STR:10um_enz_for_48_hours",TRUE
"group_L3_d1e588b9","disease_vs_normal","group",18,"UNK",NA,919,919,11,0,11,"MeSH:D003424|STR:cd|STR:colorectal_cancer_tissue|STR:crohn_s_disease_cd_or_ulcerative_colitis_uc|STR:ibd",TRUE
"group_L3_d2281721","pathogen_or_aggregate_exposure","group",2,"UNK",NA,6,6,0,0,0,"",FALSE
"group_L3_d2fe5c1c","pathogen_or_aggregate_exposure","group",2,"UNK",NA,12,12,0,2,2,"STR:hrv|STR:sars_cov_2_infection",TRUE
"group_L3_d3099493","small_molecule","group",2,"UNK",NA,30,30,0,6,6,"STR:nvp2_10nm_1h|STR:nvp2_10nm_24h|STR:sy0351_10nm_1h|STR:sy0351_10nm_24h|STR:ykl5124_100nm_1h",TRUE
"group_L3_d309f64d","small_molecule","group",2,"CHEBI:16469","17β-estradiol",8,8,0,5,5,"STR:0_hr_10_nm_e2|STR:10_nm_e2|STR:2_hr_10_nm_e2|STR:4_hr_10_nm_e2|STR:8_hr_10_nm_e2",TRUE
"group_L3_d35c12c0","small_molecule","group",2,"CHEBI:34026","1,1,1-Trichloro-2-(4-hydroxyphenyl)-2-(4-methoxyphenyl)ethane",6,6,0,2,2,"STR:0_5_mm_methyl_methanesulfonate_3_hours|STR:100_nm_4_hydroxy_tamoxifen_for_6_hours",TRUE
"group_L3_d35eac72","disease_vs_normal","group",5,"UNK",NA,76,76,5,0,5,"MeSH:D015179|STR:ccr|STR:pd|STR:primary_tumor|STR:rna_seq_from_primary_tumor",TRUE
"group_L3_d36d9f9c","small_molecule","group",2,"UNK",NA,7,7,0,2,2,"STR:1_um_ki_ms2_008|STR:10_um_ki_ms2_008",TRUE
"group_L3_d3a088fb","disease_vs_normal","group",2,"UNK",NA,26,26,3,0,3,"STR:fcd_iia|STR:fcd_iib|STR:medulloblastoma",TRUE
"group_L3_d3b56092","small_molecule","group",2,"CHEBI:134223","2-amino-6-(1-hydroxypropyl)-8-methylpteridine-4,7(3<em>H</em>,8<em>H</em>)-dione",2,2,0,2,2,"CHEBI:145365|STR:10_um_abiraterone_acetate_and_30_nm_onvansertib",TRUE
"group_L3_d3eb723c","disease_vs_normal","group",22,"UNK",NA,431,431,21,0,21,"MeSH:D008175|MeSH:D013167|MeSH:D015179|STR:adenocarcinoma_nos|STR:atrial_fibrillation",TRUE
"group_L3_d3edf762","cytokine_stim","group",3,"UNK",NA,27,27,0,2,2,"STR:10_ng_ml_ifn|STR:24_hr_cytokines",TRUE
"group_L3_d4065b00","small_molecule","group",6,"UNK",NA,88,88,0,27,27,"STR:long_term_effect_of_antiandrogen_in_tumor|STR:lx1|STR:rv1_luc_xenograft_luc_cas_snx_1_growing_castrated_nsg_male_mice|STR:rv1_luc_xenograft_luc_cas_snx_2_growing_castrated_nsg_male_mice|STR:rv1_luc_xenograft_luc_cas_snx_3_growing_castrated_nsg_male_mice",TRUE
"group_L3_d40f1f97","disease_vs_normal","group",7,"UNK",NA,30,30,3,0,3,"MeSH:D001172|STR:end_stage_osteoarthritis|STR:rheumatoid_arthritis_ra",TRUE
"group_L3_d42a791b","small_molecule","group",2,"CHEBI:85993","palbociclib",4,4,0,1,1,"STR:palb",FALSE
"group_L3_d43edfea","disease_vs_normal","group",2,"UNK",NA,18,18,1,0,1,"MeSH:D055752",FALSE
"group_L3_d449949a","disease_vs_normal","group",50,"UNK",NA,132,132,16,0,16,"MeSH:D006528|MeSH:D008113|STR:adult_hepatocellular_carcinoma|STR:biopsy_sample_from_metastatic_liver_tumor|STR:cholangiocarcinoma_cell_lines",TRUE
"group_L3_d4c769b8","small_molecule","group",2,"UNK",NA,6,6,0,1,1,"CHEBI:145535",FALSE
"group_L3_d4ef6758","small_molecule","group",2,"UNK",NA,9,9,0,2,2,"STR:1um_lpa|STR:ffx",TRUE
"group_L3_d526d91b","disease_vs_normal","group",4,"UNK",NA,143,143,4,0,4,"STR:als_spectrum_mnd|STR:medulloblastoma|STR:other_mnd|STR:other_neurological_disorders",TRUE
"group_L3_d59b19bd","disease_vs_normal","group",2,"UNK",NA,13,13,2,0,2,"STR:|STR:hcc",TRUE
"group_L3_d5a333ee","small_molecule","group",5,"CHEBI:16635","Met-tRNA<small><sup>Met</small></sup>",17,17,0,5,5,"STR:2_5_ng_ml_tgf_1_ligand_for_4_h|STR:24_hours_after_rhtgf_treatment|STR:tgf_b1|STR:tgf_beta1|STR:tgfb_5ng_ml",TRUE
"group_L3_d5d9f21f","disease_vs_normal","group",4,"UNK",NA,14,14,3,0,3,"STR:colorectal_cancer_patient|STR:liver_metastasis|STR:liver_metastasis_from_uveal_melanoma",TRUE
"group_L3_d61a9b4f","disease_vs_normal","group",141,"UNK",NA,2977,2977,89,0,89,"MeSH:D005355|MeSH:D006519|MeSH:D006521|MeSH:D006528|MeSH:D008103",TRUE
"group_L3_d634d75d","small_molecule","group",2,"CHEBI:27906","ubiquinone-0",4,4,0,2,2,"CHEBI:16118|STR:200_ng_ml_nocodazole",TRUE
"group_L3_d66f8151","small_molecule","group",2,"MeSH:D006878","Hydroxides",5,5,0,0,0,"",FALSE
"group_L3_d6eaaacc","disease_vs_normal","group",18,"UNK",NA,80,80,10,0,10,"MeSH:D001749|STR:bladder_cancer_cell|STR:bladder_human_transitional_cell_carcinoma|STR:j82_bladder_cancer_cell|STR:small_cell",TRUE
"group_L3_d70b48d2","pathogen_or_aggregate_exposure","group",2,"STR:human immunodeficiency virus","Human immunodeficiency virus",11,11,0,0,0,"",FALSE
"group_L3_d72aa651","small_molecule","group",3,"UNK",NA,20,20,0,3,3,"STR:1_week_after_ds_1001b_treatment|STR:6_weeks_after_ds_1001b_treatment|STR:chemo",TRUE
"group_L3_d7371b8c","small_molecule","group",2,"UNK",NA,21,21,0,3,3,"STR:mg001|STR:mg004|STR:rs504393",TRUE
"group_L3_d7444001","pathogen_or_aggregate_exposure","group",3,"UNK",NA,18,18,0,0,0,"",FALSE
"group_L3_d7a08548","small_molecule","group",4,"UNK",NA,10,10,0,3,3,"STR:jq1_treatment|STR:line_1_antisense_oligonucleotide|STR:pu_1_inhibitor_db1976",TRUE
"group_L3_d7ad5197","small_molecule","group",2,"CHEBI:16240","hydrogen peroxide",6,6,0,2,2,"STR:100um_h2o2_for_4_h|STR:150_m_h2o2",TRUE
"group_L3_d7ccc206","small_molecule","group",2,"UNK",NA,27,27,0,0,0,"",FALSE
"group_L3_d807396d","disease_vs_normal","group",5,"UNK",NA,271,271,9,0,9,"STR:als_spectrum_mnd|STR:essential_tremor|STR:msa|STR:msa_c|STR:msa_p",TRUE
"group_L3_d80912a5","disease_vs_normal","group",2,"UNK",NA,10,10,2,0,2,"MeSH:D003876|STR:psoriasis_patient_treated_with_ustekinumab",TRUE
"group_L3_d8398b51","disease_vs_normal","group",3,"UNK",NA,7,7,2,0,2,"STR:cervical_cancer_cells|STR:cervix_adenocarcinoma",TRUE
"group_L3_d852c273","small_molecule","group",2,"UNK",NA,12,12,0,4,4,"STR:3_h_drb_0_min_4su|STR:3_h_drb_4_min_4su|STR:3_h_drb_8_min_4su|STR:brd9_inhibitor",TRUE
"group_L3_d87aeac4","disease_vs_normal","group",2,"UNK",NA,6,6,0,0,0,"",FALSE
"group_L3_d8b8151f","pathogen_or_aggregate_exposure","group",2,"UNK",NA,89,89,0,0,0,"",FALSE
"group_L3_d91af656","small_molecule","group",32,"UNK",NA,124,124,0,33,33,"CHEBI:124921|CHEBI:176335|CHEBI:7959|HGNC:LOX|STR:1_3_mer_transfected",TRUE
"group_L3_d9284c57","small_molecule","group",2,"UNK",NA,23,23,0,0,0,"",FALSE
"group_L3_d950fc56","disease_vs_normal","group",2,"UNK",NA,8,8,2,0,2,"STR:gallbladder|STR:gallblader_cancer",TRUE
"group_L3_d951266a","disease_vs_normal","group",5,"UNK",NA,34,34,0,0,0,"",FALSE
"group_L3_d9513676","pathogen_or_aggregate_exposure","group",2,"UNK",NA,18,18,0,3,3,"STR:mcf10a_ev|STR:mcf10a_mir_105_ev|STR:mda_mb_231_ev",TRUE
"group_L3_da27797f","small_molecule","group",2,"CHEBI:16635","Met-tRNA<small><sup>Met</small></sup>",4,4,0,1,1,"STR:plus_tgf",FALSE
"group_L3_da477bbf","small_molecule","group",2,"CHEBI:61727","2-decenal",15,15,0,11,11,"CHEBI:145365|CHEBI:145417|CHEBI:167686|CHEBI:177536|CHEBI:231358",TRUE
"group_L3_da63f45b","pathogen_or_aggregate_exposure","group",4,"UNK",NA,21,21,0,6,6,"STR:ama1|STR:csp|STR:hbs|STR:mtb|STR:t_gondii_strain_pru",TRUE
"group_L3_daa247f4","disease_vs_normal","group",13,"UNK",NA,164,164,10,0,10,"MeSH:D000077273|MeSH:D009369|MeSH:D013964|STR:laryngeal_cancer_without_thyroid_lesions|STR:non_medullary_thyroid_carcinoma_tissue",TRUE
"group_L3_dabb9270","disease_vs_normal","group",2,"UNK",NA,1,1,0,0,0,"",FALSE
"group_L3_dac48f86","disease_vs_normal","group",2,"UNK",NA,2,2,1,0,1,"STR:crpc_metastasis",FALSE
"group_L3_dae80da3","disease_vs_normal","group",10,"UNK",NA,21,21,3,0,3,"STR:pc3_prostate_adenocarcinoma_cell_line|STR:prostate_cancer_cells_sample|STR:prostate_cancer_immortilized_cell_line",TRUE
"group_L3_db3b4ccb","disease_vs_normal","group",2,"UNK",NA,6,6,2,0,2,"STR:distal_metastsis|STR:sarcoma",TRUE
"group_L3_db3cbe0f","disease_vs_normal","group",3,"UNK",NA,6,6,1,0,1,"STR:nasopharyngeal_carcinoma",FALSE
"group_L3_db49c8f3","small_molecule","group",3,"UNK",NA,4,4,0,2,2,"STR:0_5um_arv771_6hrs|STR:treated_with_fn_dps_1_m_for_48_h",TRUE
"group_L3_db8f3ed8","small_molecule","group",5,"CHEBI:17105","4-maleylacetoacetate",10,10,0,1,1,"CHEBI:16412",FALSE
"group_L3_db97e850","cytokine_stim","group",2,"CHEBI:17296","aniline",3,3,0,1,1,"STR:mcsf_100ng_ml",FALSE
"group_L3_dbfcb48b","small_molecule","group",3,"CHEBI:85993","palbociclib",6,6,0,2,2,"CHEBI:85993|STR:palbocicilib_indisulam",TRUE
"group_L3_dc0549cb","disease_vs_normal","group",2,"UNK",NA,7,7,1,0,1,"MeSH:D058922",FALSE
"group_L3_dc092b45","disease_vs_normal","group",8,"UNK",NA,225,225,5,0,5,"STR:colorectal_adenocarcinoma|STR:colorectal_cancer_primary|STR:human_colorectal_cancer_tissue|STR:primary_colorectal_cancer|STR:primary_colorectal_tumor",TRUE
"group_L3_dc8b2914","small_molecule","group",5,"CHEBI:27953","physostigmine",10,10,0,3,3,"CHEBI:3139|STR:bleomycin_plus_pdkin|STR:treated_with_bleomycin_and_sting_deficiency",TRUE
"group_L3_dc8d9c20","small_molecule","group",3,"UNK",NA,12,12,0,5,5,"STR:25mg_kg_oral_gavage_twice_daily|STR:acala_azd5153_0_5mgkg|STR:acala_azd5153_0_72mgkg|STR:mbp50_wild_type_peptide_10_mg_kg|STR:mutant_type_peptide_10_mg_kg",TRUE
"group_L3_dc9a2ec7","small_molecule","group",2,"UNK",NA,5,5,0,1,1,"STR:drug_treated",FALSE
"group_L3_dccd4c8f","disease_vs_normal","group",2,"UNK",NA,76,76,3,0,3,"MeSH:D001749|STR:primary_tumor|STR:recurrent_tumor",TRUE
"group_L3_dcff1ba0","small_molecule","group",2,"STR:transforming growth factor beta","Transforming growth factor beta",9,9,0,2,2,"STR:rna|STR:tgfb_treatment",TRUE
"group_L3_dd012089","small_molecule","group",9,"UNK",NA,101,101,0,14,14,"CHEBI:230500|CHEBI:27777|CHEBI:75991|CHEBI:95077|STR:1",TRUE
"group_L3_dd13ef0a","small_molecule","group",15,"UNK",NA,51,51,0,16,16,"CHEBI:189652|CHEBI:190969|CHEBI:76277|STR:100ng_ml_bft2|STR:5_aza_cdr",TRUE
"group_L3_dd25e9bc","small_molecule","group",2,"CHEBI:75597","dT<small><sub>8</sub></small>",6,6,0,2,2,"STR:500_nm_crizotinib_25_nm_afatinib|STR:500nm_crizotinib",TRUE
"group_L3_dd47291b","disease_vs_normal","group",2,"UNK",NA,3,3,1,0,1,"STR:asd",FALSE
"group_L3_dd4cf234","small_molecule","group",2,"STR:um171","UM171",7,7,0,1,1,"STR:um171",FALSE
"group_L3_dd680787","pathogen_or_aggregate_exposure","group",2,"UNK",NA,8,8,0,1,1,"STR:sars_cov_2_mneongreen_moi_1",FALSE
"group_L3_dd6be7cc","disease_vs_normal","group",3,"UNK",NA,17,17,3,0,3,"MeSH:D013167|STR:breast_cancer_serum_with_recurrence|STR:hcc",TRUE
"group_L3_dd8af543","small_molecule","group",2,"CHEBI:63630","tolcapone",3,3,0,1,1,"CHEBI:68478",FALSE
"group_L3_dda5387f","small_molecule","group",12,"UNK",NA,233,233,0,20,20,"CHEBI:188197|CHEBI:43717|STR:atra_tcp_treated_cycle2_day1|STR:atra_tcp_treated_cycle3_day1|STR:atra_tcp_treated_cycle3_day15",TRUE
"group_L3_de29efb0","disease_vs_normal","group",4,"UNK",NA,7,7,0,0,0,"",FALSE
"group_L3_de69ca64","small_molecule","group",12,"UNK",NA,261,261,0,13,13,"CHEBI:136185|CHEBI:37845|CHEBI:70778|CHEBI:73634|HGNC:MTARC1",TRUE
"group_L3_de944492","disease_vs_normal","group",4,"UNK",NA,30,30,0,0,0,"",FALSE
"group_L3_ded526c2","disease_vs_normal","group",2,"UNK",NA,2,2,1,0,1,"MeSH:D002292",FALSE
"group_L3_df382aec","small_molecule","group",2,"UNK",NA,8,8,0,3,3,"STR:e2_10_nm_30_min|STR:e2_10_nm_60_min|STR:treated_with_jg_98_for_12hours",TRUE
"group_L3_df75aed3","small_molecule","group",4,"UNK",NA,103,103,0,8,8,"CHEBI:16670|STR:egta_cpe_inhibition|STR:erki_0nm|STR:erki_1000nm|STR:erki_15_6nm",TRUE
"group_L3_dfa06a15","pathogen_or_aggregate_exposure","group",6,"STR:hepatitis b virus","Hepatitis B virus",16,16,0,0,0,"",FALSE
"group_L3_e00b6637","disease_vs_normal","group",2,"UNK",NA,15,15,0,0,0,"",FALSE
"group_L3_e0176168","disease_vs_normal","group",2,"UNK",NA,8,8,1,0,1,"STR:pancreatic_adenocarcinoma",FALSE
"group_L3_e02a8a12","disease_vs_normal","group",20,"UNK",NA,62,62,8,0,8,"MeSH:D000077192|MeSH:D008175|STR:human_lung_cancer|STR:lung_cancer_parent_cell|STR:lung_carcinoma_epithelium",TRUE
"group_L3_e03049ca","disease_vs_normal","group",2,"UNK",NA,7,7,2,0,2,"STR:fibrodysplasia_ossificans_progressiva_fop|STR:rothmund_thomson_syndrome",TRUE
"group_L3_e041d239","disease_vs_normal","group",2,"UNK",NA,4,4,1,0,1,"STR:non_crohn_s_disease_with_perifistule",FALSE
"group_L3_e096cc30","pathogen_or_aggregate_exposure","group",2,"UNK",NA,5,5,0,0,0,"",FALSE
"group_L3_e09911d9","small_molecule","group",2,"CHEBI:34202","2,2',4,4',5,5'-hexachlorobiphenyl",3,3,0,1,1,"STR:cisplatin_pulse",FALSE
"group_L3_e0d383d4","cytokine_stim","group",2,"MeSH:D007376","Interleukin-2",4,4,0,0,0,"",FALSE
"group_L3_e0edc8b2","small_molecule","group",46,"UNK",NA,303,303,0,46,46,"CHEBI:16330|CHEBI:34749|CHEBI:379896|CHEBI:3942|CHEBI:50113",TRUE
"group_L3_e10a10d9","disease_vs_normal","group",3,"UNK",NA,16,16,1,0,1,"MeSH:D009369",FALSE
"group_L3_e10f380e","disease_vs_normal","group",2,"UNK",NA,310,310,3,0,3,"STR:als_spectrum_mnd|STR:other_neurological_disorders|STR:pre_fals",TRUE
"group_L3_e10f71fa","small_molecule","group",2,"CHEBI:75597","dT<small><sub>8</sub></small>",5,5,0,2,2,"CHEBI:64310|CHEBI:68647",TRUE
"group_L3_e129a65b","disease_vs_normal","group",2,"UNK",NA,6,6,1,0,1,"STR:ms",FALSE
"group_L3_e1790c88","small_molecule","group",4,"UNK",NA,32,32,0,3,3,"STR:0_nm_dex|STR:hfn_bdc|STR:hfn_cur",TRUE
"group_L3_e1917c98","small_molecule","group",3,"MeSH:D003473","Neuromuscular Nondepolarizing Agents",18,18,0,0,0,"",FALSE
"group_L3_e1dbd745","small_molecule","group",3,"UNK",NA,3,3,0,1,1,"STR:50_um_pmb",FALSE
"group_L3_e21f2fc9","small_molecule","group",2,"CHEBI:88502","DG(16:1(9Z)/18:3(6Z,9Z,12Z)/0:0)",4,4,0,0,0,"",FALSE
"group_L3_e224c8e1","pathogen_or_aggregate_exposure","group",3,"UNK",NA,15,15,0,0,0,"",FALSE
"group_L3_e22f9fb3","small_molecule","group",3,"CHEBI:64310","crizotinib",5,5,0,3,3,"CHEBI:64310|STR:500nm_crizotinib|STR:certinib",TRUE
"group_L3_e25e0985","small_molecule","group",2,"UNK",NA,13,13,0,2,2,"STR:dex|STR:il_13_labetuzumab",TRUE
"group_L3_e28046a7","small_molecule","group",2,"CHEBI:379896","17β-hydroxy-17-methylestra-4,9,11-trien-3-one",15,15,0,2,2,"CHEBI:379896|STR:r1881_10nm_16h",TRUE
"group_L3_e30b874c","disease_vs_normal","group",2,"UNK",NA,5,5,1,0,1,"STR:pdx_patient_derived_cell_line_from_a_primary_pancreas_tumor_transduced_with_a_retrovirus_that_expressed_human_e47",FALSE
"group_L3_e340f1e4","small_molecule","group",2,"UNK",NA,13,13,0,3,3,"STR:ard_61|STR:zbc_11_inhibitor_150nm|STR:zbc_246_degrader_10nm",TRUE
"group_L3_e3694713","disease_vs_normal","group",3,"UNK",NA,11,11,1,0,1,"STR:pancreatic_ductal_adenocarcinoma_cell_line",FALSE
"group_L3_e36fe2c2","disease_vs_normal","group",3,"UNK",NA,38,38,0,0,0,"",FALSE
"group_L3_e377e995","disease_vs_normal","group",2,"UNK",NA,5,5,0,0,0,"",FALSE
"group_L3_e388dd1d","disease_vs_normal","group",2,"UNK",NA,10,10,1,0,1,"STR:early_onset_colorectal_cancer",FALSE
"group_L3_e3b14fc4","disease_vs_normal","group",2,"UNK",NA,14,14,2,0,2,"MeSH:D010300|STR:lbd",TRUE
"group_L3_e3efa364","small_molecule","group",7,"UNK",NA,16,16,0,4,4,"CHEBI:230484|STR:100_nm_doppa_stemline_hsc_expansion_medium|STR:fkbp|STR:lmk235_for_16_hours",TRUE
"group_L3_e4075747","small_molecule","group",6,"CHEBI:17126","carnitine",30,30,0,3,3,"STR:bm4|STR:lps_exposed|STR:lps_exposed_for_24_hours",TRUE
"group_L3_e41ed87f","disease_vs_normal","group",2,"UNK",NA,6,6,1,0,1,"MeSH:D046152",FALSE
"group_L3_e4752bd1","disease_vs_normal","group",4,"MeSH:D000018","Abomasum",61,61,1,0,1,"STR:ad",FALSE
"group_L3_e4b0747b","disease_vs_normal","group",2,"UNK",NA,7,7,1,0,1,"STR:cholangiocarcinoma_cell_lines",FALSE
"group_L3_e4e1c416","disease_vs_normal","group",4,"UNK",NA,12,12,3,0,3,"STR:ev|STR:pcos_noeps_null|STR:t2d",TRUE
"group_L3_e4ff5afd","disease_vs_normal","group",2,"UNK",NA,6,6,1,0,1,"STR:human_colon_cancer_tumor_cell",FALSE
"group_L3_e50c2c88","disease_vs_normal","group",3,"UNK",NA,11,11,1,0,1,"STR:uterine_carcinoma",FALSE
"group_L3_e51a7288","small_molecule","group",3,"UNK",NA,43,43,0,3,3,"CHEBI:73823|STR:il13_geldanamycin|STR:isox",TRUE
"group_L3_e5226c2c","small_molecule","group",3,"UNK",NA,62,62,0,5,5,"STR:d2hg|STR:d2hg_l2hg|STR:l2hg|STR:l2hg_followed_by_withdrawal|STR:l2hg_vitamin_c_a2p",TRUE
"group_L3_e5846bcb","disease_vs_normal","group",3,"UNK",NA,14,14,1,0,1,"STR:parkinson_s_disease_patient",FALSE
"group_L3_e5d87e15","disease_vs_normal","group",2,"MeSH:D009719","Nurse Anesthetists",5,5,0,0,0,"",FALSE
"group_L3_e624f979","small_molecule","group",2,"CHEBI:230905","Ribociclib",3,3,0,2,2,"CHEBI:230905|STR:ribociclb_600_nm",TRUE
"group_L3_e66b2973","pathogen_or_aggregate_exposure","group",4,"STR:hepatitis b virus","Hepatitis B virus",51,51,0,3,3,"STR:cccr07|STR:cccr08|STR:tlr7_cm",TRUE
"group_L3_e66e06b8","cytokine_stim","group",2,"UNK",NA,8,8,0,1,1,"STR:tgf",FALSE
"group_L3_e675286b","pathogen_or_aggregate_exposure","group",17,"UNK",NA,139,139,0,5,5,"STR:10nm_vd_treatment_and_h1n1_infection|STR:from_infected_nsg_l_mice_5_days_after_sars_cov_2_inoculation|STR:sars_cov_2_5_moi|STR:sars_cov_2_infected|STR:sars_cov2",TRUE
"group_L3_e686bf17","small_molecule","group",3,"UNK",NA,9,9,0,1,1,"STR:vitcv",FALSE
"group_L3_e696f5c4","disease_vs_normal","group",6,"UNK",NA,75,75,4,0,4,"MeSH:D009362|STR:osteosarcoma_cancer|STR:primary|STR:unknown",TRUE
"group_L3_e6d25ac0","pathogen_or_aggregate_exposure","group",5,"UNK",NA,90,90,0,2,2,"CHEBI:73823|STR:0nm_vd_treatment_and_h1n1_infection",TRUE
"group_L3_e71a88bc","disease_vs_normal","group",2,"MeSH:D003149","Community Dentistry",6,6,1,0,1,"STR:colorectal_cancer_cell_line",FALSE
"group_L3_e765410d","disease_vs_normal","group",2,"UNK",NA,5,5,1,0,1,"STR:primary_tumour",FALSE
"group_L3_e76c736e","small_molecule","group",2,"UNK",NA,6,6,0,2,2,"STR:treated_with_myr_for_24_hours|STR:treated_with_nc_for_24_hours",TRUE
"group_L3_e77a81cd","small_molecule","group",2,"CHEBI:17195","thiomorpholine-3-carboxylic acid",5,5,0,2,2,"HGNC:ETV4|STR:10nm_e2",TRUE
"group_L3_e7937e21","small_molecule","group",2,"CHEBI:44616","afimoxifene",3,3,0,2,2,"HGNC:DIS3L|STR:10_7_m_4_oh_tamoxifen_sigma",TRUE
"group_L3_e7efc0d7","pathogen_or_aggregate_exposure","group",2,"UNK",NA,8,8,0,1,1,"STR:mono_hcv",FALSE
"group_L3_e835ffbd","disease_vs_normal","group",2,"MeSH:D009427","Netherlands Antilles",3,3,0,0,0,"",FALSE
"group_L3_e85de5e7","small_molecule","group",2,"CHEBI:5078","flavonol",12,12,0,4,4,"CHEBI:47344|CHEBI:51450|CHEBI:90620|STR:cediranib",TRUE
"group_L3_e8b92125","pathogen_or_aggregate_exposure","group",2,"MeSH:D015497","HIV-1",2,2,0,0,0,"",FALSE
"group_L3_e9546ce0","disease_vs_normal","group",4,"UNK",NA,12,12,2,0,2,"STR:down_syndrome|STR:mesial_temporal_lobe_epilepsy",TRUE
"group_L3_e96b9258","small_molecule","group",2,"CHEBI:28748","doxorubicin",19,19,0,0,0,"",FALSE
"group_L3_e97cf1aa","small_molecule","group",2,"CHEBI:28077","rifampicin",64,64,0,1,1,"STR:rifampicine_drug",FALSE
"group_L3_e984f119","small_molecule","group",2,"CHEBI:133681","4-ethylphenyl sulfate(1−)",3,3,0,2,2,"STR:100ng_ml_tweak|STR:tweak_100ng_ml_stimulated",TRUE
"group_L3_e998346f","disease_vs_normal","group",4,"UNK",NA,12,12,2,0,2,"STR:breast_cancer_cells|STR:epithelial_breast_cancer_cell_line_derived_from_metasatic_pleural_effusion",TRUE
"group_L3_e9add126","small_molecule","group",2,"UNK",NA,4,4,0,2,2,"CHEBI:144671|CHEBI:27789",TRUE
"group_L3_e9b9b9bc","pathogen_or_aggregate_exposure","group",3,"UNK",NA,24,24,0,2,2,"STR:ama1|STR:csp",TRUE
"group_L3_e9e93d63","disease_vs_normal","group",2,"UNK",NA,21,21,1,0,1,"STR:diabetic",FALSE
"group_L3_e9fb2b4e","disease_vs_normal","group",2,"MeSH:D014947","Wounds and Injuries",6,6,0,0,0,"",FALSE
"group_L3_ea0fd832","small_molecule","group",2,"CHEBI:17135","long-chain fatty alcohol",3,3,0,1,1,"STR:e2",FALSE
"group_L3_ea106069","small_molecule","group",2,"CHEBI:134207","methylcytosine",7,7,0,7,7,"CHEBI:135515|CHEBI:145365|CHEBI:231355|CHEBI:231651|CHEBI:65326",TRUE
"group_L3_eac7b64a","pathogen_or_aggregate_exposure","group",5,"UNK",NA,24,24,0,4,4,"STR:hbv_hdv_co_infection|STR:hbv_infected_ayw|STR:hbv_mono_infection|STR:hdv_mono_infection",TRUE
"group_L3_ead8107f","disease_vs_normal","group",10,"UNK",NA,170,170,6,0,6,"STR:eosinophilic_chronic_rhinosinusitis_ecrs|STR:metastatic_nasopharyngeal_carcinoma_patient_sample|STR:nasopharyngeal_carcinoma|STR:nasopharyngeal_carcinoma_biopsy|STR:nasopharyngeal_carcinoma_tissue",TRUE
"group_L3_eadbdcd4","small_molecule","group",2,"UNK",NA,5,5,0,1,1,"STR:treated_with_sr3335_for_24_hours",FALSE
"group_L3_eaf2e523","disease_vs_normal","group",2,"UNK",NA,18,18,3,0,3,"STR:benign_nf_g4|STR:formalin_fixed_paraffin_embedded_ffpe_tumor_tissue_block_from_human_nf2_patient|STR:sporadic_spinal_nf_g5",TRUE
"group_L3_eaf5b7a8","disease_vs_normal","group",3,"UNK",NA,16,16,3,0,3,"STR:melanoma_tumor|STR:tumor_from_pdx_0528_2_mice_of_mibc_patient|STR:tumor_from_pdx_0528_mice_of_mibc_patient",TRUE
"group_L3_eb0bbc30","small_molecule","group",2,"UNK",NA,250,250,0,3,3,"STR:aza|STR:fluga|STR:sndx_5613",TRUE
"group_L3_eb1d10cd","disease_vs_normal","group",3,"UNK",NA,9,9,0,0,0,"",FALSE
"group_L3_eb2f0024","small_molecule","group",5,"UNK",NA,19,19,0,5,5,"STR:1_microm_sr_0813|STR:10_microm_sr_0813|STR:3_um_a_485|STR:hht_10ng_ml|STR:hht_5ng_ml",TRUE
"group_L3_eb47c526","disease_vs_normal","group",2,"UNK",NA,9,9,1,0,1,"STR:breast_adenocarcinoma",FALSE
"group_L3_ebac53fb","disease_vs_normal","group",4,"UNK",NA,34,34,2,0,2,"STR:cteph|STR:tetralogy_of_fallot",TRUE
"group_L3_ebb288a3","disease_vs_normal","group",2,"UNK",NA,12,12,2,0,2,"MeSH:D065290|STR:t1d",TRUE
"group_L3_ebb85566","disease_vs_normal","group",3,"UNK",NA,28,28,0,0,0,"",FALSE
"group_L3_ebd759d8","pathogen_or_aggregate_exposure","group",2,"STR:candidemia","Candidemia",76,76,0,0,0,"",FALSE
"group_L3_ebdba2c2","small_molecule","group",2,"CHEBI:87197","dichlorophenyl dicarboximide fungicide",2,2,0,1,1,"CHEBI:39112",FALSE
"group_L3_ebff344d","small_molecule","group",9,"UNK",NA,40,40,0,4,4,"STR:aa5|STR:bjikt_monotherapy|STR:egfr_tki|STR:il4_compound_treated",TRUE
"group_L3_ec499673","disease_vs_normal","group",2,"UNK",NA,34,34,2,0,2,"MeSH:D055752|STR:lung_carcinoma",TRUE
"group_L3_ec55f339","disease_vs_normal","group",4,"UNK",NA,147,147,4,0,4,"STR:early_onset_colorectal_cancer|STR:sessile_serrated_adenoma_polyp_with_no_cytologic_dysplasia|STR:tubular_adenoma_with_1_focal_high_grade_dysplasia_2_low_grade_dysplasia|STR:tubular_adenoma_with_low_grade_dysplasia",TRUE
"group_L3_ec8987e1","disease_vs_normal","group",2,"UNK",NA,9,9,1,0,1,"STR:niemann_pick_type_a",FALSE
"group_L3_ec8f9c28","disease_vs_normal","group",27,"UNK",NA,380,380,17,0,17,"MeSH:D005764|STR:adult_male_esophagus_cancer_tissue|STR:classical|STR:conventional_eoe|STR:distal_metastsis",TRUE
"group_L3_ecc70aad","disease_vs_normal","group",2,"UNK",NA,3,3,0,0,0,"",FALSE
"group_L3_ecfc220b","disease_vs_normal","group",3,"UNK",NA,8,8,2,0,2,"STR:anaplastic_thyroid_carcinoma_cells|STR:thyroid_gland_undifferentiated_anaplastic_carcinoma",TRUE
"group_L3_ed0360db","disease_vs_normal","group",2,"UNK",NA,173,173,0,0,0,"",FALSE
"group_L3_ed7ebf04","small_molecule","group",2,"CHEBI:88266","(7<i>Z</i>,10<i>Z</i>,13<i>Z</i>,16<i>Z</i>,19<i>Z</i>)-docosapentaenoyl-containing glycerolipid",4,4,0,3,3,"CHEBI:132268|CHEBI:61390|CHEBI:75045",TRUE
"group_L3_edbf0bb0","pathogen_or_aggregate_exposure","group",8,"UNK",NA,55,55,0,10,10,"CHEBI:27641|STR:h1n1_tg|STR:iavdns1_infected_moi_3|STR:infected_hi176_at_moi_of_100_1|STR:rv_a16",TRUE
"group_L3_edee8a6d","cytokine_stim","group",2,"CHEBI:17236","2-hydroxy-6-oxohexa-2,4-dienoic acid",3,3,0,1,1,"HGNC:IRF1",FALSE
"group_L3_edfdde0e","pathogen_or_aggregate_exposure","group",5,"UNK",NA,51,51,0,0,0,"",FALSE
"group_L3_ee27e4f0","disease_vs_normal","group",2,"UNK",NA,3,3,2,0,2,"STR:derived_from_metastatic_site_ascites|STR:derived_from_metastatic_site_liver",TRUE
"group_L3_ee725a97","disease_vs_normal","group",3,"MeSH:D005815","Genetic Code",6,6,2,0,2,"STR:glioblastoma|STR:tumor_gbm",TRUE
"group_L3_ee7d3d91","small_molecule","group",9,"UNK",NA,156,156,0,7,7,"CHEBI:48705|CHEBI:48706|STR:post|STR:pre|STR:sb414_2",TRUE
"group_L3_ee85c96c","disease_vs_normal","group",2,"UNK",NA,7,7,2,0,2,"MeSH:D015477|STR:aml",TRUE
"group_L3_ee88f9bd","pathogen_or_aggregate_exposure","group",2,"STR:candida/bacterial","Candida/bacterial",20,20,0,0,0,"",FALSE
"group_L3_eedecd90","disease_vs_normal","group",2,"MeSH:D009182","Mycosis Fungoides",12,12,1,0,1,"STR:multiple_myeloma",FALSE
"group_L3_eee76436","small_molecule","group",3,"CHEBI:41774","tamoxifen",15,15,0,1,1,"CHEBI:41774",FALSE
"group_L3_ef01df43","small_molecule","group",2,"UNK",NA,26,26,0,3,3,"STR:200_nm_pom|STR:200_nm_pom_40_nm_gne_781|STR:40_nm_gne_781",TRUE
"group_L3_ef07c5ee","disease_vs_normal","group",3,"UNK",NA,23,23,1,0,1,"STR:meningioma",FALSE
"group_L3_ef0a25c7","cytokine_stim","group",2,"MeSH:D020381","Interleukin-17",11,11,0,2,2,"STR:il_25|STR:il17_ifn_g",TRUE
"group_L3_ef13d1de","small_molecule","group",4,"UNK",NA,14,14,0,5,5,"STR:125nm_mz1_2_weeks|STR:500nm_mz1_2_weeks|STR:his_6_mp|STR:tak_981|STR:tscm",TRUE
"group_L3_ef1ad21a","small_molecule","group",6,"UNK",NA,29,29,0,6,6,"CHEBI:230500|STR:aso_1_for_srebf1|STR:aso_4_for_srebf1|STR:odc_24h|STR:odc_2h",TRUE
"group_L3_ef52b72c","disease_vs_normal","group",2,"UNK",NA,9,9,3,0,3,"MeSH:D009369|STR:primary_colorectal_cancer|STR:primary_colorectal_carcinoma",TRUE
"group_L3_ef8d15bc","small_molecule","group",2,"CHEBI:8378","prednisolone",18,18,0,0,0,"",FALSE
"group_L3_efccac7a","small_molecule","group",2,"CHEBI:30778","gallic acid",5,5,0,2,2,"CHEBI:45863|STR:20nm_paclitaxel",TRUE
"group_L3_efcee24f","disease_vs_normal","group",8,"UNK",NA,82,82,7,0,7,"MeSH:D003110|MeSH:D003424|STR:cd|STR:colon_cancer_stage_ii_iv|STR:org",TRUE
"group_L3_eff4d04a","cytokine_stim","group",2,"STR:interferon gamma","Interferon gamma",3,3,0,1,1,"STR:ifn_gamma",FALSE
"group_L3_f00ee027","small_molecule","group",2,"STR:glycine max 7s globulin","Glycine max 7S globulin",26,26,0,0,0,"",FALSE
"group_L3_f01f0070","disease_vs_normal","group",122,"UNK",NA,1977,1977,92,0,92,"MeSH:D000077192|MeSH:D002289|MeSH:D002294|MeSH:D006863|MeSH:D008175",TRUE
"group_L3_f01f59db","pathogen_or_aggregate_exposure","group",2,"STR:sars-cov-2","SARS-CoV-2",10,10,0,1,1,"STR:sars_cov_2_infected",FALSE
"group_L3_f0288f7e","disease_vs_normal","group",2,"UNK",NA,5,5,1,0,1,"MeSH:D010051",FALSE
"group_L3_f06052a8","disease_vs_normal","group",2,"UNK",NA,5,5,0,0,0,"",FALSE
"group_L3_f07de25e","pathogen_or_aggregate_exposure","group",2,"UNK",NA,8,8,0,1,1,"STR:hunov_gii_4_infection_48h",FALSE
"group_L3_f0db5a2c","disease_vs_normal","group",3,"UNK",NA,8,8,4,0,4,"STR:dlbcl_tumor_sample|STR:high_grade_serous_ovarian_cancer_hgsoc|STR:tumor_from_pdx_0617_mice_of_mibc_patient|STR:tumor_from_pdx_0927_mice_of_mibc_patient",TRUE
"group_L3_f0f97f19","small_molecule","group",2,"CHEBI:27388","benzoylacetyl-CoA",12,12,0,3,3,"STR:0_1_g_ml_doxycycline|STR:0_3_g_ml_doxycycline|STR:rna",TRUE
"group_L3_f100d12a","disease_vs_normal","group",5,"UNK",NA,34,34,1,0,1,"STR:npc_derived_tumor_sphere",FALSE
"group_L3_f1542c7f","small_molecule","group",2,"UNK",NA,7,7,0,6,6,"STR:g007_lk|STR:g007_lk_and_gdc_0973|STR:g007_lk_and_gdc_0974|STR:g007_lk_and_gdc_0975|STR:gdc_0974",TRUE
"group_L3_f15df775","small_molecule","group",2,"UNK",NA,48,48,0,3,3,"STR:e2|STR:e2_p4|STR:p4",TRUE
"group_L3_f17190ae","small_molecule","group",2,"CHEBI:5094","Flindersine",4,4,0,2,2,"STR:clontracer_barcoded_hcc827_cell_population_was_treated_with_2_m_erlotinib_for_47_days_to_generate_the_erlotinib_resistant_cell_population|STR:day1",TRUE
"group_L3_f1ade465","small_molecule","group",2,"CHEBI:15649","3,6,9-trihydroxypterocarpan",3,3,0,0,0,"",FALSE
"group_L3_f1c85004","small_molecule","group",3,"UNK",NA,12,12,0,2,2,"STR:a83_01_treated|STR:t1_treated_a83_01",TRUE
"group_L3_f1db4339","pathogen_or_aggregate_exposure","group",2,"UNK",NA,4,4,0,0,0,"",FALSE
"group_L3_f1ec814e","disease_vs_normal","group",4,"UNK",NA,20,20,2,0,2,"STR:lung_carcinoma|STR:pdx_ladc_tissue",TRUE
"group_L3_f1f5813b","disease_vs_normal","group",2,"UNK",NA,582,582,0,0,0,"",FALSE
"group_L3_f24184c0","small_molecule","group",2,"STR:rituximab","rituximab",26,26,0,0,0,"",FALSE
"group_L3_f3495848","small_molecule","group",2,"UNK",NA,8,8,0,1,1,"STR:epz0011989",FALSE
"group_L3_f36f1849","disease_vs_normal","group",2,"UNK",NA,26,26,2,0,2,"STR:cancer_tissue|STR:human_cancer_tissue",TRUE
"group_L3_f39f54da","small_molecule","group",48,"UNK",NA,350,350,0,135,135,"CHEBI:137270|CHEBI:146227|CHEBI:167658|CHEBI:193137|CHEBI:194301",TRUE
"group_L3_f3de5ed9","small_molecule","group",2,"UNK",NA,4,4,0,2,2,"HGNC:YWHAG|STR:50_g_ml_of_essential_oil_from_pinus_koraiensis_pinecones_for_24_h",TRUE
"group_L3_f404e8f4","disease_vs_normal","group",2,"UNK",NA,22,22,1,0,1,"MeSH:D001749",FALSE
"group_L3_f4159500","disease_vs_normal","group",2,"MeSH:D003319","Corneal Stroma",20,20,1,0,1,"MeSH:D003424",FALSE
"group_L3_f45a78c8","disease_vs_normal","group",2,"UNK",NA,14,14,1,0,1,"STR:sle_without_ln",FALSE
"group_L3_f4743c93","disease_vs_normal","group",2,"UNK",NA,2,2,0,0,0,"",FALSE
"group_L3_f47cf2c8","disease_vs_normal","group",2,"UNK",NA,23,23,2,0,2,"MeSH:D015179|STR:colorectal_cancer_stem_cell_spheroids",TRUE
"group_L3_f49acc47","small_molecule","group",7,"CHEBI:16469","17β-estradiol",25,25,0,6,6,"CHEBI:50114|STR:10nm_e2|STR:10nm_e2_10nm_dexamethasone|STR:17_beta_estradiol_e2|STR:17b_estradiol",TRUE
"group_L3_f4b72b7c","small_molecule","group",4,"CHEBI:123456","N-ethyl-2-[(2R,3R,6S)-3-[(4-fluorophenyl)sulfonylamino]-2-(hydroxymethyl)-3,6-dihydro-2H-pyran-6-yl]acetamide",7,7,0,3,3,"CHEBI:233362|STR:120_hour_treatmed_with_5_um_erdafitinib|STR:abemaciclib_sr11302",TRUE
"group_L3_f4cfbf77","small_molecule","group",6,"CHEBI:31638","fulvestrant",15,15,0,4,4,"CHEBI:31638|STR:10_nm_fulvestrant_for_6_hours|STR:100nm_fulvestrant|STR:fulvestrant_30nm",TRUE
"group_L3_f4e8141c","small_molecule","group",5,"UNK",NA,94,94,0,11,11,"CHEBI:18258|CHEBI:30145|CHEBI:50594|STR:0_1x|STR:1000x",TRUE
"group_L3_f4eff5a1","small_molecule","group",4,"UNK",NA,15,15,0,5,5,"CHEBI:79090|CHEBI:91224|STR:hlm006474_10um|STR:hlm006474_10um_and_s3i_201|STR:hlm006474_15um",TRUE
"group_L3_f50f34fe","pathogen_or_aggregate_exposure","group",60,"UNK",NA,1719,1719,0,3,3,"STR:no_treatment|STR:tlr4_ligand_lps_1_microgram_ml_for_2_hours|STR:vaccine",TRUE
"group_L3_f57b630f","disease_vs_normal","group",4,"UNK",NA,10,10,3,0,3,"STR:non_seminoma_germ_cell_tumor_embryonal_carcinoma|STR:testicular_biopsy_with_testicular_contusion_and_laceration|STR:testicular_biopsy_with_testicular_necrosis",TRUE
"group_L3_f57dea89","disease_vs_normal","group",2,"UNK",NA,7,7,1,0,1,"MeSH:D020522",FALSE
"group_L3_f5901314","disease_vs_normal","group",10,"UNK",NA,20,20,3,0,3,"STR:papillary_thyroid_cancer_cells|STR:thyroid_cancer_cell_line|STR:thyroid_cancer_cells",TRUE
"group_L3_f5b9c6de","disease_vs_normal","group",2,"MeSH:D016640","Diabetes, Gestational",30,30,1,0,1,"STR:gdm",FALSE
"group_L3_f5c3f96b","disease_vs_normal","group",2,"UNK",NA,50,50,0,0,0,"",FALSE
"group_L3_f5c954cc","small_molecule","group",3,"UNK",NA,25,25,0,4,4,"CHEBI:102218|CHEBI:15341|STR:464|STR:dmog_hmgb1",TRUE
"group_L3_f5ce0637","disease_vs_normal","group",29,"UNK",NA,102,102,9,0,9,"STR:an_established_cell_line_from_a_primary_pancreas_tumor_transduced_with_a_retrovirus_that_expressed_human_e47|STR:colo_357_metastatic_pancreatic_adenocarcinoma|STR:panc_1_human_pancreatic_cancer_cell_line|STR:pancreas_cancer_derived_cell_line|STR:pancreatic_cancer_cell",TRUE
"group_L3_f63bfdb4","small_molecule","group",4,"UNK",NA,20,20,0,5,5,"STR:a0529_utp18|STR:ch_223191_treatment|STR:differentiated_ch_223191_treatment|STR:dome_dapt|STR:dome_ogm",TRUE
"group_L3_f66d21f2","small_molecule","group",43,"UNK",NA,281,281,0,60,60,"CHEBI:195541|CHEBI:90863|CHEBI:90942|CHEBI:91334|CHEBI:91440",TRUE
"group_L3_f6855cb5","small_molecule","group",3,"CHEBI:30971","2<em>H</em>-azirine",25,25,0,2,2,"CHEBI:41879|STR:dox_for_24_hours",TRUE
"group_L3_f690e05f","small_molecule","group",2,"CHEBI:231598","tazemetostat",5,5,0,2,2,"CHEBI:231598|STR:5_um_tazemetostat",TRUE
"group_L3_f6b65ade","small_molecule","group",2,"CHEBI:68534","enzalutamide",8,8,0,5,5,"STR:10_um_enzalutamide|STR:10_um_enzalutamide_and_20_nm_onvansertib|STR:10_um_enzalutamide_and_30_nm_onvansertib|STR:20_um_enzalutamide|STR:enza",TRUE
"group_L3_f6f37fc7","disease_vs_normal","group",5,"UNK",NA,12,12,1,0,1,"MeSH:D015470",FALSE
"group_L3_f72c621f","small_molecule","group",7,"MeSH:D000981","Antiprotozoal Agents",21,21,0,0,0,"",FALSE
"group_L3_f72cfa9c","small_molecule","group",3,"CHEBI:3202","Buchananine",10,10,0,2,2,"CHEBI:3732|STR:low_dose_decitabine",TRUE
"group_L3_f72f5c24","disease_vs_normal","group",2,"MeSH:D003400","Astacoidea",4,4,2,0,2,"STR:human_colon_cancer_cells|STR:purified_cell",TRUE
"group_L3_f732a11f","pathogen_or_aggregate_exposure","group",9,"UNK",NA,37,37,0,14,14,"STR:24_hours_post_sars_cov_2_infection|STR:48_hours_post_pr8_infection|STR:48_hours_post_sars_cov_2_infection|STR:incubation_with_a_fumigatus_conidia_for_4_hours|STR:infected_with_sars_cov2_p11",TRUE
"group_L3_f788eac3","small_molecule","group",2,"CHEBI:85993","palbociclib",2,2,0,2,2,"STR:increasing_concentrations_of_palbociclib_for_7_months|STR:palbociclib_pd991_72hr",TRUE
"group_L3_f7c72c7b","small_molecule","group",3,"UNK",NA,19,19,0,3,3,"STR:bg_exposed_24_hours|STR:dexa_treated|STR:lps_and_5_um_ibet151_exposed_for_4_hours",TRUE
"group_L3_f810dc80","disease_vs_normal","group",5,"UNK",NA,14,14,1,0,1,"STR:melanoma_cancer_cells",FALSE
"group_L3_f8119df2","small_molecule","group",2,"CHEBI:16240","hydrogen peroxide",2,2,0,1,1,"CHEBI:16240",FALSE
"group_L3_f81ca53f","disease_vs_normal","group",2,"UNK",NA,31,31,1,0,1,"STR:non_ktcn",FALSE
"group_L3_f83ddbca","small_molecule","group",2,"STR:pembrolizumab","Pembrolizumab",13,13,0,1,1,"STR:pembrolizumab",FALSE
"group_L3_f87ba072","small_molecule","group",3,"CHEBI:41774","tamoxifen",4,4,0,2,2,"CHEBI:41774|STR:tam",TRUE
"group_L3_f893bd9d","disease_vs_normal","group",7,"UNK",NA,53,53,8,0,8,"MeSH:D001943|STR:breast_cancer_xenograft|STR:human_breast_cancer_xenograft|STR:human_breast_tumor_cells_implanted_into_mouse|STR:mda231_scp21_frr_mfp_tumor_326_passage_3",TRUE
"group_L3_f897f4a7","small_molecule","group",3,"CHEBI:63013","β-<small>D</small>-Gal<em>p</em>NAc-(1→3)-α-<small>D</small>-Gal<em>p</em>-(1→4)-β-<small>D</small>-Gal<em>p</em>-(1→4)-<small>D</small>-Glc<em>p</em>",6,6,0,3,3,"CHEBI:64310|STR:250_nm_crizotinib|STR:500nm_crizotinib",TRUE
"group_L3_f8ac5ac1","small_molecule","group",3,"CHEBI:28908","bambermycin",35,35,0,1,1,"STR:lsd1_inhibition",FALSE
"group_L3_f8c17703","small_molecule","group",5,"MeSH:D000001","Calcimycin",62,62,0,0,0,"",FALSE
"group_L3_f8db5eb9","small_molecule","group",2,"CHEBI:28748","doxorubicin",3,3,0,2,2,"HGNC:POU5F1|STR:1_m_doxorubicin_for_8_hours",TRUE
"group_L3_f954daab","disease_vs_normal","group",15,"UNK",NA,62,62,6,0,6,"MeSH:D015464|MeSH:D015477|STR:aml|STR:b_cell_acute_lymphoblastic_leukemia|STR:bone_marrow_chronic_myelogenous_leukemia_cml",TRUE
"group_L3_f9664885","small_molecule","group",11,"UNK",NA,31,31,0,15,15,"CHEBI:33387|STR:10_m_ferroptocide_for_6_hr|STR:b_elemene|STR:celastrol_2um|STR:cocl2",TRUE
"group_L3_f97282a4","disease_vs_normal","group",4,"UNK",NA,18,18,4,0,4,"STR:abbreviations_of_type_ii_diabetes|STR:early|STR:neovascular|STR:retinal_periphlebitis",TRUE
"group_L3_f9b4ec04","disease_vs_normal","group",4,"UNK",NA,8,8,3,0,3,"MeSH:D015179|STR:human_colorectal_carcinoma|STR:human_colorectal_carcinoma_htc_116_atcc_ccl_247",TRUE
"group_L3_fa4cb9be","disease_vs_normal","group",5,"MeSH:D009875","Operator Regions, Genetic",110,110,3,0,3,"MeSH:D010051|STR:caov2_primary_ovarian_cancer_cell|STR:ovarian_cancer_cells",TRUE
"group_L3_fa5b82dd","disease_vs_normal","group",2,"UNK",NA,5,5,1,0,1,"STR:adrenocortical_carcinoma",FALSE
"group_L3_fa792f52","small_molecule","group",9,"UNK",NA,76,76,0,7,7,"CHEBI:50749|STR:bay87_2243|STR:coaltar_2h|STR:tcdd_24h|STR:tcdd_2h",TRUE
"group_L3_faa9e617","small_molecule","group",2,"CHEBI:34884","naphthyl-2-methyl-succinyl-CoA",2,2,0,1,1,"CHEBI:27899",FALSE
"group_L3_faaf7cc7","pathogen_or_aggregate_exposure","group",2,"UNK",NA,9,9,0,1,1,"STR:day_3_cd155_l_cells_stimulation",FALSE
"group_L3_fad04809","disease_vs_normal","group",2,"UNK",NA,4,4,2,0,2,"STR:metastatic_ovarian_cancer|STR:ovary_tumor",TRUE
"group_L3_fadaada2","disease_vs_normal","group",2,"UNK",NA,23,23,0,0,0,"",FALSE
"group_L3_fb5207e0","disease_vs_normal","group",27,"UNK",NA,217,217,2,0,2,"STR:cont|STR:hd_ctrl",TRUE
"group_L3_fb557ffc","disease_vs_normal","group",3,"UNK",NA,7,7,0,0,0,"",FALSE
"group_L3_fbaa8284","small_molecule","group",2,"CHEBI:123456","N-ethyl-2-[(2R,3R,6S)-3-[(4-fluorophenyl)sulfonylamino]-2-(hydroxymethyl)-3,6-dihydro-2H-pyran-6-yl]acetamide",26,26,0,1,1,"STR:venetoclax_and_azacitidine",FALSE
"group_L3_fbae8cfd","small_molecule","group",2,"CHEBI:27899","cisplatin",2,2,0,1,1,"CHEBI:27899",FALSE
"group_L3_fbb30f78","disease_vs_normal","group",2,"UNK",NA,4,4,0,0,0,"",FALSE
"group_L3_fbd44fca","small_molecule","group",2,"CHEBI:50756","acridone",4,4,0,2,2,"STR:huh7_cells_were_treated_with_chronic_sorafenib|STR:treated_with_gefitinib_for_24_hours",TRUE
"group_L3_fbfc244d","disease_vs_normal","group",2,"UNK",NA,14,14,1,0,1,"STR:paracancerous",FALSE
"group_L3_fc095e75","small_molecule","group",3,"UNK",NA,29,29,0,2,2,"STR:cyh33|STR:lipo",TRUE
"group_L3_fc3d2c22","disease_vs_normal","group",2,"UNK",NA,16,16,1,0,1,"MeSH:D011471",FALSE
"group_L3_fc45f9a3","pathogen_or_aggregate_exposure","group",18,"UNK",NA,165,165,0,0,0,"",FALSE
"group_L3_fc99c450","small_molecule","group",2,"CHEBI:47898","4'-epidoxorubicin",25,25,0,0,0,"",FALSE
"group_L3_fd252052","disease_vs_normal","group",2,"UNK",NA,4,4,1,0,1,"STR:head_and_neck_squamous_cell_carcinoma_cell_line",FALSE
"group_L3_fd3a2c2b","small_molecule","group",2,"CHEBI:63630","tolcapone",9,9,0,5,5,"CHEBI:63791|CHEBI:68478|CHEBI:72690|CHEBI:79699|STR:1nm_romidepsin",TRUE
"group_L3_fd5c8fd5","cytokine_stim","group",2,"HGNC:11892","TNF",6,6,0,1,1,"STR:tumor_necrosis_factor",FALSE
"group_L3_fd710550","disease_vs_normal","group",2,"UNK",NA,2,2,0,0,0,"",FALSE
"group_L3_fdf168f8","small_molecule","group",2,"CHEBI:16515","3-ADP-glyceric acid",2,2,0,1,1,"STR:10_nm_1",FALSE
"group_L3_fe0b3628","small_molecule","group",2,"CHEBI:50556","hydrogen trithiocarbonate",2,2,0,1,1,"STR:dapt_gsi",FALSE
"group_L3_fe353628","pathogen_or_aggregate_exposure","group",2,"UNK",NA,4,4,0,2,2,"STR:cmv_infection|STR:zikv_infected",TRUE
"group_L3_fe59e4e7","small_molecule","group",2,"CHEBI:16579","anisole",7,7,0,2,2,"STR:1|STR:1alpha",TRUE
"group_L3_fe7f9cb9","small_molecule","group",7,"CHEBI:68534","enzalutamide",30,30,0,4,4,"CHEBI:68534|STR:10_um_enzalutamide|STR:enzalutamide_induction|STR:wt_100nm_plus_ezalutamide_1_micromolar",TRUE
"group_L3_feb651a7","small_molecule","group",4,"MeSH:D003473","Neuromuscular Nondepolarizing Agents",7,7,0,0,0,"",FALSE
"group_L3_feb999ca","small_molecule","group",2,"CHEBI:16635","Met-tRNA<small><sup>Met</small></sup>",19,19,0,1,1,"STR:tgf_beta1",FALSE
"group_L3_ff1db674","pathogen_or_aggregate_exposure","group",4,"UNK",NA,76,76,0,0,0,"",FALSE
"group_L3_ff65693f","cytokine_stim","group",2,"CHEBI:16994","1-(β-<small>D</small>-galactosyl)-2-(2-hydroxyacyl)sphingosine",6,6,0,4,4,"STR:tnf_10min|STR:tnf_30min|STR:tnf_4h|STR:tnf_5min",TRUE
"group_L3_ff7763a9","disease_vs_normal","group",2,"UNK",NA,8,8,2,0,2,"MeSH:D009369|STR:rhabdomyosarcoma",TRUE
"group_L3_ff9d5f20","small_molecule","group",2,"UNK",NA,6,6,0,1,1,"CHEBI:145535",FALSE
"group_L3_ffb80e2c","cytokine_stim","group",2,"HGNC:11927","TNFSF12",9,9,0,1,1,"STR:tweak",FALSE
"group_L3_ffcca9d8","small_molecule","group",4,"CHEBI:123456","N-ethyl-2-[(2R,3R,6S)-3-[(4-fluorophenyl)sulfonylamino]-2-(hydroxymethyl)-3,6-dihydro-2H-pyran-6-yl]acetamide",73,73,0,33,33,"CHEBI:132268|CHEBI:145372|CHEBI:145374|CHEBI:145428|CHEBI:173077",TRUE
"group_L4_00088ac6","small_molecule","group",2,"MeSH:D006878","Hydroxides",5,5,0,0,0,"",FALSE
"group_L4_002587e3","disease_vs_normal","group",6,"UNK",NA,51,51,5,0,5,"MeSH:D009055|STR:head_and_neck_squamous_cell_carcinoma_cell_line_hn4_untreated|STR:human_ocscc|STR:oral_lichen_planus_tissue|STR:oral_squamous_cell_carcinoma_tissue",TRUE
"group_L4_005e93e1","small_molecule","group",10,"UNK",NA,41,41,0,12,12,"CHEBI:137113|CHEBI:145365|CHEBI:40629|CHEBI:67271|HGNC:ASCL1",TRUE
"group_L4_006dd0dd","small_molecule","group",3,"UNK",NA,16,16,0,4,4,"CHEBI:50114|STR:200_nm_tvb_inhibitor|STR:estrogen_tamoxifen|STR:ut_105",TRUE
"group_L4_0073827d","disease_vs_normal","group",9,"UNK",NA,53,53,5,0,5,"MeSH:D001943|STR:breast_cancer_cell_line_derived_from_mcf_7|STR:breast_cancer_with_diabetes|STR:bulk_tumor|STR:mcf7_breast_cancer_cell_line",TRUE
"group_L4_00ab415e","small_molecule","group",2,"CHEBI:88502","DG(16:1(9Z)/18:3(6Z,9Z,12Z)/0:0)",4,4,0,0,0,"",FALSE
"group_L4_00d529e1","small_molecule","group",4,"MeSH:D006835","Hydrazones",42,42,0,0,0,"",FALSE
"group_L4_00e50bd6","disease_vs_normal","group",36,"UNK",NA,328,328,24,0,24,"MeSH:D001943|MeSH:D008224|MeSH:D009369|MeSH:D011471|MeSH:D015266",TRUE
"group_L4_00f48d77","disease_vs_normal","group",2,"MeSH:D003093","Colitis, Ulcerative",3,3,1,0,1,"MeSH:D003093",FALSE
"group_L4_00f76d70","small_molecule","group",2,"CHEBI:49960","vandetanib",2,2,0,1,1,"CHEBI:49960",FALSE
"group_L4_0125fab6","disease_vs_normal","group",2,"MeSH:D006268","Health Facilities",5,5,2,0,2,"MeSH:D006528|STR:human_hepatocellular_carcinoma_cell_line",TRUE
"group_L4_01587bfe","small_molecule","group",2,"CHEBI:50845","doxycycline",4,4,0,1,1,"STR:doxycyline",FALSE
"group_L4_017ed123","cytokine_stim","group",2,"STR:interferon gamma","Interferon gamma",2,2,0,2,2,"STR:ifn_gamma|STR:ifng",TRUE
"group_L4_01975c2e","disease_vs_normal","group",8,"UNK",NA,153,153,3,0,3,"MeSH:D003093|STR:primary_tumor|STR:uc",TRUE
"group_L4_019e52bb","small_molecule","group",2,"UNK",NA,7,7,0,2,2,"CHEBI:3732|STR:cpdg_10_um",TRUE
"group_L4_01b8a4dc","small_molecule","group",2,"CHEBI:5516","sodium aurothiomalate",4,4,0,3,3,"CHEBI:64310|CHEBI:66903|CHEBI:78432",TRUE
"group_L4_01f137a8","small_molecule","group",2,"CHEBI:17120","hexanoate",2,2,0,1,1,"STR:rna",FALSE
"group_L4_024b2336","small_molecule","group",3,"CHEBI:67271","MK-2206",7,7,0,1,1,"CHEBI:67271",FALSE
"group_L4_026d63b1","small_molecule","group",2,"CHEBI:142708","tigecycline(1+)",5,5,0,0,0,"",FALSE
"group_L4_027e257a","disease_vs_normal","group",2,"UNK",NA,125,125,1,0,1,"STR:meningioma_tumor",FALSE
"group_L4_02a1fb3f","small_molecule","group",4,"CHEBI:3139","bleomycin A<small><sub>2</sub></small>",9,9,0,3,3,"CHEBI:3139|STR:treated_with_bleomycin_and_sb203580|STR:treated_with_bleomycin_in_culture",TRUE
"group_L4_02b94d46","small_molecule","group",4,"UNK",NA,20,20,0,7,7,"HGNC:SETD2|STR:bmn10nm|STR:dac100nm|STR:dac100nm_bmn10nm|STR:extended_opioid_exposure",TRUE
"group_L4_02eb343d","small_molecule","group",2,"CHEBI:4911","etoposide",5,5,0,2,2,"CHEBI:27561|STR:2_5_um_etoposide",TRUE
"group_L4_031d1f8a","small_molecule","group",2,"CHEBI:75529","1-lauroyl-<em>sn</em>-glycerol",2,2,0,2,2,"CHEBI:85993|CHEBI:91402",TRUE
"group_L4_032adc6b","pathogen_or_aggregate_exposure","group",2,"UNK",NA,5,5,0,2,2,"STR:5_p_g_supernatant_present_medium|STR:infected_by_fn_the_moi_of_1_10_for_48_h",TRUE
"group_L4_03431266","small_molecule","group",2,"STR:dcvc","DCVC",7,7,0,2,2,"STR:20_microm_dcvc|STR:20_um_dcvc",TRUE
"group_L4_03484cbf","disease_vs_normal","group",13,"UNK",NA,58,58,10,0,10,"MeSH:D000077195|MeSH:D002294|MeSH:D009062|STR:cancer_tissue|STR:cancer_tissue_of_tongue_cancer",TRUE
"group_L4_03bad217","small_molecule","group",2,"CHEBI:134451","phosphatidylethanolamine 36:1",3,3,0,2,2,"CHEBI:135938|STR:10_um_karanjin_for_24_hours",TRUE
"group_L4_03f55e4d","disease_vs_normal","group",2,"UNK",NA,2,2,1,0,1,"STR:ovcar3_ovarian_serous_adenocarcinoma",FALSE
"group_L4_04287c25","small_molecule","group",2,"CHEBI:136417","<em>S</em>-(chloromethyl)glutathione",6,6,0,1,1,"STR:infliximab",FALSE
"group_L4_04594626","small_molecule","group",3,"CHEBI:134226","β-<small>D</small>-Man<em>p</em>NAc-(1→3)-α-<small>L</small>-Fuc<em>p</em>NAc-(1→3)-α-<small>D</small>-Gal<em>p</em>NAc-(1→4)-α-<small>D</small>-Gal<em>p</em>O[CH<small><sub>2</sub></small>]<small><sub>5</sub></small>NH<small><sub>2</sub></small>",16,16,0,11,11,"CHEBI:135810|CHEBI:145417|CHEBI:231355|CHEBI:232616|CHEBI:34992",TRUE
"group_L4_04607cd8","small_molecule","group",2,"STR:pembrolizumab","Pembrolizumab",4,4,0,2,2,"STR:pemb_monotherapy|STR:pembrolizumab",TRUE
"group_L4_04d6d5d7","disease_vs_normal","group",2,"UNK",NA,1,1,0,0,0,"",FALSE
"group_L4_04e48ccc","small_molecule","group",6,"MeSH:D000939","Epitopes",33,33,0,0,0,"",FALSE
"group_L4_04e5a14d","pathogen_or_aggregate_exposure","group",9,"UNK",NA,41,41,0,5,5,"STR:ad4_hpv16e7|STR:c_trachomatis_infection_for_20hrs|STR:c_trachomatis_infection_for_44hrs|STR:c_trachomatis_infection_for_44hrs_in_the_presence_of_ifn|STR:ev71_infected",TRUE
"group_L4_05270fa9","small_molecule","group",2,"CHEBI:78023","4-coumaroyltriacetic acid lactone",2,2,0,1,1,"CHEBI:94793",FALSE
"group_L4_052b9eb1","small_molecule","group",2,"STR:dimethyl sulfoxide","Dimethyl sulfoxide",4,4,0,0,0,"",FALSE
"group_L4_052c1c74","disease_vs_normal","group",2,"MeSH:D014947","Wounds and Injuries",6,6,0,0,0,"",FALSE
"group_L4_05346197","small_molecule","group",2,"CHEBI:49603","lapatinib",25,25,0,0,0,"",FALSE
"group_L4_059d39e9","disease_vs_normal","group",8,"UNK",NA,45,45,6,0,6,"MeSH:D015179|STR:colorectal_cancer_organotypic_culture|STR:colorectal_tumor_tissues_moderately_differentiated|STR:colorectal_tumor_tissues_well_differentiated|STR:colorectum",TRUE
"group_L4_05bd81fa","pathogen_or_aggregate_exposure","group",3,"UNK",NA,8,8,0,1,1,"STR:hcmv_infected",FALSE
"group_L4_05e11daf","disease_vs_normal","group",6,"UNK",NA,40,40,8,0,8,"MeSH:D001932|MeSH:D009442|STR:astrocytoma|STR:brain_tumor_cell_line|STR:ependymoma",TRUE
"group_L4_063fc6e7","small_molecule","group",2,"CHEBI:23948","<i>erythro</i>-3-methylmalic acid",2,2,0,2,2,"STR:1um_retinoic_acid|STR:retinoic_acid_final_conc_30_m",TRUE
"group_L4_066c5fd7","small_molecule","group",3,"CHEBI:50845","doxycycline",15,15,0,2,2,"STR:doxycycline_24h|STR:doxycycline_4h",TRUE
"group_L4_06a513f6","disease_vs_normal","group",2,"UNK",NA,1,1,0,0,0,"",FALSE
"group_L4_06f0d563","small_molecule","group",121,"UNK",NA,1164,1164,0,118,118,"CHEBI:155879|CHEBI:15843|CHEBI:195541|CHEBI:73503|CHEBI:90863",TRUE
"group_L4_06fbc59e","small_molecule","group",2,"CHEBI:88017","α-mycolate type-1 (II)",5,5,0,4,4,"CHEBI:132268|CHEBI:39112|CHEBI:72317|CHEBI:75045",TRUE
"group_L4_06ffe6a8","small_molecule","group",16,"UNK",NA,82,82,0,9,9,"CHEBI:23888|STR:50nm_wx390_treated_for_24h|STR:av_aatbc|STR:bms|STR:ceffe",TRUE
"group_L4_079b1578","disease_vs_normal","group",20,"UNK",NA,205,205,12,0,12,"MeSH:D001172|MeSH:D015535|STR:arthralgia|STR:early_oa|STR:end_stage_oa",TRUE
"group_L4_07d344d4","small_molecule","group",39,"UNK",NA,407,407,0,49,49,"CHEBI:132774|CHEBI:167830|CHEBI:44975|HGNC:ESRRA|HGNC:GNB1L",TRUE
"group_L4_07d71cf1","disease_vs_normal","group",2,"UNK",NA,7,7,1,0,1,"STR:gastric_adenocarcinoma",FALSE
"group_L4_085352c0","small_molecule","group",2,"UNK",NA,27,27,0,2,2,"STR:4_oh_pcb52|STR:pcb52",TRUE
"group_L4_0859576e","small_molecule","group",6,"CHEBI:17105","4-maleylacetoacetate",13,13,0,1,1,"CHEBI:16412",FALSE
"group_L4_08db1d92","disease_vs_normal","group",2,"UNK",NA,46,46,2,0,2,"STR:wilms_tumor|STR:wilms_tumor_tissue",TRUE
"group_L4_08db888a","small_molecule","group",2,"UNK",NA,6,6,0,3,3,"STR:post_mosun|STR:sd36|STR:sd36me",TRUE
"group_L4_08efca98","small_molecule","group",5,"UNK",NA,42,42,0,11,11,"CHEBI:95074|STR:dac|STR:dac_depsi|STR:dac_gsk343|STR:dac_s2101",TRUE
"group_L4_09419a9e","disease_vs_normal","group",2,"UNK",NA,5,5,0,0,0,"",FALSE
"group_L4_097661ef","small_molecule","group",3,"CHEBI:134213","(<i>S</i>)-1,2,9,10-tetramethoxy-6-methylaporphine(1+)",6,6,0,5,5,"CHEBI:61397|STR:10_um_abiraterone_acetate|STR:enmd2076|STR:laq824|STR:obatoclax_mesylate",TRUE
"group_L4_0a032287","small_molecule","group",2,"STR:transforming growth factor beta 1","Transforming growth factor beta 1",8,8,0,1,1,"STR:tgf_1_plus_acetate",FALSE
"group_L4_0a2f157f","cytokine_stim","group",4,"CHEBI:85994","lenvatinib",14,14,0,7,7,"CHEBI:85994|STR:100_m_lenvatinib_for_24_hours|STR:40_m_lenvatinib_for_24_hours|STR:60_m_lenvatinib_for_24_hours|STR:80_m_lenvatinib_for_24_hours",TRUE
"group_L4_0a60093a","small_molecule","group",4,"CHEBI:230905","Ribociclib",8,8,0,3,3,"CHEBI:230905|STR:ribociclb_600_nm|STR:ribociclib_25mg_kg",TRUE
"group_L4_0a736fc5","small_molecule","group",2,"CHEBI:133907","hypothiocyanous acid",3,3,0,2,2,"CHEBI:91450|STR:1300_nm_bkm_ec50_replicate_1",TRUE
"group_L4_0ae9b2e4","small_molecule","group",2,"CHEBI:63247","reducing agent",3,3,0,2,2,"CHEBI:4672|STR:1nm_romidepsin_1um_ipatasertib",TRUE
"group_L4_0b0da25f","small_molecule","group",3,"CHEBI:34200","2,2',3,4',5,5'-Hexachloro-4-biphenylol",4,4,0,0,0,"",FALSE
"group_L4_0b10892c","disease_vs_normal","group",3,"UNK",NA,19,19,1,0,1,"STR:mm",FALSE
"group_L4_0b25c9c6","disease_vs_normal","group",7,"UNK",NA,82,82,1,0,1,"STR:crohn_s_disease_cd_or_ulcerative_colitis_uc",FALSE
"group_L4_0b439283","small_molecule","group",2,"CHEBI:63717","tenofovir disoproxil",5,5,0,3,3,"CHEBI:85990|STR:androgen_deprivation_medium_treated_with_olaparib|STR:complete_medium_treated_with_olaparib",TRUE
"group_L4_0b819d58","disease_vs_normal","group",2,"UNK",NA,139,139,1,0,1,"MeSH:D015179",FALSE
"group_L4_0bd02c15","disease_vs_normal","group",2,"UNK",NA,6,6,2,0,2,"STR:adenomyosis|STR:endometriosis_without_surgical_treatment",TRUE
"group_L4_0c31ef9b","small_molecule","group",2,"CHEBI:17236","2-hydroxy-6-oxohexa-2,4-dienoic acid",5,5,0,1,1,"STR:after_g_csf_treatment",FALSE
"group_L4_0c33cfd9","small_molecule","group",2,"CHEBI:71019","omacetaxine mepesuccinate",20,20,0,1,1,"CHEBI:71019",FALSE
"group_L4_0cc574af","disease_vs_normal","group",5,"UNK",NA,15,15,0,0,0,"",FALSE
"group_L4_0cd3a198","small_molecule","group",2,"CHEBI:3200","bryostatins",2,2,0,1,1,"STR:vcd_bortezomib_cyclophosphamide_dexamethasone_2",FALSE
"group_L4_0d0db911","small_molecule","group",2,"CHEBI:50759","<em>N</em>-formyl amino acid",5,5,0,0,0,"",FALSE
"group_L4_0d2bc325","disease_vs_normal","group",10,"MeSH:D009427","Netherlands Antilles",214,214,6,0,6,"STR:1|STR:2|STR:3|STR:a549_atcc_non_small_cell_lung_cancer|STR:non_small_cell_lung_cancer_nsclc",TRUE
"group_L4_0d500171","disease_vs_normal","group",3,"MeSH:D009145","Mushroom Poisoning",3,3,2,0,2,"MeSH:D012008|STR:multiple_myeloma",TRUE
"group_L4_0d76714e","small_molecule","group",2,"CHEBI:5070","flavanone",7,7,0,0,0,"",FALSE
"group_L4_0da293dc","small_molecule","group",2,"CHEBI:15649","3,6,9-trihydroxypterocarpan",3,3,0,0,0,"",FALSE
"group_L4_0e62d1bd","pathogen_or_aggregate_exposure","group",8,"UNK",NA,37,37,0,4,4,"STR:cov2|STR:sars_cov_2_mneongreen_moi_1|STR:spike_protein|STR:unknown",TRUE
"group_L4_0e68900a","disease_vs_normal","group",2,"UNK",NA,7,7,1,0,1,"MeSH:D058922",FALSE
"group_L4_0e95cdba","disease_vs_normal","group",2,"UNK",NA,3,3,0,0,0,"",FALSE
"group_L4_0f11b527","disease_vs_normal","group",19,"UNK",NA,338,338,6,0,6,"MeSH:D011225|MeSH:D047928|STR:early_onset_preeclampsia|STR:lupus|STR:placenta_accreta_spectrum_samples_pa",TRUE
"group_L4_0f15fa77","small_molecule","group",2,"CHEBI:50122","rosiglitazone",32,32,0,2,2,"CHEBI:50122|STR:rosiglitzone",TRUE
"group_L4_0f55f188","pathogen_or_aggregate_exposure","group",2,"STR:cpg-odn2006","CpG-ODN2006",7,7,0,2,2,"STR:tlr9_stimulation_with_2_5_g_ml_cpg_odn2006|STR:tlr9_stimulation_with_2_5ug_ml_cpg_odn2006",TRUE
"group_L4_0f608425","small_molecule","group",2,"CHEBI:79605","3-allyloxyestra-1,3,5(10),7-tetraene-16,17-dione dioxime",25,25,0,0,0,"",FALSE
"group_L4_0f70b16b","disease_vs_normal","group",2,"UNK",NA,21,21,1,0,1,"STR:diabetic",FALSE
"group_L4_0fd275b7","disease_vs_normal","group",2,"UNK",NA,4,4,1,0,1,"MeSH:D006528",FALSE
"group_L4_1015b7a3","small_molecule","group",2,"CHEBI:27974","estriol",20,20,0,4,4,"HGNC:IGF2BP1|HGNC:IGF2BP2|HGNC:IGF2BP3|HGNC:UPF1",TRUE
"group_L4_1081cd6c","small_molecule","group",2,"CHEBI:230500","THZ1",3,3,0,2,2,"CHEBI:230500|STR:0_1_m_thz1_treated_for_16h",TRUE
"group_L4_109dcc01","disease_vs_normal","group",9,"UNK",NA,39,39,6,0,6,"MeSH:D002292|STR:chronic_kidney_disease_ckd|STR:crpc_metastasis|STR:human_clear_cell_renal_cell_skin_metastasis|STR:rcc4_vhl_renal_cell_carcinoma_cell_line",TRUE
"group_L4_110daeaf","pathogen_or_aggregate_exposure","group",3,"UNK",NA,31,31,0,0,0,"",FALSE
"group_L4_112933c6","disease_vs_normal","group",2,"UNK",NA,8,8,1,0,1,"MeSH:D018222",FALSE
"group_L4_1213407b","small_molecule","group",2,"CHEBI:46742","Nutlin-3",5,5,0,1,1,"CHEBI:46742",FALSE
"group_L4_12174d2d","pathogen_or_aggregate_exposure","group",6,"UNK",NA,23,23,0,3,3,"STR:ifng_lps_stimulated_s|STR:infected_at_moi_1_for_72h|STR:polyic_dec_side",TRUE
"group_L4_1255cb73","cytokine_stim","group",2,"UNK",NA,4,4,0,1,1,"STR:stim_regn1945",FALSE
"group_L4_127f2cd3","pathogen_or_aggregate_exposure","group",2,"UNK",NA,19,19,0,0,0,"",FALSE
"group_L4_128f5911","cytokine_stim","group",2,"MeSH:D015850","Interleukin-6",11,11,0,1,1,"STR:10_ng_ml_il_6",FALSE
"group_L4_12a94540","cytokine_stim","group",2,"CHEBI:17100","<small>L</small>-arabinono-1,4-lactone",2,2,0,1,1,"STR:gm_csf_5ng_ml_1h",FALSE
"group_L4_12db7a61","cytokine_stim","group",8,"CHEBI:16994","1-(β-<small>D</small>-galactosyl)-2-(2-hydroxyacyl)sphingosine",21,21,0,6,6,"STR:100_ng_ml_interferon_gamma|STR:egf_treated_for_24_h|STR:hoipin_8|STR:ifng|STR:plus_interferon_gamma",TRUE
"group_L4_12fbc619","small_molecule","group",3,"CHEBI:134203","<em>P</em>-{α-<small>D</small>-Glc<em>p</em>NAc-(1→3)-[<small>D</small>-GroA-(2→1)]-α-<small>D</small>-Glc<em>p</em>NAc-6-yl}-α-<small>D</small>-Glc<em>p</em>NAc-(1→3)-[<small>D</small>-GroA-(2→1)]-α-<small>D</small>-Glc<em>p</em>NAc-<em>P</em>-6-[CH<small><sub>2</sub></small>]<small><sub>5</sub></small>NHC(=O)[CH<small><sub>2</sub></small>]<small><sub>4</sub></small>C(=O)NHR group",7,7,0,2,2,"STR:100nm_dbet6|STR:500nm_dbet6",TRUE
"group_L4_1374c2fd","disease_vs_normal","group",4,"MeSH:D011273","Pregnancy, Prolonged",46,46,3,0,3,"MeSH:D011471|STR:prostate_cancer_cell_lncap|STR:prostate_cancer_cells",TRUE
"group_L4_14257b3c","small_molecule","group",2,"CHEBI:85993","palbociclib",4,4,0,1,1,"STR:palb",FALSE
"group_L4_143c92cc","small_molecule","group",4,"CHEBI:16810","2-oxoglutarate(2−)",6,6,0,3,3,"CHEBI:16330|STR:androgen_induction|STR:rna",TRUE
"group_L4_144237bf","small_molecule","group",2,"CHEBI:17750","glycine betaine",5,5,0,3,3,"CHEBI:44423|STR:dexamethasone_mp_biomedicals_at_2_hours|STR:dexamethasone_mp_biomedicals_at_6_hours",TRUE
"group_L4_14b2586a","disease_vs_normal","group",5,"UNK",NA,31,31,2,0,2,"STR:affected|STR:hutington_s_disease_patient",TRUE
"group_L4_157af4fe","disease_vs_normal","group",9,"UNK",NA,16,16,5,0,5,"MeSH:D015179|STR:colorectal_carcinoma_samples|STR:human_colorectal_carcinoma|STR:human_colorectal_carcinoma_cell_line|STR:human_colorectal_carcinoma_htc_116_atcc_ccl_247",TRUE
"group_L4_1583e3fa","small_molecule","group",2,"CHEBI:6801","metformin",7,7,0,3,3,"CHEBI:6801|STR:differentition_myofibroblast_lipofibroblast_metformin_5mm_4days|STR:differentition_myofibroblast_lipofibroblast_tgfb1_2ng_ml_4days_metformin_5mm_4days",TRUE
"group_L4_15cf5ee7","small_molecule","group",2,"UNK",NA,14,14,0,5,5,"CHEBI:17437|STR:1_um_compound_a_196|STR:10_um_compound_a_196|STR:10_um_compound_sgc2043|STR:5_um_compound_a_196",TRUE
"group_L4_15ed3825","disease_vs_normal","group",3,"MeSH:D009359","Neonatology",13,13,2,0,2,"STR:nasopharyngeal_carcinoma|STR:npc_patient_tumor_biopsy",TRUE
"group_L4_162333ac","small_molecule","group",5,"MeSH:D005899","Glass Ionomer Cements",21,21,0,0,0,"",FALSE
"group_L4_1641d571","small_molecule","group",19,"UNK",NA,145,145,0,23,23,"CHEBI:124921|CHEBI:131184|CHEBI:15603|CHEBI:16044|CHEBI:85994",TRUE
"group_L4_16796524","disease_vs_normal","group",2,"UNK",NA,5,5,0,0,0,"",FALSE
"group_L4_169fbe54","disease_vs_normal","group",2,"MeSH:D010062","Ovulation Induction",3,3,2,0,2,"MeSH:D009369|STR:human_ovarian_cancer_cell_line_platinum_resistant",TRUE
"group_L4_16a0e4c1","disease_vs_normal","group",9,"UNK",NA,35,35,6,0,6,"MeSH:D008175|MeSH:D010051|STR:high_grade_serous_ovarian_cancer_hgsoc|STR:ovarian_cancer_cells_ascites|STR:progressive_papillary_adenocarcinoma",TRUE
"group_L4_16bad5fe","disease_vs_normal","group",14,"UNK",NA,218,218,9,0,9,"MeSH:D005909|MeSH:D009369|MeSH:D010190|MeSH:D010300|STR:cancer_glioblastoma",TRUE
"group_L4_16c08bd5","cytokine_stim","group",2,"STR:transforming growth factor beta","Transforming growth factor beta",22,22,0,2,2,"STR:in_tgf_stimulation|STR:tgf",TRUE
"group_L4_16c2e8db","pathogen_or_aggregate_exposure","group",14,"UNK",NA,82,82,0,8,8,"STR:10_nm_a_tnf_il_1|STR:cmv_infection|STR:immune_stimulation_with_dsdna|STR:infected_with_vzv|STR:irbcl",TRUE
"group_L4_16e6572f","disease_vs_normal","group",2,"MeSH:D002477","Cells",8,8,2,0,2,"STR:cervical_cancer_hela_s3|STR:cervical_carcinoma",TRUE
"group_L4_1725b475","small_molecule","group",2,"CHEBI:36706","resiquimod",13,13,0,0,0,"",FALSE
"group_L4_17bbaf83","small_molecule","group",3,"CHEBI:134223","2-amino-6-(1-hydroxypropyl)-8-methylpteridine-4,7(3<em>H</em>,8<em>H</em>)-dione",3,3,0,3,3,"CHEBI:231598|CHEBI:70778|STR:isrib_50nm_for_10h",TRUE
"group_L4_17c3b6fd","small_molecule","group",3,"CHEBI:50756","acridone",12,12,0,1,1,"CHEBI:49603",FALSE
"group_L4_17f5cb73","small_molecule","group",3,"CHEBI:136056","(18<i>S</i>)-resolvin E2(1−)",18,18,0,1,1,"STR:infliximab",FALSE
"group_L4_1843f1a5","disease_vs_normal","group",2,"UNK",NA,4,4,1,0,1,"MeSH:D001749",FALSE
"group_L4_1894242d","cytokine_stim","group",4,"CHEBI:17236","2-hydroxy-6-oxohexa-2,4-dienoic acid",5,5,0,3,3,"CHEBI:138156|STR:ifn_b_20_u_ml|STR:mcsf",TRUE
"group_L4_192308f2","small_molecule","group",7,"CHEBI:27388","benzoylacetyl-CoA",43,43,0,6,6,"HGNC:USP35|STR:1microg_ml_doxycycline_24_hours|STR:2h_5ng_ml_doxycycline_4h_washout|STR:doxycycline_for_24_hours|STR:doxycycline_induction",TRUE
"group_L4_192966a6","small_molecule","group",2,"CHEBI:75599","EC 6.3.2.2 (glutamate—cysteine ligase) inhibitor",20,20,0,0,0,"",FALSE
"group_L4_1944cbf2","small_molecule","group",2,"CHEBI:134231","1-icosanoyl-2-tetradecanoyl-<em>sn</em>-glycero-3-phosphocholine",4,4,0,1,1,"STR:secukinumab",FALSE
"group_L4_19563543","small_molecule","group",2,"CHEBI:134216","muricholic acids",2,2,0,2,2,"CHEBI:135945|STR:5_um_abiraterone_acetate_and_30_nm_onvansertib",TRUE
"group_L4_199203d3","disease_vs_normal","group",2,"UNK",NA,3,3,0,0,0,"",FALSE
"group_L4_199b2e1d","disease_vs_normal","group",2,"UNK",NA,8,8,0,0,0,"",FALSE
"group_L4_19b6c96c","disease_vs_normal","group",3,"MeSH:D003319","Corneal Stroma",162,162,2,0,2,"MeSH:D003424|STR:newly_diagnosed_crohn_s_disease",TRUE
"group_L4_19ce94e0","small_molecule","group",2,"CHEBI:35223","catalyst",4,4,0,3,3,"STR:10nm_dht|STR:epothiloneb|STR:epothiloned",TRUE
"group_L4_1a074f3d","small_molecule","group",2,"UNK",NA,5,5,0,2,2,"STR:treated_with_1_m_g1_for_24_hours|STR:treated_with_25_mm_sodium_l_lactate",TRUE
"group_L4_1a2f21fa","disease_vs_normal","group",9,"UNK",NA,54,54,2,0,2,"MeSH:D010190|STR:liver_metastasis",TRUE
"group_L4_1ace973a","small_molecule","group",2,"STR:pembrolizumab","Pembrolizumab",13,13,0,1,1,"STR:pembrolizumab",FALSE
"group_L4_1ad82518","disease_vs_normal","group",2,"UNK",NA,3,3,3,0,3,"MeSH:D010051|STR:ovarian_cancer_stage_iii|STR:ovarian_cancer_stage_iv",TRUE
"group_L4_1add869c","disease_vs_normal","group",12,"UNK",NA,98,98,3,0,3,"STR:neuroblastoma|STR:neuroblastoma_cancer|STR:tumor_tissue",TRUE
"group_L4_1b0eb38b","small_molecule","group",2,"CHEBI:29699","tunicamycin",8,8,0,1,1,"CHEBI:29699",FALSE
"group_L4_1b1c71d0","small_molecule","group",2,"CHEBI:87197","dichlorophenyl dicarboximide fungicide",2,2,0,1,1,"CHEBI:39112",FALSE
"group_L4_1b22e019","small_molecule","group",2,"CHEBI:50845","doxycycline",7,7,0,2,2,"STR:0_3_g_ml_doxycycline|STR:rna",TRUE
"group_L4_1b3fed3c","small_molecule","group",2,"CHEBI:75929","<small>D</small>-cycloserine(1+)",3,3,0,2,2,"STR:1_m_jq1|STR:jq1_500_nm",TRUE
"group_L4_1cd88c2c","disease_vs_normal","group",20,"UNK",NA,86,86,7,0,7,"STR:melanoma|STR:melanoma_metastatic_tumor|STR:melanoma_primary_tumor|STR:melanoma_tumor|STR:metastatic_melanoma",TRUE
"group_L4_1cdc6dff","small_molecule","group",2,"CHEBI:89324","24,25-Dihydroxyvitamin D",9,9,0,2,2,"STR:secukinumab|STR:vitamind",TRUE
"group_L4_1d10435a","small_molecule","group",3,"CHEBI:50924","sorafenib",7,7,0,1,1,"CHEBI:50924",FALSE
"group_L4_1d47ac5d","pathogen_or_aggregate_exposure","group",3,"UNK",NA,16,16,0,5,5,"CHEBI:73823|STR:il_1_p_gingivalis_persisters_treated|STR:il_1_p_gingivalis_treated|STR:kshvinfected|STR:p_gingivalis_persisters_treated",TRUE
"group_L4_1d4d913a","disease_vs_normal","group",2,"UNK",NA,21,21,2,0,2,"MeSH:D001943|MeSH:D009369",TRUE
"group_L4_1d4f29ba","small_molecule","group",2,"CHEBI:63013","β-<small>D</small>-Gal<em>p</em>NAc-(1→3)-α-<small>D</small>-Gal<em>p</em>-(1→4)-β-<small>D</small>-Gal<em>p</em>-(1→4)-<small>D</small>-Glc<em>p</em>",2,2,0,2,2,"CHEBI:85990|STR:5_um_abiraterone_acetate",TRUE
"group_L4_1d4ff0fe","small_molecule","group",3,"UNK",NA,22,22,0,1,1,"STR:rej",FALSE
"group_L4_1d7b2a17","small_molecule","group",2,"CHEBI:8673","pyrimethamine",6,6,0,2,2,"STR:10_m_pyrimethamine|STR:10_m_pyrimethamine_for_72_h",TRUE
"group_L4_1da70147","disease_vs_normal","group",19,"UNK",NA,154,154,6,0,6,"MeSH:D049970|STR:diabetic|STR:dkd|STR:pcos|STR:persistent_non_valvular_atrial_fibrillation_af",TRUE
"group_L4_1dac9e22","small_molecule","group",2,"CHEBI:134212","(<i>S</i>)-glaucine(1+)",4,4,0,4,4,"CHEBI:231358|CHEBI:231602|CHEBI:61397|CHEBI:90626",TRUE
"group_L4_1dd4cb98","small_molecule","group",3,"MeSH:D003101","Collodion",6,6,0,0,0,"",FALSE
"group_L4_1ed78605","small_molecule","group",2,"CHEBI:34026","1,1,1-Trichloro-2-(4-hydroxyphenyl)-2-(4-methoxyphenyl)ethane",9,9,0,2,2,"STR:0_5_mm_methyl_methanesulfonate_3_hours|STR:100_nm_4_hydroxy_tamoxifen_for_6_hours",TRUE
"group_L4_1eff5361","small_molecule","group",3,"CHEBI:4672","docetaxel anhydrous",12,12,0,2,2,"CHEBI:4672|STR:docetaxel_resistance",TRUE
"group_L4_1f53b7b7","cytokine_stim","group",2,"CHEBI:17236","2-hydroxy-6-oxohexa-2,4-dienoic acid",10,10,0,3,3,"STR:2000_iu_ifn_for_24hrs|STR:interferon_alpha_condition_18h|STR:interferon_alpha_condition_2h",TRUE
"group_L4_1f79cd65","disease_vs_normal","group",3,"UNK",NA,4,4,1,0,1,"STR:crpc_metastasis",FALSE
"group_L4_1fa045f1","disease_vs_normal","group",9,"MeSH:D005815","Genetic Code",21,21,2,0,2,"STR:glioblastoma|STR:tumor_gbm",TRUE
"group_L4_1fa68149","disease_vs_normal","group",3,"UNK",NA,20,20,2,0,2,"STR:gastric_cardia_adenocarcinoma|STR:oesophageal_adenocarcinoma",TRUE
"group_L4_1fb97f19","pathogen_or_aggregate_exposure","group",3,"CHEBI:16412","lipopolysaccharide",21,21,0,4,4,"CHEBI:16412|STR:lps_treated|STR:stimulated_with_lps_for_12h|STR:stimulated_with_lps_for_8h",TRUE
"group_L4_1fc41cfe","cytokine_stim","group",7,"CHEBI:17236","2-hydroxy-6-oxohexa-2,4-dienoic acid",27,27,0,8,8,"STR:cxcl4_1_h|STR:cxcl4_3_h|STR:eryhtropoietinin|STR:gmcsf_100ng_ml|STR:ifnalpha",TRUE
"group_L4_20020c4d","disease_vs_normal","group",6,"UNK",NA,41,41,3,0,3,"MeSH:D001172|STR:osteoarthritis|STR:rheumatoid_arthritis_ra",TRUE
"group_L4_205cbfd0","small_molecule","group",2,"CHEBI:28119","2,3,7,8-tetrachlorodibenzodioxine",5,5,0,1,1,"CHEBI:28119",FALSE
"group_L4_20fbf9ec","disease_vs_normal","group",10,"UNK",NA,1420,1420,7,0,7,"MeSH:D029424|STR:asthma|STR:atopic_asthmatic|STR:atopic_non_asthmatic|STR:non_atopic_asthmatic",TRUE
"group_L4_21f12f3e","disease_vs_normal","group",3,"UNK",NA,17,17,1,0,1,"STR:osteoarthritis",FALSE
"group_L4_22993201","small_molecule","group",2,"CHEBI:136057","(18<i>S</i>)-resolvin E1(1−)",8,8,0,1,1,"STR:infliximab",FALSE
"group_L4_231a2c13","disease_vs_normal","group",4,"UNK",NA,14,14,4,0,4,"MeSH:D010051|STR:ovarian_adenocarcinoma|STR:ovarian_cancer_cells_ascites|STR:ovarian_cancer_stage_iii",TRUE
"group_L4_234bde03","small_molecule","group",2,"CHEBI:63633","triptorelin",3,3,0,1,1,"CHEBI:72690",FALSE
"group_L4_234c1d6f","disease_vs_normal","group",4,"UNK",NA,34,34,2,0,2,"STR:cteph|STR:tetralogy_of_fallot",TRUE
"group_L4_235d39a0","small_molecule","group",6,"MeSH:D011384","Proinsulin",170,170,0,0,0,"",FALSE
"group_L4_23d6b9ed","disease_vs_normal","group",4,"UNK",NA,44,44,5,0,5,"STR:aa|STR:ana|STR:asthmatic|STR:nana|STR:non_cystic_fibrosis",TRUE
"group_L4_23d99677","disease_vs_normal","group",2,"MeSH:D001424","Bacterial Infections",31,31,0,0,0,"",FALSE
"group_L4_247c61fd","small_molecule","group",15,"UNK",NA,100,100,0,12,12,"CHEBI:46741|STR:0_5_m_bez_0_5_m_saha|STR:0_5_m_bez_0_m_saha|STR:0_m_bez_0_5_m_saha|STR:1um_cyc065_for_6hr",TRUE
"group_L4_24b33a96","disease_vs_normal","group",10,"UNK",NA,32,32,6,0,6,"MeSH:D008198|MeSH:D009369|STR:b_nhl|STR:castleman_disease|STR:peripheral_t_cell_lymphoma_not_otherwise_specified_ptcl_nos",TRUE
"group_L4_24b960b8","disease_vs_normal","group",12,"UNK",NA,45,45,6,0,6,"MeSH:D009369|MeSH:D012512|STR:capicua_double_homeobox_4_cic_dux4_rearranged_sarcomas_cdss|STR:pdx_tumor_sample_rnaseq|STR:sarcoma",TRUE
"group_L4_24d3ad45","cytokine_stim","group",17,"UNK",NA,102,102,0,20,20,"STR:anti_cd3_anti_cd28|STR:c_cytokines|STR:ciml_il_12_15_18|STR:cxcl4_orn8l|STR:ifnalpha_lps",TRUE
"group_L4_24e0ab0b","small_molecule","group",2,"CHEBI:27388","benzoylacetyl-CoA",5,5,0,1,1,"STR:treated_with_doxycycline_for_2_days",FALSE
"group_L4_2513a81d","disease_vs_normal","group",2,"UNK",NA,22,22,2,0,2,"MeSH:D017243|STR:dm1",TRUE
"group_L4_252b272f","small_molecule","group",46,"UNK",NA,493,493,0,56,56,"CHEBI:17351|CHEBI:188197|CHEBI:231324|CHEBI:231661|CHEBI:24433",TRUE
"group_L4_25465872","small_molecule","group",2,"UNK",NA,21,21,0,2,2,"STR:xct790|STR:xen445",TRUE
"group_L4_25792fb0","small_molecule","group",2,"UNK",NA,6,6,0,2,2,"STR:ak2292me|STR:sd36",TRUE
"group_L4_25840158","disease_vs_normal","group",4,"UNK",NA,16,16,3,0,3,"STR:cholangiocarcinoma_cell_line|STR:icc13_7|STR:tumor_tissue",TRUE
"group_L4_25b62d4c","disease_vs_normal","group",7,"UNK",NA,23,23,7,0,7,"MeSH:D002311|MeSH:D002313|STR:cardiomyopathy_associated_with_noonan_syndrome_ns_cm|STR:con|STR:cteph",TRUE
"group_L4_25bd1011","small_molecule","group",3,"CHEBI:50105","TNP-ATP<small><sup>5−</small></sup>",29,29,0,1,1,"CHEBI:38940",FALSE
"group_L4_25cd0756","small_molecule","group",2,"CHEBI:49603","lapatinib",10,10,0,1,1,"CHEBI:49603",FALSE
"group_L4_25fef1a5","small_molecule","group",2,"CHEBI:134203","<em>P</em>-{α-<small>D</small>-Glc<em>p</em>NAc-(1→3)-[<small>D</small>-GroA-(2→1)]-α-<small>D</small>-Glc<em>p</em>NAc-6-yl}-α-<small>D</small>-Glc<em>p</em>NAc-(1→3)-[<small>D</small>-GroA-(2→1)]-α-<small>D</small>-Glc<em>p</em>NAc-<em>P</em>-6-[CH<small><sub>2</sub></small>]<small><sub>5</sub></small>NHC(=O)[CH<small><sub>2</sub></small>]<small><sub>4</sub></small>C(=O)NHR group",3,3,0,1,1,"STR:sar405838",FALSE
"group_L4_26534d47","small_molecule","group",5,"UNK",NA,115,115,0,2,2,"STR:treated_with_sr3335_for_24_hours|STR:yes",TRUE
"group_L4_26d2ccf8","small_molecule","group",2,"UNK",NA,20,20,0,2,2,"STR:immune_checkpoint_inhibitor|STR:ipi_nivo",TRUE
"group_L4_26f559c4","small_molecule","group",8,"UNK",NA,40,40,0,9,9,"CHEBI:39867|STR:100um_4su_fed_for_24h|STR:aso1|STR:cells_were_treated_with_das_ai_for_30_minutes|STR:cells_were_treated_with_hcq_ai_for_30_minutes",TRUE
"group_L4_27033c78","small_molecule","group",3,"CHEBI:17126","carnitine",14,14,0,2,2,"CHEBI:16412|STR:lps_10ug_ml",TRUE
"group_L4_27645239","small_molecule","group",2,"UNK",NA,13,13,0,3,3,"STR:ard_61|STR:zbc_11_inhibitor_150nm|STR:zbc_246_degrader_10nm",TRUE
"group_L4_27815198","small_molecule","group",2,"CHEBI:50787","<small>L</small>-<i>erythro</i>-3-methylmalic acid",6,6,0,1,1,"CHEBI:52172",FALSE
"group_L4_27a6c906","small_molecule","group",2,"CHEBI:75929","<small>D</small>-cycloserine(1+)",10,10,0,2,2,"STR:1_m_jq1_treated_for_16h|STR:jq1_300nm",TRUE
"group_L4_27d12c70","small_molecule","group",10,"CHEBI:16635","Met-tRNA<small><sup>Met</small></sup>",36,36,0,11,11,"HGNC:PTPN3|HGNC:SMAD4|STR:rna|STR:tgf|STR:tgf_b1",TRUE
"group_L4_283de87c","small_molecule","group",2,"CHEBI:88507","PS(20:3(8Z,11Z,14Z)/16:0)",4,4,0,1,1,"CHEBI:72317",FALSE
"group_L4_2881c97c","pathogen_or_aggregate_exposure","group",2,"CHEBI:84491","poly(I:C)",9,9,0,2,2,"STR:cells_were_treated_with_the_tlr3_agonist_poly_i_c_10_g_ml|STR:treated_with_poly_i_c_10ug_ml_for_4_hrs",TRUE
"group_L4_28925bac","small_molecule","group",3,"CHEBI:30971","2<em>H</em>-azirine",4,4,0,1,1,"STR:dht_plus_jq1",FALSE
"group_L4_28a8471b","small_molecule","group",2,"CHEBI:38978","durene",2,2,0,0,0,"",FALSE
"group_L4_29123806","pathogen_or_aggregate_exposure","group",4,"UNK",NA,23,23,0,3,3,"STR:mcf10a_ev|STR:mcf10a_mir_105_ev|STR:mda_mb_231_ev",TRUE
"group_L4_291fef20","small_molecule","group",2,"CHEBI:2668","amlodipine",12,12,0,3,3,"CHEBI:2668|STR:amlodipine_and_infected_with_sars_cov_2|STR:amlodipine_only",TRUE
"group_L4_2923dee5","small_molecule","group",3,"CHEBI:78023","4-coumaroyltriacetic acid lactone",3,3,0,3,3,"STR:0_5um_jq1|STR:mb231|STR:palbociclib_25_mg_kg",TRUE
"group_L4_2946b4ab","disease_vs_normal","group",3,"UNK",NA,3,3,2,0,2,"MeSH:D013274|STR:diffuse",TRUE
"group_L4_296ae061","disease_vs_normal","group",2,"MeSH:D003319","Corneal Stroma",20,20,1,0,1,"MeSH:D003424",FALSE
"group_L4_29763ffc","disease_vs_normal","group",2,"MeSH:D005818","Genetic Engineering",10,10,0,0,0,"",FALSE
"group_L4_29e846c0","disease_vs_normal","group",3,"UNK",NA,47,47,1,0,1,"STR:tumor_biopsy",FALSE
"group_L4_2a1a0695","small_molecule","group",2,"CHEBI:79369","elesclomol",4,4,0,0,0,"",FALSE
"group_L4_2a2a8380","disease_vs_normal","group",2,"UNK",NA,8,8,1,0,1,"MeSH:D006528",FALSE
"group_L4_2a4ffbf9","pathogen_or_aggregate_exposure","group",2,"STR:pseudomonas aeruginosa","Pseudomonas aeruginosa",7,7,0,2,2,"STR:infected_with_pa57_15_for_4h|STR:pseudomonas_aeruginosa",TRUE
"group_L4_2aa4039d","small_molecule","group",3,"UNK",NA,256,256,0,3,3,"STR:aza|STR:fluga|STR:sndx_5613",TRUE
"group_L4_2ab2a2e2","disease_vs_normal","group",2,"UNK",NA,11,11,1,0,1,"STR:tumor_tissue",FALSE
"group_L4_2b1b24de","small_molecule","group",2,"MeSH:D002439","Cefotaxime",4,4,0,0,0,"",FALSE
"group_L4_2b58c8f8","small_molecule","group",2,"CHEBI:50280","(<i>R</i>)-lavandulyl diphosphate",5,5,0,1,1,"CHEBI:38940",FALSE
"group_L4_2b790415","small_molecule","group",2,"CHEBI:134135","1-acylglycerol 22:4",2,2,0,2,2,"CHEBI:63587|STR:tdpa_10_nm_for_48_hours",TRUE
"group_L4_2b7b6880","disease_vs_normal","group",2,"MeSH:D015212","Inflammatory Bowel Diseases",5,5,0,0,0,"",FALSE
"group_L4_2bab3755","disease_vs_normal","group",17,"UNK",NA,142,142,10,0,10,"MeSH:D000077195|MeSH:D007972|MeSH:D009062|MeSH:D017676|STR:apeced_patient",TRUE
"group_L4_2babd52a","small_molecule","group",9,"UNK",NA,30,30,0,11,11,"STR:1_um_azd_8055|STR:100nm_erianin_treatment|STR:2dg|STR:30nm_ym_254890_and_10nm_trametinib|STR:ac_rbc_pi_plc_a1_protein",TRUE
"group_L4_2bcee60c","disease_vs_normal","group",2,"UNK",NA,12,12,0,0,0,"",FALSE
"group_L4_2be65894","small_molecule","group",3,"CHEBI:23965","estradiol",8,8,0,0,0,"",FALSE
"group_L4_2be7bd7d","small_molecule","group",2,"CHEBI:136055","hydracarbazine",3,3,0,2,2,"STR:infliximab|STR:kineret_100mg",TRUE
"group_L4_2c5c6960","small_molecule","group",4,"CHEBI:123456","N-ethyl-2-[(2R,3R,6S)-3-[(4-fluorophenyl)sulfonylamino]-2-(hydroxymethyl)-3,6-dihydro-2H-pyran-6-yl]acetamide",5,5,0,4,4,"CHEBI:167670|CHEBI:82977|STR:1_um_a939372_for_48h|STR:cerdulatinib",TRUE
"group_L4_2c7ddb57","small_molecule","group",2,"CHEBI:50100","3-(ethoxycarbonyl)psoralen",5,5,0,1,1,"CHEBI:38940",FALSE
"group_L4_2cca294c","small_molecule","group",2,"CHEBI:87405","[(<i>S</i>)-3-oxocyclohexyl]acetic acid",5,5,0,1,1,"CHEBI:71200",FALSE
"group_L4_2d724a09","disease_vs_normal","group",2,"UNK",NA,4,4,2,0,2,"MeSH:D005706|STR:gallbladder_tumor",TRUE
"group_L4_2df1dfd8","disease_vs_normal","group",2,"UNK",NA,5,5,1,0,1,"STR:bipolar_disorder",FALSE
"group_L4_2dfca008","small_molecule","group",2,"CHEBI:72564","temozolomide",7,7,0,1,1,"STR:tmz_4_days",FALSE
"group_L4_2e288cb3","disease_vs_normal","group",2,"UNK",NA,29,29,0,0,0,"",FALSE
"group_L4_2e6dfebd","pathogen_or_aggregate_exposure","group",2,"MeSH:D006678","HIV",5,5,0,0,0,"",FALSE
"group_L4_2e71f279","small_molecule","group",2,"CHEBI:34046","1,2-didodecanoyl-<em>sn</em>-glycero-3-cytidine 5'-diphosphate",3,3,0,2,2,"STR:100_nm_4_hydroxy_tamoxifen_for_6_hours|STR:decitabine_recovery",TRUE
"group_L4_2e8f285e","disease_vs_normal","group",4,"MeSH:D000018","Abomasum",61,61,1,0,1,"STR:ad",FALSE
"group_L4_2ea2f0d8","disease_vs_normal","group",14,"UNK",NA,744,744,12,0,12,"MeSH:D056128|STR:aml|STR:ankylosing_spondylitis_as|STR:hbv_aclf|STR:idiopathic_pulmonary_fibrosis",TRUE
"group_L4_2eb5e65c","small_molecule","group",4,"CHEBI:16991","deoxyribonucleic acid",5,5,0,4,4,"STR:egf_treated|STR:egf_treated_for_24_h|STR:ifng|STR:il_4_tcdd",TRUE
"group_L4_2ebbe2c5","small_molecule","group",3,"CHEBI:64310","crizotinib",5,5,0,3,3,"CHEBI:64310|STR:500nm_crizotinib|STR:certinib",TRUE
"group_L4_2ec32005","small_molecule","group",11,"UNK",NA,66,66,0,10,10,"CHEBI:15702|STR:10_nm_ota|STR:100_nm_ota|STR:10um_pso|STR:200_m_mgo_for_96_hr",TRUE
"group_L4_2ec66bb3","pathogen_or_aggregate_exposure","group",14,"STR:sars-cov-2","SARS-CoV-2",86,86,0,6,6,"HGNC:SIRT5|STR:infected_sars_cov_2|STR:sars_cov_2|STR:sars_cov_2_infected|STR:sars_cov_2_infected_moi_2",TRUE
"group_L4_2ef74d8b","pathogen_or_aggregate_exposure","group",7,"STR:tuberculosis","Tuberculosis",157,157,0,0,0,"",FALSE
"group_L4_2eff8462","small_molecule","group",6,"CHEBI:50845","doxycycline",15,15,0,4,4,"HGNC:BRCA2|HGNC:HPN|HGNC:SMARCA2|STR:dox_for_12_days",TRUE
"group_L4_2f163712","small_molecule","group",2,"CHEBI:35287","acylcholine",7,7,0,2,2,"CHEBI:16469|STR:17b_estradiol",TRUE
"group_L4_2f83dade","disease_vs_normal","group",25,"UNK",NA,756,756,21,0,21,"MeSH:D003922|STR:acute|STR:acute_myeloid_leukemia_aml|STR:ards|STR:ards_bmt",TRUE
"group_L4_2fc0d45e","small_molecule","group",3,"CHEBI:30971","2<em>H</em>-azirine",7,7,0,3,3,"CHEBI:45863|STR:dox|STR:mcf7_parental_cells_with_dox_inducible_expression_of_jun_with_dox_treatment",TRUE
"group_L4_304167b7","small_molecule","group",2,"CHEBI:2663","amiodarone",26,26,0,0,0,"",FALSE
"group_L4_304b1dff","cytokine_stim","group",2,"UNK",NA,10,10,0,4,4,"STR:il15_il21|STR:il15_il21_bnz|STR:il15_il21_cp|STR:tnfil17",TRUE
"group_L4_3053039e","small_molecule","group",2,"CHEBI:5516","sodium aurothiomalate",4,4,0,0,0,"",FALSE
"group_L4_3069c253","disease_vs_normal","group",3,"UNK",NA,17,17,1,0,1,"MeSH:D003110",FALSE
"group_L4_3088fb73","small_molecule","group",2,"STR:transforming growth factor beta","Transforming growth factor beta",4,4,0,1,1,"STR:2_fbs",FALSE
"group_L4_311e8528","small_molecule","group",2,"CHEBI:27963","(Kdo)<small><sub>2</sub></small>-lipid A (<em>E. coli</em>)",4,4,0,1,1,"HGNC:IGF2BP2",FALSE
"group_L4_3139d710","disease_vs_normal","group",6,"UNK",NA,31,31,1,0,1,"STR:retinoblastoma",FALSE
"group_L4_3151ecad","small_molecule","group",3,"UNK",NA,20,20,0,7,7,"STR:10nm_ven_24h|STR:500nm_8clado_10nm_ven_24h|STR:500nm_8clado_24h|STR:abt_199_500_nm|STR:chir",TRUE
"group_L4_31795263","small_molecule","group",22,"UNK",NA,159,159,0,21,21,"CHEBI:25016|HGNC:CALCR|STR:10_um_ccg_222740|STR:5_weeks_with_10_um_plx4032|STR:6_thio_dg",TRUE
"group_L4_318a1a9e","disease_vs_normal","group",2,"UNK",NA,44,44,2,0,2,"MeSH:D015179|STR:colorectal_cancer_stem_cell_spheroids",TRUE
"group_L4_31c59a6c","small_molecule","group",7,"UNK",NA,48,48,0,10,10,"STR:1000_um_tfmb_2hg|STR:125_um_tfmb_2hg|STR:2_3_cgamp|STR:250_um_tfmb_2hg|STR:500_um_tfmb_2hg",TRUE
"group_L4_3211d2b4","small_molecule","group",2,"CHEBI:134273","phosphatidylcholine 35:1",5,5,0,2,2,"STR:gsk712|STR:sar405838",TRUE
"group_L4_32588f96","small_molecule","group",2,"CHEBI:34884","naphthyl-2-methyl-succinyl-CoA",8,8,0,1,1,"STR:500_nm_cisplatin",FALSE
"group_L4_325c9406","small_molecule","group",3,"CHEBI:50789","(3<i>S</i>)-3-hydroxy-<small>L</small>-asparagine",6,6,0,1,1,"STR:10_m_nutlin_3a_4hrs",FALSE
"group_L4_327d3340","small_molecule","group",3,"UNK",NA,13,13,0,3,3,"STR:azd|STR:cultured_with_zr58cu25al14ta3|STR:dbz",TRUE
"group_L4_328e4b4c","cytokine_stim","group",2,"CHEBI:17236","2-hydroxy-6-oxohexa-2,4-dienoic acid",3,3,0,1,1,"HGNC:IRF1",FALSE
"group_L4_32a7c45e","small_molecule","group",2,"UNK",NA,4,4,0,1,1,"STR:tac_for_4_weeks",FALSE
"group_L4_32b17990","disease_vs_normal","group",9,"UNK",NA,226,226,6,0,6,"MeSH:D015179|STR:colorectal_adenocarcinoma|STR:colorectal_cancer_primary|STR:human_colorectal_cancer_tissue|STR:primary_colorectal_cancer",TRUE
"group_L4_32c19c73","small_molecule","group",2,"CHEBI:68340","β-(4-hydroxyphenyl)ethyl-4-<em>O</em>-<i>E</i>-caffeoyl-<em>O</em>-[β-<small>D</small>-apiofuranosyl-(1→2)]-β-<small>D</small>-glucopyranoside",5,5,0,1,1,"STR:10_nm_fulvestrant_for_6_hours",FALSE
"group_L4_32c609d7","small_molecule","group",2,"CHEBI:16762","ferrocytochrome <em>b</em><small><sub>1</sub></small>",6,6,0,2,2,"STR:100ug_ml_human_recombinant_tnf_a_600nm_4_hdha_added_into_culture_medium_for_72h_to_induce_apoptosis|STR:100ug_ml_human_recombinant_tnf_a_and_20umferrostatin_1_added_into_culture_medium_for_72h_to_induce_apoptosis",TRUE
"group_L4_32e9dc7f","disease_vs_normal","group",2,"UNK",NA,11,11,1,0,1,"STR:pleura_pleural_effusion_of_patients_with_lymphoma",FALSE
"group_L4_3308269f","disease_vs_normal","group",2,"UNK",NA,15,15,1,0,1,"MeSH:D002311",FALSE
"group_L4_331a7c58","cytokine_stim","group",2,"STR:transforming growth factor alpha","Transforming growth factor alpha",36,36,0,6,6,"STR:120_mins_post_stimulation_with_tgf_alpha|STR:15_mins_post_stimulation_with_tgf_alpha|STR:30_mins_post_stimulation_with_tgf_alpha|STR:60_mins_post_stimulation_with_tgf_alpha|STR:90_mins_post_stimulation_with_tgf_alpha",TRUE
"group_L4_33368400","small_molecule","group",2,"CHEBI:17113","erythritol",3,3,0,3,3,"STR:rna|STR:single_clone_was_isolated_from_2_5_m_gnf_2_resistant_clontracer_barcoded_kcl_22_subpopulation_and_expanded_this_clone_is_never_exposed_to_catalytic_bcr_abl_inhibitors|STR:single_clone_was_isolated_from_2_5_m_imatinib_resistant_clontracer_barcoded_kcl_22_subpopulation_and_expanded_this_clone_is_never_exposed_to_allosteric_bcr_abl_inhibitors",TRUE
"group_L4_3349be13","small_molecule","group",4,"UNK",NA,23,23,0,8,8,"CHEBI:220491|CHEBI:231598|CHEBI:234079|STR:cj28_30_m|STR:compound_2",TRUE
"group_L4_33958871","small_molecule","group",2,"CHEBI:17236","2-hydroxy-6-oxohexa-2,4-dienoic acid",2,2,0,1,1,"STR:rna",FALSE
"group_L4_339e30ac","small_molecule","group",4,"CHEBI:75597","dT<small><sub>8</sub></small>",52,52,0,0,0,"",FALSE
"group_L4_33b6fb2a","disease_vs_normal","group",2,"UNK",NA,4,4,2,0,2,"STR:formalin_fixed_paraffin_embedded_ffpe_tumor_tissue_block_from_human_nf2_patient|STR:head_and_neck_squamous_cell_carcinoma_cell_line",TRUE
"group_L4_33d3da79","small_molecule","group",3,"CHEBI:72317","cabozantinib",3,3,0,1,1,"CHEBI:72317",FALSE
"group_L4_33ff968e","small_molecule","group",2,"CHEBI:16512","(<i>S</i>)-<em>N</em>-methylcanadine",12,12,0,1,1,"STR:1",FALSE
"group_L4_34043d2f","small_molecule","group",2,"CHEBI:27899","cisplatin",3,3,0,1,1,"CHEBI:27899",FALSE
"group_L4_341695bd","disease_vs_normal","group",3,"UNK",NA,6,6,1,0,1,"STR:ftd",FALSE
"group_L4_3473d6e2","disease_vs_normal","group",2,"UNK",NA,7,7,1,0,1,"STR:atrt",FALSE
"group_L4_3479828e","disease_vs_normal","group",2,"MeSH:D006814","Hungary",3,3,2,0,2,"MeSH:D055752|STR:1",TRUE
"group_L4_34821665","pathogen_or_aggregate_exposure","group",2,"STR:human immunodeficiency virus","Human immunodeficiency virus",11,11,0,0,0,"",FALSE
"group_L4_3486cea8","small_molecule","group",2,"CHEBI:3202","Buchananine",5,5,0,1,1,"STR:oligomycina_1um",FALSE
"group_L4_34880790","small_molecule","group",3,"UNK",NA,45,45,0,8,8,"CHEBI:26523|STR:24hr_r5a11d_50nm_treatment|STR:24hr_r5a11m_50nm_treatment|STR:24hr_wtd_50nm_treatment|STR:ato",TRUE
"group_L4_348a987c","disease_vs_normal","group",2,"UNK",NA,2,2,1,0,1,"STR:adenocarcinoma",FALSE
"group_L4_34b02e9c","pathogen_or_aggregate_exposure","group",21,"UNK",NA,238,238,0,12,12,"HGNC:RHCE|STR:2_days_after_varicella_zoster_virus_antigen_challenge|STR:6_hours_after_varicella_zoster_virus_antigen_challenge|STR:cultured_with_staphylococcus_epidermidis|STR:day2_after_vzv",TRUE
"group_L4_34e45e3d","small_molecule","group",2,"CHEBI:69478","cannabidiol",5,5,0,2,2,"STR:cbd_10ug_ml|STR:cbd_treated_modc",TRUE
"group_L4_3535b2f8","disease_vs_normal","group",7,"UNK",NA,62,62,3,0,3,"MeSH:D003424|STR:celiac_disease|STR:melanoma",TRUE
"group_L4_354dafaa","disease_vs_normal","group",5,"UNK",NA,13,13,3,0,3,"MeSH:D001932|STR:ependymoma|STR:gbm",TRUE
"group_L4_357b00ab","disease_vs_normal","group",2,"UNK",NA,12,12,3,0,3,"STR:diabetic|STR:diabetic_pre_access_vein_is_sample_gsm3369551_in_gse119296|STR:non_diabetic",TRUE
"group_L4_358a760a","small_molecule","group",9,"UNK",NA,357,357,0,17,17,"CHEBI:27265|CHEBI:30501|CHEBI:31263|CHEBI:53197|CHEBI:73503",TRUE
"group_L4_35a1f0dc","small_molecule","group",2,"MeSH:D000933","Antifibrinolytic Agents",21,21,0,0,0,"",FALSE
"group_L4_35a33631","disease_vs_normal","group",63,"UNK",NA,639,639,42,0,42,"MeSH:D000093284|MeSH:D001749|MeSH:D009369|STR:bl0269_human_bladder_cancer_patient_derived_xenograft_pdx|STR:bladder_cancer_cell",TRUE
"group_L4_35ced8b4","small_molecule","group",3,"STR:secukinumab","secukinumab",125,125,0,1,1,"STR:secukinumab",FALSE
"group_L4_35e1f18b","disease_vs_normal","group",2,"UNK",NA,5,5,1,0,1,"STR:primary_tumour",FALSE
"group_L4_360be439","disease_vs_normal","group",3,"UNK",NA,12,12,2,0,2,"MeSH:D009369|MeSH:D018319",TRUE
"group_L4_36871608","cytokine_stim","group",3,"MeSH:D015847","Interleukin-4",20,20,0,4,4,"STR:il_4|STR:il_4_tcdd|STR:treated_with_il_4_for_24_hrs|STR:treated_with_il_4_il_13_for_24_hrs",TRUE
"group_L4_3695f0e0","small_molecule","group",2,"CHEBI:78823","<em>O</em>-(<em>S</em>-3-oxo-4-methylhexanoylpantetheine-4'-phosphoryl)serine(1−) residue",2,2,0,1,1,"STR:palbociclib_25_mg_kg",FALSE
"group_L4_36c95725","small_molecule","group",2,"CHEBI:41774","tamoxifen",16,16,0,0,0,"",FALSE
"group_L4_37002be3","small_molecule","group",2,"CHEBI:64317","isoprenaline",26,26,0,0,0,"",FALSE
"group_L4_3735eb25","disease_vs_normal","group",2,"UNK",NA,28,28,0,0,0,"",FALSE
"group_L4_37653544","small_molecule","group",2,"CHEBI:134436","titanium(III) oxide",6,6,0,5,5,"CHEBI:77779|CHEBI:90195|STR:1nm_r1881_10_m_mel_6|STR:banoxantrone|STR:metaphit",TRUE
"group_L4_376bf21a","small_molecule","group",2,"CHEBI:134203","<em>P</em>-{α-<small>D</small>-Glc<em>p</em>NAc-(1→3)-[<small>D</small>-GroA-(2→1)]-α-<small>D</small>-Glc<em>p</em>NAc-6-yl}-α-<small>D</small>-Glc<em>p</em>NAc-(1→3)-[<small>D</small>-GroA-(2→1)]-α-<small>D</small>-Glc<em>p</em>NAc-<em>P</em>-6-[CH<small><sub>2</sub></small>]<small><sub>5</sub></small>NHC(=O)[CH<small><sub>2</sub></small>]<small><sub>4</sub></small>C(=O)NHR group",2,2,0,2,2,"STR:no_ifn|STR:treated_with_1_m_az_5576_for_6_hours",TRUE
"group_L4_37e372f8","pathogen_or_aggregate_exposure","group",2,"STR:dmso","DMSO",5,5,0,0,0,"",FALSE
"group_L4_3828fbf0","small_molecule","group",2,"CHEBI:123456","N-ethyl-2-[(2R,3R,6S)-3-[(4-fluorophenyl)sulfonylamino]-2-(hydroxymethyl)-3,6-dihydro-2H-pyran-6-yl]acetamide",13,13,0,8,8,"CHEBI:132268|CHEBI:231356|CHEBI:61397|CHEBI:90217|CHEBI:90943",TRUE
"group_L4_3850dfff","disease_vs_normal","group",2,"MeSH:D006559","Pemphigoid Gestationis",2,2,0,0,0,"",FALSE
"group_L4_387d7fb1","disease_vs_normal","group",3,"UNK",NA,10,10,2,0,2,"STR:carcinoma|STR:carcinoma_ductal",TRUE
"group_L4_38a56ed3","pathogen_or_aggregate_exposure","group",4,"UNK",NA,29,29,0,2,2,"CHEBI:73823|STR:infected_by_sars_cov_2",TRUE
"group_L4_38b20f84","small_molecule","group",4,"CHEBI:134203","<em>P</em>-{α-<small>D</small>-Glc<em>p</em>NAc-(1→3)-[<small>D</small>-GroA-(2→1)]-α-<small>D</small>-Glc<em>p</em>NAc-6-yl}-α-<small>D</small>-Glc<em>p</em>NAc-(1→3)-[<small>D</small>-GroA-(2→1)]-α-<small>D</small>-Glc<em>p</em>NAc-<em>P</em>-6-[CH<small><sub>2</sub></small>]<small><sub>5</sub></small>NHC(=O)[CH<small><sub>2</sub></small>]<small><sub>4</sub></small>C(=O)NHR group",7,7,0,6,6,"CHEBI:91418|CHEBI:91435|STR:mgcd265|STR:ovcar3_cells_treated_with_thz531_200nm_for_6hr|STR:treated_with_prexasertib",TRUE
"group_L4_38b370c8","small_molecule","group",143,"UNK",NA,1024,1024,0,177,177,"CHEBI:132974|CHEBI:137113|CHEBI:230500|CHEBI:231342|CHEBI:26523",TRUE
"group_L4_38e13c52","disease_vs_normal","group",2,"UNK",NA,10,10,1,0,1,"STR:non_diabetic",FALSE
"group_L4_38ed4258","pathogen_or_aggregate_exposure","group",20,"UNK",NA,234,234,0,4,4,"STR:ad35_cs_rtss_rtss|STR:bacillus_calmette_gu_rin_bcg_vaccine|STR:hiltonol_prna|STR:tb_pe",TRUE
"group_L4_38f275c7","disease_vs_normal","group",2,"UNK",NA,6,6,1,0,1,"MeSH:D046152",FALSE
"group_L4_38ffae66","disease_vs_normal","group",7,"UNK",NA,54,54,2,0,2,"STR:biopsy_sample_from_primary_eye_tumor|STR:pterygium",TRUE
"group_L4_390e5957","cytokine_stim","group",3,"CHEBI:17236","2-hydroxy-6-oxohexa-2,4-dienoic acid",21,21,0,4,4,"STR:1000_iu_ml_interferon_alpha_2b|STR:1000_iu_ml_interferon_alpha_2b_1h|STR:1000_iu_ml_interferon_alpha_2b_2h|STR:ifn_alpha",TRUE
"group_L4_39cc2a81","disease_vs_normal","group",5,"MeSH:D006290","Health Planning Technical Assistance",17,17,1,0,1,"MeSH:D006528",FALSE
"group_L4_39e10460","disease_vs_normal","group",2,"UNK",NA,10,10,1,0,1,"STR:diabetes_mellitus",FALSE
"group_L4_39e46672","small_molecule","group",2,"CHEBI:75597","dT<small><sub>8</sub></small>",3,3,0,2,2,"STR:after_crizotinib_treatment|STR:sorafenib_resistant_sr_cells_were_treated_with_regorafenib",TRUE
"group_L4_39ed0597","small_molecule","group",8,"UNK",NA,96,96,0,7,7,"HGNC:METTL3|STR:a83_01_treated|STR:e2|STR:e2_mpa|STR:mpa_pge2",TRUE
"group_L4_39fc3df4","small_molecule","group",2,"CHEBI:88257","(8<i>E</i>,10<i>E</i>,12<i>Z</i>)-octadecatrienoyl-containing glycerolipid",3,3,0,0,0,"",FALSE
"group_L4_3a693c63","small_molecule","group",3,"CHEBI:3077","betamethasone",6,6,0,1,1,"STR:survived_after_doxorubicin_treatment",FALSE
"group_L4_3a7b5a3b","disease_vs_normal","group",32,"UNK",NA,126,126,13,0,13,"MeSH:D011471|STR:breast_cancer_bone_metastases|STR:crpc_metastasis|STR:fibrodysplasia_ossificans_progressiva_fop|STR:mda231_scp21_frr_bone_tumor_322_passage_9",TRUE
"group_L4_3a9b6b7c","disease_vs_normal","group",2,"UNK",NA,5,5,3,0,3,"STR:ad|STR:pd|STR:piftd",TRUE
"group_L4_3b3fcc09","disease_vs_normal","group",5,"UNK",NA,36,36,2,0,2,"MeSH:D002051|MeSH:D008175",TRUE
"group_L4_3b466c60","pathogen_or_aggregate_exposure","group",2,"UNK",NA,5,5,0,1,1,"STR:tnf",FALSE
"group_L4_3b83ac87","small_molecule","group",8,"CHEBI:85993","palbociclib",18,18,0,4,4,"CHEBI:85993|STR:palbocicilib_indisulam|STR:palbociclib_25_mg_kg|STR:palbociclib_fulvestrant_opg_fc",TRUE
"group_L4_3bc8f9aa","cytokine_stim","group",2,"STR:transforming growth factor beta","Transforming growth factor beta",68,68,0,2,2,"STR:tgf_b|STR:tgfb",TRUE
"group_L4_3bddf2d3","disease_vs_normal","group",3,"MeSH:D001943","Breast Neoplasms",4,4,0,0,0,"",FALSE
"group_L4_3bfa6976","disease_vs_normal","group",8,"UNK",NA,24,24,4,0,4,"MeSH:D015179|STR:colorectal_cancer_tumor_derived_spheroids|STR:tumor_budding_cells|STR:tumor_center_cells",TRUE
"group_L4_3bfddf6b","small_molecule","group",2,"CHEBI:134223","2-amino-6-(1-hydroxypropyl)-8-methylpteridine-4,7(3<em>H</em>,8<em>H</em>)-dione",2,2,0,2,2,"HGNC:RB1CC1|STR:50um_pinometostat_for_7_days",TRUE
"group_L4_3c38c897","small_molecule","group",11,"CHEBI:41774","tamoxifen",56,56,0,4,4,"CHEBI:41774|STR:4_oht_200nm|STR:tam|STR:with_tamoxifen",TRUE
"group_L4_3c4f6f28","small_molecule","group",9,"UNK",NA,35,35,0,6,6,"STR:60_microm_f_53b|STR:az3_compound_3|STR:az63_compound_63|STR:az65_compound_65|STR:pd0325901_drug",TRUE
"group_L4_3c5bfcb1","small_molecule","group",2,"CHEBI:31932","Olmesartan medoxomil",28,28,0,0,0,"",FALSE
"group_L4_3c62779d","small_molecule","group",2,"UNK",NA,4,4,0,2,2,"CHEBI:144671|CHEBI:27789",TRUE
"group_L4_3cb5bf6f","small_molecule","group",4,"UNK",NA,9,9,0,3,3,"STR:aed_antiepileptic_drug_treatment_in_medical_record|STR:rna|STR:u87mg_cells_treated_with_nanodrug_for_24_hours",TRUE
"group_L4_3cd06a46","small_molecule","group",2,"CHEBI:136061","(<i>E</i>)-1-(glutathione-<em>S</em>-yl)-ω-(methylthio)alkylhydroximate(1−)",3,3,0,1,1,"STR:kineret_100mg",FALSE
"group_L4_3cee738c","small_molecule","group",2,"CHEBI:27666","actinomycin D",4,4,0,2,2,"HGNC:IGF2BP2|HGNC:UPF1",TRUE
"group_L4_3cf46511","disease_vs_normal","group",2,"UNK",NA,9,9,1,0,1,"MeSH:D001172",FALSE
"group_L4_3d07a195","disease_vs_normal","group",11,"UNK",NA,100,100,4,0,4,"MeSH:D001943|MeSH:D064726|STR:breast_cancer_patients_from_hartford_hospital|STR:breast_cancer_tissue",TRUE
"group_L4_3d1a51c7","disease_vs_normal","group",2,"UNK",NA,34,34,2,0,2,"STR:c9_ftd|STR:sals",TRUE
"group_L4_3d218e47","small_molecule","group",2,"CHEBI:197107","Bafetinib",3,3,0,1,1,"CHEBI:197107",FALSE
"group_L4_3d6bb6fd","small_molecule","group",2,"UNK",NA,2,2,0,0,0,"",FALSE
"group_L4_3d72653b","small_molecule","group",5,"UNK",NA,74,74,0,5,5,"CHEBI:73823|STR:1um_snx_5422_treated|STR:il13_geldanamycin|STR:isox|STR:optate_for_48_hrs",TRUE
"group_L4_3dc3ae01","cytokine_stim","group",4,"MeSH:D053583","Interleukin-1beta",21,21,0,2,2,"STR:il_1b|STR:treated_with_10_ng_ml_il_1_and_10_ng_ml_tnf_for_4_hours",TRUE
"group_L4_3dceffa9","small_molecule","group",2,"HGNC:8584","SERPINB2",3,3,0,1,1,"CHEBI:90705",FALSE
"group_L4_3e26415d","disease_vs_normal","group",2,"UNK",NA,9,9,1,0,1,"STR:traditional_serrated_adenoma_with_low_grade_dysplasia",FALSE
"group_L4_3e9193f8","disease_vs_normal","group",3,"UNK",NA,4,4,3,0,3,"STR:c4_2_prostate_cancer_cells|STR:glioma|STR:pten_wt_ln229_gbm_xenograft_tumor",TRUE
"group_L4_3e9d5c5e","disease_vs_normal","group",2,"UNK",NA,11,11,1,0,1,"STR:hlrcc_patient",FALSE
"group_L4_3eb1b484","disease_vs_normal","group",2,"MeSH:D009140","Musculoskeletal Diseases",4,4,1,0,1,"MeSH:D012008",FALSE
"group_L4_3ec20e4b","disease_vs_normal","group",2,"UNK",NA,18,18,1,0,1,"STR:breast_ductal_carcinoma_in_situ",FALSE
"group_L4_3ec4c9fc","small_molecule","group",4,"UNK",NA,32,32,0,8,8,"STR:lak31_treatment|STR:lp99_treatment|STR:nvp2_10nm_1h|STR:nvp2_10nm_24h|STR:sy0351_10nm_1h",TRUE
"group_L4_3ee831a9","small_molecule","group",5,"UNK",NA,36,36,0,5,5,"CHEBI:18406|CHEBI:233156|STR:either_sp_and_retinoic_acid_for_6hrs|STR:tazarotene_bexarotene|STR:tpl_and_retinoic_acid_for_6hrs",TRUE
"group_L4_3efa5b64","small_molecule","group",3,"CHEBI:5094","Flindersine",5,5,0,3,3,"STR:clontracer_barcoded_hcc827_cell_population_was_treated_with_2_m_erlotinib_for_47_days_to_generate_the_erlotinib_resistant_cell_population|STR:day1|STR:erlotinib_1_um",TRUE
"group_L4_3f5046f6","disease_vs_normal","group",3,"UNK",NA,8,8,1,0,1,"STR:luminal_breast_cancer",FALSE
"group_L4_3fa11149","disease_vs_normal","group",8,"UNK",NA,47,47,3,0,3,"STR:down_syndrome|STR:mesial_temporal_lobe_epilepsy|STR:ms",TRUE
"group_L4_3fa9d925","pathogen_or_aggregate_exposure","group",3,"STR:tuberculosis","Tuberculosis",51,51,0,0,0,"",FALSE
"group_L4_3fabcb9f","disease_vs_normal","group",42,"UNK",NA,232,232,16,0,16,"MeSH:D009369|MeSH:D011471|STR:3d_in_vitro_engineered_prostate_cancer_tissue|STR:adenocarcinoma|STR:castration_resistant_adenocarcinoma",TRUE
"group_L4_3fac1f71","small_molecule","group",2,"UNK",NA,4,4,0,2,2,"STR:cyr61|STR:palmitate_500_m_0",TRUE
"group_L4_3fc60f53","disease_vs_normal","group",25,"UNK",NA,454,454,21,0,21,"MeSH:D008175|MeSH:D013167|MeSH:D015179|STR:adenocarcinoma_nos|STR:atrial_fibrillation",TRUE
"group_L4_3fd0ccb9","disease_vs_normal","group",111,"UNK",NA,1085,1085,59,0,59,"MeSH:D000077216|MeSH:D009369|MeSH:D010051|STR:adenocarcinoma|STR:adeocarcioma",TRUE
"group_L4_400d6734","small_molecule","group",2,"STR:obinutuzumab","obinutuzumab",279,279,0,2,2,"STR:ga101|STR:tetraspecific_anket",TRUE
"group_L4_401f46e6","disease_vs_normal","group",3,"UNK",NA,112,112,3,0,3,"STR:adenoma|STR:gh_producing_pituitary_adenoma|STR:nonfunctional_pituitary_adenoma",TRUE
"group_L4_40401757","small_molecule","group",82,"UNK",NA,800,800,0,125,125,"CHEBI:124921|CHEBI:132446|CHEBI:136185|CHEBI:138856|CHEBI:15846",TRUE
"group_L4_406b71df","disease_vs_normal","group",2,"UNK",NA,3,3,0,0,0,"",FALSE
"group_L4_40773132","small_molecule","group",5,"CHEBI:17105","4-maleylacetoacetate",21,21,0,7,7,"CHEBI:16412|STR:lps_ifng_tnf|STR:lps_ifng_tnf_adalimumab|STR:lps_ifng_tnf_certolizumab|STR:lps_ifng_tnf_etanercept",TRUE
"group_L4_407c3af1","small_molecule","group",2,"CHEBI:197440","Recombinant Tumor Necrosis Factor-alpha (human)",6,6,0,2,2,"STR:tnf|STR:tnfa_smac_zvad",TRUE
"group_L4_408fce80","small_molecule","group",2,"UNK",NA,5,5,0,3,3,"CHEBI:3732|STR:calcifying_medium_supplemented_with_8mm_hydroxybutyrate|STR:no2_cla",TRUE
"group_L4_40b700e8","disease_vs_normal","group",5,"UNK",NA,329,329,2,0,2,"STR:anaplastic_thyroid_carcinoma_cells|STR:thyroid_gland_undifferentiated_anaplastic_carcinoma",TRUE
"group_L4_4127bee2","disease_vs_normal","group",2,"UNK",NA,6,6,1,0,1,"STR:tumor_derived_cell_line",FALSE
"group_L4_41952170","small_molecule","group",2,"CHEBI:27950","(9<i>R</i>,10<i>S</i>)-9,10-epoxy-9,10-dihydrophenanthrene",2,2,0,2,2,"CHEBI:3139|STR:200_ng_ml_nocodazole",TRUE
"group_L4_4299ffe1","disease_vs_normal","group",7,"MeSH:D005843","Geography",14,14,1,0,1,"STR:gbm",FALSE
"group_L4_42fcf336","small_molecule","group",2,"CHEBI:39867","valproic acid",13,13,0,0,0,"",FALSE
"group_L4_4387c581","disease_vs_normal","group",210,"UNK",NA,1842,1842,154,0,154,"MeSH:D009369|MeSH:D011471|MeSH:D064593|STR:22pc_ep_human_prostate_tumor_cell_line|STR:22rv1_atcc_crl_2505_human_prostate_tumor_cell_line",TRUE
"group_L4_43ab5433","disease_vs_normal","group",6,"UNK",NA,29,29,4,0,4,"MeSH:D002294|MeSH:D014062|STR:primary_tumour|STR:umscc_74b_oral_cancer_cell_line",TRUE
"group_L4_43c554fd","small_molecule","group",2,"CHEBI:34200","2,2',3,4',5,5'-Hexachloro-4-biphenylol",4,4,0,1,1,"CHEBI:27899",FALSE
"group_L4_43d42805","disease_vs_normal","group",5,"MeSH:D009789","Occupational Therapy Department, Hospital",13,13,5,0,5,"MeSH:D010190|STR:flow_sorted_human_klm1_cells_from_orthotopic_panreatic_tumors_in_nsg_mice|STR:pancreatic_adenocarcinoma_cells|STR:pancreatic_cancer_cells|STR:patient_derived_pancreatic_cancer_cells",TRUE
"group_L4_440864bf","disease_vs_normal","group",3,"UNK",NA,25,25,2,0,2,"STR:diabetic|STR:type_i_diabetes",TRUE
"group_L4_44152ef8","disease_vs_normal","group",50,"UNK",NA,686,686,26,0,26,"MeSH:D009369|MeSH:D011471|MeSH:D065626|STR:acute_cholestasis|STR:biliary_atresia",TRUE
"group_L4_44280b35","disease_vs_normal","group",2,"UNK",NA,2,2,1,0,1,"STR:germ_cell_tumor_seminoma",FALSE
"group_L4_443e277e","small_molecule","group",3,"MeSH:D000970","Antineoplastic Agents",9,9,0,0,0,"",FALSE
"group_L4_44546e99","disease_vs_normal","group",2,"UNK",NA,2,2,1,0,1,"STR:lateral_tongue_squamous_cell_carcinoma_cell_line",FALSE
"group_L4_446a01c4","disease_vs_normal","group",3,"UNK",NA,9,9,1,0,1,"STR:tumor_sample",FALSE
"group_L4_44d00346","small_molecule","group",3,"CHEBI:136020","ornipressin",12,12,0,1,1,"STR:infliximab",FALSE
"group_L4_44f7867c","disease_vs_normal","group",2,"UNK",NA,16,16,1,0,1,"STR:multiple_sclerosis",FALSE
"group_L4_44f89a2c","disease_vs_normal","group",3,"UNK",NA,128,128,4,0,4,"STR:tumor_epnpfa1|STR:tumor_epnpfa2|STR:tumor_pfa_ependymoma|STR:tumor_rela",TRUE
"group_L4_4517af67","disease_vs_normal","group",4,"UNK",NA,14,14,3,0,3,"STR:colorectal_cancer_patient|STR:liver_metastasis|STR:liver_metastasis_from_uveal_melanoma",TRUE
"group_L4_45400781","small_molecule","group",2,"CHEBI:3077","betamethasone",10,10,0,2,2,"CHEBI:28748|STR:rna",TRUE
"group_L4_4596446b","small_molecule","group",2,"CHEBI:17996","chloride",3,3,0,1,1,"STR:20_m_dha",FALSE
"group_L4_46004559","small_molecule","group",2,"CHEBI:88266","(7<i>Z</i>,10<i>Z</i>,13<i>Z</i>,16<i>Z</i>,19<i>Z</i>)-docosapentaenoyl-containing glycerolipid",4,4,0,3,3,"CHEBI:132268|CHEBI:61390|CHEBI:75045",TRUE
"group_L4_4611fda0","disease_vs_normal","group",6,"UNK",NA,138,138,4,0,4,"STR:upper_tract_urothelial_carcinoma|STR:upper_tract_urothelial_cell_carcinoma|STR:urothelial_cancer_ffpe_tissue|STR:urothelial_carcinoma_cell_line",TRUE
"group_L4_4618fc2d","disease_vs_normal","group",2,"UNK",NA,2,2,2,0,2,"MeSH:D000310|MeSH:D011471",TRUE
"group_L4_4627925d","cytokine_stim","group",2,"STR:interferon gamma","interferon gamma",5,5,0,2,2,"STR:ifn_gamma_500_units|STR:interferon_gama",TRUE
"group_L4_46421ff7","disease_vs_normal","group",23,"UNK",NA,194,194,6,0,6,"STR:nonxenograft_forming_group|STR:primary|STR:recurrent|STR:t98g_human_glioblastoma_cancer_cell_line|STR:tumor_gbm",TRUE
"group_L4_468541d8","small_molecule","group",65,"UNK",NA,323,323,0,62,62,"CHEBI:140936|CHEBI:15738|CHEBI:16480|CHEBI:167694|CHEBI:189652",TRUE
"group_L4_468d5341","disease_vs_normal","group",34,"UNK",NA,316,316,16,0,16,"MeSH:D000077273|MeSH:D009369|MeSH:D013964|STR:anaplastic_thyroid_carcinoma_derived_cell_line|STR:khm_5m_thyroid_cancer_cell",TRUE
"group_L4_46c708dd","disease_vs_normal","group",4,"UNK",NA,31,31,3,0,3,"MeSH:D003424|MeSH:D009369|STR:primary_tumor",TRUE
"group_L4_46f5a1ef","disease_vs_normal","group",2,"UNK",NA,10,10,2,0,2,"STR:dm1|STR:sarcopenia",TRUE
"group_L4_472f2040","disease_vs_normal","group",2,"UNK",NA,389,389,1,0,1,"MeSH:D000544",FALSE
"group_L4_4732ca75","pathogen_or_aggregate_exposure","group",10,"UNK",NA,110,110,0,9,9,"CHEBI:53806|STR:24hr_hrva|STR:hcov_nl63_infected|STR:hrv_a16_infection|STR:iav_h1n1",TRUE
"group_L4_4738e24a","disease_vs_normal","group",2,"UNK",NA,13,13,2,0,2,"STR:uterine_adenocarcinoma|STR:uterine_leiomyosarcoma",TRUE
"group_L4_47434779","small_molecule","group",2,"STR:um171","UM171",7,7,0,1,1,"STR:um171",FALSE
"group_L4_476a9dd2","small_molecule","group",2,"UNK",NA,23,23,0,0,0,"",FALSE
"group_L4_477dfaa8","small_molecule","group",2,"CHEBI:78101","1-tetradecyl-2-acetyl-<em>sn</em>-glycero-3-phosphocholine",2,2,0,1,1,"STR:jq1_1_5um",FALSE
"group_L4_47ede84d","disease_vs_normal","group",14,"UNK",NA,211,211,7,0,7,"STR:high_grade_serous_ovarian_cancer_metastatic_tumor|STR:metastasis_tumor|STR:omentum|STR:ovarian_cancer_cells|STR:primary_tumor_tissue_omentum",TRUE
"group_L4_47fb2594","disease_vs_normal","group",10,"UNK",NA,521,521,9,0,9,"MeSH:D003093|MeSH:D003424|STR:cd|STR:cd_crohn_s_disease|STR:crohn_s_disease_cd_or_ulcerative_colitis_uc",TRUE
"group_L4_487d52df","pathogen_or_aggregate_exposure","group",3,"STR:tuberculosis","Tuberculosis",229,229,0,0,0,"",FALSE
"group_L4_48a4770c","small_molecule","group",2,"UNK",NA,5,5,0,1,1,"CHEBI:15603",FALSE
"group_L4_48a7ac19","small_molecule","group",5,"CHEBI:27899","cisplatin",21,21,0,3,3,"CHEBI:27899|STR:cisplatin_pulse|STR:rna",TRUE
"group_L4_48ca26d4","disease_vs_normal","group",2,"UNK",NA,39,39,1,0,1,"STR:cerebral_cortex",FALSE
"group_L4_490bc295","disease_vs_normal","group",3,"UNK",NA,10,10,3,0,3,"STR:multiple_endocrine_neoplasia_type_1_men1|STR:type_1_diabetes_mellitus|STR:type_1_diabetes_mellitus_with_family_history",TRUE
"group_L4_49115e1e","disease_vs_normal","group",3,"UNK",NA,21,21,1,0,1,"STR:hepatocellular_carcinoma_tissue",FALSE
"group_L4_494a1b99","small_molecule","group",2,"CHEBI:34202","2,2',4,4',5,5'-hexachlorobiphenyl",7,7,0,1,1,"STR:1_g_ml_cisplatin",FALSE
"group_L4_49c0a8de","pathogen_or_aggregate_exposure","group",5,"STR:mycobacterium tuberculosis","Mycobacterium tuberculosis",32,32,0,4,4,"STR:d_7|STR:m_tuberculosis|STR:mtb|STR:mycobacterium_tuberculosis",TRUE
"group_L4_49e3a5c2","small_molecule","group",2,"CHEBI:50729","mitoxantrone",7,7,0,2,2,"STR:20_nm_mitoxantrone|STR:20_nm_mitoxantrone_for_72_h",TRUE
"group_L4_4a86d631","disease_vs_normal","group",2,"UNK",NA,4,4,2,0,2,"STR:acute_myocardial_infarction|STR:primary_infertility_non_pcos_group",TRUE
"group_L4_4ac904a7","small_molecule","group",2,"CHEBI:17105","4-maleylacetoacetate",6,6,0,2,2,"STR:dht_10_nm|STR:rna",TRUE
"group_L4_4ad9ceb9","cytokine_stim","group",2,"CHEBI:16673","protochlorophyllide",5,5,0,1,1,"STR:egf_9h_plus_gski_3h",FALSE
"group_L4_4aff14ff","disease_vs_normal","group",22,"UNK",NA,197,197,10,0,10,"MeSH:D000077274|STR:eosinophilic_chronic_rhinosinusitis_ecrs|STR:epstein_barr_associated_nasopharyngeal_carcinoma_cell_line|STR:metastatic_nasopharyngeal_carcinoma_patient_sample|STR:nasopharyngeal_carcinoma",TRUE
"group_L4_4b1776e2","small_molecule","group",4,"CHEBI:75928","(<i>S</i>)-2-hydroxyhexadecanoate",8,8,0,3,3,"CHEBI:39112|STR:100nm_jq1_48h|STR:unstim",TRUE
"group_L4_4b1a6352","disease_vs_normal","group",2,"UNK",NA,23,23,0,0,0,"",FALSE
"group_L4_4b5e59bc","small_molecule","group",2,"UNK",NA,8,8,0,3,3,"STR:gsi_washout_for_24h|STR:gsi_washout_for_4h|STR:gsi_washout_for_72h",TRUE
"group_L4_4b695599","pathogen_or_aggregate_exposure","group",2,"UNK",NA,25,25,0,1,1,"STR:s_typhimurium_theta_toxin_secretion_co_culture",FALSE
"group_L4_4b7e87cf","small_molecule","group",4,"CHEBI:27388","benzoylacetyl-CoA",17,17,0,4,4,"HGNC:TCF7L1|STR:0_1_g_ml_doxycycline|STR:0_3_g_ml_doxycycline|STR:rna",TRUE
"group_L4_4ba69b3b","disease_vs_normal","group",163,"UNK",NA,1443,1443,95,0,95,"MeSH:D002280|MeSH:D003876|MeSH:D008545|MeSH:D010361|MeSH:D011371",TRUE
"group_L4_4c574237","disease_vs_normal","group",2,"UNK",NA,10,10,3,0,3,"MeSH:D009369|STR:primary_colorectal_cancer|STR:primary_colorectal_carcinoma",TRUE
"group_L4_4c968dc6","disease_vs_normal","group",3,"UNK",NA,38,38,0,0,0,"",FALSE
"group_L4_4ca6de73","pathogen_or_aggregate_exposure","group",2,"CHEBI:16412","lipopolysaccharide",27,27,0,2,2,"CHEBI:16412|STR:rna",TRUE
"group_L4_4cc28b32","pathogen_or_aggregate_exposure","group",3,"CHEBI:16412","lipopolysaccharide",25,25,0,1,1,"STR:lps_100_ng_ml",FALSE
"group_L4_4cefdfaa","pathogen_or_aggregate_exposure","group",2,"MeSH:D061986","MCF-7 Cells",11,11,0,1,1,"STR:stimulated_16_hours_with_mcf7_tumors",FALSE
"group_L4_4cf7e1a3","small_molecule","group",3,"UNK",NA,10,10,0,3,3,"STR:pen221|STR:tfp|STR:tpa_sb",TRUE
"group_L4_4d0be746","small_molecule","group",7,"UNK",NA,125,125,0,10,10,"CHEBI:58972|CHEBI:59043|STR:antagomir_5x|STR:hgi|STR:neopetrotaurine_a",TRUE
"group_L4_4d1f76bc","disease_vs_normal","group",2,"MeSH:D006290","Health Planning Technical Assistance",15,15,0,0,0,"",FALSE
"group_L4_4d3d4ce2","pathogen_or_aggregate_exposure","group",2,"STR:human immunodeficiency virus 1","Human immunodeficiency virus 1",14,14,0,0,0,"",FALSE
"group_L4_4d5e5fa5","small_molecule","group",39,"UNK",NA,214,214,0,34,34,"CHEBI:15702|CHEBI:27789|CHEBI:340673|CHEBI:7307|CHEBI:82665",TRUE
"group_L4_4d99f53c","small_molecule","group",3,"STR:adalimumab","Adalimumab",10,10,0,1,1,"STR:rhumatoid_arthritis_patient_under_adalumumab_treatment",FALSE
"group_L4_4dbf849a","small_molecule","group",3,"CHEBI:61727","2-decenal",40,40,0,6,6,"CHEBI:229222|STR:2|STR:4|STR:bpaf|STR:bpap",TRUE
"group_L4_4dd7793c","small_molecule","group",5,"UNK",NA,11,11,0,4,4,"STR:aza_tsa|STR:c3d8|STR:ptc209|STR:xrt_plus_metformin",TRUE
"group_L4_4df45bcd","small_molecule","group",2,"CHEBI:30971","2<em>H</em>-azirine",4,4,0,0,0,"",FALSE
"group_L4_4dfff4e9","small_molecule","group",10,"UNK",NA,52,52,0,9,9,"CHEBI:379896|STR:0_5um_arv771_6hrs|STR:bi_4142_100nm_24h|STR:bi_4142_100nm_6h|STR:cyh33",TRUE
"group_L4_4e33df6b","small_molecule","group",3,"UNK",NA,20,20,0,5,5,"CHEBI:231674|CHEBI:26523|STR:ato|STR:flu|STR:sim",TRUE
"group_L4_4e8803fb","small_molecule","group",2,"MeSH:D000997","Antivenins",3,3,0,1,1,"STR:rna",FALSE
"group_L4_4efb82bf","cytokine_stim","group",2,"STR:interferon gamma","Interferon gamma",2,2,0,1,1,"STR:ifngamma",FALSE
"group_L4_4fc8e2c2","small_molecule","group",5,"CHEBI:27388","benzoylacetyl-CoA",38,38,0,2,2,"STR:3_day_doxycycline|STR:rna",TRUE
"group_L4_4fdbb7f8","pathogen_or_aggregate_exposure","group",2,"UNK",NA,13,13,0,0,0,"",FALSE
"group_L4_500c3348","small_molecule","group",2,"CHEBI:34206","2,2',5,5'-tetrachlorobiphenyl",4,4,0,1,1,"CHEBI:27899",FALSE
"group_L4_5042164f","disease_vs_normal","group",5,"UNK",NA,90,90,4,0,4,"STR:keratoconus|STR:ktcn|STR:non_ktcn|STR:posterior_polymorphous_corneal_dystrophy_ppcd",TRUE
"group_L4_50476eeb","cytokine_stim","group",2,"MeSH:D007376","Interleukin-2",4,4,0,0,0,"",FALSE
"group_L4_509b9adb","small_molecule","group",2,"CHEBI:45783","imatinib",4,4,0,1,1,"STR:im_resistance",FALSE
"group_L4_50a29deb","cytokine_stim","group",4,"MeSH:D053583","Interleukin-1beta",9,9,0,3,3,"STR:3_ng_ml_il1b|STR:il1b_6hr|STR:pro_inflammatory_cytokine_il_1",TRUE
"group_L4_50b3c625","small_molecule","group",3,"UNK",NA,37,37,0,1,1,"STR:epc",FALSE
"group_L4_50ee3f49","small_molecule","group",3,"CHEBI:31638","fulvestrant",9,9,0,3,3,"CHEBI:31638|STR:100_nm_fulvestrant_1_nm_e2|STR:fulvestrant_10nm",TRUE
"group_L4_512c44af","small_molecule","group",2,"CHEBI:32016","pirfenidone",8,8,0,2,2,"STR:20_fbs_plus_1mm_pirfenidone|STR:tgfb",TRUE
"group_L4_514c3732","small_molecule","group",2,"CHEBI:88007","3-oxooleoyl-CoA",2,2,0,2,2,"CHEBI:66903|CHEBI:72317",TRUE
"group_L4_51625c0e","small_molecule","group",3,"CHEBI:231601","trastuzumab",18,18,0,4,4,"CHEBI:231601|STR:10_g_ml_trastuzumab_10_g_ml_pertuzumab_for_3_days|STR:10_g_ml_trastuzumab_for_3_days|STR:treated_with_herceptin_for_6_days",TRUE
"group_L4_516fa196","small_molecule","group",3,"CHEBI:17192","3,5-dibromo-4-hydroxybenzonitrile",3,3,0,3,3,"CHEBI:16330|STR:10_nm_double_hydrogen_testosterone_16h|STR:dht_for_24hrs",TRUE
"group_L4_51767a97","small_molecule","group",2,"CHEBI:85751","triacylglycerol 56:5",9,9,0,3,3,"CHEBI:64310|CHEBI:90942|STR:combination_enzalutamide_50_mg_kg_erdafitinib_30_mg_kg",TRUE
"group_L4_518b7d28","disease_vs_normal","group",3,"UNK",NA,13,13,1,0,1,"STR:recurrent_spontaneous_abortion_rsa",FALSE
"group_L4_51c025fe","small_molecule","group",3,"UNK",NA,13,13,0,3,3,"STR:100_nm_dec_3_days|STR:100_nm_dec_7_days|STR:lak31_treatment",TRUE
"group_L4_5261b090","small_molecule","group",2,"CHEBI:83766","olaparib",4,4,0,1,1,"CHEBI:83766",FALSE
"group_L4_52b5c9e8","small_molecule","group",2,"CHEBI:28748","doxorubicin",4,4,0,3,3,"STR:225_ng_ml_doxorubicine|STR:nt|STR:upregulated_g0s2_dox",TRUE
"group_L4_52e8f56f","disease_vs_normal","group",7,"UNK",NA,333,333,9,0,9,"STR:als_spectrum_mnd|STR:essential_tremor|STR:msa|STR:msa_c|STR:msa_p",TRUE
"group_L4_5302f96f","cytokine_stim","group",2,"HGNC:11927","TNFSF12",14,14,0,1,1,"STR:tweak",FALSE
"group_L4_532fa7d6","pathogen_or_aggregate_exposure","group",3,"UNK",NA,8,8,0,0,0,"",FALSE
"group_L4_53610f39","small_molecule","group",2,"CHEBI:231598","tazemetostat",4,4,0,2,2,"HGNC:NELFE|STR:epz_6438_40_m_24h",TRUE
"group_L4_53673f2b","pathogen_or_aggregate_exposure","group",10,"UNK",NA,272,272,0,1,1,"STR:infected",FALSE
"group_L4_53959184","small_molecule","group",2,"CHEBI:78023","4-coumaroyltriacetic acid lactone",4,4,0,1,1,"STR:jq_1_1_m",FALSE
"group_L4_54305f5b","small_molecule","group",4,"CHEBI:134201","<em>P</em>-{α-<small>D</small>-Glc<em>p</em>NAc-(1→3)-[<small>D</small>-GroA-(2→1)]-α-<small>D</small>-Glc<em>p</em>NAc-6-yl}-α-<small>D</small>-Glc<em>p</em>NAc-(1→3)-[<em>P</em>-6-[CH<small><sub>2</sub></small>]<small><sub>5</sub></small>NH<small><sub>2</sub></small>]-α-<small>D</small>-Glc<em>p</em>NAc-(1→2)-<small>D</small>-GroA",11,11,0,6,6,"CHEBI:145431|CHEBI:231344|STR:2|STR:bpap|STR:dcdps",TRUE
"group_L4_543e1937","disease_vs_normal","group",7,"UNK",NA,35,35,6,0,6,"MeSH:D005706|MeSH:D009369|STR:gallbladder|STR:gallbladder_tumor|STR:gallblader_cancer",TRUE
"group_L4_54750d17","disease_vs_normal","group",52,"UNK",NA,1130,1130,61,0,61,"MeSH:D003424|MeSH:D003882|MeSH:D003924|MeSH:D003928|MeSH:D004938",TRUE
"group_L4_54800b54","disease_vs_normal","group",12,"UNK",NA,179,179,8,0,8,"MeSH:D013964|STR:hbv_hcc|STR:nf|STR:non_metastatic_colorectal_cancer_crc|STR:oral_squamous_cell_carcinoma_oscs_with_lymph_node_metastasis_lnm",TRUE
"group_L4_54b8a0dc","disease_vs_normal","group",3,"UNK",NA,37,37,1,0,1,"STR:parkinson_s_disease",FALSE
"group_L4_54cb9f8b","small_molecule","group",12,"CHEBI:16469","17β-estradiol",38,38,0,8,8,"CHEBI:50114|STR:10nm_e2|STR:10nm_e2_10nm_dexamethasone|STR:17_beta_estradiol_e2|STR:17b_estradiol",TRUE
"group_L4_54e0283b","small_molecule","group",26,"UNK",NA,220,220,0,34,34,"CHEBI:167830|STR:0_nm_dex|STR:125nm_sd6_at_0_hr|STR:125nm_sd6_at_2_hr|STR:125nm_sd6_at_24_hr",TRUE
"group_L4_54f70eba","small_molecule","group",3,"CHEBI:28748","doxorubicin",21,21,0,1,1,"STR:0_2_ug_ml_doxorubicin_12_hours",FALSE
"group_L4_550b5744","disease_vs_normal","group",2,"UNK",NA,7,7,0,0,0,"",FALSE
"group_L4_5516f473","disease_vs_normal","group",5,"UNK",NA,10,10,2,0,2,"STR:dm1|STR:formalin_fixed_paraffin_embedded_ffpe_tumor_tissue_block_from_human_nf2_patient",TRUE
"group_L4_551d806e","disease_vs_normal","group",2,"UNK",NA,2,2,0,0,0,"",FALSE
"group_L4_554c88f2","disease_vs_normal","group",2,"MeSH:D010027","Osteotomy",5,5,0,0,0,"",FALSE
"group_L4_55a6f847","small_molecule","group",4,"UNK",NA,14,14,0,4,4,"STR:30nm_tram|STR:gefitinib_1microm_thz531_200nm|STR:glucose_doxyxycline|STR:k_975_kirin",TRUE
"group_L4_55acb365","pathogen_or_aggregate_exposure","group",2,"STR:helicobacter pylori","Helicobacter pylori",3,3,0,2,2,"STR:h_pylori_infection|STR:helicobacter",TRUE
"group_L4_55b36b9d","small_molecule","group",3,"CHEBI:41879","dexamethasone",58,58,0,3,3,"CHEBI:41879|STR:dexamethasone_dex|STR:dexamethasone_drug",TRUE
"group_L4_55b9273b","disease_vs_normal","group",2,"UNK",NA,2,2,0,0,0,"",FALSE
"group_L4_55d8a924","pathogen_or_aggregate_exposure","group",4,"CHEBI:16412","lipopolysaccharide",29,29,0,2,2,"CHEBI:16412|STR:treated_with_lps_for_4_hours",TRUE
"group_L4_55f9620f","small_molecule","group",26,"UNK",NA,138,138,0,35,35,"CHEBI:16330|CHEBI:234609|CHEBI:85928|HGNC:AR|HGNC:DAXX",TRUE
"group_L4_55ff9eca","pathogen_or_aggregate_exposure","group",5,"UNK",NA,16,16,0,1,1,"STR:rna",FALSE
"group_L4_5672402c","disease_vs_normal","group",7,"UNK",NA,83,83,6,0,6,"STR:brca|STR:breast_cancer_2d_culture|STR:estrogen_receptor_positive_er_breast_cancer|STR:triple_negative_breast_cancer_tumor_ffpe|STR:uninvolved_breast_tissue_adjacent_to_er_primary_tumor",TRUE
"group_L4_56934af0","disease_vs_normal","group",2,"UNK",NA,8,8,3,0,3,"STR:high_grade_dysplasia_vs_well_differentiated_adenocarcinoma|STR:patient_matched_uninvolved_colon|STR:sessile_serrated_adenoma_polyp",TRUE
"group_L4_56950e1e","pathogen_or_aggregate_exposure","group",108,"UNK",NA,882,882,0,66,66,"CHEBI:41879|CHEBI:73823|HGNC:IFIH1|HGNC:STAT1|HGNC:TRIM28",TRUE
"group_L4_56a0599f","small_molecule","group",9,"UNK",NA,84,84,0,9,9,"STR:10_um_dcvc|STR:180um_mehp|STR:1um_mehp|STR:20_m_25_oh_d|STR:20_microm_dcvc",TRUE
"group_L4_573f3389","small_molecule","group",16,"MeSH:D000090","Acetoacetates",16,16,0,0,0,"",FALSE
"group_L4_575bdc36","disease_vs_normal","group",2,"UNK",NA,22,22,8,0,8,"STR:paracancerous_tissue|STR:paracancerous_tissue1|STR:paracancerous_tissue2|STR:paracancerous_tissue3|STR:paracancerous_tissue4",TRUE
"group_L4_5766a0c1","disease_vs_normal","group",2,"UNK",NA,2,2,1,0,1,"STR:chondrosarcoma",FALSE
"group_L4_57c8863e","pathogen_or_aggregate_exposure","group",2,"UNK",NA,4,4,0,2,2,"STR:rna|STR:sepsis",TRUE
"group_L4_5805efc7","disease_vs_normal","group",3,"UNK",NA,13,13,2,0,2,"MeSH:D015461|STR:hiv_negative",TRUE
"group_L4_5831a6ed","small_molecule","group",2,"CHEBI:17236","2-hydroxy-6-oxohexa-2,4-dienoic acid",72,72,0,0,0,"",FALSE
"group_L4_588a1f8a","pathogen_or_aggregate_exposure","group",3,"UNK",NA,44,44,0,1,1,"STR:hrv",FALSE
"group_L4_589cd42d","disease_vs_normal","group",3,"UNK",NA,20,20,3,0,3,"MeSH:D013167|STR:breast_cancer_serum_with_recurrence|STR:hcc",TRUE
"group_L4_589ef0e7","small_molecule","group",2,"UNK",NA,11,11,0,3,3,"CHEBI:29865|STR:babao_dan_treatment|STR:bp_huaier",TRUE
"group_L4_58b4bee9","disease_vs_normal","group",5,"UNK",NA,52,52,1,0,1,"STR:cushing",FALSE
"group_L4_5906c3a8","disease_vs_normal","group",3,"MeSH:D009370","Neoplasms by Histologic Type",18,18,2,0,2,"STR:metastatic_nasopharyngeal_carcinoma_patient_sample|STR:nasopharyngeal_carcinoma",TRUE
"group_L4_5948b228","disease_vs_normal","group",3,"MeSH:D009148",NA,9,9,2,0,2,"MeSH:D012008|STR:diagnosis",TRUE
"group_L4_5985c08b","small_molecule","group",2,"CHEBI:89326","DG(22:6(4Z,7Z,10Z,13Z,16Z,19Z)/18:1(9Z)/0:0)",3,3,0,2,2,"STR:pembrolizumab|STR:secukinumab",TRUE
"group_L4_59a0ea66","disease_vs_normal","group",3,"UNK",NA,27,27,0,0,0,"",FALSE
"group_L4_59fa7865","small_molecule","group",2,"CHEBI:27906","ubiquinone-0",4,4,0,2,2,"CHEBI:16118|STR:200_ng_ml_nocodazole",TRUE
"group_L4_5a0c5d8b","disease_vs_normal","group",4,"MeSH:D012138","Respiratory Therapy",38,38,3,0,3,"MeSH:D001172|STR:rheumatoid_arthritis_early|STR:rheumatoid_arthritis_established",TRUE
"group_L4_5a3ca1be","small_molecule","group",2,"CHEBI:46756","HEPES",23,23,0,0,0,"",FALSE
"group_L4_5a67e790","small_molecule","group",2,"UNK",NA,9,9,0,1,1,"STR:300_m_t_bhp",FALSE
"group_L4_5adbe85f","small_molecule","group",2,"CHEBI:46345","5-fluorouracil",8,8,0,4,4,"STR:nct|STR:treatment_of_5_fu_100mg_kg|STR:treatment_of_5_fu_for_14_days|STR:treatment_of_5_fu_for_5_days",TRUE
"group_L4_5ae3b01a","small_molecule","group",4,"MeSH:D011278","Pregnanes",44,44,0,0,0,"",FALSE
"group_L4_5b29ec75","small_molecule","group",2,"UNK",NA,23,23,0,1,1,"CHEBI:145751",FALSE
"group_L4_5b3bdf74","disease_vs_normal","group",4,"UNK",NA,91,91,2,0,2,"STR:hfref|STR:nf",TRUE
"group_L4_5b6d8cca","small_molecule","group",2,"UNK",NA,14,14,0,1,1,"STR:50nm_dbrd9",FALSE
"group_L4_5cc6de3e","cytokine_stim","group",2,"CHEBI:172363","<em>S</em>-malonyl-4'-phosphopantetheine(3−)",3,3,0,1,1,"STR:2_il21_cebpd_ki_137961_nk_cells_alone",FALSE
"group_L4_5cd09d6f","small_molecule","group",3,"UNK",NA,8,8,0,3,3,"STR:1_um_ki_ms2_008|STR:10_um_ki_ms2_008|STR:avadomide_durvalumab",TRUE
"group_L4_5d10ee81","disease_vs_normal","group",51,"MeSH:D001943","Breast Neoplasms",172,172,16,0,16,"MeSH:D001943|STR:atcc_crl_2336_established_from_a_grade_iii_infiltrating_ductal_primary_breast_tumor_from_a_patient_with_a_germ_line_brca1_mutation|STR:breast_cancer_cell|STR:breast_cancer_cell_line|STR:breast_cancer_cell_line_mda_mb_231",TRUE
"group_L4_5d223cad","disease_vs_normal","group",2,"UNK",NA,9,9,2,0,2,"MeSH:D013736|STR:rst_noa",TRUE
"group_L4_5d40631b","small_molecule","group",2,"CHEBI:47898","4'-epidoxorubicin",25,25,0,0,0,"",FALSE
"group_L4_5d5e5895","small_molecule","group",2,"UNK",NA,3,3,0,0,0,"",FALSE
"group_L4_5d680bf2","disease_vs_normal","group",2,"UNK",NA,4,4,0,0,0,"",FALSE
"group_L4_5d83c425","disease_vs_normal","group",108,"UNK",NA,715,715,40,0,40,"MeSH:D009369|MeSH:D010190|STR:an_established_cell_line_from_a_primary_pancreas_tumor_transduced_with_a_retrovirus_that_expressed_human_e47|STR:classical|STR:colo_357_metastatic_pancreatic_adenocarcinoma",TRUE
"group_L4_5d941471","pathogen_or_aggregate_exposure","group",9,"UNK",NA,177,177,0,6,6,"CHEBI:73823|STR:0nm_vd_treatment_and_h1n1_infection|STR:infected_with_pa57_15_for_4h|STR:infected24hrs|STR:infected48hrs",TRUE
"group_L4_5db31d6e","small_molecule","group",3,"UNK",NA,7,7,0,3,3,"STR:jnki_treated_icafs|STR:treated_4_oht_group|STR:treated_with_sphingomyelin_for_30_days",TRUE
"group_L4_5dcf8e93","disease_vs_normal","group",2,"UNK",NA,6,6,2,0,2,"STR:distal_metastsis|STR:sarcoma",TRUE
"group_L4_5e0a2c67","pathogen_or_aggregate_exposure","group",15,"UNK",NA,85,85,0,22,22,"STR:24_hours_post_sars_cov_2_infection|STR:48_hours_post_pr8_infection|STR:48_hours_post_sars_cov_2_infection|STR:dl1500_infected|STR:dl312_infected",TRUE
"group_L4_5e29937d","disease_vs_normal","group",6,"UNK",NA,99,99,4,0,4,"MeSH:D009362|STR:osteosarcoma_cancer|STR:primary|STR:unknown",TRUE
"group_L4_5e534f95","small_molecule","group",3,"CHEBI:17126","carnitine",15,15,0,2,2,"CHEBI:16412|STR:intravenous_lps",TRUE
"group_L4_5e7a19fe","pathogen_or_aggregate_exposure","group",4,"CHEBI:84491","poly(I:C)",11,11,0,4,4,"CHEBI:84491|STR:24_h_transfection_0_05_ug_cm2_poly_i_c|STR:poly_ic_and_ll_37_for_24_hours|STR:polyic_induced_for_24hr",TRUE
"group_L4_5ea38798","pathogen_or_aggregate_exposure","group",5,"UNK",NA,16,16,0,3,3,"STR:l2_deltactl0480_infected|STR:l2_wild_type_infected|STR:live_bacteria",TRUE
"group_L4_5ebe0e9d","small_molecule","group",4,"CHEBI:50756","acridone",12,12,0,4,4,"CHEBI:49603|CHEBI:50924|STR:250_nm_lapatinib_for_two_weeks|STR:fulvetrsant_5mg_mouse_week_sy_1365_30mg_mouse_week",TRUE
"group_L4_5f3bf289","small_molecule","group",3,"CHEBI:75929","<small>D</small>-cycloserine(1+)",9,9,0,0,0,"",FALSE
"group_L4_5f926a14","disease_vs_normal","group",5,"UNK",NA,150,150,1,0,1,"MeSH:D029424",FALSE
"group_L4_5fa2ef2e","small_molecule","group",11,"UNK",NA,94,94,0,24,24,"CHEBI:167693|CHEBI:24866|CHEBI:95074|STR:10nm_r5020_pr_stimulated|STR:4_oht_sel",TRUE
"group_L4_5fad6df7","disease_vs_normal","group",2,"MeSH:D010146","Pain",3,3,2,0,2,"STR:csarc|STR:non_small_cell_lung_carcinoma_nsclc",TRUE
"group_L4_6008dff8","small_molecule","group",2,"CHEBI:16213","coformycin",4,4,0,2,2,"STR:mg132_4h|STR:when_mda_mb_231_cells_were_released_from_g1_s_phase",TRUE
"group_L4_6018fa2e","disease_vs_normal","group",2,"UNK",NA,24,24,1,0,1,"STR:hereditary_sensory_neuropathy_type_1_hsn1",FALSE
"group_L4_6035ed43","disease_vs_normal","group",2,"UNK",NA,6,6,1,0,1,"STR:metastatic_melanoma",FALSE
"group_L4_603c7e9d","small_molecule","group",2,"CHEBI:63637","vemurafenib",4,4,0,1,1,"CHEBI:63637",FALSE
"group_L4_604a0a18","small_molecule","group",2,"CHEBI:9168","sirolimus",10,10,0,0,0,"",FALSE
"group_L4_606e2cc1","small_molecule","group",2,"CHEBI:81579","Erythropoietin",6,6,0,1,1,"STR:eryhtropoietinin",FALSE
"group_L4_6071b922","disease_vs_normal","group",2,"UNK",NA,4,4,1,0,1,"STR:small_cell",FALSE
"group_L4_60895ecd","small_molecule","group",2,"CHEBI:75929","<small>D</small>-cycloserine(1+)",3,3,0,2,2,"STR:jq1_gemcitabine|STR:tivantinib",TRUE
"group_L4_61459842","small_molecule","group",59,"UNK",NA,373,373,0,71,71,"CHEBI:18258|CHEBI:231605|CHEBI:231674|CHEBI:30145|CHEBI:50594",TRUE
"group_L4_61a6258e","small_molecule","group",4,"UNK",NA,15,15,0,3,3,"STR:e2_10_nm_30_min|STR:e2_10_nm_60_min|STR:treated_with_jg_98_for_12hours",TRUE
"group_L4_61a795d4","disease_vs_normal","group",23,"UNK",NA,92,92,8,0,8,"STR:adenocarcinoma|STR:breast_cancer_cell|STR:epithelial_adenocarcinoma|STR:mammary_tumor_xenograft|STR:mda_mb_231_breast_cancer_cell_line",TRUE
"group_L4_61b98b20","cytokine_stim","group",2,"UNK",NA,5,5,0,1,1,"STR:tgflo",FALSE
"group_L4_61e032f7","disease_vs_normal","group",2,"UNK",NA,7,7,1,0,1,"STR:ip_tumor_tissue",FALSE
"group_L4_620d024f","small_molecule","group",2,"CHEBI:50693","milrinone",30,30,0,0,0,"",FALSE
"group_L4_624751e1","disease_vs_normal","group",2,"UNK",NA,2,2,0,0,0,"",FALSE
"group_L4_62886a35","cytokine_stim","group",3,"HGNC:6000","IL1RN",5,5,0,2,2,"STR:11_il15_138265_nk_cells_alone|STR:ld_il_15",TRUE
"group_L4_62dbfcfc","disease_vs_normal","group",2,"UNK",NA,8,8,0,0,0,"",FALSE
"group_L4_6338e109","cytokine_stim","group",3,"HGNC:6016","IL5",13,13,0,3,3,"STR:il_12|STR:il_15|STR:il4_exposed_for_24_hours",TRUE
"group_L4_633b2c6c","small_molecule","group",3,"CHEBI:123456","N-ethyl-2-[(2R,3R,6S)-3-[(4-fluorophenyl)sulfonylamino]-2-(hydroxymethyl)-3,6-dihydro-2H-pyran-6-yl]acetamide",11,11,0,3,3,"HGNC:SPOP|STR:gsk591_250nm|STR:h3b_8800_75nm_6h",TRUE
"group_L4_6340cd97","small_molecule","group",3,"CHEBI:45783","imatinib",5,5,0,1,1,"CHEBI:45783",FALSE
"group_L4_636336be","pathogen_or_aggregate_exposure","group",2,"STR:listeria monocytogenes","Listeria monocytogenes",9,9,0,1,1,"STR:non_treated_nt",FALSE
"group_L4_64129fca","small_molecule","group",2,"CHEBI:27950","(9<i>R</i>,10<i>S</i>)-9,10-epoxy-9,10-dihydrophenanthrene",2,2,0,2,2,"CHEBI:15367|CHEBI:27666",TRUE
"group_L4_646f37bf","disease_vs_normal","group",2,"UNK",NA,189,189,4,0,4,"STR:ild_pss|STR:non_ild_pss|STR:non_pss|STR:pss",TRUE
"group_L4_646f531f","small_molecule","group",18,"UNK",NA,54,54,0,19,19,"CHEBI:9505|STR:1_micromolar_ctt251238|STR:3_h_drb_0_min_4su|STR:3_h_drb_4_min_4su|STR:3_h_drb_8_min_4su",TRUE
"group_L4_64e3894e","disease_vs_normal","group",4,"UNK",NA,19,19,3,0,3,"MeSH:D009369|MeSH:D020345|STR:macrophages",TRUE
"group_L4_64e3fe95","disease_vs_normal","group",7,"MeSH:D003149","Community Dentistry",58,58,3,0,3,"STR:colorectal_cancer_cell_line|STR:colorectal_cancer_patient|STR:primary_colorectal_cancer",TRUE
"group_L4_655810bd","disease_vs_normal","group",10,"UNK",NA,299,299,5,0,5,"MeSH:D000077195|STR:head_and_neck_squamous_cell_carcinoma_cells|STR:head_and_squamous_cell_carcinoma|STR:head_neck_squamous_cell_carcinoma_pdo|STR:human_head_and_neck_squamous_cell_carcinoma",TRUE
"group_L4_65e2a804","disease_vs_normal","group",2,"UNK",NA,25,25,2,0,2,"MeSH:D015179|STR:colorectal_cancer_stem_cell_spheroids",TRUE
"group_L4_65eca568","disease_vs_normal","group",4,"MeSH:D009719","Nurse Anesthetists",10,10,3,0,3,"STR:1|STR:2|STR:non_small_cell_carcinoma",TRUE
"group_L4_6662ab82","small_molecule","group",3,"CHEBI:75929","<small>D</small>-cycloserine(1+)",7,7,0,4,4,"CHEBI:137113|CHEBI:66903|CHEBI:67271|STR:tivantinib",TRUE
"group_L4_66636e37","small_molecule","group",2,"CHEBI:63630","tolcapone",31,31,0,0,0,"",FALSE
"group_L4_66a03700","small_molecule","group",4,"UNK",NA,19,19,0,12,12,"STR:48_hours_1_5um_cwp232228|STR:48_hours_10um_icg_001|STR:49_hours_1_5um_cwp232228|STR:49_hours_10um_icg_001|STR:g007_lk",TRUE
"group_L4_66b12e26","small_molecule","group",4,"CHEBI:3202","Buchananine",10,10,0,3,3,"CHEBI:28680|STR:vcd_bortezomib_cyclophosphamide_dexamethasone_2|STR:vcr_cyclo_treatment",TRUE
"group_L4_67055b02","disease_vs_normal","group",2,"UNK",NA,5,5,0,0,0,"",FALSE
"group_L4_67825b2b","disease_vs_normal","group",2,"UNK",NA,13,13,2,0,2,"STR:|STR:hcc",TRUE
"group_L4_67aa82d0","small_molecule","group",2,"CHEBI:88517","PS(20:3(8Z,11Z,14Z)/18:0)",5,5,0,2,2,"CHEBI:75998|STR:nt",TRUE
"group_L4_67b16366","small_molecule","group",3,"CHEBI:16411","indole-3-acetic acid",11,11,0,3,3,"CHEBI:16411|CHEBI:22676|HGNC:PAF1",TRUE
"group_L4_67c5cf06","disease_vs_normal","group",2,"UNK",NA,9,9,1,0,1,"STR:niemann_pick_type_a",FALSE
"group_L4_67c938b5","disease_vs_normal","group",2,"UNK",NA,9,9,1,0,1,"STR:schizophrenia_sz",FALSE
"group_L4_67d94514","disease_vs_normal","group",2,"UNK",NA,6,6,1,0,1,"MeSH:D001932",FALSE
"group_L4_67f91563","cytokine_stim","group",4,"CHEBI:16994","1-(β-<small>D</small>-galactosyl)-2-(2-hydroxyacyl)sphingosine",9,9,0,6,6,"STR:ifng|STR:in_vitro_with_rhil2|STR:tnf_10min|STR:tnf_30min|STR:tnf_4h",TRUE
"group_L4_68391165","small_molecule","group",2,"CHEBI:134201","<em>P</em>-{α-<small>D</small>-Glc<em>p</em>NAc-(1→3)-[<small>D</small>-GroA-(2→1)]-α-<small>D</small>-Glc<em>p</em>NAc-6-yl}-α-<small>D</small>-Glc<em>p</em>NAc-(1→3)-[<em>P</em>-6-[CH<small><sub>2</sub></small>]<small><sub>5</sub></small>NH<small><sub>2</sub></small>]-α-<small>D</small>-Glc<em>p</em>NAc-(1→2)-<small>D</small>-GroA",10,10,0,2,2,"CHEBI:167670|STR:3um_epz_6438_ezh2_inhibitor",TRUE
"group_L4_68a5b17d","small_molecule","group",40,"UNK",NA,256,256,0,49,49,"CHEBI:13193|CHEBI:15603|CHEBI:15971|CHEBI:16044|CHEBI:167629",TRUE
"group_L4_6975cb95","small_molecule","group",2,"CHEBI:63633","triptorelin",4,4,0,2,2,"CHEBI:83766|STR:50um_olaparib",TRUE
"group_L4_69b04b91","small_molecule","group",2,"CHEBI:17236","2-hydroxy-6-oxohexa-2,4-dienoic acid",23,23,0,1,1,"STR:treated_with_ifna_for_6_hrs",FALSE
"group_L4_69c206d0","small_molecule","group",2,"STR:transforming growth factor beta","Transforming growth factor beta",9,9,0,2,2,"STR:rna|STR:tgfb_treatment",TRUE
"group_L4_69f883d2","small_molecule","group",2,"CHEBI:75582","1-myristoyl-2-oleoylglycerol",3,3,0,1,1,"CHEBI:83766",FALSE
"group_L4_6a1b0fc3","cytokine_stim","group",2,"UNK",NA,8,8,0,1,1,"STR:bmp2_egf",FALSE
"group_L4_6a291a0d","small_molecule","group",2,"UNK",NA,8,8,0,2,2,"STR:10_nm_e2|STR:100_nm_dex",TRUE
"group_L4_6a760a5d","small_molecule","group",2,"STR:semurosertib","Semurosertib",5,5,0,1,1,"HGNC:RB1",FALSE
"group_L4_6a8659e4","disease_vs_normal","group",3,"UNK",NA,12,12,3,0,3,"STR:derived_from_metastatic_site_liver|STR:derived_from_metastatic_site_lymph_node|STR:pancreatic_adenocarcinoma",TRUE
"group_L4_6a94997c","disease_vs_normal","group",2,"MeSH:D003586","Cytomegalovirus Infections",30,30,0,0,0,"",FALSE
"group_L4_6aecfad1","small_molecule","group",2,"CHEBI:17120","hexanoate",2,2,0,2,2,"STR:lps_induced|STR:lps_nahs",TRUE
"group_L4_6af3836e","small_molecule","group",2,"UNK",NA,22,22,0,2,2,"STR:rspibf1|STR:thioacetamide_s_oxide",TRUE
"group_L4_6b7b9ace","cytokine_stim","group",2,"CHEBI:16994","1-(β-<small>D</small>-galactosyl)-2-(2-hydroxyacyl)sphingosine",6,6,0,2,2,"STR:tgf_beta_24_hr|STR:tnf_10ng_ml_for_16_hours",TRUE
"group_L4_6b9db78b","disease_vs_normal","group",75,"UNK",NA,651,651,59,0,59,"MeSH:D001943|MeSH:D006528|MeSH:D009369|MeSH:D058922|STR:a",TRUE
"group_L4_6c1fb9ae","disease_vs_normal","group",2,"MeSH:D005763","Gastroenterostomy",6,6,0,0,0,"",FALSE
"group_L4_6c638310","small_molecule","group",2,"UNK",NA,9,9,0,3,3,"CHEBI:230487|STR:incb0543296|STR:incb0543329",TRUE
"group_L4_6c671670","small_molecule","group",3,"MeSH:D004002","Clodronic Acid",8,8,0,0,0,"",FALSE
"group_L4_6c9197b2","small_molecule","group",3,"CHEBI:6801","metformin",30,30,0,2,2,"CHEBI:6801|STR:metformin_treatment_6_days",TRUE
"group_L4_6c94040f","disease_vs_normal","group",2,"MeSH:D015585",NA,42,42,6,0,6,"STR:ad|STR:adsc|STR:cnegc|STR:csarc|STR:nos",TRUE
"group_L4_6cb71521","disease_vs_normal","group",29,"UNK",NA,319,319,18,0,18,"MeSH:D003876|MeSH:D013167|MeSH:D055623|STR:b_nhl|STR:cutaneous_squamous_cell_carcinomas_cscc",TRUE
"group_L4_6cc99369","small_molecule","group",2,"UNK",NA,6,6,0,3,3,"STR:epz_treated|STR:treated|STR:treated_chemotherapy",TRUE
"group_L4_6cdd3760","small_molecule","group",2,"CHEBI:17126","carnitine",5,5,0,2,2,"STR:10ng_ml_lps_for_18_hours_and_restimulated_with_10ng_ml_lps_for_2_hours|STR:10ng_ml_lps_for_2_hours",TRUE
"group_L4_6d1498c8","disease_vs_normal","group",5,"UNK",NA,11,11,2,0,2,"STR:asd|STR:fibrosarcoma",TRUE
"group_L4_6d520910","disease_vs_normal","group",5,"UNK",NA,70,70,4,0,4,"MeSH:D013964|STR:human_thyroid_tissue|STR:thyroid_cancer_cell_line|STR:thyroid_tumor",TRUE
"group_L4_6d679384","disease_vs_normal","group",3,"UNK",NA,19,19,0,0,0,"",FALSE
"group_L4_6d741eda","small_molecule","group",2,"STR:white bean 7s globulin","White Bean 7S globulin",43,43,0,0,0,"",FALSE
"group_L4_6d9f6264","disease_vs_normal","group",18,"UNK",NA,182,182,8,0,8,"MeSH:D009369|MeSH:D010190|STR:cystic_fibrosis|STR:pancreas|STR:pancreas_epithelial_cell_carcinoma",TRUE
"group_L4_6dc3fd23","small_molecule","group",3,"UNK",NA,45,45,0,0,0,"",FALSE
"group_L4_6e00c335","disease_vs_normal","group",2,"UNK",NA,22,22,1,0,1,"STR:primary_tumor",FALSE
"group_L4_6e02e140","cytokine_stim","group",3,"UNK",NA,12,12,0,3,3,"STR:fgf2_wnt3a|STR:stim|STR:tnfaltab",TRUE
"group_L4_6e05c9bb","disease_vs_normal","group",2,"UNK",NA,85,85,1,0,1,"STR:head_and_neck_squamous_cell_carcinoma_hnscc",FALSE
"group_L4_6e08a49b","small_molecule","group",2,"CHEBI:4304","Sitafloxacin",5,5,0,1,1,"CHEBI:16330",FALSE
"group_L4_6e40c28f","disease_vs_normal","group",2,"UNK",NA,6,6,1,0,1,"STR:posterior_polymorphous_corneal_dystrophy",FALSE
"group_L4_6e603c1c","disease_vs_normal","group",7,"MeSH:D009875","Operator Regions, Genetic",113,113,4,0,4,"MeSH:D010051|STR:caov2_primary_ovarian_cancer_cell|STR:human_ovarian_cancer_cell_line_platinum_sensitive|STR:ovarian_cancer_cells",TRUE
"group_L4_6ea7d00c","disease_vs_normal","group",2,"UNK",NA,7,7,1,0,1,"STR:base_of_tongue_squamous_cell_carcinoma_cell_line",FALSE
"group_L4_6ec88dfc","disease_vs_normal","group",2,"UNK",NA,4,4,1,0,1,"STR:formalin_fixed_paraffin_embedded_ffpe_tumor_tissue_block_from_human_nf2_patient",FALSE
"group_L4_6ef19464","small_molecule","group",3,"UNK",NA,36,36,0,3,3,"CHEBI:33330|STR:23bv2|STR:ilt",TRUE
"group_L4_6f0d2a8e","small_molecule","group",3,"UNK",NA,12,12,0,3,3,"STR:mitoblock_6|STR:mitoblock_6_and_penicillamine|STR:ncgc1481",TRUE
"group_L4_6f2ff9a0","small_molecule","group",11,"UNK",NA,157,157,0,16,16,"CHEBI:138655|CHEBI:33325|STR:aza|STR:aza_ra|STR:blbx",TRUE
"group_L4_6f3de673","cytokine_stim","group",2,"MeSH:D007376","Interleukin-2",10,10,0,1,1,"STR:il_2",FALSE
"group_L4_6f42e6e0","small_molecule","group",6,"UNK",NA,52,52,0,7,7,"STR:200_nm_pom|STR:200_nm_pom_40_nm_gne_781|STR:40_nm_gne_781|STR:cx_5461_and_panobinostat|STR:ykl_5_124_100_nm",TRUE
"group_L4_6f6875ab","cytokine_stim","group",2,"CHEBI:17296","aniline",3,3,0,1,1,"STR:mcsf_100ng_ml",FALSE
"group_L4_6fae093b","small_molecule","group",2,"CHEBI:5078","flavonol",12,12,0,4,4,"CHEBI:47344|CHEBI:51450|CHEBI:90620|STR:cediranib",TRUE
"group_L4_6fecd648","small_molecule","group",2,"UNK",NA,8,8,0,4,4,"CHEBI:86193|STR:ci_994_ic50_concentration_for_48hrs|STR:n1|STR:n2",TRUE
"group_L4_6ff6224c","small_molecule","group",2,"CHEBI:42068","idarubicin",18,18,0,0,0,"",FALSE
"group_L4_701cf9d0","small_molecule","group",11,"UNK",NA,44,44,0,12,12,"CHEBI:16414|CHEBI:61115|STR:2_d08_treated|STR:2c|STR:brd9_7_inhibitor",TRUE
"group_L4_705cbdcb","disease_vs_normal","group",2,"UNK",NA,4,4,1,0,1,"STR:sporadic_colorectal_cancer_sample",FALSE
"group_L4_70a1462e","small_molecule","group",2,"CHEBI:37537","phorbol 13-acetate 12-myristate",7,7,0,1,1,"CHEBI:37537",FALSE
"group_L4_71633489","disease_vs_normal","group",4,"UNK",NA,17,17,1,0,1,"STR:glioblastoma",FALSE
"group_L4_716ab478","small_molecule","group",3,"CHEBI:75529","1-lauroyl-<em>sn</em>-glycerol",12,12,0,3,3,"STR:50um_olaparib|STR:olaparib_unc0642_combo|STR:treated_with_olaparib",TRUE
"group_L4_718f246c","small_molecule","group",2,"STR:cetuximab","Cetuximab",3,3,0,0,0,"",FALSE
"group_L4_71a36537","small_molecule","group",3,"CHEBI:5070","flavanone",11,11,0,2,2,"CHEBI:49375|CHEBI:49668",TRUE
"group_L4_71e38ae1","small_molecule","group",2,"UNK",NA,6,6,0,2,2,"STR:dox|STR:tgf_5_ng_ml",TRUE
"group_L4_71f6e9c1","small_molecule","group",2,"CHEBI:68501","dTDP-4-amino-4,6-dideoxy-α-<small>D</small>-glucose(1−)",6,6,0,2,2,"STR:1um_romidepsin_treatment|STR:2um_romidepsin_treatment",TRUE
"group_L4_71f931e5","disease_vs_normal","group",2,"UNK",NA,9,9,0,0,0,"",FALSE
"group_L4_7217d3ee","cytokine_stim","group",4,"STR:interferon gamma","Interferon gamma",9,9,0,4,4,"STR:ifn|STR:ifn_g|STR:ifn_gamma|STR:interferon_gamma",TRUE
"group_L4_725d7856","disease_vs_normal","group",3,"UNK",NA,7,7,2,0,2,"STR:neovascular|STR:non_diabetic",TRUE
"group_L4_72a6df6d","disease_vs_normal","group",2,"MeSH:D005834","Genital Neoplasms, Male",6,6,0,0,0,"",FALSE
"group_L4_72a75ec3","cytokine_stim","group",4,"CHEBI:16994","1-(β-<small>D</small>-galactosyl)-2-(2-hydroxyacyl)sphingosine",11,11,0,3,3,"STR:ifn|STR:ifng|STR:rna",TRUE
"group_L4_730a4788","pathogen_or_aggregate_exposure","group",2,"STR:covid-19","COVID-19",36,36,0,0,0,"",FALSE
"group_L4_732fc3e1","pathogen_or_aggregate_exposure","group",4,"UNK",NA,29,29,0,3,3,"STR:nuli_2h|STR:nuli_5h|STR:nuli_8h",TRUE
"group_L4_736f301a","disease_vs_normal","group",3,"MeSH:D010253","Respirovirus Infections",18,18,1,0,1,"MeSH:D010300",FALSE
"group_L4_73887db1","pathogen_or_aggregate_exposure","group",2,"CHEBI:84491","poly(I:C)",5,5,0,2,2,"STR:poly_i_c_20ug_ml|STR:polyic",TRUE
"group_L4_7395617c","disease_vs_normal","group",2,"UNK",NA,117,117,1,0,1,"STR:high_grade_serou_ovarian_cancer",FALSE
"group_L4_73b3b4ce","pathogen_or_aggregate_exposure","group",10,"UNK",NA,1038,1038,0,13,13,"CHEBI:73579|CHEBI:73832|STR:7_days|STR:ama1|STR:csp",TRUE
"group_L4_74256bcb","pathogen_or_aggregate_exposure","group",2,"UNK",NA,18,18,0,5,5,"STR:hcov_229e_atcc_vr_740_infected|STR:hrv_16_atcc_vr283_infected|STR:mers_cov_emc_2012_infected|STR:sars_cov_2_omicron_variant_infected|STR:sars_cov_2_wa_01_infected",TRUE
"group_L4_745c4561","disease_vs_normal","group",4,"UNK",NA,46,46,1,0,1,"STR:mds",FALSE
"group_L4_747b5560","small_molecule","group",10,"MeSH:D000988","Antispermatogenic Agents",24,24,0,1,1,"STR:rna",FALSE
"group_L4_74a5dd1c","small_molecule","group",2,"CHEBI:231601","trastuzumab",23,23,0,0,0,"",FALSE
"group_L4_74a62e69","disease_vs_normal","group",3,"UNK",NA,8,8,1,0,1,"MeSH:D010190",FALSE
"group_L4_750d27bf","pathogen_or_aggregate_exposure","group",3,"UNK",NA,15,15,0,0,0,"",FALSE
"group_L4_75130969","cytokine_stim","group",2,"HGNC:6016","IL5",17,17,0,1,1,"STR:10_ng_ml_il_6",FALSE
"group_L4_7543677d","small_molecule","group",3,"CHEBI:27899","cisplatin",5,5,0,1,1,"CHEBI:27899",FALSE
"group_L4_754c7d63","disease_vs_normal","group",2,"MeSH:D010230","Paracoccus",4,4,0,0,0,"",FALSE
"group_L4_75544429","small_molecule","group",2,"UNK",NA,4,4,0,2,2,"STR:4su|STR:rna",TRUE
"group_L4_755d7d92","small_molecule","group",4,"UNK",NA,63,63,0,1,1,"STR:jq1_and_il1b",FALSE
"group_L4_75623684","small_molecule","group",2,"CHEBI:16240","hydrogen peroxide",6,6,0,2,2,"STR:100um_h2o2_for_4_h|STR:150_m_h2o2",TRUE
"group_L4_75755a28","small_molecule","group",4,"CHEBI:30971","2<em>H</em>-azirine",30,30,0,3,3,"CHEBI:15551|CHEBI:41879|STR:dox_for_24_hours",TRUE
"group_L4_759684c6","small_molecule","group",3,"CHEBI:137113","JQ1",8,8,0,1,1,"CHEBI:137113",FALSE
"group_L4_75c4afa8","small_molecule","group",4,"CHEBI:16994","1-(β-<small>D</small>-galactosyl)-2-(2-hydroxyacyl)sphingosine",6,6,0,2,2,"STR:10ng_ml_tgfbeta3|STR:rna",TRUE
"group_L4_762ad311","small_molecule","group",3,"UNK",NA,8,8,0,3,3,"HGNC:GLIS2|STR:cbp_catenin_antagonism|STR:treated_with_ava_adr_001_for_24_h",TRUE
"group_L4_762b0dca","disease_vs_normal","group",2,"UNK",NA,4,4,2,0,2,"STR:non_transformed|STR:oscc_tissues",TRUE
"group_L4_763d919a","small_molecule","group",2,"CHEBI:72564","temozolomide",7,7,0,1,1,"CHEBI:72564",FALSE
"group_L4_7653d1c8","small_molecule","group",2,"CHEBI:29693","thiostrepton",3,3,0,1,1,"CHEBI:29693",FALSE
"group_L4_76c22211","small_molecule","group",3,"CHEBI:28748","doxorubicin",9,9,0,2,2,"CHEBI:28748|STR:rna",TRUE
"group_L4_76cc7f6e","small_molecule","group",2,"CHEBI:134207","methylcytosine",7,7,0,7,7,"CHEBI:135515|CHEBI:145365|CHEBI:231355|CHEBI:231651|CHEBI:65326",TRUE
"group_L4_77453957","small_molecule","group",2,"CHEBI:6801","metformin",4,4,0,2,2,"CHEBI:6801|STR:exposure_to_metformin_for_more_than_5_months",TRUE
"group_L4_7760a8ba","pathogen_or_aggregate_exposure","group",4,"STR:hepatitis c virus","Hepatitis C virus",13,13,0,0,0,"",FALSE
"group_L4_77616aa6","small_molecule","group",3,"CHEBI:17126","carnitine",10,10,0,3,3,"CHEBI:16412|STR:treated_with_lps_1ug_ml_for_4_hrs|STR:with_lps_10ng_ml_for_4_hrs",TRUE
"group_L4_77803faa","pathogen_or_aggregate_exposure","group",2,"UNK",NA,11,11,0,1,1,"STR:a9_rh6_aav",FALSE
"group_L4_77d53281","disease_vs_normal","group",2,"UNK",NA,5,5,1,0,1,"STR:severe_preeclampsia",FALSE
"group_L4_78a3d92d","disease_vs_normal","group",3,"UNK",NA,55,55,0,0,0,"",FALSE
"group_L4_78ad2886","small_molecule","group",4,"UNK",NA,20,20,0,2,2,"STR:gsk3326595_ctx_72hr|STR:treated_g9a_ezh2_inhibitors",TRUE
"group_L4_78e557d5","small_molecule","group",2,"CHEBI:15396","(<i>R</i>)-camphor",2,2,0,1,1,"STR:10_micromolar_morphine",FALSE
"group_L4_78e57f0a","disease_vs_normal","group",7,"UNK",NA,134,134,6,0,6,"MeSH:D003110|MeSH:D012004|MeSH:D015179|STR:normoxia|STR:primary_colorectal_cancer_tissue",TRUE
"group_L4_78e895af","small_molecule","group",2,"CHEBI:17195","thiomorpholine-3-carboxylic acid",5,5,0,2,2,"HGNC:ETV4|STR:10nm_e2",TRUE
"group_L4_78f1c179","small_molecule","group",2,"CHEBI:8378","prednisolone",18,18,0,0,0,"",FALSE
"group_L4_79059430","small_molecule","group",3,"CHEBI:16515","3-ADP-glyceric acid",10,10,0,1,1,"STR:10_nm_1",FALSE
"group_L4_790c953c","pathogen_or_aggregate_exposure","group",2,"STR:bcg vaccine","BCG vaccine",12,12,0,0,0,"",FALSE
"group_L4_793efa89","disease_vs_normal","group",2,"UNK",NA,5,5,1,0,1,"STR:xenograft_subcutaneous_tumor",FALSE
"group_L4_7945002a","disease_vs_normal","group",2,"UNK",NA,4,4,0,0,0,"",FALSE
"group_L4_7959b6f0","disease_vs_normal","group",2,"UNK",NA,7,7,2,0,2,"STR:primary_tumour|STR:sorted_subclone_13_primary_tumor",TRUE
"group_L4_79c6290e","disease_vs_normal","group",2,"UNK",NA,6,6,1,0,1,"STR:sma_case",FALSE
"group_L4_7a320ac9","small_molecule","group",152,"UNK",NA,815,815,0,192,192,"CHEBI:124921|CHEBI:125628|CHEBI:132082|CHEBI:137113|CHEBI:145365",TRUE
"group_L4_7a8e6128","small_molecule","group",3,"CHEBI:30971","2<em>H</em>-azirine",14,14,0,3,3,"CHEBI:27561|STR:disulfiram_treated_0_32_microm|STR:dox_treated",TRUE
"group_L4_7aa9b302","pathogen_or_aggregate_exposure","group",2,"STR:epstein-barr virus","Epstein-Barr virus",5,5,0,0,0,"",FALSE
"group_L4_7abe24f0","disease_vs_normal","group",2,"UNK",NA,10,10,2,0,2,"MeSH:D003876|STR:psoriasis_patient_treated_with_ustekinumab",TRUE
"group_L4_7b18ac95","disease_vs_normal","group",3,"MeSH:D003093","Colitis, Ulcerative",75,75,1,0,1,"STR:active_ulcerative_colitis",FALSE
"group_L4_7b51548b","pathogen_or_aggregate_exposure","group",3,"UNK",NA,25,25,0,1,1,"STR:hiv_1_infected",FALSE
"group_L4_7b5eb087","disease_vs_normal","group",9,"MeSH:D008556","Melkersson-Rosenthal Syndrome",35,35,2,0,2,"STR:melanoma_cancer_cells|STR:melanoma_tumor",TRUE
"group_L4_7b6e8e63","disease_vs_normal","group",2,"UNK",NA,15,15,1,0,1,"STR:paracancerous",FALSE
"group_L4_7bab8d8e","small_molecule","group",2,"CHEBI:77092","fenbendazole",3,3,0,1,1,"CHEBI:77092",FALSE
"group_L4_7bb4a11d","disease_vs_normal","group",6,"UNK",NA,16,16,4,0,4,"STR:adenocarcinoma|STR:breastcarcinoma|STR:epithelial_breast_cancer_cell_line_derived_from_metasatic_pleural_effusion|STR:triple_negative_breast_carcinoma_from_pleural_effusion",TRUE
"group_L4_7bbec541","small_molecule","group",6,"CHEBI:17120","hexanoate",14,14,0,2,2,"STR:il4_and_lps_co_exposed_for_24_hours|STR:lps_exposed_for_24_hours",TRUE
"group_L4_7c111dcb","small_molecule","group",2,"UNK",NA,68,68,0,2,2,"STR:1_microm_ike|STR:10_microm_ike",TRUE
"group_L4_7c25125c","small_molecule","group",3,"CHEBI:231683","Anakinra",9,9,0,2,2,"CHEBI:231683|STR:kineret_100mg",TRUE
"group_L4_7c29392d","small_molecule","group",2,"CHEBI:3200","bryostatins",10,10,0,1,1,"STR:low_dose_decitabine",FALSE
"group_L4_7c773d2b","disease_vs_normal","group",2,"UNK",NA,2,2,0,0,0,"",FALSE
"group_L4_7c7cad91","disease_vs_normal","group",3,"UNK",NA,436,436,3,0,3,"STR:als_spectrum_mnd|STR:other_neurological_disorders|STR:pre_fals",TRUE
"group_L4_7ce8f3b8","small_molecule","group",10,"CHEBI:16635","Met-tRNA<small><sup>Met</small></sup>",51,51,0,9,9,"STR:2_5_ng_ml_tgf_1_ligand_for_4_h|STR:24_hours_after_rhtgf_treatment|STR:recombinant_human_tgfb1|STR:rna|STR:tgf_b1",TRUE
"group_L4_7d2fb756","disease_vs_normal","group",12,"UNK",NA,151,151,6,0,6,"MeSH:D010190|STR:pancreatic_adenocarcinoma_cells|STR:pancreatic_cancer_cell|STR:pancreatic_cancer_cells|STR:pancreatic_cancer_tissue",TRUE
"group_L4_7d3c4ad7","disease_vs_normal","group",4,"MeSH:D005838","Genotype",7,7,2,0,2,"MeSH:D005909|STR:glioblastoma",TRUE
"group_L4_7d4269b8","small_molecule","group",3,"CHEBI:134223","2-amino-6-(1-hydroxypropyl)-8-methylpteridine-4,7(3<em>H</em>,8<em>H</em>)-dione",40,40,0,32,32,"CHEBI:145365|CHEBI:145372|CHEBI:167707|CHEBI:173077|CHEBI:177413",TRUE
"group_L4_7dae0b34","small_molecule","group",2,"CHEBI:79685","3-Methoxy-19-norpregna-1,3,5(10)-trien-20-one",4,4,0,0,0,"",FALSE
"group_L4_7dc3d16f","disease_vs_normal","group",2,"UNK",NA,9,9,0,0,0,"",FALSE
"group_L4_7df8baa3","small_molecule","group",3,"CHEBI:38246","methyl (<i>S</i>)-3-hydroxypalmitate",5,5,0,2,2,"CHEBI:44616|STR:100_nm_4_hydroxy_tamoxifen_for_6_hours",TRUE
"group_L4_7e070cde","pathogen_or_aggregate_exposure","group",2,"UNK",NA,24,24,0,2,2,"STR:hlya_positive_e_coli_536|STR:infected",TRUE
"group_L4_7e144950","small_molecule","group",2,"CHEBI:30738","ethylferrocene",4,4,0,2,2,"STR:20nm_paclitaxel|STR:paclitaxel_at_20_um_for_48_hr",TRUE
"group_L4_7e2b1018","small_molecule","group",3,"CHEBI:63630","tolcapone",10,10,0,1,1,"CHEBI:68478",FALSE
"group_L4_7f15633a","disease_vs_normal","group",8,"UNK",NA,24,24,2,0,2,"STR:melanoma_cancer_cells|STR:metastatic_melanoma",TRUE
"group_L4_7feb502e","small_molecule","group",6,"CHEBI:17195","thiomorpholine-3-carboxylic acid",12,12,0,4,4,"CHEBI:16330|HGNC:RB1|STR:10nm_dht|STR:rna",TRUE
"group_L4_7ff31b58","disease_vs_normal","group",3,"UNK",NA,288,288,2,0,2,"STR:cuimc_meningioma_patient_tumor_sequencing_project|STR:pdx_tumor_sample_rnaseq",TRUE
"group_L4_80289467","small_molecule","group",2,"CHEBI:133920","<em>N</em>-hydroxy-PhIP",2,2,0,1,1,"STR:treated_for_48_hours_with_10_um_ag1478",FALSE
"group_L4_802a0f9f","small_molecule","group",5,"CHEBI:16991","deoxyribonucleic acid",14,14,0,4,4,"STR:il_2_60iu|STR:il_2_60iu_prostaglandin_e2_1um|STR:il2_na|STR:in_vitro_with_rhil2",TRUE
"group_L4_8096b071","small_molecule","group",2,"STR:infliximab","infliximab",31,31,0,1,1,"STR:infliximab",FALSE
"group_L4_80ac0ed3","disease_vs_normal","group",12,"MeSH:D005814","Genes, Viral",21,21,5,0,5,"MeSH:D005909|STR:gbm|STR:glioblastoma|STR:glioblastoma_multiforme_gbm|STR:primary_cell_culture",TRUE
"group_L4_80b6dec2","disease_vs_normal","group",9,"UNK",NA,91,91,6,0,6,"MeSH:D009369|MeSH:D013274|STR:basal_cell_carcinoma_tissue|STR:glioblastoma|STR:human_tumor_tissue",TRUE
"group_L4_80ba218a","small_molecule","group",2,"UNK",NA,5,5,0,0,0,"",FALSE
"group_L4_80dc10a2","disease_vs_normal","group",5,"UNK",NA,156,156,5,0,5,"STR:early_onset_colorectal_cancer|STR:patient_matched_uninvolved_colon|STR:sessile_serrated_adenoma_polyp_with_no_cytologic_dysplasia|STR:tubular_adenoma_with_1_focal_high_grade_dysplasia_2_low_grade_dysplasia|STR:tubular_adenoma_with_low_grade_dysplasia",TRUE
"group_L4_810a1b98","disease_vs_normal","group",247,"UNK",NA,3543,3543,129,0,129,"MeSH:D005355|MeSH:D006519|MeSH:D006521|MeSH:D006528|MeSH:D008103",TRUE
"group_L4_81145605","disease_vs_normal","group",3,"MeSH:D011271","Pregnancy, Ectopic",9,9,2,0,2,"MeSH:D011471|STR:human_prostate_cancer_cell_line_pc3_xenograft_pbs",TRUE
"group_L4_81372eea","disease_vs_normal","group",307,"UNK",NA,4358,4358,162,0,162,"MeSH:D000544|MeSH:D001254|MeSH:D001321|MeSH:D001932|MeSH:D005909",TRUE
"group_L4_8146c2a0","disease_vs_normal","group",2,"UNK",NA,2,2,1,0,1,"MeSH:D002292",FALSE
"group_L4_81561023","small_molecule","group",3,"UNK",NA,12,12,0,3,3,"STR:10_um_ech_a|STR:6tf|STR:8tf",TRUE
"group_L4_81a75d20","small_molecule","group",4,"CHEBI:16635","Met-tRNA<small><sup>Met</small></sup>",20,20,0,3,3,"STR:tgf_1|STR:tgfb_1ng_ml|STR:treated_with_tgf_1_24_hours",TRUE
"group_L4_81d191c2","small_molecule","group",6,"CHEBI:134226","β-<small>D</small>-Man<em>p</em>NAc-(1→3)-α-<small>L</small>-Fuc<em>p</em>NAc-(1→3)-α-<small>D</small>-Gal<em>p</em>NAc-(1→4)-α-<small>D</small>-Gal<em>p</em>O[CH<small><sub>2</sub></small>]<small><sub>5</sub></small>NH<small><sub>2</sub></small>",9,9,0,5,5,"CHEBI:137113|STR:20_fbs_plus_1mm_pirfenidone|STR:5_um_3_bromoascochlorin_bas|STR:lurbinectedin_0_2_mg_kg_once_a_week|STR:tgfb",TRUE
"group_L4_82188c6c","small_molecule","group",3,"CHEBI:41879","dexamethasone",18,18,0,1,1,"STR:dex_for_12h",FALSE
"group_L4_82770310","small_molecule","group",2,"CHEBI:134212","(<i>S</i>)-glaucine(1+)",3,3,0,1,1,"STR:secukinumab",FALSE
"group_L4_828b0e78","small_molecule","group",2,"CHEBI:4670","dobutamine",10,10,0,0,0,"",FALSE
"group_L4_8297d46e","disease_vs_normal","group",2,"UNK",NA,7,7,2,0,2,"STR:acute_lymphoblastic_leukemia_all|STR:wm",TRUE
"group_L4_82a0cc8b","small_molecule","group",2,"CHEBI:50845","doxycycline",8,8,0,1,1,"STR:dox_treated",FALSE
"group_L4_82a47597","pathogen_or_aggregate_exposure","group",2,"STR:candidemia","Candidemia",76,76,0,0,0,"",FALSE
"group_L4_82c33c37","disease_vs_normal","group",3,"MeSH:D006822","Hybrid Cells",4,4,1,0,1,"STR:carcinoma_of_liver_hepatocellular",FALSE
"group_L4_8332c1cf","disease_vs_normal","group",7,"UNK",NA,44,44,3,0,3,"STR:abdominal_aortic_aneurysm_aaa|STR:acute_aortic_dissection|STR:aortitis",TRUE
"group_L4_834ddaca","cytokine_stim","group",2,"UNK",NA,4,4,0,1,1,"STR:hgf_treated",FALSE
"group_L4_834f1f87","cytokine_stim","group",4,"STR:interferon gamma","Interferon gamma",32,32,0,10,10,"STR:ifn_g|STR:ifng|STR:ifngamma_10min|STR:ifngamma_12h|STR:ifngamma_24h",TRUE
"group_L4_837696c2","small_molecule","group",2,"UNK",NA,19,19,0,2,2,"STR:1_um_ki_ms2_008|STR:10_um_ki_ms2_008",TRUE
"group_L4_83ae6ab9","disease_vs_normal","group",2,"UNK",NA,33,33,1,0,1,"MeSH:D002294",FALSE
"group_L4_83ba946d","small_molecule","group",3,"CHEBI:50943","mitorubrin",5,5,0,1,1,"STR:the_erlotinib_resistant_hcc827_cell_population_was_treated_with_2_m_erlotinib_0_2_m_crizotinib_combination_for_10_days_to_enrich_for_erlotinib_crizotinib_dual_resistant_subpopulations",FALSE
"group_L4_83e4ae23","disease_vs_normal","group",5,"UNK",NA,51,51,3,0,3,"MeSH:D003424|STR:cd|STR:uc",TRUE
"group_L4_83f9417f","small_molecule","group",2,"UNK",NA,6,6,0,3,3,"CHEBI:88249|STR:gsk2830371_wip1i|STR:hdm201_mdm2i",TRUE
"group_L4_840b508b","cytokine_stim","group",6,"STR:interferon gamma","interferon gamma",30,30,0,5,5,"STR:after_ifn_gamma_treatment_48_hours|STR:ifn|STR:ifn_gamma|STR:ifng|STR:interferon",TRUE
"group_L4_84114e13","small_molecule","group",3,"CHEBI:123456","N-ethyl-2-[(2R,3R,6S)-3-[(4-fluorophenyl)sulfonylamino]-2-(hydroxymethyl)-3,6-dihydro-2H-pyran-6-yl]acetamide",29,29,0,2,2,"CHEBI:231324|STR:venetoclax_and_azacitidine",TRUE
"group_L4_84861175","small_molecule","group",2,"CHEBI:5118","fluoxetine",4,4,0,1,1,"CHEBI:5118",FALSE
"group_L4_84a72226","small_molecule","group",2,"CHEBI:50845","doxycycline",5,5,0,2,2,"HGNC:SOX2|STR:dox",TRUE
"group_L4_84f864c1","disease_vs_normal","group",2,"MeSH:D003400","Astacoidea",4,4,2,0,2,"STR:human_colon_cancer_cells|STR:purified_cell",TRUE
"group_L4_854af049","pathogen_or_aggregate_exposure","group",2,"STR:staphylococcus aureus","Staphylococcus aureus",11,11,0,4,4,"STR:treated_with_ifng_for_24_hrs|STR:treated_with_il_13_for_24_hrs|STR:treated_with_il_22_for_24_hrs|STR:treated_with_staphylococcus_aureus_for_3_hrs",TRUE
"group_L4_85973399","small_molecule","group",2,"CHEBI:133900","14(<i>R</i>),15(<i>S</i>)-DiHPETE(1−)",3,3,0,2,2,"CHEBI:91450|STR:bpaf",TRUE
"group_L4_85ab5691","small_molecule","group",2,"CHEBI:50709","<small>D</small>-homomethionine",2,2,0,0,0,"",FALSE
"group_L4_85dec840","small_molecule","group",2,"CHEBI:16615","biotin amide",5,5,0,2,2,"STR:1_m_norepinephrine|STR:10_microm_norepinephrine",TRUE
"group_L4_8618019e","small_molecule","group",9,"CHEBI:17120","hexanoate",60,60,0,4,4,"CHEBI:16412|STR:chorioamnionitis|STR:lps_100_ng_ml|STR:stimulated_with_lps_for_8h",TRUE
"group_L4_8642cbc7","small_molecule","group",2,"CHEBI:17194","bromochloromethane",9,9,0,2,2,"STR:1_nm_testosterone|STR:rpmi_1640_supplemented_with_10_dcc_fbs",TRUE
"group_L4_865ac882","disease_vs_normal","group",4,"UNK",NA,14,14,2,0,2,"STR:esophageal_squamous_cell_carcinoma|STR:esophageal_tumour",TRUE
"group_L4_86c6285e","small_molecule","group",2,"CHEBI:2549","albuterol",21,21,0,1,1,"CHEBI:2549",FALSE
"group_L4_872ac69d","small_molecule","group",2,"CHEBI:30971","2<em>H</em>-azirine",3,3,0,1,1,"STR:80um_carboplatin",FALSE
"group_L4_873aee22","cytokine_stim","group",2,"MeSH:D053583","Interleukin-1beta",9,9,0,0,0,"",FALSE
"group_L4_875d5cfa","small_molecule","group",7,"UNK",NA,177,177,0,11,11,"CHEBI:233363|STR:75_um_ho53_24h|STR:75_um_ho53_4h|STR:75_um_ho53_8h|STR:dibenzo_def",TRUE
"group_L4_8771a933","small_molecule","group",2,"CHEBI:50789","(3<i>S</i>)-3-hydroxy-<small>L</small>-asparagine",6,6,0,2,2,"STR:nutlin_3a|STR:rna",TRUE
"group_L4_87c24a15","disease_vs_normal","group",66,"UNK",NA,733,733,32,0,32,"MeSH:D013274|STR:bgc823_shctr|STR:diffuse|STR:disease|STR:gastric_adenocarcinoma",TRUE
"group_L4_87e1ed94","disease_vs_normal","group",4,"UNK",NA,59,59,2,0,2,"STR:active_celiac|STR:mvid",TRUE
"group_L4_87f3d968","small_molecule","group",2,"UNK",NA,9,9,0,3,3,"STR:asa_24_hrs|STR:vitamin_d_24_hrs|STR:vitamin_d_6_hrs",TRUE
"group_L4_885dab65","small_molecule","group",4,"UNK",NA,24,24,0,9,9,"CHEBI:131152|STR:cub|STR:gsk_j1_plus_4_gy_x_ray_irradiation|STR:treated_with_1_m_aq_ac_for_0_hours|STR:treated_with_1_m_aq_ac_for_24_hours",TRUE
"group_L4_88710f62","small_molecule","group",2,"UNK",NA,10,10,0,3,3,"STR:6tf|STR:8tf|STR:atv",TRUE
"group_L4_88b46b2d","small_molecule","group",2,"CHEBI:28077","rifampicin",66,66,0,1,1,"STR:rifampicine_drug",FALSE
"group_L4_88d6db3d","small_molecule","group",2,"CHEBI:134134","1-acylglycerol 20:5",16,16,0,12,12,"CHEBI:63605|CHEBI:67272|STR:1nm_r1881_10_m_mel_6|STR:cct128930|STR:cddo_me",TRUE
"group_L4_89493336","small_molecule","group",4,"CHEBI:134226","β-<small>D</small>-Man<em>p</em>NAc-(1→3)-α-<small>L</small>-Fuc<em>p</em>NAc-(1→3)-α-<small>D</small>-Gal<em>p</em>NAc-(1→4)-α-<small>D</small>-Gal<em>p</em>O[CH<small><sub>2</sub></small>]<small><sub>5</sub></small>NH<small><sub>2</sub></small>",5,5,0,3,3,"CHEBI:231598|STR:ensartinib_2_m_24h|STR:isrib_50nm_for_10h",TRUE
"group_L4_897283e8","small_molecule","group",7,"CHEBI:28748","doxorubicin",26,26,0,5,5,"CHEBI:28748|HGNC:BRCA2|HGNC:PTK2|STR:dox|STR:doxorubicin_treated",TRUE
"group_L4_898dc87d","disease_vs_normal","group",31,"UNK",NA,601,601,24,0,24,"MeSH:D002292|MeSH:D003928|MeSH:D007680|MeSH:D009369|STR:aki",TRUE
"group_L4_89ad9e37","disease_vs_normal","group",2,"UNK",NA,7,7,0,0,0,"",FALSE
"group_L4_89ed9888","small_molecule","group",3,"UNK",NA,22,22,0,3,3,"STR:0_5_m_plx51107_for_24_hours|STR:dual_smarca4_smarca2_inhibition|STR:gdc_0349_0_625_microm_sammson_aso_50_nm",TRUE
"group_L4_8a5965ad","small_molecule","group",2,"CHEBI:88247","[5-(aminomethyl)-3-furyl]methyl diphosphate",3,3,0,0,0,"",FALSE
"group_L4_8a72ab82","pathogen_or_aggregate_exposure","group",3,"UNK",NA,9,9,0,1,1,"STR:sev_treatment_for_48_h",FALSE
"group_L4_8a86d498","disease_vs_normal","group",2,"UNK",NA,8,8,0,0,0,"",FALSE
"group_L4_8af2e2d2","small_molecule","group",2,"CHEBI:28748","doxorubicin",3,3,0,1,1,"STR:doxorubicin_300_nm",FALSE
"group_L4_8b00e191","disease_vs_normal","group",2,"MeSH:D003928","Diabetic Nephropathies",2,2,1,0,1,"MeSH:D003928",FALSE
"group_L4_8b29aa80","small_molecule","group",2,"CHEBI:75582","1-myristoyl-2-oleoylglycerol",12,12,0,5,5,"STR:2um_olaparib|STR:400um_olaparib|STR:50um_olaparib|STR:5um_olaparib|STR:olaparib_unc0642_combo",TRUE
"group_L4_8bc3006c","small_molecule","group",9,"MeSH:D000981","Antiprotozoal Agents",27,27,0,0,0,"",FALSE
"group_L4_8c1bb8d1","pathogen_or_aggregate_exposure","group",3,"UNK",NA,10,10,0,0,0,"",FALSE
"group_L4_8c20b435","disease_vs_normal","group",2,"UNK",NA,14,14,1,0,1,"STR:breast_cancer_cell_line",FALSE
"group_L4_8c3e74a1","small_molecule","group",2,"CHEBI:16330","17β-hydroxy-5α-androstan-3-one",9,9,0,1,1,"CHEBI:16330",FALSE
"group_L4_8c4980ff","small_molecule","group",2,"CHEBI:134223","2-amino-6-(1-hydroxypropyl)-8-methylpteridine-4,7(3<em>H</em>,8<em>H</em>)-dione",2,2,0,1,1,"STR:ly2109761",FALSE
"group_L4_8c611372","cytokine_stim","group",6,"STR:interferon gamma","Interferon gamma",13,13,0,4,4,"STR:ifn_gamma|STR:ifng|STR:treated_with_ifng_for_2_5_weeks|STR:treated_with_ifng_for_24_hrs",TRUE
"group_L4_8cc567ee","small_molecule","group",7,"UNK",NA,46,46,0,12,12,"HGNC:HDAC2|STR:a485_24_h|STR:cmld12824|STR:ctn_0_m|STR:ctn_10_m",TRUE
"group_L4_8cd2b5b9","small_molecule","group",5,"MeSH:D000981","Antiprotozoal Agents",12,12,0,1,1,"STR:rna",FALSE
"group_L4_8cef7fd3","small_molecule","group",3,"UNK",NA,6,6,0,4,4,"STR:1_micromol_of_fsk_l_1|STR:10_mmol_of_fsk_l|STR:4_ug_ml_of_sc79|STR:ctx_induced",TRUE
"group_L4_8cf5e9d2","small_molecule","group",2,"CHEBI:17120","hexanoate",4,4,0,1,1,"STR:after_rpmi_for_24_hrs",FALSE
"group_L4_8d5cc9fc","disease_vs_normal","group",2,"STR:c535.480.460.450",NA,25,25,0,0,0,"",FALSE
"group_L4_8da4f27c","disease_vs_normal","group",2,"UNK",NA,4,4,0,0,0,"",FALSE
"group_L4_8de036fb","disease_vs_normal","group",2,"UNK",NA,13,13,0,0,0,"",FALSE
"group_L4_8df9445d","small_molecule","group",2,"MeSH:D004076","Digoxigenin",77,77,0,0,0,"",FALSE
"group_L4_8e0d7134","small_molecule","group",2,"CHEBI:75597","dT<small><sub>8</sub></small>",5,5,0,2,2,"CHEBI:64310|CHEBI:68647",TRUE
"group_L4_8e101f70","disease_vs_normal","group",2,"UNK",NA,583,583,0,0,0,"",FALSE
"group_L4_8e3fb7e4","pathogen_or_aggregate_exposure","group",2,"STR:candida/bacterial","Candida/bacterial",20,20,0,0,0,"",FALSE
"group_L4_8e554323","disease_vs_normal","group",16,"UNK",NA,229,229,8,0,8,"MeSH:D000075363|STR:acute_myeloid_leukemia_aml|STR:aml|STR:cll|STR:common",TRUE
"group_L4_8e889e4d","small_molecule","group",2,"CHEBI:75981","poly[d(Tm<small><sup>5</small></sup>C)]",2,2,0,0,0,"",FALSE
"group_L4_8e9663a4","small_molecule","group",3,"CHEBI:27956","<small>L</small>-dehydroascorbic acid",8,8,0,3,3,"CHEBI:27504|STR:200_ng_ml_nocodazole|STR:bleomycin_grape_seed_extract",TRUE
"group_L4_8f060282","disease_vs_normal","group",32,"UNK",NA,493,493,26,0,26,"MeSH:D001172|MeSH:D045743|STR:asthmatic|STR:bronchopulmonary_dysplasia_bpd|STR:chronic_liver_disease_patient",TRUE
"group_L4_8f39d423","disease_vs_normal","group",4,"MeSH:D009372","Neoplasms, Connective Tissue",12,12,2,0,2,"STR:cell_line_derived_from_biopsy_specimens_of_nasopharyngeal_carcinoma_patient|STR:npc_patient_tumor_biopsy",TRUE
"group_L4_8f48a905","pathogen_or_aggregate_exposure","group",2,"UNK",NA,12,12,0,2,2,"STR:hrv|STR:sars_cov_2_infection",TRUE
"group_L4_8f5a31dc","disease_vs_normal","group",3,"UNK",NA,23,23,1,0,1,"STR:meningioma",FALSE
"group_L4_8fac2275","small_molecule","group",2,"CHEBI:16912","<i>trans</i>-1,2-dithiane-4,5-diol",4,4,0,2,2,"STR:treated_with_t3_10nm|STR:treated_with_t3_1nm",TRUE
"group_L4_8fe9dae6","pathogen_or_aggregate_exposure","group",7,"UNK",NA,72,72,0,4,4,"CHEBI:15341|STR:12_hour_exposure_to_influenza_infected_a549_cells|STR:6_months_after_infection|STR:infected_and_1_month_after_2nd_vaccination_pfizer",TRUE
"group_L4_9023e0c5","disease_vs_normal","group",3,"UNK",NA,13,13,2,0,2,"MeSH:D010051|STR:pre_treatment",TRUE
"group_L4_903688b3","small_molecule","group",3,"CHEBI:88512","PS(20:3(8Z,11Z,14Z)/20:3(8Z,11Z,14Z))",6,6,0,0,0,"",FALSE
"group_L4_9096c32c","small_molecule","group",2,"CHEBI:50284","lavandulyl diphosphate",2,2,0,0,0,"",FALSE
"group_L4_90a0eca0","disease_vs_normal","group",2,"UNK",NA,4,4,0,0,0,"",FALSE
"group_L4_90a51bbc","small_molecule","group",3,"CHEBI:133021","venetoclax",8,8,0,2,2,"CHEBI:133022|STR:venetoclax_and_azacitidine",TRUE
"group_L4_90bf8513","pathogen_or_aggregate_exposure","group",5,"UNK",NA,22,22,0,5,5,"STR:e6e7_hpv107|STR:e6e7_hpv38b|STR:fusobacterium_nucleatum|STR:orfv|STR:staphylococcus_epidermidis",TRUE
"group_L4_916b3e54","small_molecule","group",2,"CHEBI:50756","acridone",13,13,0,3,3,"CHEBI:49603|CHEBI:49668|CHEBI:50924",TRUE
"group_L4_919a18ea","pathogen_or_aggregate_exposure","group",2,"CHEBI:84491","poly(I:C)",10,10,0,2,2,"STR:362|STR:bm4",TRUE
"group_L4_919dceb5","small_molecule","group",2,"CHEBI:123456","N-ethyl-2-[(2R,3R,6S)-3-[(4-fluorophenyl)sulfonylamino]-2-(hydroxymethyl)-3,6-dihydro-2H-pyran-6-yl]acetamide",2,2,0,2,2,"STR:bgj398_6h|STR:blu6864_24h",TRUE
"group_L4_91e8bd63","small_molecule","group",5,"HGNC:3301","EIF5A2",11,11,0,2,2,"CHEBI:28901|CHEBI:4672",TRUE
"group_L4_91ea0b3e","disease_vs_normal","group",2,"UNK",NA,6,6,2,0,2,"STR:cd|STR:tubular_adenoma_with_low_grade_dysplasia",TRUE
"group_L4_91ecebca","small_molecule","group",4,"CHEBI:3202","Buchananine",18,18,0,2,2,"CHEBI:3732|STR:low_dose_decitabine",TRUE
"group_L4_91f8a069","disease_vs_normal","group",2,"UNK",NA,222,222,2,0,2,"STR:pancreatic_adenocarcinoma|STR:pancreatic_adenocarcinoma_cells",TRUE
"group_L4_92062368","small_molecule","group",2,"UNK",NA,15,15,0,1,1,"STR:tnflt_treatment",FALSE
"group_L4_920e4469","disease_vs_normal","group",2,"MeSH:D002357","Cartilage Diseases",3,3,1,0,1,"MeSH:D002583",FALSE
"group_L4_92219057","small_molecule","group",2,"CHEBI:78007","foaming agent",3,3,0,0,0,"",FALSE
"group_L4_9229aaeb","small_molecule","group",5,"MeSH:D011279","Pregnanetriol",11,11,0,1,1,"HGNC:TP53",FALSE
"group_L4_924a5b1b","disease_vs_normal","group",2,"UNK",NA,23,23,4,0,4,"STR:caucasian_chronic_rhinosinusitis_with_nasal_polyp|STR:eosinophilic_chronic_rhinosinusitis_with_nasal_polyps|STR:japanese_chronic_rhinosinusitis_with_nasal_polyp|STR:non_eosinophilic_chronic_rhinosinusitis_with_nasal_polyps",TRUE
"group_L4_928cec38","disease_vs_normal","group",5,"UNK",NA,60,60,5,0,5,"STR:tumor_med|STR:tumor_medgp3|STR:tumor_medgp34|STR:tumor_medgp4|STR:tumor_medwnt",TRUE
"group_L4_92b39757","disease_vs_normal","group",2,"UNK",NA,43,43,0,0,0,"",FALSE
"group_L4_92c963c3","disease_vs_normal","group",2,"UNK",NA,5,5,0,0,0,"",FALSE
"group_L4_92e0035f","small_molecule","group",2,"CHEBI:30971","2<em>H</em>-azirine",2,2,0,1,1,"STR:dexamethasone_and_belinostat_treated",FALSE
"group_L4_932a08c9","small_molecule","group",2,"CHEBI:34125","10-nitro-9E,12Z-octadecadienoic acid",7,7,0,2,2,"STR:0_25_g_ml_doxycycline_for_2_days|STR:20_ng_ml_of_doxycycline_and_10_nm_dht",TRUE
"group_L4_933603b0","small_molecule","group",2,"CHEBI:17234","glucose",14,14,0,4,4,"STR:20mm_glucose|STR:20mm_glucose_3_days|STR:35mm_glucoase_3_days|STR:6mm_glucose",TRUE
"group_L4_934e9e8e","small_molecule","group",2,"CHEBI:5054","Fibrin",3,3,0,2,2,"STR:0_2um_trog|STR:wortmanin",TRUE
"group_L4_93b3d061","disease_vs_normal","group",5,"UNK",NA,10,10,2,0,2,"MeSH:D001172|STR:osteosarcoma",TRUE
"group_L4_93e1c603","disease_vs_normal","group",370,"UNK",NA,3372,3372,178,0,178,"MeSH:D000077192|MeSH:D002289|MeSH:D002294|MeSH:D006863|MeSH:D008175",TRUE
"group_L4_93ef1594","disease_vs_normal","group",2,"UNK",NA,7,7,0,0,0,"",FALSE
"group_L4_9404f934","cytokine_stim","group",2,"CHEBI:16916","oligosaccharide phosphate",2,2,0,1,1,"STR:24_h_il_2_100_micromolar_hodhbt",FALSE
"group_L4_9471fb48","disease_vs_normal","group",2,"UNK",NA,6,6,0,0,0,"",FALSE
"group_L4_947db0c8","small_molecule","group",5,"CHEBI:134203","<em>P</em>-{α-<small>D</small>-Glc<em>p</em>NAc-(1→3)-[<small>D</small>-GroA-(2→1)]-α-<small>D</small>-Glc<em>p</em>NAc-6-yl}-α-<small>D</small>-Glc<em>p</em>NAc-(1→3)-[<small>D</small>-GroA-(2→1)]-α-<small>D</small>-Glc<em>p</em>NAc-<em>P</em>-6-[CH<small><sub>2</sub></small>]<small><sub>5</sub></small>NHC(=O)[CH<small><sub>2</sub></small>]<small><sub>4</sub></small>C(=O)NHR group",8,8,0,3,3,"CHEBI:145365|CHEBI:231344|STR:ipatasertib",TRUE
"group_L4_94b5e5fe","pathogen_or_aggregate_exposure","group",2,"STR:bxpc-3 exosomes","BxPC-3 exosomes",4,4,0,2,2,"STR:bxpc_3_exosomes|STR:treatment_with_bxpc_3_exosomes",TRUE
"group_L4_94b8a92a","small_molecule","group",3,"MeSH:D005966","Glucuronidase",6,6,0,0,0,"",FALSE
"group_L4_952d7d00","small_molecule","group",2,"STR:bevacizumab","bevacizumab",27,27,0,0,0,"",FALSE
"group_L4_9566aa66","small_molecule","group",2,"CHEBI:79605","3-allyloxyestra-1,3,5(10),7-tetraene-16,17-dione dioxime",3,3,0,1,1,"CHEBI:61390",FALSE
"group_L4_958515ca","disease_vs_normal","group",2,"UNK",NA,31,31,1,0,1,"STR:hcc",FALSE
"group_L4_963812d7","cytokine_stim","group",5,"MeSH:D015847","Interleukin-4",17,17,0,5,5,"STR:il_4|STR:il_4_treated_macrophages_m2a_polarized|STR:il4|STR:il4_exposed|STR:il4_exposed_for_24_hours",TRUE
"group_L4_963e88bf","small_molecule","group",2,"CHEBI:50201","(<i>R</i>)-naringenin",3,3,0,1,1,"CHEBI:31638",FALSE
"group_L4_96c2ab96","small_molecule","group",2,"CHEBI:134293","phosphatidylethanolamine 18:2 zwitterion",2,2,0,2,2,"STR:1_week_50nm_cfi_400945_treated|STR:24_hours_no_infection_post_remdesivir",TRUE
"group_L4_970629e0","disease_vs_normal","group",2,"UNK",NA,7,7,1,0,1,"STR:dmd_patient",FALSE
"group_L4_972d1360","small_molecule","group",2,"CHEBI:94186","tubastatin A",6,6,0,2,2,"STR:1_microm_tubastatin_a|STR:1_um_tubastatin_a",TRUE
"group_L4_974a8d02","small_molecule","group",13,"UNK",NA,62,62,0,13,13,"STR:dnmt_hdac_inhibition|STR:gps167|STR:gps192|STR:hcq|STR:mrtx1133_100nm_24h",TRUE
"group_L4_97a96cd0","small_molecule","group",2,"STR:cetuximab","CETUXIMAB",5,5,0,1,1,"STR:100_nm_cetuximab",FALSE
"group_L4_97ae56bc","small_molecule","group",2,"CHEBI:17120","hexanoate",8,8,0,5,5,"STR:lps_ifng_tnf|STR:lps_ifng_tnf_adalimumab|STR:lps_ifng_tnf_certolizumab|STR:lps_ifng_tnf_igg|STR:lps_il_10",TRUE
"group_L4_97ea829a","disease_vs_normal","group",2,"MeSH:D010021","Osteopathic Medicine",3,3,1,0,1,"STR:tumor_biopsies",FALSE
"group_L4_97f5ede0","small_molecule","group",2,"CHEBI:3090","bicalutamide",4,4,0,1,1,"STR:treated_with_10_m_melphalan_and_2_m_ng25_for_6_hours",FALSE
"group_L4_9802d8a7","small_molecule","group",2,"UNK",NA,28,28,0,4,4,"STR:10um_unc1999_for_48h|STR:flud_50um|STR:ibru_5um|STR:idel_10um",TRUE
"group_L4_98059703","small_molecule","group",3,"STR:prexasertib","prexasertib",28,28,0,2,2,"STR:prexasertib|STR:treated_with_prexasertib",TRUE
"group_L4_98677938","small_molecule","group",2,"CHEBI:61727","2-decenal",3,3,0,2,2,"CHEBI:91418|STR:lurbinectedin_0_2_mg_kg_once_a_week",TRUE
"group_L4_9897891e","cytokine_stim","group",6,"UNK",NA,32,32,0,4,4,"STR:bronchial_epithelial_cells_differentiated_on_porous_membrane_under_air_liquid_interface_condition|STR:il_17_tnfa|STR:mcsf_ntb|STR:tgf_beta_il_1beta",TRUE
"group_L4_98b9131b","disease_vs_normal","group",2,"UNK",NA,17,17,2,0,2,"STR:dkd|STR:pcos",TRUE
"group_L4_98f6f0b6","disease_vs_normal","group",3,"UNK",NA,26,26,2,0,2,"STR:adenocarcinoma|STR:uc",TRUE
"group_L4_9901fe07","disease_vs_normal","group",4,"UNK",NA,21,21,3,0,3,"STR:asthmatic_patients|STR:hiv_negative|STR:sle_without_ln",TRUE
"group_L4_9909041e","disease_vs_normal","group",2,"UNK",NA,8,8,1,0,1,"MeSH:D003110",FALSE
"group_L4_9922ad62","disease_vs_normal","group",3,"UNK",NA,22,22,2,0,2,"MeSH:D000077195|STR:head_and_neck_squamous_cell_carcinoma_cells",TRUE
"group_L4_994f5c40","small_molecule","group",3,"CHEBI:17139","6-<em>O</em>-sulfo-α-<small>D</small>-Glc-(1→6)-α-<small>D</small>-Glc-(1→6)-α-<small>D</small>-Glc-(1→3)-1-<em>O</em>-alkyl-2-<em>O</em>-acylglycerol",9,9,0,4,4,"CHEBI:16469|CHEBI:23965|HGNC:CTRL|HGNC:ESR1",TRUE
"group_L4_99547e44","pathogen_or_aggregate_exposure","group",2,"STR:human immunodeficiency virus 1","Human immunodeficiency virus 1",5,5,0,0,0,"",FALSE
"group_L4_998a61ff","disease_vs_normal","group",13,"UNK",NA,59,59,12,0,12,"MeSH:D015179|STR:colorectal_adenocarcinoma_cell_sw480_vector|STR:colorectal_adenocarcinoma_dld1|STR:colorectal_cancer_cell_line|STR:hct15_epithelial_colorectal_cancer_cell_line",TRUE
"group_L4_99b6cd31","disease_vs_normal","group",7,"UNK",NA,35,35,4,0,4,"MeSH:D044584|STR:adenocarcinoma|STR:mammary_gland_adenocarcinoma|STR:metastatic_carcinoma",TRUE
"group_L4_9a0ba0d6","disease_vs_normal","group",2,"UNK",NA,5,5,0,0,0,"",FALSE
"group_L4_9a4c9660","disease_vs_normal","group",2,"UNK",NA,6,6,1,0,1,"MeSH:D009369",FALSE
"group_L4_9a86cbca","small_molecule","group",2,"CHEBI:75597","dT<small><sub>8</sub></small>",14,14,0,3,3,"STR:500_nm_crizotinib|STR:500_nm_crizotinib_25_nm_afatinib|STR:500nm_crizotinib",TRUE
"group_L4_9b69b3ae","disease_vs_normal","group",2,"UNK",NA,5,5,3,0,3,"MeSH:D016889|STR:adenomyosis|STR:endometrial_adenocarcinoma",TRUE
"group_L4_9b90e3b2","small_molecule","group",2,"CHEBI:231598","tazemetostat",11,11,0,2,2,"CHEBI:231598|STR:5_um_tazemetostat",TRUE
"group_L4_9bc7d8a3","small_molecule","group",13,"UNK",NA,41,41,0,12,12,"CHEBI:172325|CHEBI:230500|CHEBI:82436|STR:24h_del_22379_at_10mm|STR:24h_del_22379_at_1mm",TRUE
"group_L4_9bde3d0d","pathogen_or_aggregate_exposure","group",2,"UNK",NA,3,3,0,3,3,"STR:h_exo|STR:treated_with_hk1ebv_exosomes_for_3_hours|STR:treated_with_hk1ebv_exosomes_for_6_hours",TRUE
"group_L4_9bf25d5b","pathogen_or_aggregate_exposure","group",3,"STR:malaria","Malaria",129,129,0,0,0,"",FALSE
"group_L4_9c0f1865","disease_vs_normal","group",2,"MeSH:D008564","Membrane Potentials",6,6,0,0,0,"",FALSE
"group_L4_9cdadc01","cytokine_stim","group",2,"STR:transforming growth factor beta","Transforming growth factor beta",5,5,0,1,1,"STR:tgfb",FALSE
"group_L4_9cdf4137","disease_vs_normal","group",2,"UNK",NA,8,8,2,0,2,"MeSH:D018269|STR:endometrioid_adenocarcinoma_1_hr_0_1_dmso",TRUE
"group_L4_9d04f240","small_molecule","group",2,"CHEBI:27388","benzoylacetyl-CoA",11,11,0,3,3,"CHEBI:50845|STR:doxycycline_200_ng_ml|STR:doxycycline_200_ng_ml_tnf",TRUE
"group_L4_9dddb7c5","small_molecule","group",2,"CHEBI:27963","(Kdo)<small><sub>2</sub></small>-lipid A (<em>E. coli</em>)",2,2,0,1,1,"STR:200_ng_ml_nocodazole",FALSE
"group_L4_9de53183","small_molecule","group",2,"UNK",NA,13,13,0,5,5,"STR:4su|STR:cep|STR:cep_4su|STR:fac|STR:oleic_acid_fac",TRUE
"group_L4_9e292c1b","disease_vs_normal","group",3,"MeSH:D005811",NA,4,4,2,0,2,"STR:glioblastoma|STR:glioblastoma_multiforme_gbm",TRUE
"group_L4_9e5a3f9c","small_molecule","group",2,"CHEBI:39112","bosutinib",4,4,0,0,0,"",FALSE
"group_L4_9eee59f6","disease_vs_normal","group",2,"MeSH:D015895","Relative Value Scales",13,13,1,0,1,"STR:ad",FALSE
"group_L4_9f431bfe","small_molecule","group",12,"UNK",NA,97,97,0,15,15,"STR:100_ng_per_ml_pam2_csk4|STR:100_ng_per_ml_pam3_csk4|STR:10um_platycodon_d_treatment_for_48h|STR:26695_stimulated|STR:300_ng_per_ml_lpp20_ha",TRUE
"group_L4_9f5e8298","pathogen_or_aggregate_exposure","group",14,"UNK",NA,822,822,0,1,1,"STR:wt_kshv_48hpi",FALSE
"group_L4_9f708305","cytokine_stim","group",2,"MeSH:D016898","Interferon-alpha",10,10,0,3,3,"STR:2000_iu_ifn_for_24hrs|STR:interferon_alpha_condition_2h|STR:interferon_alpha_condition_8h",TRUE
"group_L4_9f7feea7","disease_vs_normal","group",2,"UNK",NA,4,4,2,0,2,"MeSH:D015179|STR:colorectal_cancer_whole_tissues",TRUE
"group_L4_9f90dfb4","disease_vs_normal","group",10,"UNK",NA,39,39,6,0,6,"STR:abbreviations_of_type_ii_diabetes|STR:early|STR:neovascular|STR:retina|STR:retinal_periphlebitis",TRUE
"group_L4_9f9c0144","disease_vs_normal","group",3,"UNK",NA,15,15,4,0,4,"STR:gynecologic_cancer|STR:pdac|STR:sarcoma|STR:stroma_derived_from_primary_colorectal_tumour",TRUE
"group_L4_9fbc9ba5","cytokine_stim","group",2,"HGNC:6015","IL4R",5,5,0,0,0,"",FALSE
"group_L4_9fc2d6fc","disease_vs_normal","group",2,"UNK",NA,6,6,1,0,1,"STR:liver_metastasizing_pancreatic_ductal_carcinoma",FALSE
"group_L4_9fcb7fd1","small_molecule","group",2,"MeSH:D004002","Clodronic Acid",4,4,0,0,0,"",FALSE
"group_L4_a017518d","cytokine_stim","group",2,"CHEBI:17100","<small>L</small>-arabinono-1,4-lactone",2,2,0,1,1,"STR:cxcl4",FALSE
"group_L4_a04aa019","small_molecule","group",2,"CHEBI:16579","anisole",22,22,0,2,2,"STR:1|STR:1alpha",TRUE
"group_L4_a0625f7d","small_molecule","group",2,"CHEBI:6801","metformin",60,60,0,1,1,"CHEBI:6801",FALSE
"group_L4_a0968e80","small_molecule","group",3,"CHEBI:71200","tofacitinib",22,22,0,1,1,"CHEBI:71200",FALSE
"group_L4_a0b42488","disease_vs_normal","group",3,"MeSH:D000937","Antigen-Antibody Reactions",5,5,1,0,1,"MeSH:D015470",FALSE
"group_L4_a0b9541b","disease_vs_normal","group",2,"UNK",NA,6,6,2,0,2,"STR:diagnosis|STR:relapse_dmso",TRUE
"group_L4_a0d24206","small_molecule","group",6,"UNK",NA,48,48,0,3,3,"STR:4oht_myc_on|STR:nutlin_3a|STR:tpbc_peg_3um",TRUE
"group_L4_a106d728","disease_vs_normal","group",2,"MeSH:D010188","Exocrine Pancreatic Insufficiency",5,5,1,0,1,"MeSH:D010190",FALSE
"group_L4_a12fa742","disease_vs_normal","group",26,"UNK",NA,90,90,9,0,9,"MeSH:D009369|MeSH:D054218|STR:alps_fas|STR:breast_cancer_cell_line|STR:castleman_disease",TRUE
"group_L4_a15fb463","small_molecule","group",4,"UNK",NA,8,8,0,4,4,"HGNC:MED14|STR:aza|STR:azacitidine_tak_981|STR:treated_with_ch223191",TRUE
"group_L4_a1afa667","disease_vs_normal","group",2,"UNK",NA,9,9,0,0,0,"",FALSE
"group_L4_a1c588b3","small_molecule","group",3,"CHEBI:17234","glucose",12,12,0,2,2,"CHEBI:4167|HGNC:HK2",TRUE
"group_L4_a1ee44e6","disease_vs_normal","group",4,"MeSH:D005758","Gastritis, Hypertrophic",14,14,1,0,1,"STR:tumor_cells",FALSE
"group_L4_a1fa77bb","disease_vs_normal","group",2,"UNK",NA,8,8,2,0,2,"STR:tonsil_sqamous_cell_carcinoma_cell_line|STR:tonsil_squamous_cell_carcinoma_cell_line",TRUE
"group_L4_a2024372","disease_vs_normal","group",2,"UNK",NA,10,10,0,0,0,"",FALSE
"group_L4_a22ad227","small_molecule","group",7,"UNK",NA,33,33,0,6,6,"CHEBI:167693|STR:0um_yc8_02|STR:10um_yc8_02|STR:25um_yc8_02|STR:jq1",TRUE
"group_L4_a23c70aa","disease_vs_normal","group",34,"UNK",NA,518,518,31,0,31,"MeSH:D001017|MeSH:D002311|MeSH:D006344|MeSH:D006345|MeSH:D012587",TRUE
"group_L4_a24b368d","small_molecule","group",2,"CHEBI:63637","vemurafenib",10,10,0,2,2,"CHEBI:63637|STR:2_m_verafinib_for_20_days",TRUE
"group_L4_a2714f3e","pathogen_or_aggregate_exposure","group",12,"STR:hepatitis b virus","Hepatitis B virus",78,78,0,4,4,"STR:cccr07|STR:cccr08|STR:hbv_mono_infection|STR:tlr7_cm",TRUE
"group_L4_a2a2f799","small_molecule","group",4,"UNK",NA,10,10,0,1,1,"STR:vitcv",FALSE
"group_L4_a2b3319f","small_molecule","group",4,"CHEBI:16330","17β-hydroxy-5α-androstan-3-one",5,5,0,1,1,"HGNC:AR",FALSE
"group_L4_a2c5e970","disease_vs_normal","group",2,"UNK",NA,41,41,2,0,2,"STR:prostate_cancer_pca|STR:prostate_cancer_urinary_exosome",TRUE
"group_L4_a2c9a440","disease_vs_normal","group",3,"MeSH:D012115","Residual Volume",18,18,3,0,3,"STR:clear_cell_renal_cell_carcinoma_ccrcc|STR:human_renal_cell_carcinoma_cultures|STR:renal_cell_carcinoma_cell_lines",TRUE
"group_L4_a2e9cf5a","disease_vs_normal","group",52,"UNK",NA,907,907,39,0,39,"MeSH:D000921|MeSH:D002583|MeSH:D008175|MeSH:D009369|MeSH:D010051",TRUE
"group_L4_a2edec9b","disease_vs_normal","group",2,"UNK",NA,2,2,0,0,0,"",FALSE
"group_L4_a32aba50","small_molecule","group",2,"CHEBI:16512","(<i>S</i>)-<em>N</em>-methylcanadine",6,6,0,2,2,"CHEBI:16196|STR:10_nm_1",TRUE
"group_L4_a3531574","disease_vs_normal","group",2,"UNK",NA,11,11,1,0,1,"STR:carcinoma_colorectal",FALSE
"group_L4_a376737e","pathogen_or_aggregate_exposure","group",2,"STR:chadox1","ChAdOx1",117,117,0,0,0,"",FALSE
"group_L4_a38275e8","pathogen_or_aggregate_exposure","group",2,"STR:mixed candida/bacterial","Mixed Candida/bacterial",16,16,0,0,0,"",FALSE
"group_L4_a3a614cf","disease_vs_normal","group",2,"UNK",NA,9,9,2,0,2,"MeSH:D003110|STR:mouse_xenograft",TRUE
"group_L4_a3a83c37","disease_vs_normal","group",2,"UNK",NA,62,62,2,0,2,"MeSH:D001943|MeSH:D014024",TRUE
"group_L4_a3c7226b","cytokine_stim","group",2,"CHEBI:16994","1-(β-<small>D</small>-galactosyl)-2-(2-hydroxyacyl)sphingosine",8,8,0,1,1,"STR:tnfa",FALSE
"group_L4_a3cdcaaa","disease_vs_normal","group",2,"UNK",NA,8,8,3,0,3,"STR:lung_tumor|STR:lung_tumor_epi|STR:lung_tumor_immcs",TRUE
"group_L4_a40b1769","disease_vs_normal","group",4,"UNK",NA,6,6,2,0,2,"STR:prostate_cancer_cell_line|STR:prostate_cancer_cell_line_lncap",TRUE
"group_L4_a42b1234","disease_vs_normal","group",5,"UNK",NA,43,43,2,0,2,"STR:adenomyosis|STR:fibroid_patient",TRUE
"group_L4_a4630378","small_molecule","group",2,"CHEBI:41977","daunorubicin",32,32,0,0,0,"",FALSE
"group_L4_a4686ec2","small_molecule","group",5,"CHEBI:28748","doxorubicin",15,15,0,4,4,"STR:dox|STR:ntc|STR:rna|STR:treated_with_2_g_ml_dox_sigma_for_24_h",TRUE
"group_L4_a49221b4","small_molecule","group",2,"CHEBI:134236","phosphatidic acid (16:0/18:1)",5,5,0,1,1,"STR:secukinumab",FALSE
"group_L4_a49e04f8","small_molecule","group",3,"CHEBI:134201","<em>P</em>-{α-<small>D</small>-Glc<em>p</em>NAc-(1→3)-[<small>D</small>-GroA-(2→1)]-α-<small>D</small>-Glc<em>p</em>NAc-6-yl}-α-<small>D</small>-Glc<em>p</em>NAc-(1→3)-[<em>P</em>-6-[CH<small><sub>2</sub></small>]<small><sub>5</sub></small>NH<small><sub>2</sub></small>]-α-<small>D</small>-Glc<em>p</em>NAc-(1→2)-<small>D</small>-GroA",6,6,0,2,2,"CHEBI:189651|CHEBI:230508",TRUE
"group_L4_a4a9d4c2","small_molecule","group",2,"CHEBI:134273","phosphatidylcholine 35:1",4,4,0,2,2,"STR:puh71_longterm|STR:treated_with_1_m_az_5576_for_6_hours",TRUE
"group_L4_a4f45a1f","disease_vs_normal","group",3,"UNK",NA,18,18,0,0,0,"",FALSE
"group_L4_a56cee68","pathogen_or_aggregate_exposure","group",13,"UNK",NA,188,188,0,15,15,"CHEBI:27641|STR:h1n1_tg|STR:iav_infected_moi_3|STR:iavdns1_infected_moi_3|STR:infected_hi176_at_moi_of_100_1",TRUE
"group_L4_a5eb0ae7","disease_vs_normal","group",2,"UNK",NA,3,3,1,0,1,"MeSH:D013274",FALSE
"group_L4_a5f7d924","small_molecule","group",2,"CHEBI:134200","α-<small>D</small>-Glc<em>p</em>NAc-(1→3)-[<em>P</em>-6-[CH<small><sub>2</sub></small>]<small><sub>5</sub></small>NH<small><sub>2</sub></small>]-α-<small>D</small>-Glc<em>p</em>NAc-(1→2)-<small>D</small>-GroA",42,42,0,32,32,"CHEBI:131156|CHEBI:135810|CHEBI:145365|CHEBI:145374|CHEBI:177705",TRUE
"group_L4_a5fa4931","small_molecule","group",2,"CHEBI:88237","CDP-3,6-dideoxy-α-<small>D</small>-mannose",3,3,0,1,1,"CHEBI:61390",FALSE
"group_L4_a6021425","small_molecule","group",2,"MeSH:D000077267","Fulvestrant",2,2,0,1,1,"STR:fulvestrant_10nm_and_5fu_1000_nm",FALSE
"group_L4_a63aca12","small_molecule","group",3,"CHEBI:50924","sorafenib",6,6,0,3,3,"CHEBI:50924|STR:sorafenib_10_m|STR:sorafenib_10_um_12h",TRUE
"group_L4_a676ffc2","small_molecule","group",2,"CHEBI:35285","iminium betaine",2,2,0,1,1,"STR:5_aza_cdr",FALSE
"group_L4_a6a4b90c","disease_vs_normal","group",3,"UNK",NA,5,5,3,0,3,"STR:hepatocellular_carcinoma_hcc|STR:liver_tumor|STR:tumor_totalrna",TRUE
"group_L4_a6bed042","small_molecule","group",2,"CHEBI:41879","dexamethasone",3,3,0,1,1,"CHEBI:41879",FALSE
"group_L4_a6de976d","small_molecule","group",2,"CHEBI:75928","(<i>S</i>)-2-hydroxyhexadecanoate",3,3,0,1,1,"CHEBI:63637",FALSE
"group_L4_a703c183","small_molecule","group",2,"UNK",NA,5,5,0,3,3,"STR:2_5_m_dclk1_in_1_for_24_h|STR:2_5_m_dclk1_in_1_for_6_h|STR:gem_pac_400_80_nm",TRUE
"group_L4_a73bee40","cytokine_stim","group",4,"UNK",NA,23,23,0,3,3,"STR:cd3_cd28_stimulated|STR:il_2_and_anti_cd3_cd28_agonistic_mabs|STR:il_2_and_anti_cd3_tnfr2_agonistic_mabs",TRUE
"group_L4_a761791e","small_molecule","group",2,"CHEBI:28508","2,5-dihydroxybenzaldehyde",2,2,0,1,1,"CHEBI:31638",FALSE
"group_L4_a780af39","disease_vs_normal","group",3,"UNK",NA,10,10,2,0,2,"MeSH:D064726|STR:hnscc_patient",TRUE
"group_L4_a7b60ca9","disease_vs_normal","group",2,"UNK",NA,11,11,1,0,1,"STR:pah",FALSE
"group_L4_a7c031d0","small_molecule","group",3,"CHEBI:63630","tolcapone",10,10,0,5,5,"CHEBI:63791|CHEBI:68478|CHEBI:72690|CHEBI:79699|STR:1nm_romidepsin",TRUE
"group_L4_a7e4d6fb","cytokine_stim","group",2,"CHEBI:114785","erlotinib",2,2,0,2,2,"STR:day1|STR:erlotinib_1_um",TRUE
"group_L4_a83e04ea","small_molecule","group",3,"UNK",NA,22,22,0,5,5,"CHEBI:144671|CHEBI:17823|STR:ffx|STR:gemcitabine_100_nm_plus_torin_1_100_nm|STR:torin_1_100_nm",TRUE
"group_L4_a85457a6","disease_vs_normal","group",3,"UNK",NA,87,87,3,0,3,"MeSH:D001749|STR:primary_tumor|STR:recurrent_tumor",TRUE
"group_L4_a89c312e","small_molecule","group",2,"CHEBI:16635","Met-tRNA<small><sup>Met</small></sup>",19,19,0,1,1,"STR:tgf_beta1",FALSE
"group_L4_a8b9c62c","small_molecule","group",24,"UNK",NA,191,191,0,28,28,"CHEBI:15603|CHEBI:16044|CHEBI:178199|CHEBI:230500|CHEBI:27777",TRUE
"group_L4_a8e28951","small_molecule","group",2,"CHEBI:27974","estriol",3,3,0,2,2,"CHEBI:27666|CHEBI:41977",TRUE
"group_L4_a8e3431a","small_molecule","group",2,"CHEBI:34884","naphthyl-2-methyl-succinyl-CoA",4,4,0,0,0,"",FALSE
"group_L4_a9163e5c","small_molecule","group",3,"MeSH:D004202","Disinfectants",8,8,0,0,0,"",FALSE
"group_L4_a93037fa","small_molecule","group",2,"UNK",NA,6,6,0,3,3,"CHEBI:15341|STR:464|STR:synthetic_mir_21_inhibitor_mir_21i",TRUE
"group_L4_a958b954","disease_vs_normal","group",2,"MeSH:D004027","Diencephalon",4,4,2,0,2,"STR:human_bone_marrow_chronic_myelogenous_leukemia|STR:lymphoblast_cells_isolated_from_the_bone_marrow_of_a_53_year_old_chronic_myelogenous_leukemia_patient",TRUE
"group_L4_a96dd45f","disease_vs_normal","group",2,"UNK",NA,30,30,0,0,0,"",FALSE
"group_L4_a9adce40","small_molecule","group",7,"CHEBI:68534","enzalutamide",38,38,0,12,12,"CHEBI:68534|HGNC:RB1|STR:10_um_enzalutamide|STR:10_um_enzalutamide_and_20_nm_onvansertib|STR:10_um_enzalutamide_and_30_nm_onvansertib",TRUE
"group_L4_a9c2b612","disease_vs_normal","group",2,"UNK",NA,17,17,1,0,1,"STR:tumor_tissue",FALSE
"group_L4_a9cfd50f","disease_vs_normal","group",4,"MeSH:D005754",NA,13,13,1,0,1,"STR:tumor_cells",FALSE
"group_L4_a9f06aa0","small_molecule","group",4,"UNK",NA,53,53,0,6,6,"CHEBI:13193|CHEBI:16857|CHEBI:5971|STR:5_fu_lv|STR:folfiri",TRUE
"group_L4_a9fdd734","small_molecule","group",2,"CHEBI:35285","iminium betaine",3,3,0,1,1,"STR:5_aza_cdr",FALSE
"group_L4_aa09bf2a","small_molecule","group",2,"UNK",NA,14,14,0,4,4,"STR:inh_1d|STR:inh_2d|STR:inh_3d|STR:wb436b",TRUE
"group_L4_aa4414cb","cytokine_stim","group",2,"HGNC:6016","IL5",4,4,0,2,2,"STR:100ng_ml_il_22|STR:il9_10ng_ml",TRUE
"group_L4_aac58139","small_molecule","group",4,"CHEBI:17195","thiomorpholine-3-carboxylic acid",12,12,0,6,6,"STR:100_nm_e2|STR:10nm_e2_10nm_aldosterone|STR:10nm_e2_10nm_dht|STR:10nm_e2_10nm_progesterone|STR:ctl",TRUE
"group_L4_aae9365d","disease_vs_normal","group",2,"UNK",NA,20,20,2,0,2,"STR:rheumatoid_arthritis_early|STR:rheumatoid_arthritis_established",TRUE
"group_L4_ab2d577c","cytokine_stim","group",2,"HGNC:6024","IL7R",5,5,0,1,1,"STR:27_il15_137964_nk_cells_alone",FALSE
"group_L4_ab522a21","disease_vs_normal","group",2,"UNK",NA,18,18,0,0,0,"",FALSE
"group_L4_ab54d338","disease_vs_normal","group",2,"UNK",NA,6,6,0,0,0,"",FALSE
"group_L4_ab74a296","small_molecule","group",4,"UNK",NA,8,8,0,5,5,"CHEBI:124921|STR:bay_4931_200nm|STR:cm_1758|STR:combination|STR:t0070907_500nm",TRUE
"group_L4_aba2ecd8","small_molecule","group",2,"CHEBI:136413","adenosine-5'-diphospho-5'-(2'-deoxyribonucleotide) residue(2−)",9,9,0,1,1,"STR:infliximab",FALSE
"group_L4_ac04820d","small_molecule","group",8,"UNK",NA,384,384,0,4,4,"STR:anti_pd_l1_and_tgf_beta_bifunctional_fusion_protein|STR:daunorubicine_cytarabine|STR:daunorubicine_cytarabine_dose_reduced|STR:globinclear",TRUE
"group_L4_ac241e38","disease_vs_normal","group",2,"UNK",NA,21,21,4,0,4,"STR:benign_nf_g4|STR:formalin_fixed_paraffin_embedded_ffpe_tumor_tissue_block_from_human_nf2_patient|STR:premalignantnf_g3|STR:sporadic_spinal_nf_g5",TRUE
"group_L4_ac76f1d9","disease_vs_normal","group",2,"UNK",NA,9,9,2,0,2,"STR:pcos_myotubes|STR:pcos_noeps_null",TRUE
"group_L4_acedcf7f","small_molecule","group",4,"CHEBI:16579","anisole",38,38,0,2,2,"STR:10_nm_1|STR:1alpha",TRUE
"group_L4_ad44c50a","small_molecule","group",2,"CHEBI:134221","dehydroluciferin",10,10,0,7,7,"CHEBI:91418|CHEBI:91435|STR:4|STR:bpaf|STR:bpap",TRUE
"group_L4_ad48adae","disease_vs_normal","group",2,"MeSH:D008167","Lumpy skin disease virus",2,2,1,0,1,"MeSH:D000077192",FALSE
"group_L4_ad524d25","disease_vs_normal","group",3,"UNK",NA,22,22,16,0,16,"STR:tumor_1|STR:tumor_10|STR:tumor_11|STR:tumor_12|STR:tumor_13",TRUE
"group_L4_ada0a30e","small_molecule","group",2,"CHEBI:229222","capivasertib",6,6,0,1,1,"CHEBI:229222",FALSE
"group_L4_ade3f782","disease_vs_normal","group",2,"UNK",NA,10,10,2,0,2,"MeSH:D013584|STR:early_onset_colorectal_cancer",TRUE
"group_L4_adf35eb6","small_molecule","group",2,"UNK",NA,10,10,0,3,3,"CHEBI:232521|STR:1_mm_nabu|STR:10_mm_napr",TRUE
"group_L4_ae2fc9e4","small_molecule","group",4,"UNK",NA,9,9,0,2,2,"STR:5_um_eht_1610|STR:ncgc1481",TRUE
"group_L4_ae376475","small_molecule","group",4,"UNK",NA,9,9,0,5,5,"CHEBI:230500|STR:24h_del_22379_at_10mm|STR:24h_del_22379_at_1mm|STR:blu6864_24h|STR:blu6864_6h",TRUE
"group_L4_ae4472bd","small_molecule","group",2,"STR:dovitinib","Dovitinib",3,3,0,1,1,"STR:dovitinib",FALSE
"group_L4_aea2cfda","small_molecule","group",2,"CHEBI:79605","3-allyloxyestra-1,3,5(10),7-tetraene-16,17-dione dioxime",5,5,0,2,2,"HGNC:DUSP4|STR:trametinib_0_1_m",TRUE
"group_L4_aea6343c","pathogen_or_aggregate_exposure","group",2,"UNK",NA,14,14,0,0,0,"",FALSE
"group_L4_af19639a","small_molecule","group",2,"CHEBI:9466","Testosterone propionate",25,25,0,5,5,"CHEBI:379896|HGNC:AR|HGNC:DAXX|HGNC:HIRA|STR:1_nm_r1881",TRUE
"group_L4_af39cdc7","small_molecule","group",2,"CHEBI:5070","flavanone",37,37,0,5,5,"CHEBI:49375|CHEBI:49668|CHEBI:52172|STR:cediranib|STR:dasatinib_paclitaxel",TRUE
"group_L4_af43199a","pathogen_or_aggregate_exposure","group",2,"UNK",NA,13,13,0,4,4,"CHEBI:17437|STR:dms_with_puromycin|STR:dms_without_puromycin|STR:poly",TRUE
"group_L4_af81f327","small_molecule","group",4,"UNK",NA,68,68,0,4,4,"STR:e2|STR:fc|STR:jag1_dapt|STR:normoxia_pp242",TRUE
"group_L4_af9449d3","small_molecule","group",3,"MeSH:D000073","Acenaphthenes",163,163,0,0,0,"",FALSE
"group_L4_afae777c","disease_vs_normal","group",6,"UNK",NA,19,19,5,0,5,"STR:germ_cell_tumor_seminoma|STR:non_seminoma_germ_cell_tumor_choriocarcinoma|STR:non_seminoma_germ_cell_tumor_embryonal_carcinoma|STR:testicular_biopsy_with_testicular_contusion_and_laceration|STR:testicular_biopsy_with_testicular_necrosis",TRUE
"group_L4_afb0ee2b","disease_vs_normal","group",4,"UNK",NA,51,51,1,0,1,"STR:osteoarthritis",FALSE
"group_L4_afb95686","small_molecule","group",3,"CHEBI:9516","thapsigargin",8,8,0,1,1,"CHEBI:9516",FALSE
"group_L4_afc015db","pathogen_or_aggregate_exposure","group",2,"UNK",NA,19,19,0,5,5,"STR:amodiaquine_traetment_1hpi_sars_cov_2_infected_moi_0_1|STR:iav_nc_infected_moi_5|STR:iav_nt_infected_moi_5|STR:sev_nc_infected_moi_5|STR:sev_nt_infected_moi_5",TRUE
"group_L4_afe1d542","small_molecule","group",12,"MeSH:D003473","Neuromuscular Nondepolarizing Agents",37,37,0,1,1,"HGNC:SETDB1",FALSE
"group_L4_b00bc722","disease_vs_normal","group",2,"UNK",NA,4,4,2,0,2,"MeSH:D010300|STR:rhabdomyosarcoma",TRUE
"group_L4_b0382ee4","disease_vs_normal","group",2,"UNK",NA,77,77,0,0,0,"",FALSE
"group_L4_b041ec6e","small_molecule","group",2,"CHEBI:79663","4,4-Bis[4-(acetyloxy)phenyl]3-hexanone",2,2,0,0,0,"",FALSE
"group_L4_b04fdc49","disease_vs_normal","group",14,"UNK",NA,157,157,6,0,6,"MeSH:D008175|MeSH:D011471|MeSH:D016400|STR:breast_cancer_cells|STR:epithelial_breast_cancer_cell_line_derived_from_metasatic_pleural_effusion",TRUE
"group_L4_b08d065e","disease_vs_normal","group",13,"UNK",NA,169,169,7,0,7,"MeSH:D000089802|MeSH:D009243|STR:ckd|STR:dpn_sev|STR:intermittent_claudicant",TRUE
"group_L4_b0bc8e7f","small_molecule","group",2,"CHEBI:28358","<em>rac</em>-lactic acid",4,4,0,2,2,"CHEBI:3139|STR:lactate_treatment",TRUE
"group_L4_b128b80d","small_molecule","group",25,"CHEBI:68534","enzalutamide",128,128,0,17,17,"CHEBI:68534|STR:10_um_enzalutamide|STR:10_um_enzalutamide_for_5_days|STR:10um_enz_for_48_hours|STR:10um_enzalutamide_treatment_for_14days",TRUE
"group_L4_b149a0fb","disease_vs_normal","group",29,"UNK",NA,129,129,21,0,21,"MeSH:D002575|MeSH:D002583|MeSH:D009369|STR:adenocarcinoma|STR:cervical_adenocarcinoma",TRUE
"group_L4_b175aead","disease_vs_normal","group",2,"UNK",NA,15,15,0,0,0,"",FALSE
"group_L4_b1800d70","cytokine_stim","group",2,"CHEBI:114785","erlotinib",25,25,0,0,0,"",FALSE
"group_L4_b18962a3","disease_vs_normal","group",3,"UNK",NA,11,11,2,0,2,"MeSH:D009369|STR:rhabdomyosarcoma",TRUE
"group_L4_b19029c2","disease_vs_normal","group",5,"UNK",NA,76,76,5,0,5,"MeSH:D015179|STR:ccr|STR:pd|STR:primary_tumor|STR:rna_seq_from_primary_tumor",TRUE
"group_L4_b19daaff","disease_vs_normal","group",2,"UNK",NA,15,15,2,0,2,"STR:oscc|STR:osf",TRUE
"group_L4_b2321505","small_molecule","group",2,"CHEBI:50556","hydrogen trithiocarbonate",3,3,0,1,1,"STR:dapt_gsi",FALSE
"group_L4_b24e5569","disease_vs_normal","group",2,"UNK",NA,6,6,0,0,0,"",FALSE
"group_L4_b2cc9f4e","pathogen_or_aggregate_exposure","group",2,"STR:sars-cov-2","SARS-CoV-2",7,7,0,3,3,"STR:sars_cov_2|STR:sars_cov_2_infected_moi_0_2|STR:sars_cov_2_infected_moi_2",TRUE
"group_L4_b32058ac","disease_vs_normal","group",2,"UNK",NA,68,68,3,0,3,"STR:cd|STR:rural|STR:urban",TRUE
"group_L4_b343de59","small_molecule","group",2,"CHEBI:16635","Met-tRNA<small><sup>Met</small></sup>",4,4,0,1,1,"STR:tgfb_1ng_ml",FALSE
"group_L4_b35d0310","small_molecule","group",5,"UNK",NA,24,24,0,3,3,"CHEBI:3498|STR:acute_treatement_with_omp_52m51|STR:dac",TRUE
"group_L4_b3660146","disease_vs_normal","group",2,"UNK",NA,3,3,2,0,2,"STR:primary|STR:skov3_ovarian_cancer_cell_line",TRUE
"group_L4_b391c500","small_molecule","group",10,"UNK",NA,26,26,0,6,6,"CHEBI:230484|STR:100_nm_doppa_stemline_hsc_expansion_medium|STR:15_m_pf_366|STR:50_nm_4_oht|STR:fkbp",TRUE
"group_L4_b3c2f8ac","disease_vs_normal","group",2,"UNK",NA,3,3,2,0,2,"STR:distal_metastsis|STR:primary_tumor_tissue_fallopian_tube",TRUE
"group_L4_b3db3f06","small_molecule","group",3,"CHEBI:88517","PS(20:3(8Z,11Z,14Z)/18:0)",3,3,0,2,2,"STR:10nm_trametinib_300nm_jq1|STR:palbocicilib_indisulam",TRUE
"group_L4_b407a670","small_molecule","group",3,"CHEBI:34884","naphthyl-2-methyl-succinyl-CoA",9,9,0,1,1,"CHEBI:27899",FALSE
"group_L4_b42e3634","small_molecule","group",5,"CHEBI:123456","N-ethyl-2-[(2R,3R,6S)-3-[(4-fluorophenyl)sulfonylamino]-2-(hydroxymethyl)-3,6-dihydro-2H-pyran-6-yl]acetamide",77,77,0,35,35,"CHEBI:132268|CHEBI:145372|CHEBI:145374|CHEBI:145428|CHEBI:173077",TRUE
"group_L4_b4975123","small_molecule","group",12,"CHEBI:31638","fulvestrant",46,46,0,6,6,"CHEBI:31638|STR:10_nm_fulvestrant_for_6_hours|STR:100nm_fulvestrant|STR:fulvestrant_300nm|STR:fulvestrant_30nm",TRUE
"group_L4_b4e536e2","disease_vs_normal","group",57,"UNK",NA,461,461,36,0,36,"MeSH:D002292|MeSH:D007680|MeSH:D009369|STR:advanced_dn|STR:ain",TRUE
"group_L4_b5283cf8","small_molecule","group",2,"CHEBI:75984","flecainide",9,9,0,0,0,"",FALSE
"group_L4_b529dc77","small_molecule","group",2,"CHEBI:16534","<small>D</small>-galactonic acid",32,32,0,4,4,"STR:10_nm_1|STR:100_nm_25_oh_d3_for_24_h|STR:1000_nm_25_oh_d3_for_24_h|STR:250_nm_25_oh_d3_for_24_h",TRUE
"group_L4_b557abd1","cytokine_stim","group",2,"HGNC:6017","IL5RA",5,5,0,2,2,"STR:100_ng_ml_il13_stimulation|STR:treated_with_il_22_for_24_hrs",TRUE
"group_L4_b5b52790","small_molecule","group",6,"CHEBI:134223","2-amino-6-(1-hydroxypropyl)-8-methylpteridine-4,7(3<em>H</em>,8<em>H</em>)-dione",8,8,0,4,4,"CHEBI:137113|STR:10_um_3_bromoascochlorin_bas|STR:cells_were_treated_with_increasing_doses_of_the_small_molecules_bms345541|STR:lurbinectedin_0_2_mg_kg_once_a_week",TRUE
"group_L4_b5b86608","small_molecule","group",2,"CHEBI:134238","phosphatidylethanolamine 37:0",3,3,0,1,1,"STR:secukinumab",FALSE
"group_L4_b5c57282","small_molecule","group",2,"CHEBI:17139","6-<em>O</em>-sulfo-α-<small>D</small>-Glc-(1→6)-α-<small>D</small>-Glc-(1→6)-α-<small>D</small>-Glc-(1→3)-1-<em>O</em>-alkyl-2-<em>O</em>-acylglycerol",28,28,0,0,0,"",FALSE
"group_L4_b5f2a8e6","small_molecule","group",2,"CHEBI:4031","cyclosporin A",19,19,0,1,1,"CHEBI:4031",FALSE
"group_L4_b65c3215","pathogen_or_aggregate_exposure","group",2,"STR:candida albicans","Candida albicans",9,9,0,2,2,"STR:candida_albicans|STR:candida_albicans_cyclosporine_a",TRUE
"group_L4_b670fd1f","small_molecule","group",2,"CHEBI:134135","1-acylglycerol 22:4",2,2,0,2,2,"CHEBI:177387|STR:6_hours",TRUE
"group_L4_b686301d","disease_vs_normal","group",5,"UNK",NA,83,83,3,0,3,"MeSH:D020522|STR:abc_dlbcl|STR:gc_dlbcl",TRUE
"group_L4_b6bd1a4f","small_molecule","group",77,"UNK",NA,643,643,0,110,110,"CHEBI:230500|CHEBI:232752|CHEBI:46024|CHEBI:48705|CHEBI:48706",TRUE
"group_L4_b7001351","disease_vs_normal","group",2,"MeSH:D009903","Optical Illusions",6,6,2,0,2,"STR:caov2_primary_ovarian_cancer_cell|STR:human_ovarian_cancer_cell_line_platinum_sensitive",TRUE
"group_L4_b72ec742","disease_vs_normal","group",2,"MeSH:D013896","Thoracic Diseases",10,10,3,0,3,"MeSH:D000077273|STR:ptc_central_region|STR:ptc_invasive_region",TRUE
"group_L4_b78bdbdd","disease_vs_normal","group",2,"UNK",NA,6,6,0,0,0,"",FALSE
"group_L4_b7d93789","disease_vs_normal","group",3,"UNK",NA,12,12,2,0,2,"STR:leukemia_cell_line|STR:mll_af10_rearranged_human_leukemia_pdx_cbam44728",TRUE
"group_L4_b7f3ba93","small_molecule","group",3,"CHEBI:134201","<em>P</em>-{α-<small>D</small>-Glc<em>p</em>NAc-(1→3)-[<small>D</small>-GroA-(2→1)]-α-<small>D</small>-Glc<em>p</em>NAc-6-yl}-α-<small>D</small>-Glc<em>p</em>NAc-(1→3)-[<em>P</em>-6-[CH<small><sub>2</sub></small>]<small><sub>5</sub></small>NH<small><sub>2</sub></small>]-α-<small>D</small>-Glc<em>p</em>NAc-(1→2)-<small>D</small>-GroA",8,8,0,3,3,"CHEBI:230493|STR:100nm_dbet6|STR:500nm_dbet6",TRUE
"group_L4_b81a9280","small_molecule","group",2,"CHEBI:78023","4-coumaroyltriacetic acid lactone",4,4,0,0,0,"",FALSE
"group_L4_b8476d92","disease_vs_normal","group",3,"UNK",NA,7,7,2,0,2,"STR:colorectal_adenocarcinoma|STR:yb5_colon_cancer_cell_line",TRUE
"group_L4_b87a42d6","disease_vs_normal","group",2,"UNK",NA,51,51,3,0,3,"STR:ocular_adnexal_lymphoma|STR:ocular_adnexal_lymphoma_diffuse_large_b_cell_lymphoma|STR:ocular_adnexal_lymphoma_extranodal_marginal_zone_lymphoma",TRUE
"group_L4_b8c51533","small_molecule","group",2,"UNK",NA,12,12,0,5,5,"STR:1um_isox_48_hours|STR:30_mg_kg_mcb_22_294_for_1d1h|STR:30_mg_kg_mcb_22_294_for_1d6h|STR:30_mg_kg_mcb_22_294_for_7d1h|STR:30_mg_kg_mcb_22_294_for_7d6h",TRUE
"group_L4_b8e4881d","disease_vs_normal","group",2,"UNK",NA,5,5,2,0,2,"STR:breast_cancer_tissue|STR:mda_mb_231_tumors",TRUE
"group_L4_b957356b","small_molecule","group",2,"CHEBI:88246","2'-deoxytubercidin",5,5,0,0,0,"",FALSE
"group_L4_b99dc2ac","small_molecule","group",2,"CHEBI:75928","(<i>S</i>)-2-hydroxyhexadecanoate",6,6,0,2,2,"CHEBI:64310|CHEBI:78543",TRUE
"group_L4_b9c37a24","disease_vs_normal","group",11,"UNK",NA,137,137,9,0,9,"MeSH:D003110|MeSH:D012004|MeSH:D019694|STR:bd_patients|STR:chronic_hcv",TRUE
"group_L4_b9d34b7f","disease_vs_normal","group",2,"MeSH:D002430","Cecal Neoplasms",3,3,2,0,2,"STR:cervical_cancer|STR:cervical_cancer_cells",TRUE
"group_L4_b9f3d040","small_molecule","group",2,"STR:glycine max 7s globulin","Glycine max 7S globulin",26,26,0,0,0,"",FALSE
"group_L4_ba107757","small_molecule","group",2,"UNK",NA,6,6,0,2,2,"STR:compound7|STR:ptc028",TRUE
"group_L4_ba22647f","small_molecule","group",2,"CHEBI:134136","1-acylglycerol 22:5",2,2,0,2,2,"CHEBI:85990|STR:ici_174",TRUE
"group_L4_ba2dae43","small_molecule","group",2,"CHEBI:88502","DG(16:1(9Z)/18:3(6Z,9Z,12Z)/0:0)",8,8,0,0,0,"",FALSE
"group_L4_ba33db7c","small_molecule","group",2,"CHEBI:2866","ascaridole",4,4,0,1,1,"CHEBI:27666",FALSE
"group_L4_ba396f9d","small_molecule","group",5,"CHEBI:16635","Met-tRNA<small><sup>Met</small></sup>",58,58,0,5,5,"STR:10_ng_tgfbeta|STR:10_ng_tgfbeta_2|STR:human_recombinant_tgfb1_serotec|STR:tgfb_48hrs|STR:tgfb_72hrs",TRUE
"group_L4_ba39db5d","small_molecule","group",2,"CHEBI:88507","PS(20:3(8Z,11Z,14Z)/16:0)",6,6,0,0,0,"",FALSE
"group_L4_baac31e0","small_molecule","group",2,"UNK",NA,16,16,0,2,2,"STR:dac_medium|STR:dac_pg20",TRUE
"group_L4_bab1cd3f","small_molecule","group",2,"CHEBI:17105","4-maleylacetoacetate",13,13,0,2,2,"CHEBI:16412|STR:lps_st2825",TRUE
"group_L4_babf2351","pathogen_or_aggregate_exposure","group",10,"UNK",NA,351,351,0,1,1,"STR:p_aeruginosa_strain_753_stimulated",FALSE
"group_L4_babfd265","disease_vs_normal","group",6,"UNK",NA,17,17,2,0,2,"STR:asd|STR:sma_type_i",TRUE
"group_L4_baf6edb7","disease_vs_normal","group",7,"UNK",NA,138,138,6,0,6,"MeSH:D000093284|STR:bladder_cancer_cell_5637|STR:bladder_cancer_tissue|STR:human_urinary_bladder_tumor|STR:stage_1_bladder_cancer_tumor",TRUE
"group_L4_bb57c5b6","small_molecule","group",5,"CHEBI:27388","benzoylacetyl-CoA",11,11,0,5,5,"CHEBI:61049|STR:0_25_g_ml_doxycycline_for_2_days|STR:20ng_ml_doxycycline_for_24hrs|STR:rna|STR:treated_with_bleomycin_and_ru_521",TRUE
"group_L4_bb5938fa","disease_vs_normal","group",2,"UNK",NA,7,7,1,0,1,"STR:gastric_tumor",FALSE
"group_L4_bb69e150","disease_vs_normal","group",3,"MeSH:D004070","Digitalis",7,7,2,0,2,"MeSH:D007948|MeSH:D015473",TRUE
"group_L4_bb809485","small_molecule","group",2,"UNK",NA,4,4,0,0,0,"",FALSE
"group_L4_bbb5ee76","small_molecule","group",2,"CHEBI:3097","Bikhaconitine",2,2,0,2,2,"CHEBI:4911|STR:vcr_cyclo_treatment",TRUE
"group_L4_bbdc2f4f","small_molecule","group",2,"UNK",NA,10,10,0,1,1,"STR:treated_with_cd_5_m_for_72h",FALSE
"group_L4_bbf35774","cytokine_stim","group",5,"CHEBI:90943","osimertinib",22,22,0,2,2,"CHEBI:90943|STR:osimertinib_25_mg_kg_once_a_week",TRUE
"group_L4_bc2833ae","pathogen_or_aggregate_exposure","group",13,"UNK",NA,70,70,0,9,9,"STR:bk_polyomavirus_bkpyv|STR:infected_with_a_lentivirus_coding_the_brct_domain_from_pes_protein_of_leishmania_major|STR:infected_with_a_lentivirus_coding_the_luciferase_protein|STR:infected_with_shaan_virus_p3|STR:infected_with_shaan_virus_p43",TRUE
"group_L4_bc3f1013","small_molecule","group",2,"CHEBI:17135","long-chain fatty alcohol",5,5,0,2,2,"STR:dihydrotestosterone_dht_treated_3d_cultured|STR:dihydrotestosterone_dht_treated_two_dimensional_2d_cultured",TRUE
"group_L4_bc7ebdaa","disease_vs_normal","group",2,"MeSH:D003149","Community Dentistry",6,6,1,0,1,"MeSH:D003110",FALSE
"group_L4_bcc27e50","small_molecule","group",2,"MeSH:D000077267","Fulvestrant",3,3,0,1,1,"STR:fulvestrant_5mg_mouse_week",FALSE
"group_L4_bd19fbdc","disease_vs_normal","group",3,"UNK",NA,6,6,1,0,1,"STR:nasopharyngeal_carcinoma",FALSE
"group_L4_bd3c6e11","pathogen_or_aggregate_exposure","group",112,"UNK",NA,3948,3948,0,39,39,"CHEBI:167896|CHEBI:73832|STR:24h_1_5_human_serum_ami_patient_37|STR:actecoli|STR:activated",TRUE
"group_L4_bda52d56","small_molecule","group",2,"CHEBI:83766","olaparib",7,7,0,3,3,"CHEBI:83766|STR:androgen_deprivation_medium_treated_with_olaparib|STR:complete_medium_treated_with_olaparib",TRUE
"group_L4_bdd4554b","small_molecule","group",3,"UNK",NA,7,7,0,1,1,"STR:lpa_stimulated_3hrs",FALSE
"group_L4_bdea078a","disease_vs_normal","group",3,"UNK",NA,11,11,2,0,2,"MeSH:D009369|MeSH:D020522",TRUE
"group_L4_bdefacd4","disease_vs_normal","group",2,"UNK",NA,17,17,2,0,2,"STR:angiofibroma|STR:sarcoma",TRUE
"group_L4_be54633f","disease_vs_normal","group",2,"UNK",NA,8,8,1,0,1,"STR:colitis_associated_cancer_patient_derived_xenograft_pdx",FALSE
"group_L4_be66e6a4","small_molecule","group",5,"CHEBI:5070","flavanone",14,14,0,4,4,"CHEBI:49668|CHEBI:52172|STR:24h_50um_gefitinib|STR:24h_75um_gefitinib",TRUE
"group_L4_bebf8b79","small_molecule","group",9,"UNK",NA,34,34,0,10,10,"CHEBI:132974|STR:1_microm_sr_0813|STR:10_microm_sr_0813|STR:3_um_a_485|STR:aza",TRUE
"group_L4_bed9a21a","small_molecule","group",3,"CHEBI:34202","2,2',4,4',5,5'-hexachlorobiphenyl",5,5,0,2,2,"STR:200_m_of_cisplatin|STR:cisplatin_pulse",TRUE
"group_L4_bee2a902","disease_vs_normal","group",17,"MeSH:D006559","Pemphigoid Gestationis",88,88,4,0,4,"MeSH:D006528|STR:human_tumor_tissue|STR:recurrent|STR:sgintc",TRUE
"group_L4_beeb180f","small_molecule","group",3,"CHEBI:79605","3-allyloxyestra-1,3,5(10),7-tetraene-16,17-dione dioxime",26,26,0,0,0,"",FALSE
"group_L4_bf07560d","small_molecule","group",4,"UNK",NA,32,32,0,7,7,"CHEBI:230487|CHEBI:234577|STR:bsj_05_037|STR:incb0543329|STR:mutant_peptide_24um_for_24hrs",TRUE
"group_L4_bf0c9d32","disease_vs_normal","group",2,"UNK",NA,26,26,2,0,2,"STR:cancer_tissue|STR:human_cancer_tissue",TRUE
"group_L4_bf0e7271","disease_vs_normal","group",3,"UNK",NA,7,7,1,0,1,"MeSH:D015470",FALSE
"group_L4_bf11068a","small_molecule","group",3,"CHEBI:34206","2,2',5,5'-tetrachlorobiphenyl",6,6,0,3,3,"CHEBI:27899|STR:apoevs_apoptosis_induced_by_cisplatin|STR:cisplatin_pulse",TRUE
"group_L4_bf30855f","disease_vs_normal","group",2,"MeSH:D004070","Digitalis",6,6,2,0,2,"STR:b_all|STR:lymphoblast_cells_isolated_from_the_bone_marrow_of_a_53_year_old_chronic_myelogenous_leukemia_patient",TRUE
"group_L4_bf37cd47","disease_vs_normal","group",4,"UNK",NA,17,17,1,0,1,"STR:parkinson_s_disease_patient",FALSE
"group_L4_bf66b42d","disease_vs_normal","group",4,"UNK",NA,18,18,2,0,2,"STR:idiopathic_pulmonary_arterial_hypertension_ipah|STR:ipah",TRUE
"group_L4_bf9c917a","small_molecule","group",2,"CHEBI:66919","ruxolitinib",59,59,0,1,1,"CHEBI:66919",FALSE
"group_L4_bfa882c9","small_molecule","group",4,"CHEBI:63013","β-<small>D</small>-Gal<em>p</em>NAc-(1→3)-α-<small>D</small>-Gal<em>p</em>-(1→4)-β-<small>D</small>-Gal<em>p</em>-(1→4)-<small>D</small>-Glc<em>p</em>",7,7,0,4,4,"CHEBI:64310|STR:250_nm_crizotinib|STR:500_nm_crizotinib|STR:500nm_crizotinib",TRUE
"group_L4_bfea5e49","small_molecule","group",15,"UNK",NA,137,137,0,8,8,"CHEBI:9534|STR:folfirinox|STR:fps|STR:gant61_rita_treated|STR:gant61_treated",TRUE
"group_L4_c0563664","small_molecule","group",3,"CHEBI:134223","2-amino-6-(1-hydroxypropyl)-8-methylpteridine-4,7(3<em>H</em>,8<em>H</em>)-dione",5,5,0,2,2,"CHEBI:145365|STR:10_um_abiraterone_acetate_and_30_nm_onvansertib",TRUE
"group_L4_c065dd4b","small_molecule","group",2,"CHEBI:27899","cisplatin",5,5,0,1,1,"STR:0_6_um_cispt",FALSE
"group_L4_c08d717e","small_molecule","group",3,"CHEBI:134210","(<i>R</i>)-laudanosine(1+)",11,11,0,9,9,"CHEBI:135945|CHEBI:145365|CHEBI:177833|CHEBI:90531|STR:5_um_abiraterone_acetate",TRUE
"group_L4_c0956d0b","disease_vs_normal","group",15,"UNK",NA,180,180,9,0,9,"MeSH:D015470|MeSH:D054218|MeSH:D055728|MeSH:D065290|STR:aml",TRUE
"group_L4_c09b59b7","disease_vs_normal","group",2,"UNK",NA,15,15,2,0,2,"MeSH:D006528|STR:liver_tumor",TRUE
"group_L4_c10f5d0a","small_molecule","group",2,"CHEBI:45783","imatinib",28,28,0,0,0,"",FALSE
"group_L4_c1112e23","small_molecule","group",2,"CHEBI:75598","EC 6.3.2.4 (<small>D</small>-alanine—<small>D</small>-alanine ligase) inhibitor",2,2,0,1,1,"STR:500_nm_crizotinib_25_nm_afatinib",FALSE
"group_L4_c14ac247","pathogen_or_aggregate_exposure","group",2,"UNK",NA,4,4,0,0,0,"",FALSE
"group_L4_c1681c0f","disease_vs_normal","group",4,"UNK",NA,150,150,5,0,5,"STR:als_spectrum_mnd|STR:medulloblastoma|STR:other_mnd|STR:other_neurological_disorders|STR:pre_fals",TRUE
"group_L4_c173cb9f","small_molecule","group",3,"CHEBI:17952","flavonol 3-<em>O</em>-[α-<small>L</small>-rhamnosyl-(1→6)-β-<small>D</small>-glucoside]s",37,37,0,1,1,"CHEBI:52717",FALSE
"group_L4_c1896955","pathogen_or_aggregate_exposure","group",2,"UNK",NA,10,10,0,0,0,"",FALSE
"group_L4_c1bded55","small_molecule","group",10,"UNK",NA,127,127,0,14,14,"CHEBI:16670|STR:aa_147_for_2_weeks|STR:atri|STR:b05|STR:egta_cpe_inhibition",TRUE
"group_L4_c202e40b","disease_vs_normal","group",2,"MeSH:D012467","Salivary Gland Fistula",2,2,1,0,1,"MeSH:D001172",FALSE
"group_L4_c20c89a3","pathogen_or_aggregate_exposure","group",2,"STR:tuberculosis","Tuberculosis",74,74,0,0,0,"",FALSE
"group_L4_c214ff14","small_molecule","group",2,"UNK",NA,8,8,0,0,0,"",FALSE
"group_L4_c25a921c","pathogen_or_aggregate_exposure","group",2,"STR:human immunodeficiency virus","Human immunodeficiency virus",31,31,0,0,0,"",FALSE
"group_L4_c274aa61","small_molecule","group",2,"CHEBI:34206","2,2',5,5'-tetrachlorobiphenyl",2,2,0,2,2,"CHEBI:27899|STR:survived_after_cisplatin_treatment",TRUE
"group_L4_c2a00f76","small_molecule","group",2,"CHEBI:4304","Sitafloxacin",4,4,0,1,1,"STR:hormone_slow_release_8mg_dht_pellet",FALSE
"group_L4_c2a71437","small_molecule","group",2,"CHEBI:4551","digoxin",15,15,0,1,1,"CHEBI:4551",FALSE
"group_L4_c310b3f2","small_molecule","group",5,"CHEBI:134203","<em>P</em>-{α-<small>D</small>-Glc<em>p</em>NAc-(1→3)-[<small>D</small>-GroA-(2→1)]-α-<small>D</small>-Glc<em>p</em>NAc-6-yl}-α-<small>D</small>-Glc<em>p</em>NAc-(1→3)-[<small>D</small>-GroA-(2→1)]-α-<small>D</small>-Glc<em>p</em>NAc-<em>P</em>-6-[CH<small><sub>2</sub></small>]<small><sub>5</sub></small>NHC(=O)[CH<small><sub>2</sub></small>]<small><sub>4</sub></small>C(=O)NHR group",54,54,0,39,39,"CHEBI:134689|CHEBI:135810|CHEBI:137064|CHEBI:140592|CHEBI:145374",TRUE
"group_L4_c352c7a1","disease_vs_normal","group",2,"UNK",NA,3,3,0,0,0,"",FALSE
"group_L4_c37a020d","disease_vs_normal","group",21,"UNK",NA,1119,1119,15,0,15,"MeSH:D003093|MeSH:D003424|STR:cd|STR:chrohn_s_disease|STR:crohn_s_disease",TRUE
"group_L4_c3833969","small_molecule","group",2,"MeSH:D003101","Collodion",6,6,0,0,0,"",FALSE
"group_L4_c3ca86f7","small_molecule","group",18,"CHEBI:16635","Met-tRNA<small><sup>Met</small></sup>",100,100,0,12,12,"STR:1_ng_ml_tgfbeta1_apical_treatment|STR:10ng_ml_tgf_2h_treatment|STR:10ng_ml_tgf_6h_treatment|STR:10um_norepinephrine|STR:2d_tgfb",TRUE
"group_L4_c40fa339","small_molecule","group",2,"UNK",NA,9,9,0,1,1,"STR:dsi",FALSE
"group_L4_c42ca5b7","disease_vs_normal","group",2,"UNK",NA,6,6,1,0,1,"STR:psoriasis_patient_treated_with_ustekinumab",FALSE
"group_L4_c44fd9db","disease_vs_normal","group",2,"UNK",NA,11,11,1,0,1,"STR:head_and_neck_cancer_cells",FALSE
"group_L4_c46d366d","small_molecule","group",2,"CHEBI:50756","acridone",9,9,0,1,1,"CHEBI:50924",FALSE
"group_L4_c470db8c","small_molecule","group",3,"CHEBI:85993","palbociclib",6,6,0,2,2,"CHEBI:85993|STR:palbocicilib_indisulam",TRUE
"group_L4_c49d9e1a","small_molecule","group",2,"CHEBI:28748","doxorubicin",4,4,0,1,1,"STR:nc_adenovirus_transfection_human_podocyte_cell_for_24_hours_and_treated_with_0_4_g_ml_adriamycin_adr_for_24_hours",FALSE
"group_L4_c4aa77df","small_molecule","group",2,"CHEBI:61727","2-decenal",3,3,0,3,3,"CHEBI:72317|CHEBI:91418|STR:niraparib_20um_for_72h",TRUE
"group_L4_c4c97e6d","disease_vs_normal","group",7,"UNK",NA,15,15,1,0,1,"STR:adrenocortical_carcinoma",FALSE
"group_L4_c4f98113","disease_vs_normal","group",2,"MeSH:D006828","Hydatidiform Mole",7,7,1,0,1,"STR:carcinoma_of_liver_hepatocellular",FALSE
"group_L4_c5354eb2","small_molecule","group",3,"UNK",NA,12,12,0,3,3,"STR:cub_0_1_m|STR:cub_0_2_m|STR:fangchinoline_8_m",TRUE
"group_L4_c554e453","small_molecule","group",4,"MeSH:D005963","Glucosylceramides",8,8,0,0,0,"",FALSE
"group_L4_c557e05a","small_molecule","group",2,"CHEBI:50758","<em>N</em>-hydroxydihomomethionine",2,2,0,2,2,"CHEBI:31638|CHEBI:32020",TRUE
"group_L4_c56514e9","disease_vs_normal","group",2,"UNK",NA,2,2,2,0,2,"STR:adenocarcinoma|STR:colorectal_adenocarcinoma",TRUE
"group_L4_c5c0fc6f","small_molecule","group",3,"UNK",NA,104,104,0,2,2,"STR:1|STR:50",TRUE
"group_L4_c5c1e817","cytokine_stim","group",2,"CHEBI:133586","epoxyoctadecenoate",5,5,0,2,2,"STR:treated_with_vegf_c_400_ng_ml_for_24_hours|STR:tweak_100ng_ml_stimulated",TRUE
"group_L4_c5f681d9","small_molecule","group",6,"UNK",NA,46,46,0,7,7,"CHEBI:102218|CHEBI:15341|STR:464|STR:50um_tc|STR:dmog_hmgb1",TRUE
"group_L4_c65b2175","small_molecule","group",2,"CHEBI:85993","palbociclib",2,2,0,2,2,"STR:increasing_concentrations_of_palbociclib_for_7_months|STR:palbociclib_pd991_72hr",TRUE
"group_L4_c6a90e54","disease_vs_normal","group",2,"MeSH:D008281","Maine",4,4,0,0,0,"",FALSE
"group_L4_c6cdecdb","pathogen_or_aggregate_exposure","group",41,"UNK",NA,286,286,0,22,22,"STR:48_hour_hcv_jfh_1_moi_1|STR:cccr08|STR:hbv_hdv_co_infection|STR:hbv_infected_ayw|STR:hbv_mono_infection",TRUE
"group_L4_c6d0a1f1","cytokine_stim","group",2,"UNK",NA,13,13,0,0,0,"",FALSE
"group_L4_c6df1c2a","disease_vs_normal","group",3,"UNK",NA,305,305,1,0,1,"STR:meningioma",FALSE
"group_L4_c724bd37","small_molecule","group",2,"CHEBI:134221","dehydroluciferin",5,5,0,2,2,"CHEBI:82977|STR:cerdulatinib",TRUE
"group_L4_c72e7c21","disease_vs_normal","group",2,"UNK",NA,2,2,1,0,1,"STR:crpc_metastasis",FALSE
"group_L4_c7ae94f7","small_molecule","group",3,"CHEBI:175901","gemcitabine",4,4,0,2,2,"CHEBI:175901|STR:hypoxia_and_gemcitabine",TRUE
"group_L4_c7bde03b","small_molecule","group",134,"UNK",NA,1046,1046,0,273,273,"CHEBI:137270|CHEBI:146227|CHEBI:16330|CHEBI:167658|CHEBI:193137",TRUE
"group_L4_c7ed6da5","disease_vs_normal","group",2,"UNK",NA,9,9,0,0,0,"",FALSE
"group_L4_c80e2249","small_molecule","group",3,"CHEBI:78105","dihexadecanoyl phosphatidic acid",7,7,0,3,3,"CHEBI:91091|STR:jq1_0_5um|STR:jq1_1_5um",TRUE
"group_L4_c814e4da","small_molecule","group",29,"UNK",NA,652,652,0,36,36,"CHEBI:177705|CHEBI:379896|HGNC:POU5F1|STR:1_nm_e2|STR:1_um_pape",TRUE
"group_L4_c817a743","small_molecule","group",2,"UNK",NA,3,3,0,1,1,"STR:on_treatment",FALSE
"group_L4_c865cf8f","disease_vs_normal","group",2,"UNK",NA,2,2,0,0,0,"",FALSE
"group_L4_c8690b00","disease_vs_normal","group",4,"UNK",NA,32,32,4,0,4,"STR:conjunctival_lymphoma|STR:conjunctival_pap|STR:conjunctival_scc|STR:pterygium",TRUE
"group_L4_c879be94","disease_vs_normal","group",41,"UNK",NA,485,485,24,0,24,"MeSH:D005764|MeSH:D009369|STR:adult_male_esophagus_cancer_tissue|STR:classical|STR:conventional_eoe",TRUE
"group_L4_c8aa1a4d","small_molecule","group",3,"UNK",NA,16,16,0,4,4,"STR:cea_tcb|STR:dp47_tcb|STR:treated_for_16h_with_200_m_cocl2|STR:vegf",TRUE
"group_L4_c8b46a0a","small_molecule","group",2,"CHEBI:50709","<small>D</small>-homomethionine",6,6,0,1,1,"CHEBI:46557",FALSE
"group_L4_c8e3b8b8","small_molecule","group",16,"UNK",NA,65,65,0,24,24,"CHEBI:141427|CHEBI:15414|CHEBI:230500|CHEBI:27777|CHEBI:28613",TRUE
"group_L4_c9049b8b","pathogen_or_aggregate_exposure","group",16,"UNK",NA,73,73,0,18,18,"STR:98_783_dp_a1_v_vulnificus_acd_mcf_abh_martx_toxin|STR:fla_st_ultrapure|STR:infected|STR:infected_with_hnf4a_oe_virus|STR:infected_with_sars_cov2_p11",TRUE
"group_L4_c93be1cf","disease_vs_normal","group",223,"UNK",NA,2089,2089,106,0,106,"MeSH:D003093|MeSH:D003110|MeSH:D003424|MeSH:D009369|MeSH:D015179",TRUE
"group_L4_c95294d5","pathogen_or_aggregate_exposure","group",24,"UNK",NA,354,354,0,17,17,"STR:24h_in_vitro_stim_with_moi_10_3_vp_chadox1_gfp|STR:a549_were_infected_with_isf35_and_hifnb_viruses|STR:a549_were_infected_with_isf35_viruses|STR:a549_were_infected_with_null_viruses|STR:cpg_ivig",TRUE
"group_L4_c98753cc","disease_vs_normal","group",3,"UNK",NA,7,7,1,0,1,"MeSH:D015470",FALSE
"group_L4_c98aa8db","small_molecule","group",2,"UNK",NA,5,5,0,1,1,"STR:drug_treated",FALSE
"group_L4_c9c5fc74","small_molecule","group",2,"CHEBI:3023","benzbromarone",6,6,0,2,2,"STR:treated_with_0_05um_rapamycin_for_24hrs|STR:treated_with_1um_rapamycin_for_24hrs",TRUE
"group_L4_c9cf4d79","pathogen_or_aggregate_exposure","group",2,"STR:human cytomegalovirus","Human cytomegalovirus",3,3,0,0,0,"",FALSE
"group_L4_c9d03ab7","disease_vs_normal","group",7,"UNK",NA,38,38,9,0,9,"MeSH:D018358|STR:colitis_associated_cancer_sample|STR:early_onset_colorectal_cancer|STR:ibd|STR:intramucosal_adenocarcinoma",TRUE
"group_L4_ca4c6eb1","small_molecule","group",2,"UNK",NA,4,4,0,2,2,"STR:17|STR:ppcn",TRUE
"group_L4_ca88b6b4","small_molecule","group",2,"STR:folfirinox","FOLFIRINOX",7,7,0,1,1,"STR:folfirinox",FALSE
"group_L4_ca9052a5","small_molecule","group",6,"UNK",NA,20,20,0,7,7,"STR:125nm_mz1_2_weeks|STR:1um_ab_1_40_tamra_treatment|STR:500nm_mz1_2_weeks|STR:hbv|STR:his_6_mp",TRUE
"group_L4_caa903e4","cytokine_stim","group",2,"UNK",NA,4,4,0,1,1,"STR:il17a_50ng_ml_il22_10ng_ml",FALSE
"group_L4_caf2bf8d","disease_vs_normal","group",2,"UNK",NA,15,15,0,0,0,"",FALSE
"group_L4_cb334b4d","small_molecule","group",3,"CHEBI:27388","benzoylacetyl-CoA",13,13,0,3,3,"CHEBI:50845|STR:doxycycline_1ug_ml_treatment_for_72_hrs|STR:with_doxycycline",TRUE
"group_L4_cb3b5745","disease_vs_normal","group",2,"MeSH:D003319","Corneal Stroma",8,8,0,0,0,"",FALSE
"group_L4_cb5070ba","small_molecule","group",3,"UNK",NA,62,62,0,4,4,"CHEBI:16044|STR:adenocarcinoma|STR:af_eae_150_ug_ml|STR:af_eae_75_ug_ml",TRUE
"group_L4_cbba1e48","small_molecule","group",3,"UNK",NA,13,13,0,7,7,"STR:600nm_tg|STR:abe8e|STR:ec539_0_5um|STR:ec59_0_5um_fer_1_2um|STR:rsl3_0_5um_fer_1_2um",TRUE
"group_L4_cbf7319e","small_molecule","group",4,"UNK",NA,13,13,0,5,5,"STR:bio|STR:g_rb1|STR:odontogenic_induction_with_ms275_supplementation|STR:odontogenic_induction_with_rgfp966_supplementation|STR:odontogenic_induction_with_tsa_supplementation",TRUE
"group_L4_cc07ca23","disease_vs_normal","group",330,"UNK",NA,8993,8993,227,0,227,"MeSH:D000072657|MeSH:D000072658|MeSH:D000789|MeSH:D001172|MeSH:D001528",TRUE
"group_L4_cc5816b1","small_molecule","group",4,"CHEBI:27388","benzoylacetyl-CoA",16,16,0,4,4,"CHEBI:50845|HGNC:KDM5B|STR:doxycycline_for_48_hours|STR:induced_with_500_ng_ml_doxycycline_for_72_h",TRUE
"group_L4_cc869504","small_molecule","group",2,"CHEBI:5091","flecainide acetate",20,20,0,0,0,"",FALSE
"group_L4_cc8ec42c","pathogen_or_aggregate_exposure","group",2,"UNK",NA,4,4,0,1,1,"STR:infected_with_virus_cmv_strain_tb40",FALSE
"group_L4_cca9c3e9","small_molecule","group",2,"MeSH:D005579","Fossil Fuels",2,2,0,1,1,"STR:rna",FALSE
"group_L4_ccb90082","pathogen_or_aggregate_exposure","group",3,"UNK",NA,44,44,0,3,3,"STR:infected_24_h|STR:rsv_infected_16_h|STR:rsv_infected_24_h",TRUE
"group_L4_ccc3fdd3","small_molecule","group",2,"CHEBI:16635","Met-tRNA<small><sup>Met</small></sup>",4,4,0,1,1,"STR:plus_tgf",FALSE
"group_L4_ccd8dad4","small_molecule","group",2,"CHEBI:4551","digoxin",13,13,0,2,2,"STR:digoxin_0_3um|STR:treat_with_digoxin",TRUE
"group_L4_ccdcfc98","disease_vs_normal","group",3,"UNK",NA,19,19,1,0,1,"STR:peritoneal_metastasis",FALSE
"group_L4_cd09c5ad","disease_vs_normal","group",2,"MeSH:D012115","Residual Volume",7,7,2,0,2,"MeSH:D002292|STR:renal_cell_carcinoma_cell_lines",TRUE
"group_L4_cd291ea0","small_molecule","group",4,"CHEBI:134223","2-amino-6-(1-hydroxypropyl)-8-methylpteridine-4,7(3<em>H</em>,8<em>H</em>)-dione",6,6,0,5,5,"CHEBI:145431|CHEBI:197107|CHEBI:40629|STR:2|STR:4",TRUE
"group_L4_cd3e9580","small_molecule","group",2,"MeSH:D000983","Antipyrine",2,2,0,0,0,"",FALSE
"group_L4_cd4c1981","small_molecule","group",2,"CHEBI:133901","3-aminobutyryl-CoA(3−)",3,3,0,1,1,"STR:1um_trog",FALSE
"group_L4_cd6473ac","small_molecule","group",3,"CHEBI:134200","α-<small>D</small>-Glc<em>p</em>NAc-(1→3)-[<em>P</em>-6-[CH<small><sub>2</sub></small>]<small><sub>5</sub></small>NH<small><sub>2</sub></small>]-α-<small>D</small>-Glc<em>p</em>NAc-(1→2)-<small>D</small>-GroA",20,20,0,6,6,"CHEBI:91435|STR:2|STR:bpap|STR:d_8|STR:dcdps",TRUE
"group_L4_cd9215fd","small_molecule","group",2,"CHEBI:134203","<em>P</em>-{α-<small>D</small>-Glc<em>p</em>NAc-(1→3)-[<small>D</small>-GroA-(2→1)]-α-<small>D</small>-Glc<em>p</em>NAc-6-yl}-α-<small>D</small>-Glc<em>p</em>NAc-(1→3)-[<small>D</small>-GroA-(2→1)]-α-<small>D</small>-Glc<em>p</em>NAc-<em>P</em>-6-[CH<small><sub>2</sub></small>]<small><sub>5</sub></small>NHC(=O)[CH<small><sub>2</sub></small>]<small><sub>4</sub></small>C(=O)NHR group",2,2,0,1,1,"CHEBI:230500",FALSE
"group_L4_cd9a8e97","disease_vs_normal","group",3,"UNK",NA,167,167,9,0,9,"MeSH:D010634|STR:|STR:dcis_comedo|STR:ductal|STR:ductal_and_micropapillary",TRUE
"group_L4_cdac19f5","small_molecule","group",3,"CHEBI:379896","17β-hydroxy-17-methylestra-4,9,11-trien-3-one",16,16,0,3,3,"CHEBI:379896|STR:1_nm_r1881|STR:r1881_10_nm",TRUE
"group_L4_cde60936","small_molecule","group",2,"CHEBI:230500","THZ1",3,3,0,2,2,"CHEBI:230500|STR:thz1_4_hrs_200_nm",TRUE
"group_L4_cdffa09e","disease_vs_normal","group",98,"UNK",NA,1403,1403,52,0,52,"MeSH:D000072657|MeSH:D003424|MeSH:D003922|MeSH:D006435|MeSH:D006528",TRUE
"group_L4_ce1a1034","cytokine_stim","group",2,"HGNC:6015","IL4R",9,9,0,1,1,"STR:il_13",FALSE
"group_L4_ce4c6db9","pathogen_or_aggregate_exposure","group",2,"STR:cytomegalovirus","Cytomegalovirus",116,116,0,1,1,"STR:d_7",FALSE
"group_L4_cf06aa80","small_molecule","group",2,"CHEBI:134200","α-<small>D</small>-Glc<em>p</em>NAc-(1→3)-[<em>P</em>-6-[CH<small><sub>2</sub></small>]<small><sub>5</sub></small>NH<small><sub>2</sub></small>]-α-<small>D</small>-Glc<em>p</em>NAc-(1→2)-<small>D</small>-GroA",2,2,0,2,2,"STR:ly2109761|STR:rsl3_2_um",TRUE
"group_L4_cf2e3246","small_molecule","group",3,"UNK",NA,8,8,0,3,3,"CHEBI:138650|STR:anti_lcn2_monoclonal_antibody|STR:treated_mrk_a_30_mpk",TRUE
"group_L4_cfd187b6","pathogen_or_aggregate_exposure","group",2,"CHEBI:32780","<small>D</small>-tyrosin-<em>O</em><small><sup>4</small></sup>-yl group",12,12,0,0,0,"",FALSE
"group_L4_cfea8848","disease_vs_normal","group",2,"MeSH:D006801","Humans",5,5,1,0,1,"MeSH:D055752",FALSE
"group_L4_cfef477d","small_molecule","group",3,"CHEBI:68507","UDP-<em>N</em>-acetyl-3-<em>O</em>-(1-carboxyvinyl)-α-<small>D</small>-glucosamine",6,6,0,3,3,"CHEBI:69120|STR:1nm_romidepsin_1um_ipatasertib|STR:epigallocatechin",TRUE
"group_L4_cff4f925","disease_vs_normal","group",23,"UNK",NA,208,208,15,0,15,"MeSH:D009369|STR:adenocarcinoma|STR:caucasian_women|STR:clear_cell_tumor|STR:endometrial_adenocarcinoma",TRUE
"group_L4_cff95a01","disease_vs_normal","group",2,"MeSH:D009165","Mycobacterium Infections, Nontuberculous",5,5,2,0,2,"STR:1|STR:non_small_cell_lung_cancer_cells",TRUE
"group_L4_d02899ca","disease_vs_normal","group",23,"UNK",NA,352,352,16,0,16,"STR:als|STR:ckd|STR:ev|STR:fshd|STR:fshd1",TRUE
"group_L4_d04f78fb","disease_vs_normal","group",2,"UNK",NA,16,16,2,0,2,"MeSH:D010300|STR:lbd",TRUE
"group_L4_d05ddcd1","small_molecule","group",2,"CHEBI:17705","<em>N</em><small><sup>2</small></sup>-succinyl-<small>L</small>-arginine",2,2,0,0,0,"",FALSE
"group_L4_d0719c4b","pathogen_or_aggregate_exposure","group",2,"UNK",NA,3,3,0,0,0,"",FALSE
"group_L4_d072545a","cytokine_stim","group",2,"MeSH:D015850","Interleukin-6",5,5,0,1,1,"STR:il_6",FALSE
"group_L4_d07d0c3d","disease_vs_normal","group",11,"UNK",NA,153,153,7,0,7,"MeSH:D000081207|STR:acute_myeloid_leukemia_aml|STR:aml|STR:leukemia|STR:lymphoma_pdx_cells",TRUE
"group_L4_d0804dd7","small_molecule","group",2,"UNK",NA,17,17,0,3,3,"STR:arm165_treated|STR:az2_treated|STR:decitabine_simvastatin",TRUE
"group_L4_d093df65","pathogen_or_aggregate_exposure","group",2,"MeSH:D015497","HIV-1",3,3,0,0,0,"",FALSE
"group_L4_d0ad8212","disease_vs_normal","group",5,"UNK",NA,29,29,5,0,5,"MeSH:D006528|MeSH:D013167|STR:hc|STR:rrms|STR:spms",TRUE
"group_L4_d0bd604a","small_molecule","group",2,"CHEBI:3202","Buchananine",5,5,0,2,2,"STR:cells_following_treatment_with_decitabine|STR:cytarabine_0_3um",TRUE
"group_L4_d0c65a88","small_molecule","group",2,"CHEBI:9948","verapamil",28,28,0,0,0,"",FALSE
"group_L4_d0d1930b","disease_vs_normal","group",29,"UNK",NA,312,312,14,0,14,"MeSH:D016889|MeSH:D018196|STR:adeno|STR:adenocarcinoma|STR:die",TRUE
"group_L4_d0d3b825","pathogen_or_aggregate_exposure","group",6,"UNK",NA,53,53,0,3,3,"STR:anti_pd_1|STR:orthotopic_injection|STR:pd_1_blockade",TRUE
"group_L4_d0d96134","small_molecule","group",3,"CHEBI:4911","etoposide",9,9,0,4,4,"CHEBI:4911|STR:etoposide_100um|STR:treated_with_10_um_etoposide_for_24_hours|STR:treated_with_40_um_etoposide_for_24_hours",TRUE
"group_L4_d10237e6","disease_vs_normal","group",3,"UNK",NA,7,7,1,0,1,"STR:gastric_adenocarcinoma",FALSE
"group_L4_d19bc6e1","small_molecule","group",2,"CHEBI:145431","indisulam",4,4,0,1,1,"CHEBI:145431",FALSE
"group_L4_d1a48b43","small_molecule","group",5,"UNK",NA,26,26,0,8,8,"STR:25mg_kg_oral_gavage_twice_daily|STR:acala_azd5153_0_5mgkg|STR:acala_azd5153_0_72mgkg|STR:azd5153_0_72mgkg|STR:mbp50_wild_type_peptide_10_mg_kg",TRUE
"group_L4_d2038450","disease_vs_normal","group",12,"MeSH:D000544","Alzheimer Disease",53,53,1,0,1,"MeSH:D000544",FALSE
"group_L4_d20f17ca","disease_vs_normal","group",2,"UNK",NA,6,6,2,0,2,"MeSH:D015179|STR:colorectal_cancer_cell_line_rko",TRUE
"group_L4_d213c061","disease_vs_normal","group",4,"UNK",NA,32,32,3,0,3,"STR:calcific_aortic_valve_disease|STR:calcified|STR:sclerotic",TRUE
"group_L4_d2273bee","disease_vs_normal","group",3,"UNK",NA,14,14,2,0,2,"STR:human_with_cirrhosis|STR:parkinson_disease",TRUE
"group_L4_d27395af","small_molecule","group",2,"UNK",NA,20,20,0,4,4,"CHEBI:42768|STR:12_5_um_arg|STR:400_um_arg|STR:fur",TRUE
"group_L4_d2808c8f","disease_vs_normal","group",2,"UNK",NA,9,9,3,0,3,"STR:major_depressive_disorder_mdd_patient_ssri_nonremitter|STR:major_depressive_disorder_mdd_patient_ssri_remitter|STR:mdd",TRUE
"group_L4_d2ca06ee","small_molecule","group",2,"UNK",NA,10,10,0,1,1,"STR:immunosuppressive_therapy",FALSE
"group_L4_d2f862f7","disease_vs_normal","group",2,"UNK",NA,22,22,0,0,0,"",FALSE
"group_L4_d419b66f","disease_vs_normal","group",4,"UNK",NA,11,11,4,0,4,"MeSH:D007889|STR:endometrial|STR:fibroids_and_adenomyosis|STR:large_cell",TRUE
"group_L4_d4337150","cytokine_stim","group",2,"HGNC:6000","IL1RN",8,8,0,0,0,"",FALSE
"group_L4_d47d34d2","disease_vs_normal","group",2,"UNK",NA,10,10,1,0,1,"STR:osteosarcoma",FALSE
"group_L4_d48bc32d","disease_vs_normal","group",19,"UNK",NA,990,990,11,0,11,"MeSH:D003424|STR:cd|STR:colorectal_cancer_tissue|STR:crohn_s_disease_cd_or_ulcerative_colitis_uc|STR:ibd",TRUE
"group_L4_d4b02387","disease_vs_normal","group",6,"UNK",NA,108,108,4,0,4,"STR:c9_ftd|STR:fcd2a|STR:fcd2b|STR:ms",TRUE
"group_L4_d4b45b63","small_molecule","group",10,"CHEBI:17105","4-maleylacetoacetate",33,33,0,5,5,"CHEBI:16330|STR:10nm_dht|STR:5_dihydrotestosterone_100nm_4hr|STR:androgen_induction|STR:rna",TRUE
"group_L4_d4ddfcda","small_molecule","group",3,"CHEBI:16990","bilirubin IXα",3,3,0,2,2,"STR:ifng_6hr|STR:tnf_stimulated",TRUE
"group_L4_d4deb21f","disease_vs_normal","group",53,"UNK",NA,431,431,24,0,24,"MeSH:D000077192|MeSH:D008175|MeSH:D009369|MeSH:D055752|STR:adenocarcinoma",TRUE
"group_L4_d4ee2767","disease_vs_normal","group",3,"UNK",NA,58,58,2,0,2,"STR:als_spectrum_mnd|STR:mesial_temporal_lobe_epilepsy",TRUE
"group_L4_d4fa43b5","disease_vs_normal","group",3,"UNK",NA,10,10,2,0,2,"STR:colorectal_adenocarcinoma|STR:colorectal_cancer_cell_line",TRUE
"group_L4_d511348d","pathogen_or_aggregate_exposure","group",3,"UNK",NA,14,14,0,2,2,"STR:hunov_gii_4_infection_48h|STR:infected_with_bovine_coronavirus",TRUE
"group_L4_d55727cb","disease_vs_normal","group",14,"UNK",NA,291,291,6,0,6,"STR:human_pancreatic_cancer_cells|STR:pancreas_tumor|STR:pancreatic_adenosquamous_carcinoma|STR:pancreatic_ductal_adenocarcinoma|STR:pancreatic_ductal_adenocarcinoma_cell_line",TRUE
"group_L4_d55c6e09","disease_vs_normal","group",2,"UNK",NA,8,8,0,0,0,"",FALSE
"group_L4_d5c44a21","small_molecule","group",2,"CHEBI:134134","1-acylglycerol 20:5",15,15,0,2,2,"STR:d_8|STR:dapt_gsi",TRUE
"group_L4_d5e71e35","cytokine_stim","group",2,"STR:interferon gamma","Interferon gamma",3,3,0,2,2,"STR:after_ifn_gamma_treatment_48_hours|STR:ifny_treatment_50iu",TRUE
"group_L4_d5fca97d","pathogen_or_aggregate_exposure","group",2,"UNK",NA,9,9,0,1,1,"STR:day_3_cd155_l_cells_stimulation",FALSE
"group_L4_d608c197","cytokine_stim","group",2,"UNK",NA,9,9,0,3,3,"STR:treated_with_il1_and_tnf|STR:treated_with_il1_and_tnf_for_14_days|STR:treated_with_il1_and_tnf_for_2_days",TRUE
"group_L4_d646b412","disease_vs_normal","group",2,"UNK",NA,22,22,2,0,2,"MeSH:D000505|STR:hamilton_norwood_baldness_scale_score_3_5",TRUE
"group_L4_d677257e","small_molecule","group",2,"CHEBI:78543","ponatinib",4,4,0,1,1,"CHEBI:78543",FALSE
"group_L4_d684fe36","disease_vs_normal","group",2,"MeSH:D006870",NA,19,19,6,0,6,"STR:1|STR:2|STR:3|STR:ad|STR:nos",TRUE
"group_L4_d6b91285","disease_vs_normal","group",2,"UNK",NA,16,16,0,0,0,"",FALSE
"group_L4_d6bfacdd","disease_vs_normal","group",6,"UNK",NA,22,22,4,0,4,"MeSH:D015179|STR:colorectal|STR:colorectal_cancer_cells|STR:colorectal_cancer_organotypic_culture",TRUE
"group_L4_d73a20dd","pathogen_or_aggregate_exposure","group",2,"STR:escherichia coli","Escherichia coli",3,3,0,1,1,"STR:e_coli",FALSE
"group_L4_d73d35ef","disease_vs_normal","group",28,"UNK",NA,376,376,8,0,8,"MeSH:D013274|STR:diffuse_type|STR:disease|STR:gastric_cancer_cell_line|STR:gastric_cancer_cells",TRUE
"group_L4_d7cccfec","disease_vs_normal","group",5,"UNK",NA,21,21,3,0,3,"STR:adenocarcinoma_peritoneal_metastasis|STR:colorectal_cancer_crc|STR:melanoma",TRUE
"group_L4_d7ebfd0c","pathogen_or_aggregate_exposure","group",4,"UNK",NA,16,16,0,1,1,"STR:sars_cov2",FALSE
"group_L4_d8081efa","small_molecule","group",2,"CHEBI:78105","dihexadecanoyl phosphatidic acid",2,2,0,0,0,"",FALSE
"group_L4_d80879ca","small_molecule","group",2,"CHEBI:136050","ozenoxacin",3,3,0,1,1,"STR:infliximab",FALSE
"group_L4_d818deda","cytokine_stim","group",3,"CHEBI:16994","1-(β-<small>D</small>-galactosyl)-2-(2-hydroxyacyl)sphingosine",18,18,0,2,2,"STR:ifn|STR:ifn_gamma",TRUE
"group_L4_d8341cd7","pathogen_or_aggregate_exposure","group",5,"UNK",NA,70,70,0,5,5,"STR:co_culturing_with_hepad38|STR:co_culturing_with_hepad38_tetracycline|STR:extra_2_days_in_ifn_and_lps|STR:l_pneumophila_deltaroma_infected|STR:l_pneumophila_wt_infected",TRUE
"group_L4_d851207a","cytokine_stim","group",2,"MeSH:D053583","Interleukin-1beta",3,3,0,2,2,"STR:50_ng_ml_il1b|STR:treated_with_il_1_and_ifn_for_24_hours",TRUE
"group_L4_d86cce34","disease_vs_normal","group",2,"UNK",NA,3,3,0,0,0,"",FALSE
"group_L4_d86d1cfd","small_molecule","group",13,"CHEBI:123456","N-ethyl-2-[(2R,3R,6S)-3-[(4-fluorophenyl)sulfonylamino]-2-(hydroxymethyl)-3,6-dihydro-2H-pyran-6-yl]acetamide",66,66,0,15,15,"CHEBI:231324|CHEBI:231356|CHEBI:233362|CHEBI:61397|CHEBI:90943",TRUE
"group_L4_d8d0c5ab","disease_vs_normal","group",6,"UNK",NA,10,10,2,0,2,"STR:head_and_neck_squamous_cell_carcinoma_cell_line|STR:laryngeal_cancer_tissue",TRUE
"group_L4_d8e43109","small_molecule","group",2,"CHEBI:61397","neratinib",11,11,0,1,1,"STR:neratinib_675_nm",FALSE
"group_L4_d9336fcf","disease_vs_normal","group",10,"UNK",NA,20,20,1,0,1,"MeSH:D013945",FALSE
"group_L4_d999a3d9","disease_vs_normal","group",2,"UNK",NA,13,13,2,0,2,"STR:diabetic_macrovascular_disease|STR:minimally_invasive_adenocarcinoma",TRUE
"group_L4_da27d6e7","disease_vs_normal","group",2,"UNK",NA,17,17,2,0,2,"MeSH:D010300|STR:parkinson_s_disease",TRUE
"group_L4_da6b7570","cytokine_stim","group",3,"STR:transforming growth factor beta 1","Transforming growth factor beta 1",13,13,0,3,3,"STR:tgf|STR:tgf_b1|STR:tgfb1",TRUE
"group_L4_da78f0cb","small_molecule","group",2,"CHEBI:30778","gallic acid",5,5,0,2,2,"CHEBI:45863|STR:20nm_paclitaxel",TRUE
"group_L4_da86d57e","disease_vs_normal","group",8,"UNK",NA,49,49,8,0,8,"MeSH:D000077192|MeSH:D019904|STR:ac|STR:ais|STR:lpa",TRUE
"group_L4_daa4cfa8","disease_vs_normal","group",2,"UNK",NA,3,3,1,0,1,"STR:b_cell_lymphoma_cell_line",FALSE
"group_L4_dad1d686","disease_vs_normal","group",2,"UNK",NA,11,11,2,0,2,"STR:hfpef|STR:persistent_non_valvular_atrial_fibrillation_af",TRUE
"group_L4_db0505f2","small_molecule","group",3,"CHEBI:16985","5β-androstane-3,17-dione",5,5,0,2,2,"STR:fgf_2_3_days|STR:fgf2",TRUE
"group_L4_db3c6f45","disease_vs_normal","group",6,"UNK",NA,33,33,1,0,1,"MeSH:D015470",FALSE
"group_L4_db55831f","small_molecule","group",2,"CHEBI:17195","thiomorpholine-3-carboxylic acid",4,4,0,2,2,"STR:10_nm_e2|STR:rna",TRUE
"group_L4_dbc89d49","small_molecule","group",3,"CHEBI:75929","<small>D</small>-cycloserine(1+)",10,10,0,3,3,"CHEBI:137113|STR:0_5um_jq1|STR:250_nm_jq1_for_6_hours",TRUE
"group_L4_dbcea02a","small_molecule","group",2,"CHEBI:30971","2<em>H</em>-azirine",15,15,0,1,1,"STR:treated_with_dox_for_24_hours",FALSE
"group_L4_dbf1f46b","small_molecule","group",2,"UNK",NA,18,18,0,2,2,"CHEBI:231339|STR:bct_100",TRUE
"group_L4_dc3b310e","small_molecule","group",2,"CHEBI:15647","leukotriene B<small><sub>4</sub></small>",7,7,0,1,1,"CHEBI:15647",FALSE
"group_L4_dc6b7aa2","disease_vs_normal","group",4,"UNK",NA,83,83,1,0,1,"STR:lymphoma_cells_from_follicular_lymphoma_patient",FALSE
"group_L4_dc6e74bc","small_molecule","group",3,"UNK",NA,11,11,0,1,1,"CHEBI:145535",FALSE
"group_L4_dc914c4d","small_molecule","group",2,"CHEBI:78823","<em>O</em>-(<em>S</em>-3-oxo-4-methylhexanoylpantetheine-4'-phosphoryl)serine(1−) residue",9,9,0,0,0,"",FALSE
"group_L4_dca2b964","small_molecule","group",8,"UNK",NA,43,43,0,16,16,"CHEBI:63451|STR:cm_1758|STR:cph|STR:epz0011989|STR:t0619458t1r2",TRUE
"group_L4_dcc2932a","small_molecule","group",2,"CHEBI:50845","doxycycline",48,48,0,4,4,"HGNC:ZBTB3|HGNC:ZBTB9|STR:1000_ng_ml_dox|STR:50_ng_ml_dox",TRUE
"group_L4_dcd2be6a","disease_vs_normal","group",24,"UNK",NA,173,173,15,0,15,"MeSH:D003110|MeSH:D003424|MeSH:D015179|STR:cancer_carcinoma|STR:cd",TRUE
"group_L4_dd1ea4f1","small_molecule","group",2,"MeSH:D016572","Cyclosporine",5,5,0,1,1,"STR:cyclosporine_a",FALSE
"group_L4_dd567066","disease_vs_normal","group",5,"UNK",NA,26,26,4,0,4,"STR:inflammatory_arthritis|STR:rheumatoid_arthritis_patient4|STR:rheumatoid_arthritis_patient5|STR:rheumatoid_arthritis_patient6",TRUE
"group_L4_dd765589","disease_vs_normal","group",4,"MeSH:D006283","Health Physics",7,7,2,0,2,"MeSH:D006528|STR:human_hepatocellular_carcinoma_cell_line",TRUE
"group_L4_dd9fe2db","small_molecule","group",2,"STR:rituximab","rituximab",26,26,0,0,0,"",FALSE
"group_L4_ddc4b574","small_molecule","group",9,"CHEBI:17126","carnitine",93,93,0,4,4,"CHEBI:16412|STR:362|STR:bm4|STR:stimulated_with_lps_for_8h",TRUE
"group_L4_ddd132f0","small_molecule","group",3,"STR:transforming growth factor beta","Transforming growth factor beta",11,11,0,2,2,"STR:2d_tgfb|STR:treated_with_tgf_at_1nm_for_16_hrs",TRUE
"group_L4_ddd20fc4","disease_vs_normal","group",2,"UNK",NA,33,33,1,0,1,"MeSH:D029424",FALSE
"group_L4_de393b9b","small_molecule","group",2,"STR:adalimumab","Adalimumab",77,77,0,1,1,"STR:adalimumab",FALSE
"group_L4_de3f02f0","disease_vs_normal","group",2,"UNK",NA,14,14,2,0,2,"MeSH:D018304|STR:primary_tumor",TRUE
"group_L4_de455ecb","small_molecule","group",3,"CHEBI:5516","sodium aurothiomalate",5,5,0,2,2,"CHEBI:64310|STR:500_nm_crizotinib",TRUE
"group_L4_deda8dff","small_molecule","group",14,"CHEBI:123456","N-ethyl-2-[(2R,3R,6S)-3-[(4-fluorophenyl)sulfonylamino]-2-(hydroxymethyl)-3,6-dihydro-2H-pyran-6-yl]acetamide",89,89,0,23,23,"CHEBI:229222|CHEBI:90943|HGNC:YAP1|STR:2_m_osimertinib_9d|STR:24_hours_no_infection_post_baricitinib",TRUE
"group_L4_def55ca0","small_molecule","group",2,"CHEBI:133681","4-ethylphenyl sulfate(1−)",3,3,0,2,2,"STR:100ng_ml_tweak|STR:tweak_100ng_ml_stimulated",TRUE
"group_L4_df86baab","disease_vs_normal","group",4,"UNK",NA,34,34,1,0,1,"MeSH:D016403",FALSE
"group_L4_dfd0f86e","cytokine_stim","group",6,"UNK",NA,33,33,0,4,4,"STR:activated_with_anti_cd3_anti_cd28_beads_and_il_2_in_the_presence_of_wt_igg1_ics_sorted_for_highly_proliferative_cells_celltrace_violet_genereation_6|STR:activated_with_anti_cd3_anti_cd28_beads_and_il_2_in_the_presence_of_wt_igg1_ics_sorted_for_undivided_cells_celltrace_violet_genereation_1|STR:cd3_cd28_activated|STR:m_csf_rankl",TRUE
"group_L4_e00e12ac","small_molecule","group",4,"CHEBI:16469","17β-estradiol",26,26,0,6,6,"STR:0_hr_10_nm_e2|STR:10_nm_e2|STR:2_hr_10_nm_e2|STR:4_hr_10_nm_e2|STR:8_hr_10_nm_e2",TRUE
"group_L4_e0354e41","small_molecule","group",12,"UNK",NA,66,66,0,10,10,"CHEBI:16973|CHEBI:3498|STR:1|STR:1_week_after_ds_1001b_treatment|STR:10nm_r1881",TRUE
"group_L4_e0424ae1","small_molecule","group",2,"CHEBI:134223","2-amino-6-(1-hydroxypropyl)-8-methylpteridine-4,7(3<em>H</em>,8<em>H</em>)-dione",2,2,0,2,2,"STR:10_um_abiraterone_acetate|STR:castration_enzalutamide",TRUE
"group_L4_e097731e","small_molecule","group",2,"UNK",NA,58,58,0,3,3,"STR:e2|STR:e2_p4|STR:p4",TRUE
"group_L4_e0a15b82","small_molecule","group",2,"MeSH:D005959","Glucosidases",5,5,0,0,0,"",FALSE
"group_L4_e17f65dd","cytokine_stim","group",2,"CHEBI:17236","2-hydroxy-6-oxohexa-2,4-dienoic acid",7,7,0,1,1,"STR:il_13",FALSE
"group_L4_e1948406","cytokine_stim","group",2,"UNK",NA,6,6,0,1,1,"STR:10_nm_c1q_tnf_il_1",FALSE
"group_L4_e1b21bbc","disease_vs_normal","group",2,"MeSH:D016640","Diabetes, Gestational",30,30,1,0,1,"STR:gdm",FALSE
"group_L4_e1d42ae1","small_molecule","group",2,"CHEBI:230508","birabresib",5,5,0,1,1,"STR:otx_015_treated",FALSE
"group_L4_e1f47810","small_molecule","group",2,"STR:infliximab","Infliximab",3,3,0,0,0,"",FALSE
"group_L4_e2a08871","cytokine_stim","group",2,"HGNC:11892","TNF",6,6,0,1,1,"STR:tumor_necrosis_factor",FALSE
"group_L4_e2a929c0","small_molecule","group",2,"MeSH:D009428","Netilmicin",2,2,0,0,0,"",FALSE
"group_L4_e2b9db4d","cytokine_stim","group",3,"MeSH:D020381","Interleukin-17",17,17,0,3,3,"STR:il_17a|STR:il_25|STR:il17_ifn_g",TRUE
"group_L4_e2f0b5a0","small_molecule","group",2,"MeSH:D009156","Muzolimine",14,14,0,0,0,"",FALSE
"group_L4_e3411cdf","pathogen_or_aggregate_exposure","group",2,"STR:trichomonas tenax","Trichomonas tenax",6,6,0,2,2,"STR:cocultured_with_trichomonas_tenax|STR:cocultured_with_trichomonas_tenax_at_moi1",TRUE
"group_L4_e3c82ec4","disease_vs_normal","group",4,"UNK",NA,14,14,3,0,3,"MeSH:D002292|STR:renal_cell_carcinoma_cell_line|STR:unclassified",TRUE
"group_L4_e3c95c99","small_molecule","group",5,"MeSH:D000001","Calcimycin",62,62,0,0,0,"",FALSE
"group_L4_e4808f6b","disease_vs_normal","group",3,"UNK",NA,40,40,2,0,2,"STR:ccrcc_primary_tumour|STR:pancreatic_ductal_adenocarcinoma",TRUE
"group_L4_e4e9bfb7","cytokine_stim","group",2,"HGNC:6001","IL2",10,10,0,1,1,"STR:il2",FALSE
"group_L4_e50d8f4d","disease_vs_normal","group",4,"UNK",NA,44,44,9,0,9,"STR:a_few_atypical_glands_and_adjacent_hyperplastic_mucosa_insufficient_for_diagnosis_colon_cancer|STR:early_onset_colorectal_cancer|STR:hyperplastic_polyp|STR:tubular_adenoma_in_the_background_of_hyperplastic_polyp_with_low_grade_dysplasia|STR:tubular_adenoma_with_1_focal_high_grade_dysplasia_2_low_grade_dysplasia",TRUE
"group_L4_e52089ce","small_molecule","group",5,"UNK",NA,20,20,0,7,7,"STR:d_t|STR:g_t|STR:mets|STR:s_t|STR:sch",TRUE
"group_L4_e57b53b3","small_molecule","group",7,"CHEBI:50756","acridone",21,21,0,6,6,"CHEBI:90695|CHEBI:90705|STR:huh7_cells_were_treated_with_chronic_sorafenib|STR:sorafenib_10_m|STR:sorafenib_10_um_12h",TRUE
"group_L4_e6223c30","disease_vs_normal","group",2,"MeSH:D009423","Nervous System Neoplasms",2,2,0,0,0,"",FALSE
"group_L4_e6a871c0","small_molecule","group",2,"CHEBI:88507","PS(20:3(8Z,11Z,14Z)/16:0)",2,2,0,1,1,"CHEBI:72317",FALSE
"group_L4_e720f10c","disease_vs_normal","group",2,"UNK",NA,8,8,1,0,1,"MeSH:D003876",FALSE
"group_L4_e76413df","pathogen_or_aggregate_exposure","group",2,"UNK",NA,7,7,0,3,3,"STR:hmc_treated_with_sterile_supernatant_of_bacteria_staphylococcus_aureus_sa113_strain|STR:hmc_treated_with_sterile_supernatant_of_bacteria_staphylococcus_epidermidis_12228_strain|STR:these_groups_are_hmcs_cocultured_with_fibroblasts_for_7_days",TRUE
"group_L4_e7bdc543","small_molecule","group",6,"UNK",NA,19,19,0,6,6,"CHEBI:40629|STR:2um_ezh2i|STR:gomisin_g|STR:kw2449|STR:mgcd265",TRUE
"group_L4_e7e723ad","pathogen_or_aggregate_exposure","group",2,"UNK",NA,22,22,0,1,1,"STR:flagelin",FALSE
"group_L4_e84bba05","cytokine_stim","group",3,"MeSH:D053583","Interleukin-1beta",25,25,0,3,3,"STR:3_ng_ml_of_il_1b_for_6h|STR:il1beta|STR:il1beta_treated",TRUE
"group_L4_e8622f17","disease_vs_normal","group",2,"UNK",NA,6,6,4,0,4,"STR:intestine_and_colon_tumor_pool_1_n_3_donors|STR:intestine_and_colon_tumor_pool_2_n_3_donors|STR:intestine_and_colon_tumor_pool_3_n_3_donors|STR:intestine_and_colon_tumor_tissue_biopsy",TRUE
"group_L4_e8a8804d","disease_vs_normal","group",2,"MeSH:D005757","Gastritis, Atrophic",3,3,0,0,0,"",FALSE
"group_L4_e8a99d7c","small_molecule","group",2,"CHEBI:2704","anastrozole",3,3,0,1,1,"CHEBI:2704",FALSE
"group_L4_e9121ab9","disease_vs_normal","group",7,"UNK",NA,45,45,4,0,4,"STR:cholangiocarcinoma|STR:cholangiocarcinoma_cell_lines|STR:cholangiocarcinoma_tumor_organoids|STR:tumor_tissue",TRUE
"group_L4_e921e819","disease_vs_normal","group",2,"UNK",NA,26,26,3,0,3,"STR:fcd_iia|STR:fcd_iib|STR:medulloblastoma",TRUE
"group_L4_e973d068","disease_vs_normal","group",2,"MeSH:D016640","Diabetes, Gestational",8,8,1,0,1,"STR:gdm",FALSE
"group_L4_e98c3e12","small_molecule","group",2,"UNK",NA,15,15,0,1,1,"CHEBI:143114",FALSE
"group_L4_e99723f3","small_molecule","group",2,"CHEBI:75928","(<i>S</i>)-2-hydroxyhexadecanoate",3,3,0,3,3,"CHEBI:67271|STR:0_5um_jq1|STR:tivantinib",TRUE
"group_L4_e9bf48b1","disease_vs_normal","group",2,"UNK",NA,5,5,0,0,0,"",FALSE
"group_L4_e9d8c56a","small_molecule","group",2,"CHEBI:123456","N-ethyl-2-[(2R,3R,6S)-3-[(4-fluorophenyl)sulfonylamino]-2-(hydroxymethyl)-3,6-dihydro-2H-pyran-6-yl]acetamide",4,4,0,2,2,"STR:adagrasib_bi3406|STR:adagrasib_cetuximab",TRUE
"group_L4_e9f2793d","small_molecule","group",4,"UNK",NA,21,21,0,6,6,"CHEBI:2700|STR:24h_recovery_after_lss_treatment|STR:bi_3802_30min_ifn_24hr|STR:bi_3812_30min_ifn_24hr|STR:fx1_30min_ifn_24hr",TRUE
"group_L4_e9fabcae","disease_vs_normal","group",2,"UNK",NA,14,14,12,0,12,"STR:acute_tx_tumor_245|STR:acute_tx_tumor_249|STR:acute_tx_tumor_251|STR:acute_tx_tumor_254|STR:acute_tx_tumor_256",TRUE
"group_L4_ea1be827","cytokine_stim","group",6,"UNK",NA,22,22,0,7,7,"STR:3_hour_kl1|STR:3_hour_kl2|STR:agonistic_goat_anti_human_ltbr_antibody|STR:cd3_antibody|STR:fgf_exosome_treated_cells_with_fgf_antibody",TRUE
"group_L4_ea614112","small_molecule","group",2,"CHEBI:34884","naphthyl-2-methyl-succinyl-CoA",4,4,0,0,0,"",FALSE
"group_L4_ea6cccf0","small_molecule","group",2,"CHEBI:16240","hydrogen peroxide",10,10,0,2,2,"CHEBI:16240|STR:hydrogen_peroxide_400_m",TRUE
"group_L4_ea814532","small_molecule","group",4,"UNK",NA,7,7,0,5,5,"HGNC:YWHAG|STR:egf_9h_plus_c75_6h|STR:kj_pyr_9|STR:kj_pyr_9_dex|STR:mb3",TRUE
"group_L4_eaab2ea4","small_molecule","group",19,"UNK",NA,108,108,0,25,25,"CHEBI:68741|CHEBI:68747|HGNC:INTS11|HGNC:PPP1R10|HGNC:WDR82",TRUE
"group_L4_eacbae07","small_molecule","group",3,"CHEBI:28908","bambermycin",35,35,0,1,1,"STR:lsd1_inhibition",FALSE
"group_L4_eaf2cf6c","small_molecule","group",2,"CHEBI:50105","TNP-ATP<small><sup>5−</small></sup>",20,20,0,0,0,"",FALSE
"group_L4_eb019d60","small_molecule","group",2,"CHEBI:63630","tolcapone",12,12,0,4,4,"STR:0_2um_trog|STR:1um_romidepsin_treatment|STR:25um_trog|STR:5um_trog",TRUE
"group_L4_eb1a256a","disease_vs_normal","group",12,"UNK",NA,202,202,7,0,7,"MeSH:D029424|STR:asthma|STR:atopic_asthmatic|STR:atopic_non_asthmatic|STR:cf",TRUE
"group_L4_ebb6a8f5","small_molecule","group",2,"MeSH:D004002","Clodronic Acid",2,2,0,0,0,"",FALSE
"group_L4_ebb8b6c7","disease_vs_normal","group",2,"UNK",NA,215,215,2,0,2,"STR:mds|STR:tal_lmo_t_all",TRUE
"group_L4_ebd02455","cytokine_stim","group",2,"CHEBI:15946","<em>keto</em>-<small>D</small>-fructose 6-phosphate",11,11,0,2,2,"STR:16_hours|STR:il_2",TRUE
"group_L4_ec0438ae","disease_vs_normal","group",2,"UNK",NA,21,21,1,0,1,"STR:atroblastomas",FALSE
"group_L4_ec1cbdac","cytokine_stim","group",4,"STR:interferon gamma","Interferon gamma",7,7,0,2,2,"STR:after_ifn_gamma_treatment_48_hours|STR:ifn_g",TRUE
"group_L4_ec7f312a","disease_vs_normal","group",2,"UNK",NA,5,5,0,0,0,"",FALSE
"group_L4_ec80f0e9","small_molecule","group",8,"CHEBI:379896","17β-hydroxy-17-methylestra-4,9,11-trien-3-one",42,42,0,7,7,"CHEBI:379896|STR:10nm_r1881_for_48_hours|STR:1nm_r1881|STR:1nm_r1881_for_24_hours|STR:r1881_10nm_16h",TRUE
"group_L4_ecb56668","pathogen_or_aggregate_exposure","group",2,"CHEBI:6364","laminarin",5,5,0,2,2,"CHEBI:50749|STR:timepoint_15_weeks_on_acitretin_and_9_weeks_on_tapered_dose_of_mycophenolate_mofetil",TRUE
"group_L4_ecc75ac9","pathogen_or_aggregate_exposure","group",2,"UNK",NA,4,4,0,1,1,"STR:nc",FALSE
"group_L4_ed0b13a6","disease_vs_normal","group",3,"UNK",NA,18,18,2,0,2,"MeSH:D046152|STR:gist_tumor",TRUE
"group_L4_ed177ce9","small_molecule","group",2,"CHEBI:88577","PI(18:0/18:3(6Z,9Z,12Z))",2,2,0,1,1,"CHEBI:85993",FALSE
"group_L4_ed38c507","small_molecule","group",15,"MeSH:D000989","Antistreptolysin",49,49,0,0,0,"",FALSE
"group_L4_ede29cfa","disease_vs_normal","group",2,"UNK",NA,22,22,1,0,1,"MeSH:D001749",FALSE
"group_L4_edfcb9a5","disease_vs_normal","group",2,"UNK",NA,3,3,1,0,1,"STR:primary_colon_cancer_cell",FALSE
"group_L4_ee0bc91e","small_molecule","group",24,"UNK",NA,174,174,0,32,32,"CHEBI:33387|STR:10_m_ferroptocide_for_6_hr|STR:100nm_ca|STR:5_aza_cdr|STR:9_cis_ra",TRUE
"group_L4_ee41d116","small_molecule","group",4,"CHEBI:17126","carnitine",14,14,0,4,4,"CHEBI:16412|STR:lps_ifng_tnf_adalimumab|STR:lps_ifng_tnf_etanercept|STR:lps_ifng_tnf_igg",TRUE
"group_L4_ee974f97","small_molecule","group",2,"CHEBI:78821","ascr#3",3,3,0,0,0,"",FALSE
"group_L4_ee9efe5d","small_molecule","group",11,"CHEBI:17139","6-<em>O</em>-sulfo-α-<small>D</small>-Glc-(1→6)-α-<small>D</small>-Glc-(1→6)-α-<small>D</small>-Glc-(1→3)-1-<em>O</em>-alkyl-2-<em>O</em>-acylglycerol",69,69,0,7,7,"CHEBI:16469|HGNC:BCAS2|STR:17_beta_estradiol_e2|STR:beta_estradiol_10mm|STR:estradiol_10_nm",TRUE
"group_L4_eec59690","small_molecule","group",3,"CHEBI:229222","capivasertib",22,22,0,1,1,"CHEBI:229222",FALSE
"group_L4_ef118188","small_molecule","group",2,"CHEBI:16991","deoxyribonucleic acid",5,5,0,1,1,"STR:rna",FALSE
"group_L4_ef26ead2","small_molecule","group",4,"CHEBI:61727","2-decenal",18,18,0,11,11,"CHEBI:145365|CHEBI:145417|CHEBI:167686|CHEBI:177536|CHEBI:231358",TRUE
"group_L4_ef41c4c6","small_molecule","group",5,"UNK",NA,29,29,0,2,2,"STR:dex|STR:il_13_labetuzumab",TRUE
"group_L4_ef46e8f9","small_molecule","group",2,"MeSH:D010196","Pancreatic Elastase",3,3,0,0,0,"",FALSE
"group_L4_ef5407f6","small_molecule","group",2,"CHEBI:133946","thiazolidinemonocarboxylate",2,2,0,2,2,"STR:bix01294|STR:r1881_10nm_16h",TRUE
"group_L4_ef6db6b4","disease_vs_normal","group",18,"UNK",NA,138,138,10,0,10,"MeSH:D000077195|MeSH:D009369|STR:head_and_neck_cancer_biopsy|STR:head_and_neck_cancer_patient|STR:head_and_neck_squamous_cell_carcinoma_cells",TRUE
"group_L4_f001361a","disease_vs_normal","group",2,"UNK",NA,8,8,0,0,0,"",FALSE
"group_L4_f00735b3","cytokine_stim","group",3,"UNK",NA,27,27,0,2,2,"STR:10_ng_ml_ifn|STR:24_hr_cytokines",TRUE
"group_L4_f00db73a","small_molecule","group",2,"CHEBI:32008","Pipethanate hydrochloride",2,2,0,2,2,"CHEBI:28680|STR:pdx_models_were_treated_with_arac_for_5_consecutive_days_with_60_mg_kg_i_p_and_harvested_on_day_8",TRUE
"group_L4_f046b804","small_molecule","group",4,"CHEBI:28908","bambermycin",11,11,0,4,4,"CHEBI:52172|STR:erlotinib_1_um|STR:exposed_to_vorinostat_at_0_m_for_36_hours|STR:exposed_to_vorinostat_at_10_m_for_36_hours",TRUE
"group_L4_f0494e45","small_molecule","group",6,"CHEBI:63637","vemurafenib",32,32,0,1,1,"CHEBI:63637",FALSE
"group_L4_f0891ba6","disease_vs_normal","group",2,"UNK",NA,16,16,1,0,1,"MeSH:D011471",FALSE
"group_L4_f0c1bbb5","disease_vs_normal","group",4,"MeSH:D009374","Neoplasms, Experimental",11,11,2,0,2,"STR:non_small_cell_lung_cancer_nsclc|STR:nsclc_adenocarcinoma_cells",TRUE
"group_L4_f0f5d77a","small_molecule","group",5,"CHEBI:123456","N-ethyl-2-[(2R,3R,6S)-3-[(4-fluorophenyl)sulfonylamino]-2-(hydroxymethyl)-3,6-dihydro-2H-pyran-6-yl]acetamide",8,8,0,4,4,"STR:1_um_gsk2869552|STR:futibatinib|STR:gsk2830371_10um_for_1_hour|STR:neratinib_40mg_kg",TRUE
"group_L4_f117def6","small_molecule","group",3,"CHEBI:75929","<small>D</small>-cycloserine(1+)",15,15,0,3,3,"CHEBI:137113|STR:jq1_1_m|STR:jq1_500_nm",TRUE
"group_L4_f12efec4","disease_vs_normal","group",344,"UNK",NA,3529,3529,156,0,156,"MeSH:D001943|MeSH:D002285|MeSH:D009369|MeSH:D010634|MeSH:D042361",TRUE
"group_L4_f193fcab","small_molecule","group",2,"UNK",NA,17,17,0,3,3,"CHEBI:15702|CHEBI:30145|STR:rna",TRUE
"group_L4_f19e6ec7","small_molecule","group",2,"MeSH:D008543","Melanins",2,2,0,0,0,"",FALSE
"group_L4_f1aab4e1","disease_vs_normal","group",2,"MeSH:D014851","Wakefulness",2,2,2,0,2,"STR:mskcc_wilms_tumor_patient_tumor|STR:wilms_tumor_tissue",TRUE
"group_L4_f1e72ee8","small_molecule","group",2,"CHEBI:17113","erythritol",9,9,0,1,1,"CHEBI:50924",FALSE
"group_L4_f1f81af7","small_molecule","group",3,"UNK",NA,103,103,0,2,2,"CHEBI:53806|STR:slit",TRUE
"group_L4_f20a562d","small_molecule","group",4,"STR:dmso","DMSO",11,11,0,1,1,"HGNC:ARID1A",FALSE
"group_L4_f23bc95a","small_molecule","group",3,"CHEBI:134207","methylcytosine",4,4,0,3,3,"CHEBI:131156|CHEBI:231344|STR:treated_with_lgk974",TRUE
"group_L4_f23ebe76","cytokine_stim","group",2,"MeSH:D016899","Interferon-beta",7,7,0,2,2,"STR:ifn|STR:ifnb",TRUE
"group_L4_f2537020","small_molecule","group",2,"CHEBI:134207","methylcytosine",2,2,0,1,1,"CHEBI:232616",FALSE
"group_L4_f2645f0a","disease_vs_normal","group",3,"UNK",NA,14,14,2,0,2,"STR:extrapulmonary_small_cell_carcinoma|STR:human_sclc",TRUE
"group_L4_f27e8765","small_molecule","group",3,"CHEBI:17996","chloride",9,9,0,3,3,"CHEBI:16016|CHEBI:5931|STR:d_galactosamine",TRUE
"group_L4_f294d2ce","small_molecule","group",31,"UNK",NA,162,162,0,43,43,"CHEBI:16044|CHEBI:205761|CHEBI:220491|CHEBI:233643|CHEBI:234079",TRUE
"group_L4_f395c56f","disease_vs_normal","group",38,"UNK",NA,361,361,17,0,17,"MeSH:D001943|MeSH:D044584|STR:adenocarcinoma_breast|STR:breast_cancer_cell|STR:breast_cancer_cell_line",TRUE
"group_L4_f3962728","disease_vs_normal","group",2,"UNK",NA,20,20,1,0,1,"MeSH:D015470",FALSE
"group_L4_f398dd8d","small_molecule","group",2,"CHEBI:27388","benzoylacetyl-CoA",19,19,0,1,1,"STR:7_days_with_1ug_ml_doxycycline",FALSE
"group_L4_f3cd1aa0","disease_vs_normal","group",8,"UNK",NA,45,45,7,0,7,"MeSH:D000077195|STR:apeced_patient|STR:cancer_tissue|STR:chronic_pariodontiits|STR:lad1_periodontitis",TRUE
"group_L4_f42d478d","disease_vs_normal","group",2,"MeSH:D003430","Cross-Sectional Studies",13,13,1,0,1,"STR:colorectal",FALSE
"group_L4_f46ff9c3","small_molecule","group",2,"UNK",NA,6,6,0,1,1,"CHEBI:145535",FALSE
"group_L4_f4ad0c70","small_molecule","group",2,"CHEBI:16240","hydrogen peroxide",2,2,0,1,1,"CHEBI:16240",FALSE
"group_L4_f4af6474","disease_vs_normal","group",7,"UNK",NA,28,28,3,0,3,"MeSH:D000077192|MeSH:D009369|STR:lung_adenocarcinoma_cell_line",TRUE
"group_L4_f4b9f686","small_molecule","group",5,"CHEBI:27953","physostigmine",10,10,0,3,3,"CHEBI:3139|STR:bleomycin_plus_pdkin|STR:treated_with_bleomycin_and_sting_deficiency",TRUE
"group_L4_f4fe7705","disease_vs_normal","group",12,"UNK",NA,216,216,4,0,4,"MeSH:D009369|MeSH:D016773|STR:fbs|STR:uc",TRUE
"group_L4_f5237d66","small_molecule","group",2,"CHEBI:4672","docetaxel anhydrous",12,12,0,1,1,"CHEBI:4672",FALSE
"group_L4_f52dc453","small_molecule","group",2,"MeSH:D010136","p-Hydroxyamphetamine",4,4,0,0,0,"",FALSE
"group_L4_f545340a","small_molecule","group",2,"UNK",NA,5,5,0,2,2,"STR:a_1331852_medchemexpress_hy_19741|STR:g007_lk",TRUE
"group_L4_f551ef18","small_molecule","group",3,"CHEBI:4031","cyclosporin A",26,26,0,0,0,"",FALSE
"group_L4_f566c54f","small_molecule","group",6,"UNK",NA,13,13,0,6,6,"HGNC:YWHAG|STR:5_aza_cdr|STR:50_g_ml_of_essential_oil_from_pinus_koraiensis_pinecones_for_24_h|STR:glup_peptide|STR:redact_co",TRUE
"group_L4_f56ac451","small_molecule","group",3,"CHEBI:123456","N-ethyl-2-[(2R,3R,6S)-3-[(4-fluorophenyl)sulfonylamino]-2-(hydroxymethyl)-3,6-dihydro-2H-pyran-6-yl]acetamide",7,7,0,4,4,"CHEBI:178199|STR:osimertinib_2_um|STR:osimertinib_2_um_9d|STR:osimertinib_500nm_for_3_days",TRUE
"group_L4_f56dc897","small_molecule","group",2,"STR:adalimumab","adalimumab",8,8,0,1,1,"STR:adalimumab",FALSE
"group_L4_f572e1b6","cytokine_stim","group",11,"UNK",NA,68,68,0,8,8,"STR:24_h_anticd3_cd28_coated_beads|STR:6_hours|STR:cd138_plasma_cells_sorted_on_cd138_and_7_aad|STR:cytostim_for_4_hours|STR:gm_csf_and_il4",TRUE
"group_L4_f5da4c40","disease_vs_normal","group",3,"UNK",NA,8,8,1,0,1,"MeSH:D009369",FALSE
"group_L4_f5ebd29b","small_molecule","group",4,"CHEBI:88517","PS(20:3(8Z,11Z,14Z)/18:0)",9,9,0,1,1,"CHEBI:71200",FALSE
"group_L4_f6799506","small_molecule","group",6,"CHEBI:46345","5-fluorouracil",20,20,0,5,5,"CHEBI:46345|CHEBI:80961|HGNC:TP53|STR:5_fu_treatment|STR:treated_with_5_fu_2hr",TRUE
"group_L4_f67bca85","small_molecule","group",2,"CHEBI:91435","linifanib",6,6,0,1,1,"CHEBI:91435",FALSE
"group_L4_f68a1936","disease_vs_normal","group",37,"UNK",NA,307,307,17,0,17,"MeSH:D003110|MeSH:D009369|MeSH:D012004|MeSH:D015179|STR:cells_that_formed_neurosphere_like_structures_derived_from_xenograft_tumors_of_the_second_transplantation_cultured_in_ndiff227_serum_free_medium_for_9_days_at_37_c_in_5_co2",TRUE
"group_L4_f6bc416e","small_molecule","group",4,"CHEBI:17139","6-<em>O</em>-sulfo-α-<small>D</small>-Glc-(1→6)-α-<small>D</small>-Glc-(1→6)-α-<small>D</small>-Glc-(1→3)-1-<em>O</em>-alkyl-2-<em>O</em>-acylglycerol",15,15,0,3,3,"STR:10_nm_dihydrotestosterone_dht_for_24_hours|STR:estradiol_100nm|STR:rna",TRUE
"group_L4_f6eed7d2","pathogen_or_aggregate_exposure","group",4,"UNK",NA,18,18,0,0,0,"",FALSE
"group_L4_f6f258e2","disease_vs_normal","group",2,"UNK",NA,75,75,3,0,3,"STR:parkinson_s_disease|STR:psychosis_bipolar|STR:psychosis_schizophrenia",TRUE
"group_L4_f6f91c6c","small_molecule","group",2,"UNK",NA,11,11,0,3,3,"STR:rap|STR:rig_i_agonist|STR:rig_i_agonist_tipiracil",TRUE
"group_L4_f70b4865","small_molecule","group",2,"CHEBI:28748","doxorubicin",3,3,0,2,2,"HGNC:POU5F1|STR:1_m_doxorubicin_for_8_hours",TRUE
"group_L4_f7453523","disease_vs_normal","group",3,"UNK",NA,70,70,1,0,1,"STR:bronchial_dysplasia",FALSE
"group_L4_f77ba7b0","cytokine_stim","group",2,"CHEBI:114785","erlotinib",3,3,0,1,1,"CHEBI:40629",FALSE
"group_L4_f79abfc2","small_molecule","group",5,"CHEBI:75929","<small>D</small>-cycloserine(1+)",24,24,0,4,4,"CHEBI:137113|STR:100nm_jq1_48h|STR:jq1_1_5um|STR:unstim",TRUE
"group_L4_f7ddd509","pathogen_or_aggregate_exposure","group",2,"STR:helicobacter pylori","Helicobacter pylori",7,7,0,3,3,"STR:co_cultured_with_h_pylori_with_trx1_high_expression|STR:co_cultured_with_h_pylori_with_trx1_low_expression|STR:h_pylori_infection",TRUE
"group_L4_f83185ac","small_molecule","group",2,"CHEBI:50729","mitoxantrone",5,5,0,2,2,"CHEBI:50729|STR:mitoxantrone_mit",TRUE
"group_L4_f84d1907","small_molecule","group",2,"HGNC:11766","TGFB1",6,6,0,2,2,"STR:tgf|STR:tgfb1",TRUE
"group_L4_f85eae3d","pathogen_or_aggregate_exposure","group",16,"UNK",NA,1123,1123,0,4,4,"STR:3_doses_of_1_8m_pfspz_sporozoites|STR:5_doses_of_270k_pfspz_sporozoites|STR:covid_positive|STR:hiv_1_bal_infected",TRUE
"group_L4_f89859f0","disease_vs_normal","group",2,"UNK",NA,56,56,0,0,0,"",FALSE
"group_L4_f8ac77b2","small_molecule","group",2,"CHEBI:3311","calcium carbonate",7,7,0,1,1,"CHEBI:31941",FALSE
"group_L4_f8d2aada","disease_vs_normal","group",33,"UNK",NA,799,799,15,0,15,"MeSH:D001172|MeSH:D010361|MeSH:D056648|STR:diabetes|STR:fsgs_with_recurrence",TRUE
"group_L4_f93b3c44","disease_vs_normal","group",135,"UNK",NA,2046,2046,55,0,55,"MeSH:D000075363|MeSH:D000741|MeSH:D009369|MeSH:D012008|MeSH:D015451",TRUE
"group_L4_f9998c47","small_molecule","group",5,"CHEBI:17135","long-chain fatty alcohol",21,21,0,6,6,"CHEBI:50114|STR:10_nm_estrogen_for_12hr|STR:e2|STR:e2_10nm_treated_for_24h|STR:estrogen_12_hours",TRUE
"group_L4_f9a4fdf9","disease_vs_normal","group",6,"UNK",NA,36,36,4,0,4,"STR:derived_from_metastatic_site_ascites|STR:derived_from_metastatic_site_liver|STR:pancreatic_ductal_adenocarcinoma|STR:pdac",TRUE
"group_L4_f9f07ec8","small_molecule","group",2,"UNK",NA,13,13,0,2,2,"STR:il15_bnz|STR:il21_bnz",TRUE
"group_L4_f9fcd706","pathogen_or_aggregate_exposure","group",4,"UNK",NA,22,22,0,2,2,"STR:infected_a_pr_8_34_influenza_virus_moi_1|STR:rsv",TRUE
"group_L4_fa3fa5eb","pathogen_or_aggregate_exposure","group",5,"UNK",NA,55,55,0,2,2,"STR:5ug_ml_doxycycline_for_24_h|STR:no_doxycycline",TRUE
"group_L4_fa40acf4","small_molecule","group",3,"CHEBI:17126","carnitine",10,10,0,4,4,"CHEBI:16412|HGNC:IRF6|STR:100ng_ml_lps_treatment|STR:bms",TRUE
"group_L4_fa519e8c","small_molecule","group",7,"CHEBI:17126","carnitine",35,35,0,3,3,"STR:bm4|STR:lps_exposed|STR:lps_exposed_for_24_hours",TRUE
"group_L4_fa51b944","disease_vs_normal","group",2,"UNK",NA,9,9,1,0,1,"STR:breast_adenocarcinoma",FALSE
"group_L4_fa52f9cf","disease_vs_normal","group",2,"MeSH:D009182","Mycosis Fungoides",12,12,1,0,1,"STR:multiple_myeloma",FALSE
"group_L4_fa615814","small_molecule","group",2,"STR:denosumab","denosumab",21,21,0,1,1,"STR:denosumab",FALSE
"group_L4_fa7e204b","small_molecule","group",3,"CHEBI:134210","(<i>R</i>)-laudanosine(1+)",9,9,0,3,3,"CHEBI:91418|STR:2|STR:irofulven_3_5_mg_kg_i_p",TRUE
"group_L4_fa7e6591","small_molecule","group",4,"UNK",NA,48,48,0,14,14,"STR:cpt_1_m|STR:cpt_1_m_gta_2mm_5_aza_1_m|STR:gta_2mm_5_aza_1_m|STR:mrtx1133_100nm_24h|STR:mrtx1133_100nm_3h",TRUE
"group_L4_fa9b2e66","disease_vs_normal","group",3,"UNK",NA,6,6,2,0,2,"STR:nasopharyngeal_carcinoma|STR:nasopharyngeal_carcinoma_primary_tumor",TRUE
"group_L4_faaf21ce","small_molecule","group",3,"CHEBI:41774","tamoxifen",12,12,0,3,3,"CHEBI:44616|STR:14_days_tamoxifen_treatment|STR:7_days_tamoxifen_treatment",TRUE
"group_L4_fafe4f06","small_molecule","group",6,"MeSH:D005839","Gentamicins",17,17,0,0,0,"",FALSE
"group_L4_fb069e7f","pathogen_or_aggregate_exposure","group",6,"UNK",NA,15,15,0,2,2,"STR:kshv_infected_gfp_sh_sy5y|STR:kshv_infected_rfp_gfp_sh_sy5y",TRUE
"group_L4_fbaef709","small_molecule","group",10,"CHEBI:63637","vemurafenib",64,64,0,6,6,"CHEBI:63637|STR:2_m_verafinib_for_20_days|STR:post_treatment_vemurafenib|STR:vemurafenib_plx4032_for_18_hours|STR:vemurafenib_plx4032_for_4_hours",TRUE
"group_L4_fbc34b30","small_molecule","group",2,"MeSH:D000098","Acetophenones",2,2,0,0,0,"",FALSE
"group_L4_fbd3e1db","small_molecule","group",2,"CHEBI:16635","Met-tRNA<small><sup>Met</small></sup>",7,7,0,1,1,"STR:20ug_ml_tgf_beta_for_8_h",FALSE
"group_L4_fc0cf2f8","small_molecule","group",2,"UNK",NA,27,27,0,3,3,"STR:iqs117|STR:iqs141|STR:rmc4550_ly3214996",TRUE
"group_L4_fc30b85c","small_molecule","group",2,"CHEBI:134203","<em>P</em>-{α-<small>D</small>-Glc<em>p</em>NAc-(1→3)-[<small>D</small>-GroA-(2→1)]-α-<small>D</small>-Glc<em>p</em>NAc-6-yl}-α-<small>D</small>-Glc<em>p</em>NAc-(1→3)-[<small>D</small>-GroA-(2→1)]-α-<small>D</small>-Glc<em>p</em>NAc-<em>P</em>-6-[CH<small><sub>2</sub></small>]<small><sub>5</sub></small>NHC(=O)[CH<small><sub>2</sub></small>]<small><sub>4</sub></small>C(=O)NHR group",2,2,0,0,0,"",FALSE
"group_L4_fc40baaf","small_molecule","group",2,"UNK",NA,5,5,0,2,2,"STR:karpas_422_cxcdel_cells_grown_in_1_m_gsk343_were_subject_to_continued_growth_in_1_m_gsk343_for_72_hours|STR:karpas_422_wild_type_cells_treated_with_setd2_in_1_5_um_for_10_days",TRUE
"group_L4_fc75a474","pathogen_or_aggregate_exposure","group",2,"UNK",NA,8,8,0,1,1,"STR:seminal_plasma_microvesicle_fractions_from_acutely_treated_hiv_infected_individuals",FALSE
"group_L4_fcce8b64","small_molecule","group",9,"CHEBI:50756","acridone",15,15,0,2,2,"CHEBI:49603|CHEBI:49668",TRUE
"group_L4_fd0c971e","disease_vs_normal","group",2,"UNK",NA,7,7,2,0,2,"STR:pro_b_mll_leukemia_cell_line_rs4_11|STR:pro_b_mll_leukemia_cell_line_sem",TRUE
"group_L4_fd291b2b","small_molecule","group",3,"UNK",NA,19,19,0,3,3,"STR:mak683|STR:oxy186|STR:oxy210",TRUE
"group_L4_fd3ae05b","pathogen_or_aggregate_exposure","group",2,"STR:staphylococcal enterotoxin b","Staphylococcal enterotoxin B",22,22,0,3,3,"STR:recombinant_seb_100_g_ml|STR:recombinant_seb_500_g_ml|STR:seb",TRUE
"group_L4_fd70dec7","small_molecule","group",2,"CHEBI:44616","afimoxifene",3,3,0,2,2,"HGNC:DIS3L|STR:10_7_m_4_oh_tamoxifen_sigma",TRUE
"group_L4_fd7303a8","small_molecule","group",2,"CHEBI:86193","DAPT",35,35,0,1,1,"STR:dapt_gsi",FALSE
"group_L4_fd8c2d0b","disease_vs_normal","group",2,"UNK",NA,5,5,2,0,2,"MeSH:D015179|STR:metastatic_colonic_carcinoma",TRUE
"group_L4_fe6230f9","disease_vs_normal","group",3,"MeSH:D009149","Mustard Plant",4,4,1,0,1,"STR:multiple_myeloma",FALSE
"group_L4_fe7ff881","pathogen_or_aggregate_exposure","group",2,"STR:staphylococcus epidermidis","Staphylococcus epidermidis",9,9,0,3,3,"STR:treated_with_ifng_for_24_hrs|STR:treated_with_il_22_for_24_hrs|STR:treated_with_staphylococcus_epidermidis_for_3_hrs",TRUE
"group_L4_fe9ce504","disease_vs_normal","group",6,"UNK",NA,34,34,4,0,4,"MeSH:D001943|MeSH:D050378|STR:conventional_cd4_t_cells|STR:fibroblast_from_breast_tumor",TRUE
"group_L4_fea58165","disease_vs_normal","group",2,"MeSH:D010033","Otitis Media",4,4,1,0,1,"MeSH:D000077195",FALSE
"group_L4_fee1c248","disease_vs_normal","group",2,"UNK",NA,64,64,0,0,0,"",FALSE
"group_L4_ff104a1d","small_molecule","group",2,"CHEBI:28748","doxorubicin",4,4,0,2,2,"STR:dox_for_24_hours|STR:rna",TRUE
"group_L4_ff17bb25","small_molecule","group",3,"UNK",NA,15,15,0,4,4,"HGNC:ALKBH5|HGNC:GNL3|STR:100_nm_gex1a|STR:brd9_inhibitor",TRUE
"group_L4_ff42e89a","small_molecule","group",2,"UNK",NA,7,7,0,3,3,"CHEBI:16044|STR:esp|STR:ndma_esp",TRUE
"group_L4_ff46c967","disease_vs_normal","group",4,"UNK",NA,18,18,0,0,0,"",FALSE
"group_L4_ff555c4e","small_molecule","group",2,"MeSH:D010119","Oxythiamine",8,8,0,0,0,"",FALSE
"group_L4_fff0a02f","small_molecule","group",4,"CHEBI:134201","<em>P</em>-{α-<small>D</small>-Glc<em>p</em>NAc-(1→3)-[<small>D</small>-GroA-(2→1)]-α-<small>D</small>-Glc<em>p</em>NAc-6-yl}-α-<small>D</small>-Glc<em>p</em>NAc-(1→3)-[<em>P</em>-6-[CH<small><sub>2</sub></small>]<small><sub>5</sub></small>NH<small><sub>2</sub></small>]-α-<small>D</small>-Glc<em>p</em>NAc-(1→2)-<small>D</small>-GroA",39,39,0,35,35,"CHEBI:131174|CHEBI:134689|CHEBI:145365|CHEBI:145374|CHEBI:177413",TRUE
"pair_L0_022615b7","disease_vs_normal","pair",2,"UNK",NA,15,15,2,0,2,"MeSH:D012595|STR:psoriasis_skin_lesion",TRUE
"pair_L0_03291700","disease_vs_normal","pair",2,"UNK",NA,20,20,1,0,1,"STR:gbm",FALSE
"pair_L0_03da393f","small_molecule","pair",2,"UNK",NA,8,8,0,1,1,"STR:mycmi_7",FALSE
"pair_L0_04836487","small_molecule","pair",2,"UNK",NA,13,13,0,2,2,"STR:gard|STR:treated",TRUE
"pair_L0_101e1a0d","disease_vs_normal","pair",6,"UNK",NA,68,68,4,0,4,"STR:cf|STR:iris|STR:leprosy_progressor|STR:lupus",TRUE
"pair_L0_110633a0","pathogen_or_aggregate_exposure","pair",2,"UNK",NA,12,12,0,4,4,"STR:hcov_nl63_infected|STR:sars_cov_2_alpha_variant_infected|STR:sars_cov_2_beta_variant_infected|STR:sars_cov_2_delta_variant_infected",TRUE
"pair_L0_1d1a612d","pathogen_or_aggregate_exposure","pair",2,"STR:sars-cov-2","SARS-CoV-2",24,24,0,1,1,"STR:sars_cov_2_infection_at_moi_1_during_24_h",FALSE
"pair_L0_202a0638","disease_vs_normal","pair",2,"UNK",NA,14,14,2,0,2,"STR:endometriosis|STR:iua_patient",TRUE
"pair_L0_25fc5618","small_molecule","pair",3,"UNK",NA,8,8,0,4,4,"CHEBI:132082|CHEBI:16171|STR:a485|STR:aso",TRUE
"pair_L0_2a25741c","disease_vs_normal","pair",2,"UNK",NA,7,7,0,0,0,"",FALSE
"pair_L0_2b35c5a7","disease_vs_normal","pair",3,"UNK",NA,90,90,2,0,2,"MeSH:D012595|STR:cteph",TRUE
"pair_L0_3b3d1494","small_molecule","pair",2,"UNK",NA,4,4,0,2,2,"CHEBI:39185|STR:e2_treated",TRUE
"pair_L0_3f4840a7","disease_vs_normal","pair",3,"UNK",NA,27,27,1,0,1,"STR:ms_case",FALSE
"pair_L0_40517add","disease_vs_normal","pair",2,"UNK",NA,8,8,2,0,2,"STR:idiopathic_pulmonary_arterial_hypertension_ipah|STR:ipah",TRUE
"pair_L0_4177df7c","disease_vs_normal","pair",3,"UNK",NA,658,658,15,0,15,"MeSH:D000789|MeSH:D001943|MeSH:D006976|MeSH:D010051|MeSH:D010182",TRUE
"pair_L0_42728c23","small_molecule","pair",2,"UNK",NA,5,5,0,1,1,"STR:e64fc65",FALSE
"pair_L0_4b83c939","disease_vs_normal","pair",2,"UNK",NA,35,35,3,0,3,"STR:cd_active|STR:uc_active|STR:uc_inactive",TRUE
"pair_L0_4edfc1e5","disease_vs_normal","pair",2,"UNK",NA,10,10,3,0,3,"STR:biliary_atresia|STR:pediatric_autoimmune_hepatitis|STR:pediatric_cholestatic_liver_disease",TRUE
"pair_L0_54a2c7c7","disease_vs_normal","pair",2,"UNK",NA,203,203,1,0,1,"MeSH:D010361",FALSE
"pair_L0_5573561d","small_molecule","pair",2,"CHEBI:27953","physostigmine",4,4,0,1,1,"CHEBI:3139",FALSE
"pair_L0_5afd3caa","disease_vs_normal","pair",2,"UNK",NA,7,7,2,0,2,"MeSH:D009369|STR:idiopathic_nodular_glomerulosclerosis",TRUE
"pair_L0_68dda08c","disease_vs_normal","pair",4,"UNK",NA,149,149,6,0,6,"STR:als|STR:myositis_as|STR:myositis_dm|STR:myositis_ibm|STR:myositis_imnm",TRUE
"pair_L0_6c7db102","small_molecule","pair",2,"CHEBI:2549","albuterol",14,14,0,1,1,"CHEBI:2549",FALSE
"pair_L0_751649a8","disease_vs_normal","pair",2,"UNK",NA,72,72,1,0,1,"STR:severe_preeclampsia",FALSE
"pair_L0_7b2f078e","disease_vs_normal","pair",2,"UNK",NA,53,53,2,0,2,"STR:sjs|STR:sle",TRUE
"pair_L0_7dcc6ecb","disease_vs_normal","pair",2,"UNK",NA,7,7,2,0,2,"STR:lesional|STR:ssc_patient",TRUE
"pair_L0_881527a9","disease_vs_normal","pair",2,"UNK",NA,5,5,1,0,1,"STR:relapsing_remitting_multiple_sclerosis_rrms",FALSE
"pair_L0_8ad7ae9c","small_molecule","pair",2,"UNK",NA,12,12,0,0,0,"",FALSE
"pair_L0_9293edec","disease_vs_normal","pair",2,"UNK",NA,27,27,0,0,0,"",FALSE
"pair_L0_93633137","disease_vs_normal","pair",2,"UNK",NA,23,23,1,0,1,"STR:ipf",FALSE
"pair_L0_9386ee6f","disease_vs_normal","pair",2,"UNK",NA,13,13,2,0,2,"STR:high_ige|STR:low_ige",TRUE
"pair_L0_96048b6d","disease_vs_normal","pair",2,"UNK",NA,67,67,1,0,1,"STR:mdd",FALSE
"pair_L0_96f2a5d8","disease_vs_normal","pair",2,"UNK",NA,78,78,0,0,0,"",FALSE
"pair_L0_98496b37","pathogen_or_aggregate_exposure","pair",2,"UNK",NA,41,41,0,1,1,"STR:ev_d68",FALSE
"pair_L0_99dd4cdb","disease_vs_normal","pair",2,"UNK",NA,22,22,2,0,2,"STR:prostate_cancer_crpc|STR:prostate_cancer_cspc",TRUE
"pair_L0_9c8f1618","disease_vs_normal","pair",2,"UNK",NA,59,59,2,0,2,"STR:schizophrenia|STR:t2d_case",TRUE
"pair_L0_9f1e05ae","disease_vs_normal","pair",2,"UNK",NA,300,300,1,0,1,"MeSH:D000544",FALSE
"pair_L0_a3b21cde","disease_vs_normal","pair",4,"UNK",NA,24,24,5,0,5,"MeSH:D014860|STR:acute_stage_nucl|STR:acute_stage_ucl|STR:frontal_fibrosing_alopecia|STR:lesional",TRUE
"pair_L0_a5aa10d2","disease_vs_normal","pair",3,"UNK",NA,97,97,11,0,11,"STR:patient_10_glioblastoma_rna_seq_of_brain_tumor_tissue|STR:patient_11_glioblastoma_rna_seq_of_brain_tumor_tissue|STR:patient_12_glioblastoma_rna_seq_of_brain_tumor_tissue|STR:patient_13_glioblastoma_rna_seq_of_brain_tumor_tissue|STR:patient_14_glioblastoma_rna_seq_of_brain_tumor_tissue",TRUE
"pair_L0_a7be99a1","disease_vs_normal","pair",2,"UNK",NA,43,43,4,0,4,"MeSH:D008175|MeSH:D015179|STR:esophagus_cancer_patient|STR:lung_cancer_patient",TRUE
"pair_L0_a84ce3ca","small_molecule","pair",7,"UNK",NA,20,20,0,4,4,"HGNC:INTS11|HGNC:PPP1R10|HGNC:XRN2|STR:plus_tmp",TRUE
"pair_L0_ad935d90","disease_vs_normal","pair",2,"UNK",NA,70,70,3,0,3,"STR:advanced_hcc|STR:dysplastic_nodule|STR:early_hcc",TRUE
"pair_L0_b09c3074","disease_vs_normal","pair",2,"UNK",NA,25,25,2,0,2,"MeSH:D015179|STR:colorectal_cancer_stem_cell_spheroids",TRUE
"pair_L0_b482626b","disease_vs_normal","pair",2,"UNK",NA,11,11,3,0,3,"STR:ad|STR:cpuo|STR:psoriasis_skin_lesion",TRUE
"pair_L0_b7bb633e","small_molecule","pair",5,"UNK",NA,19,19,0,7,7,"CHEBI:27847|STR:bleomycin_alpha_lipoic_acid|STR:bleomycin_nad|STR:bleomycin_nmn|STR:bleomycin_pcc1",TRUE
"pair_L0_b7ff9c28","disease_vs_normal","pair",2,"UNK",NA,6,6,1,0,1,"STR:early",FALSE
"pair_L0_b83ff128","pathogen_or_aggregate_exposure","pair",2,"UNK",NA,58,58,0,0,0,"",FALSE
"pair_L0_b9e5e6cf","disease_vs_normal","pair",2,"UNK",NA,22,22,1,0,1,"STR:placenta_accreta_spectrum_samples_pa",FALSE
"pair_L0_bc173187","pathogen_or_aggregate_exposure","pair",2,"STR:tuberculosis","Tuberculosis",41,41,0,0,0,"",FALSE
"pair_L0_c0d2a386","disease_vs_normal","pair",2,"UNK",NA,100,100,2,0,2,"STR:psoriasis|STR:uc",TRUE
"pair_L0_c9a7943b","disease_vs_normal","pair",2,"UNK",NA,33,33,3,0,3,"STR:dm1|STR:dm2|STR:ltbi",TRUE
"pair_L0_cf610f23","small_molecule","pair",2,"UNK",NA,5,5,0,1,1,"STR:drug_treated",FALSE
"pair_L0_d8816537","small_molecule","pair",2,"UNK",NA,6,6,0,2,2,"STR:jxy_treatment|STR:pzh_treatment",TRUE
"pair_L0_d8840201","small_molecule","pair",2,"UNK",NA,6,6,0,2,2,"CHEBI:34749|STR:mpc309",TRUE
"pair_L0_d955524d","small_molecule","pair",2,"UNK",NA,4,4,0,1,1,"CHEBI:231342",FALSE
"pair_L0_d969e76f","disease_vs_normal","pair",8,"UNK",NA,113,113,5,0,5,"MeSH:D009369|MeSH:D065626|STR:nash|STR:obese|STR:vu_hcc",TRUE
"pair_L0_d9ba6967","disease_vs_normal","pair",2,"UNK",NA,35,35,1,0,1,"MeSH:D015535",FALSE
"pair_L0_dd260318","disease_vs_normal","pair",2,"UNK",NA,58,58,1,0,1,"STR:acute",FALSE
"pair_L0_ddc14f45","disease_vs_normal","pair",2,"UNK",NA,15,15,0,0,0,"",FALSE
"pair_L0_e475bb43","pathogen_or_aggregate_exposure","pair",2,"UNK",NA,15,15,0,4,4,"STR:hcov_229e_atcc_vr_740_infected|STR:mers_cov_emc_2012_infected|STR:sars_cov_2_omicron_variant_infected|STR:sars_cov_2_wa_01_infected",TRUE
"pair_L0_e566fb47","small_molecule","pair",2,"UNK",NA,8,8,0,0,0,"",FALSE
"pair_L0_eba5e9b3","disease_vs_normal","pair",3,"UNK",NA,18,18,3,0,3,"STR:atrial_fibrillation|STR:myocardial_infarction_patient_with_cardiac_remodeling|STR:myocardial_infarction_patient_without_cardiac_remodeling",TRUE
"pair_L0_f573eca8","disease_vs_normal","pair",2,"UNK",NA,83,83,2,0,2,"MeSH:D065626|STR:nafld_disease",TRUE
"pair_L0_f6f2c708","disease_vs_normal","pair",2,"UNK",NA,97,97,1,0,1,"STR:vexas_patient",FALSE
"pair_L0_fa399aed","disease_vs_normal","pair",3,"UNK",NA,25,25,0,0,0,"",FALSE
"pair_L0_fc35d0bc","disease_vs_normal","pair",2,"UNK",NA,7,7,2,0,2,"STR:lymphatic_malformation|STR:non_tb_infection",TRUE
"pair_L1_01b97b68","disease_vs_normal","pair",2,"UNK",NA,7,7,2,0,2,"STR:lymphatic_malformation|STR:non_tb_infection",TRUE
"pair_L1_01cf76d1","disease_vs_normal","pair",2,"UNK",NA,58,58,1,0,1,"STR:acute",FALSE
"pair_L1_074d3389","disease_vs_normal","pair",2,"UNK",NA,35,35,3,0,3,"STR:cd_active|STR:uc_active|STR:uc_inactive",TRUE
"pair_L1_0aaac05e","disease_vs_normal","pair",2,"UNK",NA,203,203,1,0,1,"MeSH:D010361",FALSE
"pair_L1_0b32f3f4","small_molecule","pair",7,"UNK",NA,20,20,0,4,4,"HGNC:INTS11|HGNC:PPP1R10|HGNC:XRN2|STR:plus_tmp",TRUE
"pair_L1_0ccda750","disease_vs_normal","pair",2,"UNK",NA,70,70,3,0,3,"STR:advanced_hcc|STR:dysplastic_nodule|STR:early_hcc",TRUE
"pair_L1_12759577","disease_vs_normal","pair",2,"UNK",NA,15,15,2,0,2,"MeSH:D012595|STR:psoriasis_skin_lesion",TRUE
"pair_L1_14553c0f","disease_vs_normal","pair",2,"UNK",NA,11,11,3,0,3,"STR:ad|STR:cpuo|STR:psoriasis_skin_lesion",TRUE
"pair_L1_18e1a45f","disease_vs_normal","pair",2,"UNK",NA,10,10,3,0,3,"STR:biliary_atresia|STR:pediatric_autoimmune_hepatitis|STR:pediatric_cholestatic_liver_disease",TRUE
"pair_L1_1ac4850f","disease_vs_normal","pair",2,"UNK",NA,14,14,2,0,2,"STR:endometriosis|STR:iua_patient",TRUE
"pair_L1_1acdae64","disease_vs_normal","pair",2,"UNK",NA,8,8,2,0,2,"STR:idiopathic_pulmonary_arterial_hypertension_ipah|STR:ipah",TRUE
"pair_L1_1bb042b8","small_molecule","pair",2,"CHEBI:2549","albuterol",14,14,0,1,1,"CHEBI:2549",FALSE
"pair_L1_1c38d2ee","disease_vs_normal","pair",3,"UNK",NA,27,27,1,0,1,"STR:ms_case",FALSE
"pair_L1_1ffcbd5b","small_molecule","pair",2,"UNK",NA,6,6,0,2,2,"CHEBI:34749|STR:mpc309",TRUE
"pair_L1_238637b9","disease_vs_normal","pair",2,"UNK",NA,5,5,1,0,1,"STR:relapsing_remitting_multiple_sclerosis_rrms",FALSE
"pair_L1_24c29bfe","small_molecule","pair",2,"UNK",NA,12,12,0,0,0,"",FALSE
"pair_L1_27a8c272","small_molecule","pair",2,"UNK",NA,6,6,0,1,1,"CHEBI:231342",FALSE
"pair_L1_2919ef2e","disease_vs_normal","pair",2,"UNK",NA,7,7,0,0,0,"",FALSE
"pair_L1_317b2aaf","small_molecule","pair",2,"UNK",NA,8,8,0,0,0,"",FALSE
"pair_L1_34fefd01","pathogen_or_aggregate_exposure","pair",2,"UNK",NA,15,15,0,4,4,"STR:hcov_229e_atcc_vr_740_infected|STR:mers_cov_emc_2012_infected|STR:sars_cov_2_omicron_variant_infected|STR:sars_cov_2_wa_01_infected",TRUE
"pair_L1_372c02d9","disease_vs_normal","pair",2,"UNK",NA,100,100,2,0,2,"STR:psoriasis|STR:uc",TRUE
"pair_L1_3eb38c6b","small_molecule","pair",2,"UNK",NA,5,5,0,1,1,"STR:e64fc65",FALSE
"pair_L1_3fe511ed","disease_vs_normal","pair",6,"UNK",NA,68,68,4,0,4,"STR:cf|STR:iris|STR:leprosy_progressor|STR:lupus",TRUE
"pair_L1_40b38904","disease_vs_normal","pair",3,"UNK",NA,90,90,2,0,2,"MeSH:D012595|STR:cteph",TRUE
"pair_L1_4826e445","disease_vs_normal","pair",2,"UNK",NA,300,300,1,0,1,"MeSH:D000544",FALSE
"pair_L1_4a409a4c","disease_vs_normal","pair",2,"UNK",NA,22,22,2,0,2,"STR:prostate_cancer_crpc|STR:prostate_cancer_cspc",TRUE
"pair_L1_4ab1b68d","disease_vs_normal","pair",2,"UNK",NA,72,72,1,0,1,"STR:severe_preeclampsia",FALSE
"pair_L1_4c9e03e9","disease_vs_normal","pair",2,"UNK",NA,97,97,1,0,1,"STR:vexas_patient",FALSE
"pair_L1_4f0e1ec2","pathogen_or_aggregate_exposure","pair",2,"UNK",NA,58,58,0,0,0,"",FALSE
"pair_L1_56c52391","disease_vs_normal","pair",3,"UNK",NA,18,18,3,0,3,"STR:atrial_fibrillation|STR:myocardial_infarction_patient_with_cardiac_remodeling|STR:myocardial_infarction_patient_without_cardiac_remodeling",TRUE
"pair_L1_59fa0ff1","small_molecule","pair",3,"UNK",NA,8,8,0,4,4,"CHEBI:132082|CHEBI:16171|STR:a485|STR:aso",TRUE
"pair_L1_6113dbb4","disease_vs_normal","pair",2,"UNK",NA,6,6,1,0,1,"STR:early",FALSE
"pair_L1_64a343ee","disease_vs_normal","pair",2,"UNK",NA,33,33,3,0,3,"STR:dm1|STR:dm2|STR:ltbi",TRUE
"pair_L1_64e166e0","disease_vs_normal","pair",2,"UNK",NA,67,67,1,0,1,"STR:mdd",FALSE
"pair_L1_67bf1836","pathogen_or_aggregate_exposure","pair",2,"STR:tuberculosis","Tuberculosis",41,41,0,0,0,"",FALSE
"pair_L1_766ada8c","pathogen_or_aggregate_exposure","pair",2,"UNK",NA,41,41,0,1,1,"STR:ev_d68",FALSE
"pair_L1_78e49444","disease_vs_normal","pair",2,"UNK",NA,23,23,1,0,1,"STR:ipf",FALSE
"pair_L1_7f5ad284","small_molecule","pair",2,"UNK",NA,6,6,0,2,2,"STR:jxy_treatment|STR:pzh_treatment",TRUE
"pair_L1_843cb933","disease_vs_normal","pair",2,"UNK",NA,13,13,2,0,2,"STR:high_ige|STR:low_ige",TRUE
"pair_L1_86dbb492","disease_vs_normal","pair",2,"UNK",NA,7,7,2,0,2,"MeSH:D009369|STR:idiopathic_nodular_glomerulosclerosis",TRUE
"pair_L1_86de9bf9","disease_vs_normal","pair",2,"UNK",NA,27,27,0,0,0,"",FALSE
"pair_L1_93a45987","pathogen_or_aggregate_exposure","pair",2,"UNK",NA,12,12,0,4,4,"STR:hcov_nl63_infected|STR:sars_cov_2_alpha_variant_infected|STR:sars_cov_2_beta_variant_infected|STR:sars_cov_2_delta_variant_infected",TRUE
"pair_L1_97a60e72","disease_vs_normal","pair",3,"UNK",NA,658,658,15,0,15,"MeSH:D000789|MeSH:D001943|MeSH:D006976|MeSH:D010051|MeSH:D010182",TRUE
"pair_L1_992d8281","disease_vs_normal","pair",2,"UNK",NA,35,35,1,0,1,"MeSH:D015535",FALSE
"pair_L1_a1a355c6","disease_vs_normal","pair",2,"UNK",NA,83,83,2,0,2,"MeSH:D065626|STR:nafld_disease",TRUE
"pair_L1_a37eca7b","disease_vs_normal","pair",3,"UNK",NA,25,25,0,0,0,"",FALSE
"pair_L1_a59d9ddc","disease_vs_normal","pair",2,"UNK",NA,53,53,2,0,2,"STR:sjs|STR:sle",TRUE
"pair_L1_a5de6fdf","small_molecule","pair",2,"UNK",NA,4,4,0,2,2,"CHEBI:39185|STR:e2_treated",TRUE
"pair_L1_a8c37139","small_molecule","pair",6,"UNK",NA,22,22,0,8,8,"CHEBI:27847|STR:bleomycin_alpha_lipoic_acid|STR:bleomycin_curcumin|STR:bleomycin_nad|STR:bleomycin_nmn",TRUE
"pair_L1_aa18473f","disease_vs_normal","pair",4,"UNK",NA,24,24,5,0,5,"MeSH:D014860|STR:acute_stage_nucl|STR:acute_stage_ucl|STR:frontal_fibrosing_alopecia|STR:lesional",TRUE
"pair_L1_b0ce355e","disease_vs_normal","pair",2,"UNK",NA,25,25,2,0,2,"MeSH:D015179|STR:colorectal_cancer_stem_cell_spheroids",TRUE
"pair_L1_ccd8c5f6","disease_vs_normal","pair",8,"UNK",NA,113,113,5,0,5,"MeSH:D009369|MeSH:D065626|STR:nash|STR:obese|STR:vu_hcc",TRUE
"pair_L1_d1805888","small_molecule","pair",2,"UNK",NA,5,5,0,1,1,"STR:drug_treated",FALSE
"pair_L1_d3f9463d","small_molecule","pair",2,"CHEBI:27953","physostigmine",4,4,0,1,1,"CHEBI:3139",FALSE
"pair_L1_d7706f52","disease_vs_normal","pair",2,"UNK",NA,78,78,0,0,0,"",FALSE
"pair_L1_d9e43a55","disease_vs_normal","pair",2,"UNK",NA,20,20,1,0,1,"STR:gbm",FALSE
"pair_L1_db3c065c","small_molecule","pair",2,"UNK",NA,13,13,0,2,2,"STR:gard|STR:treated",TRUE
"pair_L1_db457371","disease_vs_normal","pair",2,"UNK",NA,59,59,2,0,2,"STR:schizophrenia|STR:t2d_case",TRUE
"pair_L1_de6db42a","disease_vs_normal","pair",2,"UNK",NA,22,22,1,0,1,"STR:placenta_accreta_spectrum_samples_pa",FALSE
"pair_L1_e2cc4891","disease_vs_normal","pair",2,"UNK",NA,7,7,2,0,2,"STR:lesional|STR:ssc_patient",TRUE
"pair_L1_e3c7e97f","pathogen_or_aggregate_exposure","pair",2,"STR:sars-cov-2","SARS-CoV-2",24,24,0,1,1,"STR:sars_cov_2_infection_at_moi_1_during_24_h",FALSE
"pair_L1_e537ea95","disease_vs_normal","pair",2,"UNK",NA,15,15,0,0,0,"",FALSE
"pair_L1_e764a88d","disease_vs_normal","pair",4,"UNK",NA,149,149,6,0,6,"STR:als|STR:myositis_as|STR:myositis_dm|STR:myositis_ibm|STR:myositis_imnm",TRUE
"pair_L1_f738a436","small_molecule","pair",2,"UNK",NA,8,8,0,1,1,"STR:mycmi_7",FALSE
"pair_L1_f98d2b00","disease_vs_normal","pair",3,"UNK",NA,97,97,11,0,11,"STR:patient_10_glioblastoma_rna_seq_of_brain_tumor_tissue|STR:patient_11_glioblastoma_rna_seq_of_brain_tumor_tissue|STR:patient_12_glioblastoma_rna_seq_of_brain_tumor_tissue|STR:patient_13_glioblastoma_rna_seq_of_brain_tumor_tissue|STR:patient_14_glioblastoma_rna_seq_of_brain_tumor_tissue",TRUE
"pair_L1_fed0b565","disease_vs_normal","pair",2,"UNK",NA,43,43,4,0,4,"MeSH:D008175|MeSH:D015179|STR:esophagus_cancer_patient|STR:lung_cancer_patient",TRUE
"pair_L2_00922756","disease_vs_normal","pair",2,"UNK",NA,7,7,2,0,2,"STR:lymphatic_malformation|STR:non_tb_infection",TRUE
"pair_L2_05b730a2","disease_vs_normal","pair",3,"UNK",NA,26,26,2,0,2,"STR:emphysema|STR:ipf",TRUE
"pair_L2_07553a90","disease_vs_normal","pair",2,"UNK",NA,35,35,1,0,1,"MeSH:D015535",FALSE
"pair_L2_0cf66006","small_molecule","pair",2,"UNK",NA,7,7,0,2,2,"STR:25um_trog|STR:pmb_for_24_hours",TRUE
"pair_L2_0ef77a02","pathogen_or_aggregate_exposure","pair",2,"STR:tuberculosis","Tuberculosis",41,41,0,0,0,"",FALSE
"pair_L2_0ef97e54","small_molecule","pair",5,"UNK",NA,40,40,0,6,6,"CHEBI:59642|STR:1ae|STR:cia1_18_hours|STR:lncap_cells_treated_with_0_1_nm_r1881_and_1_m_senexin_b_for_24_hours|STR:lncap_cells_treated_with_1_m_senexin_b_for_24_hours",TRUE
"pair_L2_100f81b5","disease_vs_normal","pair",3,"UNK",NA,25,25,0,0,0,"",FALSE
"pair_L2_10ae739c","disease_vs_normal","pair",2,"UNK",NA,25,25,2,0,2,"MeSH:D015179|STR:colorectal_cancer_stem_cell_spheroids",TRUE
"pair_L2_12556bbd","small_molecule","pair",2,"UNK",NA,4,4,0,2,2,"CHEBI:39185|STR:e2_treated",TRUE
"pair_L2_128bd6ab","disease_vs_normal","pair",2,"UNK",NA,100,100,2,0,2,"STR:psoriasis|STR:uc",TRUE
"pair_L2_13d2dd5c","small_molecule","pair",3,"UNK",NA,17,17,0,6,6,"STR:2_77|STR:acbi|STR:ard_61|STR:bd98|STR:llc0150_2um_for_24h",TRUE
"pair_L2_13f1f8ed","disease_vs_normal","pair",2,"UNK",NA,58,58,1,0,1,"STR:acute",FALSE
"pair_L2_15bc4412","small_molecule","pair",2,"UNK",NA,11,11,0,1,1,"STR:tnflt_treatment",FALSE
"pair_L2_1a318d5b","disease_vs_normal","pair",6,"UNK",NA,68,68,4,0,4,"STR:cf|STR:iris|STR:leprosy_progressor|STR:lupus",TRUE
"pair_L2_23327772","disease_vs_normal","pair",2,"UNK",NA,67,67,1,0,1,"STR:mdd",FALSE
"pair_L2_26e2f7e4","small_molecule","pair",2,"UNK",NA,8,8,0,3,3,"CHEBI:234079|STR:0_8_um_cddo_2p_im|STR:compound_2",TRUE
"pair_L2_270ee46c","disease_vs_normal","pair",2,"UNK",NA,35,35,3,0,3,"STR:cd_active|STR:uc_active|STR:uc_inactive",TRUE
"pair_L2_27c923de","disease_vs_normal","pair",2,"UNK",NA,203,203,1,0,1,"MeSH:D010361",FALSE
"pair_L2_2f0f1997","disease_vs_normal","pair",2,"UNK",NA,22,22,1,0,1,"STR:placenta_accreta_spectrum_samples_pa",FALSE
"pair_L2_36d064e2","small_molecule","pair",2,"UNK",NA,7,7,0,1,1,"STR:2d_cluture",FALSE
"pair_L2_377fc15f","small_molecule","pair",2,"UNK",NA,7,7,0,3,3,"STR:ard_61|STR:zbc_11_inhibitor_150nm|STR:zbc_246_degrader_10nm",TRUE
"pair_L2_382cee1c","small_molecule","pair",2,"UNK",NA,15,15,0,4,4,"STR:lncap_cells_treated_with_0_1_nm_r1881_for_24_hours|STR:lncap_cells_treated_with_1_nm_r1881_and_500_nm_snx631_for_72_hours|STR:lncap_cells_treated_with_1_nm_r1881_for_72_hours|STR:lncap_cells_treated_with_500_nm_snx631_for_72_hours",TRUE
"pair_L2_39bf3f51","small_molecule","pair",3,"CHEBI:68534","enzalutamide",12,12,0,2,2,"CHEBI:68534|STR:wt_100nm_plus_ezalutamide_1_micromolar",TRUE
"pair_L2_3ce31cad","disease_vs_normal","pair",2,"UNK",NA,7,7,2,0,2,"STR:lesional|STR:ssc_patient",TRUE
"pair_L2_45000bf0","disease_vs_normal","pair",2,"UNK",NA,59,59,2,0,2,"STR:schizophrenia|STR:t2d_case",TRUE
"pair_L2_45c46636","disease_vs_normal","pair",3,"UNK",NA,27,27,1,0,1,"STR:ms_case",FALSE
"pair_L2_47db586a","small_molecule","pair",2,"UNK",NA,12,12,0,6,6,"STR:cells_treated_with_gsk126|STR:cells_treated_with_merck60|STR:treated_with_10_mm_of_ibap|STR:treated_with_10_mm_of_ibapii|STR:treated_with_20_mm_of_ibap",TRUE
"pair_L2_492a3b2b","disease_vs_normal","pair",2,"UNK",NA,54,54,0,0,0,"",FALSE
"pair_L2_49a5ee96","pathogen_or_aggregate_exposure","pair",2,"UNK",NA,114,114,0,0,0,"",FALSE
"pair_L2_4a10f6c8","disease_vs_normal","pair",8,"UNK",NA,113,113,5,0,5,"MeSH:D009369|MeSH:D065626|STR:nash|STR:obese|STR:vu_hcc",TRUE
"pair_L2_50a1415d","small_molecule","pair",3,"UNK",NA,16,16,0,0,0,"",FALSE
"pair_L2_516f605a","small_molecule","pair",2,"UNK",NA,84,84,0,0,0,"",FALSE
"pair_L2_5191238b","disease_vs_normal","pair",4,"UNK",NA,24,24,5,0,5,"MeSH:D014860|STR:acute_stage_nucl|STR:acute_stage_ucl|STR:frontal_fibrosing_alopecia|STR:lesional",TRUE
"pair_L2_525a39b3","disease_vs_normal","pair",2,"UNK",NA,72,72,1,0,1,"STR:severe_preeclampsia",FALSE
"pair_L2_53b6eb3b","small_molecule","pair",2,"UNK",NA,6,6,0,2,2,"STR:jxy_treatment|STR:pzh_treatment",TRUE
"pair_L2_5a4a372c","pathogen_or_aggregate_exposure","pair",2,"UNK",NA,12,12,0,4,4,"STR:hcov_nl63_infected|STR:sars_cov_2_alpha_variant_infected|STR:sars_cov_2_beta_variant_infected|STR:sars_cov_2_delta_variant_infected",TRUE
"pair_L2_5ba717d3","disease_vs_normal","pair",2,"UNK",NA,30,30,2,0,2,"MeSH:D001172|STR:symptomatic",TRUE
"pair_L2_5f380ac5","small_molecule","pair",2,"STR:glycine max 7s globulin","Glycine max 7S globulin",26,26,0,0,0,"",FALSE
"pair_L2_63e267dc","disease_vs_normal","pair",2,"UNK",NA,16,16,2,0,2,"STR:mild|STR:patient_with_benign_tracheal_stenosis",TRUE
"pair_L2_640ca705","small_molecule","pair",3,"UNK",NA,8,8,0,4,4,"CHEBI:132082|CHEBI:16171|STR:a485|STR:aso",TRUE
"pair_L2_67030c9f","pathogen_or_aggregate_exposure","pair",2,"UNK",NA,18,18,0,5,5,"STR:hcov_229e_atcc_vr_740_infected|STR:hrv_16_atcc_vr283_infected|STR:mers_cov_emc_2012_infected|STR:sars_cov_2_omicron_variant_infected|STR:sars_cov_2_wa_01_infected",TRUE
"pair_L2_676cf413","small_molecule","pair",2,"UNK",NA,6,6,0,2,2,"CHEBI:34749|STR:mpc309",TRUE
"pair_L2_683b75b9","disease_vs_normal","pair",2,"UNK",NA,83,83,2,0,2,"MeSH:D065626|STR:nafld_disease",TRUE
"pair_L2_694171c6","small_molecule","pair",2,"UNK",NA,16,16,0,2,2,"STR:mbp|STR:nabut",TRUE
"pair_L2_6b91f18e","disease_vs_normal","pair",2,"UNK",NA,43,43,4,0,4,"MeSH:D008175|MeSH:D015179|STR:esophagus_cancer_patient|STR:lung_cancer_patient",TRUE
"pair_L2_6e698687","small_molecule","pair",2,"CHEBI:50105","TNP-ATP<small><sup>5−</small></sup>",23,23,0,0,0,"",FALSE
"pair_L2_70b1b096","small_molecule","pair",2,"UNK",NA,10,10,0,2,2,"STR:a4b17|STR:dht_a4b17",TRUE
"pair_L2_76f00ccb","disease_vs_normal","pair",2,"UNK",NA,7,7,0,0,0,"",FALSE
"pair_L2_7a08b304","disease_vs_normal","pair",2,"UNK",NA,8,8,2,0,2,"STR:idiopathic_pulmonary_arterial_hypertension_ipah|STR:ipah",TRUE
"pair_L2_7e65a420","disease_vs_normal","pair",4,"UNK",NA,149,149,6,0,6,"STR:als|STR:myositis_as|STR:myositis_dm|STR:myositis_ibm|STR:myositis_imnm",TRUE
"pair_L2_814b5433","small_molecule","pair",2,"CHEBI:27953","physostigmine",4,4,0,1,1,"CHEBI:3139",FALSE
"pair_L2_85eed650","disease_vs_normal","pair",3,"UNK",NA,18,18,3,0,3,"STR:atrial_fibrillation|STR:myocardial_infarction_patient_with_cardiac_remodeling|STR:myocardial_infarction_patient_without_cardiac_remodeling",TRUE
"pair_L2_86513c7a","disease_vs_normal","pair",2,"UNK",NA,6,6,1,0,1,"STR:early",FALSE
"pair_L2_8965ab1b","small_molecule","pair",2,"UNK",NA,5,5,0,1,1,"CHEBI:177705",FALSE
"pair_L2_8f898ce2","disease_vs_normal","pair",2,"UNK",NA,5,5,1,0,1,"STR:relapsing_remitting_multiple_sclerosis_rrms",FALSE
"pair_L2_9a55ec4c","disease_vs_normal","pair",2,"UNK",NA,78,78,0,0,0,"",FALSE
"pair_L2_9ddfbb09","disease_vs_normal","pair",2,"UNK",NA,97,97,1,0,1,"STR:vexas_patient",FALSE
"pair_L2_a2ce4fb6","pathogen_or_aggregate_exposure","pair",3,"UNK",NA,8,8,0,2,2,"HGNC:TRIM28|STR:rsev_p5t_moi_5_8dpi",TRUE
"pair_L2_a3870733","small_molecule","pair",2,"UNK",NA,8,8,0,1,1,"STR:treated_with_cd_5_m_for_72h",FALSE
"pair_L2_a44cb610","small_molecule","pair",2,"UNK",NA,8,8,0,2,2,"STR:10_days_epz5676_treatment|STR:dcac50",TRUE
"pair_L2_a53ef28f","small_molecule","pair",2,"UNK",NA,11,11,0,3,3,"STR:rap|STR:rig_i_agonist|STR:rig_i_agonist_tipiracil",TRUE
"pair_L2_aa784cfe","small_molecule","pair",3,"UNK",NA,74,74,0,5,5,"STR:1000_ng_ml_dox|STR:50_ng_ml_dox|STR:991|STR:oga_mgea5_inhibitor|STR:ogt_inhibitor",TRUE
"pair_L2_aaea7072","small_molecule","pair",7,"UNK",NA,20,20,0,4,4,"HGNC:INTS11|HGNC:PPP1R10|HGNC:XRN2|STR:plus_tmp",TRUE
"pair_L2_aed40974","small_molecule","pair",2,"UNK",NA,8,8,0,0,0,"",FALSE
"pair_L2_afa7e7ad","disease_vs_normal","pair",2,"UNK",NA,14,14,2,0,2,"STR:endometriosis|STR:iua_patient",TRUE
"pair_L2_b08e5e04","small_molecule","pair",6,"UNK",NA,22,22,0,8,8,"CHEBI:27847|STR:bleomycin_alpha_lipoic_acid|STR:bleomycin_curcumin|STR:bleomycin_nad|STR:bleomycin_nmn",TRUE
"pair_L2_b203569f","disease_vs_normal","pair",2,"UNK",NA,15,15,2,0,2,"MeSH:D012595|STR:psoriasis_skin_lesion",TRUE
"pair_L2_b2c597b9","disease_vs_normal","pair",2,"UNK",NA,7,7,2,0,2,"MeSH:D009369|STR:idiopathic_nodular_glomerulosclerosis",TRUE
"pair_L2_b36d610e","small_molecule","pair",2,"UNK",NA,5,5,0,1,1,"STR:e64fc65",FALSE
"pair_L2_b3c5f6b8","pathogen_or_aggregate_exposure","pair",3,"UNK",NA,47,47,0,2,2,"STR:ev_d68|STR:sars_cov_2_infected",TRUE
"pair_L2_b46758cc","small_molecule","pair",5,"UNK",NA,29,29,0,8,8,"CHEBI:50113|STR:androgen_and_enzalutamide|STR:androgen_and_imtppe|STR:androgen_and_jj_450|STR:estradiol_100nm_plus_ezalutamide_1_micromolar",TRUE
"pair_L2_b611479f","small_molecule","pair",2,"UNK",NA,5,5,0,2,2,"CHEBI:230484|STR:fkbp",TRUE
"pair_L2_b9d69003","disease_vs_normal","pair",2,"UNK",NA,10,10,3,0,3,"STR:biliary_atresia|STR:pediatric_autoimmune_hepatitis|STR:pediatric_cholestatic_liver_disease",TRUE
"pair_L2_bea17786","small_molecule","pair",2,"CHEBI:2549","albuterol",14,14,0,1,1,"CHEBI:2549",FALSE
"pair_L2_bf7984e1","disease_vs_normal","pair",2,"UNK",NA,27,27,0,0,0,"",FALSE
"pair_L2_bfcae63a","small_molecule","pair",2,"CHEBI:31638","fulvestrant",7,7,0,2,2,"CHEBI:31638|STR:fulvestrant_10nm",TRUE
"pair_L2_c32e8997","small_molecule","pair",2,"UNK",NA,23,23,0,4,4,"STR:100ng_peptide|STR:10ng_peptide|STR:1ng_peptide|STR:treated_with_nps_for_24_hours",TRUE
"pair_L2_c6622976","disease_vs_normal","pair",2,"UNK",NA,300,300,1,0,1,"MeSH:D000544",FALSE
"pair_L2_cb70e499","pathogen_or_aggregate_exposure","pair",2,"UNK",NA,58,58,0,0,0,"",FALSE
"pair_L2_d0043810","disease_vs_normal","pair",2,"UNK",NA,53,53,2,0,2,"STR:sjs|STR:sle",TRUE
"pair_L2_d2ad77ae","small_molecule","pair",2,"UNK",NA,6,6,0,1,1,"CHEBI:231342",FALSE
"pair_L2_d38ba1fa","small_molecule","pair",3,"UNK",NA,7,7,0,3,3,"STR:25mm_mannose_treatment|STR:a549_cells_treated_with_0um_diazinon|STR:treated_with_2_m_b35_for_72h",TRUE
"pair_L2_d4aa765e","disease_vs_normal","pair",2,"UNK",NA,20,20,1,0,1,"STR:gbm",FALSE
"pair_L2_d6175029","small_molecule","pair",2,"UNK",NA,5,5,0,1,1,"STR:drug_treated",FALSE
"pair_L2_d6365a4d","small_molecule","pair",2,"UNK",NA,12,12,0,3,3,"STR:1_um_pape|STR:10_nm_e2|STR:st101",TRUE
"pair_L2_d87355da","small_molecule","pair",2,"CHEBI:50756","acridone",6,6,0,0,0,"",FALSE
"pair_L2_d9cd519f","disease_vs_normal","pair",2,"UNK",NA,22,22,2,0,2,"STR:prostate_cancer_crpc|STR:prostate_cancer_cspc",TRUE
"pair_L2_dde07cb9","small_molecule","pair",3,"UNK",NA,31,31,0,8,8,"STR:cells_treated_for_72h_with_mapki|STR:cells_treated_for_72h_with_mapki_and_recovered_2_days_in_drug_free_medium|STR:cells_treated_for_72h_with_mapki_and_recovered_9_days_in_drug_free_medium|STR:mapk_inhibitors_followed_by_cycloheximid_and_tryptolide_treatment_for_3_hours|STR:mapk_inhibitors_followed_by_cycloheximid_and_tryptolide_treatment_for_5_hours",TRUE
"pair_L2_df0ddd77","disease_vs_normal","pair",2,"UNK",NA,11,11,3,0,3,"STR:ad|STR:cpuo|STR:psoriasis_skin_lesion",TRUE
"pair_L2_df367b16","small_molecule","pair",2,"UNK",NA,82,82,0,6,6,"CHEBI:44975|HGNC:PPARGC1A|HGNC:PRKAA2|HGNC:TFE3|STR:991",TRUE
"pair_L2_e0758617","small_molecule","pair",2,"UNK",NA,5,5,0,2,2,"CHEBI:205761|STR:ovcar8_cells_treated_with_400_nm_azd1775",TRUE
"pair_L2_e13ca9a3","small_molecule","pair",2,"STR:white bean 7s globulin","White Bean 7S globulin",43,43,0,0,0,"",FALSE
"pair_L2_e2dd0e8c","pathogen_or_aggregate_exposure","pair",2,"STR:sars-cov-2","SARS-CoV-2",24,24,0,1,1,"STR:sars_cov_2_infection_at_moi_1_during_24_h",FALSE
"pair_L2_e55af085","disease_vs_normal","pair",2,"UNK",NA,13,13,2,0,2,"STR:high_ige|STR:low_ige",TRUE
"pair_L2_e7fe4ac6","disease_vs_normal","pair",2,"UNK",NA,14,14,2,0,2,"STR:scd|STR:sepsis",TRUE
"pair_L2_e848e804","disease_vs_normal","pair",2,"UNK",NA,33,33,3,0,3,"STR:dm1|STR:dm2|STR:ltbi",TRUE
"pair_L2_e86e3714","small_molecule","pair",2,"UNK",NA,13,13,0,2,2,"STR:gard|STR:treated",TRUE
"pair_L2_e8f12cc9","disease_vs_normal","pair",3,"UNK",NA,90,90,2,0,2,"MeSH:D012595|STR:cteph",TRUE
"pair_L2_e9c5f09b","small_molecule","pair",2,"UNK",NA,21,21,0,4,4,"STR:treated_with_0_32um_imd_0354_for_24h|STR:treated_with_0_63um_imd_0354_for_24h|STR:treated_with_0_63um_imd_0354_for_48h|STR:treated_with_1_25um_imd_0354_for_24h",TRUE
"pair_L2_e9e16d10","small_molecule","pair",2,"UNK",NA,5,5,0,2,2,"STR:2_5_m_ferroptocide_for_6_hr|STR:dbrd9_a_pretreated_plus_ifn_alpha2",TRUE
"pair_L2_eeebd1c9","disease_vs_normal","pair",3,"UNK",NA,97,97,11,0,11,"STR:patient_10_glioblastoma_rna_seq_of_brain_tumor_tissue|STR:patient_11_glioblastoma_rna_seq_of_brain_tumor_tissue|STR:patient_12_glioblastoma_rna_seq_of_brain_tumor_tissue|STR:patient_13_glioblastoma_rna_seq_of_brain_tumor_tissue|STR:patient_14_glioblastoma_rna_seq_of_brain_tumor_tissue",TRUE
"pair_L2_efd05d70","small_molecule","pair",2,"UNK",NA,7,7,0,3,3,"CHEBI:95071|STR:gsk2830371_10um_for_1_hour|STR:gsk2830371_10um_for_5_hours",TRUE
"pair_L2_f3e52afd","small_molecule","pair",3,"UNK",NA,11,11,0,2,2,"STR:mycmi_7|STR:treated_with_ppt_5nm",TRUE
"pair_L2_f55531b1","small_molecule","pair",2,"UNK",NA,6,6,0,2,2,"STR:nicl2_100_m_for_6_weeks|STR:nnk_treatment",TRUE
"pair_L2_f87945e6","disease_vs_normal","pair",3,"UNK",NA,658,658,15,0,15,"MeSH:D000789|MeSH:D001943|MeSH:D006976|MeSH:D010051|MeSH:D010182",TRUE
"pair_L2_facc3494","disease_vs_normal","pair",2,"UNK",NA,15,15,0,0,0,"",FALSE
"pair_L2_ffad893c","disease_vs_normal","pair",2,"UNK",NA,70,70,3,0,3,"STR:advanced_hcc|STR:dysplastic_nodule|STR:early_hcc",TRUE
"pair_L3_00847e51","disease_vs_normal","pair",2,"UNK",NA,6,6,2,0,2,"STR:dcm|STR:lesion",TRUE
"pair_L3_00ca2b12","small_molecule","pair",5,"UNK",NA,17,17,0,4,4,"CHEBI:177705|STR:1_nm_e2|STR:mdm2_protac|STR:tpl_125nm",TRUE
"pair_L3_02213d66","disease_vs_normal","pair",8,"UNK",NA,182,182,7,0,7,"MeSH:D003110|MeSH:D003424|STR:cd_active|STR:crohn_s_disease|STR:primary_colon_cancer",TRUE
"pair_L3_0295ca8e","small_molecule","pair",2,"CHEBI:16579","anisole",15,15,0,2,2,"STR:1|STR:1alpha",TRUE
"pair_L3_036c01f6","small_molecule","pair",2,"UNK",NA,21,21,0,4,4,"STR:10um_unc1999_for_48h|STR:flud_50um|STR:ibru_5um|STR:idel_10um",TRUE
"pair_L3_038f0676","disease_vs_normal","pair",3,"UNK",NA,63,63,3,0,3,"MeSH:D009369|STR:prostate|STR:prostate_adenocarcinoma",TRUE
"pair_L3_03a4a1b8","disease_vs_normal","pair",2,"UNK",NA,11,11,0,0,0,"",FALSE
"pair_L3_03ff2ddf","small_molecule","pair",2,"UNK",NA,5,5,0,1,1,"STR:z36",FALSE
"pair_L3_04e97c4d","small_molecule","pair",4,"UNK",NA,34,34,0,9,9,"STR:20_micromolar_of_mp470|STR:cells_treated_for_72h_with_mapki|STR:cells_treated_for_72h_with_mapki_and_recovered_2_days_in_drug_free_medium|STR:cells_treated_for_72h_with_mapki_and_recovered_9_days_in_drug_free_medium|STR:mapk_inhibitors_followed_by_cycloheximid_and_tryptolide_treatment_for_3_hours",TRUE
"pair_L3_04f28b36","pathogen_or_aggregate_exposure","pair",3,"UNK",NA,60,60,0,0,0,"",FALSE
"pair_L3_06ab5070","small_molecule","pair",2,"CHEBI:27388","benzoylacetyl-CoA",5,5,0,1,1,"STR:3_day_doxycycline",FALSE
"pair_L3_07c44cf5","disease_vs_normal","pair",2,"UNK",NA,59,59,1,0,1,"STR:multiple_sclerosis",FALSE
"pair_L3_081bd546","small_molecule","pair",2,"UNK",NA,12,12,0,3,3,"STR:cpt_1_m|STR:cpt_1_m_gta_2mm_5_aza_1_m|STR:gta_2mm_5_aza_1_m",TRUE
"pair_L3_09016a8c","disease_vs_normal","pair",3,"UNK",NA,15,15,3,0,3,"STR:cervical_cancer_iia|STR:cervical_cancer_patient|STR:cervical_intraepithelial_neoplasia_stage_iii",TRUE
"pair_L3_097cc06f","small_molecule","pair",2,"UNK",NA,6,6,0,2,2,"STR:2um_ezh2i|STR:the_treat_group_of_inhibition_of_prmt5_by_prmt5_inhibitor_gsk3326595",TRUE
"pair_L3_0a681c2b","disease_vs_normal","pair",3,"UNK",NA,15,15,2,0,2,"MeSH:D003424|STR:crohn_s_disease_with_fistule",TRUE
"pair_L3_0a91d0a0","disease_vs_normal","pair",4,"UNK",NA,39,39,4,0,4,"MeSH:D009369|STR:early_dn|STR:idiopathic_nodular_glomerulosclerosis|STR:kidney",TRUE
"pair_L3_0aaa5253","pathogen_or_aggregate_exposure","pair",4,"UNK",NA,19,19,0,5,5,"STR:iavdns1_infected_moi_3|STR:infected_hi176_at_moi_of_100_1|STR:sars_cov_2_delta_variant|STR:sars_cov_2_infected_human_bronchial_epithelium_cells_7_dpi|STR:sars_cov_2_spike_pseudotyped_lentiviruses",TRUE
"pair_L3_0b8e1e42","small_molecule","pair",2,"UNK",NA,14,14,0,5,5,"STR:1_25_mg_ml_vasaka|STR:10_g_cm2_pine|STR:10_g_cm2_pine_1_25_mg_ml_vasaka|STR:10_m_bsgl_for_24h|STR:10_m_rsgl_for_24h",TRUE
"pair_L3_0b9a0774","disease_vs_normal","pair",3,"UNK",NA,43,43,3,0,3,"MeSH:D015477|STR:disseminated_tumor_cells_dtcs|STR:non_tumor_mononuclear_cells_mncs",TRUE
"pair_L3_0e22a2fd","disease_vs_normal","pair",2,"UNK",NA,6,6,1,0,1,"STR:early",FALSE
"pair_L3_0e68b969","disease_vs_normal","pair",4,"UNK",NA,48,48,3,0,3,"MeSH:D003882|MeSH:D010300|STR:alzheimer_s_disease",TRUE
"pair_L3_10b10665","small_molecule","pair",2,"CHEBI:71019","omacetaxine mepesuccinate",20,20,0,1,1,"CHEBI:71019",FALSE
"pair_L3_122bbb02","small_molecule","pair",4,"CHEBI:68534","enzalutamide",20,20,0,2,2,"CHEBI:68534|STR:wt_100nm_plus_ezalutamide_1_micromolar",TRUE
"pair_L3_12a600c4","disease_vs_normal","pair",2,"UNK",NA,54,54,1,0,1,"STR:ffpe_bladder_tumor_block",FALSE
"pair_L3_131439e8","small_molecule","pair",2,"UNK",NA,8,8,0,3,3,"STR:cub_0_1_m|STR:cub_0_2_m|STR:fangchinoline_8_m",TRUE
"pair_L3_1454ee6b","small_molecule","pair",3,"UNK",NA,16,16,0,1,1,"STR:2_dg_hypoxia",FALSE
"pair_L3_163c08f4","disease_vs_normal","pair",3,"UNK",NA,98,98,1,0,1,"STR:severe_preeclampsia",FALSE
"pair_L3_16d9eb65","small_molecule","pair",2,"UNK",NA,10,10,0,2,2,"STR:25a|STR:chemotherapies",TRUE
"pair_L3_17a71a7f","small_molecule","pair",2,"UNK",NA,48,48,0,2,2,"CHEBI:59043|STR:antagomir_5x",TRUE
"pair_L3_187e1da8","small_molecule","pair",6,"UNK",NA,22,22,0,8,8,"CHEBI:27847|STR:bleomycin_alpha_lipoic_acid|STR:bleomycin_curcumin|STR:bleomycin_nad|STR:bleomycin_nmn",TRUE
"pair_L3_18acf524","small_molecule","pair",11,"UNK",NA,77,77,0,10,10,"CHEBI:59642|STR:1ae|STR:360_nm_169_treated|STR:cia1_18_hours|STR:ipi_9119_100_nm",TRUE
"pair_L3_18e4827c","disease_vs_normal","pair",2,"UNK",NA,23,23,2,0,2,"STR:keratoconus|STR:ktcn",TRUE
"pair_L3_1a008ade","disease_vs_normal","pair",3,"UNK",NA,24,24,2,0,2,"MeSH:D001172|STR:end_stage_oa",TRUE
"pair_L3_1a7d7d79","small_molecule","pair",2,"UNK",NA,18,18,0,7,7,"STR:om_85_100ug_ml_2hr|STR:om_85_100ug_ml_8hr|STR:om_85_300ug_ml_2hr|STR:om_85_300ug_ml_8hr|STR:om_85_900ug_ml_2hr",TRUE
"pair_L3_1b90d403","small_molecule","pair",7,"UNK",NA,20,20,0,4,4,"HGNC:INTS11|HGNC:PPP1R10|HGNC:XRN2|STR:plus_tmp",TRUE
"pair_L3_1c600c8e","small_molecule","pair",2,"UNK",NA,41,41,0,3,3,"STR:75_um_ho53_24h|STR:75_um_ho53_4h|STR:75_um_ho53_8h",TRUE
"pair_L3_1eef27ca","disease_vs_normal","pair",2,"UNK",NA,49,49,1,0,1,"MeSH:D008175",FALSE
"pair_L3_1fbe58ce","small_molecule","pair",2,"UNK",NA,8,8,0,2,2,"STR:a83_01_treated|STR:t1_treated_a83_01",TRUE
"pair_L3_1fc39725","disease_vs_normal","pair",3,"UNK",NA,30,30,2,0,2,"STR:papillary_thyroid_carcinoma_ptc|STR:short_telomere_tumor",TRUE
"pair_L3_20083963","disease_vs_normal","pair",2,"UNK",NA,10,10,1,0,1,"STR:eosinophilic_esophagitis_eoe",FALSE
"pair_L3_201bd063","small_molecule","pair",2,"UNK",NA,11,11,0,1,1,"STR:tnflt_treatment",FALSE
"pair_L3_20dbd03e","small_molecule","pair",3,"UNK",NA,10,10,0,4,4,"STR:25mg_kg_oral_gavage_twice_daily|STR:acala_azd5153_0_5mgkg|STR:mbp50_wild_type_peptide_10_mg_kg|STR:mutant_type_peptide_10_mg_kg",TRUE
"pair_L3_2149e92d","disease_vs_normal","pair",2,"UNK",NA,25,25,2,0,2,"MeSH:D000072657|STR:dysplastic_cml",TRUE
"pair_L3_21e8bbe8","disease_vs_normal","pair",2,"UNK",NA,9,9,1,0,1,"STR:pcos",FALSE
"pair_L3_2213b0b1","small_molecule","pair",4,"UNK",NA,23,23,0,4,4,"STR:akt_inhibitor_treated|STR:erk_inhibitor_treated|STR:mek_inhibitor_treated|STR:tgfb",TRUE
"pair_L3_221baac9","disease_vs_normal","pair",2,"MeSH:D003319","Corneal Stroma",148,148,2,0,2,"MeSH:D003424|STR:newly_diagnosed_crohn_s_disease",TRUE
"pair_L3_22428918","disease_vs_normal","pair",5,"UNK",NA,110,110,6,0,6,"MeSH:D002292|MeSH:D009369|STR:kidney_tumor_pool_1_n_3_donors|STR:kidney_tumor_pool_2_n_3_donors|STR:kidney_tumor_pool_3_n_3_donors",TRUE
"pair_L3_24463a3b","disease_vs_normal","pair",4,"UNK",NA,44,44,3,0,3,"STR:caucasian_women|STR:low_grade_endometrial_stromal_sarcoma_lg_ess|STR:uterine_tumor",TRUE
"pair_L3_2494cff3","small_molecule","pair",2,"UNK",NA,15,15,0,2,2,"STR:cyh33|STR:lipo",TRUE
"pair_L3_25f28290","disease_vs_normal","pair",2,"UNK",NA,24,24,5,0,5,"MeSH:D045743|STR:early_systemic_sclerosis|STR:limited_systemic_sclerosis|STR:non_cutaneous_systemic_sclerosis|STR:ra_patient",TRUE
"pair_L3_27d241bd","disease_vs_normal","pair",4,"UNK",NA,81,81,1,0,1,"STR:lesional",FALSE
"pair_L3_29210a44","disease_vs_normal","pair",3,"UNK",NA,17,17,3,0,3,"STR:endometriosis|STR:iua_patient|STR:rif",TRUE
"pair_L3_2ac79b7d","small_molecule","pair",2,"UNK",NA,10,10,0,3,3,"STR:24_hour_kl1|STR:24_hour_kl2|STR:bpn_15477_treated",TRUE
"pair_L3_2d25f4d5","disease_vs_normal","pair",2,"UNK",NA,15,15,3,0,3,"MeSH:D045743|STR:patient_with_sickle_cell_disease|STR:raynaud_s_phenomenon",TRUE
"pair_L3_2fc36aeb","pathogen_or_aggregate_exposure","pair",2,"STR:tuberculosis","Tuberculosis",41,41,0,0,0,"",FALSE
"pair_L3_30058286","disease_vs_normal","pair",3,"UNK",NA,24,24,2,0,2,"STR:brain_metastatic_tissue_from_solid_tumor|STR:glioblastoma_tumor",TRUE
"pair_L3_31723be3","pathogen_or_aggregate_exposure","pair",2,"UNK",NA,9,9,0,2,2,"STR:infected|STR:p100pop_infected",TRUE
"pair_L3_31eadcc8","disease_vs_normal","pair",4,"UNK",NA,29,29,1,0,1,"STR:placenta_accreta_spectrum_samples_pa",FALSE
"pair_L3_3318e723","disease_vs_normal","pair",23,"UNK",NA,1029,1029,29,0,29,"MeSH:D000789|MeSH:D001943|MeSH:D006976|MeSH:D009080|MeSH:D010051",TRUE
"pair_L3_33bc7753","disease_vs_normal","pair",2,"UNK",NA,13,13,2,0,2,"MeSH:D009369|STR:gallbladder_tumor",TRUE
"pair_L3_3442579b","disease_vs_normal","pair",2,"UNK",NA,100,100,2,0,2,"STR:psoriasis|STR:uc",TRUE
"pair_L3_34819e4b","small_molecule","pair",3,"UNK",NA,15,15,0,3,3,"STR:3_m_hci_2509_for_4_hrs|STR:kpt_335|STR:meki",TRUE
"pair_L3_34926ae6","pathogen_or_aggregate_exposure","pair",3,"STR:sars-cov-2","SARS-CoV-2",27,27,0,2,2,"STR:sars_cov_2_infected|STR:sars_cov_2_infection_at_moi_1_during_24_h",TRUE
"pair_L3_35138869","disease_vs_normal","pair",3,"UNK",NA,40,40,2,0,2,"STR:cmml|STR:symptomatic",TRUE
"pair_L3_352b7489","disease_vs_normal","pair",2,"UNK",NA,11,11,1,0,1,"STR:ms",FALSE
"pair_L3_35f3b182","small_molecule","pair",4,"CHEBI:16635","Met-tRNA<small><sup>Met</small></sup>",28,28,0,4,4,"STR:1_ng_ml_tgfbeta1_apical_treatment|STR:10ng_ml_tgf_2h_treatment|STR:10ng_ml_tgf_6h_treatment|STR:tgf_beta1",TRUE
"pair_L3_36439368","small_molecule","pair",2,"UNK",NA,16,16,0,3,3,"CHEBI:39867|STR:aso1|STR:vpa_aso1",TRUE
"pair_L3_375a03b7","small_molecule","pair",2,"UNK",NA,6,6,0,1,1,"STR:rmc_6272",FALSE
"pair_L3_382128e8","disease_vs_normal","pair",2,"UNK",NA,25,25,2,0,2,"MeSH:D015179|STR:colorectal_cancer_stem_cell_spheroids",TRUE
"pair_L3_38be1b11","small_molecule","pair",2,"UNK",NA,14,14,0,2,2,"STR:anti_clever_1_therapy|STR:txm_18_12_txm_molecule",TRUE
"pair_L3_391eb038","small_molecule","pair",2,"UNK",NA,12,12,0,3,3,"STR:1_um_pape|STR:10_nm_e2|STR:st101",TRUE
"pair_L3_3945401f","pathogen_or_aggregate_exposure","pair",3,"UNK",NA,35,35,0,1,1,"CHEBI:53806",FALSE
"pair_L3_39757e12","disease_vs_normal","pair",2,"UNK",NA,5,5,0,0,0,"",FALSE
"pair_L3_3af10359","disease_vs_normal","pair",3,"UNK",NA,28,28,4,0,4,"STR:bronchopulmonary_dysplasia_bpd|STR:mash|STR:mycosis_fungoides|STR:sezary_syndrome",TRUE
"pair_L3_3b7047ab","pathogen_or_aggregate_exposure","pair",2,"STR:sars-cov-2","SARS-CoV-2",10,10,0,1,1,"STR:sars_cov_2_infected",FALSE
"pair_L3_3cb36e33","small_molecule","pair",2,"UNK",NA,4,4,0,2,2,"STR:r1881_10nm_16h|STR:rna",TRUE
"pair_L3_3d8313ce","small_molecule","pair",2,"UNK",NA,9,9,0,1,1,"STR:5_um_tazemetostat",FALSE
"pair_L3_3e83988f","small_molecule","pair",2,"CHEBI:6801","metformin",23,23,0,1,1,"CHEBI:6801",FALSE
"pair_L3_3f73e184","small_molecule","pair",4,"UNK",NA,9,9,0,3,3,"STR:10_m_ferroptocide_for_6_hr|STR:compound_19_048_1um|STR:gfp",TRUE
"pair_L3_3fa65ec9","disease_vs_normal","pair",2,"UNK",NA,9,9,2,0,2,"STR:pneumonia_induced_sepsis|STR:pneumonia_patients_without_sepsis",TRUE
"pair_L3_3fd3087f","small_molecule","pair",3,"UNK",NA,34,34,0,8,8,"CHEBI:68741|CHEBI:68747|STR:24_hours_of_metabolic_recovery_from_methionine_restriction_unc0642|STR:5_aza_2_deoxycytidine_30_nm|STR:5_aza_2_deoxycytidine_30_nm_epz_6438_1_um",TRUE
"pair_L3_406f0f84","small_molecule","pair",2,"CHEBI:16635","Met-tRNA<small><sup>Met</small></sup>",11,11,0,3,3,"STR:recombinant_human_tgfb1|STR:tgf_beta_10_ng_ml_2h|STR:tgf_beta_10_ng_ml_48h",TRUE
"pair_L3_40eaaabb","small_molecule","pair",2,"UNK",NA,28,28,0,10,10,"CHEBI:167693|STR:bza|STR:dac_depsi|STR:dac_gsk343|STR:dac_s2101",TRUE
"pair_L3_41b87f46","small_molecule","pair",2,"UNK",NA,8,8,0,1,1,"STR:e64fc65",FALSE
"pair_L3_42d35721","small_molecule","pair",2,"UNK",NA,8,8,0,2,2,"CHEBI:30145|STR:100x",TRUE
"pair_L3_43afa810","small_molecule","pair",2,"UNK",NA,8,8,0,3,3,"STR:e2_10_nm_30_min|STR:e2_10_nm_60_min|STR:treated_with_jg_98_for_12hours",TRUE
"pair_L3_44ff4e09","disease_vs_normal","pair",6,"UNK",NA,96,96,8,0,8,"STR:breast|STR:frozen_breast_tumors|STR:her2|STR:luminal_a|STR:luminal_b",TRUE
"pair_L3_4530a7a1","small_molecule","pair",6,"UNK",NA,25,25,0,6,6,"STR:ibet151|STR:mtx_211_1_m|STR:mtx_216_1_m|STR:otx015_72h|STR:pre_treated_with_epz5676_for_one_week",TRUE
"pair_L3_46a1f228","disease_vs_normal","pair",6,"UNK",NA,137,137,7,0,7,"MeSH:D006528|MeSH:D008113|STR:cirrhotic_hepatocellular_carcinoma|STR:hcc_tumor_tissue|STR:liver_tissue",TRUE
"pair_L3_48650013","pathogen_or_aggregate_exposure","pair",2,"STR:sars-cov-2","SARS-CoV-2",12,12,0,1,1,"STR:sars_cov_2_infection_at_moi_1_during_24_h",FALSE
"pair_L3_48cf0e9a","disease_vs_normal","pair",2,"UNK",NA,6,6,2,0,2,"STR:cd|STR:crohn_s_disease_with_perifistule",TRUE
"pair_L3_499c5c27","disease_vs_normal","pair",2,"UNK",NA,10,10,1,0,1,"MeSH:D019694",FALSE
"pair_L3_4aa3ce59","small_molecule","pair",2,"UNK",NA,14,14,0,5,5,"STR:baq12|STR:baq12o|STR:baq13|STR:lys05|STR:treated_cell_lines_with_adh_6",TRUE
"pair_L3_4bd5dfe5","small_molecule","pair",2,"UNK",NA,15,15,0,4,4,"STR:lncap_cells_treated_with_0_1_nm_r1881_for_24_hours|STR:lncap_cells_treated_with_1_nm_r1881_and_500_nm_snx631_for_72_hours|STR:lncap_cells_treated_with_1_nm_r1881_for_72_hours|STR:lncap_cells_treated_with_500_nm_snx631_for_72_hours",TRUE
"pair_L3_4c2380e9","small_molecule","pair",7,"UNK",NA,42,42,0,7,7,"CHEBI:231605|CHEBI:231674|CHEBI:95071|STR:1um_dac_6_days|STR:gsk2830371_10um_for_1_hour",TRUE
"pair_L3_4cf1af7d","disease_vs_normal","pair",7,"UNK",NA,165,165,4,0,4,"MeSH:D006528|STR:alps_fas|STR:inflammatory_arthritis|STR:sals",TRUE
"pair_L3_4d0e2f92","disease_vs_normal","pair",2,"UNK",NA,51,51,1,0,1,"STR:mds",FALSE
"pair_L3_4d33995f","disease_vs_normal","pair",2,"UNK",NA,674,674,0,0,0,"",FALSE
"pair_L3_510c76bd","disease_vs_normal","pair",4,"UNK",NA,70,70,3,0,3,"MeSH:D001943|STR:er_pr|STR:human_breast_cancer",TRUE
"pair_L3_514f4eaa","small_molecule","pair",2,"UNK",NA,5,5,0,1,1,"STR:drug_treated",FALSE
"pair_L3_539c5b91","disease_vs_normal","pair",2,"UNK",NA,38,38,3,0,3,"STR:atopic_asthmatic|STR:atopic_non_asthmatic|STR:non_atopic_asthmatic",TRUE
"pair_L3_56650f72","pathogen_or_aggregate_exposure","pair",3,"UNK",NA,46,46,0,0,0,"",FALSE
"pair_L3_56ec9451","disease_vs_normal","pair",9,"UNK",NA,91,91,5,0,5,"MeSH:D000544|STR:dm1|STR:gbm|STR:human_brain_adenocarcinoma_metastasis|STR:parkinson_s_disease_pd",TRUE
"pair_L3_56fe7ce7","small_molecule","pair",2,"UNK",NA,17,17,0,1,1,"STR:bjikt_monotherapy",FALSE
"pair_L3_57bed1a6","disease_vs_normal","pair",2,"UNK",NA,46,46,1,0,1,"STR:intermittent_claudicant",FALSE
"pair_L3_58f1eec7","small_molecule","pair",2,"CHEBI:17126","carnitine",59,59,0,1,1,"CHEBI:16412",FALSE
"pair_L3_592e9341","small_molecule","pair",12,"UNK",NA,351,351,0,10,10,"CHEBI:15843|STR:131i_mibg_irinotecan|STR:131i_mibg_vorinostat|STR:cpg1018|STR:mav",TRUE
"pair_L3_5b0199bb","pathogen_or_aggregate_exposure","pair",4,"UNK",NA,60,60,0,1,1,"CHEBI:73823",FALSE
"pair_L3_5b855e22","disease_vs_normal","pair",2,"UNK",NA,19,19,2,0,2,"STR:chronic_pariodontiits|STR:lad1_periodontitis",TRUE
"pair_L3_5c7a5f82","disease_vs_normal","pair",2,"UNK",NA,8,8,2,0,2,"STR:idiopathic_pulmonary_arterial_hypertension_ipah|STR:ipah",TRUE
"pair_L3_5d7d8eea","pathogen_or_aggregate_exposure","pair",8,"UNK",NA,297,297,0,0,0,"",FALSE
"pair_L3_5e73120e","small_molecule","pair",2,"UNK",NA,10,10,0,1,1,"STR:sal_b_treated",FALSE
"pair_L3_5f64306a","disease_vs_normal","pair",2,"UNK",NA,17,17,2,0,2,"STR:erosive_rheumatoid_arthritis_ra|STR:symptomatic",TRUE
"pair_L3_60217770","small_molecule","pair",2,"UNK",NA,14,14,0,4,4,"STR:1_m_a|STR:10_nm_a|STR:10_nm_a_tnf_il_1|STR:ncd_38",TRUE
"pair_L3_60e98100","pathogen_or_aggregate_exposure","pair",2,"UNK",NA,236,236,0,0,0,"",FALSE
"pair_L3_61432532","disease_vs_normal","pair",8,"UNK",NA,309,309,3,0,3,"MeSH:D002311|STR:atrial_fibrillation|STR:hcm",TRUE
"pair_L3_6278ed9a","small_molecule","pair",2,"UNK",NA,16,16,0,6,6,"CHEBI:220491|CHEBI:231598|CHEBI:234079|STR:compound_2|STR:compound_3",TRUE
"pair_L3_63041799","disease_vs_normal","pair",3,"UNK",NA,19,19,2,0,2,"MeSH:D009369|STR:pancreatic_adenocarcinoma",TRUE
"pair_L3_63b6924e","small_molecule","pair",15,"UNK",NA,57,57,0,19,19,"CHEBI:132082|CHEBI:16171|CHEBI:49852|STR:100ngpeptide|STR:10ngpeptide",TRUE
"pair_L3_64422bc4","disease_vs_normal","pair",7,"UNK",NA,51,51,8,0,8,"MeSH:D010361|STR:hgps_phenotype_1|STR:hgps_phenotype_2|STR:hgps_phenotype_3|STR:hgps_phenotype_4",TRUE
"pair_L3_669b625f","disease_vs_normal","pair",2,"UNK",NA,24,24,0,0,0,"",FALSE
"pair_L3_67efb003","small_molecule","pair",2,"UNK",NA,12,12,0,4,4,"STR:8hq|STR:8hq_fac|STR:corosolic_acid_treatment|STR:fac",TRUE
"pair_L3_68d8057b","small_molecule","pair",6,"UNK",NA,18,18,0,7,7,"CHEBI:205761|CHEBI:234079|STR:0_8_um_cddo_2p_im|STR:5_5_um_pt_ttpy|STR:compound_2",TRUE
"pair_L3_69df9fe7","disease_vs_normal","pair",2,"UNK",NA,70,70,0,0,0,"",FALSE
"pair_L3_6a033590","disease_vs_normal","pair",4,"UNK",NA,58,58,4,0,4,"MeSH:D002292|STR:aki|STR:bhd|STR:kidney_collecting_duct_tumor",TRUE
"pair_L3_6a75e49c","small_molecule","pair",2,"UNK",NA,5,5,0,2,2,"STR:g007_lk|STR:sch772984_1um_senexin_a_1um_x8weeks",TRUE
"pair_L3_6af18a2a","small_molecule","pair",2,"STR:glycine max 7s globulin","Glycine max 7S globulin",26,26,0,0,0,"",FALSE
"pair_L3_6b67ad61","disease_vs_normal","pair",2,"UNK",NA,22,22,2,0,2,"MeSH:D013274|STR:patient_data",TRUE
"pair_L3_6c511eb3","pathogen_or_aggregate_exposure","pair",2,"CHEBI:16412","lipopolysaccharide",16,16,0,1,1,"CHEBI:16412",FALSE
"pair_L3_6c6b897d","pathogen_or_aggregate_exposure","pair",2,"UNK",NA,5,5,0,2,2,"CHEBI:167896|STR:pdc_sup_lps",TRUE
"pair_L3_6cf7c6f1","small_molecule","pair",3,"UNK",NA,85,85,0,7,7,"CHEBI:44975|HGNC:GNB1L|HGNC:PPARGC1A|HGNC:PRKAA2|HGNC:TFE3",TRUE
"pair_L3_6efaa345","small_molecule","pair",3,"UNK",NA,17,17,0,3,3,"STR:1um_dac_6_days|STR:25_m_dha|STR:pano",TRUE
"pair_L3_6f47546f","cytokine_stim","pair",2,"UNK",NA,13,13,0,1,1,"STR:anti_cd3_anti_cd28",FALSE
"pair_L3_6feb7e64","pathogen_or_aggregate_exposure","pair",2,"UNK",NA,80,80,0,0,0,"",FALSE
"pair_L3_70cd2691","small_molecule","pair",3,"UNK",NA,38,38,0,3,3,"CHEBI:73823|STR:il13_geldanamycin|STR:isox",TRUE
"pair_L3_7197005f","disease_vs_normal","pair",4,"UNK",NA,171,171,4,0,4,"MeSH:D011471|STR:prostate_cancer_crpc|STR:prostate_cancer_cspc|STR:prostate_tissue",TRUE
"pair_L3_71afc0e3","disease_vs_normal","pair",6,"UNK",NA,139,139,4,0,4,"STR:patients_with_osteoporosis_diagnosed|STR:primary_sjogren_s_syndrome|STR:schizophrenia|STR:t2d_case",TRUE
"pair_L3_724d2208","disease_vs_normal","pair",11,"UNK",NA,534,534,18,0,18,"MeSH:D006816|STR:als_spectrum_mnd|STR:other_neurological_disorders|STR:patient_10_glioblastoma_rna_seq_of_brain_tumor_tissue|STR:patient_11_glioblastoma_rna_seq_of_brain_tumor_tissue",TRUE
"pair_L3_7397bcd0","small_molecule","pair",3,"UNK",NA,16,16,0,0,0,"",FALSE
"pair_L3_7432968f","small_molecule","pair",3,"UNK",NA,23,23,0,2,2,"STR:hfn_bdc|STR:hfn_cur",TRUE
"pair_L3_743462d2","disease_vs_normal","pair",8,"UNK",NA,107,107,8,0,8,"MeSH:D008175|MeSH:D015179|STR:atrial_fibrillation|STR:esophagus_cancer_patient|STR:human_liver_cancer_plasma",TRUE
"pair_L3_75189060","pathogen_or_aggregate_exposure","pair",2,"UNK",NA,18,18,0,5,5,"STR:hcov_229e_atcc_vr_740_infected|STR:hrv_16_atcc_vr283_infected|STR:mers_cov_emc_2012_infected|STR:sars_cov_2_omicron_variant_infected|STR:sars_cov_2_wa_01_infected",TRUE
"pair_L3_756cfdaf","small_molecule","pair",2,"UNK",NA,7,7,0,3,3,"STR:ard_61|STR:zbc_11_inhibitor_150nm|STR:zbc_246_degrader_10nm",TRUE
"pair_L3_76ce08e7","small_molecule","pair",4,"UNK",NA,27,27,0,7,7,"STR:2_77|STR:acbi|STR:ard_61|STR:bd98|STR:llc0150_2um_for_24h",TRUE
"pair_L3_77aec46d","disease_vs_normal","pair",5,"UNK",NA,34,34,2,0,2,"STR:cr_patient|STR:nr_patient",TRUE
"pair_L3_78065dac","small_molecule","pair",10,"UNK",NA,43,43,0,11,11,"CHEBI:39185|CHEBI:80025|STR:25_oh_d|STR:2d_cluture|STR:av535_1000ng",TRUE
"pair_L3_79a3da56","disease_vs_normal","pair",3,"UNK",NA,41,41,2,0,2,"MeSH:D008180|STR:rrms_patient_at_relapse_phase",TRUE
"pair_L3_7a664e40","small_molecule","pair",7,"UNK",NA,28,28,0,7,7,"CHEBI:42530|HGNC:NELFE|STR:5_m_cb839_plus_5_m_5fu|STR:ctl|STR:jxy_treatment",TRUE
"pair_L3_7a79fd77","small_molecule","pair",2,"UNK",NA,5,5,0,2,2,"STR:ykl_5_124_100_nm|STR:ykl_5_124_98_nm",TRUE
"pair_L3_7ba15c0c","cytokine_stim","pair",2,"STR:interferon gamma","interferon gamma",5,5,0,2,2,"STR:ifn|STR:interferon_gamma",TRUE
"pair_L3_7c91f41e","disease_vs_normal","pair",2,"UNK",NA,20,20,0,0,0,"",FALSE
"pair_L3_7cefd40a","pathogen_or_aggregate_exposure","pair",2,"UNK",NA,37,37,0,0,0,"",FALSE
"pair_L3_7d9129fc","disease_vs_normal","pair",14,"UNK",NA,231,231,10,0,10,"STR:crao_v|STR:dm1|STR:dm2|STR:fibromylagia_patient_fma|STR:gbm",TRUE
"pair_L3_7eaaaedd","small_molecule","pair",3,"UNK",NA,22,22,0,4,4,"CHEBI:102218|CHEBI:15341|STR:464|STR:dmog_hmgb1",TRUE
"pair_L3_7f0ddceb","disease_vs_normal","pair",7,"UNK",NA,266,266,5,0,5,"MeSH:D001172|MeSH:D010361|STR:fsgs_with_recurrence|STR:fsgs_with_remission|STR:symptomatic",TRUE
"pair_L3_7f88c02a","small_molecule","pair",2,"UNK",NA,8,8,0,1,1,"STR:epz0011989",FALSE
"pair_L3_8087ae76","pathogen_or_aggregate_exposure","pair",2,"UNK",NA,15,15,0,0,0,"",FALSE
"pair_L3_8104a316","disease_vs_normal","pair",4,"UNK",NA,42,42,7,0,7,"MeSH:D003876|STR:ad|STR:cpuo|STR:palmoplantar_psoriasis|STR:psoriasis",TRUE
"pair_L3_8109a099","small_molecule","pair",2,"UNK",NA,13,13,0,3,3,"STR:lse|STR:redact_co|STR:redact_tr",TRUE
"pair_L3_81511a3c","disease_vs_normal","pair",11,"UNK",NA,289,289,7,0,7,"MeSH:D000077192|MeSH:D006863|STR:adenocarcinoma|STR:advanced|STR:atypical_carcinoids_acs",TRUE
"pair_L3_81c5ca8f","small_molecule","pair",9,"UNK",NA,29,29,0,13,13,"CHEBI:582124|STR:2_5_m_ferroptocide_for_6_hr|STR:bay1217389|STR:cells_treated_with_gsk126|STR:cells_treated_with_merck60",TRUE
"pair_L3_81e88cbe","small_molecule","pair",2,"UNK",NA,11,11,0,3,3,"STR:rap|STR:rig_i_agonist|STR:rig_i_agonist_tipiracil",TRUE
"pair_L3_82901553","small_molecule","pair",2,"UNK",NA,69,69,0,6,6,"CHEBI:136185|CHEBI:37845|CHEBI:73634|STR:gfih|STR:gfiph",TRUE
"pair_L3_82d287d5","pathogen_or_aggregate_exposure","pair",2,"UNK",NA,33,33,0,0,0,"",FALSE
"pair_L3_83182390","disease_vs_normal","pair",2,"UNK",NA,9,9,0,0,0,"",FALSE
"pair_L3_839ac540","disease_vs_normal","pair",2,"UNK",NA,6,6,1,0,1,"STR:nerd",FALSE
"pair_L3_844e1696","pathogen_or_aggregate_exposure","pair",4,"UNK",NA,112,112,0,4,4,"STR:activated|STR:hcmv_tb40e|STR:rsva|STR:rsvb",TRUE
"pair_L3_8493b1b5","small_molecule","pair",2,"UNK",NA,6,6,0,0,0,"",FALSE
"pair_L3_852dc523","disease_vs_normal","pair",3,"UNK",NA,63,63,2,0,2,"STR:high_grade_serous_ovarian_cancer|STR:human_high_grade_serous_ovarian_cancer",TRUE
"pair_L3_88493203","disease_vs_normal","pair",2,"UNK",NA,37,37,3,0,3,"STR:atopic_asthmatic|STR:atopic_non_asthmatic|STR:non_atopic_asthmatic",TRUE
"pair_L3_8907f4f2","disease_vs_normal","pair",3,"UNK",NA,26,26,2,0,2,"STR:ffpe_melanoma_tumor|STR:hcc",TRUE
"pair_L3_8b20f65e","disease_vs_normal","pair",2,"UNK",NA,15,15,1,0,1,"STR:conjunctival_scc",FALSE
"pair_L3_8b8e4933","disease_vs_normal","pair",5,"UNK",NA,79,79,3,0,3,"MeSH:D016889|STR:endometrial|STR:endometriosis",TRUE
"pair_L3_8c596525","small_molecule","pair",2,"UNK",NA,16,16,0,0,0,"",FALSE
"pair_L3_8d163707","disease_vs_normal","pair",2,"UNK",NA,13,13,1,0,1,"STR:keratoconus",FALSE
"pair_L3_8d611720","disease_vs_normal","pair",2,"UNK",NA,8,8,1,0,1,"STR:glioblastoma_gbm",FALSE
"pair_L3_8e0bdc99","pathogen_or_aggregate_exposure","pair",2,"UNK",NA,39,39,0,1,1,"STR:hrv",FALSE
"pair_L3_8fa06ded","small_molecule","pair",2,"UNK",NA,10,10,0,3,3,"CHEBI:232521|STR:1_mm_nabu|STR:10_mm_napr",TRUE
"pair_L3_8fbc70e2","small_molecule","pair",2,"CHEBI:50756","acridone",6,6,0,0,0,"",FALSE
"pair_L3_90e85efe","pathogen_or_aggregate_exposure","pair",2,"UNK",NA,4,4,0,1,1,"STR:infected_with_virus_cmv_strain_tb40",FALSE
"pair_L3_91c79ceb","disease_vs_normal","pair",2,"UNK",NA,5,5,1,0,1,"MeSH:D010190",FALSE
"pair_L3_92bf57d0","disease_vs_normal","pair",3,"UNK",NA,29,29,3,0,3,"MeSH:D000077216|MeSH:D010051|STR:adeocarcioma",TRUE
"pair_L3_93704f5c","small_molecule","pair",2,"CHEBI:16635","Met-tRNA<small><sup>Met</small></sup>",12,12,0,1,1,"STR:tgfb_72hrs",FALSE
"pair_L3_94c9b82e","disease_vs_normal","pair",2,"UNK",NA,30,30,1,0,1,"STR:tetralogy_of_fallot",FALSE
"pair_L3_973a2af0","disease_vs_normal","pair",2,"UNK",NA,10,10,2,0,2,"MeSH:D010001|STR:igan",TRUE
"pair_L3_983d9b25","small_molecule","pair",10,"UNK",NA,39,39,0,8,8,"CHEBI:231342|STR:10_days_epz5676_treatment|STR:dcac50|STR:disulfiram_cu|STR:mycmi_7",TRUE
"pair_L3_9848d31f","small_molecule","pair",2,"CHEBI:50845","doxycycline",32,32,0,3,3,"HGNC:ZBTB9|STR:1000_ng_ml_dox|STR:50_ng_ml_dox",TRUE
"pair_L3_991fc524","small_molecule","pair",3,"UNK",NA,23,23,0,2,2,"STR:1mm_ffa|STR:compound_6j",TRUE
"pair_L3_9a323861","pathogen_or_aggregate_exposure","pair",2,"UNK",NA,45,45,0,0,0,"",FALSE
"pair_L3_9c70224b","small_molecule","pair",3,"UNK",NA,13,13,0,3,3,"STR:a4b17|STR:continuous_treatment_of_gdc_0068|STR:dht_a4b17",TRUE
"pair_L3_9fb5ec96","small_molecule","pair",2,"UNK",NA,8,8,0,3,3,"STR:ard69|STR:dt061|STR:sp_2509",TRUE
"pair_L3_9fd62dc3","pathogen_or_aggregate_exposure","pair",2,"UNK",NA,5,5,0,1,1,"STR:jev_infected_5_moi",FALSE
"pair_L3_9ff71e73","disease_vs_normal","pair",30,"UNK",NA,536,536,21,0,21,"MeSH:D005355|MeSH:D006519|MeSH:D009369|MeSH:D065626|STR:advanced_hcc",TRUE
"pair_L3_a0b1610d","small_molecule","pair",8,"UNK",NA,119,119,0,16,16,"HGNC:ZBTB3|STR:1000_ng_ml_dox|STR:50_ng_ml_dox|STR:991|STR:broxaldine_4_hours",TRUE
"pair_L3_a1bdc237","small_molecule","pair",9,"UNK",NA,47,47,0,10,10,"STR:acp_24_hours|STR:cxcl4_orn8l|STR:fev|STR:gard|STR:nsa_cxcl4_orn8l",TRUE
"pair_L3_a1daeea2","disease_vs_normal","pair",2,"UNK",NA,63,63,2,0,2,"MeSH:D009369|STR:prostate_cancer_tissue",TRUE
"pair_L3_a25ca965","disease_vs_normal","pair",2,"UNK",NA,21,21,3,0,3,"MeSH:D009055|STR:oral_lichen_planus_tissue|STR:oral_squamous_cell_carcinoma_tissue",TRUE
"pair_L3_a2fc10fa","disease_vs_normal","pair",2,"UNK",NA,5,5,1,0,1,"STR:bipolar_disorder",FALSE
"pair_L3_a5b50069","disease_vs_normal","pair",4,"UNK",NA,149,149,6,0,6,"STR:als|STR:myositis_as|STR:myositis_dm|STR:myositis_ibm|STR:myositis_imnm",TRUE
"pair_L3_a65d312f","disease_vs_normal","pair",2,"UNK",NA,20,20,1,0,1,"STR:symptomatic",FALSE
"pair_L3_a756d933","pathogen_or_aggregate_exposure","pair",4,"UNK",NA,45,45,0,0,0,"",FALSE
"pair_L3_a8937f55","small_molecule","pair",3,"UNK",NA,11,11,0,4,4,"CHEBI:95074|STR:10_m_amtb|STR:pano|STR:tram",TRUE
"pair_L3_a8b1c0de","cytokine_stim","pair",6,"UNK",NA,54,54,0,11,11,"STR:c_cytokines|STR:cxcl4_orn8l|STR:lps_ifn_gamma_treated_macrophages_m1_polarized|STR:m1_polarized|STR:tnf_ifngamma_12h",TRUE
"pair_L3_a941b199","pathogen_or_aggregate_exposure","pair",6,"UNK",NA,68,68,0,5,5,"STR:ev_d68|STR:rsv_infected_16_h|STR:rsv_infected_24_h|STR:sars_cov_2_infected|STR:seov",TRUE
"pair_L3_ab06bbc1","disease_vs_normal","pair",2,"UNK",NA,29,29,0,0,0,"",FALSE
"pair_L3_af7360a6","small_molecule","pair",2,"UNK",NA,5,5,0,2,2,"STR:25_g_ml_ox_ldl_for_48_h|STR:300_g_ml_sce_pretreated_for_3h_1mm_uric_acid_for_24h",TRUE
"pair_L3_b0fbc582","small_molecule","pair",8,"UNK",NA,58,58,0,10,10,"CHEBI:34749|CHEBI:50113|STR:androgen_and_enzalutamide|STR:androgen_and_imtppe|STR:androgen_and_jj_450",TRUE
"pair_L3_b17de03a","small_molecule","pair",2,"UNK",NA,12,12,0,2,2,"STR:gw3965|STR:r568",TRUE
"pair_L3_b207b01a","disease_vs_normal","pair",2,"UNK",NA,302,302,1,0,1,"MeSH:D000544",FALSE
"pair_L3_b23b00cc","small_molecule","pair",2,"UNK",NA,8,8,0,1,1,"STR:treated_with_cd_5_m_for_72h",FALSE
"pair_L3_b26d6e92","disease_vs_normal","pair",8,"UNK",NA,78,78,6,0,6,"STR:acute_leukemia|STR:diagnosis|STR:mds|STR:pediatric_aml|STR:relapse_1",TRUE
"pair_L3_b30e66ab","pathogen_or_aggregate_exposure","pair",2,"UNK",NA,5,5,0,0,0,"",FALSE
"pair_L3_b35991d3","disease_vs_normal","pair",4,"UNK",NA,20,20,1,0,1,"STR:obese",FALSE
"pair_L3_b3946602","small_molecule","pair",2,"CHEBI:17126","carnitine",8,8,0,2,2,"STR:100ng_ml_lps_treatment|STR:bms",TRUE
"pair_L3_b3bd325e","small_molecule","pair",4,"UNK",NA,20,20,0,5,5,"STR:dmag|STR:ms023_250nm|STR:ms023_gsk591|STR:tat_48h|STR:tat_6h",TRUE
"pair_L3_b3e478c4","disease_vs_normal","pair",3,"UNK",NA,182,182,5,0,5,"STR:als_spectrum_mnd|STR:msa|STR:msa_c|STR:multiple_system_atrophy_msa|STR:other_neurological_disorders",TRUE
"pair_L3_b4b25d23","disease_vs_normal","pair",9,"UNK",NA,97,97,8,0,8,"MeSH:D003924|MeSH:D003928|MeSH:D008175|STR:ad|STR:multiple_sclerosis",TRUE
"pair_L3_b4d64686","small_molecule","pair",2,"CHEBI:17120","hexanoate",47,47,0,2,2,"CHEBI:16412|STR:stimulated_with_lps_for_8h",TRUE
"pair_L3_b5851af9","small_molecule","pair",2,"STR:white bean 7s globulin","White Bean 7S globulin",43,43,0,0,0,"",FALSE
"pair_L3_b6b7bf66","small_molecule","pair",3,"CHEBI:31638","fulvestrant",9,9,0,3,3,"CHEBI:31638|STR:100_nm_fulvestrant_1_nm_e2|STR:fulvestrant_10nm",TRUE
"pair_L3_b758bc28","disease_vs_normal","pair",3,"UNK",NA,13,13,2,0,2,"MeSH:D017676|STR:malignant",TRUE
"pair_L3_b84bc857","pathogen_or_aggregate_exposure","pair",2,"UNK",NA,12,12,0,1,1,"STR:cultured_with_staphylococcus_epidermidis",FALSE
"pair_L3_ba22fae8","disease_vs_normal","pair",3,"UNK",NA,42,42,3,0,3,"MeSH:D003424|STR:colon_cancer_stage_ii_iv|STR:tumor_tissue_colon",TRUE
"pair_L3_bc4afbaf","cytokine_stim","pair",2,"UNK",NA,11,11,0,2,2,"STR:fgf2_wnt3a|STR:tnfaltab",TRUE
"pair_L3_bc687bc8","pathogen_or_aggregate_exposure","pair",2,"UNK",NA,7,7,0,2,2,"STR:vaccinia_wr_4_hrs_post_infection|STR:vaccinia_wr_8_hrs_post_infection",TRUE
"pair_L3_bcee90df","pathogen_or_aggregate_exposure","pair",11,"UNK",NA,105,105,0,9,9,"HGNC:IFIH1|HGNC:TRIM28|STR:infected_with_hcov_229e_virus_for_48_hours|STR:infected_with_hcov_229e_virus_for_6_hours|STR:infected_with_hcov_229e_virus_for_72_hours",TRUE
"pair_L3_bd222b5c","small_molecule","pair",2,"UNK",NA,7,7,0,2,2,"STR:25um_trog|STR:pmb_for_24_hours",TRUE
"pair_L3_bd967e38","pathogen_or_aggregate_exposure","pair",2,"UNK",NA,6,6,0,2,2,"STR:229e|STR:sars_cov2",TRUE
"pair_L3_be4a6f6f","small_molecule","pair",2,"UNK",NA,16,16,0,1,1,"STR:plx",FALSE
"pair_L3_c0a835b2","small_molecule","pair",3,"UNK",NA,22,22,0,5,5,"STR:a485_24_h|STR:jqad1_24_h|STR:rg7388_24h|STR:rg7388_72h|STR:rg7388_temozolomide_72h",TRUE
"pair_L3_c24e7c94","disease_vs_normal","pair",2,"UNK",NA,7,7,1,0,1,"STR:polycystic_ovary_syndrome_pcos",FALSE
"pair_L3_c36a36a5","disease_vs_normal","pair",4,"UNK",NA,65,65,3,0,3,"STR:acute|STR:lymphatic_malformation|STR:non_tb_infection",TRUE
"pair_L3_c493e922","small_molecule","pair",2,"UNK",NA,7,7,0,2,2,"STR:androgen_receptor_targeting_degrader|STR:autophagy_activating_ligand",TRUE
"pair_L3_c6c66ca8","small_molecule","pair",2,"CHEBI:27899","cisplatin",5,5,0,1,1,"STR:0_6_um_cispt",FALSE
"pair_L3_c7f94236","disease_vs_normal","pair",2,"UNK",NA,34,34,1,0,1,"STR:crc_tumor",FALSE
"pair_L3_c8029c02","cytokine_stim","pair",2,"HGNC:6016","IL5",4,4,0,1,1,"STR:10_ng_ml_il_6",FALSE
"pair_L3_ca01a9a3","disease_vs_normal","pair",2,"UNK",NA,12,12,2,0,2,"STR:human_with_cirrhosis|STR:parkinson_disease",TRUE
"pair_L3_cb8ec35e","small_molecule","pair",2,"UNK",NA,10,10,0,2,2,"STR:tgf_beta_type1_receptor_inhibitor_sb_431542|STR:tgf_beta_type1_receptor_inhibitor_sb_431542_dox",TRUE
"pair_L3_cd3046db","disease_vs_normal","pair",3,"UNK",NA,51,51,3,0,3,"STR:c9_ftd|STR:fcd2a|STR:fcd2b",TRUE
"pair_L3_cf8f336c","disease_vs_normal","pair",3,"UNK",NA,101,101,2,0,2,"STR:sle|STR:vexas_patient",TRUE
"pair_L3_d0891690","pathogen_or_aggregate_exposure","pair",2,"UNK",NA,34,34,0,0,0,"",FALSE
"pair_L3_d0994630","small_molecule","pair",2,"UNK",NA,8,8,0,1,1,"STR:2c",FALSE
"pair_L3_d10a91a4","pathogen_or_aggregate_exposure","pair",2,"UNK",NA,14,14,0,5,5,"STR:hcov_nl63_infected|STR:iav_h1n1|STR:sars_cov_2_alpha_variant_infected|STR:sars_cov_2_beta_variant_infected|STR:sars_cov_2_delta_variant_infected",TRUE
"pair_L3_d1f693e3","small_molecule","pair",2,"CHEBI:2549","albuterol",14,14,0,1,1,"CHEBI:2549",FALSE
"pair_L3_d2291c92","small_molecule","pair",2,"CHEBI:68534","enzalutamide",5,5,0,2,2,"STR:10_um_enzalutamide_and_20_nm_onvansertib|STR:enza",TRUE
"pair_L3_d575a6a5","disease_vs_normal","pair",40,"UNK",NA,573,573,33,0,33,"MeSH:D002583|MeSH:D010634|MeSH:D012595|MeSH:D015451|MeSH:D015464",TRUE
"pair_L3_d5bbe92b","disease_vs_normal","pair",4,"UNK",NA,64,64,2,0,2,"MeSH:D015535|MeSH:D016410",TRUE
"pair_L3_d7ba9c3d","small_molecule","pair",2,"STR:transforming growth factor beta","Transforming growth factor beta",6,6,0,2,2,"STR:rna|STR:tgfb_treatment",TRUE
"pair_L3_d8809932","disease_vs_normal","pair",19,"UNK",NA,119,119,13,0,13,"MeSH:D012595|MeSH:D014860|STR:acute_stage_nucl|STR:acute_stage_ucl|STR:frontal_fibrosing_alopecia",TRUE
"pair_L3_d8a451b0","small_molecule","pair",3,"UNK",NA,8,8,0,3,3,"CHEBI:230484|STR:fkbp|STR:lmk235_for_16_hours",TRUE
"pair_L3_d9bdf1a5","small_molecule","pair",2,"UNK",NA,9,9,0,3,3,"CHEBI:131184|STR:treated_with_mb_4_um_for_48_hours|STR:treated_with_ngb_4_um_for_48_hours",TRUE
"pair_L3_d9e8f2c9","small_molecule","pair",3,"UNK",NA,25,25,0,5,5,"STR:10_m_i3mo|STR:5_m_i3mo|STR:ar42_05|STR:ar42_08|STR:enti_2",TRUE
"pair_L3_da8f8b6b","disease_vs_normal","pair",2,"UNK",NA,28,28,2,0,2,"STR:advanced_dn|STR:non_covid_19_ati_kidneys",TRUE
"pair_L3_da9cc97b","disease_vs_normal","pair",6,"UNK",NA,64,64,2,0,2,"MeSH:D003876|STR:skin",TRUE
"pair_L3_daa1a743","small_molecule","pair",9,"UNK",NA,48,48,0,9,9,"CHEBI:46024|STR:0_02_osmoter_treatment|STR:0_06_osmoter_treatment|STR:10_um_pxs_4787a_for_48_hours|STR:hs_276_tgf",TRUE
"pair_L3_dd421fb6","small_molecule","pair",2,"UNK",NA,16,16,0,3,3,"STR:100_nm_glupin|STR:100_nm_glutor|STR:hiv_yu_2_strain",TRUE
"pair_L3_dd536cea","pathogen_or_aggregate_exposure","pair",2,"UNK",NA,13,13,0,0,0,"",FALSE
"pair_L3_dd6b2c62","disease_vs_normal","pair",11,"UNK",NA,213,213,8,0,8,"MeSH:D000077192|MeSH:D008175|MeSH:D009369|STR:ipf_uip|STR:non_small_cell_lung_carcinoma_nsclc",TRUE
"pair_L3_dd854201","small_molecule","pair",2,"UNK",NA,5,5,0,2,2,"STR:5_m_25hc_for_4h|STR:pd_treatment",TRUE
"pair_L3_de836cf2","small_molecule","pair",9,"UNK",NA,54,54,0,10,10,"CHEBI:7959|STR:hepg2_cells_treated_with_nahs|STR:mbp|STR:nabut|STR:pa_bms",TRUE
"pair_L3_deceb48d","small_molecule","pair",3,"UNK",NA,7,7,0,3,3,"STR:10_m_candy|STR:ki696|STR:treated_with_ava_adr_001_for_24_h",TRUE
"pair_L3_df833bef","small_molecule","pair",2,"UNK",NA,14,14,0,3,3,"STR:10_nm_ota|STR:100_nm_ota|STR:case_group_tepp_46",TRUE
"pair_L3_e01708d5","pathogen_or_aggregate_exposure","pair",2,"UNK",NA,20,20,0,3,3,"STR:hhv5|STR:l_pneumophila_deltalphd_infected|STR:l_pneumophila_deltalphddeltaroma_infected",TRUE
"pair_L3_e05f07eb","disease_vs_normal","pair",3,"UNK",NA,14,14,2,0,2,"MeSH:D009369|STR:colon_tumor_fibroblasts",TRUE
"pair_L3_e09fc103","disease_vs_normal","pair",25,"UNK",NA,631,631,18,0,18,"MeSH:D001321|MeSH:D006816|STR:ad|STR:adult_tumor_core|STR:dsm_iv_major_depressive_disorder_non_suicides_mdd",TRUE
"pair_L3_e1115552","disease_vs_normal","pair",4,"UNK",NA,15,15,3,0,3,"MeSH:D010361|STR:autosomal_dominant_retinitis_pigmentosa|STR:collagen_vi_related_muscular_dystrophy",TRUE
"pair_L3_e152cf8e","small_molecule","pair",2,"UNK",NA,36,36,0,0,0,"",FALSE
"pair_L3_e3458ec7","pathogen_or_aggregate_exposure","pair",2,"UNK",NA,14,14,0,0,0,"",FALSE
"pair_L3_e4f3e42b","small_molecule","pair",2,"CHEBI:16635","Met-tRNA<small><sup>Met</small></sup>",7,7,0,2,2,"STR:tgf_beta1|STR:tgfb_5ng_ml",TRUE
"pair_L3_e51eb27a","disease_vs_normal","pair",9,"UNK",NA,172,172,3,0,3,"MeSH:D005706|STR:asthma|STR:case_tb_progressor",TRUE
"pair_L3_e6e17d5d","disease_vs_normal","pair",2,"UNK",NA,37,37,0,0,0,"",FALSE
"pair_L3_e8afe1fd","disease_vs_normal","pair",13,"UNK",NA,204,204,10,0,10,"STR:cpam_tissue|STR:emphysema|STR:ipf|STR:lung_biopsies|STR:lung_tumor_non_small_cell_lung_cancer",TRUE
"pair_L3_e9eb5faf","pathogen_or_aggregate_exposure","pair",4,"UNK",NA,66,66,0,3,3,"CHEBI:167896|STR:hiv_1_infection|STR:p_falciparum_schizonts",TRUE
"pair_L3_eaea4f03","small_molecule","pair",7,"UNK",NA,60,60,0,15,15,"STR:100ng_peptide|STR:10ng_peptide|STR:1ng_peptide|STR:cbd075_12h|STR:cbd075_6h",TRUE
"pair_L3_eb4a57ab","disease_vs_normal","pair",2,"UNK",NA,6,6,0,0,0,"",FALSE
"pair_L3_ed4452a0","disease_vs_normal","pair",2,"UNK",NA,91,91,0,0,0,"",FALSE
"pair_L3_eda70995","small_molecule","pair",2,"CHEBI:50105","TNP-ATP<small><sup>5−</small></sup>",23,23,0,0,0,"",FALSE
"pair_L3_ee94159f","small_molecule","pair",2,"UNK",NA,7,7,0,2,2,"CHEBI:3732|STR:cpdg_10_um",TRUE
"pair_L3_efc14ae3","disease_vs_normal","pair",2,"UNK",NA,9,9,1,0,1,"MeSH:D007972",FALSE
"pair_L3_effa4cb7","small_molecule","pair",3,"CHEBI:27953","physostigmine",6,6,0,2,2,"CHEBI:3139|STR:bleomycin_plus_pdkin",TRUE
"pair_L3_f2fe64ed","small_molecule","pair",2,"UNK",NA,6,6,0,2,2,"STR:50um_tc|STR:pma_ionomycin",TRUE
"pair_L3_f3bf1dcb","disease_vs_normal","pair",7,"UNK",NA,42,42,4,0,4,"MeSH:D010001|STR:intermediate_coronary_lesion|STR:severe_atherosclerosis|STR:sjogren_s_syndrome",TRUE
"pair_L3_f49cd85a","cytokine_stim","pair",2,"CHEBI:16994","1-(β-<small>D</small>-galactosyl)-2-(2-hydroxyacyl)sphingosine",4,4,0,2,2,"STR:100_ng_ml_interferon_gamma|STR:tnf",TRUE
"pair_L3_f532521d","small_molecule","pair",2,"UNK",NA,6,6,0,2,2,"STR:deta_no|STR:met_hcy_120min_for_2h_370um_homocysteine",TRUE
"pair_L3_f754ff40","small_molecule","pair",2,"UNK",NA,12,12,0,5,5,"CHEBI:138856|CHEBI:18258|CHEBI:18332|CHEBI:7959|HGNC:PNPLA3",TRUE
"pair_L3_fa5b8c1f","disease_vs_normal","pair",3,"UNK",NA,74,74,2,0,2,"STR:hcc|STR:liver_hepatocellular_carcinoma",TRUE
"pair_L3_faeb5d84","pathogen_or_aggregate_exposure","pair",4,"UNK",NA,17,17,0,3,3,"STR:10_nm_a_tnf_il_1|STR:infected_with_vzv|STR:zikv_infected",TRUE
"pair_L3_fc4808d1","disease_vs_normal","pair",12,"UNK",NA,411,411,10,0,10,"MeSH:D006528|MeSH:D008113|MeSH:D012004|STR:benign_pancreatic_lesion|STR:localized_pancreatic_cancer",TRUE
"pair_L3_fe29f9b0","small_molecule","pair",4,"UNK",NA,25,25,0,8,8,"CHEBI:17351|CHEBI:28694|CHEBI:33364|STR:250_nm_cm_272|STR:3hb",TRUE
"pair_L3_fe6cb669","pathogen_or_aggregate_exposure","pair",5,"UNK",NA,147,147,0,0,0,"",FALSE
"pair_L3_ff1d0499","disease_vs_normal","pair",4,"UNK",NA,55,55,4,0,4,"MeSH:D001943|MeSH:D016889|STR:acute_myocardial_infarction|STR:aml",TRUE
"pair_L4_006b35b0","small_molecule","pair",2,"UNK",NA,8,8,0,3,3,"STR:e2_10_nm_30_min|STR:e2_10_nm_60_min|STR:treated_with_jg_98_for_12hours",TRUE
"pair_L4_027257d3","small_molecule","pair",3,"UNK",NA,19,19,0,1,1,"STR:fdi6",FALSE
"pair_L4_027374cb","disease_vs_normal","pair",2,"UNK",NA,31,31,1,0,1,"STR:t1d",FALSE
"pair_L4_04d43a75","cytokine_stim","pair",2,"UNK",NA,13,13,0,1,1,"STR:anti_cd3_anti_cd28",FALSE
"pair_L4_057813d1","small_molecule","pair",3,"UNK",NA,15,15,0,3,3,"STR:3_m_hci_2509_for_4_hrs|STR:kpt_335|STR:meki",TRUE
"pair_L4_0595caa9","small_molecule","pair",8,"UNK",NA,22,22,0,5,5,"HGNC:INTS11|HGNC:PPP1R10|HGNC:XRN2|STR:plus_tmp|STR:treatment_with_rk",TRUE
"pair_L4_07b31bf2","small_molecule","pair",2,"UNK",NA,10,10,0,2,2,"STR:b05|STR:erk1_2_inhibitor",TRUE
"pair_L4_0826adc7","small_molecule","pair",2,"CHEBI:6801","metformin",23,23,0,1,1,"CHEBI:6801",FALSE
"pair_L4_0a58dce7","small_molecule","pair",2,"UNK",NA,15,15,0,2,2,"STR:cyh33|STR:lipo",TRUE
"pair_L4_0a97ac83","disease_vs_normal","pair",2,"UNK",NA,7,7,1,0,1,"STR:polycystic_ovary_syndrome_pcos",FALSE
"pair_L4_0ab4c50a","disease_vs_normal","pair",2,"UNK",NA,13,13,0,0,0,"",FALSE
"pair_L4_0ce119d5","small_molecule","pair",2,"CHEBI:16469","17β-estradiol",4,4,0,2,2,"STR:e2|STR:e2_treated",TRUE
"pair_L4_0d484e4e","small_molecule","pair",2,"UNK",NA,14,14,0,2,2,"CHEBI:167830|STR:ici_174",TRUE
"pair_L4_0e6ea21e","disease_vs_normal","pair",4,"UNK",NA,44,44,3,0,3,"STR:caucasian_women|STR:low_grade_endometrial_stromal_sarcoma_lg_ess|STR:uterine_tumor",TRUE
"pair_L4_0ee5dea2","cytokine_stim","pair",2,"STR:interferon gamma","interferon gamma",5,5,0,2,2,"STR:ifn|STR:interferon_gamma",TRUE
"pair_L4_0f6e480b","disease_vs_normal","pair",5,"UNK",NA,90,90,3,0,3,"STR:papillary_thyroid_carcinoma_ptc|STR:short_telomere_tumor|STR:thyroid_cancer_thc",TRUE
"pair_L4_12b4666f","pathogen_or_aggregate_exposure","pair",6,"UNK",NA,47,47,0,7,7,"STR:iav_infected_moi_3|STR:iavdns1_infected_moi_3|STR:infected_hi176_at_moi_of_100_1|STR:rhinovirus_1a_infected|STR:sars_cov_2_delta_variant",TRUE
"pair_L4_13a85230","disease_vs_normal","pair",3,"UNK",NA,18,18,1,0,1,"STR:eosinophilic_esophagitis_eoe",FALSE
"pair_L4_146621ef","pathogen_or_aggregate_exposure","pair",7,"STR:sars-cov-2","SARS-CoV-2",45,45,0,3,3,"STR:sars_cov_2|STR:sars_cov_2_infected|STR:sars_cov_2_infection_at_moi_1_during_24_h",TRUE
"pair_L4_15315053","disease_vs_normal","pair",2,"UNK",NA,100,100,2,0,2,"STR:psoriasis|STR:uc",TRUE
"pair_L4_16967a37","pathogen_or_aggregate_exposure","pair",2,"UNK",NA,17,17,0,1,1,"STR:infected_by_sars_cov_2",FALSE
"pair_L4_181cdb0a","small_molecule","pair",3,"CHEBI:31638","fulvestrant",9,9,0,3,3,"CHEBI:31638|STR:100_nm_fulvestrant_1_nm_e2|STR:fulvestrant_10nm",TRUE
"pair_L4_1a8486d3","disease_vs_normal","pair",4,"UNK",NA,21,21,4,0,4,"MeSH:D003424|STR:cd|STR:crohn_s_disease_with_fistule|STR:crohn_s_disease_with_perifistule",TRUE
"pair_L4_1afb57cb","small_molecule","pair",5,"UNK",NA,91,91,0,8,8,"CHEBI:44975|HGNC:GNB1L|HGNC:PPARGC1A|HGNC:PRKAA2|HGNC:TFE3",TRUE
"pair_L4_1b1c84c7","pathogen_or_aggregate_exposure","pair",12,"UNK",NA,231,231,0,8,8,"CHEBI:167896|STR:activated|STR:hcmv_tb40e|STR:hiv_1_infection|STR:p_falciparum_schizonts",TRUE
"pair_L4_1b72d3fb","disease_vs_normal","pair",2,"UNK",NA,15,15,1,0,1,"STR:sma_case",FALSE
"pair_L4_1cac609a","small_molecule","pair",3,"UNK",NA,7,7,0,3,3,"STR:10_m_candy|STR:ki696|STR:treated_with_ava_adr_001_for_24_h",TRUE
"pair_L4_1cefbed5","pathogen_or_aggregate_exposure","pair",2,"UNK",NA,6,6,0,2,2,"STR:infected_at_moi_1_for_72h|STR:polyic_dec_side",TRUE
"pair_L4_1ee0e5d8","small_molecule","pair",2,"UNK",NA,5,5,0,2,2,"STR:g007_lk|STR:sch772984_1um_senexin_a_1um_x8weeks",TRUE
"pair_L4_1f375c6b","disease_vs_normal","pair",3,"UNK",NA,21,21,2,0,2,"MeSH:D019694|STR:ms",TRUE
"pair_L4_1f4fd73b","small_molecule","pair",2,"CHEBI:16635","Met-tRNA<small><sup>Met</small></sup>",7,7,0,3,3,"STR:tgf_beta|STR:tgfbeta|STR:tgfbeta_adropin34_76",TRUE
"pair_L4_1f7ec1a5","disease_vs_normal","pair",29,"UNK",NA,207,207,20,0,20,"MeSH:D010361|MeSH:D012595|MeSH:D014860|STR:acute_stage_nucl|STR:acute_stage_ucl",TRUE
"pair_L4_20944c48","disease_vs_normal","pair",2,"UNK",NA,7,7,0,0,0,"",FALSE
"pair_L4_2132530f","disease_vs_normal","pair",4,"UNK",NA,65,65,3,0,3,"STR:acute|STR:lymphatic_malformation|STR:non_tb_infection",TRUE
"pair_L4_21bcf984","disease_vs_normal","pair",3,"UNK",NA,26,26,2,0,2,"STR:ffpe_melanoma_tumor|STR:hcc",TRUE
"pair_L4_220e8b4e","small_molecule","pair",2,"UNK",NA,5,5,0,2,2,"STR:bsa_citric_acid_celastrol|STR:gmq",TRUE
"pair_L4_235e5c9f","small_molecule","pair",3,"UNK",NA,17,17,0,5,5,"STR:a83_01_treated|STR:e2|STR:e2_mpa|STR:mpa_pge2|STR:t1_treated_a83_01",TRUE
"pair_L4_23a344a8","disease_vs_normal","pair",2,"UNK",NA,30,30,1,0,1,"STR:tetralogy_of_fallot",FALSE
"pair_L4_242fc814","pathogen_or_aggregate_exposure","pair",4,"UNK",NA,94,94,0,0,0,"",FALSE
"pair_L4_265a6b4b","small_molecule","pair",2,"UNK",NA,5,5,0,2,2,"STR:hkca_hcq|STR:rtcpc_treated",TRUE
"pair_L4_2831070e","disease_vs_normal","pair",2,"UNK",NA,21,21,3,0,3,"MeSH:D009055|STR:oral_lichen_planus_tissue|STR:oral_squamous_cell_carcinoma_tissue",TRUE
"pair_L4_2952c5f4","small_molecule","pair",2,"UNK",NA,15,15,0,1,1,"CHEBI:145751",FALSE
"pair_L4_29797a0e","cytokine_stim","pair",2,"MeSH:D015850","Interleukin-6",8,8,0,1,1,"STR:10_ng_ml_il_6",FALSE
"pair_L4_29b9636f","pathogen_or_aggregate_exposure","pair",2,"UNK",NA,34,34,0,0,0,"",FALSE
"pair_L4_2a791dc2","disease_vs_normal","pair",9,"UNK",NA,210,210,7,0,7,"MeSH:D000072657|STR:dysplastic_cml|STR:non_sjogren_s_sicca|STR:patients_with_osteoporosis_diagnosed|STR:primary_sjogren_s_syndrome",TRUE
"pair_L4_2b6ad438","small_molecule","pair",3,"UNK",NA,16,16,0,0,0,"",FALSE
"pair_L4_2bfd0275","small_molecule","pair",7,"UNK",NA,20,20,0,8,8,"CHEBI:205761|CHEBI:234079|STR:0_8_um_cddo_2p_im|STR:5_5_um_pt_ttpy|STR:974_5_m",TRUE
"pair_L4_2d3ccd94","small_molecule","pair",8,"UNK",NA,57,57,0,15,15,"STR:1um_dac_6_days|STR:20_micromolar_of_mp470|STR:25_m_dha|STR:cells_treated_for_72h_with_mapki|STR:cells_treated_for_72h_with_mapki_and_recovered_2_days_in_drug_free_medium",TRUE
"pair_L4_2f52882c","disease_vs_normal","pair",2,"UNK",NA,49,49,1,0,1,"MeSH:D008175",FALSE
"pair_L4_30111280","pathogen_or_aggregate_exposure","pair",2,"UNK",NA,5,5,0,0,0,"",FALSE
"pair_L4_31a77b7e","small_molecule","pair",4,"CHEBI:16635","Met-tRNA<small><sup>Met</small></sup>",18,18,0,5,5,"STR:recombinant_human_tgfb1|STR:tgf_beta_10_ng_ml_2h|STR:tgf_beta_10_ng_ml_48h|STR:tgf_beta1|STR:tgfb_5ng_ml",TRUE
"pair_L4_363c1353","disease_vs_normal","pair",2,"UNK",NA,20,20,1,0,1,"STR:symptomatic",FALSE
"pair_L4_3803c40c","disease_vs_normal","pair",5,"UNK",NA,56,56,3,0,3,"MeSH:D003882|MeSH:D010300|STR:alzheimer_s_disease",TRUE
"pair_L4_38347e8b","pathogen_or_aggregate_exposure","pair",5,"UNK",NA,66,66,0,3,3,"CHEBI:73823|STR:infected24hrs|STR:infected48hrs",TRUE
"pair_L4_393a09af","small_molecule","pair",2,"UNK",NA,14,14,0,5,5,"STR:1_25_mg_ml_vasaka|STR:10_g_cm2_pine|STR:10_g_cm2_pine_1_25_mg_ml_vasaka|STR:10_m_bsgl_for_24h|STR:10_m_rsgl_for_24h",TRUE
"pair_L4_3b5e52c2","pathogen_or_aggregate_exposure","pair",2,"STR:sars-cov-2","SARS-CoV-2",5,5,0,2,2,"STR:sars_cov_2|STR:sars_cov_2_infected_moi_0_2",TRUE
"pair_L4_3bfeaf19","pathogen_or_aggregate_exposure","pair",3,"UNK",NA,35,35,0,1,1,"CHEBI:53806",FALSE
"pair_L4_3c690746","small_molecule","pair",3,"CHEBI:16635","Met-tRNA<small><sup>Met</small></sup>",22,22,0,2,2,"STR:human_recombinant_tgfb1_serotec|STR:tgfb_72hrs",TRUE
"pair_L4_3dd5d37e","disease_vs_normal","pair",2,"UNK",NA,9,9,2,0,2,"STR:pneumonia_induced_sepsis|STR:pneumonia_patients_without_sepsis",TRUE
"pair_L4_3e07aa3e","small_molecule","pair",4,"UNK",NA,37,37,0,5,5,"CHEBI:15702|STR:10_nm_ota|STR:100_nm_ota|STR:case_group_tepp_46|STR:thioacetamide_s_oxide",TRUE
"pair_L4_3e34917a","disease_vs_normal","pair",18,"UNK",NA,548,548,15,0,15,"MeSH:D006528|MeSH:D008113|MeSH:D012004|STR:benign_pancreatic_lesion|STR:cirrhotic_hepatocellular_carcinoma",TRUE
"pair_L4_3fbb42bb","small_molecule","pair",2,"CHEBI:27388","benzoylacetyl-CoA",7,7,0,1,1,"STR:3_day_doxycycline",FALSE
"pair_L4_4085be01","small_molecule","pair",3,"UNK",NA,23,23,0,2,2,"STR:1mm_ffa|STR:compound_6j",TRUE
"pair_L4_40b07fba","small_molecule","pair",6,"UNK",NA,25,25,0,6,6,"STR:ibet151|STR:mtx_211_1_m|STR:mtx_216_1_m|STR:otx015_72h|STR:pre_treated_with_epz5676_for_one_week",TRUE
"pair_L4_40d4e010","small_molecule","pair",2,"CHEBI:16579","anisole",15,15,0,2,2,"STR:1|STR:1alpha",TRUE
"pair_L4_41affc36","disease_vs_normal","pair",2,"UNK",NA,214,214,2,0,2,"STR:ibd|STR:icd",TRUE
"pair_L4_433bc2d8","disease_vs_normal","pair",4,"UNK",NA,140,140,3,0,3,"STR:chronic_hbv|STR:hcc|STR:liver_hepatocellular_carcinoma",TRUE
"pair_L4_435e92be","small_molecule","pair",2,"CHEBI:27899","cisplatin",5,5,0,1,1,"STR:0_6_um_cispt",FALSE
"pair_L4_442e0030","small_molecule","pair",27,"UNK",NA,429,429,0,24,24,"CHEBI:15843|STR:131i_mibg_irinotecan|STR:131i_mibg_vorinostat|STR:acp_24_hours|STR:cpg1018",TRUE
"pair_L4_45064867","small_molecule","pair",2,"UNK",NA,10,10,0,2,2,"CHEBI:3498|STR:dac",TRUE
"pair_L4_4622ac71","small_molecule","pair",6,"UNK",NA,47,47,0,11,11,"STR:24h_pma|STR:6h_pma|STR:hfn_bdc|STR:hfn_cur|STR:om_85_100ug_ml_2hr",TRUE
"pair_L4_467e12b2","pathogen_or_aggregate_exposure","pair",5,"UNK",NA,47,47,0,0,0,"",FALSE
"pair_L4_4771aaf7","disease_vs_normal","pair",7,"UNK",NA,77,77,5,0,5,"MeSH:D009369|STR:prostate|STR:prostate_adenocarcinoma|STR:prostate_cancer_cells_lncap|STR:radical_prostatectomy_paired_tumor",TRUE
"pair_L4_4b1d789d","small_molecule","pair",2,"UNK",NA,37,37,0,6,6,"CHEBI:26523|STR:24hr_r5a11d_50nm_treatment|STR:24hr_r5a11m_50nm_treatment|STR:ato|STR:flu",TRUE
"pair_L4_4c96c123","disease_vs_normal","pair",2,"UNK",NA,38,38,3,0,3,"STR:atopic_asthmatic|STR:atopic_non_asthmatic|STR:non_atopic_asthmatic",TRUE
"pair_L4_4f466fdf","disease_vs_normal","pair",6,"UNK",NA,82,82,3,0,3,"MeSH:D016889|STR:endometrial|STR:endometriosis",TRUE
"pair_L4_500a080d","small_molecule","pair",2,"UNK",NA,16,16,0,6,6,"CHEBI:220491|CHEBI:231598|CHEBI:234079|STR:compound_2|STR:compound_3",TRUE
"pair_L4_5017b088","small_molecule","pair",6,"UNK",NA,31,31,0,8,8,"CHEBI:95074|STR:10_m_amtb|STR:100_nm_glupin|STR:100_nm_glutor|STR:fl3_50nm",TRUE
"pair_L4_5082fdfc","small_molecule","pair",2,"UNK",NA,11,11,0,3,3,"STR:rap|STR:rig_i_agonist|STR:rig_i_agonist_tipiracil",TRUE
"pair_L4_50e4bb98","small_molecule","pair",2,"UNK",NA,6,6,0,2,2,"STR:2um_ezh2i|STR:the_treat_group_of_inhibition_of_prmt5_by_prmt5_inhibitor_gsk3326595",TRUE
"pair_L4_5131cb8a","disease_vs_normal","pair",2,"UNK",NA,13,13,1,0,1,"STR:pcos",FALSE
"pair_L4_521a619d","disease_vs_normal","pair",4,"UNK",NA,58,58,4,0,4,"MeSH:D002292|STR:aki|STR:bhd|STR:kidney_collecting_duct_tumor",TRUE
"pair_L4_52b53b38","pathogen_or_aggregate_exposure","pair",4,"UNK",NA,21,21,0,2,2,"STR:cultured_with_staphylococcus_epidermidis|STR:heat_killed_s_aureus_stimulation",TRUE
"pair_L4_53447ad7","disease_vs_normal","pair",17,"UNK",NA,243,243,12,0,12,"MeSH:D010001|STR:crao_v|STR:dm1|STR:dm2|STR:fibromylagia_patient_fma",TRUE
"pair_L4_54404635","small_molecule","pair",2,"STR:transforming growth factor beta","Transforming growth factor beta",6,6,0,2,2,"STR:rna|STR:tgfb_treatment",TRUE
"pair_L4_5512f712","disease_vs_normal","pair",2,"UNK",NA,15,15,2,0,2,"STR:cd_crohn_s_disease|STR:ibd",TRUE
"pair_L4_551481b7","pathogen_or_aggregate_exposure","pair",7,"UNK",NA,46,46,0,4,4,"STR:hbv_hdv_co_infection|STR:hdv_mono_infection|STR:infected|STR:p100pop_infected",TRUE
"pair_L4_55a06a1f","disease_vs_normal","pair",8,"UNK",NA,106,106,9,0,9,"MeSH:D003876|MeSH:D015535|MeSH:D016410|STR:ad|STR:cpuo",TRUE
"pair_L4_57c5a0ba","small_molecule","pair",2,"CHEBI:16635","Met-tRNA<small><sup>Met</small></sup>",32,32,0,2,2,"STR:10_ng_tgfbeta|STR:10_ng_tgfbeta_2",TRUE
"pair_L4_58c6e8c7","small_molecule","pair",3,"CHEBI:17120","hexanoate",50,50,0,2,2,"CHEBI:16412|STR:stimulated_with_lps_for_8h",TRUE
"pair_L4_5917de0f","disease_vs_normal","pair",4,"UNK",NA,19,19,3,0,3,"MeSH:D009062|MeSH:D017676|STR:malignant",TRUE
"pair_L4_5d6dfe86","disease_vs_normal","pair",3,"UNK",NA,30,30,2,0,2,"STR:fshd|STR:fshd1_mosaic",TRUE
"pair_L4_5d90b0d3","cytokine_stim","pair",2,"CHEBI:17236","2-hydroxy-6-oxohexa-2,4-dienoic acid",20,20,0,3,3,"STR:cxcl4_1_h|STR:cxcl4_3_h|STR:il3",TRUE
"pair_L4_5ee29d21","disease_vs_normal","pair",2,"UNK",NA,12,12,2,0,2,"STR:human_with_cirrhosis|STR:parkinson_disease",TRUE
"pair_L4_5ee48844","small_molecule","pair",3,"UNK",NA,20,20,0,7,7,"STR:baq12|STR:baq12o|STR:baq13|STR:lys05|STR:msp_1hr",TRUE
"pair_L4_6038fd84","small_molecule","pair",3,"UNK",NA,22,22,0,5,5,"STR:a485_24_h|STR:jqad1_24_h|STR:rg7388_24h|STR:rg7388_72h|STR:rg7388_temozolomide_72h",TRUE
"pair_L4_60456cc4","disease_vs_normal","pair",2,"UNK",NA,9,9,1,0,1,"MeSH:D007972",FALSE
"pair_L4_6084622c","pathogen_or_aggregate_exposure","pair",2,"UNK",NA,12,12,0,1,1,"STR:kira_rsv_infected",FALSE
"pair_L4_61147484","small_molecule","pair",2,"UNK",NA,7,7,0,2,2,"STR:25um_trog|STR:pmb_for_24_hours",TRUE
"pair_L4_62233b44","small_molecule","pair",2,"UNK",NA,36,36,0,0,0,"",FALSE
"pair_L4_62ab6188","cytokine_stim","pair",2,"UNK",NA,11,11,0,2,2,"STR:fgf2_wnt3a|STR:tnfaltab",TRUE
"pair_L4_62d750c6","small_molecule","pair",4,"UNK",NA,9,9,0,3,3,"STR:10_m_ferroptocide_for_6_hr|STR:compound_19_048_1um|STR:gfp",TRUE
"pair_L4_635727d5","pathogen_or_aggregate_exposure","pair",2,"UNK",NA,21,21,0,3,3,"STR:bk_polyomavirus_bkpyv|STR:jc_polyomavirus_jcpyv|STR:sars_cov_2_solution",TRUE
"pair_L4_64aaa70e","small_molecule","pair",23,"UNK",NA,127,127,0,26,26,"CHEBI:132082|CHEBI:16171|CHEBI:49852|STR:100ngpeptide|STR:10ngpeptide",TRUE
"pair_L4_6542c35a","disease_vs_normal","pair",2,"UNK",NA,74,74,1,0,1,"STR:multiple_sclerosis",FALSE
"pair_L4_6551f50e","small_molecule","pair",6,"UNK",NA,171,171,0,9,9,"CHEBI:132446|STR:8hq|STR:8hq_fac|STR:corosolic_acid_treatment|STR:dhe_hypoxia",TRUE
"pair_L4_667051a5","small_molecule","pair",4,"UNK",NA,14,14,0,5,5,"CHEBI:15702|STR:akti|STR:cal101|STR:lnps|STR:treated_with_pw_for_4_hours",TRUE
"pair_L4_66e41db4","small_molecule","pair",2,"CHEBI:50845","doxycycline",32,32,0,3,3,"HGNC:ZBTB9|STR:1000_ng_ml_dox|STR:50_ng_ml_dox",TRUE
"pair_L4_67586e7e","disease_vs_normal","pair",3,"UNK",NA,19,19,2,0,2,"MeSH:D009369|STR:pancreatic_adenocarcinoma",TRUE
"pair_L4_675ed04d","small_molecule","pair",3,"UNK",NA,27,27,0,4,4,"HGNC:PTDSS2|STR:ch_223191_treatment|STR:differentiated_ch_223191_treatment|STR:tnf",TRUE
"pair_L4_687952ab","small_molecule","pair",3,"UNK",NA,13,13,0,1,1,"STR:sal_b_treated",FALSE
"pair_L4_68e68323","small_molecule","pair",6,"UNK",NA,37,37,0,7,7,"CHEBI:131184|STR:5_m_25hc_for_4h|STR:cldn1_mab|STR:pd_treatment|STR:thioacetamide_s_oxide",TRUE
"pair_L4_69026e3b","disease_vs_normal","pair",2,"UNK",NA,7,7,2,0,2,"MeSH:D009369|STR:cervix_epithela",TRUE
"pair_L4_69730bde","disease_vs_normal","pair",50,"UNK",NA,693,693,41,0,41,"MeSH:D001943|MeSH:D002583|MeSH:D010001|MeSH:D010634|MeSH:D012595",TRUE
"pair_L4_6973d745","disease_vs_normal","pair",5,"UNK",NA,76,76,4,0,4,"MeSH:D003424|STR:colon_cancer_stage_ii_iv|STR:crc_tumor|STR:tumor_tissue_colon",TRUE
"pair_L4_6d80abf0","cytokine_stim","pair",2,"UNK",NA,22,22,0,1,1,"STR:cytostim_for_4_hours",FALSE
"pair_L4_6d837a0c","small_molecule","pair",2,"CHEBI:50756","acridone",6,6,0,0,0,"",FALSE
"pair_L4_6e61dbd2","disease_vs_normal","pair",8,"UNK",NA,96,96,4,0,4,"MeSH:D010361|STR:autosomal_dominant_retinitis_pigmentosa|STR:collagen_vi_related_muscular_dystrophy|STR:lesional",TRUE
"pair_L4_6f55993a","small_molecule","pair",2,"UNK",NA,10,10,0,3,3,"STR:24_hour_kl1|STR:24_hour_kl2|STR:bpn_15477_treated",TRUE
"pair_L4_707252ee","small_molecule","pair",4,"UNK",NA,41,41,0,4,4,"CHEBI:73823|STR:il13_geldanamycin|STR:isox|STR:optate_for_48_hrs",TRUE
"pair_L4_70a4ca10","small_molecule","pair",2,"UNK",NA,14,14,0,1,1,"STR:1",FALSE
"pair_L4_721a9ef0","cytokine_stim","pair",3,"CHEBI:16994","1-(β-<small>D</small>-galactosyl)-2-(2-hydroxyacyl)sphingosine",10,10,0,2,2,"STR:100_ng_ml_interferon_gamma|STR:tnf",TRUE
"pair_L4_7302b49b","disease_vs_normal","pair",16,"UNK",NA,591,591,21,0,21,"MeSH:D006816|STR:als_spectrum_mnd|STR:asd|STR:brain_metastatic_tissue_from_solid_tumor|STR:glioblastoma_tumor",TRUE
"pair_L4_74defc68","pathogen_or_aggregate_exposure","pair",3,"UNK",NA,12,12,0,3,3,"STR:fla_st_ultrapure|STR:vaccinia_wr_4_hrs_post_infection|STR:vaccinia_wr_8_hrs_post_infection",TRUE
"pair_L4_7501375d","pathogen_or_aggregate_exposure","pair",2,"UNK",NA,13,13,0,0,0,"",FALSE
"pair_L4_76150fb4","small_molecule","pair",2,"UNK",NA,16,16,0,3,3,"CHEBI:39867|STR:aso1|STR:vpa_aso1",TRUE
"pair_L4_78990451","small_molecule","pair",12,"UNK",NA,40,40,0,16,16,"CHEBI:232613|CHEBI:582124|STR:2_5_m_ferroptocide_for_6_hr|STR:aa5|STR:bay1217389",TRUE
"pair_L4_7a050425","small_molecule","pair",10,"UNK",NA,109,109,0,17,17,"CHEBI:18258|CHEBI:231605|CHEBI:231674|CHEBI:50594|CHEBI:95071",TRUE
"pair_L4_7b2a622b","small_molecule","pair",3,"CHEBI:27953","physostigmine",6,6,0,2,2,"CHEBI:3139|STR:bleomycin_plus_pdkin",TRUE
"pair_L4_7bcd41cf","small_molecule","pair",4,"CHEBI:16635","Met-tRNA<small><sup>Met</small></sup>",32,32,0,4,4,"STR:1_ng_ml_tgfbeta1_apical_treatment|STR:10ng_ml_tgf_2h_treatment|STR:10ng_ml_tgf_6h_treatment|STR:tgf_beta1",TRUE
"pair_L4_7d5a0b2f","small_molecule","pair",4,"UNK",NA,27,27,0,7,7,"STR:2_77|STR:acbi|STR:ard_61|STR:bd98|STR:llc0150_2um_for_24h",TRUE
"pair_L4_7e5d5da6","disease_vs_normal","pair",2,"MeSH:D003319","Corneal Stroma",148,148,2,0,2,"MeSH:D003424|STR:newly_diagnosed_crohn_s_disease",TRUE
"pair_L4_7ef7ea2a","small_molecule","pair",3,"UNK",NA,14,14,0,4,4,"STR:ac_rbc_pi_plc_a1_protein|STR:ac_rbc_pi_plc_a2_protein|STR:pf4014|STR:zinc_apical_treat",TRUE
"pair_L4_8141b1be","disease_vs_normal","pair",2,"UNK",NA,25,25,2,0,2,"STR:ild_pss|STR:pss",TRUE
"pair_L4_827447c4","small_molecule","pair",2,"UNK",NA,25,25,0,4,4,"STR:180um_mehp|STR:1um_mehp|STR:90um_mehp|STR:pt2385_10_mol_l",TRUE
"pair_L4_83f1a2f1","disease_vs_normal","pair",3,"UNK",NA,101,101,6,0,6,"MeSH:D045743|STR:early_systemic_sclerosis|STR:hepatocellcular_carcinoma_patient|STR:limited_systemic_sclerosis|STR:non_cutaneous_systemic_sclerosis",TRUE
"pair_L4_841f813a","disease_vs_normal","pair",37,"UNK",NA,1268,1268,37,0,37,"MeSH:D000789|MeSH:D001943|MeSH:D005706|MeSH:D006976|MeSH:D009080",TRUE
"pair_L4_84b5916f","disease_vs_normal","pair",14,"UNK",NA,234,234,10,0,10,"MeSH:D003110|MeSH:D003424|MeSH:D009369|STR:cd_active|STR:colon_tumor_fibroblasts",TRUE
"pair_L4_84b905e2","disease_vs_normal","pair",2,"UNK",NA,6,6,1,0,1,"STR:early",FALSE
"pair_L4_864f8f69","cytokine_stim","pair",2,"HGNC:6016","IL5",6,6,0,2,2,"STR:il_12|STR:il_15",TRUE
"pair_L4_868427be","pathogen_or_aggregate_exposure","pair",2,"UNK",NA,10,10,0,1,1,"STR:24h_in_vitro_stim_with_moi_10_3_vp_chadox1_gfp",FALSE
"pair_L4_87570fbe","small_molecule","pair",2,"UNK",NA,5,5,0,2,2,"STR:25_g_ml_ox_ldl_for_48_h|STR:300_g_ml_sce_pretreated_for_3h_1mm_uric_acid_for_24h",TRUE
"pair_L4_894c5dbd","small_molecule","pair",2,"UNK",NA,29,29,0,11,11,"CHEBI:167693|CHEBI:95074|STR:bza|STR:dac_depsi|STR:dac_gsk343",TRUE
"pair_L4_89a68b2d","disease_vs_normal","pair",2,"UNK",NA,11,11,1,0,1,"STR:inflammatory_arthritis",FALSE
"pair_L4_8a677e43","pathogen_or_aggregate_exposure","pair",2,"UNK",NA,14,14,0,5,5,"STR:hcov_nl63_infected|STR:iav_h1n1|STR:sars_cov_2_alpha_variant_infected|STR:sars_cov_2_beta_variant_infected|STR:sars_cov_2_delta_variant_infected",TRUE
"pair_L4_8b03782c","small_molecule","pair",6,"UNK",NA,53,53,0,3,3,"STR:2_dg_hypoxia|STR:25a|STR:chemotherapies",TRUE
"pair_L4_8b0b9fc7","disease_vs_normal","pair",2,"UNK",NA,15,15,1,0,1,"STR:conjunctival_scc",FALSE
"pair_L4_8b8492c1","pathogen_or_aggregate_exposure","pair",2,"UNK",NA,39,39,0,1,1,"STR:hrv",FALSE
"pair_L4_8c036d80","pathogen_or_aggregate_exposure","pair",3,"UNK",NA,19,19,0,5,5,"STR:dl1500_infected|STR:dl312_infected|STR:iav_infected_moi_5|STR:rsv_infected_moi_15|STR:sars_cov_2_infected_moi_0_2",TRUE
"pair_L4_8c311774","disease_vs_normal","pair",2,"UNK",NA,26,26,0,0,0,"",FALSE
"pair_L4_8c573a6a","small_molecule","pair",2,"CHEBI:2549","albuterol",14,14,0,1,1,"CHEBI:2549",FALSE
"pair_L4_8ce92c61","small_molecule","pair",3,"UNK",NA,135,135,0,6,6,"STR:75_um_ho53_24h|STR:75_um_ho53_4h|STR:75_um_ho53_8h|STR:for|STR:for_bud",TRUE
"pair_L4_8d2919ee","cytokine_stim","pair",2,"HGNC:6017","IL5RA",5,5,0,2,2,"STR:100_ng_ml_il13_stimulation|STR:treated_with_il_22_for_24_hrs",TRUE
"pair_L4_8d488033","disease_vs_normal","pair",10,"UNK",NA,85,85,8,0,8,"MeSH:D000741|STR:acute_leukemia|STR:diagnosis|STR:mds|STR:multiple_myeloma_msc",TRUE
"pair_L4_8dafd92f","small_molecule","pair",14,"UNK",NA,100,100,0,16,16,"CHEBI:59642|STR:1ae|STR:360_nm_169_treated|STR:ard69|STR:cia1_18_hours",TRUE
"pair_L4_8f4aa3d6","small_molecule","pair",8,"UNK",NA,119,119,0,16,16,"HGNC:ZBTB3|STR:1000_ng_ml_dox|STR:50_ng_ml_dox|STR:991|STR:broxaldine_4_hours",TRUE
"pair_L4_8fb99f00","small_molecule","pair",5,"UNK",NA,28,28,0,7,7,"CHEBI:30145|STR:1_m_a|STR:10_nm_a|STR:10_nm_a_tnf_il_1|STR:100x",TRUE
"pair_L4_8fc14951","small_molecule","pair",2,"CHEBI:17105","4-maleylacetoacetate",4,4,0,1,1,"CHEBI:16330",FALSE
"pair_L4_92bd63ee","small_molecule","pair",2,"UNK",NA,6,6,0,1,1,"STR:dex",FALSE
"pair_L4_93d1336c","disease_vs_normal","pair",11,"UNK",NA,96,96,6,0,6,"MeSH:D000544|STR:bipolar_disorder|STR:dm1|STR:gbm|STR:human_brain_adenocarcinoma_metastasis",TRUE
"pair_L4_95e464c2","pathogen_or_aggregate_exposure","pair",3,"UNK",NA,22,22,0,0,0,"",FALSE
"pair_L4_96d207e7","pathogen_or_aggregate_exposure","pair",6,"UNK",NA,174,174,0,0,0,"",FALSE
"pair_L4_9716b9d1","small_molecule","pair",15,"UNK",NA,146,146,0,22,22,"CHEBI:136185|CHEBI:138856|CHEBI:18258|CHEBI:18332|CHEBI:37845",TRUE
"pair_L4_99c8346f","small_molecule","pair",2,"CHEBI:68534","enzalutamide",7,7,0,3,3,"STR:10_um_enzalutamide|STR:10_um_enzalutamide_and_20_nm_onvansertib|STR:enza",TRUE
"pair_L4_9a363d39","disease_vs_normal","pair",3,"UNK",NA,17,17,3,0,3,"STR:endometriosis|STR:iua_patient|STR:rif",TRUE
"pair_L4_9b4d15d8","small_molecule","pair",4,"UNK",NA,26,26,0,2,2,"STR:anti_clever_1_therapy|STR:txm_18_12_txm_molecule",TRUE
"pair_L4_9ba87f14","disease_vs_normal","pair",10,"UNK",NA,106,106,9,0,9,"MeSH:D003924|MeSH:D003928|MeSH:D008175|STR:acute_lymphoblastic_leukaemia|STR:ad",TRUE
"pair_L4_9c5e552f","disease_vs_normal","pair",3,"UNK",NA,14,14,1,0,1,"STR:human_pancreatic_ductal_adenocarcinoma",FALSE
"pair_L4_9d2900e3","disease_vs_normal","pair",31,"UNK",NA,539,539,21,0,21,"MeSH:D005355|MeSH:D006519|MeSH:D009369|MeSH:D065626|STR:advanced_hcc",TRUE
"pair_L4_9d97c3f3","disease_vs_normal","pair",2,"UNK",NA,24,24,2,0,2,"STR:palmoplantar_pustulosis|STR:psoriasis",TRUE
"pair_L4_a0eca231","disease_vs_normal","pair",6,"UNK",NA,145,145,4,0,4,"MeSH:D015477|STR:disseminated_tumor_cells_dtcs|STR:mds|STR:non_tumor_mononuclear_cells_mncs",TRUE
"pair_L4_a0ed2504","small_molecule","pair",2,"UNK",NA,8,8,0,1,1,"STR:2c",FALSE
"pair_L4_a166e204","small_molecule","pair",11,"UNK",NA,45,45,0,8,8,"CHEBI:231342|STR:10_days_epz5676_treatment|STR:dcac50|STR:disulfiram_cu|STR:mycmi_7",TRUE
"pair_L4_a2d66924","disease_vs_normal","pair",2,"UNK",NA,37,37,3,0,3,"STR:atopic_asthmatic|STR:atopic_non_asthmatic|STR:non_atopic_asthmatic",TRUE
"pair_L4_a334d52c","disease_vs_normal","pair",8,"UNK",NA,107,107,8,0,8,"MeSH:D008175|MeSH:D015179|STR:atrial_fibrillation|STR:esophagus_cancer_patient|STR:human_liver_cancer_plasma",TRUE
"pair_L4_a4c864a9","pathogen_or_aggregate_exposure","pair",2,"UNK",NA,18,18,0,5,5,"STR:hcov_229e_atcc_vr_740_infected|STR:hrv_16_atcc_vr283_infected|STR:mers_cov_emc_2012_infected|STR:sars_cov_2_omicron_variant_infected|STR:sars_cov_2_wa_01_infected",TRUE
"pair_L4_a4d19578","pathogen_or_aggregate_exposure","pair",2,"UNK",NA,6,6,0,1,1,"STR:tb_pe",FALSE
"pair_L4_a52079a9","pathogen_or_aggregate_exposure","pair",2,"STR:sars-cov-2","SARS-CoV-2",12,12,0,1,1,"STR:sars_cov_2_infection_at_moi_1_during_24_h",FALSE
"pair_L4_a5b55c4f","disease_vs_normal","pair",2,"UNK",NA,302,302,1,0,1,"MeSH:D000544",FALSE
"pair_L4_a66e4a41","pathogen_or_aggregate_exposure","pair",2,"UNK",NA,20,20,0,2,2,"STR:6_months_after_infection|STR:infected_and_1_month_after_2nd_vaccination_pfizer",TRUE
"pair_L4_a684c667","disease_vs_normal","pair",2,"UNK",NA,147,147,3,0,3,"MeSH:D003093|MeSH:D003424|STR:cd",TRUE
"pair_L4_a6a5e775","small_molecule","pair",2,"CHEBI:50105","TNP-ATP<small><sup>5−</small></sup>",23,23,0,0,0,"",FALSE
"pair_L4_a8150aac","small_molecule","pair",2,"UNK",NA,8,8,0,3,3,"STR:cub_0_1_m|STR:cub_0_2_m|STR:fangchinoline_8_m",TRUE
"pair_L4_a8c347da","pathogen_or_aggregate_exposure","pair",2,"UNK",NA,9,9,0,0,0,"",FALSE
"pair_L4_a8e59e99","disease_vs_normal","pair",5,"UNK",NA,110,110,6,0,6,"MeSH:D002292|MeSH:D009369|STR:kidney_tumor_pool_1_n_3_donors|STR:kidney_tumor_pool_2_n_3_donors|STR:kidney_tumor_pool_3_n_3_donors",TRUE
"pair_L4_acbd14ee","disease_vs_normal","pair",2,"UNK",NA,4,4,0,0,0,"",FALSE
"pair_L4_ad271dc8","disease_vs_normal","pair",2,"UNK",NA,22,22,2,0,2,"STR:lupus|STR:systemic_lupus_erythematosus_sle",TRUE
"pair_L4_ae312575","disease_vs_normal","pair",2,"UNK",NA,8,8,2,0,2,"MeSH:D009369|STR:neuroendocrine_prostate_cancer",TRUE
"pair_L4_ae3c7c8c","pathogen_or_aggregate_exposure","pair",6,"UNK",NA,25,25,0,4,4,"STR:10_nm_a_tnf_il_1|STR:infected_with_vzv|STR:jev_infected_5_moi|STR:zikv_infected",TRUE
"pair_L4_ae5240f7","disease_vs_normal","pair",4,"UNK",NA,29,29,1,0,1,"STR:placenta_accreta_spectrum_samples_pa",FALSE
"pair_L4_ae9d1fa0","disease_vs_normal","pair",2,"UNK",NA,19,19,2,0,2,"STR:chronic_pariodontiits|STR:lad1_periodontitis",TRUE
"pair_L4_b000fa8b","disease_vs_normal","pair",2,"UNK",NA,674,674,0,0,0,"",FALSE
"pair_L4_b01de8f7","disease_vs_normal","pair",3,"UNK",NA,29,29,3,0,3,"MeSH:D000077216|MeSH:D010051|STR:adeocarcioma",TRUE
"pair_L4_b274de14","small_molecule","pair",2,"UNK",NA,10,10,0,3,3,"CHEBI:232521|STR:1_mm_nabu|STR:10_mm_napr",TRUE
"pair_L4_b3f9fa7e","disease_vs_normal","pair",2,"UNK",NA,28,28,2,0,2,"STR:advanced_dn|STR:non_covid_19_ati_kidneys",TRUE
"pair_L4_b4167659","small_molecule","pair",2,"UNK",NA,11,11,0,2,2,"CHEBI:178199|CHEBI:95077",TRUE
"pair_L4_b4a0e612","disease_vs_normal","pair",2,"UNK",NA,20,20,0,0,0,"",FALSE
"pair_L4_b5715f70","disease_vs_normal","pair",2,"UNK",NA,57,57,2,0,2,"MeSH:D009369|STR:head_and_neck_oral_cavity_squamous_cell_carcinoma",TRUE
"pair_L4_b6124e09","pathogen_or_aggregate_exposure","pair",4,"UNK",NA,29,29,0,4,4,"STR:hhv5|STR:l_pneumophila_deltalphd_infected|STR:l_pneumophila_deltalphddeltaroma_infected|STR:treated_with_pw_and_lps_cosimulation_for_4_hours",TRUE
"pair_L4_b7a2e9e4","small_molecule","pair",2,"UNK",NA,11,11,0,1,1,"STR:tnflt_treatment",FALSE
"pair_L4_b8a2ea14","pathogen_or_aggregate_exposure","pair",11,"UNK",NA,584,584,0,0,0,"",FALSE
"pair_L4_b8d9d39e","disease_vs_normal","pair",4,"UNK",NA,39,39,4,0,4,"MeSH:D009369|STR:early_dn|STR:idiopathic_nodular_glomerulosclerosis|STR:kidney",TRUE
"pair_L4_b9127236","small_molecule","pair",2,"UNK",NA,6,6,0,2,2,"STR:deta_no|STR:met_hcy_120min_for_2h_370um_homocysteine",TRUE
"pair_L4_b919e92c","cytokine_stim","pair",2,"HGNC:6015","IL4R",5,5,0,1,1,"STR:il_13",FALSE
"pair_L4_b97eaef6","disease_vs_normal","pair",2,"UNK",NA,12,12,1,0,1,"MeSH:D010190",FALSE
"pair_L4_b9bfe9e7","disease_vs_normal","pair",2,"UNK",NA,6,6,2,0,2,"STR:dcm|STR:lesion",TRUE
"pair_L4_ba005742","small_molecule","pair",2,"UNK",NA,11,11,0,3,3,"STR:gazyva_glofitamab|STR:gazyva_glofitamab_cd19_cd28|STR:qc6352_treatment",TRUE
"pair_L4_bb282e05","pathogen_or_aggregate_exposure","pair",2,"UNK",NA,11,11,0,4,4,"STR:co_culturing_with_hepad38|STR:co_culturing_with_hepad38_tetracycline|STR:l_pneumophila_deltaroma_infected|STR:l_pneumophila_wt_infected",TRUE
"pair_L4_bbb3a7d0","disease_vs_normal","pair",2,"UNK",NA,46,46,1,0,1,"STR:intermittent_claudicant",FALSE
"pair_L4_bc737988","small_molecule","pair",2,"UNK",NA,12,12,0,2,2,"STR:gw3965|STR:r568",TRUE
"pair_L4_bd636d2c","pathogen_or_aggregate_exposure","pair",3,"CHEBI:16412","lipopolysaccharide",19,19,0,2,2,"CHEBI:16412|STR:treated_with_lps_for_4_hours",TRUE
"pair_L4_bde928ad","disease_vs_normal","pair",2,"UNK",NA,6,6,1,0,1,"STR:adenomyosis",FALSE
"pair_L4_bebe4749","pathogen_or_aggregate_exposure","pair",2,"UNK",NA,19,19,0,0,0,"",FALSE
"pair_L4_c016423e","small_molecule","pair",3,"CHEBI:17126","carnitine",68,68,0,1,1,"CHEBI:16412",FALSE
"pair_L4_c1f0716f","disease_vs_normal","pair",8,"UNK",NA,309,309,3,0,3,"MeSH:D002311|STR:atrial_fibrillation|STR:hcm",TRUE
"pair_L4_c24177bc","pathogen_or_aggregate_exposure","pair",4,"UNK",NA,19,19,0,1,1,"STR:hiltonol_prna",FALSE
"pair_L4_c2ef06a7","pathogen_or_aggregate_exposure","pair",24,"UNK",NA,246,246,0,17,17,"HGNC:IFIH1|HGNC:TRIM28|STR:229e|STR:ev_d68|STR:hcmv_infected",TRUE
"pair_L4_c44b7589","pathogen_or_aggregate_exposure","pair",2,"UNK",NA,17,17,0,0,0,"",FALSE
"pair_L4_c47dad86","disease_vs_normal","pair",3,"UNK",NA,51,51,3,0,3,"STR:c9_ftd|STR:fcd2a|STR:fcd2b",TRUE
"pair_L4_c5ed9fa6","disease_vs_normal","pair",6,"UNK",NA,46,46,7,0,7,"MeSH:D045743|STR:bronchopulmonary_dysplasia_bpd|STR:mash|STR:mycosis_fungoides|STR:patient_with_sickle_cell_disease",TRUE
"pair_L4_c6022039","small_molecule","pair",3,"UNK",NA,10,10,0,4,4,"STR:25mg_kg_oral_gavage_twice_daily|STR:acala_azd5153_0_5mgkg|STR:mbp50_wild_type_peptide_10_mg_kg|STR:mutant_type_peptide_10_mg_kg",TRUE
"pair_L4_c68310d7","small_molecule","pair",6,"UNK",NA,20,20,0,5,5,"CHEBI:177705|STR:1_nm_e2|STR:gefitinib_1microm_thz531_200nm|STR:mdm2_protac|STR:tpl_125nm",TRUE
"pair_L4_c718a303","disease_vs_normal","pair",2,"UNK",NA,42,42,2,0,2,"STR:keratoconus|STR:ktcn",TRUE
"pair_L4_c7562906","disease_vs_normal","pair",7,"UNK",NA,236,236,7,0,7,"MeSH:D009369|MeSH:D011471|STR:prostate_cancer_cells|STR:prostate_cancer_crpc|STR:prostate_cancer_cspc",TRUE
"pair_L4_c80e4573","disease_vs_normal","pair",7,"UNK",NA,266,266,5,0,5,"MeSH:D001172|MeSH:D010361|STR:fsgs_with_recurrence|STR:fsgs_with_remission|STR:symptomatic",TRUE
"pair_L4_c898a5ae","small_molecule","pair",2,"CHEBI:17126","carnitine",8,8,0,2,2,"STR:100ng_ml_lps_treatment|STR:bms",TRUE
"pair_L4_c8f4e073","disease_vs_normal","pair",2,"UNK",NA,284,284,2,0,2,"STR:als_spectrum_mnd|STR:other_neurological_disorders",TRUE
"pair_L4_c8fd3a40","small_molecule","pair",9,"UNK",NA,51,51,0,9,9,"CHEBI:42530|HGNC:NELFE|STR:5_m_cb839_plus_5_m_5fu|STR:ch_223191_treatment|STR:ctl",TRUE
"pair_L4_c9917f71","small_molecule","pair",2,"UNK",NA,8,8,0,1,1,"STR:epz0011989",FALSE
"pair_L4_ca80bbe6","small_molecule","pair",2,"STR:glycine max 7s globulin","Glycine max 7S globulin",26,26,0,0,0,"",FALSE
"pair_L4_ca889061","disease_vs_normal","pair",2,"UNK",NA,29,29,0,0,0,"",FALSE
"pair_L4_cc1b488c","small_molecule","pair",3,"UNK",NA,15,15,0,3,3,"STR:lse|STR:redact_co|STR:redact_tr",TRUE
"pair_L4_cc28256f","disease_vs_normal","pair",3,"UNK",NA,29,29,2,0,2,"STR:hypertrophic_cardiomyopathy_hcm|STR:pediatric_dcm",TRUE
"pair_L4_cde5bed4","small_molecule","pair",2,"UNK",NA,12,12,0,3,3,"STR:cpt_1_m|STR:cpt_1_m_gta_2mm_5_aza_1_m|STR:gta_2mm_5_aza_1_m",TRUE
"pair_L4_cdec76ea","small_molecule","pair",2,"CHEBI:17105","4-maleylacetoacetate",7,7,0,1,1,"CHEBI:16412",FALSE
"pair_L4_ce545178","disease_vs_normal","pair",3,"UNK",NA,33,33,3,0,3,"MeSH:D013274|STR:gastric_adenocarcinoma|STR:patient_data",TRUE
"pair_L4_cf23de75","small_molecule","pair",2,"UNK",NA,40,40,0,1,1,"STR:ose127",FALSE
"pair_L4_cf670471","disease_vs_normal","pair",2,"UNK",NA,13,13,1,0,1,"STR:keratoconus",FALSE
"pair_L4_cf8635b8","disease_vs_normal","pair",4,"UNK",NA,71,71,2,0,2,"STR:high_grade_serous_ovarian_cancer|STR:human_high_grade_serous_ovarian_cancer",TRUE
"pair_L4_d00d1632","pathogen_or_aggregate_exposure","pair",2,"UNK",NA,8,8,0,2,2,"STR:hiv_yu_2_strain|STR:tram",TRUE
"pair_L4_d0116fe5","small_molecule","pair",17,"UNK",NA,118,118,0,26,26,"CHEBI:46024|STR:0_02_osmoter_treatment|STR:0_06_osmoter_treatment|STR:10_um_pxs_4787a_for_48_hours|STR:100ng_peptide",TRUE
"pair_L4_d069341a","disease_vs_normal","pair",2,"UNK",NA,8,8,2,0,2,"STR:idiopathic_pulmonary_arterial_hypertension_ipah|STR:ipah",TRUE
"pair_L4_d148dae3","cytokine_stim","pair",2,"HGNC:6016","IL5",6,6,0,1,1,"STR:10_ng_ml_il_6",FALSE
"pair_L4_d274839b","small_molecule","pair",5,"UNK",NA,33,33,0,6,6,"STR:10_m_i3mo|STR:5_m_i3mo|STR:ar42_05|STR:ar42_08|STR:dac",TRUE
"pair_L4_d39617b2","cytokine_stim","pair",2,"UNK",NA,9,9,0,1,1,"STR:tgf_beta_il_1beta",FALSE
"pair_L4_d5a735e6","disease_vs_normal","pair",5,"UNK",NA,156,156,6,0,6,"STR:als|STR:myositis_as|STR:myositis_dm|STR:myositis_ibm|STR:myositis_imnm",TRUE
"pair_L4_d67a9869","small_molecule","pair",2,"UNK",NA,5,5,0,1,1,"STR:z36",FALSE
"pair_L4_d6e5e5e1","disease_vs_normal","pair",2,"UNK",NA,164,164,2,0,2,"STR:cd|STR:uc",TRUE
"pair_L4_d83e7fd3","disease_vs_normal","pair",3,"UNK",NA,15,15,3,0,3,"STR:cervical_cancer_iia|STR:cervical_cancer_patient|STR:cervical_intraepithelial_neoplasia_stage_iii",TRUE
"pair_L4_dc0229cc","disease_vs_normal","pair",2,"UNK",NA,13,13,2,0,2,"MeSH:D009369|STR:gallbladder_tumor",TRUE
"pair_L4_dc07b8d2","small_molecule","pair",2,"UNK",NA,12,12,0,3,3,"CHEBI:50749|STR:bay87_2243|STR:bpn_15477_treated",TRUE
"pair_L4_dc4ddcdf","disease_vs_normal","pair",22,"UNK",NA,505,505,15,0,15,"MeSH:D000077192|MeSH:D006863|MeSH:D008175|MeSH:D009369|STR:adenocarcinoma",TRUE
"pair_L4_dd6ade9a","pathogen_or_aggregate_exposure","pair",2,"UNK",NA,4,4,0,1,1,"STR:infected_with_virus_cmv_strain_tb40",FALSE
"pair_L4_dde30495","pathogen_or_aggregate_exposure","pair",2,"UNK",NA,6,6,0,1,1,"STR:spike_protein",FALSE
"pair_L4_de64cff2","small_molecule","pair",4,"UNK",NA,16,16,0,4,4,"CHEBI:167629|STR:e64fc65|STR:e64fc65_panobinostat|STR:rs504393",TRUE
"pair_L4_df52f93c","disease_vs_normal","pair",2,"UNK",NA,38,38,3,0,3,"STR:early_systemic_sclerosis|STR:limited_systemic_sclerosis|STR:non_cutaneous_systemic_sclerosis",TRUE
"pair_L4_dfc4753f","disease_vs_normal","pair",2,"UNK",NA,25,25,2,0,2,"MeSH:D015179|STR:colorectal_cancer_stem_cell_spheroids",TRUE
"pair_L4_dfd3eac3","disease_vs_normal","pair",8,"UNK",NA,73,73,2,0,2,"MeSH:D003876|STR:skin",TRUE
"pair_L4_e040b084","disease_vs_normal","pair",4,"UNK",NA,111,111,3,0,3,"STR:herpes_zoster_resolved_1y|STR:sle|STR:vexas_patient",TRUE
"pair_L4_e075cb49","small_molecule","pair",2,"UNK",NA,10,10,0,2,2,"STR:tgf_beta_type1_receptor_inhibitor_sb_431542|STR:tgf_beta_type1_receptor_inhibitor_sb_431542_dox",TRUE
"pair_L4_e148c952","small_molecule","pair",3,"UNK",NA,34,34,0,8,8,"CHEBI:68741|CHEBI:68747|STR:24_hours_of_metabolic_recovery_from_methionine_restriction_unc0642|STR:5_aza_2_deoxycytidine_30_nm|STR:5_aza_2_deoxycytidine_30_nm_epz_6438_1_um",TRUE
"pair_L4_e14e315d","disease_vs_normal","pair",34,"UNK",NA,738,738,21,0,21,"MeSH:D001321|MeSH:D006816|STR:ad|STR:adult_tumor_core|STR:brain",TRUE
"pair_L4_e162c641","small_molecule","pair",5,"UNK",NA,28,28,0,6,6,"CHEBI:102218|CHEBI:15341|STR:464|STR:50um_tc|STR:dmog_hmgb1",TRUE
"pair_L4_e37d2af3","small_molecule","pair",2,"UNK",NA,8,8,0,1,1,"STR:treated_with_cd_5_m_for_72h",FALSE
"pair_L4_e4c9ae93","disease_vs_normal","pair",2,"UNK",NA,7,7,1,0,1,"MeSH:D009369",FALSE
"pair_L4_e5fee224","disease_vs_normal","pair",2,"UNK",NA,8,8,1,0,1,"MeSH:D009369",FALSE
"pair_L4_e60fa4e4","disease_vs_normal","pair",3,"UNK",NA,10,10,2,0,2,"STR:idiopathic_pulmonary_fibrosis_ipf|STR:ipf",TRUE
"pair_L4_e688bc8a","small_molecule","pair",2,"UNK",NA,5,5,0,2,2,"STR:ykl_5_124_100_nm|STR:ykl_5_124_98_nm",TRUE
"pair_L4_e6d1ff58","small_molecule","pair",2,"STR:white bean 7s globulin","White Bean 7S globulin",43,43,0,0,0,"",FALSE
"pair_L4_e729ddc0","disease_vs_normal","pair",5,"UNK",NA,62,62,4,0,4,"MeSH:D008180|MeSH:D010182|STR:multiple_sclerosis|STR:rrms_patient_at_relapse_phase",TRUE
"pair_L4_e72a2340","small_molecule","pair",2,"UNK",NA,21,21,0,4,4,"STR:10um_unc1999_for_48h|STR:flud_50um|STR:ibru_5um|STR:idel_10um",TRUE
"pair_L4_e7af8d97","small_molecule","pair",2,"UNK",NA,6,6,0,2,2,"STR:100_nm_doppa_stemline_hsc_expansion_medium|STR:50_nm_4_oht",TRUE
"pair_L4_e7db270c","disease_vs_normal","pair",2,"UNK",NA,141,141,1,0,1,"STR:gastric_tumor",FALSE
"pair_L4_e8231c0b","small_molecule","pair",2,"UNK",NA,8,8,0,3,3,"STR:b_elemene|STR:htyr_treatment|STR:opwps_treatment",TRUE
"pair_L4_e834d5bb","cytokine_stim","pair",7,"UNK",NA,58,58,0,12,12,"STR:c_cytokines|STR:cxcl4_orn8l|STR:lps_ifn_gamma_treated_macrophages_m1_polarized|STR:m1_polarized|STR:stimulated_anti_cd3_cd28",TRUE
"pair_L4_e93e97b4","small_molecule","pair",2,"UNK",NA,7,7,0,3,3,"STR:ard_61|STR:zbc_11_inhibitor_150nm|STR:zbc_246_degrader_10nm",TRUE
"pair_L4_e9856e7b","small_molecule","pair",2,"UNK",NA,7,7,0,2,2,"CHEBI:3732|STR:cpdg_10_um",TRUE
"pair_L4_e9e69dc8","pathogen_or_aggregate_exposure","pair",2,"STR:tuberculosis","Tuberculosis",41,41,0,0,0,"",FALSE
"pair_L4_ea3fcad8","disease_vs_normal","pair",2,"UNK",NA,6,6,1,0,1,"STR:nerd",FALSE
"pair_L4_eabd214e","small_molecule","pair",3,"UNK",NA,8,8,0,3,3,"CHEBI:230484|STR:fkbp|STR:lmk235_for_16_hours",TRUE
"pair_L4_eac43975","small_molecule","pair",2,"CHEBI:71019","omacetaxine mepesuccinate",20,20,0,1,1,"CHEBI:71019",FALSE
"pair_L4_ecb64ae3","small_molecule","pair",6,"CHEBI:68534","enzalutamide",25,25,0,4,4,"CHEBI:68534|STR:10_um_enzalutamide_for_5_days|STR:enza|STR:wt_100nm_plus_ezalutamide_1_micromolar",TRUE
"pair_L4_ecb898a5","disease_vs_normal","pair",3,"UNK",NA,24,24,2,0,2,"MeSH:D001172|STR:end_stage_oa",TRUE
"pair_L4_ee818403","disease_vs_normal","pair",19,"UNK",NA,248,248,13,0,13,"STR:cpam_tissue|STR:cr_patient|STR:emphysema|STR:idiopathic_pulmonary_fibrosis_ipf|STR:ipf",TRUE
"pair_L4_f05543cd","pathogen_or_aggregate_exposure","pair",2,"UNK",NA,12,12,0,1,1,"STR:immune_stimulation_with_dsdna",FALSE
"pair_L4_f13c7434","pathogen_or_aggregate_exposure","pair",2,"UNK",NA,15,15,0,1,1,"STR:flagelin",FALSE
"pair_L4_f18632ad","cytokine_stim","pair",2,"UNK",NA,36,36,0,1,1,"STR:cytostim_for_4_hours",FALSE
"pair_L4_f18cf95a","small_molecule","pair",2,"UNK",NA,8,8,0,1,1,"STR:cocl2",FALSE
"pair_L4_f1feca5c","pathogen_or_aggregate_exposure","pair",2,"STR:sars-cov-2","SARS-CoV-2",8,8,0,0,0,"",FALSE
"pair_L4_f2043356","pathogen_or_aggregate_exposure","pair",2,"UNK",NA,9,9,0,0,0,"",FALSE
"pair_L4_f2175663","small_molecule","pair",2,"UNK",NA,4,4,0,2,2,"STR:r1881_10nm_16h|STR:rna",TRUE
"pair_L4_f2897c46","small_molecule","pair",12,"UNK",NA,78,78,0,11,11,"CHEBI:39185|CHEBI:80025|STR:25_oh_d|STR:2d_cluture|STR:av535_1000ng",TRUE
"pair_L4_f295397e","small_molecule","pair",3,"UNK",NA,18,18,0,2,2,"STR:nc|STR:plx",TRUE
"pair_L4_f50581d8","small_molecule","pair",2,"CHEBI:75929","<small>D</small>-cycloserine(1+)",14,14,0,1,1,"STR:unstim",FALSE
"pair_L4_f52d3cae","disease_vs_normal","pair",12,"UNK",NA,254,254,5,0,5,"MeSH:D006528|STR:alps_fas|STR:inflammatory_arthritis|STR:panic_disorder|STR:sals",TRUE
"pair_L4_f55b5a6f","small_molecule","pair",3,"UNK",NA,54,54,0,3,3,"CHEBI:58972|CHEBI:59043|STR:antagomir_5x",TRUE
"pair_L4_f5690e98","disease_vs_normal","pair",4,"UNK",NA,58,58,3,0,3,"STR:bladder_carcinoma|STR:ffpe_bladder_tumor_block|STR:j82_bladder_cancer_cell",TRUE
"pair_L4_f57fbd3c","disease_vs_normal","pair",5,"UNK",NA,72,72,4,0,4,"MeSH:D001943|STR:breast_cancer_cells|STR:er_pr|STR:human_breast_cancer",TRUE
"pair_L4_f63126bf","small_molecule","pair",2,"UNK",NA,5,5,0,1,1,"STR:drug_treated",FALSE
"pair_L4_f7490b42","disease_vs_normal","pair",8,"UNK",NA,101,101,9,0,9,"STR:breast|STR:frozen_breast_tumors|STR:her2|STR:her2_positive_breast_tumor|STR:luminal_a",TRUE
"pair_L4_f7d2b6fc","small_molecule","pair",2,"UNK",NA,6,6,0,2,2,"STR:fdi6|STR:ibet726",TRUE
"pair_L4_f884bd3e","small_molecule","pair",23,"UNK",NA,134,134,0,42,42,"CHEBI:27847|CHEBI:34749|CHEBI:50113|STR:5_um_tazemetostat|STR:a4b17",TRUE
"pair_L4_f9547e4a","small_molecule","pair",3,"CHEBI:16635","Met-tRNA<small><sup>Met</small></sup>",14,14,0,3,3,"STR:1_ng_ml_tgfbeta1_apical_treatment|STR:48h_treatment_of_single_dose_tgf_beta1_at_10ng_ml|STR:tgfb",TRUE
"pair_L4_fb048cde","pathogen_or_aggregate_exposure","pair",2,"UNK",NA,203,203,0,0,0,"",FALSE
"pair_L4_fb6b1529","disease_vs_normal","pair",4,"UNK",NA,115,115,1,0,1,"STR:severe_preeclampsia",FALSE
"pair_L4_fbc61f22","small_molecule","pair",4,"UNK",NA,17,17,0,5,5,"STR:60_microm_f_53b|STR:az3_compound_3|STR:az63_compound_63|STR:az65_compound_65|STR:pd0325901_drug",TRUE
"pair_L4_fc71f8e0","disease_vs_normal","pair",3,"UNK",NA,182,182,5,0,5,"STR:als_spectrum_mnd|STR:msa|STR:msa_c|STR:multiple_system_atrophy_msa|STR:other_neurological_disorders",TRUE
"pair_L4_fc937535","disease_vs_normal","pair",2,"UNK",NA,91,91,0,0,0,"",FALSE
"pair_L4_fce39638","pathogen_or_aggregate_exposure","pair",4,"UNK",NA,92,92,0,1,1,"STR:hiv_1_bal_infected",FALSE
"pair_L4_fe6cb0b2","small_molecule","pair",8,"UNK",NA,41,41,0,13,13,"CHEBI:17351|CHEBI:231324|CHEBI:28694|CHEBI:33364|STR:250_nm_cm_272",TRUE
"pair_L4_fe7daac5","small_molecule","pair",2,"UNK",NA,12,12,0,3,3,"STR:1_um_pape|STR:10_nm_e2|STR:st101",TRUE
"pair_L4_ff610da9","pathogen_or_aggregate_exposure","pair",2,"UNK",NA,45,45,0,0,0,"",FALSE
