- The project is out-of-sync -- use `renv::status()` for details.
ℹ Loading simulomicsr
Warning message:
replacing previous import ‘S4Arrays::makeNindexFromArrayViewport’ by ‘DelayedArray::makeNindexFromArrayViewport’ when loading ‘SummarizedExperiment’ 

── Stadio 4 Layer A rebuild v10 (Stadio 3 v10, ramo rem_group) ─────────────────
ℹ Loading stage3 + stage2_master...
✔ Loaded: 310738 clusters / 547010 assignments / 24394 stage2 studies (wall 10.2 sec)
ℹ Pre-filter stage2_master vs ARCHS4 H5 sample axis...
ℹ H5 sample axis: 888821 sample
✔ Pre-filter done in 7.6 sec: 15/491071 sample droppati ("0.003%") — non in ARCHS4 H5 v2.5
           used   (Mb) gc trigger   (Mb) max used   (Mb)
Ncells 24436311 1305.1   38577418 2060.3 38577418 2060.3
Vcells 62294930  475.3   97564805  744.4 80550436  614.6
ℹ MEGA-AUG mode: BIDIREZIONALE (anchor_policy=relaxed, direction=both)
ℹ Layer A: 1191 clusters (rem=12, mega=201, mega_aug=419, rem_group=559)
ℹ MEGA-AUG baseline cluster matchati: 310
ℹ Assignments rilevanti: 41059
ℹ Sample IDs totali Layer A: 94698
✔ h5_metadata: 94698 sample

── build_stage4_results ──

ℹ dream_workers resolved: 32
Repeated column names found in count matrix
Repeated column names found in count matrix
[cluster 1/1191] pair_L0_24a99438 (method=rem)
  -> pair_L0_24a99438 ok | wall 104.3s | RSS 17.9 GB
[cluster 2/1191] pair_L0_554fd8b4 (method=rem)
  -> pair_L0_554fd8b4 ok | wall 120.3s | RSS 17.5 GB
[cluster 3/1191] pair_L0_84d40577 (method=rem)
  -> pair_L0_84d40577 ok | wall 145.3s | RSS 17.5 GB
[cluster 4/1191] pair_L0_a6a3ef07 (method=rem)
  -> pair_L0_a6a3ef07 ok | wall 128.1s | RSS 17.5 GB
[cluster 5/1191] pair_L0_a81817d4 (method=rem)
  -> pair_L0_a81817d4 ok | wall 117.3s | RSS 17.5 GB
[cluster 6/1191] pair_L0_dd86b06e (method=rem)
  -> pair_L0_dd86b06e ok | wall 124.2s | RSS 17.5 GB
[cluster 7/1191] pair_L1_72eddc8c (method=rem)
  -> pair_L1_72eddc8c ok | wall 126.3s | RSS 17.5 GB
[cluster 8/1191] pair_L1_8005219a (method=rem)
  -> pair_L1_8005219a ok | wall 104.7s | RSS 17.5 GB
[cluster 9/1191] pair_L1_8c0cebd9 (method=rem)
  -> pair_L1_8c0cebd9 ok | wall 124.9s | RSS 17.5 GB
[cluster 10/1191] pair_L1_b81bff88 (method=rem)
  -> pair_L1_b81bff88 ok | wall 145.7s | RSS 17.5 GB
[cluster 11/1191] pair_L1_d2f3c8f9 (method=rem)
  -> pair_L1_d2f3c8f9 ok | wall 121.3s | RSS 17.5 GB
[cluster 12/1191] pair_L1_e8b757bb (method=rem)
  -> pair_L1_e8b757bb ok | wall 115.8s | RSS 17.5 GB
[cluster 13/1191] group_L0_02f1bd30 (method=mega)
[cluster 14/1191] group_L0_05dadd11 (method=mega)
  -> group_L0_05dadd11 ok | wall 75.0s | RSS 17.5 GB
[cluster 15/1191] group_L0_07090368 (method=mega)
  -> group_L0_07090368 ok | wall 113.5s | RSS 17.5 GB
[cluster 16/1191] group_L0_09015fc7 (method=mega)
  -> group_L0_09015fc7 ok | wall 90.3s | RSS 17.5 GB
[cluster 17/1191] group_L0_0dc6d6ce (method=mega)
[cluster 18/1191] group_L0_13046ef5 (method=mega)
[cluster 19/1191] group_L0_13b68403 (method=mega)
[cluster 20/1191] group_L0_15d89a93 (method=mega)
[cluster 21/1191] group_L0_17cd75fb (method=mega)
  -> group_L0_17cd75fb ok | wall 100.0s | RSS 17.5 GB
[cluster 22/1191] group_L0_184ced66 (method=mega)
[cluster 23/1191] group_L0_1b3e46b1 (method=mega)
[cluster 24/1191] group_L0_1d4a3ec1 (method=mega)
[cluster 25/1191] group_L0_1e9345bd (method=mega)
[cluster 26/1191] group_L0_1fae220c (method=mega)
[cluster 27/1191] group_L0_212be9c4 (method=mega)
[cluster 28/1191] group_L0_219e0854 (method=mega)
  -> group_L0_219e0854 ok | wall 105.8s | RSS 17.5 GB
[cluster 29/1191] group_L0_22e204f1 (method=mega)
  -> group_L0_22e204f1 ok | wall 204.3s | RSS 17.5 GB
[cluster 30/1191] group_L0_23706d15 (method=mega)
  -> group_L0_23706d15 ok | wall 85.0s | RSS 17.5 GB
[cluster 31/1191] group_L0_24b927f1 (method=mega)
  -> group_L0_24b927f1 ok | wall 77.8s | RSS 17.5 GB
[cluster 32/1191] group_L0_24d49a44 (method=mega)
[cluster 33/1191] group_L0_25731780 (method=mega)
[cluster 34/1191] group_L0_27642945 (method=mega)
[cluster 35/1191] group_L0_27919409 (method=mega)
[cluster 36/1191] group_L0_2bce3b7f (method=mega)
[cluster 37/1191] group_L0_2c436c3c (method=mega)
[cluster 38/1191] group_L0_3257cac1 (method=mega)
  -> group_L0_3257cac1 ok | wall 68.2s | RSS 17.5 GB
[cluster 39/1191] group_L0_32a22efb (method=mega)
  -> group_L0_32a22efb ok | wall 80.8s | RSS 17.5 GB
[cluster 40/1191] group_L0_33bf997f (method=mega)
  -> group_L0_33bf997f ok | wall 72.1s | RSS 17.5 GB
[cluster 41/1191] group_L0_3eb481e6 (method=mega)
  -> group_L0_3eb481e6 ok | wall 84.2s | RSS 17.5 GB
[cluster 42/1191] group_L0_3f6d0545 (method=mega)
[cluster 43/1191] group_L0_3f86f196 (method=mega)
[cluster 44/1191] group_L0_423bfc89 (method=mega)
  -> group_L0_423bfc89 ok | wall 85.1s | RSS 17.5 GB
[cluster 45/1191] group_L0_42a7a78c (method=mega)
  -> group_L0_42a7a78c ok | wall 84.1s | RSS 17.5 GB
[cluster 46/1191] group_L0_486ce7c2 (method=mega)
  -> group_L0_486ce7c2 ok | wall 107.2s | RSS 17.5 GB
[cluster 47/1191] group_L0_4ae12e04 (method=mega)
  -> group_L0_4ae12e04 ok | wall 106.0s | RSS 18.7 GB
[cluster 48/1191] group_L0_4db86466 (method=mega)
  -> group_L0_4db86466 ok | wall 103.5s | RSS 17.5 GB
[cluster 49/1191] group_L0_4ebea2ae (method=mega)
  -> group_L0_4ebea2ae ok | wall 77.8s | RSS 17.5 GB
[cluster 50/1191] group_L0_537ca36c (method=mega)
  -> group_L0_537ca36c ok | wall 92.7s | RSS 17.5 GB
[cluster 51/1191] group_L0_53bf630b (method=mega)
  -> group_L0_53bf630b ok | wall 67.0s | RSS 17.5 GB
[cluster 52/1191] group_L0_57b2219a (method=mega)
[cluster 53/1191] group_L0_5844a8da (method=mega)
  -> group_L0_5844a8da ok | wall 85.8s | RSS 17.5 GB
[cluster 54/1191] group_L0_589cf480 (method=mega)
[cluster 55/1191] group_L0_59e2c58e (method=mega)
  -> group_L0_59e2c58e ok | wall 81.5s | RSS 17.5 GB
[cluster 56/1191] group_L0_5ad42258 (method=mega)
[cluster 57/1191] group_L0_5e0501e5 (method=mega)
[cluster 58/1191] group_L0_656caa1f (method=mega)
  -> group_L0_656caa1f ok | wall 74.1s | RSS 17.5 GB
[cluster 59/1191] group_L0_65b64f1b (method=mega)
[cluster 60/1191] group_L0_6784c06d (method=mega)
[cluster 61/1191] group_L0_687b3425 (method=mega)
  -> group_L0_687b3425 ok | wall 79.7s | RSS 17.5 GB
[cluster 62/1191] group_L0_69f34e03 (method=mega)
  -> group_L0_69f34e03 ok | wall 91.8s | RSS 17.5 GB
[cluster 63/1191] group_L0_6c41952f (method=mega)
  -> group_L0_6c41952f ok | wall 78.7s | RSS 17.5 GB
[cluster 64/1191] group_L0_747f5865 (method=mega)
[cluster 65/1191] group_L0_778d1675 (method=mega)
[cluster 66/1191] group_L0_780a8993 (method=mega)
[cluster 67/1191] group_L0_78748157 (method=mega)
[cluster 68/1191] group_L0_7972129a (method=mega)
[cluster 69/1191] group_L0_7b0e2bb2 (method=mega)
[cluster 70/1191] group_L0_7b4e28fe (method=mega)
[cluster 71/1191] group_L0_7db146e3 (method=mega)
  -> group_L0_7db146e3 ok | wall 77.2s | RSS 17.5 GB
[cluster 72/1191] group_L0_8071658c (method=mega)
[cluster 73/1191] group_L0_8f5fdfa4 (method=mega)
  -> group_L0_8f5fdfa4 ok | wall 80.7s | RSS 17.5 GB
[cluster 74/1191] group_L0_94e1d70e (method=mega)
  -> group_L0_94e1d70e ok | wall 62.7s | RSS 17.5 GB
[cluster 75/1191] group_L0_9574cf15 (method=mega)
  -> group_L0_9574cf15 ok | wall 90.2s | RSS 17.5 GB
[cluster 76/1191] group_L0_957cc181 (method=mega)
  -> group_L0_957cc181 ok | wall 89.5s | RSS 17.5 GB
[cluster 77/1191] group_L0_96042d0a (method=mega)
[cluster 78/1191] group_L0_9b04dddc (method=mega)
  -> group_L0_9b04dddc ok | wall 76.0s | RSS 17.5 GB
[cluster 79/1191] group_L0_9c492ec5 (method=mega)
[cluster 80/1191] group_L0_a110b3fa (method=mega)
  -> group_L0_a110b3fa ok | wall 87.0s | RSS 17.5 GB
[cluster 81/1191] group_L0_a1b7ff38 (method=mega)
[cluster 82/1191] group_L0_a3574f6c (method=mega)
[cluster 83/1191] group_L0_a3dbd6fa (method=mega)
  -> group_L0_a3dbd6fa ok | wall 85.4s | RSS 17.5 GB
[cluster 84/1191] group_L0_a99ba805 (method=mega)
  -> group_L0_a99ba805 ok | wall 84.2s | RSS 17.5 GB
[cluster 85/1191] group_L0_a9afe415 (method=mega)
[cluster 86/1191] group_L0_aa2bd6d4 (method=mega)
  -> group_L0_aa2bd6d4 ok | wall 82.2s | RSS 17.5 GB
[cluster 87/1191] group_L0_ab18c3c5 (method=mega)
  -> group_L0_ab18c3c5 ok | wall 74.9s | RSS 17.5 GB
[cluster 88/1191] group_L0_ab8df375 (method=mega)
[cluster 89/1191] group_L0_aee87ee4 (method=mega)
[cluster 90/1191] group_L0_af65b69b (method=mega)
  -> group_L0_af65b69b ok | wall 75.4s | RSS 17.5 GB
[cluster 91/1191] group_L0_afa9f081 (method=mega)
  -> group_L0_afa9f081 ok | wall 84.3s | RSS 17.5 GB
[cluster 92/1191] group_L0_b0f613f5 (method=mega)
  -> group_L0_b0f613f5 ok | wall 80.7s | RSS 17.5 GB
[cluster 93/1191] group_L0_bb8512d0 (method=mega)
[cluster 94/1191] group_L0_bdc8e7e5 (method=mega)
  -> group_L0_bdc8e7e5 ok | wall 87.3s | RSS 17.5 GB
[cluster 95/1191] group_L0_c0a5e87f (method=mega)
  -> group_L0_c0a5e87f ok | wall 86.5s | RSS 17.5 GB
[cluster 96/1191] group_L0_c0e65860 (method=mega)
[cluster 97/1191] group_L0_c9c13628 (method=mega)
[cluster 98/1191] group_L0_cdb1521a (method=mega)
  -> group_L0_cdb1521a ok | wall 79.2s | RSS 17.5 GB
[cluster 99/1191] group_L0_d1ce4a86 (method=mega)
[cluster 100/1191] group_L0_d2d670aa (method=mega)
[cluster 101/1191] group_L0_de239f02 (method=mega)
[cluster 102/1191] group_L0_dea00883 (method=mega)
  -> group_L0_dea00883 ok | wall 89.0s | RSS 17.5 GB
[cluster 103/1191] group_L0_e089ce6d (method=mega)
[cluster 104/1191] group_L0_e0a0810d (method=mega)
[cluster 105/1191] group_L0_e448103e (method=mega)
[cluster 106/1191] group_L0_e8e53d24 (method=mega)
[cluster 107/1191] group_L0_ec83e8fd (method=mega)
  -> group_L0_ec83e8fd ok | wall 83.1s | RSS 17.5 GB
[cluster 108/1191] group_L0_f20b7e46 (method=mega)
  -> group_L0_f20b7e46 ok | wall 99.0s | RSS 17.5 GB
[cluster 109/1191] group_L0_f20f6990 (method=mega)
  -> group_L0_f20f6990 ok | wall 91.5s | RSS 17.5 GB
[cluster 110/1191] group_L0_f216362c (method=mega)
[cluster 111/1191] group_L0_f4823641 (method=mega)
  -> group_L0_f4823641 ok | wall 76.4s | RSS 17.5 GB
[cluster 112/1191] group_L0_f81f6c01 (method=mega)
  -> group_L0_f81f6c01 ok | wall 73.0s | RSS 17.5 GB
[cluster 113/1191] group_L0_f8e4f330 (method=mega)
  -> group_L0_f8e4f330 ok | wall 91.3s | RSS 17.5 GB
[cluster 114/1191] group_L0_f9e0cb43 (method=mega)
[cluster 115/1191] group_L0_ff1a88e3 (method=mega)
[cluster 116/1191] group_L1_0088c943 (method=mega)
  -> group_L1_0088c943 ok | wall 82.3s | RSS 17.5 GB
[cluster 117/1191] group_L1_0204f20f (method=mega)
  -> group_L1_0204f20f ok | wall 92.5s | RSS 17.5 GB
[cluster 118/1191] group_L1_0aba7968 (method=mega)
[cluster 119/1191] group_L1_0b6a0782 (method=mega)
[cluster 120/1191] group_L1_0cc8c185 (method=mega)
[cluster 121/1191] group_L1_0d1d9d83 (method=mega)
  -> group_L1_0d1d9d83 ok | wall 91.0s | RSS 17.5 GB
[cluster 122/1191] group_L1_0f29aa2d (method=mega)
  -> group_L1_0f29aa2d ok | wall 78.6s | RSS 17.5 GB
[cluster 123/1191] group_L1_14107420 (method=mega)
  -> group_L1_14107420 ok | wall 79.3s | RSS 17.5 GB
[cluster 124/1191] group_L1_18e1857b (method=mega)
  -> group_L1_18e1857b ok | wall 90.8s | RSS 17.5 GB
[cluster 125/1191] group_L1_1c398f75 (method=mega)
[cluster 126/1191] group_L1_1d47bdf9 (method=mega)
  -> group_L1_1d47bdf9 ok | wall 66.2s | RSS 17.5 GB
[cluster 127/1191] group_L1_224e8ff8 (method=mega)
[cluster 128/1191] group_L1_25b72403 (method=mega)
  -> group_L1_25b72403 ok | wall 81.9s | RSS 17.5 GB
[cluster 129/1191] group_L1_28914905 (method=mega)
[cluster 130/1191] group_L1_29411be9 (method=mega)
  -> group_L1_29411be9 ok | wall 80.5s | RSS 17.5 GB
[cluster 131/1191] group_L1_2999e81d (method=mega)
  -> group_L1_2999e81d ok | wall 63.6s | RSS 17.5 GB
[cluster 132/1191] group_L1_2ea0c076 (method=mega)
[cluster 133/1191] group_L1_2f12b53e (method=mega)
[cluster 134/1191] group_L1_2f2ba9ff (method=mega)
  -> group_L1_2f2ba9ff ok | wall 79.0s | RSS 17.5 GB
[cluster 135/1191] group_L1_30b7ae94 (method=mega)
  -> group_L1_30b7ae94 ok | wall 71.7s | RSS 17.5 GB
[cluster 136/1191] group_L1_329c210d (method=mega)
[cluster 137/1191] group_L1_3893ffd2 (method=mega)
[cluster 138/1191] group_L1_3a1ce38d (method=mega)
[cluster 139/1191] group_L1_3d97b7a9 (method=mega)
[cluster 140/1191] group_L1_3f390971 (method=mega)
  -> group_L1_3f390971 ok | wall 102.3s | RSS 17.5 GB
[cluster 141/1191] group_L1_443641a6 (method=mega)
  -> group_L1_443641a6 ok | wall 223.2s | RSS 17.5 GB
[cluster 142/1191] group_L1_4753d929 (method=mega)
[cluster 143/1191] group_L1_496145be (method=mega)
  -> group_L1_496145be ok | wall 88.5s | RSS 17.5 GB
[cluster 144/1191] group_L1_55454da4 (method=mega)
[cluster 145/1191] group_L1_56195a0a (method=mega)
  -> group_L1_56195a0a ok | wall 98.4s | RSS 17.5 GB
[cluster 146/1191] group_L1_5ac688a1 (method=mega)
  -> group_L1_5ac688a1 ok | wall 93.6s | RSS 17.5 GB
[cluster 147/1191] group_L1_5d50b5b1 (method=mega)
  -> group_L1_5d50b5b1 ok | wall 206.1s | RSS 17.5 GB
[cluster 148/1191] group_L1_61604f73 (method=mega)
  -> group_L1_61604f73 ok | wall 83.5s | RSS 17.5 GB
[cluster 149/1191] group_L1_619fb9c6 (method=mega)
  -> group_L1_619fb9c6 ok | wall 81.8s | RSS 17.5 GB
[cluster 150/1191] group_L1_69c99602 (method=mega)
  -> group_L1_69c99602 ok | wall 94.4s | RSS 17.5 GB
[cluster 151/1191] group_L1_6d1b5757 (method=mega)
  -> group_L1_6d1b5757 ok | wall 85.2s | RSS 17.5 GB
[cluster 152/1191] group_L1_70c503a4 (method=mega)
  -> group_L1_70c503a4 ok | wall 105.6s | RSS 17.5 GB
[cluster 153/1191] group_L1_71a049f9 (method=mega)
  -> group_L1_71a049f9 ok | wall 132.4s | RSS 17.5 GB
[cluster 154/1191] group_L1_71ed7be0 (method=mega)
[cluster 155/1191] group_L1_7243513e (method=mega)
[cluster 156/1191] group_L1_729dad9b (method=mega)
  -> group_L1_729dad9b ok | wall 87.7s | RSS 17.5 GB
[cluster 157/1191] group_L1_778d8ad5 (method=mega)
[cluster 158/1191] group_L1_798a39fd (method=mega)
[cluster 159/1191] group_L1_7f286713 (method=mega)
  -> group_L1_7f286713 ok | wall 86.5s | RSS 17.5 GB
[cluster 160/1191] group_L1_80eaa7fb (method=mega)
[cluster 161/1191] group_L1_84844a95 (method=mega)
  -> group_L1_84844a95 ok | wall 81.4s | RSS 17.5 GB
[cluster 162/1191] group_L1_860f0f6c (method=mega)
[cluster 163/1191] group_L1_863ad5e6 (method=mega)
  -> group_L1_863ad5e6 ok | wall 81.3s | RSS 17.5 GB
[cluster 164/1191] group_L1_86656700 (method=mega)
[cluster 165/1191] group_L1_879c3e6b (method=mega)
  -> group_L1_879c3e6b ok | wall 85.4s | RSS 17.5 GB
[cluster 166/1191] group_L1_87d027e5 (method=mega)
  -> group_L1_87d027e5 ok | wall 75.1s | RSS 17.5 GB
[cluster 167/1191] group_L1_895cb734 (method=mega)
  -> group_L1_895cb734 ok | wall 197.1s | RSS 17.5 GB
[cluster 168/1191] group_L1_8ae8bfa5 (method=mega)
[cluster 169/1191] group_L1_8c873780 (method=mega)
[cluster 170/1191] group_L1_93b3b59b (method=mega)
[cluster 171/1191] group_L1_a4778b91 (method=mega)
[cluster 172/1191] group_L1_a4deadfa (method=mega)
[cluster 173/1191] group_L1_a6c67cd6 (method=mega)
  -> group_L1_a6c67cd6 ok | wall 82.8s | RSS 17.5 GB
[cluster 174/1191] group_L1_a7758288 (method=mega)
  -> group_L1_a7758288 ok | wall 89.1s | RSS 17.5 GB
[cluster 175/1191] group_L1_a788332f (method=mega)
[cluster 176/1191] group_L1_a7f52377 (method=mega)
  -> group_L1_a7f52377 ok | wall 75.7s | RSS 17.5 GB
[cluster 177/1191] group_L1_ac86c6f3 (method=mega)
[cluster 178/1191] group_L1_ad14db03 (method=mega)
[cluster 179/1191] group_L1_ae82cf8a (method=mega)
[cluster 180/1191] group_L1_af6e92e0 (method=mega)
[cluster 181/1191] group_L1_b32f8fe8 (method=mega)
  -> group_L1_b32f8fe8 ok | wall 76.9s | RSS 17.5 GB
[cluster 182/1191] group_L1_b3bd6b92 (method=mega)
  -> group_L1_b3bd6b92 ok | wall 80.6s | RSS 17.5 GB
[cluster 183/1191] group_L1_b3fa0f9e (method=mega)
  -> group_L1_b3fa0f9e ok | wall 111.6s | RSS 17.5 GB
[cluster 184/1191] group_L1_b8dfbbcd (method=mega)
[cluster 185/1191] group_L1_bae37d6c (method=mega)
  -> group_L1_bae37d6c ok | wall 126.3s | RSS 17.5 GB
[cluster 186/1191] group_L1_be166699 (method=mega)
  -> group_L1_be166699 ok | wall 81.6s | RSS 17.5 GB
[cluster 187/1191] group_L1_be239319 (method=mega)
[cluster 188/1191] group_L1_c2310d2e (method=mega)
[cluster 189/1191] group_L1_c73f89ac (method=mega)
[cluster 190/1191] group_L1_ca655d5b (method=mega)
  -> group_L1_ca655d5b ok | wall 107.0s | RSS 17.5 GB
[cluster 191/1191] group_L1_ccaaf7a9 (method=mega)
[cluster 192/1191] group_L1_cd440424 (method=mega)
  -> group_L1_cd440424 ok | wall 87.3s | RSS 17.5 GB
[cluster 193/1191] group_L1_ce4b7594 (method=mega)
[cluster 194/1191] group_L1_d8b8767e (method=mega)
  -> group_L1_d8b8767e ok | wall 119.9s | RSS 18.8 GB
[cluster 195/1191] group_L1_dbd819eb (method=mega)
  -> group_L1_dbd819eb ok | wall 131.5s | RSS 17.5 GB
[cluster 196/1191] group_L1_dcb03326 (method=mega)
[cluster 197/1191] group_L1_dcf94fb6 (method=mega)
  -> group_L1_dcf94fb6 ok | wall 83.1s | RSS 17.5 GB
[cluster 198/1191] group_L1_e07c6277 (method=mega)
[cluster 199/1191] group_L1_e8344e2c (method=mega)
  -> group_L1_e8344e2c ok | wall 78.0s | RSS 17.5 GB
[cluster 200/1191] group_L1_ea4c768e (method=mega)
  -> group_L1_ea4c768e ok | wall 80.3s | RSS 17.5 GB
[cluster 201/1191] group_L1_ec68f3e8 (method=mega)
[cluster 202/1191] group_L1_ec9889c3 (method=mega)
[cluster 203/1191] group_L1_ecd12bb1 (method=mega)
[cluster 204/1191] group_L1_ed154824 (method=mega)
[cluster 205/1191] group_L1_f01926c7 (method=mega)
  -> group_L1_f01926c7 ok | wall 84.5s | RSS 17.5 GB
[cluster 206/1191] group_L1_f2972617 (method=mega)
[cluster 207/1191] group_L1_f3f94a1e (method=mega)
  -> group_L1_f3f94a1e ok | wall 150.7s | RSS 17.5 GB
[cluster 208/1191] group_L1_f46f6704 (method=mega)
[cluster 209/1191] group_L1_f5db9c26 (method=mega)
[cluster 210/1191] group_L1_f8b13f74 (method=mega)
[cluster 211/1191] group_L1_f8ba02f2 (method=mega)
  -> group_L1_f8ba02f2 ok | wall 89.8s | RSS 17.5 GB
[cluster 212/1191] group_L1_fb9ca369 (method=mega)
[cluster 213/1191] group_L1_fccc178e (method=mega)
[cluster 214/1191] pair_L0_03412865 (method=mega_aug)
  -> pair_L0_03412865 ok | wall 84.6s | RSS 17.5 GB
[cluster 215/1191] pair_L0_0f1984ba (method=mega_aug)
  -> pair_L0_0f1984ba ok | wall 90.9s | RSS 17.5 GB
[cluster 216/1191] pair_L0_1c415da8 (method=mega_aug)
  -> pair_L0_1c415da8 ok | wall 75.3s | RSS 17.5 GB
[cluster 217/1191] pair_L0_29c9e244 (method=mega_aug)
  -> pair_L0_29c9e244 ok | wall 191.6s | RSS 17.5 GB
[cluster 218/1191] pair_L0_351f5a4e (method=mega_aug)
  -> pair_L0_351f5a4e ok | wall 86.2s | RSS 17.5 GB
[cluster 219/1191] pair_L0_35e1f8fc (method=mega_aug)
  -> pair_L0_35e1f8fc ok | wall 104.3s | RSS 17.5 GB
[cluster 220/1191] pair_L0_42cfa7ef (method=mega_aug)
  -> pair_L0_42cfa7ef ok | wall 105.5s | RSS 17.5 GB
[cluster 221/1191] pair_L0_4a917d73 (method=mega_aug)
  -> pair_L0_4a917d73 ok | wall 127.6s | RSS 17.5 GB
[cluster 222/1191] pair_L0_525a3d7a (method=mega_aug)
  -> pair_L0_525a3d7a ok | wall 81.1s | RSS 17.5 GB
[cluster 223/1191] pair_L0_5318674c (method=mega_aug)
  -> pair_L0_5318674c ok | wall 148.3s | RSS 17.5 GB
[cluster 224/1191] pair_L0_5573561d (method=mega_aug)
  -> pair_L0_5573561d ok | wall 104.0s | RSS 17.5 GB
[cluster 225/1191] pair_L0_55a0f508 (method=mega_aug)
  -> pair_L0_55a0f508 ok | wall 82.9s | RSS 17.5 GB
[cluster 226/1191] pair_L0_5d50efd1 (method=mega_aug)
  -> pair_L0_5d50efd1 ok | wall 75.5s | RSS 17.5 GB
[cluster 227/1191] pair_L0_5e4b9fd0 (method=mega_aug)
  -> pair_L0_5e4b9fd0 ok | wall 71.4s | RSS 17.5 GB
[cluster 228/1191] pair_L0_69ac06ac (method=mega_aug)
  -> pair_L0_69ac06ac ok | wall 81.3s | RSS 17.5 GB
[cluster 229/1191] pair_L0_6c7db102 (method=mega_aug)
  -> pair_L0_6c7db102 ok | wall 73.0s | RSS 17.5 GB
[cluster 230/1191] pair_L0_6f48f303 (method=mega_aug)
  -> pair_L0_6f48f303 ok | wall 86.7s | RSS 17.5 GB
[cluster 231/1191] pair_L0_7d12ab6a (method=mega_aug)
  -> pair_L0_7d12ab6a ok | wall 78.3s | RSS 17.5 GB
[cluster 232/1191] pair_L0_9118e251 (method=mega_aug)
  -> pair_L0_9118e251 ok | wall 116.9s | RSS 17.5 GB
[cluster 233/1191] pair_L0_9cf0a243 (method=mega_aug)
  -> pair_L0_9cf0a243 ok | wall 137.2s | RSS 17.5 GB
[cluster 234/1191] pair_L0_a1af8ef7 (method=mega_aug)
  -> pair_L0_a1af8ef7 ok | wall 97.1s | RSS 17.5 GB
[cluster 235/1191] pair_L0_a37eee97 (method=mega_aug)
  -> pair_L0_a37eee97 ok | wall 72.0s | RSS 17.5 GB
[cluster 236/1191] pair_L0_a5aa10d2 (method=mega_aug)
  -> pair_L0_a5aa10d2 ok | wall 94.6s | RSS 17.5 GB
[cluster 237/1191] pair_L0_b0db3bfd (method=mega_aug)
  -> pair_L0_b0db3bfd ok | wall 86.9s | RSS 17.5 GB
[cluster 238/1191] pair_L0_b90bbbb3 (method=mega_aug)
  -> pair_L0_b90bbbb3 ok | wall 74.5s | RSS 17.5 GB
[cluster 239/1191] pair_L0_bbe69ba9 (method=mega_aug)
  -> pair_L0_bbe69ba9 ok | wall 209.5s | RSS 17.5 GB
[cluster 240/1191] pair_L0_caf0d3ed (method=mega_aug)
  -> pair_L0_caf0d3ed ok | wall 83.6s | RSS 17.5 GB
[cluster 241/1191] pair_L0_d1550bef (method=mega_aug)
  -> pair_L0_d1550bef ok | wall 104.4s | RSS 17.5 GB
[cluster 242/1191] pair_L0_d204b396 (method=mega_aug)
  -> pair_L0_d204b396 ok | wall 84.5s | RSS 17.5 GB
[cluster 243/1191] pair_L0_e1cb30b0 (method=mega_aug)
  -> pair_L0_e1cb30b0 ok | wall 191.1s | RSS 17.5 GB
[cluster 244/1191] pair_L0_e584b571 (method=mega_aug)
  -> pair_L0_e584b571 ok | wall 75.9s | RSS 17.5 GB
[cluster 245/1191] pair_L0_f0510944 (method=mega_aug)
  -> pair_L0_f0510944 ok | wall 71.6s | RSS 17.5 GB
[cluster 246/1191] pair_L0_f2dc3c18 (method=mega_aug)
  -> pair_L0_f2dc3c18 ok | wall 200.3s | RSS 17.5 GB
[cluster 247/1191] pair_L1_0cc73601 (method=mega_aug)
  -> pair_L1_0cc73601 ok | wall 82.8s | RSS 17.5 GB
[cluster 248/1191] pair_L1_10ab5fd9 (method=mega_aug)
  -> pair_L1_10ab5fd9 ok | wall 192.1s | RSS 17.5 GB
[cluster 249/1191] pair_L1_187ef2a9 (method=mega_aug)
  -> pair_L1_187ef2a9 ok | wall 67.0s | RSS 17.5 GB
[cluster 250/1191] pair_L1_1bb042b8 (method=mega_aug)
  -> pair_L1_1bb042b8 ok | wall 73.7s | RSS 17.5 GB
[cluster 251/1191] pair_L1_2d74feb8 (method=mega_aug)
  -> pair_L1_2d74feb8 ok | wall 71.2s | RSS 17.5 GB
[cluster 252/1191] pair_L1_3614cc1f (method=mega_aug)
  -> pair_L1_3614cc1f ok | wall 92.9s | RSS 17.5 GB
[cluster 253/1191] pair_L1_3aea8177 (method=mega_aug)
  -> pair_L1_3aea8177 ok | wall 85.0s | RSS 17.5 GB
[cluster 254/1191] pair_L1_4a300db0 (method=mega_aug)
  -> pair_L1_4a300db0 ok | wall 74.4s | RSS 17.5 GB
[cluster 255/1191] pair_L1_4b065161 (method=mega_aug)
  -> pair_L1_4b065161 ok | wall 192.1s | RSS 17.5 GB
[cluster 256/1191] pair_L1_4ba48bc1 (method=mega_aug)
  -> pair_L1_4ba48bc1 ok | wall 77.0s | RSS 17.5 GB
[cluster 257/1191] pair_L1_525711bf (method=mega_aug)
  -> pair_L1_525711bf ok | wall 72.4s | RSS 17.5 GB
[cluster 258/1191] pair_L1_54e34427 (method=mega_aug)
  -> pair_L1_54e34427 ok | wall 201.4s | RSS 17.5 GB
[cluster 259/1191] pair_L1_5bbe37ec (method=mega_aug)
  -> pair_L1_5bbe37ec ok | wall 82.7s | RSS 17.5 GB
[cluster 260/1191] pair_L1_5bd84a80 (method=mega_aug)
  -> pair_L1_5bd84a80 ok | wall 78.3s | RSS 17.5 GB
[cluster 261/1191] pair_L1_6107c08f (method=mega_aug)
  -> pair_L1_6107c08f ok | wall 85.8s | RSS 17.5 GB
[cluster 262/1191] pair_L1_7351207f (method=mega_aug)
  -> pair_L1_7351207f ok | wall 75.9s | RSS 17.5 GB
[cluster 263/1191] pair_L1_7a02cb2b (method=mega_aug)
  -> pair_L1_7a02cb2b ok | wall 199.1s | RSS 17.5 GB
[cluster 264/1191] pair_L1_7ee689e3 (method=mega_aug)
  -> pair_L1_7ee689e3 ok | wall 77.7s | RSS 17.5 GB
[cluster 265/1191] pair_L1_82e7ddd7 (method=mega_aug)
  -> pair_L1_82e7ddd7 ok | wall 87.3s | RSS 17.5 GB
[cluster 266/1191] pair_L1_8480388f (method=mega_aug)
  -> pair_L1_8480388f ok | wall 71.6s | RSS 17.5 GB
[cluster 267/1191] pair_L1_a58e1a42 (method=mega_aug)
  -> pair_L1_a58e1a42 ok | wall 72.2s | RSS 17.5 GB
[cluster 268/1191] pair_L1_af243995 (method=mega_aug)
  -> pair_L1_af243995 ok | wall 197.7s | RSS 17.5 GB
[cluster 269/1191] pair_L1_bc5eff7f (method=mega_aug)
  -> pair_L1_bc5eff7f ok | wall 82.7s | RSS 17.5 GB
[cluster 270/1191] pair_L1_c724abfd (method=mega_aug)
  -> pair_L1_c724abfd ok | wall 84.0s | RSS 17.5 GB
[cluster 271/1191] pair_L1_cb441a77 (method=mega_aug)
  -> pair_L1_cb441a77 ok | wall 78.4s | RSS 17.5 GB
[cluster 272/1191] pair_L1_cd39f590 (method=mega_aug)
  -> pair_L1_cd39f590 ok | wall 76.1s | RSS 17.5 GB
[cluster 273/1191] pair_L1_d3f9463d (method=mega_aug)
  -> pair_L1_d3f9463d ok | wall 77.2s | RSS 17.5 GB
[cluster 274/1191] pair_L1_d88a2d86 (method=mega_aug)
  -> pair_L1_d88a2d86 ok | wall 90.7s | RSS 17.5 GB
[cluster 275/1191] pair_L1_db4c156b (method=mega_aug)
  -> pair_L1_db4c156b ok | wall 72.1s | RSS 17.5 GB
[cluster 276/1191] pair_L1_e47974cf (method=mega_aug)
  -> pair_L1_e47974cf ok | wall 91.5s | RSS 17.5 GB
[cluster 277/1191] pair_L1_ec0989ec (method=mega_aug)
  -> pair_L1_ec0989ec ok | wall 104.5s | RSS 17.5 GB
[cluster 278/1191] pair_L1_efdcd518 (method=mega_aug)
  -> pair_L1_efdcd518 ok | wall 116.2s | RSS 17.5 GB
[cluster 279/1191] pair_L1_f45509d8 (method=mega_aug)
  -> pair_L1_f45509d8 ok | wall 91.9s | RSS 17.5 GB
[cluster 280/1191] pair_L1_f977ceec (method=mega_aug)
  -> pair_L1_f977ceec ok | wall 205.3s | RSS 17.5 GB
[cluster 281/1191] pair_L1_f98d2b00 (method=mega_aug)
  -> pair_L1_f98d2b00 ok | wall 89.2s | RSS 17.5 GB
[cluster 282/1191] pair_L1_ffd5bd7b (method=mega_aug)
  -> pair_L1_ffd5bd7b ok | wall 80.8s | RSS 17.5 GB
[cluster 283/1191] pair_L2_0327e073 (method=mega_aug)
  -> pair_L2_0327e073 ok | wall 75.1s | RSS 17.5 GB
[cluster 284/1191] pair_L2_0a7f87d4 (method=mega_aug)
  -> pair_L2_0a7f87d4 ok | wall 77.5s | RSS 17.5 GB
[cluster 285/1191] pair_L2_0b216fa7 (method=mega_aug)
  -> pair_L2_0b216fa7 ok | wall 74.2s | RSS 17.5 GB
[cluster 286/1191] pair_L2_0b8c3714 (method=mega_aug)
  -> pair_L2_0b8c3714 ok | wall 75.9s | RSS 17.5 GB
[cluster 287/1191] pair_L2_1687bc72 (method=mega_aug)
  -> pair_L2_1687bc72 ok | wall 82.9s | RSS 17.5 GB
[cluster 288/1191] pair_L2_1956caa9 (method=mega_aug)
  -> pair_L2_1956caa9 ok | wall 91.4s | RSS 17.5 GB
[cluster 289/1191] pair_L2_273e1a4d (method=mega_aug)
  -> pair_L2_273e1a4d ok | wall 76.7s | RSS 17.5 GB
[cluster 290/1191] pair_L2_287dcaf5 (method=mega_aug)
  -> pair_L2_287dcaf5 ok | wall 93.4s | RSS 17.5 GB
[cluster 291/1191] pair_L2_303cbfb9 (method=mega_aug)
  -> pair_L2_303cbfb9 ok | wall 148.7s | RSS 17.5 GB
[cluster 292/1191] pair_L2_380fb0df (method=mega_aug)
  -> pair_L2_380fb0df ok | wall 205.8s | RSS 17.5 GB
[cluster 293/1191] pair_L2_51d3baeb (method=mega_aug)
  -> pair_L2_51d3baeb ok | wall 80.2s | RSS 17.5 GB
[cluster 294/1191] pair_L2_5cc99aa9 (method=mega_aug)
  -> pair_L2_5cc99aa9 ok | wall 71.0s | RSS 17.5 GB
[cluster 295/1191] pair_L2_5d14eeb0 (method=mega_aug)
  -> pair_L2_5d14eeb0 ok | wall 85.0s | RSS 17.5 GB
[cluster 296/1191] pair_L2_5f380ac5 (method=mega_aug)
  -> pair_L2_5f380ac5 ok | wall 76.9s | RSS 17.5 GB
[cluster 297/1191] pair_L2_62582b5b (method=mega_aug)
  -> pair_L2_62582b5b ok | wall 82.6s | RSS 17.5 GB
[cluster 298/1191] pair_L2_6b1c225f (method=mega_aug)
  -> pair_L2_6b1c225f ok | wall 95.5s | RSS 17.5 GB
[cluster 299/1191] pair_L2_6e698687 (method=mega_aug)
  -> pair_L2_6e698687 ok | wall 69.6s | RSS 17.5 GB
[cluster 300/1191] pair_L2_75367c14 (method=mega_aug)
  -> pair_L2_75367c14 ok | wall 84.0s | RSS 17.5 GB
[cluster 301/1191] pair_L2_787a37b6 (method=mega_aug)
  -> pair_L2_787a37b6 ok | wall 78.4s | RSS 17.5 GB
[cluster 302/1191] pair_L2_79d43acc (method=mega_aug)
  -> pair_L2_79d43acc ok | wall 85.2s | RSS 17.5 GB
[cluster 303/1191] pair_L2_7c0da9b7 (method=mega_aug)
  -> pair_L2_7c0da9b7 ok | wall 72.9s | RSS 17.5 GB
[cluster 304/1191] pair_L2_7d270e38 (method=mega_aug)
  -> pair_L2_7d270e38 ok | wall 219.6s | RSS 17.5 GB
[cluster 305/1191] pair_L2_7e2c82d2 (method=mega_aug)
  -> pair_L2_7e2c82d2 ok | wall 134.9s | RSS 17.5 GB
[cluster 306/1191] pair_L2_8117a587 (method=mega_aug)
  -> pair_L2_8117a587 ok | wall 152.0s | RSS 17.5 GB
[cluster 307/1191] pair_L2_814b5433 (method=mega_aug)
  -> pair_L2_814b5433 ok | wall 101.4s | RSS 17.5 GB
[cluster 308/1191] pair_L2_84a6ad93 (method=mega_aug)
  -> pair_L2_84a6ad93 ok | wall 90.1s | RSS 17.5 GB
[cluster 309/1191] pair_L2_890ac91d (method=mega_aug)
  -> pair_L2_890ac91d ok | wall 83.2s | RSS 17.5 GB
[cluster 310/1191] pair_L2_89581b46 (method=mega_aug)
  -> pair_L2_89581b46 ok | wall 70.8s | RSS 17.5 GB
[cluster 311/1191] pair_L2_89d954a3 (method=mega_aug)
  -> pair_L2_89d954a3 ok | wall 87.1s | RSS 17.5 GB
[cluster 312/1191] pair_L2_8a7b4367 (method=mega_aug)
  -> pair_L2_8a7b4367 ok | wall 80.2s | RSS 17.5 GB
[cluster 313/1191] pair_L2_8c1e43dd (method=mega_aug)
  -> pair_L2_8c1e43dd ok | wall 72.4s | RSS 17.5 GB
[cluster 314/1191] pair_L2_923e8974 (method=mega_aug)
  -> pair_L2_923e8974 ok | wall 184.5s | RSS 17.5 GB
[cluster 315/1191] pair_L2_a21e1449 (method=mega_aug)
  -> pair_L2_a21e1449 ok | wall 75.8s | RSS 17.5 GB
[cluster 316/1191] pair_L2_a53c98be (method=mega_aug)
  -> pair_L2_a53c98be ok | wall 88.1s | RSS 17.5 GB
[cluster 317/1191] pair_L2_a7b32a11 (method=mega_aug)
  -> pair_L2_a7b32a11 ok | wall 73.2s | RSS 17.5 GB
[cluster 318/1191] pair_L2_a945c305 (method=mega_aug)
  -> pair_L2_a945c305 ok | wall 79.1s | RSS 17.5 GB
[cluster 319/1191] pair_L2_ab965872 (method=mega_aug)
  -> pair_L2_ab965872 ok | wall 75.9s | RSS 17.5 GB
[cluster 320/1191] pair_L2_bea17786 (method=mega_aug)
  -> pair_L2_bea17786 ok | wall 73.2s | RSS 17.5 GB
[cluster 321/1191] pair_L2_bfcae63a (method=mega_aug)
  -> pair_L2_bfcae63a ok | wall 71.5s | RSS 17.5 GB
[cluster 322/1191] pair_L2_c1578a15 (method=mega_aug)
  -> pair_L2_c1578a15 ok | wall 75.9s | RSS 17.5 GB
[cluster 323/1191] pair_L2_c2394723 (method=mega_aug)
  -> pair_L2_c2394723 ok | wall 67.6s | RSS 17.5 GB
[cluster 324/1191] pair_L2_d483c886 (method=mega_aug)
  -> pair_L2_d483c886 ok | wall 83.5s | RSS 17.5 GB
[cluster 325/1191] pair_L2_d87355da (method=mega_aug)
  -> pair_L2_d87355da ok | wall 74.1s | RSS 17.5 GB
[cluster 326/1191] pair_L2_d9c06b43 (method=mega_aug)
  -> pair_L2_d9c06b43 ok | wall 194.6s | RSS 17.5 GB
[cluster 327/1191] pair_L2_daadcfb2 (method=mega_aug)
  -> pair_L2_daadcfb2 ok | wall 79.0s | RSS 17.5 GB
[cluster 328/1191] pair_L2_e13ca9a3 (method=mega_aug)
  -> pair_L2_e13ca9a3 ok | wall 77.2s | RSS 17.5 GB
[cluster 329/1191] pair_L2_e7442483 (method=mega_aug)
  -> pair_L2_e7442483 ok | wall 74.9s | RSS 17.5 GB
[cluster 330/1191] pair_L2_ea1dc345 (method=mega_aug)
  -> pair_L2_ea1dc345 ok | wall 73.5s | RSS 17.5 GB
[cluster 331/1191] pair_L2_eeebd1c9 (method=mega_aug)
  -> pair_L2_eeebd1c9 ok | wall 92.4s | RSS 17.5 GB
[cluster 332/1191] pair_L2_f9cb5553 (method=mega_aug)
  -> pair_L2_f9cb5553 ok | wall 92.7s | RSS 17.5 GB
[cluster 333/1191] pair_L3_00ad1302 (method=mega_aug)
  -> pair_L3_00ad1302 ok | wall 134.2s | RSS 17.9 GB
[cluster 334/1191] pair_L3_02d2c9e5 (method=mega_aug)
  -> pair_L3_02d2c9e5 ok | wall 130.6s | RSS 17.5 GB
[cluster 335/1191] pair_L3_037b0e72 (method=mega_aug)
  -> pair_L3_037b0e72 ok | wall 100.3s | RSS 17.5 GB
[cluster 336/1191] pair_L3_05c530e9 (method=mega_aug)
  -> pair_L3_05c530e9 ok | wall 108.4s | RSS 17.5 GB
[cluster 337/1191] pair_L3_0d3bea58 (method=mega_aug)
  -> pair_L3_0d3bea58 ok | wall 81.0s | RSS 17.5 GB
[cluster 338/1191] pair_L3_0ee11393 (method=mega_aug)
  -> pair_L3_0ee11393 ok | wall 136.0s | RSS 17.8 GB
[cluster 339/1191] pair_L3_108b28b9 (method=mega_aug)
  -> pair_L3_108b28b9 ok | wall 87.5s | RSS 17.5 GB
[cluster 340/1191] pair_L3_114e2ce2 (method=mega_aug)
  -> pair_L3_114e2ce2 ok | wall 85.7s | RSS 17.5 GB
[cluster 341/1191] pair_L3_147f6c56 (method=mega_aug)
  -> pair_L3_147f6c56 ok | wall 100.6s | RSS 17.5 GB
[cluster 342/1191] pair_L3_14ca9099 (method=mega_aug)
  -> pair_L3_14ca9099 ok | wall 90.3s | RSS 17.5 GB
[cluster 343/1191] pair_L3_152e6c17 (method=mega_aug)
  -> pair_L3_152e6c17 ok | wall 96.7s | RSS 17.5 GB
[cluster 344/1191] pair_L3_168b10a9 (method=mega_aug)
  -> pair_L3_168b10a9 ok | wall 136.9s | RSS 17.5 GB
[cluster 345/1191] pair_L3_16e6f3c9 (method=mega_aug)
  -> pair_L3_16e6f3c9 ok | wall 109.6s | RSS 17.5 GB
[cluster 346/1191] pair_L3_1fa818ef (method=mega_aug)
  -> pair_L3_1fa818ef ok | wall 109.9s | RSS 18.5 GB
[cluster 347/1191] pair_L3_21315013 (method=mega_aug)
  -> pair_L3_21315013 ok | wall 107.1s | RSS 17.5 GB
[cluster 348/1191] pair_L3_21435c4a (method=mega_aug)
  -> pair_L3_21435c4a ok | wall 111.3s | RSS 17.5 GB
[cluster 349/1191] pair_L3_23546be0 (method=mega_aug)
  -> pair_L3_23546be0 ok | wall 92.5s | RSS 17.5 GB
[cluster 350/1191] pair_L3_2b3d29d2 (method=mega_aug)
  -> pair_L3_2b3d29d2 ok | wall 97.9s | RSS 17.5 GB
[cluster 351/1191] pair_L3_2c929dbf (method=mega_aug)
  -> pair_L3_2c929dbf ok | wall 146.5s | RSS 17.5 GB
[cluster 352/1191] pair_L3_2d0e1f5f (method=mega_aug)
  -> pair_L3_2d0e1f5f ok | wall 118.8s | RSS 17.5 GB
[cluster 353/1191] pair_L3_3097e6f6 (method=mega_aug)
  -> pair_L3_3097e6f6 ok | wall 90.7s | RSS 17.5 GB
[cluster 354/1191] pair_L3_3241a419 (method=mega_aug)
  -> pair_L3_3241a419 ok | wall 98.2s | RSS 17.5 GB
[cluster 355/1191] pair_L3_3ac362df (method=mega_aug)
  -> pair_L3_3ac362df ok | wall 213.8s | RSS 17.5 GB
[cluster 356/1191] pair_L3_3f24e36a (method=mega_aug)
  -> pair_L3_3f24e36a ok | wall 99.8s | RSS 17.5 GB
[cluster 357/1191] pair_L3_3f60e211 (method=mega_aug)
  -> pair_L3_3f60e211 ok | wall 101.5s | RSS 17.8 GB
[cluster 358/1191] pair_L3_3ffec552 (method=mega_aug)
  -> pair_L3_3ffec552 ok | wall 78.7s | RSS 17.5 GB
[cluster 359/1191] pair_L3_41d92460 (method=mega_aug)
  -> pair_L3_41d92460 ok | wall 104.1s | RSS 17.5 GB
[cluster 360/1191] pair_L3_42b371ea (method=mega_aug)
  -> pair_L3_42b371ea ok | wall 86.5s | RSS 17.5 GB
[cluster 361/1191] pair_L3_4532c5b0 (method=mega_aug)
  -> pair_L3_4532c5b0 ok | wall 186.7s | RSS 17.5 GB
[cluster 362/1191] pair_L3_454a590e (method=mega_aug)
  -> pair_L3_454a590e ok | wall 93.0s | RSS 17.5 GB
[cluster 363/1191] pair_L3_454e6651 (method=mega_aug)
  -> pair_L3_454e6651 ok | wall 95.5s | RSS 17.5 GB
[cluster 364/1191] pair_L3_48a8ac63 (method=mega_aug)
  -> pair_L3_48a8ac63 ok | wall 102.2s | RSS 17.7 GB
[cluster 365/1191] pair_L3_48c51fff (method=mega_aug)
  -> pair_L3_48c51fff ok | wall 78.0s | RSS 17.5 GB
[cluster 366/1191] pair_L3_49982ab0 (method=mega_aug)
  -> pair_L3_49982ab0 ok | wall 101.7s | RSS 17.5 GB
[cluster 367/1191] pair_L3_4c5dc16f (method=mega_aug)
  -> pair_L3_4c5dc16f ok | wall 170.8s | RSS 17.5 GB
[cluster 368/1191] pair_L3_4c99fe76 (method=mega_aug)
  -> pair_L3_4c99fe76 ok | wall 115.0s | RSS 18.2 GB
[cluster 369/1191] pair_L3_4d33995f (method=mega_aug)
  -> pair_L3_4d33995f ok | wall 115.9s | RSS 19.6 GB
[cluster 370/1191] pair_L3_527895cd (method=mega_aug)
  -> pair_L3_527895cd ok | wall 140.9s | RSS 17.6 GB
[cluster 371/1191] pair_L3_549dff2e (method=mega_aug)
  -> pair_L3_549dff2e ok | wall 94.9s | RSS 17.5 GB
[cluster 372/1191] pair_L3_5814ab3e (method=mega_aug)
  -> pair_L3_5814ab3e ok | wall 87.6s | RSS 17.5 GB
[cluster 373/1191] pair_L3_581e48ca (method=mega_aug)
  -> pair_L3_581e48ca ok | wall 76.8s | RSS 17.5 GB
[cluster 374/1191] pair_L3_5961c001 (method=mega_aug)
  -> pair_L3_5961c001 ok | wall 95.5s | RSS 17.7 GB
[cluster 375/1191] pair_L3_598eea54 (method=mega_aug)
  -> pair_L3_598eea54 ok | wall 74.3s | RSS 17.5 GB
[cluster 376/1191] pair_L3_5b5b77d9 (method=mega_aug)
  -> pair_L3_5b5b77d9 ok | wall 78.9s | RSS 17.5 GB
[cluster 377/1191] pair_L3_5de8dc3a (method=mega_aug)
  -> pair_L3_5de8dc3a ok | wall 76.9s | RSS 17.5 GB
[cluster 378/1191] pair_L3_5ee60644 (method=mega_aug)
  -> pair_L3_5ee60644 ok | wall 76.1s | RSS 17.5 GB
[cluster 379/1191] pair_L3_60b0140d (method=mega_aug)
  -> pair_L3_60b0140d ok | wall 90.9s | RSS 17.5 GB
[cluster 380/1191] pair_L3_61b6434d (method=mega_aug)
  -> pair_L3_61b6434d ok | wall 214.0s | RSS 17.5 GB
[cluster 381/1191] pair_L3_624fff52 (method=mega_aug)
  -> pair_L3_624fff52 ok | wall 104.0s | RSS 17.5 GB
[cluster 382/1191] pair_L3_63fa10d4 (method=mega_aug)
  -> pair_L3_63fa10d4 ok | wall 85.7s | RSS 17.5 GB
[cluster 383/1191] pair_L3_65807cbd (method=mega_aug)
  -> pair_L3_65807cbd ok | wall 79.0s | RSS 17.5 GB
[cluster 384/1191] pair_L3_6a2fbb4c (method=mega_aug)
  -> pair_L3_6a2fbb4c ok | wall 88.0s | RSS 17.5 GB
[cluster 385/1191] pair_L3_6af18a2a (method=mega_aug)
  -> pair_L3_6af18a2a ok | wall 101.1s | RSS 17.5 GB
[cluster 386/1191] pair_L3_6c511eb3 (method=mega_aug)
  -> pair_L3_6c511eb3 ok | wall 83.8s | RSS 17.5 GB
[cluster 387/1191] pair_L3_6f8f5076 (method=mega_aug)
  -> pair_L3_6f8f5076 ok | wall 96.7s | RSS 17.7 GB
[cluster 388/1191] pair_L3_7426b6db (method=mega_aug)
  -> pair_L3_7426b6db ok | wall 159.4s | RSS 17.5 GB
[cluster 389/1191] pair_L3_7831bfdd (method=mega_aug)
  -> pair_L3_7831bfdd ok | wall 95.8s | RSS 17.5 GB
[cluster 390/1191] pair_L3_79712088 (method=mega_aug)
  -> pair_L3_79712088 ok | wall 94.5s | RSS 17.5 GB
[cluster 391/1191] pair_L3_798be030 (method=mega_aug)
  -> pair_L3_798be030 ok | wall 127.9s | RSS 17.5 GB
[cluster 392/1191] pair_L3_7ae260f1 (method=mega_aug)
  -> pair_L3_7ae260f1 ok | wall 87.0s | RSS 17.5 GB
[cluster 393/1191] pair_L3_7b104b5e (method=mega_aug)
  -> pair_L3_7b104b5e ok | wall 90.7s | RSS 17.5 GB
[cluster 394/1191] pair_L3_7b88229b (method=mega_aug)
  -> pair_L3_7b88229b ok | wall 93.3s | RSS 17.5 GB
[cluster 395/1191] pair_L3_804fa0d0 (method=mega_aug)
  -> pair_L3_804fa0d0 ok | wall 134.9s | RSS 17.5 GB
[cluster 396/1191] pair_L3_8057a9d0 (method=mega_aug)
  -> pair_L3_8057a9d0 ok | wall 138.4s | RSS 17.7 GB
[cluster 397/1191] pair_L3_8386c4a0 (method=mega_aug)
  -> pair_L3_8386c4a0 ok | wall 97.7s | RSS 17.5 GB
[cluster 398/1191] pair_L3_8925823c (method=mega_aug)
  -> pair_L3_8925823c ok | wall 108.2s | RSS 17.5 GB
[cluster 399/1191] pair_L3_89378b0d (method=mega_aug)
  -> pair_L3_89378b0d ok | wall 104.6s | RSS 17.5 GB
[cluster 400/1191] pair_L3_8c8678d5 (method=mega_aug)
  -> pair_L3_8c8678d5 ok | wall 96.2s | RSS 17.5 GB
[cluster 401/1191] pair_L3_8ee5fe78 (method=mega_aug)
  -> pair_L3_8ee5fe78 ok | wall 127.7s | RSS 17.5 GB
[cluster 402/1191] pair_L3_8f8f36b0 (method=mega_aug)
  -> pair_L3_8f8f36b0 ok | wall 101.1s | RSS 17.5 GB
[cluster 403/1191] pair_L3_8fbc70e2 (method=mega_aug)
  -> pair_L3_8fbc70e2 ok | wall 81.6s | RSS 17.5 GB
[cluster 404/1191] pair_L3_91b94e3e (method=mega_aug)
  -> pair_L3_91b94e3e ok | wall 121.1s | RSS 17.5 GB
[cluster 405/1191] pair_L3_93486af2 (method=mega_aug)
  -> pair_L3_93486af2 ok | wall 80.2s | RSS 17.5 GB
[cluster 406/1191] pair_L3_94779ff7 (method=mega_aug)
  -> pair_L3_94779ff7 ok | wall 91.2s | RSS 17.5 GB
[cluster 407/1191] pair_L3_94df3544 (method=mega_aug)
  -> pair_L3_94df3544 ok | wall 103.1s | RSS 17.5 GB
[cluster 408/1191] pair_L3_9501cc40 (method=mega_aug)
  -> pair_L3_9501cc40 ok | wall 126.8s | RSS 18.1 GB
[cluster 409/1191] pair_L3_97f875e6 (method=mega_aug)
  -> pair_L3_97f875e6 ok | wall 158.9s | RSS 17.5 GB
[cluster 410/1191] pair_L3_985b997a (method=mega_aug)
  -> pair_L3_985b997a ok | wall 89.7s | RSS 17.5 GB
[cluster 411/1191] pair_L3_992b72bf (method=mega_aug)
  -> pair_L3_992b72bf ok | wall 135.3s | RSS 17.5 GB
[cluster 412/1191] pair_L3_9e7f7da4 (method=mega_aug)
  -> pair_L3_9e7f7da4 ok | wall 103.0s | RSS 17.5 GB
[cluster 413/1191] pair_L3_9f5c09bf (method=mega_aug)
  -> pair_L3_9f5c09bf ok | wall 100.3s | RSS 17.5 GB
[cluster 414/1191] pair_L3_a09f4059 (method=mega_aug)
  -> pair_L3_a09f4059 ok | wall 131.3s | RSS 17.5 GB
[cluster 415/1191] pair_L3_a2934a7a (method=mega_aug)
  -> pair_L3_a2934a7a ok | wall 118.6s | RSS 17.5 GB
[cluster 416/1191] pair_L3_a63a0222 (method=mega_aug)
  -> pair_L3_a63a0222 ok | wall 99.5s | RSS 17.5 GB
[cluster 417/1191] pair_L3_a64a0b8e (method=mega_aug)
  -> pair_L3_a64a0b8e ok | wall 78.1s | RSS 17.5 GB
[cluster 418/1191] pair_L3_a91a9eea (method=mega_aug)
  -> pair_L3_a91a9eea ok | wall 172.3s | RSS 17.8 GB
[cluster 419/1191] pair_L3_a95acca8 (method=mega_aug)
  -> pair_L3_a95acca8 ok | wall 89.2s | RSS 17.5 GB
[cluster 420/1191] pair_L3_b04ffc5c (method=mega_aug)
  -> pair_L3_b04ffc5c ok | wall 100.3s | RSS 17.5 GB
[cluster 421/1191] pair_L3_b20eb992 (method=mega_aug)
  -> pair_L3_b20eb992 ok | wall 98.4s | RSS 17.5 GB
[cluster 422/1191] pair_L3_b41a34cb (method=mega_aug)
  -> pair_L3_b41a34cb ok | wall 130.8s | RSS 17.5 GB
[cluster 423/1191] pair_L3_b46ec892 (method=mega_aug)
  -> pair_L3_b46ec892 ok | wall 90.7s | RSS 17.5 GB
[cluster 424/1191] pair_L3_b5851af9 (method=mega_aug)
  -> pair_L3_b5851af9 ok | wall 100.4s | RSS 17.5 GB
[cluster 425/1191] pair_L3_b7227498 (method=mega_aug)
  -> pair_L3_b7227498 ok | wall 103.7s | RSS 17.5 GB
[cluster 426/1191] pair_L3_b7f1d54a (method=mega_aug)
  -> pair_L3_b7f1d54a ok | wall 106.0s | RSS 17.5 GB
[cluster 427/1191] pair_L3_b827bca7 (method=mega_aug)
  -> pair_L3_b827bca7 ok | wall 102.6s | RSS 18.0 GB
[cluster 428/1191] pair_L3_bd640959 (method=mega_aug)
  -> pair_L3_bd640959 ok | wall 82.4s | RSS 17.5 GB
[cluster 429/1191] pair_L3_be82187a (method=mega_aug)
  -> pair_L3_be82187a ok | wall 188.8s | RSS 17.8 GB
[cluster 430/1191] pair_L3_c2f4ce07 (method=mega_aug)
  -> pair_L3_c2f4ce07 ok | wall 88.8s | RSS 17.5 GB
[cluster 431/1191] pair_L3_c596c0e6 (method=mega_aug)
  -> pair_L3_c596c0e6 ok | wall 84.4s | RSS 17.5 GB
[cluster 432/1191] pair_L3_c6e12ca9 (method=mega_aug)
  -> pair_L3_c6e12ca9 ok | wall 96.1s | RSS 17.7 GB
[cluster 433/1191] pair_L3_c708af13 (method=mega_aug)
  -> pair_L3_c708af13 ok | wall 108.5s | RSS 17.5 GB
[cluster 434/1191] pair_L3_c721d9e0 (method=mega_aug)
  -> pair_L3_c721d9e0 ok | wall 90.9s | RSS 17.5 GB
[cluster 435/1191] pair_L3_c8029c02 (method=mega_aug)
  -> pair_L3_c8029c02 ok | wall 80.4s | RSS 17.5 GB
[cluster 436/1191] pair_L3_cbbfadbc (method=mega_aug)
  -> pair_L3_cbbfadbc ok | wall 98.5s | RSS 17.5 GB
[cluster 437/1191] pair_L3_cd0a22e5 (method=mega_aug)
  -> pair_L3_cd0a22e5 ok | wall 87.4s | RSS 17.5 GB
[cluster 438/1191] pair_L3_ce3ca16c (method=mega_aug)
  -> pair_L3_ce3ca16c ok | wall 102.0s | RSS 17.5 GB
[cluster 439/1191] pair_L3_ce53d54a (method=mega_aug)
  -> pair_L3_ce53d54a ok | wall 128.2s | RSS 17.8 GB
[cluster 440/1191] pair_L3_d1f693e3 (method=mega_aug)
  -> pair_L3_d1f693e3 ok | wall 74.9s | RSS 17.5 GB
[cluster 441/1191] pair_L3_d2291c92 (method=mega_aug)
  -> pair_L3_d2291c92 ok | wall 83.4s | RSS 17.5 GB
[cluster 442/1191] pair_L3_d2cbb01b (method=mega_aug)
  -> pair_L3_d2cbb01b ok | wall 80.9s | RSS 17.5 GB
[cluster 443/1191] pair_L3_d6155133 (method=mega_aug)
  -> pair_L3_d6155133 ok | wall 84.0s | RSS 17.5 GB
[cluster 444/1191] pair_L3_d65dae82 (method=mega_aug)
  -> pair_L3_d65dae82 ok | wall 53.7s | RSS 17.5 GB
[cluster 445/1191] pair_L3_d713d36c (method=mega_aug)
  -> pair_L3_d713d36c ok | wall 90.3s | RSS 17.5 GB
[cluster 446/1191] pair_L3_d7dfb6d7 (method=mega_aug)
  -> pair_L3_d7dfb6d7 ok | wall 85.7s | RSS 17.5 GB
[cluster 447/1191] pair_L3_d8157f25 (method=mega_aug)
  -> pair_L3_d8157f25 ok | wall 84.0s | RSS 17.5 GB
[cluster 448/1191] pair_L3_d85c7d4b (method=mega_aug)
  -> pair_L3_d85c7d4b ok | wall 142.3s | RSS 18.4 GB
[cluster 449/1191] pair_L3_de57ae49 (method=mega_aug)
  -> pair_L3_de57ae49 ok | wall 114.0s | RSS 17.7 GB
[cluster 450/1191] pair_L3_df26babe (method=mega_aug)
  -> pair_L3_df26babe ok | wall 96.6s | RSS 17.5 GB
[cluster 451/1191] pair_L3_df5fd567 (method=mega_aug)
  -> pair_L3_df5fd567 ok | wall 104.0s | RSS 17.5 GB
[cluster 452/1191] pair_L3_df73b755 (method=mega_aug)
  -> pair_L3_df73b755 ok | wall 88.9s | RSS 17.5 GB
[cluster 453/1191] pair_L3_e13adfe9 (method=mega_aug)
  -> pair_L3_e13adfe9 ok | wall 97.8s | RSS 17.7 GB
[cluster 454/1191] pair_L3_e851f774 (method=mega_aug)
  -> pair_L3_e851f774 ok | wall 104.3s | RSS 17.5 GB
[cluster 455/1191] pair_L3_e866daa8 (method=mega_aug)
  -> pair_L3_e866daa8 ok | wall 153.2s | RSS 17.8 GB
[cluster 456/1191] pair_L3_e986986e (method=mega_aug)
  -> pair_L3_e986986e ok | wall 96.5s | RSS 17.5 GB
[cluster 457/1191] pair_L3_eca8d2fa (method=mega_aug)
  -> pair_L3_eca8d2fa ok | wall 74.9s | RSS 17.5 GB
[cluster 458/1191] pair_L3_eda70995 (method=mega_aug)
  -> pair_L3_eda70995 ok | wall 75.4s | RSS 17.5 GB
[cluster 459/1191] pair_L3_ee7897ee (method=mega_aug)
  -> pair_L3_ee7897ee ok | wall 95.0s | RSS 17.5 GB
[cluster 460/1191] pair_L3_f07620c1 (method=mega_aug)
  -> pair_L3_f07620c1 ok | wall 131.4s | RSS 17.6 GB
[cluster 461/1191] pair_L3_f0915fb5 (method=mega_aug)
  -> pair_L3_f0915fb5 ok | wall 118.5s | RSS 17.5 GB
[cluster 462/1191] pair_L3_f1134586 (method=mega_aug)
  -> pair_L3_f1134586 ok | wall 107.0s | RSS 18.0 GB
[cluster 463/1191] pair_L3_f49cd85a (method=mega_aug)
  -> pair_L3_f49cd85a ok | wall 110.5s | RSS 17.5 GB
[cluster 464/1191] pair_L3_f52d46c5 (method=mega_aug)
  -> pair_L3_f52d46c5 ok | wall 81.0s | RSS 17.5 GB
[cluster 465/1191] pair_L3_f8fce8ce (method=mega_aug)
  -> pair_L3_f8fce8ce ok | wall 114.6s | RSS 17.5 GB
[cluster 466/1191] pair_L3_fcf31af4 (method=mega_aug)
  -> pair_L3_fcf31af4 ok | wall 218.1s | RSS 17.5 GB
[cluster 467/1191] pair_L3_feae74c8 (method=mega_aug)
  -> pair_L3_feae74c8 ok | wall 82.9s | RSS 17.5 GB
[cluster 468/1191] pair_L4_00c85714 (method=mega_aug)
  -> pair_L4_00c85714 ok | wall 99.8s | RSS 17.5 GB
[cluster 469/1191] pair_L4_01e83687 (method=mega_aug)
  -> pair_L4_01e83687 ok | wall 104.8s | RSS 17.7 GB
[cluster 470/1191] pair_L4_06242586 (method=mega_aug)
  -> pair_L4_06242586 ok | wall 78.0s | RSS 17.5 GB
[cluster 471/1191] pair_L4_07d1e49a (method=mega_aug)
  -> pair_L4_07d1e49a ok | wall 95.2s | RSS 17.5 GB
[cluster 472/1191] pair_L4_083e80e3 (method=mega_aug)
  -> pair_L4_083e80e3 ok | wall 113.6s | RSS 17.8 GB
[cluster 473/1191] pair_L4_0846184f (method=mega_aug)
  -> pair_L4_0846184f ok | wall 100.6s | RSS 17.5 GB
[cluster 474/1191] pair_L4_08df4f53 (method=mega_aug)
  -> pair_L4_08df4f53 ok | wall 99.4s | RSS 17.5 GB
[cluster 475/1191] pair_L4_0dcc5ca8 (method=mega_aug)
  -> pair_L4_0dcc5ca8 ok | wall 155.1s | RSS 17.8 GB
[cluster 476/1191] pair_L4_12a42abe (method=mega_aug)
  -> pair_L4_12a42abe ok | wall 118.3s | RSS 18.7 GB
[cluster 477/1191] pair_L4_12bd3518 (method=mega_aug)
  -> pair_L4_12bd3518 ok | wall 94.3s | RSS 17.5 GB
[cluster 478/1191] pair_L4_131a2501 (method=mega_aug)
  -> pair_L4_131a2501 ok | wall 99.6s | RSS 17.5 GB
[cluster 479/1191] pair_L4_13a85230 (method=mega_aug)
  -> pair_L4_13a85230 ok | wall 90.2s | RSS 17.5 GB
[cluster 480/1191] pair_L4_144c98da (method=mega_aug)
  -> pair_L4_144c98da ok | wall 92.8s | RSS 17.5 GB
[cluster 481/1191] pair_L4_15b3ed42 (method=mega_aug)
  -> pair_L4_15b3ed42 ok | wall 158.5s | RSS 17.5 GB
[cluster 482/1191] pair_L4_15c99903 (method=mega_aug)
  -> pair_L4_15c99903 ok | wall 120.4s | RSS 18.3 GB
[cluster 483/1191] pair_L4_15e21ec4 (method=mega_aug)
  -> pair_L4_15e21ec4 ok | wall 99.0s | RSS 17.5 GB
[cluster 484/1191] pair_L4_170b9c71 (method=mega_aug)
  -> pair_L4_170b9c71 ok | wall 82.9s | RSS 17.5 GB
[cluster 485/1191] pair_L4_1a1ffe52 (method=mega_aug)
  -> pair_L4_1a1ffe52 ok | wall 104.7s | RSS 17.7 GB
[cluster 486/1191] pair_L4_1c328e62 (method=mega_aug)
  -> pair_L4_1c328e62 ok | wall 139.2s | RSS 18.8 GB
[cluster 487/1191] pair_L4_1dfa4734 (method=mega_aug)
  -> pair_L4_1dfa4734 ok | wall 134.1s | RSS 18.7 GB
[cluster 488/1191] pair_L4_1eb7dc03 (method=mega_aug)
  -> pair_L4_1eb7dc03 ok | wall 102.6s | RSS 17.7 GB
[cluster 489/1191] pair_L4_1eea05dd (method=mega_aug)
  -> pair_L4_1eea05dd ok | wall 95.3s | RSS 17.5 GB
[cluster 490/1191] pair_L4_20944c48 (method=mega_aug)
  -> pair_L4_20944c48 ok | wall 83.2s | RSS 17.5 GB
[cluster 491/1191] pair_L4_2241aa86 (method=mega_aug)
  -> pair_L4_2241aa86 ok | wall 110.6s | RSS 18.2 GB
[cluster 492/1191] pair_L4_248c10ca (method=mega_aug)
  -> pair_L4_248c10ca ok | wall 78.7s | RSS 17.5 GB
[cluster 493/1191] pair_L4_2605c5b1 (method=mega_aug)
  -> pair_L4_2605c5b1 ok | wall 93.6s | RSS 17.5 GB
[cluster 494/1191] pair_L4_26e5b18a (method=mega_aug)
  -> pair_L4_26e5b18a ok | wall 92.7s | RSS 17.5 GB
[cluster 495/1191] pair_L4_26f26a1f (method=mega_aug)
  -> pair_L4_26f26a1f ok | wall 128.8s | RSS 18.0 GB
[cluster 496/1191] pair_L4_27cea9a4 (method=mega_aug)
  -> pair_L4_27cea9a4 ok | wall 98.8s | RSS 17.5 GB
[cluster 497/1191] pair_L4_29797a0e (method=mega_aug)
  -> pair_L4_29797a0e ok | wall 81.5s | RSS 17.5 GB
[cluster 498/1191] pair_L4_2a1833ff (method=mega_aug)
  -> pair_L4_2a1833ff ok | wall 82.9s | RSS 17.5 GB
[cluster 499/1191] pair_L4_2ac12423 (method=mega_aug)
  -> pair_L4_2ac12423 ok | wall 170.2s | RSS 17.5 GB
[cluster 500/1191] pair_L4_2b3c291d (method=mega_aug)
  -> pair_L4_2b3c291d ok | wall 107.2s | RSS 18.1 GB
[cluster 501/1191] pair_L4_2c9fc88f (method=mega_aug)
  -> pair_L4_2c9fc88f ok | wall 107.0s | RSS 17.5 GB
[cluster 502/1191] pair_L4_2d9fe7a2 (method=mega_aug)
  -> pair_L4_2d9fe7a2 ok | wall 148.7s | RSS 17.7 GB
[cluster 503/1191] pair_L4_2f633fbf (method=mega_aug)
  -> pair_L4_2f633fbf ok | wall 101.5s | RSS 17.5 GB
[cluster 504/1191] pair_L4_34cedc65 (method=mega_aug)
  -> pair_L4_34cedc65 ok | wall 108.8s | RSS 18.3 GB
[cluster 505/1191] pair_L4_3557dec5 (method=mega_aug)
  -> pair_L4_3557dec5 ok | wall 77.5s | RSS 17.5 GB
[cluster 506/1191] pair_L4_3665560b (method=mega_aug)
  -> pair_L4_3665560b ok | wall 130.3s | RSS 17.5 GB
[cluster 507/1191] pair_L4_38e9060c (method=mega_aug)
  -> pair_L4_38e9060c ok | wall 74.1s | RSS 17.5 GB
[cluster 508/1191] pair_L4_39b863ac (method=mega_aug)
  -> pair_L4_39b863ac ok | wall 143.4s | RSS 18.3 GB
[cluster 509/1191] pair_L4_3b9b4425 (method=mega_aug)
  -> pair_L4_3b9b4425 ok | wall 75.9s | RSS 17.5 GB
[cluster 510/1191] pair_L4_3d0742f4 (method=mega_aug)
  -> pair_L4_3d0742f4 ok | wall 97.4s | RSS 17.5 GB
[cluster 511/1191] pair_L4_3e113ced (method=mega_aug)
  -> pair_L4_3e113ced ok | wall 94.1s | RSS 17.5 GB
[cluster 512/1191] pair_L4_3f58b081 (method=mega_aug)
  -> pair_L4_3f58b081 ok | wall 68.6s | RSS 17.5 GB
[cluster 513/1191] pair_L4_3faf2a31 (method=mega_aug)
  -> pair_L4_3faf2a31 ok | wall 109.3s | RSS 17.7 GB
[cluster 514/1191] pair_L4_4261a4bb (method=mega_aug)
  -> pair_L4_4261a4bb ok | wall 133.9s | RSS 18.1 GB
[cluster 515/1191] pair_L4_4268bc3d (method=mega_aug)
  -> pair_L4_4268bc3d ok | wall 114.2s | RSS 18.0 GB
[cluster 516/1191] pair_L4_43117f41 (method=mega_aug)
  -> pair_L4_43117f41 ok | wall 120.9s | RSS 17.9 GB
[cluster 517/1191] pair_L4_477ceefe (method=mega_aug)
  -> pair_L4_477ceefe ok | wall 216.3s | RSS 17.5 GB
[cluster 518/1191] pair_L4_47fc9bb7 (method=mega_aug)
  -> pair_L4_47fc9bb7 ok | wall 150.9s | RSS 18.0 GB
[cluster 519/1191] pair_L4_48297f96 (method=mega_aug)
  -> pair_L4_48297f96 ok | wall 88.1s | RSS 17.5 GB
[cluster 520/1191] pair_L4_48d98b0d (method=mega_aug)
  -> pair_L4_48d98b0d ok | wall 88.9s | RSS 17.5 GB
[cluster 521/1191] pair_L4_4e8e9b02 (method=mega_aug)
  -> pair_L4_4e8e9b02 ok | wall 94.5s | RSS 17.5 GB
[cluster 522/1191] pair_L4_54b3ccc6 (method=mega_aug)
  -> pair_L4_54b3ccc6 ok | wall 141.0s | RSS 17.5 GB
[cluster 523/1191] pair_L4_5640911f (method=mega_aug)
  -> pair_L4_5640911f ok | wall 90.8s | RSS 17.5 GB
[cluster 524/1191] pair_L4_571a98da (method=mega_aug)
  -> pair_L4_571a98da ok | wall 112.0s | RSS 17.7 GB
[cluster 525/1191] pair_L4_573447de (method=mega_aug)
  -> pair_L4_573447de ok | wall 79.1s | RSS 17.5 GB
[cluster 526/1191] pair_L4_58327df1 (method=mega_aug)
  -> pair_L4_58327df1 ok | wall 93.5s | RSS 17.5 GB
[cluster 527/1191] pair_L4_58c735e8 (method=mega_aug)
  -> pair_L4_58c735e8 ok | wall 79.1s | RSS 17.5 GB
[cluster 528/1191] pair_L4_58cd1558 (method=mega_aug)
  -> pair_L4_58cd1558 ok | wall 89.8s | RSS 17.5 GB
[cluster 529/1191] pair_L4_5e93478a (method=mega_aug)
  -> pair_L4_5e93478a ok | wall 100.5s | RSS 17.6 GB
[cluster 530/1191] pair_L4_5f48d23e (method=mega_aug)
  -> pair_L4_5f48d23e ok | wall 173.3s | RSS 18.4 GB
[cluster 531/1191] pair_L4_612b7347 (method=mega_aug)
  -> pair_L4_612b7347 ok | wall 116.1s | RSS 18.8 GB
[cluster 532/1191] pair_L4_67a3e6ab (method=mega_aug)
  -> pair_L4_67a3e6ab ok | wall 75.3s | RSS 17.5 GB
[cluster 533/1191] pair_L4_6c0aa020 (method=mega_aug)
  -> pair_L4_6c0aa020 ok | wall 85.7s | RSS 17.5 GB
[cluster 534/1191] pair_L4_6c5a2a9c (method=mega_aug)
  -> pair_L4_6c5a2a9c ok | wall 108.1s | RSS 17.7 GB
[cluster 535/1191] pair_L4_6cd8acce (method=mega_aug)
  -> pair_L4_6cd8acce ok | wall 132.4s | RSS 17.5 GB
[cluster 536/1191] pair_L4_6d837a0c (method=mega_aug)
  -> pair_L4_6d837a0c ok | wall 87.9s | RSS 17.5 GB
[cluster 537/1191] pair_L4_6de0db4b (method=mega_aug)
  -> pair_L4_6de0db4b ok | wall 116.5s | RSS 18.7 GB
[cluster 538/1191] pair_L4_6ef1b063 (method=mega_aug)
  -> pair_L4_6ef1b063 ok | wall 85.2s | RSS 17.5 GB
[cluster 539/1191] pair_L4_6f620d25 (method=mega_aug)
  -> pair_L4_6f620d25 ok | wall 108.6s | RSS 17.5 GB
[cluster 540/1191] pair_L4_7052e614 (method=mega_aug)
  -> pair_L4_7052e614 ok | wall 118.3s | RSS 17.5 GB
[cluster 541/1191] pair_L4_72693458 (method=mega_aug)
  -> pair_L4_72693458 ok | wall 107.4s | RSS 17.5 GB
[cluster 542/1191] pair_L4_74784475 (method=mega_aug)
  -> pair_L4_74784475 ok | wall 91.1s | RSS 17.5 GB
[cluster 543/1191] pair_L4_77d0575a (method=mega_aug)
  -> pair_L4_77d0575a ok | wall 57.2s | RSS 17.5 GB
[cluster 544/1191] pair_L4_77fab60d (method=mega_aug)
  -> pair_L4_77fab60d ok | wall 92.0s | RSS 17.5 GB
[cluster 545/1191] pair_L4_78d5bfe3 (method=mega_aug)
  -> pair_L4_78d5bfe3 ok | wall 79.2s | RSS 17.5 GB
[cluster 546/1191] pair_L4_7ebe75b5 (method=mega_aug)
  -> pair_L4_7ebe75b5 ok | wall 169.5s | RSS 17.5 GB
[cluster 547/1191] pair_L4_7fc442d9 (method=mega_aug)
  -> pair_L4_7fc442d9 ok | wall 110.3s | RSS 18.3 GB
[cluster 548/1191] pair_L4_80232b1f (method=mega_aug)
  -> pair_L4_80232b1f ok | wall 109.4s | RSS 18.0 GB
[cluster 549/1191] pair_L4_80b56fd6 (method=mega_aug)
  -> pair_L4_80b56fd6 ok | wall 102.5s | RSS 17.5 GB
[cluster 550/1191] pair_L4_84677809 (method=mega_aug)
  -> pair_L4_84677809 ok | wall 98.0s | RSS 17.5 GB
[cluster 551/1191] pair_L4_8572a374 (method=mega_aug)
  -> pair_L4_8572a374 ok | wall 130.2s | RSS 17.8 GB
[cluster 552/1191] pair_L4_85b74f4f (method=mega_aug)
  -> pair_L4_85b74f4f ok | wall 84.8s | RSS 17.5 GB
[cluster 553/1191] pair_L4_864f8f69 (method=mega_aug)
  -> pair_L4_864f8f69 ok | wall 109.6s | RSS 17.5 GB
[cluster 554/1191] pair_L4_87777359 (method=mega_aug)
  -> pair_L4_87777359 ok | wall 109.2s | RSS 18.2 GB
[cluster 555/1191] pair_L4_87a22246 (method=mega_aug)
  -> pair_L4_87a22246 ok | wall 98.1s | RSS 17.5 GB
[cluster 556/1191] pair_L4_8c573a6a (method=mega_aug)
  -> pair_L4_8c573a6a ok | wall 76.8s | RSS 17.5 GB
[cluster 557/1191] pair_L4_8c59e027 (method=mega_aug)
  -> pair_L4_8c59e027 ok | wall 107.8s | RSS 17.5 GB
[cluster 558/1191] pair_L4_8d2919ee (method=mega_aug)
  -> pair_L4_8d2919ee ok | wall 150.2s | RSS 18.7 GB
[cluster 559/1191] pair_L4_8fc14951 (method=mega_aug)
  -> pair_L4_8fc14951 ok | wall 112.4s | RSS 17.5 GB
[cluster 560/1191] pair_L4_8ff6815b (method=mega_aug)
  -> pair_L4_8ff6815b ok | wall 199.2s | RSS 17.5 GB
[cluster 561/1191] pair_L4_918b6b8f (method=mega_aug)
  -> pair_L4_918b6b8f ok | wall 131.3s | RSS 17.5 GB
[cluster 562/1191] pair_L4_9210d030 (method=mega_aug)
  -> pair_L4_9210d030 ok | wall 109.1s | RSS 18.4 GB
[cluster 563/1191] pair_L4_951a88fb (method=mega_aug)
  -> pair_L4_951a88fb ok | wall 107.5s | RSS 17.5 GB
[cluster 564/1191] pair_L4_95b62c12 (method=mega_aug)
  -> pair_L4_95b62c12 ok | wall 112.9s | RSS 18.5 GB
[cluster 565/1191] pair_L4_9724ac0a (method=mega_aug)
  -> pair_L4_9724ac0a ok | wall 89.1s | RSS 17.5 GB
[cluster 566/1191] pair_L4_98745c28 (method=mega_aug)
  -> pair_L4_98745c28 ok | wall 182.8s | RSS 17.5 GB
[cluster 567/1191] pair_L4_98f093c7 (method=mega_aug)
  -> pair_L4_98f093c7 ok | wall 110.5s | RSS 18.1 GB
[cluster 568/1191] pair_L4_99c8346f (method=mega_aug)
  -> pair_L4_99c8346f ok | wall 79.7s | RSS 17.5 GB
[cluster 569/1191] pair_L4_9bb963b2 (method=mega_aug)
  -> pair_L4_9bb963b2 ok | wall 108.8s | RSS 17.5 GB
[cluster 570/1191] pair_L4_9e671f96 (method=mega_aug)
  -> pair_L4_9e671f96 ok | wall 117.6s | RSS 18.5 GB
[cluster 571/1191] pair_L4_9f23f41c (method=mega_aug)
  -> pair_L4_9f23f41c ok | wall 122.9s | RSS 17.5 GB
[cluster 572/1191] pair_L4_a10c2346 (method=mega_aug)
  -> pair_L4_a10c2346 ok | wall 108.3s | RSS 18.2 GB
[cluster 573/1191] pair_L4_a67fe298 (method=mega_aug)
  -> pair_L4_a67fe298 ok | wall 105.8s | RSS 17.8 GB
[cluster 574/1191] pair_L4_a6a5e775 (method=mega_aug)
  -> pair_L4_a6a5e775 ok | wall 83.4s | RSS 17.5 GB
[cluster 575/1191] pair_L4_a6bef45b (method=mega_aug)
  -> pair_L4_a6bef45b ok | wall 101.2s | RSS 17.5 GB
[cluster 576/1191] pair_L4_a75cc0be (method=mega_aug)
  -> pair_L4_a75cc0be ok | wall 98.7s | RSS 17.5 GB
[cluster 577/1191] pair_L4_a8160d53 (method=mega_aug)
  -> pair_L4_a8160d53 ok | wall 102.4s | RSS 17.5 GB
[cluster 578/1191] pair_L4_abd787d4 (method=mega_aug)
  -> pair_L4_abd787d4 ok | wall 172.6s | RSS 18.9 GB
[cluster 579/1191] pair_L4_ac346a76 (method=mega_aug)
  -> pair_L4_ac346a76 ok | wall 127.9s | RSS 17.7 GB
[cluster 580/1191] pair_L4_af2fea61 (method=mega_aug)
  -> pair_L4_af2fea61 ok | wall 103.0s | RSS 17.9 GB
[cluster 581/1191] pair_L4_afecc674 (method=mega_aug)
  -> pair_L4_afecc674 ok | wall 113.6s | RSS 17.5 GB
[cluster 582/1191] pair_L4_b000fa8b (method=mega_aug)
  -> pair_L4_b000fa8b ok | wall 202.6s | RSS 19.8 GB
[cluster 583/1191] pair_L4_b133326e (method=mega_aug)
  -> pair_L4_b133326e ok | wall 80.7s | RSS 18.6 GB
[cluster 584/1191] pair_L4_b4b7e0ef (method=mega_aug)
  -> pair_L4_b4b7e0ef ok | wall 143.7s | RSS 18.6 GB
[cluster 585/1191] pair_L4_b5104ade (method=mega_aug)
  -> pair_L4_b5104ade ok | wall 96.5s | RSS 18.6 GB
[cluster 586/1191] pair_L4_b694dae3 (method=mega_aug)
  -> pair_L4_b694dae3 ok | wall 114.6s | RSS 18.9 GB
[cluster 587/1191] pair_L4_b6b80fb5 (method=mega_aug)
  -> pair_L4_b6b80fb5 ok | wall 113.4s | RSS 18.6 GB
[cluster 588/1191] pair_L4_b6f5279b (method=mega_aug)
  -> pair_L4_b6f5279b ok | wall 104.5s | RSS 18.6 GB
[cluster 589/1191] pair_L4_b7a580ff (method=mega_aug)
  -> pair_L4_b7a580ff ok | wall 107.3s | RSS 18.6 GB
[cluster 590/1191] pair_L4_b919e92c (method=mega_aug)
  -> pair_L4_b919e92c ok | wall 98.1s | RSS 18.6 GB
[cluster 591/1191] pair_L4_bcc91664 (method=mega_aug)
  -> pair_L4_bcc91664 ok | wall 116.7s | RSS 18.6 GB
[cluster 592/1191] pair_L4_bf98b07c (method=mega_aug)
  -> pair_L4_bf98b07c ok | wall 86.6s | RSS 18.6 GB
[cluster 593/1191] pair_L4_c1a073b5 (method=mega_aug)
  -> pair_L4_c1a073b5 ok | wall 200.0s | RSS 18.7 GB
[cluster 594/1191] pair_L4_c3053be0 (method=mega_aug)
  -> pair_L4_c3053be0 ok | wall 113.2s | RSS 18.6 GB
[cluster 595/1191] pair_L4_c335d594 (method=mega_aug)
  -> pair_L4_c335d594 ok | wall 79.3s | RSS 18.6 GB
[cluster 596/1191] pair_L4_c4bc0e65 (method=mega_aug)
  -> pair_L4_c4bc0e65 ok | wall 87.7s | RSS 18.6 GB
[cluster 597/1191] pair_L4_c6b76efd (method=mega_aug)
  -> pair_L4_c6b76efd ok | wall 196.5s | RSS 18.6 GB
[cluster 598/1191] pair_L4_c744eaa7 (method=mega_aug)
  -> pair_L4_c744eaa7 ok | wall 117.7s | RSS 18.7 GB
[cluster 599/1191] pair_L4_c9ba758a (method=mega_aug)
  -> pair_L4_c9ba758a ok | wall 217.8s | RSS 18.6 GB
[cluster 600/1191] pair_L4_ca80bbe6 (method=mega_aug)
  -> pair_L4_ca80bbe6 ok | wall 106.8s | RSS 18.6 GB
[cluster 601/1191] pair_L4_cade03c9 (method=mega_aug)
  -> pair_L4_cade03c9 ok | wall 131.5s | RSS 18.6 GB
[cluster 602/1191] pair_L4_cc1364bd (method=mega_aug)
  -> pair_L4_cc1364bd ok | wall 116.7s | RSS 18.6 GB
[cluster 603/1191] pair_L4_cca6c6b8 (method=mega_aug)
  -> pair_L4_cca6c6b8 ok | wall 109.2s | RSS 18.6 GB
[cluster 604/1191] pair_L4_cf41f577 (method=mega_aug)
  -> pair_L4_cf41f577 ok | wall 101.5s | RSS 18.6 GB
[cluster 605/1191] pair_L4_d15320ea (method=mega_aug)
  -> pair_L4_d15320ea ok | wall 100.4s | RSS 18.6 GB
[cluster 606/1191] pair_L4_d24b3d13 (method=mega_aug)
  -> pair_L4_d24b3d13 ok | wall 139.5s | RSS 18.6 GB
[cluster 607/1191] pair_L4_d2e55fb7 (method=mega_aug)
  -> pair_L4_d2e55fb7 ok | wall 147.9s | RSS 18.6 GB
[cluster 608/1191] pair_L4_d3c1a70c (method=mega_aug)
  -> pair_L4_d3c1a70c ok | wall 116.5s | RSS 18.6 GB
[cluster 609/1191] pair_L4_d4e066a1 (method=mega_aug)
  -> pair_L4_d4e066a1 ok | wall 113.8s | RSS 18.6 GB
[cluster 610/1191] pair_L4_d5cbb4c0 (method=mega_aug)
  -> pair_L4_d5cbb4c0 ok | wall 142.4s | RSS 18.6 GB
[cluster 611/1191] pair_L4_d7634cec (method=mega_aug)
  -> pair_L4_d7634cec ok | wall 131.4s | RSS 18.6 GB
[cluster 612/1191] pair_L4_db676de1 (method=mega_aug)
  -> pair_L4_db676de1 ok | wall 77.7s | RSS 18.6 GB
[cluster 613/1191] pair_L4_dd2fd1eb (method=mega_aug)
  -> pair_L4_dd2fd1eb ok | wall 136.7s | RSS 18.6 GB
[cluster 614/1191] pair_L4_de4509c3 (method=mega_aug)
  -> pair_L4_de4509c3 ok | wall 96.1s | RSS 18.6 GB
[cluster 615/1191] pair_L4_df4aa507 (method=mega_aug)
  -> pair_L4_df4aa507 ok | wall 96.5s | RSS 18.6 GB
[cluster 616/1191] pair_L4_df74a4b4 (method=mega_aug)
  -> pair_L4_df74a4b4 ok | wall 162.1s | RSS 18.7 GB
[cluster 617/1191] pair_L4_e2fd2876 (method=mega_aug)
  -> pair_L4_e2fd2876 ok | wall 130.5s | RSS 18.9 GB
[cluster 618/1191] pair_L4_e469c107 (method=mega_aug)
  -> pair_L4_e469c107 ok | wall 94.8s | RSS 18.6 GB
[cluster 619/1191] pair_L4_e53f732f (method=mega_aug)
  -> pair_L4_e53f732f ok | wall 100.8s | RSS 18.6 GB
[cluster 620/1191] pair_L4_e54fbbdf (method=mega_aug)
  -> pair_L4_e54fbbdf ok | wall 95.7s | RSS 18.6 GB
[cluster 621/1191] pair_L4_e61cf876 (method=mega_aug)
  -> pair_L4_e61cf876 ok | wall 89.5s | RSS 18.6 GB
[cluster 622/1191] pair_L4_e6d1ff58 (method=mega_aug)
  -> pair_L4_e6d1ff58 ok | wall 104.7s | RSS 18.6 GB
[cluster 623/1191] pair_L4_e7ef5ee5 (method=mega_aug)
  -> pair_L4_e7ef5ee5 ok | wall 96.7s | RSS 18.6 GB
[cluster 624/1191] pair_L4_e9740422 (method=mega_aug)
  -> pair_L4_e9740422 ok | wall 93.2s | RSS 18.6 GB
[cluster 625/1191] pair_L4_eb6e9ffd (method=mega_aug)
  -> pair_L4_eb6e9ffd ok | wall 85.4s | RSS 18.6 GB
[cluster 626/1191] pair_L4_eef1cd23 (method=mega_aug)
  -> pair_L4_eef1cd23 ok | wall 113.9s | RSS 18.6 GB
[cluster 627/1191] pair_L4_f4881940 (method=mega_aug)
  -> pair_L4_f4881940 ok | wall 83.6s | RSS 18.6 GB
[cluster 628/1191] pair_L4_f4972528 (method=mega_aug)
  -> pair_L4_f4972528 ok | wall 96.5s | RSS 18.6 GB
[cluster 629/1191] pair_L4_f50581d8 (method=mega_aug)
  -> pair_L4_f50581d8 ok | wall 93.6s | RSS 18.6 GB
[cluster 630/1191] pair_L4_f6576f3b (method=mega_aug)
  -> pair_L4_f6576f3b ok | wall 159.2s | RSS 18.6 GB
[cluster 631/1191] pair_L4_fdd4c92c (method=mega_aug)
  -> pair_L4_fdd4c92c ok | wall 95.5s | RSS 18.6 GB
[cluster 632/1191] pair_L4_ffce5af2 (method=mega_aug)
  -> pair_L4_ffce5af2 ok | wall 130.1s | RSS 18.6 GB
[cluster 633/1191] group_L4_f6e515a9 (method=rem_group)
[cluster 634/1191] group_L4_8bc49282 (method=rem_group)
  -> group_L4_8bc49282 ok | wall 150.6s | RSS 18.6 GB
[cluster 635/1191] group_L4_575a05a0 (method=rem_group)
  -> group_L4_575a05a0 ok | wall 155.4s | RSS 18.6 GB
[cluster 636/1191] group_L4_e7af61eb (method=rem_group)
[cluster 637/1191] group_L4_f60e4b93 (method=rem_group)
[cluster 638/1191] group_L4_12db7a61 (method=rem_group)
  -> group_L4_12db7a61 ok | wall 163.4s | RSS 18.6 GB
[cluster 639/1191] group_L4_1fc41cfe (method=rem_group)
[cluster 640/1191] group_L4_c110e573 (method=rem_group)
[cluster 641/1191] group_L4_0a2f157f (method=rem_group)
  -> group_L4_0a2f157f ok | wall 104.9s | RSS 18.6 GB
[cluster 642/1191] group_L4_bbf35774 (method=rem_group)
[cluster 643/1191] group_L4_f477e6a4 (method=rem_group)
  -> group_L4_f477e6a4 ok | wall 151.3s | RSS 18.6 GB
[cluster 644/1191] group_L4_9032ee71 (method=rem_group)
  -> group_L4_9032ee71 ok | wall 207.8s | RSS 18.6 GB
[cluster 645/1191] group_L4_44024b09 (method=rem_group)
  -> group_L4_44024b09 ok | wall 249.8s | RSS 18.6 GB
[cluster 646/1191] group_L4_8a19ae38 (method=rem_group)
  -> group_L4_8a19ae38 ok | wall 192.1s | RSS 18.6 GB
[cluster 647/1191] group_L4_c290bb3d (method=rem_group)
[cluster 648/1191] group_L4_d71dcc3f (method=rem_group)
[cluster 649/1191] group_L4_57044b52 (method=rem_group)
  -> group_L4_57044b52 ok | wall 173.8s | RSS 18.6 GB
[cluster 650/1191] group_L4_62886a35 (method=rem_group)
[cluster 651/1191] group_L4_cddbf768 (method=rem_group)
  -> group_L4_cddbf768 ok | wall 195.8s | RSS 18.6 GB
[cluster 652/1191] group_L4_35a0ca36 (method=rem_group)
[cluster 653/1191] group_L4_6338e109 (method=rem_group)
[cluster 654/1191] group_L4_6a63830c (method=rem_group)
[cluster 655/1191] group_L4_37d46677 (method=rem_group)
  -> group_L4_37d46677 ok | wall 138.4s | RSS 18.6 GB
[cluster 656/1191] group_L4_963812d7 (method=rem_group)
[cluster 657/1191] group_L4_e2b9db4d (method=rem_group)
[cluster 658/1191] group_L4_3dc3ae01 (method=rem_group)
  -> group_L4_3dc3ae01 ok | wall 147.3s | RSS 18.6 GB
[cluster 659/1191] group_L4_dfd0f86e (method=rem_group)
[cluster 660/1191] group_L4_0e605dc3 (method=rem_group)
[cluster 661/1191] group_L4_1d424706 (method=rem_group)
[cluster 662/1191] group_L4_b185569e (method=rem_group)
[cluster 663/1191] group_L4_0506f763 (method=rem_group)
[cluster 664/1191] group_L4_f18583fe (method=rem_group)
[cluster 665/1191] group_L4_3b27bc1c (method=rem_group)
  -> group_L4_3b27bc1c ok | wall 146.7s | RSS 18.6 GB
[cluster 666/1191] group_L4_2e8f285e (method=rem_group)
[cluster 667/1191] group_L4_e26efbea (method=rem_group)
  -> group_L4_e26efbea ok | wall 421.1s | RSS 18.6 GB
[cluster 668/1191] group_L4_8c14612b (method=rem_group)
  -> group_L4_8c14612b ok | wall 188.6s | RSS 18.6 GB
[cluster 669/1191] group_L4_6beb8256 (method=rem_group)
[cluster 670/1191] group_L4_5e2c0371 (method=rem_group)
  -> group_L4_5e2c0371 ok | wall 319.9s | RSS 18.6 GB
[cluster 671/1191] group_L4_924b20ee (method=rem_group)
[cluster 672/1191] group_L4_d2038450 (method=rem_group)
  -> group_L4_d2038450 ok | wall 261.2s | RSS 18.6 GB
[cluster 673/1191] group_L4_a0b42488 (method=rem_group)
[cluster 674/1191] group_L4_0ccd141f (method=rem_group)
[cluster 675/1191] group_L4_87b13599 (method=rem_group)
  -> group_L4_87b13599 ok | wall 152.0s | RSS 18.6 GB
[cluster 676/1191] group_L4_23d99677 (method=rem_group)
  -> group_L4_23d99677 ok | wall 125.5s | RSS 18.6 GB
[cluster 677/1191] group_L4_328261fe (method=rem_group)
[cluster 678/1191] group_L4_a170bacd (method=rem_group)
  -> group_L4_a170bacd ok | wall 158.4s | RSS 18.6 GB
[cluster 679/1191] group_L4_cdf62f6e (method=rem_group)
[cluster 680/1191] group_L4_5d10ee81 (method=rem_group)
  -> group_L4_5d10ee81 ok | wall 642.3s | RSS 18.6 GB
[cluster 681/1191] group_L4_d51b4b7f (method=rem_group)
[cluster 682/1191] group_L4_32c7c22b (method=rem_group)
  -> group_L4_32c7c22b ok | wall 582.7s | RSS 18.6 GB
[cluster 683/1191] group_L4_7b3e137b (method=rem_group)
  -> group_L4_7b3e137b ok | wall 347.8s | RSS 18.6 GB
[cluster 684/1191] group_L4_f400bd07 (method=rem_group)
[cluster 685/1191] group_L4_f1b58d77 (method=rem_group)
  -> group_L4_f1b58d77 ok | wall 314.1s | RSS 18.6 GB
[cluster 686/1191] group_L4_e731eebf (method=rem_group)
[cluster 687/1191] group_L4_c347e80c (method=rem_group)
  -> group_L4_c347e80c ok | wall 310.2s | RSS 18.6 GB
[cluster 688/1191] group_L4_d428a83c (method=rem_group)
  -> group_L4_d428a83c ok | wall 159.7s | RSS 18.6 GB
[cluster 689/1191] group_L4_84ea71c0 (method=rem_group)
[cluster 690/1191] group_L4_64e3fe95 (method=rem_group)
[cluster 691/1191] group_L4_19b6c96c (method=rem_group)
[cluster 692/1191] group_L4_b1405a79 (method=rem_group)
  -> group_L4_b1405a79 ok | wall 305.6s | RSS 18.6 GB
[cluster 693/1191] group_L4_7e2b8e2b (method=rem_group)
[cluster 694/1191] group_L4_3d6e0820 (method=rem_group)
  -> group_L4_3d6e0820 ok | wall 432.4s | RSS 18.6 GB
[cluster 695/1191] group_L4_b2e00a5d (method=rem_group)
  -> group_L4_b2e00a5d ok | wall 379.3s | RSS 18.6 GB
[cluster 696/1191] group_L4_ac34d39f (method=rem_group)
[cluster 697/1191] group_L4_8b00e191 (method=rem_group)
  -> group_L4_8b00e191 ok | wall 199.4s | RSS 18.6 GB
[cluster 698/1191] group_L4_bb69e150 (method=rem_group)
[cluster 699/1191] group_L4_df7a7a08 (method=rem_group)
  -> group_L4_df7a7a08 ok | wall 305.3s | RSS 18.6 GB
[cluster 700/1191] group_L4_f9a1f8e0 (method=rem_group)
[cluster 701/1191] group_L4_07e626c9 (method=rem_group)
  -> group_L4_07e626c9 ok | wall 335.1s | RSS 18.6 GB
[cluster 702/1191] group_L4_9e81858d (method=rem_group)
[cluster 703/1191] group_L4_a9cfd50f (method=rem_group)
[cluster 704/1191] group_L4_a1ee44e6 (method=rem_group)
[cluster 705/1191] group_L4_9e292c1b (method=rem_group)
[cluster 706/1191] group_L4_80ac0ed3 (method=rem_group)
[cluster 707/1191] group_L4_1fa045f1 (method=rem_group)
[cluster 708/1191] group_L4_7d3c4ad7 (method=rem_group)
[cluster 709/1191] group_L4_4299ffe1 (method=rem_group)
[cluster 710/1191] group_L4_103e74f8 (method=rem_group)
[cluster 711/1191] group_L4_dd765589 (method=rem_group)
[cluster 712/1191] group_L4_39cc2a81 (method=rem_group)
[cluster 713/1191] group_L4_142539a3 (method=rem_group)
[cluster 714/1191] group_L4_c51b10c1 (method=rem_group)
  -> group_L4_c51b10c1 ok | wall 937.2s | RSS 18.6 GB
[cluster 715/1191] group_L4_bee2a902 (method=rem_group)
[cluster 716/1191] group_L4_4faeaef3 (method=rem_group)
  -> group_L4_4faeaef3 ok | wall 889.3s | RSS 18.6 GB
[cluster 717/1191] group_L4_82c33c37 (method=rem_group)
[cluster 718/1191] group_L4_ab6ae94e (method=rem_group)
[cluster 719/1191] group_L4_ac230823 (method=rem_group)
  -> group_L4_ac230823 ok | wall 333.9s | RSS 18.6 GB
[cluster 720/1191] group_L4_e7514245 (method=rem_group)
[cluster 721/1191] group_L4_15852953 (method=rem_group)
[cluster 722/1191] group_L4_49fa1f2c (method=rem_group)
[cluster 723/1191] group_L4_37890ccf (method=rem_group)
  -> group_L4_37890ccf ok | wall 311.1s | RSS 18.6 GB
[cluster 724/1191] group_L4_8e044e3f (method=rem_group)
[cluster 725/1191] group_L4_eda28231 (method=rem_group)
  -> group_L4_eda28231 ok | wall 217.4s | RSS 18.6 GB
[cluster 726/1191] group_L4_fdeba763 (method=rem_group)
  -> group_L4_fdeba763 ok | wall 933.1s | RSS 18.6 GB
[cluster 727/1191] group_L4_852fd8f5 (method=rem_group)
[cluster 728/1191] group_L4_d5b7e0ff (method=rem_group)
[cluster 729/1191] group_L4_7b5eb087 (method=rem_group)
[cluster 730/1191] group_L4_0d500171 (method=rem_group)
[cluster 731/1191] group_L4_5948b228 (method=rem_group)
[cluster 732/1191] group_L4_fe6230f9 (method=rem_group)
[cluster 733/1191] group_L4_ae31f346 (method=rem_group)
[cluster 734/1191] group_L4_a2d75bf3 (method=rem_group)
  -> group_L4_a2d75bf3 ok | wall 275.4s | RSS 18.6 GB
[cluster 735/1191] group_L4_15ed3825 (method=rem_group)
[cluster 736/1191] group_L4_5ca9f53d (method=rem_group)
  -> group_L4_5ca9f53d ok | wall 726.7s | RSS 18.6 GB
[cluster 737/1191] group_L4_5906c3a8 (method=rem_group)
[cluster 738/1191] group_L4_8f39d423 (method=rem_group)
[cluster 739/1191] group_L4_f0c1bbb5 (method=rem_group)
[cluster 740/1191] group_L4_0d2bc325 (method=rem_group)
[cluster 741/1191] group_L4_65eca568 (method=rem_group)
[cluster 742/1191] group_L4_43d42805 (method=rem_group)
[cluster 743/1191] group_L4_6e603c1c (method=rem_group)
[cluster 744/1191] group_L4_751db365 (method=rem_group)
  -> group_L4_751db365 ok | wall 442.7s | RSS 18.6 GB
[cluster 745/1191] group_L4_d1652ba6 (method=rem_group)
  -> group_L4_d1652ba6 ok | wall 343.3s | RSS 18.6 GB
[cluster 746/1191] group_L4_736f301a (method=rem_group)
[cluster 747/1191] group_L4_1ec72ee3 (method=rem_group)
  -> group_L4_1ec72ee3 ok | wall 374.8s | RSS 18.6 GB
[cluster 748/1191] group_L4_81145605 (method=rem_group)
[cluster 749/1191] group_L4_1374c2fd (method=rem_group)
[cluster 750/1191] group_L4_5e50b192 (method=rem_group)
[cluster 751/1191] group_L4_307c77b3 (method=rem_group)
[cluster 752/1191] group_L4_fdd42642 (method=rem_group)
  -> group_L4_fdd42642 ok | wall 710.6s | RSS 18.6 GB
[cluster 753/1191] group_L4_a2c9a440 (method=rem_group)
[cluster 754/1191] group_L4_5a0c5d8b (method=rem_group)
[cluster 755/1191] group_L4_cebf3dcd (method=rem_group)
[cluster 756/1191] group_L4_5ff849fd (method=rem_group)
[cluster 757/1191] group_L4_c8600f54 (method=rem_group)
  -> group_L4_c8600f54 ok | wall 455.6s | RSS 18.6 GB
[cluster 758/1191] group_L4_433f96b3 (method=rem_group)
[cluster 759/1191] group_L4_73e30195 (method=rem_group)
  -> group_L4_73e30195 ok | wall 227.2s | RSS 18.6 GB
[cluster 760/1191] group_L4_2d512638 (method=rem_group)
  -> group_L4_2d512638 ok | wall 1020.1s | RSS 18.6 GB
[cluster 761/1191] group_L4_4fba810b (method=rem_group)
  -> group_L4_4fba810b ok | wall 278.6s | RSS 18.6 GB
[cluster 762/1191] group_L4_d24082b2 (method=rem_group)
[cluster 763/1191] group_L4_f89409b0 (method=rem_group)
[cluster 764/1191] group_L4_8f0b3b9e (method=rem_group)
  -> group_L4_8f0b3b9e ok | wall 904.2s | RSS 18.6 GB
[cluster 765/1191] group_L4_8e2aac63 (method=rem_group)
[cluster 766/1191] group_L4_0d5507d0 (method=rem_group)
[cluster 767/1191] group_L4_bce91680 (method=rem_group)
  -> group_L4_bce91680 ok | wall 391.5s | RSS 18.6 GB
[cluster 768/1191] group_L4_be6e2dbd (method=rem_group)
[cluster 769/1191] group_L4_cf93bcec (method=rem_group)
[cluster 770/1191] group_L4_98614519 (method=rem_group)
[cluster 771/1191] group_L4_63ef9e47 (method=rem_group)
  -> group_L4_63ef9e47 ok | wall 641.1s | RSS 18.6 GB
[cluster 772/1191] group_L4_fb4858d2 (method=rem_group)
[cluster 773/1191] group_L4_22c7571f (method=rem_group)
[cluster 774/1191] group_L4_2ba71618 (method=rem_group)
[cluster 775/1191] group_L4_9f1d6ab2 (method=rem_group)
[cluster 776/1191] group_L4_f20ecdaa (method=rem_group)
  -> group_L4_f20ecdaa ok | wall 223.9s | RSS 18.6 GB
[cluster 777/1191] group_L4_20ad3f49 (method=rem_group)
[cluster 778/1191] group_L4_ad958e9a (method=rem_group)
[cluster 779/1191] group_L4_e07b15b6 (method=rem_group)
[cluster 780/1191] group_L4_ef94a846 (method=rem_group)
[cluster 781/1191] group_L4_72f662c4 (method=rem_group)
  -> group_L4_72f662c4 ok | wall 488.9s | RSS 18.6 GB
[cluster 782/1191] group_L4_bf01f95a (method=rem_group)
[cluster 783/1191] group_L4_80e7b341 (method=rem_group)
[cluster 784/1191] group_L4_64768cbe (method=rem_group)
  -> group_L4_64768cbe ok | wall 360.3s | RSS 18.6 GB
[cluster 785/1191] group_L4_82290927 (method=rem_group)
[cluster 786/1191] group_L4_e2fc1731 (method=rem_group)
[cluster 787/1191] group_L4_3f11aa7b (method=rem_group)
[cluster 788/1191] group_L4_9bd9a6eb (method=rem_group)
[cluster 789/1191] group_L4_9d140332 (method=rem_group)
  -> group_L4_9d140332 ok | wall 281.3s | RSS 18.6 GB
[cluster 790/1191] group_L4_3c156cdb (method=rem_group)
[cluster 791/1191] group_L4_7e69bff8 (method=rem_group)
[cluster 792/1191] group_L4_39435ea0 (method=rem_group)
[cluster 793/1191] group_L4_c3d30385 (method=rem_group)
[cluster 794/1191] group_L4_663a38e9 (method=rem_group)
[cluster 795/1191] group_L4_3c130f26 (method=rem_group)
[cluster 796/1191] group_L4_b5396d3a (method=rem_group)
[cluster 797/1191] group_L4_7ba4555f (method=rem_group)
[cluster 798/1191] group_L4_1ef5c8a4 (method=rem_group)
[cluster 799/1191] group_L4_1bc4e885 (method=rem_group)
  -> group_L4_1bc4e885 ok | wall 436.7s | RSS 18.6 GB
[cluster 800/1191] group_L4_ee18c197 (method=rem_group)
[cluster 801/1191] group_L4_7283b531 (method=rem_group)
[cluster 802/1191] group_L4_9b0e4123 (method=rem_group)
[cluster 803/1191] group_L4_25d34c52 (method=rem_group)
[cluster 804/1191] group_L4_9e1601fd (method=rem_group)
[cluster 805/1191] group_L4_d536b3e2 (method=rem_group)
[cluster 806/1191] group_L4_efb3e7d8 (method=rem_group)
[cluster 807/1191] group_L4_dfd2e66a (method=rem_group)
[cluster 808/1191] group_L4_5e955ba2 (method=rem_group)
[cluster 809/1191] group_L4_9e1d97f1 (method=rem_group)
[cluster 810/1191] group_L4_2c92ab19 (method=rem_group)
  -> group_L4_2c92ab19 ok | wall 238.9s | RSS 18.6 GB
[cluster 811/1191] group_L4_c31e9d88 (method=rem_group)
[cluster 812/1191] group_L4_179bb38a (method=rem_group)
  -> group_L4_179bb38a ok | wall 352.5s | RSS 18.6 GB
[cluster 813/1191] group_L4_81372eea (method=rem_group)
  -> group_L4_81372eea ok | wall 877.8s | RSS 18.6 GB
[cluster 814/1191] group_L4_913445f4 (method=rem_group)
[cluster 815/1191] group_L4_59db95a9 (method=rem_group)
  -> group_L4_59db95a9 ok | wall 268.9s | RSS 18.6 GB
[cluster 816/1191] group_L4_019c5efb (method=rem_group)
[cluster 817/1191] group_L4_301a3fb7 (method=rem_group)
[cluster 818/1191] group_L4_e45f40a9 (method=rem_group)
[cluster 819/1191] group_L4_a4f9a9be (method=rem_group)
[cluster 820/1191] group_L4_3a45d04f (method=rem_group)
[cluster 821/1191] group_L4_d02ca7b3 (method=rem_group)
  -> group_L4_d02ca7b3 ok | wall 238.7s | RSS 18.6 GB
[cluster 822/1191] group_L4_30597afb (method=rem_group)
[cluster 823/1191] group_L4_6fbc0958 (method=rem_group)
  -> group_L4_6fbc0958 ok | wall 641.7s | RSS 18.6 GB
[cluster 824/1191] group_L4_ee800ecb (method=rem_group)
[cluster 825/1191] group_L4_1b07d2b0 (method=rem_group)
[cluster 826/1191] group_L4_4fa44a7d (method=rem_group)
[cluster 827/1191] group_L4_b3cf482f (method=rem_group)
[cluster 828/1191] group_L4_da70b2a6 (method=rem_group)
[cluster 829/1191] group_L4_b75d9496 (method=rem_group)
[cluster 830/1191] group_L4_14810c92 (method=rem_group)
  -> group_L4_14810c92 ok | wall 372.2s | RSS 18.6 GB
[cluster 831/1191] group_L4_4c2f189a (method=rem_group)
  -> group_L4_4c2f189a ok | wall 295.9s | RSS 18.6 GB
[cluster 832/1191] group_L4_eeaa916c (method=rem_group)
[cluster 833/1191] group_L4_4d2d5aa0 (method=rem_group)
  -> group_L4_4d2d5aa0 ok | wall 617.2s | RSS 18.6 GB
[cluster 834/1191] group_L4_ac3c4024 (method=rem_group)
  -> group_L4_ac3c4024 ok | wall 427.3s | RSS 18.6 GB
[cluster 835/1191] group_L4_c20de4eb (method=rem_group)
[cluster 836/1191] group_L4_caebb8f8 (method=rem_group)
  -> group_L4_caebb8f8 ok | wall 494.5s | RSS 18.6 GB
[cluster 837/1191] group_L4_f8e64e35 (method=rem_group)
  -> group_L4_f8e64e35 ok | wall 683.9s | RSS 18.6 GB
[cluster 838/1191] group_L4_fa843eaa (method=rem_group)
[cluster 839/1191] group_L4_2f25f949 (method=rem_group)
  -> group_L4_2f25f949 ok | wall 362.4s | RSS 18.6 GB
[cluster 840/1191] group_L4_b2741170 (method=rem_group)
[cluster 841/1191] group_L4_e2c8aff6 (method=rem_group)
  -> group_L4_e2c8aff6 ok | wall 290.2s | RSS 18.6 GB
[cluster 842/1191] group_L4_d41daecb (method=rem_group)
  -> group_L4_d41daecb ok | wall 588.9s | RSS 18.6 GB
[cluster 843/1191] group_L4_a50b8748 (method=rem_group)
  -> group_L4_a50b8748 ok | wall 536.4s | RSS 18.6 GB
[cluster 844/1191] group_L4_5d02c61f (method=rem_group)
  -> group_L4_5d02c61f ok | wall 670.3s | RSS 18.6 GB
[cluster 845/1191] group_L4_84183d47 (method=rem_group)
  -> group_L4_84183d47 ok | wall 513.4s | RSS 18.6 GB
[cluster 846/1191] group_L4_15136847 (method=rem_group)
[cluster 847/1191] group_L4_9fa3b0be (method=rem_group)
[cluster 848/1191] group_L4_1ce0f97a (method=rem_group)
  -> group_L4_1ce0f97a ok | wall 407.5s | RSS 18.6 GB
[cluster 849/1191] group_L4_fc22504b (method=rem_group)
[cluster 850/1191] group_L4_3424eeb5 (method=rem_group)
  -> group_L4_3424eeb5 ok | wall 530.6s | RSS 18.6 GB
[cluster 851/1191] group_L4_c2a27b6c (method=rem_group)
  -> group_L4_c2a27b6c ok | wall 699.7s | RSS 18.6 GB
[cluster 852/1191] group_L4_1a309d8f (method=rem_group)
  -> group_L4_1a309d8f ok | wall 578.6s | RSS 18.6 GB
[cluster 853/1191] group_L4_ad0f6812 (method=rem_group)
[cluster 854/1191] group_L4_fef9abaf (method=rem_group)
[cluster 855/1191] group_L4_ac8fe7ea (method=rem_group)
  -> group_L4_ac8fe7ea ok | wall 628.9s | RSS 18.6 GB
[cluster 856/1191] group_L4_5f6b0423 (method=rem_group)
[cluster 857/1191] group_L4_b5f9ab82 (method=rem_group)
  -> group_L4_b5f9ab82 ok | wall 1259.9s | RSS 18.6 GB
[cluster 858/1191] group_L4_cdffd824 (method=rem_group)
[cluster 859/1191] group_L4_a45bfb2b (method=rem_group)
[cluster 860/1191] group_L4_a54e9090 (method=rem_group)
  -> group_L4_a54e9090 ok | wall 2915.3s | RSS 18.6 GB
[cluster 861/1191] group_L4_48540019 (method=rem_group)
[cluster 862/1191] group_L4_301e355a (method=rem_group)
[cluster 863/1191] group_L4_1c30f36e (method=rem_group)
  -> group_L4_1c30f36e ok | wall 556.7s | RSS 18.6 GB
[cluster 864/1191] group_L4_0904ff6f (method=rem_group)
[cluster 865/1191] group_L4_7601da16 (method=rem_group)
[cluster 866/1191] group_L4_fb421b2b (method=rem_group)
[cluster 867/1191] group_L4_59d13d17 (method=rem_group)
[cluster 868/1191] group_L4_8cfe1874 (method=rem_group)
[cluster 869/1191] group_L4_2f49b059 (method=rem_group)
[cluster 870/1191] group_L4_f97d823d (method=rem_group)
  -> group_L4_f97d823d ok | wall 301.9s | RSS 18.6 GB
[cluster 871/1191] group_L4_495fc876 (method=rem_group)
[cluster 872/1191] group_L4_17816b1d (method=rem_group)
[cluster 873/1191] group_L4_8c1bb38a (method=rem_group)
  -> group_L4_8c1bb38a ok | wall 475.4s | RSS 18.6 GB
[cluster 874/1191] group_L4_c9a8fd9c (method=rem_group)
[cluster 875/1191] group_L4_38ce0d4d (method=rem_group)
  -> group_L4_38ce0d4d ok | wall 502.4s | RSS 18.6 GB
[cluster 876/1191] group_L4_378e0efe (method=rem_group)
  -> group_L4_378e0efe ok | wall 559.9s | RSS 18.6 GB
[cluster 877/1191] group_L4_6afacb39 (method=rem_group)
[cluster 878/1191] group_L4_7dd45f9a (method=rem_group)
  -> group_L4_7dd45f9a ok | wall 457.3s | RSS 18.6 GB
[cluster 879/1191] group_L4_be290b3d (method=rem_group)
[cluster 880/1191] group_L4_1718e1f6 (method=rem_group)
[cluster 881/1191] group_L4_31256779 (method=rem_group)
[cluster 882/1191] group_L4_78c74b14 (method=rem_group)
  -> group_L4_78c74b14 ok | wall 455.8s | RSS 18.6 GB
[cluster 883/1191] group_L4_4a037209 (method=rem_group)
[cluster 884/1191] group_L4_f312907f (method=rem_group)
[cluster 885/1191] group_L4_36e14ea8 (method=rem_group)
  -> group_L4_36e14ea8 ok | wall 420.5s | RSS 18.6 GB
[cluster 886/1191] group_L4_f2e4b879 (method=rem_group)
  -> group_L4_f2e4b879 ok | wall 1133.6s | RSS 18.6 GB
[cluster 887/1191] group_L4_7a5c1c13 (method=rem_group)
[cluster 888/1191] group_L4_642d4ed8 (method=rem_group)
[cluster 889/1191] group_L4_1002e2c4 (method=rem_group)
[cluster 890/1191] group_L4_7d4f6970 (method=rem_group)
  -> group_L4_7d4f6970 ok | wall 356.8s | RSS 18.6 GB
[cluster 891/1191] group_L4_1151f763 (method=rem_group)
[cluster 892/1191] group_L4_cbbb4774 (method=rem_group)
[cluster 893/1191] group_L4_ccf84a95 (method=rem_group)
  -> group_L4_ccf84a95 ok | wall 395.7s | RSS 18.6 GB
[cluster 894/1191] group_L4_637bda29 (method=rem_group)
[cluster 895/1191] group_L4_c0c06467 (method=rem_group)
[cluster 896/1191] group_L4_f789d4d7 (method=rem_group)
  -> group_L4_f789d4d7 ok | wall 1219.4s | RSS 18.6 GB
[cluster 897/1191] group_L4_b9e2b9c5 (method=rem_group)
[cluster 898/1191] group_L4_7e734697 (method=rem_group)
[cluster 899/1191] group_L4_b4993326 (method=rem_group)
[cluster 900/1191] group_L4_83eb7fb3 (method=rem_group)
[cluster 901/1191] group_L4_c3cf0684 (method=rem_group)
[cluster 902/1191] group_L4_1804a311 (method=rem_group)
[cluster 903/1191] group_L4_127f7579 (method=rem_group)
[cluster 904/1191] group_L4_409b14a2 (method=rem_group)
  -> group_L4_409b14a2 ok | wall 338.1s | RSS 18.6 GB
[cluster 905/1191] group_L4_f64a3f1b (method=rem_group)
[cluster 906/1191] group_L4_69735f4e (method=rem_group)
  -> group_L4_69735f4e ok | wall 555.3s | RSS 18.6 GB
[cluster 907/1191] group_L4_0cc72c01 (method=rem_group)
[cluster 908/1191] group_L4_588d3efc (method=rem_group)
  -> group_L4_588d3efc ok | wall 710.3s | RSS 18.6 GB
[cluster 909/1191] group_L4_f1b8b6ad (method=rem_group)
  -> group_L4_f1b8b6ad ok | wall 794.3s | RSS 18.6 GB
[cluster 910/1191] group_L4_3689a263 (method=rem_group)
[cluster 911/1191] group_L4_c507ffd4 (method=rem_group)
  -> group_L4_c507ffd4 ok | wall 558.9s | RSS 18.6 GB
[cluster 912/1191] group_L4_d21eceaf (method=rem_group)
[cluster 913/1191] group_L4_059b2e2f (method=rem_group)
  -> group_L4_059b2e2f ok | wall 394.5s | RSS 18.6 GB
[cluster 914/1191] group_L4_3d38cad9 (method=rem_group)
[cluster 915/1191] group_L4_7bd3567e (method=rem_group)
[cluster 916/1191] group_L4_80bede4f (method=rem_group)
[cluster 917/1191] group_L4_39bafa3f (method=rem_group)
[cluster 918/1191] group_L4_0bd3c488 (method=rem_group)
[cluster 919/1191] group_L4_cb8a1c2d (method=rem_group)
  -> group_L4_cb8a1c2d ok | wall 523.6s | RSS 18.6 GB
[cluster 920/1191] group_L4_ba8b215e (method=rem_group)
[cluster 921/1191] group_L4_9ee1d9fc (method=rem_group)
[cluster 922/1191] group_L4_b98845b4 (method=rem_group)
[cluster 923/1191] group_L4_e8ae3bb2 (method=rem_group)
[cluster 924/1191] group_L4_d065a4eb (method=rem_group)
[cluster 925/1191] group_L4_4aa7b249 (method=rem_group)
  -> group_L4_4aa7b249 ok | wall 469.3s | RSS 18.6 GB
[cluster 926/1191] group_L4_7344214e (method=rem_group)
[cluster 927/1191] group_L4_13354282 (method=rem_group)
  -> group_L4_13354282 ok | wall 911.8s | RSS 18.6 GB
[cluster 928/1191] group_L4_446fcf77 (method=rem_group)
[cluster 929/1191] group_L4_3b0ab10c (method=rem_group)
[cluster 930/1191] group_L4_93676eaf (method=rem_group)
[cluster 931/1191] group_L4_aaa4da54 (method=rem_group)
  -> group_L4_aaa4da54 ok | wall 373.6s | RSS 18.6 GB
[cluster 932/1191] group_L4_fd37aecb (method=rem_group)
[cluster 933/1191] group_L4_cd7f2e54 (method=rem_group)
[cluster 934/1191] group_L4_ef478118 (method=rem_group)
[cluster 935/1191] group_L4_9656719a (method=rem_group)
[cluster 936/1191] group_L4_e776b50a (method=rem_group)
[cluster 937/1191] group_L4_4945ba07 (method=rem_group)
[cluster 938/1191] group_L4_0e22aa23 (method=rem_group)
  -> group_L4_0e22aa23 ok | wall 587.2s | RSS 18.6 GB
[cluster 939/1191] group_L4_0438515a (method=rem_group)
  -> group_L4_0438515a ok | wall 602.9s | RSS 18.6 GB
[cluster 940/1191] group_L4_6311c024 (method=rem_group)
  -> group_L4_6311c024 ok | wall 1167.5s | RSS 18.6 GB
[cluster 941/1191] group_L4_f6d5d62c (method=rem_group)
  -> group_L4_f6d5d62c ok | wall 571.7s | RSS 18.6 GB
[cluster 942/1191] group_L4_da3e52da (method=rem_group)
  -> group_L4_da3e52da ok | wall 368.6s | RSS 18.6 GB
[cluster 943/1191] group_L4_4b3cd9cd (method=rem_group)
  -> group_L4_4b3cd9cd ok | wall 1211.6s | RSS 18.6 GB
[cluster 944/1191] group_L4_ff6702b2 (method=rem_group)
[cluster 945/1191] group_L4_56ec6b80 (method=rem_group)
  -> group_L4_56ec6b80 ok | wall 587.5s | RSS 18.6 GB
[cluster 946/1191] group_L4_71bacd28 (method=rem_group)
[cluster 947/1191] group_L4_2ea270ae (method=rem_group)
[cluster 948/1191] group_L4_2e0cc780 (method=rem_group)
  -> group_L4_2e0cc780 ok | wall 402.0s | RSS 18.6 GB
[cluster 949/1191] group_L4_436a9d25 (method=rem_group)
[cluster 950/1191] group_L4_c97a732a (method=rem_group)
[cluster 951/1191] group_L4_666ca526 (method=rem_group)
[cluster 952/1191] group_L4_9952e65e (method=rem_group)
[cluster 953/1191] group_L4_84560649 (method=rem_group)
[cluster 954/1191] group_L4_ac5c73e8 (method=rem_group)
[cluster 955/1191] group_L4_df007961 (method=rem_group)
  -> group_L4_df007961 ok | wall 407.1s | RSS 18.6 GB
[cluster 956/1191] group_L4_65527282 (method=rem_group)
[cluster 957/1191] group_L4_0b125ad4 (method=rem_group)
[cluster 958/1191] group_L4_acd3a721 (method=rem_group)
[cluster 959/1191] group_L4_0cdb8ff6 (method=rem_group)
  -> group_L4_0cdb8ff6 ok | wall 639.7s | RSS 18.6 GB
[cluster 960/1191] group_L4_facb6485 (method=rem_group)
[cluster 961/1191] group_L4_ddfeaf19 (method=rem_group)
[cluster 962/1191] group_L4_046f4f1d (method=rem_group)
[cluster 963/1191] group_L4_0211c337 (method=rem_group)
[cluster 964/1191] group_L4_c4f13865 (method=rem_group)
[cluster 965/1191] group_L4_8e67cff4 (method=rem_group)
  -> group_L4_8e67cff4 ok | wall 568.1s | RSS 18.6 GB
[cluster 966/1191] group_L4_cc680284 (method=rem_group)
  -> group_L4_cc680284 ok | wall 550.7s | RSS 18.6 GB
[cluster 967/1191] group_L4_7b77daa5 (method=rem_group)
[cluster 968/1191] group_L4_2d991130 (method=rem_group)
[cluster 969/1191] group_L4_c427ae5e (method=rem_group)
[cluster 970/1191] group_L4_94e1e848 (method=rem_group)
  -> group_L4_94e1e848 ok | wall 443.8s | RSS 18.6 GB
[cluster 971/1191] group_L4_8daac048 (method=rem_group)
  -> group_L4_8daac048 ok | wall 597.7s | RSS 18.6 GB
[cluster 972/1191] group_L4_797d8a07 (method=rem_group)
[cluster 973/1191] group_L4_dc5e7d9d (method=rem_group)
[cluster 974/1191] group_L4_0af3ca9b (method=rem_group)
[cluster 975/1191] group_L4_451d0812 (method=rem_group)
[cluster 976/1191] group_L4_073a3d38 (method=rem_group)
  -> group_L4_073a3d38 ok | wall 631.8s | RSS 18.6 GB
[cluster 977/1191] group_L4_60a0a27d (method=rem_group)
[cluster 978/1191] group_L4_8cf4e61b (method=rem_group)
[cluster 979/1191] group_L4_d9952160 (method=rem_group)
  -> group_L4_d9952160 ok | wall 738.7s | RSS 18.6 GB
[cluster 980/1191] group_L4_34c767eb (method=rem_group)
  -> group_L4_34c767eb ok | wall 642.5s | RSS 18.6 GB
[cluster 981/1191] group_L4_c0e6f9c7 (method=rem_group)
  -> group_L4_c0e6f9c7 ok | wall 663.7s | RSS 18.6 GB
[cluster 982/1191] group_L4_63d7a9ed (method=rem_group)
[cluster 983/1191] group_L4_1a71a9f6 (method=rem_group)
[cluster 984/1191] group_L4_0bd0364d (method=rem_group)
[cluster 985/1191] group_L4_0f4df8cc (method=rem_group)
[cluster 986/1191] group_L4_455cb1f4 (method=rem_group)
  -> group_L4_455cb1f4 ok | wall 414.5s | RSS 18.6 GB
[cluster 987/1191] group_L4_0e9fd40c (method=rem_group)
  -> group_L4_0e9fd40c ok | wall 446.2s | RSS 18.6 GB
[cluster 988/1191] group_L4_7ac831a1 (method=rem_group)
[cluster 989/1191] group_L4_1b42ff33 (method=rem_group)
  -> group_L4_1b42ff33 ok | wall 609.9s | RSS 18.6 GB
[cluster 990/1191] group_L4_d0eccb1a (method=rem_group)
[cluster 991/1191] group_L4_3ce6e25f (method=rem_group)
[cluster 992/1191] group_L4_7ffbf7aa (method=rem_group)
  -> group_L4_7ffbf7aa ok | wall 561.7s | RSS 18.6 GB
[cluster 993/1191] group_L4_5e7a19fe (method=rem_group)
[cluster 994/1191] group_L4_88a581b9 (method=rem_group)
[cluster 995/1191] group_L4_a2d91ffd (method=rem_group)
[cluster 996/1191] group_L4_3580b3fb (method=rem_group)
[cluster 997/1191] group_L4_3551bca6 (method=rem_group)
  -> group_L4_3551bca6 ok | wall 588.3s | RSS 18.6 GB
[cluster 998/1191] group_L4_84ea4989 (method=rem_group)
[cluster 999/1191] group_L4_efcb5d75 (method=rem_group)
  -> group_L4_efcb5d75 ok | wall 890.1s | RSS 18.6 GB
[cluster 1000/1191] group_L4_3b8583a4 (method=rem_group)
  -> group_L4_3b8583a4 ok | wall 821.6s | RSS 18.6 GB
[cluster 1001/1191] group_L4_4f39eacf (method=rem_group)
[cluster 1002/1191] group_L4_0a01d080 (method=rem_group)
[cluster 1003/1191] group_L4_daf35588 (method=rem_group)
  -> group_L4_daf35588 ok | wall 1344.2s | RSS 18.6 GB
[cluster 1004/1191] group_L4_1f404c0b (method=rem_group)
  -> group_L4_1f404c0b ok | wall 1239.0s | RSS 18.6 GB
[cluster 1005/1191] group_L4_bd1c9740 (method=rem_group)
[cluster 1006/1191] group_L4_74f0d134 (method=rem_group)
  -> group_L4_74f0d134 ok | wall 487.8s | RSS 18.6 GB
[cluster 1007/1191] group_L4_27d69ee2 (method=rem_group)
  -> group_L4_27d69ee2 ok | wall 711.3s | RSS 18.6 GB
[cluster 1008/1191] group_L4_6760963d (method=rem_group)
  -> group_L4_6760963d ok | wall 870.6s | RSS 18.6 GB
[cluster 1009/1191] group_L4_a6e2db16 (method=rem_group)
[cluster 1010/1191] group_L4_7059e6f2 (method=rem_group)
  -> group_L4_7059e6f2 ok | wall 609.8s | RSS 18.6 GB
[cluster 1011/1191] group_L4_4888bee2 (method=rem_group)
  -> group_L4_4888bee2 ok | wall 595.2s | RSS 18.6 GB
[cluster 1012/1191] group_L4_7dd70dd8 (method=rem_group)
  -> group_L4_7dd70dd8 ok | wall 991.6s | RSS 18.6 GB
[cluster 1013/1191] group_L4_b86f9391 (method=rem_group)
  -> group_L4_b86f9391 ok | wall 484.1s | RSS 18.6 GB
[cluster 1014/1191] group_L4_6bec3a24 (method=rem_group)
  -> group_L4_6bec3a24 ok | wall 806.8s | RSS 18.6 GB
[cluster 1015/1191] group_L4_274f387d (method=rem_group)
  -> group_L4_274f387d ok | wall 2508.3s | RSS 18.6 GB
[cluster 1016/1191] group_L4_eed659c7 (method=rem_group)
[cluster 1017/1191] group_L4_b6a3eabd (method=rem_group)
  -> group_L4_b6a3eabd ok | wall 2184.4s | RSS 18.6 GB
[cluster 1018/1191] group_L4_376946ce (method=rem_group)
  -> group_L4_376946ce ok | wall 1168.6s | RSS 18.6 GB
[cluster 1019/1191] group_L4_f00be434 (method=rem_group)
[cluster 1020/1191] group_L4_361f17eb (method=rem_group)
  -> group_L4_361f17eb ok | wall 1045.2s | RSS 18.6 GB
[cluster 1021/1191] group_L4_094d5c68 (method=rem_group)
[cluster 1022/1191] group_L4_9d839e8e (method=rem_group)
[cluster 1023/1191] group_L4_5a90dc4f (method=rem_group)
[cluster 1024/1191] group_L4_37b30c58 (method=rem_group)
  -> group_L4_37b30c58 ok | wall 1320.0s | RSS 18.6 GB
[cluster 1025/1191] group_L4_bdd280dd (method=rem_group)
[cluster 1026/1191] group_L4_ce3db74c (method=rem_group)
[cluster 1027/1191] group_L4_7284c83d (method=rem_group)
  -> group_L4_7284c83d ok | wall 740.8s | RSS 18.6 GB
[cluster 1028/1191] group_L4_fb34ee5a (method=rem_group)
[cluster 1029/1191] group_L4_d173ffa2 (method=rem_group)
[cluster 1030/1191] group_L4_bd3c6e11 (method=rem_group)
  -> group_L4_bd3c6e11 ok | wall 819.9s | RSS 18.6 GB
[cluster 1031/1191] group_L4_deda8dff (method=rem_group)
  -> group_L4_deda8dff ok | wall 988.2s | RSS 18.6 GB
[cluster 1032/1191] group_L4_90a51bbc (method=rem_group)
[cluster 1033/1191] group_L4_1b8553f1 (method=rem_group)
[cluster 1034/1191] group_L4_cd6473ac (method=rem_group)
[cluster 1035/1191] group_L4_fff0a02f (method=rem_group)
[cluster 1036/1191] group_L4_c310b3f2 (method=rem_group)
[cluster 1037/1191] group_L4_f23bc95a (method=rem_group)
[cluster 1038/1191] group_L4_c08d717e (method=rem_group)
[cluster 1039/1191] group_L4_097661ef (method=rem_group)
[cluster 1040/1191] group_L4_b5b52790 (method=rem_group)
[cluster 1041/1191] group_L4_81d191c2 (method=rem_group)
[cluster 1042/1191] group_L4_3915499e (method=rem_group)
  -> group_L4_3915499e ok | wall 526.8s | RSS 18.6 GB
[cluster 1043/1191] group_L4_44d00346 (method=rem_group)
[cluster 1044/1191] group_L4_17f5cb73 (method=rem_group)
[cluster 1045/1191] group_L4_759684c6 (method=rem_group)
[cluster 1046/1191] group_L4_d159e078 (method=rem_group)
  -> group_L4_d159e078 ok | wall 977.1s | RSS 18.6 GB
[cluster 1047/1191] group_L4_25ceb424 (method=rem_group)
[cluster 1048/1191] group_L4_4c19bab6 (method=rem_group)
[cluster 1049/1191] group_L4_f0c1b4e6 (method=rem_group)
  -> group_L4_f0c1b4e6 ok | wall 521.6s | RSS 18.6 GB
[cluster 1050/1191] group_L4_5b7a3117 (method=rem_group)
  -> group_L4_5b7a3117 ok | wall 973.6s | RSS 18.6 GB
[cluster 1051/1191] group_L4_4d437bfd (method=rem_group)
[cluster 1052/1191] group_L4_a2b3319f (method=rem_group)
  -> group_L4_a2b3319f ok | wall 875.0s | RSS 18.6 GB
[cluster 1053/1191] group_L4_482e8f25 (method=rem_group)
  -> group_L4_482e8f25 ok | wall 1161.2s | RSS 18.6 GB
[cluster 1054/1191] group_L4_813ad0b6 (method=rem_group)
  -> group_L4_813ad0b6 ok | wall 742.5s | RSS 18.6 GB
[cluster 1055/1191] group_L4_54cb9f8b (method=rem_group)
  -> group_L4_54cb9f8b ok | wall 932.7s | RSS 18.6 GB
[cluster 1056/1191] group_L4_79059430 (method=rem_group)
[cluster 1057/1191] group_L4_acedcf7f (method=rem_group)
  -> group_L4_acedcf7f ok | wall 859.8s | RSS 18.6 GB
[cluster 1058/1191] group_L4_c3ca86f7 (method=rem_group)
[cluster 1059/1191] group_L4_143c92cc (method=rem_group)
[cluster 1060/1191] group_L4_6e5d8696 (method=rem_group)
[cluster 1061/1191] group_L4_d4b45b63 (method=rem_group)
  -> group_L4_d4b45b63 ok | wall 831.2s | RSS 18.6 GB
[cluster 1062/1191] group_L4_f9998c47 (method=rem_group)
[cluster 1063/1191] group_L4_ee9efe5d (method=rem_group)
  -> group_L4_ee9efe5d ok | wall 949.7s | RSS 18.6 GB
[cluster 1064/1191] group_L4_516fa196 (method=rem_group)
[cluster 1065/1191] group_L4_7feb502e (method=rem_group)
[cluster 1066/1191] group_L4_b3621ad9 (method=rem_group)
  -> group_L4_b3621ad9 ok | wall 1188.1s | RSS 18.6 GB
[cluster 1067/1191] group_L4_c7ae94f7 (method=rem_group)
  -> group_L4_c7ae94f7 ok | wall 1279.2s | RSS 18.6 GB
[cluster 1068/1191] group_L4_c173cb9f (method=rem_group)
[cluster 1069/1191] group_L4_f27e8765 (method=rem_group)
[cluster 1070/1191] group_L4_971c2eab (method=rem_group)
[cluster 1071/1191] group_L4_4b820c4f (method=rem_group)
[cluster 1072/1191] group_L4_eec59690 (method=rem_group)
[cluster 1073/1191] group_L4_33f0e41a (method=rem_group)
[cluster 1074/1191] group_L4_cde60936 (method=rem_group)
[cluster 1075/1191] group_L4_0a60093a (method=rem_group)
[cluster 1076/1191] group_L4_751d86a9 (method=rem_group)
[cluster 1077/1191] group_L4_9b90e3b2 (method=rem_group)
[cluster 1078/1191] group_L4_51625c0e (method=rem_group)
  -> group_L4_51625c0e ok | wall 654.4s | RSS 18.6 GB
[cluster 1079/1191] group_L4_ee5b93ea (method=rem_group)
[cluster 1080/1191] group_L4_2be65894 (method=rem_group)
[cluster 1081/1191] group_L4_420ef16e (method=rem_group)
[cluster 1082/1191] group_L4_192308f2 (method=rem_group)
[cluster 1083/1191] group_L4_8103e6f0 (method=rem_group)
[cluster 1084/1191] group_L4_48a7ac19 (method=rem_group)
  -> group_L4_48a7ac19 ok | wall 817.1s | RSS 18.6 GB
[cluster 1085/1191] group_L4_f4b9f686 (method=rem_group)
  -> group_L4_f4b9f686 ok | wall 538.1s | RSS 18.6 GB
[cluster 1086/1191] group_L4_8e9663a4 (method=rem_group)
[cluster 1087/1191] group_L4_eb84340a (method=rem_group)
[cluster 1088/1191] group_L4_30096d26 (method=rem_group)
[cluster 1089/1191] group_L4_897283e8 (method=rem_group)
  -> group_L4_897283e8 ok | wall 834.4s | RSS 18.6 GB
[cluster 1090/1191] group_L4_f046b804 (method=rem_group)
[cluster 1091/1191] group_L4_8a28311d (method=rem_group)
[cluster 1092/1191] group_L4_4cdebcd2 (method=rem_group)
[cluster 1093/1191] group_L4_3a693c63 (method=rem_group)
[cluster 1094/1191] group_L4_75755a28 (method=rem_group)
[cluster 1095/1191] group_L4_02a1fb3f (method=rem_group)
  -> group_L4_02a1fb3f ok | wall 799.9s | RSS 18.6 GB
[cluster 1096/1191] group_L4_b4975123 (method=rem_group)
  -> group_L4_b4975123 ok | wall 1138.5s | RSS 18.6 GB
[cluster 1097/1191] group_L4_91ecebca (method=rem_group)
[cluster 1098/1191] group_L4_0b0da25f (method=rem_group)
[cluster 1099/1191] group_L4_bed9a21a (method=rem_group)
[cluster 1100/1191] group_L4_bf11068a (method=rem_group)
[cluster 1101/1191] group_L4_b407a670 (method=rem_group)
[cluster 1102/1191] group_L4_1725b475 (method=rem_group)
[cluster 1103/1191] group_L4_0e2da40d (method=rem_group)
[cluster 1104/1191] group_L4_cb8be65a (method=rem_group)
[cluster 1105/1191] group_L4_ec80f0e9 (method=rem_group)
  -> group_L4_ec80f0e9 ok | wall 1764.1s | RSS 18.6 GB
[cluster 1106/1191] group_L4_ffb51dbe (method=rem_group)
[cluster 1107/1191] group_L4_7df8baa3 (method=rem_group)
[cluster 1108/1191] group_L4_f551ef18 (method=rem_group)
[cluster 1109/1191] group_L4_dfbb9e36 (method=rem_group)
[cluster 1110/1191] group_L4_3c38c897 (method=rem_group)
  -> group_L4_3c38c897 ok | wall 1300.7s | RSS 18.6 GB
[cluster 1111/1191] group_L4_55b36b9d (method=rem_group)
[cluster 1112/1191] group_L4_10c49214 (method=rem_group)
  -> group_L4_10c49214 ok | wall 651.4s | RSS 18.6 GB
[cluster 1113/1191] group_L4_ae225689 (method=rem_group)
[cluster 1114/1191] group_L4_6340cd97 (method=rem_group)
[cluster 1115/1191] group_L4_92f4f465 (method=rem_group)
[cluster 1116/1191] group_L4_1598d563 (method=rem_group)
[cluster 1117/1191] group_L4_f6799506 (method=rem_group)
  -> group_L4_f6799506 ok | wall 911.9s | RSS 18.6 GB
[cluster 1118/1191] group_L4_1eff5361 (method=rem_group)
  -> group_L4_1eff5361 ok | wall 578.9s | RSS 18.6 GB
[cluster 1119/1191] group_L4_904b8cb9 (method=rem_group)
[cluster 1120/1191] group_L4_d0d96134 (method=rem_group)
[cluster 1121/1191] group_L4_73e77747 (method=rem_group)
[cluster 1122/1191] group_L4_25bd1011 (method=rem_group)
  -> group_L4_25bd1011 ok | wall 508.2s | RSS 18.6 GB
[cluster 1123/1191] group_L4_654eb856 (method=rem_group)
  -> group_L4_654eb856 ok | wall 2098.4s | RSS 18.6 GB
[cluster 1124/1191] group_L4_d804af32 (method=rem_group)
  -> group_L4_d804af32 ok | wall 1784.8s | RSS 18.6 GB
[cluster 1125/1191] group_L4_26908081 (method=rem_group)
  -> group_L4_26908081 ok | wall 872.7s | RSS 18.6 GB
[cluster 1126/1191] group_L4_be66e6a4 (method=rem_group)
[cluster 1127/1191] group_L4_f83185ac (method=rem_group)
[cluster 1128/1191] group_L4_fcce8b64 (method=rem_group)
[cluster 1129/1191] group_L4_1b22e019 (method=rem_group)
  -> group_L4_1b22e019 ok | wall 995.8s | RSS 18.6 GB
[cluster 1130/1191] group_L4_a63aca12 (method=rem_group)
[cluster 1131/1191] group_L4_3efa5b64 (method=rem_group)
[cluster 1132/1191] group_L4_83ba946d (method=rem_group)
[cluster 1133/1191] group_L4_de455ecb (method=rem_group)
[cluster 1134/1191] group_L4_05753d11 (method=rem_group)
  -> group_L4_05753d11 ok | wall 1410.1s | RSS 18.6 GB
[cluster 1135/1191] group_L4_ef26ead2 (method=rem_group)
[cluster 1136/1191] group_L4_bfa882c9 (method=rem_group)
[cluster 1137/1191] group_L4_1ff62d19 (method=rem_group)
[cluster 1138/1191] group_L4_a7c031d0 (method=rem_group)
[cluster 1139/1191] group_L4_fbaef709 (method=rem_group)
  -> group_L4_fbaef709 ok | wall 1002.7s | RSS 18.6 GB
[cluster 1140/1191] group_L4_e7338f5e (method=rem_group)
[cluster 1141/1191] group_L4_2ebbe2c5 (method=rem_group)
[cluster 1142/1191] group_L4_a6a9c38c (method=rem_group)
[cluster 1143/1191] group_L4_024b2336 (method=rem_group)
[cluster 1144/1191] group_L4_6c9197b2 (method=rem_group)
[cluster 1145/1191] group_L4_953bafb7 (method=rem_group)
[cluster 1146/1191] group_L4_cfef477d (method=rem_group)
[cluster 1147/1191] group_L4_e1acd75b (method=rem_group)
  -> group_L4_e1acd75b ok | wall 1329.8s | RSS 18.6 GB
[cluster 1148/1191] group_L4_b128b80d (method=rem_group)
  -> group_L4_b128b80d ok | wall 3221.2s | RSS 18.6 GB
[cluster 1149/1191] group_L4_39e71aca (method=rem_group)
  -> group_L4_39e71aca ok | wall 679.1s | RSS 18.6 GB
[cluster 1150/1191] group_L4_a0968e80 (method=rem_group)
[cluster 1151/1191] group_L4_5c4e3343 (method=rem_group)
[cluster 1152/1191] group_L4_763d919a (method=rem_group)
  -> group_L4_763d919a ok | wall 970.8s | RSS 18.6 GB
[cluster 1153/1191] group_L4_5c33886e (method=rem_group)
[cluster 1154/1191] group_L4_716ab478 (method=rem_group)
[cluster 1155/1191] group_L4_339e30ac (method=rem_group)
[cluster 1156/1191] group_L4_4b1776e2 (method=rem_group)
[cluster 1157/1191] group_L4_f79abfc2 (method=rem_group)
[cluster 1158/1191] group_L4_5992e1de (method=rem_group)
[cluster 1159/1191] group_L4_beeb180f (method=rem_group)
[cluster 1160/1191] group_L4_5261b090 (method=rem_group)
[cluster 1161/1191] group_L4_3b83ac87 (method=rem_group)
  -> group_L4_3b83ac87 ok | wall 600.5s | RSS 18.6 GB
[cluster 1162/1191] group_L4_903688b3 (method=rem_group)
[cluster 1163/1191] group_L4_f5ebd29b (method=rem_group)
[cluster 1164/1191] group_L4_afb95686 (method=rem_group)
[cluster 1165/1191] group_L4_32888f91 (method=rem_group)
[cluster 1166/1191] group_L4_91e8bd63 (method=rem_group)
[cluster 1167/1191] group_L4_e3c95c99 (method=rem_group)
[cluster 1168/1191] group_L4_af9449d3 (method=rem_group)
[cluster 1169/1191] group_L4_573f3389 (method=rem_group)
[cluster 1170/1191] group_L4_04e48ccc (method=rem_group)
[cluster 1171/1191] group_L4_443e277e (method=rem_group)
[cluster 1172/1191] group_L4_8bc3006c (method=rem_group)
[cluster 1173/1191] group_L4_747b5560 (method=rem_group)
[cluster 1174/1191] group_L4_ed38c507 (method=rem_group)
[cluster 1175/1191] group_L4_7190edf0 (method=rem_group)
[cluster 1176/1191] group_L4_1dd4cb98 (method=rem_group)
[cluster 1177/1191] group_L4_afe1d542 (method=rem_group)
[cluster 1178/1191] group_L4_6c671670 (method=rem_group)
[cluster 1179/1191] group_L4_a9163e5c (method=rem_group)
[cluster 1180/1191] group_L4_fafe4f06 (method=rem_group)
[cluster 1181/1191] group_L4_162333ac (method=rem_group)
[cluster 1182/1191] group_L4_c554e453 (method=rem_group)
[cluster 1183/1191] group_L4_94b8a92a (method=rem_group)
[cluster 1184/1191] group_L4_00d529e1 (method=rem_group)
[cluster 1185/1191] group_L4_5111975a (method=rem_group)
[cluster 1186/1191] group_L4_5ae3b01a (method=rem_group)
[cluster 1187/1191] group_L4_9229aaeb (method=rem_group)
[cluster 1188/1191] group_L4_235d39a0 (method=rem_group)
[cluster 1189/1191] group_L4_2bd06550 (method=rem_group)
  -> group_L4_2bd06550 ok | wall 815.1s | RSS 18.6 GB
[cluster 1190/1191] group_L4_4d99f53c (method=rem_group)
[cluster 1191/1191] group_L4_a8b9c62c (method=rem_group)
  -> group_L4_a8b9c62c ok | wall 827.3s | RSS 18.6 GB
There were 50 or more warnings (use warnings() to see the first 50)
✔ Build complete in 3039.1 min — run_id a500d032
ℹ Writing to '/mnt/wwn-0x5000039d58caca35/simulomicsr-stage4-v10/20260722T210452Z-stage4-v10-a500d032'...
ℹ Rendering dashboard...
! Dashboard render FALLITO (non-fatale): ! Error running quarto CLI from R. Caused by error in `quarto::quarto_render()` at simulomicsr/R/stage4-dashboard.R:51:3: ✖ Error returned by quarto CLI. ℹ Rerun with `quiet = FALSE` to see the full error message. Caused by error in `processx::run()`: ! System command 'quarto' failed

── Layer A summary ──

Cluster processed: 714
Cluster non-processable: 477
Per-study DE rows: 62646478
Cluster pooled rows: 12392992
Significant (FDR<0.05): 1448764
Methods: mega, mega_aug, rem, rem_group
di cui rem_group: 3136676
Run id: a500d032
Wall total: 3039.1 min
Output dir:
/mnt/wwn-0x5000039d58caca35/simulomicsr-stage4-v10/20260722T210452Z-stage4-v10-a500d032
✔ Layer A rebuild v10 OK
