"gene_symbol","gene_id","logFC_pool_dht","logFC_pool_enza","FDR_BH_within_cluster_dht","FDR_BH_within_cluster_enza","k_effective_dht","k_effective_enza"
"SEMA3F","ENSG00000001617",-0.353328544136568,0.278833219224035,0.00197665271057285,0.0152095527515323,23,19
"LASP1","ENSG00000002834",-0.275661443791416,0.378133190573096,0.00458520916075059,0.00781038839147808,23,19
"KLHL13","ENSG00000003096",-0.433569395094776,0.426015294496488,0.000649846057824864,0.0258686366341262,22,17
"NDUFAB1","ENSG00000004779",0.100670072756664,-0.0911235828634774,0.0344503530912512,0.048053817678819,23,19
"SLC25A13","ENSG00000004864",0.255360031426268,-0.213165441374104,0.00195051743491703,0.0160530581672914,23,19
"THSD7A","ENSG00000005108",1.89503722567352,-1.14852992431808,0.000307530400428348,0.0343831723695513,15,11
"REXO5","ENSG00000005189",0.32967575964015,-0.394025280508265,0.0239693066879639,0.0298318642021034,23,19
"CIAPIN1","ENSG00000005194",0.0668597605742067,-0.133984055726671,0.0322715338355287,0.0196645491400139,23,19
"GCFC2","ENSG00000005436",0.29644271891429,-0.265076243838309,0.000122166033190675,0.00534129014575122,23,19
"CROT","ENSG00000005469",0.765573818046107,-0.428209199959134,5.29125384669372e-06,0.012963428526277,23,18
"MYCBP2","ENSG00000005810",0.354452548555421,-0.383942653393567,0.00028464153942851,0.0265711823169622,23,19
"PDK2","ENSG00000005882",-0.239580420465281,0.208978113444071,0.000563720335938683,0.00101764996884988,22,18
"CACNA1G","ENSG00000006283",-0.839570228886849,1.12839684212217,6.24862058716269e-07,0.0399369822581334,19,14
"DBF4","ENSG00000006634",0.306844049141079,-0.473018365599647,0.00127740418332318,0.044559351597117,23,19
"GTF2IRD1","ENSG00000006704",-0.206525146761566,0.180481340380749,0.00379703664782279,0.0185155111753728,23,19
"CRAMP1","ENSG00000007545",0.205868617555923,-0.0906744243703163,0.0236743324504539,0.00709554133650765,23,19
"DLEC1","ENSG00000008226",0.300777529973705,-0.649971007917005,0.0403994302536683,1.56898042436622e-08,18,13
"SS18L2","ENSG00000008324",0.191800559007,-0.165259244093267,8.79186793859074e-05,0.0219731194441504,23,19
"ZNF200","ENSG00000010539",0.131264547841981,-0.127366860116248,2.92500448041364e-06,0.0270793006530565,23,19
"HFE","ENSG00000010704",-0.332431076477823,0.452193785266259,0.00119848764358518,0.0479022485532053,20,14
"QPCTL","ENSG00000011478",0.281954282244134,-0.166458863586837,0.00401281163265781,0.0259371008513966,23,19
"CEP68","ENSG00000011523",-0.343307942421935,0.158876416891864,0.00173383720624411,0.0222019981463776,23,19
"GABRA3","ENSG00000011677",-0.402568847357526,0.450563674115361,2.10504863017525e-05,0.00324797890576569,20,17
"ERCC1","ENSG00000012061",-0.184967738336839,0.147498635883945,0.000395625213905187,0.0432997992955376,23,19
"ELOVL5","ENSG00000012660",1.06859503684912,-0.605480120760224,1.52752044736462e-06,0.0305862081290054,23,19
"CALCOCO1","ENSG00000012822",-0.207803922591875,0.368595098687226,0.0114839839838777,0.001983005975675,23,19
"UBR7","ENSG00000012963",0.141618015503229,-0.158739305729911,0.0211055506646766,0.00945972196336872,23,19
"ACP3","ENSG00000014257",-0.601157762787296,0.568266296843813,0.0144757945479149,0.00652353875250294,21,17
"WWTR1","ENSG00000018408",0.873084027003577,-1.00120531127112,0.000113662596673604,0.0377731858143582,22,19
"PHLDB1","ENSG00000019144",-0.315528908142381,0.125902518884644,4.08175918844334e-06,0.0123837180121213,23,19
"SNAI2","ENSG00000019549",2.38287086836614,-1.86627343027456,0.00011844552625751,0.0295399569580537,17,13
"ADGRA2","ENSG00000020181",-0.5673781889672,0.90509139424421,0.00183791240338922,0.0146969247747199,20,16
"PLEKHB1","ENSG00000021300",-0.313274920102242,0.366816976590576,3.22505514097222e-09,0.0271947449243588,21,18
"GLRX2","ENSG00000023572",0.572280536600167,-0.414114443255329,4.31993512498087e-10,0.00147229574240798,23,19
"SNAPC1","ENSG00000023608",0.346009047823811,-0.147598283680621,1.29512277601697e-06,0.0195223678986282,23,19
"DEPDC1","ENSG00000024526",0.25863048526866,-0.748604123796246,0.0463671264010485,0.0490495005592185,23,19
"RRAGD","ENSG00000025039",0.213434612625338,0.208203160302616,0.00174278079923912,0.0258119722997409,23,18
"IKZF2","ENSG00000030419",-0.309339297838718,0.228442517087593,0.0103852167985995,0.0462870433356956,22,18
"RNF19A","ENSG00000034677",-0.293658477137463,0.425894885827535,0.000332948564220117,0.000642111662018095,23,19
"DAPK2","ENSG00000035664",-0.630720806244309,0.635720307578091,2.70763038371626e-06,0.0153388970444264,23,19
"NSMAF","ENSG00000035681",0.326775662082467,-0.202994266601631,0.00607256841088654,0.0301709319378388,23,19
"TIMP2","ENSG00000035862",-0.546822168594398,0.610252388521197,2.81204295221965e-08,0.00666043319642053,22,18
"RPL26L1","ENSG00000037241",0.106932811863063,-0.122454857191454,0.0033242428369524,0.0335892125163665,23,19
"NSUN2","ENSG00000037474",0.155907920673403,-0.201097789257583,0.000103760835452075,0.00170511572095762,23,19
"HOXC8","ENSG00000037965",-0.537464085576226,0.604897595618022,0.00866778662917285,0.0397489639628645,20,17
"CAPG","ENSG00000042493",-0.308211233705839,0.526512365197913,0.019689322770972,0.000525831291710009,22,18
"ZIC2","ENSG00000043355",-0.646675191117758,0.477844879019053,0.00748184169016333,0.0364509266421259,22,18
"TRIT1","ENSG00000043514",0.172293068482333,-0.227903221971724,1.79366207493492e-05,0.0293972828138049,23,19
"ADRB1","ENSG00000043591",0.839724080496076,-0.377054672165228,1.54376022266342e-06,0.0260907082206524,21,18
"LTBP1","ENSG00000049323",-0.584425661222181,0.347689305737727,6.27896779561606e-06,0.0155105642632651,23,19
"ARID1B","ENSG00000049618",-0.175504894909769,0.124952274468498,0.000152522248901801,0.0169445019153116,23,19
"CLPTM1L","ENSG00000049656",0.140137747778493,-0.127821539150546,0.0102414812848102,0.000874737847613099,23,19
"MCUR1","ENSG00000050393",0.0717185593798124,0.0778462118028848,0.0365500125443566,0.0256064342250185,23,19
"COL23A1","ENSG00000050767",0.611855942103614,-0.517985172691245,0.0237477573679098,0.00215081527481126,15,13
"HEBP2","ENSG00000051620",0.415943354933993,-0.326222851126393,0.00029311536377395,0.0254712757908211,23,19
"MPHOSPH9","ENSG00000051825",0.511170961967002,-0.47554634626349,0.00218302473369766,0.0077691922820946,23,19
"ALX4","ENSG00000052850",-0.720819549835241,0.437320538332964,0.00039000777025877,0.0406753591366528,19,15
"TBC1D22A","ENSG00000054611",-0.13520347044069,0.142704371507442,0.00578389751895251,0.000223529227841315,23,19
"ATP9A","ENSG00000054793",-0.173653251049322,0.296304605851533,0.00104252430013822,0.00666043319642053,23,19
"FAM168A","ENSG00000054965",-0.114843124112375,0.195352225095112,0.00501068352097682,0.016122621513956,23,19
"CYFIP2","ENSG00000055163",-0.352599903918135,0.237491752132622,9.57152863356638e-05,0.000544302939180935,23,19
"YIPF1","ENSG00000058799",0.366506650773381,-0.205374007357958,0.0177504353065295,0.00877665005259704,23,19
"DNAJC25","ENSG00000059769",0.28291412127975,-0.173083733735419,2.67453472791135e-08,0.00740807011677019,23,19
"SLC2A3","ENSG00000059804",3.0957352773076,-1.59847911779001,0.000106843209358422,0.00571797981198408,16,14
"PTPRU","ENSG00000060656",-0.265165844516233,0.212653687514675,0.00411056697459158,0.010616934542845,23,19
"SNRNP40","ENSG00000060688",0.135081372682152,-0.229074552733415,0.0416294287522989,0.0131945973003141,23,19
"DGAT2","ENSG00000062282",-0.434613885489053,0.19679662066498,0.000301338513273751,0.0374318264156673,22,19
"ELMO2","ENSG00000062598",0.251343091887977,-0.148426628554734,0.000789000978961009,0.0385076753785732,23,19
"CA11","ENSG00000063180",-0.482861751348035,0.438663301685245,5.20325905428975e-05,0.00701165088161663,23,19
"ZNF275","ENSG00000063587",0.210689758980856,-0.115620506637558,0.000902026580950946,0.00153936134766177,23,19
"TM7SF3","ENSG00000064115",-0.156065619336789,0.122568081189259,0.012604865122094,0.0199420677820846,23,19
"EYA2","ENSG00000064655",-0.516321770678858,0.753706349607339,0.00198667757694343,0.0113655614151831,18,14
"PDIA5","ENSG00000065485",0.757633384545716,-0.336611839292337,8.81859781890713e-11,0.00570913543586293,23,19
"TLE2","ENSG00000065717",-0.346910590922284,0.300485063430388,1.49396448251809e-05,0.0113929567157903,22,18
"FAM107B","ENSG00000065809",0.473649807958947,-0.245690238893856,0.000218604127340086,0.046386975399555,23,19
"SLC9A7","ENSG00000065923",-0.286916607524126,0.348696755095183,0.00757732582621118,0.000787077368207694,23,19
"CTNNA2","ENSG00000066032",2.80482357135972,-1.51295901179274,5.30198121954404e-05,0.040263140849738,14,13
"NGEF","ENSG00000066248",-0.279960341565499,0.186180305047667,9.41594272070463e-06,0.0140437466047212,23,18
"THUMPD1","ENSG00000066654",0.325026572846462,-0.225951461568861,5.30198121954404e-05,0.00141243907054673,23,19
"DNTTIP2","ENSG00000067334",0.145864213011406,-0.143592361531569,0.00813665634152264,0.0201821631135079,23,19
"CBFB","ENSG00000067955",0.170878168483513,-0.208841984610613,0.0425546535437422,0.0124753049343348,23,19
"HEATR6","ENSG00000068097",-0.0903238163871491,0.0648302863704391,0.0409436971496284,0.0134291245104331,23,19
"ATP11A","ENSG00000068650",-0.326116070607849,0.462593816645352,0.013359706651307,0.033559832755484,23,19
"ADAM7","ENSG00000069206",1.94849558304961,-2.95498437643438,0.0239388379815099,0.0269406465870518,13,11
"VPS35","ENSG00000069329",0.119245115493239,-0.0531802945244934,2.51098251588372e-05,0.0270615191178174,23,19
"HES2","ENSG00000069812",0.449097457445844,-0.487160447291044,0.0441963801946135,0.0431084376422409,20,15
"UFD1","ENSG00000070010",0.188764667914523,-0.0797264506951684,0.00693445077939351,0.00536656836935996,23,19
"LRP6","ENSG00000070018",-0.133676687949141,0.200929975535204,0.0293938796469877,0.0146790342686113,23,19
"SLC44A1","ENSG00000070214",-0.458317404235556,0.249551375710859,0.00653638118702434,0.0206949908787438,23,19
"ST6GALNAC1","ENSG00000070526",2.68980616538916,-2.45545467046852,4.7519638185708e-07,0.00636630009741617,17,16
"WIPI1","ENSG00000070540",0.824446154363757,-0.192105874499388,0.00176480257514952,0.0380691832518613,23,19
"ATP2B1","ENSG00000070961",-0.414534347654525,0.465837289926403,0.0243739711658449,0.00681969796463692,23,19
"VASH1","ENSG00000071246",-0.505782833139601,0.330093299100614,2.44215901834579e-08,0.0130049782115425,22,19
"FAM3A","ENSG00000071889",0.0982235180750265,0.0834134612112845,0.0314998265409284,0.0113929567157903,23,19
"EPN2","ENSG00000072134",0.363162275390191,-0.215578202341437,8.28710697571876e-06,0.00459521105276527,23,19
"PTPN18","ENSG00000072135",0.2512035085121,-0.209883805002964,0.00301227394184457,0.0331654402121097,23,19
"SPEG","ENSG00000072195",-0.685247281546639,0.812340889450259,3.98669833201703e-06,0.0202671301137641,21,16
"UBE2D1","ENSG00000072401",0.213823680814245,-0.176106344254421,0.00687368336090409,0.044853884937378,23,19
"EVC","ENSG00000072840",-0.375145783789269,0.181551979140169,0.00114701744139914,0.0360142910043583,23,18
"KDM5A","ENSG00000073614",-0.133515343802276,0.173953226859314,0.0274653115079761,0.0450562082089521,23,19
"NUAK1","ENSG00000074590",-0.316681224618314,0.367595659383011,0.00519215740016074,0.00946771487423421,23,18
"ADD2","ENSG00000075340",-0.537592407023005,1.00854912100163,0.0422116887260292,0.00351539704514797,15,14
"FRYL","ENSG00000075539",0.256957938189717,-0.259395576870713,0.043801069755386,0.032636175796013,23,19
"PLD1","ENSG00000075651",-0.949354865810505,0.923571454359338,0.00570862973904701,0.0283748342145253,22,18
"ATP12A","ENSG00000075673",-0.547803314483855,0.67242941543043,0.00564432735430077,0.00667129716388478,17,13
"TUBA3D","ENSG00000075886",2.32469958959348,-1.35148938167007,0.000127885996789324,0.00193090858261189,19,16
"MLH1","ENSG00000076242",0.142139286877326,-0.196880688621013,0.0235877967953887,0.000459421510043127,23,19
"TPD52","ENSG00000076554",0.714869837471238,-0.356633017117257,9.07413331583025e-05,0.00301049734586977,23,19
"ICAM3","ENSG00000076662",0.275703912116114,-0.221306941655791,0.0129213620944935,0.0295399569580537,23,19
"RARB","ENSG00000077092",0.597588422911185,-0.877108164632013,0.00113325389108022,0.00523928084420135,22,17
"NEBL","ENSG00000078114",0.384378444374757,0.274390813684961,0.0218726164178354,0.0253442622035548,22,19
"UBE2K","ENSG00000078140",0.108703164416112,-0.0726431827028878,0.00294333191842909,0.000649546620351855,23,19
"XRCC5","ENSG00000079246",0.102429112963283,-0.13008887351677,0.0440351062697534,0.0400786022880206,23,19
"RFX3","ENSG00000080298",-0.592249975051395,0.448882462469594,0.000135684753284799,0.0240507857976111,22,19
"SESN1","ENSG00000080546",-0.31315950003271,0.467506082947235,0.00203676642996733,0.000897755838634357,23,19
"PUM3","ENSG00000080608",0.220500108983784,-0.223746326456393,0.045887427090186,0.0386835814604922,23,19
"KCNN2","ENSG00000080709",1.45232752456979,-1.17366724107364,4.27981242461017e-06,0.0081074311055784,18,16
"MAGI3","ENSG00000081026",-0.307579156584122,0.155754564578357,0.00114701744139914,0.0433582474746582,23,19
"PKP1","ENSG00000081277",1.12167711197885,-2.11836903567293,0.0270519941495435,0.0068265407426442,19,18
"DELE1","ENSG00000081791",-0.128437160964591,0.0952520444946729,0.00290715491891383,0.00978587533221826,23,19
"CADPS2","ENSG00000081803",0.602213914231525,-0.490448729525068,0.00131188535997845,0.0425553094264737,23,19
"PHLPP1","ENSG00000081913",-0.202056431915409,0.132308022514812,7.08638213344775e-06,0.0336309982305597,23,19
"SMARCD3","ENSG00000082014",-0.459682060110068,0.47146955697008,3.28787448823424e-05,0.03085825750386,23,19
"PGR","ENSG00000082175",-1.85219219104856,1.49199619713994,8.50527167109942e-05,0.00609958894941727,16,10
"OPRK1","ENSG00000082556",-1.97730871736108,1.90466459564654,0.00136445638324823,0.0361846247611738,13,13
"NFE2L1","ENSG00000082641",0.122701593316181,0.200717182018416,0.0410886219525315,0.0426865326854847,23,19
"TUT7","ENSG00000083223",0.659480078740465,-0.398145216985197,3.37937165908744e-06,6.32259082083388e-05,23,19
"PDS5B","ENSG00000083642",0.287654635241223,-0.222167373475204,0.00263088239321427,0.00132085638955956,23,19
"FAM234B","ENSG00000084444",-0.205035094975522,0.232304333227713,0.0411552527845152,0.0397352865417874,23,19
"COL16A1","ENSG00000084636",-0.715389409520583,0.816620119719421,4.0816421321883e-05,0.00175993486718858,23,19
"KIF3C","ENSG00000084731",-0.400525003102812,0.321728173404189,0.000162066137345794,0.0241017791324366,23,19
"HADHA","ENSG00000084754",-0.130066627029064,0.131730126660084,3.94277329255764e-05,0.00781468924540283,23,19
"BCORL1","ENSG00000085185",-0.250499291417249,0.299053103142654,0.0125326210326225,0.03085825750386,23,19
"PREP","ENSG00000085377",0.162344029032405,-0.0898364884953758,0.0424906129622078,0.0295973054647515,23,19
"FOLH1","ENSG00000086205",-0.706789909426504,0.375809648174669,0.00739908390158306,0.00430496744136328,20,17
"EIF2AK1","ENSG00000086232",-0.0889303135235064,0.091863172777123,5.95110090675075e-05,0.000151863796192655,23,19
"EPDR1","ENSG00000086289",0.437090933499404,-0.306245289814956,0.00432033790510255,0.0181365988718471,21,18
"LAT2","ENSG00000086730",0.859404437744491,-0.50688059661412,0.00150006838895607,0.0051035514462742,23,19
"DNM1L","ENSG00000087470",0.583854536650321,-0.304913525042695,5.5317791908901e-08,0.00498198916027773,23,19
"ERGIC2","ENSG00000087502",0.384864086240769,-0.185641199247699,1.24499600081409e-05,0.0293180403930879,23,19
"EPB41L1","ENSG00000088367",-0.137165947923354,0.215464794892777,0.0328471481589559,0.0215150282246998,23,19
"ATRN","ENSG00000088812",-0.0844119600794576,0.135933167157247,0.0187112521559774,0.0271799785828091,23,19
"DNAAF9","ENSG00000088854",-0.268586230491009,0.335221047053369,0.00215184403022275,0.0367297550515474,23,19
"LZTS3","ENSG00000088899",-0.175105356352546,0.313718080113035,0.0496988029000597,0.0221579276835677,23,19
"KIF16B","ENSG00000089177",-0.167266959622009,0.206278256639652,0.0306823785813696,0.0260907082206524,23,19
"CCNK","ENSG00000090061",0.0740187439082098,0.0986000844871787,0.0469730415846765,0.0352229216804039,23,19
"SI","ENSG00000090402",-2.06844221389278,1.43618780063453,3.17285027405713e-09,0.00998216025064044,12,11
"CHRD","ENSG00000090539",-0.573898703112381,0.679648890996466,0.0109221422703438,0.029431428453004,19,17
"GOLGA3","ENSG00000090615",0.237997785441683,-0.147233593566932,0.00146727033366619,0.0310257573732835,23,19
"EFNB1","ENSG00000090776",-0.321684598654186,0.216844939238698,5.01370145952698e-05,0.00503606825511087,23,19
"LAMB1","ENSG00000091136",-0.368554860445773,0.466786617701562,0.00428505892279322,0.0415201515336651,23,19
"PSME1","ENSG00000092010",-0.143787910760429,0.2391427792125,0.00551233399109644,0.0175182556477739,23,19
"SLC22A17","ENSG00000092096",-0.259477156672999,0.299725290877496,0.00882290038978097,0.0333064332451232,22,19
"TBL1Y","ENSG00000092377",-0.455649500614353,0.267191849936049,1.87866233679422e-18,0.0324995417835982,17,17
"TBX15","ENSG00000092607",2.52769979801326,-1.62616268981829,0.000337838952722715,0.00909338376497151,16,14
"DPYSL2","ENSG00000092964",-0.46997065499464,0.298573002872676,1.15098003399825e-05,0.0328170208171773,23,19
"SEC22C","ENSG00000093183",0.280362852183511,-0.238463276033865,1.40931056580214e-08,2.76498108269229e-12,23,19
"CDC23","ENSG00000094880",0.124510192850899,-0.0996883347352967,0.0224630199405652,0.0155858738815823,23,19
"BLNK","ENSG00000095585",-0.395030827445936,0.328350148114702,0.0153670422692025,0.0470291704209504,21,18
"BAMBI","ENSG00000095739",-0.782136008225117,0.764554941278564,0.000242600986588603,0.000109836520966224,22,19
"FKBP5","ENSG00000096060",2.32173879393534,-1.22319860918617,5.35250426234758e-08,0.00315071261374071,23,19
"SRPK1","ENSG00000096063",0.23765921571482,-0.194815391606986,0.000486654776022274,0.015671370554532,23,19
"PGC","ENSG00000096088",4.63008020555051,-3.03914917456974,4.54481616740804e-20,0.000151863796192655,17,13
"MAST3","ENSG00000099308",-0.246304990702443,0.159094059293107,0.00107741340305979,0.0248775187973269,23,19
"SETD1A","ENSG00000099381",-0.0916488160518811,-0.0695145367970915,0.0389856605048577,0.0358361146818811,23,19
"PCDH11Y","ENSG00000099715",-1.08873484709668,1.77349391771305,0.00215411243444948,0.0162756670474895,14,11
"TRMT2A","ENSG00000099899",-0.103581199722695,-0.0831373839247119,0.0297036751444019,0.0219126390862339,23,19
"SEC14L2","ENSG00000100003",1.0147975391464,-0.356360684539236,0.00620062909028863,0.0066921823202196,23,19
"PIK3IP1","ENSG00000100100",-0.551067591231069,0.55317574661076,6.84167096910532e-06,0.00612571698312189,23,19
"PATZ1","ENSG00000100105",-0.356296617347421,0.221695048785649,0.000442866909457756,0.0279174895820913,23,19
"TTC28","ENSG00000100154",-0.210190867934181,0.339506778462523,0.000722659848346284,0.0333942728284571,23,18
"SLC5A1","ENSG00000100170",-0.839212888548076,1.28715702600986,0.0166636944765754,3.44468257686498e-05,17,13
"RASD2","ENSG00000100302",-0.547036931208169,0.540269549114711,0.0183580360077611,0.0264198353785869,21,15
"PDGFB","ENSG00000100311",-0.240262043041281,0.17640250227284,0.00319016654661115,0.0351606802669862,22,19
"ZMAT5","ENSG00000100319",-0.103922640583804,0.0660877934405849,0.0273148847850194,0.0486042731385468,23,19
"TNRC6B","ENSG00000100354",-0.157138981680734,0.133428187323256,0.0074815380628766,0.0477206637458588,23,19
"KCTD17","ENSG00000100379",-0.26654697875031,0.369662724876678,0.00882290038978097,4.08437278031822e-05,23,19
"L3MBTL2","ENSG00000100395",0.0500964735337953,-0.0961416502286614,0.0373090634080999,0.00978995884951333,23,19
"CERK","ENSG00000100422",-0.597426445839219,0.947565199847344,0.00205646891586527,0.0154526382568907,23,18
"ABHD4","ENSG00000100439",0.182179536017805,0.292480170761153,0.0351325452415592,0.0183903388066765,23,19
"GNPNAT1","ENSG00000100522",0.309535379670137,-0.312624227823782,3.28478181970654e-06,0.00924387764207938,23,19
"ISM2","ENSG00000100593",-0.65808934581876,0.590158119565387,0.000899944996660449,0.0167109969828491,13,12
"LGMN","ENSG00000100600",0.27459220214598,0.208246336277634,0.0220723830620948,0.00268155485411862,23,19
"SUSD6","ENSG00000100647",-0.339558262567947,0.40707205761317,0.00528828008127094,0.000125933569129021,23,19
"ZC3H14","ENSG00000100722",0.136748894224815,-0.127838195049981,0.0311138823410291,0.038627302108946,23,19
"VRK1","ENSG00000100749",0.193129583581258,-0.329291009203303,0.0176112953757682,0.009644364418915,23,19
"NFATC2","ENSG00000101096",-0.453818384446648,0.754103581577842,0.0294317386849097,0.00197920533354696,19,17
"RIMS4","ENSG00000101098",-0.761288052036269,0.505072154154497,0.0138138817863636,0.00405670221025086,20,18
"NTSR1","ENSG00000101188",-0.590424789203133,0.448283397121474,0.000151536764865496,0.0092533068574926,17,10
"JAG1","ENSG00000101384",0.482525006900112,-0.295098263685112,0.0201038173537362,0.0312045697589746,22,19
"USP14","ENSG00000101557",0.152091695684252,-0.19470466120177,0.00238785909266697,0.0170798825676917,23,19
"SMCHD1","ENSG00000101596",0.150401210678601,-0.155667737258,0.0241531385861385,0.0479007247117027,23,19
"SMAD7","ENSG00000101665",-0.367032804044299,0.353350949712677,0.000392730168185027,0.016235999024189,23,19
"LAMA1","ENSG00000101680",1.1572140221189,-1.468741112866,0.000219806238023864,0.00320575750342411,17,15
"PLP2","ENSG00000102007",-0.172765043688505,0.422445243824454,0.0359545737023499,0.0200631738182638,23,18
"USP11","ENSG00000102226",-0.193033476488303,0.387022300873721,0.00406061062857903,0.0096151107910332,23,19
"NDFIP2","ENSG00000102471",0.57748649847793,-0.280004018836153,3.69893685781681e-06,0.0445910807885068,23,19
"KPNA3","ENSG00000102753",0.183560897874781,-0.136001664076772,0.0110069337555653,0.0124970611250377,23,19
"ZNF629","ENSG00000102870",-0.381476055317667,0.520443122732623,0.000795668513018585,0.0340836425321121,23,19
"NFAT5","ENSG00000102908",-0.164050050445746,0.35977069637334,0.0408278276014629,0.00379556936449278,23,19
"ESRP2","ENSG00000103067",0.221357408844429,-0.275285014986596,0.0148819921595189,0.00138027583371347,22,19
"CMC2","ENSG00000103121",0.561838161339445,-0.375431775839601,3.64509306327458e-05,0.0137064482517288,23,19
"USP10","ENSG00000103194",0.217495964868523,-0.155633059068429,0.0099848312949511,0.0101778066189658,23,18
"LMF1","ENSG00000103227",-0.137303414561471,0.196603279867587,0.0133022878533732,0.0422312465024056,23,19
"NUBP1","ENSG00000103274",0.179518804337534,-0.160221946679587,0.000295085571016889,0.0162927329704762,23,19
"CTSH","ENSG00000103811",-0.289516819365849,0.299812430941649,0.00704530258023668,0.0170051541533412,23,19
"HOMER2","ENSG00000103942",0.965830749570572,-0.612006649670827,8.361271823284e-08,0.00320445672306799,23,19
"FAM189A1","ENSG00000104059",-0.813216020065392,0.421976026319432,4.92638510934659e-09,0.0407426388225821,10,6
"BMF","ENSG00000104081",-0.795936131325582,0.642071683618712,3.17688025861966e-05,0.00736488447061118,23,19
"SLC30A4","ENSG00000104154",-0.35479632959161,0.321520613416908,0.00403535208042611,0.042573907469499,23,19
"SGK3","ENSG00000104205",0.590860017517926,-0.27727086805835,0.00238065738245558,0.0135689786335956,23,19
"PDGFRL","ENSG00000104213",-0.297054756036057,0.138592484609078,0.0391532839839443,0.0232642895654817,21,15
"LAPTM4B","ENSG00000104341",-0.252418631519599,0.440734738870003,0.00359271901066177,0.0248059008530822,23,19
"POP1","ENSG00000104356",0.375009808659373,-0.36235322120954,1.66585212131057e-05,0.00498198916027773,23,19
"TRPS1","ENSG00000104447",-0.530262703349403,0.563050841780811,5.54077301684546e-05,0.00495343271312837,23,18
"PYCR3","ENSG00000104524",0.213649514429208,-0.450089867799835,0.0383361339758481,0.00975912097305874,23,19
"INTS10","ENSG00000104613",0.324754004276706,-0.177243112344436,7.48129610002687e-07,0.0229371465286797,23,19
"MTMR9","ENSG00000104643",0.853653498749857,-0.372137667424675,3.39194121786444e-06,0.00488243750878126,23,19
"DCTN6","ENSG00000104671",0.130432928542821,-0.151580112229647,0.00122676633355636,0.0162333099741326,23,19
"UBXN8","ENSG00000104691",0.344048032568935,-0.306302659725516,0.0131805100554373,0.00370588318319332,23,19
"DHDH","ENSG00000104808",-0.203340781284693,0.247080984103844,0.0290544958503059,0.00128494153164393,18,15
"PEX11G","ENSG00000104883",-0.145324836346799,0.156915022060272,0.0469109686467966,0.031879945373102,23,18
"KLC3","ENSG00000104892",-0.249884789973899,0.370982048340838,0.00659708394584583,0.00447933181920742,21,19
"TNNT1","ENSG00000105048",-0.427478982771525,0.284195927705621,0.000110553874574402,0.0100221681549978,22,17
"POP4","ENSG00000105171",0.0906053079988383,-0.0883114133695417,0.000613096986001587,0.00674242039452839,23,19
"PLD3","ENSG00000105223",-0.0882443371886782,0.19343963326948,0.0131236072628256,0.00037296707874383,23,19
"SYNGR4","ENSG00000105467",-0.71010593567279,0.733909533546402,0.00477173317568876,0.00231717097026184,15,11
"TMEM59L","ENSG00000105696",-0.532441201009575,1.09816701686389,0.00700721964417912,0.0162333099741326,16,15
"SCN1B","ENSG00000105711",-0.305595203356874,0.294374883378504,8.42657254932278e-05,0.0157126124492786,21,17
"RASA4","ENSG00000105808",-0.463170367585203,0.470954365022506,0.00462500870797509,0.0409576363984492,23,19
"DNAJC2","ENSG00000105821",0.18138185507195,-0.153332464695521,0.00121146894735134,0.0101788873307065,23,19
"POLR1F","ENSG00000105849",0.241502160574755,-0.33554818111304,0.000614660205650507,0.00450495684304142,23,19
"CBLL1","ENSG00000105879",0.632007270043123,-0.189881201251327,7.51885324497006e-05,0.014832039107219,23,19
"PALS2","ENSG00000105926",0.242150614046581,-0.467279522945676,0.0312537319553388,0.0318770283829515,23,19
"ZC3HAV1","ENSG00000105939",0.209277804314215,-0.176276176519404,0.00927923862931664,0.0199420677820846,23,19
"TTC26","ENSG00000105948",0.204677958888759,-0.156020601845678,0.00265741904666757,0.0336309982305597,23,19
"MET","ENSG00000105976",-0.621235719725005,0.742377635000751,0.0235446739078922,0.00524861310254804,21,15
"HIBADH","ENSG00000106049",-0.255103888341669,0.385296128819023,0.00175931800721431,0.0490163995034986,23,19
"TAX1BP1","ENSG00000106052",0.200390439766998,0.279223862073389,0.0309216626171265,0.029481240430503,23,19
"GRB10","ENSG00000106070",-0.655971033248411,0.691037227173642,0.0103214058150721,0.0185155111753728,23,19
"GHRHR","ENSG00000106128",2.47335438793745,-2.95637431468264,4.25677443045482e-06,0.00977103874946381,10,6
"MOSPD3","ENSG00000106330",-0.183803312243127,0.126425457696933,0.000433889650352454,0.00614574742060742,23,19
"PCOLCE","ENSG00000106333",-0.512393231665227,0.422139296391636,3.39194121786444e-06,0.0497406696294915,23,19
"FBXO24","ENSG00000106336",-0.260170595966109,0.376458608367421,0.00965201116945005,0.045189051638919,21,17
"IMPDH1","ENSG00000106348",0.291645826177003,-0.353179514309249,0.000491042305864528,0.0104481015694088,23,19
"GLCCI1","ENSG00000106415",-0.288738883244952,0.179274654268562,0.000477065398263002,0.0306932919214356,23,19
"MRPL32","ENSG00000106591",0.174281931973166,-0.185960596063815,3.34352494348839e-08,0.0120691725458394,23,19
"CLIP2","ENSG00000106665",-0.261553221637908,0.353585332124618,0.026269614176806,0.0187994376932652,23,19
"DNM1","ENSG00000106976",-0.390067220960711,0.269776331858016,0.000303350130081717,0.0247973232526566,23,19
"EXOSC3","ENSG00000107371",0.170979963747172,-0.167235147419274,0.000863298711655223,0.00463138063892789,23,19
"HPS1","ENSG00000107521",-0.169523841244787,0.123908655627693,0.000142085480358508,0.0084748589047075,23,18
"ERLIN1","ENSG00000107566",0.152202243310165,-0.116866289023311,0.0408677674769108,0.0221538262949696,23,19
"MICU1","ENSG00000107745",-0.133491479369092,0.161684841053814,0.0380147577510305,0.000642111662018095,23,19
"CCSER2","ENSG00000107771",0.126615122391157,0.11105164460899,0.0330984411949526,0.0442050560734701,23,19
"LHPP","ENSG00000107902",-0.137233483236681,0.323204644119359,0.0275852904251109,0.0154314417636381,23,19
"GTPBP4","ENSG00000107937",0.14256032777838,-0.154052954060526,0.0409413707369189,0.0255250664499236,23,19
"BCCIP","ENSG00000107949",0.272232907641152,-0.232045378699224,2.51637068202996e-05,0.00264872321651545,23,19
"MAP3K8","ENSG00000107968",-0.490322637637586,0.341336699889069,0.0110428117328288,0.0039049457470134,22,18
"RUNDC3A","ENSG00000108309",-0.178617743027034,0.518602250303546,0.0261951275570116,0.000544302939180935,22,17
"RNF43","ENSG00000108375",-0.690449079003114,0.27321854212057,9.25765207353386e-06,0.0107454785192278,22,19
"DRG2","ENSG00000108591",0.106781294664113,-0.0879557336121618,0.000607597883412433,0.00183619366972429,23,19
"UTP6","ENSG00000108651",0.138879098281896,-0.143877421290927,0.000727707937398266,0.0095218434321074,23,19
"CYTH1","ENSG00000108669",0.423078017902976,-0.218432306665297,0.000178709761277611,0.044559351597117,23,19
"MLX","ENSG00000108788",0.231870057985298,-0.127892441545547,0.00151865929959112,0.0172656174172924,23,19
"HDAC5","ENSG00000108840",-0.246239241151954,0.290236229263323,0.0137505306038594,0.000948560925214041,23,19
"SLC16A6","ENSG00000108932",1.00468383804007,-0.601492434753148,0.000431559649501823,0.0117205292407129,23,19
"EFNB3","ENSG00000108947",-0.584423491828176,0.77670602147195,1.42304757193567e-05,0.0139372495329815,21,16
"TMEM33","ENSG00000109133",0.266959622895213,-0.17968764060621,2.70967521026309e-06,0.00471134942303334,23,19
"INPP4B","ENSG00000109452",1.3028676188934,-1.06166486415469,1.17235031263369e-06,0.0119931592934635,23,18
"GAB1","ENSG00000109458",-0.288786459100439,0.485552891958157,0.00182930950766234,0.00180025851392952,23,19
"GRPEL1","ENSG00000109519",0.255490143096416,-0.161465042299999,5.50948801222824e-05,0.0352870667189005,23,19
"AADAT","ENSG00000109576",0.39250574257906,-0.925406776287718,0.0380468272808999,0.00294688091145072,21,17
"DHX15","ENSG00000109606",0.10480488165648,-0.175704022361902,0.0343674917765769,0.0457451311389219,23,19
"SNX25","ENSG00000109762",0.580515575259965,-0.168895000705193,0.000229655518626565,0.0304130046254709,23,19
"ZBTB16","ENSG00000109906",1.6492534443888,-1.30298602987344,1.32733517885091e-10,0.000948560925214041,22,18
"ELP4","ENSG00000109911",-0.116609807903994,0.140793863541598,0.0166288570382794,0.0440052703579513,23,19
"VWA5A","ENSG00000110002",-0.25701573393528,0.454943054599828,0.0134093981502947,0.011376054258055,22,18
"SNX15","ENSG00000110025",-0.112647188434222,0.184543752589826,0.0178196369841229,0.00557901740201646,23,19
"TMEM109","ENSG00000110108",0.192334797780382,-0.218683199408714,0.00791789819150421,0.0296818929310492,23,19
"CHORDC1","ENSG00000110172",0.123542253247799,-0.224290238113333,0.046692710250318,0.0256064342250185,23,19
"DDX6","ENSG00000110367",-0.0710252800988838,0.10431810026449,0.0383960443182093,0.0322577466287321,23,19
"SLC35F2","ENSG00000110660",0.527501380079334,-0.3484994578809,0.00428457613631065,0.0119629439018354,23,19
"NUP98","ENSG00000110713",0.198002021281326,-0.0989388608957007,0.00114053371345493,0.034970706361279,23,19
"EXPH5","ENSG00000110723",-0.390518094897606,0.226226381618968,0.0369412674064035,0.0105453119400152,23,19
"PPFIBP1","ENSG00000110841",0.467436309187821,-0.347617529970825,0.000697822977404948,0.0351606802669862,23,19
"MVK","ENSG00000110921",0.311492184513148,-0.229664312190564,0.0215036188325304,0.044559351597117,23,19
"CAMKK2","ENSG00000110931",0.536548552288354,-0.285563485446767,0.00277447230666589,0.0332950688729433,23,19
"LTA4H","ENSG00000111144",-0.295285873997306,0.156255713485029,0.00600901626657304,0.00409099800668356,23,19
"SLC6A12","ENSG00000111181",-0.704741488842279,0.690921616251149,0.0225483504941591,0.0369583651587632,16,7
"MAGOHB","ENSG00000111196",0.162768636672186,-0.273089596227624,0.0101650512298618,0.0068227992881835,23,19
"CUX2","ENSG00000111249",1.86470844175415,-1.82540679345139,8.16649497673149e-06,2.0312864685021e-06,12,10
"SPRING1","ENSG00000111412",-0.150955276107207,0.221135257408073,0.030262231469784,0.00086203435567075,23,19
"ING4","ENSG00000111653",-0.219646933604737,0.209840699441304,0.000941150389668738,0.0167109969828491,23,19
"ENO2","ENSG00000111674",-0.34492673278831,0.488638436412251,0.000919780856806386,0.0183903388066765,23,19
"PTPN6","ENSG00000111679",-0.155690805809255,0.176297828490335,0.000903364912029571,0.000414937782517644,22,19
"NT5DC3","ENSG00000111696",0.78380809459299,-0.570555790971635,6.23039562239294e-05,0.0217996148823033,23,19
"GOLT1B","ENSG00000111711",0.321938030926239,-0.147939899109462,8.72030233328976e-10,0.0426187932906991,23,19
"MAK","ENSG00000111837",0.98825470657527,-1.05317663718095,0.00243693252641679,0.000976772456137921,21,17
"TMEM14C","ENSG00000111843",0.161170291426195,-0.0968316876811934,0.0192415328338394,0.0331931950017642,23,19
"PAK1IP1","ENSG00000111845",0.691491381368491,-0.408461653351174,0.000104229957757407,0.0067611709062876,23,19
"MAN1A1","ENSG00000111885",-0.866253227433825,0.834213913917645,0.0132930824389649,0.000817455892330336,23,18
"SASH1","ENSG00000111961",0.613152183469052,-0.292745566143812,9.47489852529779e-06,0.0163794997188557,23,19
"MRPL18","ENSG00000112110",0.10969596713131,-0.151966169931451,0.00460354178236129,0.0165433305754231,23,19
"CD83","ENSG00000112149",-0.493301292017966,0.427188246346179,0.00540821575108309,0.0267316294852569,18,17
"CAP2","ENSG00000112186",0.4119239505714,-0.253667802056066,0.0061596599743672,0.000895477834558746,23,19
"SOBP","ENSG00000112320",-0.390644308676443,0.306021392959362,0.0293771176801702,0.0172825602921474,21,17
"ZBTB24","ENSG00000112365",0.564852312907766,-0.253368053310504,0.000828970913479979,0.0108721216453194,23,19
"PTK7","ENSG00000112655",-0.340846750391944,0.198783903386349,2.69770031735102e-08,0.0196354876825065,23,19
"PRPF4B","ENSG00000112739",0.111266113714849,-0.165815878928005,0.0343311969729933,0.0217996148823033,23,19
"ENPP5","ENSG00000112796",-0.470187044453745,0.447124758294545,0.00183833680402334,0.0236481004603754,22,19
"TENT4A","ENSG00000112941",0.0796649456855326,-0.154929036256689,0.0248375526181455,0.0247545438702496,23,19
"GHR","ENSG00000112964",0.41196163257367,-0.38722015575683,0.0153566768105953,0.0211916277730005,22,18
"LOX","ENSG00000113083",1.29593752564867,-0.936225385482045,1.99162789635065e-08,0.0132161785178413,22,19
"HMGXB3","ENSG00000113716",0.460931925160694,-0.223977435903019,0.000852659722449449,0.00169428732677137,23,19
"ZNF346","ENSG00000113761",-0.165156032535503,0.0994212116270832,7.82390727086943e-05,0.0134421567723358,23,19
"CRBN","ENSG00000113851",-0.133665617450612,0.164922860958969,0.0363365818377078,0.0180764440827164,23,19
"KPNA1","ENSG00000114030",0.217477082859707,-0.111734395874468,0.00054110722518789,0.00376674930510028,23,19
"LRRC31","ENSG00000114248",-0.935109471325096,0.79826990963826,0.0487586831628403,0.0264198353785869,17,16
"GNB4","ENSG00000114450",0.490756756740614,-0.676340256249727,0.0167752682215328,0.0344235490043334,23,18
"ABTB1","ENSG00000114626",-0.36719611776074,0.377480561591612,0.00184578516908118,0.0170996102104115,23,19
"SCAP","ENSG00000114650",0.341775856417992,-0.151521076866711,0.0116740982446574,0.0474053593186317,23,19
"ARHGEF26","ENSG00000114790",0.390602774749263,-0.479128729281669,1.7086943944791e-07,0.00971691412435263,23,19
"SSR3","ENSG00000114850",0.653331091393705,-0.197740418815508,4.50619596421675e-07,0.0462189827430754,23,19
"ZBTB47","ENSG00000114853",-0.299050174334441,0.383392277428759,0.0163067591003348,0.0426483478602415,23,19
"KCNIP3","ENSG00000115041",-0.549955845072849,0.604440424522666,6.88909567923541e-05,0.00510037363999582,22,18
"ACTR1B","ENSG00000115073",-0.0922042390378985,-0.0516202897231844,0.0338532708872938,0.0430845627691968,23,19
"EIF2B4","ENSG00000115211",0.15521560334034,-0.124113847247272,0.00717383369029992,4.63398525050553e-05,23,19
"PPM1G","ENSG00000115241",0.119916232604118,-0.151190700614557,0.000786365236991559,0.020472570534196,23,19
"APC2","ENSG00000115266",-0.172286511669328,0.239111802813888,0.0075686356494628,0.0328996157647059,23,19
"SPTBN1","ENSG00000115306",-0.232172927546207,0.442016216202502,0.00570478121061384,0.00163450689412528,23,19
"AUP1","ENSG00000115307",0.131359245334316,-0.131648170568454,0.00069958084199089,0.00600495111329954,23,19
"MRPL19","ENSG00000115364",0.0810613920076566,-0.134629400753744,0.029652270495608,0.0134421567723358,23,19
"EFHD1","ENSG00000115468",-0.420087728995202,0.7921200610223,0.0372379709795855,0.0295578490592869,22,18
"PDCL3","ENSG00000115539",0.0859893022848983,-0.135882294973298,0.0355129391379136,0.047167434324778,23,19
"HSPE1","ENSG00000115541",0.26002798095986,-0.222357797634352,0.000447773855491612,0.02498371471701,23,19
"SLC9A2","ENSG00000115616",0.573269286916078,-0.387374397320565,0.00147282973671513,0.00179606554763039,20,16
"PARD3B","ENSG00000116117",-0.269392906564787,0.359535712083093,0.0234025589248456,0.00825748161495347,23,19
"DHCR24","ENSG00000116133",1.02339502247927,-0.514468123933233,4.65366500999629e-06,0.0148198519495633,23,19
"MARK1","ENSG00000116141",-0.340325793331082,0.336691173269764,0.00016914597173778,0.0156519115951925,23,19
"LRRC42","ENSG00000116212",-0.0802735523749645,0.130133169955168,0.0351730651895454,0.00614574742060742,23,19
"ICMT","ENSG00000116237",0.129956656782088,-0.167032625692593,0.0245181472726805,0.00344040656836304,23,19
"ELAPOR1","ENSG00000116299",-0.566653467106728,0.709922643248891,0.000540015679471138,0.017393898207558,22,19
"EDEM3","ENSG00000116406",0.575873720011132,-0.315890757166926,2.25504317147337e-05,0.00210167264186686,23,19
"DLGAP3","ENSG00000116544",-0.418876192338314,0.423808368152261,6.51086564377698e-09,0.0109232054840585,16,16
"SRM","ENSG00000116649",0.174369853787176,-0.294768778561357,0.0199599852487787,0.0383649110369883,23,19
"FBXO2","ENSG00000116661",-0.591627182889828,0.793810946825532,0.00067235799200947,0.0307540756928686,23,19
"SWT1","ENSG00000116668",0.569177726788454,-0.361576078672069,0.00016914597173778,0.00533207113954446,23,19
"IVNS1ABP","ENSG00000116679",0.227184949340001,-0.256933724204359,0.0298812719374231,0.0304491177120767,23,19
"MIIP","ENSG00000116691",0.108006909376508,-0.158105895787504,0.01087084224662,0.00033599135441988,23,19
"WLS","ENSG00000116729",-0.275810659728856,0.481975085079724,0.0413022784028807,0.0012829608427449,23,19
"UCHL5","ENSG00000116750",0.282729304769106,-0.247692432144428,7.22724088551903e-05,0.011376054258055,23,19
"MRPS15","ENSG00000116898",0.147312976888604,-0.11194563917207,5.62272045044909e-05,0.0396288909959907,23,19
"RRAGC","ENSG00000116954",0.103641771713324,0.191567928607546,0.0385379872272098,0.0016669324011643,23,19
"RIMS3","ENSG00000117016",-0.355852871404899,0.385632191495731,8.49370800378418e-10,0.00362494014473308,23,19
"PADI2","ENSG00000117115",-0.590739045901625,0.35018956505859,0.0326624172391718,0.0111603004474357,19,17
"KDM5B","ENSG00000117139",-0.159512577634508,0.290416061640121,0.00772466897113435,0.00864473580743363,23,19
"UAP1","ENSG00000117143",0.763600968944294,-0.639718712064678,1.64234088976945e-10,0.0266822275395848,23,19
"SSX2IP","ENSG00000117155",0.302483549715782,-0.16293254735419,0.00381375053374614,0.0354644163681525,23,19
"GPR89A","ENSG00000117262",0.286236236265175,-0.157856016673175,0.000276805855627405,0.00619912769684049,23,19
"ID3","ENSG00000117318",-0.358601808321169,0.469610067831711,0.0391644922470748,0.0443307077296005,23,18
"PIK3R3","ENSG00000117461",-0.382932885827399,0.249643568628072,0.00690100965023588,0.00735261171605407,23,19
"SLC19A2","ENSG00000117479",0.428238459428728,-0.390268177135898,0.0141217134410525,0.00976490012078345,23,19
"MAN1C1","ENSG00000117643",-0.39692643108198,0.364285607260585,0.00167433495510406,0.0469871090401662,22,18
"TXNDC12","ENSG00000117862",0.26542246343158,-0.184820020620574,1.55052166842687e-10,0.0101778066189658,23,19
"MESD","ENSG00000117899",0.18021833728992,-0.13246003835588,0.00412161889263262,0.00553962428154199,23,19
"FASTKD2","ENSG00000118246",0.173127301257128,-0.159920740413507,0.000909842234982023,1.65790176323495e-05,23,19
"PHF3","ENSG00000118482",-0.0873120089877042,0.1394195562443,0.0200333649676922,0.00387288629884935,23,19
"ELL2","ENSG00000118985",1.33981834271212,-0.773381639497962,3.81660177761038e-08,0.0146571791193005,23,19
"CCDC92","ENSG00000119242",-0.197856589863047,0.377073642080014,0.0337398368714048,0.0095218434321074,23,19
"TRIM32","ENSG00000119401",-0.185725715353297,0.196821100024984,6.05480768667346e-06,0.024787669058728,23,19
"FBXW2","ENSG00000119402",0.238661366387049,-0.0887302911728597,0.0109960038972285,0.0227714105235929,23,19
"IRF2BPL","ENSG00000119669",-0.448733046515537,0.324708227855272,2.65333417949268e-06,3.5356447148136e-06,23,19
"LTBP2","ENSG00000119681",-0.368113028817788,0.341416219897777,0.00400049048487495,0.0119271213803561,23,19
"GPR75","ENSG00000119737",0.366779745389101,-0.285752538511313,0.00246456351940489,0.00317256211607302,20,17
"KLHL29","ENSG00000119771",0.626552842384327,-0.390725953259728,0.000186370833562386,0.0462189827430754,22,19
"FAM98A","ENSG00000119812",0.105976213412428,-0.135105228499914,0.0303240731895715,0.00424773103819306,23,19
"MSX2","ENSG00000120149",-0.366541256382255,0.467104042050459,0.0182657137044107,0.0172878337898164,20,15
"WDR55","ENSG00000120314",0.112428085475222,-0.162771761949676,0.0129213620944935,0.00374651664150374,23,19
"KIAA1217","ENSG00000120549",-0.233182356814025,0.171667493604136,0.000786365236991559,0.0143507268639136,23,19
"PLXDC2","ENSG00000120594",-0.48126811118751,0.457279591186032,1.77842502406617e-11,0.0330647094638522,23,18
"KDM3B","ENSG00000120733",-0.113521059213042,0.0639251247538901,0.00247132772483055,0.0331931950017642,23,19
"PLS1","ENSG00000120756",-0.192921177569321,0.294283753025346,0.0188943247297722,0.00160215303778317,23,19
"SORBS3","ENSG00000120896",-0.300171081278847,0.279375625996834,0.000635434182826047,0.000260872650254471,22,19
"CHRNA2","ENSG00000120903",3.72295157992881,-2.58053233388577,2.06167115699744e-10,0.00438654014182371,17,16
"PDLIM2","ENSG00000120913",-0.331031824118996,0.178569751325694,0.00077326201590705,0.049262275406306,23,19
"AKAP1","ENSG00000121057",0.289691016898189,-0.195254157601261,0.000776102382212806,0.0268240953437832,23,19
"SLC35B1","ENSG00000121073",0.286375214061111,-0.107801026755683,0.00102916108753027,0.00600495111329954,23,19
"ADCY7","ENSG00000121281",-0.696979704510339,0.439122475399597,0.000299191395069495,0.0470698214918022,23,19
"TSHZ3","ENSG00000121297",-0.74382406069295,1.0439114838457,4.53406958027636e-05,0.0102858513769176,17,14
"ZSCAN18","ENSG00000121413",-0.145346801563906,0.308665286969949,0.0116634691446379,0.0251127906067155,20,18
"CAT","ENSG00000121691",-0.196583194235716,0.185346515035607,0.0298210925422362,4.53319103722492e-07,23,19
"POLR3GL","ENSG00000121851",-0.198485380436661,0.260867662207965,0.00151058575537592,0.0061235350874434,23,19
"CLCC1","ENSG00000121940",0.132077275892584,-0.0824405551113606,0.00125853267837115,0.0465400777293595,23,19
"FLT3","ENSG00000122025",-1.18495907398164,1.64024820854741,0.000155351861089153,0.0247706382590355,13,9
"GTF3A","ENSG00000122034",0.177268333420288,-0.267169762475418,0.00564432735430077,0.000784920521681454,23,19
"RASL11A","ENSG00000122035",-0.469772200597499,0.504202972404336,0.0255945763106388,0.0120762127415064,22,17
"SHLD2","ENSG00000122376",0.23238503831564,-0.25561672929335,0.00101226848440507,0.0012829608427449,23,19
"BBS9","ENSG00000122507",-0.167627422240694,0.109892990197535,0.010855303030424,0.00557901740201646,23,19
"EEPD1","ENSG00000122547",-0.32993159421191,0.402598104405898,5.89223218007263e-05,0.000149080098509657,23,19
"TRIM24","ENSG00000122779",0.188492639109722,-0.0885596447255608,0.0184255382396729,0.0376477635278067,23,19
"SPRYD7","ENSG00000123178",0.41003874373229,-0.242270443273813,3.60812149172595e-06,0.00723293243390914,23,19
"OPTN","ENSG00000123240",-0.274389880725969,0.583374040627905,0.0157946326073775,0.0119629439018354,23,19
"HOXC13","ENSG00000123364",-0.586951923084251,0.787701568113696,2.96474646834227e-05,0.000362776585192716,21,17
"LRP1","ENSG00000123384",-0.455873944726266,0.430957549930795,0.00013314696561193,0.0232853642056506,23,19
"HOXC12","ENSG00000123407",-0.75979980084667,0.504762918975025,8.92266744514791e-16,0.0272371330012602,18,15
"PFKFB2","ENSG00000123836",0.657648536132401,-0.189301914440601,0.00118116699377984,0.0138289624464796,23,19
"ACSL3","ENSG00000123983",1.22740701416642,-0.790294613096369,1.14743034917304e-06,0.00917616263203702,23,19
"SLC12A4","ENSG00000124067",-0.250274522676502,0.212153659405911,1.61448932741204e-05,0.0365322887786484,23,19
"SNX21","ENSG00000124104",-0.16100842849899,0.175042354871317,0.00635273632079897,0.0320974499637514,23,19
"SDC4","ENSG00000124145",-0.427336134908151,0.757235062042884,0.000299191395069495,0.000817455892330336,23,19
"PIGT","ENSG00000124155",-0.153762178215491,0.171905063054155,1.9505989550918e-06,0.00361457444887873,23,19
"CDH26","ENSG00000124215",-0.995638348962584,0.439093487148223,0.00244912545103319,0.00982663791897954,17,16
"PMEPA1","ENSG00000124225",1.19865189091819,-1.07680672346405,4.74680793732679e-05,0.00357971937950259,23,19
"MPHOSPH10","ENSG00000124383",0.320378276941238,-0.237351439524479,2.44215901834579e-08,0.00203332162553441,23,19
"BTN2A2","ENSG00000124508",-0.323946454697471,0.267576031612896,0.000218604127340086,0.0397489639628645,23,19
"SPDEF","ENSG00000124664",0.812043221461585,-0.512408100991348,0.00448607502075279,0.0102173902771347,20,18
"GNMT","ENSG00000124713",1.66069053374535,-1.03311619803277,1.56854425879426e-06,0.00024776305212246,21,16
"CPNE5","ENSG00000124772",-1.21864583176103,2.57771737881236,0.000728129923994448,0.0331654402121097,5,5
"SSR1","ENSG00000124783",0.343612101505047,-0.209787220926854,0.000329226624523385,0.00450335044418035,23,19
"RIOK1","ENSG00000124784",0.145048079261137,-0.170412618472768,0.0308993014601084,0.0170996102104115,23,19
"RAB17","ENSG00000124839",-0.249036994061848,0.212050639821714,0.00651779166732491,0.0120762127415064,22,19
"BBS2","ENSG00000125124",-0.193523544297472,0.182932442594756,0.00102558747485811,0.00946705248705676,23,19
"PHAF1","ENSG00000125149",0.129344904294366,-0.210582970048665,0.0163562481321096,0.0185307242780753,23,19
"GOT2","ENSG00000125166",0.181650978196666,-0.162994253198796,0.00406221209269342,0.00543546010575578,23,19
"DOK4","ENSG00000125170",-0.328186992632951,0.347556549759808,4.30347555341255e-06,0.0209860044064904,23,19
"TMTC4","ENSG00000125247",-0.18852071574034,-0.231963934718279,0.0470469696267007,0.023637181074152,23,19
"ABCC4","ENSG00000125257",1.08602001221728,-0.596845412824037,4.37080036870136e-06,0.0227633537311196,22,19
"IRF1","ENSG00000125347",-0.393331088596069,0.513938569309351,0.0100182722325591,0.000631329108171679,23,19
"SEPTIN6","ENSG00000125354",-0.32716418648729,0.236750708801545,0.00400049048487495,0.0433743073222559,23,19
"MSTO1","ENSG00000125459",0.210539865690911,-0.235180766784804,0.00325283361443178,0.000260872650254471,23,19
"TTF1","ENSG00000125482",0.0894614841632454,-0.0910220434908852,0.0262072077308188,0.0131907180296683,23,19
"INSIG2","ENSG00000125629",-0.263930746523298,0.314722881616039,0.0188158495590436,0.0462189827430754,23,19
"CCDC93","ENSG00000125633",-0.173446577990569,0.174868801604844,0.0295002776585564,0.0180340629077332,23,19
"MMP24","ENSG00000125966",-0.319783569676305,0.27039795944418,0.0386038855739185,0.0395191322094394,22,19
"MMP24OS","ENSG00000126005",-0.180113979257909,0.276192918367888,0.0282173969499442,0.00113238856140452,23,19
"F10","ENSG00000126218",-0.452182142682965,0.320025415169732,8.56757926464674e-06,0.0300984641405507,13,13
"NR1D1","ENSG00000126368",-0.354383172412151,0.330832193592933,0.0311332337149186,0.0111603004474357,23,19
"FAM78A","ENSG00000126882",-0.455925911141954,0.240656075183257,2.89271424105959e-07,0.0455262466416315,22,17
"IPPK","ENSG00000127080",0.217218583215654,-0.151401280968837,0.000573982373012612,0.0155105642632651,23,19
"EDN2","ENSG00000127129",-0.686637330018594,0.627197257263701,0.00885735187779242,0.0260907082206524,20,18
"ABHD8","ENSG00000127220",-0.257104102122601,0.169760870548331,0.00025121642020382,0.0191942962526962,23,19
"PTPRB","ENSG00000127329",-0.750252708437073,0.468891017836744,0.0132334225329921,0.00292878819416362,20,17
"PLA2G5","ENSG00000127472",2.36717809336838,-2.76114050537448,1.0117849997171e-07,0.000444319760655801,14,12
"KDM4B","ENSG00000127663",0.311206081276821,-0.274847026478267,0.0125161000069532,0.00146985597018331,23,19
"PODXL","ENSG00000128567",-0.299384504992444,-0.159505534417418,0.0475658839962097,0.0147831619727499,23,19
"IRF5","ENSG00000128604",-0.273252520304823,0.222107335937027,0.000107668344649584,0.00310175466062222,22,19
"GAD1","ENSG00000128683",-0.429323582800408,0.509025577956828,0.027559970542601,0.0300038764764291,18,15
"EIF2AK4","ENSG00000128829",0.141264351707577,-0.184120555504342,0.0127397850047588,0.0130000246978135,23,19
"MYO5C","ENSG00000128833",0.320565860127215,-0.374160455120439,8.3443367846899e-05,0.000379681591025949,23,19
"KNSTRN","ENSG00000128944",0.408372982515358,-0.385640745569908,8.93270620588764e-05,0.0483982561400151,23,19
"SPCS3","ENSG00000129128",0.431047033270033,-0.277893332851102,0.00167040752751382,0.0223542110848007,23,19
"PLD2","ENSG00000129219",-0.233445182294369,0.168416778196522,0.0025553753073879,0.0153292645786201,23,19
"TXNDC17","ENSG00000129235",0.152677006685269,-0.147536184096095,0.0110517400118652,0.0137514029790025,23,19
"NGDN","ENSG00000129460",0.101176062167931,-0.0927737373600202,0.0222221995153383,0.0338534155244689,23,19
"ARHGEF6","ENSG00000129675",-0.362818824899049,0.436023698172928,0.00139953136260637,0.0288312742463577,20,19
"TTI2","ENSG00000129696",0.139079907667547,-0.151036988269479,0.0343674917765769,0.0031061671755423,23,19
"RPS4Y1","ENSG00000129824",-0.217391890931138,0.137836700924548,0.0464385954756719,0.0136681582040768,18,16
"PUDP","ENSG00000130021",0.182134587436271,-0.131254622503393,0.00720119484053415,0.0434616816225516,23,19
"SAFB2","ENSG00000130254",0.128778012712902,-0.106660067135404,0.0439668070544693,0.0313320737073661,23,19
"TULP4","ENSG00000130338",-0.516170591466416,0.414182205641346,0.000306056985336214,0.0175536382638401,23,19
"IQCN","ENSG00000130518",-0.426560872391706,0.42717500511117,0.00294401866528704,0.0218723553273871,23,19
"ASS1","ENSG00000130707",-0.464117064784809,0.368057776096163,0.00666562731956487,0.000551870182489541,23,19
"SHFL","ENSG00000130813",-0.272633632719654,0.329345694028819,0.000497426233114675,0.0364782156983414,22,18
"MPP1","ENSG00000130830",-0.540020165386807,0.713357239549745,0.0139643373983197,0.0195223678986282,19,16
"GGT7","ENSG00000131067",-0.216628061376589,0.266336614208632,7.51885324497006e-05,0.0108721216453194,23,19
"ARHGEF9","ENSG00000131089",-0.139101637465866,0.128833148852322,0.000989682251277005,0.0151364332017417,23,19
"ATP6V1E1","ENSG00000131100",0.14776741805838,0.133044975053197,0.004964348897985,0.0104678617043427,23,19
"NFATC1","ENSG00000131196",-0.253788566722386,0.377603606754103,0.00412161889263262,9.1468177124322e-05,22,16
"SH3BP5","ENSG00000131370",-0.40171187593882,0.33360324989691,8.78139354028686e-05,0.0102235538825536,23,19
"TBC1D5","ENSG00000131374",-0.131793634830168,0.143016621870855,0.00478173960294383,0.00842619164800019,23,19
"AOC2","ENSG00000131480",0.249105751800824,-0.351998201711188,0.0145588781243834,0.00601740709525089,23,19
"DIAPH1","ENSG00000131504",0.184248720371627,-0.127498269569758,0.0059009124973891,0.0394419288753851,23,19
"EXOC4","ENSG00000131558",-0.0935749033987684,0.200661393495732,0.00039000777025877,0.000653156764131352,23,19
"ZCCHC9","ENSG00000131732",0.203293992452862,-0.16439644832275,0.000239816558488946,0.0083346903090424,23,19
"RARA","ENSG00000131759",-0.312575630390766,0.299241378911931,0.0282669618387104,0.00357325653965338,23,19
"MCCC2","ENSG00000131844",0.680575658845066,-0.663968607589727,2.09026924381887e-07,4.5745040956152e-06,23,19
"CHSY1","ENSG00000131873",0.241065000118547,-0.145126345753141,0.025725170866816,0.00105810629925907,23,19
"SNRPA1","ENSG00000131876",0.195483728084609,-0.233116312787932,0.000413929107618978,0.0313320737073661,23,19
"SPATA6","ENSG00000132122",-0.235487102585893,0.303055599226995,0.00610263718790996,0.0100092786795925,22,17
"ARFIP2","ENSG00000132254",0.206544578753413,-0.14359842823926,0.0181619158882237,0.018877908057782,23,19
"ILKAP","ENSG00000132323",0.175438085974816,-0.137035333188925,2.90893821558968e-11,0.000491305658893785,23,19
"PTPRE","ENSG00000132334",-0.247367867583764,0.195474429136623,0.00593140363572958,0.00072950367401605,22,18
"DDC","ENSG00000132437",-1.06328295312582,1.0957812590349,0.0168280318162397,0.0108721216453194,17,14
"ITGB4","ENSG00000132470",-0.544253628565053,0.686037467988766,0.00665335945017692,0.0298280201010627,22,19
"VPS13B","ENSG00000132549",-0.176897126196949,0.189576827913419,0.0255006385006457,0.0319884669534006,23,19
"MATN2","ENSG00000132561",-1.24213130742139,1.65969951374936,1.31567108053965e-05,0.0132695063051723,22,18
"ERAL1","ENSG00000132591",0.0632114842435079,-0.0615099737363239,0.000254356191664461,0.0279393151541799,23,19
"MTSS2","ENSG00000132613",-0.255723705658005,0.114468062642748,0.00256146985785243,0.0355240554084941,23,19
"RAB25","ENSG00000132698",-0.0890199108004394,0.175904504067943,0.000128202935070013,0.010827359131095,19,17
"KL","ENSG00000133116",2.37052418020222,-1.76821877155405,0.0008187357788951,0.0250064883328641,9,6
"RNF128","ENSG00000133135",-0.405054304728868,0.322416497740862,0.015894819818393,0.0179443863371891,21,17
"SLF1","ENSG00000133302",0.432219629403377,-0.388159477232594,2.43793827738145e-05,0.00438654014182371,23,19
"MACROD1","ENSG00000133315",-0.255504104067236,0.229479779924123,0.00979341610218133,0.0418399552823671,23,19
"RTN3","ENSG00000133318",-0.066057622747448,0.143245205741205,0.0418767684752284,0.0208097687048169,23,19
"C1QTNF6","ENSG00000133466",-0.768740743342621,0.505331854694742,2.75943125940643e-07,0.0313685055516473,23,19
"TTC9","ENSG00000133985",-0.243715291148171,0.526755058728216,0.0340324965632829,0.00657967202792512,23,19
"CTIF","ENSG00000134030",-0.161069259536667,0.390768623567329,0.0443323104936599,0.0190044425775163,23,19
"ARL8B","ENSG00000134108",0.148190037506643,0.114955738987527,0.0309187319997477,0.00977594392132429,23,19
"PRPF38B","ENSG00000134186",0.111017518488031,-0.160627875029881,0.0234087351014974,0.0383972518248918,23,19
"REG4","ENSG00000134193",-0.846942079153599,1.16437325604086,0.0278874434143218,0.00978630908626829,14,11
"FKBP11","ENSG00000134285",0.269005149422392,-0.284269065025361,0.0177053633449235,0.0440012004743687,23,19
"NAV1","ENSG00000134369",-0.330454762778356,0.227466892753248,0.00345879050490693,0.039094513302022,23,19
"ANKRD16","ENSG00000134461",-0.420401005750287,0.279977179170971,0.00440915411850078,0.0367297550515474,23,19
"DSC1","ENSG00000134765",1.47155341308913,-2.5971794877283,0.000497426233114675,0.00459521105276527,14,9
"TIMM10","ENSG00000134809",0.204987719445449,-0.199820250116186,0.000104167480175026,0.0342758420848806,23,19
"ARHGAP32","ENSG00000134909",-0.197776439383797,0.306465219127722,0.00231890201537298,0.0136876573336278,23,19
"TMED7","ENSG00000134970",0.328209357641188,-0.140221393023938,3.3666634875772e-05,0.00621168748226588,23,19
"ISCA1","ENSG00000135070",0.205323016464154,-0.22799285409611,0.00126013082130394,9.35230602097516e-05,23,19
"HRK","ENSG00000135116",-0.597261981196336,0.749367060217153,0.0481220713983936,0.0147384166008948,18,14
"P2RX4","ENSG00000135124",-0.206355233049335,0.0791743754501884,2.55196476081233e-08,0.0161560516739722,23,19
"UGT2B28","ENSG00000135226",3.87286449476539,-2.24801998566045,3.77959358464037e-11,0.00320927646909123,14,13
"SYNCRIP","ENSG00000135316",0.129576762741641,-0.191279663501701,0.0148121191743226,0.0124959855479577,23,19
"EHF","ENSG00000135373",0.379455108608756,-0.502376406638534,0.00471131954495953,0.00960175607068162,22,18
"LTV1","ENSG00000135521",0.163526485410438,-0.192541256954976,0.0164356704148864,0.0083346903090424,23,19
"PRADC1","ENSG00000135617",0.286461446015012,-0.24902345045922,0.000296125109185249,0.0238922652041463,23,19
"EMX1","ENSG00000135638",-0.677881936242053,0.62356780777293,0.0334968505563007,0.0319277224839456,9,12
"TAF5L","ENSG00000135801",0.154849678382305,-0.170107330985082,1.84822417934711e-05,0.0275795401681262,23,19
"ITM2C","ENSG00000135916",-0.141986230830684,0.309611241658947,0.0179770543259577,0.0413274067900679,23,19
"NUDT15","ENSG00000136159",0.179602289153402,-0.280142543445346,0.00270794195705348,0.00105656804028721,23,19
"TNS3","ENSG00000136205",0.392793734204644,-0.825573801540139,0.0281534395932003,0.0268503715568647,22,18
"KDELR2","ENSG00000136240",0.339330196249486,-0.166034625631993,0.000108081435164232,0.0115079838925536,23,19
"ZDHHC4","ENSG00000136247",-0.0833171266188493,0.0418745899739294,0.00516942660338727,0.0138289624464796,23,18
"TEX2","ENSG00000136478",0.466846203092612,-0.284693979676732,6.51086564377698e-09,0.000163847978351986,23,19
"IL1RN","ENSG00000136689",-1.22440374629726,1.70059213348469,0.000236273609029207,0.00170511572095762,17,12
"NIPSNAP3A","ENSG00000136783",-0.466989692356177,0.361968212319929,0.000852659722449449,0.0469871090401662,23,19
"RALGPS1","ENSG00000136828",-0.309836930091726,0.435684953895714,0.000162066137345794,0.00605756004910913,23,19
"DAB2IP","ENSG00000136848",-0.241825326754049,0.180549123781616,0.00209961006100646,0.000470605632171472,23,19
"CCN3","ENSG00000136999",-1.31491582770191,1.7997541490425,0.00261725463821817,0.00317256211607302,20,17
"TMEM8B","ENSG00000137103",-0.213292467069297,0.21440358129766,0.00149690574589199,0.006222548741485,23,19
"DENND4C","ENSG00000137145",-0.101149563262042,0.13835238032058,0.02057558293745,0.000102456371785426,23,19
"CNPY3","ENSG00000137161",0.270920777649865,-0.136568718015234,0.000778902470095336,0.00744713924189759,23,19
"KLC4","ENSG00000137171",-0.220546175629084,0.245008677699475,0.00133322480692379,1.95647836873679e-06,23,19
"TMEM14B","ENSG00000137210",0.122067237524236,-0.0774897392378168,0.0229475291472337,0.0433743073222559,23,19
"UQCC2","ENSG00000137288",0.169260110406263,-0.191477186089673,0.0105524571771626,0.0190044425775163,23,19
"DDR1","ENSG00000137332",-0.421818849692243,0.605303450528131,0.0171850994646845,0.0026274430885457,21,17
"VARS2","ENSG00000137411",-0.198467568118216,-0.1395861261154,0.0141217134410525,0.0306932919214356,22,15
"FHDC1","ENSG00000137460",0.554799089611075,-0.373715673043262,5.73836115526693e-06,0.00870033666840642,23,19
"NUMA1","ENSG00000137497",-0.223424081306771,0.156923522786167,0.000476690661235078,0.0139844845549729,23,19
"SYTL2","ENSG00000137501",-0.864304967086837,0.816270503383732,0.000502699433084858,0.00642964269375562,23,19
"RAB30","ENSG00000137502",-0.238793941926946,0.206248437570107,0.00167040752751382,0.00642964269375562,23,19
"SORL1","ENSG00000137642",-0.486823319294814,0.422950327154046,2.42873921398051e-06,0.0254900834772958,22,19
"TRIM29","ENSG00000137699",-0.45042597356333,0.413512631860548,0.0436185653107186,0.0102524901873291,19,19
"POU2F3","ENSG00000137709",-0.564086233743943,0.39274846875782,0.00014616521249915,7.37540947606223e-05,22,17
"ARHGAP20","ENSG00000137727",-0.980285898864399,0.835471719014382,0.000604154470163325,0.00430496744136328,17,13
"MAP2K5","ENSG00000137764",-0.164632248667439,0.163960234788439,0.0167172563577084,0.0141917671492711,23,19
"PAK6","ENSG00000137843",-0.754493513780567,0.552962265562162,8.15818428273926e-05,0.020472570534196,20,17
"DNASE2B","ENSG00000137976",0.976559790570134,-0.410142740671355,5.30198121954404e-05,0.0153292804951696,14,12
"HADHB","ENSG00000138029",-0.167359668855348,0.259446173212623,2.96370448749497e-05,0.026180342102522,23,19
"SLC5A6","ENSG00000138074",0.186647946547929,-0.217530728100755,0.011983117892853,0.00142071085413026,23,19
"SIX3","ENSG00000138083",-0.541079735501725,0.334568709485487,0.0133811527388649,0.0206949908787438,9,12
"DTNB","ENSG00000138101",-0.181434361756726,0.16387886701073,0.00123509190449829,0.011376054258055,23,19
"FAM117B","ENSG00000138439",-0.160675747881715,0.170913785831829,0.0392866659515664,0.0186216870210132,23,19
"ABI2","ENSG00000138443",-0.118842577057858,0.157964770570013,0.000655297217951609,0.00443501131551488,23,19
"COX17","ENSG00000138495",0.255293504683604,-0.146676722943087,0.0140898660282982,0.0091476238447185,23,19
"SHF","ENSG00000138606",-0.328797993146095,0.37767435563099,0.0385946199290941,0.0333247891649882,22,19
"HERC3","ENSG00000138641",1.18946841862403,-0.829304628958423,4.81268654887642e-06,0.00365341276689835,23,19
"HERC5","ENSG00000138646",0.418024423110453,-0.344428849763073,0.00026222074725799,0.0198079398439078,23,19
"FRAS1","ENSG00000138759",-0.615771897333299,0.89845944268043,0.00140636427890085,0.0457193037708623,21,17
"CCNG2","ENSG00000138764",-0.497958717443604,0.294820335498027,0.000179988151610477,0.0119059405121396,23,19
"SHROOM3","ENSG00000138771",0.599922543596374,-0.287970597820931,9.37071353901904e-05,0.0480847654005099,23,19
"YARS2","ENSG00000139131",0.194177742017272,-0.178744150583316,3.28478181970654e-06,0.0226326324448044,23,19
"FGD4","ENSG00000139132",0.686367871809015,-0.224973611332395,0.000128848162962826,0.032092518283789,23,19
"AEBP2","ENSG00000139154",-0.107539577498183,0.159419053278743,0.00560821980150718,0.015020203338423,23,19
"CLSTN3","ENSG00000139182",-0.465680856873014,0.500540132847059,1.17764655412114e-05,0.00192093024296073,23,19
"RBP5","ENSG00000139194",-0.601757492775442,0.918340886183564,4.49840162731792e-13,0.0128913835505409,18,12
"SLC38A4","ENSG00000139209",4.14698700364549,-4.23158490213535,1.13327669696623e-08,0.000751006235525897,19,12
"AMIGO2","ENSG00000139211",-1.65047305076738,1.46638426572662,1.10963257633642e-07,0.000371038088576115,22,19
"LLPH","ENSG00000139233",0.168571380109957,-0.150575724823018,0.000212271391202419,0.0179650018558779,23,19
"NUP58","ENSG00000139496",0.373280165271194,-0.190349500790039,6.20047719668251e-06,0.0249771333047226,23,19
"ZNF740","ENSG00000139651",-0.117318647025867,0.0905871732220164,0.0236940887974505,0.047435442392453,23,19
"MBNL2","ENSG00000139793",-0.261437165790124,0.567321040285715,0.00884134132846243,0.0273975259606967,22,16
"FRMD6","ENSG00000139926",-0.370241993142764,0.364812085777514,0.00451009635457097,2.01209710483747e-05,23,19
"PELI2","ENSG00000139946",-0.625601636127164,0.458972701243321,0.000245238779841789,0.0360843223333364,21,18
"NIPA2","ENSG00000140157",0.346926716036376,-0.174349718162125,5.29125384669372e-06,0.0170996102104115,23,19
"SLC12A6","ENSG00000140199",-0.187479218671843,0.338565947198946,0.0448372398207528,2.5564254830172e-06,23,19
"SORD","ENSG00000140263",0.990023177821154,-0.364804927377133,4.42707504157304e-07,0.0277811616770021,23,19
"TLE3","ENSG00000140332",-0.476001794172171,0.269926468868123,0.000196167705295189,0.0339992513015888,23,19
"NCOA2","ENSG00000140396",-0.255145663463012,0.253041810806857,0.00027086447674416,0.0230977680579486,23,19
"IGF1R","ENSG00000140443",0.868922928610955,-0.77517209813638,0.0018052306668452,0.0138289624464796,23,19
"CYP11A1","ENSG00000140459",2.26130567675582,-1.79360498530795,4.15492422696691e-06,0.0167109969828491,10,8
"POLG","ENSG00000140521",0.104370647879545,-0.099900139146862,0.00485306221928936,0.0426187932906991,23,19
"TXNL4B","ENSG00000140830",0.25769961575704,-0.170727931181209,9.23129417243383e-07,0.00916332116406001,23,19
"KSR1","ENSG00000141068",-0.376572572357472,0.571061987889712,0.00501565088490502,0.0121164106283586,21,19
"SCRN2","ENSG00000141295",-0.165245574100578,0.180348979320123,0.0202212678616075,0.0377752267989861,23,19
"ARSG","ENSG00000141337",0.498650420740062,-0.31414246553008,0.0117590553706,0.00979366793283548,23,19
"PTRH2","ENSG00000141378",0.31663677398204,-0.265722963882074,0.000160289090179611,0.00203380206409721,23,19
"CCDC40","ENSG00000141519",0.286992656345391,-0.372665707559742,0.0179668696819322,1.28748289879688e-08,23,19
"ZCCHC2","ENSG00000141664",0.280275428081862,-0.238175758487116,4.61858263499362e-05,0.0158047244574864,23,19
"CBLN2","ENSG00000141668",-1.42503185499498,0.785984350248458,3.0605698408823e-06,0.0487400439711108,17,16
"ERBB2","ENSG00000141736",-0.404675421103161,0.310268017409022,0.00025769011595688,0.00915272393396592,23,19
"PLPP2","ENSG00000141934",-0.220601659070781,0.275272150093944,0.030142309176943,0.0184535752508087,23,19
"TRPM2","ENSG00000142185",0.278406854307246,-0.201139757363159,0.00883661376351041,0.00347103111560953,20,19
"ERVK3-1","ENSG00000142396",0.416812126107418,-0.256700996195532,7.53001093568223e-05,0.00170511572095762,23,19
"ACP4","ENSG00000142513",0.845216385423289,-0.783456968753007,0.0337540013882857,0.00138015183345591,12,15
"KLK3","ENSG00000142515",2.26707723818898,-1.59987238717332,7.21285191715033e-06,0.000306022298567628,14,15
"ZNF614","ENSG00000142556",0.209609011722582,-0.238955761175733,0.0225537322309662,0.00703940993501892,23,19
"IGSF3","ENSG00000143061",-0.513544034901883,0.405936025974074,2.07757446951492e-06,0.00188898041027988,23,19
"CTTNBP2NL","ENSG00000143079",-0.250226035107192,0.285098796120915,0.000349802324756447,0.00148584009509334,23,19
"MPC2","ENSG00000143158",0.950848236187816,-0.556369331665239,2.42400564867576e-08,0.00652353875250294,23,19
"DCAF6","ENSG00000143164",0.437836050498611,-0.296662560176945,1.47941058822704e-05,0.00253872184941823,23,19
"UCK2","ENSG00000143179",0.182492901868679,-0.219200579634495,0.0399473731536959,0.037623019061662,23,19
"LYPLAL1","ENSG00000143353",0.300982639459298,-0.213390664608877,0.0164276805502641,0.0105246287802116,23,19
"LHX9","ENSG00000143355",-1.1064052237555,0.890019041077306,0.00593140363572958,0.0313685055516473,12,11
"ZNF687","ENSG00000143373",-0.127254708622838,0.157054561588783,0.0335078183528379,0.00867308200165724,23,19
"ADAMTSL4","ENSG00000143382",-0.352063710536105,0.40942505314765,0.0167362984283123,0.0223504099543374,22,18
"CTSK","ENSG00000143387",-0.271593252977756,0.263379942483828,0.0183411122487007,0.00164686996331705,23,19
"PIP5K1A","ENSG00000143398",0.144679644943133,-0.0522501491583666,0.0125649788844448,0.0359503496335957,23,19
"ARNT","ENSG00000143437",-0.119541204107419,0.137422065148805,0.00933991472886387,0.0102902093773226,23,19
"ILF2","ENSG00000143621",0.13246039166219,-0.157249379356443,0.000223271973374111,0.0307414279770202,23,19
"MBOAT2","ENSG00000143797",1.38163039915492,-1.11442949234504,1.10963257633642e-07,0.00164694967685958,23,19
"ASXL2","ENSG00000143970",-0.107091435465321,0.156394186353697,0.0207576337045804,0.0131544091187358,23,19
"SNRPG","ENSG00000143977",0.162219922210091,-0.179707618125731,0.000308052856169487,0.0326068063189165,23,19
"TPRKB","ENSG00000144034",0.168473375146317,-0.171201626513506,0.00195546498768225,0.0115766244521268,23,19
"THNSL2","ENSG00000144115",-0.148050960245744,0.128930867080623,0.00056644877456563,0.0455262466416315,22,18
"RALB","ENSG00000144118",-0.222526581555703,0.349861343574742,0.00115582976545799,0.0031061671755423,23,19
"FBLN7","ENSG00000144152",-0.530925694477574,0.718736414490017,3.54052965887063e-05,0.0108721216453194,20,15
"AFF3","ENSG00000144218",1.34129370872359,-0.983234876452456,3.37748310981588e-05,0.0171589312073472,22,19
"POLR2D","ENSG00000144231",0.118959759071234,-0.17541051825889,0.0184669684090655,0.00666043319642053,23,19
"PKP4","ENSG00000144283",-0.2461096886078,0.223589671256061,0.0137973083004274,0.0440465487170907,23,19
"ZNF385B","ENSG00000144331",0.738566558143907,-0.907424475122431,0.0266705781511643,0.00536288431866107,20,18
"DLX1","ENSG00000144355",1.31329303402688,-1.13424433431803,4.74334272499942e-05,0.00317256211607302,23,18
"KANSL1L","ENSG00000144445",0.272827989881875,-0.323819771831796,0.00266385123979601,0.00553962428154199,23,19
"ABCA12","ENSG00000144452",-0.489622942225216,0.508275748066972,0.0298861712875963,0.00498198916027773,22,15
"SUMF1","ENSG00000144455",-0.143586394677711,0.167315887310043,0.0025225064654849,0.0396288909959907,23,19
"ACKR3","ENSG00000144476",-0.846700855826615,0.728827094363175,0.0090283672267474,0.0423973921379076,19,17
"TRPM8","ENSG00000144481",1.83074817810148,-1.99910366450301,0.00051006345794245,0.0269624640724711,16,14
"VGLL4","ENSG00000144560",-0.339285605485713,0.271556827573221,0.00116702002519283,0.00143589407455795,23,19
"CNOT9","ENSG00000144580",0.0762225538251146,-0.140953964005952,0.0346885738316568,0.00443501131551488,23,19
"DYNC1LI1","ENSG00000144635",0.219080730467805,-0.112399271150648,0.000282666073311746,0.0163390162634217,23,19
"ACKR2","ENSG00000144648",-0.296645479559678,0.21132654996104,0.0155401392222951,0.0122967564319297,21,16
"STAC","ENSG00000144681",-0.931214957911864,1.69816593303172,0.0237610855238323,0.026541025653811,14,11
"ARL6IP5","ENSG00000144746",-0.185605297313311,0.212792908330781,0.00948819168618944,0.0331272829243234,23,19
"LIMD1","ENSG00000144791",0.120874901650187,-0.16708593428624,0.0261149383116271,0.000142582220872922,23,19
"PLA1A","ENSG00000144837",0.888381184238212,-0.963195362362828,0.000637592077757617,0.0152400782733734,12,13
"SRPRB","ENSG00000144867",0.318247952632066,-0.190130201905454,1.91309588113518e-06,0.00739114651998212,23,19
"DCAF1","ENSG00000145041",0.0951814513774485,-0.120347981218248,0.0466935918032556,7.22992751191149e-06,23,19
"STXBP5L","ENSG00000145087",-0.764947973782766,0.518959564302242,9.41557065096e-08,0.0173786188034566,21,17
"EAF2","ENSG00000145088",1.7138649533736,-0.971984404425572,8.30723739168262e-08,0.00387288629884935,23,17
"ENOPH1","ENSG00000145293",0.162534398477827,-0.09921208694782,0.000670249357459674,0.00231717097026184,23,19
"PYURF","ENSG00000145337",0.221189651520669,-0.151710382283074,3.2368815266649e-11,0.00685683793569168,23,19
"OTULINL","ENSG00000145569",1.46662445838137,-0.602896246775307,8.16649497673149e-06,0.0493682267115875,23,19
"SSBP2","ENSG00000145687",-0.447009614589861,0.459532870315249,0.000414184273377242,0.0102359245980065,23,19
"IQGAP2","ENSG00000145703",0.903612773496979,-0.874524961131596,0.000161109100370357,0.0148010421910838,22,18
"PAM","ENSG00000145730",-0.19854897131256,0.487994859036354,0.000521404622132238,0.00254308158637464,23,19
"TNFAIP8","ENSG00000145779",1.00415670659498,-0.590566791046268,9.90523021522853e-05,0.0187994376932652,23,19
"FBXO38","ENSG00000145868",0.342461724197929,-0.265920164158705,0.0102094282091963,0.0170252254524502,23,19
"N4BP3","ENSG00000145911",-0.427210933004526,0.36369594432434,3.52214892003985e-05,0.0134686970331825,23,19
"TTBK1","ENSG00000146216",-0.711160221832051,0.562831848882982,0.0490634651969041,0.0493060522667909,17,14
"SDK1","ENSG00000146555",1.12158919275346,-0.372235861075289,0.001452372858704,0.0101334891447007,19,17
"SSC4D","ENSG00000146700",-0.423130650858785,0.129625771152331,0.000470692845000096,0.0265429343848394,22,18
"EPHA1","ENSG00000146904",-0.191485155423015,0.262430213814562,0.030142309176943,0.00971136822367362,21,18
"NLGN4X","ENSG00000146938",-0.408972824366632,0.273758217891791,1.2468021503262e-05,0.0176374353582215,14,12
"LUC7L2","ENSG00000146963",0.100712445160804,-0.112645752381389,0.0373549961092783,0.0138448243239523,23,19
"SYTL5","ENSG00000147041",-0.893723554919847,0.69693316096189,0.0318837036722149,0.00795001929093817,16,16
"DIPK2B","ENSG00000147113",-0.908976855659293,1.37167520025829,0.0223494583116968,0.0281511669963258,15,12
"ZMYM3","ENSG00000147130",-0.159780236209095,0.136320952876827,0.00381625069376419,0.0152373013241151,23,19
"HTR2C","ENSG00000147246",-0.344826990023457,0.363073315945371,0.00504194205193814,0.0477632207618625,11,13
"MCPH1","ENSG00000147316",0.219021822883939,-0.132959839153363,3.62742900946554e-05,0.041448317806202,23,19
"SLC25A37","ENSG00000147454",0.365099979360342,-0.283686623826683,2.0246159646066e-05,0.00759980369001884,23,19
"PLPP5","ENSG00000147535",0.421600631516087,-0.389966941600324,0.00269176120240083,0.00162280623964338,23,19
"MTDH","ENSG00000147649",0.174091011229469,-0.115825958439594,0.000229710686730197,0.0420022005609623,23,19
"FBXO10","ENSG00000147912",-0.184406059585447,0.121974230783267,0.0134406646358159,8.32100762380147e-05,23,19
"MFSD14B","ENSG00000148110",0.213714918232271,-0.12815874329154,1.77395031338855e-05,0.00724325005265791,23,19
"ZNF462","ENSG00000148143",-0.352327465254869,0.309729968685848,9.83607653746916e-07,0.0424096238122297,23,19
"INIP","ENSG00000148153",0.150250029105184,-0.12726363591128,0.00247030302369827,0.00303586887755765,23,19
"SH3GLB2","ENSG00000148341",-0.166104183226084,0.179989424053037,2.69620416460345e-07,0.00488243750878126,23,19
"ST8SIA6","ENSG00000148488",0.641245157802748,-0.460613552397606,0.0321732425595618,0.0418158413843301,14,10
"ADD3","ENSG00000148700",-0.368043886270674,0.3759767443562,0.0418658326536289,0.00536656836935996,22,19
"TCF7L2","ENSG00000148737",-0.155302948205409,0.243459666986434,0.0226210615141846,0.0153388970444264,23,19
"CNNM2","ENSG00000148842",-0.18816682617856,0.222356978217205,0.031703980362223,9.26681413061577e-06,23,19
"APIP","ENSG00000149089",0.541266553518577,-0.203614891509578,3.2368815266649e-11,0.00114953361903744,23,19
"SLC43A1","ENSG00000149150",1.11909855699084,-0.589491828679658,3.40236877078753e-10,0.0459650847661591,22,19
"PTPRJ","ENSG00000149177",0.50788746851805,-0.310297803128235,1.2258394065312e-07,0.0385286099524644,23,19
"ENDOD1","ENSG00000149218",0.66591837720287,-0.51407261349456,0.000901776871974158,0.0155082472224684,23,19
"PAK1","ENSG00000149269",-0.336721584840189,0.323923444607539,0.00108982659067446,0.041448317806202,23,19
"TTC12","ENSG00000149292",0.222655724060547,-0.154819802399032,0.0125794631491659,0.0196897376321662,23,19
"GLB1L2","ENSG00000149328",0.347604417083341,-0.325689441350207,0.0127823316038024,0.0439436536990266,20,18
"TKFC","ENSG00000149476",-0.152734869608675,-0.0657907328457285,0.0220019143294101,0.0426517184459095,23,19
"CPSF7","ENSG00000149532",0.194954038053644,-0.161868703671409,8.36818987125753e-05,0.00465076645843428,23,19
"CCDC15","ENSG00000149548",0.300428840064518,-0.326473553228391,0.0281524365913738,0.0249743180778892,23,19
"DUSP15","ENSG00000149599",-0.484232259321403,1.03616972818417,0.0451222090519325,0.00382583099938053,18,14
"LSM14B","ENSG00000149657",-0.0924163730380392,0.0931018357412188,0.010990016403023,0.0104258705235333,23,19
"YTHDF1","ENSG00000149658",0.13992406300739,-0.0773397370510233,0.00634166199711451,0.00667434919955904,23,19
"TM7SF2","ENSG00000149809",-0.275835292857195,0.353427282247067,0.0303300279118298,0.0220341597774412,23,19
"CNKSR2","ENSG00000149970",0.556489290198242,-0.647988166874625,0.0042287558281234,0.0018001529771069,21,18
"LYPD6B","ENSG00000150556",-1.09550036173358,1.10015240057024,1.96592251669436e-06,0.0352593896880645,22,16
"CCDC83","ENSG00000150676",-1.71131153909384,1.37195435313061,7.71824790629608e-07,0.0192283575725874,11,11
"PRSS23","ENSG00000150687",-0.565347739241217,0.491839106062882,0.0217691167431908,0.0230652401202752,23,19
"C11orf53","ENSG00000150750",-1.99451098505292,0.856936853236064,0.00769649950476315,9.03773544459068e-06,3,6
"ATPSCKMT","ENSG00000150756",0.135231115137196,-0.136563724966723,0.00175265652100635,0.00455480888209282,23,19
"DCP1B","ENSG00000151065",-0.172450349621689,0.111932738886561,0.00113440815733354,0.0299325027947653,23,19
"TEX30","ENSG00000151287",0.222907234983487,-0.279088495664595,0.0105954461124659,0.0497406696294915,23,19
"ANKRD50","ENSG00000151458",-0.280471916329341,0.304071555647911,6.31197343527043e-08,2.62615583655745e-05,23,19
"EPS8","ENSG00000151491",-0.342012163094182,0.188498489929214,0.00136395549340687,0.0274403132947603,23,19
"NCAPD3","ENSG00000151503",1.1932034367251,-0.380319845207522,0.0148819921595189,0.0433743073222559,23,19
"MMAA","ENSG00000151611",0.328965580762663,-0.180852358352625,0.00236234319323743,0.0493776214130035,23,19
"ASAP2","ENSG00000151693",-0.270831810713952,0.222095014752287,0.0153148664426868,0.00795001929093817,23,19
"RABGAP1L","ENSG00000152061",-0.111775648357887,0.150072180960312,0.0234133296512842,0.0138289624464796,23,19
"TUBA3E","ENSG00000152086",2.51116544371677,-1.97089402397765,8.16649497673149e-06,0.00011316499251331,17,12
"PTPN14","ENSG00000152104",-0.272497240118811,0.182347735938856,0.00661387966962991,0.0399299715161713,23,19
"TMEM163","ENSG00000152128",-0.519759140912593,0.190429142186131,0.000749296631935346,0.0100787132408263,12,9
"GPATCH11","ENSG00000152133",0.15421895546786,-0.123686847745739,0.00836289284824437,0.0493096512596176,23,19
"FAM151B","ENSG00000152380",0.350193626593772,-0.404705533024746,0.018219177258193,0.0274403132947603,23,17
"TRIM36","ENSG00000152503",0.762050123623164,-0.471056752682513,5.97161533429496e-08,0.00279293087139903,23,19
"SLC30A6","ENSG00000152683",0.128356723419825,-0.108061068001342,0.00527849814904963,0.0364195699694679,23,19
"GPR180","ENSG00000152749",0.180027119831594,-0.286399447048936,0.00769649950476315,0.0124753049343348,23,19
"MR1","ENSG00000153029",-0.241296937410758,0.36903931250993,0.0124108500828086,0.0202937017611426,23,19
"SRP19","ENSG00000153037",0.382683774929094,-0.1170623165354,3.13271035171833e-07,0.0162310337386969,23,19
"RASSF3","ENSG00000153179",0.410055564802783,-0.6151187161268,0.00827143114572076,0.00147587618650701,23,19
"AHCTF1","ENSG00000153207",0.125255667494352,-0.151050818822375,0.0331042498916913,0.000686044633659282,23,19
"NR4A2","ENSG00000153234",-0.620618251949448,0.588561255679479,0.0236465196624241,0.0194937316945201,23,18
"UBP1","ENSG00000153560",-0.142297302860765,0.124797827499761,0.0193274123720873,0.0207186290145432,23,19
"RPIA","ENSG00000153574",0.155789807764879,-0.120616185676874,0.0487586831628403,0.0192641282925031,23,19
"CMIP","ENSG00000153815",-0.151934698621934,0.290415306014124,0.0144342815744724,4.87782276633316e-05,23,19
"NUS1","ENSG00000153989",0.153654721450452,-0.1251388756016,0.0134647841593771,0.00504188387633279,23,19
"TBCEL","ENSG00000154114",0.231551268079382,-0.115414298649186,0.00244745035525756,0.0480805605302284,23,19
"ANKH","ENSG00000154122",0.70626969030387,-0.347830235673598,0.000301384720253992,0.0410893645040345,23,19
"OTULIN","ENSG00000154124",0.533298676969146,-0.36676198839183,9.51958097640304e-06,0.0149730781355934,23,19
"TBRG1","ENSG00000154144",0.833168240706419,-0.442919454875149,1.07184018547801e-05,0.019628082101868,23,19
"PITPNC1","ENSG00000154217",-0.193125847457312,0.162125033016795,0.0430130483993072,0.0341464427741952,23,19
"TNIK","ENSG00000154310",-0.400217013284866,0.432657787475816,0.0015795803620452,0.00664465134964256,22,19
"BUB3","ENSG00000154473",0.0990134752316554,-0.188290785467131,0.025810430135814,0.00101952623210217,23,19
"NCAM2","ENSG00000154654",-0.619161741357762,0.401180412149376,0.000315717352708797,0.000461213359087668,22,18
"USP43","ENSG00000154914",0.541725519025989,-0.301320758876716,0.000310805161085315,0.0206273992630643,22,19
"RAB6B","ENSG00000154917",-0.320530044950074,0.272872004723089,3.13084319692116e-05,0.0253287825086194,23,19
"VOPP1","ENSG00000154978",-0.293820494981034,0.263853044702554,5.54077301684546e-05,0.0490620201422848,23,19
"PTPRN2","ENSG00000155093",0.623986400329664,-0.178774867781639,0.011011239491762,0.0493096512596176,18,16
"OTUD6B","ENSG00000155100",0.281128434568191,-0.267388117522158,1.50598562243915e-05,0.0337440391024239,23,19
"SETD9","ENSG00000155542",0.130664144982557,-0.224355807914237,0.0273598841033825,0.0011088992482798,23,19
"TTN","ENSG00000155657",0.5360692220265,-0.523653970100013,0.0492394042545176,0.00642964269375562,23,19
"PDIA4","ENSG00000155660",0.274892729442473,-0.168626022961317,0.0363423451528258,0.017805502265307,23,19
"FZD7","ENSG00000155760",-0.323165812868312,0.587781462984251,0.0207099854661602,0.000515965463054735,23,19
"DEPTOR","ENSG00000155792",-0.412860917462092,0.367549658264061,0.0235446739078922,0.0164142667064425,23,18
"SLC26A2","ENSG00000155850",0.681125777457847,-0.265158236299658,0.00740885996071915,0.0426865326854847,23,19
"MCU","ENSG00000156026",-0.189470637556936,0.136891783119546,0.000249936436869355,0.00943982408283254,23,19
"FAM161B","ENSG00000156050",-0.237540224024872,0.288074415233635,0.000126116480263235,0.00575269950929412,23,19
"KCNMA1","ENSG00000156113",1.26425914163502,-0.772914436056132,3.03820698519859e-06,0.0316696316350038,22,19
"CLDN8","ENSG00000156284",1.93463693982481,-0.613807945063203,1.40700128974327e-06,0.0161962131196487,18,18
"TSPAN7","ENSG00000156298",-0.567859925172558,1.17607351104301,0.0311141381402616,0.0153909418592739,19,17
"ZFAND3","ENSG00000156639",0.193178160348322,0.28290331385323,0.0180501152175076,0.0119059405121396,23,19
"NPTN","ENSG00000156642",-0.169931308787871,0.317866369069033,0.000731385728736278,0.022279958993186,23,19
"GLYATL2","ENSG00000156689",0.573545107779459,-0.469496844694337,0.0108741341046212,0.0011529763831709,14,15
"NTAQ1","ENSG00000156795",0.520649589876623,-0.206609813707463,2.14210362531862e-09,0.0349842570181574,23,19
"ATAD2","ENSG00000156802",0.728393349676586,-0.609993459239448,5.30056270945806e-06,0.0148059048488803,23,19
"SSBP3","ENSG00000157216",-0.365563992136328,0.238042259720414,5.32447306822522e-12,0.0403216698757386,23,19
"ARMC12","ENSG00000157343",1.36763502252451,-0.733891602155501,0.000119308459431249,0.00667433337532154,20,17
"TMEM268","ENSG00000157693",0.372934128348503,-0.225674574398654,3.77011741391283e-06,0.00394294052180611,23,19
"SPPL3","ENSG00000157837",-0.0881349268304186,0.0953904824402522,0.000100944714459866,0.033017043283442,23,19
"RAB28","ENSG00000157869",0.207264970373748,-0.131473960578226,0.00040903931103834,0.0440086038019596,23,19
"PEX10","ENSG00000157911",0.563903504822746,-0.59634573159692,0.000801545804197941,0.00598421317733504,23,19
"RER1","ENSG00000157916",0.201048788177321,-0.11894694044869,9.89477272302183e-05,0.00600495111329954,23,19
"EXTL1","ENSG00000158008",-0.846105884203724,0.951887063069843,0.0001298090378844,0.0346739533158583,18,11
"MRPL17","ENSG00000158042",0.165279404497789,-0.194360845667325,0.00996054596245683,0.00642964269375562,23,19
"COLEC12","ENSG00000158270",-0.831751480070977,0.851226749211316,0.000502699433084858,0.010616934542845,22,17
"RIBC1","ENSG00000158423",-0.288172650366274,0.197727326342447,0.0140979193524612,0.0205829913438164,22,16
"PFKFB1","ENSG00000158571",0.313972118383057,-0.348042035444621,0.003945305085259,0.0128374962627778,18,15
"GPAT4","ENSG00000158669",0.141738992354213,-0.123943372644164,0.0247728507770108,0.00759027516161107,23,19
"ELK4","ENSG00000158711",0.522743547024196,-0.454211995618132,0.000110975144624431,0.00265412344005132,23,19
"SLC45A3","ENSG00000158715",1.43785276246861,-1.34322288725075,8.15818428273926e-05,0.0116722918038306,23,19
"DMTN","ENSG00000158856",-0.195505979067053,0.320607103908495,0.017993368235221,0.00437111253325376,22,18
"CACHD1","ENSG00000158966",-0.839690985834939,0.74806216478936,3.37180704306617e-05,0.0044330677190378,20,17
"ALG8","ENSG00000159063",0.183464326961711,-0.204774516352486,0.000205937896158352,0.00751806368374557,23,19
"CFAP298","ENSG00000159079",0.212238808819598,-0.122433758113839,0.000252217903446925,0.0307971007319899,23,19
"SYNJ1","ENSG00000159082",0.452535561848973,-0.214162753934125,0.000321713004664532,0.00800487359454568,23,19
"IFNGR2","ENSG00000159128",-0.155543146457779,0.219325076018214,0.018219177258193,0.0191921612893417,23,19
"ARHGAP27","ENSG00000159314",-0.318370950084526,0.432556055041034,0.0131258140830238,0.0434182005663883,23,19
"ADPGK","ENSG00000159322",0.263729803957636,-0.219798631317769,0.00256496866572516,0.00168211604788409,23,19
"BTG2","ENSG00000159388",-0.486539958357525,0.52297352475503,4.80959333447155e-06,0.000958069874108089,23,19
"C1R","ENSG00000159403",-0.585731638632836,0.594832600074197,0.000384122041188791,0.0274403132947603,23,18
"ALDH4A1","ENSG00000159423",0.377600574891068,-0.18883549656155,0.0111042076995829,0.034404961520586,23,19
"FAM131B","ENSG00000159784",-1.58241432472949,1.22294124510844,0.000323667540775823,0.00642964269375562,13,10
"GNE","ENSG00000159921",0.447573352356651,-0.142904526388942,0.0107980297758577,0.0200631738182638,17,16
"ARHGAP35","ENSG00000160007",-0.13721094149709,0.285956501543254,0.0149950017315461,0.00922098969359095,23,19
"ABCG1","ENSG00000160179",-0.527061854275439,0.610170494122742,0.00581359771546311,0.00229301344542373,23,18
"PDE9A","ENSG00000160191",0.312540028767059,-0.417765790274985,0.0484587512596342,0.0103976363766762,22,18
"U2AF1","ENSG00000160201",0.11015997466881,-0.124357097853663,0.000847435517848246,0.00204443105796183,23,19
"ITGB2","ENSG00000160255",-0.331191179059965,0.496951456603538,0.0222036354942667,0.00394488608821689,18,17
"AZGP1","ENSG00000160862",1.3460822140993,-0.898533832665821,9.42548661296078e-05,0.00218808897003094,19,17
"FOXH1","ENSG00000160973",-0.312014543305332,0.410321931740585,0.00363639780115185,0.01736082875046,18,14
"THAP8","ENSG00000161277",-0.210277799186151,0.261454112821831,2.79330130090504e-07,0.00170511572095762,23,19
"PGAP3","ENSG00000161395",-0.183109834102816,0.135564400229683,0.00016706993311713,0.0199420677820846,23,19
"ZNF385A","ENSG00000161642",-0.27488115310633,0.291545699774045,0.00902171430424369,0.000167533920519232,23,19
"LARP4","ENSG00000161813",0.233892612286059,-0.15881443064079,0.000144065557536273,0.00740807011677019,23,19
"SSTR5","ENSG00000162009",-1.03221429297391,0.795369748384405,0.000111029758390263,0.00909338376497151,15,13
"ASRGL1","ENSG00000162174",0.909506191510732,-0.826435458495163,1.5559754962005e-05,0.0125954232403269,22,19
"CZIB","ENSG00000162384",-0.107079473717782,0.0527657020498325,0.0142873270437195,0.00937659202166546,23,19
"ZSWIM5","ENSG00000162415",-0.349794986534835,0.471814418949611,0.000414184273377242,0.010616934542845,23,18
"AK4","ENSG00000162433",0.402536310624455,-0.244802706071976,9.26631436839812e-06,0.0472564309829263,23,19
"RAVER2","ENSG00000162437",-0.276927906263387,0.176512911772282,0.00044790594651705,0.0473999323461469,23,19
"CAMK2N1","ENSG00000162545",-0.801722184773788,1.25204364343044,0.00397005822588034,0.0156791783115002,23,19
"WNT4","ENSG00000162552",-0.714445457423596,0.680664632635791,0.00190088480200946,0.0107550030388988,19,16
"EXTL2","ENSG00000162694",0.354322103021563,-0.516275561660255,0.00145934829047376,0.000976772456137921,23,19
"SLC30A7","ENSG00000162695",0.329488163413008,-0.187958536670882,9.4719323431101e-05,0.0108676741987153,23,19
"BROX","ENSG00000162819",-0.161347308465591,0.290295628760877,0.0237002897510403,0.0215150282246998,23,19
"NOSTRIN","ENSG00000163072",0.604356454016487,-0.499791092370581,0.00230164683834909,0.0426517184459095,20,15
"PDLIM5","ENSG00000163110",0.440779377434723,-0.368969056716439,0.00682798328930266,0.0101788873307065,23,19
"RPRD2","ENSG00000163125",-0.0823443727815416,0.117466598862432,0.0122322168366631,0.00264740797115221,23,19
"BOLA3","ENSG00000163170",0.171198550006285,-0.1954642975542,0.000902543540643329,0.0153864365048136,23,19
"CDC42EP3","ENSG00000163171",0.490625692684211,-0.482176454952821,0.0265529493481169,0.0378295456947385,23,19
"ALPG","ENSG00000163286",-0.55500502629141,0.290070140034404,0.00306626036605996,0.0233999603876024,3,2
"PBXIP1","ENSG00000163346",-0.32743804153992,0.355843066643566,0.000899944996660449,0.00902133138362293,23,19
"TAFA4","ENSG00000163377",0.776534246811774,-0.724859034657011,0.000781317059508036,0.0101788873307065,13,10
"EOGT","ENSG00000163378",0.131425842754866,-0.168175349145427,0.00973311202398252,0.00320445672306799,23,19
"SLC15A2","ENSG00000163406",1.56943866367368,-0.909941850269783,1.398126321231e-08,0.0153308037211827,23,18
"EIF4E3","ENSG00000163412",-0.337589415451363,0.470647747151169,0.00200895610572021,0.00846310219870054,23,19
"ELF3","ENSG00000163435",-0.336580774364094,0.783644233162358,0.0442721785867087,0.000142582220872922,22,19
"TMEM79","ENSG00000163472",0.568014498287476,-0.353285316059498,0.00708632510449206,0.0155318588549542,23,19
"CCDC141","ENSG00000163492",2.85888157953107,-2.24674433655338,1.07666994378299e-07,0.00814421200641472,20,16
"HDAC11","ENSG00000163517",-0.24428049015353,0.196852181905093,0.0259107998671436,0.0351859492594221,23,19
"FBLN2","ENSG00000163520",-0.500323429947399,0.600987420378428,0.0237251427911896,0.032943765449933,17,17
"CHCHD4","ENSG00000163528",0.226305970572924,-0.258547076288577,0.00485306221928936,0.0120762127415064,23,19
"NFASC","ENSG00000163531",-0.29327113906451,0.472479442228465,0.0295671549848728,0.0284083523000114,20,18
"NKX6-1","ENSG00000163623",-0.480753118638495,0.589058063121382,0.0163335220723825,0.00705562799575768,17,16
"COX18","ENSG00000163626",0.282176612870037,-0.24444370687435,0.00052790043076621,0.0026982852335198,23,19
"PSMD6","ENSG00000163636",0.206076312533089,-0.0798418918625604,7.11411169482629e-07,0.0484276592599722,23,19
"SMIM14","ENSG00000163683",0.217647514099875,0.192292943736646,0.0265116973337878,0.0131544091187358,23,19
"PRRT3","ENSG00000163704",-0.364241258332242,0.199174634928298,0.000134729270757891,0.0411136128334052,23,19
"TM4SF18","ENSG00000163762",1.59262378846944,-1.48022791691618,0.00643076190457465,0.00648208854019666,13,14
"SLC6A20","ENSG00000163817",-1.22308816785703,0.888022542554836,0.00271570215179544,0.0138223237429927,19,14
"KLF15","ENSG00000163884",0.901295967572159,-0.321783647321515,7.46591369478294e-11,0.0437051111165291,23,18
"SLBP","ENSG00000163950",0.162821702200756,-0.274960203011431,0.0141447018094663,0.00317256211607302,23,19
"METAP1","ENSG00000164024",0.14504779399969,-0.244409012543428,0.0168952515285608,0.0116557367624793,23,19
"H2AZ1","ENSG00000164032",0.325592005392647,-0.295341258196496,6.91985716626091e-05,0.0217154366796599,23,19
"ZNF589","ENSG00000164048",0.27178999552791,-0.279946688922365,0.0110327431790281,0.00946705248705676,23,19
"TEX264","ENSG00000164081",0.141149906106066,-0.165947436109108,0.00924503822780032,0.0254767504467206,23,19
"PPM1M","ENSG00000164088",-0.249804531787862,0.250296636276481,2.34594028694115e-05,0.0204305155261735,23,19
"ETNPPL","ENSG00000164089",-1.06329881189375,0.633380423257223,2.07913497400832e-05,0.0144219061655942,14,10
"SAP30","ENSG00000164105",0.396585412949941,-0.292589165964602,7.95274179216263e-05,0.0210179341768568,23,19
"MAP9","ENSG00000164114",0.405269326585275,-0.339184041007811,0.00173922377629027,0.0206949908787438,22,19
"GUCY1A1","ENSG00000164116",0.559010124709586,-0.454723421441626,0.00010290667049243,0.00833824015262321,21,19
"HPGD","ENSG00000164120",2.89341704300427,-2.31059821051853,7.12587320979647e-05,0.00717153907439536,18,12
"TMEM144","ENSG00000164124",-0.494813878608986,0.344310895660414,0.00343076196539854,0.0492918391974755,23,19
"GASK1B","ENSG00000164125",-1.14398996582336,0.534964085713362,5.43910012189401e-07,0.0478112150127658,21,19
"FHIP1A","ENSG00000164142",-0.108682264704013,0.206364226835421,0.0088973277668004,0.00313890840797956,23,19
"ELOVL7","ENSG00000164181",1.17757986465058,-0.843499630726659,7.70494026064686e-06,0.0493776214130035,23,19
"PRRC1","ENSG00000164244",0.20661254938077,-0.209415511216377,0.000511152068824687,0.0059361972499937,23,19
"F2RL1","ENSG00000164251",0.480478480114688,-0.314464676565714,0.000502699433084858,0.044548979890347,23,19
"CFAP97","ENSG00000164323",0.137250811873003,-0.191195301631347,0.0247560943209063,0.0230225078861358,23,19
"CARTPT","ENSG00000164326",1.69451548650258,-0.842901244042731,7.43640618188724e-09,0.029431428453004,11,9
"UTP15","ENSG00000164338",0.255222872919352,-0.243423603602561,0.000141965351619412,0.000716821763616292,23,19
"GRIK2","ENSG00000164418",-0.404829503105823,0.520226242499933,0.0377173814623959,0.0493776214130035,22,16
"PDSS2","ENSG00000164494",-0.137451978848113,0.0997632306477664,0.0337090383804515,0.0462189827430754,23,19
"GALNT10","ENSG00000164574",-0.313416851937498,0.444695634340915,0.0469109686467966,0.0391007961146057,23,19
"HNF4G","ENSG00000164749",-0.395684635967962,0.502729513290381,0.00594207313206674,0.047885790904425,20,17
"ORC5","ENSG00000164815",0.542231447840931,-0.453251288640538,5.09806355631989e-07,0.00419913911712399,23,19
"FMC1","ENSG00000164898",0.171865041636062,-0.202757651434266,0.0168820618813042,0.0119629439018354,23,19
"OSR2","ENSG00000164920",-0.695956597370308,0.354364472545476,1.21875197550484e-06,0.0342627945577064,23,19
"SLC25A32","ENSG00000164933",0.299581831931573,-0.197292137856777,4.92581667879512e-07,0.00943053649982451,23,19
"TP53INP1","ENSG00000164938",-0.540990281510568,0.251915840417121,2.10504863017525e-05,0.0423973921379076,23,19
"ABCA1","ENSG00000165029",-1.11534280230188,1.01193256336582,0.000568400977846049,0.00961748188731707,21,18
"ARMC3","ENSG00000165309",0.414515328113786,-0.452219970323789,0.0194370357090269,0.0487004624110858,15,9
"GTF2A1","ENSG00000165417",0.124199956862549,-0.158114487573047,0.00748128204718876,0.0420022005609623,23,19
"PGM2L1","ENSG00000165434",-0.529133593460065,0.476542256231291,0.000504201199315717,5.04530458604155e-05,23,19
"FAAH2","ENSG00000165591",-0.18175945153343,0.213989329753862,0.00725124391671869,0.0272380857859215,22,18
"PRPF18","ENSG00000165630",0.111743772150589,-0.0929306644027657,0.0330660331709733,0.0112593570630947,23,19
"ZMYND19","ENSG00000165724",0.163984656848519,-0.176206950732503,0.00331122928372141,0.0155342530790798,23,19
"STOX1","ENSG00000165730",-0.418177634337965,0.39892082679022,0.00150580160732696,0.0210888118990309,22,18
"BMS1","ENSG00000165733",0.129157919089487,-0.158174509802109,0.00372571103176118,0.0217080328978819,23,19
"ARHGEF40","ENSG00000165801",-0.437098465533608,0.32852390189423,4.56036728211166e-06,0.00222915900425368,23,19
"ZNF219","ENSG00000165804",-0.288639645812727,0.162759282016818,0.000491144389777249,0.037549021975048,23,19
"SLC39A13","ENSG00000165915",-0.172498120593697,0.204144311433535,0.0129213620944935,0.0246571098821446,23,19
"ABTB2","ENSG00000166016",-0.505878291608102,0.406186941755602,0.0103295601402103,0.000167533920519232,23,19
"HTRA1","ENSG00000166033",-0.472495629797535,0.630040929723654,1.84822417934711e-05,0.0152277482871497,22,16
"TCP11L2","ENSG00000166046",-0.272019365647382,0.662792747161471,0.0062959558483859,0.000237267424322505,23,18
"IKBIP","ENSG00000166130",0.178492280805792,-0.175477730970938,0.0165527718381023,0.0467830401551299,23,19
"POLL","ENSG00000166169",-0.190748608946999,0.0674960730069855,0.000215437592465246,0.0412835406220184,23,19
"TMEM100","ENSG00000166292",2.39634055663436,-3.28813510749561,0.00290936419206697,0.00915272393396592,8,8
"TPP1","ENSG00000166340",-0.109111781168934,0.179491206613526,0.00826649152812345,0.0115766244521268,23,19
"MOGAT2","ENSG00000166391",2.2688531774037,-1.38929228897829,2.35512093005376e-10,0.000284523614128374,13,16
"DENND2B","ENSG00000166444",-0.454693599139894,0.383204459604074,0.000343636794074193,0.00546749755357165,22,19
"CENPN","ENSG00000166451",1.30294637787852,-0.687192617402666,0.000431735021656724,0.0414269897421317,23,19
"TMEM41B","ENSG00000166471",0.271608586850366,-0.108238057274147,0.000727286438172343,0.0340220744437351,23,19
"NNMT","ENSG00000166741",1.90140057068057,-2.06741323076849,2.93963533863363e-10,0.000840777469788382,16,15
"ACSM1","ENSG00000166743",1.14603083276551,-0.617164147752546,3.2566165312571e-07,0.00330243927617752,16,16
"SLFN5","ENSG00000166750",-0.443950335353047,0.65395951272229,0.00172498458390662,0.0125258619690738,23,19
"BMERB1","ENSG00000166780",-0.877103691634403,0.955128274311835,1.97206043204335e-05,0.0223668950609191,21,18
"TGM6","ENSG00000166948",-1.53271166685166,0.66425218668603,0.0018761129676693,0.000855541177761079,7,9
"SMAD3","ENSG00000166949",-0.517014654744194,0.442120808395668,3.07637648636666e-06,0.00264740797115221,23,19
"NKX3-1","ENSG00000167034",1.36843796916377,-1.23938831603535,1.28012166454018e-05,0.000256807705639128,23,19
"SNRPD1","ENSG00000167088",0.133486513574434,-0.194513809410624,0.0301765532545632,0.0291909842929137,23,19
"SAMD14","ENSG00000167100",-0.530562976877058,0.585388812993212,0.0015795803620452,0.010217200089222,17,17
"CERCAM","ENSG00000167123",-0.349949339023391,0.514576276233735,0.00433676922238622,0.0319702077034864,22,18
"MYO5B","ENSG00000167306",-0.160716311746681,0.347022544451102,0.0241531385861385,3.03526968971376e-05,23,19
"NCKAP5L","ENSG00000167566",-0.380229451870673,0.477659029085177,0.00377875682182576,0.0149730781355934,23,19
"SEMA6B","ENSG00000167680",-1.13990791596507,1.1805094647437,0.000104375252643438,0.0394419288753851,21,14
"CYB5D2","ENSG00000167740",-0.175089302343318,0.137666798908767,0.0148121191743226,0.00974594694125159,23,19
"KLK4","ENSG00000167749",1.15538268801781,-0.695854319682369,5.21745058992789e-05,0.000775808201022949,20,18
"KLK2","ENSG00000167751",2.27926132202595,-1.97074008955448,2.83565681110598e-07,0.000227897793307816,18,16
"RCOR2","ENSG00000167771",-0.606445615197237,0.474150436354274,9.02034399811308e-05,0.0113929567157903,21,18
"MIS12","ENSG00000167842",0.178643857471019,-0.0916838548802903,0.000676086246610984,0.029351052775247,23,19
"LTBP3","ENSG00000168056",-0.325851304556409,0.333614044243997,0.00113325389108022,0.0138289624464796,23,19
"MAJIN","ENSG00000168070",-0.322631138369311,0.514283337421585,0.00730708405643844,0.0418399552823671,16,14
"KCNJ4","ENSG00000168135",-0.852546620823015,2.33421122907156,0.010990016403023,0.000264480975812047,7,2
"IRF2BP2","ENSG00000168264",-0.229206130385598,0.250872597768419,0.0144928402552641,0.0247687574405764,23,19
"MGAT2","ENSG00000168282",0.226107314764672,-0.163013462481232,0.0274043586306401,0.000155355676149774,23,19
"DEGS2","ENSG00000168350",-0.652706080009253,0.823476478772494,0.00549547837072177,0.0313320737073661,21,17
"BMP1","ENSG00000168487",-0.312208135410326,0.188149199944192,0.0158602874008064,0.0058904679952054,23,19
"SLC20A2","ENSG00000168575",-0.14348222430201,0.18623267506831,0.0249233051189566,0.0171931118558197,23,19
"TMEM208","ENSG00000168701",0.163989899442035,-0.0634488676609914,5.53415892262845e-06,0.0174076366098517,23,19
"TET2","ENSG00000168769",-0.218208413727824,0.195613770384644,0.0305597025436119,0.0401796812720007,23,19
"GFM1","ENSG00000168827",0.356566520457293,-0.20621841792688,0.00313244365382583,0.0494978363954972,23,19
"DDX19A","ENSG00000168872",0.0884433076462991,-0.08849261817284,0.0110918067990479,0.0276898509749298,23,19
"ZBBX","ENSG00000169064",-0.375988348430229,0.566241102669149,0.0360871591324051,0.015874480287736,15,11
"ROR2","ENSG00000169071",-1.19297798333982,1.81956486821545,4.61858263499362e-05,0.0272730123818132,18,13
"RAB3B","ENSG00000169213",1.56464031813897,-0.8006822174308,2.72486459160825e-07,0.00531029437146781,21,18
"KCNAB1","ENSG00000169282",0.523828837506313,-0.259971863233214,7.95274179216263e-05,0.0429071326073978,21,16
"COL22A1","ENSG00000169436",4.41211190508816,6.39698215249,6.6453282982313e-28,1.71028120142413e-61,2,2
"PLEKHA2","ENSG00000169499",-0.438778960588585,0.430748260920487,3.8874527730893e-07,0.0313320737073661,23,19
"ANTXR1","ENSG00000169604",-0.660056200204302,0.643319356977835,0.0023771068749928,0.0293082248386474,23,19
"RAMAC","ENSG00000169612",0.376439248034646,-0.199550185410199,2.86841264997707e-06,0.00733532493354414,23,19
"CENPX","ENSG00000169689",0.267221245753111,-0.299924680142575,0.00780169735402399,0.0170996102104115,23,19
"AGPAT2","ENSG00000169692",-0.263500624661564,0.257504823673738,3.00643678442204e-05,0.0136970057472729,23,19
"DUS1L","ENSG00000169718",0.215503043709957,-0.251424947345173,0.00837908955752451,0.000133194294278034,23,19
"TAPT1","ENSG00000169762",-0.240602134154686,0.227026480074089,0.00111557707647406,0.0227714105235929,23,19
"HNRNPF","ENSG00000169813",0.115367013019612,-0.173894758651198,0.0084255889335844,0.0206392004940295,23,19
"CTNND2","ENSG00000169862",-0.843780097046902,1.41191728205338,0.000804208844995968,0.0314166060872413,11,14
"NLGN2","ENSG00000169992",-0.180379089091333,0.195531948729222,0.0225690706233888,0.0334162415552505,23,19
"GPR37L1","ENSG00000170075",-0.608300153080298,0.37678113349812,0.00305345268642652,0.00261615712650996,18,14
"FOXD4","ENSG00000170122",1.12370102750182,-0.584083922752837,9.98127517014856e-05,0.0109934624024578,19,18
"SIK2","ENSG00000170145",-0.141534722294193,0.168541023434611,0.00600384192841063,0.0164445581844343,23,19
"ZNF282","ENSG00000170265",-0.122647605527296,0.0880056752797741,0.0481894151536118,0.0210593085824612,23,19
"SMAD1","ENSG00000170365",-0.234910244613047,0.245935415060772,0.0171715553040977,0.0107454785192278,23,19
"LRRN2","ENSG00000170382",-0.857438842988397,0.49214816191389,0.000384122041188791,0.00599930805313101,19,18
"SDR9C7","ENSG00000170426",3.42929046444506,-2.5738854989973,2.79330130090504e-07,0.00211035985474739,9,7
"HARS1","ENSG00000170445",0.101260362137318,-0.0715262807942143,0.00306626036605996,0.0444026496900708,23,19
"DNAJC18","ENSG00000170464",-0.162088312813353,0.171384455091319,0.000376507894746065,0.0493682267115875,23,19
"KRT6C","ENSG00000170465",1.65541448131549,-1.86873766689462,0.00734307090858765,0.0207645943233536,10,6
"KRT72","ENSG00000170486",5.40546321104969,-3.84518246308356,6.6453282982313e-28,0.0215150282246998,6,2
"SLC26A5","ENSG00000170615",1.12194823222902,-0.52196493472031,5.95110090675075e-05,0.0389758442548348,4,3
"GPR27","ENSG00000170837",-0.317565556536712,0.197036026655766,0.0158433786838603,0.00926308242730488,22,17
"KIAA0232","ENSG00000170871",0.318713444066804,0.107038386350508,0.00341377335315468,0.0248847381865009,23,19
"GSTA4","ENSG00000170899",-0.255270802379715,0.22896142343714,0.0260928543732804,0.0101788873307065,22,18
"HS6ST2","ENSG00000171004",-0.670513259494107,0.681132347289992,0.00185330576268631,0.0171314822857725,20,19
"ZNF440","ENSG00000171295",0.157215692840828,-0.108678520193434,0.0272621958068445,0.00642964269375562,23,19
"TPPP","ENSG00000171368",-0.427469394763658,0.444333746449485,4.82618532564552e-05,0.0130167965520427,22,19
"KSR2","ENSG00000171435",-0.584369305079872,0.418437821461762,2.73300361732484e-07,0.00152336752514145,21,16
"LPAR3","ENSG00000171517",1.01880956255708,-0.938425058175536,2.34594028694115e-05,0.0328996157647059,20,16
"CLSTN1","ENSG00000171603",-0.19853611362784,0.186184303607247,0.0244907263174269,0.0113929567157903,23,19
"CXXC5","ENSG00000171604",-0.348574221059608,0.336502551647404,8.99052674300904e-05,0.00563035273712807,23,19
"PTCRA","ENSG00000171611",3.94946423378918,-2.85682135946134,3.04051129414479e-09,0.00190030822351451,7,3
"PLEKHG5","ENSG00000171680",-0.387051488783553,0.223528423060378,0.00180750913344102,0.0313320737073661,23,19
"RHNO1","ENSG00000171792",0.144878184210538,-0.210908332984023,0.00452885956468542,0.0153125026616724,23,19
"COL8A2","ENSG00000171812",-0.475324082248964,1.30461181312696,0.0165527718381023,0.0266723888024094,17,14
"RNASEH1","ENSG00000171865",0.171444993065921,-0.127276430653268,1.44272940025416e-05,0.0413408134250472,23,19
"SYNPO","ENSG00000171992",-0.798197858943897,0.619542225218574,1.10963257633642e-07,0.00642964269375562,21,15
"MALT1","ENSG00000172175",1.01978339483113,-0.521145258313079,2.07226361872617e-10,0.000155355676149774,23,19
"ALG14","ENSG00000172339",0.13489141733667,-0.185903343420527,0.0240237506824626,0.00179923054876846,23,19
"RCAN2","ENSG00000172348",-0.521466898584145,1.0236487210788,0.0125794631491659,0.00361457444887873,19,18
"OR5B2","ENSG00000172365",2.66388121682312,-3.37231361867827,0.00748645354986865,0.00672916557731252,8,7
"AGXT","ENSG00000172482",-0.929359100231521,1.50002013642153,0.000108047577032628,0.0400859905897205,12,6
"EFEMP2","ENSG00000172638",-0.324092529680964,0.461999803963808,0.00148230657366986,0.0162875676640426,21,17
"NAA16","ENSG00000172766",0.120238820669967,-0.225333182645874,0.0499290916212498,0.00971706597108949,23,19
"EFCAB12","ENSG00000172771",1.00387810662085,-1.07057925032174,2.85995552633242e-05,0.000108467813517595,23,18
"CBWD1","ENSG00000172785",0.795818912023329,-0.25182477673502,1.9208867943361e-05,0.0310777792488329,23,19
"RAB37","ENSG00000172794",-0.543054251520597,0.459304597532159,0.00277447230666589,0.0493776214130035,20,15
"OVOL1","ENSG00000172818",-0.48268356384272,0.40961518228613,0.00045176154311826,0.0215150282246998,21,18
"RARG","ENSG00000172819",-0.360198924193626,0.269352602766458,5.7398844428588e-05,0.00909338376497151,23,19
"PDP2","ENSG00000172840",0.141186161318403,-0.140845134362116,0.0267097947228355,0.000516846845405321,23,19
"PHF8","ENSG00000172943",0.527871908710636,-0.254198734396408,0.000317537616436346,0.013865669301901,23,19
"LCLAT1","ENSG00000172954",0.153677518004054,-0.178692057452378,0.000172899126194412,0.0169526303706799,23,19
"GXYLT2","ENSG00000172986",-0.304346148724053,0.301397723837823,0.00169230076178649,0.0106720780961248,22,17
"IQCB1","ENSG00000173226",0.355855811256737,-0.13598340047184,9.19421814665575e-09,0.0287090642045655,23,19
"GOLGB1","ENSG00000173230",0.290164980425913,-0.118211137721902,0.00308885850475252,0.0210987100080987,23,19
"SLC2A14","ENSG00000173262",1.95989076674377,-1.33052294421398,0.0355094101064038,0.00865902004478165,7,2
"TRIB1","ENSG00000173334",-0.644005136132123,0.543505497804999,0.0104568162434918,0.00992019274337293,23,19
"DAB1","ENSG00000173406",-1.83981037352515,3.13361354453034,0.000245804337201396,0.0175182556477739,12,8
"GMPPB","ENSG00000173540",0.362477507566507,-0.18440940730166,0.0088317184385785,0.000413201379092663,23,19
"CEP83","ENSG00000173588",0.252852167740511,-0.272943281134216,0.00475501075403645,0.0420162616229462,23,19
"JUP","ENSG00000173801",-0.277664083032344,0.18069472222243,0.000274679614528534,0.0201821631135079,23,19
"HAP1","ENSG00000173805",-0.455888219810292,0.465879209458313,2.02300636427891e-08,0.0246687715919422,22,16
"ENDOV","ENSG00000173818",-0.132170855631847,0.156035836477507,2.71521512557582e-05,0.0148010421910838,23,19
"UBXN2A","ENSG00000173960",0.138037737123599,-0.120137814346042,0.00660631976898568,0.0109209673383101,23,19
"CTSF","ENSG00000174080",-0.314575903456735,0.292086439637995,1.33749059379837e-06,0.033726423629246,23,19
"TNK1","ENSG00000174292",-0.131692416840968,0.172287743160455,0.030201330374495,0.049235627746291,22,19
"SNAPC5","ENSG00000174446",0.239865925794766,-0.104796266767725,1.26645337050365e-05,0.0110414063189727,23,19
"GALNTL6","ENSG00000174473",-0.383993751916686,-0.58347784006947,0.0127823316038024,0.0454268910032745,16,13
"KLK15","ENSG00000174562",1.05834475395784,-1.13249566000714,3.0069144270442e-05,0.000167533920519232,16,14
"SLC29A2","ENSG00000174669",0.241089828340006,-0.386483557199657,0.0248709019683881,0.00642964269375562,23,19
"TMEM167A","ENSG00000174695",0.196655780571835,-0.10575551757674,0.000134896975656893,0.0300590484180594,23,19
"PDE12","ENSG00000174840",0.180460406676445,-0.117550088597373,0.000169768702054453,0.00789265437729173,23,19
"GK5","ENSG00000175066",0.224314484321938,-0.134638377643822,0.0226295716277059,0.030883586724168,23,19
"YPEL2","ENSG00000175155",-0.279178110626732,0.389643883415195,0.0099848312949511,0.00120233309222958,23,19
"PNLIP","ENSG00000175535",4.76576957447579,-3.97491692849281,1.62557857586937e-06,0.000228581027159106,6,4
"C11orf68","ENSG00000175573",-0.110991667023033,0.152176380830757,0.0124773509027117,0.019044285679786,23,19
"RPS6KB2","ENSG00000175634",0.162360097561894,-0.141656259538106,0.0301147610357274,0.0142058341926177,23,19
"MTLN","ENSG00000175701",0.233261711373866,-0.118294372471701,0.0218388456978846,0.0295285834756023,23,19
"LRRN1","ENSG00000175928",-1.29294339869385,1.12993080164869,7.55890448082622e-06,0.0467414270007962,21,15
"ZNF613","ENSG00000176024",0.290639165688815,-0.152797008956517,0.0204757241381126,0.00652055459630972,23,19
"CCDC57","ENSG00000176155",0.225903901756623,-0.229561400424748,0.00595531320659867,0.0155105642632651,23,19
"GJC3","ENSG00000176402",0.404045227628957,-0.55468902167856,0.000266039383815941,0.000839449656109867,17,15
"VPS37D","ENSG00000176428",-0.38670142541579,0.480667724805049,0.000259713889548209,0.0120835438624446,22,17
"SYNE3","ENSG00000176438",-0.194304938088187,0.344490957401248,0.030951632954775,0.0160704684507905,23,18
"GNG7","ENSG00000176533",-0.230118517969266,0.375330045625917,5.03942053280432e-05,0.0336317472008239,21,19
"RBIS","ENSG00000176731",0.150397405064283,-0.16177508536166,0.00342196697317141,0.00489551044202147,23,19
"NFATC2IP","ENSG00000176953",0.109560957630134,-0.185906282769793,0.0351933252934881,0.00374651664150374,23,19
"DEAF1","ENSG00000177030",-0.124171455795235,0.120171424810389,0.0341340333122031,0.00642964269375562,23,19
"SCN4B","ENSG00000177098",-0.614877166540708,0.818052650536709,0.0082401025511242,0.0401551075185744,13,12
"ZBTB34","ENSG00000177125",-0.225539563442734,0.191832256917376,0.00481732146558792,0.026541025653811,23,19
"TOP3A","ENSG00000177302",0.107542915676476,-0.254569098683888,0.0432862733582631,3.87326641375609e-05,23,19
"CAVIN1","ENSG00000177469",-0.284143482580871,0.494008155724119,0.00642076655900369,0.0288956750064172,22,18
"ARIH2","ENSG00000177479",0.140727534275593,-0.10089316312739,0.000310805161085315,0.00155746362433542,23,19
"AGTRAP","ENSG00000177674",0.231210495372411,-0.284264872354315,0.00128573084046316,0.0141805695098894,23,19
"THAP5","ENSG00000177683",0.190962880955068,-0.100700415324698,0.0113998572693395,0.0277051202238766,23,19
"TMEM94","ENSG00000177728",-0.157352078014907,0.0864244248454073,0.00485763573877576,0.0338985717682515,23,19
"GRB2","ENSG00000177885",-0.0876594410690824,0.165438347722997,0.0432992079046877,0.0377752267989861,23,19
"UBE2N","ENSG00000177889",0.227286606086636,-0.127566732857447,0.000174341260402386,0.0248973140506356,23,19
"ALS2CL","ENSG00000178038",-0.369421549229253,0.426952019562616,0.000186493236794932,0.0175592692935058,23,19
"AQP11","ENSG00000178301",-0.186083403507853,0.142181908347454,0.000236273609029207,0.00814421200641472,22,19
"NT5DC1","ENSG00000178425",0.208395824420158,-0.121916545978451,6.27896779561606e-06,0.0293043365923748,23,19
"SLC25A20","ENSG00000178537",0.365298959879941,-0.146663938484994,0.00786495236530319,0.0252365258307025,23,19
"MAF","ENSG00000178573",1.635351758373,-1.1269029023552,0.00255769704827035,0.028611859899197,22,17
"ZNF552","ENSG00000178935",0.249633711100128,-0.243401810223259,0.0054033464203293,0.00901534775418269,23,19
"SMIM10L2A","ENSG00000178947",-0.39205559858793,0.426798745745857,0.00696755090551162,0.00852106329186093,19,16
"MRFAP1","ENSG00000179010",0.343019891737738,-0.0726749292452323,4.65366500999629e-06,0.0195223678986282,23,19
"TMTC2","ENSG00000179104",0.413570444243238,-0.487688867352225,0.0124103611557319,0.0443150572104825,23,19
"FUCA1","ENSG00000179163",-0.211691768515578,0.238325525965665,0.0129175391222649,0.0296818407279981,23,19
"LDLRAD3","ENSG00000179241",0.640926768939943,-0.375103116645646,1.48252288549126e-07,0.0194937316945201,23,19
"WSCD1","ENSG00000179314",-1.25749037747022,0.88493749774155,1.48604572155017e-06,0.00735261171605407,15,13
"HLA-DQB1","ENSG00000179344",-0.474868656685875,0.462008782257244,0.00926245981365376,0.011376054258055,15,15
"PCED1B","ENSG00000179715",-1.46280621028378,1.31313475276587,4.13652716199738e-09,0.000379681591025949,22,18
"PIPOX","ENSG00000179761",-0.303178234020697,0.434534412032069,0.00744268472960353,0.0431595210875784,18,15
"AKAP5","ENSG00000179841",0.486030741184929,-0.302947498640632,0.00215300837037968,0.021546736406443,23,19
"SEPHS2","ENSG00000179918",0.16395516919243,0.25476425280697,0.00956335525691099,0.0413274067900679,23,19
"MED14","ENSG00000180182",-0.105562509180714,0.0836298888636862,0.0369336745000162,0.0236481004603754,23,19
"FZD2","ENSG00000180340",-0.441736252010667,0.396727542047059,1.47408842128218e-05,0.0340839168172226,20,15
"PAK2","ENSG00000180370",-0.125885061814095,0.147379202582087,0.0306823785813696,0.0448893592721341,23,19
"RNF182","ENSG00000180537",-0.378625599155584,0.508085646880958,0.00337529058595786,0.0308194442754263,14,13
"MB21D2","ENSG00000180611",-0.482591226204441,0.619758359676523,0.00397931402859656,0.0204305155261735,19,13
"YOD1","ENSG00000180667",0.48784028100608,-0.279617242461384,5.43910012189401e-07,0.010698138043727,23,19
"SLC36A4","ENSG00000180773",0.250787476351565,-0.340581558758623,0.0235540277398346,0.00376599916867053,23,18
"ZDHHC20","ENSG00000180776",0.213775012145576,-0.167080519108149,0.000906307074102194,0.0313030774087671,23,19
"HOXC9","ENSG00000180806",-0.63575603134925,0.763144397352662,0.000103756717570378,0.00591985176981095,19,17
"PJA1","ENSG00000181191",-0.164102242266853,0.263831194669744,0.00217572550395897,0.00832623834915226,23,19
"C4orf50","ENSG00000181215",-0.784231960552519,1.03718565524708,8.17159208849742e-05,0.0469203994608721,15,11
"LRRC75A","ENSG00000181350",-0.41841820258406,0.316113576593123,0.00134177996014054,0.0205965961864719,23,19
"ACBD4","ENSG00000181513",-0.316645385745619,0.224349794749494,9.54631699974885e-06,0.0434370063320996,23,19
"MRPS23","ENSG00000181610",0.239939533658142,-0.137848174642275,0.000599466613185354,0.00622764996027263,23,19
"TNFSF15","ENSG00000181634",-0.658474605652128,0.78185747910612,0.0312944854726348,0.000260947033115822,20,17
"DIPK2A","ENSG00000181744",1.043933746204,-0.515745925996622,5.83324656008575e-06,0.0137514029790025,23,19
"GINS3","ENSG00000181938",0.396694712626419,-0.461328200726508,0.00022436939126332,0.0195223678986282,23,19
"MRPS11","ENSG00000181991",0.0944275784266779,-0.121452388663692,0.0210162099108859,0.00387020291168006,23,19
"TDRKH","ENSG00000182134",-0.114292714417461,0.190466502539043,0.0335927007985862,0.00536288431866107,23,19
"UBA7","ENSG00000182179",-0.449507724147247,0.614631418112687,0.00843649043095293,0.0258119722997409,21,17
"LDOC1","ENSG00000182195",-0.335581392813631,0.229029978179425,0.00114750078324741,0.00784783580468267,23,19
"CYB5D1","ENSG00000182224",0.167907241051056,-0.178146577593365,0.00384726807131843,0.0118269558975101,23,19
"AP1S2","ENSG00000182287",0.226652500186179,-0.196591947943622,0.0192220213442064,0.0325160019713227,23,19
"KBTBD3","ENSG00000182359",-0.173657355242844,0.148308226675565,0.0293639744470225,0.034971763169904,23,19
"PLCXD1","ENSG00000182378",0.156712725942538,-0.248935776932885,0.0387688065708643,0.00497074543072996,23,19
"SPNS3","ENSG00000182557",-0.892010833729991,1.06350118622831,0.0282173969499442,3.44468257686498e-05,6,4
"TSPAN10","ENSG00000182612",-0.343303708225878,0.267837768579294,1.28005588117086e-05,0.0442050560734701,23,18
"TSKU","ENSG00000182704",0.687760319525668,-0.266615724861575,0.000341518026981993,0.0360002865446062,23,19
"GRID1","ENSG00000182771",-0.329986957029239,0.957765078644962,0.031684911437399,0.0426517184459095,12,8
"C1orf116","ENSG00000182795",1.55653972682684,-1.11428380136248,2.71237715282141e-05,0.000273680324407122,22,18
"SPATA13","ENSG00000182957",0.572426368880894,-0.398979898403532,3.89783069503779e-09,0.00210167264186686,23,19
"CAMK1D","ENSG00000183049",-0.717174426027125,0.76984428765992,3.81520749267578e-07,0.0474840395154601,21,18
"FREM3","ENSG00000183090",-1.59618987950062,0.991609817487803,0.00835247104135128,0.00149663844369439,4,3
"BEGAIN","ENSG00000183092",-0.546448405474448,0.336159082780716,0.00299816047911465,9.79300890669848e-05,20,16
"CSMD1","ENSG00000183117",-0.411298642804401,0.685586419849435,0.000104229957757407,0.0142058341926177,19,15
"TMEM119","ENSG00000183160",-0.213772254038287,-0.659130449694578,0.020118370665492,0.0400859905897205,5,2
"TMEM121B","ENSG00000183307",1.41662901946457,-0.612701515288585,5.43958486893086e-06,0.00893478865301753,20,17
"EPHA10","ENSG00000183317",-0.301040243999683,0.24119146748878,0.010777730624571,0.0469871090401662,20,18
"BCOR","ENSG00000183337",-0.155216014920881,0.237958371027943,0.045340135003589,0.00463138063892789,23,19
"UTP11","ENSG00000183520",0.203286549065398,-0.153135755987149,6.62165333994778e-07,0.0493776214130035,23,19
"EFHC2","ENSG00000183690",-0.911553013966762,0.897389704709463,5.75110984543168e-05,0.0112323190143876,14,13
"NUDT14","ENSG00000183828",-0.245566781540815,0.163497773783451,0.00103431517761223,0.0274403132947603,23,19
"TMPRSS2","ENSG00000184012",1.78028283973267,-0.921993186385833,6.49172147724354e-08,0.0075071571734259,19,18
"CNTN2","ENSG00000184144",-0.7718722275664,0.793431180771686,0.00145111535323817,0.0240352158938454,18,13
"ADRA2C","ENSG00000184160",-0.757796994646254,0.928943353883789,0.00770598817609928,0.00164686996331705,20,17
"PRKD1","ENSG00000184304",-0.49003711449147,0.372643353878748,3.69381790597819e-05,0.0294991130789326,22,19
"TMEM255B","ENSG00000184497",-0.284782453928068,0.603906957723053,0.0409598743856574,0.0451401335251994,19,15
"OSBP2","ENSG00000184792",-0.170905221139431,0.144475414880347,0.00676511008816353,0.0376826123547285,23,19
"USP18","ENSG00000184979",0.189250112655102,-0.149127938139285,0.01250381102656,0.00601740709525089,23,19
"TMEM121","ENSG00000184986",-0.242809544411195,0.304748615483415,0.0379718095790359,0.0254008153662689,20,18
"NT5C1B","ENSG00000185013",-0.262568646710955,0.496428296018541,0.0243565064694532,0.00363544057562752,14,11
"ADSS1","ENSG00000185100",-0.173989009728799,0.257579429615661,0.0112821275439403,0.0258119722997409,23,19
"INPP5J","ENSG00000185133",-0.449572792969354,0.267780786524431,1.79705689643819e-05,0.0187707552148645,22,19
"ATP6V0A2","ENSG00000185344",0.271036907181579,-0.118203862809659,0.0027165079034479,0.000481788087781712,23,19
"FAM174B","ENSG00000185442",0.671885746176597,-0.500311624064493,1.94262148620029e-06,0.00836267279386723,23,19
"ZSWIM9","ENSG00000185453",-0.183977457445605,0.241351191589619,0.001371519657891,0.00553962428154199,23,19
"FAM131C","ENSG00000185519",-0.648583093639472,0.594278033981953,0.0168280318162397,0.0100221681549978,18,12
"AHNAK2","ENSG00000185567",-0.730446229368145,0.472847290758946,6.10958073679384e-06,0.0394869955347193,21,18
"PBX1","ENSG00000185630",-0.619636978875504,0.452057997503892,3.0159883117051e-06,0.00524779252335358,23,19
"WDR53","ENSG00000185798",0.0804267986436335,-0.133242239222401,0.026513323358668,0.00168283656441976,23,19
"PCYT2","ENSG00000185813",0.407530687228375,-0.224807748072201,0.000193349418913731,0.00361457444887873,23,19
"RTN4RL1","ENSG00000185924",-0.825760527753136,0.741854034293353,5.91094355982096e-06,0.0401602991661522,22,18
"TMLHE","ENSG00000185973",-0.173492066660252,0.261122032787061,0.00844812457314848,0.0135549292119102,15,13
"AIDA","ENSG00000186063",-0.342849562099069,0.577877359350435,0.0411055814766547,0.0259371008513966,23,19
"C2orf76","ENSG00000186132",0.674906261095672,-0.338020149880096,8.68135577848327e-08,0.00909338376497151,23,19
"POLR1D","ENSG00000186184",-0.15355413935762,0.141197208120458,0.0398753130950569,8.91094280030836e-05,23,19
"MTARC1","ENSG00000186205",0.218100587076446,-0.415162843225454,0.00456109318748322,0.0096151107910332,23,18
"SOWAHB","ENSG00000186212",-0.421676539218438,0.390244893320631,0.00604163851773719,0.00402939570552867,21,18
"MRTFB","ENSG00000186260",-0.120660860279672,0.155961086843327,0.0323910357134616,0.0291482062906882,23,19
"TOR3A","ENSG00000186283",0.122744361853614,-0.167167077578642,0.00326217223736263,0.0113281961438078,23,19
"CYP4F8","ENSG00000186526",1.84855776095009,-0.283612836825109,0.0168269678001946,0.0115309306629897,15,15
"ARAP1","ENSG00000186635",-0.17385964697806,0.076784332326846,0.0015009546030787,0.004461346302194,23,19
"PRR5","ENSG00000186654",0.182595035924877,-0.261878599464561,0.00832132999427433,0.000155691921277956,23,19
"EMID1","ENSG00000186998",-0.683194363589113,0.668439178029577,5.06860027896621e-05,0.044548979890347,20,18
"ESPN","ENSG00000187017",-0.56418818320991,0.525481857654581,0.0367337696719395,0.0184680364228442,21,18
"TMPRSS6","ENSG00000187045",-0.958658529738476,1.52159278648516,5.77463341015758e-08,0.0398928081116159,12,12
"CMC1","ENSG00000187118",0.122309753194642,-0.106197767232925,0.0274653115079761,0.00692764993174438,23,19
"SLIT1","ENSG00000187122",-1.08326830954069,0.710808295263863,5.21745058992789e-05,0.00726692557297928,18,16
"GCNT1","ENSG00000187210",0.439033815299476,-0.640296472004042,2.58941250087484e-07,0.00717153907439536,23,19
"TLR5","ENSG00000187554",-0.496621106505198,0.334225423200892,1.53137765832413e-06,0.0142432161026247,20,17
"NHEJ1","ENSG00000187736",-0.138551239870404,-0.126697864613018,0.0469109686467966,0.033017043283442,23,19
"PLSCR3","ENSG00000187838",-0.14580471565789,0.181602539364661,0.00113051302448385,0.0311864725748275,23,19
"P2RX2","ENSG00000187848",-0.496551878260393,0.958998218843388,0.0315198350119098,0.0446941876588654,13,12
"FYB2","ENSG00000187889",0.404068392146415,-0.637708273835382,0.0114498883239887,8.07273627064565e-05,22,16
"ZFTA","ENSG00000188070",-0.51147562739327,0.412004237932439,5.15898192686705e-05,0.0377232996859524,23,19
"PLA2G4E","ENSG00000188089",2.72631650400746,-2.44447307996882,9.4125528682088e-09,2.68686743894509e-06,15,8
"C6orf132","ENSG00000188112",0.288032586630779,-0.170438461107998,0.00134284053853758,0.0459818654275904,23,19
"OR2AG2","ENSG00000188124",0.450582195673023,-0.366516797487219,0.033748276534919,0.0221579276835677,7,7
"IL17REL","ENSG00000188263",-0.749892010015123,0.474459828908038,4.56036728211166e-06,0.01714223349898,18,15
"BEND4","ENSG00000188848",0.613091626870425,-0.688063283460513,0.000543348316046027,0.0291016170649871,15,15
"BLOC1S3","ENSG00000189114",0.146790793128166,-0.110351858483994,0.0140898660282982,0.0114199709464371,23,19
"MAOA","ENSG00000189221",0.484798933594444,-0.852267340159277,0.00131444879663593,0.00138015183345591,21,17
"KAZN","ENSG00000189337",-0.281289883045188,0.206177678536291,0.0277123901521718,0.040273906781305,23,19
"RASSF10","ENSG00000189431",-2.086142221059,0.804466545911934,0.00836937179581639,0.00193011498432683,4,4
"MYBPC1","ENSG00000196091",2.88627418069158,-1.60020052374273,2.48959723143483e-08,0.00379556936449278,17,17
"GREB1","ENSG00000196208",1.1101686544867,-0.867532515724686,0.000345525198249779,9.73298653153334e-05,23,19
"SRGAP3","ENSG00000196220",-0.6260101903836,0.396955235508208,3.37180704306617e-05,0.00865265382192031,23,19
"FAM217B","ENSG00000196227",-0.209406971051618,0.142304963042556,0.0330881604670196,0.0196889453406992,23,19
"NCOR2","ENSG00000196498",-0.222811419333851,0.175116142213976,0.0239274958163473,0.0184844681651824,23,19
"UGT2B15","ENSG00000196620",-1.54275243409851,1.44173897627936,0.0294317386849097,0.0320840620725089,15,13
"VKORC1L1","ENSG00000196715",0.141784724653287,-0.148655418960903,0.0116720509396918,0.00736488447061118,23,19
"GM2A","ENSG00000196743",-0.178605014913678,0.132302097673053,0.033136596030154,0.049235627746291,23,19
"MVB12B","ENSG00000196814",-0.295423109835834,0.161470089947275,6.20047719668251e-06,0.0430845627691968,23,19
"CRACDL","ENSG00000196872",-0.588577499189986,0.42597974059085,0.00144665925486826,0.0497054066503311,17,17
"FUT11","ENSG00000196968",0.186596830660042,-0.200547460685819,0.028336263581788,0.000237267424322505,23,19
"ZNF100","ENSG00000197020",0.192151467837658,-0.331347941761504,0.00384535043012504,0.00961748188731707,23,19
"PGAP1","ENSG00000197121",-0.296377144693236,0.25170858634508,0.000882709717451976,0.0319702077034864,23,19
"NOL4L","ENSG00000197183",-0.201867857634632,0.292438505881112,0.0165527718381023,0.00723293243390914,23,19
"RPF2","ENSG00000197498",0.287657183109398,-0.181411371501853,0.000678869719021322,0.0251954984074102,23,19
"SPTAN1","ENSG00000197694",-0.285400422149599,0.299807079895594,9.64090296024144e-08,0.0315750997865324,23,19
"RPE","ENSG00000197713",0.121340249742099,-0.0829046645041827,0.0113714101297716,0.0119737688545666,23,19
"PSAP","ENSG00000197746",-0.0749261540262947,0.260425513883255,0.0122835072342244,0.0147521158341583,23,19
"OCLN","ENSG00000197822",-0.370178169427938,0.483090565739261,0.0175335276680961,0.044559351597117,23,19
"ZNF790","ENSG00000197863",-0.127058023119312,0.132727604690286,0.0111953632542877,0.0175182556477739,23,19
"NKIRAS1","ENSG00000197885",0.249698787957867,-0.134835253983889,6.14383037531896e-06,0.0225077491203305,23,19
"ELOVL2","ENSG00000197977",1.14990924289665,-1.17413490297702,0.0141217134410525,0.029351052775247,18,18
"MRPL42","ENSG00000198015",0.158931184994756,-0.210769312190452,0.000384122041188791,0.0112039144654995,23,19
"MAK16","ENSG00000198042",0.196981854340117,-0.228721248285989,0.0440052056788024,0.0320371994018859,23,19
"TMEM229B","ENSG00000198133",-0.496222475723027,0.531884979189827,0.0129874548181597,0.0279596914792913,22,18
"STYX","ENSG00000198252",0.196558355019232,-0.193626226249639,0.00311824404695083,0.0308194442754263,23,19
"WWP2","ENSG00000198373",-0.149004861401228,0.207830926561013,0.0376117781350614,0.00125384985170918,23,19
"ZNF583","ENSG00000198440",0.165891123109849,-0.145018273376674,0.00132318233464621,0.0149061862364915,22,19
"LRBA","ENSG00000198589",-0.212494016311787,0.254180785962421,0.00412378853426335,0.0262441200221037,23,19
"BAZ1A","ENSG00000198604",0.122481629616985,-0.171261975316938,0.0225690706233888,0.00116063654001967,23,19
"STK39","ENSG00000198648",1.07754382628184,-0.820835496009801,6.47545210574443e-06,0.0042293872752215,23,19
"TUSC1","ENSG00000198680",-0.24719595404633,0.264485173027407,0.00084082559525222,0.0127758145674836,23,18
"F5","ENSG00000198734",2.23696536466713,-1.7854852828547,3.82236081190239e-06,0.00402939570552867,16,14
"CDC42BPB","ENSG00000198752",-0.0692784646575323,0.169487916368881,0.000930089099279227,0.0286333171620443,23,19
"GRIN3A","ENSG00000198785",0.606699944572483,-0.891515445349896,0.0268079786974584,0.0469871090401662,20,16
"MTOR","ENSG00000198793",0.412408785025974,-0.285278139207744,0.000809097248458058,0.00276812449888738,23,19
"ALPK2","ENSG00000198796",2.57885990564373,-2.42911615132017,6.33039659076444e-11,2.24089121766336e-13,16,10
"ZNF358","ENSG00000198816",-0.230483018009843,0.170805017392431,0.0352412881637046,0.0208475775370372,23,19
"STYXL2","ENSG00000198842",0.902108308368438,-1.32159091042523,0.00603278315969209,0.0234165428949604,13,11
"TSEN15","ENSG00000198860",0.318200124953679,-0.17006965046677,1.60299393773319e-09,0.0212786222574217,23,19
"RUNDC1","ENSG00000198863",0.204499331812659,-0.163357093141387,0.00175265652100635,0.00370588318319332,23,19
"CCDC167","ENSG00000198937",0.196003491934427,-0.146002827924038,0.018636954852422,0.0363645425443271,23,19
"DDO","ENSG00000203797",-0.305375081120709,0.501651797098429,0.0145892946840862,0.0425793924032966,14,11
"PNLIPRP3","ENSG00000203837",3.70292138166699,-2.37892523694139,0.00145148111636468,0.0230604242951307,9,5
"TIMM23B","ENSG00000204152",0.29087914627596,-0.166091518231051,1.25453155192765e-07,4.63398525050553e-05,23,19
"COL5A2","ENSG00000204262",-0.673071538947725,0.661966129814856,0.0118388450223993,0.0229434143510479,23,19
"MBD5","ENSG00000204406",-0.122975155599929,0.29149301600225,0.017254514129761,0.00138027583371347,23,19
"DDR1","ENSG00000204580",-0.308603325380898,0.293498391198077,0.0137436384059102,0.0426581212841088,23,19
"PCDHGA1","ENSG00000204956",-0.270329919780782,0.388791248358009,0.00160150160572274,0.0117531936439065,20,17
"PCDHA4","ENSG00000204967",-0.15916733014759,0.175410275225999,0.0441748540736877,0.0359929401194984,23,18
"TRIQK","ENSG00000205133",-0.193095013310439,0.153867501516734,0.00126013082130394,0.0154314417636381,23,19
"ZBTB10","ENSG00000205189",0.743086242846967,-0.580247352160546,1.1507596227378e-06,0.0336309982305597,23,19
"PRR13","ENSG00000205352",0.101097343583439,0.136074531116081,0.0436438263026989,0.00361457444887873,23,19
"LIN52","ENSG00000205659",0.234756136067318,-0.130168933785441,0.00458443167772148,0.0378153880929848,23,19
"PLPP6","ENSG00000205808",0.336138084112045,-0.260519578647963,0.00779620226745207,0.0431084376422409,23,19
"GMNC","ENSG00000205835",1.66560084339186,-1.71627929349978,0.00313394324110806,0.0435459993732077,12,8
"DOK6","ENSG00000206052",-0.432141505393422,1.14328254344179,0.00745678417812721,0.0270615191178174,14,13
"JPT2","ENSG00000206053",0.210344942834351,-0.19070364036164,0.00816161752328,0.00217964111008968,23,19
"TAP1","ENSG00000206297",-0.342631380847165,0.294644484958945,0.0135685870259875,0.0409576363984492,22,17
"SACM1L","ENSG00000211456",0.107879175616598,-0.0926870520981668,0.0363844105989174,0.0205413214333753,23,19
"RNF208","ENSG00000212864",-0.305529710798694,0.263847932368114,0.0124366282988408,0.0479474015984651,23,18
"ZNF580","ENSG00000213015",-0.208823795959609,0.21222573371498,0.000426615068130764,0.00310007339610882,23,19
"DENND1B","ENSG00000213047",-0.282661483033154,0.3665428143069,0.00754269076826654,0.0115309306629897,23,19
"PPP1CB","ENSG00000213639",0.470884865414218,-0.211465640932492,0.000104229957757407,0.0228056401342432,23,19
"UGT2B11","ENSG00000213759",2.8061638750126,-1.00431811422266,4.43762582149179e-07,0.0333942728284571,18,15
"SH3D21","ENSG00000214193",0.835084042851571,-0.409518774868737,0.000142736364869475,0.0249592496048449,23,19
"COLCA2","ENSG00000214290",-1.57072029933648,1.24462734203292,0.0004411162480193,0.000123436928897934,13,10
"TOMM6","ENSG00000214736",0.125171369522169,-0.10020977538693,0.0319973065684881,0.0492304745728705,23,19
"FASTKD5","ENSG00000215251",0.177245273187253,-0.126121761433876,0.000308052856169487,0.0475751621274775,23,19
"KCNU1","ENSG00000215262",-1.581306689066,1.54273221554666,3.84565640158429e-06,0.015671370554532,11,10
"HOMEZ","ENSG00000215271",-0.116270924569325,0.190800223973377,0.015537921915935,0.0254023300986207,23,19
"DDR1","ENSG00000215522",-0.442528828125752,0.40305404626788,0.00955099780961595,0.0146571791193005,23,19
"TMEM167B","ENSG00000215717",0.112204733162466,0.135007189835743,0.0461516681956789,0.012602186316293,23,19
"ZGLP1","ENSG00000220201",-0.180213716890436,-0.301831630195344,0.0134799167259129,0.0297580428665065,22,19
"CEBPD","ENSG00000221869",0.585122491373537,-0.517316752717726,0.000615316867834869,0.0413190716279815,22,19
"DDR1","ENSG00000223680",-0.255952557599875,0.617233885816532,0.0185609824670363,0.00330243927617752,18,17
"PRR29","ENSG00000224383",-0.436992948816428,0.671080662715146,0.0193269223854195,0.00490419975740658,15,12
"TAP1","ENSG00000226173",-0.342631380847165,0.294644484958945,0.0135685870259875,0.0409576363984492,22,17
"ORM2","ENSG00000228278",3.20821162435863,-5.89067267250341,0.0021398119983338,4.38077937724303e-41,10,2
"NUTM2E","ENSG00000228570",-0.211171915473063,0.178147893187747,0.00294333191842909,0.0129770342767859,23,19
"ACBD6","ENSG00000230124",-0.136021743045308,0.102645887603359,0.0110369101681198,0.0250170566641705,23,19
"YY2","ENSG00000230797",0.199272317191619,-0.3088854363613,0.0197408950839652,0.00375507006029234,23,19
"TAPBP","ENSG00000231925",-0.263181308595818,0.306682671517537,0.0164802565120095,0.0150077585292147,23,19
"TMA7","ENSG00000232112",0.122462498596489,-0.0805778370315515,0.000953923950480438,0.0443307077296005,23,19
"ASCL5","ENSG00000232237",-0.600584845509705,0.281423259049567,0.000124292156374386,0.0419239851455013,15,14
"TAP1","ENSG00000232367",-0.298604577930092,0.293646695208593,0.0370648128112098,0.0369012099772824,22,17
"PET117","ENSG00000232838",0.236454455938452,-0.162008981186133,1.64516136072612e-07,0.00113238856140452,23,19
"PHGR1","ENSG00000233041",1.99362677274096,-1.359420568048,8.34512098570281e-06,0.0194171024737878,12,9
"RAB6D","ENSG00000233087",0.534022387892958,-0.397024195968747,1.33220852094505e-08,0.0247687574405764,17,15
"DDR1","ENSG00000234078",-0.442528828125752,0.40305404626788,0.00955099780961595,0.0146571791193005,23,19
"BRD3OS","ENSG00000235106",-0.247655260220133,0.146018683335806,4.74680793732679e-05,0.0360843223333364,23,19
"PFDN6","ENSG00000235692",0.14724645782837,-0.107956131777971,0.0012238105109898,0.0150467074668624,23,19
"PNMA6A","ENSG00000235961",-0.534819685093718,0.37786837505281,0.0103765335113933,0.0201484905276461,19,16
"OR2I1P","ENSG00000237988",-0.45060428669157,-0.841213529281291,0.0363365818377078,0.0204305155261735,8,8
"HLA-DMA","ENSG00000239463",0.318484556801883,-0.468642037712091,0.0442362919749936,0.0101788873307065,15,9
"ARHGEF25","ENSG00000240771",-0.315014271176353,0.391315814851903,0.000361692406810225,0.0403216698757386,22,17
"MTFP1","ENSG00000242114",0.40428314517789,-0.459233496151313,0.000547195945642061,0.0255639185774096,23,19
"HLA-DMA","ENSG00000242685",0.318484556801883,-0.468642037712091,0.0442362919749936,0.0101788873307065,15,9
"RTL5","ENSG00000242732",-0.345063995352803,0.329621269153593,0.0150511225353022,0.0124810217339922,20,18
"HLA-DMA","ENSG00000243189",0.318484556801883,-0.468642037712091,0.0442362919749936,0.0101788873307065,15,9
"HLA-DMA","ENSG00000243215",0.318484556801883,-0.468642037712091,0.0442362919749936,0.0101788873307065,15,9
"STON1","ENSG00000243244",-0.417060909433687,0.435849432000446,0.0214183993557981,0.00870033666840642,22,18
"HLA-DMA","ENSG00000243719",0.318484556801883,-0.468642037712091,0.0442362919749936,0.0101788873307065,15,9
"ADH1C","ENSG00000248144",3.4377661690963,-2.47085801134007,8.18844382002513e-08,0.0352899592546768,11,13
"PCDHGA7","ENSG00000253537",-0.390114535709645,0.59115076887679,0.000289905780372627,0.0125954232403269,21,17
"PINX1","ENSG00000254093",0.133625912690003,-0.176018668974262,0.0490634651969041,0.000154869264714225,23,19
"MPV17L2","ENSG00000254858",0.319801188808749,-0.173767101491353,0.00030673213812274,0.0147002329282338,23,19
"PIGY","ENSG00000255072",0.221189651520669,-0.151710382283074,3.2368815266649e-11,0.00685683793569168,23,19
"OR8G3P","ENSG00000255425",0.467920503357329,-0.507773065208376,4.87887730197669e-05,0.0162333099741326,11,11
"ZNF350","ENSG00000256683",0.278464733996034,-0.226918575014452,0.0285186214912796,0.0152400782733734,23,19
"NHLRC4","ENSG00000257108",-0.772014673742654,0.752095975964589,7.73067643459225e-09,0.0178220620473155,18,14
"TRIM34","ENSG00000258659",-0.369481590508101,0.61992064763345,0.0312257732839837,0.0235806521034464,19,15
"PKLR","ENSG00000262785",0.3984309136663,0.910273876220981,0.048632996398679,0.0107081672151104,2,5
"CCNQ","ENSG00000262919",0.198755698098244,-0.148299549840068,0.0103439817279887,2.76498108269229e-12,23,19
"MSMB","ENSG00000263639",1.53246655339743,-0.887394734024348,0.000121686959717597,0.0032490011500542,12,15
"TIMM23","ENSG00000265354",0.27819813432597,-0.142094659708747,3.05120210604085e-11,0.0223542110848007,23,19
"FSBP","ENSG00000265817",0.588122942542912,-0.455941282450637,9.7458915255114e-07,0.00482242100965205,23,19
"RASSF5","ENSG00000266094",-0.613727719212412,0.482954441616616,5.55396864948293e-05,0.000274004602529823,23,19
"ZNF850","ENSG00000267041",0.189615944233874,-0.470348627997143,0.0368376918884576,0.00217525631835035,22,19
"S1PR2","ENSG00000267534",-0.221003412681829,0.228948148346802,0.01492617356652,0.0124017511673814,23,18
"ZNF587B","ENSG00000269343",0.22850240261139,-0.366320146089243,0.00133946032148209,0.000371038088576115,23,19
"ZNF595","ENSG00000272602",0.127611197538412,-0.119662308144616,0.0445901456168074,0.00600495111329954,22,19
"C2orf15","ENSG00000273045",-0.343210766931342,0.196006907696513,0.000497078002097838,0.0175934367908966,22,18
"FAM189A1","ENSG00000273564",-0.573862517008413,0.494368910021335,0.0435112115506201,0.0247545438702496,17,17
"MBOAT7","ENSG00000273592",-0.171620795846583,0.210841486198717,0.00823610325936852,0.036796145356324,23,19
"OCLN","ENSG00000273814",-0.433193505055431,0.744391792216154,0.00409989009660107,0.00373829296136175,23,19
"USP27X","ENSG00000273820",-0.115123339224976,0.236474913392415,0.0219069835599581,5.21932510434072e-15,23,18
"NATD1","ENSG00000274180",-0.486496347394322,0.639671690629575,0.00307661985920242,0.000155691921277956,23,19
"DGKK","ENSG00000274588",1.93777596558121,-3.40292568645884,0.0204757241381126,1.68997437690442e-05,3,6
"GLIS2","ENSG00000274636",-0.532902457821379,0.697680366042725,0.000398998499601746,0.00443501131551488,23,19
"ACACA","ENSG00000275176",0.500370644883355,-0.223450472279803,0.0017176329917343,0.0258741685339605,23,19
"H2AC15","ENSG00000275221",-0.28968487203343,0.445770941699222,0.0481035343782146,0.00285054715149916,19,16
"FAM120B","ENSG00000275333",-0.102941883964221,0.233338160862775,0.0267435103888205,0.0401572367000136,23,19
"PRAG1","ENSG00000275342",1.00381434848106,-0.871455576795061,9.71180106234297e-07,0.0194900261912058,23,19
"PDXDC1","ENSG00000275498",0.217979932137427,-0.128732589666842,0.0422116887260292,0.044559351597117,23,19
"TUBGCP5","ENSG00000275835",0.139364789356246,-0.152601633523797,0.00884100054410563,0.000878757468302396,23,19
"ABR","ENSG00000276016",-0.241065117867047,0.286640933255808,0.000199242682227213,0.00117109131120629,23,19
"MAPT","ENSG00000276155",-0.335734405746736,0.546675795666698,0.0374901231376537,0.0183903388066765,19,14
"ENSG00000276418","ENSG00000276418",1.89247369086301,-0.770118896239426,3.61097811599582e-12,0.0249771333047226,18,13
"PCDHGB5","ENSG00000276547",-0.342701516659453,0.520244075921825,0.02066265179505,0.0457157061310852,20,15
"MYT1","ENSG00000276876",-0.860680312796575,0.546703065116208,0.000622806174958597,0.0433743073222559,17,14
"IFI27L2","ENSG00000276879",-0.71470220004764,1.87112112403895,0.00531524292230269,0.0398032833555809,17,12
"ARHGEF26","ENSG00000277101",0.535651428519796,-0.931897383216059,0.00026501571260494,0.00111267352176855,23,19
"PCGF2","ENSG00000277258",-0.20747195269453,0.275545403520092,0.0461589272001657,0.0242840845158089,23,19
"SRCIN1","ENSG00000277363",-0.718848617903832,0.709887765138241,8.68135577848327e-08,0.00857513904035803,22,19
"ABCC1","ENSG00000278183",0.704205555479119,-0.325476235137173,0.000122562367927393,0.0166268728234526,23,19
"ACACA","ENSG00000278540",0.564174350366483,-0.248282503902991,7.74277064268919e-06,0.0227714105235929,23,19
"PCGF2","ENSG00000278644",-0.302770712790688,0.270714435846091,0.00379769176415946,0.00641016092919828,23,19
"LRP6","ENSG00000281324",-0.133676687949141,0.200929975535204,0.0293938796469877,0.0146790342686113,23,19
"FOXO6","ENSG00000281518",-0.405875662844075,0.402219005850972,0.00401281163265781,0.000228581027159106,20,18
"CTIF","ENSG00000282825",-0.161069259536667,0.390768623567329,0.0443323104936599,0.0190044425775163,23,19
"TBCE","ENSG00000282984",0.254399420830232,-0.272813784234476,0.00658740996389371,0.00852106329186093,23,18
"ID3","ENSG00000283060",-0.358601808321169,0.469610067831711,0.0391644922470748,0.0443307077296005,23,18
"IQCJ-SCHIP1","ENSG00000283154",-0.605815493184704,1.13710936267819,0.00820841083397106,9.03773544459068e-06,22,16
"NLGN2","ENSG00000283859",-0.180379089091333,0.195531948729222,0.0225690706233888,0.0334162415552505,23,19
"ENSG00000283963","ENSG00000283963",-0.679365318495093,1.38120337781857,0.0474167856355054,0.0493682267115875,9,8
"ENSG00000283989","ENSG00000283989",-0.679365318495093,1.38120337781857,0.0474167856355054,0.0493682267115875,9,8
"PLSCR3","ENSG00000284009",-0.14580471565789,0.181602539364661,0.00113051302448385,0.0311864725748275,23,19
"ENSG00000284036","ENSG00000284036",-0.679365318495093,1.38120337781857,0.0474167856355054,0.0493682267115875,9,8
"ENSG00000284151","ENSG00000284151",-0.679365318495093,1.38120337781857,0.0474167856355054,0.0493682267115875,9,8
"EEF2K","ENSG00000284161",0.393381706461931,-0.249354116879833,0.000476690661235078,0.000246021243590855,23,19
"ENSG00000284230","ENSG00000284230",-0.679365318495093,1.38120337781857,0.0474167856355054,0.0493682267115875,9,8
"TOP3A","ENSG00000284238",0.107542915676476,-0.254569098683888,0.0432862733582631,3.87326641375609e-05,23,19
"ENSG00000284287","ENSG00000284287",-0.679365318495093,1.38120337781857,0.0474167856355054,0.0493682267115875,9,8
"ENSG00000284512","ENSG00000284512",1.05884087796211,-0.936396072152943,0.000566630521426825,0.00175993486718858,21,13
"EPHA1","ENSG00000284816",-0.191485155423015,0.262430213814562,0.030142309176943,0.00971136822367362,21,18
"DCP1B","ENSG00000284850",-0.172450349621689,0.111932738886561,0.00113440815733354,0.0299325027947653,23,19
"PSME1","ENSG00000284916",-0.143787910760429,0.2391427792125,0.00551233399109644,0.0175182556477739,23,19
"TMEM14C","ENSG00000284936",0.161170291426195,-0.0968316876811934,0.0192415328338394,0.0331931950017642,23,19
"CHORDC1","ENSG00000285023",0.123542253247799,-0.224290238113333,0.046692710250318,0.0256064342250185,23,19
"TBCE","ENSG00000285053",0.254399420830232,-0.272813784234476,0.00658740996389371,0.00852106329186093,23,18
"PAK1IP1","ENSG00000285226",0.691491381368491,-0.408461653351174,0.000104229957757407,0.0067611709062876,23,19
"ENSG00000286235","ENSG00000286235",0.62973335550121,-0.472188373648658,0.0243205605676176,0.0455820694251196,18,11
"ENSG00000287542","ENSG00000287542",1.76222121417025,-0.862265021801623,1.07666994378299e-07,0.0296818407279981,22,18
"DNAJC18","ENSG00000288275",-0.162088312813353,0.171384455091319,0.000376507894746065,0.0493682267115875,23,19
"CYP11A1","ENSG00000288362",2.26130567675582,-1.79360498530795,4.15492422696691e-06,0.0167109969828491,10,8
"RBP5","ENSG00000288369",-0.601757492775442,0.918340886183564,4.49840162731792e-13,0.0128913835505409,18,12
"CLSTN3","ENSG00000288427",-0.465680856873014,0.500540132847059,1.17764655412114e-05,0.00192093024296073,23,19
"C1R","ENSG00000288512",-0.585731638632836,0.594832600074197,0.000384122041188791,0.0274403132947603,23,18
"DUS4L-BCAP29","ENSG00000288558",0.368228486096553,-0.387176306324533,0.00984411399397913,0.00642964269375562,23,19
"F8A1","ENSG00000288722",-0.11359364984885,0.146885913687919,0.00627638227393897,0.00778801148446992,23,19
"ENSG00000289746","ENSG00000289746",2.92256701812988,-2.31459769089741,1.53372723363205e-05,0.0108845817663929,16,13
