"cluster_id","study_id","gen_trattato","gen_controllo","stato","trattato","controllo"
"cgroup_L5_2e16719f","GSE100574",FALSE,FALSE,"trattamento","TGF-β1 ; treatment=TGF-β1","Vehicle Control ; treatment=vehicle"
"cgroup_L5_37942548","GSE100855",FALSE,FALSE,"trattamento","HeLa S3 cells treated with 1 uM retinoic acid for 7 hours ; cell_type=cervical","HeLa S3 cells treated with DMSO ; cell_type=cervical"
"cgroup_L5_37942548","GSE100855",FALSE,FALSE,"trattamento","HeLa S3 cells treated with 1 uM retinoic acid for 7 hours (replicates) ; cell_","HeLa S3 cells treated with DMSO (replicates) ; cell_"
"cgroup_L5_37942548","GSE100855",FALSE,FALSE,"trattamento","Engineered HeLa S3 cells treated with 1 uM retinoic acid for 7 hours ; cell_ty","Engineered HeLa S3 cells treated with DMSO ; cell_ty"
"cgroup_L5_37942548","GSE100855",FALSE,FALSE,"trattamento","Engineered HeLa S3 cells treated with 1 uM retinoic acid for 7 hours (replicat","Engineered HeLa S3 cells treated with DMSO (replicat"
"cgroup_L5_37942548","GSE100855",FALSE,FALSE,"trattamento","Engineered HeLa S3 cells treated with 1 uM retinoic acid for 7 hours (replicat","Engineered HeLa S3 cells treated with DMSO (replicat"
"cgroup_L5_37942548","GSE100855",FALSE,FALSE,"trattamento","Engineered HeLa S3 cells treated with 1 uM retinoic acid for 7 hours (replicat","Engineered HeLa S3 cells (KO38) treated with DMSO ; "
"cgroup_L5_37942548","GSE100855",FALSE,FALSE,"trattamento","Skin fibroblasts treated with 10 uM retinoic acid for 7 hours ; cell_type=skin","Skin fibroblasts treated with DMSO ; cell_type=skin "
"cgroup_L5_37942548","GSE100855",FALSE,FALSE,"trattamento","Skin fibroblasts treated with 10 uM retinoic acid for 7 hours (replicates) ; c","Skin fibroblasts treated with DMSO (replicates) ; ce"
"cgroup_L5_37942548","GSE100855",FALSE,FALSE,"trattamento","Engineered skin fibroblasts treated with 10 uM retinoic acid for 7 hours ; cel","Engineered skin fibroblasts treated with DMSO ; cell"
"cgroup_L5_37942548","GSE100855",FALSE,FALSE,"trattamento","Engineered skin fibroblasts treated with 10 uM retinoic acid for 7 hours (repl","Engineered skin fibroblasts treated with DMSO ; cell"
"cgroup_L5_37942548","GSE100855",FALSE,FALSE,"trattamento","Skin fibroblasts treated with 10 uM retinoic acid for 7 hours (replicates 2) ;","Skin fibroblasts treated with DMSO (replicates 2) ; "
"cgroup_L5_37942548","GSE100855",FALSE,FALSE,"trattamento","Skin fibroblasts treated with 10 uM retinoic acid for 7 hours (replicates 3) ;","Skin fibroblasts treated with DMSO (replicates 3) ; "
"cgroup_L5_37942548","GSE100855",FALSE,FALSE,"trattamento","Skin fibroblasts treated with 10 uM retinoic acid for 7 hours (replicates 4) ;","Skin fibroblasts treated with DMSO (replicates) ; ce"
"cgroup_L5_ea4a1823","GSE101216",FALSE,FALSE,"trattamento","calcium_high ; treatment=calcium_high ; time(hours)=48","control ; treatment=control ; time(hours)=24"
"cgroup_L5_344e058f","GSE101353",FALSE,FALSE,"trattamento","Healthy, basal cells, BMP4, M12 ; disease_state=healthy ; treatment=BMP4 ; tim","Healthy, basal cells, untreated ; disease_state=heal"
"cgroup_L5_c548d053","GSE101409",FALSE,FALSE,"trattamento","LPS 3h ; treatment=LPS ; time=3 hours","Mock control ; treatment=Mock control"
"cgroup_L5_c548d053","GSE101409",FALSE,FALSE,"trattamento","LPS + DMSO ; treatment=LPS","DMSO ; treatment=DMSO"
"cgroup_L5_c548d053","GSE101409",FALSE,FALSE,"trattamento","LPS + DMSO ; treatment=LPS","DMSO ; treatment=DMSO"
"cgroup_L5_021e875e","GSE101419",FALSE,FALSE,"trattamento","Cisplatin 2 mg/kg 29 days ; Treatment=Cisplatin","Control ; Treatment=Control"
"cgroup_L5_021e875e","GSE101419",FALSE,FALSE,"trattamento","Cisplatin 2 mg/kg 35 days ; Treatment=Cisplatin","Control ; Treatment=Control"
"cgroup_L5_83f57274","GSE101799",FALSE,FALSE,"trattamento","DIPG cells under hypoxia ; oxygen_condition=hypoxia ; disease_state=DIPG","DIPG cells under normoxia ; oxygen_condition=normoxi"
"cgroup_L5_83f57274","GSE101799",FALSE,FALSE,"trattamento","Glioblastoma cells under hypoxia ; oxygen_condition=hypoxia ; disease_state=gl","Glioblastoma cells under normoxia ; oxygen_condition"
"cgroup_L5_905be893","GSE101868",FALSE,FALSE,"trattamento","A549 IL1beta ; cell_type=A549 ; treatment=IL1beta","A549 media ; cell_type=A549 ; treatment=media"
"cgroup_L5_ee94648c","GSE101880",FALSE,FALSE,"trattamento","E. coli infected (Female, Newborn) ; bacterial_strain=E. coli ; sex=F ; develo","Unstimulated (Male) ; sex=M"
"cgroup_L5_c860712d","GSE101993",FALSE,FALSE,"trattamento","CFHBE Cystic Fibrosis ; disease_state=Cystic Fibrosis ; cell_type_or_line_raw=","Primary Human Bronchial Epithelial Cells Healthy ; d"
"cgroup_L5_c860712d","GSE101993",FALSE,FALSE,"trattamento","CFHBE Cystic Fibrosis ; disease_state=Cystic Fibrosis ; cell_type_or_line_raw=","Primary Human Bronchial Epithelial Cells Healthy (Br"
"cgroup_L5_c860712d","GSE101993",FALSE,FALSE,"trattamento","CFHBE Cystic Fibrosis ; disease_state=Cystic Fibrosis ; cell_type_or_line_raw=","Primary Human Tracheal Epithelial Cells Healthy ; di"
"cgroup_L5_930c8dcf","GSE102183",FALSE,FALSE,"trattamento","LNCaP Bag-1L C-terminal mutant (K231A, K232A, K279A) + DHT ; cell_line=LNCaP B","LNCaP Bag-1L C-terminal mutant (K231A, K232A, K279A)"
"cgroup_L5_930c8dcf","GSE102183",FALSE,FALSE,"trattamento","LNCaP Bag-1L wild-type cells + DHT ; cell_line=LNCaP Bag-1L wild-type cells ; ","LNCaP Bag-1L wild-type cells + EtOH ; cell_line=LNCa"
"cgroup_L5_535d97f6","GSE102209",FALSE,FALSE,"trattamento","xenograft_imatinib_1 ; treatment=imatinib ; cell_context=xenograft of patient ","xenograft_DMSO ; treatment=DMSO ; cell_context=xenog"
"cgroup_L5_aa8c1d6d","GSE102408",FALSE,FALSE,"trattamento","MDA-MB-231 + OTX015 ; treatment=OTX015","MDA-MB-231 + DMSO ; treatment=DMSO"
"cgroup_L5_721184e6","GSE102408",FALSE,FALSE,"trattamento","MDA-MB-231 + THZ1 ; treatment=THZ1","MDA-MB-231 + DMSO ; treatment=DMSO"
"cgroup_L5_d411c435","GSE102505",FALSE,FALSE,"trattamento","Tunicamycin-treated glioblastoma derived (ATCC) ; treatment=Tunicamycin ; cell","DMSO-treated glioblastoma derived (ATCC) ; treatment"
"cgroup_L5_d411c435","GSE102505",FALSE,FALSE,"trattamento","Tunicamycin-treated glioma derived stem cells ; treatment=Tunicamycin ; cell_t","DMSO-treated glioma derived stem cells ; treatment=D"
"cgroup_L5_d411c435","GSE102505",FALSE,FALSE,"trattamento","Tunicamycin-treated Normal Human Astrocytes ; treatment=Tunicamycin ; cell_typ","DMSO-treated Normal Human Astrocytes ; treatment=DMS"
"cgroup_L5_d411c435","GSE102505",FALSE,FALSE,"trattamento","Tunicamycin-treated Normal Human Astrocytes ; treatment=Tunicamycin ; cell_typ","DMSO-treated Normal Human Astrocytes ; treatment=DMS"
"cgroup_L5_d411c435","GSE102505",FALSE,FALSE,"trattamento","Tunicamycin-treated Normal Human Astrocytes ; treatment=Tunicamycin ; cell_typ","DMSO-treated Normal Human Astrocytes ; treatment=DMS"
"cgroup_L5_eba39954","GSE102556",FALSE,FALSE,"trattamento","Control, Smoker ; disease_state=Control ; smoking_status=Smoker","Control, Accident ; disease_state=Control ; smoking_"
"cgroup_L5_eba39954","GSE102556",FALSE,FALSE,"trattamento","Control, Smoker ; disease_state=Control ; smoking_status=Smoker","Control, Accident ; disease_state=Control ; smoking_"
"cgroup_L5_eba39954","GSE102556",FALSE,FALSE,"trattamento","Control, Smoker ; disease_state=Control ; smoking_status=Smoker","Control, Accident ; disease_state=Control ; smoking_"
"cgroup_L5_eba39954","GSE102556",FALSE,FALSE,"trattamento","Control, Smoker ; disease_state=Control ; smoking_status=Smoker","Control, Accident ; disease_state=Control ; smoking_"
"cgroup_L5_eba39954","GSE102556",FALSE,FALSE,"trattamento","Control, Smoker ; disease_state=Control ; smoking_status=Smoker","Control, Accident ; disease_state=Control ; smoking_"
"cgroup_L5_eba39954","GSE102556",FALSE,FALSE,"trattamento","Control, Smoker ; disease_state=Control ; smoking_status=Smoker","Control, Accident ; disease_state=Control ; smoking_"
"cgroup_L5_eba39954","GSE102556",FALSE,FALSE,"trattamento","Control, Smoker ; disease_state=Control ; smoking_status=Smoker","Control, Accident ; disease_state=Control ; smoking_"
"cgroup_L5_eba39954","GSE102556",FALSE,FALSE,"trattamento","Control, Smoker ; disease_state=Control ; smoking_status=Smoker","Control, Accident ; disease_state=Control ; smoking_"
"cgroup_L5_eba39954","GSE102556",FALSE,FALSE,"trattamento","Control, Smoker ; disease_state=Control ; smoking_status=Smoker","Control, Accident ; disease_state=Control ; smoking_"
"cgroup_L5_f34ff8df","GSE102639",FALSE,FALSE,"trattamento","A549 etoposide ; cell_line=A549 ; treatment=etoposide","A549 control ; cell_line=A549 ; treatment=none"
"cgroup_L5_2e16719f","GSE102674",FALSE,FALSE,"trattamento","TGFβ1 ; treatment=TGFβ1 ; cell_type=primary human lung fibroblasts ; passage=p","-vehicle ; treatment=vehicle_only ; cell_type=primar"
"cgroup_L5_c054e202","GSE102674",FALSE,FALSE,"trattamento","rapamycin ; treatment=rapamycin ; cell_type=primary human lung fibroblasts ; p","-vehicle ; treatment=vehicle_only ; cell_type=primar"
"cgroup_L5_2ec87595","GSE102677",FALSE,FALSE,"trattamento","PBMC + Metformin + MtbLysate ; treatment=metformin ; treatment=MtbLysate","PBMC + Unstimulated (Donor 1) ; treatment=unstimulat"
"cgroup_L5_2ec87595","GSE102677",FALSE,FALSE,"trattamento","PBMC + Metformin ; treatment=metformin","PBMC + Unstimulated (Donor 1) ; treatment=unstimulat"
"cgroup_L5_3f0cc1fe","GSE102746",FALSE,FALSE,"trattamento","Ulcerative Colitis CTd-111 ; disease_state=ulcerative_colitis ; cell_type_or_l","Normal NL-135 ; disease_state=normal ; cell_type_or_"
"cgroup_L5_3f0cc1fe","GSE102746",FALSE,FALSE,"trattamento","Ulcerative Colitis CTd-139 ; disease_state=ulcerative_colitis ; cell_type_or_l","Normal NL-137 ; disease_state=normal ; cell_type_or_"
"cgroup_L5_3f0cc1fe","GSE102746",FALSE,FALSE,"trattamento","Ulcerative Colitis CTd-140 ; disease_state=ulcerative_colitis ; cell_type_or_l","Normal NL-141 ; disease_state=normal ; cell_type_or_"
"cgroup_L5_3f0cc1fe","GSE102746",FALSE,FALSE,"trattamento","Ulcerative Colitis CTd-142 ; disease_state=ulcerative_colitis ; cell_type_or_l","Normal NL-143 ; disease_state=normal ; cell_type_or_"
"cgroup_L5_3f0cc1fe","GSE102746",FALSE,FALSE,"trattamento","Ulcerative Colitis CTd-146 ; disease_state=ulcerative_colitis ; cell_type_or_l","Normal NL-144 ; disease_state=normal ; cell_type_or_"
"cgroup_L5_3f0cc1fe","GSE102746",FALSE,FALSE,"trattamento","Ulcerative Colitis CTd-150 ; disease_state=ulcerative_colitis ; cell_type_or_l","Normal NL-145 ; disease_state=normal ; cell_type_or_"
"cgroup_L5_3f0cc1fe","GSE102746",FALSE,FALSE,"trattamento","Ulcerative Colitis CTd-151 ; disease_state=ulcerative_colitis ; cell_type_or_l","Normal NL-147 ; disease_state=normal ; cell_type_or_"
"cgroup_L5_3f0cc1fe","GSE102746",FALSE,FALSE,"trattamento","Ulcerative Colitis CTd-152 ; disease_state=ulcerative_colitis ; cell_type_or_l","Normal NL-148 ; disease_state=normal ; cell_type_or_"
"cgroup_L5_3f0cc1fe","GSE102746",FALSE,FALSE,"trattamento","Ulcerative Colitis CTd-153 ; disease_state=ulcerative_colitis ; cell_type_or_l","Normal NL-149 ; disease_state=normal ; cell_type_or_"
"cgroup_L5_3f0cc1fe","GSE102746",FALSE,FALSE,"trattamento","Ulcerative Colitis CTd-155 ; disease_state=ulcerative_colitis ; cell_type_or_l","Normal NL-156 ; disease_state=normal ; cell_type_or_"
"cgroup_L5_17b55386","GSE102812",FALSE,FALSE,"trattamento","FSHD ; disease_state=FSHD ; cell_type_or_line_raw=Immortalised Human Myoblasts","Control ; disease_state=Control ; cell_type_or_line_"
"cgroup_L5_aa8c1d6d","GSE102908",FALSE,FALSE,"trattamento","OVCAR8 cells treated with OTX015 at 100 nM for 24 hours ; cell_line=OVCAR8 ; t","OVCAR8 cells treated with DMSO ; cell_line=OVCAR8 ; "
"cgroup_L5_aa8c1d6d","GSE102908",FALSE,FALSE,"trattamento","OVCAR8 cells treated with OTX015 at 100 nM for 24 hours (replicate) ; cell_lin","OVCAR8 cells treated with DMSO ; cell_line=OVCAR8 ; "
"cgroup_L5_aa8c1d6d","GSE102908",FALSE,FALSE,"trattamento","OVCAR8 cells treated with OTX015 at 100 nM for 4 hours ; cell_line=OVCAR8 ; tr","OVCAR8 cells treated with DMSO ; cell_line=OVCAR8 ; "
"cgroup_L5_aa8c1d6d","GSE102908",FALSE,FALSE,"trattamento","SCCOHT1 cells treated with OTX015 at 100 nM for 24 hours ; cell_line=SCCOHT1 ;","SCCOHT1 cells treated with DMSO ; cell_line=SCCOHT1 "
"cgroup_L5_aa8c1d6d","GSE102908",FALSE,FALSE,"trattamento","SCCOHT1 cells treated with OTX015 at 100 nM for 24 hours (replicate) ; cell_li","SCCOHT1 cells treated with DMSO ; cell_line=SCCOHT1 "
"cgroup_L5_aa8c1d6d","GSE102908",FALSE,FALSE,"trattamento","SCCOHT1 cells treated with OTX015 at 100 nM for 4 hours ; cell_line=SCCOHT1 ; ","SCCOHT1 cells treated with DMSO ; cell_line=SCCOHT1 "
"cgroup_L5_aa8c1d6d","GSE102908",FALSE,FALSE,"trattamento","SCCOHT1 cells treated with OTX015 at 100 nM for 4 hours (replicate) ; cell_lin","SCCOHT1 cells treated with DMSO ; cell_line=SCCOHT1 "
"cgroup_L5_538960a6","GSE103147",FALSE,FALSE,"trattamento","mTb 180h ; treatment=mTb ; time=180 hours","unstim 180h ; treatment=unstim ; time=180 hours"
"cgroup_L5_538960a6","GSE103147",FALSE,FALSE,"trattamento","mTb 360h ; treatment=mTb ; time=360 hours","unstim 360h ; treatment=unstim ; time=360 hours"
"cgroup_L5_538960a6","GSE103147",FALSE,FALSE,"trattamento","mTb 540h ; treatment=mTb ; time=540 hours","unstim 540h ; treatment=unstim ; time=540 hours"
"cgroup_L5_2e16719f","GSE103293",FALSE,FALSE,"trattamento","A549 SAi14 TGFb1 ; treatment=TGFb1 ; genetic_background=SAi14","A549 SAi14 control ; treatment=control ; genetic_bac"
"cgroup_L5_c548d053","GSE103501",FALSE,FALSE,"trattamento","LPS-treated H-391 ; treatment=LPS ; donor=H-391","Medium-treated H-391 ; treatment=medium ; donor=H-39"
"cgroup_L5_c548d053","GSE103501",FALSE,FALSE,"trattamento","LPS-treated SYS-177 ; treatment=LPS ; donor=SYS-177","Medium-treated SYS-177 ; treatment=medium ; donor=SY"
"cgroup_L5_b9c77320","GSE103666",FALSE,FALSE,"trattamento","HIV-1 exposed ; treatment=HIV-1","Untreated ; treatment=untreated"
"cgroup_L5_b9c77320","GSE103666",FALSE,FALSE,"trattamento","HIV-1 exposed (additional) ; treatment=HIV-1","Untreated (additional) ; treatment=untreated"
"cgroup_L5_b9c77320","GSE103666",FALSE,FALSE,"trattamento","Infected ; treatment=HIV-1","Untreated ; treatment=untreated"
"cgroup_L5_b32ab7f6","GSE103930",FALSE,FALSE,"trattamento","PBMC CD4 + IL17A ; perturbation=IL17A","PBMC CD4 (untreated) ; perturbation=none"
"cgroup_L5_889ec305","GSE104178",FALSE,FALSE,"trattamento","Colorectal Cancer Tissue ; disease_state=colorectal cancer","Normal Mucosa ; disease_state=normal"
"cgroup_L5_83f57274","GSE104193",FALSE,FALSE,"trattamento","MCF10A Hypoxia ; cell_line=MCF10A ; oxygen_condition=hypoxia ; treatment=no_PP","MCF10A Normoxia ; cell_line=MCF10A ; oxygen_conditio"
"cgroup_L5_83f57274","GSE104193",FALSE,FALSE,"trattamento","MCF10A Hypoxia + PP242 ; cell_line=MCF10A ; oxygen_condition=hypoxia ; treatme","MCF10A Normoxia + PP242 ; cell_line=MCF10A ; oxygen_"
"cgroup_L5_83f57274","GSE104193",FALSE,FALSE,"trattamento","MDA-MB-231 Hypoxia ; cell_line=MDA-MB-231 ; oxygen_condition=hypoxia ; treatme","MDA-MB-231 Normoxia ; cell_line=MDA-MB-231 ; oxygen_"
"cgroup_L5_83f57274","GSE104193",FALSE,FALSE,"trattamento","MDA-MB-231 Hypoxia + PP242 ; cell_line=MDA-MB-231 ; oxygen_condition=hypoxia ;","MDA-MB-231 Normoxia + PP242 ; cell_line=MDA-MB-231 ;"
"cgroup_L5_c548d053","GSE104282",FALSE,FALSE,"trattamento","HIDS patient 1 stimulated with LPS ; disease_state=Hyper IgD Syndrome (HIDS) ;","HIDS patient 1 cultured in RPMI for 24h ; disease_st"
"cgroup_L5_c548d053","GSE104282",FALSE,FALSE,"trattamento","Healthy donor 1 stimulated with LPS ; disease_state=healthy ; perturbation=LPS","Healthy donor 1 cultured in RPMI for 24h ; disease_s"
"cgroup_L5_9bb4734d","GSE104348",FALSE,FALSE,"trattamento","IFNB treated (female) ; interferon_type=IFNB ; sex=F","Mock treated (female) ; interferon_type=mock ; sex=F"
"cgroup_L5_9bb4734d","GSE104348",FALSE,FALSE,"trattamento","IFNB treated (male) ; interferon_type=IFNB ; sex=M","Mock treated (male) ; interferon_type=mock ; sex=M"
"cgroup_L5_9bb4734d","GSE104348",FALSE,FALSE,"trattamento","IFNB treated (female) ; interferon_type=IFNB ; sex=F","Mock treated (female) ; interferon_type=mock ; sex=F"
"cgroup_L5_f2139c4f","GSE104462",FALSE,FALSE,"trattamento","Erastin-treated Bel-7402 cells ; treatment=Erastin ; cell_type=Bel-7402 cell ;","Control Bel-7402 cells ; treatment=control ; cell_ty"
"cgroup_L5_8958b27a","GSE104756",FALSE,FALSE,"trattamento","NGP cell line treated with nutlin ; treatment=nutlin ; cell_type_or_line_raw=N","NGP cell line treated with ethanol ; treatment=ethan"
"cgroup_L5_cfad03a8","GSE104766",FALSE,FALSE,"trattamento","Hepatoblastoma Tumor ; cell_context=tumour ; disease_state=Hepatoblastoma","Normal Liver ; cell_context=normal ; disease_state=n"
"cgroup_L5_cfad03a8","GSE104766",FALSE,FALSE,"trattamento","Hepatoblastoma Tumor Extracted Cells ; cell_context=tumour ; disease_state=Hep","Normal Liver ; cell_context=normal ; disease_state=n"
"cgroup_L5_f956ef98","GSE104869",FALSE,FALSE,"trattamento","TCDD ; Treatment=TCDD","DMSO ; Treatment=DMSO"
"cgroup_L5_03b38818","GSE104869",FALSE,FALSE,"trattamento","Vemurafenib ; Treatment=Vemurafenib","DMSO ; Treatment=DMSO"
"cgroup_L5_a6fd82fa","GSE104872",FALSE,FALSE,"trattamento","MCF7 + 4-hydroxytamoxifen 24h ; treatment=4-hydroxytamoxifen ; time=24h","MCF7 + ethanol 24h ; treatment=ethanol ; time=24h"
"cgroup_L5_99d7941a","GSE104917",FALSE,FALSE,"trattamento","Temozolomide 24h ; treatment=Temozolomide ; duration=24h","DMSO 24h ; treatment=DMSO ; duration=24h"
"cgroup_L5_99d7941a","GSE104917",FALSE,FALSE,"trattamento","Temozolomide 72h ; treatment=Temozolomide ; duration=72h","DMSO 72h ; treatment=DMSO ; duration=72h"
"cgroup_L5_964c6389","GSE105041",FALSE,FALSE,"trattamento","Astrocyte Progenitor Cell Huntington's Disease Male ; cell_type=Astrocyte Prog","Astrocyte Progenitor Cell Control Male ; cell_type=A"
"cgroup_L5_964c6389","GSE105041",FALSE,FALSE,"trattamento","Astrocyte Progenitor Cell Huntington's Disease Male High Rep ; cell_type=Astro","Astrocyte Progenitor Cell Control Female ; cell_type"
"cgroup_L5_964c6389","GSE105041",FALSE,FALSE,"trattamento","Glial Progenitor Cell Huntington's Disease Male ; cell_type=Glial Progenitor C","Glial Progenitor Cell Control Male ; cell_type=Glial"
"cgroup_L5_964c6389","GSE105041",FALSE,FALSE,"trattamento","Glial Progenitor Cell Huntington's Disease Female ; cell_type=Glial Progenitor","Glial Progenitor Cell Control Female ; cell_type=Gli"
"cgroup_L5_964c6389","GSE105041",FALSE,FALSE,"trattamento","Glial Progenitor Cell Huntington's Disease Male High Rep ; cell_type=Glial Pro","Glial Progenitor Cell Control Male High Rep ; cell_t"
"cgroup_L5_905be893","GSE105088",FALSE,FALSE,"trattamento","LNCaP + IL-1β ; cell_line=LNCaP ; treatment=IL-1β","LNCaP + DMEM medium ; cell_line=LNCaP ; treatment=DM"
"cgroup_L5_1d96b9da","GSE105160",FALSE,FALSE,"trattamento","Poly(I:C) Treated ; treatment=poly(I:C) ; dose=0.05 ug/cm2 ; duration=24 h ; p","Mock Transfected (Control) ; treatment=mock transfec"
"cgroup_L5_1d96b9da","GSE105160",FALSE,FALSE,"trattamento","Poly(I:C) Treated (Passage 13) ; treatment=poly(I:C) ; dose=0.05 ug/cm2 ; dura","Mock Transfected (Control) ; treatment=mock transfec"
"cgroup_L5_1d96b9da","GSE105160",FALSE,FALSE,"trattamento","Poly(I:C) + Mock Transfected ; treatment=poly(I:C) ; dose=0.05 ug/cm2 ; durati","Mock Transfected (Control) ; treatment=mock transfec"
"cgroup_L5_ba4af011","GSE105951",FALSE,FALSE,"trattamento","Irradiation ; Perturbation Type=Irradiation","Untreated Proliferating ; Perturbation Type=Untreate"
"cgroup_L5_387b0d1a","GSE106148",FALSE,FALSE,"trattamento","Type I diabetes ; disease_state=Type I diabetes","Non-diabetic control ; disease_state=non-diabetic co"
"cgroup_L5_a8015c98","GSE106336",FALSE,FALSE,"trattamento","Gemcitabine 10 µM ; treatment=Gemcitabine ; dose=10 µM","PBS vehicle control ; treatment=PBS"
"cgroup_L5_85083e38","GSE106608",FALSE,FALSE,"trattamento","Parkinson's Disease (Age 88, Male) ; disease_state=Parkinson's Disease ; age=8","Control (Age 66, Male) ; disease_state=control ; age"
"cgroup_L5_85083e38","GSE106608",FALSE,FALSE,"trattamento","Parkinson's Disease (Age 88, Male) ; disease_state=Parkinson's Disease ; age=8","Control (Age 72, Female) ; disease_state=control ; a"
"cgroup_L5_12228932","GSE106716",TRUE,TRUE,"contesto","SYK-KO + EGF ; genetic_knockout=SYK-KO ; treatment=EGF","SYK-KO ; genetic_knockout=SYK-KO ; treatment=No trea"
"cgroup_L5_12228932","GSE106716",TRUE,TRUE,"contesto","SYK-WT + EGF ; genetic_knockout=SYK-WT ; treatment=EGF","SYK-WT ; genetic_knockout=SYK-WT ; treatment=No trea"
"cgroup_L5_1d96b9da","GSE106885",FALSE,FALSE,"trattamento","Asthma human bronchial epithelium Poly I:C ; cell_context=Asthma human bronchi","Asthma human bronchial epithelium Sham (culture medi"
"cgroup_L5_1d96b9da","GSE106885",FALSE,FALSE,"trattamento","Normal human bronchial epithelium Poly I:C ; cell_context=Normal human bronchi","Normal human bronchial epithelium Sham (culture medi"
"cgroup_L5_f29dd3b3","GSE107363",FALSE,FALSE,"trattamento","RA Osteoblasts ; disease_state=rheumatoid arthritis","Normal Osteoblasts ; disease_state=normal"
"cgroup_L5_aecd610f","GSE107638",FALSE,FALSE,"trattamento","Cyto Schizophrenia ; disease_state=schizophrenia ; cell_type=Cyto","Cyto Control ; disease_state=control ; cell_type=Cyt"
"cgroup_L5_aecd610f","GSE107638",FALSE,FALSE,"trattamento","NeuN Schizophrenia ; disease_state=schizophrenia ; cell_type=NeuN","NeuN Control ; disease_state=control ; cell_type=Neu"
"cgroup_L5_aecd610f","GSE107638",FALSE,FALSE,"trattamento","OLIG2 Schizophrenia ; disease_state=schizophrenia ; cell_type=OLIG2","OLIG2 Control ; disease_state=control ; cell_type=OL"
"cgroup_L5_81b706c4","GSE107676",FALSE,FALSE,"trattamento","Paclitaxel treated ; treatment=paclitaxel ; cell_type_or_line_raw=A549","Vehicle control ; treatment=vehicle_only ; cell_type"
"cgroup_L5_7934174c","GSE107781",FALSE,FALSE,"trattamento","EPZ6438_1 ; treatment=EPZ6438 ; cell_type=C4-2B","DMSO ; treatment=DMSO ; cell_type=C4-2B"
"cgroup_L5_7934174c","GSE107781",FALSE,FALSE,"trattamento","EPZ6438_2 ; treatment=EPZ6438 ; cell_type=C4-2B","DMSO ; treatment=DMSO ; cell_type=C4-2B"
"cgroup_L5_49d55bfd","GSE108038",FALSE,FALSE,"trattamento","IL4 ; treatment=IL4 ; cell_type=Human Cortical Astrocytes ; passage_or_state=3","control ; treatment=control ; cell_type=Human Cortic"
"cgroup_L5_a32e5eaa","GSE108177",FALSE,FALSE,"trattamento","HCT116 cells treated with 5-aza-CdR ; cell_line=HCT116 ; treatment=5-aza-CdR","HCT116 cells treated with PBS ; cell_line=HCT116 ; t"
"cgroup_L5_a32e5eaa","GSE108177",FALSE,FALSE,"trattamento","HepG2 cells treated with 5-aza-CdR ; cell_line=HepG2 ; treatment=5-aza-CdR","HepG2 cells treated with PBS ; cell_line=HepG2 ; tre"
"cgroup_L5_a32e5eaa","GSE108177",FALSE,FALSE,"trattamento","HepG2 cells treated with 5-aza-CdR (second instance) ; cell_line=HepG2 ; treat","HepG2 cells treated with PBS ; cell_line=HepG2 ; tre"
"cgroup_L5_a32e5eaa","GSE108177",FALSE,FALSE,"trattamento","HL60 cells treated with 5-aza-CdR ; cell_line=HL60 ; treatment=5-aza-CdR","HL60 cells treated with PBS ; cell_line=HL60 ; treat"
"cgroup_L5_a32e5eaa","GSE108177",FALSE,FALSE,"trattamento","MCF7 cells treated with 5-aza-CdR ; cell_line=MCF7 ; treatment=5-aza-CdR","MCF7 cells treated with PBS ; cell_line=MCF7 ; treat"
"cgroup_L5_a12414d4","GSE108308",FALSE,FALSE,"trattamento","estradiol ; treatment=estradiol ; cell_line=MCF-7","vehicle ; treatment=vehicle ; cell_line=MCF-7"
"cgroup_L5_cf34c533","GSE108406",FALSE,FALSE,"trattamento","Nutlin-3 ; treatment=Nutlin-3 ; cell_line=H460 ; passage=10-15 ; disease_state","Control ; treatment=control ; cell_line=H460 ; passa"
"cgroup_L5_d9e23e09","GSE108621",FALSE,FALSE,"trattamento","TNF-α ; treatment=TNF-α","DMSO ; treatment=DMSO"
"cgroup_L5_4b901bf1","GSE108743",FALSE,FALSE,"trattamento","Psoriasis Skin-derived MSC Passage 5 ; disease_state=Psoriasis ; cell_type_or_","Normal Skin-derived MSC Passage 5 ; disease_state=No"
"cgroup_L5_f94b6180","GSE109062",FALSE,FALSE,"trattamento","R1881-treated ; treatment=R1881 ; cell_type=Primary human epididymis cells","Vehicle control (VC) ; treatment=vehicle ; cell_type"
"cgroup_L5_1d96b9da","GSE109181",FALSE,FALSE,"trattamento","poly(I:C) ; treatment=poly(I:C) ; cell_type_or_line_raw=Bone marrow Mesenchyma","Control ; treatment=control ; cell_type_or_line_raw="
"cgroup_L5_f51ff620","GSE109313",FALSE,FALSE,"trattamento","Asthmatic Nasal Epithelium ; disease_state=Asthmatic ; tissue_type=nasal epith","Normal Nasal Epithelium ; disease_state=Normal ; tis"
"cgroup_L5_f51ff620","GSE109313",FALSE,FALSE,"trattamento","Asthmatic Peripheral Blood ; disease_state=Asthmatic ; tissue_type=peripheral ","Normal Peripheral Blood ; disease_state=Normal ; tis"
"cgroup_L5_f51ff620","GSE109484",FALSE,FALSE,"trattamento","Asthmatic ; disease_state=Asthmatic","Healthy ; disease_state=Healthy"
"cgroup_L5_ff45f67e","GSE109535",FALSE,FALSE,"trattamento","Tcm PMA/ionomycin ; cell_type=Tcm ; treatment=PMA/ionomycin","Tcm untreated ; cell_type=Tcm ; treatment=untreated"
"cgroup_L5_aa8c1d6d","GSE109809",FALSE,FALSE,"trattamento","HCC1937 wild type BRCA1 OTX-015 ; treatment=OTX-015 ; cell_line=HCC1937 ; BRCA","HCC1937 wild type BRCA1 DMSO ; treatment=DMSO ; cell"
"cgroup_L5_aa8c1d6d","GSE109809",TRUE,TRUE,"contesto","HCC1937 stable OTX-015 ; treatment=OTX-015 ; cell_line=HCC1937 ; transgene=sta","HCC1937 stable DMSO ; treatment=DMSO ; cell_line=HCC"
"cgroup_L5_d631ee89","GSE110041",FALSE,FALSE,"trattamento","IL3 24h H50 ; treatment=IL3 ; time=24h","Vehicle 24h H50 ; treatment=vehicle ; time=24h"
"cgroup_L5_a32e5eaa","GSE110045",FALSE,FALSE,"trattamento","VU40T cells treated with decitabine ; treatment=decitabine","Untreated VU40T cells ; treatment=none"
"cgroup_L5_03b38818","GSE110054",FALSE,FALSE,"trattamento","M229 melanoma cell line, vemurafenib, 3d ; cell_line=M229 melanoma cell line ;","M229 melanoma cell line, DMSO, control ; cell_line=M"
"cgroup_L5_03b38818","GSE110054",FALSE,FALSE,"trattamento","M229 melanoma cell line, vemurafenib, 21d ; cell_line=M229 melanoma cell line ","M229 melanoma cell line, DMSO, control ; cell_line=M"
"cgroup_L5_03b38818","GSE110054",FALSE,FALSE,"trattamento","M229 melanoma cell line, vemurafenib, 2mo ; cell_line=M229 melanoma cell line ","M229 melanoma cell line, DMSO, control ; cell_line=M"
"cgroup_L5_03b38818","GSE110054",FALSE,FALSE,"trattamento","M229 melanoma cell line, vemurafenib, 90d ; cell_line=M229 melanoma cell line ","M229 melanoma cell line, DMSO, control ; cell_line=M"
"cgroup_L5_03b38818","GSE110054",FALSE,FALSE,"trattamento","M397 melanoma cell line, vemurafenib, 73d ; cell_line=M397 melanoma cell line ","M397 melanoma cell line, DMSO, control ; cell_line=M"
"cgroup_L5_03b38818","GSE110054",FALSE,FALSE,"trattamento","M397 melanoma cell line, vemurafenib, 21d ; cell_line=M397 melanoma cell line ","M397 melanoma cell line, DMSO, control ; cell_line=M"
"cgroup_L5_03b38818","GSE110054",FALSE,FALSE,"trattamento","M397 melanoma cell line, vemurafenib, 11d ; cell_line=M397 melanoma cell line ","M397 melanoma cell line, DMSO, control ; cell_line=M"
"cgroup_L5_03b38818","GSE110054",FALSE,FALSE,"trattamento","M397 melanoma cell line, vemurafenib, 3d ; cell_line=M397 melanoma cell line ;","M397 melanoma cell line, DMSO, control ; cell_line=M"
"cgroup_L5_702a5dea","GSE110397",FALSE,FALSE,"trattamento","H2030 cells treated with Trametinib ; treatment=Trametinib ; cell_line=H2030","H2030 cells treated with Vehicle ; treatment=Vehicle"
"cgroup_L5_702a5dea","GSE110397",FALSE,FALSE,"trattamento","H460 cells treated with Trametinib ; treatment=Trametinib ; cell_line=H460","H460 cells treated with Vehicle ; treatment=Vehicle "
"cgroup_L5_b6b8bc00","GSE110397",FALSE,FALSE,"trattamento","H460 cells treated with Palbociclib ; treatment=Palbociclib ; cell_line=H460","H460 cells treated with Vehicle ; treatment=Vehicle "
"cgroup_L5_3fa847fe","GSE110606",FALSE,FALSE,"trattamento","OA Chondrocytes ; disease_state=osteoarthritis ; age=56 ; sex=M","Healthy Chondrocytes ; disease_state=healthy ; age=3"
"cgroup_L5_4041e3af","GSE110709",FALSE,FALSE,"trattamento","IMR5 cells treated with GSK-J4 ; cell_line=IMR5 ; treatment=GSK-J4","IMR5 cells with no treatment ; cell_line=IMR5 ; trea"
"cgroup_L5_4041e3af","GSE110709",FALSE,FALSE,"trattamento","IMR5 cells treated with GSK-J4 for 72 hours ; cell_line=IMR5 ; treatment=GSK-J","IMR5 cells with no treatment ; cell_line=IMR5 ; trea"
"cgroup_L5_4041e3af","GSE110709",FALSE,FALSE,"trattamento","LAN5 cells treated with GSK-J4 for 72 hours ; cell_line=LAN5 ; treatment=GSK-J","LAN5 cells with no treatment ; cell_line=LAN5 ; trea"
"cgroup_L5_4041e3af","GSE110709",FALSE,FALSE,"trattamento","LAN5 cells treated with GSK-J4 for 72 hours ; cell_line=LAN5 ; treatment=GSK-J","LAN5 cells control ; cell_line=LAN5 ; treatment=no t"
"cgroup_L5_4041e3af","GSE110709",FALSE,FALSE,"trattamento","SK-N-BE(2) cells treated with GSK-J4 ; cell_line=SK-N-BE(2) ; treatment=GSK-J4","SK-N-BE(2) cells control ; cell_line=SK-N-BE(2) ; tr"
"cgroup_L5_4041e3af","GSE110709",FALSE,FALSE,"trattamento","SK-N-FI cells treated with GSK-J4 for 72 hours ; cell_line=SK-N-FI ; treatment","SK-N-FI cells control ; cell_line=SK-N-FI ; treatmen"
"cgroup_L5_c0d1d837","GSE110903",FALSE,FALSE,"trattamento","LNCAP, Enza, 48h ; cell_line=LNCAP ; perturbation=Enza","LNCAP, DMSO, 48h ; cell_line=LNCAP ; perturbation=DM"
"cgroup_L5_c860712d","GSE110935",FALSE,FALSE,"trattamento","CF Donor 3 ; disease_state=cystic_fibrosis ; donor_id=Donor 3","Healthy Control Donor 17 ; disease_state=normal ; do"
"cgroup_L5_f640365a","GSE110947",FALSE,FALSE,"trattamento","Hemin (4h) ; treatment=Hemin ; time=4 hours","Vehicle control (4h) ; treatment=vehicle ; time=4 ho"
"cgroup_L5_c548d053","GSE110947",FALSE,FALSE,"trattamento","LPS (4h) ; treatment=LPS ; time=4 hours","Vehicle control (4h) ; treatment=vehicle ; time=4 ho"
"cgroup_L5_d5e39a5d","GSE111006",FALSE,FALSE,"trattamento","Sarcopenia Case ; disease_state=sarcopenia ; age=76.8 ; sex=M ; ancestry_or_po","Normal Control ; disease_state=normal ; age=73.7 ; s"
"cgroup_L5_d5e39a5d","GSE111006",FALSE,FALSE,"trattamento","Sarcopenia Comparison ; disease_state=sarcopenia ; age=72.4 ; sex=M ; ancestry","Normal Control ; disease_state=normal ; age=73.7 ; s"
"cgroup_L5_35d1be10","GSE111009",FALSE,FALSE,"trattamento","MCF10A_Nutlin3A_5uM ; cell_context=MCF10A ; perturbation=Nutlin-3a","MCF10A_DMSO ; cell_context=MCF10A ; perturbation=DMS"
"cgroup_L5_35d1be10","GSE111009",FALSE,FALSE,"trattamento","MCF10A_Nutlin3A_5uM_rep ; cell_context=MCF10A ; perturbation=Nutlin-3a","MCF10A_DMSO ; cell_context=MCF10A ; perturbation=DMS"
"cgroup_L5_35d1be10","GSE111009",FALSE,FALSE,"trattamento","MCF10A_p53shRNA_Nutlin3A_5uM ; cell_context=MCF10A ; perturbation=Nutlin-3a","MCF10A_p53shRNA_DMSO ; cell_context=MCF10A ; perturb"
"cgroup_L5_35d1be10","GSE111009",FALSE,FALSE,"trattamento","MCF10A_p63shRNA_Nutlin3A_5uM ; cell_context=MCF10A ; perturbation=Nutlin-3a","MCF10A_DMSO ; cell_context=MCF10A ; perturbation=DMS"
"cgroup_L5_35d1be10","GSE111009",FALSE,FALSE,"trattamento","MCF10A_p63shRNA_Nutlin3A_5uM_rep ; cell_context=MCF10A ; perturbation=Nutlin-3","MCF10A_DMSO ; cell_context=MCF10A ; perturbation=DMS"
"cgroup_L5_35d1be10","GSE111009",FALSE,FALSE,"trattamento","Skin_Fibroblast_Nutlin3A_5uM_1h ; cell_context=Skin Fibroblast ; perturbation=","Skin_Fibroblast_DMSO ; cell_context=Skin Fibroblast "
"cgroup_L5_35d1be10","GSE111009",FALSE,FALSE,"trattamento","Skin_Fibroblast_Nutlin3A_5uM_3h ; cell_context=Skin Fibroblast ; perturbation=","Skin_Fibroblast_DMSO ; cell_context=Skin Fibroblast "
"cgroup_L5_35d1be10","GSE111009",FALSE,FALSE,"trattamento","Skin_Fibroblast_Nutlin3A_5uM_2h ; cell_context=Skin Fibroblast ; perturbation=","Skin_Fibroblast_DMSO ; cell_context=Skin Fibroblast "
"cgroup_L5_d5e39a5d","GSE111010",FALSE,FALSE,"trattamento","Sarcopenia (Age 89) ; disease_state=sarcopenia ; age=89","Healthy (Age 86) ; disease_state=healthy ; age=86"
"cgroup_L5_d5e39a5d","GSE111010",FALSE,FALSE,"trattamento","Sarcopenia (Age 65) ; disease_state=sarcopenia ; age=65","Healthy (Age 65) ; disease_state=healthy ; age=65"
"cgroup_L5_d5e39a5d","GSE111016",FALSE,FALSE,"trattamento","Sarcopenia patients ; disease_state=sarcopenia ; age=69 ; sex=M ; ancestry_or_","Healthy controls ; disease_state=healthy ; age=69 ; "
"cgroup_L5_8a54ddd6","GSE111379",FALSE,FALSE,"trattamento","HeyA8 cells treated with Doxorubicin (1) ; Treatment=Doxorubicin ; Cell Line=H","HeyA8 cells treated with DMSO ; Treatment=DMSO ; Cel"
"cgroup_L5_f34ff8df","GSE111379",FALSE,FALSE,"trattamento","HeyA8 cells treated with Etoposide ; Treatment=Etoposide ; Cell Line=HeyA8","HeyA8 cells treated with DMSO ; Treatment=DMSO ; Cel"
"cgroup_L5_8a54ddd6","GSE111379",FALSE,FALSE,"trattamento","HeyA8 cells treated with Doxorubicin (2) ; Treatment=Doxorubicin ; Cell Line=H","HeyA8 cells treated with DMSO ; Treatment=DMSO ; Cel"
"cgroup_L5_c548d053","GSE111927",FALSE,FALSE,"trattamento","Chorioamnionitis monocytes LPS-treated ; treatment=LPS ; disease_state=chorioa","Chorioamnionitis monocytes untreated ; treatment=non"
"cgroup_L5_c3ae78cd","GSE112057",FALSE,FALSE,"trattamento","Crohn's Disease ; disease_state=Crohn's Disease ; age=9 ; sex=F ; ancestry_or_","Healthy Control"
"cgroup_L5_3f0cc1fe","GSE112057",FALSE,FALSE,"trattamento","Ulcerative Colitis (Female) ; disease_state=Ulcerative Colitis ; sex=F ; ances","Healthy Control"
"cgroup_L5_3f0cc1fe","GSE112057",FALSE,FALSE,"trattamento","Ulcerative Colitis (Male) ; disease_state=Ulcerative Colitis ; sex=M ; ancestr","Healthy Control"
"cgroup_L5_522e9ebd","GSE112155",FALSE,FALSE,"trattamento","Keratoconus ; disease_state=Keratoconus","Healthy Control ; disease_state=Healthy"
"cgroup_L5_522e9ebd","GSE112155",FALSE,FALSE,"trattamento","Keratoconus ; disease_state=Keratoconus","Healthy Control Male ; disease_state=Healthy"
"cgroup_L5_522e9ebd","GSE112155",FALSE,FALSE,"trattamento","Keratoconus ; disease_state=Keratoconus","Healthy Control Myopia ; disease_state=Healthy"
"cgroup_L5_03d0ca7b","GSE112202",FALSE,FALSE,"trattamento","Follicular thyroid cancer - oncocytic variant + Digoxin ; treatment=Digoxin ; ","Follicular thyroid cancer - oncocytic variant + None"
"cgroup_L5_03d0ca7b","GSE112202",FALSE,FALSE,"trattamento","Follicular thyroid cancer + Digoxin ; treatment=Digoxin ; disease_state=Follic","Follicular thyroid cancer + None ; treatment=None ; "
"cgroup_L5_03d0ca7b","GSE112202",FALSE,FALSE,"trattamento","Papillary thyroid cancer + Digoxin ; treatment=Digoxin ; disease_state=Papilla","Papillary thyroid cancer + None ; treatment=None ; d"
"cgroup_L5_03d0ca7b","GSE112202",FALSE,FALSE,"trattamento","Follicular thyroid cancer - oncocytic variant (TERT mutant) + Digoxin ; treatm","Follicular thyroid cancer - oncocytic variant (TERT "
"cgroup_L5_03d0ca7b","GSE112202",FALSE,FALSE,"trattamento","Follicular thyroid cancer (TERT mutant) + Digoxin ; treatment=Digoxin ; diseas","Follicular thyroid cancer (TERT mutant) ; treatment="
"cgroup_L5_03d0ca7b","GSE112202",FALSE,FALSE,"trattamento","Follicular-variant papillary thyroid cancer + Digoxin ; treatment=Digoxin ; di","Follicular-variant papillary thyroid cancer + None ;"
"cgroup_L5_03d0ca7b","GSE112202",FALSE,FALSE,"trattamento","Papillary thyroid cancer (TERT mutant) + Digoxin ; treatment=Digoxin ; disease","Papillary thyroid cancer (TERT mutant) ; treatment=N"
"cgroup_L5_03d0ca7b","GSE112202",FALSE,FALSE,"trattamento","Papillary thyroid cancer (TERT mutant) + Digoxin ; treatment=Digoxin ; disease","Papillary thyroid cancer (TERT mutant) + None ; trea"
"cgroup_L5_aecd610f","GSE112523",FALSE,FALSE,"trattamento","Schizophrenia (Donor 20) ; disease_state=Schizophrenia ; donor_id=20","Control (Donor 21) ; disease_state=Control ; donor_i"
"cgroup_L5_aecd610f","GSE112523",FALSE,FALSE,"trattamento","Schizophrenia (Donor 9) ; disease_state=Schizophrenia ; donor_id=9","Control (Donor 21) ; disease_state=Control ; donor_i"
"cgroup_L5_a12414d4","GSE112568",FALSE,FALSE,"trattamento","SW620 + Estradiol ; treatment=estradiol ; dose=10 nM ; duration=24 hours","SW620 + DMSO ; treatment=DMSO"
"cgroup_L5_8b61f50b","GSE112883",FALSE,FALSE,"trattamento","4-OH Tamoxifen ; treatment=4-OH Tamoxifen ; cell_line=BT474","Vehicle (0.5% EtOH) ; treatment=Vehicle (0.5% EtOH) "
"cgroup_L5_a12414d4","GSE112983",FALSE,FALSE,"trattamento","Estradiol-treated HepG2 cells (1) ; treatment=estradiol ; cell_type=HepG2 ; di","DMSO-treated HepG2 cells ; treatment=DMSO ; cell_typ"
"cgroup_L5_a12414d4","GSE112983",FALSE,FALSE,"trattamento","Estradiol-treated HepG2 cells (2) ; treatment=estradiol ; cell_type=HepG2 ; di","DMSO-treated HepG2 cells ; treatment=DMSO ; cell_typ"
"cgroup_L5_49d55bfd","GSE113185",FALSE,FALSE,"trattamento","IL-4 ; treatment=IL-4","DMSO ; treatment=DMSO"
"cgroup_L5_a25d0964","GSE113185",FALSE,FALSE,"trattamento","IL-6 ; treatment=IL-6","DMSO ; treatment=DMSO"
"cgroup_L5_79a73ac5","GSE113210",FALSE,FALSE,"trattamento","influenza at AV ; viral_infection=influenza","Control CV"
"cgroup_L5_63e69fdc","GSE113524",FALSE,FALSE,"trattamento","Alzheimer's Disease Patient2 ; disease_state=Alzheimer's Disease","Healthy ; disease_state=Healthy"
"cgroup_L5_63e69fdc","GSE113524",FALSE,FALSE,"trattamento","Alzheimer's Disease Patient1 ; disease_state=Alzheimer's Disease","Healthy ; disease_state=Healthy"
"cgroup_L5_b71a25a2","GSE113604",FALSE,FALSE,"trattamento","Cado-ES + JQ1 ; cell_line=Cado-ES ; perturbation=JQ1","Cado-ES + DMSO ; cell_line=Cado-ES ; perturbation=DM"
"cgroup_L5_b71a25a2","GSE113604",FALSE,FALSE,"trattamento","CHLA10 + JQ1 ; cell_line=CHLA10 ; perturbation=JQ1","CHLA10 + DMSO ; cell_line=CHLA10 ; perturbation=DMSO"
"cgroup_L5_b71a25a2","GSE113604",FALSE,FALSE,"trattamento","RD-ES + JQ1 ; cell_line=RD-ES ; perturbation=JQ1","RD-ES + DMSO ; cell_line=RD-ES ; perturbation=DMSO"
"cgroup_L5_b71a25a2","GSE113604",FALSE,FALSE,"trattamento","SK-N-MC + JQ1 ; cell_line=SK-N-MC ; perturbation=JQ1","SK-N-MC + DMSO ; cell_line=SK-N-MC ; perturbation=DM"
"cgroup_L5_81b706c4","GSE113685",FALSE,FALSE,"trattamento","HS 578T + Paclitaxel ; cell_line=HS 578T ; treatment=Paclitaxel","HS 578T + DMSO ; cell_line=HS 578T ; treatment=DMSO"
"cgroup_L5_81b706c4","GSE113685",FALSE,FALSE,"trattamento","HS 578T + Paclitaxel ; cell_line=HS 578T ; treatment=Paclitaxel","HS 578T + DMSO ; cell_line=HS 578T ; treatment=DMSO"
"cgroup_L5_b71a25a2","GSE113711",FALSE,FALSE,"trattamento","JQ1 3h ; treatment=JQ1 ; time=3 hours","DMSO 3h ; treatment=DMSO ; time=3 hours"
"cgroup_L5_b71a25a2","GSE113711",FALSE,FALSE,"trattamento","JQ1 6h ; treatment=JQ1 ; time=6 hours","DMSO 6h ; treatment=DMSO ; time=6 hours"
"cgroup_L5_b71a25a2","GSE113711",FALSE,FALSE,"trattamento","JQ1 12h ; treatment=JQ1 ; time=12 hours","DMSO 12h ; treatment=DMSO ; time=12 hours"
"cgroup_L5_b71a25a2","GSE113711",FALSE,FALSE,"trattamento","JQ1 24h ; treatment=JQ1 ; time=24 hours","DMSO 24h ; treatment=DMSO ; time=24 hours"
"cgroup_L5_455fe91d","GSE113753",FALSE,FALSE,"trattamento","DAOY + DAPT ; treatment=DAPT ; cell_line=DAOY","DAOY + FC (control) ; treatment=FC (control) ; cell_"
"cgroup_L5_455fe91d","GSE113753",TRUE,TRUE,"contesto","Transgenic DAOY + DAPT ; treatment=DAPT ; cell_line=Transgenic DAOY","Transgenic DAOY + DMSO ; treatment=DMSO ; cell_line="
"cgroup_L5_b6b8bc00","GSE113922",FALSE,FALSE,"trattamento","PDX pancreatic cancer, donor 1222, palbociclib ; treatment=palbociclib ; donor","PDX pancreatic cancer, vehicle control ; treatment=v"
"cgroup_L5_b6b8bc00","GSE113922",FALSE,FALSE,"trattamento","PDX pancreatic cancer, donor 1013, palbociclib ; treatment=palbociclib ; donor","PDX pancreatic cancer, donor 1013, vehicle control ;"
"cgroup_L5_b6b8bc00","GSE113922",FALSE,FALSE,"trattamento","PDX pancreatic cancer, donor 1013, palbociclib ; treatment=palbociclib ; donor","PDX pancreatic cancer, vehicle control ; treatment=v"
"cgroup_L5_b6b8bc00","GSE113922",FALSE,FALSE,"trattamento","PDX pancreatic cancer, palbociclib ; treatment=palbociclib","PDX pancreatic cancer, vehicle control ; treatment=v"
"cgroup_L5_b6b8bc00","GSE113922",FALSE,FALSE,"trattamento","PDX pancreatic cancer, donor 226, palbociclib ; treatment=palbociclib ; donor_","PDX pancreatic cancer, vehicle control ; treatment=v"
"cgroup_L5_b6b8bc00","GSE113922",FALSE,FALSE,"trattamento","PDX pancreatic cancer, donor 226, palbociclib ; treatment=palbociclib ; donor_","PDX pancreatic cancer, vehicle control ; treatment=v"
"cgroup_L5_c5e86fe9","GSE114273",FALSE,FALSE,"trattamento","LNCaP + olaparib ; treatment=olaparib ; cell_line=LNCaP ; disease_state=prosta","LNCaP + DMSO ; treatment=DMSO ; cell_line=LNCaP ; di"
"cgroup_L5_fea19ca0","GSE114284",FALSE,FALSE,"trattamento","BEAS-2B + IFNβ (0.2 ng/ml) ; treatment=IFNβ ; genotype=wild-type","BEAS-2B + untreated ; treatment=untreated ; genotype"
"cgroup_L5_83f57274","GSE114519",FALSE,FALSE,"trattamento","Hypoxia-treated NK cells ; oxygen_condition=hypoxia","Normoxia-treated NK cells ; oxygen_condition=normoxi"
"cgroup_L5_004d293d","GSE114575",FALSE,FALSE,"trattamento","lapatinib ; treatment=lapatinib","untreated SKBr3"
"cgroup_L5_004d293d","GSE114686",FALSE,FALSE,"trattamento","Lapatinib 3 µM 6h ; treatment=Lapatinib ; concentration=3 µM ; duration=6 hour","DMSO 0.001 µM 6h ; treatment=DMSO ; concentration=0."
"cgroup_L5_efced505","GSE114686",FALSE,FALSE,"trattamento","Sunitinib 1 µM 24h ; treatment=Sunitinib ; concentration=1 µM ; duration=24 ho","DMSO 0.001 µM 24h ; treatment=DMSO ; concentration=0"
"cgroup_L5_efced505","GSE114686",FALSE,FALSE,"trattamento","Sunitinib 10 µM 24h ; treatment=Sunitinib ; concentration=10 µM ; duration=24 ","DMSO 0.001 µM 24h ; treatment=DMSO ; concentration=0"
"cgroup_L5_efced505","GSE114686",FALSE,FALSE,"trattamento","Sunitinib 3 µM 24h ; treatment=Sunitinib ; concentration=3 µM ; duration=24 ho","DMSO 0.001 µM 24h ; treatment=DMSO ; concentration=0"
"cgroup_L5_efced505","GSE114686",FALSE,FALSE,"trattamento","Sunitinib 3 µM 168h ; treatment=Sunitinib ; concentration=3 µM ; duration=168 ","DMSO 0.001 µM 168h ; treatment=DMSO ; concentration="
"cgroup_L5_6df6a50e","GSE114686",FALSE,FALSE,"trattamento","Sorafenib 1 µM 24h ; treatment=Sorafenib ; concentration=1 µM ; duration=24 ho","DMSO 0.001 µM 24h ; treatment=DMSO ; concentration=0"
"cgroup_L5_6df6a50e","GSE114686",FALSE,FALSE,"trattamento","Sorafenib 10 µM 24h ; treatment=Sorafenib ; concentration=10 µM ; duration=24 ","DMSO 0.001 µM 24h ; treatment=DMSO ; concentration=0"
"cgroup_L5_6df6a50e","GSE114686",FALSE,FALSE,"trattamento","Sorafenib 3 µM 168h ; treatment=Sorafenib ; concentration=3 µM ; duration=168 ","DMSO 0.001 µM 168h ; treatment=DMSO ; concentration="
"cgroup_L5_004d293d","GSE114686",FALSE,FALSE,"trattamento","Lapatinib 10 µM 24h ; treatment=Lapatinib ; concentration=10 µM ; duration=24 ","DMSO 0.001 µM 24h ; treatment=DMSO ; concentration=0"
"cgroup_L5_efced505","GSE114686",FALSE,FALSE,"trattamento","Sunitinib 3 µM 168h ; treatment=Sunitinib ; concentration=3 µM ; duration=168 ","DMSO 0.001 µM 168h ; treatment=DMSO ; concentration="
"cgroup_L5_efced505","GSE114686",FALSE,FALSE,"trattamento","Sunitinib 3 µM 24h ; treatment=Sunitinib ; concentration=3 µM ; duration=24 ho","DMSO 0.001 µM 24h ; treatment=DMSO ; concentration=0"
"cgroup_L5_2987cdb6","GSE114686",FALSE,FALSE,"trattamento","Erlotinib 1 µM 24h ; treatment=Erlotinib ; concentration=1 µM ; duration=24 ho","DMSO 0.001 µM 24h ; treatment=DMSO ; concentration=0"
"cgroup_L5_2987cdb6","GSE114686",FALSE,FALSE,"trattamento","Erlotinib 1 µM 24h ; treatment=Erlotinib ; concentration=1 µM ; duration=24 ho","DMSO 0.001 µM 24h ; treatment=DMSO ; concentration=0"
"cgroup_L5_2987cdb6","GSE114686",FALSE,FALSE,"trattamento","Erlotinib 10 µM 24h ; treatment=Erlotinib ; concentration=10 µM ; duration=24 ","DMSO 0.001 µM 24h ; treatment=DMSO ; concentration=0"
"cgroup_L5_2987cdb6","GSE114686",FALSE,FALSE,"trattamento","Erlotinib 3 µM 24h ; treatment=Erlotinib ; concentration=3 µM ; duration=24 ho","DMSO 0.001 µM 24h ; treatment=DMSO ; concentration=0"
"cgroup_L5_2987cdb6","GSE114686",FALSE,FALSE,"trattamento","Erlotinib 3 µM 6h ; treatment=Erlotinib ; concentration=3 µM ; duration=6 hour","DMSO 0.001 µM 6h ; treatment=DMSO ; concentration=0."
"cgroup_L5_efced505","GSE114686",FALSE,FALSE,"trattamento","Sunitinib 10 µM 24h ; treatment=Sunitinib ; concentration=10 µM ; duration=24 ","DMSO 0.001 µM 24h ; treatment=DMSO ; concentration=0"
"cgroup_L5_efced505","GSE114686",FALSE,FALSE,"trattamento","Sunitinib 3 µM 6h ; treatment=Sunitinib ; concentration=3 µM ; duration=6 hour","DMSO 0.001 µM 6h ; treatment=DMSO ; concentration=0."
"cgroup_L5_efced505","GSE114686",FALSE,FALSE,"trattamento","Sunitinib 1 µM 24h ; treatment=Sunitinib ; concentration=1 µM ; duration=24 ho","DMSO 0.001 µM 24h ; treatment=DMSO ; concentration=0"
"cgroup_L5_efced505","GSE114686",FALSE,FALSE,"trattamento","Sunitinib 3 µM 6h ; treatment=Sunitinib ; concentration=3 µM ; duration=6 hour","DMSO 0.001 µM 6h ; treatment=DMSO ; concentration=0."
"cgroup_L5_004d293d","GSE114686",FALSE,FALSE,"trattamento","Lapatinib 1 µM 24h ; treatment=Lapatinib ; concentration=1 µM ; duration=24 ho","DMSO 0.001 µM 24h ; treatment=DMSO ; concentration=0"
"cgroup_L5_004d293d","GSE114686",FALSE,FALSE,"trattamento","Lapatinib 10 µM 24h ; treatment=Lapatinib ; concentration=10 µM ; duration=24 ","DMSO 0.001 µM 24h ; treatment=DMSO ; concentration=0"
"cgroup_L5_004d293d","GSE114686",FALSE,FALSE,"trattamento","Lapatinib 3 µM 24h ; treatment=Lapatinib ; concentration=3 µM ; duration=24 ho","DMSO 0.001 µM 24h ; treatment=DMSO ; concentration=0"
"cgroup_L5_004d293d","GSE114686",FALSE,FALSE,"trattamento","Lapatinib 3 µM 6h ; treatment=Lapatinib ; concentration=3 µM ; duration=6 hour","DMSO 0.001 µM 6h ; treatment=DMSO ; concentration=0."
"cgroup_L5_6df6a50e","GSE114686",FALSE,FALSE,"trattamento","Sorafenib 3 µM 6h ; treatment=Sorafenib ; concentration=3 µM ; duration=6 hour","DMSO 0.001 µM 6h ; treatment=DMSO ; concentration=0."
"cgroup_L5_2987cdb6","GSE114686",FALSE,FALSE,"trattamento","Erlotinib 10 µM 24h ; treatment=Erlotinib ; concentration=10 µM ; duration=24 ","DMSO 0.001 µM 24h ; treatment=DMSO ; concentration=0"
"cgroup_L5_2987cdb6","GSE114686",FALSE,FALSE,"trattamento","Erlotinib 3 µM 168h ; treatment=Erlotinib ; concentration=3 µM ; duration=168 ","DMSO 0.001 µM 168h ; treatment=DMSO ; concentration="
"cgroup_L5_2987cdb6","GSE114686",FALSE,FALSE,"trattamento","Erlotinib 3 µM 6h ; treatment=Erlotinib ; concentration=3 µM ; duration=6 hour","DMSO 0.001 µM 6h ; treatment=DMSO ; concentration=0."
"cgroup_L5_004d293d","GSE114686",FALSE,FALSE,"trattamento","Lapatinib 1 µM 24h ; treatment=Lapatinib ; concentration=1 µM ; duration=24 ho","DMSO 0.001 µM 24h ; treatment=DMSO ; concentration=0"
"cgroup_L5_004d293d","GSE114686",FALSE,FALSE,"trattamento","Lapatinib 10 µM 24h ; treatment=Lapatinib ; concentration=10 µM ; duration=24 ","DMSO 0.001 µM 24h ; treatment=DMSO ; concentration=0"
"cgroup_L5_004d293d","GSE114686",FALSE,FALSE,"trattamento","Lapatinib 3 µM 168h ; treatment=Lapatinib ; concentration=3 µM ; duration=168 ","DMSO 0.001 µM 168h ; treatment=DMSO ; concentration="
"cgroup_L5_004d293d","GSE114686",FALSE,FALSE,"trattamento","Lapatinib 3 µM 24h ; treatment=Lapatinib ; concentration=3 µM ; duration=24 ho","DMSO 0.001 µM 24h ; treatment=DMSO ; concentration=0"
"cgroup_L5_6df6a50e","GSE114686",FALSE,FALSE,"trattamento","Sorafenib 3 µM 24h ; treatment=Sorafenib ; concentration=3 µM ; duration=24 ho","DMSO 0.001 µM 24h ; treatment=DMSO ; concentration=0"
"cgroup_L5_004d293d","GSE114686",FALSE,FALSE,"trattamento","Lapatinib 1 µM 24h ; treatment=Lapatinib ; concentration=1 µM ; duration=24 ho","DMSO 0.001 µM 24h ; treatment=DMSO ; concentration=0"
"cgroup_L5_b2affd22","GSE114691",FALSE,FALSE,"trattamento","Preeclampsia PE3 ; disease_state=preeclampsia ; cell_type=PE3","Healthy Control ; disease_state=control"
"cgroup_L5_c13b1103","GSE115193",FALSE,FALSE,"trattamento","NAFLD ; disease_state=NAFLD","Healthy Control ; disease_state=healthy"
"cgroup_L5_3824dc37","GSE115193",FALSE,FALSE,"trattamento","NASH ; disease_state=NASH","Healthy Control ; disease_state=healthy"
"cgroup_L5_905be893","GSE115311",FALSE,FALSE,"trattamento","ES-derived mesenchymal stem cells, IL1b stimulation ; cell_type=ES-derived mes","ES-derived mesenchymal stem cells, undifferentiated,"
"cgroup_L5_d9e23e09","GSE115311",FALSE,FALSE,"trattamento","ES-derived mesenchymal stem cells, TNFa stimulation ; cell_type=ES-derived mes","ES-derived mesenchymal stem cells, undifferentiated,"
"cgroup_L5_905be893","GSE115311",FALSE,FALSE,"trattamento","ES-derived mesenchymal stem cells, IL1b stimulation (duplicate) ; cell_type=ES","ES-derived mesenchymal stem cells, undifferentiated,"
"cgroup_L5_d9e23e09","GSE115311",FALSE,FALSE,"trattamento","ES-derived vascular smooth muscle cells, TNFa stimulation ; cell_type=ES-deriv","ES-derived vascular smooth muscle cells, untreated ;"
"cgroup_L5_3eaa92c9","GSE115421",FALSE,FALSE,"trattamento","Rosiglitazone-treated hASC-derived Adipocytes (fourth batch) ; treatment=rosig","DMSO-treated hASC-derived Adipocytes ; treatment=DMS"
"cgroup_L5_3eaa92c9","GSE115421",FALSE,FALSE,"trattamento","Rosiglitazone-treated hASC-derived Adipocytes (fifth batch) ; treatment=rosigl","DMSO-treated hASC-derived Adipocytes ; treatment=DMS"
"cgroup_L5_eb5e1e65","GSE115514",FALSE,FALSE,"trattamento","Monocytes treated with Dexamethasone (Dex) ; treatment=Dexamethasone (Dex) ; d","Monocytes treated with DMSO vehicle ; treatment=DMSO"
"cgroup_L5_03d0ca7b","GSE115542",FALSE,FALSE,"trattamento","Medulloblastoma brain tissue treated with digoxin ; treatment=digoxin ; diseas","Untreated medulloblastoma brain tissue ; treatment=n"
"cgroup_L5_17b55386","GSE115650",FALSE,FALSE,"trattamento","FSHD male 25 years old ; disease_state=FSHD ; age=25 ; sex=M","Control 1 ; disease_state=Control"
"cgroup_L5_17b55386","GSE115650",FALSE,FALSE,"trattamento","FSHD male 25 years old ; disease_state=FSHD ; age=25 ; sex=M","Control 2 ; disease_state=Control"
"cgroup_L5_17b55386","GSE115650",FALSE,FALSE,"trattamento","FSHD male 59 years old ; disease_state=FSHD ; age=59 ; sex=M","Control 1 ; disease_state=Control"
"cgroup_L5_17b55386","GSE115650",FALSE,FALSE,"trattamento","FSHD male 59 years old ; disease_state=FSHD ; age=59 ; sex=M","Control 2 ; disease_state=Control"
"cgroup_L5_17b55386","GSE115650",FALSE,FALSE,"trattamento","FSHD female 52 years old ; disease_state=FSHD ; age=52 ; sex=F","Control 1 ; disease_state=Control"
"cgroup_L5_17b55386","GSE115650",FALSE,FALSE,"trattamento","FSHD female 52 years old ; disease_state=FSHD ; age=52 ; sex=F","Control 2 ; disease_state=Control"
"cgroup_L5_17b55386","GSE115650",FALSE,FALSE,"trattamento","FSHD male 59 years old (total RNA) ; disease_state=FSHD ; age=59 ; sex=M ; rna","Control 1 ; disease_state=Control"
"cgroup_L5_17b55386","GSE115650",FALSE,FALSE,"trattamento","FSHD male 59 years old (total RNA) ; disease_state=FSHD ; age=59 ; sex=M ; rna","Control 2 ; disease_state=Control"
"cgroup_L5_17b55386","GSE115650",FALSE,FALSE,"trattamento","FSHD male 59 years old ; disease_state=FSHD ; age=59 ; sex=M","Control 3 ; disease_state=Control"
"cgroup_L5_e294a3bc","GSE115862",FALSE,FALSE,"trattamento","SK-N-SH WT neuroblastoma cells, DRB ; cell_context=SK-N-SH WT neuroblastoma ce","SK-N-SH WT neuroblastoma cells, DMSO ; cell_context="
"cgroup_L5_e294a3bc","GSE115862",FALSE,FALSE,"trattamento","SK-N-SH neuroblastoma cells, DRB ; cell_context=SK-N-SH neuroblastoma cells ; ","SK-N-SH neuroblastoma cells, no treatment ; cell_con"
"cgroup_L5_721184e6","GSE116282",FALSE,FALSE,"trattamento","COV362_THZ1_250nM ; cell_line=COV362 ; treatment=THZ1_250nM","COV362_DMSO ; cell_line=COV362 ; treatment=DMSO"
"cgroup_L5_721184e6","GSE116282",FALSE,FALSE,"trattamento","KURAMOCHI_THZ1_250nM ; cell_line=KURAMOCHI ; treatment=THZ1_250nM","KURAMOCHI_DMSO ; cell_line=KURAMOCHI ; treatment=DMS"
"cgroup_L5_f29dd3b3","GSE116899",FALSE,FALSE,"trattamento","RA blood neutrophils ; disease_state=Rheumatoid arthritis ; tissue=Blood","Healthy blood neutrophils ; disease_state=Healthy ; "
"cgroup_L5_be15b706","GSE116927",FALSE,FALSE,"trattamento","IL13 ; treatment=IL13","Vehicle ; treatment=Vehicle"
"cgroup_L5_c040a36d","GSE117313",FALSE,FALSE,"trattamento","Renal Cell Carcinoma Cultures (Donor 80) ; disease_state=renal_cell_carcinoma ","Healthy Kidney Cortex Tubule Cultures (Donor 62) ; d"
"cgroup_L5_c040a36d","GSE117313",FALSE,FALSE,"trattamento","Renal Cell Carcinoma Cultures (Donor 62) ; disease_state=renal_cell_carcinoma ","Healthy Kidney Cortex Tubule Cultures (Donor 62) ; d"
"cgroup_L5_2e16719f","GSE117329",FALSE,FALSE,"trattamento","TGFb1 24h ; treatment=TGFb1 ; time=24 hours","Untreated 24h ; treatment=untreated ; time=24 hours"
"cgroup_L5_2e16719f","GSE117329",FALSE,FALSE,"trattamento","TGFb1 48h ; treatment=TGFb1 ; time=48 hours","Untreated 48h ; treatment=untreated ; time=48 hours"
"cgroup_L5_2e16719f","GSE117329",FALSE,FALSE,"trattamento","TGFb1 72h ; treatment=TGFb1 ; time=72 hours","Untreated 72h ; treatment=untreated ; time=72 hours"
"cgroup_L5_4b901bf1","GSE117405",FALSE,FALSE,"trattamento","Conventional Psoriatic Skin 2 ; disease_state=psoriasis ; cell_type_or_line_ra","Healthy Control Skin ; disease_state=healthy control"
"cgroup_L5_93068469","GSE117446",FALSE,FALSE,"trattamento","BT245-5AZA-R2 - Treated with 5-azacytidine ; treatment=5-azacytidine ; genetic","Tumor - None ; treatment=none ; genetic_modification"
"cgroup_L5_93068469","GSE117446",FALSE,FALSE,"trattamento","Glioma Cell Line 5-azacytidine ; Treatment=5-azacytidine ; Cell Context=Cell L","Glioma Cell Line DMSO ; Treatment=DMSO ; Cell Contex"
"cgroup_L5_41f7b088","GSE117610",FALSE,FALSE,"trattamento","PC9 NSCLC cells treated with Gefitinib ; treatment=Gefitinib ; cell_line=PC9 ;","Untreated PC9 NSCLC cells ; treatment=untreated ; ce"
"cgroup_L5_f29dd3b3","GSE117769",FALSE,FALSE,"trattamento","Rheumatoid arthritis patient SN393 ; disease_state=Rheumatoid arthritis ; trea","Healthy donor C137 ; disease_state=Healthy ; treatme"
"cgroup_L5_c3ae78cd","GSE117875",FALSE,FALSE,"trattamento","Crohn's disease ileum adolescent ; disease_state=Crohn's disease ; tissue=ileu","Healthy ileum adolescent ; disease_state=healthy con"
"cgroup_L5_f832048f","GSE117970",FALSE,FALSE,"trattamento","Monocytes - Breast Cancer Patients ; disease_state=breast_cancer ; cell_type=m","Monocytes - Healthy Controls ; disease_state=normal "
"cgroup_L5_f832048f","GSE117970",FALSE,FALSE,"trattamento","TAMs - Breast Cancer Patient 2 ; disease_state=breast_cancer ; cell_type=tumor","TAMs - Normal Breast Control ; disease_state=normal "
"cgroup_L5_f832048f","GSE117970",FALSE,FALSE,"trattamento","TAMs - Breast Cancer Patient 3 ; disease_state=breast_cancer ; cell_type=tumor","TAMs - Normal Breast Control 2 ; disease_state=norma"
"cgroup_L5_83f57274","GSE118046",FALSE,FALSE,"trattamento","Hypoxia 4h ; oxygen_condition=hypoxia ; duration=4h","Normoxia 4h ; oxygen_condition=normoxia ; duration=4"
"cgroup_L5_83f57274","GSE118046",FALSE,FALSE,"trattamento","Hypoxia 48h ; oxygen_condition=hypoxia ; duration=48h","Normoxia 48h ; oxygen_condition=normoxia ; duration="
"cgroup_L5_930c8dcf","GSE118152",FALSE,FALSE,"trattamento","LNCaP-FGC + DHT_ENZ ; treatment=DHT_ENZ ; cell_line=LNCaP-FGC","LNCaP-FGC + EtOH_DMSO (rep1) ; treatment=EtOH_DMSO ;"
"cgroup_L5_aecd610f","GSE118313",FALSE,FALSE,"trattamento","Schizophrenia Case 2 ; disease_state=schizophrenia","Healthy Control ; disease_state=healthy control"
"cgroup_L5_aecd610f","GSE118313",FALSE,FALSE,"trattamento","Schizophrenia Case 2 ; disease_state=schizophrenia","Healthy Control 2 ; disease_state=healthy control"
"cgroup_L5_4041e3af","GSE118319",FALSE,FALSE,"trattamento","H23 cells treated with GSK-J4 ; cell_line=H23 ; perturbation=GSK-J4","H23 cells treated with DMSO ; cell_line=H23 ; pertur"
"cgroup_L5_4041e3af","GSE118319",FALSE,FALSE,"trattamento","HCC827 cells treated with GSK-J4 ; cell_line=HCC827 ; perturbation=GSK-J4","HCC827 cells treated with DMSO ; cell_line=HCC827 ; "
"cgroup_L5_4041e3af","GSE118319",FALSE,FALSE,"trattamento","Differentiated A549 cells treated with GSK-J4 ; cell_line=A549 ; perturbation=","A549 cells treated with DMSO ; cell_line=A549 ; pert"
"cgroup_L5_83f57274","GSE118362",FALSE,FALSE,"trattamento","Hypoxia-treated Human Pulmonary Artery Smooth Muscle Cells ; oxygen_condition=","Normoxia-treated (Control) Human Pulmonary Artery Sm"
"cgroup_L5_b71a25a2","GSE118548",FALSE,FALSE,"trattamento","JQ1 (3 replicates) ; Treatment=JQ1","DMSO (2 replicates) ; Treatment=DMSO"
"cgroup_L5_702a5dea","GSE118548",FALSE,FALSE,"trattamento","Trametinib (1 replicate) ; Treatment=Trametinib","DMSO (2 replicates) ; Treatment=DMSO"
"cgroup_L5_702a5dea","GSE118548",FALSE,FALSE,"trattamento","Trametinib (2 replicates) ; Treatment=Trametinib","DMSO (2 replicates) ; Treatment=DMSO"
"cgroup_L5_c548d053","GSE118566",FALSE,FALSE,"trattamento","LPS-treated lung tissue ; treatment=LPS ; time=4h","Vehicle control lung tissue ; treatment=vehicle ; ti"
"cgroup_L5_c548d053","GSE118566",FALSE,FALSE,"trattamento","LPS-treated lung tissue ; treatment=LPS ; time=4h","Vehicle control lung tissue ; treatment=vehicle ; ti"
"cgroup_L5_cacf5d1a","GSE118691",FALSE,FALSE,"trattamento","Human gingival fibroblasts, donor 1, F. nucleatum, 2h ; treatment=F. nucleatum","Human gingival fibroblasts, donor 1, control, 2h ; t"
"cgroup_L5_2e16719f","GSE118816",TRUE,TRUE,"contesto","TGFbeta + Control knockdown ; Perturbation=TGFbeta","Control knockdown (1) ; Perturbation=Control knockdo"
"cgroup_L5_bb8cb388","GSE118928",FALSE,FALSE,"trattamento","Endometriosis ; disease_state=endometriosis","Healthy Control 1 ; disease_state=healthy"
"cgroup_L5_bb8cb388","GSE118928",FALSE,FALSE,"trattamento","Endometriosis ; disease_state=endometriosis","Healthy Control 2 ; disease_state=healthy"
"cgroup_L5_2e16719f","GSE119007",FALSE,FALSE,"trattamento","TGFβ-treated IPF HPFs ; treatment=TGFβ ; disease_state=IPF","Untreated IPF HPFs ; treatment=untreated ; disease_s"
"cgroup_L5_2e16719f","GSE119007",FALSE,FALSE,"trattamento","TGFβ-treated healthy HPFs ; treatment=TGFβ ; disease_state=healthy","Untreated healthy HPFs ; treatment=untreated ; disea"
"cgroup_L5_b32ab7f6","GSE119047",FALSE,FALSE,"trattamento","IL17A TGFlo ; perturbation=IL17A TGFlo","PBS ; perturbation=PBS"
"cgroup_L5_b32ab7f6","GSE119047",FALSE,FALSE,"trattamento","IL17A ; perturbation=IL17A","PBS ; perturbation=PBS"
"cgroup_L5_2ab433c8","GSE119047",FALSE,FALSE,"trattamento","IL22 ; perturbation=IL22","PBS ; perturbation=PBS"
"cgroup_L5_b32ab7f6","GSE119047",FALSE,FALSE,"trattamento","IL17A TGFlo ; perturbation=IL17A TGFlo","PBS ; perturbation=PBS"
"cgroup_L5_b32ab7f6","GSE119047",FALSE,FALSE,"trattamento","IL17A ; perturbation=IL17A","PBS ; perturbation=PBS"
"cgroup_L5_2ab433c8","GSE119047",FALSE,FALSE,"trattamento","IL22 TGFlo ; perturbation=IL22 TGFlo","PBS ; perturbation=PBS"
"cgroup_L5_7934174c","GSE119088",FALSE,FALSE,"trattamento","Pfeiffer_EPZ-6438 ; cell_line=Pfeiffer ; treatment=EPZ-6438","Pfeiffer_DMSO ; cell_line=Pfeiffer ; treatment=DMSO"
"cgroup_L5_7934174c","GSE119088",FALSE,FALSE,"trattamento","SMMC-7721_EPZ-6438 ; cell_line=SMMC-7721 ; treatment=EPZ-6438","SMMC-7721_DMSO ; cell_line=SMMC-7721 ; treatment=DMS"
"cgroup_L5_7934174c","GSE119088",FALSE,FALSE,"trattamento","U2932_EPZ-6438 ; cell_line=U2932 ; treatment=EPZ-6438","U2932_DMSO ; cell_line=U2932 ; treatment=DMSO"
"cgroup_L5_2e16719f","GSE119606",FALSE,FALSE,"trattamento","TGF-beta (2h) ; treatment=TGF-beta ; duration=2h","Vehicle (2h) ; treatment=vehicle ; duration=2h"
"cgroup_L5_2e16719f","GSE119606",FALSE,FALSE,"trattamento","TGF-beta (2h) ; treatment=TGF-beta ; duration=2h","Vehicle (2h) ; treatment=vehicle ; duration=2h"
"cgroup_L5_2e16719f","GSE119606",FALSE,FALSE,"trattamento","TGF-beta (48h) ; treatment=TGF-beta ; duration=48h","Vehicle (48h) ; treatment=vehicle ; duration=48h"
"cgroup_L5_2e16719f","GSE119946",FALSE,FALSE,"trattamento","TGF-b1 Treated (HepG2) ; treatment=TGF-b1 ; cell_line=HepG2","Control (HepG2) ; treatment=control ; cell_line=HepG"
"cgroup_L5_021e875e","GSE119978",FALSE,FALSE,"trattamento","H358 Cisplatin ; cell_line=H358 ; treatment=Cisplatin","H358 Vehicle (DMSO) ; cell_line=H358 ; treatment=Veh"
"cgroup_L5_021e875e","GSE119978",FALSE,FALSE,"trattamento","H358 Cisplatin 2 ; cell_line=H358 ; treatment=Cisplatin","H358 Vehicle (DMSO) ; cell_line=H358 ; treatment=Veh"
"cgroup_L5_021e875e","GSE119978",FALSE,FALSE,"trattamento","H358 Cisplatin 3 ; cell_line=H358 ; treatment=Cisplatin","H358 Vehicle (DMSO) ; cell_line=H358 ; treatment=Veh"
"cgroup_L5_721184e6","GSE120176",FALSE,FALSE,"trattamento","BCPAP_THZ1 ; cell_line=BCPAP ; treatment=THZ1","BCPAP_DMSO ; cell_line=BCPAP ; treatment=DMSO"
"cgroup_L5_721184e6","GSE120176",FALSE,FALSE,"trattamento","CAL-62_THZ1 ; cell_line=CAL-62 ; treatment=THZ1","CAL-62_DMSO ; cell_line=CAL-62 ; treatment=DMSO"
"cgroup_L5_f29dd3b3","GSE120178",FALSE,FALSE,"trattamento","RA Day 1 (Group 1) ; disease_state=rheumatoid arthritis ; day=1","Healthy Controls ; disease_state=healthy"
"cgroup_L5_f34ff8df","GSE120612",FALSE,FALSE,"trattamento","697 Etoposide 1h ; cell_line=697 ; treatment=Etoposide ; duration=1 hour","697 Disease Model Control ; cell_line=697 ; treatmen"
"cgroup_L5_a3c3e08c","GSE120622",FALSE,FALSE,"trattamento","A271 lung cancer ; disease_status=lung cancer","Adjacent lung tissue ; disease_status=normal"
"cgroup_L5_a3c3e08c","GSE120622",FALSE,FALSE,"trattamento","A272 lung cancer ; disease_status=lung cancer","Adjacent lung tissue ; disease_status=normal"
"cgroup_L5_a3c3e08c","GSE120622",FALSE,FALSE,"trattamento","A438 lung cancer ; disease_status=lung cancer","Adjacent lung tissue ; disease_status=normal"
"cgroup_L5_a3c3e08c","GSE120622",FALSE,FALSE,"trattamento","A442 lung cancer ; disease_status=lung cancer","Adjacent lung tissue ; disease_status=normal"
"cgroup_L5_a3c3e08c","GSE120622",FALSE,FALSE,"trattamento","A457 lung cancer ; disease_status=lung cancer","Adjacent lung tissue ; disease_status=normal"
"cgroup_L5_a3c3e08c","GSE120622",FALSE,FALSE,"trattamento","A459 lung cancer ; disease_status=lung cancer","Adjacent lung tissue ; disease_status=normal"
"cgroup_L5_a3c3e08c","GSE120622",FALSE,FALSE,"trattamento","A468 lung cancer ; disease_status=lung cancer","Adjacent lung tissue ; disease_status=normal"
"cgroup_L5_a3c3e08c","GSE120622",FALSE,FALSE,"trattamento","A473 lung cancer ; disease_status=lung cancer","Adjacent lung tissue ; disease_status=normal"
"cgroup_L5_a3c3e08c","GSE120622",FALSE,FALSE,"trattamento","A474 lung cancer ; disease_status=lung cancer","Adjacent lung tissue ; disease_status=normal"
"cgroup_L5_a3c3e08c","GSE120622",FALSE,FALSE,"trattamento","A479 lung cancer ; disease_status=lung cancer","Adjacent lung tissue ; disease_status=normal"
"cgroup_L5_a3c3e08c","GSE120622",FALSE,FALSE,"trattamento","A503 lung cancer ; disease_status=lung cancer","Adjacent lung tissue ; disease_status=normal"
"cgroup_L5_a3c3e08c","GSE120622",FALSE,FALSE,"trattamento","A513 lung cancer ; disease_status=lung cancer","Adjacent lung tissue ; disease_status=normal"
"cgroup_L5_a3c3e08c","GSE120622",FALSE,FALSE,"trattamento","A526 lung cancer ; disease_status=lung cancer","Adjacent lung tissue ; disease_status=normal"
"cgroup_L5_a3c3e08c","GSE120622",FALSE,FALSE,"trattamento","A531 lung cancer ; disease_status=lung cancer","Adjacent lung tissue ; disease_status=normal"
"cgroup_L5_a3c3e08c","GSE120622",FALSE,FALSE,"trattamento","A534 lung cancer ; disease_status=lung cancer","Adjacent lung tissue ; disease_status=normal"
"cgroup_L5_a3c3e08c","GSE120622",FALSE,FALSE,"trattamento","A537 lung cancer ; disease_status=lung cancer","Adjacent lung tissue ; disease_status=normal"
"cgroup_L5_a3c3e08c","GSE120622",FALSE,FALSE,"trattamento","A547 lung cancer ; disease_status=lung cancer","Adjacent lung tissue ; disease_status=normal"
"cgroup_L5_a3c3e08c","GSE120622",FALSE,FALSE,"trattamento","A557 lung cancer ; disease_status=lung cancer","Adjacent lung tissue ; disease_status=normal"
"cgroup_L5_a3c3e08c","GSE120622",FALSE,FALSE,"trattamento","A559 lung cancer ; disease_status=lung cancer","Adjacent lung tissue ; disease_status=normal"
"cgroup_L5_a3c3e08c","GSE120622",FALSE,FALSE,"trattamento","A562 lung cancer ; disease_status=lung cancer","Adjacent lung tissue ; disease_status=normal"
"cgroup_L5_a3c3e08c","GSE120622",FALSE,FALSE,"trattamento","A572 lung cancer ; disease_status=lung cancer","Adjacent lung tissue ; disease_status=normal"
"cgroup_L5_a3c3e08c","GSE120622",FALSE,FALSE,"trattamento","A581 lung cancer ; disease_status=lung cancer","Adjacent lung tissue ; disease_status=normal"
"cgroup_L5_a3c3e08c","GSE120622",FALSE,FALSE,"trattamento","A588 lung cancer ; disease_status=lung cancer","Adjacent lung tissue ; disease_status=normal"
"cgroup_L5_a3c3e08c","GSE120622",FALSE,FALSE,"trattamento","A591 lung cancer ; disease_status=lung cancer","Adjacent lung tissue ; disease_status=normal"
"cgroup_L5_a3c3e08c","GSE120622",FALSE,FALSE,"trattamento","A595 lung cancer ; disease_status=lung cancer","Adjacent lung tissue ; disease_status=normal"
"cgroup_L5_a3c3e08c","GSE120622",FALSE,FALSE,"trattamento","A631 lung cancer ; disease_status=lung cancer","Adjacent lung tissue ; disease_status=normal"
"cgroup_L5_a3c3e08c","GSE120622",FALSE,FALSE,"trattamento","A653 lung cancer ; disease_status=lung cancer","Adjacent lung tissue ; disease_status=normal"
"cgroup_L5_a3c3e08c","GSE120622",FALSE,FALSE,"trattamento","A644 lung cancer ; disease_status=lung cancer","Adjacent lung tissue ; disease_status=normal"
"cgroup_L5_a3c3e08c","GSE120622",FALSE,FALSE,"trattamento","A627 lung cancer ; disease_status=lung cancer","Adjacent lung tissue ; disease_status=normal"
"cgroup_L5_a3c3e08c","GSE120622",FALSE,FALSE,"trattamento","A613 lung cancer ; disease_status=lung cancer","Adjacent lung tissue ; disease_status=normal"
"cgroup_L5_a3c3e08c","GSE120622",FALSE,FALSE,"trattamento","A610 lung cancer ; disease_status=lung cancer","Adjacent lung tissue ; disease_status=normal"
"cgroup_L5_a3c3e08c","GSE120622",FALSE,FALSE,"trattamento","A654 lung cancer ; disease_status=lung cancer","Adjacent lung tissue ; disease_status=normal"
"cgroup_L5_a3c3e08c","GSE120622",FALSE,FALSE,"trattamento","A612 lung cancer ; disease_status=lung cancer","Adjacent lung tissue ; disease_status=normal"
"cgroup_L5_a3c3e08c","GSE120622",FALSE,FALSE,"trattamento","A611 lung cancer ; disease_status=lung cancer","Adjacent lung tissue ; disease_status=normal"
"cgroup_L5_a3c3e08c","GSE120622",FALSE,FALSE,"trattamento","Unknown donor lung cancer ; disease_status=lung cancer","Adjacent lung tissue ; disease_status=normal"
"cgroup_L5_a3c3e08c","GSE120622",FALSE,FALSE,"trattamento","A306 lung cancer ; disease_status=lung cancer","Adjacent lung tissue ; disease_status=normal"
"cgroup_L5_a3c3e08c","GSE120622",FALSE,FALSE,"trattamento","A652 lung cancer ; disease_status=lung cancer","Adjacent lung tissue ; disease_status=normal"
"cgroup_L5_a3c3e08c","GSE120622",FALSE,FALSE,"trattamento","A656 lung cancer ; disease_status=lung cancer","Adjacent lung tissue ; disease_status=normal"
"cgroup_L5_a3c3e08c","GSE120622",FALSE,FALSE,"trattamento","A619 lung cancer ; disease_status=lung cancer","Adjacent lung tissue ; disease_status=normal"
"cgroup_L5_a3c3e08c","GSE120622",FALSE,FALSE,"trattamento","S496 squamous cell carcinoma ; disease_status=lung cancer","Adjacent lung tissue ; disease_status=normal"
"cgroup_L5_a3c3e08c","GSE120622",FALSE,FALSE,"trattamento","S462 squamous cell carcinoma ; disease_status=lung cancer","Adjacent lung tissue ; disease_status=normal"
"cgroup_L5_a3c3e08c","GSE120622",FALSE,FALSE,"trattamento","S441 squamous cell carcinoma ; disease_status=lung cancer","Adjacent lung tissue ; disease_status=normal"
"cgroup_L5_a3c3e08c","GSE120622",FALSE,FALSE,"trattamento","Unknown donor squamous cell carcinoma ; disease_status=lung cancer","Adjacent lung tissue ; disease_status=normal"
"cgroup_L5_a3c3e08c","GSE120622",FALSE,FALSE,"trattamento","S495 squamous cell carcinoma ; disease_status=lung cancer","Adjacent lung tissue ; disease_status=normal"
"cgroup_L5_a3c3e08c","GSE120622",FALSE,FALSE,"trattamento","S622 squamous cell carcinoma ; disease_status=lung cancer","Adjacent lung tissue ; disease_status=normal"
"cgroup_L5_a3c3e08c","GSE120622",FALSE,FALSE,"trattamento","S455 squamous cell carcinoma ; disease_status=lung cancer","Adjacent lung tissue ; disease_status=normal"
"cgroup_L5_a3c3e08c","GSE120622",FALSE,FALSE,"trattamento","S543 squamous cell carcinoma ; disease_status=lung cancer","Adjacent lung tissue ; disease_status=normal"
"cgroup_L5_a3c3e08c","GSE120622",FALSE,FALSE,"trattamento","S427 squamous cell carcinoma ; disease_status=lung cancer","Adjacent lung tissue ; disease_status=normal"
"cgroup_L5_a3c3e08c","GSE120622",FALSE,FALSE,"trattamento","S789 squamous cell carcinoma ; disease_status=lung cancer","Adjacent lung tissue ; disease_status=normal"
"cgroup_L5_a3c3e08c","GSE120622",FALSE,FALSE,"trattamento","Unknown donor squamous cell carcinoma ; disease_status=lung cancer","Adjacent lung tissue ; disease_status=normal"
"cgroup_L5_a3c3e08c","GSE120622",FALSE,FALSE,"trattamento","S293 squamous cell carcinoma ; disease_status=lung cancer","Adjacent lung tissue ; disease_status=normal"
"cgroup_L5_a3c3e08c","GSE120622",FALSE,FALSE,"trattamento","lung cancer stage 3a donor S447 ; disease_status=lung cancer ; stage=3a ; dono","normal lung N467 ; disease_status=normal ; tissue_se"
"cgroup_L5_a3c3e08c","GSE120622",FALSE,FALSE,"trattamento","lung cancer stage 4 donor unknown ; disease_status=lung cancer ; stage=4","normal lung N471 ; disease_status=normal"
"cgroup_L5_f94b6180","GSE120660",FALSE,FALSE,"trattamento","LNCaP cells treated with R1881 for 24 hours ; cell_line=LNCaP ; treatment=R188","Untreated LNCaP cells ; cell_line=LNCaP ; treatment="
"cgroup_L5_f94b6180","GSE120660",FALSE,FALSE,"trattamento","PC3 cells treated with R1881 for 12 hours ; cell_line=PC3 ; treatment=R1881","Untreated PC3 cells ; cell_line=PC3 ; treatment=untr"
"cgroup_L5_f94b6180","GSE120660",FALSE,FALSE,"trattamento","PC3 cells treated with R1881 for 6 hours ; cell_line=PC3 ; treatment=R1881","Untreated PC3 cells ; cell_line=PC3 ; treatment=untr"
"cgroup_L5_f94b6180","GSE120660",FALSE,FALSE,"trattamento","VCaP cells treated with R1881 for 24 hours ; cell_line=VCaP ; treatment=R1881","Untreated VCaP cells ; cell_line=VCaP ; treatment=un"
"cgroup_L5_bd19fe42","GSE120663",FALSE,FALSE,"trattamento","HCC PBMC ; disease_state=hepatocellular carcinoma","Healthy Control PBMC ; disease_state=normal"
"cgroup_L5_8b61f50b","GSE120756",FALSE,FALSE,"trattamento","MCF7_Tamoxifen_rep ; cell_line=MCF7 ; perturbation=Tamoxifen","MCF7_DMSO ; cell_line=MCF7 ; perturbation=DMSO"
"cgroup_L5_905be893","GSE120784",FALSE,FALSE,"trattamento","Dermal Endothelial Cells IL-1b Stimulated ; cell_type=dermal endothelial cells","Dermal Endothelial Cells Unstimulated ; cell_type=de"
"cgroup_L5_905be893","GSE120784",FALSE,FALSE,"trattamento","Dermal Endothelial Cells IL-1b Stimulated 1 Hour ; cell_type=dermal endothelia","Dermal Endothelial Cells Unstimulated ; cell_type=de"
"cgroup_L5_905be893","GSE120784",FALSE,FALSE,"trattamento","Dermal Fibroblasts IL-1b Stimulated ; cell_type=dermal fibroblasts ; treatment","Dermal Fibroblasts Unstimulated ; cell_type=dermal f"
"cgroup_L5_905be893","GSE120784",FALSE,FALSE,"trattamento","Dermal Fibroblasts IL-1b Stimulated 1 Hour ; cell_type=dermal fibroblasts ; tr","Dermal Fibroblasts Unstimulated ; cell_type=dermal f"
"cgroup_L5_905be893","GSE120784",FALSE,FALSE,"trattamento","Immune Cells IL-1b Stimulated ; cell_type=immune cells ; treatment=IL-1b","Immune Cells Unstimulated ; cell_type=immune cells ;"
"cgroup_L5_3973fe03","GSE120784",FALSE,FALSE,"trattamento","Keratinocytes IL-1a Stimulated ; cell_type=keratinocytes ; treatment=IL-1a","Keratinocytes Unstimulated ; cell_type=keratinocytes"
"cgroup_L5_905be893","GSE120784",FALSE,FALSE,"trattamento","Keratinocytes IL-1b Stimulated ; cell_type=keratinocytes ; treatment=IL-1b","Keratinocytes Unstimulated ; cell_type=keratinocytes"
"cgroup_L5_83f57274","GSE120886",FALSE,FALSE,"trattamento","RCC4+VHL hypoxia ; cell_line=RCC4+VHL ; treatment=hypoxia","RCC4+VHL normoxia ; cell_line=RCC4+VHL ; treatment=n"
"cgroup_L5_444e7fc2","GSE120890",FALSE,FALSE,"trattamento","MRC5 lung cells treated with CMV/AD169 for 48 hours ; treatment=CMV/AD169 ; ti","MRC5 lung cells mock-treated for 48 hours ; treatmen"
"cgroup_L5_444e7fc2","GSE120891",FALSE,FALSE,"trattamento","ARPE19 cells exposed to CMV/TB40e ; virus=CMV/TB40e ; cell_line=ARPE19","ARPE19 cells mock-infected ; virus=mock ; cell_line="
"cgroup_L5_444e7fc2","GSE120891",FALSE,FALSE,"trattamento","MRC5 cells exposed to CMV/AD169 ; virus=CMV/AD169 ; cell_line=MRC5","MRC5 cells mock-infected for 48 hours ; virus=mock ;"
"cgroup_L5_444e7fc2","GSE120891",FALSE,FALSE,"trattamento","MRC5 cells exposed to CMV/TB40 ; virus=CMV/TB40 ; cell_line=MRC5","MRC5 cells mock-infected for 48 hours ; virus=mock ;"
"cgroup_L5_444e7fc2","GSE120891",FALSE,FALSE,"trattamento","MRC5 cells exposed to CMV/TB40e ; virus=CMV/TB40e ; cell_line=MRC5","MRC5 cells mock-infected for 48 hours ; virus=mock ;"
"cgroup_L5_bd40f34f","GSE120904",FALSE,FALSE,"trattamento","Intestinal epithelial cells treated with IL15 ; cell_type=Intestinal epithelia","Intestinal epithelial cells treated with vehicle onl"
"cgroup_L5_2d53def6","GSE120904",FALSE,FALSE,"trattamento","Intestinal epithelial cells treated with IL21 ; cell_type=Intestinal epithelia","Intestinal epithelial cells treated with vehicle onl"
"cgroup_L5_2d53def6","GSE120904",FALSE,FALSE,"trattamento","Intestinal epithelial cells treated with IL21 (alternative) ; cell_type=Intest","Intestinal epithelial cells treated with vehicle onl"
"cgroup_L5_2d53def6","GSE120904",FALSE,FALSE,"trattamento","Intestinal intraepithelial cytotoxic T cells treated with IL21 and CP ; cell_t","Intestinal intraepithelial cytotoxic T cells treated"
"cgroup_L5_bd40f34f","GSE120904",FALSE,FALSE,"trattamento","Intestinal intraepithelial cytotoxic T cells treated with IL15 and CP ; cell_t","Intestinal intraepithelial cytotoxic T cells treated"
"cgroup_L5_2d53def6","GSE120904",FALSE,FALSE,"trattamento","Intestinal intraepithelial cytotoxic T cells treated with IL21 ; cell_type=Int","Intestinal intraepithelial cytotoxic T cells treated"
"cgroup_L5_2d53def6","GSE120904",FALSE,FALSE,"trattamento","Intestinal intraepithelial cytotoxic T cells treated with IL21 and CP (alterna","Intestinal intraepithelial cytotoxic T cells treated"
"cgroup_L5_2d53def6","GSE120904",FALSE,FALSE,"trattamento","Intestinal intraepithelial cytotoxic T cells treated with IL21 and CP (alterna","Intestinal intraepithelial cytotoxic T cells treated"
"cgroup_L5_bd40f34f","GSE120904",FALSE,FALSE,"trattamento","Intestinal intraepithelial cytotoxic T cells treated with IL15 and CP (alterna","Intestinal intraepithelial cytotoxic T cells treated"
"cgroup_L5_bd40f34f","GSE120904",FALSE,FALSE,"trattamento","Intestinal intraepithelial cytotoxic T cells treated with IL15 and CP (alterna","Intestinal intraepithelial cytotoxic T cells treated"
"cgroup_L5_2d53def6","GSE120904",FALSE,FALSE,"trattamento","Intestinal intraepithelial cytotoxic T cells treated with IL21 (alternative 2)","Intestinal intraepithelial cytotoxic T cells treated"
"cgroup_L5_bd40f34f","GSE120904",FALSE,FALSE,"trattamento","Intestinal intraepithelial cytotoxic T cells treated with IL15 (alternative) ;","Intestinal intraepithelial cytotoxic T cells treated"
"cgroup_L5_2d53def6","GSE120904",FALSE,FALSE,"trattamento","Intestinal intraepithelial cytotoxic T cells treated with IL21 (alternative 3)","Intestinal intraepithelial cytotoxic T cells treated"
"cgroup_L5_2d53def6","GSE120904",FALSE,FALSE,"trattamento","Intestinal intraepithelial cytotoxic T cells treated with IL21 (alternative 4)","Intestinal intraepithelial cytotoxic T cells treated"
"cgroup_L5_3a625868","GSE121105",FALSE,FALSE,"trattamento","Trastuzumab (HER2+) ; treatment=trastuzumab ; cell_line=BT474 ; disease_state=","Untreated (HER2+) ; treatment=no treatment ; cell_li"
"cgroup_L5_3a625868","GSE121105",FALSE,FALSE,"trattamento","Trastuzumab (normal) ; treatment=trastuzumab ; cell_line=BT474","Untreated (normal) ; treatment=no treatment ; cell_l"
"cgroup_L5_3a625868","GSE121105",FALSE,FALSE,"trattamento","Trastuzumab (normal) ; treatment=trastuzumab ; cell_line=BT474","Untreated (normal) ; treatment=no treatment ; cell_l"
"cgroup_L5_03b38818","GSE121117",FALSE,FALSE,"trattamento","Thyroid Cancer Cell Line Vemurafenib Treated ; cell_line=Cancer cell line ; tr","Thyroid Cancer Cell Line Control ; cell_line=Cancer "
"cgroup_L5_03b38818","GSE121117",FALSE,FALSE,"trattamento","SW1736 Vemurafenib Treated ; cell_line=SW1736 ; treatment=vemurafenib","SW1736 Control ; cell_line=SW1736 ; treatment=contro"
"cgroup_L5_03b38818","GSE121117",FALSE,FALSE,"trattamento","WiDr Vemurafenib Treated ; cell_line=WiDr ; treatment=vemurafenib","WiDr Control ; cell_line=WiDr ; treatment=control"
"cgroup_L5_516200d1","GSE121137",FALSE,FALSE,"trattamento","Vitamin C ; treatment=Vitamin C","Vehicle Control ; treatment=Vehicle Control"
"cgroup_L5_79a73ac5","GSE121155",FALSE,FALSE,"trattamento","Influenza virus PR8 ; treatment=Influenza virus PR8 ; cell_line=A549","Mock infection ; treatment=mock infection ; cell_lin"
"cgroup_L5_79a73ac5","GSE121155",FALSE,FALSE,"trattamento","Influenza virus PR8 ; treatment=Influenza virus PR8 ; cell_line=A549","PBS ; treatment=PBS ; cell_line=A549"
"cgroup_L5_aecd610f","GSE121376",FALSE,FALSE,"trattamento","Schizophrenia ; disease_state=schizophrenia","Healthy Control ; disease_state=healthy control"
"cgroup_L5_1bbf4b9b","GSE121445",FALSE,FALSE,"trattamento","Gastric Cancer Tissue ; disease_status=gastric_cancer","Adjacent Normal Stomach Tissue ; disease_status=adja"
"cgroup_L5_37942548","GSE121534",FALSE,FALSE,"trattamento","SH-SY5Y neuroblastoma cells, passage 30-33, treated with 10 uM retinoic acid ;","SH-SY5Y neuroblastoma cells, passage 30-33, untreate"
"cgroup_L5_37942548","GSE121534",FALSE,FALSE,"trattamento","SH-SY5Y neuroblastoma cells, passage 30-33, treated with 10 uM retinoic acid ;","SH-SY5Y neuroblastoma cells, passage 30-33, untreate"
"cgroup_L5_37942548","GSE121534",FALSE,FALSE,"trattamento","SH-SY5Y neuroblastoma cells, passage 30-33, treated with 10 uM retinoic acid ;","SH-SY5Y neuroblastoma cells, passage 30-33, untreate"
"cgroup_L5_12228932","GSE121697",FALSE,FALSE,"trattamento","EGF (Primary Culture) ; treatment=EGF ; context_kind=primary_culture","Untreated (Primary Culture) ; treatment=untreated ; "
"cgroup_L5_12228932","GSE121697",FALSE,FALSE,"trattamento","EGF (Primary Culture) ; treatment=EGF ; context_kind=primary_culture","Untreated (Primary Culture) ; treatment=untreated ; "
"cgroup_L5_c548d053","GSE122267",FALSE,FALSE,"trattamento","Monocytes treated with LPS ; treatment=LPS","Monocytes cultured in media for 24 hours ; treatment"
"cgroup_L5_df599af1","GSE122274",FALSE,FALSE,"trattamento","Mixed_ATN_AIN_sepsis ; disease_state=Mixed ATN and AIN ; perturbation=sepsis","Mixed_ATN_AIN ; disease_state=Mixed ATN and AIN ; pe"
"cgroup_L5_b32ab7f6","GSE122305",FALSE,FALSE,"trattamento","IL-17A ; treatment=IL-17A","Control (PBS-0.1%BSA) ; treatment=PBS-0.1%BSA"
"cgroup_L5_d9e23e09","GSE122305",FALSE,FALSE,"trattamento","TNF ; treatment=TNF","Control (PBS-0.1%BSA) ; treatment=PBS-0.1%BSA"
"cgroup_L5_3d8c29f4","GSE122409",FALSE,FALSE,"trattamento","CD3+ Vd2+ CD26- CD94hi +IL2 ; cell_subset=CD3+ Vd2+ CD26- CD94hi ; treatment=I","CD3+ Vd2+ CD26- CD94hi ; cell_subset=CD3+ Vd2+ CD26-"
"cgroup_L5_3d8c29f4","GSE122409",FALSE,FALSE,"trattamento","CD3+ Vd2+ CD26- CD94lo +IL2 ; cell_subset=CD3+ Vd2+ CD26- CD94lo ; treatment=I","CD3+ Vd2+ CD26- CD94lo ; cell_subset=CD3+ Vd2+ CD26-"
"cgroup_L5_3d8c29f4","GSE122409",FALSE,FALSE,"trattamento","CD3+ Vd2+ CD26+ CD94hi +IL2 ; cell_subset=CD3+ Vd2+ CD26+ CD94hi ; treatment=I","CD3+ Vd2+ CD26+ CD94hi ; cell_subset=CD3+ Vd2+ CD26+"
"cgroup_L5_3d8c29f4","GSE122409",FALSE,FALSE,"trattamento","CD3+ Vd2+ CD26+ CD94hi +IL2 ; cell_subset=CD3+ Vd2+ CD26+ CD94hi ; treatment=I","CD3+ Vd2+ CD26+ CD94hi ; cell_subset=CD3+ Vd2+ CD26+"
"cgroup_L5_3d8c29f4","GSE122409",FALSE,FALSE,"trattamento","CD3+ Vd2+ CD26+ CD94lo +IL2 ; cell_subset=CD3+ Vd2+ CD26+ CD94lo ; treatment=I","CD3+ Vd2+ CD26+ CD94lo ; cell_subset=CD3+ Vd2+ CD26+"
"cgroup_L5_522fa0c2","GSE122649",FALSE,FALSE,"trattamento","sALS (JR9) ; disease_state=sALS","Non-neurological control (JR39) ; disease_state=Non-"
"cgroup_L5_522fa0c2","GSE122649",FALSE,FALSE,"trattamento","sALS (JR9) ; disease_state=sALS","Non-neurological control (JR39) ; disease_state=Non-"
"cgroup_L5_522fa0c2","GSE122649",FALSE,FALSE,"trattamento","sALS (JR34) ; disease_state=sALS","Non-neurological control (JR39) ; disease_state=Non-"
"cgroup_L5_522fa0c2","GSE122649",FALSE,FALSE,"trattamento","sALS (JR34) ; disease_state=sALS","Non-neurological control (JR39) ; disease_state=Non-"
"cgroup_L5_522fa0c2","GSE122649",FALSE,FALSE,"trattamento","sALS (JR36) ; disease_state=sALS","Non-neurological control (JR39) ; disease_state=Non-"
"cgroup_L5_522fa0c2","GSE122649",FALSE,FALSE,"trattamento","sALS (JR36) ; disease_state=sALS","Non-neurological control (JR39) ; disease_state=Non-"
"cgroup_L5_522fa0c2","GSE122649",FALSE,FALSE,"trattamento","sALS (JR61) ; disease_state=sALS","Non-neurological control (JR39) ; disease_state=Non-"
"cgroup_L5_522fa0c2","GSE122649",FALSE,FALSE,"trattamento","sALS (JR61) ; disease_state=sALS","Non-neurological control (JR39) ; disease_state=Non-"
"cgroup_L5_2e16719f","GSE123018",FALSE,FALSE,"trattamento","TGFB1 45 mins ; treatment=TGFB1 ; time=45 mins","Untreated"
"cgroup_L5_2e16719f","GSE123018",FALSE,FALSE,"trattamento","TGFB1 2 hrs ; treatment=TGFB1 ; time=2 hrs","Untreated"
"cgroup_L5_2e16719f","GSE123018",FALSE,FALSE,"trattamento","TGFB1 6 hrs ; treatment=TGFB1 ; time=6 hrs","Untreated"
"cgroup_L5_2e16719f","GSE123018",FALSE,FALSE,"trattamento","TGFB1 24 hrs ; treatment=TGFB1 ; time=24 hrs","Untreated"
"cgroup_L5_c3ae78cd","GSE123141",FALSE,FALSE,"trattamento","Crohn's Disease, Never Smoked, Systemic Immunosuppression ; disease_state=Croh","Normal Control, Never Smoked ; disease_state=Normal "
"cgroup_L5_3f0cc1fe","GSE123141",FALSE,FALSE,"trattamento","Ulcerative Colitis, Never Smoked ; disease_state=Ulcerative Colitis ; smoking_","Normal Control, Never Smoked ; disease_state=Normal "
"cgroup_L5_3f0cc1fe","GSE123141",FALSE,FALSE,"trattamento","Ulcerative Colitis, Systemic Immunosuppression, Never Smoked ; disease_state=U","Normal Control, Never Smoked ; disease_state=Normal "
"cgroup_L5_0e66597e","GSE123285",FALSE,FALSE,"trattamento","MCF7 + Fulvestrant (10 nM) ; treatment=Fulvestrant ; dose=10 nM ; time=6 hours","MCF7 + DMSO Vehicle ; treatment=DMSO Vehicle ; time="
"cgroup_L5_0e66597e","GSE123285",FALSE,FALSE,"trattamento","MCF7 + Fulvestrant (10 nM) ; treatment=Fulvestrant ; dose=10 nM ; time=6 hours","MCF7 + DMSO Vehicle ; treatment=DMSO Vehicle ; time="
"cgroup_L5_0e66597e","GSE123285",FALSE,FALSE,"trattamento","MCF7 + Fulvestrant (10 nM) ; treatment=Fulvestrant ; dose=10 nM ; time=6 hours","MCF7 + DMSO Vehicle ; treatment=DMSO Vehicle ; time="
"cgroup_L5_b71a25a2","GSE123285",FALSE,FALSE,"trattamento","MCF7 + JQ1 (250 nM) ; treatment=JQ1 ; dose=250 nM ; time=6 hours","MCF7 + DMSO Vehicle ; treatment=DMSO Vehicle ; time="
"cgroup_L5_8b61f50b","GSE123285",FALSE,FALSE,"trattamento","MCF7 + 4-hydroxy tamoxifen (100 nM) ; treatment=4-hydroxy tamoxifen ; dose=100","MCF7 + DMSO Vehicle ; treatment=DMSO Vehicle ; time="
"cgroup_L5_8b61f50b","GSE123285",FALSE,FALSE,"trattamento","MCF7 + 4-hydroxy tamoxifen (100 nM) ; treatment=4-hydroxy tamoxifen ; dose=100","MCF7 + DMSO Vehicle ; treatment=DMSO Vehicle ; time="
"cgroup_L5_8b61f50b","GSE123285",FALSE,FALSE,"trattamento","MCF7 + 4-hydroxy tamoxifen (100 nM) ; treatment=4-hydroxy tamoxifen ; dose=100","MCF7 + DMSO Vehicle ; treatment=DMSO Vehicle ; time="
"cgroup_L5_8b61f50b","GSE123285",FALSE,FALSE,"trattamento","MCF7 + 4-hydroxy tamoxifen (100 nM) ; treatment=4-hydroxy tamoxifen ; dose=100","MCF7 + DMSO Vehicle ; treatment=DMSO Vehicle ; time="
"cgroup_L5_8b61f50b","GSE123285",FALSE,FALSE,"trattamento","MCF7 + 4-hydroxy tamoxifen (100 nM) ; treatment=4-hydroxy tamoxifen ; dose=100","MCF7 + DMSO Vehicle ; treatment=DMSO Vehicle ; time="
"cgroup_L5_8b61f50b","GSE123285",FALSE,FALSE,"trattamento","MCF7 + 4-hydroxy tamoxifen (100 nM) ; treatment=4-hydroxy tamoxifen ; dose=100","MCF7 + DMSO Vehicle ; treatment=DMSO Vehicle ; time="
"cgroup_L5_b71a25a2","GSE123285",FALSE,FALSE,"trattamento","MCF7 + JQ1 (250 nM) ; treatment=JQ1 ; dose=250 nM ; time=6 hours","MCF7 + DMSO Vehicle ; treatment=DMSO Vehicle ; time="
"cgroup_L5_0e66597e","GSE123285",FALSE,FALSE,"trattamento","MCF7 + Fulvestrant (10 nM) ; treatment=Fulvestrant ; dose=10 nM ; time=6 hours","MCF7 + DMSO Vehicle ; treatment=DMSO Vehicle ; time="
"cgroup_L5_8b61f50b","GSE123285",FALSE,FALSE,"trattamento","MCF7 + 4-hydroxy tamoxifen (100 nM) ; treatment=4-hydroxy tamoxifen ; dose=100","MCF7 + DMSO Vehicle ; treatment=DMSO Vehicle ; time="
"cgroup_L5_8b61f50b","GSE123285",FALSE,FALSE,"trattamento","MCF7 + 4-hydroxy tamoxifen (100 nM) ; treatment=4-hydroxy tamoxifen ; dose=100","MCF7 + DMSO Vehicle ; treatment=DMSO Vehicle ; time="
"cgroup_L5_8b61f50b","GSE123285",FALSE,FALSE,"trattamento","MCF7 + 4-hydroxy tamoxifen (100 nM) ; treatment=4-hydroxy tamoxifen ; dose=100","MCF7 + DMSO Vehicle ; treatment=DMSO Vehicle ; time="
"cgroup_L5_0e66597e","GSE123285",FALSE,FALSE,"trattamento","MCF7 + Fulvestrant (10 nM) ; treatment=Fulvestrant ; dose=10 nM ; time=6 hours","MCF7 + DMSO Vehicle ; treatment=DMSO Vehicle ; time="
"cgroup_L5_0e66597e","GSE123285",FALSE,FALSE,"trattamento","MCF7 + Fulvestrant (10 nM) ; treatment=Fulvestrant ; dose=10 nM ; time=6 hours","MCF7 + DMSO Vehicle ; treatment=DMSO Vehicle ; time="
"cgroup_L5_17b55386","GSE123468",FALSE,FALSE,"trattamento","FSHD Patient 1 ; disease_state=FSHD ; cell_type_or_line_raw=Immortalised Human","Control ; disease_state=Control ; cell_type_or_line_"
"cgroup_L5_17b55386","GSE123468",FALSE,FALSE,"trattamento","FSHD Patient 2 ; disease_state=FSHD ; cell_type_or_line_raw=Immortalised Human","Control ; disease_state=Control ; cell_type_or_line_"
"cgroup_L5_17b55386","GSE123468",FALSE,FALSE,"trattamento","FSHD Patient 3 ; disease_state=FSHD ; cell_type_or_line_raw=Immortalised Human","Control ; disease_state=Control ; cell_type_or_line_"
"cgroup_L5_17b55386","GSE123468",FALSE,FALSE,"trattamento","FSHD Patient 4 ; disease_state=FSHD ; cell_type_or_line_raw=Immortalised Human","Control ; disease_state=Control ; cell_type_or_line_"
"cgroup_L5_17b55386","GSE123468",FALSE,FALSE,"trattamento","FSHD Patient 5 ; disease_state=FSHD ; cell_type_or_line_raw=Immortalised Human","Control ; disease_state=Control ; cell_type_or_line_"
"cgroup_L5_17b55386","GSE123468",FALSE,FALSE,"trattamento","FSHD Patient 6 ; disease_state=FSHD ; cell_type_or_line_raw=Immortalised Human","Control ; disease_state=Control ; cell_type_or_line_"
"cgroup_L5_17b55386","GSE123468",FALSE,FALSE,"trattamento","FSHD Patient 7 ; disease_state=FSHD ; cell_type_or_line_raw=Immortalised Human","Control ; disease_state=Control ; cell_type_or_line_"
"cgroup_L5_17b55386","GSE123468",TRUE,TRUE,"contesto","Transgenic FSHD Patient T7 ; disease_state=FSHD ; cell_type_or_line_raw=Immort","Transgenic Control T3 ; disease_state=Control ; cell"
"cgroup_L5_089ccae5","GSE123637",FALSE,FALSE,"trattamento","MM.1S_Bortezomib ; treatment=Bortezomib ; cell_type=MM.1S ; context_kind=cell_","MM.1S_PBS ; treatment=PBS ; cell_type=MM.1S ; contex"
"cgroup_L5_089ccae5","GSE123638",TRUE,TRUE,"contesto","Bortezomib-treated shPSMD2 ; treatment=Bortezomib ; PSMD2_knockdown=induced","DMSO-treated shPSMD2 ; treatment=DMSO ; PSMD2_knockd"
"cgroup_L5_089ccae5","GSE123638",TRUE,TRUE,"contesto","Bortezomib-treated shPSMD2 (no Dox) ; treatment=Bortezomib ; PSMD2_knockdown=u","DMSO-treated uninduced shPSMD2 ; treatment=DMSO ; PS"
"cgroup_L5_089ccae5","GSE123638",TRUE,TRUE,"contesto","Bortezomib-treated Dox-induced shPSMD2 ; treatment=Bortezomib ; PSMD2_knockdow","DMSO-treated shPSMD2 ; treatment=DMSO ; PSMD2_knockd"
"cgroup_L5_089ccae5","GSE123638",TRUE,TRUE,"contesto","Bortezomib-treated uninduced shPSMD2 ; treatment=Bortezomib ; PSMD2_knockdown=","DMSO-treated uninduced shPSMD2 ; treatment=DMSO ; PS"
"cgroup_L5_387b0d1a","GSE123658",FALSE,FALSE,"trattamento","Type 1 Diabetes donor 0089 ; disease_state=type 1 diabetes ; donor_id=0089 ; a","Healthy donor 0131 ; disease_state=healthy ; donor_i"
"cgroup_L5_930c8dcf","GSE123763",FALSE,FALSE,"trattamento","GAR15-13_DHT ; treatment=DHT ; cell_line=Breast cancer PDX model GAR15-13","GAR15-13_Vehicle ; treatment=Vehicle ; cell_line=Bre"
"cgroup_L5_930c8dcf","GSE123763",FALSE,FALSE,"trattamento","HCI-005_DHT ; treatment=DHT ; cell_line=Breast cancer PDX model HCI-005 tumor","HCI-005_Vehicle ; treatment=Vehicle ; cell_line=Brea"
"cgroup_L5_c0d1d837","GSE123766",FALSE,FALSE,"trattamento","Enzalutamide ; treatment=Enzalutamide ; time(hours)=120","Vehicle ; treatment=Vehicle ; time(hours)=120"
"cgroup_L5_930c8dcf","GSE123766",FALSE,FALSE,"trattamento","DHT ; treatment=DHT ; time(hours)=120","Vehicle ; treatment=Vehicle ; time(hours)=120"
"cgroup_L5_c0d1d837","GSE123766",FALSE,FALSE,"trattamento","Enzalutamide ; treatment=Enzalutamide ; time(hours)=120","Vehicle ; treatment=Vehicle ; time(hours)=120"
"cgroup_L5_b9c77320","GSE124118",FALSE,FALSE,"trattamento","HFF-1, HIV-1, 4 hours post-infection ; cell_line=HFF-1 ; infection_status=4hpi","HFF-1, mock infection ; cell_line=HFF-1 ; infection_"
"cgroup_L5_b9c77320","GSE124118",FALSE,FALSE,"trattamento","HFF-1, HIV-1, 8 hours post-infection ; cell_line=HFF-1 ; infection_status=8hpi","HFF-1, mock infection ; cell_line=HFF-1 ; infection_"
"cgroup_L5_b9c77320","GSE124118",FALSE,FALSE,"trattamento","MRC-5, HIV-1, 4 hours post-infection ; cell_line=MRC-5 ; infection_status=4hpi","MRC-5, mock infection ; cell_line=MRC-5 ; infection_"
"cgroup_L5_b9c77320","GSE124118",FALSE,FALSE,"trattamento","MRC-5, HIV-1, 8 hours post-infection ; cell_line=MRC-5 ; infection_status=8hpi","MRC-5, mock infection ; cell_line=MRC-5 ; infection_"
"cgroup_L5_f97e50de","GSE124450",FALSE,FALSE,"trattamento","Crizotinib 500 nM ; treatment=crizotinib","Control ; treatment=control"
"cgroup_L5_c040a36d","GSE124453",FALSE,FALSE,"trattamento","Clear Cell Renal cell carcinoma ; disease_state=Clear Cell Renal cell carcinom","Adjacent Normal Tissue ; disease_state=adjacent norm"
"cgroup_L5_12228932","GSE124586",FALSE,FALSE,"trattamento","EGF-treated HTR-8/SVneo cells ; treatment=EGF","Untreated HTR-8/SVneo cells ; treatment=untreated"
"cgroup_L5_8a54ddd6","GSE124622",FALSE,FALSE,"trattamento","Adriamycin-treated Podocytes ; treatment=Adriamycin","Untreated Podocytes ; treatment=none"
"cgroup_L5_90db4e34","GSE124704",FALSE,FALSE,"trattamento","LuCaP 35CR-ENZR SPT End of Study (EOS) ; cell_line=LuCaP 35CR-ENZR ; treatment","LuCaP 35CR-ENZR Control End of Study (EOS) ; cell_li"
"cgroup_L5_90db4e34","GSE124704",FALSE,FALSE,"trattamento","LuCaP 35CR-ENZR SPT Day 5 (D5) ; cell_line=LuCaP 35CR-ENZR ; treatment=supraph","LuCaP 35CR-ENZR Control Day 5 (D5) ; cell_line=LuCaP"
"cgroup_L5_90db4e34","GSE124704",FALSE,FALSE,"trattamento","LuCaP 77CR-ENZR SPT Day 5 (D5) ; cell_line=LuCaP 77CR-ENZR ; treatment=supraph","LuCaP 77CR-ENZR Control Day 5 (D5) ; cell_line=LuCaP"
"cgroup_L5_90db4e34","GSE124704",FALSE,FALSE,"trattamento","LuCaP 96CR-ENZR SPT Day 5 (D5) ; cell_line=LuCaP 96CR-ENZR ; treatment=supraph","LuCaP 96CR-ENZR Control Day 5 (D5) ; cell_line=LuCaP"
"cgroup_L5_90db4e34","GSE124704",FALSE,FALSE,"trattamento","LuCaP 96CR-ENZR SPT End of Study (EOS) ; cell_line=LuCaP 96CR-ENZR ; treatment","LuCaP 96CR-ENZR Control End of Study (EOS) ; cell_li"
"cgroup_L5_9bdf0dcb","GSE124810",FALSE,FALSE,"trattamento","IFNa treated ; treatment=IFNa","Vehicle control ; treatment=vehicle"
"cgroup_L5_3be7454c","GSE124810",FALSE,FALSE,"trattamento","IFNα stimulated ; treatment=IFNα","Vehicle control ; treatment=vehicle"
"cgroup_L5_6b7b8076","GSE124841",FALSE,FALSE,"trattamento","Papillary Thyroid Cancer Tissue ; disease_state=papillary thyroid cancer ; cel","Adjacent Normal Tissue ; disease_state=normal ; cell"
"cgroup_L5_9bb4734d","GSE124939",FALSE,FALSE,"trattamento","Normal IFNb control_1 ; disease_state=normal ; treatment=IFNb","Normal control control_1 ; disease_state=normal ; tr"
"cgroup_L5_87c40ebb","GSE124939",FALSE,FALSE,"trattamento","Normal IFNg control_1 ; disease_state=normal ; treatment=IFNg","Normal control control_1 ; disease_state=normal ; tr"
"cgroup_L5_87c40ebb","GSE124939",FALSE,FALSE,"trattamento","Normal IFNg control_4 ; disease_state=normal ; treatment=IFNg","Normal control control_1 ; disease_state=normal ; tr"
"cgroup_L5_87c40ebb","GSE124939",FALSE,FALSE,"trattamento","Normal IFNg control_5 ; disease_state=normal ; treatment=IFNg","Normal control control_1 ; disease_state=normal ; tr"
"cgroup_L5_e294a3bc","GSE124979",FALSE,FALSE,"trattamento","DRB-treated ; treatment=DRB ; cell_type_or_line_raw=TIG-1 ; tissue=lung","Control (vehicle) ; treatment=vehicle_only ; cell_ty"
"cgroup_L5_930c8dcf","GSE125014",FALSE,FALSE,"trattamento","LNCaP + DHT ; treatment=DHT","LNCaP + Vehicle ; control=Vehicle"
"cgroup_L5_930c8dcf","GSE125014",FALSE,FALSE,"trattamento","LNCaP + DHT ; treatment=DHT","LNCaP + Vehicle ; control=Vehicle"
"cgroup_L5_b0066299","GSE125022",FALSE,FALSE,"trattamento","Keloid fibroblast ; disease_state=keloid ; cell_type=Keloid fibroblast ; tissu","Normal fibroblast ; disease_state=normal ; cell_type"
"cgroup_L5_3a0a595f","GSE125035",FALSE,FALSE,"trattamento","dasatinib-treated CVCL_M258 ; treatment=dasatinib ; cell_line=CVCL_M258","untreated CVCL_M258 ; treatment=none ; cell_line=CVC"
"cgroup_L5_fea19ca0","GSE125066",FALSE,FALSE,"trattamento","IFN-β treated ; Treatment=IFN-β","Untreated control ; Treatment=Untreated"
"cgroup_L5_fea19ca0","GSE125066",FALSE,FALSE,"trattamento","Wild-type T. gondii + IFN-β ; Treatment=Wild-type T. gondii + IFN-β","Untreated control ; Treatment=Untreated"
"cgroup_L5_1e8a735e","GSE125218",FALSE,FALSE,"trattamento","HEK293T_Thapsigargin ; treatment=Thapsigargin ; cell_line=HEK293T","HEK293T_DMSO ; treatment=DMSO ; cell_line=HEK293T"
"cgroup_L5_d411c435","GSE125218",FALSE,FALSE,"trattamento","HEK293T_Tunicamycin ; treatment=Tunicamycin ; cell_line=HEK293T","HEK293T_DMSO ; treatment=DMSO ; cell_line=HEK293T"
"cgroup_L5_721184e6","GSE125245",FALSE,FALSE,"trattamento","DU145 cells treated with THZ1 ; cell_line=DU145 ; treatment=THZ1","DU145 cells treated with DMSO ; cell_line=DU145 ; tr"
"cgroup_L5_721184e6","GSE125245",FALSE,FALSE,"trattamento","LNCaP cells with AR stimulation in presence of THZ1 ; cell_line=LNCaP ; treatm","LNCaP cells treated with DMSO ; cell_line=LNCaP ; tr"
"cgroup_L5_721184e6","GSE125245",FALSE,FALSE,"trattamento","LNCaP cells treated with THZ1 ; cell_line=LNCaP ; treatment=THZ1","LNCaP cells treated with DMSO ; cell_line=LNCaP ; tr"
"cgroup_L5_721184e6","GSE125245",FALSE,FALSE,"trattamento","VCaP cells treated with THZ1 ; cell_line=VCaP ; treatment=THZ1","VCaP cells treated with DMSO ; cell_line=VCaP ; trea"
"cgroup_L5_c548d053","GSE125342",FALSE,FALSE,"trattamento","LPS ; treatment=LPS ; cell_type=Caco-2 ; passage=20-40","Control ; treatment=control ; cell_type=Caco-2 ; pas"
"cgroup_L5_469db990","GSE125342",FALSE,FALSE,"trattamento","NaHS ; treatment=NaHS ; cell_type=Caco-2 ; passage=20-40","Control ; treatment=control ; cell_type=Caco-2 ; pas"
"cgroup_L5_dc7451b1","GSE125437",FALSE,FALSE,"trattamento","RS411 cells treated with EPZ-5676 ; cell_line=RS411 ; treatment=EPZ-5676","RS411 cells treated with DMSO ; cell_line=RS411 ; tr"
"cgroup_L5_4041e3af","GSE125518",FALSE,FALSE,"trattamento","GSK-J4 treated ; treatment=GSK-J4 ; dose=6.2 mM ; duration=24 h","DMSO control ; treatment=DMSO ; duration=24 h"
"cgroup_L5_2ec87595","GSE125525",FALSE,FALSE,"trattamento","HepG2 cells treated with metformin ; treatment=metformin ; cell_line=HepG2","Untreated HepG2 cells ; treatment=none ; cell_line=H"
"cgroup_L5_2e16719f","GSE125577",FALSE,FALSE,"trattamento","HIBEC P4-6 TGFb stimulated ; treatment=TGFb ; cell_context=HIBEC P4-6","HIBEC P4-6 Vehicle Control ; treatment=Vehicle ; cel"
"cgroup_L5_2e16719f","GSE125577",FALSE,FALSE,"trattamento","Primary HIBEC TGFb stimulated ; treatment=TGFb ; cell_context=Primary HIBEC","HIBEC P4-6 Vehicle Control ; treatment=Vehicle ; cel"
"cgroup_L5_63e69fdc","GSE125583",FALSE,FALSE,"trattamento","Alzheimer's disease ; disease_state=Alzheimer's disease ; donor_id=04-45 ; age","Healthy control ; disease_state=control ; donor_id=0"
"cgroup_L5_74daf1c9","GSE125866",FALSE,FALSE,"trattamento","OSCC_011T ; disease_state=OSCC ; cell_type=011T","Normal_mucosa ; disease_state=normal ; cell_type=muc"
"cgroup_L5_74daf1c9","GSE125866",FALSE,FALSE,"trattamento","OSCC_013T ; disease_state=OSCC ; cell_type=013T","Normal_mucosa ; disease_state=normal ; cell_type=muc"
"cgroup_L5_74daf1c9","GSE125866",FALSE,FALSE,"trattamento","OSCC_mucosa ; disease_state=OSCC ; cell_type=mucosa","Normal_mucosa ; disease_state=normal ; cell_type=muc"
"cgroup_L5_29cb04f8","GSE125920",TRUE,TRUE,"contesto","HCT116_5-FU_siCtrl ; treatment=5-FU ; cell_line=HCT116","HCT116_DMSO_siCtrl ; treatment=DMSO + siCtrl ; cell_"
"cgroup_L5_29cb04f8","GSE125920",TRUE,TRUE,"contesto","HCT116_5-FU_siGLIS2-1 ; treatment=5-FU ; cell_line=HCT116 ; disease_state=canc","HCT116_DMSO_siGLIS2-1 ; treatment=DMSO ; cell_line=H"
"cgroup_L5_29cb04f8","GSE125920",TRUE,TRUE,"contesto","HCT116_5-FU_siGLIS2-2 ; treatment=5-FU ; cell_line=HCT116 ; disease_state=canc","HCT116_DMSO_siGLIS2-2 ; treatment=DMSO ; cell_line=H"
"cgroup_L5_41f7b088","GSE125933",FALSE,FALSE,"trattamento","Gefitinib (50uM, 24h) ; treatment=gefitinib ; dose=50uM","Untreated (24h) ; treatment=untreated ; dose=24h"
"cgroup_L5_41f7b088","GSE125933",FALSE,FALSE,"trattamento","Gefitinib (75uM, 24h) ; treatment=gefitinib ; dose=75uM","Untreated (24h) ; treatment=untreated ; dose=24h"
"cgroup_L5_a25d0964","GSE126003",TRUE,TRUE,"contesto","MCF7 STAT3 -/- + EtOH + IL6 (4h) ; cell_line=MCF7 ; genetic_perturbation=STAT3","MCF7 STAT3 -/- + EtOH ; cell_line=MCF7 ; genetic_per"
"cgroup_L5_a25d0964","GSE126003",TRUE,TRUE,"contesto","MCF7 STAT3 -/- + EtOH + IL6 ; cell_line=MCF7 ; genetic_perturbation=STAT3 knoc","MCF7 STAT3 -/- + EtOH ; cell_line=MCF7 ; genetic_per"
"cgroup_L5_a25d0964","GSE126003",TRUE,TRUE,"contesto","P4B5_MCF7 STAT3 -/- + EtOH + IL6 ; cell_line=P4B5_MCF7 ; genetic_perturbation=","P4B5_MCF7 STAT3 -/- + EtOH + PBS ; cell_line=P4B5_MC"
"cgroup_L5_a25d0964","GSE126003",FALSE,FALSE,"trattamento","WT_MCF7 + EtOH + IL6 ; cell_line=WT_MCF7 ; genetic_perturbation=None ; chemica","WT_MCF7 + EtOH + PBS ; cell_line=WT_MCF7 ; genetic_p"
"cgroup_L5_d9e23e09","GSE126101",FALSE,FALSE,"trattamento","TNFα ; treatment=TNFα","Control (Ctrl) ; treatment=control"
"cgroup_L5_7934174c","GSE126395",FALSE,FALSE,"trattamento","EPZ-6438-treated dermal fibroblasts ; treatment=EPZ-6438 ; cell_type=dermal fi","DMSO-treated dermal fibroblasts ; treatment=DMSO ; c"
"cgroup_L5_9bb4734d","GSE126409",FALSE,FALSE,"trattamento","Celiac IFNb 30min ; cytokine=IFNb ; time=30min ; disease_state=celiac","Celiac Control ; cytokine=none ; time=0 ; disease_st"
"cgroup_L5_9bb4734d","GSE126409",FALSE,FALSE,"trattamento","Celiac IFNb 24h ; cytokine=IFNb ; time=24h ; disease_state=celiac","Celiac Control ; cytokine=none ; time=0 ; disease_st"
"cgroup_L5_9bb4734d","GSE126409",FALSE,FALSE,"trattamento","Celiac IFNb 3h ; cytokine=IFNb ; time=3h ; disease_state=celiac","Celiac Control ; cytokine=none ; time=0 ; disease_st"
"cgroup_L5_9bb4734d","GSE126409",FALSE,FALSE,"trattamento","Celiac IFNb 4h ; cytokine=IFNb ; time=4h ; disease_state=celiac","Celiac Control ; cytokine=none ; time=0 ; disease_st"
"cgroup_L5_2d53def6","GSE126409",FALSE,FALSE,"trattamento","Celiac IL21 3h ; cytokine=IL21 ; time=3h ; disease_state=celiac","Celiac Control ; cytokine=none ; time=0 ; disease_st"
"cgroup_L5_bd40f34f","GSE126409",FALSE,FALSE,"trattamento","Celiac IL15 30min ; cytokine=IL15 ; time=30min ; disease_state=celiac","Celiac Control ; cytokine=none ; time=0 ; disease_st"
"cgroup_L5_bd40f34f","GSE126409",FALSE,FALSE,"trattamento","Celiac IL15 24h ; cytokine=IL15 ; time=24h ; disease_state=celiac","Celiac Control ; cytokine=none ; time=0 ; disease_st"
"cgroup_L5_bd40f34f","GSE126409",FALSE,FALSE,"trattamento","Celiac IL15 3h ; cytokine=IL15 ; time=3h ; disease_state=celiac","Celiac Control ; cytokine=none ; time=0 ; disease_st"
"cgroup_L5_bd40f34f","GSE126409",FALSE,FALSE,"trattamento","Celiac IL15 4h ; cytokine=IL15 ; time=4h ; disease_state=celiac","Celiac Control ; cytokine=none ; time=0 ; disease_st"
"cgroup_L5_2d53def6","GSE126409",FALSE,FALSE,"trattamento","Celiac IL21 30min ; cytokine=IL21 ; time=30min ; disease_state=celiac","Celiac Control ; cytokine=none ; time=0 ; disease_st"
"cgroup_L5_2d53def6","GSE126409",FALSE,FALSE,"trattamento","Celiac IL21 3h ; cytokine=IL21 ; time=3h ; disease_state=celiac","Celiac Control ; cytokine=none ; time=0 ; disease_st"
"cgroup_L5_2d53def6","GSE126409",FALSE,FALSE,"trattamento","Celiac IL21 4h ; cytokine=IL21 ; time=4h ; disease_state=celiac","Celiac Control ; cytokine=none ; time=0 ; disease_st"
"cgroup_L5_2d53def6","GSE126409",FALSE,FALSE,"trattamento","Celiac IL21 30min ; cytokine=IL21 ; time=30min ; disease_state=celiac","Celiac Control ; cytokine=none ; time=0 ; disease_st"
"cgroup_L5_2d53def6","GSE126409",FALSE,FALSE,"trattamento","Celiac IL21 24h ; cytokine=IL21 ; time=24h ; disease_state=celiac","Celiac Control ; cytokine=none ; time=0 ; disease_st"
"cgroup_L5_2d53def6","GSE126409",FALSE,FALSE,"trattamento","Celiac IL21 3h ; cytokine=IL21 ; time=3h ; disease_state=celiac","Celiac Control ; cytokine=none ; time=0 ; disease_st"
"cgroup_L5_2d53def6","GSE126409",FALSE,FALSE,"trattamento","Celiac IL21 4h ; cytokine=IL21 ; time=4h ; disease_state=celiac","Celiac Control ; cytokine=none ; time=0 ; disease_st"
"cgroup_L5_bd40f34f","GSE126409",FALSE,FALSE,"trattamento","Celiac IL15 24h ; cytokine=IL15 ; time=24h ; disease_state=celiac","Celiac Control ; cytokine=none ; time=0 ; disease_st"
"cgroup_L5_bd40f34f","GSE126409",FALSE,FALSE,"trattamento","Celiac IL15 4h ; cytokine=IL15 ; time=4h ; disease_state=celiac","Celiac Control ; cytokine=none ; time=0 ; disease_st"
"cgroup_L5_9bb4734d","GSE126409",FALSE,FALSE,"trattamento","Healthy IFNb 30min ; cytokine=IFNb ; time=30min ; disease_state=healthy","Healthy Vehicle Control ; cytokine=vehicle ; time=0 "
"cgroup_L5_9bb4734d","GSE126409",FALSE,FALSE,"trattamento","Healthy IFNb 24h ; cytokine=IFNb ; time=24h ; disease_state=healthy","Healthy Vehicle Control ; cytokine=vehicle ; time=0 "
"cgroup_L5_9bb4734d","GSE126409",FALSE,FALSE,"trattamento","Healthy IFNb 3h ; cytokine=IFNb ; time=3h ; disease_state=healthy","Healthy Vehicle Control ; cytokine=vehicle ; time=0 "
"cgroup_L5_9bb4734d","GSE126409",FALSE,FALSE,"trattamento","Healthy IFNb 4h ; cytokine=IFNb ; time=4h ; disease_state=healthy","Healthy Vehicle Control ; cytokine=vehicle ; time=0 "
"cgroup_L5_2d53def6","GSE126409",FALSE,FALSE,"trattamento","Healthy IL21 24h ; cytokine=IL21 ; time=24h ; disease_state=healthy","Healthy Vehicle Control ; cytokine=vehicle ; time=0 "
"cgroup_L5_2d53def6","GSE126409",FALSE,FALSE,"trattamento","Healthy IL21 4h ; cytokine=IL21 ; time=4h ; disease_state=healthy","Healthy Vehicle Control ; cytokine=vehicle ; time=0 "
"cgroup_L5_2d53def6","GSE126409",FALSE,FALSE,"trattamento","Healthy IL21 24h ; cytokine=IL21 ; time=24h ; disease_state=healthy","Healthy Vehicle Control ; cytokine=vehicle ; time=0 "
"cgroup_L5_2d53def6","GSE126409",FALSE,FALSE,"trattamento","Healthy IL21 30min ; cytokine=IL21 ; time=30min ; disease_state=healthy","Healthy Vehicle Control ; cytokine=vehicle ; time=0 "
"cgroup_L5_bd40f34f","GSE126409",FALSE,FALSE,"trattamento","Healthy IL15 30min ; cytokine=IL15 ; time=30min ; disease_state=healthy","Healthy Vehicle Control ; cytokine=vehicle ; time=0 "
"cgroup_L5_bd40f34f","GSE126409",FALSE,FALSE,"trattamento","Healthy IL15 24h ; cytokine=IL15 ; time=24h ; disease_state=healthy","Healthy Vehicle Control ; cytokine=vehicle ; time=0 "
"cgroup_L5_bd40f34f","GSE126409",FALSE,FALSE,"trattamento","Healthy IL15 3h ; cytokine=IL15 ; time=3h ; disease_state=healthy","Healthy Vehicle Control ; cytokine=vehicle ; time=0 "
"cgroup_L5_bd40f34f","GSE126409",FALSE,FALSE,"trattamento","Healthy IL15 4h ; cytokine=IL15 ; time=4h ; disease_state=healthy","Healthy Vehicle Control ; cytokine=vehicle ; time=0 "
"cgroup_L5_2d53def6","GSE126409",FALSE,FALSE,"trattamento","Healthy IL21 30min ; cytokine=IL21 ; time=30min ; disease_state=healthy","Healthy Vehicle Control ; cytokine=vehicle ; time=0 "
"cgroup_L5_2d53def6","GSE126409",FALSE,FALSE,"trattamento","Healthy IL21 3h ; cytokine=IL21 ; time=3h ; disease_state=healthy","Healthy Vehicle Control ; cytokine=vehicle ; time=0 "
"cgroup_L5_2d53def6","GSE126409",FALSE,FALSE,"trattamento","Healthy IL21 24h ; cytokine=IL21 ; time=24h ; disease_state=healthy","Healthy Vehicle Control ; cytokine=vehicle ; time=0 "
"cgroup_L5_2d53def6","GSE126409",FALSE,FALSE,"trattamento","Healthy IL21 3h ; cytokine=IL21 ; time=3h ; disease_state=healthy","Healthy Vehicle Control ; cytokine=vehicle ; time=0 "
"cgroup_L5_2d53def6","GSE126409",FALSE,FALSE,"trattamento","Healthy IL21 4h ; cytokine=IL21 ; time=4h ; disease_state=healthy","Healthy Vehicle Control ; cytokine=vehicle ; time=0 "
"cgroup_L5_12212e41","GSE126427",FALSE,FALSE,"trattamento","Multiple Sclerosis Patient C1 ; disease_state=multiple sclerosis","Healthy Control (Replicate 1) ; disease_state=health"
"cgroup_L5_3be7454c","GSE126517",FALSE,FALSE,"trattamento","T47D breast cancer cells treated with R5020 for 6 hours and IFN-alpha for 18 h","T47D breast cancer cells treated with EtOH for 6 hou"
"cgroup_L5_4753688f","GSE126517",FALSE,FALSE,"trattamento","T47D breast cancer cells treated with R5020 for 6 hours and water for 18 hours","T47D breast cancer cells treated with EtOH for 6 hou"
"cgroup_L5_4753688f","GSE126517",FALSE,FALSE,"trattamento","T47D breast cancer cells treated with R5020 for 6 hours and water for 18 hours","T47D breast cancer cells treated with EtOH for 6 hou"
"cgroup_L5_3be7454c","GSE126517",FALSE,FALSE,"trattamento","T47D breast cancer cells treated with R5020 for 6 hours and IFN-alpha for 18 h","T47D breast cancer cells treated with EtOH for 6 hou"
"cgroup_L5_3be7454c","GSE126517",FALSE,FALSE,"trattamento","T47D breast cancer cells treated with R5020 for 6 hours and IFN-alpha for 18 h","T47D breast cancer cells treated with EtOH for 6 hou"
"cgroup_L5_dde29fb4","GSE126750",FALSE,FALSE,"trattamento","H2O2-treated cerebellar astrocytes ; treatment=H2O2 ; cell_type=cerebellar ast","DMSO-treated cerebellar astrocytes ; treatment=DMSO "
"cgroup_L5_d7abf612","GSE126750",FALSE,FALSE,"trattamento","Rotenone-treated cerebellar astrocytes ; treatment=rotenone ; cell_type=cerebe","DMSO-treated cerebellar astrocytes ; treatment=DMSO "
"cgroup_L5_905be893","GSE126750",FALSE,FALSE,"trattamento","IL1b-treated cerebellar astrocytes ; treatment=IL1b ; cell_type=cerebellar ast","DMSO-treated cerebellar astrocytes ; treatment=DMSO "
"cgroup_L5_ee94648c","GSE126757",FALSE,FALSE,"trattamento","E. coli treated ; treatment=E. coli","Unstimulated ; treatment=unstimulated"
"cgroup_L5_31308596","GSE126757",FALSE,FALSE,"trattamento","PMA treated ; treatment=PMA","Unstimulated ; treatment=unstimulated"
"cgroup_L5_4753688f","GSE126775",FALSE,FALSE,"trattamento","PR-A + R5020 48h ; progesterone_receptor_type=PR-A ; treatment=R5020 ; time=48","PR-A + vehicle 48h ; progesterone_receptor_type=PR-A"
"cgroup_L5_4753688f","GSE126775",FALSE,FALSE,"trattamento","PR-A + R5020 6h p53mut ; progesterone_receptor_type=PR-A ; treatment=R5020 ; t","PR-A + vehicle 6h ; progesterone_receptor_type=PR-A "
"cgroup_L5_4753688f","GSE126775",FALSE,FALSE,"trattamento","PR-B + R5020 48h p53mut ; progesterone_receptor_type=PR-B ; treatment=R5020 ; ","PR-B + vehicle 48h ; progesterone_receptor_type=PR-B"
"cgroup_L5_4753688f","GSE126775",FALSE,FALSE,"trattamento","PR-B + R5020 6h ; progesterone_receptor_type=PR-B ; treatment=R5020 ; time=6_h","PR-B + vehicle 6h ; progesterone_receptor_type=PR-B "
"cgroup_L5_c13b1103","GSE126848",FALSE,FALSE,"trattamento","NAFLD Male ; disease_state=NAFLD ; sex=M","Healthy ; disease_state=healthy"
"cgroup_L5_3824dc37","GSE126848",FALSE,FALSE,"trattamento","NASH ; disease_state=NASH","Healthy ; disease_state=healthy"
"cgroup_L5_3ec58cd6","GSE126848",FALSE,FALSE,"trattamento","Obese ; disease_state=obese","Healthy ; disease_state=healthy"
"cgroup_L5_f34ff8df","GSE126895",FALSE,FALSE,"trattamento","MV411 Etoposide IC50 ; cell_line=MV411 ; treatment=Etoposide","MV411 Untreated ; cell_line=MV411 ; treatment=Untrea"
"cgroup_L5_03b38818","GSE126960",FALSE,FALSE,"trattamento","MEL-XY3 SUR treated with PLX4032 ; treatment=PLX4032 ; cell_line=MEL-XY3 SUR","MEL-XY3 untreated ; treatment=untreated ; cell_line="
"cgroup_L5_c040a36d","GSE126964",FALSE,FALSE,"trattamento","Case T1a Grade1 ; disease_state=clear cell renal cell carcinoma ; grade=Grade1","Control T1a ; disease_state=normal ; stage=T1a"
"cgroup_L5_c040a36d","GSE126964",FALSE,FALSE,"trattamento","Case T1b Grade2 ; disease_state=clear cell renal cell carcinoma ; grade=Grade2","Control T1b ; disease_state=normal ; stage=T1b"
"cgroup_L5_c040a36d","GSE126964",FALSE,FALSE,"trattamento","Case T3a Grade2 ; disease_state=clear cell renal cell carcinoma ; grade=Grade2","Control T3a ; disease_state=normal ; stage=T3a"
"cgroup_L5_c040a36d","GSE126964",FALSE,FALSE,"trattamento","Case T1a Grade3 ; disease_state=clear cell renal cell carcinoma ; grade=Grade3","Control T1a ; disease_state=normal ; stage=T1a"
"cgroup_L5_c040a36d","GSE126964",FALSE,FALSE,"trattamento","Case T1b Grade3 ; disease_state=clear cell renal cell carcinoma ; grade=Grade3","Control T1b ; disease_state=normal ; stage=T1b"
"cgroup_L5_c040a36d","GSE126964",FALSE,FALSE,"trattamento","Case T3a Grade3 ; disease_state=clear cell renal cell carcinoma ; grade=Grade3","Control T3a ; disease_state=normal ; stage=T3a"
"cgroup_L5_c040a36d","GSE126964",FALSE,FALSE,"trattamento","Case T1a Grade4 ; disease_state=clear cell renal cell carcinoma ; grade=Grade4","Control T1a ; disease_state=normal ; stage=T1a"
"cgroup_L5_c040a36d","GSE126964",FALSE,FALSE,"trattamento","Case T1b Grade4 ; disease_state=clear cell renal cell carcinoma ; grade=Grade4","Control T1b ; disease_state=normal ; stage=T1b"
"cgroup_L5_c040a36d","GSE126964",FALSE,FALSE,"trattamento","Case T3a Grade4 ; disease_state=clear cell renal cell carcinoma ; grade=Grade4","Control T3a ; disease_state=normal ; stage=T3a"
"cgroup_L5_b6b8bc00","GSE126998",FALSE,FALSE,"trattamento","A2780_Palbociclib ; treatment=Palbociclib ; cell_line=A2780 ; disease_state=ov","A2780_DMSO ; treatment=DMSO ; cell_line=A2780 ; dise"
"cgroup_L5_2e16719f","GSE127903",TRUE,TRUE,"contesto","HaCaT + TGF-beta + siPTPN3 ; treatment=TGF-beta ; genetic_knockdown=siPTPN3","HaCaT + siPTPN3 ; treatment=vehicle ; genetic_knockd"
"cgroup_L5_2e16719f","GSE127964",FALSE,FALSE,"trattamento","TGFbeta 1 hour ; treatment=TGFbeta 1h","DMSO ; treatment=DMSO"
"cgroup_L5_2e16719f","GSE127964",FALSE,FALSE,"trattamento","TGFbeta 2 hours ; treatment=TGFbeta 2h","DMSO ; treatment=DMSO"
"cgroup_L5_2e16719f","GSE127964",FALSE,FALSE,"trattamento","TGFbeta 3 hours ; treatment=TGFbeta 3h","DMSO ; treatment=DMSO"
"cgroup_L5_b6b8bc00","GSE128056",FALSE,FALSE,"trattamento","Parental T47D cells treated with palbociclib ; treatment=palbociclib ; resista","Parental T47D cells treated with vehicle ; treatment"
"cgroup_L5_b6b8bc00","GSE128056",FALSE,FALSE,"trattamento","Parental T47D cells treated with palbociclib (alternative) ; treatment=palboci","Parental T47D cells treated with vehicle ; treatment"
"cgroup_L5_b6b8bc00","GSE128056",FALSE,FALSE,"trattamento","Resistant T47D cells treated with palbociclib ; treatment=palbociclib ; resist","Resistant differentiated T47D cells treated with veh"
"cgroup_L5_b6b8bc00","GSE128056",FALSE,FALSE,"trattamento","Resistant T47D cells treated with palbociclib (alternative) ; treatment=palboc","Resistant differentiated T47D cells treated with veh"
"cgroup_L5_85083e38","GSE128177",FALSE,FALSE,"trattamento","Parkinson's disease (male, age 65) ; disease_state=Parkinson's disease ; age=6","Healthy control (male, age 65) ; disease_state=healt"
"cgroup_L5_85083e38","GSE128177",FALSE,FALSE,"trattamento","Parkinson's disease (female, age 60) ; disease_state=Parkinson's disease ; age","Healthy control (male, age 65) ; disease_state=healt"
"cgroup_L5_85083e38","GSE128177",FALSE,FALSE,"trattamento","Parkinson's disease (male, age 71) ; disease_state=Parkinson's disease ; age=7","Healthy control (male, age 65) ; disease_state=healt"
"cgroup_L5_7784bb43","GSE128328",FALSE,FALSE,"trattamento","PCOS patient 1 ; disease_state=PCOS ; age=42","Healthy control 1 ; disease_state=normal ; age=42"
"cgroup_L5_7784bb43","GSE128328",FALSE,FALSE,"trattamento","PCOS patient 2 ; disease_state=PCOS ; age=52","Healthy control 2 ; disease_state=normal ; age=35"
"cgroup_L5_79ce3bd1","GSE128420",FALSE,FALSE,"trattamento","bleomycin ; treatment=bleomycin ; genetic_modification=wild-type","untreated ; treatment=untreated ; genetic_modificati"
"cgroup_L5_d9e23e09","GSE128638",FALSE,FALSE,"trattamento","Monocytes treated with TNF for 1 hour ; treatment=TNF ; time=1hr","Untreated monocytes ; treatment=none ; time=0hr"
"cgroup_L5_d9e23e09","GSE128638",FALSE,FALSE,"trattamento","Monocytes treated with TNF for 3 hours ; treatment=TNF ; time=3hr","Untreated monocytes ; treatment=none ; time=0hr"
"cgroup_L5_d9e23e09","GSE128638",FALSE,FALSE,"trattamento","Monocytes treated with TNF for 6 hours ; treatment=TNF ; time=6hr","Untreated monocytes ; treatment=none ; time=0hr"
"cgroup_L5_d9e23e09","GSE128638",FALSE,FALSE,"trattamento","Monocytes treated with TNF for 24 hours ; treatment=TNF ; time=24hr","Untreated monocytes ; treatment=none ; time=0hr"
"cgroup_L5_8a54ddd6","GSE128728",FALSE,FALSE,"trattamento","Doxorubicin-treated Bone Marrow ; treatment=doxorubicin ; tissue_source=bone_m","Vehicle-treated Bone Marrow ; treatment=vehicle ; ti"
"cgroup_L5_8a54ddd6","GSE128728",FALSE,FALSE,"trattamento","Doxorubicin-treated Spleen ; treatment=doxorubicin ; tissue_source=spleen","Vehicle-treated Spleen ; treatment=vehicle ; tissue_"
"cgroup_L5_2e16719f","GSE128940",FALSE,FALSE,"trattamento","TGFB1 stimulated hepatic stellate cells ; treatment=TGFB1 ; cell_type=hepatic ","Untreated hepatic stellate cells ; treatment=none ; "
"cgroup_L5_4be9e90d","GSE129018",FALSE,FALSE,"trattamento","Day 12 PFOS ; treatment=PFOS ; developmental_stage=day 12","Day 12 DMSO ; treatment=DMSO ; developmental_stage=d"
"cgroup_L5_4be9e90d","GSE129018",FALSE,FALSE,"trattamento","Day 12 PFOS ; treatment=PFOS ; developmental_stage=day 12","Day 12 DMSO ; treatment=DMSO ; developmental_stage=d"
"cgroup_L5_4be9e90d","GSE129018",FALSE,FALSE,"trattamento","Day 8 PFOS ; treatment=PFOS ; developmental_stage=day 8","Day 8 DMSO ; treatment=DMSO ; developmental_stage=da"
"cgroup_L5_d8006c5b","GSE129071",FALSE,FALSE,"trattamento","MHCC97L cells treated with oxaliplatin ; treatment=oxaliplatin ; cell_type_or_","Untreated MHCC97L cells ; treatment=none ; cell_type"
"cgroup_L5_ae969461","GSE129071",FALSE,FALSE,"trattamento","MHCC97L cells treated with saracatinib ; treatment=saracatinib ; cell_type_or_","Untreated MHCC97L cells ; treatment=none ; cell_type"
"cgroup_L5_9bb4734d","GSE129093",FALSE,FALSE,"trattamento","AD-HIES patients, IFNb, 4h ; disease_state=AD-HIES patients ; treatment=IFNb","AD-HIES patients, PBS, 4h ; disease_state=AD-HIES pa"
"cgroup_L5_2d53def6","GSE129093",FALSE,FALSE,"trattamento","AD-HIES patients, IL21, 4h ; disease_state=AD-HIES patients ; treatment=IL21","AD-HIES patients, PBS, 4h ; disease_state=AD-HIES pa"
"cgroup_L5_9bb4734d","GSE129093",FALSE,FALSE,"trattamento","Normal Donors, IFNb, 4h ; disease_state=Normal Donors ; treatment=IFNb","Normal Donors, Control, 4h ; disease_state=Normal Do"
"cgroup_L5_2d53def6","GSE129093",FALSE,FALSE,"trattamento","Normal Donors, IL21, 4h ; disease_state=Normal Donors ; treatment=IL21","Normal Donors, Control, 4h ; disease_state=Normal Do"
"cgroup_L5_2248a891","GSE129153",FALSE,FALSE,"trattamento","forskolin-treated ; treatment=forskolin ; cell_type=differentiated stromal vas","untreated control ; treatment=untreated ; cell_type="
"cgroup_L5_2248a891","GSE129153",FALSE,FALSE,"trattamento","forskolin-treated ; treatment=forskolin ; cell_type=differentiated stromal vas","untreated control ; treatment=untreated ; cell_type="
"cgroup_L5_c054e202","GSE129196",FALSE,FALSE,"trattamento","expanded CMV-specific Tcm, day 18, rapamycin ; treatment=rapamycin ; cell type","expanded CMV-specific Tcm, day 18, no treatment ; tr"
"cgroup_L5_c054e202","GSE129196",FALSE,FALSE,"trattamento","expanded CMV-specific Tcm, day 18, rapamycin ; treatment=rapamycin ; cell type","expanded CMV-specific Tcm, day 18, no treatment ; tr"
"cgroup_L5_87c40ebb","GSE129381",TRUE,TRUE,"contesto","K562 Transgene Stable IFNg Day 7 ; treatment=IFNg ; day=Day 7","K562 Transgene Stable Control Day 7 ; treatment=Tran"
"cgroup_L5_87c40ebb","GSE129381",TRUE,TRUE,"contesto","K562 Transgene Stable IFNg Day 7 ; treatment=IFNg ; day=Day 7","K562 Transgene Stable Control Day 7 ; treatment=Tran"
"cgroup_L5_87c40ebb","GSE129381",TRUE,TRUE,"contesto","K562 Transgene Stable IFNg Day 7 ; treatment=IFNg ; day=Day 7","K562 Transgene Stable Control Day 7 ; treatment=Tran"
"cgroup_L5_964c6389","GSE129473",FALSE,FALSE,"trattamento","HD BA9 prefrontal cortex ; disease_state=Huntington's Disease ; tissue_segment","Control BA9 prefrontal cortex ; disease_state=contro"
"cgroup_L5_964c6389","GSE129473",FALSE,FALSE,"trattamento","HD CAU ; disease_state=Huntington's Disease ; tissue_segment=CAU","Control CAU ; disease_state=control ; tissue_segment"
"cgroup_L5_1e8a735e","GSE129942",FALSE,FALSE,"trattamento","thapsigargin ; treatment=thapsigargin","DMSO ; treatment=DMSO"
"cgroup_L5_c054e202","GSE130006",FALSE,FALSE,"trattamento","Rapamycin ; treatment=Rapamycin ; cell_type=HeLa","DMSO ; treatment=DMSO ; cell_type=HeLa"
"cgroup_L5_ee94648c","GSE130152",FALSE,FALSE,"trattamento","DLD-1 + E-Coli ; exposure=E-Coli","DLD-1 Control"
"cgroup_L5_d9e23e09","GSE130226",FALSE,FALSE,"trattamento","Caco2 cells, TNFα, disease model ; treatment=TNFα ; genetic_background=wild-ty","Caco2 cells, untreated, disease model ; treatment=un"
"cgroup_L5_d9e23e09","GSE130226",FALSE,FALSE,"trattamento","Caco2 cells, TNFα, disease model ; treatment=TNFα ; genetic_background=wild-ty","Caco2 cells, untreated, disease model ; treatment=un"
"cgroup_L5_d9e23e09","GSE130226",FALSE,FALSE,"trattamento","Caco2 cells, TNFα, disease model ; treatment=TNFα ; genetic_background=wild-ty","Caco2 cells, untreated, disease model ; treatment=un"
"cgroup_L5_d9e23e09","GSE130226",FALSE,FALSE,"trattamento","Caco2 cells, TNFα, no disease model ; treatment=TNFα ; genetic_background=wild","Caco2 cells, untreated, no disease model ; treatment"
"cgroup_L5_d9e23e09","GSE130226",FALSE,FALSE,"trattamento","Caco2 cells, TNFα, no disease model ; treatment=TNFα ; genetic_background=wild","Caco2 cells, untreated, no disease model ; treatment"
"cgroup_L5_d9e23e09","GSE130226",FALSE,FALSE,"trattamento","Caco2 CFTRpos cells, TNFα, no disease model ; treatment=TNFα ; genetic_backgro","Caco2 CFTRpos cells, untreated, no disease model ; t"
"cgroup_L5_c0d1d837","GSE130246",FALSE,FALSE,"trattamento","LNCaP + enzalutamide ; treatment=enzalutamide ; genotype=wild-type","LNCaP + vehicle ; treatment=vehicle ; genotype=wild-"
"cgroup_L5_c0d1d837","GSE130246",TRUE,TRUE,"contesto","LNCaP sgTLE3 + enzalutamide ; treatment=enzalutamide ; genotype=sgTLE3","LNCaP sgTLE3 + vehicle ; treatment=vehicle ; genotyp"
"cgroup_L5_930c8dcf","GSE130247",FALSE,FALSE,"trattamento","22RV1 cells treated with DHT and ENZ ; treatment=DHT ; technical_treatment=ENZ","22RV1 cells treated with EtOH_DMSO ; vehicle=EtOH_DM"
"cgroup_L5_930c8dcf","GSE130247",FALSE,FALSE,"trattamento","22RV1 cells treated with DHT and DMSO ; treatment=DHT ; vehicle=DMSO ; cell_li","22RV1 cells treated with EtOH_DMSO ; vehicle=EtOH_DM"
"cgroup_L5_387b0d1a","GSE130279",FALSE,FALSE,"trattamento","Type 1 Diabetes Mellitus ; disease_state=Type 1 Diabetes Mellitus","Healthy Control C 1 ; disease_state=Healthy"
"cgroup_L5_3d8c29f4","GSE130284",FALSE,FALSE,"trattamento","Natural Killer Cells - IL-2 - 16h ; treatment=IL-2 ; time(hours)=16","Natural Killer Cells - Untreated"
"cgroup_L5_3d8c29f4","GSE130284",FALSE,FALSE,"trattamento","Natural Killer Cells - IL-2 - 16h ; treatment=IL-2 ; time(hours)=16","Natural Killer Cells - Untreated"
"cgroup_L5_b71a25a2","GSE130313",FALSE,FALSE,"trattamento","Diffuse SSc, JQ1 ; disease_state=diffuse SSc ; treatment=JQ1","Diffuse SSc, No Treatment ; disease_state=diffuse SS"
"cgroup_L5_b71a25a2","GSE130313",FALSE,FALSE,"trattamento","Healthy Control, JQ1 ; disease_state=healthy control ; treatment=JQ1","Healthy Control, No Treatment ; disease_state=health"
"cgroup_L5_b71a25a2","GSE130313",FALSE,FALSE,"trattamento","Diffuse SSc, JQ1 ; disease_state=diffuse SSc ; treatment=JQ1","Diffuse SSc, DMSO ; disease_state=diffuse SSc ; trea"
"cgroup_L5_b71a25a2","GSE130313",FALSE,FALSE,"trattamento","Healthy Control, JQ1 ; disease_state=healthy control ; treatment=JQ1","Healthy Control, DMSO ; disease_state=healthy contro"
"cgroup_L5_2e16719f","GSE130348",FALSE,FALSE,"trattamento","TGF-B 24H ; treatment=TGF-B ; time=24 H","Untreated ; treatment=none ; time=24 H"
"cgroup_L5_2e16719f","GSE130348",FALSE,FALSE,"trattamento","TGF-B 48H ; treatment=TGF-B ; time=48 H","Untreated ; treatment=none ; time=24 H"
"cgroup_L5_bb8cb388","GSE130435",FALSE,FALSE,"trattamento","M1 macrophages, endometriosis Stage I ; cell_type=M1 macrophages ; disease_sta","M1 macrophages, healthy ; cell_type=M1 macrophages ;"
"cgroup_L5_bb8cb388","GSE130435",FALSE,FALSE,"trattamento","M1 macrophages, endometriosis Stage II ; cell_type=M1 macrophages ; disease_st","M1 macrophages, healthy ; cell_type=M1 macrophages ;"
"cgroup_L5_bb8cb388","GSE130435",FALSE,FALSE,"trattamento","M1 macrophages, endometriosis Stage IV ; cell_type=M1 macrophages ; disease_st","M1 macrophages, healthy ; cell_type=M1 macrophages ;"
"cgroup_L5_bb8cb388","GSE130435",FALSE,FALSE,"trattamento","M2 macrophages, endometriosis Stage I ; cell_type=M2 macrophages ; disease_sta","M2 macrophages, healthy ; cell_type=M2 macrophages ;"
"cgroup_L5_bb8cb388","GSE130435",FALSE,FALSE,"trattamento","M2 macrophages, endometriosis Stage II ; cell_type=M2 macrophages ; disease_st","M2 macrophages, healthy ; cell_type=M2 macrophages ;"
"cgroup_L5_bb8cb388","GSE130435",FALSE,FALSE,"trattamento","M2 macrophages, endometriosis Stage IV ; cell_type=M2 macrophages ; disease_st","M2 macrophages, healthy ; cell_type=M2 macrophages ;"
"cgroup_L5_87c40ebb","GSE130443",FALSE,FALSE,"trattamento","B2M + Human IFN-γ (50 ng/mL, 72h) ; Genetic Modification=B2M ; Treatment=Human","B2M + Vehicle Control ; Genetic Modification=B2M ; T"
"cgroup_L5_87c40ebb","GSE130443",FALSE,FALSE,"trattamento","B2M + Human IFN-γ (50 ng/mL, 72h) ; Genetic Modification=B2M ; Treatment=Human","B2M + Vehicle Control ; Genetic Modification=B2M ; T"
"cgroup_L5_87c40ebb","GSE130443",FALSE,FALSE,"trattamento","B2M + Human IFN-γ (50 ng/mL, 72h) ; Genetic Modification=B2M ; Treatment=Human","B2M + Vehicle Control ; Genetic Modification=B2M ; T"
"cgroup_L5_7784bb43","GSE130580",FALSE,FALSE,"trattamento","PCOS T helper cells ; disease_state=PCOS","Healthy T helper cells ; disease_state=healthy"
"cgroup_L5_dde29fb4","GSE130664",FALSE,FALSE,"trattamento","H2O2 Treated ; treatment=H2O2","Control ; treatment=control"
"cgroup_L5_dde29fb4","GSE130664",FALSE,FALSE,"trattamento","H2O2 Treated (PolyA RNA) ; treatment=H2O2","Control ; treatment=control"
"cgroup_L5_dde29fb4","GSE130664",FALSE,FALSE,"trattamento","H2O2 Treated ; treatment=H2O2","Control ; treatment=control"
"cgroup_L5_444e7fc2","GSE130665",TRUE,TRUE,"contesto","siNT + CMV/TB40 strain ; genetic_knockdown=siNT ; pathogen_or_aggregate_exposu","siNT + mock infected ; genetic_knockdown=siNT"
"cgroup_L5_444e7fc2","GSE130665",TRUE,TRUE,"contesto","siP2Y2 + CMV/TB40 strain ; genetic_knockdown=siP2Y2 ; pathogen_or_aggregate_ex","siP2Y2 + mock infected ; genetic_knockdown=siP2Y2"
"cgroup_L5_8a54ddd6","GSE130727",FALSE,FALSE,"trattamento","WI-38 Doxorubicin 2 µg/mL 24h ; cell_type=WI-38 ; perturbation=Doxorubicin","WI-38 Control ; cell_type=WI-38 ; perturbation=Contr"
"cgroup_L5_b71a25a2","GSE131099",TRUE,TRUE,"contesto","SUM159 cells with transgene treated with JQ1 for 12 hours ; cell_line=SUM159 ;","SUM159 cells with transgene treated with DMSO for 12"
"cgroup_L5_ee94648c","GSE131320",FALSE,FALSE,"trattamento","Escherichia coli 24h ; perturbation_agent=Escherichia coli ; duration=24h","Control"
"cgroup_L5_ee94648c","GSE131320",FALSE,FALSE,"trattamento","Escherichia coli 6h ; perturbation_agent=Escherichia coli ; duration=6h","Control"
"cgroup_L5_905be893","GSE131320",FALSE,FALSE,"trattamento","IL-1B 24h ; perturbation_agent=IL-1B ; duration=24h","Control"
"cgroup_L5_905be893","GSE131320",FALSE,FALSE,"trattamento","IL-1B 6h ; perturbation_agent=IL-1B ; duration=6h","Control"
"cgroup_L5_a69fcae5","GSE131525",FALSE,FALSE,"trattamento","Monocytes from SLE patient SLE3 ; cell_type=Monocytes ; disease_state=Systemic","Monocytes from Healthy Control HC3 ; cell_type=Monoc"
"cgroup_L5_a69fcae5","GSE131525",FALSE,FALSE,"trattamento","Monocytes from SLE patient SLE3 ; cell_type=Monocytes ; disease_state=Systemic","Monocytes from Healthy Control HC2 for comparison ; "
"cgroup_L5_a69fcae5","GSE131525",FALSE,FALSE,"trattamento","Monocytes from SLE patient SLE1 with other perturbations ; cell_type=Monocytes","Monocytes from Healthy Control HC3 ; cell_type=Monoc"
"cgroup_L5_a69fcae5","GSE131525",FALSE,FALSE,"trattamento","Monocytes from SLE patient SLE2 ; cell_type=Monocytes ; disease_state=Systemic","Monocytes from Healthy Control HC3 ; cell_type=Monoc"
"cgroup_L5_387b0d1a","GSE131526",FALSE,FALSE,"trattamento","Type 1 Diabetes donor 1 ; disease_state=Type 1 Diabetes ; donor_id=1","Healthy Control donor 2 ; disease_state=Screened Hea"
"cgroup_L5_8c9339f5","GSE131605",FALSE,FALSE,"trattamento","Zika virus infection (Donor 2016_19) ; treatment=zika_virus_infection ; time=0","Mock infection ; treatment=mock_infection ; time=0 h"
"cgroup_L5_8c9339f5","GSE131605",FALSE,FALSE,"trattamento","Zika virus infection (Donor 2017_18, 430h) ; treatment=zika_virus_infection ; ","Mock infection ; treatment=mock_infection ; time=0 h"
"cgroup_L5_8c9339f5","GSE131605",FALSE,FALSE,"trattamento","Zika virus infection (Donor 2016_18, 480h) ; treatment=zika_virus_infection ; ","Mock infection ; treatment=mock_infection ; time=0 h"
"cgroup_L5_8c9339f5","GSE131605",FALSE,FALSE,"trattamento","Zika virus infection (Donor 2017_03, 750h) ; treatment=zika_virus_infection ; ","Mock infection ; treatment=mock_infection ; time=0 h"
"cgroup_L5_8c9339f5","GSE131605",FALSE,FALSE,"trattamento","Zika virus infection (Donor 2017_17) ; treatment=zika_virus_infection ; time=0","Mock infection ; treatment=mock_infection ; time=0 h"
"cgroup_L5_930c8dcf","GSE131726",FALSE,FALSE,"trattamento","DHT Treatment ; perturbation=DHT ; cell_line=LNCaP ; disease_state=prostate ca","Vehicle Control ; perturbation=vehicle_only ; cell_l"
"cgroup_L5_905be893","GSE131732",FALSE,FALSE,"trattamento","IL-1beta ; treatment=IL-1beta","vehicle ; treatment=vehicle"
"cgroup_L5_b71a25a2","GSE131967",FALSE,FALSE,"trattamento","FaDu cells, JQ1 ; cell_line=FaDu cells ; treatment=JQ1","FaDu cells, untreated ; cell_line=FaDu cells ; treat"
"cgroup_L5_b71a25a2","GSE131967",FALSE,FALSE,"trattamento","SCC1 cells, JQ1 ; cell_line=SCC1 cells ; treatment=JQ1","SCC1 cells, untreated ; cell_line=SCC1 cells ; treat"
"cgroup_L5_b71a25a2","GSE131967",FALSE,FALSE,"trattamento","SCC22B cells, JQ1 ; cell_line=SCC22B cells ; treatment=JQ1","SCC22B cells, untreated ; cell_line=SCC22B cells ; t"
"cgroup_L5_b71a25a2","GSE131983",FALSE,FALSE,"trattamento","JQ1 ; treatment=JQ1","DMSO ; treatment=DMSO"
"cgroup_L5_b6b8bc00","GSE131983",FALSE,FALSE,"trattamento","palbociclib ; treatment=palbociclib","DMSO ; treatment=DMSO"
"cgroup_L5_81b706c4","GSE131983",FALSE,FALSE,"trattamento","paclitaxel ; treatment=paclitaxel","DMSO ; treatment=DMSO"
"cgroup_L5_81b706c4","GSE131983",FALSE,FALSE,"trattamento","paclitaxel ; treatment=paclitaxel","DMSO ; treatment=DMSO"
"cgroup_L5_344e058f","GSE131998",FALSE,FALSE,"trattamento","BMP4-treated HPASMCs ; treatment=BMP4 ; cell_type=HPASMC","Untreated HPASMCs ; treatment=untreated ; cell_type="
"cgroup_L5_2e16719f","GSE131998",FALSE,FALSE,"trattamento","TGFb1-treated HPASMCs ; treatment=TGFb1 ; cell_type=HPASMC","Untreated HPASMCs ; treatment=untreated ; cell_type="
"cgroup_L5_d2c64672","GSE132053",FALSE,FALSE,"trattamento","Healthy CD4+ Peripheral blood Romidepsin 2.5 nM ; disease_state=Healthy ; trea","Healthy CD4+ Peripheral blood ; disease_state=Health"
"cgroup_L5_d2c64672","GSE132053",FALSE,FALSE,"trattamento","Healthy CD4+ Peripheral blood Romidepsin 2.5 nM ; disease_state=Healthy ; trea","Healthy CD4+ Peripheral blood ; disease_state=Health"
"cgroup_L5_d2c64672","GSE132053",FALSE,FALSE,"trattamento","Healthy CD4+ Peripheral blood Romidepsin 2.5 nM ; disease_state=Healthy ; trea","Healthy CD4+ Peripheral blood ; disease_state=Health"
"cgroup_L5_004d293d","GSE132055",FALSE,FALSE,"trattamento","AU565_Lapatinib_long-term ; Treatment=Lapatinib ; Cell Line=AU565","AU565_None_parental ; Treatment=None (parental) ; Ce"
"cgroup_L5_49d55bfd","GSE132270",FALSE,FALSE,"trattamento","IL-4 Day 1 ; cytokine=IL-4 ; time=Day 1","Media Day 1 ; cytokine=Media ; time=Day 1"
"cgroup_L5_49d55bfd","GSE132270",FALSE,FALSE,"trattamento","IL-4 Day 10 Donor 58 ; cytokine=IL-4 ; time=Day 10","Media Day 10 Donor 58 ; cytokine=Media ; time=Day 10"
"cgroup_L5_49d55bfd","GSE132270",FALSE,FALSE,"trattamento","IL-4 Day 3 ; cytokine=IL-4 ; time=Day 3","Media Day 3 ; cytokine=Media ; time=Day 3"
"cgroup_L5_49d55bfd","GSE132270",FALSE,FALSE,"trattamento","IL-4 Day 6 Donor 58 ; cytokine=IL-4 ; time=Day 6","Media Day 6 ; cytokine=Media ; time=Day 6"
"cgroup_L5_49d55bfd","GSE132270",FALSE,FALSE,"trattamento","IL-4 Day 3 Donor 58 ; cytokine=IL-4 ; time=Day 3","Media Day 3 Donor 58 ; cytokine=Media ; time=Day 3"
"cgroup_L5_2987cdb6","GSE132500",FALSE,FALSE,"trattamento","Erlotinib ; treatment=Erlotinib ; cell_line=A549 ; disease_state=lung cancer","DMSO ; treatment=DMSO ; cell_line=A549 ; disease_sta"
"cgroup_L5_aecd610f","GSE132689",FALSE,FALSE,"trattamento","Schizophrenia Case + Stress ; disease_state=schizophrenia_case ; perturbation=","Normal Control + Stress ; disease_state=normal ; per"
"cgroup_L5_4f4d9051","GSE132958",FALSE,FALSE,"trattamento","TNF-alpha stimulated ; treatment=TNF-alpha","Nontargeting control ; treatment=Nontargeting contro"
"cgroup_L5_aad8ed47","GSE133003",TRUE,TRUE,"contesto","Bronchial basal epithelial cells + YAP/TAZ siRNA ; cell_type=Bronchial basal e","Bronchial basal epithelial cells + control siRNA ; c"
"cgroup_L5_aad8ed47","GSE133003",TRUE,TRUE,"contesto","Bronchial basal epithelial cells (transgene stable) + YAP/TAZ siRNA ; cell_typ","Bronchial basal epithelial cells + control siRNA ; c"
"cgroup_L5_aad8ed47","GSE133003",TRUE,TRUE,"contesto","Bronchial epithelial cells derived from low grade dysplastic lesion (transgene","Bronchial epithelial cells derived from low grade dy"
"cgroup_L5_021e875e","GSE133029",TRUE,TRUE,"contesto","A549_shRNF113A_cisplatin ; treatment=cisplatin ; genetic_knockdown=shRNF113A","A549_shRNF113A_untreated ; treatment=untreated ; gen"
"cgroup_L5_021e875e","GSE133029",TRUE,TRUE,"contesto","A549_shRNF113A_cisplatin ; treatment=cisplatin ; genetic_knockdown=shRNF113A","A549_shRNF113A_untreated ; treatment=untreated ; gen"
"cgroup_L5_021e875e","GSE133029",TRUE,TRUE,"contesto","A549_shRNF113A_cisplatin ; treatment=cisplatin ; genetic_knockdown=shRNF113A","A549_shRNF113A ; genetic_knockdown=shRNF113A"
"cgroup_L5_021e875e","GSE133029",TRUE,TRUE,"contesto","A549_shRNF113A_cisplatin ; treatment=cisplatin ; genetic_knockdown=shRNF113A","A549_shRNF113A ; genetic_knockdown=shRNF113A"
"cgroup_L5_cfad03a8","GSE133039",FALSE,FALSE,"trattamento","Tumor liver tissue (Donor 14) ; disease_state=hepatoblastoma ; donor_id=14","Normal liver tissue (Donor 7) ; disease_state=normal"
"cgroup_L5_cfad03a8","GSE133039",FALSE,FALSE,"trattamento","Tumor liver tissue (Donor 14) ; disease_state=hepatoblastoma ; donor_id=14","Normal liver tissue (Donor 9) ; disease_state=normal"
"cgroup_L5_2ec87595","GSE133087",FALSE,FALSE,"trattamento","hPSCs-derived organoid, Pancreatic Beta-like cells, Metformin ; treatment=metf","hPSCs-derived organoid, Endocrine Progenitor, Untrea"
"cgroup_L5_2ec87595","GSE133087",FALSE,FALSE,"trattamento","hPSCs, pancreas, endocrine progenitor, Metformin ; treatment=metformin ; cell_","hPSCs, pancreas, endocrine progenitor, Untreated ; t"
"cgroup_L5_2ec87595","GSE133087",FALSE,FALSE,"trattamento","hPSCs, Pancreatic Beta-like cells, Metformin ; treatment=metformin ; cell_cont","hPSCs, pancreas, Pancreatic Beta-like cells, Untreat"
"cgroup_L5_2ec87595","GSE133087",FALSE,FALSE,"trattamento","hPSCs, pancreas, Pancreatic Progenitor, Metformin ; treatment=metformin ; cell","hPSCs-derived organoid, Pancreatic Progenitor, Untre"
"cgroup_L5_2ec87595","GSE133087",FALSE,FALSE,"trattamento","hPSCs, pancreas, Pancreatic Progenitor, Metformin ; treatment=metformin ; cell","hPSCs, pluripotent stem cells, Untreated ; treatment"
"cgroup_L5_85083e38","GSE133101",FALSE,FALSE,"trattamento","Parkinson's disease amygdala ; disease_state=Parkinson's disease ; tissue=amyg","Control amygdala ; disease_state=Control ; tissue=am"
"cgroup_L5_85083e38","GSE133101",FALSE,FALSE,"trattamento","Parkinson's disease medial temporal gyrus ; disease_state=Parkinson's disease ","Control medial temporal gyrus ; disease_state=Contro"
"cgroup_L5_85083e38","GSE133101",FALSE,FALSE,"trattamento","Parkinson's disease substantia nigra ; disease_state=Parkinson's disease ; tis","Control substantia nigra ; disease_state=Control ; t"
"cgroup_L5_b6b8bc00","GSE133567",FALSE,FALSE,"trattamento","A375AR991 palbociclib 1 ; cell_line=A375AR991 ; treatment=palbociclib","A375 no treatment ; cell_line=A375 ; treatment=no tr"
"cgroup_L5_b6b8bc00","GSE133567",FALSE,FALSE,"trattamento","A375AR991 palbociclib 2 ; cell_line=A375AR991 ; treatment=palbociclib","A375 no treatment ; cell_line=A375 ; treatment=no tr"
"cgroup_L5_b6b8bc00","GSE133567",FALSE,FALSE,"trattamento","A375AR991 palbociclib 3 ; cell_line=A375AR991 ; treatment=palbociclib","A375 no treatment ; cell_line=A375 ; treatment=no tr"
"cgroup_L5_b6b8bc00","GSE133567",FALSE,FALSE,"trattamento","CHL1AR991 palbociclib 1 ; cell_line=CHL1AR991 ; treatment=palbociclib","CHL1 no treatment ; cell_line=CHL1 ; treatment=no tr"
"cgroup_L5_b6b8bc00","GSE133567",FALSE,FALSE,"trattamento","CHL1AR991 palbociclib 2 ; cell_line=CHL1AR991 ; treatment=palbociclib","CHL1 no treatment ; cell_line=CHL1 ; treatment=no tr"
"cgroup_L5_b6b8bc00","GSE133568",FALSE,FALSE,"trattamento","A375 + Palbociclib (PD991) 72h ; treatment=Palbociclib (PD991) ; time(hours)=7","A375 + Vehicle (DMSO) 72h ; treatment=Vehicle (DMSO)"
"cgroup_L5_3de56a79","GSE133684",FALSE,FALSE,"trattamento","PDAC, no perturbation ; disease_state=PDAC ; perturbation=none","Healthy, no perturbation ; disease_state=healthy ; p"
"cgroup_L5_a3f0c959","GSE133737",FALSE,FALSE,"trattamento","GSK-LSD1 2uM 144H ; Treatment=GSK-LSD1 ; Concentration=2uM ; Duration=144H","DMSO 144H ; Treatment=DMSO ; Duration=144H"
"cgroup_L5_a3f0c959","GSE133737",FALSE,FALSE,"trattamento","GSK-LSD1 2uM 48H ; Treatment=GSK-LSD1 ; Concentration=2uM ; Duration=48H","DMSO 48H ; Treatment=DMSO ; Duration=48H"
"cgroup_L5_f94b6180","GSE133876",FALSE,FALSE,"trattamento","VCaP cells treated with R1881 for 24 hours ; treatment=R1881 ; cell_type=VCaP ","VCaP cells untreated (control) ; treatment=untreated"
"cgroup_L5_f94b6180","GSE133876",FALSE,FALSE,"trattamento","VCaP cells treated with R1881 for 24 hours ; treatment=R1881 ; cell_type=VCaP ","VCaP cells vehicle control ; treatment=vehicle ; cel"
"cgroup_L5_03d0ca7b","GSE134045",FALSE,FALSE,"trattamento","GBM2 Passage 14 Digoxin 0.3uM 3 days ; treatment=Digoxin ; passage=14 ; dose=0","GBM2 Passage 14 Untreated Control 3 days ; treatment"
"cgroup_L5_f34ff8df","GSE134045",FALSE,FALSE,"trattamento","GBM2 Passage 14 Etoposide 0.3uM 3 days ; treatment=Etoposide ; passage=14 ; do","GBM2 Passage 14 Untreated Control 3 days ; treatment"
"cgroup_L5_344e058f","GSE134045",FALSE,FALSE,"trattamento","GBM2 Passage 14 Bmp4 100ng/ml 3 days ; treatment=Bmp4 ; passage=14 ; dose=100n","GBM2 Passage 14 Untreated Control 3 days ; treatment"
"cgroup_L5_eb5e1e65","GSE134195",FALSE,FALSE,"trattamento","SMMC-7721_Dex ; treatment=dexamethasone (Dex) ; cell_line=SMMC-7721","SMMC-7721_DMSO ; treatment=DMSO ; cell_line=SMMC-772"
"cgroup_L5_2e16719f","GSE134298",FALSE,FALSE,"trattamento","MCF10A TGF-beta-1 6 days ; treatment=TGF-beta-1 ; time=6 days","MCF10A 6 days ; treatment=none ; time=6 days"
"cgroup_L5_2e16719f","GSE134395",FALSE,FALSE,"trattamento","TGFb1 (Disease Model) ; Treatment=TGFb1","Untreated (Case) ; Treatment=Untreated"
"cgroup_L5_2e16719f","GSE134395",FALSE,FALSE,"trattamento","TGFb1 (Case) ; Treatment=TGFb1","Untreated (Case) ; Treatment=Untreated"
"cgroup_L5_3824dc37","GSE134422",FALSE,FALSE,"trattamento","NASH ; disease_state=NASH","Healthy control ; disease_state=healthy"
"cgroup_L5_96c9f7bf","GSE134497",FALSE,FALSE,"trattamento","Bipolar Disorder - Differentiation ; disease_state=Bipolar Disorder ; perturba","Healthy Control - Differentiation ; disease_state=he"
"cgroup_L5_3ec58cd6","GSE134580",FALSE,FALSE,"trattamento","Obese ; condition=obese","Healthy Control ; condition=healthy"
"cgroup_L5_2e16719f","GSE134595",FALSE,FALSE,"trattamento","Glioma Stem-Like Cells Stimulated with TGF-β ; Perturbation Type=TGF-β Stimula","Glioma Stem-Like Cells Treated with ddH2O Vehicle Co"
"cgroup_L5_2e16719f","GSE134595",FALSE,FALSE,"trattamento","Glioma Stem-Like Cells Stimulated with TGF-β ; Perturbation Type=TGF-β Stimula","Glioma Stem-Like Cells Treated with ddH2O Vehicle Co"
"cgroup_L5_83f57274","GSE134737",FALSE,FALSE,"trattamento","iPS-derived motor neurons, neuron, unaffected, hypoxia ; oxygen_condition=hypo","hPSC-derived human motor neuron, normoxia ; oxygen_c"
"cgroup_L5_79a73ac5","GSE134817",FALSE,FALSE,"trattamento","HepG2 cells treated with Flu for 6 hours ; cell_line=HepG2 ; treatment=Flu ; d","HepG2 cells treated with vehicle for 6 hours ; cell_"
"cgroup_L5_79a73ac5","GSE134817",FALSE,FALSE,"trattamento","THP-1 cells treated with Flu for 48 hours ; cell_line=THP-1 ; treatment=Flu ; ","THP-1 cells treated with vehicle for 48 hours ; cell"
"cgroup_L5_905be893","GSE134896",FALSE,FALSE,"trattamento","IL-1beta ; Treatment=IL-1beta","vehicle ; Treatment=vehicle"
"cgroup_L5_905be893","GSE134896",FALSE,FALSE,"trattamento","IL-1beta + P4 ; Treatment=IL-1beta + P4","vehicle ; Treatment=vehicle"
"cgroup_L5_905be893","GSE134896",FALSE,FALSE,"trattamento","IL-1beta + P4 ; Treatment=IL-1beta + P4","vehicle ; Treatment=vehicle"
"cgroup_L5_dd2a1a58","GSE135055",FALSE,FALSE,"trattamento","Heart Failure Case ; disease_state=heart_failure","Healthy Control ; disease_state=healthy"
"cgroup_L5_dd2a1a58","GSE135055",FALSE,FALSE,"trattamento","Heart Failure Case ; disease_state=heart_failure","Healthy Control ; disease_state=healthy"
"cgroup_L5_dd2a1a58","GSE135055",FALSE,FALSE,"trattamento","Heart Failure Case (Mcd) ; disease_state=heart_failure","Healthy Control ; disease_state=healthy"
"cgroup_L5_81b706c4","GSE135215",FALSE,FALSE,"trattamento","Panc-163, Taxol, 24h ; cell_line=Panc-163 ; treatment=Taxol ; time(hours)=24","Panc-163, DMSO, 24h ; cell_line=Panc-163 ; treatment"
"cgroup_L5_81b706c4","GSE135215",FALSE,FALSE,"trattamento","Panc-163, Taxol, 24h ; cell_line=Panc-163 ; treatment=Taxol ; time(hours)=24","Panc-163, DMSO, 24h ; cell_line=Panc-163 ; treatment"
"cgroup_L5_81b706c4","GSE135215",FALSE,FALSE,"trattamento","Panc-215, Taxol, 24h ; cell_line=Panc-215 ; treatment=Taxol ; time(hours)=24","Panc-215, DMSO, 24h ; cell_line=Panc-215 ; treatment"
"cgroup_L5_81b706c4","GSE135215",FALSE,FALSE,"trattamento","Panc-215, Taxol, 24h ; cell_line=Panc-215 ; treatment=Taxol ; time(hours)=24","Panc-215, DMSO, 24h ; cell_line=Panc-215 ; treatment"
"cgroup_L5_81b706c4","GSE135215",FALSE,FALSE,"trattamento","Panc-410, Taxol, 24h ; cell_line=Panc-410 ; treatment=Taxol ; time(hours)=24","Panc-410, DMSO, 24h ; cell_line=Panc-410 ; treatment"
"cgroup_L5_81b706c4","GSE135215",FALSE,FALSE,"trattamento","Panc-410, Taxol, 24h ; cell_line=Panc-410 ; treatment=Taxol ; time(hours)=24","Panc-410, DMSO, 24h ; cell_line=Panc-410 ; treatment"
"cgroup_L5_c13b1103","GSE135251",FALSE,FALSE,"trattamento","NAFLD early stage (donor 112) ; disease_state=NAFLD ; stage=early","Healthy Control"
"cgroup_L5_2e16719f","GSE135402",FALSE,FALSE,"trattamento","TGF-β treated A549 cells ; treatment=TGF-β ; cell_line=A549 ; disease_state=lu","Non-treated A549 cells ; treatment=none ; cell_line="
"cgroup_L5_87c40ebb","GSE135458",FALSE,FALSE,"trattamento","HCT116 E33Q MED12 knock-in IFN-gamma 24h ; genotype=E33Q MED12 knock-in ; trea","HCT116 E33Q MED12 knock-in untreated ; genotype=E33Q"
"cgroup_L5_87c40ebb","GSE135458",FALSE,FALSE,"trattamento","HCT116 wild-type IFN-gamma 24h ; genotype=wild-type ; treatment=Interferon-gam","HCT116 wild-type untreated ; genotype=wild-type ; tr"
"cgroup_L5_bb8cb388","GSE135485",FALSE,FALSE,"trattamento","Endometriosis patients ; disease_state=patient with endometriosis","Healthy controls ; disease_state=healthy"
"cgroup_L5_bb8cb388","GSE135485",FALSE,FALSE,"trattamento","Endometriosis patients ; disease_state=patient with endometriosis","Healthy controls (negative) ; disease_state=healthy"
"cgroup_L5_3a0a595f","GSE135514",FALSE,FALSE,"trattamento","Dasatinib (24h) ; Treatment=Dasatinib ; Duration=24 hours","Control (24h) ; Treatment=Control ; Duration=24 hour"
"cgroup_L5_3a0a595f","GSE135514",FALSE,FALSE,"trattamento","Dasatinib (72h) ; Treatment=Dasatinib ; Duration=72 hours","Control (72h) ; Treatment=Control ; Duration=72 hour"
"cgroup_L5_3a0a595f","GSE135514",FALSE,FALSE,"trattamento","Dasatinib (24h) ; Treatment=Dasatinib ; Duration=24 hours","Control (24h) ; Treatment=Control ; Duration=24 hour"
"cgroup_L5_3a0a595f","GSE135514",FALSE,FALSE,"trattamento","Dasatinib (72h) ; Treatment=Dasatinib ; Duration=72 hours","Control (72h) ; Treatment=Control ; Duration=72 hour"
"cgroup_L5_721184e6","GSE135527",FALSE,FALSE,"trattamento","TSC1- Bladder Cancer THZ1 100nm 1h ; Genotype=TSC1- ; Treatment=THZ1 100nm","TSC1- Bladder Cancer DMSO 1h ; Genotype=TSC1- ; Trea"
"cgroup_L5_721184e6","GSE135527",FALSE,FALSE,"trattamento","TSC1- Bladder Cancer THZ1 30nm 1h ; Genotype=TSC1- ; Treatment=THZ1 30nm","TSC1- Bladder Cancer DMSO 1h ; Genotype=TSC1- ; Trea"
"cgroup_L5_721184e6","GSE135527",FALSE,FALSE,"trattamento","TSC1+ Bladder Cancer THZ1 30nm ; Genotype=TSC1+ ; Treatment=THZ1 30nm","TSC1+ DMSO ; Genotype=TSC1+ ; Treatment=DMSO"
"cgroup_L5_721184e6","GSE135527",FALSE,FALSE,"trattamento","TSC1+ Bladder Cancer THZ1 30nm ; Genotype=TSC1+ ; Treatment=THZ1 30nm","TSC1+ DMSO ; Genotype=TSC1+ ; Treatment=DMSO"
"cgroup_L5_721184e6","GSE135527",FALSE,FALSE,"trattamento","TSC1+ Bladder Cancer THZ1 100nm ; Genotype=TSC1+ ; Treatment=THZ1 100nm","TSC1+ DMSO ; Genotype=TSC1+ ; Treatment=DMSO"
"cgroup_L5_c548d053","GSE135640",FALSE,FALSE,"trattamento","Endometrial epithelial cell treated with LPS ; cell_type=Endometrial epithelia","Endometrial epithelial cell treated with mock ; cell"
"cgroup_L5_c548d053","GSE135640",FALSE,FALSE,"trattamento","Endometrial stromal fibroblast treated with LPS ; cell_type=Endometrial stroma","Endometrial stromal fibroblast treated with mock ; c"
"cgroup_L5_c548d053","GSE135753",FALSE,FALSE,"trattamento","LPS Treated Human Macrophages ; treatment=LPS ; cell_type=Human macrophages","Untreated Human Macrophages ; treatment=none ; cell_"
"cgroup_L5_c548d053","GSE135753",FALSE,FALSE,"trattamento","LPS Treated Human Macrophages (Replicate) ; treatment=LPS ; cell_type=Human ma","Untreated Human Macrophages ; treatment=none ; cell_"
"cgroup_L5_35d1be10","GSE135870",FALSE,FALSE,"trattamento","HCT116_Nutlin-3a ; treatment=Nutlin-3a ; cell_line=HCT116","HCT116_bivalent_peptide_DMSO ; treatment=bivalent pe"
"cgroup_L5_f94b6180","GSE135879",FALSE,FALSE,"trattamento","22PC + R1881 ; cell_line=22PC ; treatment=R1881","22PC + DMSO ; cell_line=22PC ; treatment=DMSO"
"cgroup_L5_f94b6180","GSE135879",FALSE,FALSE,"trattamento","LAPC4 + R1881 ; cell_line=LAPC4 ; treatment=R1881","LAPC4 + DMSO ; cell_line=LAPC4 ; treatment=DMSO"
"cgroup_L5_f94b6180","GSE135879",FALSE,FALSE,"trattamento","LNCaP + R1881 ; cell_line=LNCaP ; treatment=R1881","LNCaP + DMSO ; cell_line=LNCaP ; treatment=DMSO"
"cgroup_L5_f94b6180","GSE135879",FALSE,FALSE,"trattamento","PrEC 957E/hTERT-AR + R1881 ; cell_line=PrEC 957E/hTERT-AR ; treatment=R1881","PrEC 957E/hTERT-AR + ethanol ; cell_line=PrEC 957E/h"
"cgroup_L5_f94b6180","GSE135879",FALSE,FALSE,"trattamento","R1AD1 + R1881 ; cell_line=R1AD1 ; treatment=R1881","R1AD1 + DMSO ; cell_line=R1AD1 ; treatment=DMSO"
"cgroup_L5_f94b6180","GSE135879",FALSE,FALSE,"trattamento","VCaP + R1881 ; cell_line=VCaP ; treatment=R1881","VCaP + DMSO ; cell_line=VCaP ; treatment=DMSO"
"cgroup_L5_b9e7806c","GSE135960",FALSE,FALSE,"trattamento","Hep3B THZ531 250nM ; cell_line=Hep3B ; treatment=THZ531 ; dose=250nM","Hep3B vehicle control ; cell_line=Hep3B ; treatment="
"cgroup_L5_b9e7806c","GSE135960",FALSE,FALSE,"trattamento","Hep3B THZ531 500nM ; cell_line=Hep3B ; treatment=THZ531 ; dose=500nM","Hep3B vehicle control ; cell_line=Hep3B ; treatment="
"cgroup_L5_b9e7806c","GSE135960",FALSE,FALSE,"trattamento","Huh7 THZ531 250nM ; cell_line=Huh7 ; treatment=THZ531 ; dose=250nM","Huh7 vehicle control ; cell_line=Huh7 ; treatment=ve"
"cgroup_L5_b9e7806c","GSE135960",FALSE,FALSE,"trattamento","Huh7 THZ531 500nM ; cell_line=Huh7 ; treatment=THZ531 ; dose=500nM","Huh7 vehicle control ; cell_line=Huh7 ; treatment=ve"
"cgroup_L5_b9e7806c","GSE135960",FALSE,FALSE,"trattamento","SNU449 THZ531 250nM ; cell_line=SNU449 ; treatment=THZ531 ; dose=250nM","SNU449 untreated ; cell_line=SNU449 ; treatment=none"
"cgroup_L5_b9e7806c","GSE135960",FALSE,FALSE,"trattamento","SNU449 THZ531 500nM ; cell_line=SNU449 ; treatment=THZ531 ; dose=500nM","SNU449 untreated ; cell_line=SNU449 ; treatment=none"
"cgroup_L5_f94b6180","GSE136272",FALSE,FALSE,"trattamento","LNCaP cells treated with R1881 ; cell_line=LNCaP ; treatment=R1881","LNCaP cells treated with DMSO ; cell_line=LNCaP ; tr"
"cgroup_L5_f94b6180","GSE136272",FALSE,FALSE,"trattamento","VCaP cells treated with R1881 ; cell_line=VCaP ; treatment=R1881","VCaP cells treated with DMSO ; cell_line=VCaP ; trea"
"cgroup_L5_c860712d","GSE136371",FALSE,FALSE,"trattamento","C1P11BL_CF ; disease_state=cystic fibrosis ; donor_id=C1P11BL ; age=32 ; sex=M","C1T10LA_Healthy ; disease_state=healthy control ; ag"
"cgroup_L5_c860712d","GSE136371",FALSE,FALSE,"trattamento","C3P03BE_CF ; disease_state=cystic fibrosis ; donor_id=C3P03BE ; age=19 ; sex=M","C3T01CL_Healthy ; disease_state=healthy control ; ag"
"cgroup_L5_c860712d","GSE136371",FALSE,FALSE,"trattamento","CF_Patient ; disease_state=cystic fibrosis ; age=34 ; sex=M","Healthy_Control ; disease_state=healthy control ; ag"
"cgroup_L5_c860712d","GSE136371",FALSE,FALSE,"trattamento","CF_Patient ; disease_state=cystic fibrosis ; age=34 ; sex=M","Healthy_Control_2 ; disease_state=healthy control ; "
"cgroup_L5_c860712d","GSE136371",FALSE,FALSE,"trattamento","CF_Patient ; disease_state=cystic fibrosis ; age=34 ; sex=M","Healthy_Control_3 ; disease_state=healthy control ; "
"cgroup_L5_c860712d","GSE136371",FALSE,FALSE,"trattamento","C1P02NN_CF ; disease_state=cystic fibrosis ; donor_id=C1P02NN ; age=23 ; sex=M","Healthy_Control ; disease_state=healthy control ; ag"
"cgroup_L5_2e16719f","GSE136534",FALSE,FALSE,"trattamento","TGFbeta ; treatment=TGFbeta","DMSO ; treatment=DMSO"
"cgroup_L5_889ec305","GSE136630",FALSE,FALSE,"trattamento","Colorectal tumor (COAD-001) ; disease_state=colorectal_tumor ; donor_id=COAD-0","Adjacent normal colon (COAD-004) ; disease_state=adj"
"cgroup_L5_889ec305","GSE136630",FALSE,FALSE,"trattamento","Colorectal tumor (COAD-004) ; disease_state=colorectal_tumor ; donor_id=COAD-0","Adjacent normal colon (COAD-004) ; disease_state=adj"
"cgroup_L5_889ec305","GSE136630",FALSE,FALSE,"trattamento","Colorectal tumor (COAD-012) ; disease_state=colorectal_tumor ; donor_id=COAD-0","Adjacent normal colon (COAD-004) ; disease_state=adj"
"cgroup_L5_889ec305","GSE136630",FALSE,FALSE,"trattamento","Colorectal tumor (COAD-014) ; disease_state=colorectal_tumor ; donor_id=COAD-0","Adjacent normal colon (COAD-004) ; disease_state=adj"
"cgroup_L5_889ec305","GSE136630",FALSE,FALSE,"trattamento","Colorectal tumor (COAD-015) ; disease_state=colorectal_tumor ; donor_id=COAD-0","Adjacent normal colon (COAD-004) ; disease_state=adj"
"cgroup_L5_889ec305","GSE136630",FALSE,FALSE,"trattamento","Colorectal tumor (COAD-016) ; disease_state=colorectal_tumor ; donor_id=COAD-0","Adjacent normal colon (COAD-004) ; disease_state=adj"
"cgroup_L5_889ec305","GSE136630",FALSE,FALSE,"trattamento","Colorectal tumor (COAD-017) ; disease_state=colorectal_tumor ; donor_id=COAD-0","Adjacent normal colon (COAD-004) ; disease_state=adj"
"cgroup_L5_089ccae5","GSE136725",FALSE,FALSE,"trattamento","Bortezomib-treated MM1.S ; treatment=Bortezomib ; cell_line=MM1.S","Untreated MM1.S ; treatment=None ; cell_line=MM1.S"
"cgroup_L5_089ccae5","GSE136725",FALSE,FALSE,"trattamento","Bortezomib-treated bone marrow ; treatment=Bortezomib ; tissue=bone marrow","Untreated MM1.S ; treatment=None ; cell_line=MM1.S"
"cgroup_L5_8a54ddd6","GSE137056",FALSE,FALSE,"trattamento","Doxorubicin (High) ; Treatment=doxorubicin ; Concentration=high","Control (No Treatment) ; Treatment=none ; Concentrat"
"cgroup_L5_8a54ddd6","GSE137056",FALSE,FALSE,"trattamento","Doxorubicin (High) ; Treatment=doxorubicin ; Concentration=high","Vehicle Control ; Treatment=vehicle ; Concentration="
"cgroup_L5_8a54ddd6","GSE137056",FALSE,FALSE,"trattamento","Doxorubicin (0.4 µM) ; Treatment=doxorubicin ; Concentration=0.4 µM","Control (No Treatment) ; Treatment=none ; Concentrat"
"cgroup_L5_8a54ddd6","GSE137056",FALSE,FALSE,"trattamento","Doxorubicin (0.4 µM) ; Treatment=doxorubicin ; Concentration=0.4 µM","Vehicle Control ; Treatment=vehicle ; Concentration="
"cgroup_L5_f56d966d","GSE137200",FALSE,FALSE,"trattamento","PC-3 cells treated with GDC-0068 ; treatment=GDC-0068 ; cell_line=PC-3 ; passa","PC-3 cells treated with vehicle ; treatment=vehicle "
"cgroup_L5_35d1be10","GSE137297",FALSE,FALSE,"trattamento","HCT116 + Nutlin-3A ; treatment=Nutlin-3A ; cell_line=HCT116","HCT116 + DMSO ; treatment=DMSO ; cell_line=HCT116"
"cgroup_L5_35d1be10","GSE137297",FALSE,FALSE,"trattamento","HCT116 + Nutlin-3A ; treatment=Nutlin-3A ; cell_line=HCT116","HCT116 + DMSO ; treatment=DMSO ; cell_line=HCT116"
"cgroup_L5_35d1be10","GSE137297",FALSE,FALSE,"trattamento","HCT116 (disease model) + Nutlin-3A ; treatment=Nutlin-3A ; cell_line=HCT116 ; ","HCT116 (disease model) + DMSO ; treatment=DMSO ; cel"
"cgroup_L5_35d1be10","GSE137297",FALSE,FALSE,"trattamento","HCT116 + Nutlin-3A ; treatment=Nutlin-3A ; cell_line=HCT116","HCT116 + DMSO ; treatment=DMSO ; cell_line=HCT116"
"cgroup_L5_35d1be10","GSE137297",FALSE,FALSE,"trattamento","HCT116 + Nutlin-3A ; treatment=Nutlin-3A ; cell_line=HCT116","HCT116 + DMSO ; treatment=DMSO ; cell_line=HCT116"
"cgroup_L5_03b38818","GSE137309",FALSE,FALSE,"trattamento","PLX4032 ; treatment=PLX4032","Control ; treatment=Control"
"cgroup_L5_03b38818","GSE137309",FALSE,FALSE,"trattamento","PLX4032 ; treatment=PLX4032","DMSO ; treatment=DMSO"
"cgroup_L5_c3ae78cd","GSE137344",FALSE,FALSE,"trattamento","Crohn's Disease (Case) ; disease_state=Crohn's Disease ; sex=M ; ancestry_or_p","Healthy Control ; disease_state=Control ; sex=M ; an"
"cgroup_L5_c3ae78cd","GSE137344",FALSE,FALSE,"trattamento","Crohn's Disease (Case) ; disease_state=Crohn's Disease ; age=12 ; sex=M ; ance","Healthy Control ; disease_state=Control ; sex=M ; an"
"cgroup_L5_3f0cc1fe","GSE137344",FALSE,FALSE,"trattamento","Ulcerative Colitis (Case) ; disease_state=Ulcerative Colitis ; sex=F ; ancestr","Healthy Control ; disease_state=Control ; sex=M ; an"
"cgroup_L5_3f0cc1fe","GSE137344",FALSE,FALSE,"trattamento","Ulcerative Colitis (Case) ; disease_state=Ulcerative Colitis ; age=8 ; sex=F ;","Healthy Control ; disease_state=Control ; sex=M ; an"
"cgroup_L5_3f0cc1fe","GSE137344",FALSE,FALSE,"trattamento","Ulcerative Colitis (Case) ; disease_state=Ulcerative Colitis ; sex=M ; ancestr","Healthy Control ; disease_state=Control ; sex=M ; an"
"cgroup_L5_3f0cc1fe","GSE137344",FALSE,FALSE,"trattamento","Ulcerative Colitis (Case) ; disease_state=Ulcerative Colitis ; age=13 ; sex=M ","Healthy Control ; disease_state=Control ; sex=M ; an"
"cgroup_L5_31308596","GSE137608",FALSE,FALSE,"trattamento","PMA ; treatment=PMA","CTRL (no treatment) ; treatment=CTRL (no treatment)"
"cgroup_L5_12212e41","GSE137619",FALSE,FALSE,"trattamento","MS Patient 1 ; disease_state=Multiple Sclerosis ; age=53 ; sex=M","Control 1 ; disease_state=Healthy ; age=59 ; sex=M"
"cgroup_L5_12212e41","GSE137619",FALSE,FALSE,"trattamento","MS Patient 2 ; disease_state=Multiple Sclerosis ; age=44 ; sex=F","Control 2 ; disease_state=Healthy ; age=68 ; sex=F"
"cgroup_L5_b9c77320","GSE137644",FALSE,FALSE,"trattamento","HIV1 ; treatment=HIV1 ; cell_state=activated","Mock ; treatment=Mock ; cell_state=naive"
"cgroup_L5_b9c77320","GSE137644",FALSE,FALSE,"trattamento","HIV1 ; treatment=HIV1 ; cell_state=unclear","Mock ; treatment=Mock ; cell_state=naive"
"cgroup_L5_b5db4aff","GSE137702",FALSE,FALSE,"trattamento","BT-245 selinexor ; cell_line=BT-245 ; treatment=selinexor","BT-245 control ; cell_line=BT-245 ; treatment=contro"
"cgroup_L5_b5db4aff","GSE137702",FALSE,FALSE,"trattamento","DIPG4 selinexor ; cell_line=DIPG4 ; treatment=selinexor","DIPG4 control ; cell_line=DIPG4 ; treatment=control"
"cgroup_L5_b5db4aff","GSE137702",FALSE,FALSE,"trattamento","DIPG7 selinexor ; cell_line=DIPG7 ; treatment=selinexor","DIPG7 control ; cell_line=DIPG7 ; treatment=control"
"cgroup_L5_b5db4aff","GSE137702",FALSE,FALSE,"trattamento","GBM1 selinexor ; cell_line=GBM1 ; treatment=selinexor","GBM1 control ; cell_line=GBM1 ; treatment=control"
"cgroup_L5_c0d1d837","GSE137775",FALSE,FALSE,"trattamento","Enzalutamide-treated LNCaP ; treatment=enzalutamide ; engineering=wild-type","DMSO-treated LNCaP ; treatment=DMSO ; engineering=wi"
"cgroup_L5_c0d1d837","GSE137775",TRUE,TRUE,"contesto","Enzalutamide-treated CREB5-overexpressing LNCaP ; treatment=enzalutamide ; eng","DMSO-treated CREB5-overexpressing LNCaP ; treatment="
"cgroup_L5_2e16719f","GSE137779",FALSE,FALSE,"trattamento","TGFB ; treatment=TGFB","Control ; treatment=Control"
"cgroup_L5_930c8dcf","GSE138053",FALSE,FALSE,"trattamento","DHT-treated iPSC (Donor 6) ; treatment=DHT ; cell_context=iPSC ; donor_id=Dono","EtOH-treated iPSC (Donor 6) ; treatment=EtOH ; cell_"
"cgroup_L5_aecd610f","GSE138082",FALSE,FALSE,"trattamento","CA1 schizophrenia OFF ; disease_state=schizophrenia ; treatment=OFF","CA1 control OFF ; disease_state=control ; treatment="
"cgroup_L5_aecd610f","GSE138082",FALSE,FALSE,"trattamento","CA3 schizophrenia OFF ; disease_state=schizophrenia ; treatment=OFF","CA3 control OFF ; disease_state=control ; treatment="
"cgroup_L5_87c40ebb","GSE138209",FALSE,FALSE,"trattamento","K562_DMSO_IFNg ; cell_line=K562 ; treatment=DMSO ; cytokine_stimulation=IFNγ","K562_DMSO ; cell_line=K562 ; treatment=DMSO"
"cgroup_L5_87c40ebb","GSE138209",FALSE,FALSE,"trattamento","K562_DMSO_IFNg ; cell_line=K562 ; treatment=DMSO ; cytokine_stimulation=IFNγ","K562_DMSO ; cell_line=K562 ; treatment=DMSO"
"cgroup_L5_87c40ebb","GSE138209",FALSE,FALSE,"trattamento","K562_iBET-BD1_IFNg ; cell_line=K562 ; treatment=iBET-BD1 ; cytokine_stimulatio","K562_iBET-BD1 ; cell_line=K562 ; treatment=iBET-BD1"
"cgroup_L5_87c40ebb","GSE138209",FALSE,FALSE,"trattamento","K562_iBET-BD2_IFNg ; cell_line=K562 ; treatment=iBET-BD2 ; cytokine_stimulatio","K562_iBET-BD2 ; cell_line=K562 ; treatment=iBET-BD2"
"cgroup_L5_31308596","GSE138209",FALSE,FALSE,"trattamento","THP-1_DMSO_PMA ; cell_line=THP-1 ; treatment=DMSO ; cytokine_stimulation=PMA","THP-1_DMSO ; cell_line=THP-1 ; treatment=DMSO"
"cgroup_L5_d9e23e09","GSE138237",FALSE,FALSE,"trattamento","MCF7 WT TNFα 45 min ; genotype=WT ; treatment=TNFα ; time=45 min","MCF7 WT control ; genotype=WT ; treatment=control"
"cgroup_L5_d9e23e09","GSE138237",FALSE,FALSE,"trattamento","MCF7 ΔNFκB TNFα 45 min ; genotype=ΔNFκB ; treatment=TNFα ; time=45 min","MCF7 ΔNFκB control ; genotype=ΔNFκB ; treatment=cont"
"cgroup_L5_d9e23e09","GSE138237",FALSE,FALSE,"trattamento","MCF7 ΔNFκB TNFα 90 min ; genotype=ΔNFκB ; treatment=TNFα ; time=90 min","MCF7 ΔNFκB control ; genotype=ΔNFκB ; treatment=cont"
"cgroup_L5_dd2a1a58","GSE138252",FALSE,FALSE,"trattamento","Heart Failure Cardiomyocyte Right Atrium ; disease_state=Heart Failure ; tissu","Control Heart Right Atrium ; disease_state=none ; ti"
"cgroup_L5_c0d1d837","GSE138460",FALSE,FALSE,"trattamento","CRPC_mCherry_GFP_enzalutamide ; cell_line=CRPC (16D) ; perturbation=enzalutami","LNCaP_none ; cell_line=LNCaP ; perturbation=none"
"cgroup_L5_c0d1d837","GSE138460",FALSE,FALSE,"trattamento","CRPC_GFP_enzalutamide ; cell_line=CRPC (16D) ; perturbation=enzalutamide","LNCaP_none ; cell_line=LNCaP ; perturbation=none"
"cgroup_L5_c0d1d837","GSE138460",FALSE,FALSE,"trattamento","CRPC_mCherry_enzalutamide ; cell_line=CRPC (16D) ; perturbation=enzalutamide","LNCaP_none ; cell_line=LNCaP ; perturbation=none"
"cgroup_L5_479c6221","GSE138460",FALSE,FALSE,"trattamento","42D_GSK126 ; cell_line=42D ; perturbation=GSK126","42D_DMSO ; cell_line=42D ; perturbation=DMSO"
"cgroup_L5_12212e41","GSE138614",FALSE,FALSE,"trattamento","MS1 ; disease_state=Multiple sclerosis","C1_Control ; disease_state=Control"
"cgroup_L5_12212e41","GSE138614",FALSE,FALSE,"trattamento","MS10 ; disease_state=Multiple sclerosis","C1_Control ; disease_state=Control"
"cgroup_L5_12212e41","GSE138614",FALSE,FALSE,"trattamento","MS3 ; disease_state=Multiple sclerosis","C1_Control ; disease_state=Control"
"cgroup_L5_12212e41","GSE138614",FALSE,FALSE,"trattamento","MS3_NAWM ; disease_state=Multiple sclerosis ; tissue_segment=Normal appearing ","C1_Control ; disease_state=Control"
"cgroup_L5_12212e41","GSE138614",FALSE,FALSE,"trattamento","MS4 ; disease_state=Multiple sclerosis","C1_Control ; disease_state=Control"
"cgroup_L5_12212e41","GSE138614",FALSE,FALSE,"trattamento","MS4_Control ; disease_state=Multiple sclerosis","C1_Control ; disease_state=Control"
"cgroup_L5_12212e41","GSE138614",FALSE,FALSE,"trattamento","MS5 ; disease_state=Multiple sclerosis","C1_Control ; disease_state=Control"
"cgroup_L5_12212e41","GSE138614",FALSE,FALSE,"trattamento","MS5_Control ; disease_state=Multiple sclerosis","C1_Control ; disease_state=Control"
"cgroup_L5_12212e41","GSE138614",FALSE,FALSE,"trattamento","MS6 ; disease_state=Multiple sclerosis","C1_Control ; disease_state=Control"
"cgroup_L5_12212e41","GSE138614",FALSE,FALSE,"trattamento","MS6_Control ; disease_state=Multiple sclerosis","C1_Control ; disease_state=Control"
"cgroup_L5_12212e41","GSE138614",FALSE,FALSE,"trattamento","MS7 ; disease_state=Multiple sclerosis","C1_Control ; disease_state=Control"
"cgroup_L5_12212e41","GSE138614",FALSE,FALSE,"trattamento","MS8 ; disease_state=Multiple sclerosis","C1_Control ; disease_state=Control"
"cgroup_L5_12212e41","GSE138614",FALSE,FALSE,"trattamento","MS9 ; disease_state=Multiple sclerosis","C1_Control ; disease_state=Control"
"cgroup_L5_522fa0c2","GSE138691",FALSE,FALSE,"trattamento","sALS PBMC donor 3601 ; disease_state=sALS ; cell_context=PBMC ; donor_id=3601","Control Whole Blood age 60 ; disease_state=None ; ce"
"cgroup_L5_522fa0c2","GSE138691",FALSE,FALSE,"trattamento","sALS PBMC age 77 ; disease_state=sALS ; cell_context=PBMC ; age=77","Control Whole Blood age 60 ; disease_state=None ; ce"
"cgroup_L5_3d8c29f4","GSE138698",FALSE,FALSE,"trattamento","CD8+ T cells, IL2 stimulation ; treatment=IL2 ; cell_type=CD8+ T cells ; time=","CD8+ T cells, no treatment ; treatment=none ; cell_t"
"cgroup_L5_1e8a735e","GSE138730",FALSE,FALSE,"trattamento","Thapsigargin ; treatment=thapsigargin","Control (no treatment) ; treatment=none"
"cgroup_L5_17b35bdc","GSE138751",FALSE,FALSE,"trattamento","Docetaxel-treated ; treatment=docetaxel","Vehicle control ; treatment=vehicle"
"cgroup_L5_702a5dea","GSE138780",FALSE,FALSE,"trattamento","SUM-229PE, 30nM_Tram, 24h ; treatment=Trametinib ; dose=30 nM ; duration=24h","SUM-229PE, DMSO ; treatment=DMSO"
"cgroup_L5_702a5dea","GSE138780",FALSE,FALSE,"trattamento","SUM-229PE, Trametinib, 10 nM, Day 35 ; treatment=Trametinib ; dose=10 nM ; dur","SUM-229PE, DMSO ; treatment=DMSO"
"cgroup_L5_702a5dea","GSE138780",FALSE,FALSE,"trattamento","SUM-229PE, Trametinib, 10 nM, Day 1 ; treatment=Trametinib ; dose=10 nM ; dura","SUM-229PE, DMSO ; treatment=DMSO"
"cgroup_L5_702a5dea","GSE138780",FALSE,FALSE,"trattamento","SUM-229PE, Trametinib, 10 nM, Day 14 ; treatment=Trametinib ; dose=10 nM ; dur","SUM-229PE, DMSO ; treatment=DMSO"
"cgroup_L5_702a5dea","GSE138780",FALSE,FALSE,"trattamento","SUM-229PE, Trametinib, 10 nM, Day 35 ; treatment=Trametinib ; dose=10 nM ; dur","SUM-229PE, DMSO ; treatment=DMSO"
"cgroup_L5_702a5dea","GSE138780",FALSE,FALSE,"trattamento","SUM-229PE, Trametinib, 10 nM, Day 1 ; treatment=Trametinib ; dose=10 nM ; dura","SUM-229PE, DMSO ; treatment=DMSO"
"cgroup_L5_702a5dea","GSE138780",FALSE,FALSE,"trattamento","SUM-229PE, Trametinib, 10 nM, Day 14 ; treatment=Trametinib ; dose=10 nM ; dur","SUM-229PE, DMSO ; treatment=DMSO"
"cgroup_L5_702a5dea","GSE138780",FALSE,FALSE,"trattamento","SUM-229PE, Trametinib, 10 nM, Day 1 ; treatment=Trametinib ; dose=10 nM ; dura","SUM-229PE, DMSO ; treatment=DMSO"
"cgroup_L5_702a5dea","GSE138780",FALSE,FALSE,"trattamento","SUM-229PE, Trametinib, 30 nM, Acute ; treatment=Trametinib ; dose=30 nM ; dura","SUM-229PE, DMSO ; treatment=DMSO"
"cgroup_L5_702a5dea","GSE138780",FALSE,FALSE,"trattamento","SUM-229PE, Trametinib, 30 nM, Acute ; treatment=Trametinib ; dose=30 nM ; dura","SUM-229PE, DMSO ; treatment=DMSO"
"cgroup_L5_702a5dea","GSE138780",FALSE,FALSE,"trattamento","SUM-229PE, Trametinib, 10 nM, Day 1 ; treatment=Trametinib ; dose=10 nM ; dura","SUM-229PE, DMSO ; treatment=DMSO"
"cgroup_L5_702a5dea","GSE138780",FALSE,FALSE,"trattamento","SUM-229PE, Trametinib, 30 nM, Acute ; treatment=Trametinib ; dose=30 nM ; dura","SUM-229PE, DMSO ; treatment=DMSO"
"cgroup_L5_702a5dea","GSE138780",FALSE,FALSE,"trattamento","SUM-229PE, Trametinib, 10 nM, Day 14 ; treatment=Trametinib ; dose=10 nM ; dur","SUM-229PE, DMSO ; treatment=DMSO"
"cgroup_L5_702a5dea","GSE138780",FALSE,FALSE,"trattamento","SUM-229PE, Trametinib, 10 nM, Day 35 ; treatment=Trametinib ; dose=10 nM ; dur","SUM-229PE, DMSO ; treatment=DMSO"
"cgroup_L5_702a5dea","GSE138780",FALSE,FALSE,"trattamento","SUM-229PE, Trametinib, 10 nM, Day 14 ; treatment=Trametinib ; dose=10 nM ; dur","SUM-229PE, DMSO ; treatment=DMSO"
"cgroup_L5_702a5dea","GSE138780",FALSE,FALSE,"trattamento","SUM-229PE, Trametinib, 10 nM, Day 35 ; treatment=Trametinib ; dose=10 nM ; dur","SUM-229PE, DMSO ; treatment=DMSO"
"cgroup_L5_702a5dea","GSE138780",FALSE,FALSE,"trattamento","SUM-229PE, Trametinib, 30 nM, Acute ; treatment=Trametinib ; dose=30 nM ; dura","SUM-229PE, DMSO ; treatment=DMSO"
"cgroup_L5_702a5dea","GSE138780",FALSE,FALSE,"trattamento","SUM-229PE, Trametinib, 30 nM, Acute ; treatment=Trametinib ; dose=30 nM ; dura","SUM-229PE, DMSO ; treatment=DMSO"
"cgroup_L5_702a5dea","GSE138780",FALSE,FALSE,"trattamento","SUM-229PE, Trametinib, 10 nM, Day 14 ; treatment=Trametinib ; dose=10 nM ; dur","SUM-229PE, DMSO ; treatment=DMSO"
"cgroup_L5_702a5dea","GSE138780",FALSE,FALSE,"trattamento","SUM-229PE, Trametinib, 30 nM, Acute ; treatment=Trametinib ; dose=30 nM ; dura","SUM-229PE, DMSO ; treatment=DMSO"
"cgroup_L5_702a5dea","GSE138780",FALSE,FALSE,"trattamento","SUM-229PE, 30nM_Tram, 24h, NEG Cells ; treatment=Trametinib ; dose=30 nM ; dur","SUM-229PE, DMSO ; treatment=DMSO"
"cgroup_L5_702a5dea","GSE138780",FALSE,FALSE,"trattamento","SUM-229PE, 30nM_Tram, 24h ; treatment=Trametinib ; dose=30 nM ; duration=24h","SUM-229PE, DMSO ; treatment=DMSO"
"cgroup_L5_702a5dea","GSE138780",FALSE,FALSE,"trattamento","SUM-229PE, Trametinib, 10 nM, Day 1 ; treatment=Trametinib ; dose=10 nM ; dura","SUM-229PE, DMSO ; treatment=DMSO"
"cgroup_L5_702a5dea","GSE138780",FALSE,FALSE,"trattamento","Triple-Negative Breast Cancer Cell Line, 30nM_Tram, 24h ; treatment=Trametinib","Triple-Negative Breast Cancer Cell Line, DMSO ; trea"
"cgroup_L5_35d1be10","GSE139003",FALSE,FALSE,"trattamento","Nutlin-3a 6h ; treatment=Nutlin-3a ; time=6h","DMSO ; treatment=DMSO ; time=0h"
"cgroup_L5_35d1be10","GSE139003",FALSE,FALSE,"trattamento","Nutlin-3a 9h ; treatment=Nutlin-3a ; time=9h","DMSO ; treatment=DMSO ; time=0h"
"cgroup_L5_35d1be10","GSE139003",FALSE,FALSE,"trattamento","Nutlin-3a 12h ; treatment=Nutlin-3a ; time=12h","DMSO ; treatment=DMSO ; time=0h"
"cgroup_L5_c3ae78cd","GSE139179",FALSE,FALSE,"trattamento","Crohn's disease, rectum, T26 ; disease_state=Crohn's disease ; tissue_segment=","Healthy, sigmoid colon ; disease_state=healthy ; tis"
"cgroup_L5_c3ae78cd","GSE139179",FALSE,FALSE,"trattamento","Crohn's disease, rectum, TM30 ; disease_state=Crohn's disease ; tissue_segment","Healthy, sigmoid colon ; disease_state=healthy ; tis"
"cgroup_L5_c3ae78cd","GSE139179",FALSE,FALSE,"trattamento","Crohn's disease, descending colon, activated, T26 ; disease_state=Crohn's dise","Healthy, sigmoid colon ; disease_state=healthy ; tis"
"cgroup_L5_c3ae78cd","GSE139179",FALSE,FALSE,"trattamento","Crohn's disease, descending colon, activated, T52 ; disease_state=Crohn's dise","Healthy, sigmoid colon ; disease_state=healthy ; tis"
"cgroup_L5_c3ae78cd","GSE139179",FALSE,FALSE,"trattamento","Crohn's disease, ascending colon, TM36 ; disease_state=Crohn's disease ; tissu","Healthy, sigmoid colon ; disease_state=healthy ; tis"
"cgroup_L5_c3ae78cd","GSE139179",FALSE,FALSE,"trattamento","Crohn's disease, ascending colon, T26 ; disease_state=Crohn's disease ; tissue","Healthy, sigmoid colon ; disease_state=healthy ; tis"
"cgroup_L5_c3ae78cd","GSE139179",FALSE,FALSE,"trattamento","Crohn's disease, ascending colon, T52 ; disease_state=Crohn's disease ; tissue","Healthy, sigmoid colon ; disease_state=healthy ; tis"
"cgroup_L5_c3ae78cd","GSE139179",FALSE,FALSE,"trattamento","Crohn's disease, ascending colon, TM48 ; disease_state=Crohn's disease ; tissu","Healthy, sigmoid colon ; disease_state=healthy ; tis"
"cgroup_L5_c3ae78cd","GSE139179",FALSE,FALSE,"trattamento","Crohn's disease, descending colon ; disease_state=Crohn's disease ; tissue_seg","Healthy, sigmoid colon ; disease_state=healthy ; tis"
"cgroup_L5_c3ae78cd","GSE139179",FALSE,FALSE,"trattamento","Crohn's disease, descending colon, Baseline ; disease_state=Crohn's disease ; ","Healthy, sigmoid colon ; disease_state=healthy ; tis"
"cgroup_L5_c3ae78cd","GSE139179",FALSE,FALSE,"trattamento","Crohn's disease, descending colon, T106 ; disease_state=Crohn's disease ; tiss","Healthy, sigmoid colon ; disease_state=healthy ; tis"
"cgroup_L5_c3ae78cd","GSE139179",FALSE,FALSE,"trattamento","Crohn's disease, descending colon, T106 ; disease_state=Crohn's disease ; tiss","Healthy, sigmoid colon ; disease_state=healthy ; tis"
"cgroup_L5_c3ae78cd","GSE139179",FALSE,FALSE,"trattamento","Crohn's disease, descending colon, T26 ; disease_state=Crohn's disease ; tissu","Healthy, sigmoid colon ; disease_state=healthy ; tis"
"cgroup_L5_c3ae78cd","GSE139179",FALSE,FALSE,"trattamento","Crohn's disease, descending colon, T52 ; disease_state=Crohn's disease ; tissu","Healthy, sigmoid colon ; disease_state=healthy ; tis"
"cgroup_L5_c3ae78cd","GSE139179",FALSE,FALSE,"trattamento","Crohn's disease, descending colon, T52 ; disease_state=Crohn's disease ; tissu","Healthy, sigmoid colon ; disease_state=healthy ; tis"
"cgroup_L5_c3ae78cd","GSE139179",FALSE,FALSE,"trattamento","Crohn's disease, sigmoid colon, T106 ; disease_state=Crohn's disease ; tissue_","Healthy, sigmoid colon ; disease_state=healthy ; tis"
"cgroup_L5_c3ae78cd","GSE139179",FALSE,FALSE,"trattamento","Crohn's disease, sigmoid colon, T26 ; disease_state=Crohn's disease ; tissue_s","Healthy, sigmoid colon ; disease_state=healthy ; tis"
"cgroup_L5_c3ae78cd","GSE139179",FALSE,FALSE,"trattamento","Crohn's disease, rectum, TM36 ; disease_state=Crohn's disease ; tissue_segment","Healthy, sigmoid colon ; disease_state=healthy ; tis"
"cgroup_L5_c3ae78cd","GSE139179",FALSE,FALSE,"trattamento","Crohn's disease, rectum, TM48 ; disease_state=Crohn's disease ; tissue_segment","Healthy, sigmoid colon ; disease_state=healthy ; tis"
"cgroup_L5_c3ae78cd","GSE139179",FALSE,FALSE,"trattamento","Crohn's disease, rectum, T52 ; disease_state=Crohn's disease ; tissue_segment=","Healthy, sigmoid colon ; disease_state=healthy ; tis"
"cgroup_L5_b71a25a2","GSE139230",TRUE,TRUE,"contesto","LNCaP + JQ1 + siBRD4 ; perturbation=siBRD4 ; treatment=JQ1","LNCaP + DMSO + siBRD4 ; perturbation=siBRD4 ; treatm"
"cgroup_L5_b71a25a2","GSE139230",TRUE,TRUE,"contesto","LNCaP + JQ1 + siCon ; perturbation=siCon ; treatment=JQ1","LNCaP + DMSO-siCon ; perturbation=siCon ; treatment="
"cgroup_L5_83f57274","GSE139233",FALSE,FALSE,"trattamento","Hypoxia pH 6.0 ; oxygen_condition=hypoxia ; ph_level=pH 6.0","Normoxia pH 7.4 ; oxygen_condition=normoxia ; ph_lev"
"cgroup_L5_83f57274","GSE139233",FALSE,FALSE,"trattamento","Hypoxia pH 7.4 ; oxygen_condition=hypoxia ; ph_level=pH 7.4","Normoxia pH 7.4 ; oxygen_condition=normoxia ; ph_lev"
"cgroup_L5_83f57274","GSE139233",FALSE,FALSE,"trattamento","Hypoxia pH 7.4 Oligosome ; oxygen_condition=hypoxia ; ph_level=pH 7.4","Normoxia pH 7.4 ; oxygen_condition=normoxia ; ph_lev"
"cgroup_L5_83f57274","GSE139233",FALSE,FALSE,"trattamento","Hypoxia Polysome ; oxygen_condition=hypoxia ; ph_level=pH 7.4","Normoxia pH 7.4 ; oxygen_condition=normoxia ; ph_lev"
"cgroup_L5_c548d053","GSE139278",FALSE,FALSE,"trattamento","LPS-treated SW480 cells ; treatment=LPS ; cell_line=SW480","Vehicle-treated SW480 cells ; treatment=vehicle_only"
"cgroup_L5_4b901bf1","GSE139341",FALSE,FALSE,"trattamento","Teff_psoriasis ; cell_type=Teff ; disease_state=psoriasis","Teff_healthy ; cell_type=Teff ; disease_state=health"
"cgroup_L5_4b901bf1","GSE139341",FALSE,FALSE,"trattamento","Treg_psoriasis ; cell_type=Treg ; disease_state=psoriasis","Treg_healthy ; cell_type=Treg ; disease_state=health"
"cgroup_L5_4b901bf1","GSE139341",FALSE,FALSE,"trattamento","Treg_psoriasis_alt ; cell_type=Treg ; disease_state=psoriasis","Treg_healthy ; cell_type=Treg ; disease_state=health"
"cgroup_L5_c548d053","GSE139370",FALSE,FALSE,"trattamento","LPS-treated Normal Bronchial Epithelial cells ; treatment=LPS ; cell_type_or_l","Untreated Normal Bronchial Epithelial cells ; treatm"
"cgroup_L5_4753688f","GSE139393",FALSE,FALSE,"trattamento","Ishikawa cells treated with R5020 ; treatment=R5020 ; cell_type_or_line_raw=Is","Untreated Ishikawa cells (Sample 1) ; treatment=untr"
"cgroup_L5_4753688f","GSE139393",FALSE,FALSE,"trattamento","Ishikawa cells treated with R5020 ; treatment=R5020 ; cell_type_or_line_raw=Is","Untreated Ishikawa cells (Sample 2) ; treatment=untr"
"cgroup_L5_8958b27a","GSE139546",TRUE,TRUE,"contesto","Nutlin + CTR siRNA ; Perturbation=CTR siRNA ; Treatment=Nutlin","CTR siRNA ; Perturbation=CTR siRNA ; Treatment="
"cgroup_L5_8958b27a","GSE139546",TRUE,TRUE,"contesto","Nutlin + iASPP siRNA ; Perturbation=iASPP siRNA ; Treatment=Nutlin","iASPP siRNA ; Perturbation=iASPP siRNA ; Treatment="
"cgroup_L5_8958b27a","GSE139546",TRUE,TRUE,"contesto","Nutlin + p53+iASPP siRNA ; Perturbation=p53+iASPP siRNA ; Treatment=Nutlin","p53+iASPP siRNA ; Perturbation=p53+iASPP siRNA ; Tre"
"cgroup_L5_8958b27a","GSE139546",TRUE,TRUE,"contesto","Nutlin + p53 siRNA ; Perturbation=p53 siRNA ; Treatment=Nutlin","p53 siRNA ; Perturbation=p53 siRNA ; Treatment="
"cgroup_L5_8a54ddd6","GSE139862",FALSE,FALSE,"trattamento","PAEC, passage 3, Doxorubicin 0.5 ug/ml 24h ; treatment=Doxorubicin ; concentra","PAEC, passage 3, DMSO ; treatment=DMSO ; passage=3"
"cgroup_L5_cf34c533","GSE139862",FALSE,FALSE,"trattamento","PAEC, passage 3, Nutlin-3 10 uM 24h ; treatment=Nutlin-3 ; concentration=10 uM","PAEC, passage 3, DMSO ; treatment=DMSO ; passage=3"
"cgroup_L5_cf34c533","GSE139862",FALSE,FALSE,"trattamento","PAEC, passage 5, Nutlin-3 10 uM 24h ; treatment=Nutlin-3 ; concentration=10 uM","PAEC, passage 3, PBS ; treatment=PBS ; passage=3"
"cgroup_L5_021e875e","GSE139887",TRUE,TRUE,"contesto","Cisplatin-treated Clone of R-H460 cells with transgene ; treatment=cisplatin ;","Vehicle-treated R-H460 with transgene ; treatment=ve"
"cgroup_L5_2e16719f","GSE139963",FALSE,FALSE,"trattamento","Hypoxia + TGF-β1 ; treatment=hypoxia + TGF-β1","PBS (Vehicle Control) ; treatment=PBS (vehicle)"
"cgroup_L5_2e16719f","GSE139963",FALSE,FALSE,"trattamento","TGF-β1 ; treatment=TGF-β1","PBS (Vehicle Control) ; treatment=PBS (vehicle)"
"cgroup_L5_b71a25a2","GSE140003",FALSE,FALSE,"trattamento","JQ1 ; treatment=JQ1","DMSO ; treatment=DMSO"
"cgroup_L5_85083e38","GSE140089",FALSE,FALSE,"trattamento","Parkinson's Disease, no treatment ; disease_state=Parkinson's Disease ; treatm","Control, no treatment ; disease_state=control ; trea"
"cgroup_L5_889ec305","GSE140327",FALSE,FALSE,"trattamento","Colorectal cancer tissue ; disease_state=Colorectal cancer","Normal tissue ; disease_state=normal"
"cgroup_L5_a32e5eaa","GSE140347",FALSE,FALSE,"trattamento","AML cell line UCSD-AML1 treated with DAC (100 nM) ; treatment=DAC (100 nM) ; c","AML cell line UCSD-AML1 untreated ; treatment=untrea"
"cgroup_L5_a32e5eaa","GSE140347",FALSE,FALSE,"trattamento","AML cell line UCSD-AML1 treated with decitabine (100 nM) ; treatment=decitabin","AML cell line UCSD-AML1 untreated ; treatment=untrea"
"cgroup_L5_dcce160a","GSE140347",FALSE,FALSE,"trattamento","AML cell line UCSD-AML1 treated with daunorubicin (100 nM) ; treatment=daunoru","AML cell line UCSD-AML1 untreated ; treatment=untrea"
"cgroup_L5_a32e5eaa","GSE140347",FALSE,FALSE,"trattamento","AML cell line UCSD-AML1 treated with decitabine (100 nM) ; treatment=decitabin","AML cell line UCSD-AML1 untreated ; treatment=untrea"
"cgroup_L5_c548d053","GSE140702",FALSE,FALSE,"trattamento","Neurotypical LPS ; disease_state=Neurotypical ; perturbation=LPS","Neurotypical Vehicle ; disease_state=Neurotypical ; "
"cgroup_L5_2ec87595","GSE140714",FALSE,FALSE,"trattamento","Metformin-treated ; treatment=Metformin","Untreated ; treatment=untreated"
"cgroup_L5_2ec87595","GSE140714",FALSE,FALSE,"trattamento","Metformin-treated ; treatment=Metformin","Untreated ; treatment=untreated"
"cgroup_L5_0e66597e","GSE140758",FALSE,FALSE,"trattamento","Fulvestrant 5 mg/body (PDX) ; treatment=Fulvestrant ; cell_context=PDX","Vehicle (2% DMSO) (PDX) ; treatment=Vehicle (2% DMSO"
"cgroup_L5_b6b8bc00","GSE140758",FALSE,FALSE,"trattamento","palbociclib 500nM (MCF-7) ; treatment=palbociclib 500nM ; cell_context=MCF-7","Vehicle (0.01% DMSO) (MCF-7, disease model) ; treatm"
"cgroup_L5_0e66597e","GSE140758",FALSE,FALSE,"trattamento","Fulvestrant 0.1nM (MCF-7, disease model) ; treatment=Fulvestrant 0.1nM ; cell_","Vehicle (0.01% DMSO) (MCF-7, disease model) ; treatm"
"cgroup_L5_0e66597e","GSE140758",FALSE,FALSE,"trattamento","Fulvestrant 0.1nM (MCF-7, disease model) ; treatment=Fulvestrant 0.1nM ; cell_","Vehicle (0.01% DMSO) (MCF-7, disease model) ; treatm"
"cgroup_L5_0e66597e","GSE140758",FALSE,FALSE,"trattamento","Fulvestrant 5 mg/body (PDX) ; treatment=Fulvestrant 5 mg/body ; cell_context=P","Vehicle (2% DMSO) (PDX) ; treatment=Vehicle (2% DMSO"
"cgroup_L5_be15b706","GSE140900",FALSE,FALSE,"trattamento","IL-13 ; treatment=IL-13","no treatment ; treatment=no treatment"
"cgroup_L5_49d55bfd","GSE140900",FALSE,FALSE,"trattamento","IL-4 ; treatment=IL-4","no treatment ; treatment=no treatment"
"cgroup_L5_444e7fc2","GSE141236",FALSE,FALSE,"trattamento","Monocytes exposed to HCMV ; infection=Human cytomegalovirus (HCMV) ; cell_type","Uninfected THP-1 cells (control) ; infection=None ; "
"cgroup_L5_e294a3bc","GSE141496",FALSE,FALSE,"trattamento","HeLa + DRB ; treatment=DRB ; time=4 hrs","HeLa + control ; treatment=control ; time=0 hrs"
"cgroup_L5_c860712d","GSE141535",FALSE,FALSE,"trattamento","Cystic Fibrosis Lung Fibroblasts ; disease_state=Cystic Fibrosis ; cell_type_o","Normal Lung Fibroblasts ; disease_state=Normal ; cel"
"cgroup_L5_c860712d","GSE141536",FALSE,FALSE,"trattamento","Cystic Fibrosis Lung Fibroblasts ; disease_state=Cystic Fibrosis ; cell_type_o","Normal Lung Fibroblasts ; disease_state=Normal ; cel"
"cgroup_L5_87c40ebb","GSE141585",FALSE,FALSE,"trattamento","IFN-γ ; Treatment=IFN-γ","Control ; Treatment=Control"
"cgroup_L5_87c40ebb","GSE141585",FALSE,FALSE,"trattamento","SB-3CT + IFN-γ (1 replicate) ; Treatment=SB-3CT + IFN-γ","Control ; Treatment=Control"
"cgroup_L5_87c40ebb","GSE141585",FALSE,FALSE,"trattamento","SB-3CT + IFN-γ (2 replicates) ; Treatment=SB-3CT + IFN-γ","Control ; Treatment=Control"
"cgroup_L5_f956ef98","GSE141711",FALSE,FALSE,"trattamento","MCF-7 TCDD ; cell_line=MCF-7 ; treatment=TCDD","MCF-7 Control ; cell_line=MCF-7 ; treatment=Control"
"cgroup_L5_930c8dcf","GSE141806",TRUE,TRUE,"contesto","22Rv1 cells treated with DHT ; treatment=DHT ; genetic_knockdown=none","22Rv1 cells treated with ethanol ; treatment=ethanol"
"cgroup_L5_1bbf4b9b","GSE142000",FALSE,FALSE,"trattamento","Gastric cancer tissue (Donor X697023) ; disease_state=gastric_cancer ; donor_i","Adjacent normal gastric tissue (Donor X696970) ; dis"
"cgroup_L5_1bbf4b9b","GSE142000",FALSE,FALSE,"trattamento","Gastric cancer tissue (Donor X697023) ; disease_state=gastric_cancer ; donor_i","Adjacent normal gastric tissue (Donor X700699) ; dis"
"cgroup_L5_1bbf4b9b","GSE142000",FALSE,FALSE,"trattamento","GC2 Gastric cancer tissue (Donor X700699) ; disease_state=gastric_cancer ; don","Adjacent normal gastric tissue (Donor X700699) ; dis"
"cgroup_L5_1bbf4b9b","GSE142000",FALSE,FALSE,"trattamento","GC6 Gastric cancer tissue (Donor X700963) ; disease_state=gastric_cancer ; don","Adjacent normal gastric tissue (Donor X700699) ; dis"
"cgroup_L5_83f57274","GSE142123",FALSE,FALSE,"trattamento","Hypoxia ; oxygen_condition=hypoxia","Normoxia ; oxygen_condition=normoxia"
"cgroup_L5_83f57274","GSE142123",FALSE,FALSE,"trattamento","Hypoxia ; oxygen_condition=hypoxia","Normoxia Control ; oxygen_condition=normoxia"
"cgroup_L5_a32e5eaa","GSE142381",FALSE,FALSE,"trattamento","HKC_Decitabine_300nM ; cell_line=HKC proximal tubule cells ; treatment=Decitab","HKC_DMSO ; cell_line=HKC proximal tubule cells ; tre"
"cgroup_L5_a32e5eaa","GSE142381",FALSE,FALSE,"trattamento","HKC_Decitabine_100nM ; cell_line=HKC proximal tubule cells ; treatment=Decitab","HKC_DMSO ; cell_line=HKC proximal tubule cells ; tre"
"cgroup_L5_a32e5eaa","GSE142381",FALSE,FALSE,"trattamento","HKC_Decitabine_100nM_rep ; cell_line=HKC proximal tubule cells ; treatment=Dec","HKC_DMSO ; cell_line=HKC proximal tubule cells ; tre"
"cgroup_L5_a32e5eaa","GSE142381",FALSE,FALSE,"trattamento","HKC_Decitabine_300nM_rep ; cell_line=HKC proximal tubule cells ; treatment=Dec","HKC_DMSO ; cell_line=HKC proximal tubule cells ; tre"
"cgroup_L5_a8ff7b6d","GSE142383",FALSE,FALSE,"trattamento","SH SY5Y BKO-98 ATRA Treated ; Treatment=ATRA ; Genetic Modification=BKO-98","SH SY5Y BKO-98 Untreated Control ; Treatment=Untreat"
"cgroup_L5_a8ff7b6d","GSE142383",FALSE,FALSE,"trattamento","SH SY5Y BKO-98 ATRA Treated ; Treatment=ATRA ; Genetic Modification=BKO-98","SH SY5Y BKO-98 Untreated Control ; Treatment=Untreat"
"cgroup_L5_2e16719f","GSE142417",FALSE,FALSE,"trattamento","TGFB1 (VS007) ; treatment=TGFB1 ; donor_id=VS007","Control (VS007) ; treatment=Control ; donor_id=VS007"
"cgroup_L5_f94b6180","GSE142556",FALSE,FALSE,"trattamento","KYSE410_R1881_24h ; treatment=R1881 ; time=24 hours","KYSE410_Vehicle ; treatment=vehicle"
"cgroup_L5_f94b6180","GSE142556",FALSE,FALSE,"trattamento","KYSE410_R1881_4h ; treatment=R1881 ; time=4 hours","KYSE410_Vehicle ; treatment=vehicle"
"cgroup_L5_c548d053","GSE142560",FALSE,FALSE,"trattamento","CD34+ BM WT + LPS ; genotype=wild type ; treatment=LPS","CD34+ BM WT + PBS ; genotype=wild type ; treatment=P"
"cgroup_L5_c548d053","GSE142560",FALSE,FALSE,"trattamento","CD34+ BM Mir146KO + LPS ; genotype=Mir146KO ; treatment=LPS","CD34+ BM Mir146KO + PBS ; genotype=Mir146KO ; treatm"
"cgroup_L5_4b901bf1","GSE142582",FALSE,FALSE,"trattamento","Psoriasis lesion ; disease_state=psoriasis patient ; tissue_segment=Psoriatic ","Healthy skin control ; disease_state=healthy control"
"cgroup_L5_905be893","GSE142620",FALSE,FALSE,"trattamento","IL1beta day 6 ; treatment=IL1beta ; time=day 6","Control day 6 ; treatment=Control ; time=day 6"
"cgroup_L5_905be893","GSE142620",FALSE,FALSE,"trattamento","IL1beta day 15 ; treatment=IL1beta ; time=day 15","Control day 15 ; treatment=Control ; time=day 15"
"cgroup_L5_905be893","GSE142620",FALSE,FALSE,"trattamento","IL1beta day 21 ; treatment=IL1beta ; time=day 21","Control day 21 ; treatment=Control ; time=day 21"
"cgroup_L5_905be893","GSE142620",FALSE,FALSE,"trattamento","IL1beta day 30 posttreatment ; treatment=IL1beta ; time=day 30 posttreatment","Control day 30 posttreatment ; treatment=Control ; t"
"cgroup_L5_905be893","GSE142620",FALSE,FALSE,"trattamento","IL1beta day 6 posttreatment ; treatment=IL1beta ; time=day 6 posttreatment","Control day 6 posttreatment ; treatment=Control ; ti"
"cgroup_L5_3973fe03","GSE142706",FALSE,FALSE,"trattamento","LNas1 + IL-1 alpha ; treatment=IL-1 alpha ; cell_line=LNas1","LNCaP untreated ; treatment=untreated ; cell_line=LN"
"cgroup_L5_a25d0964","GSE143443",FALSE,FALSE,"trattamento","RA synovial fibroblasts, IL6 stimulated ; treatment=IL6 ; cell_type=fibroblast","RA synovial fibroblasts, untreated ; treatment=none "
"cgroup_L5_a25d0964","GSE143443",FALSE,FALSE,"trattamento","RA knee synovial fibroblasts, IL6 stimulated ; treatment=IL6 ; cell_type=fibro","RA knee synovial fibroblasts, untreated ; treatment="
"cgroup_L5_41f7b088","GSE143588",FALSE,FALSE,"trattamento","Sorted cSCC-PDX Cells Treated with Gefitinib ; Treatment=Gefitinib ; Cell Line","Sorted cSCC-PDX Cells ; Treatment=None ; Cell Line=c"
"cgroup_L5_b9c77320","GSE143685",FALSE,FALSE,"trattamento","Astrocytes HIV ; cell_type=human astrocytes ; treatment=JAGO strain HIV","Astrocytes Control ; cell_type=human astrocytes ; tr"
"cgroup_L5_8958b27a","GSE143741",FALSE,FALSE,"trattamento","Nutlin-treated donor c1 ; treatment=nutlin ; donor_id=c1","Untreated donor c1 ; treatment=untreated ; donor_id="
"cgroup_L5_8958b27a","GSE143741",FALSE,FALSE,"trattamento","Nutlin-treated donor c1 (duplicate) ; treatment=nutlin ; donor_id=c1","Untreated donor c1 ; treatment=untreated ; donor_id="
"cgroup_L5_8958b27a","GSE143741",FALSE,FALSE,"trattamento","Nutlin-treated donor c2 ; treatment=nutlin ; donor_id=c2","Untreated donor c2 ; treatment=untreated ; donor_id="
"cgroup_L5_f94b6180","GSE143905",FALSE,FALSE,"trattamento","R1881 Treated ; treatment=R1881 ; cell_line=Immortalised prostate cancer cell ","Ethanol (Vehicle Control) ; treatment=ethanol ; cell"
"cgroup_L5_b2affd22","GSE143953",FALSE,FALSE,"trattamento","Preeclampsia Case 1 ; disease_state=preeclampsia ; cell_type_or_line_raw=ECL00","Healthy Control ; disease_state=control ; age=37.6"
"cgroup_L5_b2affd22","GSE143953",FALSE,FALSE,"trattamento","Preeclampsia Case 2 ; disease_state=preeclampsia ; cell_type_or_line_raw=ECL00","Healthy Control ; disease_state=control ; age=37.6"
"cgroup_L5_b2affd22","GSE143953",FALSE,FALSE,"trattamento","Preeclampsia Case 3 ; disease_state=preeclampsia ; cell_type_or_line_raw=ECL00","Healthy Control ; disease_state=control ; age=37.6"
"cgroup_L5_b2affd22","GSE143953",FALSE,FALSE,"trattamento","Preeclampsia Case 4 ; disease_state=preeclampsia ; cell_type_or_line_raw=ECL00","Healthy Control ; disease_state=control ; age=37.6"
"cgroup_L5_538960a6","GSE143982",FALSE,FALSE,"trattamento","THP-1 cells after differentiation and activated by M.tb H37Ra ; cell_state=THP","THP-1 cells after differentiation ; cell_state=THP-1"
"cgroup_L5_3b91a21d","GSE144259",FALSE,FALSE,"trattamento","CRC3M ; disease_state=liver_metastasis_colon_cancer ; tissue=Liver metastasis ","CRC3N ; disease_state=matched_normal_colon ; tissue="
"cgroup_L5_bd19fe42","GSE144269",FALSE,FALSE,"trattamento","Hepatocellular carcinoma patients ; disease_status=hepatocellular carcinoma","Normal liver tissue ; disease_status=normal"
"cgroup_L5_28bee975","GSE144326",FALSE,FALSE,"trattamento","NCI-H1299 cells treated with ABBV-075 ; cell_line=NCI-H1299 ; treatment=ABBV-0","NCI-H1299 cells treated with DMSO ; cell_line=NCI-H1"
"cgroup_L5_e16bfa7f","GSE144326",FALSE,FALSE,"trattamento","NCI-H1299 cells treated with ABBV-744 ; cell_line=NCI-H1299 ; treatment=ABBV-7","NCI-H1299 cells treated with DMSO ; cell_line=NCI-H1"
"cgroup_L5_8b61f50b","GSE144378",FALSE,FALSE,"trattamento","MCF7L tamoxifen ; cell_line=MCF7L ; treatment=tamoxifen","MCF7L untreated ; cell_line=MCF7L ; treatment=none"
"cgroup_L5_8b61f50b","GSE144378",FALSE,FALSE,"trattamento","T47D tamoxifen ; cell_line=T47D ; treatment=tamoxifen","T47D untreated ; cell_line=T47D ; treatment=none"
"cgroup_L5_87c40ebb","GSE144484",FALSE,FALSE,"trattamento","IFNG Stimulated ; treatment=IFNG ; cell_line=U2OS ; disease_state=Osteosarcoma","Control (Untreated) ; treatment=none ; cell_line=U2O"
"cgroup_L5_4be9e90d","GSE144775",FALSE,FALSE,"trattamento","PFOS 0.02 µM 1 day ; compound=PFOS ; concentration=0.02 µM ; time=1 day","DMSO 1 day ; compound=DMSO ; concentration=0 µM ; ti"
"cgroup_L5_4be9e90d","GSE144775",FALSE,FALSE,"trattamento","PFOS 0.02 µM 10 days ; compound=PFOS ; concentration=0.02 µM ; time=10 days","DMSO 10 days ; compound=DMSO ; concentration=0 µM ; "
"cgroup_L5_4be9e90d","GSE144775",FALSE,FALSE,"trattamento","PFOS 0.02 µM 14 days ; compound=PFOS ; concentration=0.02 µM ; time=14 days","DMSO 14 days ; compound=DMSO ; concentration=0 µM ; "
"cgroup_L5_4be9e90d","GSE144775",FALSE,FALSE,"trattamento","PFOS 0.02 µM 4 days ; compound=PFOS ; concentration=0.02 µM ; time=4 days","DMSO 4 days ; compound=DMSO ; concentration=0 µM ; t"
"cgroup_L5_4be9e90d","GSE144775",FALSE,FALSE,"trattamento","PFOS 0.1 µM 1 day ; compound=PFOS ; concentration=0.1 µM ; time=1 day","DMSO 1 day ; compound=DMSO ; concentration=0 µM ; ti"
"cgroup_L5_4be9e90d","GSE144775",FALSE,FALSE,"trattamento","PFOS 0.1 µM 10 days ; compound=PFOS ; concentration=0.1 µM ; time=10 days","DMSO 10 days ; compound=DMSO ; concentration=0 µM ; "
"cgroup_L5_4be9e90d","GSE144775",FALSE,FALSE,"trattamento","PFOS 0.1 µM 14 days ; compound=PFOS ; concentration=0.1 µM ; time=14 days","DMSO 14 days ; compound=DMSO ; concentration=0 µM ; "
"cgroup_L5_4be9e90d","GSE144775",FALSE,FALSE,"trattamento","PFOS 0.1 µM 4 days ; compound=PFOS ; concentration=0.1 µM ; time=4 days","DMSO 4 days ; compound=DMSO ; concentration=0 µM ; t"
"cgroup_L5_4be9e90d","GSE144775",FALSE,FALSE,"trattamento","PFOS 0.2 µM 1 day ; compound=PFOS ; concentration=0.2 µM ; time=1 day","DMSO 1 day ; compound=DMSO ; concentration=0 µM ; ti"
"cgroup_L5_4be9e90d","GSE144775",FALSE,FALSE,"trattamento","PFOS 0.2 µM 10 days ; compound=PFOS ; concentration=0.2 µM ; time=10 days","DMSO 10 days ; compound=DMSO ; concentration=0 µM ; "
"cgroup_L5_4be9e90d","GSE144775",FALSE,FALSE,"trattamento","PFOS 0.2 µM 14 days ; compound=PFOS ; concentration=0.2 µM ; time=14 days","DMSO 14 days ; compound=DMSO ; concentration=0 µM ; "
"cgroup_L5_4be9e90d","GSE144775",FALSE,FALSE,"trattamento","PFOS 0.2 µM 4 days ; compound=PFOS ; concentration=0.2 µM ; time=4 days","DMSO 4 days ; compound=DMSO ; concentration=0 µM ; t"
"cgroup_L5_4be9e90d","GSE144775",FALSE,FALSE,"trattamento","PFOS 1 µM 1 day ; compound=PFOS ; concentration=1 µM ; time=1 day","DMSO 1 day ; compound=DMSO ; concentration=0 µM ; ti"
"cgroup_L5_4be9e90d","GSE144775",FALSE,FALSE,"trattamento","PFOS 1 µM 10 days ; compound=PFOS ; concentration=1 µM ; time=10 days","DMSO 10 days ; compound=DMSO ; concentration=0 µM ; "
"cgroup_L5_4be9e90d","GSE144775",FALSE,FALSE,"trattamento","PFOS 1 µM 14 days ; compound=PFOS ; concentration=1 µM ; time=14 days","DMSO 14 days ; compound=DMSO ; concentration=0 µM ; "
"cgroup_L5_4be9e90d","GSE144775",FALSE,FALSE,"trattamento","PFOS 1 µM 4 days ; compound=PFOS ; concentration=1 µM ; time=4 days","DMSO 4 days ; compound=DMSO ; concentration=0 µM ; t"
"cgroup_L5_4be9e90d","GSE144775",FALSE,FALSE,"trattamento","PFOS 10 µM 1 day ; compound=PFOS ; concentration=10 µM ; time=1 day","DMSO 1 day ; compound=DMSO ; concentration=0 µM ; ti"
"cgroup_L5_4be9e90d","GSE144775",FALSE,FALSE,"trattamento","PFOS 10 µM 10 days ; compound=PFOS ; concentration=10 µM ; time=10 days","DMSO 10 days ; compound=DMSO ; concentration=0 µM ; "
"cgroup_L5_4be9e90d","GSE144775",FALSE,FALSE,"trattamento","PFOS 10 µM 14 days ; compound=PFOS ; concentration=10 µM ; time=14 days","DMSO 14 days ; compound=DMSO ; concentration=0 µM ; "
"cgroup_L5_4be9e90d","GSE144775",FALSE,FALSE,"trattamento","PFOS 10 µM 4 days ; compound=PFOS ; concentration=10 µM ; time=4 days","DMSO 4 days ; compound=DMSO ; concentration=0 µM ; t"
"cgroup_L5_4be9e90d","GSE144775",FALSE,FALSE,"trattamento","PFOS 2 µM 1 day ; compound=PFOS ; concentration=2 µM ; time=1 day","DMSO 1 day ; compound=DMSO ; concentration=0 µM ; ti"
"cgroup_L5_4be9e90d","GSE144775",FALSE,FALSE,"trattamento","PFOS 2 µM 10 days ; compound=PFOS ; concentration=2 µM ; time=10 days","DMSO 10 days ; compound=DMSO ; concentration=0 µM ; "
"cgroup_L5_4be9e90d","GSE144775",FALSE,FALSE,"trattamento","PFOS 2 µM 14 days ; compound=PFOS ; concentration=2 µM ; time=14 days","DMSO 14 days ; compound=DMSO ; concentration=0 µM ; "
"cgroup_L5_4be9e90d","GSE144775",FALSE,FALSE,"trattamento","PFOS 2 µM 4 days ; compound=PFOS ; concentration=2 µM ; time=4 days","DMSO 4 days ; compound=DMSO ; concentration=0 µM ; t"
"cgroup_L5_4be9e90d","GSE144775",FALSE,FALSE,"trattamento","PFOS 20 µM 1 day ; compound=PFOS ; concentration=20 µM ; time=1 day","DMSO 1 day ; compound=DMSO ; concentration=0 µM ; ti"
"cgroup_L5_4be9e90d","GSE144775",FALSE,FALSE,"trattamento","PFOS 20 µM 10 days ; compound=PFOS ; concentration=20 µM ; time=10 days","DMSO 10 days ; compound=DMSO ; concentration=0 µM ; "
"cgroup_L5_4be9e90d","GSE144775",FALSE,FALSE,"trattamento","PFOS 20 µM 14 days ; compound=PFOS ; concentration=20 µM ; time=14 days","DMSO 14 days ; compound=DMSO ; concentration=0 µM ; "
"cgroup_L5_4be9e90d","GSE144775",FALSE,FALSE,"trattamento","PFOS 20 µM 4 days ; compound=PFOS ; concentration=20 µM ; time=4 days","DMSO 4 days ; compound=DMSO ; concentration=0 µM ; t"
"cgroup_L5_840b7e36","GSE144852",FALSE,FALSE,"trattamento","AMTH17 + α-CD3/α-CD28 (BD) 6h ; treatment=α-CD3/α-CD28 (BD) ; time=6 hours","AMTH17 + vehicle 6h ; treatment=vehicle ; time=6 hou"
"cgroup_L5_87c40ebb","GSE144989",FALSE,FALSE,"trattamento","human blood monocytes treated with IFN-g ; treatment=IFN-g ; cell_type=human b","human blood monocytes treated with DMSO ; treatment="
"cgroup_L5_49d55bfd","GSE144989",FALSE,FALSE,"trattamento","human blood monocytes treated with IL-4 ; treatment=IL-4 ; cell_type=human blo","human blood monocytes treated with DMSO ; treatment="
"cgroup_L5_12228932","GSE144991",FALSE,FALSE,"trattamento","EGF-treated human blood monocytes ; treatment=EGF ; cell_type=human blood mono","DMSO-treated human blood monocytes ; treatment=DMSO "
"cgroup_L5_12228932","GSE144991",FALSE,FALSE,"trattamento","EGF-treated human blood monocytes ; treatment=EGF ; cell_type=human blood mono","DMSO2-treated human blood monocytes ; treatment=DMSO"
"cgroup_L5_b71a25a2","GSE145028",FALSE,FALSE,"trattamento","NCI-H1963 cells treated with JQ1 ; treatment=JQ1 ; cell_line=NCI-H1963 ; passa","NCI-H1963 cells treated with DMSO ; treatment=DMSO ;"
"cgroup_L5_844de383","GSE145065",FALSE,FALSE,"trattamento","Sjogren's syndrome case ; disease_state=Sjogren's syndrome ; cell_context.cell","Healthy control ; disease_state=healthy ; cell_conte"
"cgroup_L5_021e875e","GSE145085",FALSE,FALSE,"trattamento","Kidney Organoids Treated with Cisplatin ; treatment=cisplatin ; cell_context.c","Untreated Kidney Organoids ; treatment=untreated ; c"
"cgroup_L5_83f57274","GSE145108",FALSE,FALSE,"trattamento","A549 cells exposed to hypoxia ; oxygen_condition=hypoxia ; cell_line=A549","A549 cells under normoxia ; oxygen_condition=normoxi"
"cgroup_L5_83f57274","GSE145108",FALSE,FALSE,"trattamento","H460 cells exposed to hypoxia ; oxygen_condition=hypoxia ; cell_line=H460","H460 cells under normoxia ; oxygen_condition=normoxi"
"cgroup_L5_83f57274","GSE145108",FALSE,FALSE,"trattamento","RKO cells exposed to hypoxia ; oxygen_condition=hypoxia ; cell_line=RKO","RKO cells under normoxia ; oxygen_condition=normoxia"
"cgroup_L5_8a54ddd6","GSE145141",TRUE,TRUE,"contesto","MDA-MB-231 Doxorubicin ; treatment=Doxorubicin ; overexpression=None","MDA-MB-231 Untreated ; treatment=Untreated ; overexp"
"cgroup_L5_8a54ddd6","GSE145141",TRUE,TRUE,"contesto","MDA-MB-231 Doxorubicin + ZMYND8 Overexpression (48h) ; treatment=Doxorubicin ;","MDA-MB-231 ZMYND8 Overexpression ; treatment=Untreat"
"cgroup_L5_8a54ddd6","GSE145141",TRUE,TRUE,"contesto","MDA-MB-231 Doxorubicin + ZMYND8 Overexpression (48h) ; treatment=Doxorubicin ;","MDA-MB-231 ZMYND8 Overexpression ; treatment=Untreat"
"cgroup_L5_8a54ddd6","GSE145141",TRUE,TRUE,"contesto","MDA-MB-231 Doxorubicin + GFP Overexpression (48h) ; treatment=Doxorubicin ; ov","MDA-MB-231 GFP Overexpression ; treatment=Untreated "
"cgroup_L5_8a54ddd6","GSE145141",TRUE,TRUE,"contesto","MDA-MB-231 Doxorubicin + GFP Overexpression (48h) ; treatment=Doxorubicin ; ov","MDA-MB-231 GFP Overexpression ; treatment=Untreated "
"cgroup_L5_8a54ddd6","GSE145141",TRUE,TRUE,"contesto","MDA-MB-231 Doxorubicin + GFP Overexpression (6h) ; treatment=Doxorubicin ; ove","MDA-MB-231 GFP Overexpression ; treatment=Untreated "
"cgroup_L5_8a54ddd6","GSE145141",TRUE,TRUE,"contesto","MDA-MB-231 Doxorubicin + GFP Overexpression (6h) ; treatment=Doxorubicin ; ove","MDA-MB-231 GFP Overexpression ; treatment=Untreated "
"cgroup_L5_dd2a1a58","GSE145154",FALSE,FALSE,"trattamento","Whole cells, heart, heart failure, no perturbation ; cell_context=whole cells ","Whole cells, heart, no disease state, no perturbatio"
"cgroup_L5_aa8c1d6d","GSE145274",FALSE,FALSE,"trattamento","HEL92.1.7 OTX P/R OTX015 1000 nM 8h ; treatment=OTX015 ; cell_line=HEL92.1.7 O","HEL92.1.7 OTX P/R untreated ; treatment=untreated ; "
"cgroup_L5_aa8c1d6d","GSE145274",FALSE,FALSE,"trattamento","HEL92.1.7 parental OTX015 1000 nM 8h ; treatment=OTX015 ; cell_line=HEL92.1.7 ","HEL92.1.7 parental untreated ; treatment=untreated ;"
"cgroup_L5_aa8c1d6d","GSE145274",FALSE,FALSE,"trattamento","HEL92.1.7 parental OTX015 1000 nM 8h ; treatment=OTX015 ; cell_line=HEL92.1.7 ","HEL92.1.7 parental untreated ; treatment=untreated ;"
"cgroup_L5_b6b8bc00","GSE145316",FALSE,FALSE,"trattamento","MCF7 WT + Palbociclib ; treatment=Palbociclib ; genotype=wild-type","MCF7 WT + DMSO ; treatment=DMSO ; genotype=wild-type"
"cgroup_L5_b6b8bc00","GSE145316",TRUE,TRUE,"contesto","MCF7 RB KO + Palbociclib ; treatment=Palbociclib ; genotype=RB Knockout","MCF7 RB KO + DMSO ; treatment=DMSO ; genotype=RB Kno"
"cgroup_L5_29cb04f8","GSE145356",FALSE,FALSE,"trattamento","5-FU/LV treated ; treatment=5-FU/LV ; time=8 weeks","DMSO control ; treatment=DMSO ; time=8 weeks"
"cgroup_L5_c548d053","GSE145382",FALSE,FALSE,"trattamento","LPS 12h (donor 157) ; treatment=LPS 12h ; time=12h","Unstimulated (donor 157) ; treatment=unstimulated"
"cgroup_L5_c548d053","GSE145382",FALSE,FALSE,"trattamento","LPS 8h (donor 157) ; treatment=LPS 8h ; time=8h","Unstimulated (donor 157) ; treatment=unstimulated"
"cgroup_L5_444e7fc2","GSE145415",FALSE,FALSE,"trattamento","CMV infection ; infection_status=CMV infection","Mock infection ; infection_status=mock infection"
"cgroup_L5_b71a25a2","GSE145469",FALSE,FALSE,"trattamento","JQ1 ; treatment=JQ1 ; cell_line=Rh30","Control (DMSO) ; treatment=Control (DMSO) ; cell_lin"
"cgroup_L5_b71a25a2","GSE145469",FALSE,FALSE,"trattamento","JQ1 ; treatment=JQ1 ; cell_line=Rh30","Control (DMSO) ; treatment=Control (DMSO) ; cell_lin"
"cgroup_L5_b71a25a2","GSE145469",FALSE,FALSE,"trattamento","JQ1 ; treatment=JQ1 ; cell_line=Rh30","Control (DMSO) ; treatment=Control (DMSO) ; cell_lin"
"cgroup_L5_2a225fda","GSE145505",FALSE,FALSE,"trattamento","Control Asthma ; perturbation=None ; disease_state=asthma","Control None ; perturbation=None ; disease_state=Non"
"cgroup_L5_93068469","GSE145560",FALSE,FALSE,"trattamento","HUVEC 5-azacytidine 5uM ; treatment=5-azacytidine 5uM ; cell_line=HUVEC","HUVEC DMSO ; treatment=DMSO ; cell_line=HUVEC"
"cgroup_L5_93068469","GSE145560",FALSE,FALSE,"trattamento","H295R 5-azacytidine 5uM ; treatment=5-azacytidine 5uM ; cell_line=H295R","H295R DMSO ; treatment=DMSO ; cell_line=H295R"
"cgroup_L5_93068469","GSE145560",FALSE,FALSE,"trattamento","H295R 5-azacytidine 5uM ; treatment=5-azacytidine 5uM ; cell_line=H295R","H295R DMSO ; treatment=DMSO ; cell_line=H295R"
"cgroup_L5_1d96b9da","GSE145639",FALSE,FALSE,"trattamento","Poly(I:C) D5 ; treatment=Poly(I:C) ; time=D5 ; genetic_modification=None","Mock-Treated D5 ; treatment=Mock-Treated ; time=D5 ;"
"cgroup_L5_1d96b9da","GSE145639",FALSE,FALSE,"trattamento","Poly(I:C) D14 ; treatment=Poly(I:C) ; time=D14 ; genetic_modification=None","Mock-Treated D14 ; treatment=Mock-Treated ; time=D14"
"cgroup_L5_a32e5eaa","GSE145639",FALSE,FALSE,"trattamento","5-AZA-CdR D5 ; treatment=5-AZA-CdR ; time=D5 ; genetic_modification=None","Mock-Treated D5 ; treatment=Mock-Treated ; time=D5 ;"
"cgroup_L5_a32e5eaa","GSE145639",FALSE,FALSE,"trattamento","5-AZA-CdR D24 ; treatment=5-AZA-CdR ; time=D24 ; genetic_modification=None","Mock-Treated D24 ; treatment=Mock-Treated ; time=D24"
"cgroup_L5_1d96b9da","GSE145639",TRUE,TRUE,"contesto","ADAR1 Knockdown + Poly(I:C) D5 ; treatment=Poly(I:C) ; time=D5 ; genetic_modif","ADAR1 Knockdown + Mock-Treated D5 ; treatment=Mock-T"
"cgroup_L5_1d96b9da","GSE145639",TRUE,TRUE,"contesto","ADAR1 Knockdown + Poly(I:C) D14 ; treatment=Poly(I:C) ; time=D14 ; genetic_mod","ADAR1 Knockdown D14 (technical) ; treatment=None ; t"
"cgroup_L5_a32e5eaa","GSE145639",TRUE,TRUE,"contesto","ADAR1 Knockdown + 5-AZA-CdR D5 ; treatment=5-AZA-CdR ; time=D5 ; genetic_modif","ADAR1 Knockdown + Mock-Treated D5 ; treatment=Mock-T"
"cgroup_L5_a32e5eaa","GSE145639",TRUE,TRUE,"contesto","ADAR1 Knockdown + 5-AZA-CdR D14 ; treatment=5-AZA-CdR ; time=D14 ; genetic_mod","ADAR1 Knockdown D14 (technical) ; treatment=None ; t"
"cgroup_L5_a32e5eaa","GSE145639",TRUE,TRUE,"contesto","ADAR1 Knockdown + 5-AZA-CdR D24 ; treatment=5-AZA-CdR ; time=D24 ; genetic_mod","ADAR1 Knockdown D24 (technical) ; treatment=None ; t"
"cgroup_L5_a32e5eaa","GSE145639",FALSE,FALSE,"trattamento","ADAR1 p150 OE + 5-AZA-CdR D5 ; treatment=5-AZA-CdR ; time=D5 ; genetic_modific","ADAR1 p150 OE + Mock-Treated D5 ; treatment=Mock-Tre"
"cgroup_L5_2e16719f","GSE145746",FALSE,FALSE,"trattamento","Non-Diabetic Donors - TGF-β1 ; treatment=TGF-β1 ; disease_state=non-diabetic d","Non-Diabetic Donors - Untreated ; treatment=no treat"
"cgroup_L5_2e16719f","GSE145746",FALSE,FALSE,"trattamento","Diabetic Donors - TGF-β1 ; treatment=TGF-β1 ; disease_state=diabetic donors","Diabetic Donors - No Treatment ; treatment=no treatm"
"cgroup_L5_d53bf74e","GSE145842",FALSE,FALSE,"trattamento","Follicular Lymphoma ; disease_state=follicular lymphoma ; cell_context=CD19+ B","Healthy Control ; disease_state=healthy ; cell_conte"
"cgroup_L5_545a48c6","GSE145896",FALSE,FALSE,"trattamento","Lung Adenocarcinoma ; disease_state=Adenocarcinoma ; cell_context=Lung tumor","Normal Lung Tissue ; disease_state=Normal ; cell_con"
"cgroup_L5_03b38818","GSE145990",FALSE,FALSE,"trattamento","Vemurafenib ; treatment=Vemurafenib ; cell_type=M229R ; tissue=melanoma","DMSO ; treatment=DMSO ; cell_type=M229R ; tissue=mel"
"cgroup_L5_03b38818","GSE145990",FALSE,FALSE,"trattamento","Vemurafenib ; treatment=Vemurafenib ; cell_type=M229R ; tissue=melanoma","DMSO ; treatment=DMSO ; cell_type=M229R ; tissue=mel"
"cgroup_L5_a8d88150","GSE146095",FALSE,FALSE,"trattamento","Lenvatinib 1.5uM ; treatment=Lenvatinib ; dose=1.5uM ; duration=48 hours","Control ; treatment=Control ; dose=0 ; duration=48 h"
"cgroup_L5_03b38818","GSE146096",FALSE,FALSE,"trattamento","Vemurafenib 2uM 48h ; treatment=Vemurafenib","Vehicle Control ; treatment=Vehicle Control"
"cgroup_L5_535d97f6","GSE146096",FALSE,FALSE,"trattamento","Imatinib 5uM 48h ; treatment=Imatinib","Vehicle Control ; treatment=Vehicle Control"
"cgroup_L5_8ac307e0","GSE146096",FALSE,FALSE,"trattamento","Cabozantinib 2uM 48h ; treatment=Cabozantinib","Vehicle Control ; treatment=Vehicle Control"
"cgroup_L5_2987cdb6","GSE146096",FALSE,FALSE,"trattamento","Erlotinib 3uM 48h ; treatment=Erlotinib","Vehicle Control ; treatment=Vehicle Control"
"cgroup_L5_efced505","GSE146096",FALSE,FALSE,"trattamento","Sunitinib 100nM 48h ; treatment=Sunitinib","Vehicle Control ; treatment=Vehicle Control"
"cgroup_L5_3a0a595f","GSE146096",FALSE,FALSE,"trattamento","Dasatinib 0.1uM 48h ; treatment=Dasatinib","Vehicle Control ; treatment=Vehicle Control"
"cgroup_L5_3b461817","GSE146096",FALSE,FALSE,"trattamento","Nilotinib 3uM 48h ; treatment=Nilotinib","Vehicle Control ; treatment=Vehicle Control"
"cgroup_L5_b3ccf1c1","GSE146096",FALSE,FALSE,"trattamento","Vandetanib 333nM 48h ; treatment=Vandetanib","Vehicle Control ; treatment=Vehicle Control"
"cgroup_L5_f97e50de","GSE146096",FALSE,FALSE,"trattamento","Crizotinib 0.25uM 48h ; treatment=Crizotinib","Vehicle Control ; treatment=Vehicle Control"
"cgroup_L5_8eca612e","GSE146096",FALSE,FALSE,"trattamento","Dabrafenib 2.5uM ; treatment=Dabrafenib","Vehicle Control ; treatment=Vehicle Control"
"cgroup_L5_8eca612e","GSE146096",FALSE,FALSE,"trattamento","Dabrafenib 2.5uM ; treatment=Dabrafenib","Vehicle Control ; treatment=Vehicle Control"
"cgroup_L5_16525349","GSE146096",FALSE,FALSE,"trattamento","Ponatinib 100nM ; treatment=Ponatinib","Vehicle Control ; treatment=Vehicle Control"
"cgroup_L5_fd0c6a79","GSE146096",FALSE,FALSE,"trattamento","Regorafenib 1uM ; treatment=Regorafenib","Vehicle Control ; treatment=Vehicle Control"
"cgroup_L5_03b38818","GSE146096",FALSE,FALSE,"trattamento","Vemurafenib 2uM ; treatment=Vemurafenib","Vehicle Control ; treatment=Vehicle Control"
"cgroup_L5_702a5dea","GSE146096",FALSE,FALSE,"trattamento","Trametinib 100nM ; treatment=Trametinib","Vehicle Control ; treatment=Vehicle Control"
"cgroup_L5_8eca612e","GSE146096",FALSE,FALSE,"trattamento","Dabrafenib 2.5uM ; treatment=Dabrafenib","Vehicle Control ; treatment=Vehicle Control"
"cgroup_L5_16525349","GSE146096",FALSE,FALSE,"trattamento","Ponatinib 100nM ; treatment=Ponatinib","Vehicle Control ; treatment=Vehicle Control"
"cgroup_L5_8ac307e0","GSE146096",FALSE,FALSE,"trattamento","Cabozantinib 2uM ; treatment=Cabozantinib","Vehicle Control ; treatment=Vehicle Control"
"cgroup_L5_16525349","GSE146096",FALSE,FALSE,"trattamento","Ponatinib 100nM ; treatment=Ponatinib","Vehicle Control ; treatment=Vehicle Control"
"cgroup_L5_fd0c6a79","GSE146096",FALSE,FALSE,"trattamento","Regorafenib 1uM ; treatment=Regorafenib","Vehicle Control ; treatment=Vehicle Control"
"cgroup_L5_16525349","GSE146096",FALSE,FALSE,"trattamento","Ponatinib 100nM ; treatment=Ponatinib","Vehicle Control ; treatment=Vehicle Control"
"cgroup_L5_fd0c6a79","GSE146096",FALSE,FALSE,"trattamento","Regorafenib 1uM ; treatment=Regorafenib","Vehicle Control ; treatment=Vehicle Control"
"cgroup_L5_8eca612e","GSE146096",FALSE,FALSE,"trattamento","Dabrafenib 2.5uM ; treatment=Dabrafenib","Vehicle Control ; treatment=Vehicle Control"
"cgroup_L5_fd0c6a79","GSE146096",FALSE,FALSE,"trattamento","Regorafenib 1uM ; treatment=Regorafenib","Vehicle Control ; treatment=Vehicle Control"
"cgroup_L5_fd0c6a79","GSE146096",FALSE,FALSE,"trattamento","Regorafenib 1uM ; treatment=Regorafenib","Vehicle Control ; treatment=Vehicle Control"
"cgroup_L5_8ac307e0","GSE146096",FALSE,FALSE,"trattamento","Cabozantinib 2uM ; treatment=Cabozantinib","Vehicle Control ; treatment=Vehicle Control"
"cgroup_L5_16525349","GSE146096",FALSE,FALSE,"trattamento","Ponatinib 100nM ; treatment=Ponatinib","Vehicle Control ; treatment=Vehicle Control"
"cgroup_L5_fd0c6a79","GSE146096",FALSE,FALSE,"trattamento","Regorafenib 1uM ; treatment=Regorafenib","Vehicle Control ; treatment=Vehicle Control"
"cgroup_L5_702a5dea","GSE146096",FALSE,FALSE,"trattamento","Trametinib 100nM ; treatment=Trametinib","Vehicle Control ; treatment=Vehicle Control"
"cgroup_L5_8eca612e","GSE146096",FALSE,FALSE,"trattamento","Dabrafenib 2.5uM ; treatment=Dabrafenib","Vehicle Control ; treatment=Vehicle Control"
"cgroup_L5_702a5dea","GSE146096",FALSE,FALSE,"trattamento","Trametinib 100nM ; treatment=Trametinib","Vehicle Control ; treatment=Vehicle Control"
"cgroup_L5_03b38818","GSE146096",FALSE,FALSE,"trattamento","Vemurafenib 2uM ; treatment=Vemurafenib","Vehicle Control ; treatment=Vehicle Control"
"cgroup_L5_702a5dea","GSE146096",FALSE,FALSE,"trattamento","Trametinib 100nM ; treatment=Trametinib","Vehicle Control ; treatment=Vehicle Control"
"cgroup_L5_16525349","GSE146096",FALSE,FALSE,"trattamento","Ponatinib 100nM ; treatment=Ponatinib","Vehicle Control ; treatment=Vehicle Control"
"cgroup_L5_8eca612e","GSE146096",FALSE,FALSE,"trattamento","Dabrafenib 2.5uM ; treatment=Dabrafenib","Vehicle Control ; treatment=Vehicle Control"
"cgroup_L5_8eca612e","GSE146096",FALSE,FALSE,"trattamento","Dabrafenib 2.5uM ; treatment=Dabrafenib","Vehicle Control ; treatment=Vehicle Control"
"cgroup_L5_8eca612e","GSE146096",FALSE,FALSE,"trattamento","Dabrafenib 2.5uM ; treatment=Dabrafenib","Vehicle Control ; treatment=Vehicle Control"
"cgroup_L5_16525349","GSE146096",FALSE,FALSE,"trattamento","Ponatinib 100nM ; treatment=Ponatinib","Vehicle Control ; treatment=Vehicle Control"
"cgroup_L5_8ac307e0","GSE146096",FALSE,FALSE,"trattamento","Cabozantinib 2uM ; treatment=Cabozantinib","Vehicle Control ; treatment=Vehicle Control"
"cgroup_L5_8ac307e0","GSE146096",FALSE,FALSE,"trattamento","Cabozantinib 2uM ; treatment=Cabozantinib","Vehicle Control ; treatment=Vehicle Control"
"cgroup_L5_8ac307e0","GSE146096",FALSE,FALSE,"trattamento","Cabozantinib 2uM ; treatment=Cabozantinib","Vehicle Control ; treatment=Vehicle Control"
"cgroup_L5_a4029927","GSE146096",FALSE,FALSE,"trattamento","Afatinib 50nM ; treatment=Afatinib","Vehicle Control ; treatment=Vehicle Control"
"cgroup_L5_a4029927","GSE146096",FALSE,FALSE,"trattamento","Afatinib 50nM ; treatment=Afatinib","Vehicle Control ; treatment=Vehicle Control"
"cgroup_L5_a4029927","GSE146096",FALSE,FALSE,"trattamento","Afatinib 50nM ; treatment=Afatinib","Vehicle Control ; treatment=Vehicle Control"
"cgroup_L5_a4029927","GSE146096",FALSE,FALSE,"trattamento","Afatinib 50nM ; treatment=Afatinib","Vehicle Control ; treatment=Vehicle Control"
"cgroup_L5_8ac307e0","GSE146096",FALSE,FALSE,"trattamento","Cabozantinib 2uM ; treatment=Cabozantinib","Vehicle Control ; treatment=Vehicle Control"
"cgroup_L5_8ac307e0","GSE146096",FALSE,FALSE,"trattamento","Cabozantinib 2uM ; treatment=Cabozantinib","Vehicle Control ; treatment=Vehicle Control"
"cgroup_L5_702a5dea","GSE146096",FALSE,FALSE,"trattamento","Trametinib 100nM ; treatment=Trametinib","Vehicle Control ; treatment=Vehicle Control"
"cgroup_L5_702a5dea","GSE146096",FALSE,FALSE,"trattamento","Trametinib 100nM ; treatment=Trametinib","Vehicle Control ; treatment=Vehicle Control"
"cgroup_L5_ae11259e","GSE146096",FALSE,FALSE,"trattamento","Tofacitinib 1uM ; treatment=Tofacitinib","Vehicle Control ; treatment=Vehicle Control"
"cgroup_L5_6df6a50e","GSE146096",FALSE,FALSE,"trattamento","Sorafenib 1uM ; treatment=Sorafenib","Vehicle Control ; treatment=Vehicle Control"
"cgroup_L5_004d293d","GSE146096",FALSE,FALSE,"trattamento","Lapatinib 2uM ; treatment=Lapatinib","Vehicle Control ; treatment=Vehicle Control"
"cgroup_L5_c0d1d837","GSE146402",FALSE,FALSE,"trattamento","Enza-treated PDX ; treatment=Enza ; cell_context=Prostate Cancer Patient Deriv","Control PDX ; treatment=Control ; cell_context=Prost"
"cgroup_L5_c0d1d837","GSE146402",FALSE,FALSE,"trattamento","Enzalutamide-treated PDX ; treatment=Enzalutamide ; cell_context=Prostate Canc","Control PDX ; treatment=Control ; cell_context=Prost"
"cgroup_L5_17b35bdc","GSE146402",FALSE,FALSE,"trattamento","Docetaxel-treated PDX ; treatment=Docetaxel ; cell_context=Prostate Cancer Pat","Control PDX ; treatment=Control ; cell_context=Prost"
"cgroup_L5_021e875e","GSE146402",FALSE,FALSE,"trattamento","Cisplatin-treated PDX ; treatment=Cisplatin ; cell_context=Prostate Cancer Pat","Control PDX ; treatment=Control ; cell_context=Prost"
"cgroup_L5_3668c2c2","GSE146438",FALSE,FALSE,"trattamento","CD8 cells activated in the absence of IL-10 ; cell_type=CD8 cell ; treatment=I","CD8 cells vehicle control ; cell_type=CD8 cell ; tre"
"cgroup_L5_eedd08cb","GSE146547",TRUE,TRUE,"contesto","A549 cells transfected with siRNA pool against IGF2BP1 (lung cancer) ; perturb","A549 cells transfected with Control siRNA ; perturba"
"cgroup_L5_eedd08cb","GSE146802",TRUE,TRUE,"contesto","siRNA pool against IGF2BP1 ; treatment=siRNA pool against IGF2BP1 ; cell_line=","Control siRNA (disease model) ; treatment=Control si"
"cgroup_L5_eedd08cb","GSE146805",TRUE,TRUE,"contesto","siRNA pool against IGF2BP1 ; treatment=siRNA pool against IGF2BP1","Control siRNA ; treatment=Control siRNA"
"cgroup_L5_601ede7b","GSE146850",FALSE,FALSE,"trattamento","H1975-OR Osimertinib 4b ; Treatment=Osimertinib ; Cell Line=H1975-OR","H1975-OR Vehicle ; Treatment=Vehicle ; Cell Line=H19"
"cgroup_L5_601ede7b","GSE146850",FALSE,FALSE,"trattamento","H1975-OR Osimertinib 4c ; Treatment=Osimertinib ; Cell Line=H1975-OR","H1975-OR Vehicle ; Treatment=Vehicle ; Cell Line=H19"
"cgroup_L5_601ede7b","GSE146850",FALSE,FALSE,"trattamento","H1975-OR Osimertinib 4a ; Treatment=Osimertinib ; Cell Line=H1975-OR","H1975-OR Vehicle ; Treatment=Vehicle ; Cell Line=H19"
"cgroup_L5_2ec87595","GSE146982",TRUE,TRUE,"contesto","A549 Vector Control Metformin ; cell_line=A549 ; treatment=metformin","A549 Vector Control ; cell_line=A549 ; treatment=vec"
"cgroup_L5_dde29fb4","GSE147012",FALSE,FALSE,"trattamento","H2O2-treated Retinal Epithelium Cells (Replicate 1) ; treatment=H2O2 ; cell_li","Untreated Retinal Epithelium Cells (Replicates 1-2) "
"cgroup_L5_dde29fb4","GSE147012",FALSE,FALSE,"trattamento","H2O2-treated Retinal Epithelium Cells (Replicate 2) ; treatment=H2O2 ; cell_li","Untreated Retinal Epithelium Cells (Replicates 1-2) "
"cgroup_L5_b32ab7f6","GSE147045",FALSE,FALSE,"trattamento","Intestinal Epithelial Cells (IEC) treated with IL17 ; treatment=IL17 ; cell_ty","Intestinal Epithelial Cells (IEC) treated with Mediu"
"cgroup_L5_d9e23e09","GSE147045",FALSE,FALSE,"trattamento","Intestinal Epithelial Cells (IEC) treated with TNF ; treatment=TNF ; cell_type","Intestinal Epithelial Cells (IEC) treated with Mediu"
"cgroup_L5_b32ab7f6","GSE147045",FALSE,FALSE,"trattamento","Intestinal Epithelial Cells (IEC) treated with IL17 ; treatment=IL17 ; cell_ty","Intestinal Epithelial Cells (IEC) treated with Mediu"
"cgroup_L5_8c9339f5","GSE147093",FALSE,FALSE,"trattamento","Zika-exposed HepG2 cells ; treatment=zika ; cell_type=HepG2 ; passage=12-15","Mock-treated HepG2 cells ; treatment=mock ; cell_typ"
"cgroup_L5_dd2a1a58","GSE147236",FALSE,FALSE,"trattamento","Heart Failure (Left Ventrice Tissue) ; disease_state=Heart Failure ; cell_cont","Healthy (Left Ventrice Tissue) ; disease_state=Healt"
"cgroup_L5_dd2a1a58","GSE147236",FALSE,FALSE,"trattamento","Heart Failure (Left Ventrice Tissue) ; disease_state=Heart Failure ; cell_cont","Healthy (Left Ventrice Tissue) ; disease_state=Healt"
"cgroup_L5_dd2a1a58","GSE147236",FALSE,FALSE,"trattamento","Heart Failure (Left Ventrice Tissue) ; disease_state=Heart Failure ; cell_cont","Healthy (Left Ventrice Tissue) ; disease_state=Healt"
"cgroup_L5_dd2a1a58","GSE147236",FALSE,FALSE,"trattamento","Heart Failure (Left Ventrice Tissue) ; disease_state=Heart Failure ; cell_cont","Healthy (Left Ventrice Tissue) ; disease_state=Healt"
"cgroup_L5_c0d1d837","GSE147250",FALSE,FALSE,"trattamento","LNCaP Enzalutamide Treated ; treatment=Enzalutamide ; cell_line=LNCaP","LNCaP EtOH Vehicle Control ; treatment=Vehicle ; cel"
"cgroup_L5_c0d1d837","GSE147250",FALSE,FALSE,"trattamento","LNCaP Enzalutamide Treated ; treatment=Enzalutamide ; cell_line=LNCaP","LNCaP DMSO Vehicle Control ; treatment=Vehicle ; cel"
"cgroup_L5_c0d1d837","GSE147250",TRUE,TRUE,"contesto","LNCaP-RB1/TP53 Double Knockout Enzalutamide Treated ; treatment=Enzalutamide ;","LNCaP-RB1/TP53 Double Knockout Vehicle Control ; tre"
"cgroup_L5_0e66597e","GSE147283",TRUE,TRUE,"contesto","Fulvestrant ; treatment=fulvestrant ; genetic_knockdown=non-targeting","Control (DMSO) ; treatment=DMSO ; genetic_knockdown="
"cgroup_L5_0e66597e","GSE147283",TRUE,TRUE,"contesto","Fulvestrant with shARD ; treatment=fulvestrant ; genetic_knockdown=ARID1A","Control (DMSO) with shARD ; treatment=DMSO ; genetic"
"cgroup_L5_3824dc37","GSE147304",FALSE,FALSE,"trattamento","Liver Tissue with NASH ; disease_state=NASH","Healthy Liver Tissue ; disease_state=none"
"cgroup_L5_3824dc37","GSE147304",FALSE,FALSE,"trattamento","Liver Tissue with NASH ; disease_state=NASH","Control Liver Tissue ; disease_state=none"
"cgroup_L5_4b901bf1","GSE147339",FALSE,FALSE,"trattamento","Psoriasis patients ; disease_state=psoriasis","Healthy controls ; disease_state=control"
"cgroup_L5_3b91a21d","GSE147493",FALSE,FALSE,"trattamento","M1 oligo Metastasis ; disease_state=M1 oligo ; condition=Metastasis","M0 oligo ; disease_state=M0 oligo"
"cgroup_L5_35d1be10","GSE147699",FALSE,FALSE,"trattamento","MCF10A WTp53 cDNA insert Nutlin-3a ; treatment=Nutlin-3a ; p53_modification=WT","MCF10A WTp53 cDNA insert DMSO ; treatment=DMSO ; p53"
"cgroup_L5_35d1be10","GSE147699",FALSE,FALSE,"trattamento","MCF10A full length p53 tethered to full length p53 cDNA followed IRES expresse","MCF10A full length p53 tethered to full length p53 c"
"cgroup_L5_35d1be10","GSE147699",FALSE,FALSE,"trattamento","MCF10A WTp53 cDNA insert Nutlin-3a ; treatment=Nutlin-3a ; p53_modification=WT","MCF10A WTp53 cDNA insert DMSO ; treatment=DMSO ; p53"
"cgroup_L5_35d1be10","GSE147699",FALSE,FALSE,"trattamento","MCF10A WTp53 cDNA insert Nutlin-3a ; treatment=Nutlin-3a ; p53_modification=WT","MCF10A WTp53 cDNA insert DMSO ; treatment=DMSO ; p53"
"cgroup_L5_35d1be10","GSE147699",FALSE,FALSE,"trattamento","MCF10A full length p53 tethered to full length p53 cDNA followed IRES expresse","MCF10A full length p53 tethered to full length p53 c"
"cgroup_L5_35d1be10","GSE147701",FALSE,FALSE,"trattamento","MCF10A WTp53 cDNA insert Nutlin-3a ; p53 modification=WTp53 cDNA insert ; trea","MCF10A WTp53 cDNA insert DMSO ; p53 modification=WTp"
"cgroup_L5_35d1be10","GSE147701",FALSE,FALSE,"trattamento","MCF10A full length p53 tethered to full length p53 cDNA Nutlin-3a ; p53 modifi","MCF10A full length p53 tethered to full length p53 c"
"cgroup_L5_3b91a21d","GSE147738",FALSE,FALSE,"trattamento","Liver Metastasis ; tissue_type=liver ; disease_status=metastasis","Normal Liver Tissue ; tissue_type=liver ; disease_st"
"cgroup_L5_a3f0c959","GSE147815",FALSE,FALSE,"trattamento","PeTa cells treated with GSK-LSD1 for 6 days ; treatment=GSK-LSD1 ; duration=6d","PeTa cells treated with DMSO for 6 days ; treatment="
"cgroup_L5_a3f0c959","GSE147815",FALSE,FALSE,"trattamento","PeTa cells treated with GSK-LSD1 for 24 hours ; treatment=GSK-LSD1 ; duration=","PeTa cells treated with DMSO for 24 hours ; treatmen"
"cgroup_L5_a3f0c959","GSE147816",FALSE,FALSE,"trattamento","PeTa, GSK-LSD1, 100 nM, 1h ; cell_line=PeTa ; treatment=GSK-LSD1","PeTa, DMSO, 60 min ; cell_line=PeTa ; treatment=DMSO"
"cgroup_L5_a3f0c959","GSE147816",FALSE,FALSE,"trattamento","PeTa, GSK-LSD1, 100 nM, 6h ; cell_line=PeTa ; treatment=GSK-LSD1","PeTa, DMSO, 6h ; cell_line=PeTa ; treatment=DMSO"
"cgroup_L5_c0d1d837","GSE147876",FALSE,FALSE,"trattamento","LNCaP Enzalutamide Treated ; cell_line=LNCaP ; treatment=Enzalutamide","LNCaP Vehicle Control ; cell_line=LNCaP ; treatment="
"cgroup_L5_c0d1d837","GSE147876",FALSE,FALSE,"trattamento","MR42D Enzalutamide Treated ; cell_line=MR42D ; treatment=Enzalutamide","MR42D Vehicle Control ; cell_line=MR42D ; treatment="
"cgroup_L5_c0d1d837","GSE147876",FALSE,FALSE,"trattamento","MR42F Enzalutamide Treated ; cell_line=MR42F ; treatment=Enzalutamide","MR42F Vehicle Control ; cell_line=MR42F ; treatment="
"cgroup_L5_c0d1d837","GSE147876",FALSE,FALSE,"trattamento","MR42F Enzalutamide Treated ; cell_line=MR42F ; treatment=Enzalutamide","MR42F Vehicle Control ; cell_line=MR42F ; treatment="
"cgroup_L5_c0d1d837","GSE147876",FALSE,FALSE,"trattamento","Prostate Carcinoma Cell Line Castration-Resistant Enzalutamide Treated ; cell_","Prostate Carcinoma Cell Line Castration-Resistant Ve"
"cgroup_L5_93068469","GSE148069",FALSE,FALSE,"trattamento","H9 azacitidine 50 nM ; cell_line=H9 ; treatment=azacitidine ; dose=50 nM","H9 vehicle ; cell_line=H9 ; treatment=vehicle_only"
"cgroup_L5_93068469","GSE148069",FALSE,FALSE,"trattamento","H9 azacitidine 125 nM ; cell_line=H9 ; treatment=azacitidine ; dose=125 nM","H9 vehicle ; cell_line=H9 ; treatment=vehicle_only"
"cgroup_L5_93068469","GSE148069",FALSE,FALSE,"trattamento","H9 azacitidine 250 nM ; cell_line=H9 ; treatment=azacitidine ; dose=250 nM","H9 vehicle ; cell_line=H9 ; treatment=vehicle_only"
"cgroup_L5_d2c64672","GSE148069",FALSE,FALSE,"trattamento","H9 romidepsin 1 nM ; cell_line=H9 ; treatment=romidepsin ; dose=1 nM","H9 vehicle ; cell_line=H9 ; treatment=vehicle_only"
"cgroup_L5_93068469","GSE148069",FALSE,FALSE,"trattamento","HH azacitidine 50 nM ; cell_line=HH ; treatment=azacitidine ; dose=50 nM","HH untreated ; cell_line=HH ; treatment=untreated"
"cgroup_L5_93068469","GSE148069",FALSE,FALSE,"trattamento","HH azacitidine 125 nM ; cell_line=HH ; treatment=azacitidine ; dose=125 nM","HH untreated ; cell_line=HH ; treatment=untreated"
"cgroup_L5_d2c64672","GSE148069",FALSE,FALSE,"trattamento","HH romidepsin 1 nM ; cell_line=HH ; treatment=romidepsin ; dose=1 nM","HH untreated ; cell_line=HH ; treatment=untreated"
"cgroup_L5_93068469","GSE148069",FALSE,FALSE,"trattamento","HH azacitidine 250 nM ; cell_line=HH ; treatment=azacitidine ; dose=250 nM","HH untreated ; cell_line=HH ; treatment=untreated"
"cgroup_L5_b2affd22","GSE148241",FALSE,FALSE,"trattamento","EOSPE Placenta (Replicates 1-2) ; disease_state=early-onset severe preeclampsi","Normal Placenta ; disease_state=normal ; cell_contex"
"cgroup_L5_b2affd22","GSE148241",FALSE,FALSE,"trattamento","PHPR26 ; disease_state=early-onset severe preeclampsia (EOSPE) ; cell_context=","Normal Placenta ; disease_state=normal ; cell_contex"
"cgroup_L5_b2affd22","GSE148241",FALSE,FALSE,"trattamento","PHPR30 ; disease_state=early-onset severe preeclampsia (EOSPE) ; cell_context=","Normal Placenta ; disease_state=normal ; cell_contex"
"cgroup_L5_b2affd22","GSE148241",FALSE,FALSE,"trattamento","PHPR32 ; disease_state=early-onset severe preeclampsia (EOSPE) ; cell_context=","Normal Placenta ; disease_state=normal ; cell_contex"
"cgroup_L5_d411c435","GSE148342",FALSE,FALSE,"trattamento","Tunicamycin 0.14 uM ; treatment=tunicamycin","Control ; treatment=none"
"cgroup_L5_35d1be10","GSE148342",FALSE,FALSE,"trattamento","Nutlin-3a 2.5 uM ; treatment=nutlin-3a","Control ; treatment=none"
"cgroup_L5_b6b8bc00","GSE148342",FALSE,FALSE,"trattamento","Palbociclib 7 uM ; treatment=palbociclib","Control ; treatment=none"
"cgroup_L5_b71a25a2","GSE148395",FALSE,FALSE,"trattamento","RA + JQ1 ; disease_state=Rheumatoid arthritis ; treatment=JQ1","RA + DMSO ; disease_state=Rheumatoid arthritis ; tre"
"cgroup_L5_8ac307e0","GSE148538",FALSE,FALSE,"trattamento","LuCaP 93 PDX tumor treated with Cabozantinib ; treatment=Cabozantinib ; cell_c","Prostate cancer untreated ; treatment=untreated ; ce"
"cgroup_L5_8ac307e0","GSE148538",FALSE,FALSE,"trattamento","LuCaP 93 PDX treated with Cabozantinib ; treatment=Cabozantinib ; cell_context","Prostate cancer untreated ; treatment=untreated ; ce"
"cgroup_L5_8ac307e0","GSE148538",FALSE,FALSE,"trattamento","Prostate cancer treated with Cabozantinib ; treatment=Cabozantinib ; cell_cont","Prostate cancer untreated ; treatment=untreated ; ce"
"cgroup_L5_d53bf74e","GSE148656",FALSE,FALSE,"trattamento","FL Patient Double Negative Cells ; disease_state=follicular_lymphoma ; cell_ty","Healthy Donor Double Negative Cells ; disease_state="
"cgroup_L5_d53bf74e","GSE148656",FALSE,FALSE,"trattamento","FL Patient Fibroblastic Reticular Cells CD49a+ ; disease_state=follicular_lymp","Healthy Donor Fibroblastic Reticular Cells CD49a+ ; "
"cgroup_L5_d53bf74e","GSE148656",FALSE,FALSE,"trattamento","FL Patient Follicular Dendritic Cells ; disease_state=follicular_lymphoma ; ce","Healthy Donor Follicular Dendritic Cells ; disease_s"
"cgroup_L5_871ae09e","GSE148696",FALSE,FALSE,"trattamento","SARS-CoV-2 infected Hesc cells ; infection_status=SARS-CoV-2","Mock infected Hesc cells ; infection_status=mock inf"
"cgroup_L5_871ae09e","GSE148697",FALSE,FALSE,"trattamento","SARS-CoV-2-infected Hesc cells ; treatment=sars-Cov2 ; cell_type=Hesc cells ; ","Mock-treated Hesc cells ; treatment=mock ; cell_type"
"cgroup_L5_2e16719f","GSE148767",FALSE,FALSE,"trattamento","M010817 TGF-β 48h ; cell_line=M010817 ; treatment=TGF-β","M010817 control ; cell_line=M010817 ; treatment=cont"
"cgroup_L5_2e16719f","GSE148767",FALSE,FALSE,"trattamento","M010817 TGF-β 96h ; cell_line=M010817 ; treatment=TGF-β","M010817 control ; cell_line=M010817 ; treatment=cont"
"cgroup_L5_2e16719f","GSE148767",FALSE,FALSE,"trattamento","M010817 TGF-β 96h (duplicate) ; cell_line=M010817 ; treatment=TGF-β","M010817 control ; cell_line=M010817 ; treatment=cont"
"cgroup_L5_2e16719f","GSE148767",FALSE,FALSE,"trattamento","M921 TGF-β 48h ; cell_line=M921 ; treatment=TGF-β","M921 control ; cell_line=M921 ; treatment=control"
"cgroup_L5_2e16719f","GSE148767",FALSE,FALSE,"trattamento","M921 TGF-β 48h (duplicate) ; cell_line=M921 ; treatment=TGF-β","M921 control ; cell_line=M921 ; treatment=control"
"cgroup_L5_930c8dcf","GSE148806",TRUE,TRUE,"contesto","R1-AD1 shCon DHT ; cell_line=R1-AD1 ; perturbation=shCon ; treatment=DHT","R1-AD1 shCon ethanol ; cell_line=R1-AD1 ; perturbati"
"cgroup_L5_930c8dcf","GSE148806",TRUE,TRUE,"contesto","R1-AD1 shKLF5-1 DHT ; cell_line=R1-AD1 ; perturbation=shKLF5-1 ; treatment=DHT","R1-AD1 shKLF5-1 ethanol ; cell_line=R1-AD1 ; perturb"
"cgroup_L5_930c8dcf","GSE148806",TRUE,TRUE,"contesto","R1-AD1 shKLF5-2 DHT ; cell_line=R1-AD1 ; perturbation=shKLF5-2 ; treatment=DHT","R1-AD1 shKLF5-2 ethanol ; cell_line=R1-AD1 ; perturb"
"cgroup_L5_930c8dcf","GSE148806",TRUE,TRUE,"contesto","R1-AD1 shKLF5-2 DHT ; cell_line=R1-AD1 ; perturbation=shKLF5-2 ; treatment=DHT","R1-AD1 shKLF5-2 ethanol ; cell_line=R1-AD1 ; perturb"
"cgroup_L5_f34ff8df","GSE148842",FALSE,FALSE,"trattamento","etoposide (frontal lobe) ; treatment=etoposide ; tissue_segment=frontal lobe","DMSO (frontal lobe) ; treatment=DMSO ; tissue_segmen"
"cgroup_L5_f34ff8df","GSE148842",FALSE,FALSE,"trattamento","etoposide (right parietal) ; treatment=etoposide ; tissue_segment=right pariet","DMSO (right parietal) ; treatment=DMSO ; tissue_segm"
"cgroup_L5_7934174c","GSE148842",FALSE,FALSE,"trattamento","Tazemetostat (right parietal) ; treatment=Tazemetostat ; tissue_segment=right ","DMSO (right parietal) ; treatment=DMSO ; tissue_segm"
"cgroup_L5_f34ff8df","GSE148842",FALSE,FALSE,"trattamento","etoposide (right temporal) ; treatment=etoposide ; tissue_segment=right tempor","DMSO (right temporal) ; treatment=DMSO ; tissue_segm"
"cgroup_L5_f34ff8df","GSE148842",FALSE,FALSE,"trattamento","etoposide (splenial extension into left parietal) ; treatment=etoposide ; tiss","DMSO (splenial extension into left parietal) ; treat"
"cgroup_L5_a3c3e08c","GSE148862",FALSE,FALSE,"trattamento","Lung cancer patients ; disease_state=Lung cancer","Healthy controls ; disease_state=Healthy control"
"cgroup_L5_455fe91d","GSE148919",FALSE,FALSE,"trattamento","HSC4 + DAPT ; treatment=DAPT ; cell_line=HSC4","HSC4 + control ; treatment=control ; cell_line=HSC4"
"cgroup_L5_469db990","GSE148985",FALSE,FALSE,"trattamento","Human keratinocytes treated with NaHS (0.25 mM) ; treatment=NaHS ; dose=0.25 m","Untreated human keratinocytes ; treatment=untreated "
"cgroup_L5_469db990","GSE148985",FALSE,FALSE,"trattamento","Human keratinocytes treated with NaHS (0.25 mM) - replicate ; treatment=NaHS ;","Untreated human keratinocytes ; treatment=untreated "
"cgroup_L5_469db990","GSE148985",FALSE,FALSE,"trattamento","Human keratinocytes treated with NaHS (0.25 mM) - epidermal cell sheets ; trea","Untreated human keratinocytes - replicate ; treatmen"
"cgroup_L5_d9e23e09","GSE148987",TRUE,TRUE,"contesto","HLMVECs + TNF ; treatment=TNF ; genetic_knockdown=shMfn2 RNA","HLMVECs + DMSO ; treatment=DMSO ; genetic_knockdown="
"cgroup_L5_83f57274","GSE149132",FALSE,FALSE,"trattamento","T47D Hypoxia ; oxygen_level=hypoxia","T47D Control Normoxia ; oxygen_level=normoxia"
"cgroup_L5_c548d053","GSE149141",FALSE,FALSE,"trattamento","LPS treated MCF-10A ; treatment=LPS","Untreated MCF-10A ; treatment=none"
"cgroup_L5_2ab433c8","GSE149262",FALSE,FALSE,"trattamento","DLD-1 KRAS WT IL-22 10ng/mL 2h ; treatment=IL-22 ; KRAS_status=KRAS WT","DLD-1 KRAS WT untreated 2h ; treatment=untreated ; K"
"cgroup_L5_2ab433c8","GSE149262",FALSE,FALSE,"trattamento","DLD-1 KRAS WT IL-22 10ng/mL 24h ; treatment=IL-22 ; KRAS_status=KRAS WT","DLD-1 KRAS WT untreated 24h ; treatment=untreated ; "
"cgroup_L5_a25d0964","GSE149262",FALSE,FALSE,"trattamento","DLD-1 KRAS WT IL-6 10ng/mL 2h ; treatment=IL-6 ; KRAS_status=KRAS WT","DLD-1 KRAS WT untreated 2h ; treatment=untreated ; K"
"cgroup_L5_a25d0964","GSE149262",FALSE,FALSE,"trattamento","DLD-1 KRAS WT IL-6 10ng/mL 24h ; treatment=IL-6 ; KRAS_status=KRAS WT","DLD-1 KRAS WT untreated 24h ; treatment=untreated ; "
"cgroup_L5_dc7451b1","GSE149280",FALSE,FALSE,"trattamento","WM989 melanoma + EPZ5676 ; treatment=EPZ5676 ; cell_type=WM989 ; tissue=melano","WM989 melanoma + DMSO ; treatment=DMSO ; cell_type=W"
"cgroup_L5_dc7451b1","GSE149280",FALSE,FALSE,"trattamento","WM989 melanoma + EPZ5676 ; treatment=EPZ5676 ; cell_type=WM989 ; tissue=melano","WM989 melanoma + DMSO ; treatment=DMSO ; cell_type=W"
"cgroup_L5_8341bee7","GSE149640",TRUE,TRUE,"contesto","HTR8/SVneo + progesterone + ethanol ; treatment=progesterone ; genetic_knockdo","HTR8/SVneo + ethanol ; treatment=ethanol ; genetic_k"
"cgroup_L5_dde29fb4","GSE150042",FALSE,FALSE,"trattamento","H2O2 ; treatment=H2O2","DMSO ; treatment=DMSO"
"cgroup_L5_2e16719f","GSE150042",FALSE,FALSE,"trattamento","TGF-β1 ; treatment=TGF-β1","DMSO ; treatment=DMSO"
"cgroup_L5_87c40ebb","GSE150300",FALSE,FALSE,"trattamento","549 IFN-gamma ; cell_line=549 ; treatment=IFN-gamma","549 Untreated ; cell_line=549 ; treatment=Untreated"
"cgroup_L5_87c40ebb","GSE150300",FALSE,FALSE,"trattamento","A375 IFN-gamma ; cell_line=A375 ; treatment=IFN-gamma","A375 Untreated ; cell_line=A375 ; treatment=Untreate"
"cgroup_L5_87c40ebb","GSE150300",FALSE,FALSE,"trattamento","A498 IFN-gamma ; cell_line=A498 ; treatment=IFN-gamma","A498 Untreated ; cell_line=A498 ; treatment=Untreate"
"cgroup_L5_87c40ebb","GSE150300",FALSE,FALSE,"trattamento","H1703 IFN-gamma ; cell_line=H1703 ; treatment=IFN-gamma","H1703 Untreated ; cell_line=H1703 ; treatment=Untrea"
"cgroup_L5_c040a36d","GSE150474",FALSE,FALSE,"trattamento","Renal cell carcinoma (kidney) ; disease_state=renal cell carcinoma ; tissue=ki","Normal kidney tissue ; disease_state=normal tissue ;"
"cgroup_L5_a12414d4","GSE150683",FALSE,FALSE,"trattamento","T47D cells treated with estradiol ; treatment=estradiol","T47D cells treated with vehicle ; treatment=vehicle"
"cgroup_L5_871ae09e","GSE150819",FALSE,FALSE,"trattamento","Human bronchial organoids, SARS-CoV-2 ; cell_context=human bronchial organoids","Human bronchial organoids, no treatment ; cell_conte"
"cgroup_L5_4b901bf1","GSE150851",FALSE,FALSE,"trattamento","Psoriasis Case Donor 7301 ; disease_state=psoriasis ; donor_id=7301","Healthy Control Donor 7360 ; disease_state=healthy ;"
"cgroup_L5_4b901bf1","GSE150851",FALSE,FALSE,"trattamento","Psoriasis Case Donor 7304 ; disease_state=psoriasis ; donor_id=7304","Healthy Control Donor 7360 ; disease_state=healthy ;"
"cgroup_L5_4b901bf1","GSE150851",FALSE,FALSE,"trattamento","Psoriasis Case Donor 7314 ; disease_state=psoriasis ; donor_id=7314","Healthy Control Donor 7360 ; disease_state=healthy ;"
"cgroup_L5_4b901bf1","GSE150851",FALSE,FALSE,"trattamento","Psoriasis Case Donor 7300 ; disease_state=psoriasis ; donor_id=7300","Healthy Control Donor 6532 ; disease_state=healthy ;"
"cgroup_L5_4b901bf1","GSE150851",FALSE,FALSE,"trattamento","Psoriasis Case Donor 7300 ; disease_state=psoriasis ; donor_id=7300","Healthy Control Donor 7350 ; disease_state=healthy ;"
"cgroup_L5_c548d053","GSE150893",FALSE,FALSE,"trattamento","iPSC-derived macrophage, LPS 10 ng/mL for 2 hours ; cell_source=human induced ","iPSC-derived macrophage, control untreated ; cell_so"
"cgroup_L5_c548d053","GSE150893",FALSE,FALSE,"trattamento","iPSC-derived macrophage, LPS 10 ng/mL for 18 hours followed by 2 hours ; cell_","iPSC-derived macrophage, control untreated ; cell_so"
"cgroup_L5_8ac307e0","GSE151003",FALSE,FALSE,"trattamento","K562 + cabozantinib ; treatment=cabozantinib ; cell_line=K562 ; time(hours)=48","K562 + DMSO ; treatment=DMSO ; cell_line=K562 ; time"
"cgroup_L5_3a0a595f","GSE151159",FALSE,FALSE,"trattamento","Dasatinib-treated (Donor E) ; treatment=dasatinib ; clinical_response=resistan","Untreated (Donor E) ; treatment=untreated ; clinical"
"cgroup_L5_3a0a595f","GSE151159",FALSE,FALSE,"trattamento","Dasatinib-treated (Donor A) ; treatment=dasatinib ; clinical_response=sensitiv","Untreated (Donor A) ; treatment=untreated ; clinical"
"cgroup_L5_3a0a595f","GSE151159",FALSE,FALSE,"trattamento","Dasatinib-treated (Donor 50) ; treatment=dasatinib ; clinical_response=resista","Untreated (Donor E) ; treatment=untreated ; clinical"
"cgroup_L5_3a0a595f","GSE151159",FALSE,FALSE,"trattamento","Dasatinib-treated (Donor 32) ; treatment=dasatinib ; clinical_response=sensiti","Untreated (Donor B) ; treatment=untreated ; clinical"
"cgroup_L5_cfad03a8","GSE151347",FALSE,FALSE,"trattamento","Hepatoblastoma ; disease_state=hepatoblastoma ; cell_type_or_line_raw=Hepatobl","N175 ; disease_state=normal ; cell_type_or_line_raw="
"cgroup_L5_cfad03a8","GSE151347",FALSE,FALSE,"trattamento","Hepatoblastoma ; disease_state=hepatoblastoma ; cell_type_or_line_raw=Hepatobl","N227 ; disease_state=normal ; cell_type_or_line_raw="
"cgroup_L5_cfad03a8","GSE151347",FALSE,FALSE,"trattamento","Hepatoblastoma ; disease_state=hepatoblastoma ; cell_type_or_line_raw=Hepatobl","N253 ; disease_state=normal ; cell_type_or_line_raw="
"cgroup_L5_cfad03a8","GSE151347",FALSE,FALSE,"trattamento","Hepatoblastoma ; disease_state=hepatoblastoma ; cell_type_or_line_raw=Hepatobl","N254 ; disease_state=normal ; cell_type_or_line_raw="
"cgroup_L5_cfad03a8","GSE151347",FALSE,FALSE,"trattamento","Hepatoblastoma ; disease_state=hepatoblastoma ; cell_type_or_line_raw=Hepatobl","N528 ; disease_state=normal ; cell_type_or_line_raw="
"cgroup_L5_cfad03a8","GSE151347",FALSE,FALSE,"trattamento","Hepatoblastoma ; disease_state=hepatoblastoma ; cell_type_or_line_raw=Hepatobl","N667 ; disease_state=normal ; cell_type_or_line_raw="
"cgroup_L5_cfad03a8","GSE151347",FALSE,FALSE,"trattamento","Hepatoblastoma ; disease_state=hepatoblastoma ; cell_type_or_line_raw=Hepatobl","N690 ; disease_state=normal ; cell_type_or_line_raw="
"cgroup_L5_cfad03a8","GSE151347",FALSE,FALSE,"trattamento","Hepatoblastoma ; disease_state=hepatoblastoma ; cell_type_or_line_raw=Hepatobl","N734 ; disease_state=normal ; cell_type_or_line_raw="
"cgroup_L5_cfad03a8","GSE151347",FALSE,FALSE,"trattamento","Hepatoblastoma ; disease_state=hepatoblastoma ; cell_type_or_line_raw=Hepatobl","N744 ; disease_state=normal ; cell_type_or_line_raw="
"cgroup_L5_cfad03a8","GSE151347",FALSE,FALSE,"trattamento","Hepatoblastoma ; disease_state=hepatoblastoma ; cell_type_or_line_raw=Hepatobl","N794 ; disease_state=normal ; cell_type_or_line_raw="
"cgroup_L5_cfad03a8","GSE151347",FALSE,FALSE,"trattamento","Hepatoblastoma ; disease_state=hepatoblastoma ; cell_type_or_line_raw=Hepatobl","N843 ; disease_state=normal ; cell_type_or_line_raw="
"cgroup_L5_a12414d4","GSE151392",TRUE,TRUE,"contesto","Patient 1, siCTRL, estradiol ; treatment=estradiol ; knockdown=siCTRL","Patient 1, siCTRL, vehicle ; treatment=vehicle ; kno"
"cgroup_L5_a12414d4","GSE151392",TRUE,TRUE,"contesto","Patient 1, siESR1, estradiol ; treatment=estradiol ; knockdown=siESR1","Patient 1, siESR1, vehicle ; treatment=vehicle ; kno"
"cgroup_L5_b0066299","GSE151464",FALSE,FALSE,"trattamento","Keloid ; disease_state=keloid","Normal Skin ; disease_state=normal"
"cgroup_L5_b32ab7f6","GSE151536",FALSE,FALSE,"trattamento","IL-17A Stimulated ; treatment=IL-17A ; cell_type=Treg","Normal Control 1 ; treatment=vehicle ; cell_type=Tre"
"cgroup_L5_b32ab7f6","GSE151536",FALSE,FALSE,"trattamento","IL-17A Stimulated 3 ; treatment=IL-17A ; cell_type=Treg","Normal Control 2 ; treatment=vehicle ; cell_type=Tre"
"cgroup_L5_b32ab7f6","GSE151536",FALSE,FALSE,"trattamento","IL-17A Stimulated 2 ; treatment=IL-17A ; cell_type=Treg","Normal Control 3 ; treatment=vehicle ; cell_type=Tre"
"cgroup_L5_83f57274","GSE151610",FALSE,FALSE,"trattamento","Hypoxia Only ; treatment=hypoxia ; genetic modification=none","Normoxia Only ; treatment=normoxia ; genetic modific"
"cgroup_L5_522e9ebd","GSE151631",FALSE,FALSE,"trattamento","Keratoconus ; disease_state=keratoconus","Healthy Control ; disease_state=healthy"
"cgroup_L5_99d7941a","GSE151680",FALSE,FALSE,"trattamento","U251TR temozolomide ; cell_line=U251TR ; treatment=temozolomide","U251MG untreated ; cell_line=U251MG ; treatment=none"
"cgroup_L5_99d7941a","GSE151680",FALSE,FALSE,"trattamento","U87TR temozolomide ; cell_line=U87TR ; treatment=temozolomide","U87MG untreated ; cell_line=U87MG ; treatment=none"
"cgroup_L5_1d96b9da","GSE151796",FALSE,FALSE,"trattamento","Intestinal organoid treated with poly(I:C) ; treatment=poly(I:C) ; organoid_ty","Intestinal organoid untreated ; treatment=untreated "
"cgroup_L5_c548d053","GSE151796",FALSE,FALSE,"trattamento","Intestinal organoid treated with LPS ; treatment=LPS ; organoid_type=intestine","Intestinal organoid untreated ; treatment=untreated "
"cgroup_L5_1d96b9da","GSE151796",FALSE,FALSE,"trattamento","Lung organoid treated with poly(I:C) ; treatment=poly(I:C) ; organoid_type=lun","Lung organoid untreated ; treatment=untreated ; orga"
"cgroup_L5_c548d053","GSE151796",FALSE,FALSE,"trattamento","Lung organoid treated with LPS ; treatment=LPS ; organoid_type=lung","Lung organoid untreated ; treatment=untreated ; orga"
"cgroup_L5_871ae09e","GSE151803",FALSE,FALSE,"trattamento","COVID-19 Lung 58L ; cell_context=COVID-19 Lung 58L ; perturbation=sars-Cov2","hESC Mock ; cell_context=hESC ; perturbation=Mock"
"cgroup_L5_871ae09e","GSE151803",FALSE,FALSE,"trattamento","COVID-19 Lung ; cell_context=COVID-19 Lung ; perturbation=sars-Cov2","hESC Mock ; cell_context=hESC ; perturbation=Mock"
"cgroup_L5_871ae09e","GSE151803",FALSE,FALSE,"trattamento","hESC sars-Cov2 ; cell_context=hESC ; perturbation=sars-Cov2","hESC Mock ; cell_context=hESC ; perturbation=Mock"
"cgroup_L5_871ae09e","GSE151803",FALSE,FALSE,"trattamento","Liver Organoid sars-Cov2 ; cell_context=Liver Organoid ; perturbation=sars-Cov","Liver Organoid Mock ; cell_context=Liver Organoid ; "
"cgroup_L5_d9e23e09","GSE151854",FALSE,FALSE,"trattamento","TNFα stimulated (50 ng/mL, 3h) in HUVECs from umbilical cord ; treatment=cytok","Untreated control ; treatment=vehicle_only ; agent=u"
"cgroup_L5_871ae09e","GSE151879",FALSE,FALSE,"trattamento","Adult human cardiomyocytes SARS-CoV-2 ; cell_context=Adult human cardiomyocyte","Adult human cardiomyocytes Mock ; cell_context=Adult"
"cgroup_L5_871ae09e","GSE151879",FALSE,FALSE,"trattamento","hESC-derived cardiomyocytes SARS-CoV-2 ; cell_context=hESC-derived cardiomyocy","hESC-derived cardiomyocytes Mock ; cell_context=hESC"
"cgroup_L5_871ae09e","GSE151879",FALSE,FALSE,"trattamento","Macrophages SARS-CoV-2 ; cell_context=Macrophages ; perturbation=SARS-CoV-2","Macrophages Mock ; cell_context=Macrophages ; pertur"
"cgroup_L5_f29dd3b3","GSE151897",FALSE,FALSE,"trattamento","Rheumatoid Arthritis Patient4 ; disease_state=Rheumatoid Arthritis ; cell_cont","Healthy Volunteer 1 ; disease_state=Healthy Voluntee"
"cgroup_L5_f51ff620","GSE152004",FALSE,FALSE,"trattamento","Asthmatic pooled ; disease_state=asthmatic","Healthy control ; disease_state=healthy"
"cgroup_L5_930c8dcf","GSE152246",FALSE,FALSE,"trattamento","DHT-treated PDX HCI-009 TNBC ; treatment=DHT ; cell_context.cell_type_or_line_","Vehicle-treated PDX HCI-009 TNBC ; treatment=vehicle"
"cgroup_L5_8b61f50b","GSE152360",FALSE,FALSE,"trattamento","MCF7 Tamoxifen 10nm 12h ; cell_line=MCF7 ; treatment=Tamoxifen","MCF7 Full Media ; cell_line=MCF7 ; treatment=Full Me"
"cgroup_L5_12228932","GSE152409",FALSE,FALSE,"trattamento","EGF 24h ; treatment=EGF ; time=24 h","PBS 24h ; treatment=PBS ; time=24 h"
"cgroup_L5_12228932","GSE152409",FALSE,FALSE,"trattamento","EGF 48h ; treatment=EGF ; time=48 h","PBS 48h ; treatment=PBS ; time=48 h"
"cgroup_L5_545a48c6","GSE152434",FALSE,FALSE,"trattamento","A549 ; cell_line=A549 ; disease_state=lung adenocarcinoma","BEAS-2B ; cell_line=BEAS-2B ; disease_state=normal"
"cgroup_L5_545a48c6","GSE152434",FALSE,FALSE,"trattamento","HCC827 ; cell_line=HCC827 ; disease_state=lung adenocarcinoma","BEAS-2B ; cell_line=BEAS-2B ; disease_state=normal"
"cgroup_L5_b32ab7f6","GSE152438",FALSE,FALSE,"trattamento","IL17 stimulated ; treatment=IL17 ; cell_type=iPSC-derived interneurons","Control delayed ; treatment=control ; cell_type=iPSC"
"cgroup_L5_b32ab7f6","GSE152438",FALSE,FALSE,"trattamento","IL17 stimulated ; treatment=IL17 ; cell_type=iPSC-derived interneurons","Normal control ; treatment=control ; cell_type=iPSC-"
"cgroup_L5_03b38818","GSE152699",FALSE,FALSE,"trattamento","A375s Vemurafenib ; cell_line=A375s ; treatment=Vemurafenib","A375s untreated ; cell_line=A375s ; treatment=untrea"
"cgroup_L5_03b38818","GSE152699",FALSE,FALSE,"trattamento","M14 Vemurafenib ; cell_line=M14 ; treatment=Vemurafenib","M14 untreated ; cell_line=M14 ; treatment=untreated"
"cgroup_L5_702a5dea","GSE152705",FALSE,FALSE,"trattamento","Mel202 + Trametinib ; cell_line=Mel202 ; treatment=Trametinib","Mel202 + DMSO ; cell_line=Mel202 ; treatment=DMSO"
"cgroup_L5_d9e23e09","GSE152755",FALSE,FALSE,"trattamento","3998MEL TNF ; cell_line=3998MEL ; treatment=TNF","3998MEL Untreated ; cell_line=3998MEL ; treatment=Un"
"cgroup_L5_87c40ebb","GSE152755",FALSE,FALSE,"trattamento","M257A2 IFNγ ; cell_line=M257A2 ; treatment=IFNγ","M257A2 Untreated ; cell_line=M257A2 ; treatment=Untr"
"cgroup_L5_d9e23e09","GSE152755",FALSE,FALSE,"trattamento","M257A2 TNF ; cell_line=M257A2 ; treatment=TNF","M257A2 Untreated ; cell_line=M257A2 ; treatment=Untr"
"cgroup_L5_87c40ebb","GSE152755",FALSE,FALSE,"trattamento","M370 IFNγ ; cell_line=M370 ; treatment=IFNγ","M370 Untreated ; cell_line=M370 ; treatment=Untreate"
"cgroup_L5_089ccae5","GSE152816",FALSE,FALSE,"trattamento","Bortezomib-treated Leukemia Cells (Sample 1) ; treatment=Bortezomib ; cell_typ","DMSO-treated Leukemia Cells ; treatment=DMSO ; cell_"
"cgroup_L5_089ccae5","GSE152816",FALSE,FALSE,"trattamento","Bortezomib-treated Leukemia Cells (Sample 2) ; treatment=Bortezomib ; cell_typ","DMSO-treated Leukemia Cells ; treatment=DMSO ; cell_"
"cgroup_L5_7805eee6","GSE153131",FALSE,FALSE,"trattamento","COVID-19 Lung ; disease_state=COVID-19 ; cell_type_or_line_raw=Lung","Healthy C55 ; disease_state=healthy ; cell_type_or_l"
"cgroup_L5_7805eee6","GSE153131",FALSE,FALSE,"trattamento","COVID-19 Lung ; disease_state=COVID-19 ; cell_type_or_line_raw=Lung","Healthy C56 ; disease_state=healthy ; cell_type_or_l"
"cgroup_L5_601ede7b","GSE153183",FALSE,FALSE,"trattamento","PC9 + Osimertinib ; treatment=Osimertinib ; cell_type_or_line_raw=PC9 ; tissue","PC9 + DMSO ; treatment=DMSO ; cell_type_or_line_raw="
"cgroup_L5_871ae09e","GSE153277",FALSE,FALSE,"trattamento","SARS-CoV-2 MOI 140 1dpi ; viral_infection=SARS-CoV-2_MOI_140_1dpi ; time=1 day","Control (CK+DCI) ; viral_infection=none ; time=basel"
"cgroup_L5_871ae09e","GSE153277",FALSE,FALSE,"trattamento","SARS-CoV-2 MOI 140 4days ; viral_infection=SARS-CoV-2_MOI_140_4days ; time=4 d","Control (CK+DCI) ; viral_infection=none ; time=basel"
"cgroup_L5_e294a3bc","GSE153303",FALSE,FALSE,"trattamento","DRB 10 ug/ml ; treatment=DRB 10 ug/ml","DMSO ; treatment=DMSO"
"cgroup_L5_e294a3bc","GSE153303",FALSE,FALSE,"trattamento","DRB 25 ug/ml ; treatment=DRB 25 ug/ml","DMSO ; treatment=DMSO"
"cgroup_L5_a32e5eaa","GSE153443",FALSE,FALSE,"trattamento","NCH1681_DAC_brain ; cell_line=NCH1681 ; treatment=DAC","NCH1681_DMSO ; cell_line=NCH1681 ; treatment=DMSO"
"cgroup_L5_6b7b8076","GSE153659",FALSE,FALSE,"trattamento","Papillary Thyroid Carcinoma (Age 40) ; disease_state=papillary thyroid carcino","Normal Thyroid Tissue (Age 40) ; disease_state=norma"
"cgroup_L5_6b7b8076","GSE153659",FALSE,FALSE,"trattamento","Papillary Thyroid Carcinoma (Age 44) ; disease_state=papillary thyroid carcino","Normal Thyroid Tissue (Age 40) ; disease_state=norma"
"cgroup_L5_6b7b8076","GSE153659",FALSE,FALSE,"trattamento","Papillary Thyroid Carcinoma (Age 35) ; disease_state=papillary thyroid carcino","Normal Thyroid Tissue (Age 40) ; disease_state=norma"
"cgroup_L5_6b7b8076","GSE153659",FALSE,FALSE,"trattamento","Papillary Thyroid Carcinoma (Age 55) ; disease_state=papillary thyroid carcino","Normal Thyroid Tissue (Age 40) ; disease_state=norma"
"cgroup_L5_6b7b8076","GSE153659",FALSE,FALSE,"trattamento","Papillary Thyroid Carcinoma (Age 45) ; disease_state=papillary thyroid carcino","Normal Thyroid Tissue (Age 40) ; disease_state=norma"
"cgroup_L5_6b7b8076","GSE153659",FALSE,FALSE,"trattamento","Papillary Thyroid Carcinoma (Age 54) ; disease_state=papillary thyroid carcino","Normal Thyroid Tissue (Age 40) ; disease_state=norma"
"cgroup_L5_bb8cb388","GSE153739",FALSE,FALSE,"trattamento","Ovarian and peritoneal endometriosis ; disease_state=Ovarian and peritoneal en","Healthy controls ; disease_state=Healthy"
"cgroup_L5_bb8cb388","GSE153739",FALSE,FALSE,"trattamento","Ovarian endometriosis ; disease_state=Ovarian endometriosis","Healthy controls ; disease_state=Healthy"
"cgroup_L5_bb8cb388","GSE153739",FALSE,FALSE,"trattamento","Peritoneal endometriosis ; disease_state=Peritoneal endometriosis","Healthy controls ; disease_state=Healthy"
"cgroup_L5_bb8cb388","GSE153740",FALSE,FALSE,"trattamento","Eutopic endometrium with Ovarian endometriosis ; disease_state=Ovarian endomet","Eutopic endometrium Healthy ; disease_state=Healthy"
"cgroup_L5_bb8cb388","GSE153740",FALSE,FALSE,"trattamento","Eutopic endometrium with Peritoneal endometriosis ; disease_state=Peritoneal e","Eutopic endometrium Healthy ; disease_state=Healthy"
"cgroup_L5_8ac307e0","GSE153853",FALSE,FALSE,"trattamento","Kasumi-1 cells treated with 100 nM cabozantinib for 24 hours ; treatment=caboz","Kasumi-1 cells treated with DMSO for 24 hours ; trea"
"cgroup_L5_8ac307e0","GSE153853",FALSE,FALSE,"trattamento","Kasumi-1 cells treated with 100 nM cabozantinib for 4 hours ; treatment=caboza","Kasumi-1 cells treated with DMSO for 4 hours ; treat"
"cgroup_L5_c5e86fe9","GSE153867",FALSE,FALSE,"trattamento","A2780 Olaparib ; Treatment=Olaparib ; Cell Line=A2780","A2780 Control ; Treatment=None ; Cell Line=A2780"
"cgroup_L5_c5e86fe9","GSE153867",FALSE,FALSE,"trattamento","A2780 Olaparib ; Treatment=Olaparib ; Cell Line=A2780","A2780 Vehicle ; Treatment=Vehicle ; Cell Line=A2780"
"cgroup_L5_0e66597e","GSE154058",FALSE,FALSE,"trattamento","Fulvestrant 30nM ; treatment=Fulvestrant ; dose=30nM","Untreated (DMSO)"
"cgroup_L5_0e66597e","GSE154058",FALSE,FALSE,"trattamento","Fulvestrant 300nM ; treatment=Fulvestrant ; dose=300nM","Untreated (DMSO)"
"cgroup_L5_8a54ddd6","GSE154101",FALSE,FALSE,"trattamento","Healthy Donor 1, Passage 2, Doxorubicin (0.5 µg/ml) ; treatment=Doxorubicin ; ","Healthy Donor 1, Passage 2, PBS/DMSO ; treatment=PBS"
"cgroup_L5_cf34c533","GSE154101",FALSE,FALSE,"trattamento","Healthy Donor 1, Passage 2, Nutlin-3 (10 µM) ; treatment=Nutlin-3 ; donor=heal","Healthy Donor 1, Passage 2, PBS/DMSO ; treatment=PBS"
"cgroup_L5_cf34c533","GSE154101",FALSE,FALSE,"trattamento","Healthy Donor 2, Passage 2, Nutlin-3 (10 µM) ; treatment=Nutlin-3 ; donor=heal","Healthy Donor 2, Passage 2, PBS/DMSO ; treatment=PBS"
"cgroup_L5_8a54ddd6","GSE154101",FALSE,FALSE,"trattamento","Healthy Donor 2, Passage 2, Doxorubicin (0.5 µg/ml) ; treatment=Doxorubicin ; ","Healthy Donor 2, Passage 2, PBS/DMSO ; treatment=PBS"
"cgroup_L5_cf34c533","GSE154118",FALSE,FALSE,"trattamento","Nutlin-3 treated PASMCs ; treatment=Nutlin-3 ; cell_type=PASMC ; passage=2 ; t","Vehicle control (PBS/DMSO) PASMCs ; treatment=PBS/DM"
"cgroup_L5_8a54ddd6","GSE154118",FALSE,FALSE,"trattamento","Doxorubicin treated PASMCs ; treatment=Doxorubicin ; cell_type=PASMC ; passage","Vehicle control (PBS/DMSO) PASMCs ; treatment=PBS/DM"
"cgroup_L5_83f57274","GSE154162",FALSE,FALSE,"trattamento","Hypoxia-treated nucleus pulposus cells ; oxygen_tension=hypoxia","Normoxia-treated nucleus pulposus cells ; oxygen_ten"
"cgroup_L5_7805eee6","GSE154311",FALSE,FALSE,"trattamento","CD16High COVID-19 ; disease_state=COVID-19 ; cell_type=CD16High","Normal Density Neutrophils Healthy ; disease_state=H"
"cgroup_L5_7805eee6","GSE154311",FALSE,FALSE,"trattamento","CD16Int COVID-19 ; disease_state=COVID-19 ; cell_type=CD16Int","Normal Density Neutrophils Healthy ; disease_state=H"
"cgroup_L5_5d97d5b1","GSE154339",FALSE,FALSE,"trattamento","DCVC 10 µM 6h SV40 T antigen ; Treatment=DCVC 10 µM 6h SV40 T antigen","No Treatment 6h ; Treatment=No Treatment 6h"
"cgroup_L5_5d97d5b1","GSE154339",FALSE,FALSE,"trattamento","DCVC 20 µM 6h SV40 T antigen ; Treatment=DCVC 20 µM 6h SV40 T antigen","No Treatment 6h ; Treatment=No Treatment 6h"
"cgroup_L5_729b276d","GSE154377",FALSE,FALSE,"trattamento","Gestational Diabetes Cord Blood Patient 1 ; disease_state=gestational_diabetes","Normal Pregnancy Cord Blood Patient 1 ; disease_stat"
"cgroup_L5_729b276d","GSE154414",FALSE,FALSE,"trattamento","Placental tissue from gestational diabetes mellitus patients ; disease_state=g","Healthy control placental tissue ; disease_state=hea"
"cgroup_L5_82f82010","GSE154556",FALSE,FALSE,"trattamento","Diabetic skin biopsy ; disease_state=diabetic","Normal skin biopsy ; disease_state=normal"
"cgroup_L5_2e16719f","GSE154646",FALSE,FALSE,"trattamento","SW480_TET2_TGFB1 ; cell_line=SW480 ; treatment=TGFB1","SW480_TET2_DMSO ; cell_line=SW480 ; treatment=DMSO"
"cgroup_L5_2e16719f","GSE154646",FALSE,FALSE,"trattamento","SW480_vector_TGFB1 ; cell_line=SW480 ; treatment=TGFB1","SW480_vector_DMSO ; cell_line=SW480 ; treatment=DMSO"
"cgroup_L5_2e16719f","GSE154646",FALSE,FALSE,"trattamento","SW620_TET2_TGFB1 ; cell_line=SW620 ; treatment=TGFB1","SW620_TET2_DMSO ; cell_line=SW620 ; treatment=DMSO"
"cgroup_L5_2e16719f","GSE154646",FALSE,FALSE,"trattamento","SW620_vector_TGFB1 ; cell_line=SW620 ; treatment=TGFB1","SW620_vector_DMSO ; cell_line=SW620 ; treatment=DMSO"
"cgroup_L5_844de383","GSE154926",FALSE,FALSE,"trattamento","Minor salivary glands (Primary Sjogren's syndrome) ; disease_state=primary Sjo","Minor salivary glands (Healthy volunteer) ; disease_"
"cgroup_L5_a8ff7b6d","GSE155000",FALSE,FALSE,"trattamento","BE2C + ATRA ; cell_line=BE2C ; treatment=ATRA","BE2C + DMSO ; cell_line=BE2C ; treatment=DMSO"
"cgroup_L5_a8ff7b6d","GSE155000",FALSE,FALSE,"trattamento","NBL-S + ATRA ; cell_line=NBL-S ; treatment=ATRA","NBL-S + DMSO ; cell_line=NBL-S ; treatment=DMSO"
"cgroup_L5_a8ff7b6d","GSE155000",FALSE,FALSE,"trattamento","NGP + ATRA ; cell_line=NGP ; treatment=ATRA","NGP + DMSO ; cell_line=NGP ; treatment=DMSO"
"cgroup_L5_b6b8bc00","GSE155001",TRUE,TRUE,"contesto","shHDAC5 + Palbociclib ; treatment=Palbociclib ; transgene=shHDAC5","shHDAC5 + DMSO ; treatment=DMSO ; transgene=shHDAC5"
"cgroup_L5_b6b8bc00","GSE155001",TRUE,TRUE,"contesto","shNC + Palbociclib (rep1) ; treatment=Palbociclib ; transgene=shNC","shNC + DMSO ; treatment=DMSO ; transgene=shNC"
"cgroup_L5_3973fe03","GSE155141",FALSE,FALSE,"trattamento","Non-lesional human skin, IL-1β stimulated ; disease_state=non-lesional ; pertu","Non-lesional human skin, no treatment ; disease_stat"
"cgroup_L5_3973fe03","GSE155141",FALSE,FALSE,"trattamento","Non-lesional human skin, IL-1β stimulated ; disease_state=non-lesional ; pertu","Non-lesional human skin, no treatment ; disease_stat"
"cgroup_L5_d7ad915e","GSE155180",FALSE,FALSE,"trattamento","Valproic Acid Treated (-) ; treatment=valproic acid ; duration=-","Vehicle Control ; treatment=vehicle"
"cgroup_L5_d7ad915e","GSE155180",FALSE,FALSE,"trattamento","Valproic Acid Treated (+) ; treatment=valproic acid ; duration=+","Vehicle Control ; treatment=vehicle"
"cgroup_L5_4753688f","GSE155272",FALSE,FALSE,"trattamento","EPCAM+ Human Microstructures R5020 M220 ; treatment=R5020 ; donor_id=M220","EPCAM+ Human Microstructures ETOH M220 ; treatment=E"
"cgroup_L5_a32e5eaa","GSE155336",FALSE,FALSE,"trattamento","Decitabine ; treatment=Decitabine","DMSO ; treatment=DMSO"
"cgroup_L5_d2c64672","GSE155452",FALSE,FALSE,"trattamento","Romidepsin (25 ng/mL) ; treatment=romidepsin","Control (disease model) ; treatment=none"
"cgroup_L5_e7eebebd","GSE155498",FALSE,FALSE,"trattamento","Steatotic CD133- biliary epithelial cells ; disease_state=steatotic ; cell_typ","Healthy CD133- biliary epithelial cells ; disease_st"
"cgroup_L5_e7eebebd","GSE155498",FALSE,FALSE,"trattamento","Steatotic CD133+ biliary epithelial cells ; disease_state=steatotic ; cell_typ","Healthy CD133+ biliary epithelial cells ; disease_st"
"cgroup_L5_871ae09e","GSE155518",FALSE,FALSE,"trattamento","Infected with SARS-CoV2 ; infection_status=infected_with_SARS-CoV2","Mock-infected ; infection_status=mock"
"cgroup_L5_871ae09e","GSE155717",FALSE,FALSE,"trattamento","hALO SARS-CoV-2 (GSM4711203) ; infection_status=SARS-CoV-2 ; cell_context.cell","hALO Mock (GSM4711201) ; infection_status=mock ; cel"
"cgroup_L5_b2affd22","GSE155750",FALSE,FALSE,"trattamento","Preeclamptic Chorionic Villus ; disease_state=preeclampsia pregnancy ; cell_co","Healthy Chorionic Villus ; disease_state=healthy pre"
"cgroup_L5_b2affd22","GSE155750",FALSE,FALSE,"trattamento","Preeclamptic CVS32 ; disease_state=preeclampsia pregnancy ; cell_context=CVS32","Healthy CVS33 ; disease_state=healthy pregnancy ; ce"
"cgroup_L5_535d97f6","GSE155800",FALSE,FALSE,"trattamento","Gastrointestinal stromal tumor treated with Imatinib ; disease_state=gastroint","Gastrointestinal stromal tumor ; disease_state=gastr"
"cgroup_L5_2e16719f","GSE155832",FALSE,FALSE,"trattamento","Lung epithelial cells, TGFbeta1, 72h ; cell_type=Lung epithelial cells ; treat","Lung epithelial cells, control, 72h ; cell_type=Lung"
"cgroup_L5_2e16719f","GSE155832",FALSE,FALSE,"trattamento","Lung epithelial cells co-culture, TGFbeta1, 72h, A549 partner ; cell_type=Lung","Lung epithelial cells co-culture, control, 72h, A549"
"cgroup_L5_2e16719f","GSE155832",FALSE,FALSE,"trattamento","Lung fibroblasts, TGFbeta1, 72h ; cell_type=Lung fibroblasts ; treatment=TGFbe","Lung fibroblasts, control, 72h ; cell_type=Lung fibr"
"cgroup_L5_2e16719f","GSE155832",FALSE,FALSE,"trattamento","Lung fibroblasts co-culture, TGFbeta1, 72h, NHLF partner ; cell_type=Lung fibr","Lung fibroblasts co-culture, control, 72h, NHLF part"
"cgroup_L5_c548d053","GSE155918",FALSE,FALSE,"trattamento","LPS 4h ; treatment=LPS ; time=4 hours","Vehicle Control 4h ; time=4 hours"
"cgroup_L5_c548d053","GSE155918",FALSE,FALSE,"trattamento","LPS 24h ; treatment=LPS ; time=24 hours","Vehicle Control 24h ; time=24 hours"
"cgroup_L5_c548d053","GSE155918",FALSE,FALSE,"trattamento","LPS 4h ; treatment=LPS ; time=4 hours","Vehicle Control 4h ; time=4 hours"
"cgroup_L5_3439da02","GSE155923",FALSE,FALSE,"trattamento","Everolimus ; Treatment=Everolimus","Vehicle ; Treatment=Vehicle"
"cgroup_L5_79ce3bd1","GSE156038",FALSE,FALSE,"trattamento","bleomycin ; treatment=bleomycin","control ; treatment=control"
"cgroup_L5_79ce3bd1","GSE156038",FALSE,FALSE,"trattamento","bleomycin (prostate) ; treatment=bleomycin ; tissue=prostate","control ; treatment=control"
"cgroup_L5_c3ae78cd","GSE156044",FALSE,FALSE,"trattamento","Crohn's disease mesenteric adipose tissue ; disease_state=Crohn's disease ; ti","Healthy mesenteric adipose tissue ; disease_state=he"
"cgroup_L5_c3ae78cd","GSE156044",FALSE,FALSE,"trattamento","Crohn's disease mesenteric adipose tissue ; disease_state=Crohn's disease ; ti","Healthy mesenteric adipose tissue ; disease_state=he"
"cgroup_L5_7784bb43","GSE156067",FALSE,FALSE,"trattamento","PCOS Day 12 ; time_point=Day 12 ; disease_state=PCOS","Control Day 12 ; time_point=Day 12 ; disease_state=N"
"cgroup_L5_7784bb43","GSE156067",FALSE,FALSE,"trattamento","PCOS Day 3 ; time_point=Day 3 ; disease_state=PCOS","Control Day 3 ; time_point=Day 3 ; disease_state=Non"
"cgroup_L5_7784bb43","GSE156067",FALSE,FALSE,"trattamento","PCOS Day 7 ; time_point=Day 7 ; disease_state=PCOS","Control Day 7 ; time_point=Day 7 ; disease_state=Non"
"cgroup_L5_12228932","GSE156089",FALSE,FALSE,"trattamento","EGF stimulated ; treatment=EGF","Untreated (control) ; treatment=untreated"
"cgroup_L5_12228932","GSE156089",FALSE,FALSE,"trattamento","EGF stimulated ; treatment=EGF","Untreated (control) ; treatment=untreated"
"cgroup_L5_12228932","GSE156089",FALSE,FALSE,"trattamento","EGF stimulated ; treatment=EGF","Untreated (control) ; treatment=untreated"
"cgroup_L5_79ce3bd1","GSE156184",FALSE,FALSE,"trattamento","Bleomycin ; treatment=bleomycin","Control ; treatment=control"
"cgroup_L5_79ce3bd1","GSE156184",FALSE,FALSE,"trattamento","Bleomycin (Replicates) ; treatment=bleomycin","Control ; treatment=control"
"cgroup_L5_79ce3bd1","GSE156472",TRUE,TRUE,"contesto","Bleomycin with transgene ; treatment=bleomycin ; transgene=with_transgene","Control without transgene ; treatment=control ; tran"
"cgroup_L5_79ce3bd1","GSE156472",TRUE,TRUE,"contesto","Bleomycin with transgene (additional) ; treatment=bleomycin ; transgene=with_t","Control without transgene ; treatment=control ; tran"
"cgroup_L5_9f0ea111","GSE156900",FALSE,FALSE,"trattamento","SR1 treated primary culture CD34+ cord blood cells ; treatment=SR1 ; cell_cont","DMSO control primary culture CD34+ cord blood cells "
"cgroup_L5_9f0ea111","GSE156900",FALSE,FALSE,"trattamento","SR1 treated primary culture CD34+ cord blood cells ; treatment=SR1 ; cell_cont","DMSO control primary culture CD34+ cord blood cells "
"cgroup_L5_9f0ea111","GSE156900",FALSE,FALSE,"trattamento","SR1 treated primary culture CD34+ cord blood cells ; treatment=SR1 ; cell_cont","DMSO control primary culture CD34+ cord blood cells "
"cgroup_L5_021e875e","GSE157069",FALSE,FALSE,"trattamento","MDA-MB-231 + cisplatin ; treatment=cisplatin","MDA-MB-231 + vehicle control"
"cgroup_L5_d411c435","GSE157069",FALSE,FALSE,"trattamento","MDA-MB-231 + tunicamycin ; treatment=tunicamycin","MDA-MB-231 + vehicle control"
"cgroup_L5_021e875e","GSE157069",TRUE,TRUE,"contesto","MDA-MB-231 (transgene stable) + cisplatin ; treatment=cisplatin ; genetic_modi","MDA-MB-231 (transgene stable) + control ; genetic_mo"
"cgroup_L5_d411c435","GSE157069",TRUE,TRUE,"contesto","MDA-MB-231 (transgene stable) + tunicamycin ; treatment=tunicamycin ; genetic_","MDA-MB-231 (transgene stable) + control ; genetic_mo"
"cgroup_L5_8a54ddd6","GSE157069",TRUE,TRUE,"contesto","MDA-MB-231 (transgene stable) + doxorubicin ; treatment=doxorubicin ; genetic_","MDA-MB-231 (transgene stable) + control ; genetic_mo"
"cgroup_L5_889ec305","GSE157086",FALSE,FALSE,"trattamento","Colorectal Cancer ; disease_state=colorectal cancer (adenocarcinoma)","Healthy Control ; disease_state=healthy control"
"cgroup_L5_f832048f","GSE157086",FALSE,FALSE,"trattamento","Breast Cancer ; disease_state=breast cancer","Healthy Control ; disease_state=healthy control"
"cgroup_L5_930c8dcf","GSE157104",FALSE,FALSE,"trattamento","VCaP_DHT_10hr ; cell_line=VCaP ; treatment=DHT ; time(hours)=10","VCaP_Vehicle ; cell_line=VCaP ; treatment=Vehicle"
"cgroup_L5_930c8dcf","GSE157104",FALSE,FALSE,"trattamento","VCaP_DHT_2hr ; cell_line=VCaP ; treatment=DHT ; time(hours)=2","VCaP_Vehicle ; cell_line=VCaP ; treatment=Vehicle"
"cgroup_L5_930c8dcf","GSE157104",FALSE,FALSE,"trattamento","VCaP_DHT_24hr ; cell_line=VCaP ; treatment=DHT ; time(hours)=24","VCaP_Vehicle_24hr ; cell_line=VCaP ; treatment=Vehic"
"cgroup_L5_29cb04f8","GSE157300",FALSE,FALSE,"trattamento","5-FU 6h ; treatment=5-FU ; time=6 hours","DMSO 6h ; treatment=DMSO ; time=6 hours"
"cgroup_L5_29cb04f8","GSE157300",FALSE,FALSE,"trattamento","5-FU 12h ; treatment=5-FU ; time=12 hours","DMSO 12h ; treatment=DMSO ; time=12 hours"
"cgroup_L5_29cb04f8","GSE157300",FALSE,FALSE,"trattamento","5-FU 24h ; treatment=5-FU ; time=24 hours","DMSO 24h ; treatment=DMSO ; time=24 hours"
"cgroup_L5_d9e23e09","GSE157364",FALSE,FALSE,"trattamento","Primary fibroblast-like synoviocytes treated with TNF ; treatment=TNF ; cell_t","Primary fibroblast-like synoviocytes untreated ; tre"
"cgroup_L5_d9e23e09","GSE157364",FALSE,FALSE,"trattamento","Primary macrophages treated with TNF ; treatment=TNF ; cell_type=Primary macro","Primary macrophages untreated ; treatment=untreated "
"cgroup_L5_83f57274","GSE157371",FALSE,FALSE,"trattamento","Hypoxia ; oxygen_condition=hypoxia","Untreated ; oxygen_condition=normoxia"
"cgroup_L5_41f7b088","GSE157374",FALSE,FALSE,"trattamento","NCC-HN19-GR + gefitinib ; treatment=gefitinib ; cell_line=NCC-HN19-GR","NCC-HN19 + DMSO ; treatment=DMSO ; cell_line=NCC-HN1"
"cgroup_L5_41f7b088","GSE157374",FALSE,FALSE,"trattamento","NCC-HN64-GR + gefitinib ; treatment=gefitinib ; cell_line=NCC-HN64-GR","NCC-HN64 + DMSO ; treatment=DMSO ; cell_line=NCC-HN6"
"cgroup_L5_41f7b088","GSE157374",FALSE,FALSE,"trattamento","NCC-HN90-GR + gefitinib ; treatment=gefitinib ; cell_line=NCC-HN90-GR","NCC-HN90 + DMSO ; treatment=DMSO ; cell_line=NCC-HN9"
"cgroup_L5_089ccae5","GSE157702",FALSE,FALSE,"trattamento","Bortezomib-treated THP-1 cells ; treatment=Bortezomib ; cell_type=THP-1 monocy","Untreated THP-1 cells ; treatment=untreated ; cell_t"
"cgroup_L5_41f7b088","GSE157905",FALSE,FALSE,"trattamento","Gefitinib Liver Cancer Cells ; treatment=Gefitinib ; cell_line=Liver cancer ce","Untreated Liver Cancer Cells ; treatment=untreated ;"
"cgroup_L5_a8d88150","GSE157905",FALSE,FALSE,"trattamento","Lenvatinib Liver Cancer Cells ; treatment=Lenvatinib ; cell_line=Liver cancer ","Untreated Liver Cancer Cells ; treatment=untreated ;"
"cgroup_L5_41f7b088","GSE157905",FALSE,FALSE,"trattamento","Gefitinib Liver Cancer Cells ; treatment=Gefitinib ; cell_line=Liver cancer ce","Untreated Liver Cancer Cells ; treatment=untreated ;"
"cgroup_L5_a8d88150","GSE157905",FALSE,FALSE,"trattamento","Lenvatinib Liver Cancer Cells ; treatment=Lenvatinib ; cell_line=Liver cancer ","Untreated Liver Cancer Cells ; treatment=untreated ;"
"cgroup_L5_721184e6","GSE157927",FALSE,FALSE,"trattamento","Pancreatic cancer cell line THZ1 ; cell_line=Pancreatic cancer cell line ; tre","Pancreatic cancer cell line DMSO ; cell_line=Pancrea"
"cgroup_L5_29cb04f8","GSE157951",TRUE,TRUE,"contesto","HCT116 TP53-KO + 5-FU (24hr) ; treatment=5-FU ; time=24 hours","HCT116 TP53-KO + vehicle ; treatment=vehicle ; time="
"cgroup_L5_29cb04f8","GSE157951",TRUE,TRUE,"contesto","HCT116 TP53-KO + 5-FU (2hr) ; treatment=5-FU ; time=2 hours","HCT116 TP53-KO + vehicle ; treatment=vehicle ; time="
"cgroup_L5_721184e6","GSE158119",FALSE,FALSE,"trattamento","MM047 + THZ1 ; treatment=THZ1 ; cell_line=MM047","MM047 + vehicle ; treatment=vehicle ; cell_line=MM04"
"cgroup_L5_721184e6","GSE158119",FALSE,FALSE,"trattamento","MM074 + THZ1 ; treatment=THZ1 ; cell_line=MM074","MM074 + vehicle ; treatment=vehicle ; cell_line=MM07"
"cgroup_L5_03b38818","GSE158119",FALSE,FALSE,"trattamento","MM074 + Vemurafenib ; treatment=Vemurafenib ; cell_line=MM074","MM074 + vehicle ; treatment=vehicle ; cell_line=MM07"
"cgroup_L5_905be893","GSE158219",TRUE,TRUE,"contesto","IL1β + sicontrol ; treatment=IL1β ; genetic_knockdown=sicontrol","vehicle ; treatment=vehicle ; genetic_knockdown=sico"
"cgroup_L5_905be893","GSE158219",TRUE,TRUE,"contesto","IL1β + siKILN1 ; treatment=IL1β ; genetic_knockdown=siKILN1","siKILN1 + vehicle ; treatment=vehicle ; genetic_knoc"
"cgroup_L5_905be893","GSE158219",TRUE,TRUE,"contesto","IL1β + siKILN2 ; treatment=IL1β ; genetic_knockdown=siKILN2","siKILN2 + vehicle ; treatment=vehicle ; genetic_knoc"
"cgroup_L5_aad8ed47","GSE158305",TRUE,TRUE,"contesto","HBEC1_YAP_TAZ_knockdown ; perturbation=YAP/TAZ siRNA ; cell_line=HBEC1","Control_siRNA_1 ; perturbation=Control siRNA 1 ; cel"
"cgroup_L5_aad8ed47","GSE158305",TRUE,TRUE,"contesto","HBEC2_YAP_TAZ_knockdown ; perturbation=YAP/TAZ siRNA ; cell_line=HBEC2","Control_siRNA_1 ; perturbation=Control siRNA 1 ; cel"
"cgroup_L5_aad8ed47","GSE158305",TRUE,TRUE,"contesto","HBEC1_YAP_TAZ_knockdown ; perturbation=YAP/TAZ siRNA ; cell_line=HBEC1","Control_siRNA_2 ; perturbation=Control siRNA 2 ; cel"
"cgroup_L5_aad8ed47","GSE158305",TRUE,TRUE,"contesto","HBEC2_YAP_TAZ_knockdown ; perturbation=YAP/TAZ siRNA ; cell_line=HBEC2","Control_siRNA_2 ; perturbation=Control siRNA 2 ; cel"
"cgroup_L5_aad8ed47","GSE158305",TRUE,TRUE,"contesto","HBEC1_YAP_TAZ_knockdown ; perturbation=YAP/TAZ siRNA ; cell_line=HBEC1","Control_siRNA_3 ; perturbation=Control siRNA 3 ; cel"
"cgroup_L5_aad8ed47","GSE158305",TRUE,TRUE,"contesto","HBEC2_YAP_TAZ_knockdown ; perturbation=YAP/TAZ siRNA ; cell_line=HBEC2","Control_siRNA_3 ; perturbation=Control siRNA 3 ; cel"
"cgroup_L5_b0066299","GSE158395",FALSE,FALSE,"trattamento","Keloid ; disease_state=keloid","Normal ; disease_state=normal"
"cgroup_L5_b0066299","GSE158395",FALSE,FALSE,"trattamento","Keloid ; disease_state=keloid","Normal (additional) ; disease_state=normal"
"cgroup_L5_b0066299","GSE158395",FALSE,FALSE,"trattamento","Keloid ; disease_state=keloid","Normal (N19) ; disease_state=normal"
"cgroup_L5_87c40ebb","GSE158434",FALSE,FALSE,"trattamento","Interferon-gamma ; treatment=Interferon-gamma","Mock ; treatment=Mock"
"cgroup_L5_2e16719f","GSE158542",FALSE,FALSE,"trattamento","NHLF1 TGF-B ; Treatment=TGF-B ; Cell Line=Normal Human Lung Fibroblasts 1","NHLF1 Vehicle Control ; Treatment=vehicle_only ; Cel"
"cgroup_L5_2e16719f","GSE158542",FALSE,FALSE,"trattamento","NHLF2 TGF-B ; Treatment=TGF-B ; Cell Line=Normal Human Lung Fibroblasts 2","NHLF2 Vehicle Control ; Treatment=vehicle_only ; Cel"
"cgroup_L5_aa8c1d6d","GSE158552",FALSE,FALSE,"trattamento","HepG2 cells treated with OTX-015 ; treatment=OTX-015 ; cell_line=HepG2 ; disea","HepG2 cells treated with DMSO ; treatment=DMSO ; cel"
"cgroup_L5_aa8c1d6d","GSE158552",FALSE,FALSE,"trattamento","HepG2 cells treated with OTX-015 (duplicate) ; treatment=OTX-015 ; cell_line=H","HepG2 cells treated with DMSO ; treatment=DMSO ; cel"
"cgroup_L5_b71a25a2","GSE158552",FALSE,FALSE,"trattamento","HepG2 cells treated with JQ1 (duplicate) ; treatment=JQ1 ; cell_line=HepG2 ; d","HepG2 cells treated with DMSO ; treatment=DMSO ; cel"
"cgroup_L5_930c8dcf","GSE158557",FALSE,FALSE,"trattamento","ARQ640X + DHT ; AR variant=ARQ640X ; Treatment=DHT","ARQ640X + Vehicle ; AR variant=ARQ640X ; Treatment=V"
"cgroup_L5_930c8dcf","GSE158557",FALSE,FALSE,"trattamento","ARV7 + DHT ; AR variant=ARV7 ; Treatment=DHT","ARV7 + Vehicle ; AR variant=ARV7 ; Treatment=Vehicle"
"cgroup_L5_930c8dcf","GSE158557",FALSE,FALSE,"trattamento","ARWT + DHT ; AR variant=ARWT ; Treatment=DHT","ARWT + Vehicle ; AR variant=ARWT ; Treatment=Vehicle"
"cgroup_L5_930c8dcf","GSE158557",FALSE,FALSE,"trattamento","EGFP + DHT ; AR variant=EGFP ; Treatment=DHT","EGFP + Vehicle ; AR variant=EGFP ; Treatment=Vehicle"
"cgroup_L5_021e875e","GSE158638",FALSE,FALSE,"trattamento","Cisplatin-treated A549 cells ; treatment=cisplatin ; cell_type=A549","Control A549 cells ; treatment=control ; cell_type=A"
"cgroup_L5_81b706c4","GSE158640",FALSE,FALSE,"trattamento","H460 paclitaxel ; cell_line=H460 ; treatment=paclitaxel","H460 untreated ; cell_line=H460 ; treatment=untreate"
"cgroup_L5_8a54ddd6","GSE158640",FALSE,FALSE,"trattamento","H460 doxorubicin ; cell_line=H460 ; treatment=doxorubicin","H460 untreated ; cell_line=H460 ; treatment=untreate"
"cgroup_L5_81b706c4","GSE158640",FALSE,FALSE,"trattamento","H460 paclitaxel ; cell_line=H460 ; treatment=paclitaxel","H460 untreated ; cell_line=H460 ; treatment=untreate"
"cgroup_L5_021e875e","GSE158640",FALSE,FALSE,"trattamento","H460 cisplatin ; cell_line=H460 ; treatment=cisplatin","H460 untreated ; cell_line=H460 ; treatment=untreate"
"cgroup_L5_ff78d2a8","GSE158765",FALSE,FALSE,"trattamento","Aspirin 81mg visit 2 ; treatment=aspirin ; dose=81 mg","Vehicle visit 1 ; treatment=vehicle_only"
"cgroup_L5_ff78d2a8","GSE158765",FALSE,FALSE,"trattamento","Aspirin 325mg visit 2 ; treatment=aspirin ; dose=325 mg","Vehicle visit 1 ; treatment=vehicle_only"
"cgroup_L5_ff78d2a8","GSE158765",FALSE,FALSE,"trattamento","Aspirin 81mg visit 3 ; treatment=aspirin ; dose=81 mg","Vehicle visit 4 ; treatment=vehicle_only"
"cgroup_L5_ff78d2a8","GSE158765",FALSE,FALSE,"trattamento","Aspirin 325mg visit 3 ; treatment=aspirin ; dose=325 mg","Vehicle visit 4 ; treatment=vehicle_only"
"cgroup_L5_87c40ebb","GSE158814",FALSE,FALSE,"trattamento","IFN-γ stimulation (44hrs) ; treatment=IFN-γ stimulation (44hrs)","untreated ; treatment=untreated"
"cgroup_L5_87c40ebb","GSE158814",FALSE,FALSE,"trattamento","C. trachomatis infection + IFN-γ (44hrs) ; treatment=C. trachomatis infection ","untreated ; treatment=untreated"
"cgroup_L5_ae11259e","GSE158923",FALSE,FALSE,"trattamento","Granuloma Annulare Patient Tofacitinib Treated ; disease_state=granuloma_annul","Granuloma Annulare Patient Untreated ; disease_state"
"cgroup_L5_3a625868","GSE158969",FALSE,FALSE,"trattamento","BT-474 Herceptin treated ; treatment=Herceptin ; cell_type_or_line_raw=BT-474","BT-474 untreated (control) ; treatment=untreated ; c"
"cgroup_L5_be15b706","GSE159196",FALSE,FALSE,"trattamento","IL13 (Nasal airway epithelium) - 72h ; treatment=IL13 ; cell_type=nasal airway","Control (Nasal airway epithelium) ; treatment=contro"
"cgroup_L5_be15b706","GSE159196",FALSE,FALSE,"trattamento","IL13 (Tracheal airway epithelium) ; treatment=IL13 ; cell_type=tracheal airway","Control (Nasal airway epithelium) ; treatment=contro"
"cgroup_L5_871ae09e","GSE159201",FALSE,FALSE,"trattamento","colonic organoid, SARS-CoV-2, 1 day ; treatment=SARS-CoV-2 ; time=1 day","colonic organoid, mock, 1 day ; treatment=mock ; tim"
"cgroup_L5_871ae09e","GSE159201",FALSE,FALSE,"trattamento","colonic organoid, SARS-CoV-2, 4 days ; treatment=SARS-CoV-2 ; time=4 days","colonic organoid, mock, 4 days ; treatment=mock ; ti"
"cgroup_L5_bd19fe42","GSE159220",FALSE,FALSE,"trattamento","Hepatocellular carcinoma tissue ; disease_status=hepatocellular_carcinoma","Normal liver tissue ; disease_status=normal"
"cgroup_L5_12212e41","GSE159225",FALSE,FALSE,"trattamento","MS Case ; disease_state=multiple_sclerosis","Healthy Control ; disease_state=healthy"
"cgroup_L5_444e7fc2","GSE159235",FALSE,FALSE,"trattamento","virus CMV strain TB40 ; treatment=virus CMV strain TB40","mock ; treatment=mock"
"cgroup_L5_d7ad915e","GSE159487",FALSE,FALSE,"trattamento","Neurons - Control - VPA ; disease_state=Control ; treatment=VPA","Neurons - Control - Vehicle Only ; disease_state=Con"
"cgroup_L5_90db4e34","GSE159531",FALSE,FALSE,"trattamento","VCaP + testosterone ; treatment=testosterone ; dose=1 nM","VCaP + control media (case) ; treatment=control medi"
"cgroup_L5_90db4e34","GSE159531",FALSE,FALSE,"trattamento","VCaP + testosterone ; treatment=testosterone ; dose=1 nM","VCaP + control media (none) ; treatment=control medi"
"cgroup_L5_7805eee6","GSE159585",FALSE,FALSE,"trattamento","COVID-19 ; disease_state=COVID-19","Healthy Control ; disease_state=non_covid_control"
"cgroup_L5_930c8dcf","GSE159606",FALSE,FALSE,"trattamento","DHT ; treatment=DHT","Vehicle Control ; treatment=Vehicle Control"
"cgroup_L5_d631ee89","GSE159782",FALSE,FALSE,"trattamento","Subject 1, IL-3 4h ; treatment=IL-3 4h ; time=4 hours","Subject 1, Untreated"
"cgroup_L5_d631ee89","GSE159782",FALSE,FALSE,"trattamento","Subject 1, IL-3 20h ; treatment=IL-3 20h ; time=20 hours","Subject 1, Untreated"
"cgroup_L5_3b91a21d","GSE159851",FALSE,FALSE,"trattamento","Endothelial cells from brain adenocarcinoma metastasis ; disease_state=adenoca","Healthy endothelial cells (control) ; disease_state="
"cgroup_L5_d9e23e09","GSE159894",FALSE,FALSE,"trattamento","TNF-α ; treatment=TNF-α","Untreated ; treatment=Untreated"
"cgroup_L5_a32e5eaa","GSE159925",FALSE,FALSE,"trattamento","HH Cutaneous T-cell Lymphoma Decitabine 12.5 nM ; treatment=decitabine ; dose=","HH Cutaneous T-cell Lymphoma Untreated Control ; tre"
"cgroup_L5_a32e5eaa","GSE159925",FALSE,FALSE,"trattamento","HH Cutaneous T-cell Lymphoma Decitabine 25 nM ; treatment=decitabine ; dose=25","HH Cutaneous T-cell Lymphoma Untreated Control ; tre"
"cgroup_L5_a32e5eaa","GSE159925",FALSE,FALSE,"trattamento","HH Cutaneous T-cell Lymphoma Decitabine 5 nM ; treatment=decitabine ; dose=5 n","HH Cutaneous T-cell Lymphoma Untreated Control ; tre"
"cgroup_L5_93068469","GSE159925",FALSE,FALSE,"trattamento","HH Cutaneous T-cell Lymphoma Azacitidine 125 nM ; treatment=azacitidine ; dose","HH Cutaneous T-cell Lymphoma Untreated Control ; tre"
"cgroup_L5_93068469","GSE159925",FALSE,FALSE,"trattamento","HH Cutaneous T-cell Lymphoma Azacitidine 250 nM ; treatment=azacitidine ; dose","HH Cutaneous T-cell Lymphoma Untreated Control ; tre"
"cgroup_L5_93068469","GSE159925",FALSE,FALSE,"trattamento","HH Cutaneous T-cell Lymphoma Azacitidine 50 nM ; treatment=azacitidine ; dose=","HH Cutaneous T-cell Lymphoma Untreated Control ; tre"
"cgroup_L5_964c6389","GSE159940",FALSE,FALSE,"trattamento","HD BA9 H_0008 ; disease_status=Huntington's Disease ; tissue_segment=BA9","Control BA9 H_0884 ; disease_status=Control ; tissue"
"cgroup_L5_964c6389","GSE159940",FALSE,FALSE,"trattamento","HD BA9 H_0747 ; disease_status=Huntington's Disease ; tissue_segment=BA9","Control BA9 H_0799 ; disease_status=Control ; tissue"
"cgroup_L5_964c6389","GSE159940",FALSE,FALSE,"trattamento","HD BA9 H_0821 ; disease_status=Huntington's Disease ; tissue_segment=BA9","Control BA9 H_0835 ; disease_status=Control ; tissue"
"cgroup_L5_964c6389","GSE159940",FALSE,FALSE,"trattamento","HD basal ganglia H_0793 ; disease_status=Huntington's Disease ; tissue_segment","Control basal ganglia H_0789 ; disease_status=Contro"
"cgroup_L5_964c6389","GSE159940",FALSE,FALSE,"trattamento","HD basal ganglia H_0231 ; disease_status=Huntington's Disease ; tissue_segment","Control basal ganglia H_0789 ; disease_status=Contro"
"cgroup_L5_964c6389","GSE159940",FALSE,FALSE,"trattamento","HD basal ganglia H_0657 ; disease_status=Huntington's Disease ; tissue_segment","Control basal ganglia H_0789 ; disease_status=Contro"
"cgroup_L5_964c6389","GSE159940",FALSE,FALSE,"trattamento","HD basal ganglia H_0749 ; disease_status=Huntington's Disease ; tissue_segment","Control basal ganglia H_0789 ; disease_status=Contro"
"cgroup_L5_964c6389","GSE159940",FALSE,FALSE,"trattamento","HD basal ganglia H_0590 ; disease_status=Huntington's Disease ; tissue_segment","Control basal ganglia H_0789 ; disease_status=Contro"
"cgroup_L5_964c6389","GSE159940",FALSE,FALSE,"trattamento","HD basal ganglia H_0681 ; disease_status=Huntington's Disease ; tissue_segment","Control basal ganglia H_0789 ; disease_status=Contro"
"cgroup_L5_964c6389","GSE159940",FALSE,FALSE,"trattamento","HD basal ganglia H_0758 ; disease_status=Huntington's Disease ; tissue_segment","Control basal ganglia H_0789 ; disease_status=Contro"
"cgroup_L5_964c6389","GSE159940",FALSE,FALSE,"trattamento","HD basal ganglia H_0726 ; disease_status=Huntington's Disease ; tissue_segment","Control basal ganglia H_0789 ; disease_status=Contro"
"cgroup_L5_964c6389","GSE159940",FALSE,FALSE,"trattamento","HD basal ganglia H_0697 ; disease_status=Huntington's Disease ; tissue_segment","Control basal ganglia H_0789 ; disease_status=Contro"
"cgroup_L5_964c6389","GSE159940",FALSE,FALSE,"trattamento","HD basal ganglia H_0788 ; disease_status=Huntington's Disease ; tissue_segment","Control basal ganglia H_0789 ; disease_status=Contro"
"cgroup_L5_964c6389","GSE159940",FALSE,FALSE,"trattamento","HD basal ganglia H_0784 ; disease_status=Huntington's Disease ; tissue_segment","Control basal ganglia H_0789 ; disease_status=Contro"
"cgroup_L5_964c6389","GSE159940",FALSE,FALSE,"trattamento","HD basal ganglia H_0787 ; disease_status=Huntington's Disease ; tissue_segment","Control basal ganglia H_0789 ; disease_status=Contro"
"cgroup_L5_964c6389","GSE159940",FALSE,FALSE,"trattamento","HD basal ganglia H_0915 ; disease_status=Huntington's Disease ; tissue_segment","Control basal ganglia H_0789 ; disease_status=Contro"
"cgroup_L5_964c6389","GSE159940",FALSE,FALSE,"trattamento","HD basal ganglia H_0695 ; disease_status=Huntington's Disease ; tissue_segment","Control basal ganglia H_0789 ; disease_status=Contro"
"cgroup_L5_964c6389","GSE159940",FALSE,FALSE,"trattamento","HD basal ganglia H_0683 ; disease_status=Huntington's Disease ; tissue_segment","Control basal ganglia H_0789 ; disease_status=Contro"
"cgroup_L5_964c6389","GSE159940",FALSE,FALSE,"trattamento","HD basal ganglia H_0658 ; disease_status=Huntington's Disease ; tissue_segment","Control basal ganglia H_0789 ; disease_status=Contro"
"cgroup_L5_964c6389","GSE159940",FALSE,FALSE,"trattamento","HD basal ganglia H_0876 ; disease_status=Huntington's Disease ; tissue_segment","Control basal ganglia H_0789 ; disease_status=Contro"
"cgroup_L5_964c6389","GSE159940",FALSE,FALSE,"trattamento","HD basal ganglia H_0648 ; disease_status=Huntington's Disease ; tissue_segment","Control basal ganglia H_0789 ; disease_status=Contro"
"cgroup_L5_964c6389","GSE159940",FALSE,FALSE,"trattamento","Basal Ganglia HD (CAG 44, 27 years) ; disease_status=Huntington's Disease ; ti","Frontal Cortex Control (10 hours) ; disease_status=C"
"cgroup_L5_10344dfd","GSE159984",FALSE,FALSE,"trattamento","High glucose (D8) ; treatment=high glucose ; duration=D8","Vehicle control ; treatment=control condition"
"cgroup_L5_10344dfd","GSE159984",FALSE,FALSE,"trattamento","High glucose (D4) ; treatment=high glucose ; duration=D4","Vehicle control ; treatment=control condition"
"cgroup_L5_c13b1103","GSE160016",FALSE,FALSE,"trattamento","NAFLD ; disease_state=NAFLD ; donor_id=D1_22","Normal ; disease_state=normal ; donor_id=D2_17"
"cgroup_L5_905be893","GSE160092",FALSE,FALSE,"trattamento","Primary brain astrocytes culture treated with IL1B ; treatment=IL1B ; cell_con","Primary astrocytes culture treated with vehicle ; tr"
"cgroup_L5_905be893","GSE160092",FALSE,FALSE,"trattamento","Primary brain astrocytes culture treated with IL1B ; treatment=IL1B ; cell_con","Primary brain astrocytes culture treated with vehicl"
"cgroup_L5_840b7e36","GSE160123",FALSE,FALSE,"trattamento","Pre-activated (CD3/CD28) ; treatment=Pre-activated (CD3/CD28)","Untreated ; treatment=Untreated"
"cgroup_L5_721184e6","GSE160534",FALSE,FALSE,"trattamento","MDA-MB-231 + THZ1 ; cell_line=MDA-MB-231 ; treatment=THZ1","MDA-MB-231 + vehicle ; cell_line=MDA-MB-231 ; treatm"
"cgroup_L5_721184e6","GSE160534",FALSE,FALSE,"trattamento","MDA-MB-468 + THZ1 ; cell_line=MDA-MB-468 ; treatment=THZ1","MDA-MB-468 + vehicle ; cell_line=MDA-MB-468 ; treatm"
"cgroup_L5_2e16719f","GSE160671",FALSE,FALSE,"trattamento","TGF-β 10 ng/mL 2h ; treatment=TGF-β ; duration=2 hours","Control without treatment ; treatment=control ; dura"
"cgroup_L5_2e16719f","GSE160671",FALSE,FALSE,"trattamento","TGF-β 10 ng/mL 6h ; treatment=TGF-β ; duration=6 hours","Control without treatment ; treatment=control ; dura"
"cgroup_L5_d8006c5b","GSE160812",FALSE,FALSE,"trattamento","HepG2 oxaliplatin ; treatment=oxaliplatin ; cell_line=HepG2","HepG2 untreated ; treatment=untreated ; cell_line=He"
"cgroup_L5_d8006c5b","GSE160812",FALSE,FALSE,"trattamento","HepG2 oxaliplatin ; treatment=oxaliplatin ; cell_line=HepG2","HepG2 untreated ; treatment=untreated ; cell_line=He"
"cgroup_L5_f956ef98","GSE160981",FALSE,FALSE,"trattamento","hESC H9 derived endoderm, TCDD ; cell_type=hESC H9 derived endoderm ; treatmen","hESC H9 derived endoderm, DMSO ; cell_type=hESC H9 d"
"cgroup_L5_f956ef98","GSE160981",FALSE,FALSE,"trattamento","hESC H9 derived endoderm, TCDD ; cell_type=hESC H9 derived endoderm ; treatmen","hESC H9 derived endoderm, DMSO ; cell_type=hESC H9 d"
"cgroup_L5_f956ef98","GSE160981",FALSE,FALSE,"trattamento","hESC H9 derived mesoderm, TCDD ; cell_type=hESC H9 derived mesoderm ; treatmen","hESC H9 derived mesoderm, DMSO ; cell_type=hESC H9 d"
"cgroup_L5_f956ef98","GSE160981",FALSE,FALSE,"trattamento","hESC H9 derived mesoderm, TCDD ; cell_type=hESC H9 derived mesoderm ; treatmen","hESC H9 derived mesoderm, DMSO ; cell_type=hESC H9 d"
"cgroup_L5_f956ef98","GSE160981",FALSE,FALSE,"trattamento","hESC H9 derived mesoderm, TCDD ; cell_type=hESC H9 derived mesoderm ; treatmen","hESC H9 derived mesoderm, DMSO ; cell_type=hESC H9 d"
"cgroup_L5_f956ef98","GSE160981",FALSE,FALSE,"trattamento","hESC H9 derived neural progenitors, TCDD ; cell_type=hESC H9 derived neural pr","hESC H9 derived neural progenitors, DMSO ; cell_type"
"cgroup_L5_f956ef98","GSE160981",FALSE,FALSE,"trattamento","hESC H9 derived neural progenitors, TCDD ; cell_type=hESC H9 derived neural pr","hESC H9 derived neural progenitors, DMSO ; cell_type"
"cgroup_L5_d9e23e09","GSE161021",FALSE,FALSE,"trattamento","TNF-treated ; treatment=TNF ; cell_type=Human dermal microvascular endothelial","PBS-treated ; treatment=PBS ; cell_type=Human dermal"
"cgroup_L5_d9e23e09","GSE161021",FALSE,FALSE,"trattamento","TNF-treated ; treatment=TNF ; cell_type=Human dermal microvascular endothelial","PBS-treated ; treatment=PBS ; cell_type=Human dermal"
"cgroup_L5_f34ff8df","GSE161031",TRUE,TRUE,"contesto","Etoposide transgene stable ; treatment=Etoposide ; genotype=transgene_stable","DMSO transgene stable ; treatment=DMSO ; genotype=tr"
"cgroup_L5_eedd08cb","GSE161087",TRUE,TRUE,"contesto","A549 IGF2BP1 Knockdown ; cell_line=A549 ; perturbation=siRNA pool against IGF2","A549 Control siRNA ; cell_line=A549 ; perturbation=C"
"cgroup_L5_eedd08cb","GSE161087",TRUE,TRUE,"contesto","PANC-1 IGF2BP1 Knockdown ; cell_line=PANC-1 ; perturbation=siRNA pool against ","PANC-1 Control siRNA ; cell_line=PANC-1 ; perturbati"
"cgroup_L5_2e16719f","GSE161176",FALSE,FALSE,"trattamento","Articular chondrocytes (ACh) - TGF-B1 - 7-days - Passage 24 - Donor 1 ; cell_t","Articular chondrocytes (ACh) - vehicle_only - Passag"
"cgroup_L5_2e16719f","GSE161176",FALSE,FALSE,"trattamento","Articular chondrocytes (ACh) - TGF-B1 - 3-days - Passage 21 - Donor 1 ; cell_t","Articular chondrocytes (ACh) - vehicle_only - Passag"
"cgroup_L5_2e16719f","GSE161176",FALSE,FALSE,"trattamento","Articular chondrocytes (ACh) - TGF-B1 - 7-days - Passage 15 - Donor 1 ; cell_t","Articular chondrocytes (ACh) - vehicle_only - Passag"
"cgroup_L5_2e16719f","GSE161176",FALSE,FALSE,"trattamento","Articular chondrocytes (ACh) - TGF-B1 - 21-days - Passage 27 - Donor 1 ; cell_","Articular chondrocytes (ACh) - vehicle_only - Passag"
"cgroup_L5_2e16719f","GSE161176",FALSE,FALSE,"trattamento","Articular chondrocytes (ACh) - TGF-B1 - 1-days - Passage 9 - Donor 1 ; cell_ty","Articular chondrocytes (ACh) - vehicle_only - Passag"
"cgroup_L5_2e16719f","GSE161176",FALSE,FALSE,"trattamento","Articular chondrocytes (ACh) - TGF-B1 - 3-days - Passage 12 - Donor 1 ; cell_t","Articular chondrocytes (ACh) - vehicle_only - Passag"
"cgroup_L5_2e16719f","GSE161176",FALSE,FALSE,"trattamento","Articular chondrocytes (ACh) - TGF-B1 - 1-day - Passage 19 - Donor 1 ; cell_ty","Articular chondrocytes (ACh) - vehicle_only - Passag"
"cgroup_L5_2e16719f","GSE161176",FALSE,FALSE,"trattamento","Articular chondrocytes (ACh) - TGF-B1 - 7-days - Passage 25 - Donor 1 ; cell_t","Articular chondrocytes (ACh) - vehicle_only - Passag"
"cgroup_L5_2e16719f","GSE161176",FALSE,FALSE,"trattamento","Bone marrow stromal cell - TGF-B1 - 21-days - Passage 26 - Donor 1 ; cell_type","Bone marrow stromal cell - vehicle_only - Passage 3 "
"cgroup_L5_2e16719f","GSE161176",FALSE,FALSE,"trattamento","Bone marrow stromal cell - TGF-B1 - 7-days - Passage 12 - Donor 1 ; cell_type=","Bone marrow stromal cell - vehicle_only - Passage 3 "
"cgroup_L5_2e16719f","GSE161176",FALSE,FALSE,"trattamento","Bone marrow stromal cell - TGF-B1 - 1-day - Passage 6 - Donor 1 ; cell_type=Bo","Bone marrow stromal cell - vehicle_only - Passage 3 "
"cgroup_L5_2e16719f","GSE161176",FALSE,FALSE,"trattamento","Bone marrow stromal cell - TGF-B1 - 21-days - Passage 24 - Donor 1 ; cell_type","Bone marrow stromal cell - vehicle_only - Passage 3 "
"cgroup_L5_2e16719f","GSE161176",FALSE,FALSE,"trattamento","Bone marrow stromal cell - TGF-B1 - 3-days - Passage 9 - Donor 1 ; cell_type=B","Bone marrow stromal cell - vehicle_only - Passage 3 "
"cgroup_L5_2e16719f","GSE161176",FALSE,FALSE,"trattamento","Bone marrow stromal cell - TGF-B1 - 1-day - Passage 8 - Donor 1 ; cell_type=Bo","Bone marrow stromal cell - vehicle_only - Passage 3 "
"cgroup_L5_63e69fdc","GSE161199",FALSE,FALSE,"trattamento","Alzheimer's Disease ; disease_state=Alzheimer's Disease","Healthy Control ; disease_state=Healthy Control"
"cgroup_L5_85083e38","GSE161199",FALSE,FALSE,"trattamento","Parkinson's Disease ; disease_state=Parkinson's Disease","Healthy Control ; disease_state=Healthy Control"
"cgroup_L5_523e64b9","GSE161283",TRUE,TRUE,"contesto","GPS2 Knockout MK2206 ; Genetic Modification=GPS2 Knockout ; Treatment=MK2206","GPS2 Knockout Untreated ; Genetic Modification=GPS2 "
"cgroup_L5_523e64b9","GSE161283",TRUE,TRUE,"contesto","GPS2 Knockout MK2206 ; Genetic Modification=GPS2 Knockout ; Treatment=MK2206","GPS2 Knockout Untreated ; Genetic Modification=GPS2 "
"cgroup_L5_523e64b9","GSE161283",TRUE,TRUE,"contesto","GPS2 Knockout MK2206 ; Genetic Modification=GPS2 Knockout ; Treatment=MK2206","GPS2 Knockout Untreated ; Genetic Modification=GPS2 "
"cgroup_L5_523e64b9","GSE161283",TRUE,TRUE,"contesto","GPS2 Knockout MK2206 ; Genetic Modification=GPS2 Knockout ; Treatment=MK2206","GPS2 Knockout Untreated ; Genetic Modification=GPS2 "
"cgroup_L5_523e64b9","GSE161283",TRUE,TRUE,"contesto","GPS2 Knockout MK2206 ; Genetic Modification=GPS2 Knockout ; Treatment=MK2206","GPS2 Knockout Untreated ; Genetic Modification=GPS2 "
"cgroup_L5_87c40ebb","GSE161664",FALSE,FALSE,"trattamento","IFNg ; treatment=IFNg","Control ; treatment=Control"
"cgroup_L5_9bdf0dcb","GSE161664",FALSE,FALSE,"trattamento","IFNa ; treatment=IFNa","Control ; treatment=Control"
"cgroup_L5_a25d0964","GSE161664",FALSE,FALSE,"trattamento","IL6 ; treatment=IL6","Control ; treatment=Control"
"cgroup_L5_dde29fb4","GSE161701",FALSE,FALSE,"trattamento","wild-type H2O2 ; genotype=wild-type ; treatment=H2O2","wild-type untreated ; genotype=wild-type ; treatment"
"cgroup_L5_d9e23e09","GSE161761",FALSE,FALSE,"trattamento","TNF for 14 days ; perturbation=TNF ; duration=14 days","Untreated"
"cgroup_L5_d9e23e09","GSE161761",FALSE,FALSE,"trattamento","TNF for 2 days ; perturbation=TNF ; duration=2 days","Untreated"
"cgroup_L5_021e875e","GSE161800",FALSE,FALSE,"trattamento","Cisplatin-treated arrested cells ; treatment=Cisplatin ; cell_state=Arrested","Untreated arrested cells ; treatment=Untreated ; cel"
"cgroup_L5_021e875e","GSE161800",FALSE,FALSE,"trattamento","Cisplatin-treated proliferative cells ; treatment=Cisplatin ; cell_state=Proli","Untreated arrested cells ; treatment=Untreated ; cel"
"cgroup_L5_021e875e","GSE161800",FALSE,FALSE,"trattamento","Cisplatin-treated pre-sorted cells ; treatment=Cisplatin ; cell_state=Pre-sort","Untreated arrested cells ; treatment=Untreated ; cel"
"cgroup_L5_021e875e","GSE161800",FALSE,FALSE,"trattamento","Cisplatin-treated pre-sorted cells ; treatment=Cisplatin ; cell_state=Pre-sort","Untreated arrested cells ; treatment=Untreated ; cel"
"cgroup_L5_021e875e","GSE161800",FALSE,FALSE,"trattamento","Cisplatin-treated proliferating cells ; treatment=Cisplatin ; cell_state=Proli","Untreated arrested cells ; treatment=Untreated ; cel"
"cgroup_L5_f34ff8df","GSE161803",FALSE,FALSE,"trattamento","Capan2 etoposide ; cell_line=Capan2 ; treatment=etoposide","Capan2 untreated ; cell_line=Capan2 ; treatment=untr"
"cgroup_L5_f34ff8df","GSE161803",FALSE,FALSE,"trattamento","H661 etoposide ; cell_line=H661 ; treatment=etoposide","H661 untreated ; cell_line=H661 ; treatment=untreate"
"cgroup_L5_f34ff8df","GSE161803",FALSE,FALSE,"trattamento","PC9 etoposide ; cell_line=PC9 ; treatment=etoposide","PC9 untreated ; cell_line=PC9 ; treatment=untreated"
"cgroup_L5_dde29fb4","GSE161860",FALSE,FALSE,"trattamento","H2O2 treated ; treatment=H2O2 ; cell_line=SH-SY5Y","Untreated control 1 ; treatment=untreated ; cell_lin"
"cgroup_L5_dde29fb4","GSE161860",FALSE,FALSE,"trattamento","H2O2 treated with ATRA protocol ; treatment=H2O2 ; protocol=ATRA differentiati","Untreated control 1 ; treatment=untreated ; cell_lin"
"cgroup_L5_9bb4734d","GSE161916",FALSE,FALSE,"trattamento","IFNb ; treatment=IFNb","untreated ; treatment=untreated"
"cgroup_L5_9bdf0dcb","GSE161916",FALSE,FALSE,"trattamento","IFNa ; treatment=IFNa","untreated ; treatment=untreated"
"cgroup_L5_9bb4734d","GSE161916",FALSE,FALSE,"trattamento","IFNb ; treatment=IFNb","untreated ; treatment=untreated"
"cgroup_L5_87c40ebb","GSE161916",FALSE,FALSE,"trattamento","IFNg ; treatment=IFNg","untreated ; treatment=untreated"
"cgroup_L5_87c40ebb","GSE161916",FALSE,FALSE,"trattamento","IFNg ; treatment=IFNg","untreated ; treatment=untreated"
"cgroup_L5_905be893","GSE161916",FALSE,FALSE,"trattamento","IL1b ; treatment=IL1b","untreated ; treatment=untreated"
"cgroup_L5_b71a25a2","GSE162205",FALSE,FALSE,"trattamento","JQ1 500nM 4h Bone Marrow ; treatment=JQ1 ; dose=500nM ; duration=4h","Control Bone Marrow ; treatment=none ; dose=none ; d"
"cgroup_L5_b71a25a2","GSE162205",FALSE,FALSE,"trattamento","JQ1 500nM 4h Bone Marrow ; treatment=JQ1 ; dose=500nM ; duration=4h","Control Bone Marrow ; treatment=none ; dose=none ; d"
"cgroup_L5_b71a25a2","GSE162205",FALSE,FALSE,"trattamento","JQ1 500nM 18h Bone Marrow ; treatment=JQ1 ; dose=500nM ; duration=18h","Control Bone Marrow ; treatment=none ; dose=none ; d"
"cgroup_L5_17b35bdc","GSE162285",FALSE,FALSE,"trattamento","HCI002 docetaxel ; treatment=docetaxel ; cell_line=HCI002","HCI002 vehicle ; treatment=vehicle ; cell_line=HCI00"
"cgroup_L5_17b35bdc","GSE162285",FALSE,FALSE,"trattamento","HCI003 docetaxel ; treatment=docetaxel ; cell_line=HCI003","HCI003 vehicle ; treatment=vehicle ; cell_line=HCI00"
"cgroup_L5_a4029927","GSE162285",FALSE,FALSE,"trattamento","HCI003 afatinib ; treatment=afatinib ; cell_line=HCI003","HCI003 vehicle ; treatment=vehicle ; cell_line=HCI00"
"cgroup_L5_17b35bdc","GSE162285",FALSE,FALSE,"trattamento","HCI011 docetaxel ; treatment=docetaxel ; cell_line=HCI011","HCI011 vehicle (negative control) ; treatment=vehicl"
"cgroup_L5_17b35bdc","GSE162285",FALSE,FALSE,"trattamento","MDAMB231 xenograft docetaxel ; treatment=docetaxel ; cell_line=MDAMB231","MDAMB231 xenograft vehicle (negative control) ; trea"
"cgroup_L5_17b35bdc","GSE162285",FALSE,FALSE,"trattamento","MSK-PCa1 docetaxel-persister ; treatment=docetaxel ; cell_line=MSK-PCa1","MSK-PCa1 vehicle (negative control) ; treatment=vehi"
"cgroup_L5_17b35bdc","GSE162285",FALSE,FALSE,"trattamento","MSK-PCa3 docetaxel ; treatment=docetaxel ; cell_line=MSK-PCa3","MSK-PCa3 vehicle (time zero) ; treatment=vehicle ; c"
"cgroup_L5_17b35bdc","GSE162285",FALSE,FALSE,"trattamento","MSK-PCa7 docetaxel-persister ; treatment=docetaxel ; cell_line=MSK-PCa7","MSK-PCa7 vehicle (negative control) ; treatment=vehi"
"cgroup_L5_17b35bdc","GSE162285",FALSE,FALSE,"trattamento","PM154 docetaxel-persister ; treatment=docetaxel ; cell_line=PM154","PM154 vehicle (negative control) ; treatment=vehicle"
"cgroup_L5_79a73ac5","GSE162632",FALSE,FALSE,"trattamento","PBMC flu (blood) ; agent=flu ; tissue=blood","PBMC mock (blood) ; agent=mock ; tissue=blood"
"cgroup_L5_79a73ac5","GSE162632",FALSE,FALSE,"trattamento","PBMC flu (blood) ; agent=flu ; tissue=blood","PBMC mock (blood) ; agent=mock ; tissue=blood"
"cgroup_L5_905be893","GSE162691",FALSE,FALSE,"trattamento","Brain AD IL-1Beta Treated ; treatment=IL-1Beta ; cell_context=brain","Brain AD Control ; treatment=Control ; cell_context="
"cgroup_L5_905be893","GSE162691",FALSE,FALSE,"trattamento","Microtissue AD IL-1Beta Treated ; treatment=IL-1Beta ; cell_context=microtissu","Unclear Context AD Control ; treatment=Control ; cel"
"cgroup_L5_905be893","GSE162691",FALSE,FALSE,"trattamento","Microtissue AD IL-1Beta Treated ; treatment=IL-1Beta ; cell_context=microtissu","Unclear Context AD Control ; treatment=Control ; cel"
"cgroup_L5_3824dc37","GSE162694",FALSE,FALSE,"trattamento","NASH_case ; disease_state=NASH","Healthy Control ; disease_status=Normal"
"cgroup_L5_3824dc37","GSE162694",FALSE,FALSE,"trattamento","NASH_case ; disease_state=NASH","Normal_liver_histology ; disease_state=normal_liver_"
"cgroup_L5_be15b706","GSE162696",FALSE,FALSE,"trattamento","IL-13 stimulated wild-type ; treatment=IL-13 ; genetic_modification=wild-type","Untreated wild-type ; treatment=untreated ; genetic_"
"cgroup_L5_be15b706","GSE162696",FALSE,FALSE,"trattamento","IL-13 stimulated miR-141-targeted ; treatment=IL-13 ; genetic_modification=miR","Untreated miR-141-targeted ; treatment=untreated ; g"
"cgroup_L5_a69fcae5","GSE162828",FALSE,FALSE,"trattamento","Systemic Lupus Erythematosus Patient ; disease_state=systemic lupus erythemato","Healthy Control (4) ; disease_state=healthy control"
"cgroup_L5_a69fcae5","GSE162828",FALSE,FALSE,"trattamento","Systemic Lupus Erythematosus Patient ; disease_state=systemic lupus erythemato","Healthy Control (1) ; disease_state=healthy control"
"cgroup_L5_3b91a21d","GSE162960",FALSE,FALSE,"trattamento","Liver metastasis (Donor I) ; disease_state=liver_metastasis ; donor_id=I","Healthy liver tissue (Donor I) ; disease_state=healt"
"cgroup_L5_87c40ebb","GSE163067",FALSE,FALSE,"trattamento","IFNg 50 IU 48h ; treatment=IFNg ; dose=50 IU ; duration=48 hours","No treatment ; treatment=No treatment"
"cgroup_L5_87c40ebb","GSE163067",FALSE,FALSE,"trattamento","IFNg 50 IU 48h ; treatment=IFNg ; dose=50 IU ; duration=48 hours","No treatment ; treatment=No treatment"
"cgroup_L5_c548d053","GSE163165",FALSE,FALSE,"trattamento","LPS 1h ; treatment=LPS ; time=1 hour","Control ; treatment=control ; time=baseline"
"cgroup_L5_c548d053","GSE163165",FALSE,FALSE,"trattamento","LPS 2h ; treatment=LPS ; time=2 hours","Control ; treatment=control ; time=baseline"
"cgroup_L5_c548d053","GSE163165",FALSE,FALSE,"trattamento","LPS 3h ; treatment=LPS ; time=3 hours","Control ; treatment=control ; time=baseline"
"cgroup_L5_df599af1","GSE163196",FALSE,FALSE,"trattamento","Sepsis Patient 7 ; disease_state=sepsis ; patient_id=Patient 7","Healthy Patient 10 ; disease_state=healthy ; patient"
"cgroup_L5_df599af1","GSE163196",FALSE,FALSE,"trattamento","Sepsis Patient 13 ; disease_state=sepsis ; patient_id=Patient 13","Healthy Patient 10 ; disease_state=healthy ; patient"
"cgroup_L5_2e16719f","GSE163241",FALSE,FALSE,"trattamento","UPCI-SCC-040 passage 12, TGF-β1 48h ; treatment=TGF-β1 ; time=48h","UPCI-SCC-040 passage 12, no TGF-β1 treatment (contro"
"cgroup_L5_2e16719f","GSE163241",FALSE,FALSE,"trattamento","UPCI-SCC-040 passage 13, TGF-β1 72h ; treatment=TGF-β1 ; time=72h","UPCI-SCC-040 passage 12, no TGF-β1 treatment (contro"
"cgroup_L5_2e16719f","GSE163241",FALSE,FALSE,"trattamento","UPCI-SCC-040 passage 8, TGF-β1 48h ; treatment=TGF-β1 ; time=48h","UPCI-SCC-040 passage 12, no TGF-β1 treatment (contro"
"cgroup_L5_2e16719f","GSE163241",FALSE,FALSE,"trattamento","UPCI-SCC-040 passage 13, TGF-β1 48h ; treatment=TGF-β1 ; time=48h","UPCI-SCC-040 passage 12, no TGF-β1 treatment (contro"
"cgroup_L5_2e16719f","GSE163241",FALSE,FALSE,"trattamento","UPCI-SCC-040 passage 12, TGF-β1 72h ; treatment=TGF-β1 ; time=72h","UPCI-SCC-040 passage 12, no TGF-β1 treatment (contro"
"cgroup_L5_c3ae78cd","GSE163314",FALSE,FALSE,"trattamento","Crohn's Disease Blood Patient 23 ; disease_state=Crohn's Disease ; tissue=bloo","Healthy Control Blood Patient 21 ; disease_state=Hea"
"cgroup_L5_c3ae78cd","GSE163314",FALSE,FALSE,"trattamento","Crohn's Disease Colon Patient 23 ; disease_state=Crohn's Disease ; tissue=colo","Healthy Control Colon Patient 21 ; disease_state=Hea"
"cgroup_L5_c3ae78cd","GSE163314",FALSE,FALSE,"trattamento","Crohn's Disease Colon Patient 7 ; disease_state=Crohn's Disease ; tissue=colon","Healthy Control Colon Patient 21 ; disease_state=Hea"
"cgroup_L5_83f57274","GSE163333",TRUE,TRUE,"contesto","Hypoxia ; oxygen_condition=hypoxia ; genetic_knockdown=no knockdown","Normoxia ; oxygen_condition=normoxia ; genetic_knock"
"cgroup_L5_5b9a08fb","GSE163377",FALSE,FALSE,"trattamento","MTX 1uM 10h ; treatment=MTX ; duration=10 hours","Untreated 10h ; treatment=untreated ; duration=10 ho"
"cgroup_L5_021e875e","GSE163377",FALSE,FALSE,"trattamento","CDDP 50uM 10h ; treatment=CDDP ; duration=10 hours","Untreated 10h ; treatment=untreated ; duration=10 ho"
"cgroup_L5_a8ff7b6d","GSE163428",FALSE,FALSE,"trattamento","SK-N-BE(2) + ATRA ; treatment=ATRA ; cell_line=SK-N-BE(2)","SK-N-BE(2)C + ethanol ; treatment=ethanol ; cell_lin"
"cgroup_L5_a8ff7b6d","GSE163428",FALSE,FALSE,"trattamento","SK-N-BE(2)C + ATRA ; treatment=ATRA ; cell_line=SK-N-BE(2)C","SK-N-BE(2)C + ethanol ; treatment=ethanol ; cell_lin"
"cgroup_L5_930c8dcf","GSE163539",FALSE,FALSE,"trattamento","DHT-treated LNCaP cells ; treatment=DHT ; cell_type_or_line_raw=LNCaP ; tissue","DMSO-treated LNCaP cells ; treatment=DMSO ; cell_typ"
"cgroup_L5_d9e23e09","GSE163548",FALSE,FALSE,"trattamento","RA FLS TNF-treated finger ; treatment=TNF ; tissue=Finger","RA FLS SF_415B untreated ; treatment=none ; tissue=F"
"cgroup_L5_d9e23e09","GSE163548",FALSE,FALSE,"trattamento","RA FLS TNF-treated knee ; treatment=TNF ; tissue=Knee","RA FLS SF_336 untreated knee ; treatment=none ; tiss"
"cgroup_L5_d9e23e09","GSE163548",FALSE,FALSE,"trattamento","RA FLS TNF-treated shoulder ; treatment=TNF ; tissue=Shoulder","RA FLS SF_407 untreated shoulder ; treatment=none ; "
"cgroup_L5_d9e23e09","GSE163548",FALSE,FALSE,"trattamento","RA FLS TNF-treated wrist ; treatment=TNF ; tissue=Wrist","RA FLS donor 230 untreated wrist ; treatment=none ; "
"cgroup_L5_3fa847fe","GSE163552",FALSE,FALSE,"trattamento","OA patients ; disease_state=Osteoarthritis patients","Healthy controls ; disease_state=Healthy Control"
"cgroup_L5_eb5e1e65","GSE163708",FALSE,FALSE,"trattamento","Dexamethasone + T3 ; treatment=Dexamethasone + T3","Negative Control ; treatment=Negative Control"
"cgroup_L5_3a58e5f5","GSE163831",FALSE,FALSE,"trattamento","PGE2 (6hr) ; treatment=PGE2 ; duration=6hr","Control (6hr) ; treatment=vehicle_only ; duration=6h"
"cgroup_L5_a6fd82fa","GSE163908",FALSE,FALSE,"trattamento","MRC5 cells treated with 4-OHT ; treatment=4-OHT ; cell_type=MRC5 cells","MRC5 cells control group ; treatment=Control ; cell_"
"cgroup_L5_871ae09e","GSE163959",FALSE,FALSE,"trattamento","LS4 SARS-CoV-2 Infected ; infection_status=SARS-CoV-2_infected ; tissue_type=l","LM4 Mock Infected ; infection_status=mock_infected ;"
"cgroup_L5_871ae09e","GSE163959",FALSE,FALSE,"trattamento","LS5 SARS-CoV-2 Infected ; infection_status=SARS-CoV-2_infected ; tissue_type=l","LM5 Mock Infected ; infection_status=mock_infected ;"
"cgroup_L5_871ae09e","GSE163959",FALSE,FALSE,"trattamento","LS6 SARS-CoV-2 Infected ; infection_status=SARS-CoV-2_infected ; tissue_type=l","LM6 Mock Infected ; infection_status=mock_infected ;"
"cgroup_L5_79a73ac5","GSE163959",FALSE,FALSE,"trattamento","Lung Tissue Influenza A Infected ; infection_status=Influenza_A_infected ; tis","LM7 Mock Infected ; infection_status=mock_infected ;"
"cgroup_L5_871ae09e","GSE163959",FALSE,FALSE,"trattamento","Lung Tissue SARS-CoV-2 Infected ; infection_status=SARS-CoV-2_infected ; tissu","LM8 Mock Infected ; infection_status=mock_infected ;"
"cgroup_L5_871ae09e","GSE163959",FALSE,FALSE,"trattamento","Nasal Turbinate SARS-CoV-2 Infected ; infection_status=SARS-CoV-2_infected ; t","TM1 Mock Infected ; infection_status=mock_infected ;"
"cgroup_L5_871ae09e","GSE163959",FALSE,FALSE,"trattamento","Nasal Turbinate SARS-CoV-2 Infected ; infection_status=SARS-CoV-2_infected ; t","TM2 Mock Infected ; infection_status=mock_infected ;"
"cgroup_L5_79a73ac5","GSE163959",FALSE,FALSE,"trattamento","Nasal Turbinate Influenza A Infected ; infection_status=Influenza_A_infected ;","TM3 Mock Infected ; infection_status=mock_infected ;"
"cgroup_L5_79ce3bd1","GSE164012",FALSE,FALSE,"trattamento","bleomycin ; treatment=bleomycin","control ; treatment=control"
"cgroup_L5_79ce3bd1","GSE164012",FALSE,FALSE,"trattamento","bleomycin ; treatment=bleomycin","control ; treatment=control"
"cgroup_L5_79ce3bd1","GSE164012",FALSE,FALSE,"trattamento","bleomycin ; treatment=bleomycin","control ; treatment=control"
"cgroup_L5_871ae09e","GSE164073",FALSE,FALSE,"trattamento","Cornea_SARS-CoV-2 ; treatment=SARS-CoV-2 ; tissue=cornea","Cornea_mock ; treatment=mock ; tissue=cornea"
"cgroup_L5_871ae09e","GSE164073",FALSE,FALSE,"trattamento","Limbus_SARS-CoV-2 ; treatment=SARS-CoV-2 ; tissue=limbus","Limbus_mock ; treatment=mock ; tissue=limbus"
"cgroup_L5_871ae09e","GSE164073",FALSE,FALSE,"trattamento","Sclera_SARS-CoV-2 ; treatment=SARS-CoV-2 ; tissue=sclera","Sclera_mock ; treatment=mock ; tissue=sclera"
"cgroup_L5_c5e86fe9","GSE164088",FALSE,FALSE,"trattamento","olaparib-treated CAFs (ovarian) ; treatment=olaparib ; cell_type=primary cance","DMSO-treated CAFs (ovarian) ; treatment=DMSO ; cell_"
"cgroup_L5_479c6221","GSE164247",FALSE,FALSE,"trattamento","GSK126 ; treatment=GSK126 ; cell_line=NCI-H1963 ; passage_or_state=Low passage","DMSO ; treatment=DMSO ; cell_line=NCI-H1963 ; passag"
"cgroup_L5_b9c77320","GSE164264",FALSE,FALSE,"trattamento","HIV-1 infected PBMCs ; infection=HIV-1","Negative control PBMCs ; infection=negative control"
"cgroup_L5_debadb13","GSE164266",FALSE,FALSE,"trattamento","Vγ9+Vδ2+ T cells from HBV patients ; disease_state=hepatitis B virus-related c","Vγ9+Vδ2+ T cells from healthy donors ; disease_state"
"cgroup_L5_7805eee6","GSE164332",FALSE,FALSE,"trattamento","COVID-19 Frontal Cortex ; disease_state=COVID-19 ; tissue=Frontal cortex","Control Frontal Cortex 1 ; disease_state=Control ; t"
"cgroup_L5_7805eee6","GSE164332",FALSE,FALSE,"trattamento","COVID-19 Frontal Cortex ; disease_state=COVID-19 ; tissue=Frontal cortex","Control Frontal Cortex 2 ; disease_state=Control ; t"
"cgroup_L5_7805eee6","GSE164332",FALSE,FALSE,"trattamento","COVID-19 Frontal Cortex 2 ; disease_state=COVID-19 ; tissue=frontal cortex","Control Frontal Cortex 1 ; disease_state=Control ; t"
"cgroup_L5_7805eee6","GSE164332",FALSE,FALSE,"trattamento","COVID-19 Frontal Cortex 2 ; disease_state=COVID-19 ; tissue=frontal cortex","Control Frontal Cortex 2 ; disease_state=Control ; t"
"cgroup_L5_7805eee6","GSE164332",FALSE,FALSE,"trattamento","COVID-19 Frontal Cortex 3 ; disease_state=COVID-19 ; tissue=frontal cortex","Control Frontal Cortex 1 ; disease_state=Control ; t"
"cgroup_L5_7805eee6","GSE164332",FALSE,FALSE,"trattamento","COVID-19 Frontal Cortex 3 ; disease_state=COVID-19 ; tissue=frontal cortex","Control Frontal Cortex 2 ; disease_state=Control ; t"
"cgroup_L5_7805eee6","GSE164332",FALSE,FALSE,"trattamento","COVID-19 Frontal Cortex 4 ; disease_state=COVID-19 ; tissue=frontal cortex","Control Frontal Cortex 1 ; disease_state=Control ; t"
"cgroup_L5_7805eee6","GSE164332",FALSE,FALSE,"trattamento","COVID-19 Frontal Cortex 4 ; disease_state=COVID-19 ; tissue=frontal cortex","Control Frontal Cortex 2 ; disease_state=Control ; t"
"cgroup_L5_bd19fe42","GSE164359",FALSE,FALSE,"trattamento","Hepatocellular Carcinoma ; disease_status=hepatocellular carcinoma ; treatment","Adjacent Liver Tissue ; disease_status=normal ; trea"
"cgroup_L5_bd19fe42","GSE164359",FALSE,FALSE,"trattamento","Hepatocellular Carcinoma Case ; disease_status=hepatocellular carcinoma ; trea","Adjacent Liver Tissue ; disease_status=normal ; trea"
"cgroup_L5_bd19fe42","GSE164359",FALSE,FALSE,"trattamento","Recurrent Hepatocellular Carcinoma ; disease_status=recurrent hepatocellular c","Adjacent Liver Tissue ; disease_status=normal ; trea"
"cgroup_L5_721184e6","GSE164370",FALSE,FALSE,"trattamento","T24/R + THZ1 ; treatment=THZ1 ; time(hours)=6","T24/R + DMSO ; treatment=DMSO ; time(hours)=6"
"cgroup_L5_889ec305","GSE164541",FALSE,FALSE,"trattamento","CRC patient1 ; disease_state=colorectal cancer ; donor_id=patient1","Normal colon epithelium patient1 ; disease_state=nor"
"cgroup_L5_889ec305","GSE164541",FALSE,FALSE,"trattamento","CRC patient1 ; disease_state=colorectal cancer ; donor_id=patient1","Normal colon epithelium patient1 ; disease_state=nor"
"cgroup_L5_889ec305","GSE164541",FALSE,FALSE,"trattamento","CRC patient2 ; disease_state=colorectal cancer ; donor_id=patient2","Normal colon epithelium patient1 ; disease_state=nor"
"cgroup_L5_c3ae78cd","GSE164871",FALSE,FALSE,"trattamento","Crohn's Disease CD4 ; disease_state=crohn's disease ; cell_type_or_line_raw=CD","Healthy Control Colon Tissue ; disease_state=control"
"cgroup_L5_c3ae78cd","GSE164871",FALSE,FALSE,"trattamento","Crohn's Disease Colon Tissue ; disease_state=crohn's disease ; cell_type_or_li","Healthy Control Colon Tissue ; disease_state=control"
"cgroup_L5_56d531e8","GSE164884",FALSE,FALSE,"trattamento","Nicotinamide Day 7 ; Treatment=Nicotinamide ; Developmental Stage=Day 7","Control Day 7 ; Treatment=Vehicle Control ; Developm"
"cgroup_L5_56d531e8","GSE164884",FALSE,FALSE,"trattamento","Nicotinamide Day 4 ; Treatment=Nicotinamide ; Developmental Stage=Day 4","Control Day 4 ; Treatment=Vehicle Control ; Developm"
"cgroup_L5_87c40ebb","GSE164902",FALSE,FALSE,"trattamento","IFNgamma ; treatment=IFNgamma ; cell_type=MDA-MB-231","DMSO ; treatment=DMSO ; cell_type=MDA-MB-231"
"cgroup_L5_721184e6","GSE164902",FALSE,FALSE,"trattamento","THZ1 ; treatment=THZ1 ; cell_type=MDA-MB-231","DMSO ; treatment=DMSO ; cell_type=MDA-MB-231"
"cgroup_L5_721184e6","GSE164933",FALSE,FALSE,"trattamento","THZ1 ; treatment=THZ1 ; cell_line=D458 ; disease_state=medulloblastoma","DMSO ; treatment=DMSO ; cell_line=D458 ; disease_sta"
"cgroup_L5_601ede7b","GSE165019",FALSE,FALSE,"trattamento","H1650_osimertinib_4hr ; treatment=osimertinib ; cell_line=H1650","H1650_DMSO_4hr ; treatment=DMSO ; cell_line=H1650"
"cgroup_L5_601ede7b","GSE165019",FALSE,FALSE,"trattamento","H1975_osimertinib_4hr ; treatment=osimertinib ; cell_line=H1975","H1975_DMSO_4hr ; treatment=DMSO ; cell_line=H1975"
"cgroup_L5_601ede7b","GSE165019",FALSE,FALSE,"trattamento","H1975_osimertinib_day ; treatment=osimertinib ; cell_line=H1975","H1975_DMSO_4hr ; treatment=DMSO ; cell_line=H1975"
"cgroup_L5_601ede7b","GSE165019",FALSE,FALSE,"trattamento","HCC4006_osimertinib_AZD8hr ; treatment=osimertinib ; cell_line=HCC4006","HCC4006_DMSO_4hr ; treatment=DMSO ; cell_line=HCC400"
"cgroup_L5_601ede7b","GSE165019",FALSE,FALSE,"trattamento","HCC4006_osimertinib_day ; treatment=osimertinib ; cell_line=HCC4006","HCC4006_DMSO_4hr ; treatment=DMSO ; cell_line=HCC400"
"cgroup_L5_601ede7b","GSE165019",FALSE,FALSE,"trattamento","HCC4006_osimertinib_AZD4hr ; treatment=osimertinib ; cell_line=HCC4006","HCC4006_DMSO_4hr ; treatment=DMSO ; cell_line=HCC400"
"cgroup_L5_601ede7b","GSE165019",FALSE,FALSE,"trattamento","PC9_osimertinib_4hr ; treatment=osimertinib ; cell_line=PC9","PC9_DMSO_4hr ; treatment=DMSO ; cell_line=PC9"
"cgroup_L5_871ae09e","GSE165200",FALSE,FALSE,"trattamento","Small Airway epithelium SARS-CoV2 48h ; cell_model=Small Airway epithelium ; t","Small Airway epithelium Vehicle Only ; cell_model=Sm"
"cgroup_L5_871ae09e","GSE165200",FALSE,FALSE,"trattamento","Small Airway epithelium SARS-CoV2 72h ; cell_model=Small Airway epithelium ; t","Small Airway epithelium Vehicle Only ; cell_model=Sm"
"cgroup_L5_930c8dcf","GSE165246",FALSE,FALSE,"trattamento","LNCaP + DHT ; perturbation=vehicle ; treatment=DHT","LNCaP + vehicle ; perturbation=vehicle ; treatment=v"
"cgroup_L5_7805eee6","GSE165461",FALSE,FALSE,"trattamento","COVID-19 Untreated ; disease_state=COVID-19 ; treatment=Untreated","Healthy Control ; disease_state=Healthy ; treatment="
"cgroup_L5_7805eee6","GSE165461",FALSE,FALSE,"trattamento","COVID-19 Untreated (smaller cohort) ; disease_state=COVID-19 ; treatment=Untre","Healthy Control ; disease_state=Healthy ; treatment="
"cgroup_L5_c3ae78cd","GSE165512",FALSE,FALSE,"trattamento","Colon CD ; disease_status=Crohn's Disease ; tissue_type=colon","Healthy Colon CS219 ; disease_status=Healthy ; tissu"
"cgroup_L5_3f0cc1fe","GSE165512",FALSE,FALSE,"trattamento","Colon UC ; disease_status=Ulcerative Colitis ; tissue_type=colon","Healthy Colon CS219 ; disease_status=Healthy ; tissu"
"cgroup_L5_c3ae78cd","GSE165512",FALSE,FALSE,"trattamento","Ileum CD ; disease_status=Crohn's Disease ; tissue_type=ileum","Ileum Healthy ; disease_status=Healthy ; tissue_type"
"cgroup_L5_c3ae78cd","GSE165512",FALSE,FALSE,"trattamento","IM376_Crohn's_Disease ; disease_state=Crohn's Disease ; cell_type_or_line_raw=","IS322_Healthy ; disease_state=Healthy ; cell_type_or"
"cgroup_L5_c3ae78cd","GSE165512",FALSE,FALSE,"trattamento","IM381_Crohn's_Disease ; disease_state=Crohn's Disease ; cell_type_or_line_raw=","IS418_Healthy ; disease_state=Healthy ; cell_type_or"
"cgroup_L5_c3ae78cd","GSE165512",FALSE,FALSE,"trattamento","IM382_Crohn's_Disease ; disease_state=Crohn's Disease ; cell_type_or_line_raw=","IS430_Healthy ; disease_state=Healthy ; cell_type_or"
"cgroup_L5_c3ae78cd","GSE165512",FALSE,FALSE,"trattamento","IM385_Crohn's_Disease ; disease_state=Crohn's Disease ; cell_type_or_line_raw=","IS437_Healthy ; disease_state=Healthy ; cell_type_or"
"cgroup_L5_c3ae78cd","GSE165512",FALSE,FALSE,"trattamento","IM390_Crohn's_Disease ; disease_state=Crohn's Disease ; cell_type_or_line_raw=","IS322_Healthy ; disease_state=Healthy ; cell_type_or"
"cgroup_L5_c3ae78cd","GSE165512",FALSE,FALSE,"trattamento","IM397_Crohn's_Disease ; disease_state=Crohn's Disease ; cell_type_or_line_raw=","IS418_Healthy ; disease_state=Healthy ; cell_type_or"
"cgroup_L5_c3ae78cd","GSE165512",FALSE,FALSE,"trattamento","IM404_Crohn's_Disease ; disease_state=Crohn's Disease ; cell_type_or_line_raw=","IS430_Healthy ; disease_state=Healthy ; cell_type_or"
"cgroup_L5_c3ae78cd","GSE165512",FALSE,FALSE,"trattamento","IM409_Crohn's_Disease ; disease_state=Crohn's Disease ; cell_type_or_line_raw=","IS437_Healthy ; disease_state=Healthy ; cell_type_or"
"cgroup_L5_c3ae78cd","GSE165512",FALSE,FALSE,"trattamento","IM412_Crohn's_Disease ; disease_state=Crohn's Disease ; cell_type_or_line_raw=","IS322_Healthy ; disease_state=Healthy ; cell_type_or"
"cgroup_L5_c3ae78cd","GSE165512",FALSE,FALSE,"trattamento","IM421_Crohn's_Disease ; disease_state=Crohn's Disease ; cell_type_or_line_raw=","IS418_Healthy ; disease_state=Healthy ; cell_type_or"
"cgroup_L5_c3ae78cd","GSE165512",FALSE,FALSE,"trattamento","IM425_Crohn's_Disease ; disease_state=Crohn's Disease ; cell_type_or_line_raw=","IS430_Healthy ; disease_state=Healthy ; cell_type_or"
"cgroup_L5_c3ae78cd","GSE165512",FALSE,FALSE,"trattamento","IM432_Crohn's_Disease ; disease_state=Crohn's Disease ; cell_type_or_line_raw=","IS437_Healthy ; disease_state=Healthy ; cell_type_or"
"cgroup_L5_c3ae78cd","GSE165512",FALSE,FALSE,"trattamento","IM438_Crohn's_Disease ; disease_state=Crohn's Disease ; cell_type_or_line_raw=","IS322_Healthy ; disease_state=Healthy ; cell_type_or"
"cgroup_L5_c3ae78cd","GSE165512",FALSE,FALSE,"trattamento","IM442_Crohn's_Disease ; disease_state=Crohn's Disease ; cell_type_or_line_raw=","IS418_Healthy ; disease_state=Healthy ; cell_type_or"
"cgroup_L5_c3ae78cd","GSE165512",FALSE,FALSE,"trattamento","IM445_Crohn's_Disease ; disease_state=Crohn's Disease ; cell_type_or_line_raw=","IS430_Healthy ; disease_state=Healthy ; cell_type_or"
"cgroup_L5_c3ae78cd","GSE165512",FALSE,FALSE,"trattamento","IM448_Crohn's_Disease ; disease_state=Crohn's Disease ; cell_type_or_line_raw=","IS437_Healthy ; disease_state=Healthy ; cell_type_or"
"cgroup_L5_c3ae78cd","GSE165512",FALSE,FALSE,"trattamento","IM449_Crohn's_Disease ; disease_state=Crohn's Disease ; cell_type_or_line_raw=","IS322_Healthy ; disease_state=Healthy ; cell_type_or"
"cgroup_L5_c3ae78cd","GSE165512",FALSE,FALSE,"trattamento","IM451_Crohn's_Disease ; disease_state=Crohn's Disease ; cell_type_or_line_raw=","IS418_Healthy ; disease_state=Healthy ; cell_type_or"
"cgroup_L5_c3ae78cd","GSE165512",FALSE,FALSE,"trattamento","IMSA256_Crohn's_Disease ; disease_state=Crohn's Disease ; cell_type_or_line_ra","IS430_Healthy ; disease_state=Healthy ; cell_type_or"
"cgroup_L5_c3ae78cd","GSE165512",FALSE,FALSE,"trattamento","IMSA276_Crohn's_Disease ; disease_state=Crohn's Disease ; cell_type_or_line_ra","IS437_Healthy ; disease_state=Healthy ; cell_type_or"
"cgroup_L5_c3ae78cd","GSE165512",FALSE,FALSE,"trattamento","IMSA286_Crohn's_Disease ; disease_state=Crohn's Disease ; cell_type_or_line_ra","IS322_Healthy ; disease_state=Healthy ; cell_type_or"
"cgroup_L5_c3ae78cd","GSE165512",FALSE,FALSE,"trattamento","IMSA343_Crohn's_Disease ; disease_state=Crohn's Disease ; cell_type_or_line_ra","IS418_Healthy ; disease_state=Healthy ; cell_type_or"
"cgroup_L5_c3ae78cd","GSE165512",FALSE,FALSE,"trattamento","R286CMSA_Crohn's_Disease ; disease_state=Crohn's Disease ; cell_type_or_line_r","IS430_Healthy ; disease_state=Healthy ; cell_type_or"
"cgroup_L5_c3ae78cd","GSE165512",FALSE,FALSE,"trattamento","R292CMSA_Crohn's_Disease ; disease_state=Crohn's Disease ; cell_type_or_line_r","IS437_Healthy ; disease_state=Healthy ; cell_type_or"
"cgroup_L5_c3ae78cd","GSE165512",FALSE,FALSE,"trattamento","R292IMSA_Crohn's_Disease ; disease_state=Crohn's Disease ; cell_type_or_line_r","IS322_Healthy ; disease_state=Healthy ; cell_type_or"
"cgroup_L5_c3ae78cd","GSE165512",FALSE,FALSE,"trattamento","R371CMSA_Crohn's_Disease ; disease_state=Crohn's Disease ; cell_type_or_line_r","IS418_Healthy ; disease_state=Healthy ; cell_type_or"
"cgroup_L5_c5e86fe9","GSE165548",FALSE,FALSE,"trattamento","Olaparib + Radiotherapy ; treatment=olaparib ; treatment=radiotherapy ; cell_l","Control - No irradiation - No treatment ; treatment="
"cgroup_L5_c5e86fe9","GSE165548",FALSE,FALSE,"trattamento","Olaparib + Radiotherapy ; treatment=olaparib ; treatment=radiotherapy ; cell_l","Control - No irradiation - No treatment ; treatment="
"cgroup_L5_c5e86fe9","GSE165548",FALSE,FALSE,"trattamento","Olaparib + Radiotherapy ; treatment=olaparib ; treatment=radiotherapy ; cell_l","Control - No irradiation - No treatment ; treatment="
"cgroup_L5_a8015c98","GSE165548",FALSE,FALSE,"trattamento","Gemcitabine + Radiotherapy ; treatment=gemcitabine ; treatment=radiotherapy ; ","Control - No irradiation - No treatment ; treatment="
"cgroup_L5_c5e86fe9","GSE165548",FALSE,FALSE,"trattamento","Olaparib + Radiotherapy ; treatment=olaparib ; treatment=radiotherapy ; cell_l","Control - No irradiation - No treatment ; treatment="
"cgroup_L5_021e875e","GSE165560",FALSE,FALSE,"trattamento","Cisplatin-treated HeLa cells ; treatment=Cisplatin ; cell_line=HeLa ; dose=80 ","DMSO-treated HeLa cells ; treatment=DMSO ; cell_line"
"cgroup_L5_021e875e","GSE165560",FALSE,FALSE,"trattamento","Cisplatin-treated HeLa cells ; treatment=Cisplatin ; cell_line=HeLa ; dose=80 ","DMSO-treated HeLa cells ; treatment=DMSO ; cell_line"
"cgroup_L5_021e875e","GSE165560",FALSE,FALSE,"trattamento","Cisplatin-treated HeLa cells ; treatment=Cisplatin ; cell_line=HeLa ; dose=80 ","DMSO-treated HeLa cells ; treatment=DMSO ; cell_line"
"cgroup_L5_ba4af011","GSE165585",FALSE,FALSE,"trattamento","Irradiation (three replicates) ; treatment=irradiation ; cell_context=Buccal m","Control (untreated) ; treatment=untreated ; cell_con"
"cgroup_L5_c5e86fe9","GSE165585",FALSE,FALSE,"trattamento","Olaparib (two replicates) ; treatment=olaparib ; cell_context=Buccal mucosa sq","Control (untreated) ; treatment=untreated ; cell_con"
"cgroup_L5_021e875e","GSE165767",FALSE,FALSE,"trattamento","T24 + cisplatin ; treatment=cisplatin ; cell_line=T24","T24 + PBS ; treatment=PBS ; cell_line=T24"
"cgroup_L5_021e875e","GSE165767",FALSE,FALSE,"trattamento","T24 + cisplatin (single replicate) ; treatment=cisplatin ; cell_line=T24","T24 + PBS ; treatment=PBS ; cell_line=T24"
"cgroup_L5_889ec305","GSE165814",FALSE,FALSE,"trattamento","Colorectal cancer patient ILC3s (Tumor) ; disease_state=colorectal_cancer ; ce","Healthy donor ILC3s ; disease_state=healthy ; cell_c"
"cgroup_L5_889ec305","GSE165814",FALSE,FALSE,"trattamento","Colorectal cancer patient ILC3s (Tumor) ; disease_state=colorectal_cancer ; ce","Healthy donor ILC3s ; disease_state=healthy ; cell_c"
"cgroup_L5_8a54ddd6","GSE166033",FALSE,FALSE,"trattamento","Doxorubicin ; treatment=Doxorubicin","DMSO ; treatment=DMSO"
"cgroup_L5_d9e23e09","GSE166079",FALSE,FALSE,"trattamento","TNF-stimulated Langerhans cells ; treatment=TNF ; cell_type=Langerhans cells ;","Unstimulated Langerhans cells ; treatment=unstimulat"
"cgroup_L5_37942548","GSE166214",FALSE,FALSE,"trattamento","SH-SY5Y Retinoic Acid (30 µM) ; treatment=retinoic acid ; concentration=30 µM ","SH-SY5Y Control (DMSO) ; treatment=DMSO ; cell_type="
"cgroup_L5_37942548","GSE166214",FALSE,FALSE,"trattamento","SH-SY5Y Retinoic Acid (30 µM) ; treatment=retinoic acid ; concentration=30 µM ","SH-SY5Y Control (DMSO) ; treatment=DMSO ; cell_type="
"cgroup_L5_37942548","GSE166214",FALSE,FALSE,"trattamento","SH-SY5Y Retinoic Acid (30 µM) ; treatment=retinoic acid ; concentration=30 µM ","SH-SY5Y Control (DMSO) ; treatment=DMSO ; cell_type="
"cgroup_L5_c548d053","GSE166238",FALSE,FALSE,"trattamento","LPS, Donor C ; treatment=LPS ; donor=Donor_C","RPMI media, Donor C ; treatment=RPMI media ; donor=D"
"cgroup_L5_c548d053","GSE166238",FALSE,FALSE,"trattamento","LPS, Donor A ; treatment=LPS ; donor=Donor_A","RPMI media, Donor A ; treatment=RPMI media ; donor=D"
"cgroup_L5_c548d053","GSE166238",FALSE,FALSE,"trattamento","LPS, Donor B ; treatment=LPS ; donor=Donor_B","RPMI media, Donor B ; treatment=RPMI media ; donor=D"
"cgroup_L5_3a0a595f","GSE166617",FALSE,FALSE,"trattamento","BRAFi resistant M229 + Dasatinib ; cell_line=BRAFi resistant M229 ; treatment=","BRAFi resistant M229 + DMSO ; cell_line=BRAFi resist"
"cgroup_L5_3a0a595f","GSE166617",FALSE,FALSE,"trattamento","BRAFi resistant Mel501 + Dasatinib ; cell_line=BRAFi resistant Mel501 ; treatm","BRAFi resistant Mel501 + DMSO ; cell_line=BRAFi resi"
"cgroup_L5_3a0a595f","GSE166617",FALSE,FALSE,"trattamento","BRAFi resistant SkMel28 + Dasatinib ; cell_line=BRAFi resistant SkMel28 ; trea","BRAFi resistant SkMel28 + untreated ; cell_line=BRAF"
"cgroup_L5_c5e86fe9","GSE167005",FALSE,FALSE,"trattamento","Olaparib 10 uM 24h ; treatment=olaparib ; duration=24 h","DMSO 24h ; treatment=DMSO ; duration=24 h"
"cgroup_L5_c5e86fe9","GSE167005",FALSE,FALSE,"trattamento","Olaparib 10 uM 48h ; treatment=olaparib ; duration=48 h","DMSO 48h ; treatment=DMSO ; duration=48 h"
"cgroup_L5_c5e86fe9","GSE167005",FALSE,FALSE,"trattamento","Olaparib 10 uM 12h ; treatment=olaparib ; duration=12 h","DMSO 12h ; treatment=DMSO ; duration=12 h"
"cgroup_L5_871ae09e","GSE167131",FALSE,FALSE,"trattamento","Calu-3 cells infected with SARS-CoV2 (USA-WA1/2020) ; viral_infection=SARS-CoV","Mock-infected Calu-3 cells ; viral_infection=mock"
"cgroup_L5_d7ad915e","GSE167762",FALSE,FALSE,"trattamento","VPA ; treatment=VPA ; cell_type=HEK293T","untreated ; treatment=untreated ; cell_type=HEK293T"
"cgroup_L5_f9cc41b3","GSE168462",FALSE,FALSE,"trattamento","CBAM-68552 PDX cells, VTP50469, 21 days ; treatment=VTP50469 ; cell_line=CBAM-","CBAM-68552 PDX cells, vehicle control, 21 days ; tre"
"cgroup_L5_c548d053","GSE168468",FALSE,FALSE,"trattamento","LPS ; Treatment=LPS ; Time=4 hours","Vehicle Control ; Treatment=RPMI media ; Time=4 hour"
"cgroup_L5_c548d053","GSE168468",FALSE,FALSE,"trattamento","LPS ; Treatment=LPS ; Time=4 hours","Vehicle Control ; Treatment=RPMI media ; Time=4 hour"
"cgroup_L5_c548d053","GSE168468",FALSE,FALSE,"trattamento","LPS + Vehicle Control ; Treatment=LPS ; Time=4 hours","Vehicle Control ; Treatment=RPMI media ; Time=4 hour"
"cgroup_L5_c548d053","GSE168468",FALSE,FALSE,"trattamento","LPS + Vehicle Control ; Treatment=LPS ; Time=4 hours","Vehicle Control ; Treatment=RPMI media ; Time=4 hour"
"cgroup_L5_c548d053","GSE168468",FALSE,FALSE,"trattamento","LPS ; Treatment=LPS ; Time=4 hours","Vehicle Control ; Treatment=RPMI media ; Time=4 hour"
"cgroup_L5_c548d053","GSE168468",FALSE,FALSE,"trattamento","LPS ; Treatment=LPS ; Time=4 hours","Vehicle Control ; Treatment=RPMI media ; Time=4 hour"
"cgroup_L5_c548d053","GSE168468",FALSE,FALSE,"trattamento","LPS ; Treatment=LPS ; Time=4 hours","Vehicle Control ; Treatment=RPMI media ; Time=4 hour"
"cgroup_L5_c548d053","GSE168468",FALSE,FALSE,"trattamento","LPS ; Treatment=LPS ; Time=24 hours","Vehicle Control ; Treatment=RPMI media ; Time=4 hour"
"cgroup_L5_c548d053","GSE168468",FALSE,FALSE,"trattamento","LPS ; Treatment=LPS ; Time=4 hours","Vehicle Control ; Treatment=RPMI media ; Time=4 hour"
"cgroup_L5_85083e38","GSE168496",FALSE,FALSE,"trattamento","Parkinson's disease ; disease_state=Parkinson's disease ; cell_context.cell_ty","Non-demented control ; disease_state=Non-demented co"
"cgroup_L5_12212e41","GSE168527",FALSE,FALSE,"trattamento","KIR- CD8 T multiple sclerosis ; cell_type=KIR- CD8 T ; disease_state=multiple ","KIR- CD8 T healthy ; cell_type=KIR- CD8 T ; disease_"
"cgroup_L5_a69fcae5","GSE168527",FALSE,FALSE,"trattamento","KIR- CD8 T Systemic Lupus Erythematosus ; cell_type=KIR- CD8 T ; disease_state","KIR- CD8 T healthy ; cell_type=KIR- CD8 T ; disease_"
"cgroup_L5_12212e41","GSE168527",FALSE,FALSE,"trattamento","KIR+ CD8 T multiple sclerosis ; cell_type=KIR+ CD8 T ; disease_state=multiple ","KIR+ CD8 T healthy ; cell_type=KIR+ CD8 T ; disease_"
"cgroup_L5_a69fcae5","GSE168527",FALSE,FALSE,"trattamento","KIR+ CD8 T Systemic Lupus Erythematosus ; cell_type=KIR+ CD8 T ; disease_state","KIR+ CD8 T healthy ; cell_type=KIR+ CD8 T ; disease_"
"cgroup_L5_f94b6180","GSE168663",TRUE,TRUE,"contesto","shControl_puro/shControl_neo + R1881 ; Genetic Modification=shControl_puro/shC","shControl_puro/shControl_neo + Vehicle ; Genetic Mod"
"cgroup_L5_f94b6180","GSE168663",TRUE,TRUE,"contesto","shCHD1_neo/shControl_puro + R1881 ; Genetic Modification=shCHD1_neo/shControl_","shCHD1_neo/shControl_puro + Vehicle ; Genetic Modifi"
"cgroup_L5_f94b6180","GSE168663",TRUE,TRUE,"contesto","shMAP3K7_puro/shCHD1_neo + R1881 ; Genetic Modification=shMAP3K7_puro/shCHD1_n","shMAP3K7_puro/shCHD1_neo + Vehicle ; Genetic Modific"
"cgroup_L5_f94b6180","GSE168663",TRUE,TRUE,"contesto","shMAP3K7_puro/shControl_neo + R1881 ; Genetic Modification=shMAP3K7_puro/shCon","shMAP3K7_puro/shControl_neo + Vehicle ; Genetic Modi"
"cgroup_L5_f94b6180","GSE168670",TRUE,TRUE,"contesto","shControl_puro_shControl_neo + R1881 (prostate) ; treatment=R1881 ; genetic_mo","shControl_puro_shControl_neo + Ethanol ; treatment=v"
"cgroup_L5_f94b6180","GSE168670",TRUE,TRUE,"contesto","shControl_puro_shControl_neo + R1881 (prostate cancer) ; treatment=R1881 ; gen","shControl_puro_shControl_neo + Ethanol ; treatment=v"
"cgroup_L5_3ec58cd6","GSE168705",FALSE,FALSE,"trattamento","Obese ; condition=obese","Control ; condition=control"
"cgroup_L5_41f7b088","GSE168815",FALSE,FALSE,"trattamento","HCC827, Dox, Gefitinib ; cell_line=HCC827 ; perturbation=Gefitinib","HCC827, DMSO ; cell_line=HCC827 ; perturbation=DMSO"
"cgroup_L5_31308596","GSE169140",FALSE,FALSE,"trattamento","PMA 24h ; treatment=PMA ; time=24h","Control ; treatment=control ; time=24h"
"cgroup_L5_31308596","GSE169140",FALSE,FALSE,"trattamento","PMA 6h ; treatment=PMA ; time=6h","Control ; treatment=control ; time=24h"
"cgroup_L5_871ae09e","GSE169241",FALSE,FALSE,"trattamento","human heart, SARS-CoV-2 infected person ; cell_type=human heart ; treatment=SA","human ES-derived macrophage, No treatment ; cell_typ"
"cgroup_L5_a32e5eaa","GSE171073",FALSE,FALSE,"trattamento","Gar15-13_Decitabine ; treatment=Decitabine ; cell_line=Breast cancer PDX model","Gar15-13_Vehicle ; treatment=Vehicle ; cell_line=Bre"
"cgroup_L5_a32e5eaa","GSE171073",FALSE,FALSE,"trattamento","HCI005_Decitabine ; treatment=Decitabine ; cell_line=Breast cancer PDX model H","HCI005_Vehicle ; treatment=Vehicle ; cell_line=Breas"
"cgroup_L5_d9e23e09","GSE171170",FALSE,FALSE,"trattamento","TNF (10 ng/ml) ; Treatment=TNF (10 ng/ml)","PBS ; Treatment=PBS"
"cgroup_L5_b32ab7f6","GSE171170",FALSE,FALSE,"trattamento","IL-17A (100 ng/ml) ; Treatment=IL-17A (100 ng/ml)","PBS ; Treatment=PBS"
"cgroup_L5_828ae0cb","GSE171170",FALSE,FALSE,"trattamento","TWEAK (100 ng/ml) ; Treatment=TWEAK (100 ng/ml)","PBS ; Treatment=PBS"
"cgroup_L5_828ae0cb","GSE171170",FALSE,FALSE,"trattamento","TWEAK (100 ng/ml) ; Treatment=TWEAK (100 ng/ml)","PBS ; Treatment=PBS"
"cgroup_L5_828ae0cb","GSE171170",FALSE,FALSE,"trattamento","TWEAK (100 ng/ml) ; Treatment=TWEAK (100 ng/ml)","PBS ; Treatment=PBS"
"cgroup_L5_1d96b9da","GSE171228",FALSE,FALSE,"trattamento","Poly(I:C) 2h (1 rep) ; treatment=Poly(I:C) ; time=2 hours","Untreated (1 rep) ; treatment=untreated ; time=0 hou"
"cgroup_L5_1d96b9da","GSE171228",FALSE,FALSE,"trattamento","Poly(I:C) 3h (1 rep) ; treatment=Poly(I:C) ; time=3 hours","Untreated (1 rep) ; treatment=untreated ; time=0 hou"
"cgroup_L5_e17c136b","GSE171250",FALSE,FALSE,"trattamento","H8822MLN treated with MLN4924 ; treatment=MLN4924 ; cell_line=H8822MLN","Human SCLC PDX treated with Vehicle ; treatment=Vehi"
"cgroup_L5_e17c136b","GSE171250",FALSE,FALSE,"trattamento","H8825MLN treated with MLN4924 ; treatment=MLN4924 ; cell_line=H8825MLN","Human SCLC PDX treated with Vehicle ; treatment=Vehi"
"cgroup_L5_e17c136b","GSE171250",FALSE,FALSE,"trattamento","H8826MLN treated with MLN4924 ; treatment=MLN4924 ; cell_line=H8826MLN","Human SCLC PDX treated with Vehicle ; treatment=Vehi"
"cgroup_L5_e17c136b","GSE171250",FALSE,FALSE,"trattamento","H8829MLN treated with MLN4924 ; treatment=MLN4924 ; cell_line=H8829MLN","Human SCLC PDX treated with Vehicle ; treatment=Vehi"
"cgroup_L5_e17c136b","GSE171250",FALSE,FALSE,"trattamento","Human SCLC PDX treated with MLN4924 ; treatment=MLN4924 ; cell_line=human SCLC","Human SCLC PDX treated with Vehicle ; treatment=Vehi"
"cgroup_L5_e17c136b","GSE171255",FALSE,FALSE,"trattamento","MSK-LX227C treated with MLN4924 ; treatment=MLN4924 ; cell_line=MSK-LX227C","MSK-LX227C treated with Vehicle ; treatment=Vehicle "
"cgroup_L5_e17c136b","GSE171260",FALSE,FALSE,"trattamento","FHSC39 MLN4924 ; treatment=MLN4924 ; cell_line=FHSC39","FHSC39 Vehicle ; treatment=Vehicle ; cell_line=FHSC3"
"cgroup_L5_8ac307e0","GSE171358",FALSE,FALSE,"trattamento","ACHN cells treated with Cabozantinib ; Treatment=Cabozantinib","Untreated ACHN cells ; Treatment=Untreated"
"cgroup_L5_3a0a595f","GSE171358",FALSE,FALSE,"trattamento","ACHN cells treated with Dasatinib ; Treatment=Dasatinib","Untreated ACHN cells ; Treatment=Untreated"
"cgroup_L5_d28620cd","GSE171543",FALSE,FALSE,"trattamento","cc14 colon cancer cells treated with STS ; treatment=STS ; cell_type=cc14 colo","cc14 colon cancer cells treated with DMSO ; treatmen"
"cgroup_L5_d28620cd","GSE171560",FALSE,FALSE,"trattamento","Colon cancer cells treated with STS for 48 hours ; treatment=STS ; time(hours)","Colon cancer cells treated with DMSO for 48 hours ; "
"cgroup_L5_74daf1c9","GSE171638",FALSE,FALSE,"trattamento","Treg_Donor_1_OSCC ; cell_type=Treg ; treatment=OSCC","Treg_Donor_1_no_treatment ; cell_type=Treg ; treatme"
"cgroup_L5_905be893","GSE171652",FALSE,FALSE,"trattamento","IL-1β Stimulated Meniscus ; treatment=IL-1β ; cell_type_or_line_raw=meniscus","Untreated Meniscus ; treatment=untreated ; cell_type"
"cgroup_L5_721184e6","GSE171676",FALSE,FALSE,"trattamento","THZ1-treated CD4+ T cells (Psoriasis) ; treatment=THZ1 ; dose=10 nM ; disease_","DMSO-treated CD4+ T cells (Psoriasis) ; treatment=DM"
"cgroup_L5_721184e6","GSE171676",FALSE,FALSE,"trattamento","THZ1-treated CD4+ T cells (Psoriasis) ; treatment=THZ1 ; dose=10 nM ; disease_","DMSO-treated CD4+ T cells (Psoriasis) [2 uM] ; treat"
"cgroup_L5_49d55bfd","GSE171750",FALSE,FALSE,"trattamento","A549 adenocarcinoma Compound A_2 + IL4 ; treatment=Compound A_2 + IL4 ; cell_s","A549 untreated ; treatment=untreated"
"cgroup_L5_49d55bfd","GSE171750",FALSE,FALSE,"trattamento","A549 adenocarcinoma Compound A_3 + IL4 ; treatment=Compound A_3 + IL4 ; cell_s","A549 untreated ; treatment=untreated"
"cgroup_L5_49d55bfd","GSE171750",FALSE,FALSE,"trattamento","A549 adenocarcinoma IL4 _1 ; treatment=IL4 _1 ; cell_state=adenocarcinoma","A549 untreated ; treatment=untreated"
"cgroup_L5_49d55bfd","GSE171750",FALSE,FALSE,"trattamento","A549 adenocarcinoma IL4 _2 ; treatment=IL4 _2 ; cell_state=adenocarcinoma","A549 untreated ; treatment=untreated"
"cgroup_L5_49d55bfd","GSE171750",FALSE,FALSE,"trattamento","A549 adenocarcinoma IL4 ; treatment=IL4 ; cell_state=adenocarcinoma","A549 untreated ; treatment=untreated"
"cgroup_L5_b32ab7f6","GSE171952",FALSE,FALSE,"trattamento","Chondrocytes_P33_IL-17A ; cell_type=Chondrocytes ; treatment=IL-17A ; donor_id","Chondrocytes_P33_Control_vehicle ; cell_type=Chondro"
"cgroup_L5_b32ab7f6","GSE171952",FALSE,FALSE,"trattamento","Synovial_fibroblasts_P330_IL-17A ; cell_type=Synovial fibroblasts ; treatment=","Synovial_fibroblasts_P330_Control_vehicle ; cell_typ"
"cgroup_L5_1bbf4b9b","GSE172032",FALSE,FALSE,"trattamento","Gastric cancer tissue ; disease_state=gastric_cancer","Matched adjacent normal tissue ; disease_state=norma"
"cgroup_L5_f94b6180","GSE172094",TRUE,TRUE,"contesto","LNCaP + R1881 (0.1 nM, 3h) + control siRNA ; treatment=R1881 ; knockdown=contr","LNCaP + control siRNA + ETOH ; treatment=vehicle ; k"
"cgroup_L5_f94b6180","GSE172094",TRUE,TRUE,"contesto","LNCaP + R1881 (0.1 nM) + control siRNA ; treatment=R1881 ; knockdown=control s","LNCaP + control siRNA + ETOH ; treatment=vehicle ; k"
"cgroup_L5_f94b6180","GSE172205",FALSE,FALSE,"trattamento","Prostate tissue treated with R1881 and atraric acid (AA) ; treatment=R1881_atr","C4-2 cells treated with DMSO ; treatment=DMSO ; cell"
"cgroup_L5_a8015c98","GSE172303",FALSE,FALSE,"trattamento","SW1990 Gemcitabine adapted ; cell_line=SW1990 ; treatment=Gemcitabine adapted","SW1990 untreated ; cell_line=SW1990 ; treatment=none"
"cgroup_L5_4d535f25","GSE172442",FALSE,FALSE,"trattamento","AMO1_YKL-5-124_100nM ; cell_line=AMO1 ; treatment=YKL-5-124 ; dose=100nM","AMO1_DMSO ; cell_line=AMO1 ; treatment=DMSO"
"cgroup_L5_4d535f25","GSE172442",FALSE,FALSE,"trattamento","AMO1_YKL-5-124_100nM_rep ; cell_line=AMO1 ; treatment=YKL-5-124 ; dose=100nM","AMO1_DMSO_rep ; cell_line=AMO1 ; treatment=DMSO"
"cgroup_L5_4d535f25","GSE172442",FALSE,FALSE,"trattamento","AMO1_YKL-5-124_1000nM ; cell_line=AMO1 ; treatment=YKL-5-124 ; dose=1000nM","AMO1_DMSO ; cell_line=AMO1 ; treatment=DMSO"
"cgroup_L5_4d535f25","GSE172442",FALSE,FALSE,"trattamento","XG1_YKL-5-124_100nM ; cell_line=XG1 ; treatment=YKL-5-124 ; dose=100nM","XG1_DMSO ; cell_line=XG1 ; treatment=DMSO"
"cgroup_L5_4d535f25","GSE172442",FALSE,FALSE,"trattamento","XG1_YKL-5-124_1000nM ; cell_line=XG1 ; treatment=YKL-5-124 ; dose=1000nM","XG1_DMSO ; cell_line=XG1 ; treatment=DMSO"
"cgroup_L5_4d535f25","GSE172443",FALSE,FALSE,"trattamento","AMO1 cells treated with YKL-5-124 at 1000 nM ; cell_line=AMO1 ; treatment=YKL-","AMO1 cells treated with DMSO ; cell_line=AMO1 ; trea"
"cgroup_L5_4d535f25","GSE172443",FALSE,FALSE,"trattamento","XG1 cells treated with YKL-5-124 at 1000 nM ; cell_line=XG1 ; treatment=YKL-5-","XG1 cells treated with DMSO ; cell_line=XG1 ; treatm"
"cgroup_L5_4d535f25","GSE172444",FALSE,FALSE,"trattamento","MM1S cells treated with YKL-5-124 (98 nM) for 24 hours ; cell_line=MM1S ; trea","MM1S cells treated with DMSO (98 nM) for 24 hours ; "
"cgroup_L5_4d535f25","GSE172444",FALSE,FALSE,"trattamento","MM1S cells treated with YKL-5-124 (98 nM) for 6 hours ; cell_line=MM1S ; treat","MM1S cells treated with DMSO (98 nM) for 6 hours ; c"
"cgroup_L5_56d531e8","GSE172494",FALSE,FALSE,"trattamento","MDA-MB-231 TNBC cells treated with Nicotinamide ; cell_line=MDA-MB-231 ; treat","MDA-MB-231 TNBC cells control ; cell_line=MDA-MB-231"
"cgroup_L5_56d531e8","GSE172494",FALSE,FALSE,"trattamento","MDA-MB-468 TNBC cells treated with Nicotinamide ; cell_line=MDA-MB-468 ; treat","MDA-MB-468 TNBC cells untreated ; cell_line=MDA-MB-4"
"cgroup_L5_dc7451b1","GSE172544",FALSE,FALSE,"trattamento","MSK-SRF001 treated with GSK2869552, EPZ5676, NMDA, Bay K 8644 ; cell_line=MSK-","MSK-SRF001 treated with DMSO ; cell_line=MSK-SRF001 "
"cgroup_L5_7784bb43","GSE173160",FALSE,FALSE,"trattamento","PCOS ; disease_state=PCOS","Normal ; disease_state=normal"
"cgroup_L5_7784bb43","GSE173160",FALSE,FALSE,"trattamento","PCOS ; disease_state=PCOS","Control ; disease_state=normal"
"cgroup_L5_021e875e","GSE173201",FALSE,FALSE,"trattamento","A2780 cells treated with cisplatin ; cell_line=A2780 ; treatment=cisplatin","A2780 cells treated with vehicle control ; cell_line"
"cgroup_L5_021e875e","GSE173201",FALSE,FALSE,"trattamento","A2780cis cells treated with cisplatin ; cell_line=A2780cis ; treatment=cisplat","A2780cis cells treated with vehicle control ; cell_l"
"cgroup_L5_f97e50de","GSE173306",FALSE,FALSE,"trattamento","COST crizotinib ; cell_line=COST ; treatment=crizotinib","COST untreated ; cell_line=COST ; treatment=untreate"
"cgroup_L5_f97e50de","GSE173306",FALSE,FALSE,"trattamento","DEL crizotinib ; cell_line=DEL ; treatment=crizotinib","DEL untreated ; cell_line=DEL ; treatment=untreated"
"cgroup_L5_f97e50de","GSE173306",FALSE,FALSE,"trattamento","JB6 crizotinib ; cell_line=JB6 ; treatment=crizotinib","JB6 untreated ; cell_line=JB6 ; treatment=untreated"
"cgroup_L5_f97e50de","GSE173306",FALSE,FALSE,"trattamento","KARPAS crizotinib ; cell_line=KARPAS ; treatment=crizotinib","KARPAS untreated ; cell_line=KARPAS ; treatment=untr"
"cgroup_L5_f97e50de","GSE173306",FALSE,FALSE,"trattamento","SR786 crizotinib ; cell_line=SR786 ; treatment=crizotinib","SR786 untreated ; cell_line=SR786 ; treatment=untrea"
"cgroup_L5_f97e50de","GSE173306",FALSE,FALSE,"trattamento","SUPM2 crizotinib ; cell_line=SUPM2 ; treatment=crizotinib","SUPM2 untreated ; cell_line=SUPM2 ; treatment=untrea"
"cgroup_L5_f97e50de","GSE173306",FALSE,FALSE,"trattamento","TS crizotinib ; cell_line=TS ; treatment=crizotinib","TS untreated ; cell_line=TS ; treatment=untreated"
"cgroup_L5_35d1be10","GSE173483",FALSE,FALSE,"trattamento","U2OS_Nutlin-3a ; treatment=Nutlin-3a ; genotype=wild-type","U2OS_DMSO ; treatment=DMSO ; genotype=wild-type"
"cgroup_L5_35d1be10","GSE173483",FALSE,FALSE,"trattamento","U2OS_RFX7-/-_Nutlin-3a ; treatment=Nutlin-3a ; genotype=RFX7-/-","U2OS_RFX7-/-_DMSO ; treatment=DMSO ; genotype=RFX7-/"
"cgroup_L5_35d1be10","GSE173483",FALSE,FALSE,"trattamento","U2OS_RFX7-/-_Nutlin-3a ; treatment=Nutlin-3a ; genotype=RFX7-/-","U2OS_RFX7-/-_DMSO ; treatment=DMSO ; genotype=RFX7-/"
"cgroup_L5_35d1be10","GSE173483",FALSE,FALSE,"trattamento","U2OS_RFX7-/-_Nutlin-3a ; treatment=Nutlin-3a ; genotype=RFX7-/-","U2OS_RFX7-/-_DMSO ; treatment=DMSO ; genotype=RFX7-/"
"cgroup_L5_a12414d4","GSE173484",FALSE,FALSE,"trattamento","MCF7-V + 17-beta estradiol (E2) -DOX(E2)_rep2 ; treatment=17-beta estradiol (E","MCF7-V + DMSO ; treatment=DMSO ; cell_line=MCF7-V ; "
"cgroup_L5_a12414d4","GSE173484",FALSE,FALSE,"trattamento","MCF7-V + 17-beta estradiol (E2) -DOX(E2)_rep1 ; treatment=17-beta estradiol (E","MCF7-V + DMSO ; treatment=DMSO ; cell_line=MCF7-V ; "
"cgroup_L5_844de383","GSE173670",FALSE,FALSE,"trattamento","Primary Sjogren's syndrome ; disease_state=primary Sjogren's syndrome ; donor_","Healthy Control 1 ; disease_state=healthy ; age=29 ;"
"cgroup_L5_3824dc37","GSE173735",FALSE,FALSE,"trattamento","NASH ; disease_state=NASH","Healthy ; disease_state=Healthy"
"cgroup_L5_12212e41","GSE173789",FALSE,FALSE,"trattamento","CD19+ B cells from Multiple Sclerosis patients ; disease_state=Multiple sclero","CD19+ B cells from Healthy Controls ; disease_state="
"cgroup_L5_c548d053","GSE173807",FALSE,FALSE,"trattamento","LPS-treated neutrophils ; treatment=LPS","Untreated neutrophils (single) ; treatment=untreated"
"cgroup_L5_c548d053","GSE173807",FALSE,FALSE,"trattamento","LPS-treated neutrophils ; treatment=LPS","Untreated neutrophils (double) ; treatment=untreated"
"cgroup_L5_b0066299","GSE173900",FALSE,FALSE,"trattamento","Keloid KL6 ; disease_state=keloid ; cell_type=Asian keloid","Normal KC1 ; disease_state=normal ; cell_type=KC1"
"cgroup_L5_b0066299","GSE173900",FALSE,FALSE,"trattamento","Keloid KL6 ; disease_state=keloid ; cell_type=Asian keloid","Normal KC4 ; disease_state=normal ; cell_type=KC4"
"cgroup_L5_b0066299","GSE173900",FALSE,FALSE,"trattamento","Keloid KL3 ; disease_state=keloid ; cell_type=KL3","Normal KC1 ; disease_state=normal ; cell_type=KC1"
"cgroup_L5_b0066299","GSE173900",FALSE,FALSE,"trattamento","Keloid KL3 ; disease_state=keloid ; cell_type=KL3","Normal KC4 ; disease_state=normal ; cell_type=KC4"
"cgroup_L5_b0066299","GSE173900",FALSE,FALSE,"trattamento","Keloid KL5 ; disease_state=keloid ; cell_type=KL5","Normal KC1 ; disease_state=normal ; cell_type=KC1"
"cgroup_L5_b0066299","GSE173900",FALSE,FALSE,"trattamento","Keloid KL5 ; disease_state=keloid ; cell_type=KL5","Normal KC4 ; disease_state=normal ; cell_type=KC4"
"cgroup_L5_b0066299","GSE173900",FALSE,FALSE,"trattamento","Keloid KL7 ; disease_state=keloid ; cell_type=KL7","Normal KC1 ; disease_state=normal ; cell_type=KC1"
"cgroup_L5_b0066299","GSE173900",FALSE,FALSE,"trattamento","Keloid KL7 ; disease_state=keloid ; cell_type=KL7","Normal KC4 ; disease_state=normal ; cell_type=KC4"
"cgroup_L5_b0066299","GSE173900",FALSE,FALSE,"trattamento","Keloid KL9 ; disease_state=keloid ; cell_type=KL9","Normal KC1 ; disease_state=normal ; cell_type=KC1"
"cgroup_L5_b0066299","GSE173900",FALSE,FALSE,"trattamento","Keloid KL9 ; disease_state=keloid ; cell_type=KL9","Normal KC4 ; disease_state=normal ; cell_type=KC4"
"cgroup_L5_87c40ebb","GSE173902",FALSE,FALSE,"trattamento","IFNg ; perturbation=IFNg","untreated ; perturbation=untreated"
"cgroup_L5_a7509255","GSE173902",FALSE,FALSE,"trattamento","Staphylococcus aureus ; perturbation=Staphylococcus aureus","untreated ; perturbation=untreated"
"cgroup_L5_034592d9","GSE173902",FALSE,FALSE,"trattamento","Staphylococcus epidermidis ; perturbation=Staphylococcus epidermidis","untreated ; perturbation=untreated"
"cgroup_L5_49d55bfd","GSE173902",FALSE,FALSE,"trattamento","IL-4 ; perturbation=IL-4","untreated ; perturbation=untreated"
"cgroup_L5_be15b706","GSE173902",FALSE,FALSE,"trattamento","IL-13 ; perturbation=IL-13","untreated ; perturbation=untreated"
"cgroup_L5_2ab433c8","GSE173902",FALSE,FALSE,"trattamento","IL-22 ; perturbation=IL-22","untreated ; perturbation=untreated"
"cgroup_L5_dc7451b1","GSE174167",FALSE,FALSE,"trattamento","Y79 retinoblastoma cells treated with EPZ5676 ; treatment=EPZ5676 ; cell_line=","Y79 retinoblastoma cells treated with DMSO ; treatme"
"cgroup_L5_dc7451b1","GSE174167",FALSE,FALSE,"trattamento","Y79 retinoblastoma cells treated with EPZ5676 (single replicate) ; treatment=E","Y79 retinoblastoma cells treated with DMSO ; treatme"
"cgroup_L5_1bbf4b9b","GSE174237",FALSE,FALSE,"trattamento","gastric cancer ; disease_state=gastric cancer ; age=55 ; sex=F","normal gastric mucosa ; disease_state=normal ; age=6"
"cgroup_L5_87c40ebb","GSE174244",FALSE,FALSE,"trattamento","IFNg ; treatment=IFNg ; cell_type=Normal human urothelial cells ; tissue=urete","Control ; treatment=Control ; cell_type=Normal human"
"cgroup_L5_87c40ebb","GSE174244",FALSE,FALSE,"trattamento","IFNg ; treatment=IFNg ; cell_type=Normal human urothelial cells ; tissue=urete","Control ; treatment=Control ; cell_type=Normal human"
"cgroup_L5_a3c3e08c","GSE174302",FALSE,FALSE,"trattamento","Lung Cancer Patient 1 ; disease_status=lung_cancer","Healthy Donor 1 ; disease_status=healthy"
"cgroup_L5_1bbf4b9b","GSE174302",FALSE,FALSE,"trattamento","Stomach Cancer Patient 1 ; disease_status=stomach_cancer","Healthy Donor 1 ; disease_status=healthy"
"cgroup_L5_2e16719f","GSE174490",FALSE,FALSE,"trattamento","TGFBeta ; Treatment=TGFBeta","Untreated ; Treatment=None"
"cgroup_L5_538960a6","GSE174566",FALSE,FALSE,"trattamento","Mtb_B_Collagen ; treatment=Mtb ; technical_treatment=Collagen","Control_A_Collagen ; treatment=Control ; technical_t"
"cgroup_L5_538960a6","GSE174566",FALSE,FALSE,"trattamento","Mtb_B_Alginate ; treatment=Mtb ; technical_treatment=Alginate","Control_B_Alginate ; treatment=Control ; technical_t"
"cgroup_L5_538960a6","GSE174566",FALSE,FALSE,"trattamento","Mtb_F_Alginate ; treatment=Mtb ; technical_treatment=Alginate","Control_F_Alginate ; treatment=Control ; technical_t"
"cgroup_L5_930c8dcf","GSE174589",FALSE,FALSE,"trattamento","LNCaP + DHT ; treatment=DHT ; vehicle=none","LNCaP + EtOH ; treatment=none ; vehicle=EtOH"
"cgroup_L5_87c40ebb","GSE174617",FALSE,FALSE,"trattamento","IFNγ-treated U87 cells ; treatment=IFNγ ; cell_line=U87","DMSO-treated U87 cells ; treatment=DMSO ; cell_line="
"cgroup_L5_b71a25a2","GSE174617",FALSE,FALSE,"trattamento","JQ1_EGFR-CAR-T-treated U87 cells ; treatment=JQ1_EGFR-CAR-T ; cell_line=U87","DMSO-treated U87 cells ; treatment=DMSO ; cell_line="
"cgroup_L5_b71a25a2","GSE174617",FALSE,FALSE,"trattamento","JQ1-treated U87 cells ; treatment=JQ1 ; cell_line=U87","DMSO-treated U87 cells ; treatment=DMSO ; cell_line="
"cgroup_L5_930c8dcf","GSE174618",FALSE,FALSE,"trattamento","DHT 10nm 1hr ; treatment=DHT ; time=1hr","Vehicle Control (EtOH) ; treatment=vehicle ; time=0h"
"cgroup_L5_930c8dcf","GSE174618",FALSE,FALSE,"trattamento","DHT 10nm 24hr ; treatment=DHT ; time=24hr","Vehicle Control (EtOH) ; treatment=vehicle ; time=0h"
"cgroup_L5_930c8dcf","GSE174618",FALSE,FALSE,"trattamento","DHT 10nm 96hr (Sample 1) ; treatment=DHT ; time=96hr","Vehicle Control (EtOH) ; treatment=vehicle ; time=0h"
"cgroup_L5_930c8dcf","GSE174618",FALSE,FALSE,"trattamento","DHT 10nm 1hr (Cell Line HPR1-AR) ; treatment=DHT ; time=1hr","Vehicle Control (EtOH) ; treatment=vehicle ; time=0h"
"cgroup_L5_930c8dcf","GSE174618",FALSE,FALSE,"trattamento","DHT 10nm 96hr (Sample 2) ; treatment=DHT ; time=96hr","Vehicle Control (EtOH) ; treatment=vehicle ; time=0h"
"cgroup_L5_930c8dcf","GSE174618",FALSE,FALSE,"trattamento","DHT 10nm 96hr (Sample 3) ; treatment=DHT ; time=96hr","Vehicle Control (EtOH) ; treatment=vehicle ; time=0h"
"cgroup_L5_535d97f6","GSE174693",FALSE,FALSE,"trattamento","K562 cells treated with YM115 and Imatinib ; treatment=YM115 ; treatment=Imati","K562 cells treated with DMSO ; vehicle=DMSO ; cell_l"
"cgroup_L5_535d97f6","GSE174693",FALSE,FALSE,"trattamento","K562 cells treated with YM115 and Imatinib ; treatment=YM115 ; treatment=Imati","K562 cells treated with DMSO ; vehicle=DMSO ; cell_l"
"cgroup_L5_702a5dea","GSE174693",FALSE,FALSE,"trattamento","K562 cells treated with Trametinib and YM115 ; treatment=Trametinib ; treatmen","K562 cells treated with DMSO ; vehicle=DMSO ; cell_l"
"cgroup_L5_702a5dea","GSE174693",FALSE,FALSE,"trattamento","K562 cells treated with YM115 and Trametinib ; treatment=YM115 ; treatment=Tra","K562 cells treated with DMSO ; vehicle=DMSO ; cell_l"
"cgroup_L5_702a5dea","GSE174693",FALSE,FALSE,"trattamento","K562 cells treated with YM115 and Trametinib ; treatment=YM115 ; treatment=Tra","K562 cells treated with DMSO ; vehicle=DMSO ; cell_l"
"cgroup_L5_702a5dea","GSE174693",FALSE,FALSE,"trattamento","K562 cells treated with Trametinib ; treatment=Trametinib ; cell_line=K562","K562 cells treated with DMSO ; vehicle=DMSO ; cell_l"
"cgroup_L5_871ae09e","GSE174745",FALSE,FALSE,"trattamento","Dopaminergic Neuron, SARS-CoV-2 ; Treatment=SARS-CoV-2 ; Cell Context=Dopamine","Dopaminergic Neuron, Control ; Treatment=Control ; C"
"cgroup_L5_535d97f6","GSE174800",FALSE,FALSE,"trattamento","Bone marrow-derived K562 cells treated with imatinib (1µM) ; treatment=imatini","Untreated K562 cells ; treatment=untreated"
"cgroup_L5_3de56a79","GSE175436",FALSE,FALSE,"trattamento","PDAC patients ; disease_state=PDAC","Healthy controls ; disease_state=healthy"
"cgroup_L5_93068469","GSE175615",FALSE,FALSE,"trattamento","5-Azacytidine Treated ; treatment=5-Azacytidine","Untreated Control ; treatment=untreated"
"cgroup_L5_93068469","GSE175615",FALSE,FALSE,"trattamento","5-Azacytidine Treated ; treatment=5-Azacytidine","Time Zero Control ; treatment=untreated"
"cgroup_L5_a8ff7b6d","GSE175757",FALSE,FALSE,"trattamento","Kasumi1 ATRA 1mM 24h ; cell_line=Kasumi1 ; treatment=ATRA","Kasumi1 ; cell_line=Kasumi1 ; treatment=untreated"
"cgroup_L5_a8ff7b6d","GSE175757",FALSE,FALSE,"trattamento","Kasumi1 EPASp10 ATRA 1mM 24h ; cell_line=Kasumi1 ; treatment=ATRA","Kasumi1 EPASp10 ; cell_line=Kasumi1 ; treatment=untr"
"cgroup_L5_a8ff7b6d","GSE175757",FALSE,FALSE,"trattamento","Kasumi1 EPASp8A ATRA 1mM 24h ; cell_line=Kasumi1 ; treatment=ATRA","Kasumi1 EPASp8 ; cell_line=Kasumi1 ; treatment=untre"
"cgroup_L5_a8ff7b6d","GSE175757",FALSE,FALSE,"trattamento","Kasumi1 HIF1p10A ATRA 1mM 24h ; cell_line=Kasumi1 ; treatment=ATRA","Kasumi1 ; cell_line=Kasumi1 ; treatment=untreated"
"cgroup_L5_a8ff7b6d","GSE175757",FALSE,FALSE,"trattamento","Kasumi1 HIF1p8A ATRA 1mM 24h ; cell_line=Kasumi1 ; treatment=ATRA","Kasumi1 HIF1p8 ; cell_line=Kasumi1 ; treatment=untre"
"cgroup_L5_dd2a1a58","GSE175764",FALSE,FALSE,"trattamento","Heart failure ; disease_state=heart_failure","Healthy control ; disease_state=healthy"
"cgroup_L5_b0066299","GSE175866",FALSE,FALSE,"trattamento","Keloid fibroblasts ; disease_state=keloid","Normal fibroblasts ; disease_state=normal"
"cgroup_L5_a32e5eaa","GSE175867",FALSE,FALSE,"trattamento","DAC 1µM + DEX ; treatment=DAC ; concentration=1 µM","DMSO ; treatment=DMSO"
"cgroup_L5_a32e5eaa","GSE175867",FALSE,FALSE,"trattamento","DAC 10µM ; treatment=DAC ; concentration=10 µM","DMSO ; treatment=DMSO"
"cgroup_L5_a32e5eaa","GSE175867",FALSE,FALSE,"trattamento","DAC 10µM 3h ; treatment=DAC ; concentration=10 µM ; duration=3 hours","DMSO ; treatment=DMSO"
"cgroup_L5_82f82010","GSE175988",FALSE,FALSE,"trattamento","Diabetic Unstimulated ; disease_state=diabetic ; perturbation=unstimulated","Healthy Unstimulated ; disease_state=control ; pertu"
"cgroup_L5_930c8dcf","GSE176006",FALSE,FALSE,"trattamento","MDA-MB-453 passage 1 treated with DHT ; cell_line=MDA-MB-453 ; treatment=DHT","MDA-MB-453 passage 1 treated with Vehicle ; cell_lin"
"cgroup_L5_83f57274","GSE176123",FALSE,FALSE,"trattamento","Hypoxia 40 minutes ; oxygen_condition=hypoxia ; time=40_minutes","Normoxia 40 minutes ; oxygen_condition=normoxia ; ti"
"cgroup_L5_83f57274","GSE176123",FALSE,FALSE,"trattamento","Hypoxia 10 hours ; oxygen_condition=hypoxia ; time=10_hours","Normoxia 10 hours ; oxygen_condition=normoxia ; time"
"cgroup_L5_83f57274","GSE176123",FALSE,FALSE,"trattamento","Hypoxia 24 hours ; oxygen_condition=hypoxia ; time=24_hours","Normoxia 24 hours ; oxygen_condition=normoxia ; time"
"cgroup_L5_79ce3bd1","GSE176324",FALSE,FALSE,"trattamento","Bleomycin-treated donor 2 ; treatment=bleomycin ; donor_id=donor 2","DMSO-treated donor 2 ; treatment=DMSO ; donor_id=don"
"cgroup_L5_79ce3bd1","GSE176324",FALSE,FALSE,"trattamento","Bleomycin-treated donor 1 ; treatment=bleomycin ; donor_id=donor 1","DMSO-treated donor 1 ; treatment=DMSO ; donor_id=don"
"cgroup_L5_eba39954","GSE177034",FALSE,FALSE,"trattamento","Smokers at t1 ; smoking_status=smoker ; timepoint=t1","Non-smokers at t1 ; smoking_status=non-smoker ; time"
"cgroup_L5_a8ff7b6d","GSE178340",FALSE,FALSE,"trattamento","MM.1S + ATRA ; treatment=ATRA ; cell_line=MM.1S","MM.1S + DMSO ; treatment=DMSO ; cell_line=MM.1S"
"cgroup_L5_930c8dcf","GSE178374",FALSE,FALSE,"trattamento","2D-cultured dermal papilla cells treated with DHT ; culture_condition=two-dime","2D-cultured dermal papilla cells ; culture_condition"
"cgroup_L5_930c8dcf","GSE178374",FALSE,FALSE,"trattamento","3D-cultured dermal papilla cells treated with DHT ; culture_condition=3D-cultu","3D-cultured dermal papilla cells ; culture_condition"
"cgroup_L5_2e16719f","GSE178518",FALSE,FALSE,"trattamento","Vehicle A + TGFb ; treatment=Vehicle A ; cytokine_stimulation=TGFb","Vehicle A ; treatment=Vehicle A ; cytokine_stimulati"
"cgroup_L5_2e16719f","GSE178714",FALSE,FALSE,"trattamento","Wild-type, TGFB, 1h ; treatment=TGFB ; genotype=wild-type","Wild-type, untreated, 1h ; treatment=none ; genotype"
"cgroup_L5_2e16719f","GSE178714",FALSE,FALSE,"trattamento","Wild-type, TGFB, 24h ; treatment=TGFB ; genotype=wild-type","Wild-type, untreated, 24h ; treatment=none ; genotyp"
"cgroup_L5_2e16719f","GSE178714",TRUE,TRUE,"contesto","SMAD2/SMAD3 KO, TGFB, 1h ; treatment=TGFB ; genotype=SMAD2 and SMAD3 KO","SMAD2/SMAD3 KO, untreated, 1h ; treatment=none ; gen"
"cgroup_L5_2e16719f","GSE178714",TRUE,TRUE,"contesto","SMAD2/SMAD3 KO, TGFB, 24h ; treatment=TGFB ; genotype=SMAD2 and SMAD3 KO","SMAD2/SMAD3 KO, untreated, 24h ; treatment=none ; ge"
"cgroup_L5_2e16719f","GSE178714",TRUE,TRUE,"contesto","SMAD2/SMAD3 KO, TGFB, 1h ; treatment=TGFB ; genotype=SMAD2 and SMAD3 KO","SMAD2/SMAD3 KO, untreated, 1h ; treatment=none ; gen"
"cgroup_L5_2e16719f","GSE178714",TRUE,TRUE,"contesto","SMAD2/SMAD3 KO, TGFB, 24h ; treatment=TGFB ; genotype=SMAD2 and SMAD3 KO","SMAD2/SMAD3 KO, untreated, 24h ; treatment=none ; ge"
"cgroup_L5_988d478d","GSE178807",FALSE,FALSE,"trattamento","COPD Bronchial Epithelium (Donor 1) ; disease_state=COPD","Normal Bronchial Epithelium ; disease_state=normal"
"cgroup_L5_7805eee6","GSE178824",FALSE,FALSE,"trattamento","COVID-19 patient 048 ; disease_state=COVID-19 ; donor_id=048","Healthy donor 059 ; disease_state=Healthy ; donor_id"
"cgroup_L5_31308596","GSE178883",FALSE,FALSE,"trattamento","PMA-treated ; treatment=PMA ; cell_type_or_line_raw=circulating neutrophil ; t","Control (control medium) ; treatment=control medium "
"cgroup_L5_fea19ca0","GSE178901",FALSE,FALSE,"trattamento","Human IFNβ 24h ; treatment=human IFNβ ; duration=24 hours","Control treated ; treatment=control treated ; durati"
"cgroup_L5_fea19ca0","GSE178901",FALSE,FALSE,"trattamento","Human IFNβ 6h ; treatment=human IFNβ ; duration=6 hours","Control treated ; treatment=control treated ; durati"
"cgroup_L5_2e16719f","GSE179347",FALSE,FALSE,"trattamento","HepG2 TGF-B1 ; cell_line=HepG2 ; treatment=TGF-B1","HepG2 CONTROL (EMPTY EMEM MEDIUM) ; cell_line=HepG2 "
"cgroup_L5_10344dfd","GSE179347",FALSE,FALSE,"trattamento","HepG2 GLUCOSE ; cell_line=HepG2 ; treatment=GLUCOSE","HepG2 CONTROL (EMPTY EMEM MEDIUM) ; cell_line=HepG2 "
"cgroup_L5_92f4f307","GSE179347",FALSE,FALSE,"trattamento","HepG2 ISOPRENALINE ; cell_line=HepG2 ; treatment=ISOPRENALINE","HepG2 CONTROL (EMPTY EMEM MEDIUM) ; cell_line=HepG2 "
"cgroup_L5_92f4f307","GSE179347",FALSE,FALSE,"trattamento","HepG2 ISOPRENALINE ; cell_line=HepG2 ; treatment=ISOPRENALINE","HepG2 CONTROL (EMPTY EMEM MEDIUM) ; cell_line=HepG2 "
"cgroup_L5_92f4f307","GSE179347",FALSE,FALSE,"trattamento","HepG2 ISOPRENALINE ; cell_line=HepG2 ; treatment=ISOPRENALINE","HepG2 CONTROL (EMPTY EMEM MEDIUM) ; cell_line=HepG2 "
"cgroup_L5_37942548","GSE179347",FALSE,FALSE,"trattamento","HepG2 RETINOIC ACID ; cell_line=HepG2 ; treatment=RETINOIC ACID","HepG2 CONTROL (EMPTY EMEM MEDIUM) ; cell_line=HepG2 "
"cgroup_L5_37942548","GSE179347",FALSE,FALSE,"trattamento","HepG2 RETINOIC ACID ; cell_line=HepG2 ; treatment=RETINOIC ACID","HepG2 CONTROL (EMPTY EMEM MEDIUM) ; cell_line=HepG2 "
"cgroup_L5_37942548","GSE179347",FALSE,FALSE,"trattamento","HepG2 RETINOIC ACID ; cell_line=HepG2 ; treatment=RETINOIC ACID","HepG2 CONTROL (EMPTY EMEM MEDIUM) ; cell_line=HepG2 "
"cgroup_L5_a25d0964","GSE179347",FALSE,FALSE,"trattamento","HepG2 IL-6 ; cell_line=HepG2 ; treatment=IL-6","HepG2 CONTROL (EMPTY EMEM MEDIUM) ; cell_line=HepG2 "
"cgroup_L5_eb5e1e65","GSE179347",FALSE,FALSE,"trattamento","HepG2 DEXAMETHASONE ; cell_line=HepG2 ; treatment=DEXAMETHASONE","HepG2 CONTROL (EMPTY EMEM MEDIUM) ; cell_line=HepG2 "
"cgroup_L5_2ec87595","GSE179347",FALSE,FALSE,"trattamento","HepG2 METFORMIN ; cell_line=HepG2 ; treatment=METFORMIN","HepG2 CONTROL (EMPTY EMEM MEDIUM) ; cell_line=HepG2 "
"cgroup_L5_2ec87595","GSE179347",FALSE,FALSE,"trattamento","HepG2 METFORMIN ; cell_line=HepG2 ; treatment=METFORMIN","HepG2 CONTROL (EMPTY EMEM MEDIUM) ; cell_line=HepG2 "
"cgroup_L5_2ec87595","GSE179347",FALSE,FALSE,"trattamento","HepG2 METFORMIN ; cell_line=HepG2 ; treatment=METFORMIN","HepG2 CONTROL (EMPTY EMEM MEDIUM) ; cell_line=HepG2 "
"cgroup_L5_3eaa92c9","GSE179347",FALSE,FALSE,"trattamento","HepG2 ROSIGLITAZONE ; cell_line=HepG2 ; treatment=ROSIGLITAZONE","HepG2 CONTROL (EMPTY EMEM MEDIUM) ; cell_line=HepG2 "
"cgroup_L5_10344dfd","GSE179347",FALSE,FALSE,"trattamento","HMCL-7304 GLUCOSE ; cell_line=HMCL-7304 ; treatment=GLUCOSE","HMCL-7304 CONTROL (EMPTY EMEM MEDIUM) ; cell_line=HM"
"cgroup_L5_92f4f307","GSE179347",FALSE,FALSE,"trattamento","HMCL-7304 ISOPRENALINE ; cell_line=HMCL-7304 ; treatment=ISOPRENALINE","HMCL-7304 CONTROL (EMPTY EMEM MEDIUM) ; cell_line=HM"
"cgroup_L5_2e16719f","GSE179347",FALSE,FALSE,"trattamento","HMCL-7304 cells treated with TGF-B1 ; cell_line=HMCL-7304 ; treatment=TGF-B1","HMCL-7304 CONTROL (EMPTY EMEM MEDIUM) ; cell_line=HM"
"cgroup_L5_eb5e1e65","GSE179347",FALSE,FALSE,"trattamento","HMCL-7304 cells treated with DEXAMETHASONE ; cell_line=HMCL-7304 ; treatment=D","HMCL-7304 CONTROL (EMPTY EMEM MEDIUM) ; cell_line=HM"
"cgroup_L5_37942548","GSE179347",FALSE,FALSE,"trattamento","HMCL-7304 cells treated with RETINOIC ACID ; cell_line=HMCL-7304 ; treatment=R","HMCL-7304 CONTROL (EMPTY EMEM MEDIUM) ; cell_line=HM"
"cgroup_L5_a25d0964","GSE179347",FALSE,FALSE,"trattamento","HMCL-7304 cells treated with IL-6 ; cell_line=HMCL-7304 ; treatment=IL-6","HMCL-7304 CONTROL (EMPTY EMEM MEDIUM) ; cell_line=HM"
"cgroup_L5_10344dfd","GSE179347",FALSE,FALSE,"trattamento","SGBS cells treated with GLUCOSE ; cell_line=SGBS ; treatment=GLUCOSE","SGBS CONTROL (EMPTY EMEM MEDIUM) ; cell_line=SGBS ; "
"cgroup_L5_92f4f307","GSE179347",FALSE,FALSE,"trattamento","SGBS cells treated with ISOPRENALINE ; cell_line=SGBS ; treatment=ISOPRENALINE","SGBS CONTROL (EMPTY EMEM MEDIUM) ; cell_line=SGBS ; "
"cgroup_L5_3eaa92c9","GSE179347",FALSE,FALSE,"trattamento","SGBS cells treated with ROSIGLITAZONE ; cell_line=SGBS ; treatment=ROSIGLITAZO","SGBS CONTROL (EMPTY EMEM MEDIUM) ; cell_line=SGBS ; "
"cgroup_L5_2e16719f","GSE179347",FALSE,FALSE,"trattamento","SGBS cells treated with TGF-B1 ; cell_line=SGBS ; treatment=TGF-B1","SGBS CONTROL (EMPTY EMEM MEDIUM) ; cell_line=SGBS ; "
"cgroup_L5_eb5e1e65","GSE179347",FALSE,FALSE,"trattamento","SGBS cells treated with DEXAMETHASONE ; cell_line=SGBS ; treatment=DEXAMETHASO","SGBS CONTROL (EMPTY EMEM MEDIUM) ; cell_line=SGBS ; "
"cgroup_L5_2ec87595","GSE179347",FALSE,FALSE,"trattamento","SGBS cells treated with METFORMIN ; cell_line=SGBS ; treatment=METFORMIN","SGBS CONTROL (EMPTY EMEM MEDIUM) ; cell_line=SGBS ; "
"cgroup_L5_37942548","GSE179347",FALSE,FALSE,"trattamento","SGBS cells treated with RETINOIC ACID ; cell_line=SGBS ; treatment=RETINOIC AC","SGBS CONTROL (EMPTY EMEM MEDIUM) ; cell_line=SGBS ; "
"cgroup_L5_a25d0964","GSE179347",FALSE,FALSE,"trattamento","SGBS cells treated with IL-6 ; cell_line=SGBS ; treatment=IL-6","SGBS CONTROL (EMPTY EMEM MEDIUM) ; cell_line=SGBS ; "
"cgroup_L5_87c40ebb","GSE179354",FALSE,FALSE,"trattamento","IFNg ; treatment=IFNg","Control ; treatment=Control"
"cgroup_L5_b32ab7f6","GSE179354",FALSE,FALSE,"trattamento","IL17a ; treatment=IL17a","Control ; treatment=Control"
"cgroup_L5_a6fd82fa","GSE179381",FALSE,FALSE,"trattamento","4-OHT Treated ; treatment=4-OHT ; donor_id=1st donor","Compound Solvent Control ; treatment=compound solven"
"cgroup_L5_2e16719f","GSE179395",FALSE,FALSE,"trattamento","TGF-β1 ; treatment=TGF-β1","Unstimulated Control ; treatment=Unstimulated Contro"
"cgroup_L5_49d55bfd","GSE179420",FALSE,FALSE,"trattamento","IL4 ; treatment=IL4","untreated ; control=untreated"
"cgroup_L5_49d55bfd","GSE179420",FALSE,FALSE,"trattamento","IL4+Compound treated ; treatment=IL4+Compound treated","untreated ; control=untreated"
"cgroup_L5_444e7fc2","GSE179609",FALSE,FALSE,"trattamento","Naive CD8+ T Cells Exposed to CMV ; cell_state=naive ; perturbation=CMV","Naive CD8+ T Cells Control ; cell_state=naive ; pert"
"cgroup_L5_444e7fc2","GSE179609",FALSE,FALSE,"trattamento","Activated CD8+ T Cells Exposed to CMV ; cell_state=activated ; perturbation=CM","Activated CD8+ T Cells Control ; cell_state=activate"
"cgroup_L5_90db4e34","GSE179687",TRUE,TRUE,"contesto","Testosterone ; treatment=testosterone ; cell_line=C4-2-tet-shRB ; disease_stat","Vehicle control ; treatment=vehicle ; cell_line=C4-2"
"cgroup_L5_90db4e34","GSE179687",TRUE,TRUE,"contesto","Testosterone (non-cancer) ; treatment=testosterone ; cell_line=C4-2-tet-shRB ;","Vehicle control (disease model) ; treatment=vehicle "
"cgroup_L5_3fa847fe","GSE179716",FALSE,FALSE,"trattamento","OA chondrocytes ; disease_state=osteoarthritis","Normal chondrocytes ; disease_state=normal"
"cgroup_L5_5d97d5b1","GSE179987",FALSE,FALSE,"trattamento","HHC treated ; disease_state=HHC (household contacts) ; perturbation_agent=M. l","HHC control ; disease_state=HHC (household contacts)"
"cgroup_L5_479c6221","GSE180067",FALSE,FALSE,"trattamento","A549 GSK126 polyA RNA ; treatment=GSK126 ; cell_line=A549 ; rna_fractionation=","A549 untreated ; treatment=untreated ; cell_line=A54"
"cgroup_L5_479c6221","GSE180067",FALSE,FALSE,"trattamento","A549 GSK126 polyA RNA ; treatment=GSK126 ; cell_line=A549 ; rna_fractionation=","A549 untreated ; treatment=untreated ; cell_line=A54"
"cgroup_L5_479c6221","GSE180067",FALSE,FALSE,"trattamento","A549 GSK126 ; treatment=GSK126 ; cell_line=A549","A549 untreated ; treatment=untreated ; cell_line=A54"
"cgroup_L5_29cb04f8","GSE180146",FALSE,FALSE,"trattamento","HepG2 cell line, 5-fluorouracil (5-FU), 350 uM, 24 hours ; cell_line=HepG2 ; t","HepG2 cell line, Mock control ; cell_line=HepG2 ; tr"
"cgroup_L5_29cb04f8","GSE180146",FALSE,FALSE,"trattamento","HepG2 cell line, 5-fluorouracil (5-FU), 350 uM, 48 hours ; cell_line=HepG2 ; t","HepG2 cell line, Mock control ; cell_line=HepG2 ; tr"
"cgroup_L5_3370a794","GSE180180",FALSE,FALSE,"trattamento","Gilteritinib 30mg/kg ; treatment=Gilteritinib ; dose=30mg/kg","Vehicle Control ; treatment=Vehicle"
"cgroup_L5_f2481870","GSE180180",FALSE,FALSE,"trattamento","TP0903 60mg/kg ; treatment=TP0903 ; dose=60mg/kg","Vehicle Control ; treatment=Vehicle"
"cgroup_L5_3370a794","GSE180181",FALSE,FALSE,"trattamento","Gilteritinib 30mg/kg ; treatment=Gilteritinib ; dose=30mg/kg","Vehicle Control ; treatment=Vehicle"
"cgroup_L5_f2481870","GSE180181",FALSE,FALSE,"trattamento","TP0903 60mg/kg ; treatment=TP0903 ; dose=60mg/kg","Vehicle Control ; treatment=Vehicle"
"cgroup_L5_4041e3af","GSE180233",FALSE,FALSE,"trattamento","Healthy Donor 1 - GSKJ4 ; treatment=GSKJ4 ; donor=healthy donor 1","Healthy Donor 1 - Untreated ; treatment=untreated ; "
"cgroup_L5_05322ba1","GSE180243",FALSE,FALSE,"trattamento","Homoharringtonine 1µM ; treatment=Homoharringtonine ; concentration=1µM","Control ; treatment=Control ; concentration=None"
"cgroup_L5_05322ba1","GSE180243",FALSE,FALSE,"trattamento","Homoharringtonine 5µM ; treatment=Homoharringtonine ; concentration=5µM","Control ; treatment=Control ; concentration=None"
"cgroup_L5_83f57274","GSE180467",FALSE,FALSE,"trattamento","HYP + DC (Donor A) ; oxygen_level=hypoxia ; mechanical_stress=dynamic_compress","NRX + DC (Donor A) ; oxygen_level=normoxia ; mechani"
"cgroup_L5_c548d053","GSE180693",FALSE,FALSE,"trattamento","T3 and LPS 24h ; treatment=T3 and LPS ; time=24 hours","RPMI media 24h ; treatment=RPMI media ; time=24 hour"
"cgroup_L5_c548d053","GSE180693",FALSE,FALSE,"trattamento","T3 and LPS 4h ; treatment=T3 and LPS ; time=4 hours","RPMI media 4h ; treatment=RPMI media ; time=4 hours"
"cgroup_L5_12212e41","GSE180760",FALSE,FALSE,"trattamento","MS Monocyte derived dendritic cells ; disease_state=Multiple Sclerosis ; cell_","Healthy Monocyte derived dendritic cells ; disease_s"
"cgroup_L5_021e875e","GSE180854",FALSE,FALSE,"trattamento","Cisplatin n1 ; treatment=Cisplatin ; time=n1","Vehicle (DMSO) ; treatment=Vehicle (DMSO)"
"cgroup_L5_021e875e","GSE180854",FALSE,FALSE,"trattamento","Cisplatin n2 ; treatment=Cisplatin ; time=n2","Vehicle (DMSO) ; treatment=Vehicle (DMSO)"
"cgroup_L5_1d96b9da","GSE180881",FALSE,FALSE,"trattamento","Fetal endothelial progenitor, Poly(I:C), 24h ; cell_type=fetal endothelial pro","Fetal endothelial progenitor, Media only, 24h ; cell"
"cgroup_L5_1d96b9da","GSE180881",FALSE,FALSE,"trattamento","Fetal endothelial progenitor, Poly(I:C), 4h ; cell_type=fetal endothelial prog","Fetal endothelial progenitor, Media only, 4h ; cell_"
"cgroup_L5_1d96b9da","GSE180881",FALSE,FALSE,"trattamento","HUVEC, Poly(I:C), 24h ; cell_type=Human Umbilical Vein Endothelial Cell ; trea","HUVEC, Media, T0h ; cell_type=Human Umbilical Vein E"
"cgroup_L5_1d96b9da","GSE180881",FALSE,FALSE,"trattamento","HUVEC, Poly(I:C), 4h ; cell_type=Human Umbilical Vein Endothelial Cell ; treat","HUVEC, Media, 4h ; cell_type=Human Umbilical Vein En"
"cgroup_L5_c860712d","GSE180882",FALSE,FALSE,"trattamento","Cystic Fibrosis ; disease_state=cystic fibrosis ; cell_context=hepatic organoi","Healthy Human Liver ; disease_state=healthy human li"
"cgroup_L5_b5db4aff","GSE181003",FALSE,FALSE,"trattamento","MOLM-13 + Selinexor (75 nM) ; cell_line=MOLM-13 ; treatment=Selinexor","MOLM-13 + DMSO ; cell_line=MOLM-13 ; treatment=DMSO"
"cgroup_L5_b5db4aff","GSE181003",FALSE,FALSE,"trattamento","MOLM-13 + Selinexor (75 nM) ; cell_line=MOLM-13 ; treatment=Selinexor","MOLM-13 + DMSO ; cell_line=MOLM-13 ; treatment=DMSO"
"cgroup_L5_b5db4aff","GSE181003",FALSE,FALSE,"trattamento","OCIAML2 + Selinexor (200 nM) ; cell_line=OCIAML2 ; treatment=Selinexor","OCIAML2 + DMSO ; cell_line=OCIAML2 ; treatment=DMSO"
"cgroup_L5_b5db4aff","GSE181003",FALSE,FALSE,"trattamento","OCIAML2 + Selinexor (200 nM) ; cell_line=OCIAML2 ; treatment=Selinexor","OCIAML2 + DMSO ; cell_line=OCIAML2 ; treatment=DMSO"
"cgroup_L5_85083e38","GSE181029",FALSE,FALSE,"trattamento","Neural progenitors, PARK2: 2 exon del, 1 intron splicing mutation, PD case ; d","Neural progenitors, healthy control ; disease_state="
"cgroup_L5_85083e38","GSE181029",FALSE,FALSE,"trattamento","Neural progenitors, PARK2: heterozygous 2 exon del, PD case ; disease_state=Pa","Neural progenitors, healthy control ; disease_state="
"cgroup_L5_85083e38","GSE181029",FALSE,FALSE,"trattamento","Neural progenitors, PARK2: homozygous 8 exon del, PD case ; disease_state=Park","Neural progenitors, healthy control ; disease_state="
"cgroup_L5_85083e38","GSE181029",FALSE,FALSE,"trattamento","Neural progenitors, PARK2: heterozygous 2 exon del, PD case ; disease_state=Pa","Neural progenitors, healthy control ; disease_state="
"cgroup_L5_85083e38","GSE181029",FALSE,FALSE,"trattamento","Neural progenitors, PARK2: homozygous 8 exon del, PD case ; disease_state=Park","Neural progenitors, healthy control ; disease_state="
"cgroup_L5_85083e38","GSE181029",FALSE,FALSE,"trattamento","Neural progenitors, PARK2: heterozygous 2 exon del, PD case ; disease_state=Pa","Neural progenitors, healthy control ; disease_state="
"cgroup_L5_85083e38","GSE181029",FALSE,FALSE,"trattamento","Neurons presumably dopaminergic, PARK2: heterozygous 2 exon del, PD case ; dis","Neurons presumably dopaminergic, terminally differen"
"cgroup_L5_85083e38","GSE181029",FALSE,FALSE,"trattamento","Neurons presumably dopaminergic, PARK2: homozygous 8 exon del, PD case ; disea","Neurons presumably dopaminergic, terminally differen"
"cgroup_L5_85083e38","GSE181029",FALSE,FALSE,"trattamento","Neurons presumably dopaminergic, terminally differentiated, PD case ; disease_","Neurons presumably dopaminergic, terminally differen"
"cgroup_L5_85083e38","GSE181029",FALSE,FALSE,"trattamento","Neurons presumably dopaminergic, terminally differentiated, PD case ; disease_","Neurons presumably dopaminergic, terminally differen"
"cgroup_L5_85083e38","GSE181029",FALSE,FALSE,"trattamento","Neurons presumably dopaminergic, PARK2: 2 exon del, 1 intron splicing mutation","Neurons presumably dopaminergic, terminally differen"
"cgroup_L5_85083e38","GSE181029",FALSE,FALSE,"trattamento","Neurons presumably dopaminergic, terminally differentiated, PD model ; disease","Neurons presumably dopaminergic, terminally differen"
"cgroup_L5_85083e38","GSE181029",FALSE,FALSE,"trattamento","Neurons presumably dopaminergic, PD patient ; disease_state=Parkinson's diseas","Neurons presumably dopaminergic, healthy control ; d"
"cgroup_L5_b5db4aff","GSE181176",FALSE,FALSE,"trattamento","OCI-AML3 + Selinexor 24h ; treatment=Selinexor ; time=24 hours","OCI-AML3 + DMSO 24h ; treatment=DMSO ; time=24 hours"
"cgroup_L5_b5db4aff","GSE181176",FALSE,FALSE,"trattamento","OCI-AML3 + Selinexor 72h ; treatment=Selinexor ; time=72 hours","OCI-AML3 + DMSO 72h ; treatment=DMSO ; time=72 hours"
"cgroup_L5_3973fe03","GSE181229",FALSE,FALSE,"trattamento","MDA-PCa-2b + IL-1 alpha (25 ng/ml) for 3 days ; cell_line=MDA-PCa-2b ; treatme","MDA-PCa-2b untreated ; cell_line=MDA-PCa-2b"
"cgroup_L5_871ae09e","GSE181238",FALSE,FALSE,"trattamento","SARS-CoV-2-infected Term placenta ; perturbation=SARS-CoV-2","Mock-treated Term placenta ; perturbation=MOCK"
"cgroup_L5_6ee86f02","GSE181364",FALSE,FALSE,"trattamento","Ankylosing Spondylitis Patients ; disease_state=ankylosing spondylitis (AS) ; ","Healthy Controls ; disease_state=healthy control"
"cgroup_L5_3370a794","GSE181586",FALSE,FALSE,"trattamento","MOLM14 gilteritinib ; cell_line=MOLM14 ; treatment=gilteritinib","MOLM14 DMSO ; cell_line=MOLM14 ; treatment=DMSO"
"cgroup_L5_ff78d2a8","GSE181638",FALSE,FALSE,"trattamento","Aspirin-treated ; treatment=aspirin ; passage=4","Untreated ; treatment=untreated ; passage=4"
"cgroup_L5_c548d053","GSE181851",FALSE,FALSE,"trattamento","LPS ; treatment=LPS","Untreated ; treatment=untreated"
"cgroup_L5_c548d053","GSE181851",FALSE,FALSE,"trattamento","PW and LPS ; treatment=PW and LPS","Untreated ; treatment=untreated"
"cgroup_L5_b9e7806c","GSE181905",FALSE,FALSE,"trattamento","HCC1954 K12i THZ531 ; treatment=THZ531 ; cell_line=HCC1954 K12i","HER2+ breast cancer cells DMSO ; treatment=DMSO ; ce"
"cgroup_L5_721184e6","GSE181905",FALSE,FALSE,"trattamento","HER2+ breast cancer cells THZ1 ; treatment=THZ1 ; cell_line=HER2+ breast cance","HER2+ breast cancer cells DMSO ; treatment=DMSO ; ce"
"cgroup_L5_b9e7806c","GSE181905",FALSE,FALSE,"trattamento","HER2+ breast cancer cells THZ531 ; treatment=THZ531 ; cell_line=HER2+ breast c","HER2+ breast cancer cells DMSO ; treatment=DMSO ; ce"
"cgroup_L5_b9e7806c","GSE181905",FALSE,FALSE,"trattamento","SKBR3 THZ531 ; treatment=THZ531 ; cell_line=SKBR3","SKBR3 DMSO ; treatment=DMSO ; cell_line=SKBR3"
"cgroup_L5_7934174c","GSE182144",FALSE,FALSE,"trattamento","EPZ-6438-treated LNCaP cells ; treatment=EPZ-6438 ; cell_line=LNCaP","DMSO-treated LNCaP cells ; treatment=DMSO ; cell_lin"
"cgroup_L5_c0d1d837","GSE182278",FALSE,FALSE,"trattamento","LAPC-4 cells treated with Enzalutamide ; treatment=Enzalutamide ; cell_line=LA","LAPC-4 cells with Vehicle Control (None) ; treatment"
"cgroup_L5_c860712d","GSE182347",FALSE,FALSE,"trattamento","Cystic Fibrosis Liver Organoids ; disease_state=cystic fibrosis ; tissue=Liver","Healthy Liver Organoids ; disease_state=healthy cont"
"cgroup_L5_f640365a","GSE182350",FALSE,FALSE,"trattamento","Hemin Day 15 ; treatment=Hemin ; day_of_assay=Day 15","Control Day 15 ; treatment=Control ; day_of_assay=Da"
"cgroup_L5_f640365a","GSE182350",FALSE,FALSE,"trattamento","Hemin Day 16 ; treatment=Hemin ; day_of_assay=Day 16","Control Day 16 ; treatment=Control ; day_of_assay=Da"
"cgroup_L5_aecd610f","GSE182875",FALSE,FALSE,"trattamento","Schizophrenia Cortical Neuron NSC352 ; disease_state=Schizophrenia ; cell_cont","Control Cortical Neuron NSC353 ; disease_state=Healt"
"cgroup_L5_aecd610f","GSE182875",FALSE,FALSE,"trattamento","Schizophrenia Cortical Neuron NSC413 ; disease_state=Schizophrenia ; cell_cont","Control Cortical Neuron NSC353 ; disease_state=Healt"
"cgroup_L5_aecd610f","GSE182875",FALSE,FALSE,"trattamento","Schizophrenia Cortical Neuron NSC416 ; disease_state=Schizophrenia ; cell_cont","Control Cortical Neuron NSC353 ; disease_state=Healt"
"cgroup_L5_aecd610f","GSE182875",FALSE,FALSE,"trattamento","Schizophrenia Cortical Neuron NSC418 ; disease_state=Schizophrenia ; cell_cont","Control Cortical Neuron NSC353 ; disease_state=Healt"
"cgroup_L5_aecd610f","GSE182875",FALSE,FALSE,"trattamento","Schizophrenia Cortical Neuron NSC486 ; disease_state=Schizophrenia ; cell_cont","Control Cortical Neuron NSC353 ; disease_state=Healt"
"cgroup_L5_aecd610f","GSE182875",FALSE,FALSE,"trattamento","Schizophrenia Cortical Neuron NSC624 ; disease_state=Schizophrenia ; cell_cont","Control Cortical Neuron NSC353 ; disease_state=Healt"
"cgroup_L5_aecd610f","GSE182875",FALSE,FALSE,"trattamento","Schizophrenia Neural Progenitor Cell ; disease_state=Schizophrenia ; cell_cont","Control Neural Progenitor Cell 353 ; disease_state=H"
"cgroup_L5_aecd610f","GSE182875",FALSE,FALSE,"trattamento","Schizophrenia Neural Progenitor Cell ; disease_state=Schizophrenia ; cell_cont","Control Neural Progenitor Cell 354 ; disease_state=H"
"cgroup_L5_82f82010","GSE182923",FALSE,FALSE,"trattamento","Diabetic Female ; disease_state=diabetic ; smoking_status=non-smoker ; sex=F","Healthy Control Female ; disease_state=healthy contr"
"cgroup_L5_eba39954","GSE182923",FALSE,FALSE,"trattamento","Healthy Smoker Female ; disease_state=healthy control ; smoking_status=smoker ","Healthy Control Female ; disease_state=healthy contr"
"cgroup_L5_49d55bfd","GSE182955",FALSE,FALSE,"trattamento","IL-4 stimulated bronchial epithelial cells ; treatment=IL-4 ; cell_type=bronch","Untreated bronchial epithelial cells ; treatment=unt"
"cgroup_L5_b32ab7f6","GSE182957",FALSE,FALSE,"trattamento","IL17 ; treatment=IL17 ; cell_type=bronchial epithelial cells ; tissue=lung ; c","Bronchial epithelial cells differentiated on porous "
"cgroup_L5_5b9a08fb","GSE183062",FALSE,FALSE,"trattamento","B-ALL cell line, Methotrexate ; treatment=Methotrexate ; cell_line=B-ALL cell ","B-ALL cell line, vehicle ; treatment=vehicle ; cell_"
"cgroup_L5_83f57274","GSE183112",FALSE,FALSE,"trattamento","Hypoxia Day 7 ; oxygen_condition=hypoxia ; time=day7","Normoxia Day 7 ; oxygen_condition=normoxia ; time=da"
"cgroup_L5_83f57274","GSE183112",FALSE,FALSE,"trattamento","Hypoxia Day 14 ; oxygen_condition=hypoxia ; time=day14","Normoxia Day 14 ; oxygen_condition=normoxia ; time=d"
"cgroup_L5_83f57274","GSE183112",FALSE,FALSE,"trattamento","Hypoxia Day 28 ; oxygen_condition=hypoxia ; time=day28","Normoxia Day 28 ; oxygen_condition=normoxia ; time=d"
"cgroup_L5_79ce3bd1","GSE183269",FALSE,FALSE,"trattamento","Bleomycin 90 min ; treatment=Bleomycin ; duration=90 min","New medium added 90 min ; treatment=new medium added"
"cgroup_L5_81b706c4","GSE183477",FALSE,FALSE,"trattamento","HCI-001 Paclitaxel ; treatment=Paclitaxel ; cell_line=HCI-001","HCI-001 Vehicle ; treatment=Vehicle ; cell_line=HCI-"
"cgroup_L5_81b706c4","GSE183477",FALSE,FALSE,"trattamento","HCI-002 Paclitaxel ; treatment=Paclitaxel ; cell_line=HCI-002","HCI-002 Vehicle ; treatment=Vehicle ; cell_line=HCI-"
"cgroup_L5_7934174c","GSE183487",FALSE,FALSE,"trattamento","DHL10 + EPZ6438 ; cell_line=DHL10 ; treatment=EPZ6438","DHL10 + DMSO ; cell_line=DHL10 ; treatment=DMSO"
"cgroup_L5_f9cc41b3","GSE183487",FALSE,FALSE,"trattamento","DHL10 + VTP50469 ; cell_line=DHL10 ; treatment=VTP50469","DHL10 + DMSO ; cell_line=DHL10 ; treatment=DMSO"
"cgroup_L5_7934174c","GSE183487",FALSE,FALSE,"trattamento","Karpas422 + EPZ6438 ; cell_line=Karpas422 ; treatment=EPZ6438","Karpas422 + DMSO ; cell_line=Karpas422 ; treatment=D"
"cgroup_L5_f9cc41b3","GSE183487",FALSE,FALSE,"trattamento","Karpas422 + VTP50469 ; cell_line=Karpas422 ; treatment=VTP50469","Karpas422 + DMSO ; cell_line=Karpas422 ; treatment=D"
"cgroup_L5_7805eee6","GSE183533",FALSE,FALSE,"trattamento","COVID-19 infected lung tissue ; disease_state=COVID-19 ; cell_context=lung tis","Healthy male lung tissue ; disease_state=normal ; ce"
"cgroup_L5_7805eee6","GSE183533",FALSE,FALSE,"trattamento","COVID-19 infected lung tissue ; disease_state=COVID-19 ; cell_context=lung tis","Healthy female lung tissue ; disease_state=normal ; "
"cgroup_L5_479c6221","GSE183777",FALSE,FALSE,"trattamento","Human bladder carcinoma + GSK126 ; treatment=GSK126","RT112 + DMSO ; treatment=DMSO"
"cgroup_L5_479c6221","GSE183777",FALSE,FALSE,"trattamento","Human bladder carcinoma + GSK126 ; treatment=GSK126","RT112 + DMSO ; treatment=DMSO"
"cgroup_L5_871ae09e","GSE183850",FALSE,FALSE,"trattamento","Heart Failure SARS-CoV-2 ; disease_state=Heart Failure ; treatment=SARS-CoV-2 ","Heart Failure Mock ; disease_state=Heart Failure ; t"
"cgroup_L5_871ae09e","GSE183850",FALSE,FALSE,"trattamento","Healthy SARS-CoV-2 ; disease_state=Healthy ; treatment=SARS-CoV-2 mNeonGreen","Healthy Mock ; disease_state=Healthy ; treatment=Moc"
"cgroup_L5_12228932","GSE183856",FALSE,FALSE,"trattamento","EGF ; treatment=EGF","Untreated (0 hr)"
"cgroup_L5_f832048f","GSE183947",FALSE,FALSE,"trattamento","Breast Tumor ; disease_state=breast tumor ; donor_id=102548","Normal Breast Tissue (Donor 109745) ; disease_state="
"cgroup_L5_871ae09e","GSE183999",TRUE,TRUE,"contesto","SARS-CoV-2 + siRNA against non-targeting control ; viral_infection=SARS-CoV-2 ","Mock + siRNA against non-targeting control ; viral_i"
"cgroup_L5_871ae09e","GSE183999",TRUE,TRUE,"contesto","SARS-CoV-2 + siRNA against non-targeting control ; viral_infection=SARS-CoV-2 ","Mock + siRNA against non-targeting control ; viral_i"
"cgroup_L5_871ae09e","GSE183999",TRUE,TRUE,"contesto","SARS-CoV-2 + siRNA against non-targeting control ; viral_infection=SARS-CoV-2 ","Mock + siRNA against non-targeting control ; viral_i"
"cgroup_L5_871ae09e","GSE183999",TRUE,TRUE,"contesto","SARS-CoV-2 + siRNA against non-targeting control ; viral_infection=SARS-CoV-2 ","Mock + siRNA against non-targeting control ; viral_i"
"cgroup_L5_871ae09e","GSE183999",TRUE,TRUE,"contesto","SARS-CoV-2 + siRNA against non-targeting control ; viral_infection=SARS-CoV-2 ","Mock + siRNA against non-targeting control ; viral_i"
"cgroup_L5_871ae09e","GSE183999",TRUE,TRUE,"contesto","SARS-CoV-2 + siRNA against non-targeting control ; viral_infection=SARS-CoV-2 ","Mock + siRNA against non-targeting control ; viral_i"
"cgroup_L5_79a73ac5","GSE184017",FALSE,FALSE,"trattamento","Bronchial epithelial cells exposed to Influenza ; treatment=Influenza ; cell_t","Mock-treated bronchial epithelial cells ; treatment="
"cgroup_L5_5927750b","GSE184029",FALSE,FALSE,"trattamento","CAPAN-2 + Carfilzomib ; cell_line=CAPAN-2 ; treatment=Carfilzomib","CAPAN-2 + DMSO ; cell_line=CAPAN-2 ; treatment=DMSO"
"cgroup_L5_5927750b","GSE184029",FALSE,FALSE,"trattamento","DLD-1 + Carfilzomib ; cell_line=DLD-1 ; treatment=Carfilzomib","DLD-1 + DMSO ; cell_line=DLD-1 ; treatment=DMSO"
"cgroup_L5_5927750b","GSE184029",FALSE,FALSE,"trattamento","H-1299 + Carfilzomib ; cell_line=H-1299 ; treatment=Carfilzomib","H-1299 + DMSO ; cell_line=H-1299 ; treatment=DMSO"
"cgroup_L5_5927750b","GSE184029",FALSE,FALSE,"trattamento","H-23 + Carfilzomib ; cell_line=H-23 ; treatment=Carfilzomib","H-23 + DMSO ; cell_line=H-23 ; treatment=DMSO"
"cgroup_L5_5927750b","GSE184029",FALSE,FALSE,"trattamento","PANC-1 + Carfilzomib ; cell_line=PANC-1 ; treatment=Carfilzomib","PANC-1 + DMSO ; cell_line=PANC-1 ; treatment=DMSO"
"cgroup_L5_5927750b","GSE184029",FALSE,FALSE,"trattamento","RPMI + Carfilzomib ; cell_line=RPMI ; treatment=Carfilzomib","RPMI + DMSO ; cell_line=RPMI ; treatment=DMSO"
"cgroup_L5_aecd610f","GSE184102",FALSE,FALSE,"trattamento","Schizophrenia Case 1 ; disease_state=schizophrenia","Healthy Control ; disease_state=control"
"cgroup_L5_0e66597e","GSE184156",FALSE,FALSE,"trattamento","MCF7-ESR1Y537S + Fulvestrant ; treatment=Fulvestrant ; cell_line=MCF7-ESR1Y537","MCF7-ESR1Y537S + Vehicle ; treatment=Vehicle ; cell_"
"cgroup_L5_a6fd82fa","GSE184156",FALSE,FALSE,"trattamento","MCF7-ESR1Y537S + 4-hydroxytamoxifen ; treatment=4-hydroxytamoxifen ; cell_line","MCF7-ESR1Y537S + Vehicle ; treatment=Vehicle ; cell_"
"cgroup_L5_b6b8bc00","GSE184156",FALSE,FALSE,"trattamento","MCF7-ESR1Y537S + Palbociclib ; treatment=Palbociclib ; cell_line=MCF7-ESR1Y537","MCF7-ESR1Y537S + Vehicle ; treatment=Vehicle ; cell_"
"cgroup_L5_a32e5eaa","GSE184168",FALSE,FALSE,"trattamento","C4-2R + Decitabine ; cell_line=C4-2R ; treatment=Decitabine","C4-2R + DMSO ; cell_line=C4-2R ; treatment=DMSO"
"cgroup_L5_a32e5eaa","GSE184168",FALSE,FALSE,"trattamento","C4-2R + Decitabine ; cell_line=C4-2R ; treatment=Decitabine","C4-2R + DMSO ; cell_line=C4-2R ; treatment=DMSO"
"cgroup_L5_a32e5eaa","GSE184168",FALSE,FALSE,"trattamento","C4-2R + Decitabine ; cell_line=C4-2R ; treatment=Decitabine","C4-2R + DMSO ; cell_line=C4-2R ; treatment=DMSO"
"cgroup_L5_a8ff7b6d","GSE184282",FALSE,FALSE,"trattamento","MOLM-13 cells treated with ATRA for 2 hours ; treatment=ATRA ; time=2 hours","Untreated MOLM-13 cells ; treatment=untreated ; time"
"cgroup_L5_a8ff7b6d","GSE184282",FALSE,FALSE,"trattamento","MOLM-13 cells treated with ATRA for 3 hours ; treatment=ATRA ; time=3 hours","Untreated MOLM-13 cells ; treatment=untreated ; time"
"cgroup_L5_a32e5eaa","GSE184282",FALSE,FALSE,"trattamento","MOLM-13 cells treated with decitabine for 2 hours ; treatment=decitabine ; tim","Untreated MOLM-13 cells ; treatment=untreated ; time"
"cgroup_L5_a32e5eaa","GSE184282",FALSE,FALSE,"trattamento","MOLM-13 cells treated with decitabine for 3 hours ; treatment=decitabine ; tim","Untreated MOLM-13 cells ; treatment=untreated ; time"
"cgroup_L5_1bbf4b9b","GSE184336",FALSE,FALSE,"trattamento","Gastric Cancer Tissue (Stage IIA) ; disease_state=gastric_cancer ; stage=IIA","Normal Gastric Tissue (Stage IIA) ; disease_state=no"
"cgroup_L5_2e16719f","GSE184356",FALSE,FALSE,"trattamento","TGFbeta ; treatment=TGFbeta","Control (PBS) ; treatment=vehicle ; control=PBS"
"cgroup_L5_17b35bdc","GSE184427",FALSE,FALSE,"trattamento","LuCaP 147 Docetaxel ; treatment=Docetaxel ; cell_line=LuCaP 147","LuCaP 147 PBS Control ; treatment=PBS ; cell_line=Lu"
"cgroup_L5_c0d1d837","GSE184427",FALSE,FALSE,"trattamento","LuCaP 147 Enzalutamide ; treatment=Enzalutamide ; cell_line=LuCaP 147","LuCaP 147 PBS Control ; treatment=PBS ; cell_line=Lu"
"cgroup_L5_523e64b9","GSE184427",FALSE,FALSE,"trattamento","LuCaP 147 MK2206 ; treatment=MK2206 ; cell_line=LuCaP 147","LuCaP 147 PBS Control ; treatment=PBS ; cell_line=Lu"
"cgroup_L5_535d97f6","GSE184427",FALSE,FALSE,"trattamento","LuCaP 147 Imatinib ; treatment=Imatinib ; cell_line=LuCaP 147","LuCaP 147 PBS Control ; treatment=PBS ; cell_line=Lu"
"cgroup_L5_90db4e34","GSE184427",FALSE,FALSE,"trattamento","LuCaP 147 Testosterone ; treatment=Testosterone ; cell_line=LuCaP 147","LuCaP 147 PBS Control ; treatment=PBS ; cell_line=Lu"
"cgroup_L5_c054e202","GSE184427",FALSE,FALSE,"trattamento","LuCaP 147 Rapamycin ; treatment=Rapamycin ; cell_line=LuCaP 147","LuCaP 147 PBS Control ; treatment=PBS ; cell_line=Lu"
"cgroup_L5_6df6a50e","GSE184427",FALSE,FALSE,"trattamento","LuCaP 147 Sorafenib ; treatment=Sorafenib ; cell_line=LuCaP 147","LuCaP 147 PBS Control ; treatment=PBS ; cell_line=Lu"
"cgroup_L5_3a0a595f","GSE184427",FALSE,FALSE,"trattamento","LuCaP 147 Dasatinib ; treatment=Dasatinib ; cell_line=LuCaP 147","LuCaP 147 PBS Control ; treatment=PBS ; cell_line=Lu"
"cgroup_L5_c0d1d837","GSE184427",FALSE,FALSE,"trattamento","LuCaP 73 Enzalutamide ; treatment=Enzalutamide ; cell_line=LuCaP 73","LuCaP 73 PBS Control ; treatment=PBS ; cell_line=LuC"
"cgroup_L5_523e64b9","GSE184427",FALSE,FALSE,"trattamento","LuCaP 73 MK2206 ; treatment=MK2206 ; cell_line=LuCaP 73","LuCaP 73 PBS Control ; treatment=PBS ; cell_line=LuC"
"cgroup_L5_535d97f6","GSE184427",FALSE,FALSE,"trattamento","LuCaP 73 Imatinib ; treatment=Imatinib ; cell_line=LuCaP 73","LuCaP 73 PBS Control ; treatment=PBS ; cell_line=LuC"
"cgroup_L5_90db4e34","GSE184427",FALSE,FALSE,"trattamento","LuCaP 73 Testosterone ; treatment=Testosterone ; cell_line=LuCaP 73","LuCaP 73 PBS Control ; treatment=PBS ; cell_line=LuC"
"cgroup_L5_c054e202","GSE184427",FALSE,FALSE,"trattamento","LuCaP 73 Rapamycin ; treatment=Rapamycin ; cell_line=LuCaP 73","LuCaP 73 PBS Control ; treatment=PBS ; cell_line=LuC"
"cgroup_L5_17b35bdc","GSE184427",FALSE,FALSE,"trattamento","LuCaP 73 Docetaxel ; treatment=Docetaxel ; cell_line=LuCaP 73","LuCaP 73 PBS Control ; treatment=PBS ; cell_line=LuC"
"cgroup_L5_6df6a50e","GSE184427",FALSE,FALSE,"trattamento","LuCaP 73 Sorafenib ; treatment=Sorafenib ; cell_line=LuCaP 73","LuCaP 73 PBS Control ; treatment=PBS ; cell_line=LuC"
"cgroup_L5_3a0a595f","GSE184427",FALSE,FALSE,"trattamento","LuCaP 73 Dasatinib ; treatment=Dasatinib ; cell_line=LuCaP 73","LuCaP 73 PBS Control ; treatment=PBS ; cell_line=LuC"
"cgroup_L5_c0d1d837","GSE184427",FALSE,FALSE,"trattamento","LuCaP 77 + Enzalutamide ; cell_line=LuCaP 77 ; treatment=Enzalutamide","LuCaP 77 + PBS ; cell_line=LuCaP 77 ; treatment=PBS"
"cgroup_L5_523e64b9","GSE184427",FALSE,FALSE,"trattamento","LuCaP 78 + MK2206 ; cell_line=LuCaP 78 ; treatment=MK2206","LuCaP 78 PBS Control ; treatment=PBS ; cell_line=LuC"
"cgroup_L5_535d97f6","GSE184427",FALSE,FALSE,"trattamento","LuCaP 78 + Imatinib ; cell_line=LuCaP 78 ; treatment=Imatinib","LuCaP 78 PBS Control ; treatment=PBS ; cell_line=LuC"
"cgroup_L5_90db4e34","GSE184427",FALSE,FALSE,"trattamento","LuCaP 78 + Testosterone ; cell_line=LuCaP 78 ; treatment=Testosterone","LuCaP 78 PBS Control ; treatment=PBS ; cell_line=LuC"
"cgroup_L5_c054e202","GSE184427",FALSE,FALSE,"trattamento","LuCaP 78 + Rapamycin ; cell_line=LuCaP 78 ; treatment=Rapamycin","LuCaP 78 PBS Control ; treatment=PBS ; cell_line=LuC"
"cgroup_L5_17b35bdc","GSE184427",FALSE,FALSE,"trattamento","LuCaP 78 + Docetaxel ; cell_line=LuCaP 78 ; treatment=Docetaxel","LuCaP 78 PBS Control ; treatment=PBS ; cell_line=LuC"
"cgroup_L5_17b35bdc","GSE184427",FALSE,FALSE,"trattamento","LuCaP 78 + Docetaxel (Castrated) ; cell_line=LuCaP 78 ; treatment=Docetaxel","LuCaP 78 PBS Control ; treatment=PBS ; cell_line=LuC"
"cgroup_L5_6df6a50e","GSE184427",FALSE,FALSE,"trattamento","LuCaP 78 + Sorafenib ; cell_line=LuCaP 78 ; treatment=Sorafenib","LuCaP 78 PBS Control ; treatment=PBS ; cell_line=LuC"
"cgroup_L5_3a0a595f","GSE184427",FALSE,FALSE,"trattamento","LuCaP 78 + Dasatinib ; cell_line=LuCaP 78 ; treatment=Dasatinib","LuCaP 78 PBS Control ; treatment=PBS ; cell_line=LuC"
"cgroup_L5_c0d1d837","GSE184427",FALSE,FALSE,"trattamento","LuCaP 78 + Enzalutamide ; cell_line=LuCaP 78 ; treatment=Enzalutamide","LuCaP 78 PBS Control ; treatment=PBS ; cell_line=LuC"
"cgroup_L5_c0d1d837","GSE184427",FALSE,FALSE,"trattamento","LuCaP 81 + Enzalutamide (Castrated) ; cell_line=LuCaP 81 ; treatment=Enzalutam","LuCaP 81 PBS Control ; treatment=PBS ; cell_line=LuC"
"cgroup_L5_523e64b9","GSE184427",FALSE,FALSE,"trattamento","LuCaP 81 + MK2206 ; cell_line=LuCaP 81 ; treatment=MK2206","LuCaP 81 PBS Control ; treatment=PBS ; cell_line=LuC"
"cgroup_L5_535d97f6","GSE184427",FALSE,FALSE,"trattamento","LuCaP 81 + Imatinib ; cell_line=LuCaP 81 ; treatment=Imatinib","LuCaP 81 PBS Control ; treatment=PBS ; cell_line=LuC"
"cgroup_L5_535d97f6","GSE184427",FALSE,FALSE,"trattamento","LuCaP 81 + Imatinib (Castrated) ; cell_line=LuCaP 81 ; treatment=Imatinib","LuCaP 81 PBS Control ; treatment=PBS ; cell_line=LuC"
"cgroup_L5_90db4e34","GSE184427",FALSE,FALSE,"trattamento","LuCaP 81 + Testosterone ; cell_line=LuCaP 81 ; treatment=Testosterone","LuCaP 81 PBS Control ; treatment=PBS ; cell_line=LuC"
"cgroup_L5_90db4e34","GSE184427",FALSE,FALSE,"trattamento","LuCaP 81 + Testosterone (Intact) ; cell_line=LuCaP 81 ; treatment=Testosterone","LuCaP 81 PBS Control ; treatment=PBS ; cell_line=LuC"
"cgroup_L5_c054e202","GSE184427",FALSE,FALSE,"trattamento","LuCaP 81 + Rapamycin (Castrated) ; cell_line=LuCaP 81 ; treatment=Rapamycin","LuCaP 81 PBS Control ; treatment=PBS ; cell_line=LuC"
"cgroup_L5_c054e202","GSE184427",FALSE,FALSE,"trattamento","LuCaP 81 + Rapamycin ; cell_line=LuCaP 81 ; treatment=Rapamycin","LuCaP 81 PBS Control ; treatment=PBS ; cell_line=LuC"
"cgroup_L5_17b35bdc","GSE184427",FALSE,FALSE,"trattamento","LuCaP 81 + Docetaxel ; cell_line=LuCaP 81 ; treatment=Docetaxel","LuCaP 81 PBS Control ; treatment=PBS ; cell_line=LuC"
"cgroup_L5_17b35bdc","GSE184427",FALSE,FALSE,"trattamento","LuCaP 81 + Docetaxel ; cell_line=LuCaP 81 ; treatment=Docetaxel","LuCaP 81 PBS Control ; treatment=PBS ; cell_line=LuC"
"cgroup_L5_6df6a50e","GSE184427",FALSE,FALSE,"trattamento","LuCaP 81 + Sorafenib ; cell_line=LuCaP 81 ; treatment=Sorafenib","LuCaP 81 PBS Control ; treatment=PBS ; cell_line=LuC"
"cgroup_L5_3a0a595f","GSE184427",FALSE,FALSE,"trattamento","LuCaP 81 + Dasatinib ; cell_line=LuCaP 81 ; treatment=Dasatinib","LuCaP 81 PBS Control ; treatment=PBS ; cell_line=LuC"
"cgroup_L5_c0d1d837","GSE184427",FALSE,FALSE,"trattamento","LuCaP 81 + Enzalutamide ; cell_line=LuCaP 81 ; treatment=Enzalutamide","LuCaP 81 PBS Control ; treatment=PBS ; cell_line=LuC"
"cgroup_L5_c0d1d837","GSE184455",FALSE,FALSE,"trattamento","HCC38 treated with Enzalutamide ; treatment=Enzalutamide ; cell_line=HCC38","HCC38 treated with Vehicle (DMSO) ; treatment=Vehicl"
"cgroup_L5_905be893","GSE184777",FALSE,FALSE,"trattamento","IL-1β ; treatment=IL-1β","Untreated ; treatment=untreated"
"cgroup_L5_be15b706","GSE184868",FALSE,FALSE,"trattamento","IL-13 ; treatment=IL-13","Untreated (1) ; treatment=untreated"
"cgroup_L5_93068469","GSE184891",FALSE,FALSE,"trattamento","HL60 Azacitidine 1uM 8days ; cell_line=HL60 ; treatment=Azacitidine 1uM 8days","HL60 No Treatment ; cell_line=HL60 ; treatment=No Tr"
"cgroup_L5_93068469","GSE184891",FALSE,FALSE,"trattamento","HL60 Azacitidine 1uM 24h ; cell_line=HL60 ; treatment=Azacitidine 1uM 24h","HL60 No Treatment ; cell_line=HL60 ; treatment=No Tr"
"cgroup_L5_93068469","GSE184891",FALSE,FALSE,"trattamento","HL60 Azacitidine 1uM 4days ; cell_line=HL60 ; treatment=Azacitidine 1uM 4days","HL60 No Treatment ; cell_line=HL60 ; treatment=No Tr"
"cgroup_L5_93068469","GSE184891",FALSE,FALSE,"trattamento","OCI-AML3 Azacitidine 1uM 8days ; cell_line=OCI-AML3 ; treatment=Azacitidine 1u","OCI-AML3 No Treatment ; cell_line=OCI-AML3 ; treatme"
"cgroup_L5_93068469","GSE184891",FALSE,FALSE,"trattamento","OCI-AML3 Azacitidine 1uM 3days ; cell_line=OCI-AML3 ; treatment=Azacitidine 1u","OCI-AML3 No Treatment ; cell_line=OCI-AML3 ; treatme"
"cgroup_L5_93068469","GSE184891",FALSE,FALSE,"trattamento","OCI-AML3 Azacitidine 1uM 4days ; cell_line=OCI-AML3 ; treatment=Azacitidine 1u","OCI-AML3 No Treatment ; cell_line=OCI-AML3 ; treatme"
"cgroup_L5_c13b1103","GSE185051",FALSE,FALSE,"trattamento","NAFLD disease ; disease_state=NAFLD disease","Normal ; disease_state=Normal"
"cgroup_L5_c13b1103","GSE185051",FALSE,FALSE,"trattamento","NAFLD disease ; disease_state=NAFLD disease","Vehicle control ; disease_state=Normal"
"cgroup_L5_3fa847fe","GSE185064",FALSE,FALSE,"trattamento","OA ; disease_state=Osteoarthritis ; cell_type_or_line_raw=human primary menisc","Healthy ; disease_state=Healthy ; cell_type_or_line_"
"cgroup_L5_dd2a13de","GSE185259",FALSE,FALSE,"trattamento","DHLF-IPF(P2) ; disease_state=Idiopathic Pulmonary Fibrosis ; cell_type_or_line","NHLF(LONZA, CC-2512, lot 0000615568) ; disease_state"
"cgroup_L5_df599af1","GSE185263",FALSE,FALSE,"trattamento","Sepsis patient 1 ; disease_state=sepsis","Healthy donor hccol001 ; disease_state=healthy ; cel"
"cgroup_L5_b0066299","GSE185309",FALSE,FALSE,"trattamento","Keloid-affected keratinocytes ; disease_state=keloid","Healthy control keratinocytes (no treatment) ; disea"
"cgroup_L5_b0066299","GSE185309",FALSE,FALSE,"trattamento","Keloid-affected keratinocytes ; disease_state=keloid","Healthy control keratinocytes (N2) ; disease_state=c"
"cgroup_L5_c548d053","GSE185433",FALSE,FALSE,"trattamento","Donor_3 LPS 4h after media alone 5 days ; treatment=LPS ; donor_id=Donor_3","Donor_2 RPMI media only 4h ; treatment=RPMI media on"
"cgroup_L5_c548d053","GSE185433",FALSE,FALSE,"trattamento","Donor_2 RPMI media 6 days then LPS 4h ; treatment=LPS ; donor_id=Donor_2","Donor_2 RPMI media only 4h ; treatment=RPMI media on"
"cgroup_L5_c548d053","GSE185433",FALSE,FALSE,"trattamento","Donor_1 RPMI media 6 days then LPS 4h ; treatment=LPS ; donor_id=Donor_1","Donor_1 RPMI media only 6 days ; treatment=RPMI medi"
"cgroup_L5_2ec87595","GSE185624",FALSE,FALSE,"trattamento","XRT plus Metformin ; treatment=XRT_plus_Metformin","Untreated Control ; treatment=untreated_control"
"cgroup_L5_bd19fe42","GSE185799",FALSE,FALSE,"trattamento","Hepatocellular carcinoma ; disease_status=hepatocellular carcinoma","Adjacent normal tissue ; disease_status=normal"
"cgroup_L5_df599af1","GSE186054",FALSE,FALSE,"trattamento","Sepsis patients ; disease_state=sepsis","Healthy controls ; disease_state=healthy"
"cgroup_L5_3b91a21d","GSE186145",FALSE,FALSE,"trattamento","Ovarian High Grade Serous Omental Metastasis (Donor D3) ; disease_state=ovaria","Adjacent Normal Omentum ; disease_state=adjacent nor"
"cgroup_L5_3b91a21d","GSE186145",FALSE,FALSE,"trattamento","Ovarian High Grade Serous Omental Metastasis (Donor D1) ; disease_state=ovaria","Adjacent Normal Omentum ; disease_state=adjacent nor"
"cgroup_L5_7934174c","GSE186239",FALSE,FALSE,"trattamento","Cal27_EPZ-6438 ; cell_line=Cal27 ; treatment=EPZ-6438","Cal27_DMSO ; cell_line=Cal27 ; treatment=DMSO"
"cgroup_L5_b2affd22","GSE186257",FALSE,FALSE,"trattamento","Severe preeclampsia ; disease_state=Severe preeclampsia","Non-hypertensive Control (P1430) ; disease_state=Non"
"cgroup_L5_b2affd22","GSE186257",FALSE,FALSE,"trattamento","Severe preeclampsia ; disease_state=Severe preeclampsia","Non-hypertensive Control (P1138) ; disease_state=Non"
"cgroup_L5_b2affd22","GSE186257",FALSE,FALSE,"trattamento","Severe preeclampsia ; disease_state=Severe preeclampsia","Non-hypertensive Control (P1389) ; disease_state=Non"
"cgroup_L5_6df6a50e","GSE186280",FALSE,FALSE,"trattamento","HepG2 wild-type p53 + Sorafenib ; cell_line=HepG2 ; p53_status=wild_type ; tre","HepG2 wild-type p53 + DMSO ; cell_line=HepG2 ; p53_s"
"cgroup_L5_6df6a50e","GSE186280",FALSE,FALSE,"trattamento","HepG2 truncated p53 + Sorafenib ; cell_line=HepG2 ; p53_status=truncated ; tre","HepG2 truncated p53 + DMSO ; cell_line=HepG2 ; p53_s"
"cgroup_L5_6df6a50e","GSE186280",FALSE,FALSE,"trattamento","SNU423 truncated p53 + Sorafenib ; cell_line=SNU423 ; p53_status=truncated ; t","SNU423 truncated p53 + DMSO ; cell_line=SNU423 ; p53"
"cgroup_L5_a4029927","GSE186341",FALSE,FALSE,"trattamento","Afatinib-treated AsPC-1 cells ; treatment=Afatinib ; cell_line=AsPC-1 ; time(h","DMSO-treated AsPC-1 cells ; treatment=DMSO ; cell_li"
"cgroup_L5_8ac307e0","GSE186341",FALSE,FALSE,"trattamento","Cabozantinib-treated AsPC-1 cells ; treatment=Cabozantinib ; cell_line=AsPC-1 ","DMSO-treated AsPC-1 cells ; treatment=DMSO ; cell_li"
"cgroup_L5_004d293d","GSE186341",FALSE,FALSE,"trattamento","Lapatinib-treated AsPC-1 cells ; treatment=Lapatinib ; cell_line=AsPC-1 ; time","DMSO-treated AsPC-1 cells ; treatment=DMSO ; cell_li"
"cgroup_L5_83b1f88c","GSE186341",FALSE,FALSE,"trattamento","Neratinib-treated AsPC-1 cells ; treatment=Neratinib ; cell_line=AsPC-1 ; time","DMSO-treated AsPC-1 cells ; treatment=DMSO ; cell_li"
"cgroup_L5_3b461817","GSE186341",FALSE,FALSE,"trattamento","Nilotinib-treated AsPC-1 cells ; treatment=Nilotinib ; cell_line=AsPC-1 ; time","DMSO-treated AsPC-1 cells ; treatment=DMSO ; cell_li"
"cgroup_L5_16525349","GSE186341",FALSE,FALSE,"trattamento","Ponatinib-treated AsPC-1 cells ; treatment=Ponatinib ; cell_line=AsPC-1 ; time","DMSO-treated AsPC-1 cells ; treatment=DMSO ; cell_li"
"cgroup_L5_535d97f6","GSE186341",FALSE,FALSE,"trattamento","Imatinib-treated AsPC-1 cells ; treatment=Imatinib ; cell_line=AsPC-1 ; time(h","DMSO-treated AsPC-1 cells ; treatment=DMSO ; cell_li"
"cgroup_L5_601ede7b","GSE186341",FALSE,FALSE,"trattamento","Osimertinib-treated AsPC-1 cells ; treatment=Osimertinib ; cell_line=AsPC-1 ; ","DMSO-treated AsPC-1 cells ; treatment=DMSO ; cell_li"
"cgroup_L5_efced505","GSE186341",FALSE,FALSE,"trattamento","Sunitinib-treated AsPC-1 cells ; treatment=Sunitinib ; cell_line=AsPC-1 ; time","DMSO-treated AsPC-1 cells ; treatment=DMSO ; cell_li"
"cgroup_L5_41f7b088","GSE186341",FALSE,FALSE,"trattamento","Gefitinib-treated AsPC-1 cells ; treatment=Gefitinib ; cell_line=AsPC-1 ; time","DMSO-treated AsPC-1 cells ; treatment=DMSO ; cell_li"
"cgroup_L5_41f7b088","GSE186341",FALSE,FALSE,"trattamento","Gefitinib-treated AsPC-1 cells ; treatment=Gefitinib ; cell_line=AsPC-1 ; time","DMSO-treated AsPC-1 cells ; treatment=DMSO ; cell_li"
"cgroup_L5_f97e50de","GSE186341",FALSE,FALSE,"trattamento","Crizotinib-treated AsPC-1 cells ; treatment=Crizotinib ; cell_line=AsPC-1 ; ti","DMSO-treated AsPC-1 cells ; treatment=DMSO ; cell_li"
"cgroup_L5_523e64b9","GSE186341",FALSE,FALSE,"trattamento","MK2206-treated AsPC-1 cells ; treatment=MK2206 ; cell_line=AsPC-1 ; time(hours","DMSO-treated AsPC-1 cells ; treatment=DMSO ; cell_li"
"cgroup_L5_8ac307e0","GSE186341",FALSE,FALSE,"trattamento","Cabozantinib-treated AsPC-1 cells ; treatment=Cabozantinib ; cell_line=AsPC-1 ","DMSO-treated AsPC-1 cells ; treatment=DMSO ; cell_li"
"cgroup_L5_2987cdb6","GSE186341",FALSE,FALSE,"trattamento","Erlotinib-treated AsPC-1 cells ; treatment=Erlotinib ; cell_line=AsPC-1 ; time","DMSO-treated AsPC-1 cells ; treatment=DMSO ; cell_li"
"cgroup_L5_2987cdb6","GSE186341",FALSE,FALSE,"trattamento","Erlotinib-treated AsPC-1 cells ; treatment=Erlotinib ; cell_line=AsPC-1 ; time","DMSO-treated AsPC-1 cells ; treatment=DMSO ; cell_li"
"cgroup_L5_fd0c6a79","GSE186341",FALSE,FALSE,"trattamento","Regorafenib-treated AsPC-1 cells ; treatment=Regorafenib ; cell_line=AsPC-1 ; ","DMSO-treated AsPC-1 cells ; treatment=DMSO ; cell_li"
"cgroup_L5_b3ccf1c1","GSE186341",FALSE,FALSE,"trattamento","Vandetanib-treated AsPC-1 cells ; treatment=Vandetanib ; cell_line=AsPC-1 ; ti","DMSO-treated AsPC-1 cells ; treatment=DMSO ; cell_li"
"cgroup_L5_6df6a50e","GSE186341",FALSE,FALSE,"trattamento","Sorafenib-treated AsPC-1 cells ; treatment=Sorafenib ; cell_line=AsPC-1 ; time","DMSO-treated AsPC-1 cells ; treatment=DMSO ; cell_li"
"cgroup_L5_535d97f6","GSE186341",FALSE,FALSE,"trattamento","Imatinib ; treatment=Imatinib","DMSO ; control=DMSO"
"cgroup_L5_601ede7b","GSE186341",FALSE,FALSE,"trattamento","Osimertinib ; treatment=Osimertinib","DMSO ; control=DMSO"
"cgroup_L5_83b1f88c","GSE186341",FALSE,FALSE,"trattamento","Neratinib ; treatment=Neratinib","DMSO ; control=DMSO"
"cgroup_L5_83b1f88c","GSE186341",FALSE,FALSE,"trattamento","Neratinib ; treatment=Neratinib","DMSO ; control=DMSO"
"cgroup_L5_efced505","GSE186341",FALSE,FALSE,"trattamento","Sunitinib ; treatment=Sunitinib","DMSO ; control=DMSO"
"cgroup_L5_3a0a595f","GSE186341",FALSE,FALSE,"trattamento","Dasatinib ; treatment=Dasatinib","DMSO ; control=DMSO"
"cgroup_L5_41f7b088","GSE186341",FALSE,FALSE,"trattamento","Gefitinib ; treatment=Gefitinib","DMSO ; control=DMSO"
"cgroup_L5_41f7b088","GSE186341",FALSE,FALSE,"trattamento","Gefitinib ; treatment=Gefitinib","DMSO ; control=DMSO"
"cgroup_L5_004d293d","GSE186341",FALSE,FALSE,"trattamento","Lapatinib ; treatment=Lapatinib","DMSO ; control=DMSO"
"cgroup_L5_6df6a50e","GSE186341",FALSE,FALSE,"trattamento","Sorafenib ; treatment=Sorafenib","DMSO ; control=DMSO"
"cgroup_L5_3b461817","GSE186341",FALSE,FALSE,"trattamento","Nilotinib ; treatment=Nilotinib","DMSO ; control=DMSO"
"cgroup_L5_fd0c6a79","GSE186341",FALSE,FALSE,"trattamento","Regorafenib ; treatment=Regorafenib","DMSO ; control=DMSO"
"cgroup_L5_f97e50de","GSE186341",FALSE,FALSE,"trattamento","Crizotinib ; treatment=Crizotinib","DMSO ; control=DMSO"
"cgroup_L5_16525349","GSE186341",FALSE,FALSE,"trattamento","Ponatinib ; treatment=Ponatinib","DMSO ; control=DMSO"
"cgroup_L5_523e64b9","GSE186341",FALSE,FALSE,"trattamento","MK2206 ; treatment=MK2206","DMSO ; control=DMSO"
"cgroup_L5_523e64b9","GSE186341",FALSE,FALSE,"trattamento","MK2206 ; treatment=MK2206","DMSO ; control=DMSO"
"cgroup_L5_f97e50de","GSE186341",FALSE,FALSE,"trattamento","Crizotinib ; treatment=Crizotinib","DMSO ; control=DMSO"
"cgroup_L5_8ac307e0","GSE186341",FALSE,FALSE,"trattamento","Cabozantinib ; treatment=Cabozantinib","DMSO ; control=DMSO"
"cgroup_L5_8ac307e0","GSE186341",FALSE,FALSE,"trattamento","Cabozantinib ; treatment=Cabozantinib","DMSO ; control=DMSO"
"cgroup_L5_b3ccf1c1","GSE186341",FALSE,FALSE,"trattamento","Vandetanib ; treatment=Vandetanib","DMSO ; control=DMSO"
"cgroup_L5_a4029927","GSE186341",FALSE,FALSE,"trattamento","Afatinib ; treatment=Afatinib","DMSO ; control=DMSO"
"cgroup_L5_a4029927","GSE186341",FALSE,FALSE,"trattamento","Afatinib ; treatment=Afatinib","DMSO ; control=DMSO"
"cgroup_L5_b3ccf1c1","GSE186341",FALSE,FALSE,"trattamento","Vandetanib ; treatment=Vandetanib","DMSO ; control=DMSO"
"cgroup_L5_6df6a50e","GSE186341",FALSE,FALSE,"trattamento","Sorafenib ; treatment=Sorafenib","DMSO ; control=DMSO"
"cgroup_L5_535d97f6","GSE186341",FALSE,FALSE,"trattamento","EFO-21_Imatinib_24h ; cell_line=EFO-21 ; treatment=Imatinib ; duration=24h","EFO-21_UNTREATED ; cell_line=EFO-21 ; treatment=UNTR"
"cgroup_L5_535d97f6","GSE186341",FALSE,FALSE,"trattamento","EFO-21_Imatinib_24h ; cell_line=EFO-21 ; treatment=Imatinib ; duration=24h","EFO-21_UNTREATED ; cell_line=EFO-21 ; treatment=UNTR"
"cgroup_L5_83b1f88c","GSE186341",FALSE,FALSE,"trattamento","EFO-21_Neratinib_16.5uM_24h ; cell_line=EFO-21 ; treatment=Neratinib ; dose=16","EFO-21_DMSO_24h ; cell_line=EFO-21 ; treatment=DMSO "
"cgroup_L5_8ac307e0","GSE186341",FALSE,FALSE,"trattamento","EFO-21_Cabozantinib_24h ; cell_line=EFO-21 ; treatment=Cabozantinib ; duration","EFO-21_DMSO_24h ; cell_line=EFO-21 ; treatment=DMSO "
"cgroup_L5_41f7b088","GSE186341",FALSE,FALSE,"trattamento","EFO-21_Gefitinib_0.5uM_24h ; cell_line=EFO-21 ; treatment=Gefitinib ; dose=0.5","EFO-21_DMSO_24h ; cell_line=EFO-21 ; treatment=DMSO "
"cgroup_L5_3b461817","GSE186341",FALSE,FALSE,"trattamento","EFO-21_Nilotinib_2.5uM_24h ; cell_line=EFO-21 ; treatment=Nilotinib ; dose=2.5","EFO-21_DMSO_24h ; cell_line=EFO-21 ; treatment=DMSO "
"cgroup_L5_3b461817","GSE186341",FALSE,FALSE,"trattamento","EFO-21_Nilotinib_2.5uM_24h ; cell_line=EFO-21 ; treatment=Nilotinib ; dose=2.5","EFO-21_DMSO_24h ; cell_line=EFO-21 ; treatment=DMSO "
"cgroup_L5_16525349","GSE186341",FALSE,FALSE,"trattamento","EFO-21_Ponatinib_13.5uM_24h ; cell_line=EFO-21 ; treatment=Ponatinib ; dose=13","EFO-21_DMSO_24h ; cell_line=EFO-21 ; treatment=DMSO "
"cgroup_L5_523e64b9","GSE186341",FALSE,FALSE,"trattamento","EFO-21_MK2206_24h ; cell_line=EFO-21 ; treatment=MK2206 ; duration=24h","EFO-21_DMSO_24h ; cell_line=EFO-21 ; treatment=DMSO "
"cgroup_L5_523e64b9","GSE186341",FALSE,FALSE,"trattamento","EFO-21_MK2206_24h ; cell_line=EFO-21 ; treatment=MK2206 ; duration=24h","EFO-21_DMSO_24h ; cell_line=EFO-21 ; treatment=DMSO "
"cgroup_L5_a4029927","GSE186341",FALSE,FALSE,"trattamento","EFO-21_Afatinib_0.1uM_24h ; cell_line=EFO-21 ; treatment=Afatinib ; dose=0.1uM","EFO-21_DMSO_24h ; cell_line=EFO-21 ; treatment=DMSO "
"cgroup_L5_a4029927","GSE186341",FALSE,FALSE,"trattamento","EFO-21_Afatinib_0.1uM_24h ; cell_line=EFO-21 ; treatment=Afatinib ; dose=0.1uM","EFO-21_DMSO_24h ; cell_line=EFO-21 ; treatment=DMSO "
"cgroup_L5_fd0c6a79","GSE186341",FALSE,FALSE,"trattamento","EFO-21_Regorafenib_24h ; cell_line=EFO-21 ; treatment=Regorafenib ; duration=2","EFO-21_DMSO_24h ; cell_line=EFO-21 ; treatment=DMSO "
"cgroup_L5_6df6a50e","GSE186341",FALSE,FALSE,"trattamento","Sorafenib-treated HCC1143 cells ; treatment=Sorafenib ; cell_line=HCC1143 ; do","DMSO-treated HCC1143 cells ; treatment=DMSO ; cell_l"
"cgroup_L5_535d97f6","GSE186341",FALSE,FALSE,"trattamento","Imatinib-treated HCC1143 cells ; treatment=Imatinib ; cell_line=HCC1143 ; dose","DMSO-treated HCC1143 cells ; treatment=DMSO ; cell_l"
"cgroup_L5_83b1f88c","GSE186341",FALSE,FALSE,"trattamento","Neratinib-treated HCC1143 cells ; treatment=Neratinib ; cell_line=HCC1143 ; do","DMSO-treated HCC1143 cells ; treatment=DMSO ; cell_l"
"cgroup_L5_601ede7b","GSE186341",FALSE,FALSE,"trattamento","Osimertinib-treated HCC1143 cells ; treatment=Osimertinib ; cell_line=HCC1143 ","DMSO-treated HCC1143 cells ; treatment=DMSO ; cell_l"
"cgroup_L5_83b1f88c","GSE186341",FALSE,FALSE,"trattamento","Neratinib-treated HCC1143 cells ; treatment=Neratinib ; cell_line=HCC1143 ; do","DMSO-treated HCC1143 cells ; treatment=DMSO ; cell_l"
"cgroup_L5_2987cdb6","GSE186341",FALSE,FALSE,"trattamento","Erlotinib-treated HCC1143 cells ; treatment=Erlotinib ; cell_line=HCC1143 ; do","DMSO-treated HCC1143 cells ; treatment=DMSO ; cell_l"
"cgroup_L5_efced505","GSE186341",FALSE,FALSE,"trattamento","Sunitinib-treated HCC1143 cells ; treatment=Sunitinib ; cell_line=HCC1143 ; do","DMSO-treated HCC1143 cells ; treatment=DMSO ; cell_l"
"cgroup_L5_3a0a595f","GSE186341",FALSE,FALSE,"trattamento","Dasatinib-treated HCC1143 cells ; treatment=Dasatinib ; cell_line=HCC1143 ; do","DMSO-treated HCC1143 cells ; treatment=DMSO ; cell_l"
"cgroup_L5_41f7b088","GSE186341",FALSE,FALSE,"trattamento","Gefitinib-treated HCC1143 cells ; treatment=Gefitinib ; cell_line=HCC1143 ; do","DMSO-treated HCC1143 cells ; treatment=DMSO ; cell_l"
"cgroup_L5_3b461817","GSE186341",FALSE,FALSE,"trattamento","Nilotinib-treated HCC1143 cells ; treatment=Nilotinib ; cell_line=HCC1143 ; do","DMSO-treated HCC1143 cells ; treatment=DMSO ; cell_l"
"cgroup_L5_004d293d","GSE186341",FALSE,FALSE,"trattamento","Lapatinib-treated HCC1143 cells ; treatment=Lapatinib ; cell_line=HCC1143 ; du","DMSO-treated HCC1143 cells ; treatment=DMSO ; cell_l"
"cgroup_L5_6df6a50e","GSE186341",FALSE,FALSE,"trattamento","Sorafenib-treated HCC1143 cells ; treatment=Sorafenib ; cell_line=HCC1143 ; do","DMSO-treated HCC1143 cells ; treatment=DMSO ; cell_l"
"cgroup_L5_3b461817","GSE186341",FALSE,FALSE,"trattamento","Nilotinib-treated HCC1143 cells ; treatment=Nilotinib ; cell_line=HCC1143 ; do","DMSO-treated HCC1143 cells ; treatment=DMSO ; cell_l"
"cgroup_L5_fd0c6a79","GSE186341",FALSE,FALSE,"trattamento","Regorafenib-treated HCC1143 cells ; treatment=Regorafenib ; cell_line=HCC1143 ","DMSO-treated HCC1143 cells ; treatment=DMSO ; cell_l"
"cgroup_L5_f97e50de","GSE186341",FALSE,FALSE,"trattamento","Crizotinib-treated HCC1143 cells ; treatment=Crizotinib ; cell_line=HCC1143 ; ","DMSO-treated HCC1143 cells ; treatment=DMSO ; cell_l"
"cgroup_L5_523e64b9","GSE186341",FALSE,FALSE,"trattamento","MK2206-treated HCC1143 cells ; treatment=MK2206 ; cell_line=HCC1143 ; dose=0.1","DMSO-treated HCC1143 cells ; treatment=DMSO ; cell_l"
"cgroup_L5_f97e50de","GSE186341",FALSE,FALSE,"trattamento","Crizotinib-treated HCC1143 cells ; treatment=Crizotinib ; cell_line=HCC1143 ; ","DMSO-treated HCC1143 cells ; treatment=DMSO ; cell_l"
"cgroup_L5_523e64b9","GSE186341",FALSE,FALSE,"trattamento","MK2206-treated HCC1143 cells ; treatment=MK2206 ; cell_line=HCC1143 ; dose=0.1","DMSO-treated HCC1143 cells ; treatment=DMSO ; cell_l"
"cgroup_L5_a4029927","GSE186341",FALSE,FALSE,"trattamento","Afatinib-treated HCC1143 cells ; treatment=Afatinib ; cell_line=HCC1143 ; dose","DMSO-treated HCC1143 cells ; treatment=DMSO ; cell_l"
"cgroup_L5_8ac307e0","GSE186341",FALSE,FALSE,"trattamento","HF2597_Cabozantinib_0.5_uM_24h ; cell_line=HF2597 ; treatment=Cabozantinib ; d","HF2597_DMSO_24h ; cell_line=HF2597 ; treatment=DMSO "
"cgroup_L5_004d293d","GSE186341",FALSE,FALSE,"trattamento","HF2597_Lapatinib_24h ; cell_line=HF2597 ; treatment=Lapatinib ; duration=24 ho","HF2597_DMSO_24h ; cell_line=HF2597 ; treatment=DMSO "
"cgroup_L5_523e64b9","GSE186341",FALSE,FALSE,"trattamento","HF2597_MK2206_24h ; cell_line=HF2597 ; treatment=MK2206 ; duration=24 hours","HF2597_DMSO_24h ; cell_line=HF2597 ; treatment=DMSO "
"cgroup_L5_83b1f88c","GSE186341",FALSE,FALSE,"trattamento","HF2597_Neratinib_0.225_uM_24h ; cell_line=HF2597 ; treatment=Neratinib ; dose=","HF2597_DMSO_24h ; cell_line=HF2597 ; treatment=DMSO "
"cgroup_L5_16525349","GSE186341",FALSE,FALSE,"trattamento","HF2597_Ponatinib_0.04_uM_24h ; cell_line=HF2597 ; treatment=Ponatinib ; dose=0","HF2597_DMSO_24h ; cell_line=HF2597 ; treatment=DMSO "
"cgroup_L5_fd0c6a79","GSE186341",FALSE,FALSE,"trattamento","HF2597_Regorafenib_0.31_uM_24h ; cell_line=HF2597 ; treatment=Regorafenib ; do","HF2597_DMSO_24h ; cell_line=HF2597 ; treatment=DMSO "
"cgroup_L5_efced505","GSE186341",FALSE,FALSE,"trattamento","HF2597_Sunitinib_0.045_uM_24h ; cell_line=HF2597 ; treatment=Sunitinib ; dose=","HF2597_DMSO_24h ; cell_line=HF2597 ; treatment=DMSO "
"cgroup_L5_b3ccf1c1","GSE186341",FALSE,FALSE,"trattamento","HF2597_Vandetanib_0.5_uM_24h ; cell_line=HF2597 ; treatment=Vandetanib ; dose=","HF2597_DMSO_24h ; cell_line=HF2597 ; treatment=DMSO "
"cgroup_L5_535d97f6","GSE186341",FALSE,FALSE,"trattamento","HF2597_Imatinib_5_uM_24h ; cell_line=HF2597 ; treatment=Imatinib ; dose=5 uM ;","HF2597_DMSO_24h ; cell_line=HF2597 ; treatment=DMSO "
"cgroup_L5_601ede7b","GSE186341",FALSE,FALSE,"trattamento","HF2597_Osimertinib_1.5_uM_24h ; cell_line=HF2597 ; treatment=Osimertinib ; dos","HF2597_DMSO_24h ; cell_line=HF2597 ; treatment=DMSO "
"cgroup_L5_535d97f6","GSE186341",FALSE,FALSE,"trattamento","HF2597_Imatinib_5_uM_24h ; cell_line=HF2597 ; treatment=Imatinib ; dose=5 uM ;","HF2597_DMSO_24h ; cell_line=HF2597 ; treatment=DMSO "
"cgroup_L5_3a0a595f","GSE186341",FALSE,FALSE,"trattamento","HF2597_Dasatinib_0.345_uM_24h ; cell_line=HF2597 ; treatment=Dasatinib ; dose=","HF2597_DMSO_24h ; cell_line=HF2597 ; treatment=DMSO "
"cgroup_L5_41f7b088","GSE186341",FALSE,FALSE,"trattamento","HF2597_Gefitinib_0.5_uM_24h ; cell_line=HF2597 ; treatment=Gefitinib ; dose=0.","HF2597_DMSO_24h ; cell_line=HF2597 ; treatment=DMSO "
"cgroup_L5_3b461817","GSE186341",FALSE,FALSE,"trattamento","HF2597_Nilotinib_2_uM_24h ; cell_line=HF2597 ; treatment=Nilotinib ; dose=2 uM","HF2597_DMSO_24h ; cell_line=HF2597 ; treatment=DMSO "
"cgroup_L5_6df6a50e","GSE186341",FALSE,FALSE,"trattamento","HF2597_Sorafenib_0.215_uM_24h ; cell_line=HF2597 ; treatment=Sorafenib ; dose=","HF2597_DMSO_24h ; cell_line=HF2597 ; treatment=DMSO "
"cgroup_L5_41f7b088","GSE186341",FALSE,FALSE,"trattamento","HF2597_Gefitinib_0.5_uM_24h ; cell_line=HF2597 ; treatment=Gefitinib ; dose=0.","HF2597_DMSO_24h ; cell_line=HF2597 ; treatment=DMSO "
"cgroup_L5_f97e50de","GSE186341",FALSE,FALSE,"trattamento","HF2597_Crizotinib_0.19_uM_24h ; cell_line=HF2597 ; treatment=Crizotinib ; dose","HF2597_DMSO_24h ; cell_line=HF2597 ; treatment=DMSO "
"cgroup_L5_a4029927","GSE186341",FALSE,FALSE,"trattamento","HF2597_Afatinib_0.185_uM_24h ; cell_line=HF2597 ; treatment=Afatinib ; dose=0.","HF2597_DMSO_24h ; cell_line=HF2597 ; treatment=DMSO "
"cgroup_L5_a4029927","GSE186341",FALSE,FALSE,"trattamento","HF2597_Afatinib_0.185_uM_24h ; cell_line=HF2597 ; treatment=Afatinib ; dose=0.","HF2597_DMSO_24h ; cell_line=HF2597 ; treatment=DMSO "
"cgroup_L5_83b1f88c","GSE186341",FALSE,FALSE,"trattamento","HSTS_Neratinib_0.225_uM_24h ; cell_line=HSTS ; treatment=Neratinib ; dose=0.22","HF2597_UNTREATED ; cell_line=HF2597 ; treatment=UNTR"
"cgroup_L5_8ac307e0","GSE186341",FALSE,FALSE,"trattamento","HSTS Cabozantinib ; treatment=Cabozantinib ; cell_line=HSTS","HSTS DMSO ; treatment=DMSO ; cell_line=HSTS"
"cgroup_L5_523e64b9","GSE186341",FALSE,FALSE,"trattamento","HSTS MK2206 ; treatment=MK2206 ; cell_line=HSTS","HSTS DMSO ; treatment=DMSO ; cell_line=HSTS"
"cgroup_L5_83b1f88c","GSE186341",FALSE,FALSE,"trattamento","HSTS Neratinib ; treatment=Neratinib ; cell_line=HSTS","HSTS DMSO ; treatment=DMSO ; cell_line=HSTS"
"cgroup_L5_fd0c6a79","GSE186341",FALSE,FALSE,"trattamento","HSTS Regorafenib ; treatment=Regorafenib ; cell_line=HSTS","HSTS DMSO ; treatment=DMSO ; cell_line=HSTS"
"cgroup_L5_efced505","GSE186341",FALSE,FALSE,"trattamento","HSTS Sunitinib ; treatment=Sunitinib ; cell_line=HSTS","HSTS DMSO ; treatment=DMSO ; cell_line=HSTS"
"cgroup_L5_f97e50de","GSE186341",FALSE,FALSE,"trattamento","HSTS Crizotinib ; treatment=Crizotinib ; cell_line=HSTS","HSTS DMSO ; treatment=DMSO ; cell_line=HSTS"
"cgroup_L5_b3ccf1c1","GSE186341",FALSE,FALSE,"trattamento","HSTS Vandetanib ; treatment=Vandetanib ; cell_line=HSTS","HSTS DMSO ; treatment=DMSO ; cell_line=HSTS"
"cgroup_L5_535d97f6","GSE186341",FALSE,FALSE,"trattamento","HSTS Imatinib ; treatment=Imatinib ; cell_line=HSTS","HSTS DMSO ; treatment=DMSO ; cell_line=HSTS"
"cgroup_L5_3a0a595f","GSE186341",FALSE,FALSE,"trattamento","HSTS Dasatinib ; treatment=Dasatinib ; cell_line=HSTS","HSTS DMSO ; treatment=DMSO ; cell_line=HSTS"
"cgroup_L5_41f7b088","GSE186341",FALSE,FALSE,"trattamento","HSTS Gefitinib ; treatment=Gefitinib ; cell_line=HSTS","HSTS DMSO ; treatment=DMSO ; cell_line=HSTS"
"cgroup_L5_004d293d","GSE186341",FALSE,FALSE,"trattamento","HSTS Lapatinib ; treatment=Lapatinib ; cell_line=HSTS","HSTS DMSO ; treatment=DMSO ; cell_line=HSTS"
"cgroup_L5_601ede7b","GSE186341",FALSE,FALSE,"trattamento","HSTS Osimertinib ; treatment=Osimertinib ; cell_line=HSTS","HSTS DMSO ; treatment=DMSO ; cell_line=HSTS"
"cgroup_L5_3b461817","GSE186341",FALSE,FALSE,"trattamento","HSTS Nilotinib ; treatment=Nilotinib ; cell_line=HSTS","HSTS DMSO ; treatment=DMSO ; cell_line=HSTS"
"cgroup_L5_16525349","GSE186341",FALSE,FALSE,"trattamento","HSTS Ponatinib ; treatment=Ponatinib ; cell_line=HSTS","HSTS DMSO ; treatment=DMSO ; cell_line=HSTS"
"cgroup_L5_a4029927","GSE186341",FALSE,FALSE,"trattamento","HSTS Afatinib ; treatment=Afatinib ; cell_line=HSTS","HSTS DMSO ; treatment=DMSO ; cell_line=HSTS"
"cgroup_L5_8ac307e0","GSE186341",FALSE,FALSE,"trattamento","KRJ1 Cabozantinib ; treatment=Cabozantinib ; cell_line=KRJ1","KRJ1 DMSO ; treatment=DMSO ; cell_line=KRJ1"
"cgroup_L5_004d293d","GSE186341",FALSE,FALSE,"trattamento","KRJ1_Lapatinib_7.5uM_24h ; cell_line=KRJ1 ; treatment=Lapatinib","KRJ1_UNTREATED ; cell_line=KRJ1 ; treatment=UNTREATE"
"cgroup_L5_523e64b9","GSE186341",FALSE,FALSE,"trattamento","KRJ1_MK2206_0.015uM_24h ; cell_line=KRJ1 ; treatment=MK2206","KRJ1_UNTREATED ; cell_line=KRJ1 ; treatment=UNTREATE"
"cgroup_L5_83b1f88c","GSE186341",FALSE,FALSE,"trattamento","KRJ1_Neratinib_0.18uM_24h ; cell_line=KRJ1 ; treatment=Neratinib","KRJ1_UNTREATED ; cell_line=KRJ1 ; treatment=UNTREATE"
"cgroup_L5_efced505","GSE186341",FALSE,FALSE,"trattamento","KRJ1_Sunitinib_0.045uM_24h ; cell_line=KRJ1 ; treatment=Sunitinib","KRJ1_UNTREATED ; cell_line=KRJ1 ; treatment=UNTREATE"
"cgroup_L5_601ede7b","GSE186341",FALSE,FALSE,"trattamento","KRJ1_Osimertinib_1.5uM_24h ; cell_line=KRJ1 ; treatment=Osimertinib","KRJ1_UNTREATED ; cell_line=KRJ1 ; treatment=UNTREATE"
"cgroup_L5_3a0a595f","GSE186341",FALSE,FALSE,"trattamento","KRJ1_Dasatinib_0.5uM_24h ; cell_line=KRJ1 ; treatment=Dasatinib","KRJ1_UNTREATED ; cell_line=KRJ1 ; treatment=UNTREATE"
"cgroup_L5_41f7b088","GSE186341",FALSE,FALSE,"trattamento","KRJ1_Gefitinib_0.5uM_24h ; cell_line=KRJ1 ; treatment=Gefitinib","KRJ1_UNTREATED ; cell_line=KRJ1 ; treatment=UNTREATE"
"cgroup_L5_f97e50de","GSE186341",FALSE,FALSE,"trattamento","KRJ1_Crizotinib_0.19uM_24h ; cell_line=KRJ1 ; treatment=Crizotinib","KRJ1_UNTREATED ; cell_line=KRJ1 ; treatment=UNTREATE"
"cgroup_L5_8ac307e0","GSE186341",FALSE,FALSE,"trattamento","KRJ1_Cabozantinib_24h ; cell_line=KRJ1 ; treatment=Cabozantinib","KRJ1_UNTREATED ; cell_line=KRJ1 ; treatment=UNTREATE"
"cgroup_L5_535d97f6","GSE186341",FALSE,FALSE,"trattamento","KRJ1_Imatinib_3.5uM_24h ; cell_line=KRJ1 ; treatment=Imatinib","KRJ1_UNTREATED ; cell_line=KRJ1 ; treatment=UNTREATE"
"cgroup_L5_8ac307e0","GSE186341",FALSE,FALSE,"trattamento","LNCaP_Cabozantinib_24h ; cell_line=LNCaP ; treatment=Cabozantinib","LNCaP_UNTREATED ; cell_line=LNCaP ; treatment=UNTREA"
"cgroup_L5_f97e50de","GSE186341",FALSE,FALSE,"trattamento","LNCaP_Crizotinib_0.19uM_24h ; cell_line=LNCaP ; treatment=Crizotinib","LNCaP_UNTREATED ; cell_line=LNCaP ; treatment=UNTREA"
"cgroup_L5_16525349","GSE186341",FALSE,FALSE,"trattamento","LNCaP_Ponatinib_0.135uM_24h ; cell_line=LNCaP ; treatment=Ponatinib","LNCaP_UNTREATED ; cell_line=LNCaP ; treatment=UNTREA"
"cgroup_L5_fd0c6a79","GSE186341",FALSE,FALSE,"trattamento","LNCaP_Regorafenib_24h ; cell_line=LNCaP ; treatment=Regorafenib","LNCaP_UNTREATED ; cell_line=LNCaP ; treatment=UNTREA"
"cgroup_L5_523e64b9","GSE186341",FALSE,FALSE,"trattamento","LNCaP_MK2206_0.01uM_24h ; cell_line=LNCaP ; treatment=MK2206","LNCaP_UNTREATED ; cell_line=LNCaP ; treatment=UNTREA"
"cgroup_L5_523e64b9","GSE186341",FALSE,FALSE,"trattamento","LNCaP_MK2206_0.01uM_24h ; cell_line=LNCaP ; treatment=MK2206","LNCaP_UNTREATED ; cell_line=LNCaP ; treatment=UNTREA"
"cgroup_L5_535d97f6","GSE186341",FALSE,FALSE,"trattamento","LNCaP_Imatinib_24h ; cell_line=LNCaP ; treatment=Imatinib","LNCaP_UNTREATED ; cell_line=LNCaP ; treatment=UNTREA"
"cgroup_L5_83b1f88c","GSE186341",FALSE,FALSE,"trattamento","LNCaP_Neratinib_0.225uM_24h ; cell_line=LNCaP ; treatment=Neratinib","LNCaP_UNTREATED ; cell_line=LNCaP ; treatment=UNTREA"
"cgroup_L5_601ede7b","GSE186341",FALSE,FALSE,"trattamento","LNCaP_Osimertinib_1.5uM_24h ; cell_line=LNCaP ; treatment=Osimertinib","LNCaP_UNTREATED ; cell_line=LNCaP ; treatment=UNTREA"
"cgroup_L5_83b1f88c","GSE186341",FALSE,FALSE,"trattamento","LNCaP_Neratinib ; treatment=Neratinib ; cell_line=LNCaP","LNCaP_DMSO ; treatment=DMSO ; cell_line=LNCaP"
"cgroup_L5_efced505","GSE186341",FALSE,FALSE,"trattamento","LNCaP_Sunitinib ; treatment=Sunitinib ; cell_line=LNCaP","LNCaP_DMSO ; treatment=DMSO ; cell_line=LNCaP"
"cgroup_L5_3a0a595f","GSE186341",FALSE,FALSE,"trattamento","LNCaP_Dasatinib ; treatment=Dasatinib ; cell_line=LNCaP","LNCaP_DMSO ; treatment=DMSO ; cell_line=LNCaP"
"cgroup_L5_41f7b088","GSE186341",FALSE,FALSE,"trattamento","LNCaP_Gefitinib ; treatment=Gefitinib ; cell_line=LNCaP","LNCaP_DMSO ; treatment=DMSO ; cell_line=LNCaP"
"cgroup_L5_6df6a50e","GSE186341",FALSE,FALSE,"trattamento","LNCaP_Sorafenib ; treatment=Sorafenib ; cell_line=LNCaP","LNCaP_DMSO ; treatment=DMSO ; cell_line=LNCaP"
"cgroup_L5_3b461817","GSE186341",FALSE,FALSE,"trattamento","LNCaP_Nilotinib ; treatment=Nilotinib ; cell_line=LNCaP","LNCaP_DMSO ; treatment=DMSO ; cell_line=LNCaP"
"cgroup_L5_f97e50de","GSE186341",FALSE,FALSE,"trattamento","LNCaP_Crizotinib ; treatment=Crizotinib ; cell_line=LNCaP","LNCaP_DMSO ; treatment=DMSO ; cell_line=LNCaP"
"cgroup_L5_fd0c6a79","GSE186341",FALSE,FALSE,"trattamento","LNCaP_Regorafenib ; treatment=Regorafenib ; cell_line=LNCaP","LNCaP_DMSO ; treatment=DMSO ; cell_line=LNCaP"
"cgroup_L5_8ac307e0","GSE186341",FALSE,FALSE,"trattamento","LNCaP_Cabozantinib ; treatment=Cabozantinib ; cell_line=LNCaP","LNCaP_DMSO ; treatment=DMSO ; cell_line=LNCaP"
"cgroup_L5_a4029927","GSE186341",FALSE,FALSE,"trattamento","LNCaP_Afatinib ; treatment=Afatinib ; cell_line=LNCaP","LNCaP_DMSO ; treatment=DMSO ; cell_line=LNCaP"
"cgroup_L5_b3ccf1c1","GSE186341",FALSE,FALSE,"trattamento","LNCaP_Vandetanib ; treatment=Vandetanib ; cell_line=LNCaP","LNCaP_DMSO ; treatment=DMSO ; cell_line=LNCaP"
"cgroup_L5_004d293d","GSE186341",FALSE,FALSE,"trattamento","LNCaP_Lapatinib ; treatment=Lapatinib ; cell_line=LNCaP","LNCaP_DMSO ; treatment=DMSO ; cell_line=LNCaP"
"cgroup_L5_a4029927","GSE186341",FALSE,FALSE,"trattamento","NCI-H1793_Afatinib ; treatment=Afatinib ; cell_line=NCI-H1793","NCI-H1793_DMSO ; treatment=DMSO ; cell_line=NCI-H179"
"cgroup_L5_8ac307e0","GSE186341",FALSE,FALSE,"trattamento","NCI-H1793_Cabozantinib ; treatment=Cabozantinib ; cell_line=NCI-H1793","NCI-H1793_DMSO ; treatment=DMSO ; cell_line=NCI-H179"
"cgroup_L5_f97e50de","GSE186341",FALSE,FALSE,"trattamento","NCI-H1793_Crizotinib ; treatment=Crizotinib ; cell_line=NCI-H1793","NCI-H1793_DMSO ; treatment=DMSO ; cell_line=NCI-H179"
"cgroup_L5_41f7b088","GSE186341",FALSE,FALSE,"trattamento","NCI-H1793_Gefitinib ; treatment=Gefitinib ; cell_line=NCI-H1793","NCI-H1793_DMSO ; treatment=DMSO ; cell_line=NCI-H179"
"cgroup_L5_535d97f6","GSE186341",FALSE,FALSE,"trattamento","NCI-H1793_Imatinib ; treatment=Imatinib ; cell_line=NCI-H1793","NCI-H1793_DMSO ; treatment=DMSO ; cell_line=NCI-H179"
"cgroup_L5_004d293d","GSE186341",FALSE,FALSE,"trattamento","NCI-H1793_Lapatinib ; treatment=Lapatinib ; cell_line=NCI-H1793","NCI-H1793_DMSO ; treatment=DMSO ; cell_line=NCI-H179"
"cgroup_L5_523e64b9","GSE186341",FALSE,FALSE,"trattamento","NCI-H1793_MK2206 ; treatment=MK2206 ; cell_line=NCI-H1793","NCI-H1793_DMSO ; treatment=DMSO ; cell_line=NCI-H179"
"cgroup_L5_83b1f88c","GSE186341",FALSE,FALSE,"trattamento","NCI-H1793_Neratinib ; treatment=Neratinib ; cell_line=NCI-H1793","NCI-H1793_DMSO ; treatment=DMSO ; cell_line=NCI-H179"
"cgroup_L5_601ede7b","GSE186341",FALSE,FALSE,"trattamento","NCI-H1793_Osimertinib ; treatment=Osimertinib ; cell_line=NCI-H1793","NCI-H1793_DMSO ; treatment=DMSO ; cell_line=NCI-H179"
"cgroup_L5_16525349","GSE186341",FALSE,FALSE,"trattamento","NCI-H1793_Ponatinib ; treatment=Ponatinib ; cell_line=NCI-H1793","NCI-H1793_DMSO ; treatment=DMSO ; cell_line=NCI-H179"
"cgroup_L5_fd0c6a79","GSE186341",FALSE,FALSE,"trattamento","NCI-H1793_Regorafenib ; treatment=Regorafenib ; cell_line=NCI-H1793","NCI-H1793_DMSO ; treatment=DMSO ; cell_line=NCI-H179"
"cgroup_L5_6df6a50e","GSE186341",FALSE,FALSE,"trattamento","NCI-H1793_Sorafenib ; treatment=Sorafenib ; cell_line=NCI-H1793","NCI-H1793_DMSO ; treatment=DMSO ; cell_line=NCI-H179"
"cgroup_L5_efced505","GSE186341",FALSE,FALSE,"trattamento","NCI-H1793_Sunitinib ; treatment=Sunitinib ; cell_line=NCI-H1793","NCI-H1793_DMSO ; treatment=DMSO ; cell_line=NCI-H179"
"cgroup_L5_b3ccf1c1","GSE186341",FALSE,FALSE,"trattamento","NCI-H1793_Vandetanib ; treatment=Vandetanib ; cell_line=NCI-H1793","NCI-H1793_DMSO ; treatment=DMSO ; cell_line=NCI-H179"
"cgroup_L5_8ac307e0","GSE186341",FALSE,FALSE,"trattamento","PANC-1 Cabozantinib 24h ; treatment=Cabozantinib ; cell_line=PANC-1","PANC-1 DMSO 24h ; treatment=DMSO ; cell_line=PANC-1"
"cgroup_L5_f97e50de","GSE186341",FALSE,FALSE,"trattamento","PANC-1 Crizotinib 0.19 µM 24h ; treatment=Crizotinib ; cell_line=PANC-1","PANC-1 DMSO 24h ; treatment=DMSO ; cell_line=PANC-1"
"cgroup_L5_41f7b088","GSE186341",FALSE,FALSE,"trattamento","PANC-1 Gefitinib 0.5 µM 24h ; treatment=Gefitinib ; cell_line=PANC-1","PANC-1 DMSO 24h ; treatment=DMSO ; cell_line=PANC-1"
"cgroup_L5_535d97f6","GSE186341",FALSE,FALSE,"trattamento","PANC-1 Imatinib 0.005 µM 24h ; treatment=Imatinib ; cell_line=PANC-1","PANC-1 DMSO 24h ; treatment=DMSO ; cell_line=PANC-1"
"cgroup_L5_004d293d","GSE186341",FALSE,FALSE,"trattamento","PANC-1 Lapatinib 24h ; treatment=Lapatinib ; cell_line=PANC-1","PANC-1 DMSO 24h ; treatment=DMSO ; cell_line=PANC-1"
"cgroup_L5_523e64b9","GSE186341",FALSE,FALSE,"trattamento","PANC-1 MK2206 0.01 µM 24h ; treatment=MK2206 ; cell_line=PANC-1","PANC-1 DMSO 24h ; treatment=DMSO ; cell_line=PANC-1"
"cgroup_L5_83b1f88c","GSE186341",FALSE,FALSE,"trattamento","PANC-1 Neratinib 0.225 µM 24h ; treatment=Neratinib ; cell_line=PANC-1","PANC-1 DMSO 24h ; treatment=DMSO ; cell_line=PANC-1"
"cgroup_L5_fd0c6a79","GSE186341",FALSE,FALSE,"trattamento","PANC-1 Regorafenib 5 µM 24h ; treatment=Regorafenib ; cell_line=PANC-1","PANC-1 DMSO 24h ; treatment=DMSO ; cell_line=PANC-1"
"cgroup_L5_efced505","GSE186341",FALSE,FALSE,"trattamento","PANC-1 Sunitinib 0.045 µM 24h ; treatment=Sunitinib ; cell_line=PANC-1","PANC-1 DMSO 24h ; treatment=DMSO ; cell_line=PANC-1"
"cgroup_L5_3b461817","GSE186341",FALSE,FALSE,"trattamento","PANC-1 Nilotinib 0.13 µM 24h ; treatment=Nilotinib ; cell_line=PANC-1","PANC-1 DMSO 24h ; treatment=DMSO ; cell_line=PANC-1"
"cgroup_L5_3b461817","GSE186341",FALSE,FALSE,"trattamento","PANC-1 Nilotinib 0.13 µM 24h ; treatment=Nilotinib ; cell_line=PANC-1","PANC-1 DMSO 24h ; treatment=DMSO ; cell_line=PANC-1"
"cgroup_L5_83b1f88c","GSE186341",FALSE,FALSE,"trattamento","PANC-1 Neratinib 0.225 µM 24h PS2AS430 ; treatment=Neratinib ; cell_line=PANC-","PANC-1 DMSO 24h ; treatment=DMSO ; cell_line=PANC-1"
"cgroup_L5_601ede7b","GSE186341",FALSE,FALSE,"trattamento","PANC-1 Osimertinib 24h ; treatment=Osimertinib ; cell_line=PANC-1","PANC-1 DMSO 24h ; treatment=DMSO ; cell_line=PANC-1"
"cgroup_L5_efced505","GSE186341",FALSE,FALSE,"trattamento","PANC-1 Sunitinib 0.045 µM 24h ; treatment=Sunitinib ; cell_line=PANC-1","PANC-1 DMSO 24h ; treatment=DMSO ; cell_line=PANC-1"
"cgroup_L5_3a0a595f","GSE186341",FALSE,FALSE,"trattamento","PANC-1 Dasatinib 0.345 µM 24h ; treatment=Dasatinib ; cell_line=PANC-1","PANC-1 DMSO 24h ; treatment=DMSO ; cell_line=PANC-1"
"cgroup_L5_41f7b088","GSE186341",FALSE,FALSE,"trattamento","PANC-1 Gefitinib 0.5 µM 24h ; treatment=Gefitinib ; cell_line=PANC-1","PANC-1 DMSO 24h ; treatment=DMSO ; cell_line=PANC-1"
"cgroup_L5_523e64b9","GSE186341",FALSE,FALSE,"trattamento","PANC-1 MK2206 0.01 µM 24h ; treatment=MK2206 ; cell_line=PANC-1","PANC-1 DMSO 24h ; treatment=DMSO ; cell_line=PANC-1"
"cgroup_L5_16525349","GSE186341",FALSE,FALSE,"trattamento","PANC-1 Ponatinib 0.135 µM 24h ; treatment=Ponatinib ; cell_line=PANC-1","PANC-1 DMSO 24h ; treatment=DMSO ; cell_line=PANC-1"
"cgroup_L5_a4029927","GSE186341",FALSE,FALSE,"trattamento","PANC-1 Afatinib 0.055 µM 24h ; treatment=Afatinib ; cell_line=PANC-1","PANC-1 DMSO 24h ; treatment=DMSO ; cell_line=PANC-1"
"cgroup_L5_a4029927","GSE186341",FALSE,FALSE,"trattamento","PANC-1_Afatinib_0.055_uM_24h ; cell_line=PANC-1 ; treatment=Afatinib","PANC-1_DMSO_24h ; cell_line=PANC-1 ; treatment=DMSO"
"cgroup_L5_b3ccf1c1","GSE186341",FALSE,FALSE,"trattamento","PANC-1_Vandetanib_0.02_uM_24h ; cell_line=PANC-1 ; treatment=Vandetanib","PANC-1_DMSO_24h ; cell_line=PANC-1 ; treatment=DMSO"
"cgroup_L5_16525349","GSE186341",FALSE,FALSE,"trattamento","PANC-1_Ponatinib_0.135_uM_24h ; cell_line=PANC-1 ; treatment=Ponatinib","PANC-1_DMSO_24h ; cell_line=PANC-1 ; treatment=DMSO"
"cgroup_L5_6df6a50e","GSE186341",FALSE,FALSE,"trattamento","PANC-1_Sorafenib_4.5_uM_24h ; cell_line=PANC-1 ; treatment=Sorafenib","PANC-1_DMSO_24h ; cell_line=PANC-1 ; treatment=DMSO"
"cgroup_L5_8ac307e0","GSE186341",FALSE,FALSE,"trattamento","U87_MG_Cabozantinib_1.1_uM_24h ; cell_line=U87 MG ; treatment=Cabozantinib","U87_MG_DMSO_24h ; cell_line=U87 MG ; treatment=DMSO"
"cgroup_L5_535d97f6","GSE186341",FALSE,FALSE,"trattamento","U87_MG_Imatinib_5.5_uM_24h ; cell_line=U87 MG ; treatment=Imatinib","U87_MG_UNTREATED_24h ; cell_line=U87 MG ; treatment="
"cgroup_L5_535d97f6","GSE186341",FALSE,FALSE,"trattamento","U87_MG_Imatinib_5.5_uM_24h ; cell_line=U87 MG ; treatment=Imatinib","U87_MG_UNTREATED_24h ; cell_line=U87 MG ; treatment="
"cgroup_L5_83b1f88c","GSE186341",FALSE,FALSE,"trattamento","U87_MG_Neratinib_0.23_uM_24h ; cell_line=U87 MG ; treatment=Neratinib","U87_MG_UNTREATED_24h ; cell_line=U87 MG ; treatment="
"cgroup_L5_601ede7b","GSE186341",FALSE,FALSE,"trattamento","U87_MG_Osimertinib_1.6_uM_24h ; cell_line=U87 MG ; treatment=Osimertinib","U87_MG_UNTREATED_24h ; cell_line=U87 MG ; treatment="
"cgroup_L5_523e64b9","GSE186341",FALSE,FALSE,"trattamento","U87_MG_MK2206_0.756_uM_24h ; cell_line=U87 MG ; treatment=MK2206","U87_MG_UNTREATED_24h ; cell_line=U87 MG ; treatment="
"cgroup_L5_efced505","GSE186341",FALSE,FALSE,"trattamento","U87_MG_Sunitinib_0.049_uM_24h ; cell_line=U87 MG ; treatment=Sunitinib","U87_MG_UNTREATED_24h ; cell_line=U87 MG ; treatment="
"cgroup_L5_3a0a595f","GSE186341",FALSE,FALSE,"trattamento","U87_MG_Dasatinib_0.345_uM_24h ; cell_line=U87 MG ; treatment=Dasatinib","U87_MG_UNTREATED_24h ; cell_line=U87 MG ; treatment="
"cgroup_L5_41f7b088","GSE186341",FALSE,FALSE,"trattamento","U87_MG_Gefitinib_0.571_uM_24h ; cell_line=U87 MG ; treatment=Gefitinib","U87_MG_UNTREATED_24h ; cell_line=U87 MG ; treatment="
"cgroup_L5_41f7b088","GSE186341",FALSE,FALSE,"trattamento","U87_MG_Gefitinib_0.571_uM_24h ; cell_line=U87 MG ; treatment=Gefitinib","U87_MG_UNTREATED_24h ; cell_line=U87 MG ; treatment="
"cgroup_L5_004d293d","GSE186341",FALSE,FALSE,"trattamento","U87_MG_Lapatinib_10_uM_24h ; cell_line=U87 MG ; treatment=Lapatinib","U87_MG_UNTREATED_24h ; cell_line=U87 MG ; treatment="
"cgroup_L5_6df6a50e","GSE186341",FALSE,FALSE,"trattamento","U87_MG_Sorafenib_4.9_uM_24h ; cell_line=U87 MG ; treatment=Sorafenib","U87_MG_UNTREATED_24h ; cell_line=U87 MG ; treatment="
"cgroup_L5_3b461817","GSE186341",FALSE,FALSE,"trattamento","U87_MG_Nilotinib_2.2942_uM_24h ; cell_line=U87 MG ; treatment=Nilotinib","U87_MG_UNTREATED_24h ; cell_line=U87 MG ; treatment="
"cgroup_L5_3b461817","GSE186341",FALSE,FALSE,"trattamento","U87_MG_Nilotinib_2.2942_uM_24h ; cell_line=U87 MG ; treatment=Nilotinib","U87_MG_UNTREATED_24h ; cell_line=U87 MG ; treatment="
"cgroup_L5_f97e50de","GSE186341",FALSE,FALSE,"trattamento","U87_MG_Crizotinib_0.181_uM_24h ; cell_line=U87 MG ; treatment=Crizotinib","U87_MG_UNTREATED_24h ; cell_line=U87 MG ; treatment="
"cgroup_L5_16525349","GSE186341",FALSE,FALSE,"trattamento","U87_MG_Ponatinib_0.137_uM_24h ; cell_line=U87 MG ; treatment=Ponatinib","U87_MG_UNTREATED_24h ; cell_line=U87 MG ; treatment="
"cgroup_L5_523e64b9","GSE186341",FALSE,FALSE,"trattamento","U87_MG_MK2206_0.756_uM_24h ; cell_line=U87 MG ; treatment=MK2206","U87_MG_UNTREATED_24h ; cell_line=U87 MG ; treatment="
"cgroup_L5_f97e50de","GSE186341",FALSE,FALSE,"trattamento","U87_MG_Crizotinib_0.181_uM_24h ; cell_line=U87 MG ; treatment=Crizotinib","U87_MG_UNTREATED_24h ; cell_line=U87 MG ; treatment="
"cgroup_L5_fd0c6a79","GSE186341",FALSE,FALSE,"trattamento","U87_MG_Regorafenib_5.2_uM_24h ; cell_line=U87 MG ; treatment=Regorafenib","U87_MG_UNTREATED_24h ; cell_line=U87 MG ; treatment="
"cgroup_L5_16525349","GSE186341",FALSE,FALSE,"trattamento","U87_MG_Ponatinib_0.137_uM_24h ; cell_line=U87 MG ; treatment=Ponatinib","U87_MG_UNTREATED_24h ; cell_line=U87 MG ; treatment="
"cgroup_L5_8ac307e0","GSE186341",FALSE,FALSE,"trattamento","U87_MG_Cabozantinib_1.1_uM_24h ; cell_line=U87 MG ; treatment=Cabozantinib","U87_MG_UNTREATED_24h ; cell_line=U87 MG ; treatment="
"cgroup_L5_a4029927","GSE186341",FALSE,FALSE,"trattamento","U87_MG_Afatinib_0.187_uM_24h ; cell_line=U87 MG ; treatment=Afatinib","U87_MG_UNTREATED_24h ; cell_line=U87 MG ; treatment="
"cgroup_L5_d9e23e09","GSE186396",FALSE,FALSE,"trattamento","Melanoma BLM cells, HOIPIN-8, TNF 6h ; Treatment=TNF ; Genetic Modification=Wi","Melanoma BLM cells, Untreated ; Treatment=Untreated "
"cgroup_L5_d9e23e09","GSE186396",TRUE,TRUE,"contesto","Melanoma BLM cells, sgRNF31, Untreated, TNF 6h ; Treatment=TNF ; Genetic Modif","Melanoma BLM cells, sgRNF31, Untreated ; Treatment=U"
"cgroup_L5_d9e23e09","GSE186396",FALSE,FALSE,"trattamento","Primary Melanoma BLM cells, Untreated, TNF 6h ; Treatment=TNF ; Genetic Modifi","Melanoma BLM cells, Untreated ; Treatment=Untreated "
"cgroup_L5_3a625868","GSE186402",FALSE,FALSE,"trattamento","MDA-MB-231 Trastuzumab ; cell_line=MDA-MB-231 ; treatment=Trastuzumab","MDA-MB-231 ; cell_line=MDA-MB-231 ; treatment=none"
"cgroup_L5_3a625868","GSE186402",FALSE,FALSE,"trattamento","SK-BR-3 Trastuzumab ; cell_line=SK-BR-3 ; treatment=Trastuzumab","SK-BR-3 ; cell_line=SK-BR-3 ; treatment=none"
"cgroup_L5_f9cc41b3","GSE186709",FALSE,FALSE,"trattamento","AML PDX Case VTP50469 ; cell_context=Acute myeloid leukemia PDX bone marrow ; ","AML PDX Case Vehicle ; cell_context=Acute myeloid le"
"cgroup_L5_b71a25a2","GSE186961",FALSE,FALSE,"trattamento","JQ1-treated dermal fibroblasts ; treatment=JQ1 ; dose=1µM ; duration=48 hours","Untreated dermal fibroblasts ; treatment=untreated"
"cgroup_L5_d7ad915e","GSE187006",FALSE,FALSE,"trattamento","U1M organoid + VPA ; treatment=VPA ; cell_line=U1M organoid","U1M organoid + vehicle ; treatment=vehicle_only ; ce"
"cgroup_L5_d7ad915e","GSE187006",FALSE,FALSE,"trattamento","U2F organoid + VPA ; treatment=VPA ; cell_line=U2F organoid","U2F organoid + vehicle ; treatment=vehicle_only ; ce"
"cgroup_L5_2e16719f","GSE188234",FALSE,FALSE,"trattamento","TGF-beta1 ; treatment=TGF-beta1","Control ; treatment=control"
"cgroup_L5_871ae09e","GSE188382",FALSE,FALSE,"trattamento","Wild-Type SARS-CoV-2 ; viral_infection=SARS-CoV-2 ; genetic_background=wild_ty","Wild-Type Mock ; viral_infection=mock ; genetic_back"
"cgroup_L5_871ae09e","GSE188382",TRUE,TRUE,"contesto","SIRT5-KO SARS-CoV-2 ; viral_infection=SARS-CoV-2 ; genetic_background=SIRT5-KO","SIRT5-KO Mock ; viral_infection=mock ; genetic_backg"
"cgroup_L5_871ae09e","GSE188382",TRUE,TRUE,"contesto","SIRT5-KO SARS-CoV-2 (Replicate) ; viral_infection=SARS-CoV-2 ; genetic_backgro","SIRT5-KO Mock (Replicate) ; viral_infection=mock ; g"
"cgroup_L5_dde29fb4","GSE188458",FALSE,FALSE,"trattamento","H2O2 300 uM 24h ; treatment=H2O2 ; time=24 hours","Untreated"
"cgroup_L5_dde29fb4","GSE188458",FALSE,FALSE,"trattamento","H2O2 300 uM 4h ; treatment=H2O2 ; time=4 hours","Untreated"
"cgroup_L5_dde29fb4","GSE188458",FALSE,FALSE,"trattamento","H2O2 300 uM 8h ; treatment=H2O2 ; time=8 hours","Untreated"
"cgroup_L5_03b38818","GSE188469",FALSE,FALSE,"trattamento","Vemurafenib 4 hours ; treatment=vemurafenib ; time=4 hours","DMSO 4 hours ; treatment=DMSO ; time=4 hours"
"cgroup_L5_03b38818","GSE188469",FALSE,FALSE,"trattamento","Vemurafenib 8 hours ; treatment=vemurafenib ; time=8 hours","DMSO 8 hours ; treatment=DMSO ; time=8 hours"
"cgroup_L5_03b38818","GSE188469",FALSE,FALSE,"trattamento","Vemurafenib 18 hours ; treatment=vemurafenib ; time=18 hours","DMSO 18 hours ; treatment=DMSO ; time=18 hours"
"cgroup_L5_034592d9","GSE188576",FALSE,FALSE,"trattamento","NHEKs exposed to Staphylococcus epidermidis ; exposure=Staphylococcus epidermi","NHEKs untreated ; exposure=untreated ; cell_type=Nor"
"cgroup_L5_034592d9","GSE188576",FALSE,FALSE,"trattamento","NHEKs exposed to Staphylococcus epidermidis ; exposure=Staphylococcus epidermi","NHEKs untreated ; exposure=untreated ; cell_type=Nor"
"cgroup_L5_c5e86fe9","GSE188717",FALSE,FALSE,"trattamento","Olaparib ; treatment=Olaparib","DMSO ; treatment=DMSO"
"cgroup_L5_c5e86fe9","GSE188717",FALSE,FALSE,"trattamento","Olaparib (rep) ; treatment=Olaparib","DMSO ; treatment=DMSO"
"cgroup_L5_bb8cb388","GSE188915",FALSE,FALSE,"trattamento","Endometriosis Menstrual stage ; Treatment=Menstrual stage ; Disease State=Endo","Population Control Menstrual stage ; Treatment=Menst"
"cgroup_L5_79b3a442","GSE188938",FALSE,FALSE,"trattamento","CTEPH patients ; disease_state=CTEPH","Healthy controls ; disease_state=control"
"cgroup_L5_b0066299","GSE188952",FALSE,FALSE,"trattamento","Keloid ; disease_state=keloid","Normal Skin ; disease_state=normal"
"cgroup_L5_83b1f88c","GSE188958",FALSE,FALSE,"trattamento","SF268 + Neratinib 6h ; cell_line=SF268 ; treatment=neratinib ; dose=675 nM ; d","SF268 Untreated ; cell_line=SF268 ; treatment=untrea"
"cgroup_L5_83b1f88c","GSE188958",FALSE,FALSE,"trattamento","SF268 + Neratinib 72h ; cell_line=SF268 ; treatment=neratinib ; dose=675 nM ; ","SF268 Untreated ; cell_line=SF268 ; treatment=untrea"
"cgroup_L5_83b1f88c","GSE188958",FALSE,FALSE,"trattamento","TS895 + Neratinib 3h ; cell_line=TS895 ; treatment=neratinib ; dose=40 mg/kg ;","TS895 Vehicle 3h ; cell_line=TS895 ; treatment=vehic"
"cgroup_L5_35d1be10","GSE189133",TRUE,TRUE,"contesto","FAM193A KO + Nutlin-3a (replicate) ; genotype=FAM193A KO ; treatment=Nutlin-3a","FAM193A KO + DMSO ; genotype=FAM193A KO ; treatment="
"cgroup_L5_f29dd3b3","GSE189136",FALSE,FALSE,"trattamento","RA PBMCs Untreated ; disease_state=Rheumatoid arthritis ; treatment=Untreated","Healthy PBMCs Untreated ; disease_state=Healthy ; tr"
"cgroup_L5_c548d053","GSE189136",FALSE,FALSE,"trattamento","RA PBMCs LPS ; disease_state=Rheumatoid arthritis ; treatment=LPS","RA PBMCs Untreated ; disease_state=Rheumatoid arthri"
"cgroup_L5_905be893","GSE189136",FALSE,FALSE,"trattamento","RA PBMCs IL-1β ; disease_state=Rheumatoid arthritis ; treatment=IL-1β","RA PBMCs Untreated ; disease_state=Rheumatoid arthri"
"cgroup_L5_c5e86fe9","GSE189186",FALSE,FALSE,"trattamento","LNCaP + Olaparib ; cell_line=LNCaP ; treatment=Olaparib","LNCaP + DMSO ; cell_line=LNCaP ; treatment=DMSO"
"cgroup_L5_7805eee6","GSE189199",FALSE,FALSE,"trattamento","COVID-19 lymph node ; disease_state=COVID-19","Healthy lymph node ; disease_state=none"
"cgroup_L5_7805eee6","GSE189199",FALSE,FALSE,"trattamento","COVID-19 lymph node ; disease_state=COVID-19","Healthy lymph node ; disease_state=none"
"cgroup_L5_889ec305","GSE189212",FALSE,FALSE,"trattamento","Colorectal cancer stem cell spheroids - Untreated ; cell_context=Colorectal ca","Normal colorectal epithelial stem cell spheroids - U"
"cgroup_L5_28bee975","GSE189376",FALSE,FALSE,"trattamento","HepG2 + ABBV-075 ; treatment=ABBV-075 ; cell_type=HepG2","HepG2 + DMSO ; treatment=DMSO ; cell_type=HepG2"
"cgroup_L5_e16bfa7f","GSE189376",FALSE,FALSE,"trattamento","HepG2 + ABBV-744 ; treatment=ABBV-744 ; cell_type=HepG2","HepG2 + DMSO ; treatment=DMSO ; cell_type=HepG2"
"cgroup_L5_e16bfa7f","GSE189376",FALSE,FALSE,"trattamento","HepG2 + ABBV-744 ; treatment=ABBV-744 ; cell_type=HepG2","HepG2 + DMSO ; treatment=DMSO ; cell_type=HepG2"
"cgroup_L5_87c40ebb","GSE189376",FALSE,FALSE,"trattamento","HepG2 + IFNgamma ; treatment=IFNgamma ; cell_type=HepG2","HepG2 + DMSO ; treatment=DMSO ; cell_type=HepG2"
"cgroup_L5_1d96b9da","GSE189706",FALSE,FALSE,"trattamento","HEK293T-GFP-poly(I:C) ; viral_protein=GFP ; treatment=poly(I:C)","HEK293T-GFP-untreated ; viral_protein=GFP ; treatmen"
"cgroup_L5_1d96b9da","GSE189706",FALSE,FALSE,"trattamento","HEK293T-SARS-CoV-N-protein-poly(I:C) ; viral_protein=SARS-CoV N protein ; trea","HEK293T-SARS-CoV-N-protein-untreated ; viral_protein"
"cgroup_L5_a8015c98","GSE189764",FALSE,FALSE,"trattamento","Gemcitabine (100 nM) ; Treatment=Gemcitabine (100 nM)","Untreated ; Treatment=Untreated"
"cgroup_L5_c0d1d837","GSE189966",FALSE,FALSE,"trattamento","C4-2 resistant enzalutamide-treated ; treatment=enzalutamide ; resistance=resi","C4-2 resistant untreated ; treatment=none ; resistan"
"cgroup_L5_9bdf0dcb","GSE189997",FALSE,FALSE,"trattamento","CD4 Memory IFNa ; cell_type=CD4Memory ; treatment=IFNa","CD4 Memory Unstim ; cell_type=CD4Memory ; treatment="
"cgroup_L5_a25d0964","GSE189997",FALSE,FALSE,"trattamento","CD4 Memory IL-6 ; cell_type=CD4Memory ; treatment=IL-6","CD4 Memory Unstim ; cell_type=CD4Memory ; treatment="
"cgroup_L5_a25d0964","GSE189997",FALSE,FALSE,"trattamento","CD4 Memory IL-6 2 ; cell_type=CD4Memory ; treatment=IL-6","CD4 Memory Unstim ; cell_type=CD4Memory ; treatment="
"cgroup_L5_9bdf0dcb","GSE189997",FALSE,FALSE,"trattamento","CD4 Naive IFNa ; cell_type=CD4Naive ; treatment=IFNa","CD4 Naive Unstim ; cell_type=CD4Naive ; treatment=Un"
"cgroup_L5_a25d0964","GSE189997",FALSE,FALSE,"trattamento","CD4 Naive IL-6 ; cell_type=CD4Naive ; treatment=IL-6","CD4 Naive Unstim ; cell_type=CD4Naive ; treatment=Un"
"cgroup_L5_9bdf0dcb","GSE189997",FALSE,FALSE,"trattamento","CD8 Memory IFNa 2 ; cell_type=CD8Memory ; treatment=IFNa","CD8 Memory Unstim ; cell_type=CD8Memory ; treatment="
"cgroup_L5_a25d0964","GSE189997",FALSE,FALSE,"trattamento","CD8 Memory IL-6 ; cell_type=CD8Memory ; treatment=IL-6","CD8 Memory Unstim ; cell_type=CD8Memory ; treatment="
"cgroup_L5_9bdf0dcb","GSE189997",FALSE,FALSE,"trattamento","CD8 Naive IFNa ; cell_type=CD8Naive ; treatment=IFNa","CD8 Naive Unstim ; cell_type=CD8Naive ; treatment=Un"
"cgroup_L5_a25d0964","GSE189997",FALSE,FALSE,"trattamento","CD8 Naive IL-6 ; cell_type=CD8Naive ; treatment=IL-6","CD8 Naive Unstim ; cell_type=CD8Naive ; treatment=Un"
"cgroup_L5_ea4a1823","GSE190031",FALSE,FALSE,"trattamento","MCF10A + high calcium ; treatment=high calcium ; cell_type=MCF10A","MCF10A + vehicle ; treatment=vehicle_only ; cell_typ"
"cgroup_L5_d9e23e09","GSE190181",FALSE,FALSE,"trattamento","TNF-treated HUVEC ; treatment=Tumor Necrosis factor","PBS-treated HUVEC ; treatment=PBS"
"cgroup_L5_d9e23e09","GSE190181",FALSE,FALSE,"trattamento","TNF-treated HUVEC ; treatment=Tumor Necrosis factor","PBS-treated HUVEC ; treatment=PBS"
"cgroup_L5_871ae09e","GSE190350",FALSE,FALSE,"trattamento","HRT18 SARS-CoV2 passage 11 ; cell_line=HRT18 ; infection_status=infected","HRT18 mock-infected ; cell_line=HRT18 ; infection_st"
"cgroup_L5_c548d053","GSE190405",TRUE,TRUE,"contesto","LPS exposed ; treatment=LPS ; genetic_knockdown=Control siRNA","PBS control ; treatment=PBS ; genetic_knockdown=Cont"
"cgroup_L5_c548d053","GSE190405",TRUE,TRUE,"contesto","CD26 knockdown + LPS ; treatment=LPS ; genetic_knockdown=siRNA2 CD26","CD26 knockdown ; treatment=PBS ; genetic_knockdown=s"
"cgroup_L5_7805eee6","GSE190496",FALSE,FALSE,"trattamento","COVID-19 Lung Tissue ; disease_state=COVID-19 ; cell_context=lung","Healthy Normal Human Lung Tissue ; disease_state=Nor"
"cgroup_L5_7805eee6","GSE190496",FALSE,FALSE,"trattamento","COVID-19 Bronchoalveolar Lavage Cells ; disease_state=COVID-19 ; cell_context=","Healthy Normal Human Bronchoalveolar Lavage Cells ; "
"cgroup_L5_7805eee6","GSE190496",FALSE,FALSE,"trattamento","COVID-19 C1 Lung Tissue ; disease_state=COVID-19 ; cell_context=lung","Healthy Normal Human Lung Tissue ; disease_state=Nor"
"cgroup_L5_7805eee6","GSE190496",FALSE,FALSE,"trattamento","COVID-19 C4 Lung Tissue ; disease_state=COVID-19 ; cell_context=lung","Healthy Normal Human Lung Tissue ; disease_state=Nor"
"cgroup_L5_7805eee6","GSE190496",FALSE,FALSE,"trattamento","COVID-19 C6 Lung Tissue ; disease_state=COVID-19 ; cell_context=lung","Healthy Normal Human Lung Tissue ; disease_state=Nor"
"cgroup_L5_7805eee6","GSE190496",FALSE,FALSE,"trattamento","COVID-19 C8 Lung Tissue ; disease_state=COVID-19 ; cell_context=lung","Healthy Normal Human Lung Tissue ; disease_state=Nor"
"cgroup_L5_7805eee6","GSE190496",FALSE,FALSE,"trattamento","COVID-19 Lung Tissue ; disease_state=COVID-19 ; cell_context=lung","Healthy Normal Human Lung Tissue ; disease_state=Nor"
"cgroup_L5_b0066299","GSE190626",FALSE,FALSE,"trattamento","Keloid (Donor 1) ; disease_state=keloid ; age=70 ; sex=M ; ancestry_or_populat","Normal (Donor 1) ; disease_state=normal ; age=43 ; s"
"cgroup_L5_b0066299","GSE190626",FALSE,FALSE,"trattamento","Keloid (Donor 2) ; disease_state=keloid ; age=43 ; sex=F ; ancestry_or_populat","Normal (Donor 2) ; disease_state=normal ; age=48 ; s"
"cgroup_L5_b0066299","GSE190626",FALSE,FALSE,"trattamento","Keloid (Donor 1) ; disease_state=keloid ; age=70 ; sex=M ; ancestry_or_populat","Normal (Donor 3) ; disease_state=normal ; age=70 ; s"
"cgroup_L5_d9e23e09","GSE190634",FALSE,FALSE,"trattamento","Colonic Organoid Donor 1 TNF 10ng/mL ; perturbation=TNF 10ng/mL ; donor_id=1","Colonic Organoid Donor 1 Control ; perturbation=none"
"cgroup_L5_87c40ebb","GSE190634",FALSE,FALSE,"trattamento","Colonic Organoid Donor 1 IFNG 20ng/mL ; perturbation=IFNG 20ng/mL ; donor_id=1","Colonic Organoid Donor 1 Control ; perturbation=none"
"cgroup_L5_b32ab7f6","GSE190634",FALSE,FALSE,"trattamento","Colonic Organoid Donor 1 IL17A 50ng/mL ; perturbation=IL17A 50ng/mL ; donor_id","Colonic Organoid Donor 1 Control ; perturbation=none"
"cgroup_L5_2ab433c8","GSE190634",FALSE,FALSE,"trattamento","Colonic Organoid Donor 1 IL22 10ng/mL ; perturbation=IL22 10ng/mL ; donor_id=1","Colonic Organoid Donor 1 Control ; perturbation=none"
"cgroup_L5_be15b706","GSE190705",FALSE,FALSE,"trattamento","Colonic Organoid Donor 5 IL13 Stimulated ; treatment=IL13 ; donor_id=5","Colonic Organoid Donor 5 Untreated ; treatment=untre"
"cgroup_L5_b6b8bc00","GSE190792",FALSE,FALSE,"trattamento","2102EP cells treated with palbociclib ; cell_line=2102EP ; treatment=palbocicl","2102EP cells treated with solvent control ; cell_lin"
"cgroup_L5_b6b8bc00","GSE190792",FALSE,FALSE,"trattamento","JAR cells treated with palbociclib ; cell_line=JAR ; treatment=palbociclib","JAR cells treated with solvent control ; cell_line=J"
"cgroup_L5_b6b8bc00","GSE190792",FALSE,FALSE,"trattamento","JEG-3 cells treated with palbociclib ; cell_line=JEG-3 ; treatment=palbociclib","JEG-3 cells treated with solvent control ; cell_line"
"cgroup_L5_b6b8bc00","GSE190792",FALSE,FALSE,"trattamento","MPAF cells treated with palbociclib ; cell_line=MPAF ; treatment=palbociclib","MPAF cells treated with solvent control ; cell_line="
"cgroup_L5_b6b8bc00","GSE190792",FALSE,FALSE,"trattamento","NCCIT cells treated with palbociclib ; cell_line=NCCIT ; treatment=palbociclib","NCCIT cells treated with solvent control ; cell_line"
"cgroup_L5_b6b8bc00","GSE190792",FALSE,FALSE,"trattamento","TCam-2 cells treated with palbociclib ; cell_line=TCam-2 ; treatment=palbocicl","TCam-2 cells treated with solvent control ; cell_lin"
"cgroup_L5_538960a6","GSE190850",FALSE,FALSE,"trattamento","Airway Macrophages - M.tb Lysate - No Vaccination ; Treatment=M.tb whole cell ","Airway Macrophages - Unstimulated - No Vaccination ;"
"cgroup_L5_d7abf612","GSE191034",FALSE,FALSE,"trattamento","rotenone 5 day ; treatment=rotenone ; duration=5 day","DMSO(0.1%) 5 day ; treatment=DMSO(0.1%) ; duration=5"
"cgroup_L5_d7abf612","GSE191034",FALSE,FALSE,"trattamento","rotenone 1 day ; treatment=rotenone ; duration=1 day","DMSO(0.1%) 1 day ; treatment=DMSO(0.1%) ; duration=1"
"cgroup_L5_d9e23e09","GSE191101",FALSE,FALSE,"trattamento","TNFα ; treatment=TNFα","DMSO ; treatment=DMSO"
"cgroup_L5_00fd9348","GSE191165",FALSE,FALSE,"trattamento","ONS-76_R_P treated with propranolol ; treatment=propranolol ; cell_line=ONS-76","Untreated ONS-76 ; treatment=untreated ; cell_line=O"
"cgroup_L5_c5e86fe9","GSE191231",FALSE,FALSE,"trattamento","Olaparib-treated (mouse no. 878) ; treatment=Olaparib","Control ; treatment=control"
"cgroup_L5_c5e86fe9","GSE191231",FALSE,FALSE,"trattamento","Olaparib-treated (mouse no. 827) ; treatment=Olaparib","Control ; treatment=control"
"cgroup_L5_aecd610f","GSE191248",FALSE,FALSE,"trattamento","Schizophrenia ; disease_state=schizophrenia","Healthy Control ; disease_state=healthy"
"cgroup_L5_aecd610f","GSE191248",FALSE,FALSE,"trattamento","Schizophrenia ; disease_state=schizophrenia","Healthy Control 2 ; disease_state=healthy"
"cgroup_L5_aecd610f","GSE191248",FALSE,FALSE,"trattamento","Schizophrenia ; disease_state=schizophrenia","Healthy Control 3 ; disease_state=healthy"
"cgroup_L5_cacf5d1a","GSE191257",FALSE,FALSE,"trattamento","HT29 + F. nucleatum ; treatment=F. nucleatum ; cell_type_or_line_raw=HT29 ; pa","HT29 + medium control ; treatment=medium control ; c"
"cgroup_L5_2e16719f","GSE191279",FALSE,FALSE,"trattamento","Healthy, 13 days of culture, TGF-β1 ; disease_state=Healthy ; treatment=TGF-β1","Healthy, 13 days of culture, no treatment ; disease_"
"cgroup_L5_2e16719f","GSE191279",FALSE,FALSE,"trattamento","Healthy, 13 days of culture, TGF-β1 ; disease_state=Healthy ; treatment=TGF-β1","Healthy, 13 days of culture, no treatment ; disease_"
"cgroup_L5_2e16719f","GSE191279",FALSE,FALSE,"trattamento","Healthy, 13 days of culture, TGF-β1 ; disease_state=Healthy ; treatment=TGF-β1","Healthy, 13 days of culture, no treatment ; disease_"
"cgroup_L5_7805eee6","GSE192707",FALSE,FALSE,"trattamento","Additional COVID-19 patient ; disease_state=COVID-19 ; cell_type_or_line_raw=p","Healthy controls ; disease_state=healthy ; cell_type"
"cgroup_L5_e7eebebd","GSE192741",FALSE,FALSE,"trattamento","Steatotic liver ; disease_state=Steatotic","Healthy liver ; disease_state=Healthy"
"cgroup_L5_a32e5eaa","GSE192743",FALSE,FALSE,"trattamento","Colorectal cancer cells treated with DAC ; treatment=DAC","Colorectal cancer cells treated with vehicle ; treat"
"cgroup_L5_6df6a50e","GSE192771",FALSE,FALSE,"trattamento","Huh7 cells treated with Sorafenib ; treatment=Sorafenib ; cell_line=Huh7","Huh7 cells treated with DMSO ; treatment=DMSO ; cell"
"cgroup_L5_b71a25a2","GSE192903",FALSE,FALSE,"trattamento","JQ1 ; treatment=JQ1","Control ; treatment=Control"
"cgroup_L5_871ae09e","GSE193330",FALSE,FALSE,"trattamento","hepatocytes of bv-LoC infected with SARS-CoV-2 ; cell_type=hepatocytes of bv-L","hepatocytes of bv-LoC control ; cell_type=hepatocyte"
"cgroup_L5_871ae09e","GSE193330",FALSE,FALSE,"trattamento","HuCCT1 infected with SARS-CoV-2 ; cell_type=HuCCT1 ; infection_status=infected","HuCCT1 control ; cell_type=HuCCT1 ; infection_status"
"cgroup_L5_535d97f6","GSE193398",FALSE,FALSE,"trattamento","Imatinib 1uM ; treatment=Imatinib ; dose=1uM","Untreated ; treatment=Untreated ; dose=None"
"cgroup_L5_535d97f6","GSE193398",FALSE,FALSE,"trattamento","Imatinib 10uM ; treatment=Imatinib ; dose=10uM","Untreated ; treatment=Untreated ; dose=None"
"cgroup_L5_535d97f6","GSE193398",FALSE,FALSE,"trattamento","Imatinib 5uM ; treatment=Imatinib ; dose=5uM","Untreated ; treatment=Untreated ; dose=None"
"cgroup_L5_c054e202","GSE193398",FALSE,FALSE,"trattamento","Rapamycin 0.05uM ; treatment=Rapamycin ; dose=0.05uM","Untreated ; treatment=Untreated ; dose=None"
"cgroup_L5_c054e202","GSE193398",FALSE,FALSE,"trattamento","Rapamycin 1uM ; treatment=Rapamycin ; dose=1uM","Untreated ; treatment=Untreated ; dose=None"
"cgroup_L5_905be893","GSE193414",FALSE,FALSE,"trattamento","IL1b stimulated chondrocytes from cartilage ; treatment=IL1b ; tissue_source=c","Unstimulated chondrocytes from cartilage ; treatment"
"cgroup_L5_ff45f67e","GSE193414",FALSE,FALSE,"trattamento","PMA/Ionomycin treated chondrocytes from cartilage ; treatment=PMA/Ionomycin ; ","Unstimulated chondrocytes from cartilage ; treatment"
"cgroup_L5_905be893","GSE193414",FALSE,FALSE,"trattamento","IL1b stimulated chondrocytes from osteochondroma ; treatment=IL1b ; tissue_sou","Unstimulated chondrocytes from osteochondroma ; trea"
"cgroup_L5_ff45f67e","GSE193414",FALSE,FALSE,"trattamento","PMA/Ionomycin treated chondrocytes from osteochondroma ; treatment=PMA/Ionomyc","Unstimulated chondrocytes from osteochondroma ; trea"
"cgroup_L5_469db990","GSE193660",FALSE,FALSE,"trattamento","NaHS-treated ; treatment=NaHS","Control (vehicle) ; treatment=control"
"cgroup_L5_3f0cc1fe","GSE193677",FALSE,FALSE,"trattamento","UC Right Colon Donor 857 ; disease_status=ulcerative_colitis","Normal Transverse Colon ; disease_status=normal"
"cgroup_L5_7784bb43","GSE193812",FALSE,FALSE,"trattamento","PCOS ASC ; disease_state=PCOS ; cell_context.cell_type_or_line_raw=ASC","Normal ASC Control ; disease_state=normal ; cell_con"
"cgroup_L5_7784bb43","GSE193812",FALSE,FALSE,"trattamento","PCOS Adipose Tissue ; disease_state=PCOS ; cell_context.tissue=adipose tissue","Normal Adipose Tissue Control ; disease_state=normal"
"cgroup_L5_29cb04f8","GSE193865",FALSE,FALSE,"trattamento","5-fu treated ; treatment=5-fu","untreated control ; treatment=no treatment"
"cgroup_L5_29cb04f8","GSE193865",FALSE,FALSE,"trattamento","additional 5-fu treated ; treatment=5-fu","untreated control ; treatment=no treatment"
"cgroup_L5_05322ba1","GSE193897",FALSE,FALSE,"trattamento","Hep3B Homoharringtonine ; cell_line=Hep3B ; treatment=Homoharringtonine","Hep3B Control ; cell_line=Hep3B ; treatment=Control"
"cgroup_L5_05322ba1","GSE193897",FALSE,FALSE,"trattamento","HepG2 Homoharringtonine 1uM ; cell_line=HepG2 ; treatment=Homoharringtonine ; ","HepG2 Control ; cell_line=HepG2 ; treatment=Control"
"cgroup_L5_05322ba1","GSE193897",FALSE,FALSE,"trattamento","HepG2 Homoharringtonine 10uM ; cell_line=HepG2 ; treatment=Homoharringtonine ;","HepG2 Control ; cell_line=HepG2 ; treatment=Control"
"cgroup_L5_05322ba1","GSE193897",FALSE,FALSE,"trattamento","HepG2 Homoharringtonine 100nM ; cell_line=HepG2 ; treatment=Homoharringtonine ","HepG2 Control ; cell_line=HepG2 ; treatment=Control"
"cgroup_L5_05322ba1","GSE193897",FALSE,FALSE,"trattamento","HepG2 Homoharringtonine 500nM ; cell_line=HepG2 ; treatment=Homoharringtonine ","HepG2 Control ; cell_line=HepG2 ; treatment=Control"
"cgroup_L5_05322ba1","GSE193897",FALSE,FALSE,"trattamento","Huh6 Homoharringtonine ; cell_line=Huh6 ; treatment=Homoharringtonine","Huh6 Control ; cell_line=Huh6 ; treatment=Control"
"cgroup_L5_05322ba1","GSE193897",FALSE,FALSE,"trattamento","Huh7 Homoharringtonine ; cell_line=Huh7 ; treatment=Homoharringtonine","Huh7 Control ; cell_line=Huh7 ; treatment=Control"
"cgroup_L5_05322ba1","GSE193897",FALSE,FALSE,"trattamento","PLC Homoharringtonine ; cell_line=PLC ; treatment=Homoharringtonine","PLC Control ; cell_line=PLC ; treatment=Control"
"cgroup_L5_3d8c29f4","GSE194036",FALSE,FALSE,"trattamento","IL2 stimulated CD4+ T cells ; Cytokine Stimulation=IL2","Unstimulated CD4+ T cells ; Cytokine Stimulation=Non"
"cgroup_L5_debadb13","GSE194179",FALSE,FALSE,"trattamento","HBV 500 on dHepaRG ; virus=HBV 500 ; cell_type=dHepaRG","Mock on HepaRG ; virus=Mock ; cell_type=HepaRG"
"cgroup_L5_debadb13","GSE194179",FALSE,FALSE,"trattamento","HBV 500 on primary human hepatocyte ; virus=HBV 500 ; cell_type=Primary human ","Mock on primary human hepatocyte ; virus=Mock ; cell"
"cgroup_L5_d9e23e09","GSE194220",FALSE,FALSE,"trattamento","TNFα stimulated ; treatment=TNFα","Control ; treatment=control"
"cgroup_L5_f94b6180","GSE194420",FALSE,FALSE,"trattamento","LNCaP:C42 R1881 ; cell_line=LNCaP:C42 ; treatment=R1881","LNCaP:C42 Vehicle ; cell_line=LNCaP:C42 ; treatment="
"cgroup_L5_f94b6180","GSE194420",FALSE,FALSE,"trattamento","22Rv1 R1881 ; cell_line=22Rv1 ; treatment=R1881","22Rv1 Vehicle ; cell_line=22Rv1 ; treatment=vehicle"
"cgroup_L5_dc7451b1","GSE194434",FALSE,FALSE,"trattamento","MDA-MB-468 ALDH1+ treated with EPZ5676 for 10 days ; treatment=EPZ5676 ; cell_","MDA-MB-468 ALDH1+ treated with DMSO for 10 days ; tr"
"cgroup_L5_b6b8bc00","GSE195568",FALSE,FALSE,"trattamento","MSTO-211H + palbociclib 1 uM 10 days with washout ; cell_line=MSTO-211H ; trea","MSTO-211H + DMSO 0.1% 10 days ; cell_line=MSTO-211H "
"cgroup_L5_b6b8bc00","GSE195568",FALSE,FALSE,"trattamento","NCI-H2052 + palbociclib 1 uM 9 days ; cell_line=NCI-H2052 ; treatment=palbocic","NCI-H2052 + DMSO 0.1% 9 days ; cell_line=NCI-H2052 ;"
"cgroup_L5_b6b8bc00","GSE195568",FALSE,FALSE,"trattamento","NCI-H2052 + palbociclib 1 uM 10 days ; cell_line=NCI-H2052 ; treatment=palboci","NCI-H2052 + DMSO 0.1% 10 days ; cell_line=NCI-H2052 "
"cgroup_L5_b6b8bc00","GSE195568",FALSE,FALSE,"trattamento","NCI-H2052 + palbociclib 1 uM 10 days with washout ; cell_line=NCI-H2052 ; trea","NCI-H2052 + DMSO 0.1% 10 days ; cell_line=NCI-H2052 "
"cgroup_L5_b6b8bc00","GSE195568",FALSE,FALSE,"trattamento","NCI-H2452 + palbociclib 1 uM 10 days ; cell_line=NCI-H2452 ; treatment=palboci","NCI-H2452 + DMSO 0.1% 10 days ; cell_line=NCI-H2452 "
"cgroup_L5_b6b8bc00","GSE195568",FALSE,FALSE,"trattamento","NCI-H2452 + palbociclib 1 uM 10 days with washout ; cell_line=NCI-H2452 ; trea","NCI-H2452 + DMSO 0.1% 10 days ; cell_line=NCI-H2452 "
"cgroup_L5_b6b8bc00","GSE195568",FALSE,FALSE,"trattamento","NCI-H2452 + palbociclib 1 uM 9 days (replicates) ; cell_line=NCI-H2452 ; treat","NCI-H2452 + DMSO 0.1% 9 days ; cell_line=NCI-H2452 ;"
"cgroup_L5_b6b8bc00","GSE195568",FALSE,FALSE,"trattamento","NCI-H28 + palbociclib 1 uM 9 days ; cell_line=NCI-H28 ; treatment=palbociclib","NCI-H28 + DMSO 0.1% 9 days ; cell_line=NCI-H28 ; tre"
"cgroup_L5_b6b8bc00","GSE195568",FALSE,FALSE,"trattamento","NCI-H28 + palbociclib 1 uM 10 days ; cell_line=NCI-H28 ; treatment=palbociclib","NCI-H28 + DMSO 0.1% 10 days ; cell_line=NCI-H28 ; tr"
"cgroup_L5_b6b8bc00","GSE195568",FALSE,FALSE,"trattamento","NCI-H28 + palbociclib 1 uM 10 days with washout ; cell_line=NCI-H28 ; treatmen","NCI-H28 + DMSO 0.1% 10 days ; cell_line=NCI-H28 ; tr"
"cgroup_L5_2a225fda","GSE195599",FALSE,FALSE,"trattamento","Asthma patient ; disease_state=patient with asthma","Healthy control ; disease_state=healthy"
"cgroup_L5_021e875e","GSE195663",FALSE,FALSE,"trattamento","DMS53 + cisplatin 20uM ; treatment=cisplatin ; cell_line=DMS53","DMS53 + untreated ; treatment=untreated ; cell_line="
"cgroup_L5_021e875e","GSE195663",FALSE,FALSE,"trattamento","DMS53 + cisplatin 20uM ; treatment=cisplatin ; cell_line=DMS53","DMS53 + untreated ; treatment=untreated ; cell_line="
"cgroup_L5_021e875e","GSE195663",FALSE,FALSE,"trattamento","DMS53 + cisplatin 50nM ; treatment=cisplatin ; cell_line=DMS53","DMS53 + untreated ; treatment=untreated ; cell_line="
"cgroup_L5_021e875e","GSE195663",FALSE,FALSE,"trattamento","DMS53 + cisplatin 50nM ; treatment=cisplatin ; cell_line=DMS53","DMS53 + untreated ; treatment=untreated ; cell_line="
"cgroup_L5_46a3a103","GSE195919",FALSE,FALSE,"trattamento","8 Gy radiation, radiation induced PGCC ; treatment=8 Gy radiation ; cell_state","Untreated, parental/mitotic ; treatment=untreated ; "
"cgroup_L5_46a3a103","GSE195919",FALSE,FALSE,"trattamento","8 Gy radiation + LCL-521, radiation induced PGCC ; treatment=8 Gy radiation + ","Untreated, parental/mitotic ; treatment=untreated ; "
"cgroup_L5_46a3a103","GSE195919",FALSE,FALSE,"trattamento","8 Gy radiation + LCL-521, radiation induced PGCC ; treatment=8 Gy radiation + ","Untreated, parental/mitotic ; treatment=untreated ; "
"cgroup_L5_46a3a103","GSE195919",FALSE,FALSE,"trattamento","8 Gy radiation, proliferating ; treatment=8 Gy radiation ; cell_state=prolifer","Untreated, parental/mitotic ; treatment=untreated ; "
"cgroup_L5_46a3a103","GSE195919",FALSE,FALSE,"trattamento","8 Gy radiation, proliferating ; treatment=8 Gy radiation ; cell_state=prolifer","Untreated, parental/mitotic ; treatment=untreated ; "
"cgroup_L5_46a3a103","GSE195919",FALSE,FALSE,"trattamento","8 Gy radiation + LCL-521, proliferating ; treatment=8 Gy radiation + LCL-521 ;","Untreated, parental/mitotic ; treatment=untreated ; "
"cgroup_L5_871ae09e","GSE196113",FALSE,FALSE,"trattamento","SARS-CoV-2 ; treatment=SARS-CoV-2","Control ; treatment=control"
"cgroup_L5_905be893","GSE196195",FALSE,FALSE,"trattamento","IL-1B Stimulated (Donor 1) ; treatment=cytokine_stimulation ; agent_raw=IL-1B ","Vehicle Control (Donor 1) ; treatment=vehicle_only ;"
"cgroup_L5_1d96b9da","GSE196243",FALSE,FALSE,"trattamento","Dermal Fibroblast HC Poly(I:C)-treated ; cell_context=Dermal Fibroblast ; pert","Dermal Fibroblast HC Untreated ; cell_context=Dermal"
"cgroup_L5_d9e23e09","GSE196243",FALSE,FALSE,"trattamento","Dermal Fibroblast HC TNF-treated ; cell_context=Dermal Fibroblast ; perturbati","Dermal Fibroblast HC Untreated ; cell_context=Dermal"
"cgroup_L5_c548d053","GSE196243",FALSE,FALSE,"trattamento","Dermal Fibroblast HC LPS-treated ; cell_context=Dermal Fibroblast ; perturbati","Dermal Fibroblast HC Untreated ; cell_context=Dermal"
"cgroup_L5_d9e23e09","GSE196243",FALSE,FALSE,"trattamento","Dermal Fibroblast NDAS TNF-treated ; cell_context=Dermal Fibroblast ; perturba","Dermal Fibroblast Untreated ; cell_context=Dermal Fi"
"cgroup_L5_dde29fb4","GSE196284",FALSE,FALSE,"trattamento","PANC-1 H2O2 1.0mM 12h ; cell_line=pancreatic cancer cell line PANC-1 ; treatme","PANC-1 untreated ; cell_line=pancreatic cancer cell "
"cgroup_L5_dde29fb4","GSE196284",FALSE,FALSE,"trattamento","hTERT-HPNE H2O2 0.3mM 12h ; cell_line=pancreatic normal epithelial cell line h","hTERT-HPNE untreated ; cell_line=pancreatic normal e"
"cgroup_L5_2ec87595","GSE196343",FALSE,FALSE,"trattamento","Metformin-treated C4-2 cells ; treatment=Metformin ; cell_type=C4-2 ; concentr","PBS-treated C4-2 cells ; treatment=PBS ; cell_type=C"
"cgroup_L5_2ec87595","GSE196343",FALSE,FALSE,"trattamento","Metformin-treated C4-2 cells (prostate tissue) ; treatment=Metformin ; cell_ty","PBS-treated C4-2 cells (prostate tissue) ; treatment"
"cgroup_L5_3ec58cd6","GSE196387",FALSE,FALSE,"trattamento","Obese ; disease_state=Obese","Healthy ; disease_state=Healthy"
"cgroup_L5_46a3a103","GSE196453",FALSE,FALSE,"trattamento","Radiation-induced PGCC (short duration) ; treatment=radiation ; cell_state=rad","Parent/mitotic (control) ; treatment=none ; cell_sta"
"cgroup_L5_46a3a103","GSE196453",FALSE,FALSE,"trattamento","Radiation-induced PGCC (long duration) ; treatment=radiation ; cell_state=radi","Parent/mitotic (control) ; treatment=none ; cell_sta"
"cgroup_L5_46a3a103","GSE196453",FALSE,FALSE,"trattamento","Early progeny of PGCC (radiation) ; treatment=radiation ; cell_state=early pro","Parent/mitotic (control) ; treatment=none ; cell_sta"
"cgroup_L5_871ae09e","GSE196464",FALSE,FALSE,"trattamento","SARS-CoV-2 1 DPI ; treatment=SARS-CoV-2 ; time=1 DPI","Mock 1 DPI ; treatment=mock ; time=1 DPI"
"cgroup_L5_871ae09e","GSE196464",FALSE,FALSE,"trattamento","SARS-CoV-2 3 DPI ; treatment=SARS-CoV-2 ; time=3 DPI","Mock 3 DPI ; treatment=mock ; time=3 DPI"
"cgroup_L5_dd2a1a58","GSE196656",FALSE,FALSE,"trattamento","Heart Failure Patients ; disease_state=heart failure ; age=82","Healthy Controls (Group GD) ; disease_state=healthy "
"cgroup_L5_8a54ddd6","GSE196724",FALSE,FALSE,"trattamento","Donor 1 Artery Doxorubicin ; Conditioned Medium=none ; Treatment=doxorubicin","Donor 1 Artery Vehicle Control ; Conditioned Medium="
"cgroup_L5_8a54ddd6","GSE196724",FALSE,FALSE,"trattamento","Donor 2 Vein Doxorubicin ; Conditioned Medium=none ; Treatment=doxorubicin","Donor 2 Vein Vehicle Control ; Conditioned Medium=no"
"cgroup_L5_29cb04f8","GSE196900",FALSE,FALSE,"trattamento","SW480 5-FU ; cell_line=SW480 ; treatment=5-FU","SW480 untreated ; cell_line=SW480 ; treatment=untrea"
"cgroup_L5_3d8c29f4","GSE197003",FALSE,FALSE,"trattamento","Melanoma TILs (IL2) ; Cytokine Stimulation=IL2","CD39+ PD-1+ CD8+ melanoma TILs (No Treatment) ; Cyto"
"cgroup_L5_3d8c29f4","GSE197003",FALSE,FALSE,"trattamento","Melanoma TILs (IL2) ; Cytokine Stimulation=IL2","Melanoma TILs (No Treatment) ; Cytokine Stimulation="
"cgroup_L5_2e16719f","GSE197132",FALSE,FALSE,"trattamento","TGF-β1 ; treatment=TGF-β1 ; cell_line=A549 ; passage=5 to 10","Control ; treatment=control ; cell_line=A549 ; passa"
"cgroup_L5_2e16719f","GSE197132",FALSE,FALSE,"trattamento","TGF-β1 (3 hours) ; treatment=TGF-β1 ; cell_line=A549 ; passage=5 to 10 ; durat","Control ; treatment=control ; cell_line=A549 ; passa"
"cgroup_L5_79a73ac5","GSE197143",FALSE,FALSE,"trattamento","Influenza B 48hpi ; virus_strain=FluB_337_48hpi ; time=48hpi","Mock 48hpi ; virus_strain=Mock ; time=48hpi"
"cgroup_L5_dde29fb4","GSE197148",FALSE,FALSE,"trattamento","H2O2-treated ; treatment=H2O2","Untreated ; treatment=untreated"
"cgroup_L5_8a54ddd6","GSE197243",FALSE,FALSE,"trattamento","Doxorubicin-treated wild-type ; treatment=doxorubicin ; genotype=wild-type","Untreated wild-type ; treatment=untreated ; genotype"
"cgroup_L5_8a54ddd6","GSE197243",TRUE,TRUE,"contesto","Doxorubicin-treated TRPM2 knockout ; treatment=doxorubicin ; genotype=TRPM2 kn","TRPM2 knockout ; treatment=untreated ; genotype=TRPM"
"cgroup_L5_8b61f50b","GSE197302",FALSE,FALSE,"trattamento","BM-MSC + Tamoxifen 5 uM ; Treatment=Tamoxifen","BM-MSC + Vehicle ; Treatment=Vehicle"
"cgroup_L5_87c40ebb","GSE197302",FALSE,FALSE,"trattamento","BM-MSC + IFN gamma 500 units ; Treatment=IFN gamma","BM-MSC + Vehicle ; Treatment=Vehicle"
"cgroup_L5_545a48c6","GSE197346",FALSE,FALSE,"trattamento","lung adenocarcinoma (case) ; disease_state=lung adenocarcinoma","adjacent normal (control) ; disease_state=adjacent n"
"cgroup_L5_7934174c","GSE197417",FALSE,FALSE,"trattamento","PDX Relapse UPN01 EPZ-6438 ; disease_state=relapse ; treatment=EPZ-6438","PDX Relapse UPN01 DMSO ; disease_state=relapse ; tre"
"cgroup_L5_7934174c","GSE197417",FALSE,FALSE,"trattamento","PDX Relapse UPN02 EPZ-6438 ; disease_state=relapse ; treatment=EPZ-6438","PDX Relapse UPN02 DMSO ; disease_state=relapse ; tre"
"cgroup_L5_7934174c","GSE197417",FALSE,FALSE,"trattamento","PDX Relapse UPN03 EPZ-6438 ; disease_state=relapse ; treatment=EPZ-6438","PDX Relapse UPN03 DMSO ; disease_state=relapse ; tre"
"cgroup_L5_b71a25a2","GSE197426",FALSE,FALSE,"trattamento","JQ1 treated ; perturbation=JQ1","DMSO control (SCLC) ; perturbation=DMSO"
"cgroup_L5_83f57274","GSE197523",FALSE,FALSE,"trattamento","Hypoxia ; treatment=Hypoxia ; time(hours)=24","Normoxia ; treatment=Normoxia ; time(hours)=24"
"cgroup_L5_83f57274","GSE197525",TRUE,TRUE,"contesto","KO + Hypoxia ; treatment=hypoxia ; genetic_modification=KO","KO + Normoxia ; treatment=normoxia ; genetic_modific"
"cgroup_L5_83f57274","GSE197525",TRUE,TRUE,"contesto","KO + Hypoxia (replicates) ; treatment=hypoxia ; genetic_modification=KO","KO + Normoxia (replicates) ; treatment=normoxia ; ge"
"cgroup_L5_83f57274","GSE197525",FALSE,FALSE,"trattamento","TERT + Hypoxia (replicates) ; treatment=hypoxia ; genetic_modification=TERT","TERT + Normoxia (replicates) ; treatment=normoxia ; "
"cgroup_L5_702a5dea","GSE197555",FALSE,FALSE,"trattamento","H460 cells treated with trametinib ; cell_line=H460 ; treatment=trametinib","NSCLC cells treated with DMSO ; cell_line=Non-Small "
"cgroup_L5_83f57274","GSE197576",TRUE,TRUE,"contesto","sgCTRL Hypoxia ; oxygen_condition=hypoxia ; genetic_knockout=sgCTRL","sgCTRL Normoxia ; oxygen_condition=normoxia ; geneti"
"cgroup_L5_83f57274","GSE197576",TRUE,TRUE,"contesto","sgITPR3_1 Hypoxia ; oxygen_condition=hypoxia ; genetic_knockout=sgITPR3_1","sgITPR3_1 Normoxia ; oxygen_condition=normoxia ; gen"
"cgroup_L5_83f57274","GSE197576",TRUE,TRUE,"contesto","sgRELB_3 Hypoxia ; oxygen_condition=hypoxia ; genetic_knockout=sgRELB_3","sgRELB_3 Normoxia ; oxygen_condition=normoxia ; gene"
"cgroup_L5_83f57274","GSE197576",TRUE,TRUE,"contesto","sgRELB_3 Hypoxia ; oxygen_condition=hypoxia ; genetic_knockout=sgRELB_3","sgRELB_3 Normoxia (replicate) ; oxygen_condition=nor"
"cgroup_L5_b6b8bc00","GSE197600",FALSE,FALSE,"trattamento","A549 lung cancer cells, Palbociclib treatment ; treatment=Palbociclib ; cell_t","A549 lung cancer cells, no treatment ; treatment=non"
"cgroup_L5_b6b8bc00","GSE197601",FALSE,FALSE,"trattamento","SUM159 treated with Palbociclib ; treatment=Palbociclib ; cell_line=SUM159 ; d","Untreated SUM159 ; treatment=none ; cell_line=SUM159"
"cgroup_L5_b6b8bc00","GSE197602",FALSE,FALSE,"trattamento","SUM159 cells treated with Palbociclib ; treatment=Palbociclib ; cell_line=SUM1","Untreated SUM159 cells ; treatment=untreated ; cell_"
"cgroup_L5_b6b8bc00","GSE197603",FALSE,FALSE,"trattamento","A549 cells treated with Palbociclib ; cell_line=A549 ; treatment=Palbociclib","A549 cells untreated ; cell_line=A549 ; treatment=un"
"cgroup_L5_b5db4aff","GSE198000",FALSE,FALSE,"trattamento","KP-MRT-NS, Selinexor, 0.003 uM, 6 hours ; cell_line=KP-MRT-NS ; treatment=Seli","KP-MRT-NS, DMSO, 6 hours ; cell_line=KP-MRT-NS ; tre"
"cgroup_L5_b5db4aff","GSE198000",FALSE,FALSE,"trattamento","KP-MRT-NS, Selinexor, 0.03 uM, 6 hours ; cell_line=KP-MRT-NS ; treatment=Selin","KP-MRT-NS, DMSO, 6 hours ; cell_line=KP-MRT-NS ; tre"
"cgroup_L5_b5db4aff","GSE198000",FALSE,FALSE,"trattamento","KP-MRT-NS, Selinexor, 0.003 uM, 24 hours ; cell_line=KP-MRT-NS ; treatment=Sel","KP-MRT-NS, DMSO, 24 hours ; cell_line=KP-MRT-NS ; tr"
"cgroup_L5_b5db4aff","GSE198000",FALSE,FALSE,"trattamento","KP-MRT-RY, Selinexor, 0.003 uM, 6 hours ; cell_line=KP-MRT-RY ; treatment=Seli","KP-MRT-RY, DMSO, 6 hours ; cell_line=KP-MRT-RY ; tre"
"cgroup_L5_b5db4aff","GSE198000",FALSE,FALSE,"trattamento","KP-MRT-RY, Selinexor, 0.03 uM, 6 hours ; cell_line=KP-MRT-RY ; treatment=Selin","KP-MRT-RY, DMSO, 6 hours ; cell_line=KP-MRT-RY ; tre"
"cgroup_L5_b5db4aff","GSE198000",FALSE,FALSE,"trattamento","KP-MRT-RY, Selinexor, 0.003 uM, 24 hours ; cell_line=KP-MRT-RY ; treatment=Sel","KP-MRT-RY, DMSO, 24 hours ; cell_line=KP-MRT-RY ; tr"
"cgroup_L5_b5db4aff","GSE198000",FALSE,FALSE,"trattamento","KP-MRT-RY, Selinexor, 0.03 uM, 24 hours ; cell_line=KP-MRT-RY ; treatment=Seli","KP-MRT-RY, DMSO, 24 hours ; cell_line=KP-MRT-RY ; tr"
"cgroup_L5_b9e7806c","GSE198248",FALSE,FALSE,"trattamento","TCam2_THZ531_100nM_1h ; cell_line=TCam2 ; treatment=THZ531 ; duration=1h","TCam2_DMSO_0.001%_1h ; cell_line=TCam2 ; treatment=D"
"cgroup_L5_b9e7806c","GSE198248",FALSE,FALSE,"trattamento","TCam2_THZ531_100nM_24h ; cell_line=TCam2 ; treatment=THZ531 ; duration=24h","TCam2_DMSO_0.001%_24h ; cell_line=TCam2 ; treatment="
"cgroup_L5_ff78d2a8","GSE198434",FALSE,FALSE,"trattamento","Colonic organoids treated with ASA for 24 hours ; treatment=ASA ; duration=24 ","Colonic organoids treated with DMSO for 24 hours ; t"
"cgroup_L5_871ae09e","GSE198449",FALSE,FALSE,"trattamento","SARS-CoV-2 Later Surveillance ; Perturbation=sars-cov-2 ; Time Point=Later Sur","Vehicle Control Later Surveillance ; Perturbation=Co"
"cgroup_L5_871ae09e","GSE198449",FALSE,FALSE,"trattamento","SARS-CoV-2 Later Surveillance ; Perturbation=sars-cov-2 ; Time Point=Later Sur","Vehicle Control Later Surveillance ; Perturbation=Co"
"cgroup_L5_871ae09e","GSE198449",FALSE,FALSE,"trattamento","SARS-CoV-2 Later Surveillance ; Perturbation=sars-cov-2 ; Time Point=Later Sur","Vehicle Control Later Surveillance ; Perturbation=Co"
"cgroup_L5_871ae09e","GSE198449",FALSE,FALSE,"trattamento","SARS-CoV-2 Later Surveillance ; Perturbation=sars-cov-2 ; Time Point=Later Sur","Vehicle Control Later Surveillance ; Perturbation=Co"
"cgroup_L5_871ae09e","GSE198449",FALSE,FALSE,"trattamento","SARS-CoV-2 Later Surveillance ; Perturbation=sars-cov-2 ; Time Point=Later Sur","Vehicle Control Later Surveillance ; Perturbation=Co"
"cgroup_L5_871ae09e","GSE198449",FALSE,FALSE,"trattamento","SARS-CoV-2 Later Surveillance ; Perturbation=sars-cov-2 ; Time Point=Later Sur","Vehicle Control Later Surveillance ; Perturbation=Co"
"cgroup_L5_871ae09e","GSE198449",FALSE,FALSE,"trattamento","SARS-CoV-2 Later Surveillance ; Perturbation=sars-cov-2 ; Time Point=Later Sur","Vehicle Control Later Surveillance ; Perturbation=Co"
"cgroup_L5_871ae09e","GSE198449",FALSE,FALSE,"trattamento","SARS-CoV-2 Later Surveillance ; Perturbation=sars-cov-2 ; Time Point=Later Sur","Vehicle Control Later Surveillance ; Perturbation=Co"
"cgroup_L5_871ae09e","GSE198449",FALSE,FALSE,"trattamento","SARS-CoV-2 Later Surveillance ; Perturbation=sars-cov-2 ; Time Point=Later Sur","Vehicle Control Later Surveillance ; Perturbation=Co"
"cgroup_L5_871ae09e","GSE198449",FALSE,FALSE,"trattamento","SARS-CoV-2 Later Surveillance ; Perturbation=sars-cov-2 ; Time Point=Later Sur","Vehicle Control Later Surveillance ; Perturbation=Co"
"cgroup_L5_871ae09e","GSE198449",FALSE,FALSE,"trattamento","SARS-CoV-2 Later Surveillance ; Perturbation=sars-cov-2 ; Time Point=Later Sur","Vehicle Control Later Surveillance ; Perturbation=Co"
"cgroup_L5_871ae09e","GSE198449",FALSE,FALSE,"trattamento","SARS-CoV-2 Later Surveillance ; Perturbation=sars-cov-2 ; Time Point=Later Sur","Vehicle Control Later Surveillance ; Perturbation=Co"
"cgroup_L5_871ae09e","GSE198449",FALSE,FALSE,"trattamento","SARS-CoV-2 Later Surveillance ; Perturbation=sars-cov-2 ; Time Point=Later Sur","Vehicle Control Later Surveillance ; Perturbation=Co"
"cgroup_L5_871ae09e","GSE198449",FALSE,FALSE,"trattamento","SARS-CoV-2 Later Surveillance ; Perturbation=sars-cov-2 ; Time Point=Later Sur","Vehicle Control Later Surveillance ; Perturbation=Co"
"cgroup_L5_871ae09e","GSE198449",FALSE,FALSE,"trattamento","SARS-CoV-2 Later Surveillance ; Perturbation=sars-cov-2 ; Time Point=Later Sur","Vehicle Control Later Surveillance ; Perturbation=Co"
"cgroup_L5_87c40ebb","GSE198460",FALSE,FALSE,"trattamento","M027 IFNg ; cell_line=M027 ; treatment=IFNg","M027 Untreated ; cell_line=M027 ; treatment=Untreate"
"cgroup_L5_87c40ebb","GSE198460",FALSE,FALSE,"trattamento","M029 IFNg ; cell_line=M029 ; treatment=IFNg","M029 Untreated ; cell_line=M029 ; treatment=Untreate"
"cgroup_L5_87c40ebb","GSE198460",FALSE,FALSE,"trattamento","M091 IFNg ; cell_line=M091 ; treatment=IFNg","M091 Untreated ; cell_line=M091 ; treatment=Untreate"
"cgroup_L5_87c40ebb","GSE198460",FALSE,FALSE,"trattamento","PDX Cell Lines IFNg ; cell_line=Patient derived xenograft (PDX) established lo","PDX Cell Lines Untreated ; cell_line=Patient derived"
"cgroup_L5_87c40ebb","GSE198460",FALSE,FALSE,"trattamento","PDX Xenograft IFNg ; cell_line=Patient derived xenograft (PDX) ; treatment=IFN","PDX Untreated ; cell_line=Patient derived xenograft "
"cgroup_L5_a32e5eaa","GSE198670",FALSE,FALSE,"trattamento","786-O DAC Day5 ; cell_line=786-O ; treatment=DAC","786-O untreated ; cell_line=786-O ; treatment=none"
"cgroup_L5_a32e5eaa","GSE198670",FALSE,FALSE,"trattamento","786-O DAC Day15 ; cell_line=786-O ; treatment=DAC","786-O untreated ; cell_line=786-O ; treatment=none"
"cgroup_L5_a32e5eaa","GSE198670",FALSE,FALSE,"trattamento","786-O DAC Day23 ; cell_line=786-O ; treatment=DAC","786-O untreated ; cell_line=786-O ; treatment=none"
"cgroup_L5_a32e5eaa","GSE198670",TRUE,TRUE,"contesto","786-O SETD2 knockout DAC ; cell_line=786-O ; treatment=DAC","786-O SETD2 knockout ; cell_line=786-O ; treatment=n"
"cgroup_L5_a32e5eaa","GSE198670",FALSE,FALSE,"trattamento","786-O cancer DAC ; cell_line=786-O ; treatment=DAC","786-O untreated ; cell_line=786-O ; treatment=none"
"cgroup_L5_a32e5eaa","GSE198670",FALSE,FALSE,"trattamento","Caki-1 DAC Day25 ; cell_line=Caki-1 ; treatment=DAC","Caki-1 untreated ; cell_line=Caki-1 ; treatment=none"
"cgroup_L5_a32e5eaa","GSE198670",FALSE,FALSE,"trattamento","A-704 DAC ; cell_line=A-704 ; treatment=DAC","A-704 untreated ; cell_line=A-704 ; treatment=none"
"cgroup_L5_a32e5eaa","GSE198670",FALSE,FALSE,"trattamento","A-498 DAC Day5 ; cell_line=A-498 ; treatment=DAC","A-498 untreated ; cell_line=A-498 ; treatment=none"
"cgroup_L5_a32e5eaa","GSE198670",FALSE,FALSE,"trattamento","A-498 DAC Day15 ; cell_line=A-498 ; treatment=DAC","A-498 untreated ; cell_line=A-498 ; treatment=none"
"cgroup_L5_eb5e1e65","GSE198683",FALSE,FALSE,"trattamento","Dexamethasone (DonorID 1) ; treatment=dexamethasone ; donor_id=DonorID 1","Control ; treatment=control ; donor_id=DonorID 1"
"cgroup_L5_eb5e1e65","GSE198683",FALSE,FALSE,"trattamento","Dexamethasone (DonorID 4) ; treatment=dexamethasone ; donor_id=DonorID 4","Control ; treatment=control ; donor_id=DonorID 1"
"cgroup_L5_b32ab7f6","GSE198683",FALSE,FALSE,"trattamento","IL-17 (DonorID 3) ; treatment=IL-17 ; donor_id=DonorID 3","Control ; treatment=control ; donor_id=DonorID 1"
"cgroup_L5_b32ab7f6","GSE198683",FALSE,FALSE,"trattamento","IL-17 (DonorID 4) ; treatment=IL-17 ; donor_id=DonorID 4","Control ; treatment=control ; donor_id=DonorID 1"
"cgroup_L5_b32ab7f6","GSE198683",FALSE,FALSE,"trattamento","IL-17 (DonorID 1) ; treatment=IL-17 ; donor_id=DonorID 1","Control ; treatment=control ; donor_id=DonorID 1"
"cgroup_L5_871ae09e","GSE198722",FALSE,FALSE,"trattamento","Astrocytes infected with SARS-CoV-2 (MOI=1) ; infection_status=SARS-CoV-2_MOI_","Mock-infected astrocytes ; infection_status=mock"
"cgroup_L5_871ae09e","GSE198722",FALSE,FALSE,"trattamento","Astrocytes infected with SARS-CoV-2 (MOI=5) ; infection_status=SARS-CoV-2_MOI_","Mock-infected astrocytes ; infection_status=mock"
"cgroup_L5_988d478d","GSE198740",FALSE,FALSE,"trattamento","COPD patient blood ; disease_state=COPD","Healthy control blood ; disease_state=normal"
"cgroup_L5_83f57274","GSE198860",FALSE,FALSE,"trattamento","Hypoxia ; oxygen_condition=hypoxia","Normoxia ; oxygen_condition=normoxia"
"cgroup_L5_021e875e","GSE198887",TRUE,TRUE,"contesto","SNRNP200-2 KD + Cisplatin 6h ; treatment=Cisplatin ; knockdown=SNRNP200-2 KD","SNRNP200-2 KD ; treatment=none ; knockdown=SNRNP200-"
"cgroup_L5_021e875e","GSE198887",TRUE,TRUE,"contesto","SNRNP200-1 KD + Cisplatin 6h ; treatment=Cisplatin ; knockdown=SNRNP200-1 KD","SNRNP200-1 KD ; treatment=none ; knockdown=SNRNP200-"
"cgroup_L5_021e875e","GSE198887",TRUE,TRUE,"contesto","SNRNP200-1 KD + Cisplatin 24h ; treatment=Cisplatin ; knockdown=SNRNP200-1 KD","SNRNP200-1 KD ; treatment=none ; knockdown=SNRNP200-"
"cgroup_L5_021e875e","GSE198887",TRUE,TRUE,"contesto","SNRNP200-1 KD + Cisplatin 24h ; treatment=Cisplatin ; knockdown=SNRNP200-1 KD","SNRNP200-1 KD ; treatment=none ; knockdown=SNRNP200-"
"cgroup_L5_021e875e","GSE198887",TRUE,TRUE,"contesto","SNRNP200-1 KD + Cisplatin 6h ; treatment=Cisplatin ; knockdown=SNRNP200-1 KD","SNRNP200-1 KD ; treatment=none ; knockdown=SNRNP200-"
"cgroup_L5_021e875e","GSE198887",TRUE,TRUE,"contesto","SNRNP200-2 KD + Cisplatin 6h ; treatment=Cisplatin ; knockdown=SNRNP200-2 KD","SNRNP200-2 KD ; treatment=none ; knockdown=SNRNP200-"
"cgroup_L5_021e875e","GSE198887",TRUE,TRUE,"contesto","SNRNP200-2 KD + Cisplatin 24h ; treatment=Cisplatin ; knockdown=SNRNP200-2 KD","SNRNP200-2 KD ; treatment=none ; knockdown=SNRNP200-"
"cgroup_L5_021e875e","GSE198887",TRUE,TRUE,"contesto","SNRNP200-2 KD + Cisplatin 24h ; treatment=Cisplatin ; knockdown=SNRNP200-2 KD","SNRNP200-2 KD ; treatment=none ; knockdown=SNRNP200-"
"cgroup_L5_2d53def6","GSE198963",FALSE,FALSE,"trattamento","IL21 stimulated WT CD4+ T-cells (Female) ; treatment=IL21 ; mutation=wild-type","Unstimulated WT CD4+ T-cells (Age 45, Female) ; trea"
"cgroup_L5_2d53def6","GSE198963",FALSE,FALSE,"trattamento","IL21 stimulated WT CD4+ T-cells (Age 23, Female) ; treatment=IL21 ; mutation=w","Unstimulated WT CD4+ T-cells (Age 45, Female) ; trea"
"cgroup_L5_2d53def6","GSE198963",FALSE,FALSE,"trattamento","IL21 stimulated WT CD4+ T-cells (Age 45, Female) ; treatment=IL21 ; mutation=w","Unstimulated WT CD4+ T-cells (Age 45, Female) ; trea"
"cgroup_L5_2d53def6","GSE198963",FALSE,FALSE,"trattamento","IL21 stimulated STAT3-H332L CD4+ T-cells (Age 18, Male) ; treatment=IL21 ; mut","Unstimulated STAT3-H332L CD4+ T-cells (Age 18, Male)"
"cgroup_L5_2d53def6","GSE198963",FALSE,FALSE,"trattamento","IL21 stimulated STAT3-Q288P CD4+ T-cells (Age 12, Male) ; treatment=IL21 ; mut","Unstimulated STAT3-Q288P CD4+ T-cells (Age 12, Male)"
"cgroup_L5_2d53def6","GSE198963",FALSE,FALSE,"trattamento","IL21 stimulated STAT3-T716M CD4+ T-cells (Age 9, Female) ; treatment=IL21 ; mu","Unstimulated STAT3-T716M CD4+ T-cells (Age 9, Female"
"cgroup_L5_2e16719f","GSE199225",FALSE,FALSE,"trattamento","PCOS, tgfb ; treatment=tgfb ; disease_state=PCOS","PCOS, no treatment ; treatment=none ; disease_state="
"cgroup_L5_c548d053","GSE199367",FALSE,FALSE,"trattamento","LPS 12H Donor_2 ; treatment=LPS ; time=12 hours","DMSO 12H Donor_2 ; treatment=DMSO ; time=12 hours"
"cgroup_L5_c548d053","GSE199367",FALSE,FALSE,"trattamento","LPS 2H Donor_1 ; treatment=LPS ; time=2 hours","DMSO 2H Donor_1 ; treatment=DMSO ; time=2 hours"
"cgroup_L5_c548d053","GSE199367",FALSE,FALSE,"trattamento","LPS 12H Donor_1 ; treatment=LPS ; time=12 hours","DMSO 12H Donor_1 ; treatment=DMSO ; time=12 hours"
"cgroup_L5_c548d053","GSE199367",FALSE,FALSE,"trattamento","LPS 6H Donor_1 ; treatment=LPS ; time=6 hours","DMSO 6H Donor_1 ; treatment=DMSO ; time=6 hours"
"cgroup_L5_c548d053","GSE199367",FALSE,FALSE,"trattamento","LPS 12H Donor_1 ; treatment=LPS ; time=12 hours","DMSO 12H Donor_1 ; treatment=DMSO ; time=12 hours"
"cgroup_L5_c548d053","GSE199367",FALSE,FALSE,"trattamento","LPS 6H Donor_1 ; treatment=LPS ; time=6 hours","DMSO 6H Donor_1 ; treatment=DMSO ; time=6 hours"
"cgroup_L5_2e16719f","GSE199688",FALSE,FALSE,"trattamento","TGF-beta1 ; treatment=TGF-beta1","Untreated ; treatment=untreated"
"cgroup_L5_871ae09e","GSE199743",FALSE,FALSE,"trattamento","SARS-CoV-2 infected WD-PNEC 48h ; infection_status=SARS-CoV-2 ; time=48h","Mock infected WD-PNEC 48h ; infection_status=mock_in"
"cgroup_L5_871ae09e","GSE199743",FALSE,FALSE,"trattamento","SARS-CoV-2 infected WD-PNEC 96h ; infection_status=SARS-CoV-2 ; time=96h","Mock infected WD-PNEC 96h ; infection_status=mock_in"
"cgroup_L5_aa8c1d6d","GSE199800",FALSE,FALSE,"trattamento","DU145_prostate_cancer_OTX015 ; treatment=OTX015 ; cell_type=DU145 ; tissue=pro","DU145_prostate_cancer_DMSO ; treatment=DMSO ; cell_t"
"cgroup_L5_00fd9348","GSE199800",FALSE,FALSE,"trattamento","DU145_Propranolol_1.5_24h ; treatment=Propranolol ; dose=1.5 ; duration=24h","DU145_UNTREATED ; treatment=UNTREATED"
"cgroup_L5_dcce160a","GSE199800",FALSE,FALSE,"trattamento","DU145_Daunorubicin_0.03_24h ; treatment=Daunorubicin ; dose=0.03 ; duration=24","DU145_UNTREATED ; treatment=UNTREATED"
"cgroup_L5_8b61f50b","GSE199800",FALSE,FALSE,"trattamento","DU145_Tamoxifen_24h ; treatment=Tamoxifen ; duration=24h","DU145_UNTREATED ; treatment=UNTREATED"
"cgroup_L5_5b9a08fb","GSE199800",FALSE,FALSE,"trattamento","DU145_Methotrexate_0.01_24h ; treatment=Methotrexate ; dose=0.01 ; duration=24","DU145_UNTREATED ; treatment=UNTREATED"
"cgroup_L5_523e64b9","GSE199800",FALSE,FALSE,"trattamento","MK2206 ; treatment=MK2206 ; dose=0.01 µM ; duration=24 hours","UNTREATED ; treatment=UNTREATED"
"cgroup_L5_ff78d2a8","GSE199800",FALSE,FALSE,"trattamento","Aspirin ; treatment=Aspirin ; dose=10 ; duration=24 hours","UNTREATED ; treatment=UNTREATED"
"cgroup_L5_fd0c6a79","GSE199800",FALSE,FALSE,"trattamento","Regorafenib ; treatment=Regorafenib ; duration=24 hours","DMSO ; treatment=DMSO ; duration=24 hours"
"cgroup_L5_8eca612e","GSE199800",FALSE,FALSE,"trattamento","Dabrafenib ; treatment=Dabrafenib ; dose=1.5 µM ; duration=24 hours","DMSO ; treatment=DMSO ; duration=24 hours"
"cgroup_L5_8eca612e","GSE199800",FALSE,FALSE,"trattamento","Dabrafenib ; treatment=Dabrafenib ; dose=1.5 µM ; duration=24 hours","DMSO ; treatment=DMSO ; duration=24 hours"
"cgroup_L5_ae11259e","GSE199800",FALSE,FALSE,"trattamento","Tofacitinib ; treatment=Tofacitinib ; dose=0.305 ; duration=24 hours","DMSO ; treatment=DMSO ; duration=24 hours"
"cgroup_L5_c5e86fe9","GSE199800",FALSE,FALSE,"trattamento","Olaparib ; treatment=Olaparib ; dose=2.5 µM ; duration=24 hours","DMSO ; treatment=DMSO ; duration=24 hours"
"cgroup_L5_03b38818","GSE199800",FALSE,FALSE,"trattamento","Vemurafenib ; treatment=Vemurafenib ; dose=10 ; duration=24 hours","DMSO ; treatment=DMSO ; duration=24 hours"
"cgroup_L5_a8d88150","GSE199800",FALSE,FALSE,"trattamento","LNCaP + Lenvatinib ; treatment=Lenvatinib ; dose=0.5 µM ; duration=24 hours","LNCaP + UNTREATED ; treatment=UNTREATED"
"cgroup_L5_37942548","GSE199800",FALSE,FALSE,"trattamento","LNCaP + Tretinoin ; treatment=Tretinoin ; duration=24 hours","LNCaP + UNTREATED ; treatment=UNTREATED"
"cgroup_L5_5b9a08fb","GSE199800",FALSE,FALSE,"trattamento","LNCaP + Methotrexate ; treatment=Methotrexate ; dose=10 µM ; duration=24 hours","LNCaP + UNTREATED ; treatment=UNTREATED"
"cgroup_L5_0e66597e","GSE199800",FALSE,FALSE,"trattamento","LNCaP + Fulvestrant ; treatment=Fulvestrant ; dose=0.03 µM ; duration=24 hours","LNCaP + UNTREATED ; treatment=UNTREATED"
"cgroup_L5_844de383","GSE199868",FALSE,FALSE,"trattamento","Primary Sjogren's syndrome (Age 58) ; disease_state=primary Sjogren's syndrome","Healthy control (Age 29) ; disease_state=healthy con"
"cgroup_L5_c3ae78cd","GSE199906",FALSE,FALSE,"trattamento","Crohn's Disease ; disease_state=Crohn's Disease","Healthy Control ; disease_state=Healthy Control"
"cgroup_L5_c3ae78cd","GSE199906",FALSE,FALSE,"trattamento","Crohn's Disease ; disease_state=Crohn's Disease","Healthy Control ; disease_state=Healthy Control"
"cgroup_L5_844de383","GSE200020",FALSE,FALSE,"trattamento","Primary Sjogren's Syndrome (Age 60) ; disease_state=primary Sjogren's syndrome","Healthy Control (Age 67) ; disease_state=healthy con"
"cgroup_L5_a6fd82fa","GSE200029",FALSE,FALSE,"trattamento","T47D + 4-OHT ; treatment=4-OHT ; cell_line=T47D","T47D + DMSO ; treatment=DMSO ; cell_line=T47D"
"cgroup_L5_356eedd3","GSE200186",FALSE,FALSE,"trattamento","Dermal fibroblasts TSA ; cell_line=Dermal fibroblasts, neonatal ; treatment=TS","Dermal fibroblasts Control ; cell_line=Dermal fibrob"
"cgroup_L5_d7ad915e","GSE200186",FALSE,FALSE,"trattamento","Dermal fibroblasts VPA ; cell_line=Dermal fibroblasts, neonatal ; treatment=VP","Dermal fibroblasts Control ; cell_line=Dermal fibrob"
"cgroup_L5_889ec305","GSE200427",FALSE,FALSE,"trattamento","CRC_patient1 ; disease_state=colorectal cancer ; donor_id=1","tumor-adjacent normal colon ; disease_state=normal ;"
"cgroup_L5_889ec305","GSE200427",FALSE,FALSE,"trattamento","CRC_patient2 ; disease_state=colorectal cancer ; donor_id=2","tumor-adjacent normal colon ; disease_state=normal ;"
"cgroup_L5_8958b27a","GSE201021",FALSE,FALSE,"trattamento","Nutlin WT ; treatment=Nutlin ; genotype=WT","DMSO WT ; treatment=DMSO ; genotype=WT"
"cgroup_L5_8958b27a","GSE201021",FALSE,FALSE,"trattamento","Nutlin P53KO ; treatment=Nutlin ; genotype=P53KO","DMSO P53KO ; treatment=DMSO ; genotype=P53KO"
"cgroup_L5_6b7b8076","GSE201365",FALSE,FALSE,"trattamento","Papillary thyroid carcinoma ; disease_status=papillary_thyroid_carcinoma","Normal tissue ; disease_status=normal"
"cgroup_L5_2e16719f","GSE201506",FALSE,FALSE,"trattamento","TGF-Beta1 ; treatment=TGF-Beta1","Control ; treatment=Control"
"cgroup_L5_efced505","GSE201740",FALSE,FALSE,"trattamento","RB1-/- + Sunitinib ; treatment=Sunitinib ; cell_context=RB1-/-","RB1-/- + vehicle ; treatment=vehicle ; cell_context="
"cgroup_L5_efced505","GSE201740",FALSE,FALSE,"trattamento","MYCN-amplified + Sunitinib ; treatment=Sunitinib ; cell_context=MYCN-amplified","MYCN-amplified + vehicle ; treatment=vehicle ; cell_"
"cgroup_L5_2a225fda","GSE201955",FALSE,FALSE,"trattamento","Asthma (Age: 49, Sex: F, Ancestry: African American) ; disease_state=Asthma ; ","Control (Age: 37, Sex: M, Ancestry: African American"
"cgroup_L5_a25d0964","GSE202045",FALSE,FALSE,"trattamento","HepG2, IL6, t=6h ; cell_context=HepG2 ; perturbation=IL6 ; time=6h","HepG2, No treatment, t=6h ; cell_context=HepG2 ; per"
"cgroup_L5_a25d0964","GSE202045",FALSE,FALSE,"trattamento","HepG2, IL6, t=24h ; cell_context=HepG2 ; perturbation=IL6 ; time=24h","HepG2, No treatment, t=24h ; cell_context=HepG2 ; pe"
"cgroup_L5_a25d0964","GSE202045",FALSE,FALSE,"trattamento","Primary hepatocytes, IL6, t=6h ; cell_context=Primary hepatocytes ; perturbati","Primary hepatocytes, No treatment, t=6h ; cell_conte"
"cgroup_L5_a25d0964","GSE202045",FALSE,FALSE,"trattamento","Primary hepatocytes, IL6, t=24h ; cell_context=Primary hepatocytes ; perturbat","Primary hepatocytes, No treatment, t=24h ; cell_cont"
"cgroup_L5_3be7454c","GSE202350",FALSE,FALSE,"trattamento","IFNα ; treatment=IFNα","DMSO ; treatment=DMSO"
"cgroup_L5_2248a891","GSE202436",FALSE,FALSE,"trattamento","Forskolin 1h Left Lung ; treatment=Forskolin ; time=1 hour","Vehicle 1h Left Lung ; treatment=Vehicle ; time=1 ho"
"cgroup_L5_2248a891","GSE202436",FALSE,FALSE,"trattamento","Forskolin 18h Left Lung ; treatment=Forskolin ; time=18 hours","Vehicle 18h Left Lung ; treatment=Vehicle ; time=18 "
"cgroup_L5_2248a891","GSE202436",FALSE,FALSE,"trattamento","Forskolin 2h Left Lung ; treatment=Forskolin ; time=2 hours","Vehicle 2h Left Lung ; treatment=Vehicle ; time=2 ho"
"cgroup_L5_2248a891","GSE202436",FALSE,FALSE,"trattamento","Forskolin 6h Left Lung ; treatment=Forskolin ; time=6 hours","Vehicle 6h Left Lung ; treatment=Vehicle ; time=6 ho"
"cgroup_L5_d9e23e09","GSE202436",FALSE,FALSE,"trattamento","TNFα 1h Left Lung ; treatment=TNFα ; time=1 hour","Vehicle 1h Left Lung ; treatment=Vehicle ; time=1 ho"
"cgroup_L5_d9e23e09","GSE202436",FALSE,FALSE,"trattamento","TNFα 18h Left Lung ; treatment=TNFα ; time=18 hours","Vehicle 18h Left Lung ; treatment=Vehicle ; time=18 "
"cgroup_L5_d9e23e09","GSE202436",FALSE,FALSE,"trattamento","TNFα 2h Left Lung ; treatment=TNFα ; time=2 hours","Vehicle 2h Left Lung ; treatment=Vehicle ; time=2 ho"
"cgroup_L5_d9e23e09","GSE202436",FALSE,FALSE,"trattamento","TNFα 6h Left Lung ; treatment=TNFα ; time=6 hours","Vehicle 6h Left Lung ; treatment=Vehicle ; time=6 ho"
"cgroup_L5_2248a891","GSE202436",FALSE,FALSE,"trattamento","Forskolin 1h Right Lung ; treatment=Forskolin ; time=1 hour","Vehicle 1h Right Lung ; treatment=Vehicle ; time=1 h"
"cgroup_L5_2248a891","GSE202436",FALSE,FALSE,"trattamento","Forskolin 18h Right Lung ; treatment=Forskolin ; time=18 hours","Vehicle 18h Right Lung ; treatment=Vehicle ; time=18"
"cgroup_L5_2248a891","GSE202436",FALSE,FALSE,"trattamento","Forskolin 2h Right Lung ; treatment=Forskolin ; time=2 hours","Vehicle 2h Right Lung ; treatment=Vehicle ; time=2 h"
"cgroup_L5_2248a891","GSE202436",FALSE,FALSE,"trattamento","Forskolin 6h Right Lung ; treatment=Forskolin ; time=6 hours","Vehicle 6h Right Lung ; treatment=Vehicle ; time=6 h"
"cgroup_L5_d9e23e09","GSE202436",FALSE,FALSE,"trattamento","TNFα 1h Right Lung ; treatment=TNFα ; time=1 hour","Vehicle 1h Right Lung ; treatment=Vehicle ; time=1 h"
"cgroup_L5_d9e23e09","GSE202436",FALSE,FALSE,"trattamento","TNFα 18h Right Lung ; treatment=TNFα ; time=18 hours","Vehicle 18h Right Lung ; treatment=Vehicle ; time=18"
"cgroup_L5_d9e23e09","GSE202436",FALSE,FALSE,"trattamento","TNFα 2h Right Lung ; treatment=TNFα ; time=2 hours","Vehicle 2h Right Lung ; treatment=Vehicle ; time=2 h"
"cgroup_L5_d9e23e09","GSE202436",FALSE,FALSE,"trattamento","TNFα 6h Right Lung ; treatment=TNFα ; time=6 hours","Vehicle 6h Right Lung ; treatment=Vehicle ; time=6 h"
"cgroup_L5_a8ff7b6d","GSE202458",FALSE,FALSE,"trattamento","A549 + ATRA + normoxia ; treatment=ATRA ; oxygen_condition=normoxia","A549 + ethanol (vehicle) + normoxia ; treatment=vehi"
"cgroup_L5_a8ff7b6d","GSE202458",FALSE,FALSE,"trattamento","A549 + ATRA + normoxia ; treatment=ATRA ; oxygen_condition=normoxia","A549 + ethanol (vehicle) + normoxia ; treatment=vehi"
"cgroup_L5_d9e23e09","GSE202576",FALSE,FALSE,"trattamento","TNFα stimulated ; treatment=TNFα ; cell_type_or_line_raw=RT4","Control ; treatment=control ; cell_type_or_line_raw="
"cgroup_L5_17b35bdc","GSE202682",FALSE,FALSE,"trattamento","Docetaxel Treated ; treatment=docetaxel","Control (Vehicle) ; treatment=control"
"cgroup_L5_2e16719f","GSE202714",FALSE,FALSE,"trattamento","Human Adult Primary Cardiac Fibroblasts TGF-Beta1 Activated ; cell_type=human ","Human Adult Primary Cardiac Fibroblasts Control ; ce"
"cgroup_L5_2e16719f","GSE202714",FALSE,FALSE,"trattamento","Human Fetal Primary Cardiac Fibroblasts TGF-Beta1 Activated ; cell_type=human ","Human Fetal Primary Cardiac Fibroblasts Control ; ce"
"cgroup_L5_c0d1d837","GSE202755",FALSE,FALSE,"trattamento","Enzalutamide ; treatment=enzalutamide ; cell_line=LNCaP ; disease_state=prosta","Control ; treatment=control ; cell_line=LNCaP ; dise"
"cgroup_L5_b0066299","GSE202851",FALSE,FALSE,"trattamento","Keloid ; disease_state=keloid","Normal Skin ; disease_state=normal"
"cgroup_L5_bd19fe42","GSE202853",FALSE,FALSE,"trattamento","Hepatocellular carcinoma ; disease_state=Hepatocellular carcinoma","Normal liver ; disease_state=Normal"
"cgroup_L5_601ede7b","GSE202859",FALSE,FALSE,"trattamento","HCC827 osimertinib ; cell_line=HCC827 ; treatment=osimertinib","HCC827 untreated ; cell_line=HCC827 ; treatment=untr"
"cgroup_L5_601ede7b","GSE202859",FALSE,FALSE,"trattamento","PC9 osimertinib ; cell_line=PC9 ; treatment=osimertinib","PC9 untreated ; cell_line=PC9 ; treatment=untreated"
"cgroup_L5_be15b706","GSE202866",FALSE,FALSE,"trattamento","IL-13 ; treatment=IL-13 ; cell_type=Primary human bronchial epithelial cells ;","Vehicle Control 1 ; treatment=vehicle_only ; cell_ty"
"cgroup_L5_be15b706","GSE202866",FALSE,FALSE,"trattamento","IL-13 ; treatment=IL-13 ; cell_type=Primary human bronchial epithelial cells ;","Vehicle Control 2 ; treatment=vehicle_only ; cell_ty"
"cgroup_L5_c0d1d837","GSE202885",FALSE,FALSE,"trattamento","16D CRPC + Enzalutamide 24h ; treatment=Enzalutamide ; duration=24 hours","16D CRPC + DMSO ; treatment=DMSO"
"cgroup_L5_c0d1d837","GSE202885",FALSE,FALSE,"trattamento","16D CRPC + Enzalutamide 48h ; treatment=Enzalutamide ; duration=48 hours","16D CRPC + DMSO ; treatment=DMSO"
"cgroup_L5_c0d1d837","GSE202885",FALSE,FALSE,"trattamento","16D CRPC + Enzalutamide 96h ; treatment=Enzalutamide ; duration=96 hours","16D CRPC + DMSO ; treatment=DMSO"
"cgroup_L5_c0d1d837","GSE202885",FALSE,FALSE,"trattamento","16D CRPC + Enzalutamide 144h ; treatment=Enzalutamide ; duration=144 hours","16D CRPC + DMSO ; treatment=DMSO"
"cgroup_L5_c0d1d837","GSE202885",FALSE,FALSE,"trattamento","16D CRPC + Enzalutamide long-term ; treatment=Enzalutamide ; duration=long-ter","16D CRPC + DMSO ; treatment=DMSO"
"cgroup_L5_871ae09e","GSE202963",FALSE,FALSE,"trattamento","Airway Organoids SARS-CoV-2 MOI=1 48h ; cell_type=Airway Organoids ; treatment","Airway Organoids Mock ; cell_type=Airway Organoids ;"
"cgroup_L5_871ae09e","GSE202963",FALSE,FALSE,"trattamento","Airway Organoids SARS-CoV-2 MOI=1_2 48h ; cell_type=Airway Organoids ; treatme","Airway Organoids Mock ; cell_type=Airway Organoids ;"
"cgroup_L5_871ae09e","GSE202963",FALSE,FALSE,"trattamento","Alveolar Organoids Lung SARS-CoV-2 MOI=0.01 48h ; cell_type=Alveolar Organoids","Alveolar Organoids Lung Mock 48h ; cell_type=Alveola"
"cgroup_L5_871ae09e","GSE202963",FALSE,FALSE,"trattamento","Alveolar Organoids Lung SARS-CoV-2 MOI=0.1 48h ; cell_type=Alveolar Organoids ","Alveolar Organoids Lung Mock 48h ; cell_type=Alveola"
"cgroup_L5_871ae09e","GSE202963",FALSE,FALSE,"trattamento","Alveolar Organoids Lung SARS-CoV-2 MOI=1 48h ; cell_type=Alveolar Organoids ; ","Alveolar Organoids Lung Mock 48h ; cell_type=Alveola"
"cgroup_L5_871ae09e","GSE202963",FALSE,FALSE,"trattamento","Alveolar Organoids Lung SARS-CoV-2 MOI=1 48h Replicate ; cell_type=Alveolar Or","Alveolar Organoids Lung Mock 48h ; cell_type=Alveola"
"cgroup_L5_63e69fdc","GSE203206",FALSE,FALSE,"trattamento","AD Subject 5419 ; disease_state=Alzheimer's disease ; subject_id=Subject 5419","Control Subject 4870 ; disease_state=Non-demented Co"
"cgroup_L5_63e69fdc","GSE203206",FALSE,FALSE,"trattamento","AD Subject 5020 ; disease_state=Alzheimer's disease ; subject_id=Subject 5020","Control Subject 4870 ; disease_state=Non-demented Co"
"cgroup_L5_63e69fdc","GSE203206",FALSE,FALSE,"trattamento","AD Subject 4920 ; disease_state=Alzheimer's disease ; subject_id=Subject 4920","Control Subject 4870 ; disease_state=Non-demented Co"
"cgroup_L5_87c40ebb","GSE203220",FALSE,FALSE,"trattamento","IFNAR1 Patient - IFNg 1000 UmL 2 hours (Skin) ; cell_source=IFNAR1_patient ; t","IFNAR1 Patient - No Treatment ; cell_source=IFNAR1_p"
"cgroup_L5_87c40ebb","GSE203220",FALSE,FALSE,"trattamento","IFNAR1 Patient - IFNg 1000 UmL 8 hours (Skin) ; cell_source=IFNAR1_patient ; t","IFNAR1 Patient - No Treatment ; cell_source=IFNAR1_p"
"cgroup_L5_87c40ebb","GSE203220",FALSE,FALSE,"trattamento","IRF9 patient fibroblasts IFNg 1000 U/mL 30 min ; cell_context=fibroblast cells","IRF9 patient fibroblasts no treatment ; cell_context"
"cgroup_L5_87c40ebb","GSE203220",FALSE,FALSE,"trattamento","IRF9 patient fibroblasts IFNg 1000 U/mL 2 h ; cell_context=fibroblast cells ; ","IRF9 patient fibroblasts no treatment ; cell_context"
"cgroup_L5_87c40ebb","GSE203220",FALSE,FALSE,"trattamento","IRF9 patient fibroblasts IFNg 1000 U/mL 8 h ; cell_context=fibroblast cells ; ","IRF9 patient fibroblasts no treatment ; cell_context"
"cgroup_L5_444e7fc2","GSE203395",FALSE,FALSE,"trattamento","CMV-infected, D-7, 7 days ; infection_status=CMV ; vaccination_status=non-vacc","D-7, 7 days ; infection_status=none ; vaccination_st"
"cgroup_L5_538960a6","GSE203395",FALSE,FALSE,"trattamento","M.tb-infected, D-7 ; infection_status=M.tb ; vaccination_status=non-vaccinated","D-7, 7 days ; infection_status=none ; vaccination_st"
"cgroup_L5_444e7fc2","GSE203395",FALSE,FALSE,"trattamento","CMV-infected, 7 days ; infection_status=CMV ; vaccination_status=non-vaccinate","D-7, 7 days ; infection_status=none ; vaccination_st"
"cgroup_L5_444e7fc2","GSE203395",FALSE,FALSE,"trattamento","CMV-infected, D-7, 7 days ; infection_status=CMV ; vaccination_status=non-vacc","D-7, 7 days ; infection_status=none ; vaccination_st"
"cgroup_L5_538960a6","GSE203395",FALSE,FALSE,"trattamento","M.tb-infected, D-7 ; infection_status=M.tb ; vaccination_status=non-vaccinated","D-7, 7 days ; infection_status=none ; vaccination_st"
"cgroup_L5_538960a6","GSE203395",FALSE,FALSE,"trattamento","M.tb-infected, D-7 ; infection_status=M.tb ; vaccination_status=non-vaccinated","D-7, 7 days ; infection_status=none ; vaccination_st"
"cgroup_L5_538960a6","GSE203395",FALSE,FALSE,"trattamento","M.tb-infected, D-7, 7 days ; infection_status=M.tb ; vaccination_status=non-va","D-7, 7 days ; infection_status=none ; vaccination_st"
"cgroup_L5_538960a6","GSE203395",FALSE,FALSE,"trattamento","M.tb-infected, D-7 ; infection_status=M.tb ; vaccination_status=non-vaccinated","D-7, 7 days ; infection_status=none ; vaccination_st"
"cgroup_L5_444e7fc2","GSE203395",FALSE,FALSE,"trattamento","CMV-infected, D-7, 7 days, BCG vaccinated ; infection_status=CMV ; vaccination","M.tb-uninfected, D-7, 7 days, BCG vaccinated ; infec"
"cgroup_L5_444e7fc2","GSE203395",FALSE,FALSE,"trattamento","CMV-infected, D-7, 7 days, BCG vaccinated ; infection_status=CMV ; vaccination","M.tb-uninfected, D-7, 7 days, BCG vaccinated ; infec"
"cgroup_L5_444e7fc2","GSE203395",FALSE,FALSE,"trattamento","M.tb-uninfected, CMV-infected, D-7, 7 days, BCG vaccinated ; infection_status=","M.tb-uninfected, D-7, 7 days, BCG vaccinated ; infec"
"cgroup_L5_03b38818","GSE203545",FALSE,FALSE,"trattamento","A375 vemurafenib ; cell_line=A375 ; treatment=vemurafenib","A375 untreated ; cell_line=A375 ; treatment=untreate"
"cgroup_L5_a32e5eaa","GSE204743",FALSE,FALSE,"trattamento","Decitabine (Replicate 1) ; treatment=Decitabine","DMSO ; treatment=DMSO"
"cgroup_L5_dde29fb4","GSE204781",FALSE,FALSE,"trattamento","H2O2-treated T-cells ; treatment=H2O2 ; donor_id=donor 1","Untreated T-cells ; treatment=untreated ; donor_id=d"
"cgroup_L5_3a0a595f","GSE204825",FALSE,FALSE,"trattamento","BTY09 Dasatinib ; cell_line=BTY09 ; treatment=Dasatinib","BTY09 Vehicle ; cell_line=BTY09 ; treatment=Vehicle"
"cgroup_L5_3a0a595f","GSE204825",FALSE,FALSE,"trattamento","BTY10 Dasatinib ; cell_line=BTY10 ; treatment=Dasatinib","BTY10 Vehicle ; cell_line=BTY10 ; treatment=Vehicle"
"cgroup_L5_81b706c4","GSE204825",FALSE,FALSE,"trattamento","BTY10 Paclitaxel ; cell_line=BTY10 ; treatment=Paclitaxel","BTY10 Vehicle ; cell_line=BTY10 ; treatment=Vehicle"
"cgroup_L5_3a0a595f","GSE204825",FALSE,FALSE,"trattamento","BTY14 Dasatinib ; cell_line=BTY14 ; treatment=Dasatinib","BTY14 Vehicle ; cell_line=BTY14 ; treatment=Vehicle"
"cgroup_L5_81b706c4","GSE204825",FALSE,FALSE,"trattamento","BTY14 Paclitaxel ; cell_line=BTY14 ; treatment=Paclitaxel","BTY14 Vehicle ; cell_line=BTY14 ; treatment=Vehicle"
"cgroup_L5_3a0a595f","GSE204825",FALSE,FALSE,"trattamento","BTY25 Dasatinib ; cell_line=BTY25 ; treatment=Dasatinib","BTY25 Vehicle ; cell_line=BTY25 ; treatment=Vehicle"
"cgroup_L5_81b706c4","GSE204825",FALSE,FALSE,"trattamento","BTY25 Paclitaxel ; cell_line=BTY25 ; treatment=Paclitaxel","BTY25 Vehicle ; cell_line=BTY25 ; treatment=Vehicle"
"cgroup_L5_2e16719f","GSE204868",FALSE,FALSE,"trattamento","TGF-beta (triplicate) ; treatment=TGF-beta","Control (triplicate) ; treatment=control"
"cgroup_L5_12228932","GSE204905",TRUE,TRUE,"contesto","shC7orf26 + EGF ; genetic_knockdown=shC7orf26 ; treatment=EGF","shC7orf26 + vehicle ; genetic_knockdown=shC7orf26 ; "
"cgroup_L5_12228932","GSE204905",TRUE,TRUE,"contesto","shC7orf26 + EGF ; genetic_knockdown=shC7orf26 ; treatment=EGF","shC7orf26 + vehicle ; genetic_knockdown=shC7orf26 ; "
"cgroup_L5_12228932","GSE204905",TRUE,TRUE,"contesto","shC7orf26 + EGF ; genetic_knockdown=shC7orf26 ; treatment=EGF","shC7orf26 + vehicle ; genetic_knockdown=shC7orf26 ; "
"cgroup_L5_12228932","GSE204905",TRUE,TRUE,"contesto","shLUC + EGF ; genetic_knockdown=shLUC ; treatment=EGF","shLUC + vehicle ; genetic_knockdown=shLUC ; treatmen"
"cgroup_L5_12228932","GSE204905",TRUE,TRUE,"contesto","shLUC + EGF ; genetic_knockdown=shLUC ; treatment=EGF","shLUC + vehicle ; genetic_knockdown=shLUC ; treatmen"
"cgroup_L5_12228932","GSE204905",TRUE,TRUE,"contesto","shLUC + EGF ; genetic_knockdown=shLUC ; treatment=EGF","shLUC + vehicle ; genetic_knockdown=shLUC ; treatmen"
"cgroup_L5_e7eebebd","GSE204919",FALSE,FALSE,"trattamento","Steatotic Liver Grafts (Condition 1) ; disease_state=steatotic","Normal Liver Grafts ; disease_state=normal"
"cgroup_L5_e7eebebd","GSE204919",FALSE,FALSE,"trattamento","Steatotic Liver Grafts (Condition 2) ; disease_state=steatotic","Normal Liver Grafts ; disease_state=normal"
"cgroup_L5_e7eebebd","GSE204919",FALSE,FALSE,"trattamento","Steatotic Liver Grafts (Condition 3) ; disease_state=steatotic","Normal Liver Grafts ; disease_state=normal"
"cgroup_L5_e7eebebd","GSE204919",FALSE,FALSE,"trattamento","Steatotic Liver Grafts (Condition 4) ; disease_state=steatotic","Normal Liver Grafts ; disease_state=normal"
"cgroup_L5_7934174c","GSE205086",FALSE,FALSE,"trattamento","A204.1 EPZ-6438 ; treatment=EPZ-6438 ; cell_line=A204.1","A204.1 Control ; treatment=vehicle_only ; cell_line="
"cgroup_L5_2248a891","GSE205261",FALSE,FALSE,"trattamento","Forskolin-treated NCI-H295R cells ; treatment=Forskolin ; cell_line=NCI-H295R","Vehicle control (DMSO) NCI-H295R cells ; treatment=D"
"cgroup_L5_2248a891","GSE205261",FALSE,FALSE,"trattamento","Forskolin-treated NCI-H295R cells (duplicate) ; treatment=Forskolin ; cell_lin","Vehicle control (DMSO) NCI-H295R cells ; treatment=D"
"cgroup_L5_7934174c","GSE205261",FALSE,FALSE,"trattamento","EPZ-6438-treated NCI-H295R cells ; treatment=EPZ-6438 ; cell_line=NCI-H295R","Vehicle control (DMSO) NCI-H295R cells ; treatment=D"
"cgroup_L5_2248a891","GSE205261",FALSE,FALSE,"trattamento","Forskolin-treated NCI-H295R cells (triplicate) ; treatment=Forskolin ; cell_li","Vehicle control (DMSO) NCI-H295R cells ; treatment=D"
"cgroup_L5_9bdf0dcb","GSE205276",TRUE,TRUE,"contesto","IFNa stimulated CRISPR-depleted IRF1-AS1 promoter ; treatment=IFNa ; genetic_m","Control (None) CRISPR-depleted IRF1-AS1 promoter ; t"
"cgroup_L5_2e16719f","GSE205378",FALSE,FALSE,"trattamento","Primary PrSC 1 TGFB Day 3 ; treatment=TGFB ; donor=Primary PrSC 1","Primary PrSC 1 untreated ; treatment=untreated ; don"
"cgroup_L5_debadb13","GSE205567",FALSE,FALSE,"trattamento","HBV Mono-Infection (Disease Model) ; infection_condition=HBV Mono-Infection","Mock Infection ; infection_condition=Mock Infection"
"cgroup_L5_debadb13","GSE205567",FALSE,FALSE,"trattamento","HBV Mono-Infection ; infection_condition=HBV Mono-Infection","Mock Infection ; infection_condition=Mock Infection"
"cgroup_L5_871ae09e","GSE205621",FALSE,FALSE,"trattamento","SARS-CoV-2 DelARKSAP 24h ; virus_variant=SARS-CoV-2 DelARKSAP ; time=24 hour","Mock 24h ; virus_variant=Mock ; time=24 hour"
"cgroup_L5_871ae09e","GSE205621",FALSE,FALSE,"trattamento","SARS-CoV-2 DelARKSAP 48h ; virus_variant=SARS-CoV-2 DelARKSAP ; time=48 hour","Mock 48h ; virus_variant=Mock ; time=48 hour"
"cgroup_L5_871ae09e","GSE205621",FALSE,FALSE,"trattamento","SARS-CoV-2 DelOrf8 24h ; virus_variant=SARS-CoV-2 DelOrf8 ; time=24 hour","Mock 24h ; virus_variant=Mock ; time=24 hour"
"cgroup_L5_871ae09e","GSE205621",FALSE,FALSE,"trattamento","SARS-CoV-2 DelOrf8 48h ; virus_variant=SARS-CoV-2 DelOrf8 ; time=48 hour","Mock 48h ; virus_variant=Mock ; time=48 hour"
"cgroup_L5_871ae09e","GSE205621",FALSE,FALSE,"trattamento","SARS-CoV-2 WT 24h ; virus_variant=SARS-CoV-2 WT ; time=24 hour","Mock 24h ; virus_variant=Mock ; time=24 hour"
"cgroup_L5_871ae09e","GSE205621",FALSE,FALSE,"trattamento","SARS-CoV-2 WT 48h ; virus_variant=SARS-CoV-2 WT ; time=48 hour","Mock 48h ; virus_variant=Mock ; time=48 hour"
"cgroup_L5_871ae09e","GSE205621",FALSE,FALSE,"trattamento","SARS-CoV-2 DelARKSAP 24h ; virus_variant=SARS-CoV-2 DelARKSAP ; time=24 hour","Mock 24h ; virus_variant=Mock ; time=24 hour"
"cgroup_L5_871ae09e","GSE205621",FALSE,FALSE,"trattamento","SARS-CoV-2 DelARKSAP 48h ; virus_variant=SARS-CoV-2 DelARKSAP ; time=48 hour","Mock 48h ; virus_variant=Mock ; time=48 hour"
"cgroup_L5_871ae09e","GSE205621",FALSE,FALSE,"trattamento","SARS-CoV-2 DelOrf8 24h ; virus_variant=SARS-CoV-2 DelOrf8 ; time=24 hour","Mock 24h ; virus_variant=Mock ; time=24 hour"
"cgroup_L5_871ae09e","GSE205621",FALSE,FALSE,"trattamento","SARS-CoV-2 DelOrf8 48h ; virus_variant=SARS-CoV-2 DelOrf8 ; time=48 hour","Mock 48h ; virus_variant=Mock ; time=48 hour"
"cgroup_L5_871ae09e","GSE205621",FALSE,FALSE,"trattamento","SARS-CoV-2 WT 24h ; virus_variant=SARS-CoV-2 WT ; time=24 hour","Mock 24h ; virus_variant=Mock ; time=24 hour"
"cgroup_L5_871ae09e","GSE205621",FALSE,FALSE,"trattamento","SARS-CoV-2 WT 48h ; virus_variant=SARS-CoV-2 WT ; time=48 hour","Mock 48h ; virus_variant=Mock ; time=48 hour"
"cgroup_L5_3ec58cd6","GSE205668",FALSE,FALSE,"trattamento","Obese (Age ~18) ; disease_state=obese ; age=~18","Normal Weight (Age ~13) ; disease_state=normal_weigh"
"cgroup_L5_3ec58cd6","GSE205668",FALSE,FALSE,"trattamento","Obese (Age ~14) ; disease_state=obese ; age=~14","Normal Weight (Age ~0.5) ; disease_state=normal_weig"
"cgroup_L5_aad8ed47","GSE205726",TRUE,TRUE,"contesto","MDA-MB-231 + YAP+TAZ siRNA ; Perturbation=YAP+TAZ siRNA","MDA-MB-231 + control siRNA ; Perturbation=control si"
"cgroup_L5_aad8ed47","GSE205726",TRUE,TRUE,"contesto","MDA-MB-231 + YAP+TAZ siRNA (duplicate) ; Perturbation=YAP+TAZ siRNA","MDA-MB-231 + control siRNA ; Perturbation=control si"
"cgroup_L5_f56d966d","GSE205729",FALSE,FALSE,"trattamento","Ipatasertib ; treatment=Ipatasertib","DMSO ; treatment=DMSO"
"cgroup_L5_f56d966d","GSE205730",FALSE,FALSE,"trattamento","Ipatasertib ; treatment=Ipatasertib ; cell_line=SUM149PT ; disease_state=breas","DMSO ; treatment=DMSO ; cell_line=SUM149PT ; disease"
"cgroup_L5_889ec305","GSE205787",FALSE,FALSE,"trattamento","CRC patient-derived spheroids (untreated) ; disease_state=colorectal_cancer ; ","Normal colorectal epithelial stem cell spheroids (un"
"cgroup_L5_889ec305","GSE205787",FALSE,FALSE,"trattamento","CRC patient-derived spheroids (untreated) ; disease_state=colorectal_cancer ; ","Normal colorectal epithelial stem cell spheroids (un"
"cgroup_L5_889ec305","GSE205787",FALSE,FALSE,"trattamento","CRC patient-derived spheroids (untreated) ; disease_state=colorectal_cancer ; ","Normal colorectal epithelial stem cell spheroids (un"
"cgroup_L5_889ec305","GSE205787",FALSE,FALSE,"trattamento","CRC whole tissues (untreated) ; disease_state=colorectal_cancer ; treatment=un","Normal colorectal epithelial stem cell spheroids (un"
"cgroup_L5_889ec305","GSE205787",FALSE,FALSE,"trattamento","CRC_HC72T (untreated) ; disease_state=colorectal_cancer ; treatment=untreated","Normal colorectal epithelial stem cell spheroids (un"
"cgroup_L5_6ee86f02","GSE205812",FALSE,FALSE,"trattamento","Ankylosing Spondylitis ; disease_state=Ankylosing Spondylitis","Normal Control ; disease_state=normal control"
"cgroup_L5_905be893","GSE205851",FALSE,FALSE,"trattamento","IL1Beta 4h ; treatment=IL1Beta ; cell_line=A498","Untreated ; treatment=untreated ; cell_line=A498"
"cgroup_L5_905be893","GSE205851",FALSE,FALSE,"trattamento","IL1Beta 4h ; treatment=IL1Beta ; cell_line=A498","Untreated ; treatment=untreated ; cell_line=A498"
"cgroup_L5_3973fe03","GSE205853",FALSE,FALSE,"trattamento","IFN-γ, IL-1β ; Cytokine Stimulation=IFN-γ, IL-1β","No Treatment ; Cytokine Stimulation=No Treatment"
"cgroup_L5_3973fe03","GSE205853",FALSE,FALSE,"trattamento","IFN-γ, IL-1β ; Cytokine Stimulation=IFN-γ, IL-1β","No Treatment ; Cytokine Stimulation=No Treatment"
"cgroup_L5_3973fe03","GSE205853",FALSE,FALSE,"trattamento","IFN-γ, IL-1β ; Cytokine Stimulation=IFN-γ, IL-1β","No Treatment ; Cytokine Stimulation=No Treatment"
"cgroup_L5_eb5e1e65","GSE205890",FALSE,FALSE,"trattamento","H1 + Dexamethasone ; treatment=Dexamethasone ; cell_line=H1","H1 + DMSO ; treatment=DMSO ; cell_line=H1"
"cgroup_L5_eb5e1e65","GSE205890",FALSE,FALSE,"trattamento","H9 + Dexamethasone ; treatment=Dexamethasone ; cell_line=H9","H9 + DMSO ; treatment=DMSO ; cell_line=H9"
"cgroup_L5_5e0c0fae","GSE206130",FALSE,FALSE,"trattamento","HDLM2 Rituximab (RmAb) ; treatment=Rituximab (RmAb) ; cell_line=HDLM2","HDLM2 RPMI media ; treatment=RPMI media ; cell_line="
"cgroup_L5_5e0c0fae","GSE206130",FALSE,FALSE,"trattamento","KARPAS 1106P Rituximab (RmAb) ; treatment=Rituximab (RmAb) ; cell_line=KARPAS ","KARPAS 1106P RPMI media ; treatment=RPMI media ; cel"
"cgroup_L5_5e0c0fae","GSE206130",FALSE,FALSE,"trattamento","L-428 Rituximab (RmAb) ; treatment=Rituximab (RmAb) ; cell_line=L-428","L-428 RPMI media ; treatment=RPMI media ; cell_line="
"cgroup_L5_5e0c0fae","GSE206130",FALSE,FALSE,"trattamento","Primary mediastinal B-cell lymphoma Rituximab (RmAb) ; treatment=Rituximab (Rm","Primary mediastinal B-cell lymphoma RPMI media ; tre"
"cgroup_L5_aa8c1d6d","GSE206185",FALSE,FALSE,"trattamento","MCF7 WT + E2 + OTX015 ; treatment=E2+OTX015 ; mutation=wild-type","MCF7 WT + DMSO ; treatment=DMSO ; mutation=wild-type"
"cgroup_L5_aa8c1d6d","GSE206185",FALSE,FALSE,"trattamento","MCF7 Y537S + OTX015 ; treatment=OTX015 ; mutation=Y537S","MCF7 Y537S + DMSO ; treatment=DMSO ; mutation=Y537S"
"cgroup_L5_46a3a103","GSE206225",FALSE,FALSE,"trattamento","JX14P primary radiation temozolomide ; treatment=radiation ; tumor_type=primar","JX14P primary untreated ; treatment=untreated ; tumo"
"cgroup_L5_46a3a103","GSE206225",FALSE,FALSE,"trattamento","JX14T primary radiation temozolomide ; treatment=radiation ; tumor_type=primar","JX14P primary untreated ; treatment=untreated ; tumo"
"cgroup_L5_46a3a103","GSE206225",FALSE,FALSE,"trattamento","JX14T primary radiation temozolomide ; treatment=radiation ; tumor_type=primar","JX14P primary untreated ; treatment=untreated ; tumo"
"cgroup_L5_b6b8bc00","GSE206257",FALSE,FALSE,"trattamento","GIST430/654 WT + palbociclib ; treatment=palbociclib ; genetic_modification=WT","GIST430/654 WT + DMSO ; treatment=DMSO ; genetic_mod"
"cgroup_L5_b6b8bc00","GSE206257",FALSE,FALSE,"trattamento","GIST430/654 CCND1::chr11.g:70025223 + palbociclib ; treatment=palbociclib ; ge","GIST430/654 CCND1::chr11.g:70025223 + DMSO ; treatme"
"cgroup_L5_702a5dea","GSE206267",FALSE,FALSE,"trattamento","KP4 cells treated with Trametinib (100 nM, 48h) ; cell_line=KP4 ; treatment=Tr","KP4 cells treated with DMSO (48h) ; cell_line=KP4 ; "
"cgroup_L5_702a5dea","GSE206267",FALSE,FALSE,"trattamento","MiaPaca2 cells treated with Trametinib (100 nM, 48h) ; cell_line=MiaPaca2 ; tr","MiaPaca2 cells treated with DMSO (48h) ; cell_line=M"
"cgroup_L5_85083e38","GSE206308",FALSE,FALSE,"trattamento","Parkinson's disease (single replicate) ; disease_state=Parkinson's disease","Healthy Control (triplicate) ; disease_state=Control"
"cgroup_L5_85083e38","GSE206308",FALSE,FALSE,"trattamento","Parkinson's disease (triplicate) ; disease_state=Parkinson's disease","Healthy Control (triplicate) ; disease_state=Control"
"cgroup_L5_e17c136b","GSE206428",FALSE,FALSE,"trattamento","786-0 Kidney Cells Treated with Pevonedistat ; treatment=Pevonedistat ; cell_t","Untreated 786-0 Kidney Cells ; treatment=none ; cell"
"cgroup_L5_be15b706","GSE206510",FALSE,FALSE,"trattamento","Asthma IL-13 ; disease_state=Asthma ; perturbation=IL-13","Asthma untreated ; disease_state=Asthma ; perturbati"
"cgroup_L5_be15b706","GSE206510",FALSE,FALSE,"trattamento","Control IL-13 ; disease_state=Control ; perturbation=IL-13","Control vehicle ; disease_state=Control ; perturbati"
"cgroup_L5_2a225fda","GSE206510",FALSE,FALSE,"trattamento","Asthma IL-13 ; disease_state=Asthma ; perturbation=IL-13","Control IL-13 ; disease_state=Control ; perturbation"
"cgroup_L5_2a225fda","GSE206510",FALSE,FALSE,"trattamento","Asthma untreated ; disease_state=Asthma ; perturbation=untreated","Control vehicle ; disease_state=Control ; perturbati"
"cgroup_L5_7805eee6","GSE206635",FALSE,FALSE,"trattamento","COVID-19 patient ; disease_state=COVID-19 patient","Healthy donor ; disease_state=healthy donor"
"cgroup_L5_7805eee6","GSE206635",FALSE,FALSE,"trattamento","COVID-19 patient ; disease_state=COVID-19 patient","Healthy donor ; disease_state=healthy donor"
"cgroup_L5_021e875e","GSE206649",FALSE,FALSE,"trattamento","A2780/CDDP treated with cisplatin ; cell_line=A2780/CDDP ; treatment=cisplatin","A2780 untreated ; cell_line=A2780 ; treatment=none"
"cgroup_L5_871ae09e","GSE206677",FALSE,FALSE,"trattamento","SARS-CoV-2 infection 72hpi ; treatment=SARS-CoV-2 ; time(hours)=72","Control ; treatment=Control ; time(hours)=72"
"cgroup_L5_31308596","GSE206742",FALSE,FALSE,"trattamento","PMA ; treatment=PMA ; cell_line=THP-1","DMSO ; treatment=DMSO ; cell_line=THP-1"
"cgroup_L5_3be7454c","GSE206784",TRUE,TRUE,"contesto","A549 NINL KO IFN alpha 100 µg/mL 24h ; treatment=IFN alpha ; genotype=NINL KO","A549 NINL KO no treatment 24h ; treatment=no treatme"
"cgroup_L5_8a54ddd6","GSE206803",FALSE,FALSE,"trattamento","iPSC-CM, doxorubicin 1 hour ; treatment=doxorubicin ; igfbp3_expression=wild_t","iPSC-CM, vehicle control ; treatment=vehicle_only ; "
"cgroup_L5_8a54ddd6","GSE206803",FALSE,FALSE,"trattamento","iPSC-CM, doxorubicin 2 hours ; treatment=doxorubicin ; igfbp3_expression=wild_","iPSC-CM, vehicle control ; treatment=vehicle_only ; "
"cgroup_L5_8a54ddd6","GSE206803",FALSE,FALSE,"trattamento","iPSC-CM, doxorubicin 3 hours ; treatment=doxorubicin ; igfbp3_expression=wild_","iPSC-CM, vehicle control ; treatment=vehicle_only ; "
"cgroup_L5_8a54ddd6","GSE206803",FALSE,FALSE,"trattamento","iPSC-CM, doxorubicin 4 hours ; treatment=doxorubicin ; igfbp3_expression=wild_","iPSC-CM, vehicle control ; treatment=vehicle_only ; "
"cgroup_L5_2ec87595","GSE207122",FALSE,FALSE,"trattamento","CAL27 + Metformin 30 mM 48h ; treatment=Metformin ; dose=30 mM ; duration=48h","CAL27 + PBS 48h ; treatment=PBS ; duration=48h"
"cgroup_L5_2e16719f","GSE207291",FALSE,FALSE,"trattamento","TGF-β1 stimulated ; treatment=TGF-β1 ; cell_type_or_line_raw=HKC ; tissue=kidn","Vehicle control ; treatment=vehicle ; cell_type_or_l"
"cgroup_L5_eb5e1e65","GSE207409",FALSE,FALSE,"trattamento","HeLa_Dexamethasone_1h ; treatment=Dexamethasone ; time=1 hour","HeLa_Vehicle ; treatment=vehicle"
"cgroup_L5_eb5e1e65","GSE207409",FALSE,FALSE,"trattamento","HeLa_Dexamethasone_3h ; treatment=Dexamethasone ; time=3 hours","HeLa_Vehicle ; treatment=vehicle"
"cgroup_L5_eb5e1e65","GSE207409",FALSE,FALSE,"trattamento","HeLa_Dexamethasone_6h ; treatment=Dexamethasone ; time=6 hours","HeLa_Vehicle ; treatment=vehicle"
"cgroup_L5_702a5dea","GSE207645",FALSE,FALSE,"trattamento","Trametinib ; Treatment=Trametinib","DMSO Control ; Treatment=DMSO"
"cgroup_L5_702a5dea","GSE207645",FALSE,FALSE,"trattamento","Trametinib (Replicate) ; Treatment=Trametinib","DMSO Control ; Treatment=DMSO"
"cgroup_L5_63e69fdc","GSE207821",FALSE,FALSE,"trattamento","Alzheimer's disease brain ; disease_state=Alzheimer's disease ; tissue_segment","Unaffected control brain ; disease_state=Unaffected "
"cgroup_L5_a739837c","GSE208107",FALSE,FALSE,"trattamento","Pituitary cells from Adenoma patients ; disease_state=Adenoma ; cell_context.c","Pituitary cells from Healthy donors ; disease_state="
"cgroup_L5_c5e86fe9","GSE208234",FALSE,FALSE,"trattamento","MDA-MB-231 + Olaparib ; treatment=Olaparib ; cell_type_or_line_raw=MDA-MB-231","MDA-MB-231 + DMSO ; treatment=DMSO ; cell_type_or_li"
"cgroup_L5_a747a14e","GSE208331",FALSE,FALSE,"trattamento","PM2.5 ; treatment=PM2.5","Control sample ; treatment=control_sample"
"cgroup_L5_85083e38","GSE208347",FALSE,FALSE,"trattamento","Parkinson's Disease Cases ; disease_state=Parkinson's Disease","Healthy Controls ; disease_state=Healthy"
"cgroup_L5_85083e38","GSE208347",FALSE,FALSE,"trattamento","Parkinson's Disease Cases ; disease_state=Parkinson's Disease","Unspecified Controls ; disease_state=Healthy"
"cgroup_L5_49e290ae","GSE208405",FALSE,FALSE,"trattamento","Atopic Dermatitis Ciclosporin Treated ; disease_state=AD ; treatment=ciclospor","Atopic Dermatitis Before Dupilumab Treatment ; disea"
"cgroup_L5_49e290ae","GSE208405",FALSE,FALSE,"trattamento","Atopic Dermatitis Ciclosporin Treated ; disease_state=AD ; treatment=ciclospor","Atopic Dermatitis Before Dupilumab Treatment ; disea"
"cgroup_L5_49e290ae","GSE208405",FALSE,FALSE,"trattamento","Atopic Dermatitis Ciclosporin Treated ; disease_state=AD ; treatment=ciclospor","Atopic Dermatitis Before Dupilumab Treatment ; disea"
"cgroup_L5_49e290ae","GSE208405",FALSE,FALSE,"trattamento","Atopic Dermatitis Ciclosporin Treated ; disease_state=AD ; treatment=ciclospor","Atopic Dermatitis Before Dupilumab Treatment ; disea"
"cgroup_L5_c548d053","GSE208550",FALSE,FALSE,"trattamento","LPS-treated EA.hy926 cells ; treatment=LPS ; cell_type=EA.hy926 ; time=12h","Control EA.hy926 cells ; treatment=None ; cell_type="
"cgroup_L5_28bee975","GSE208774",FALSE,FALSE,"trattamento","BRD4-NUTM1_ABBV075_6h ; cell_line=BRD4-NUTM1 ; treatment=ABBV075","BRD4-NUTM1_DMSO ; cell_line=BRD4-NUTM1 ; treatment=D"
"cgroup_L5_28bee975","GSE208774",FALSE,FALSE,"trattamento","BRD4-NUTM1_ABBV075_96h ; cell_line=BRD4-NUTM1 ; treatment=ABBV075","BRD4-NUTM1_DMSO ; cell_line=BRD4-NUTM1 ; treatment=D"
"cgroup_L5_e16bfa7f","GSE208774",FALSE,FALSE,"trattamento","BRD4-NUTM1_ABBV744_6h ; cell_line=BRD4-NUTM1 ; treatment=ABBV744","BRD4-NUTM1_DMSO ; cell_line=BRD4-NUTM1 ; treatment=D"
"cgroup_L5_28bee975","GSE208774",FALSE,FALSE,"trattamento","PER403_ABBV075_96h ; cell_line=PER403 ; treatment=ABBV075","PER403_DMSO ; cell_line=PER403 ; treatment=DMSO"
"cgroup_L5_28bee975","GSE208774",FALSE,FALSE,"trattamento","PER403_ABBV075_6h ; cell_line=PER403 ; treatment=ABBV075","PER403_DMSO ; cell_line=PER403 ; treatment=DMSO"
"cgroup_L5_e16bfa7f","GSE208774",FALSE,FALSE,"trattamento","PER403_ABBV744_6h ; cell_line=PER403 ; treatment=ABBV744","PER403_DMSO ; cell_line=PER403 ; treatment=DMSO"
"cgroup_L5_87c40ebb","GSE209536",FALSE,FALSE,"trattamento","IFN-gamma Stimulated Human TSC ; treatment=IFN-gamma","Unstimulated Human TSC ; treatment=unstimulated"
"cgroup_L5_29cb04f8","GSE209582",FALSE,FALSE,"trattamento","5-Fluorouracil ; treatment=5-Fluorouracil","DMSO ; treatment=DMSO"
"cgroup_L5_29cb04f8","GSE209582",FALSE,FALSE,"trattamento","5-Fluorouracil ; treatment=5-Fluorouracil","DMSO ; treatment=DMSO"
"cgroup_L5_29cb04f8","GSE209582",FALSE,FALSE,"trattamento","5-Fluorouracil ; treatment=5-Fluorouracil","DMSO ; treatment=DMSO"
"cgroup_L5_03b38818","GSE209769",FALSE,FALSE,"trattamento","BRAFV600E A375 melanoma cells treated with vemurafenib ; treatment=vemurafenib","BRAFV600E A375 melanoma cells untreated ; treatment="
"cgroup_L5_03b38818","GSE209769",FALSE,FALSE,"trattamento","BRAFV600E A375 melanoma cells treated with vemurafenib ; treatment=vemurafenib","BRAFV600E A375 melanoma cells untreated ; treatment="
"cgroup_L5_021e875e","GSE209769",FALSE,FALSE,"trattamento","BRAFV600E A375 melanoma cells treated with cisplatin ; treatment=cisplatin ; c","BRAFV600E A375 melanoma cells untreated ; treatment="
"cgroup_L5_03b38818","GSE209769",FALSE,FALSE,"trattamento","BRAFV600E A375 melanoma cells treated with vemurafenib ; treatment=vemurafenib","BRAFV600E A375 melanoma cells untreated ; treatment="
"cgroup_L5_efced505","GSE210020",FALSE,FALSE,"trattamento","Non-senescent cells treated with Sunitinib ; treatment=Sunitinib ; cell_state=","Non-senescent cells treated with DMSO ; treatment=DM"
"cgroup_L5_b71a25a2","GSE210101",FALSE,FALSE,"trattamento","H446 WT JQ1 ; treatment=JQ1 ; genotype=wild-type","H446 WT DMSO ; treatment=DMSO ; genotype=wild-type"
"cgroup_L5_b71a25a2","GSE210101",TRUE,TRUE,"contesto","H446 NEUROD1 KO JQ1 ; treatment=JQ1 ; genotype=NEUROD1 knockout","H446 NEUROD1 KO DMSO ; treatment=DMSO ; genotype=NEU"
"cgroup_L5_b71a25a2","GSE210196",FALSE,FALSE,"trattamento","DLD1 JQ1 ; cell_line=DLD1 ; treatment=JQ1","DLD1 DMSO ; cell_line=DLD1 ; treatment=DMSO"
"cgroup_L5_b71a25a2","GSE210196",TRUE,TRUE,"contesto","SY01 JQ1 sgELOA3 ; cell_line=SY01 ; treatment=JQ1 sgELOA3","SY01 DMSO sgELOA3 ; cell_line=SY01 ; treatment=DMSO "
"cgroup_L5_b71a25a2","GSE210196",TRUE,TRUE,"contesto","SYO1 JQ1 sgELOA3 ; cell_line=SYO1 ; treatment=JQ1 sgELOA3","SYO1 DMSO sgELOA3 ; cell_line=SYO1 ; treatment=DMSO "
"cgroup_L5_3de56a79","GSE210351",FALSE,FALSE,"trattamento","PDAC ; disease_state=PDAC","Normal Pancreas ; disease_state=normal_pancreas"
"cgroup_L5_4f4d9051","GSE210522",FALSE,FALSE,"trattamento","Eahy926_TNF_alpha ; cell_line=Eahy926 ; perturbation=TNF-alpha","Eahy926_Vehicle ; cell_line=Eahy926 ; perturbation=V"
"cgroup_L5_37ecd157","GSE210522",FALSE,FALSE,"trattamento","Eahy926_VEGF ; cell_line=Eahy926 ; perturbation=VEGF","Eahy926_Vehicle ; cell_line=Eahy926 ; perturbation=V"
"cgroup_L5_37ecd157","GSE210522",FALSE,FALSE,"trattamento","Eahy926_VEGF ; cell_line=Eahy926 ; perturbation=VEGF","Eahy926_Vehicle ; cell_line=Eahy926 ; perturbation=V"
"cgroup_L5_4f4d9051","GSE210522",FALSE,FALSE,"trattamento","TeloHAEC_TNF_alpha ; cell_line=TeloHAEC ; perturbation=TNF-alpha","TeloHAEC_Vehicle ; cell_line=TeloHAEC ; perturbation"
"cgroup_L5_2ec87595","GSE210562",FALSE,FALSE,"trattamento","Metformin ; treatment=Metformin ; cell_line=KP4 ; time=24 hours","DMSO ; treatment=DMSO ; cell_line=KP4 ; time=24 hour"
"cgroup_L5_3eaa92c9","GSE210693",FALSE,FALSE,"trattamento","HT-1197 + rosiglitazone (500 nM) ; treatment=rosiglitazone ; dose=500 nM ; tim","HT-1197 + DMSO ; treatment=DMSO ; time=24 hours"
"cgroup_L5_3eaa92c9","GSE210693",FALSE,FALSE,"trattamento","HT-1197 + rosiglitazone (500 nM) ; treatment=rosiglitazone ; dose=500 nM ; tim","HT-1197 + DMSO ; treatment=DMSO ; time=24 hours"
"cgroup_L5_930c8dcf","GSE210765",FALSE,FALSE,"trattamento","DHT Treated ; treatment=DHT ; cell_line=CAL-27","Vehicle Control ; treatment=vehicle_only ; cell_line"
"cgroup_L5_f832048f","GSE210787",FALSE,FALSE,"trattamento","Breast Cancer Tissue ; disease_state=breast cancer ; age=46 ; sex=F ; ancestry","Normal Tissue ; disease_state=normal ; age=52 ; sex="
"cgroup_L5_f832048f","GSE210787",FALSE,FALSE,"trattamento","Breast Cancer Tissue Stage II ; disease_state=breast cancer ; age=51 ; sex=F ;","Normal Tissue ; disease_state=normal ; age=52 ; sex="
"cgroup_L5_f832048f","GSE210787",FALSE,FALSE,"trattamento","Breast Cancer Tissue ; disease_state=breast cancer ; age=46 ; sex=F ; ancestry","Normal Tissue ; disease_state=normal ; age=46 ; sex="
"cgroup_L5_8a54ddd6","GSE210916",FALSE,FALSE,"trattamento","K562 cells treated with 225 ng/ml doxorubicin for 48 hours ; treatment=doxorub","Untreated K562 cells ; treatment=untreated ; duratio"
"cgroup_L5_2e16719f","GSE210984",FALSE,FALSE,"trattamento","Mesenchymal Stem Cells (iPSC-derived) treated with TGF-β for 7 days ; Time poi","Primary Mesenchymal Stem Cells (Control)"
"cgroup_L5_2e16719f","GSE210984",FALSE,FALSE,"trattamento","Mesenchymal Stem Cells (iPSC-derived) treated with TGF-β for 14 days ; Time po","Primary Mesenchymal Stem Cells (Control)"
"cgroup_L5_2e16719f","GSE210984",FALSE,FALSE,"trattamento","Mesenchymal Stem Cells (iPSC-derived) treated with TGF-β for 21 days ; Time po","Primary Mesenchymal Stem Cells (Control)"
"cgroup_L5_2e16719f","GSE210984",FALSE,FALSE,"trattamento","Mesenchymal Stem Cells (iPSC-derived) treated with TGF-β for 7 days (Replicate","Primary Mesenchymal Stem Cells (Control)"
"cgroup_L5_2e16719f","GSE210984",FALSE,FALSE,"trattamento","Mesenchymal Stem Cells (iPSC-derived) treated with TGF-β for 7 days ; Time poi","Primary Mesenchymal Stem Cells (Vehicle Control)"
"cgroup_L5_2e16719f","GSE210984",FALSE,FALSE,"trattamento","Mesenchymal Stem Cells (iPSC-derived) treated with TGF-β for 14 days ; Time po","Primary Mesenchymal Stem Cells (Vehicle Control)"
"cgroup_L5_2e16719f","GSE210984",FALSE,FALSE,"trattamento","Mesenchymal Stem Cells (iPSC-derived) treated with TGF-β for 21 days ; Time po","Primary Mesenchymal Stem Cells (Vehicle Control)"
"cgroup_L5_2e16719f","GSE210984",FALSE,FALSE,"trattamento","Mesenchymal Stem Cells (iPSC-derived) treated with TGF-β for 7 days (Replicate","Primary Mesenchymal Stem Cells (Vehicle Control)"
"cgroup_L5_444e7fc2","GSE210989",FALSE,FALSE,"trattamento","MRC5 cells infected with HCMV strain AD169 for 48 hours ; infection_status=HCM","Mock-infected MRC5 cells for 48 hours ; infection_st"
"cgroup_L5_444e7fc2","GSE210989",FALSE,FALSE,"trattamento","MRC5 cells infected with HCMV strain AD169 for 48 hours ; infection_status=HCM","Vehicle-only MRC5 cells for 48 hours ; infection_sta"
"cgroup_L5_f640365a","GSE211130",FALSE,FALSE,"trattamento","hemin 4h ; treatment=hemin ; time=4 hours","DMSO 4h ; treatment=DMSO ; time=4 hours"
"cgroup_L5_f640365a","GSE211130",FALSE,FALSE,"trattamento","hemin 8h ; treatment=hemin ; time=8 hours","DMSO 8h ; treatment=DMSO ; time=8 hours"
"cgroup_L5_a12414d4","GSE211183",FALSE,FALSE,"trattamento","17B-estradiol 0.1 µM ; treatment=17B-estradiol ; dose=0.1 µM","Control (DMSO) ; treatment=DMSO ; dose=0 µM"
"cgroup_L5_a12414d4","GSE211183",FALSE,FALSE,"trattamento","17B-estradiol 0.1 µM 273h ; treatment=17B-estradiol ; dose=0.1 µM","Control (DMSO) ; treatment=DMSO ; dose=0 µM"
"cgroup_L5_a12414d4","GSE211183",FALSE,FALSE,"trattamento","17B-estradiol 0.1 µM 81h ; treatment=17B-estradiol ; dose=0.1 µM","Control (DMSO) ; treatment=DMSO ; dose=0 µM"
"cgroup_L5_a12414d4","GSE211183",FALSE,FALSE,"trattamento","17B-estradiol 1 µM ; treatment=17B-estradiol ; dose=1 µM","Control (DMSO) ; treatment=DMSO ; dose=0 µM"
"cgroup_L5_a12414d4","GSE211183",FALSE,FALSE,"trattamento","17B-estradiol 10000 µM 470h ; treatment=17B-estradiol ; dose=10000 µM","Control (DMSO) ; treatment=DMSO ; dose=0 µM"
"cgroup_L5_a12414d4","GSE211183",FALSE,FALSE,"trattamento","17β-estradiol 10 nM ; treatment=17β-estradiol ; concentration=10 nM","Control (DMSO) ; treatment=DMSO ; dose=0 µM"
"cgroup_L5_a12414d4","GSE211183",FALSE,FALSE,"trattamento","17β-estradiol 100 nM ; treatment=17β-estradiol ; concentration=100 nM","Control (DMSO) ; treatment=DMSO ; dose=0 µM"
"cgroup_L5_a12414d4","GSE211183",FALSE,FALSE,"trattamento","17β-estradiol 100 nM ; treatment=17β-estradiol ; concentration=100 nM","Control (DMSO) ; treatment=DMSO ; dose=0 µM"
"cgroup_L5_a12414d4","GSE211183",FALSE,FALSE,"trattamento","17β-estradiol 100 nM ; treatment=17β-estradiol ; concentration=100 nM","Control (DMSO) ; treatment=DMSO ; dose=0 µM"
"cgroup_L5_a12414d4","GSE211183",FALSE,FALSE,"trattamento","17β-estradiol 1000 nM ; treatment=17β-estradiol ; concentration=1000 nM","Control (DMSO) ; treatment=DMSO ; dose=0 µM"
"cgroup_L5_a12414d4","GSE211183",FALSE,FALSE,"trattamento","17β-estradiol 1000 nM ; treatment=17β-estradiol ; concentration=1000 nM","Control (DMSO) ; treatment=DMSO ; dose=0 µM"
"cgroup_L5_a12414d4","GSE211183",FALSE,FALSE,"trattamento","17β-estradiol 0.1 nM ; treatment=17β-estradiol ; concentration=0.1 nM","Control (DMSO) ; treatment=DMSO ; dose=0 µM"
"cgroup_L5_a12414d4","GSE211183",FALSE,FALSE,"trattamento","17β-estradiol 1 nM ; treatment=17β-estradiol ; concentration=1 nM","Control (DMSO) ; treatment=DMSO ; dose=0 µM"
"cgroup_L5_a12414d4","GSE211183",FALSE,FALSE,"trattamento","17β-estradiol 10 nM ; treatment=17β-estradiol ; concentration=10 nM","Control (DMSO) ; treatment=DMSO ; dose=0 µM"
"cgroup_L5_a12414d4","GSE211183",FALSE,FALSE,"trattamento","17β-estradiol 10 nM ; treatment=17β-estradiol ; concentration=10 nM","Control (DMSO) ; treatment=DMSO ; dose=0 µM"
"cgroup_L5_a12414d4","GSE211183",FALSE,FALSE,"trattamento","17β-estradiol 100 nM ; treatment=17β-estradiol ; concentration=100 nM","Control (DMSO) ; treatment=DMSO ; dose=0 µM"
"cgroup_L5_a12414d4","GSE211183",FALSE,FALSE,"trattamento","17β-estradiol 1000 nM ; treatment=17β-estradiol ; concentration=1000 nM","Control (DMSO) ; treatment=DMSO ; dose=0 µM"
"cgroup_L5_a12414d4","GSE211183",FALSE,FALSE,"trattamento","17β-estradiol 10000 nM ; treatment=17β-estradiol ; concentration=10000 nM","Control (DMSO) ; treatment=DMSO ; dose=0 µM"
"cgroup_L5_a12414d4","GSE211183",FALSE,FALSE,"trattamento","17β-estradiol 10000 nM ; treatment=17β-estradiol ; concentration=10000 nM","Control (DMSO) ; treatment=DMSO ; dose=0 µM"
"cgroup_L5_8958b27a","GSE211244",FALSE,FALSE,"trattamento","HCT116_Nutlin3A_case ; treatment=Nutlin 3A ; cell_line=HCT116 ; disease_state=","HCT116_DMSO_case ; treatment=DMSO ; cell_line=HCT116"
"cgroup_L5_d411c435","GSE211244",FALSE,FALSE,"trattamento","HCT116_tunicamycin_case ; treatment=tunicamycin ; cell_line=HCT116 ; disease_s","HCT116_DMSO_case ; treatment=DMSO ; cell_line=HCT116"
"cgroup_L5_f34ff8df","GSE211244",FALSE,FALSE,"trattamento","HCT116_etoposide_control ; treatment=etoposide ; cell_line=HCT116 ; disease_st","HCT116_DMSO_control ; treatment=DMSO ; cell_line=HCT"
"cgroup_L5_8958b27a","GSE211244",FALSE,FALSE,"trattamento","HCT116_Nutlin3A_control ; treatment=Nutlin 3A ; cell_line=HCT116 ; disease_sta","HCT116_DMSO_control ; treatment=DMSO ; cell_line=HCT"
"cgroup_L5_d411c435","GSE211244",FALSE,FALSE,"trattamento","HCT116_tunicamycin_control ; treatment=tunicamycin ; cell_line=HCT116 ; diseas","HCT116_DMSO_control ; treatment=DMSO ; cell_line=HCT"
"cgroup_L5_4f4d9051","GSE211439",FALSE,FALSE,"trattamento","TNF-alpha-treated HBMEC ; treatment=TNF-alpha","Media control HBMEC ; treatment=Media control"
"cgroup_L5_b71a25a2","GSE211468",FALSE,FALSE,"trattamento","JQ1 5 days, 4 hours ; Treatment=JQ1 ; Time=5 days, 4 hours","DMSO 4 hours ; Treatment=DMSO ; Time=4 hours"
"cgroup_L5_83f57274","GSE211611",FALSE,FALSE,"trattamento","ARPE19 Cybrid Hypoxia ; oxygen_condition=hypoxia ; mtDNA_background=none","ARPE19 Cybrid Normoxia ; oxygen_condition=normoxia ;"
"cgroup_L5_83f57274","GSE211611",FALSE,FALSE,"trattamento","European DM Hypoxia ; oxygen_condition=hypoxia ; mtDNA_background=European DM","European DM Normoxia ; oxygen_condition=normoxia ; m"
"cgroup_L5_83f57274","GSE211611",FALSE,FALSE,"trattamento","Non-European DM Hypoxia ; oxygen_condition=hypoxia ; mtDNA_background=Non-Euro","Non-European DM Normoxia ; oxygen_condition=normoxia"
"cgroup_L5_83f57274","GSE211611",FALSE,FALSE,"trattamento","Non-European DM Hypoxia (additional) ; oxygen_condition=hypoxia ; mtDNA_backgr","Non-European DM Normoxia (additional) ; oxygen_condi"
"cgroup_L5_5e0c0fae","GSE211829",FALSE,FALSE,"trattamento","Rituximab 6h ; treatment=rituximab ; time=6 hours","Control (solvent only) 6h ; treatment=control (solve"
"cgroup_L5_5e0c0fae","GSE211829",FALSE,FALSE,"trattamento","Rituximab 12h ; treatment=rituximab ; time=12 hours","Control (solvent only) 12h ; treatment=control (solv"
"cgroup_L5_5e0c0fae","GSE211829",FALSE,FALSE,"trattamento","Rituximab 18h ; treatment=rituximab ; time=18 hours","Control (solvent only) 18h ; treatment=control (solv"
"cgroup_L5_5e0c0fae","GSE211829",FALSE,FALSE,"trattamento","Rituximab 24h ; treatment=rituximab ; time=24 hours","Control (solvent only) 24h ; treatment=control (solv"
"cgroup_L5_a8d88150","GSE211850",FALSE,FALSE,"trattamento","Huh7 lenvatinib ; treatment=lenvatinib ; cell_line=Huh7","Huh7 P1 no treatment ; treatment=no treatment ; cell"
"cgroup_L5_a8d88150","GSE211850",FALSE,FALSE,"trattamento","Huh7 lenvatinib ; treatment=lenvatinib ; cell_line=Huh7","Huh7 P3 no treatment ; treatment=no treatment ; cell"
"cgroup_L5_601ede7b","GSE211854",FALSE,FALSE,"trattamento","H1975_Osimertinib_500nM_3days ; treatment=Osimertinib ; cell_line=H1975","NSCLC_DMSO_3days ; treatment=DMSO ; cell_line=NSCLC"
"cgroup_L5_601ede7b","GSE211854",FALSE,FALSE,"trattamento","H1975_Osimertinib_500nM_3days ; treatment=Osimertinib ; cell_line=H1975","NSCLC_DMSO_3days ; treatment=DMSO ; cell_line=NSCLC"
"cgroup_L5_601ede7b","GSE211854",FALSE,FALSE,"trattamento","NSCLC_cIGF1R_Osimertinib_500nM_8days ; treatment=Osimertinib ; cell_line=NSCLC","NSCLC_DMSO+EV_8days ; treatment=DMSO+EV ; cell_line="
"cgroup_L5_601ede7b","GSE211854",FALSE,FALSE,"trattamento","NSCLC_cIGF1R_Osimertinib_500nM_8days ; treatment=Osimertinib ; cell_line=NSCLC","NSCLC_DMSO+EV_8days ; treatment=DMSO+EV ; cell_line="
"cgroup_L5_41f7b088","GSE211854",FALSE,FALSE,"trattamento","PC9_Gefitinib_500nM_3days ; treatment=Gefitinib ; cell_line=PC9","PC9_DMSO_3days ; treatment=DMSO ; cell_line=PC9"
"cgroup_L5_a7509255","GSE211868",FALSE,FALSE,"trattamento","Staphylococcus aureus-infected hiPSC-derived skin organoid ; treatment=Staphyl","PBS-treated hiPSC-derived skin organoid ; treatment="
"cgroup_L5_83f57274","GSE212201",TRUE,TRUE,"contesto","PANC-1 Hypoxia ; oxygen_condition=hypoxia ; MIF_knockdown=wild_type","PANC-1 Normoxia ; oxygen_condition=normoxia ; MIF_kn"
"cgroup_L5_83f57274","GSE212201",TRUE,TRUE,"contesto","PANC-1 shMIF Hypoxia ; oxygen_condition=hypoxia ; MIF_knockdown=MIF_knockdown","PANC-1 shMIF Normoxia ; oxygen_condition=normoxia ; "
"cgroup_L5_49d55bfd","GSE212539",FALSE,FALSE,"trattamento","Population control keratinocyte 15 + IL-4 ; treatment=IL-4 ; keratinocyte_popu","Population control keratinocyte 15 + Control ; treat"
"cgroup_L5_49d55bfd","GSE212539",FALSE,FALSE,"trattamento","Population control keratinocyte 16 + IL-4 ; treatment=IL-4 ; keratinocyte_popu","Population control keratinocyte 16 + Control ; treat"
"cgroup_L5_49d55bfd","GSE212539",FALSE,FALSE,"trattamento","Population control keratinocyte 33 + IL-4 ; treatment=IL-4 ; keratinocyte_popu","Population control keratinocyte 33 + Control ; treat"
"cgroup_L5_6ee86f02","GSE212613",FALSE,FALSE,"trattamento","Ankylosing Spondylitis Patients - Adipogenic Differentiation Day 10 ; disease_","Healthy Donors - Adipogenic Differentiation Day 10 ;"
"cgroup_L5_83f57274","GSE212703",FALSE,FALSE,"trattamento","Hypoxia ; oxygen_condition=hypoxia","Normoxia ; oxygen_condition=normoxia"
"cgroup_L5_83f57274","GSE212703",FALSE,FALSE,"trattamento","Hypoxia 3 hours ; oxygen_condition=hypoxia","Normoxia ; oxygen_condition=normoxia"
"cgroup_L5_3824dc37","GSE212741",FALSE,FALSE,"trattamento","Liver cells from NASH patients ; disease_state=NASH","Healthy liver cells ; disease_state=normal"
"cgroup_L5_bb8cb388","GSE212787",FALSE,FALSE,"trattamento","Endometriosis patient 1 ; disease_state=endometriosis","Healthy control patient 13 ; disease_state=control"
"cgroup_L5_b0066299","GSE212954",FALSE,FALSE,"trattamento","Keloid C-K20 ; disease_state=keloid ; cell_type_or_line_raw=C-K20","Normal N-K20 ; disease_state=normal ; cell_type_or_l"
"cgroup_L5_b0066299","GSE212954",FALSE,FALSE,"trattamento","Keloid C-K23 ; disease_state=keloid ; cell_type_or_line_raw=C-K23","Normal N-K23 ; disease_state=normal ; cell_type_or_l"
"cgroup_L5_b0066299","GSE212954",FALSE,FALSE,"trattamento","Keloid C-K24 ; disease_state=keloid ; cell_type_or_line_raw=C-K24","Normal N-K24 ; disease_state=normal ; cell_type_or_l"
"cgroup_L5_b0066299","GSE212954",FALSE,FALSE,"trattamento","Keloid C-K27 ; disease_state=keloid ; cell_type_or_line_raw=C-K27","Normal N-K27 ; disease_state=normal ; cell_type_or_l"
"cgroup_L5_b0066299","GSE212954",FALSE,FALSE,"trattamento","Keloid M-K20 ; disease_state=keloid ; cell_type_or_line_raw=M-K20","Normal N-K20 ; disease_state=normal ; cell_type_or_l"
"cgroup_L5_b0066299","GSE212954",FALSE,FALSE,"trattamento","Keloid M-K23 ; disease_state=keloid ; cell_type_or_line_raw=M-K23","Normal N-K23 ; disease_state=normal ; cell_type_or_l"
"cgroup_L5_b0066299","GSE212954",FALSE,FALSE,"trattamento","Keloid M-K24 ; disease_state=keloid ; cell_type_or_line_raw=M-K24","Normal N-K24 ; disease_state=normal ; cell_type_or_l"
"cgroup_L5_eba39954","GSE213001",FALSE,FALSE,"trattamento","Normal Smoker, Donor ALF012 ; disease_state=Normal ; smoking_status=Smoker","Normal, Donor ALF030 ; disease_state=Normal ; smokin"
"cgroup_L5_021e875e","GSE213102",FALSE,FALSE,"trattamento","3B1A Cisplatin ; cell_line=3B1A ; treatment=Cisplatin","3B1A Control ; cell_line=3B1A ; treatment=Control"
"cgroup_L5_021e875e","GSE213102",FALSE,FALSE,"trattamento","3B1A Cisplatin ; cell_line=3B1A ; treatment=Cisplatin","3B1A Control ; cell_line=3B1A ; treatment=Control"
"cgroup_L5_021e875e","GSE213102",FALSE,FALSE,"trattamento","A549 Cisplatin ; cell_line=A549 ; treatment=Cisplatin","A549 Control ; cell_line=A549 ; treatment=Control"
"cgroup_L5_021e875e","GSE213102",FALSE,FALSE,"trattamento","A549 Cisplatin ; cell_line=A549 ; treatment=Cisplatin","A549 Control ; cell_line=A549 ; treatment=Control"
"cgroup_L5_021e875e","GSE213102",FALSE,FALSE,"trattamento","H1299 Cisplatin ; cell_line=H1299 ; treatment=Cisplatin","H1299 Control ; cell_line=H1299 ; treatment=Control"
"cgroup_L5_021e875e","GSE213102",FALSE,FALSE,"trattamento","H1299 Cisplatin ; cell_line=H1299 ; treatment=Cisplatin","H1299 Control ; cell_line=H1299 ; treatment=Control"
"cgroup_L5_021e875e","GSE213102",FALSE,FALSE,"trattamento","H1573 Cisplatin ; cell_line=H1573 ; treatment=Cisplatin","H1573 Control ; cell_line=H1573 ; treatment=Control"
"cgroup_L5_021e875e","GSE213102",FALSE,FALSE,"trattamento","H1573 Cisplatin ; cell_line=H1573 ; treatment=Cisplatin","H1573 Control ; cell_line=H1573 ; treatment=Control"
"cgroup_L5_344e058f","GSE213245",FALSE,FALSE,"trattamento","1363.1 BMP4 day 61-91 ; cell_context=1363.1 ; treatment=BMP4","1363.1 Control day 61-91 ; cell_context=1363.1 ; tre"
"cgroup_L5_344e058f","GSE213245",FALSE,FALSE,"trattamento","1363.1 BMP4 day 61-91 ; cell_context=1363.1 ; treatment=BMP4","1363.1 Control day 61-91 ; cell_context=1363.1 ; tre"
"cgroup_L5_344e058f","GSE213245",FALSE,FALSE,"trattamento","1363.1 BMP4 day 90-120 ; cell_context=1363.1 ; treatment=BMP4","1363.1 Control day 61-91 ; cell_context=1363.1 ; tre"
"cgroup_L5_344e058f","GSE213245",FALSE,FALSE,"trattamento","8858.3 BMP4 day 61-91 ; cell_context=8858.3 ; treatment=BMP4","8858.3 Control day 61-91 ; cell_context=8858.3 ; tre"
"cgroup_L5_344e058f","GSE213245",FALSE,FALSE,"trattamento","8858.3 BMP4 day 90-120 ; cell_context=8858.3 ; treatment=BMP4","8858.3 Control day 61-91 ; cell_context=8858.3 ; tre"
"cgroup_L5_344e058f","GSE213245",FALSE,FALSE,"trattamento","8858.3 BMP4 day 61-91 ; cell_context=8858.3 ; treatment=BMP4","8858.3 Control day 61-91 ; cell_context=8858.3 ; tre"
"cgroup_L5_344e058f","GSE213245",FALSE,FALSE,"trattamento","8858.3 BMP4 day 90-120 ; cell_context=8858.3 ; treatment=BMP4","8858.3 Control day 61-91 ; cell_context=8858.3 ; tre"
"cgroup_L5_344e058f","GSE213245",FALSE,FALSE,"trattamento","8858.3 BMP4 day 61-91 ; cell_context=8858.3 ; treatment=BMP4","8858.3 Control day 61-91 ; cell_context=8858.3 ; tre"
"cgroup_L5_3ec58cd6","GSE213465",FALSE,FALSE,"trattamento","Obese ; disease_state=obese","Normal ; disease_state=normal"
"cgroup_L5_0e66597e","GSE213481",FALSE,FALSE,"trattamento","Fulvestrant ; Treatment=Fulvestrant","DMSO ; Treatment=DMSO"
"cgroup_L5_ff45f67e","GSE213521",FALSE,FALSE,"trattamento","PLZF+CD4+ T cells (PMA/ionomycin) ; treatment=PMA/ionomycin","PLZF+CD4+ T cells (unstimulated) ; treatment=unstimu"
"cgroup_L5_702a5dea","GSE213588",FALSE,FALSE,"trattamento","MeWo_Trametinib ; cell_line=MeWo ; treatment=Trametinib","MeWo_DMSO ; cell_line=MeWo ; treatment=DMSO"
"cgroup_L5_6df6a50e","GSE213615",FALSE,FALSE,"trattamento","HepG2 cells treated with Sorafenib ; cell_line=HepG2 ; treatment=Sorafenib","HepG2 cells treated with vehicle ; cell_line=HepG2 ;"
"cgroup_L5_6df6a50e","GSE213615",FALSE,FALSE,"trattamento","Huh7 cells treated with Sorafenib ; cell_line=Huh7 ; treatment=Sorafenib","Huh7 cells treated with vehicle ; cell_line=Huh7 ; t"
"cgroup_L5_3439da02","GSE213650",FALSE,FALSE,"trattamento","EpiOral 3D tissue treated with 32 ng/ml everolimus for 60 hours ; treatment=ev","EpiOral 3D tissue treated with vehicle for 60 hours "
"cgroup_L5_3439da02","GSE213650",FALSE,FALSE,"trattamento","EpiOral 3D tissue treated with 64 ng/ml everolimus for 40 hours ; treatment=ev","EpiOral 3D tissue treated with vehicle for 40 hours "
"cgroup_L5_3439da02","GSE213650",FALSE,FALSE,"trattamento","EpiOral 3D tissue treated with 64 ng/ml everolimus for 60 hours ; treatment=ev","EpiOral 3D tissue treated with vehicle for 60 hours "
"cgroup_L5_1d96b9da","GSE213691",FALSE,FALSE,"trattamento","poly I:C ; treatment=poly I:C","Vehicle control 1 ; treatment=vehicle_only"
"cgroup_L5_3a58e5f5","GSE213691",FALSE,FALSE,"trattamento","PGE2 ; treatment=PGE2","Vehicle control 2 ; treatment=vehicle_only"
"cgroup_L5_1d96b9da","GSE213759",FALSE,FALSE,"trattamento","Calu3 Poly I:C 10h ; cell_line=Calu3 ; treatment=Poly I:C ; duration=10h","Calu3 Mock 10h ; cell_line=Calu3 ; treatment=Mock ; "
"cgroup_L5_d9e23e09","GSE213972",FALSE,FALSE,"trattamento","UM77-2 Kidney Organoid TNF 24h ; treatment=TNF_24h","UM77-2 Kidney Organoid Vehicle 24h ; treatment=vehic"
"cgroup_L5_d9e23e09","GSE213972",FALSE,FALSE,"trattamento","UM77-2 Kidney Organoid TNF 48h ; treatment=TNF_48h","UM77-2 Kidney Organoid Vehicle 48h ; treatment=vehic"
"cgroup_L5_0e66597e","GSE214052",FALSE,FALSE,"trattamento","MCF7 Fulvestrant 6h ; treatment=Fulvestrant ; genotype=wildtype","MCF7 DMSO 6h ; treatment=DMSO ; genotype=wildtype"
"cgroup_L5_0e66597e","GSE214052",FALSE,FALSE,"trattamento","MCF7 RELA KO1 Fulvestrant 6h ; treatment=Fulvestrant ; genotype=RELA KO1","MCF7 RELA KO1 DMSO 6h ; treatment=DMSO ; genotype=RE"
"cgroup_L5_0e66597e","GSE214052",FALSE,FALSE,"trattamento","MCF7 RELA KO2 Fulvestrant 6h ; treatment=Fulvestrant ; genotype=RELA KO2","MCF7 RELA KO1 DMSO 6h ; treatment=DMSO ; genotype=RE"
"cgroup_L5_0e66597e","GSE214052",FALSE,FALSE,"trattamento","MCF7 RELA KO2 Fulvestrant ; treatment=Fulvestrant ; genotype=RELA KO2","MCF7 RELA KO1 DMSO 6h ; treatment=DMSO ; genotype=RE"
"cgroup_L5_0e66597e","GSE214052",FALSE,FALSE,"trattamento","MCF7 RELA KO2 Fulvestrant 6h ; treatment=Fulvestrant ; genotype=RELA KO2","MCF7 RELA KO1 DMSO 6h ; treatment=DMSO ; genotype=RE"
"cgroup_L5_3973fe03","GSE214475",FALSE,FALSE,"trattamento","CD4+ T-cell, IL1A ; treatment=IL1A ; cell_type=CD4+ T-cell ; passage_or_state=","CD4+ T-cell, vehicle ; treatment=vehicle ; cell_type"
"cgroup_L5_828ae0cb","GSE214503",FALSE,FALSE,"trattamento","TWEAK ; perturbation=TWEAK","PBS ; perturbation=PBS"
"cgroup_L5_be15b706","GSE214503",FALSE,FALSE,"trattamento","IL13 ; perturbation=IL13","PBS ; perturbation=PBS"
"cgroup_L5_2ab433c8","GSE214503",FALSE,FALSE,"trattamento","IL22 ; perturbation=IL22","PBS ; perturbation=PBS"
"cgroup_L5_f97e50de","GSE214715",FALSE,FALSE,"trattamento","CUTO28 (TPM3-ROS1) + crizotinib ; cell_line=CUTO28 (TPM3-ROS1) ; treatment=cri","CUTO28 (TPM3-ROS1) + none ; cell_line=CUTO28 (TPM3-R"
"cgroup_L5_f97e50de","GSE214715",FALSE,FALSE,"trattamento","CUTO37 (CD74-ROS1) + crizotinib ; cell_line=CUTO37 (CD74-ROS1) ; treatment=cri","CUTO37 (CD74-ROS1) + none ; cell_line=CUTO37 (CD74-R"
"cgroup_L5_d2c64672","GSE214721",FALSE,FALSE,"trattamento","BT67 brain cells treated with romidepsin ; treatment=romidepsin ; time(hours)=","BT67 brain cells treated with DMSO ; treatment=DMSO "
"cgroup_L5_d9e23e09","GSE215039",FALSE,FALSE,"trattamento","OA + TNF ; disease_state=OA ; treatment=TNF","OA + No treatment ; disease_state=OA ; treatment=No "
"cgroup_L5_a25d0964","GSE215039",FALSE,FALSE,"trattamento","OA + IL-6 ; disease_state=OA ; treatment=IL-6","OA + No treatment ; disease_state=OA ; treatment=No "
"cgroup_L5_905be893","GSE215039",FALSE,FALSE,"trattamento","OA + IL-1b ; disease_state=OA ; treatment=IL-1b","OA + No treatment ; disease_state=OA ; treatment=No "
"cgroup_L5_d9e23e09","GSE215039",FALSE,FALSE,"trattamento","non-OA + TNF ; disease_state=non-OA ; treatment=TNF","non-OA + No treatment ; disease_state=non-OA ; treat"
"cgroup_L5_a25d0964","GSE215039",FALSE,FALSE,"trattamento","non-OA + IL-6 ; disease_state=non-OA ; treatment=IL-6","non-OA + No treatment ; disease_state=non-OA ; treat"
"cgroup_L5_905be893","GSE215039",FALSE,FALSE,"trattamento","non-OA + IL-1b ; disease_state=non-OA ; treatment=IL-1b","non-OA + No treatment ; disease_state=non-OA ; treat"
"cgroup_L5_a32e5eaa","GSE215214",FALSE,FALSE,"trattamento","AGS_5_Aza_CdR ; cell_line=AGS ; treatment=5-Aza-CdR","AGS_DMSO ; cell_line=AGS ; treatment=DMSO"
"cgroup_L5_a32e5eaa","GSE215214",FALSE,FALSE,"trattamento","HCT116_5_Aza_CdR ; cell_line=HCT116 ; treatment=5-Aza-CdR","HCT116_DMSO ; cell_line=HCT116 ; treatment=DMSO"
"cgroup_L5_021e875e","GSE215254",FALSE,FALSE,"trattamento","Cisplatin 10uM 4h 3D ; treatment=cisplatin ; culture_media=3D","Vehicle 0uM 4h 3D ; treatment=vehicle ; culture_medi"
"cgroup_L5_021e875e","GSE215254",FALSE,FALSE,"trattamento","Cisplatin 10uM 48h 3D ; treatment=cisplatin ; culture_media=3D","Vehicle 0uM 48h 3D ; treatment=vehicle ; culture_med"
"cgroup_L5_d9e23e09","GSE215275",FALSE,FALSE,"trattamento","oral epithelial cells stimulated with TNF (subject 1) ; treatment=TNF ; cell_t","oral epithelial cells vehicle control ; treatment=ve"
"cgroup_L5_8a54ddd6","GSE215321",FALSE,FALSE,"trattamento","doxorubicin 0.2 uM ; treatment=doxorubicin ; dose=0.2 uM","DMSO ; treatment=DMSO ; dose="
"cgroup_L5_8a54ddd6","GSE215321",FALSE,FALSE,"trattamento","doxorubicin 0.2 uM ; treatment=doxorubicin ; dose=0.2 uM","DMSO ; treatment=DMSO ; dose="
"cgroup_L5_8a54ddd6","GSE215321",FALSE,FALSE,"trattamento","doxorubicin 0.34 uM ; treatment=doxorubicin ; dose=0.34 uM","DMSO ; treatment=DMSO ; dose="
"cgroup_L5_eb5e1e65","GSE215385",FALSE,FALSE,"trattamento","NALM-6, Dexamethasone 50 nM ; treatment=Dexamethasone ; dose=50 nM","NALM-6, Vehicle Control (0.1% DMSO) ; treatment=Vehi"
"cgroup_L5_a747a14e","GSE215411",FALSE,FALSE,"trattamento","PM2.5 ; treatment=PM2.5","Control ; treatment=Control"
"cgroup_L5_c0d1d837","GSE215653",FALSE,FALSE,"trattamento","Enzalutamide ; treatment=Enzalutamide","DMSO ; treatment=DMSO"
"cgroup_L5_87c40ebb","GSE215771",FALSE,FALSE,"trattamento","A549 Wild-Type IFN-γ Treated ; Genotype=Wild-Type ; Treatment=IFN-γ","A549 Wild-Type Vehicle Control ; Genotype=Wild-Type "
"cgroup_L5_87c40ebb","GSE215771",FALSE,FALSE,"trattamento","A549 IRF1KO IFN-γ Treated ; Genotype=IRF1KO ; Treatment=IFN-γ","A549 IRF1KO Vehicle Control ; Genotype=IRF1KO ; Trea"
"cgroup_L5_2e16719f","GSE215947",FALSE,FALSE,"trattamento","TGF-B ; treatment=TGF-B","Control ; treatment=control"
"cgroup_L5_81b706c4","GSE215975",FALSE,FALSE,"trattamento","Endometrial Cancer Paclitaxel ; cell_line=Endometrial Cancer ; treatment=Pacli","Endometrial Cancer Vehicle Control ; cell_line=Endom"
"cgroup_L5_81b706c4","GSE215975",FALSE,FALSE,"trattamento","CTNNB1-mutated Endometrial Cancer Paclitaxel ; cell_line=Endometrial Cancer ; ","CTNNB1-mutated Endometrial Cancer Vehicle Control ; "
"cgroup_L5_81b706c4","GSE215975",FALSE,FALSE,"trattamento","CTNNB1-mutated Endometrial Cancer Paclitaxel ; cell_line=Endometrial Cancer ; ","CTNNB1-mutated Endometrial Cancer Vehicle Control ; "
"cgroup_L5_81b706c4","GSE215975",FALSE,FALSE,"trattamento","Ishikawa-S33Y Paclitaxel ; cell_line=Ishikawa-S33Y ; treatment=Paclitaxel","Ishikawa-S33Y Vehicle Control ; cell_line=Ishikawa-S"
"cgroup_L5_81b706c4","GSE215975",FALSE,FALSE,"trattamento","Ishikawa-S33Y Paclitaxel ; cell_line=Ishikawa-S33Y ; treatment=Paclitaxel","Ishikawa-S33Y Vehicle Control ; cell_line=Ishikawa-S"
"cgroup_L5_81b706c4","GSE215975",FALSE,FALSE,"trattamento","Ishikawa-S33Y Paclitaxel/SM08502 ; cell_line=Ishikawa-S33Y ; treatment=Paclita","Ishikawa-S33Y Vehicle Control ; cell_line=Ishikawa-S"
"cgroup_L5_81b706c4","GSE215975",FALSE,FALSE,"trattamento","Ishikawa Paclitaxel ; cell_line=Ishikawa ; treatment=Paclitaxel","Ishikawa Vehicle Control ; cell_line=Ishikawa ; trea"
"cgroup_L5_021e875e","GSE216043",FALSE,FALSE,"trattamento","JAR cells treated with Cisplatin ; cell_line=JAR ; treatment=Cisplatin","JAR cells treated with DMSO ; cell_line=JAR ; treatm"
"cgroup_L5_8a54ddd6","GSE216137",FALSE,FALSE,"trattamento","doxorubicin (1 nM) ; treatment=doxorubicin ; dose=1 nM","DMSO (0.1%) ; treatment=DMSO ; dose=0.1%"
"cgroup_L5_8a54ddd6","GSE216137",FALSE,FALSE,"trattamento","doxorubicin (5 nM) ; treatment=doxorubicin ; dose=5 nM","DMSO (0.1%) ; treatment=DMSO ; dose=0.1%"
"cgroup_L5_8a54ddd6","GSE216137",FALSE,FALSE,"trattamento","doxorubicin (10 nM) ; treatment=doxorubicin ; dose=10 nM","DMSO (0.1%) ; treatment=DMSO ; dose=0.1%"
"cgroup_L5_8a54ddd6","GSE216137",FALSE,FALSE,"trattamento","doxorubicin (15 nM) ; treatment=doxorubicin ; dose=15 nM","DMSO (0.1%) ; treatment=DMSO ; dose=0.1%"
"cgroup_L5_8a54ddd6","GSE216137",FALSE,FALSE,"trattamento","doxorubicin (25 nM) ; treatment=doxorubicin ; dose=25 nM","DMSO (0.1%) ; treatment=DMSO ; dose=0.1%"
"cgroup_L5_8a54ddd6","GSE216137",FALSE,FALSE,"trattamento","doxorubicin (50 nM) ; treatment=doxorubicin ; dose=50 nM","DMSO (0.1%) ; treatment=DMSO ; dose=0.1%"
"cgroup_L5_8a54ddd6","GSE216137",FALSE,FALSE,"trattamento","doxorubicin (100 nM) ; treatment=doxorubicin ; dose=100 nM","DMSO (0.1%) ; treatment=DMSO ; dose=0.1%"
"cgroup_L5_24ae0579","GSE216137",FALSE,FALSE,"trattamento","epirubicin (1 nM) ; treatment=epirubicin ; dose=1 nM","DMSO (0.1%) ; treatment=DMSO ; dose=0.1%"
"cgroup_L5_24ae0579","GSE216137",FALSE,FALSE,"trattamento","epirubicin (5 nM) ; treatment=epirubicin ; dose=5 nM","DMSO (0.1%) ; treatment=DMSO ; dose=0.1%"
"cgroup_L5_24ae0579","GSE216137",FALSE,FALSE,"trattamento","epirubicin (10 nM) ; treatment=epirubicin ; dose=10 nM","DMSO (0.1%) ; treatment=DMSO ; dose=0.1%"
"cgroup_L5_24ae0579","GSE216137",FALSE,FALSE,"trattamento","epirubicin (15 nM) ; treatment=epirubicin ; dose=15 nM","DMSO (0.1%) ; treatment=DMSO ; dose=0.1%"
"cgroup_L5_24ae0579","GSE216137",FALSE,FALSE,"trattamento","epirubicin (25 nM) ; treatment=epirubicin ; dose=25 nM","DMSO (0.1%) ; treatment=DMSO ; dose=0.1%"
"cgroup_L5_24ae0579","GSE216137",FALSE,FALSE,"trattamento","epirubicin (50 nM) ; treatment=epirubicin ; dose=50 nM","DMSO (0.1%) ; treatment=DMSO ; dose=0.1%"
"cgroup_L5_24ae0579","GSE216137",FALSE,FALSE,"trattamento","epirubicin (100 nM) ; treatment=epirubicin ; dose=100 nM","DMSO (0.1%) ; treatment=DMSO ; dose=0.1%"
"cgroup_L5_1d96b9da","GSE216304",TRUE,TRUE,"contesto","Transgenic Fibroblasts Poly(I:C) ; Genotype=Transgenic ; Treatment=Poly(I:C)","Transgenic Fibroblasts Vehicle Control ; Genotype=Tr"
"cgroup_L5_b6b8bc00","GSE216418",FALSE,FALSE,"trattamento","chordoma PDX palbociclib ; treatment=palbociclib ; cell_type_or_line_raw=chord","chordoma PDX untreated ; treatment=untreated ; cell_"
"cgroup_L5_dde29fb4","GSE216447",FALSE,FALSE,"trattamento","H2O2 Treated ; treatment=H2O2 ; cell_type_or_line_raw=human melanocyte ; tissu","Media Only Control ; treatment=media only ; cell_typ"
"cgroup_L5_0e66597e","GSE216540",FALSE,FALSE,"trattamento","PDO #28 + Fulvestrant ; treatment=Fulvestrant ; organoid=PDO #28","PDO #28 + DMSO ; treatment=DMSO ; organoid=PDO #28"
"cgroup_L5_0e66597e","GSE216540",FALSE,FALSE,"trattamento","PDO #30 + Fulvestrant ; treatment=Fulvestrant ; organoid=PDO #30","PDO #30 + DMSO ; treatment=DMSO ; organoid=PDO #30"
"cgroup_L5_0e66597e","GSE216540",FALSE,FALSE,"trattamento","PDO #46 + Fulvestrant ; treatment=Fulvestrant ; organoid=PDO #46","PDO #46 + DMSO ; treatment=DMSO ; organoid=PDO #46"
"cgroup_L5_889ec305","GSE216561",FALSE,FALSE,"trattamento","Colorectal Cancer Stage I ; disease_state=colorectal cancer ; stage=I","Healthy Donor ; disease_state=healthy donor"
"cgroup_L5_889ec305","GSE216561",FALSE,FALSE,"trattamento","Colorectal Cancer Stage IIA ; disease_state=colorectal cancer ; stage=IIA","Healthy Donor ; disease_state=healthy donor"
"cgroup_L5_889ec305","GSE216561",FALSE,FALSE,"trattamento","Colorectal Cancer Stage IIIB ; disease_state=colorectal cancer ; stage=IIIB","Healthy Donor ; disease_state=healthy donor"
"cgroup_L5_889ec305","GSE216561",FALSE,FALSE,"trattamento","Colorectal Cancer Stage IV ; disease_state=colorectal cancer ; stage=IV","Healthy Donor ; disease_state=healthy donor"
"cgroup_L5_a3c3e08c","GSE216561",FALSE,FALSE,"trattamento","Lung Cancer ; disease_state=lung cancer","Healthy Donor ; disease_state=healthy donor"
"cgroup_L5_bd19fe42","GSE216613",FALSE,FALSE,"trattamento","Hepatocellular Carcinoma ; disease_state=hepatocellular carcinoma","Normal Adjacent Liver Tissue ; disease_state=normal "
"cgroup_L5_bd19fe42","GSE216613",FALSE,FALSE,"trattamento","Hepatocellular Carcinoma ; disease_state=hepatocellular carcinoma","Normal Adjacent Liver Tissue (Comparison) ; disease_"
"cgroup_L5_a32e5eaa","GSE216757",FALSE,FALSE,"trattamento","DAC GFHD102 ; treatment=DAC ; donor=GFHD102","DMSO-medium GFHD102 ; treatment=DMSO-medium ; donor="
"cgroup_L5_a32e5eaa","GSE216757",FALSE,FALSE,"trattamento","DAC GFHD106 ; treatment=DAC ; donor=GFHD106","DMSO-medium GFHD106 ; treatment=DMSO-medium ; donor="
"cgroup_L5_a32e5eaa","GSE216757",FALSE,FALSE,"trattamento","DAC GFHD112 ; treatment=DAC ; donor=GFHD112","DMSO-medium GFHD112 ; treatment=DMSO-medium ; donor="
"cgroup_L5_a32e5eaa","GSE216757",FALSE,FALSE,"trattamento","DAC GFHD113 ; treatment=DAC ; donor=GFHD113","DMSO-medium GFHD113 ; treatment=DMSO-medium ; donor="
"cgroup_L5_535d97f6","GSE216837",FALSE,FALSE,"trattamento","Imatinib-treated CD34+ LSC ; treatment=Imatinib","Untreated CD34+ LSC ; treatment=untreated"
"cgroup_L5_a32e5eaa","GSE216988",FALSE,FALSE,"trattamento","Decitabine Recovery ; Treatment=Decitabine","Control Early ; Treatment=Vehicle Control Early"
"cgroup_L5_a32e5eaa","GSE216988",FALSE,FALSE,"trattamento","Decitabine Recovery ; Treatment=Decitabine","Control Late ; Treatment=Vehicle Control Late"
"cgroup_L5_c548d053","GSE217012",FALSE,FALSE,"trattamento","RA LPS 1 ; disease_state=Rheumatoid arthritis ; perturbation=LPS","RA Untreated ; disease_state=Rheumatoid arthritis ; "
"cgroup_L5_871ae09e","GSE217099",FALSE,FALSE,"trattamento","SARS-CoV-2 ; treatment=SARS-CoV-2 ; time=4 dpi","mock ; treatment=mock ; time=4 dpi"
"cgroup_L5_a7509255","GSE217234",FALSE,FALSE,"trattamento","Staphylococcus aureus infection ; treatment=Staphylococcus aureus","PBS control ; treatment=PBS"
"cgroup_L5_a7509255","GSE217234",FALSE,FALSE,"trattamento","Staphylococcus aureus infection ; treatment=Staphylococcus aureus","PBS control ; treatment=PBS"
"cgroup_L5_f956ef98","GSE217334",FALSE,FALSE,"trattamento","TCDD 10nM Day 3 ; treatment=TCDD ; time=Day 3","DMSO Day 3 ; treatment=DMSO ; time=Day 3"
"cgroup_L5_f956ef98","GSE217334",FALSE,FALSE,"trattamento","TCDD 10nM Day 7 ; treatment=TCDD ; time=Day 7","DMSO Day 7 ; treatment=DMSO ; time=Day 7"
"cgroup_L5_f956ef98","GSE217334",FALSE,FALSE,"trattamento","TCDD 10nM 24h ; treatment=TCDD ; time=24h","DMSO 24h ; treatment=DMSO ; time=24h"
"cgroup_L5_f956ef98","GSE217334",FALSE,FALSE,"trattamento","TCDD 10nM 3h ; treatment=TCDD ; time=3h","DMSO 3h ; treatment=DMSO ; time=3h"
"cgroup_L5_f956ef98","GSE217334",FALSE,FALSE,"trattamento","TCDD 10nM Day 17 ; treatment=TCDD ; time=Day 17","DMSO Day 17 ; treatment=DMSO ; time=Day 17"
"cgroup_L5_f956ef98","GSE217334",FALSE,FALSE,"trattamento","TCDD 10nM Day 3 ; treatment=TCDD ; time=Day 3","DMSO Day 3 ; treatment=DMSO ; time=Day 3"
"cgroup_L5_f956ef98","GSE217334",FALSE,FALSE,"trattamento","TCDD 10nM Day 7 ; treatment=TCDD ; time=Day 7","DMSO Day 7 ; treatment=DMSO ; time=Day 7"
"cgroup_L5_3b461817","GSE217421",FALSE,FALSE,"trattamento","Nilotinib-treated cardiac myocytes ; treatment=Nilotinib","DMSO-treated cardiac myocytes ; treatment=DMSO"
"cgroup_L5_3b461817","GSE217421",FALSE,FALSE,"trattamento","Nilotinib-treated MSN01 cardiac myocytes ; treatment=Nilotinib","DMSO-treated MSN01 cardiac myocytes ; treatment=DMSO"
"cgroup_L5_03b38818","GSE217421",FALSE,FALSE,"trattamento","Vemurafenib-treated MSN05 cardiac myocytes ; treatment=Vemurafenib","DMSO-treated cardiac myocytes ; treatment=DMSO"
"cgroup_L5_03b38818","GSE217421",FALSE,FALSE,"trattamento","Vemurafenib-treated MSN09 cardiac myocytes ; treatment=Vemurafenib","DMSO-treated cardiac myocytes ; treatment=DMSO"
"cgroup_L5_03b38818","GSE217421",FALSE,FALSE,"trattamento","Vemurafenib-treated cardiac myocytes ; treatment=Vemurafenib","DMSO-treated cardiac myocytes ; treatment=DMSO"
"cgroup_L5_03b38818","GSE217421",FALSE,FALSE,"trattamento","Vemurafenib-treated MSN09 cardiac myocytes ; treatment=Vemurafenib","DMSO-treated cardiac myocytes ; treatment=DMSO"
"cgroup_L5_03b38818","GSE217421",FALSE,FALSE,"trattamento","Vemurafenib-treated MSN08 cardiac myocytes ; treatment=Vemurafenib","DMSO-treated cardiac myocytes ; treatment=DMSO"
"cgroup_L5_03b38818","GSE217421",FALSE,FALSE,"trattamento","Vemurafenib-treated cardiac myocytes ; treatment=Vemurafenib","DMSO-treated cardiac myocytes ; treatment=DMSO"
"cgroup_L5_03b38818","GSE217421",FALSE,FALSE,"trattamento","Vemurafenib-treated MSN05 cardiac myocytes ; treatment=Vemurafenib","DMSO-treated cardiac myocytes ; treatment=DMSO"
"cgroup_L5_03b38818","GSE217421",FALSE,FALSE,"trattamento","Vemurafenib-treated cardiac myocytes ; treatment=Vemurafenib","DMSO-treated cardiac myocytes ; treatment=DMSO"
"cgroup_L5_5e0c0fae","GSE217421",FALSE,FALSE,"trattamento","Rituximab-treated cardiac myocytes ; treatment=Rituximab","DMSO-treated cardiac myocytes ; treatment=DMSO"
"cgroup_L5_5e0c0fae","GSE217421",FALSE,FALSE,"trattamento","Rituximab-treated cardiac myocytes ; treatment=Rituximab","DMSO-treated cardiac myocytes ; treatment=DMSO"
"cgroup_L5_5e0c0fae","GSE217421",FALSE,FALSE,"trattamento","Rituximab-treated cardiac myocytes ; treatment=Rituximab","DMSO-treated cardiac myocytes ; treatment=DMSO"
"cgroup_L5_5e0c0fae","GSE217421",FALSE,FALSE,"trattamento","Rituximab-treated cardiac myocytes ; treatment=Rituximab","DMSO-treated cardiac myocytes ; treatment=DMSO"
"cgroup_L5_5e0c0fae","GSE217421",FALSE,FALSE,"trattamento","Rituximab-treated cardiac myocytes ; treatment=Rituximab","DMSO-treated cardiac myocytes ; treatment=DMSO"
"cgroup_L5_5e0c0fae","GSE217421",FALSE,FALSE,"trattamento","Rituximab-treated cardiac myocytes ; treatment=Rituximab","DMSO-treated cardiac myocytes ; treatment=DMSO"
"cgroup_L5_5e0c0fae","GSE217421",FALSE,FALSE,"trattamento","Rituximab-treated cardiac myocytes ; treatment=Rituximab","DMSO-treated cardiac myocytes ; treatment=DMSO"
"cgroup_L5_5e0c0fae","GSE217421",FALSE,FALSE,"trattamento","Rituximab-treated MSN08 cardiac myocytes ; treatment=Rituximab","DMSO-treated cardiac myocytes ; treatment=DMSO"
"cgroup_L5_5e0c0fae","GSE217421",FALSE,FALSE,"trattamento","Rituximab-treated MSN09 cardiac myocytes ; treatment=Rituximab","DMSO-treated cardiac myocytes ; treatment=DMSO"
"cgroup_L5_5e0c0fae","GSE217421",FALSE,FALSE,"trattamento","Rituximab-treated MSN01 cardiac myocytes ; treatment=Rituximab","DMSO-treated cardiac myocytes ; treatment=DMSO"
"cgroup_L5_5e0c0fae","GSE217421",FALSE,FALSE,"trattamento","Rituximab-treated cardiac myocytes ; treatment=Rituximab","DMSO-treated cardiac myocytes ; treatment=DMSO"
"cgroup_L5_5e0c0fae","GSE217421",FALSE,FALSE,"trattamento","Rituximab-treated MSN01 cardiac myocytes ; treatment=Rituximab","DMSO-treated cardiac myocytes ; treatment=DMSO"
"cgroup_L5_5e0c0fae","GSE217421",FALSE,FALSE,"trattamento","Rituximab-treated MSN05 cardiac myocytes ; treatment=Rituximab","DMSO-treated cardiac myocytes ; treatment=DMSO"
"cgroup_L5_92f4f307","GSE217421",FALSE,FALSE,"trattamento","Isoproterenol-treated cardiac myocytes ; treatment=Isoproterenol","DMSO-treated cardiac myocytes ; treatment=DMSO"
"cgroup_L5_92f4f307","GSE217421",FALSE,FALSE,"trattamento","Isoproterenol-treated cardiac myocytes ; treatment=Isoproterenol","DMSO-treated cardiac myocytes ; treatment=DMSO"
"cgroup_L5_dcce160a","GSE217421",FALSE,FALSE,"trattamento","Daunorubicin-treated MSN01 cardiac myocytes ; treatment=Daunorubicin","DMSO-treated cardiac myocytes ; treatment=DMSO"
"cgroup_L5_24ae0579","GSE217421",FALSE,FALSE,"trattamento","Epirubicin-treated cardiac myocytes ; treatment=Epirubicin","DMSO-treated cardiac myocytes ; treatment=DMSO"
"cgroup_L5_24ae0579","GSE217421",FALSE,FALSE,"trattamento","Epirubicin-treated MSN05 cardiac myocytes ; treatment=Epirubicin","DMSO-treated cardiac myocytes ; treatment=DMSO"
"cgroup_L5_24ae0579","GSE217421",FALSE,FALSE,"trattamento","Epirubicin-treated MSN01 cardiac myocytes ; treatment=Epirubicin","DMSO-treated cardiac myocytes ; treatment=DMSO"
"cgroup_L5_8a54ddd6","GSE217421",FALSE,FALSE,"trattamento","Doxorubicin-treated cardiac myocytes ; treatment=Doxorubicin","DMSO-treated cardiac myocytes ; treatment=DMSO"
"cgroup_L5_49e290ae","GSE217421",FALSE,FALSE,"trattamento","Cyclosporine-treated cardiac myocytes ; treatment=Cyclosporine","DMSO-treated cardiac myocytes ; treatment=DMSO"
"cgroup_L5_49e290ae","GSE217421",FALSE,FALSE,"trattamento","Cyclosporine-treated MSN01 cardiac myocytes ; treatment=Cyclosporine","DMSO-treated cardiac myocytes ; treatment=DMSO"
"cgroup_L5_49e290ae","GSE217421",FALSE,FALSE,"trattamento","Cyclosporine-treated MSN01 cardiac myocytes ; treatment=Cyclosporine","DMSO-treated cardiac myocytes ; treatment=DMSO"
"cgroup_L5_49e290ae","GSE217421",FALSE,FALSE,"trattamento","Cyclosporine-treated MSN06 cardiac myocytes ; treatment=Cyclosporine","DMSO-treated cardiac myocytes ; treatment=DMSO"
"cgroup_L5_3eaa92c9","GSE217421",FALSE,FALSE,"trattamento","Rosiglitazone-treated MSN05 cardiac myocytes ; treatment=Rosiglitazone ; cell_","DMSO-treated cardiac myocytes ; treatment=DMSO"
"cgroup_L5_3eaa92c9","GSE217421",FALSE,FALSE,"trattamento","Rosiglitazone-treated cardiac myocytes ; treatment=Rosiglitazone ; cell_type=c","DMSO-treated cardiac myocytes ; treatment=DMSO"
"cgroup_L5_3eaa92c9","GSE217421",FALSE,FALSE,"trattamento","Rosiglitazone-treated cardiac myocytes ; treatment=Rosiglitazone ; cell_type=c","DMSO-treated cardiac myocytes ; treatment=DMSO"
"cgroup_L5_535d97f6","GSE217421",FALSE,FALSE,"trattamento","Imatinib-treated cardiac myocytes ; treatment=Imatinib ; cell_type=cardiac myo","DMSO-treated cardiac myocytes ; treatment=DMSO"
"cgroup_L5_03b38818","GSE217421",FALSE,FALSE,"trattamento","Vemurafenib-treated MSN01 cardiac myocytes ; treatment=Vemurafenib ; cell_type","DMSO-treated MSN01 cardiac myocytes ; treatment=DMSO"
"cgroup_L5_03b38818","GSE217421",FALSE,FALSE,"trattamento","Vemurafenib-treated cardiac myocytes ; treatment=Vemurafenib ; cell_type=cardi","DMSO-treated cardiac myocytes ; treatment=DMSO"
"cgroup_L5_03b38818","GSE217421",FALSE,FALSE,"trattamento","Vemurafenib-treated cardiac myocytes ; treatment=Vemurafenib ; cell_type=cardi","DMSO-treated cardiac myocytes ; treatment=DMSO"
"cgroup_L5_03b38818","GSE217421",FALSE,FALSE,"trattamento","Vemurafenib-treated MSN06 cardiac myocytes ; treatment=Vemurafenib ; cell_type","DMSO-treated cardiac myocytes ; treatment=DMSO"
"cgroup_L5_03b38818","GSE217421",FALSE,FALSE,"trattamento","Vemurafenib-treated MSN01 cardiac myocytes ; treatment=Vemurafenib ; cell_type","DMSO-treated MSN01 cardiac myocytes ; treatment=DMSO"
"cgroup_L5_4f4d9051","GSE217421",FALSE,FALSE,"trattamento","TNF-alpha-stimulated cardiac myocytes ; treatment=TNF-alpha ; cell_type=cardia","DMSO-treated cardiac myocytes ; treatment=DMSO"
"cgroup_L5_4f4d9051","GSE217421",FALSE,FALSE,"trattamento","TNF-alpha-stimulated cardiac myocytes ; treatment=TNF-alpha ; cell_type=cardia","DMSO-treated cardiac myocytes ; treatment=DMSO"
"cgroup_L5_4f4d9051","GSE217421",FALSE,FALSE,"trattamento","TNF-alpha-stimulated MSN05 cardiac myocytes ; treatment=TNF-alpha ; cell_type=","DMSO-treated cardiac myocytes ; treatment=DMSO"
"cgroup_L5_a12414d4","GSE217421",FALSE,FALSE,"trattamento","Estradiol-treated MSN06 cardiac myocytes ; treatment=Estradiol ; cell_type=car","DMSO-treated cardiac myocytes ; treatment=DMSO"
"cgroup_L5_a12414d4","GSE217421",FALSE,FALSE,"trattamento","Estradiol-treated MSN01 cardiac myocytes ; treatment=Estradiol ; cell_type=car","DMSO-treated MSN01 cardiac myocytes ; treatment=DMSO"
"cgroup_L5_a32e5eaa","GSE217421",FALSE,FALSE,"trattamento","Decitabine-treated cardiac myocytes ; treatment=Decitabine ; cell_type=cardiac","DMSO-treated cardiac myocytes ; treatment=DMSO"
"cgroup_L5_a32e5eaa","GSE217421",FALSE,FALSE,"trattamento","Decitabine-treated MSN09 cardiac myocytes ; treatment=Decitabine ; cell_type=c","DMSO-treated cardiac myocytes ; treatment=DMSO"
"cgroup_L5_a32e5eaa","GSE217421",FALSE,FALSE,"trattamento","Decitabine-treated cardiac myocytes ; treatment=Decitabine ; cell_type=cardiac","DMSO-treated cardiac myocytes ; treatment=DMSO"
"cgroup_L5_a32e5eaa","GSE217421",FALSE,FALSE,"trattamento","Decitabine-treated MSN06 cardiac myocytes ; treatment=Decitabine ; cell_type=c","DMSO-treated cardiac myocytes ; treatment=DMSO"
"cgroup_L5_a32e5eaa","GSE217421",FALSE,FALSE,"trattamento","Decitabine-treated cardiac myocytes ; treatment=Decitabine ; cell_type=cardiac","DMSO-treated cardiac myocytes ; treatment=DMSO"
"cgroup_L5_089ccae5","GSE217421",FALSE,FALSE,"trattamento","Bortezomib-treated cardiac myocytes ; treatment=Bortezomib ; cell_type=cardiac","DMSO-treated cardiac myocytes ; treatment=DMSO"
"cgroup_L5_089ccae5","GSE217421",FALSE,FALSE,"trattamento","Bortezomib-treated cardiac myocytes ; treatment=Bortezomib ; cell_type=cardiac","DMSO-treated cardiac myocytes ; treatment=DMSO"
"cgroup_L5_089ccae5","GSE217421",FALSE,FALSE,"trattamento","Bortezomib-treated cardiac myocytes ; treatment=Bortezomib ; cell_type=cardiac","DMSO-treated cardiac myocytes ; treatment=DMSO"
"cgroup_L5_089ccae5","GSE217421",FALSE,FALSE,"trattamento","Bortezomib-treated cardiac myocytes ; treatment=Bortezomib ; cell_type=cardiac","DMSO-treated cardiac myocytes ; treatment=DMSO"
"cgroup_L5_3eaa92c9","GSE217421",FALSE,FALSE,"trattamento","Rosiglitazone-treated cardiac myocytes ; treatment=Rosiglitazone ; cell_type=c","DMSO-treated cardiac myocytes ; treatment=DMSO"
"cgroup_L5_efced505","GSE217421",FALSE,FALSE,"trattamento","Sunitinib-treated cardiac myocytes ; treatment=Sunitinib ; cell_type=cardiac m","DMSO-treated cardiac myocytes ; treatment=DMSO"
"cgroup_L5_efced505","GSE217421",FALSE,FALSE,"trattamento","Sunitinib-treated cardiac myocytes ; treatment=Sunitinib ; cell_type=cardiac m","DMSO-treated cardiac myocytes ; treatment=DMSO"
"cgroup_L5_efced505","GSE217421",FALSE,FALSE,"trattamento","Sunitinib-treated cardiac myocytes ; treatment=Sunitinib ; cell_type=cardiac m","DMSO-treated cardiac myocytes ; treatment=DMSO"
"cgroup_L5_6df6a50e","GSE217421",FALSE,FALSE,"trattamento","Sorafenib-treated MSN05 cardiac myocytes ; treatment=Sorafenib ; cell_type=MSN","DMSO-treated cardiac myocytes ; treatment=DMSO"
"cgroup_L5_6df6a50e","GSE217421",FALSE,FALSE,"trattamento","Sorafenib-treated cardiac myocytes ; treatment=Sorafenib ; cell_type=cardiac m","DMSO-treated cardiac myocytes ; treatment=DMSO"
"cgroup_L5_6df6a50e","GSE217421",FALSE,FALSE,"trattamento","Sorafenib-treated cardiac myocytes ; treatment=Sorafenib ; cell_type=cardiac m","DMSO-treated cardiac myocytes ; treatment=DMSO"
"cgroup_L5_6df6a50e","GSE217421",FALSE,FALSE,"trattamento","Sorafenib-treated cardiac myocytes ; treatment=Sorafenib ; cell_type=cardiac m","DMSO-treated cardiac myocytes ; treatment=DMSO"
"cgroup_L5_41f7b088","GSE217421",FALSE,FALSE,"trattamento","Gefitinib-treated cardiac myocytes ; treatment=Gefitinib ; cell_type=cardiac m","DMSO-treated cardiac myocytes ; treatment=DMSO"
"cgroup_L5_41f7b088","GSE217421",FALSE,FALSE,"trattamento","Gefitinib-treated MSN01 cardiac myocytes ; treatment=Gefitinib ; cell_type=MSN","DMSO-treated MSN01 cardiac myocytes ; treatment=DMSO"
"cgroup_L5_41f7b088","GSE217421",FALSE,FALSE,"trattamento","Gefitinib-treated MSN01 cardiac myocytes ; treatment=Gefitinib ; cell_type=MSN","DMSO-treated MSN01 cardiac myocytes ; treatment=DMSO"
"cgroup_L5_b3ccf1c1","GSE217421",FALSE,FALSE,"trattamento","Vandetanib-treated cardiac myocytes ; treatment=Vandetanib ; cell_type=cardiac","DMSO-treated cardiac myocytes ; treatment=DMSO"
"cgroup_L5_b3ccf1c1","GSE217421",FALSE,FALSE,"trattamento","Vandetanib-treated cardiac myocytes ; treatment=Vandetanib ; cell_type=cardiac","DMSO-treated cardiac myocytes ; treatment=DMSO"
"cgroup_L5_f97e50de","GSE217421",FALSE,FALSE,"trattamento","Crizotinib-treated cardiac myocytes ; treatment=Crizotinib ; cell_type=cardiac","DMSO-treated cardiac myocytes ; treatment=DMSO"
"cgroup_L5_f97e50de","GSE217421",FALSE,FALSE,"trattamento","Crizotinib-treated cardiac myocytes ; treatment=Crizotinib ; cell_type=cardiac","DMSO-treated cardiac myocytes ; treatment=DMSO"
"cgroup_L5_f97e50de","GSE217421",FALSE,FALSE,"trattamento","Crizotinib-treated cardiac myocytes ; treatment=Crizotinib ; cell_type=cardiac","DMSO-treated cardiac myocytes ; treatment=DMSO"
"cgroup_L5_fd0c6a79","GSE217421",FALSE,FALSE,"trattamento","Regorafenib-treated cardiac myocytes ; treatment=Regorafenib ; cell_type=cardi","DMSO-treated cardiac myocytes ; treatment=DMSO"
"cgroup_L5_fd0c6a79","GSE217421",FALSE,FALSE,"trattamento","Regorafenib-treated MSN06 cardiac myocytes ; treatment=Regorafenib ; cell_type","DMSO-treated cardiac myocytes ; treatment=DMSO"
"cgroup_L5_fd0c6a79","GSE217421",FALSE,FALSE,"trattamento","Regorafenib-treated MSN05 cardiac myocytes ; treatment=Regorafenib ; cell_type","DMSO-treated cardiac myocytes ; treatment=DMSO"
"cgroup_L5_fd0c6a79","GSE217421",FALSE,FALSE,"trattamento","Regorafenib-treated cardiac myocytes ; treatment=Regorafenib ; cell_type=cardi","DMSO-treated cardiac myocytes ; treatment=DMSO"
"cgroup_L5_a4029927","GSE217421",FALSE,FALSE,"trattamento","Afatinib-treated MSN09 cardiac myocytes ; treatment=Afatinib ; cell_type=MSN09","DMSO-treated cardiac myocytes ; treatment=DMSO"
"cgroup_L5_a4029927","GSE217421",FALSE,FALSE,"trattamento","Afatinib-treated MSN02 cardiac myocytes ; treatment=Afatinib ; cell_type=MSN02","DMSO-treated cardiac myocytes ; treatment=DMSO"
"cgroup_L5_a4029927","GSE217421",FALSE,FALSE,"trattamento","Afatinib-treated MSN02 cardiac myocytes ; treatment=Afatinib ; cell_type=MSN02","DMSO-treated cardiac myocytes ; treatment=DMSO"
"cgroup_L5_8eca612e","GSE217421",FALSE,FALSE,"trattamento","Dabrafenib-treated MSN01 cardiac myocytes ; treatment=Dabrafenib ; cell_type=M","DMSO-treated MSN01 cardiac myocytes ; treatment=DMSO"
"cgroup_L5_3a0a595f","GSE217421",FALSE,FALSE,"trattamento","Dasatinib-treated cardiac myocytes ; treatment=Dasatinib ; cell_type=cardiac m","DMSO-treated cardiac myocytes ; treatment=DMSO"
"cgroup_L5_3a0a595f","GSE217421",FALSE,FALSE,"trattamento","Dasatinib-treated MSN06 cardiac myocytes ; treatment=Dasatinib ; cell_type=MSN","DMSO-treated cardiac myocytes ; treatment=DMSO"
"cgroup_L5_3a0a595f","GSE217421",FALSE,FALSE,"trattamento","Dasatinib-treated cardiac myocytes ; treatment=Dasatinib ; cell_type=cardiac m","DMSO-treated cardiac myocytes ; treatment=DMSO"
"cgroup_L5_3a0a595f","GSE217421",FALSE,FALSE,"trattamento","Dasatinib-treated cardiac myocytes ; treatment=Dasatinib ; cell_type=cardiac m","DMSO-treated cardiac myocytes ; treatment=DMSO"
"cgroup_L5_5927750b","GSE217421",FALSE,FALSE,"trattamento","Carfilzomib-treated cardiac myocytes ; treatment=Carfilzomib ; cell_type=cardi","DMSO-treated cardiac myocytes ; treatment=DMSO"
"cgroup_L5_5927750b","GSE217421",FALSE,FALSE,"trattamento","Carfilzomib-treated cardiac myocytes ; treatment=Carfilzomib ; cell_type=cardi","DMSO-treated cardiac myocytes ; treatment=DMSO"
"cgroup_L5_5927750b","GSE217421",FALSE,FALSE,"trattamento","Carfilzomib-treated cardiac myocytes ; treatment=Carfilzomib ; cell_type=cardi","DMSO-treated cardiac myocytes ; treatment=DMSO"
"cgroup_L5_5927750b","GSE217421",FALSE,FALSE,"trattamento","Carfilzomib-treated cardiac myocytes ; treatment=Carfilzomib ; cell_type=cardi","DMSO-treated cardiac myocytes ; treatment=DMSO"
"cgroup_L5_16525349","GSE217421",FALSE,FALSE,"trattamento","Ponatinib-treated MSN05 cardiac myocytes ; treatment=Ponatinib ; cell_type=MSN","DMSO-treated cardiac myocytes ; treatment=DMSO"
"cgroup_L5_16525349","GSE217421",FALSE,FALSE,"trattamento","Ponatinib-treated MSN01 cardiac myocytes ; treatment=Ponatinib ; cell_type=MSN","DMSO-treated MSN01 cardiac myocytes ; treatment=DMSO"
"cgroup_L5_16525349","GSE217421",FALSE,FALSE,"trattamento","Ponatinib-treated cardiac myocytes ; treatment=Ponatinib ; cell_type=cardiac m","DMSO-treated cardiac myocytes ; treatment=DMSO"
"cgroup_L5_16525349","GSE217421",FALSE,FALSE,"trattamento","Ponatinib-treated MSN05 cardiac myocytes ; treatment=Ponatinib ; cell_type=MSN","DMSO-treated cardiac myocytes ; treatment=DMSO"
"cgroup_L5_16525349","GSE217421",FALSE,FALSE,"trattamento","Ponatinib-treated MSN05 cardiac myocytes ; treatment=Ponatinib ; cell_type=MSN","DMSO-treated cardiac myocytes ; treatment=DMSO"
"cgroup_L5_16525349","GSE217421",FALSE,FALSE,"trattamento","Ponatinib-treated cardiac myocytes (donor 1) ; treatment=Ponatinib ; cell_line","DMSO-treated cardiac myocytes ; treatment=DMSO"
"cgroup_L5_fd0c6a79","GSE217421",FALSE,FALSE,"trattamento","Regorafenib-treated cardiac myocytes (donor 1) ; treatment=Regorafenib ; cell_","DMSO-treated cardiac myocytes ; treatment=DMSO"
"cgroup_L5_8ac307e0","GSE217421",FALSE,FALSE,"trattamento","Cabozantinib-treated cardiac myocytes (donor 1) ; treatment=Cabozantinib ; cel","DMSO-treated cardiac myocytes ; treatment=DMSO"
"cgroup_L5_a4029927","GSE217421",FALSE,FALSE,"trattamento","Afatinib-treated cardiac myocytes (donor 1) ; treatment=Afatinib ; cell_line=c","DMSO-treated cardiac myocytes ; treatment=DMSO"
"cgroup_L5_702a5dea","GSE217421",FALSE,FALSE,"trattamento","Trametinib-treated cardiac myocytes (donor 1) ; treatment=Trametinib ; cell_li","DMSO-treated cardiac myocytes ; treatment=DMSO"
"cgroup_L5_b3ccf1c1","GSE217421",FALSE,FALSE,"trattamento","Vandetanib-treated cardiac myocytes (donor 1) ; treatment=Vandetanib ; cell_li","DMSO-treated cardiac myocytes ; treatment=DMSO"
"cgroup_L5_ae11259e","GSE217421",FALSE,FALSE,"trattamento","Tofacitinib-treated cardiac myocytes (donor 1) ; treatment=Tofacitinib ; cell_","DMSO-treated cardiac myocytes ; treatment=DMSO"
"cgroup_L5_5e0c0fae","GSE217421",FALSE,FALSE,"trattamento","Rituximab-treated cardiac myocytes (donor 1) ; treatment=Rituximab ; cell_line","DMSO-treated cardiac myocytes ; treatment=DMSO"
"cgroup_L5_3a625868","GSE217421",FALSE,FALSE,"trattamento","Trastuzumab-treated cardiac myocytes (donor 1) ; treatment=Trastuzumab ; cell_","DMSO-treated cardiac myocytes ; treatment=DMSO"
"cgroup_L5_3a625868","GSE217421",FALSE,FALSE,"trattamento","Trastuzumab-treated cardiac myocytes ; treatment=Trastuzumab ; cell_line=cardi","DMSO-treated cardiac myocytes ; treatment=DMSO"
"cgroup_L5_004d293d","GSE217421",FALSE,FALSE,"trattamento","Lapatinib-treated cardiac myocytes ; treatment=Lapatinib ; cell_line=cardiac m","DMSO-treated cardiac myocytes ; treatment=DMSO"
"cgroup_L5_2987cdb6","GSE217421",FALSE,FALSE,"trattamento","Erlotinib-treated MSN01 ; treatment=Erlotinib ; cell_line=MSN01","DMSO-treated MSN01 cardiac myocytes ; treatment=DMSO"
"cgroup_L5_8eca612e","GSE217421",FALSE,FALSE,"trattamento","Dabrafenib-treated MSN01 ; treatment=Dabrafenib ; cell_line=MSN01","DMSO-treated MSN01 cardiac myocytes ; treatment=DMSO"
"cgroup_L5_ae11259e","GSE217421",FALSE,FALSE,"trattamento","Tofacitinib-treated MSN01 ; treatment=Tofacitinib ; cell_line=MSN01","DMSO-treated MSN01 cardiac myocytes ; treatment=DMSO"
"cgroup_L5_3b461817","GSE217423",FALSE,FALSE,"trattamento","Cardiac Myocytes treated with Nilotinib 3uM for 48 hours ; treatment=Nilotinib","Cardiac Myocytes treated with DMSO ; treatment=DMSO "
"cgroup_L5_03b38818","GSE217423",FALSE,FALSE,"trattamento","Cardiac Myocytes treated with Vemurafenib 2uM for 48 hours ; treatment=Vemuraf","Cardiac Myocytes treated with DMSO ; treatment=DMSO "
"cgroup_L5_5e0c0fae","GSE217423",FALSE,FALSE,"trattamento","Cardiac Myocytes treated with Rituximab 3uM for 48 hours ; treatment=Rituximab","Cardiac Myocytes treated with DMSO ; treatment=DMSO "
"cgroup_L5_92f4f307","GSE217423",FALSE,FALSE,"trattamento","Cardiac Myocytes treated with Isoproterenol 2uM for 48 hours ; treatment=Isopr","Cardiac Myocytes treated with DMSO ; treatment=DMSO "
"cgroup_L5_dcce160a","GSE217423",FALSE,FALSE,"trattamento","Cardiac Myocytes treated with Daunorubicin 1uM for 48 hours ; treatment=Daunor","Cardiac Myocytes treated with DMSO ; treatment=DMSO "
"cgroup_L5_24ae0579","GSE217423",FALSE,FALSE,"trattamento","Cardiac Myocytes treated with Epirubicin 2uM for 48 hours ; treatment=Epirubic","Cardiac Myocytes treated with DMSO ; treatment=DMSO "
"cgroup_L5_49e290ae","GSE217423",FALSE,FALSE,"trattamento","Cardiac Myocytes treated with Cyclosporine 125nM for 48 hours ; treatment=Cycl","Cardiac Myocytes treated with DMSO ; treatment=DMSO "
"cgroup_L5_535d97f6","GSE217423",FALSE,FALSE,"trattamento","Cardiac Myocytes treated with Imatinib 5uM for 48 hours ; treatment=Imatinib ;","Cardiac Myocytes treated with DMSO ; treatment=DMSO "
"cgroup_L5_a12414d4","GSE217423",FALSE,FALSE,"trattamento","Cardiac Myocytes treated with Estradiol 5nM for 48 hours ; treatment=Estradiol","Cardiac Myocytes treated with DMSO ; treatment=DMSO "
"cgroup_L5_efced505","GSE217423",FALSE,FALSE,"trattamento","Cardiac Myocytes treated with Sunitinib 1uM for 48 hours ; treatment=Sunitinib","Cardiac Myocytes treated with DMSO ; treatment=DMSO "
"cgroup_L5_6df6a50e","GSE217423",FALSE,FALSE,"trattamento","Cardiac Myocytes treated with Sorafenib 1uM for 48 hours ; treatment=Sorafenib","Cardiac Myocytes treated with DMSO ; treatment=DMSO "
"cgroup_L5_3b461817","GSE217423",FALSE,FALSE,"trattamento","Cardiac Myocytes treated with Nilotinib ; treatment=Nilotinib ; cell_line=card","Cardiac Myocytes treated with DMSO ; treatment=DMSO "
"cgroup_L5_3b461817","GSE217423",FALSE,FALSE,"trattamento","Cardiac Myocytes treated with Nilotinib ; treatment=Nilotinib ; cell_line=card","Cardiac Myocytes treated with DMSO ; treatment=DMSO "
"cgroup_L5_f97e50de","GSE217423",FALSE,FALSE,"trattamento","Cardiac myocytes treated with Crizotinib (0.25uM) ; treatment=Crizotinib ; cel","Cardiac Myocytes treated with DMSO ; treatment=DMSO "
"cgroup_L5_03b38818","GSE217423",FALSE,FALSE,"trattamento","Cardiac myocytes (MSN09) treated with Vemurafenib (2uM) ; treatment=Vemurafeni","Cardiac Myocytes treated with DMSO ; treatment=DMSO "
"cgroup_L5_17b35bdc","GSE217452",FALSE,FALSE,"trattamento","DU145 Docetaxel ; cell_line=DU145 ; treatment=Docetaxel","DU145 control ; cell_line=DU145 ; treatment=control"
"cgroup_L5_c0d1d837","GSE217537",FALSE,FALSE,"trattamento","22Rv1_Enzalutamide ; treatment=enzalutamide ; cell_line=22Rv1","22Rv1_DMSO ; treatment=DMSO ; cell_line=22Rv1"
"cgroup_L5_c0d1d837","GSE217537",FALSE,FALSE,"trattamento","C4-2_Enzalutamide ; treatment=enzalutamide ; cell_line=C4-2","C4-2_DMSO ; treatment=DMSO ; cell_line=C4-2"
"cgroup_L5_c0d1d837","GSE217537",FALSE,FALSE,"trattamento","LNCaP95_Enzalutamide ; treatment=enzalutamide ; cell_line=LNCaP95","LNCaP95_DMSO ; treatment=DMSO ; cell_line=LNCaP95"
"cgroup_L5_df599af1","GSE217700",FALSE,FALSE,"trattamento","Sepsis Patient 1 ; disease_state=sepsis ; donor_id=sepsis patient 1","Healthy Control 1 ; disease_state=healthy ; donor_id"
"cgroup_L5_ff78d2a8","GSE217898",FALSE,FALSE,"trattamento","Primary aorta endothelial cells treated with Aspirin for 24 hours ; cell_type=","Primary aorta endothelial cells treated with DMSO fo"
"cgroup_L5_8a54ddd6","GSE217898",FALSE,FALSE,"trattamento","Primary aorta endothelial cells treated with Doxorubicin for 24 hours ; cell_t","Primary aorta endothelial cells treated with DMSO fo"
"cgroup_L5_8a54ddd6","GSE217898",FALSE,FALSE,"trattamento","Primary aorta endothelial cells treated with Doxorubicin for 72 hours ; cell_t","Primary aorta endothelial cells treated with DMSO fo"
"cgroup_L5_089ccae5","GSE217898",FALSE,FALSE,"trattamento","Primary aorta endothelial cells treated with Bortezomib for 24 hours ; cell_ty","Primary aorta endothelial cells treated with DMSO fo"
"cgroup_L5_089ccae5","GSE217898",FALSE,FALSE,"trattamento","Primary aorta endothelial cells treated with Bortezomib for 72 hours ; cell_ty","Primary aorta endothelial cells treated with DMSO fo"
"cgroup_L5_efced505","GSE217898",FALSE,FALSE,"trattamento","Primary aorta endothelial cells treated with Sunitinib for 72 hours ; cell_typ","Primary aorta endothelial cells treated with DMSO fo"
"cgroup_L5_efced505","GSE217898",FALSE,FALSE,"trattamento","Primary aorta endothelial cells treated with Sunitinib for 24 hours ; cell_typ","Primary aorta endothelial cells treated with DMSO fo"
"cgroup_L5_004d293d","GSE217898",FALSE,FALSE,"trattamento","Primary aorta endothelial cells treated with Lapatinib for 24 hours ; cell_typ","Primary aorta endothelial cells treated with DMSO fo"
"cgroup_L5_004d293d","GSE217898",FALSE,FALSE,"trattamento","Primary aorta endothelial cells treated with Lapatinib for 72 hours ; cell_typ","Primary aorta endothelial cells treated with DMSO fo"
"cgroup_L5_5927750b","GSE217898",FALSE,FALSE,"trattamento","Primary aorta endothelial cells treated with Carfilzomib for 24 hours ; cell_t","Primary aorta endothelial cells treated with DMSO fo"
"cgroup_L5_5927750b","GSE217898",FALSE,FALSE,"trattamento","Primary aorta endothelial cells treated with Carfilzomib for 72 hours ; cell_t","Primary aorta endothelial cells treated with DMSO fo"
"cgroup_L5_b2affd22","GSE218039",FALSE,FALSE,"trattamento","Preeclampsia ; disease_state=preeclampsia","Healthy ; disease_state=healthy"
"cgroup_L5_b2affd22","GSE218039",FALSE,FALSE,"trattamento","Preeclampsia (additional) ; disease_state=preeclampsia","Healthy ; disease_state=healthy"
"cgroup_L5_a32e5eaa","GSE218060",FALSE,FALSE,"trattamento","Spleen - DAC ; treatment=DAC ; tissue=spleen","Spleen - DMSO ; treatment=DMSO ; tissue=spleen"
"cgroup_L5_a32e5eaa","GSE218060",FALSE,FALSE,"trattamento","Bone Marrow - DAC ; treatment=DAC ; tissue=bone marrow","Bone Marrow - DMSO ; treatment=DMSO ; tissue=bone ma"
"cgroup_L5_a32e5eaa","GSE218060",TRUE,TRUE,"contesto","Spleen - DAC (Transgenic) ; treatment=DAC ; tissue=spleen","Spleen - DMSO (Transgenic PDX1) ; treatment=DMSO ; t"
"cgroup_L5_a32e5eaa","GSE218060",TRUE,TRUE,"contesto","Spleen - DAC (Transgenic PDX1) ; treatment=DAC ; tissue=spleen","Spleen - DMSO (Transgenic PDX1) ; treatment=DMSO ; t"
"cgroup_L5_a32e5eaa","GSE218060",TRUE,TRUE,"contesto","Spleen - DAC (Transgenic Non-PDX1) ; treatment=DAC ; tissue=spleen","Spleen - DMSO (Transgenic Non-PDX1) ; treatment=DMSO"
"cgroup_L5_d9e23e09","GSE218167",FALSE,FALSE,"trattamento","TNFα Stimulation ; treatment=TNFα ; cell_type_or_line_raw=NPC43 ; tissue=nasop","Vehicle Control ; treatment=vehicle_only ; cell_type"
"cgroup_L5_535d97f6","GSE218451",FALSE,FALSE,"trattamento","Imatinib-treated ; treatment=imatinib","Control ; treatment=control"
"cgroup_L5_930c8dcf","GSE218556",FALSE,FALSE,"trattamento","LNCaP cells treated with DHT ; cell_line=LNCaP ; treatment=DHT","LNCaP cells treated with Vehicle (DMSO) ; cell_line="
"cgroup_L5_c548d053","GSE218606",FALSE,FALSE,"trattamento","LPS-treated hPDLCs ; treatment=LPS ; cell_type=fibroblast ; tissue=Periodontal","Untreated hPDLCs ; treatment=untreated ; cell_type=f"
"cgroup_L5_99d7941a","GSE218860",FALSE,FALSE,"trattamento","MGG4 temozolomide 25uM ; cell_line=MGG4 ; treatment=temozolomide 25uM","MGG4 DMSO ; cell_line=MGG4 ; treatment=DMSO"
"cgroup_L5_99d7941a","GSE218860",FALSE,FALSE,"trattamento","MGG4 temozolomide 10mg/kg ; cell_line=MGG4 ; treatment=temozolomide 10mg/kg","MGG4 DMSO ; cell_line=MGG4 ; treatment=DMSO"
"cgroup_L5_d2c64672","GSE219065",FALSE,FALSE,"trattamento","Cutaneous T Cell Lymphoma Cells Romidepsin Treated ; treatment=romidepsin ; ce","Cutaneous T Cell Lymphoma Cells Vehicle Control ; tr"
"cgroup_L5_d2c64672","GSE219065",FALSE,FALSE,"trattamento","PBMC Romidepsin Treated ; treatment=romidepsin ; cell_context=PBMC","PBMC Vehicle Control ; treatment=vehicle_only ; cell"
"cgroup_L5_d2c64672","GSE219065",FALSE,FALSE,"trattamento","PBMC Romidepsin Treated ; treatment=romidepsin ; cell_context=PBMC","PBMC Vehicle Control ; treatment=vehicle_only ; cell"
"cgroup_L5_d2c64672","GSE219065",FALSE,FALSE,"trattamento","PBMC Romidepsin Treated ; treatment=romidepsin ; cell_context=PBMC","PBMC Vehicle Control ; treatment=vehicle_only ; cell"
"cgroup_L5_a6fd82fa","GSE219159",FALSE,FALSE,"trattamento","4-OHT_1 ; treatment=4-OHT ; time(hours)=6","DMSO ; treatment=DMSO ; time(hours)=6"
"cgroup_L5_a6fd82fa","GSE219159",FALSE,FALSE,"trattamento","4-OHT_2 ; treatment=4-OHT ; time(hours)=6","DMSO ; treatment=DMSO ; time(hours)=6"
"cgroup_L5_b71a25a2","GSE219191",FALSE,FALSE,"trattamento","MDA-MB-231 treated with JQ1 (1) ; treatment=JQ1 ; cell_line=MDA-MB-231 ; disea","MDA-MB-231 treated with DMSO ; treatment=DMSO ; cell"
"cgroup_L5_b71a25a2","GSE219191",FALSE,FALSE,"trattamento","MDA-MB-231 treated with JQ1 (2) ; treatment=JQ1 ; cell_line=MDA-MB-231 ; disea","MDA-MB-231 treated with DMSO ; treatment=DMSO ; cell"
"cgroup_L5_b71a25a2","GSE219191",FALSE,FALSE,"trattamento","MDA-MB-231 treated with JQ1 (3) ; treatment=JQ1 ; cell_line=MDA-MB-231 ; disea","MDA-MB-231 treated with DMSO ; treatment=DMSO ; cell"
"cgroup_L5_2e16719f","GSE220038",FALSE,FALSE,"trattamento","Wild-type + TGFB1 ; treatment=TGFB1 ; genotype=wild-type","Wild-type + DMSO ; treatment=DMSO ; genotype=wild-ty"
"cgroup_L5_2e16719f","GSE220038",FALSE,FALSE,"trattamento","Wild-type + TGFB1 (1 hour) ; treatment=TGFB1 (1 hour) ; genotype=wild-type","Wild-type + DMSO ; treatment=DMSO ; genotype=wild-ty"
"cgroup_L5_8341bee7","GSE220806",FALSE,FALSE,"trattamento","Cervical insufficiency, progesterone ; treatment=progesterone ; disease_state=","Cervical insufficiency, untreated ; treatment=untrea"
"cgroup_L5_8341bee7","GSE220806",FALSE,FALSE,"trattamento","Healthy, progesterone ; treatment=progesterone ; disease_state=healthy","Healthy, untreated ; treatment=untreated ; disease_s"
"cgroup_L5_be15b706","GSE220972",FALSE,FALSE,"trattamento","IL-13 Stimulation ; treatment=IL-13 ; cell_type=Human Bronchial Smooth Muscle ","Control (Vehicle) ; treatment=vehicle_only ; cell_ty"
"cgroup_L5_be15b706","GSE220972",FALSE,FALSE,"trattamento","IL-13 Stimulation (Replicate) ; treatment=IL-13 ; cell_type=Human Bronchial Sm","Control (Vehicle) ; treatment=vehicle_only ; cell_ty"
"cgroup_L5_2e16719f","GSE220972",FALSE,FALSE,"trattamento","TGF-β1 Stimulation ; treatment=TGF-β1 ; cell_type=Human Bronchial Smooth Muscl","Control (Vehicle) Lung Tissue ; treatment=vehicle_on"
"cgroup_L5_eb5e1e65","GSE221103",FALSE,FALSE,"trattamento","SKNAS cells treated with 4OHT and dexamethasone (vehicle) ; cell_line=SKNAS ; ","SKNAS cells treated with ethanol (vehicle) ; cell_li"
"cgroup_L5_eb5e1e65","GSE221173",FALSE,FALSE,"trattamento","U2OS MYC-ER CT36 Dexamethasone ; treatment=dexamethasone ; time=CT36","U2OS MYC-ER CT36 Ethanol ; treatment=ethanol ; time="
"cgroup_L5_eb5e1e65","GSE221173",FALSE,FALSE,"trattamento","U2OS MYC-ER CT38 Dexamethasone ; treatment=dexamethasone ; time=CT38","U2OS MYC-ER CT38 Ethanol ; treatment=ethanol ; time="
"cgroup_L5_eb5e1e65","GSE221173",FALSE,FALSE,"trattamento","U2OS MYC-ER CT42 Dexamethasone ; treatment=dexamethasone ; time=CT42","U2OS MYC-ER CT42 Ethanol ; treatment=ethanol ; time="
"cgroup_L5_eb5e1e65","GSE221173",FALSE,FALSE,"trattamento","U2OS MYC-ER CT44 Dexamethasone ; treatment=dexamethasone ; time=CT44","U2OS MYC-ER CT44 Ethanol ; treatment=ethanol ; time="
"cgroup_L5_eb5e1e65","GSE221173",FALSE,FALSE,"trattamento","U2OS MYC-ER CT46 Dexamethasone ; treatment=dexamethasone ; time=CT46","U2OS MYC-ER CT46 Ethanol ; treatment=ethanol ; time="
"cgroup_L5_eb5e1e65","GSE221173",FALSE,FALSE,"trattamento","U2OS MYC-ER CT48 Dexamethasone ; treatment=dexamethasone ; time=CT48","U2OS MYC-ER CT48 Ethanol ; treatment=ethanol ; time="
"cgroup_L5_eb5e1e65","GSE221173",FALSE,FALSE,"trattamento","U2OS MYC-ER CT50 Dexamethasone ; treatment=dexamethasone ; time=CT50","U2OS MYC-ER CT50 Ethanol ; treatment=ethanol ; time="
"cgroup_L5_eb5e1e65","GSE221173",FALSE,FALSE,"trattamento","U2OS MYC-ER CT54 Dexamethasone ; treatment=dexamethasone ; time=CT54","U2OS MYC-ER CT54 Ethanol ; treatment=ethanol ; time="
"cgroup_L5_eb5e1e65","GSE221173",FALSE,FALSE,"trattamento","U2OS MYC-ER CT56 Dexamethasone ; treatment=dexamethasone ; time=CT56","U2OS MYC-ER CT56 Ethanol ; treatment=ethanol ; time="
"cgroup_L5_eb5e1e65","GSE221173",FALSE,FALSE,"trattamento","U2OS MYC-ER CT58 Dexamethasone ; treatment=dexamethasone ; time=CT58","U2OS MYC-ER CT58 Ethanol ; treatment=ethanol ; time="
"cgroup_L5_eb5e1e65","GSE221173",FALSE,FALSE,"trattamento","U2OS MYC-ER CT60 Dexamethasone ; treatment=dexamethasone ; time=CT60","U2OS MYC-ER CT60 Ethanol ; treatment=ethanol ; time="
"cgroup_L5_eb5e1e65","GSE221173",FALSE,FALSE,"trattamento","U2OS MYC-ER CT62 Dexamethasone ; treatment=dexamethasone ; time=CT62","U2OS MYC-ER CT62 Ethanol ; treatment=ethanol ; time="
"cgroup_L5_3b91a21d","GSE221240",FALSE,FALSE,"trattamento","Liver Metastasis ; cell_context=Liver metastasis ; disease_state=Liver metasta","Normal Liver (Donor 655) ; cell_context=Normal liver"
"cgroup_L5_74daf1c9","GSE221398",FALSE,FALSE,"trattamento","OSCC tissues ; disease_state=OSCC","Normal tissues ; disease_state=normal"
"cgroup_L5_41f7b088","GSE221475",FALSE,FALSE,"trattamento","CAL-51_Gefitinib ; treatment=Gefitinib ; cell_line=CAL-51","CAL-51_DMSO ; treatment=DMSO ; cell_line=CAL-51"
"cgroup_L5_b9e7806c","GSE221475",FALSE,FALSE,"trattamento","CAL-51_THZ531 ; treatment=THZ531 ; cell_line=CAL-51","CAL-51_DMSO ; treatment=DMSO ; cell_line=CAL-51"
"cgroup_L5_41f7b088","GSE221475",FALSE,FALSE,"trattamento","CAL-51_Gefitinib ; treatment=Gefitinib ; cell_line=CAL-51","CAL-51_DMSO ; treatment=DMSO ; cell_line=CAL-51"
"cgroup_L5_41f7b088","GSE221475",FALSE,FALSE,"trattamento","MDA-MB-231_Gefitinib ; treatment=Gefitinib ; cell_line=MDA-MB-231","MDA-MB-231_DMSO ; treatment=DMSO ; cell_line=MDA-MB-"
"cgroup_L5_41f7b088","GSE221475",FALSE,FALSE,"trattamento","MDA-MB-231_Gefitinib ; treatment=Gefitinib ; cell_line=MDA-MB-231","MDA-MB-231_DMSO ; treatment=DMSO ; cell_line=MDA-MB-"
"cgroup_L5_b9e7806c","GSE221475",FALSE,FALSE,"trattamento","MDA-MB-231_THZ531 ; treatment=THZ531 ; cell_line=MDA-MB-231","MDA-MB-231_DMSO ; treatment=DMSO ; cell_line=MDA-MB-"
"cgroup_L5_79b3a442","GSE221511",FALSE,FALSE,"trattamento","growth condition (CTEPH) ; treatment=growth condition ; disease_state=CTEPH","growth condition (normal) ; treatment=growth conditi"
"cgroup_L5_3d8c29f4","GSE221563",FALSE,FALSE,"trattamento","Gamma-delta T cells treated with IL2 ; treatment=IL2","Untreated gamma-delta T cells"
"cgroup_L5_dc7451b1","GSE221672",FALSE,FALSE,"trattamento","HEK293T-H2A + Pinometostat ; treatment=Pinometostat ; mutation=wild-type","HEK293T-H2A + DMSO (replicates) ; treatment=DMSO ; m"
"cgroup_L5_3be7454c","GSE221804",FALSE,FALSE,"trattamento","Wild-type, IFN alpha, 0h ; treatment=IFN alpha ; genetic_background=wild-type","Wild-type, unstimulated ; treatment=unstimulated ; g"
"cgroup_L5_87c40ebb","GSE221804",FALSE,FALSE,"trattamento","Wild-type, IFN gamma, 72h ; treatment=IFN gamma ; genetic_background=wild-type","Wild-type, unstimulated ; treatment=unstimulated ; g"
"cgroup_L5_87c40ebb","GSE221804",FALSE,FALSE,"trattamento","Wild-type, IFN gamma, 24h ; treatment=IFN gamma ; genetic_background=wild-type","Wild-type, unstimulated ; treatment=unstimulated ; g"
"cgroup_L5_87c40ebb","GSE221804",FALSE,FALSE,"trattamento","Wild-type, IFN gamma, 4h ; treatment=IFN gamma ; genetic_background=wild-type","Wild-type, unstimulated ; treatment=unstimulated ; g"
"cgroup_L5_87c40ebb","GSE221804",FALSE,FALSE,"trattamento","Wild-type, IFN gamma, 8h ; treatment=IFN gamma ; genetic_background=wild-type","Wild-type, unstimulated ; treatment=unstimulated ; g"
"cgroup_L5_87c40ebb","GSE221804",FALSE,FALSE,"trattamento","Wild-type, IFN gamma, 72h ; treatment=IFN gamma ; genetic_background=wild-type","Wild-type, unstimulated ; treatment=unstimulated ; g"
"cgroup_L5_87c40ebb","GSE221804",FALSE,FALSE,"trattamento","Wild-type, IFN gamma, 2h ; treatment=IFN gamma ; genetic_background=wild-type","Wild-type, unstimulated ; treatment=unstimulated ; g"
"cgroup_L5_87c40ebb","GSE221804",FALSE,FALSE,"trattamento","Wild-type, IFN gamma, 24h ; treatment=IFN gamma ; genetic_background=wild-type","Wild-type, unstimulated ; treatment=unstimulated ; g"
"cgroup_L5_87c40ebb","GSE221804",FALSE,FALSE,"trattamento","Wild-type, IFN gamma, 4h ; treatment=IFN gamma ; genetic_background=wild-type","Wild-type, unstimulated ; treatment=unstimulated ; g"
"cgroup_L5_87c40ebb","GSE221804",TRUE,TRUE,"contesto","IRF1 knockout, IFN gamma, 2h ; treatment=IFN gamma ; genetic_background=IRF1 k","IRF9 knockout, unstimulated ; treatment=unstimulated"
"cgroup_L5_87c40ebb","GSE221804",TRUE,TRUE,"contesto","IRF1 knockout, IFN gamma, 8h ; treatment=IFN gamma ; genetic_background=IRF1 k","IRF9 knockout, unstimulated ; treatment=unstimulated"
"cgroup_L5_3be7454c","GSE221804",FALSE,FALSE,"trattamento","Wild-type, IFN alpha, 0h ; treatment=IFN alpha ; genetic_background=wild-type","Wild-type, unstimulated ; treatment=unstimulated ; g"
"cgroup_L5_3be7454c","GSE221804",FALSE,FALSE,"trattamento","Wild-type, IFN alpha, 2h ; treatment=IFN alpha ; genetic_background=wild-type","Wild-type, unstimulated ; treatment=unstimulated ; g"
"cgroup_L5_3be7454c","GSE221804",FALSE,FALSE,"trattamento","Wild-type, IFN alpha, 2h ; treatment=IFN alpha ; genetic_background=wild-type","Wild-type, unstimulated ; treatment=unstimulated ; g"
"cgroup_L5_3be7454c","GSE221804",FALSE,FALSE,"trattamento","Wild-type, IFN alpha, 24h ; treatment=IFN alpha ; genetic_background=wild-type","Wild-type, unstimulated ; treatment=unstimulated ; g"
"cgroup_L5_3be7454c","GSE221804",FALSE,FALSE,"trattamento","Wild-type, IFN alpha, 24h ; treatment=IFN alpha ; genetic_background=wild-type","Wild-type, unstimulated ; treatment=unstimulated ; g"
"cgroup_L5_3be7454c","GSE221804",FALSE,FALSE,"trattamento","Wild-type, IFN alpha, 4h ; treatment=IFN alpha ; genetic_background=wild-type","Wild-type, unstimulated ; treatment=unstimulated ; g"
"cgroup_L5_3be7454c","GSE221804",FALSE,FALSE,"trattamento","Wild-type, IFN alpha, 4h ; treatment=IFN alpha ; genetic_background=wild-type","Wild-type, unstimulated ; treatment=unstimulated ; g"
"cgroup_L5_3be7454c","GSE221804",FALSE,FALSE,"trattamento","Wild-type, IFN alpha, 48h ; treatment=IFN alpha ; genetic_background=wild-type","Wild-type, unstimulated ; treatment=unstimulated ; g"
"cgroup_L5_3be7454c","GSE221804",FALSE,FALSE,"trattamento","Wild-type, IFN alpha, 72h ; treatment=IFN alpha ; genetic_background=wild-type","Wild-type, unstimulated ; treatment=unstimulated ; g"
"cgroup_L5_3be7454c","GSE221804",FALSE,FALSE,"trattamento","Wild-type, IFN alpha, 72h ; treatment=IFN alpha ; genetic_background=wild-type","Wild-type, unstimulated ; treatment=unstimulated ; g"
"cgroup_L5_3be7454c","GSE221804",FALSE,FALSE,"trattamento","Wild-type, IFN alpha, 8h ; treatment=IFN alpha ; genetic_background=wild-type","Wild-type, unstimulated ; treatment=unstimulated ; g"
"cgroup_L5_3be7454c","GSE221804",FALSE,FALSE,"trattamento","Wild-type, IFN alpha, 8h ; treatment=IFN alpha ; genetic_background=wild-type","Wild-type, unstimulated ; treatment=unstimulated ; g"
"cgroup_L5_87c40ebb","GSE221804",TRUE,TRUE,"contesto","IRF9 knockout, IFN gamma, 4h ; treatment=IFN gamma ; genetic_background=IRF9 k","IRF9 knockout, unstimulated ; treatment=unstimulated"
"cgroup_L5_87c40ebb","GSE221804",TRUE,TRUE,"contesto","IRF9 knockout, IFN gamma, 8h ; treatment=IFN gamma ; genetic_background=IRF9 k","IRF9 knockout, unstimulated ; treatment=unstimulated"
"cgroup_L5_3be7454c","GSE221804",TRUE,TRUE,"contesto","IRF9 knockout, IFN alpha, 2h ; treatment=IFN alpha ; genetic_background=IRF9 k","IRF9 knockout, unstimulated ; treatment=unstimulated"
"cgroup_L5_3be7454c","GSE221804",FALSE,FALSE,"trattamento","Wild-type, IFN alpha, 0h ; treatment=IFN alpha ; genetic_background=wild-type","Wild-type, unstimulated ; treatment=unstimulated ; g"
"cgroup_L5_37ecd157","GSE221860",FALSE,FALSE,"trattamento","VEGF stimulated ; treatment=VEGF","PBS ; control=PBS"
"cgroup_L5_37ecd157","GSE221861",FALSE,FALSE,"trattamento","VEGF-treated wild-type ; treatment=VEGF ; genetic_modification=wild-type","PBS-treated wild-type ; treatment=PBS ; genetic_modi"
"cgroup_L5_ee94648c","GSE222117",FALSE,FALSE,"trattamento","HT-29 cells exposed to E. coli ; pathogen=Escherichia coli","Untreated HT-29 cells"
"cgroup_L5_a6fd82fa","GSE222190",FALSE,FALSE,"trattamento","U2OS-derived cells treated with 4-OHT (300 nM) ; treatment=4-OHT ; dose=300 nM","Untreated U2OS-derived cells ; treatment=untreated"
"cgroup_L5_f34ff8df","GSE222221",FALSE,FALSE,"trattamento","Etoposide-treated ; treatment=Etoposide ; cell_type_or_line_raw=U2OS ; tissue=","Control (no treatment) ; treatment=no treatment ; ce"
"cgroup_L5_8a54ddd6","GSE222221",FALSE,FALSE,"trattamento","Adriamycin-treated ; treatment=Adriamycin ; cell_type_or_line_raw=U2OS ; tissu","Control (no treatment) ; treatment=no treatment ; ce"
"cgroup_L5_7805eee6","GSE222253",FALSE,FALSE,"trattamento","COVID-19 patients ; disease_state=COVID-19","Healthy controls ; disease_state=Healthy"
"cgroup_L5_79ce3bd1","GSE222279",FALSE,FALSE,"trattamento","Bleomycin ; treatment=Bleomycin","Vehicle Control ; treatment=None (vehicle)"
"cgroup_L5_49d55bfd","GSE222284",FALSE,FALSE,"trattamento","IL-4 + DMSO ; treatment=IL-4 ; vehicle=DMSO","PBS + DMSO ; vehicle=PBS ; vehicle=DMSO"
"cgroup_L5_49d55bfd","GSE222284",FALSE,FALSE,"trattamento","Z-DON(Z006) + IL-4 ; treatment=Z-DON(Z006) ; treatment=IL-4","PBS + DMSO ; vehicle=PBS ; vehicle=DMSO"
"cgroup_L5_49d55bfd","GSE222284",FALSE,FALSE,"trattamento","Z-DON(Z006) + IL-4 ; treatment=Z-DON(Z006) ; treatment=IL-4","PBS + DMSO ; vehicle=PBS ; vehicle=DMSO"
"cgroup_L5_a739837c","GSE222298",FALSE,FALSE,"trattamento","Adenoma T2 SAP-07 ; disease_state=Adenoma ; timepoint=T2","Healthy T2 SAP-07 ; disease_state=Healthy mucosa ; t"
"cgroup_L5_a739837c","GSE222298",FALSE,FALSE,"trattamento","Adenoma T2 SAP-19 ; disease_state=Adenoma ; timepoint=T2","Healthy T2 SAP-07 ; disease_state=Healthy mucosa ; t"
"cgroup_L5_479c6221","GSE222376",FALSE,FALSE,"trattamento","H2731 + GSK126 ; cell_line=H2731 ; treatment=GSK126","H2731 + DMSO ; cell_line=H2731 ; treatment=DMSO"
"cgroup_L5_479c6221","GSE222376",FALSE,FALSE,"trattamento","H2810 + GSK126 ; cell_line=H2810 ; treatment=GSK126","H2810 + DMSO ; cell_line=H2810 ; treatment=DMSO"
"cgroup_L5_2e16719f","GSE222402",FALSE,FALSE,"trattamento","HCCLM3 cells, TGF-β1 ; cell_line=HCCLM3 cells ; treatment=TGF-β1","HCCLM3 cells, control ; cell_line=HCCLM3 cells ; tre"
"cgroup_L5_2e16719f","GSE222402",FALSE,FALSE,"trattamento","MHCC97H cells, TGF-β1 ; cell_line=MHCC97H cells ; treatment=TGF-β1","MHCC97H cells, control ; cell_line=MHCC97H cells ; t"
"cgroup_L5_2e16719f","GSE222402",FALSE,FALSE,"trattamento","MHCC97L cells, TGF-β1 ; cell_line=MHCC97L cells ; treatment=TGF-β1","MHCC97L cells, control ; cell_line=MHCC97L cells ; t"
"cgroup_L5_b9e7806c","GSE222493",FALSE,FALSE,"trattamento","THZ531 200nM 6h ; treatment=THZ531","DMSO ; treatment=DMSO"
"cgroup_L5_b9e7806c","GSE222493",FALSE,FALSE,"trattamento","THZ531 200nM 6h ; treatment=THZ531","DMSO ; treatment=DMSO"
"cgroup_L5_b9e7806c","GSE222493",FALSE,FALSE,"trattamento","THZ531 200nM 6h ; treatment=THZ531","DMSO ; treatment=DMSO"
"cgroup_L5_46a3a103","GSE222658",FALSE,FALSE,"trattamento","SAS Radiation ; Treatment=Radiation ; Genetic Modification=Wild Type","SAS Control ; Treatment=Control ; Genetic Modificati"
"cgroup_L5_79ce3bd1","GSE222676",FALSE,FALSE,"trattamento","IMR90 senescent cells treated with bleomycin ; Treatment=bleomycin ; Genotype=","IMR90 proliferating cells untreated ; Treatment=untr"
"cgroup_L5_79ce3bd1","GSE222676",TRUE,TRUE,"contesto","IMR90 cells with ABCA1 knockout treated with bleomycin ; Treatment=bleomycin ;","IMR90 proliferating cells with ABCA1 knockout ; Trea"
"cgroup_L5_79ce3bd1","GSE222676",TRUE,TRUE,"contesto","IMR90 cells with ABCA1 knockout treated with bleomycin ; Treatment=bleomycin ;","IMR90 proliferating cells with ABCA1 knockout ; Trea"
"cgroup_L5_0e66597e","GSE222728",FALSE,FALSE,"trattamento","Fulvestrant-treated MCF-7 cells ; treatment=Fulvestrant ; cell_line=MCF-7 ; du","DMSO-treated MCF-7 cells ; treatment=DMSO ; cell_lin"
"cgroup_L5_dde29fb4","GSE222749",FALSE,FALSE,"trattamento","H2O2-treated ; treatment=H2O2 ; cell_type_or_line_raw=progenitor cells ; tissu","Control ; treatment=control ; cell_type_or_line_raw="
"cgroup_L5_8a54ddd6","GSE222984",FALSE,FALSE,"trattamento","MDA-MB-231 Differentiated Doxorubicin ; cell_line=MDA-MB-231 ; treatment=doxor","MDA-MB-231 Control ; cell_line=MDA-MB-231 ; treatmen"
"cgroup_L5_f94b6180","GSE222992",FALSE,FALSE,"trattamento","ACC-422_R1881 ; cell_line=ACC-422 ; treatment=R1881","ACC-422_no_treatment ; cell_line=ACC-422 ; treatment"
"cgroup_L5_46a3a103","GSE222992",FALSE,FALSE,"trattamento","ACC-422_radiation ; cell_line=ACC-422 ; treatment=radiation treatment","ACC-422_no_treatment ; cell_line=ACC-422 ; treatment"
"cgroup_L5_f94b6180","GSE222992",FALSE,FALSE,"trattamento","MDA-MB-453_R1881 ; cell_line=MDA-MB-453 ; treatment=R1881","MDA-MB-453_no_treatment ; cell_line=MDA-MB-453 ; tre"
"cgroup_L5_46a3a103","GSE222992",FALSE,FALSE,"trattamento","MDA-MB-453_radiation ; cell_line=MDA-MB-453 ; treatment=radiation treatment","MDA-MB-453_no_treatment ; cell_line=MDA-MB-453 ; tre"
"cgroup_L5_889ec305","GSE223119",FALSE,FALSE,"trattamento","Colorectal carcinoma tissue C1 ; disease_state=colorectal carcinoma ; cell_typ","Normal Colorectum ; disease_state=normal ; cell_type"
"cgroup_L5_a8d88150","GSE223201",FALSE,FALSE,"trattamento","LEN02 HCC treated with Lenvatinib ; treatment=Lenvatinib ; cell_context=LEN02 ","Primary Liver HCC Control ; treatment=Control ; cell"
"cgroup_L5_a8d88150","GSE223201",FALSE,FALSE,"trattamento","Primary Liver HCC treated with Lenvatinib ; treatment=Lenvatinib ; cell_contex","Primary Liver HCC Control ; treatment=Control ; cell"
"cgroup_L5_601ede7b","GSE223372",FALSE,FALSE,"trattamento","LX1042 + osimertinib (25 mg/kg) ; treatment=osimertinib ; cell_line=LX1042","LX1042 + vehicle (5% glucose+0.5%HPMC) ; treatment=v"
"cgroup_L5_601ede7b","GSE223372",FALSE,FALSE,"trattamento","LX831b + osimertinib (25 mg/kg) ; treatment=osimertinib ; cell_line=LX831b","LX831b + vehicle (5% glucose+0.5%HPMC) ; treatment=v"
"cgroup_L5_601ede7b","GSE223372",FALSE,FALSE,"trattamento","LX831b + osimertinib (25 mg/kg) ; treatment=osimertinib ; cell_line=LX831b","LX831b + vehicle (5% glucose+0.5%HPMC) ; treatment=v"
"cgroup_L5_601ede7b","GSE223372",FALSE,FALSE,"trattamento","LX831b + osimertinib (25 mg/kg) ; treatment=osimertinib ; cell_line=LX831b","LX831b + vehicle (5% glucose+0.5%HPMC) ; treatment=v"
"cgroup_L5_2248a891","GSE223514",FALSE,FALSE,"trattamento","Wild-type BeWo cells treated with forskolin ; treatment=forskolin ; genotype=w","Wild-type BeWo cells treated with DMSO ; treatment=D"
"cgroup_L5_2248a891","GSE223514",FALSE,FALSE,"trattamento","Wild-type BeWo cells treated with forskolin ; treatment=forskolin ; genotype=w","Wild-type BeWo cells treated with DMSO ; treatment=D"
"cgroup_L5_2248a891","GSE223514",FALSE,FALSE,"trattamento","Wild-type BeWo cells treated with forskolin ; treatment=forskolin ; genotype=w","Wild-type BeWo cells treated with DMSO ; treatment=D"
"cgroup_L5_2248a891","GSE223514",TRUE,TRUE,"contesto","SLC25A1 KO BeWo cells treated with forskolin ; treatment=forskolin ; genotype=","SLC25A1 KO BeWo cells treated with DMSO ; treatment="
"cgroup_L5_2248a891","GSE223514",TRUE,TRUE,"contesto","SLC25A1 KO BeWo cells treated with forskolin ; treatment=forskolin ; genotype=","SLC25A1 KO BeWo cells treated with DMSO ; treatment="
"cgroup_L5_2248a891","GSE223514",TRUE,TRUE,"contesto","SLC25A1 KO BeWo cells treated with forskolin ; treatment=forskolin ; genotype=","SLC25A1 KO BeWo cells treated with DMSO ; treatment="
"cgroup_L5_1d96b9da","GSE223543",FALSE,FALSE,"trattamento","Human dermal fibroblasts, Poly (I:C), 72h ; cell_type=Human dermal fibroblasts","Human dermal fibroblasts, Medium, 72h ; cell_type=Hu"
"cgroup_L5_1d96b9da","GSE223543",FALSE,FALSE,"trattamento","Valvular interstitial cells, Poly (I:C), 72h ; cell_type=Valvular interstitial","Valvular interstitial cells, Medium, 72h ; cell_type"
"cgroup_L5_2e16719f","GSE223682",FALSE,FALSE,"trattamento","TGFB1-treated HBEC3KT ; treatment=TGFB1 ; cell_line=HBEC3KT","PBS-treated HBEC3KT ; treatment=PBS ; cell_line=HBEC"
"cgroup_L5_a32e5eaa","GSE223688",TRUE,TRUE,"contesto","SETD2 KO + Decitabine 300nM ; treatment=Decitabine 300nM","SETD2 KO + DMSO ; treatment=DMSO"
"cgroup_L5_a32e5eaa","GSE223688",TRUE,TRUE,"contesto","SETD2 KO + Decitabine 100nM ; treatment=Decitabine 100nM","SETD2 KO + DMSO ; treatment=DMSO"
"cgroup_L5_a32e5eaa","GSE223688",TRUE,TRUE,"contesto","SETD2 KO + Decitabine 300nM ; treatment=Decitabine 300nM","SETD2 KO + DMSO ; treatment=DMSO"
"cgroup_L5_d2c64672","GSE223758",FALSE,FALSE,"trattamento","22Rv1 + Romidepsin (1nM, 96h) ; cell_line=22Rv1 ; treatment=Romidepsin","22Rv1 + vehicle (96h) ; cell_line=22Rv1 ; treatment="
"cgroup_L5_d2c64672","GSE223758",FALSE,FALSE,"trattamento","LNCaP C4-2B + Romidepsin (1nM, 24h) ; cell_line=LNCaP C4-2B ; treatment=Romide","LNCaP C4-2B + vehicle (24h) ; cell_line=LNCaP C4-2B "
"cgroup_L5_f56d966d","GSE223758",FALSE,FALSE,"trattamento","NCI-H660 + Ipatasertib (1uM, 24h) ; cell_line=NCI-H660 ; treatment=Ipatasertib","NCI-H660 + vehicle (24h) ; cell_line=NCI-H660 ; trea"
"cgroup_L5_d2c64672","GSE223758",FALSE,FALSE,"trattamento","NCI-H660 + Romidepsin (1nM, 24h) ; cell_line=NCI-H660 ; treatment=Romidepsin","NCI-H660 + vehicle (24h) ; cell_line=NCI-H660 ; trea"
"cgroup_L5_f56d966d","GSE223758",FALSE,FALSE,"trattamento","NCI-H660 + Ipatasertib (1uM, 24h) ; cell_line=NCI-H660 ; treatment=Ipatasertib","NCI-H660 + vehicle (24h) ; cell_line=NCI-H660 ; trea"
"cgroup_L5_f56d966d","GSE223758",FALSE,FALSE,"trattamento","NCI-H660 + Ipatasertib (1uM, 24h) ; cell_line=NCI-H660 ; treatment=Ipatasertib","NCI-H660 + vehicle (24h) ; cell_line=NCI-H660 ; trea"
"cgroup_L5_d2c64672","GSE223758",FALSE,FALSE,"trattamento","NCI-H660 + Romidepsin (1nM, 24h) ; cell_line=NCI-H660 ; treatment=Romidepsin","NCI-H660 + vehicle (24h) ; cell_line=NCI-H660 ; trea"
"cgroup_L5_f56d966d","GSE223758",FALSE,FALSE,"trattamento","NCI-H660 + Ipatasertib (1uM, 24h) ; cell_line=NCI-H660 ; treatment=Ipatasertib","NCI-H660 + vehicle (24h) ; cell_line=NCI-H660 ; trea"
"cgroup_L5_d2c64672","GSE223758",FALSE,FALSE,"trattamento","Prostate cancer PDX + Romidepsin (500pM, 96h) ; cell_line=prostate cancer ; tr","Prostate cancer PDX + vehicle (96h) ; cell_line=pros"
"cgroup_L5_d2c64672","GSE223758",FALSE,FALSE,"trattamento","Prostate cancer PDX + Romidepsin (500pM, 96h) ; cell_line=prostate cancer ; tr","Prostate cancer PDX + vehicle (96h) ; cell_line=pros"
"cgroup_L5_f56d966d","GSE223758",FALSE,FALSE,"trattamento","LNCaP C4-2B + Ipatasertib (1uM, 24h) ; cell_line=LNCaP C4-2B ; treatment=Ipata","LNCaP C4-2B + vehicle (24h) ; cell_line=LNCaP C4-2B "
"cgroup_L5_d2c64672","GSE223758",FALSE,FALSE,"trattamento","LNCaP C4-2B + Romidepsin (1nM, 24h) ; cell_line=LNCaP C4-2B ; treatment=Romide","LNCaP C4-2B + vehicle (24h) ; cell_line=LNCaP C4-2B "
"cgroup_L5_f56d966d","GSE223758",FALSE,FALSE,"trattamento","LNCaP C4-2B + Ipatasertib (1uM, 24h) ; cell_line=LNCaP C4-2B ; treatment=Ipata","LNCaP C4-2B + vehicle (24h) ; cell_line=LNCaP C4-2B "
"cgroup_L5_d2c64672","GSE223758",FALSE,FALSE,"trattamento","LNCaP C4-2B (engineered) + Romidepsin (1nM, 24h) ; cell_line=LNCaP C4-2B (engi","LNCaP C4-2B + vehicle (24h) ; cell_line=LNCaP C4-2B "
"cgroup_L5_d2c64672","GSE223758",FALSE,FALSE,"trattamento","LNCaP C4-2B (engineered) + Romidepsin (1nM, 96h) ; cell_line=LNCaP C4-2B (engi","LNCaP C4-2B + vehicle (96h) ; cell_line=LNCaP C4-2B "
"cgroup_L5_d2c64672","GSE223758",FALSE,FALSE,"trattamento","LNCaP C4-2B (engineered) + Romidepsin (1nM, 24h) ; cell_line=LNCaP C4-2B (engi","LNCaP C4-2B + vehicle (24h) ; cell_line=LNCaP C4-2B "
"cgroup_L5_021e875e","GSE223839",FALSE,FALSE,"trattamento","HepG2 Cisplatin 3.125 uM ; treatment=Cisplatin ; genetic_modification=Wild-typ","HepG2 Untreated ; treatment=Untreated ; genetic_modi"
"cgroup_L5_021e875e","GSE223839",TRUE,TRUE,"contesto","HepG2 RRM2B KO Cisplatin 3.125 uM ; treatment=Cisplatin ; genetic_modification","HepG2 RRM2B KO ; treatment=Untreated ; genetic_modif"
"cgroup_L5_021e875e","GSE223839",TRUE,TRUE,"contesto","HepG2 RRM2B KO Cisplatin 3.125 uM ; treatment=Cisplatin ; genetic_modification","HepG2 RRM2B KO ; treatment=Untreated ; genetic_modif"
"cgroup_L5_021e875e","GSE223839",FALSE,FALSE,"trattamento","HepG2 RRM2 Cisplatin 3.125 uM ; treatment=Cisplatin ; genetic_modification=RRM","HepG2 RRM2 ; treatment=Untreated ; genetic_modificat"
"cgroup_L5_021e875e","GSE223839",FALSE,FALSE,"trattamento","HepG2 RRM2B Cisplatin 3.125 uM ; treatment=Cisplatin ; genetic_modification=RR","HepG2 RRM2B ; treatment=Untreated ; genetic_modifica"
"cgroup_L5_021e875e","GSE223839",FALSE,FALSE,"trattamento","HepG2 RRM2B Cisplatin 3.125 uM ; treatment=Cisplatin ; genetic_modification=RR","HepG2 RRM2B ; treatment=Untreated ; genetic_modifica"
"cgroup_L5_021e875e","GSE223839",TRUE,TRUE,"contesto","HepG2 RTD Overexpression Cisplatin 3.125 uM ; treatment=Cisplatin ; genetic_mo","HepG2 RTD Overexpression ; treatment=Untreated ; gen"
"cgroup_L5_a32e5eaa","GSE223893",FALSE,FALSE,"trattamento","SETD2 WT DAC Day5 ; Genotype=SETD2 WT ; Treatment=DAC ; Duration=Day5","SETD2 WT Control ; Genotype=SETD2 WT ; Treatment=Con"
"cgroup_L5_a32e5eaa","GSE223893",FALSE,FALSE,"trattamento","SETD2 WT DAC Day16 ; Genotype=SETD2 WT ; Treatment=DAC ; Duration=Day16","SETD2 WT Control ; Genotype=SETD2 WT ; Treatment=Con"
"cgroup_L5_a32e5eaa","GSE223893",FALSE,FALSE,"trattamento","SETD2 WT DAC Day26 ; Genotype=SETD2 WT ; Treatment=DAC ; Duration=Day26","SETD2 WT Control ; Genotype=SETD2 WT ; Treatment=Con"
"cgroup_L5_a32e5eaa","GSE223893",TRUE,TRUE,"contesto","SETD2 KO DAC Day5 ; Genotype=SETD2 KO ; Treatment=DAC ; Duration=Day5","SETD2 KO Control ; Genotype=SETD2 KO ; Treatment=Con"
"cgroup_L5_a32e5eaa","GSE223893",TRUE,TRUE,"contesto","SETD2 KO DAC Day16 ; Genotype=SETD2 KO ; Treatment=DAC ; Duration=Day16","SETD2 KO Control ; Genotype=SETD2 KO ; Treatment=Con"
"cgroup_L5_a32e5eaa","GSE223893",TRUE,TRUE,"contesto","SETD2 KO DAC Day26 ; Genotype=SETD2 KO ; Treatment=DAC ; Duration=Day26","SETD2 KO Control ; Genotype=SETD2 KO ; Treatment=Con"
"cgroup_L5_3f0cc1fe","GSE224758",FALSE,FALSE,"trattamento","Active Ulcerative Colitis (single sample) ; disease_state=active ulcerative co","Healthy Control (colon) ; disease_state=healthy ; tr"
"cgroup_L5_3f0cc1fe","GSE224758",FALSE,FALSE,"trattamento","Active Ulcerative Colitis (single sample) ; disease_state=active ulcerative co","Healthy Control (colon) ; disease_state=healthy ; tr"
"cgroup_L5_83f57274","GSE224973",FALSE,FALSE,"trattamento","Hypoxia 24h ; oxygen_condition=hypoxia ; time=24 hours","Normoxia 24h ; oxygen_condition=normoxia ; time=24 h"
"cgroup_L5_83f57274","GSE224973",FALSE,FALSE,"trattamento","Hypoxia 24h ; oxygen_condition=hypoxia ; time=24 hours","Normoxia 24h ; oxygen_condition=normoxia ; time=24 h"
"cgroup_L5_83f57274","GSE224973",FALSE,FALSE,"trattamento","Hypoxia 48h ; oxygen_condition=hypoxia ; time=48 hours","Normoxia 48h ; oxygen_condition=normoxia ; time=48 h"
"cgroup_L5_83f57274","GSE224973",FALSE,FALSE,"trattamento","Hypoxia 6h ; oxygen_condition=hypoxia ; time=6 hours","Normoxia 6h ; oxygen_condition=normoxia ; time=6 hou"
"cgroup_L5_905be893","GSE224999",FALSE,FALSE,"trattamento","HDuF cells, IL-1β stimulated ; treatment=IL-1β ; cell_type_or_line_raw=HDuF ; ","HDuF cells, vehicle control ; treatment=vehicle ; ce"
"cgroup_L5_dde29fb4","GSE225095",FALSE,FALSE,"trattamento","IMR90 replicative exhaustion cells (H2O2) ; cell_state=replicative_exhaustion ","IMR90 proliferating cells (vehicle) ; cell_state=pro"
"cgroup_L5_dde29fb4","GSE225095",FALSE,FALSE,"trattamento","IMR90 senescent cells (H2O2) ; cell_state=senescent ; treatment=H2O2","IMR90 proliferating cells (vehicle) ; cell_state=pro"
"cgroup_L5_2e16719f","GSE225159",FALSE,FALSE,"trattamento","MRC-5 cells treated with TGF-Beta1 ; treatment=TGF-Beta1 ; cell_type=MRC-5","MRC-5 cells treated with DMSO ; treatment=DMSO ; cel"
"cgroup_L5_f94b6180","GSE225206",TRUE,TRUE,"contesto","shHOXB13 + R1881 ; HOXB13 status=WT HOXB13 ; Treatment=R1881","shHOXB13 + EtOH ; HOXB13 status=WT HOXB13 ; Treatmen"
"cgroup_L5_f94b6180","GSE225206",TRUE,TRUE,"contesto","shHOXB13 + R1881 (rescued with HOXB13 3A phospho mutant) ; HOXB13 status=HOXB1","shHOXB13 rescued with HOXB13 3A phospho mutant + EtO"
"cgroup_L5_f94b6180","GSE225206",TRUE,TRUE,"contesto","shHOXB13 rescued with HOXB13 3A phospho mutant + R1881 ; HOXB13 status=HOXB13 ","shHOXB13 rescued with HOXB13 3A phospho mutant + EtO"
"cgroup_L5_f94b6180","GSE225206",TRUE,TRUE,"contesto","shHOXB13 rescued with HOXB13 3A phospho mutant + R1881 (duplicate) ; HOXB13 st","shHOXB13 rescued with HOXB13 3A phospho mutant + EtO"
"cgroup_L5_f94b6180","GSE225206",TRUE,TRUE,"contesto","shHOXB13 rescued with WT HOXB13 + R1881 ; HOXB13 status=WT HOXB13 ; Treatment=","shHOXB13 rescued with WT HOXB13 + EtOH ; HOXB13 stat"
"cgroup_L5_f94b6180","GSE225206",TRUE,TRUE,"contesto","shHOXB13 rescued with WT HOXB13 + R1881 ; HOXB13 status=WT HOXB13 ; Treatment=","shHOXB13 rescued with WT HOXB13 + EtOH (duplicate) ;"
"cgroup_L5_f94b6180","GSE225206",TRUE,TRUE,"contesto","shHOXB13 rescued with WT HOXB13 + R1881 ; HOXB13 status=WT HOXB13 ; Treatment=","shHOXB13 rescued with WT HOXB13 + EtOH (triplicate) "
"cgroup_L5_83f57274","GSE225253",FALSE,FALSE,"trattamento","HK-2 Hypoxia ; oxygen_condition=hypoxia ; cell_line=HK-2","HK-2 Normoxia ; oxygen_condition=normoxia ; cell_lin"
"cgroup_L5_d9e23e09","GSE225274",FALSE,FALSE,"trattamento","TNFα-treated gastric antral organoids ; treatment=TNFα ; cell_type=gastric ant","Untreated WT gastric antral organoids ; treatment=un"
"cgroup_L5_d9e23e09","GSE225274",FALSE,FALSE,"trattamento","TNFα-treated gastric antral organoids ; treatment=TNFα ; cell_type=gastric ant","Untreated gastric antral organoids ; treatment=untre"
"cgroup_L5_c5e86fe9","GSE225338",FALSE,FALSE,"trattamento","EOC_olaparib ; cell_line=EOC ; treatment=olaparib","EOC_DMSO ; cell_line=EOC ; treatment=DMSO"
"cgroup_L5_c5e86fe9","GSE225338",FALSE,FALSE,"trattamento","primary_tumor_olaparib_3 ; cell_line=primary_tumor ; treatment=olaparib","primary_tumor_DMSO ; cell_line=primary_tumor ; treat"
"cgroup_L5_c5e86fe9","GSE225338",FALSE,FALSE,"trattamento","primary_tumor_olaparib_4 ; cell_line=primary_tumor ; treatment=olaparib","primary_tumor_DMSO ; cell_line=primary_tumor ; treat"
"cgroup_L5_b9e7806c","GSE225375",FALSE,FALSE,"trattamento","D341 Medulloblastoma + THZ531 ; treatment=THZ531 ; cell_line=D341 ; disease_st","D341 Medulloblastoma + DMSO ; treatment=DMSO ; cell_"
"cgroup_L5_c0d1d837","GSE225481",FALSE,FALSE,"trattamento","22PC-EP_ENZA ; cell_line=22PC-EP ; treatment=ENZA","22PC-EP_DMSO ; cell_line=22PC-EP ; treatment=DMSO"
"cgroup_L5_f94b6180","GSE225481",FALSE,FALSE,"trattamento","22PC-EP_R1881 ; cell_line=22PC-EP ; treatment=R1881","22PC-EP_DMSO ; cell_line=22PC-EP ; treatment=DMSO"
"cgroup_L5_f94b6180","GSE225481",TRUE,TRUE,"contesto","LNCaP-RB1_ko_R1881 ; cell_line=LNCaP-RB1 knockout ; treatment=R1881","LNCaP-RB1_ko_vehicle ; cell_line=LNCaP-RB1 knockout "
"cgroup_L5_f94b6180","GSE225481",TRUE,TRUE,"contesto","LNCaP-RB1_ko_R1881_rep ; cell_line=LNCaP-RB1 knockout ; treatment=R1881","LNCaP-RB1_ko_vehicle_rep ; cell_line=LNCaP-RB1 knock"
"cgroup_L5_f94b6180","GSE225481",TRUE,TRUE,"contesto","LNCaP-RB1_TP53_ko_MYC_ovex_R1881 ; cell_line=LNCaP-RB1/TP53 double knockout MY","LNCaP-RB1_TP53_ko_MYC_ovex_DMSO ; cell_line=LNCaP-RB"
"cgroup_L5_f94b6180","GSE225481",TRUE,TRUE,"contesto","LNCaP-RBL1_ko_R1881 ; cell_line=LNCaP-RBL1 ; treatment=R1881","LNCaP-RBL1_ko_DMSO ; cell_line=LNCaP-RBL1 knockout ;"
"cgroup_L5_f94b6180","GSE225481",TRUE,TRUE,"contesto","LNCaP-RBL2_ko_R1881 ; cell_line=LNCaP-RBL2 knockout ; treatment=R1881","LNCaP-RBL2_ko_DMSO ; cell_line=LNCaP-RBL2 knockout ;"
"cgroup_L5_f94b6180","GSE225481",TRUE,TRUE,"contesto","LNCaP-TP53_ko_R1881 ; cell_line=LNCaP-TP53 knockout ; treatment=R1881","LNCaP-TP53_ko_vehicle ; cell_line=LNCaP-TP53 knockou"
"cgroup_L5_f94b6180","GSE225481",FALSE,FALSE,"trattamento","LNCaP_R1881_high ; cell_line=LNCaP ; treatment=R1881","LNCaP_DMSO ; cell_line=LNCaP ; treatment=DMSO"
"cgroup_L5_f94b6180","GSE225481",FALSE,FALSE,"trattamento","LNCaP_R1881_very_low ; cell_line=LNCaP ; treatment=R1881","LNCaP_DMSO ; cell_line=LNCaP ; treatment=DMSO"
"cgroup_L5_f94b6180","GSE225481",FALSE,FALSE,"trattamento","LNCaP_R1881_medium ; cell_line=LNCaP ; treatment=R1881","LNCaP_DMSO ; cell_line=LNCaP ; treatment=DMSO"
"cgroup_L5_c0d1d837","GSE225481",FALSE,FALSE,"trattamento","R1AD1_ENZA ; cell_line=R1AD1 ; treatment=ENZA","R1AD1_DMSO ; cell_line=R1AD1 ; treatment=DMSO"
"cgroup_L5_f94b6180","GSE225481",FALSE,FALSE,"trattamento","R1AD1_R1881 ; cell_line=R1AD1 ; treatment=R1881","R1AD1_DMSO ; cell_line=R1AD1 ; treatment=DMSO"
"cgroup_L5_c0d1d837","GSE225481",FALSE,FALSE,"trattamento","LAPC4_ENZA ; cell_line=LAPC4 ; treatment=ENZA","VCaP_DMSO ; cell_line=VCaP ; treatment=DMSO"
"cgroup_L5_f94b6180","GSE225481",FALSE,FALSE,"trattamento","LAPC4_R1881 ; cell_line=LAPC4 ; treatment=R1881","VCaP_DMSO ; cell_line=VCaP ; treatment=DMSO"
"cgroup_L5_c0d1d837","GSE225481",FALSE,FALSE,"trattamento","LAPC4_ENZA_rep ; cell_line=LAPC4 ; treatment=ENZA","VCaP_DMSO ; cell_line=VCaP ; treatment=DMSO"
"cgroup_L5_c0d1d837","GSE225481",FALSE,FALSE,"trattamento","LNCaP_ENZA ; cell_line=LNCaP ; treatment=ENZA","VCaP_DMSO ; cell_line=VCaP ; treatment=DMSO"
"cgroup_L5_c0d1d837","GSE225481",FALSE,FALSE,"trattamento","LNCaP_ENZA_rep ; cell_line=LNCaP ; treatment=ENZA","VCaP_DMSO ; cell_line=VCaP ; treatment=DMSO"
"cgroup_L5_c0d1d837","GSE225481",FALSE,FALSE,"trattamento","VCaP_ENZA ; cell_line=VCaP ; treatment=ENZA","VCaP_DMSO ; cell_line=VCaP ; treatment=DMSO"
"cgroup_L5_f94b6180","GSE225481",FALSE,FALSE,"trattamento","VCaP_R1881_rep ; cell_line=VCaP ; treatment=R1881","VCaP_DMSO ; cell_line=VCaP ; treatment=DMSO"
"cgroup_L5_c0d1d837","GSE225481",FALSE,FALSE,"trattamento","VCaP_ENZA_rep ; cell_line=VCaP ; treatment=ENZA","VCaP_DMSO ; cell_line=VCaP ; treatment=DMSO"
"cgroup_L5_871ae09e","GSE225517",FALSE,FALSE,"trattamento","Midbrain organoid Line 15 SARS-CoV-2 ; infection_status=SARS-CoV-2 ; cell_line","Midbrain organoid Line 15 Mock infection ; infection"
"cgroup_L5_871ae09e","GSE225517",FALSE,FALSE,"trattamento","Midbrain organoid SARS-CoV-2 ; infection_status=SARS-CoV-2","Midbrain organoid Line 11 Mock infection ; infection"
"cgroup_L5_eb5e1e65","GSE225525",FALSE,FALSE,"trattamento","Dexamethasone ; treatment=dexamethasone","Control ; treatment=control"
"cgroup_L5_6df6a50e","GSE225537",FALSE,FALSE,"trattamento","Sorafenib 10 µM ; treatment=Sorafenib ; cell_type_or_line_raw=HepG2 ; tissue=l","Control ; treatment=Control ; cell_type_or_line_raw="
"cgroup_L5_2e16719f","GSE225549",FALSE,FALSE,"trattamento","Post-COVID Fibrosis TGFB ; disease_state=post COVID19 Fibrosis Lung ; perturba","Post-COVID Fibrosis Control ; disease_state=post COV"
"cgroup_L5_2e16719f","GSE225549",FALSE,FALSE,"trattamento","IPF TGFB ; disease_state=IPF Lung ; perturbation=TGFB","IPF Control ; disease_state=IPF Lung ; perturbation="
"cgroup_L5_2e16719f","GSE225549",FALSE,FALSE,"trattamento","Healthy Donor TGFB ; disease_state=Healthy Donor Lung ; perturbation=TGFB","Healthy Donor Control ; disease_state=Healthy Donor "
"cgroup_L5_871ae09e","GSE225564",FALSE,FALSE,"trattamento","RUES2 lung cells infected with SARS-CoV-2 for 48 hours ; virus=SARS-CoV-2 ; ti","RUES2 lung cells mock-infected for 48 hours ; virus="
"cgroup_L5_871ae09e","GSE225564",FALSE,FALSE,"trattamento","RUES2 lung cells infected with SARS-CoV-2 for 12 hours ; virus=SARS-CoV-2 ; ti","RUES2 lung cells mock-infected for 12 hours ; virus="
"cgroup_L5_871ae09e","GSE225564",FALSE,FALSE,"trattamento","RUES2 lung cells infected with SARS-CoV-2 for 24 hours ; virus=SARS-CoV-2 ; ti","RUES2 lung cells mock-infected for 24 hours ; virus="
"cgroup_L5_871ae09e","GSE225564",FALSE,FALSE,"trattamento","RUES2 lung cells infected with SARS-CoV-2 for 48 hours ; virus=SARS-CoV-2 ; ti","RUES2 lung cells mock-infected for 48 hours ; virus="
"cgroup_L5_c054e202","GSE225683",FALSE,FALSE,"trattamento","Rapamycin ; treatment=Rapamycin","Control ; treatment=Control"
"cgroup_L5_c054e202","GSE225683",FALSE,FALSE,"trattamento","Rapamycin ; treatment=Rapamycin","Control ; treatment=Control"
"cgroup_L5_c054e202","GSE225683",FALSE,FALSE,"trattamento","Rapamycin ; treatment=Rapamycin","Control ; treatment=Control"
"cgroup_L5_5b9a08fb","GSE225731",FALSE,FALSE,"trattamento","RA MTX ; Treatment=MTX ; Technical Treatment=Total RNA ; Disease State=Rheumat","RA untreated ; Treatment=None ; Disease State=Rheuma"
"cgroup_L5_3439da02","GSE225751",FALSE,FALSE,"trattamento","CEM + everolimus ; cell_line=CEM ; treatment=everolimus","T lymphocytes + control ; cell_line=T lymphocytes ; "
"cgroup_L5_3439da02","GSE225751",FALSE,FALSE,"trattamento","Jurkat + everolimus ; cell_line=Jurkat ; treatment=everolimus","T lymphocytes + control ; cell_line=T lymphocytes ; "
"cgroup_L5_3439da02","GSE225751",FALSE,FALSE,"trattamento","TALL-4 + everolimus ; cell_line=TALL-4 ; treatment=everolimus","T lymphocytes + control ; cell_line=T lymphocytes ; "
"cgroup_L5_3439da02","GSE225751",FALSE,FALSE,"trattamento","TALL-6 + everolimus ; cell_line=TALL-6 ; treatment=everolimus","T lymphocytes + control ; cell_line=T lymphocytes ; "
"cgroup_L5_f832048f","GSE225846",FALSE,FALSE,"trattamento","Transitional_Breast_Cancer_Kenyan_Stage_2 ; disease_state=breast cancer ; ance","Normal_Kenyan_Stage_2 ; disease_state=normal ; ances"
"cgroup_L5_f832048f","GSE225846",FALSE,FALSE,"trattamento","Transitional_Breast_Cancer_Kenyan_Stage_3 ; disease_state=breast cancer ; ance","Normal_Kenyan_Stage_3 ; disease_state=normal ; ances"
"cgroup_L5_f832048f","GSE225846",FALSE,FALSE,"trattamento","Transitional_Breast_Tumors_Kenyan_Stage_3 ; disease_state=breast tumors ; ance","Normal_Kenyan_Stage_3 ; disease_state=normal ; ances"
"cgroup_L5_f832048f","GSE225846",FALSE,FALSE,"trattamento","Transitional_Breast_Tumors_Kenyan_Stage_3 ; disease_state=breast tumors ; ance","Normal_Kenyan_Stage_3 ; disease_state=normal ; ances"
"cgroup_L5_f832048f","GSE225846",FALSE,FALSE,"trattamento","Transitional_Breast_Tumors_Caucasian_Stage_IIIC2 ; disease_state=breast tumors","Unclear_Caucasian_Stage_IIIC ; disease_state=normal "
"cgroup_L5_f832048f","GSE225846",FALSE,FALSE,"trattamento","Transitional_Breast_Cancer_Kenyan_Stage_2 ; disease_state=breast cancer ; ance","Normal_Kenyan_Stage_2 ; disease_state=normal ; ances"
"cgroup_L5_f832048f","GSE225846",FALSE,FALSE,"trattamento","Transitional_Breast_Cancer_Kenyan_Stage_3 ; disease_state=breast cancer ; ance","Normal_Kenyan_Stage_3 ; disease_state=normal ; ances"
"cgroup_L5_eb5e1e65","GSE225901",FALSE,FALSE,"trattamento","Human Islet + Dexamethasone (Donor 1) ; treatment=Dexamethasone ; cell_context","Human Islet + DMSO ; treatment=DMSO ; cell_context=H"
"cgroup_L5_eb5e1e65","GSE225901",FALSE,FALSE,"trattamento","Human Islet + Dexamethasone (Donor 3) ; treatment=Dexamethasone ; cell_context","Human Islet + DMSO ; treatment=DMSO ; cell_context=H"
"cgroup_L5_2e16719f","GSE225982",FALSE,FALSE,"trattamento","TGFβ1 + negative control ; treatment=TGFβ1 + negative control","negative control ; treatment=negative control"
"cgroup_L5_f956ef98","GSE226045",FALSE,FALSE,"trattamento","Primary keratinocytes treated with TCDD for 24 hours ; treatment=TCDD ; time=2","Primary keratinocytes treated with DMSO for 24 hours"
"cgroup_L5_8a54ddd6","GSE226115",FALSE,FALSE,"trattamento","Doxorubicin-treated ; treatment=doxorubicin ; cell_type=human cardiac microvas","Control (saline) ; treatment=saline ; cell_type=huma"
"cgroup_L5_7784bb43","GSE226146",FALSE,FALSE,"trattamento","PCOS secretory phase ; disease_state=PCOS ; phase=secretory phase","Healthy secretory phase ; disease_state=normal ; pha"
"cgroup_L5_7784bb43","GSE226146",FALSE,FALSE,"trattamento","PCOS secretory phase (single replicate) ; disease_state=PCOS ; phase=secretory","Healthy secretory phase ; disease_state=normal ; pha"
"cgroup_L5_d5e39a5d","GSE226151",FALSE,FALSE,"trattamento","Sarcopenia (55 years) ; disease_state=sarcopenia ; age=55 ; sex=F","Healthy Aged ; disease_state=healthy aged ; age=56 ;"
"cgroup_L5_d5e39a5d","GSE226151",FALSE,FALSE,"trattamento","Sarcopenia (63 years) ; disease_state=sarcopenia ; age=63 ; sex=F","Healthy Aged ; disease_state=healthy aged ; age=56 ;"
"cgroup_L5_4f4d9051","GSE226186",FALSE,FALSE,"trattamento","TNF-alpha Stimulation ; treatment=TNF-alpha","Vehicle Control ; treatment=vehicle_only"
"cgroup_L5_d9e23e09","GSE226232",FALSE,FALSE,"trattamento","TNF-α stimulated mesenchymal stem cells ; treatment=TNF-α ; cell_type=mesenchy","Untreated mesenchymal stem cells ; treatment=untreat"
"cgroup_L5_2e16719f","GSE226239",FALSE,FALSE,"trattamento","TGF-Beta1 ; treatment=TGF-Beta1","Control ; treatment=Control"
"cgroup_L5_c548d053","GSE226280",FALSE,FALSE,"trattamento","LPS-treated ; treatment=LPS ; time(hours)=4","Media (control) ; treatment=media ; time(hours)=4"
"cgroup_L5_12228932","GSE226358",FALSE,FALSE,"trattamento","HAoSMC EGF ; treatment=EGF ; cell_line=HAoSMC","HAoSMC Control ; treatment=Control ; cell_line=HAoSM"
"cgroup_L5_12228932","GSE226358",FALSE,FALSE,"trattamento","HCASMC EGF ; treatment=EGF ; cell_line=HCASMC","HCASMC Control ; treatment=Control ; cell_line=HCASM"
"cgroup_L5_f34ff8df","GSE226406",FALSE,FALSE,"trattamento","U2OS Osteosarcoma Etoposide 20 uM 24h ; cell_type=U2OS ; treatment=Etoposide","U2OS Osteosarcoma DMSO 24h ; cell_type=U2OS ; treatm"
"cgroup_L5_d411c435","GSE226549",FALSE,FALSE,"trattamento","Tunicamycin-treated HCT116 cells ; treatment=tunicamycin ; cell_line=HCT116 ; ","DMSO-treated HCT116 cells ; treatment=DMSO ; cell_li"
"cgroup_L5_ae969461","GSE226664",TRUE,TRUE,"contesto","VAV1 Saracatinib ; transgene=VAV1 ; treatment=saracatinib","VAV1 Vehicle ; transgene=VAV1 ; treatment=vehicle"
"cgroup_L5_871ae09e","GSE226702",FALSE,FALSE,"trattamento","SARS-CoV-2 24h ; infection_status=SARS-CoV-2 ; time_post_infection=24h","Mock infection ; infection_status=mock_infection ; t"
"cgroup_L5_871ae09e","GSE226702",FALSE,FALSE,"trattamento","SARS-CoV-2 48h ; infection_status=SARS-CoV-2 ; time_post_infection=48h","Mock infection ; infection_status=mock_infection ; t"
"cgroup_L5_871ae09e","GSE226702",FALSE,FALSE,"trattamento","SARS-CoV-2 72h ; infection_status=SARS-CoV-2 ; time_post_infection=72h","Mock infection ; infection_status=mock_infection ; t"
"cgroup_L5_871ae09e","GSE226702",FALSE,FALSE,"trattamento","SARS-CoV-2 96h ; infection_status=SARS-CoV-2 ; time_post_infection=96h","Mock infection ; infection_status=mock_infection ; t"
"cgroup_L5_2d53def6","GSE227098",FALSE,FALSE,"trattamento","CBNK, IL21 ; perturbation=IL21 ; genetic_modification=wild-type","CBNK, vehicle ; perturbation=vehicle ; genetic_modif"
"cgroup_L5_bd40f34f","GSE227098",FALSE,FALSE,"trattamento","CBNK, IL15 ; perturbation=IL15 ; genetic_modification=wild-type","CBNK, vehicle ; perturbation=vehicle ; genetic_modif"
"cgroup_L5_bd40f34f","GSE227098",FALSE,FALSE,"trattamento","CBNK, IL15 ; perturbation=IL15 ; genetic_modification=wild-type","CBNK, vehicle ; perturbation=vehicle ; genetic_modif"
"cgroup_L5_bd40f34f","GSE227098",FALSE,FALSE,"trattamento","CBNK, IL15 ; perturbation=IL15 ; genetic_modification=wild-type","CBNK, vehicle ; perturbation=vehicle ; genetic_modif"
"cgroup_L5_bd40f34f","GSE227098",FALSE,FALSE,"trattamento","CBNK, IL15 ; perturbation=IL15 ; genetic_modification=wild-type","CBNK, vehicle ; perturbation=vehicle ; genetic_modif"
"cgroup_L5_2d53def6","GSE227098",FALSE,FALSE,"trattamento","CBNK, IL21 ; perturbation=IL21 ; genetic_modification=wild-type","CBNK, vehicle ; perturbation=vehicle ; genetic_modif"
"cgroup_L5_930c8dcf","GSE227511",FALSE,FALSE,"trattamento","LNCaP cells treated with DHT and ACP-coating ; cell_line=LNCaP ; treatment=DHT","LNCaP cells treated with control media and ACP-coati"
"cgroup_L5_930c8dcf","GSE227511",FALSE,FALSE,"trattamento","MDaPCa2a cells treated with DHT and ACP-coating ; cell_line=MDaPCa2a ; treatme","MDaPCa2a cells treated with plastic and control medi"
"cgroup_L5_90db4e34","GSE227511",FALSE,FALSE,"trattamento","RWPE cells treated with testosterone and ACP-coating ; cell_line=RWPE ; treatm","RWPE cells treated with control media and ACP-coatin"
"cgroup_L5_930c8dcf","GSE227511",FALSE,FALSE,"trattamento","VCaP cells treated with DHT, ACP-coating, and polyA RNA fractionation ; cell_l","VCaP cells treated with control media and ACP-coatin"
"cgroup_L5_930c8dcf","GSE227511",FALSE,FALSE,"trattamento","VCaP cells treated with DHT and ACP-coating ; cell_line=VCaP ; treatment=DHT","VCaP cells treated with control media and ACP-coatin"
"cgroup_L5_dde29fb4","GSE227554",FALSE,FALSE,"trattamento","MCF7 + H2O2 (50 uM) ; Treatment=H2O2 ; Concentration=50 uM","MCF7 + PBS (control) ; Treatment=PBS ; Concentration"
"cgroup_L5_dde29fb4","GSE227554",FALSE,FALSE,"trattamento","MCF7 + H2O2 (75 uM) ; Treatment=H2O2 ; Concentration=75 uM","MCF7 + PBS (control) ; Treatment=PBS ; Concentration"
"cgroup_L5_dde29fb4","GSE227554",FALSE,FALSE,"trattamento","MCF7_SRXN1 + H2O2 (50 uM) ; Treatment=H2O2 ; Concentration=50 uM","MCF7_SRXN1 + PBS (control) ; Treatment=PBS ; Concent"
"cgroup_L5_dde29fb4","GSE227554",FALSE,FALSE,"trattamento","MCF7_SRXN1 + H2O2 (75 uM) ; Treatment=H2O2 ; Concentration=75 uM","MCF7_SRXN1 + PBS (control) ; Treatment=PBS ; Concent"
"cgroup_L5_d8006c5b","GSE227609",FALSE,FALSE,"trattamento","HCT 15 oxaliplatin ; treatment=oxaliplatin ; cell_type=HCT 15","HCT 15 vehicle ; treatment=vehicle_only ; cell_type="
"cgroup_L5_6df6a50e","GSE227609",FALSE,FALSE,"trattamento","HCT 15 sorafenib ; treatment=sorafenib ; cell_type=HCT 15","HCT 15 vehicle ; treatment=vehicle_only ; cell_type="
"cgroup_L5_3668c2c2","GSE227737",FALSE,FALSE,"trattamento","IL-10 ; perturbation=IL-10","untreated/unpolarized macrophages (M0) ; perturbatio"
"cgroup_L5_49d55bfd","GSE227737",FALSE,FALSE,"trattamento","IL-4 ; perturbation=IL-4","untreated/unpolarized macrophages (M0) ; perturbatio"
"cgroup_L5_3370a794","GSE227839",FALSE,FALSE,"trattamento","acute myeloid leukemia, gilteritinib ; treatment=gilteritinib ; cell_type_or_l","acute myeloid leukemia, no treatment ; treatment=no "
"cgroup_L5_3370a794","GSE227839",FALSE,FALSE,"trattamento","acute myeloid leukemia, gilteritinib ; treatment=gilteritinib ; cell_type_or_l","acute myeloid leukemia, no treatment ; treatment=no "
"cgroup_L5_3370a794","GSE227839",FALSE,FALSE,"trattamento","acute myeloid leukemia, gilteritinib ; treatment=gilteritinib ; cell_type_or_l","acute myeloid leukemia, no treatment ; treatment=no "
"cgroup_L5_3370a794","GSE227839",FALSE,FALSE,"trattamento","acute myeloid leukemia, gilteritinib ; treatment=gilteritinib ; cell_type_or_l","acute myeloid leukemia, no treatment ; treatment=no "
"cgroup_L5_3370a794","GSE227839",FALSE,FALSE,"trattamento","acute myeloid leukemia, gilteritinib ; treatment=gilteritinib ; cell_type_or_l","acute myeloid leukemia, no treatment ; treatment=no "
"cgroup_L5_d8006c5b","GSE227871",FALSE,FALSE,"trattamento","DLD1 wild-type oxaliplatin ; cell_line=DLD1 ; treatment=oxaliplatin","DLD1 XPCoxa-inactive untreated ; cell_line=DLD1 ; tr"
"cgroup_L5_d8006c5b","GSE227871",FALSE,FALSE,"trattamento","DLD1 XPCoxa-inactive oxaliplatin ; cell_line=DLD1 ; treatment=oxaliplatin","DLD1 XPCoxa-inactive untreated ; cell_line=DLD1 ; tr"
"cgroup_L5_d8006c5b","GSE227871",FALSE,FALSE,"trattamento","HCT116 oxaliplatin ; cell_line=HCT116 ; treatment=oxaliplatin","HCT116 untreated ; cell_line=HCT116 ; treatment=untr"
"cgroup_L5_d8006c5b","GSE227871",FALSE,FALSE,"trattamento","LOVO XPCoxa-inactive oxaliplatin ; cell_line=LOVO ; treatment=oxaliplatin","LOVO XPCoxa-inactive untreated ; cell_line=LOVO ; tr"
"cgroup_L5_d8006c5b","GSE227871",FALSE,FALSE,"trattamento","SW480 oxaliplatin ; cell_line=SW480 ; treatment=oxaliplatin","SW480 untreated ; cell_line=SW480 ; treatment=untrea"
"cgroup_L5_862cd9b9","GSE228090",FALSE,FALSE,"trattamento","PDX4_SCH772984 ; treatment=SCH772984 ; cell_line=PDX4","PDX4_DMSO ; treatment=DMSO ; cell_line=PDX4"
"cgroup_L5_702a5dea","GSE228090",FALSE,FALSE,"trattamento","PDX4_trametinib ; treatment=trametinib ; cell_line=PDX4","PDX4_DMSO ; treatment=DMSO ; cell_line=PDX4"
"cgroup_L5_702a5dea","GSE228090",FALSE,FALSE,"trattamento","UM004_trametinib ; treatment=trametinib ; cell_line=UM004","UM004_DMSO ; treatment=DMSO ; cell_line=UM004"
"cgroup_L5_862cd9b9","GSE228090",FALSE,FALSE,"trattamento","UM004_SCH772984 ; treatment=SCH772984 ; cell_line=UM004","UM004_DMSO ; treatment=DMSO ; cell_line=UM004"
"cgroup_L5_87c40ebb","GSE228173",FALSE,FALSE,"trattamento","Endothelial cells treated with IFNγ ; treatment=IFNγ ; cell_type=endothelial c","Untreated endothelial cells ; treatment=untreated ; "
"cgroup_L5_ff45f67e","GSE228210",FALSE,FALSE,"trattamento","PMA Ionomycin ; treatment=PMA Ionomycin","DMSO ; treatment=DMSO"
"cgroup_L5_b5db4aff","GSE228210",FALSE,FALSE,"trattamento","Selinexor ; treatment=Selinexor","DMSO ; treatment=DMSO"
"cgroup_L5_00fd9348","GSE228234",FALSE,FALSE,"trattamento","FT237, propranolol, 4 hours ; treatment=propranolol ; cell_line=FT237","FT237, no treatment, 4 hours ; treatment=none ; cell"
"cgroup_L5_00fd9348","GSE228234",FALSE,FALSE,"trattamento","FT246, propranolol, 24 hours ; treatment=propranolol ; cell_line=FT246","FT246, no treatment, 24 hours ; treatment=none ; cel"
"cgroup_L5_83f57274","GSE228269",FALSE,FALSE,"trattamento","HRMVEC vehicle hypoxia ; treatment=vehicle ; oxygen_condition=hypoxia","HRMVEC vehicle normoxia ; treatment=vehicle ; oxygen"
"cgroup_L5_63e69fdc","GSE228458",FALSE,FALSE,"trattamento","Alzheimer's disease (85.17 years, M) ; disease_state=Alzheimer's disease ; age","Neurologically unaffected control (50.75 years, F) ;"
"cgroup_L5_63e69fdc","GSE228458",FALSE,FALSE,"trattamento","Alzheimer's disease (83.17 years, F) ; disease_state=Alzheimer's disease ; age","Neurologically unaffected control (50.75 years, F) ;"
"cgroup_L5_63e69fdc","GSE228458",FALSE,FALSE,"trattamento","Alzheimer's disease with Hypertension/Vascular disease (85.92 years, F) ; dise","Neurologically unaffected control (50.75 years, F) ;"
"cgroup_L5_63e69fdc","GSE228458",FALSE,FALSE,"trattamento","Alzheimer's disease with Breast Cancer (90.67 years, F) ; disease_state=Alzhei","Neurologically unaffected control (50.75 years, F) ;"
"cgroup_L5_c0d1d837","GSE228587",FALSE,FALSE,"trattamento","LNCaP + ENZA ; treatment=ENZA ; cell_line=LNCaP ; time(hours)=72","LNCaP + DMSO ; treatment=DMSO ; cell_line=LNCaP ; ti"
"cgroup_L5_ea4a1823","GSE228631",FALSE,FALSE,"trattamento","Calcium 24h ; treatment=calcium ; time=24 hours","Control None"
"cgroup_L5_ea4a1823","GSE228631",FALSE,FALSE,"trattamento","Calcium 48h ; treatment=calcium ; time=48 hours","Control None"
"cgroup_L5_ea4a1823","GSE228631",FALSE,FALSE,"trattamento","Calcium 92h ; treatment=calcium ; time=92 hours","Control None"
"cgroup_L5_aecd610f","GSE228881",FALSE,FALSE,"trattamento","Schizophrenia Case 1 ; disease_state=schizophrenia ; perturbation_agent=none","Healthy Control ; disease_state=healthy control ; pe"
"cgroup_L5_729b276d","GSE228990",FALSE,FALSE,"trattamento","Endothelial progenitor cells from donor 21 with gestational diabetes ; disease","Endothelial progenitor cells from donor 1 (healthy) "
"cgroup_L5_d7ad915e","GSE229014",FALSE,FALSE,"trattamento","Valproic Acid treated PBMCs ; Treatment=Valproic Acid","Untreated PBMCs ; Treatment=None"
"cgroup_L5_d7ad915e","GSE229014",FALSE,FALSE,"trattamento","Valproic Acid treated PBMCs ; Treatment=Valproic Acid","Untreated PBMCs ; Treatment=None"
"cgroup_L5_d7ad915e","GSE229014",FALSE,FALSE,"trattamento","Valproic Acid treated PBMCs ; Treatment=Valproic Acid","Untreated PBMCs ; Treatment=None"
"cgroup_L5_d7ad915e","GSE229014",FALSE,FALSE,"trattamento","Valproic Acid treated PBMCs ; Treatment=Valproic Acid","Untreated PBMCs ; Treatment=None"
"cgroup_L5_479c6221","GSE229015",FALSE,FALSE,"trattamento","T24 cells treated with GSK-126 ; treatment=GSK-126 ; cell_type=T24","T24 cells treated with DMSO ; treatment=DMSO ; cell_"
"cgroup_L5_5d97d5b1","GSE229026",FALSE,FALSE,"trattamento","CD8+ T cells Antigen Stimulated ; cell_type=CD8+ T cells ; treatment=Antigen S","CD8+ T cells Unstimulated ; cell_type=CD8+ T cells ;"
"cgroup_L5_5d97d5b1","GSE229026",FALSE,FALSE,"trattamento","M28z Antigen Stimulated ; cell_type=M28z ; treatment=Antigen Stimulated","M28z Unstimulated ; cell_type=M28z ; treatment=Unsti"
"cgroup_L5_c5e86fe9","GSE229119",FALSE,FALSE,"trattamento","Hey_olaparib_50uM_3_days ; cell_context=Hey ; perturbation=olaparib","Hey_DMSO_3_days ; cell_context=Hey ; perturbation=DM"
"cgroup_L5_c5e86fe9","GSE229119",FALSE,FALSE,"trattamento","MCF7_olaparib_50uM_3_days ; cell_context=MCF7 ; perturbation=olaparib","MCF7_DMSO_3_days ; cell_context=MCF7 ; perturbation="
"cgroup_L5_c5e86fe9","GSE229119",FALSE,FALSE,"trattamento","organoind_2414_olaparib_50uM_3_days ; cell_context=organoind_2414 ; perturbati","organoind_2414_DMSO_3_days ; cell_context=organoind_"
"cgroup_L5_c5e86fe9","GSE229119",FALSE,FALSE,"trattamento","organoind_2445_olaparib_2uM_3_days ; cell_context=organoind_2445 ; perturbatio","organoind_2445_DMSO_3_days ; cell_context=organoind_"
"cgroup_L5_c5e86fe9","GSE229119",FALSE,FALSE,"trattamento","organoind_3008_olaparib_5uM_3_days ; cell_context=organoind_3008 ; perturbatio","organoind_3008_DMSO_3_days ; cell_context=organoind_"
"cgroup_L5_c5e86fe9","GSE229119",FALSE,FALSE,"trattamento","OVCA432_olaparib_400uM_3_days_recover_3_days ; cell_context=OVCA432 ; perturba","OVCA432_DMSO_3_days ; cell_context=OVCA432 ; perturb"
"cgroup_L5_c5e86fe9","GSE229119",FALSE,FALSE,"trattamento","OVCA432_olaparib_400uM_3_days_recover_7_days ; cell_context=OVCA432 ; perturba","OVCA432_DMSO_3_days ; cell_context=OVCA432 ; perturb"
"cgroup_L5_c5e86fe9","GSE229119",FALSE,FALSE,"trattamento","OVCA432_olaparib_400uM_3_days ; cell_context=OVCA432 ; perturbation=olaparib","OVCA432_DMSO_3_days ; cell_context=OVCA432 ; perturb"
"cgroup_L5_c5e86fe9","GSE229119",FALSE,FALSE,"trattamento","SKOV3_olaparib_50uM_3_days ; cell_context=SKOV3 ; perturbation=olaparib","SKOV3_DMSO_3_days ; cell_context=SKOV3 ; perturbatio"
"cgroup_L5_99d7941a","GSE229136",FALSE,FALSE,"trattamento","Glioblastoma G816 cells treated with TMZ for 4 days ; treatment=TMZ ; cell_lin","Glioblastoma G816 cells untreated ; treatment=Untrea"
"cgroup_L5_3a0a595f","GSE229331",FALSE,FALSE,"trattamento","Dasatinib 30 min ; treatment=Dasatinib ; duration=30 minutes","DMSO 30 min ; treatment=DMSO ; duration=30 minutes"
"cgroup_L5_3a58e5f5","GSE229398",FALSE,FALSE,"trattamento","PGE2-treated Hematopoietic stem and progenitor cells ; treatment=PGE2 ; cell_t","DMSO-treated Hematopoietic stem and progenitor cells"
"cgroup_L5_3a58e5f5","GSE229398",FALSE,FALSE,"trattamento","PGE2-treated mobilised peripheral blood CD34+ cells ; treatment=PGE2 ; cell_ty","DMSO-treated mobilised peripheral blood CD34+ cells "
"cgroup_L5_99d7941a","GSE229600",FALSE,FALSE,"trattamento","U251 + TMZ ; cell_line=U251 ; perturbation=none ; treatment=TMZ","U251 + DMSO ; cell_line=U251 ; perturbation=none ; t"
"cgroup_L5_99d7941a","GSE229600",FALSE,FALSE,"trattamento","U87 + TMZ ; cell_line=U87 ; perturbation=none ; treatment=TMZ","U87 + DMSO ; cell_line=U87 ; perturbation=none ; tre"
"cgroup_L5_c0d1d837","GSE229805",FALSE,FALSE,"trattamento","Enzalutamide ; treatment=Enzalutamide","Vehicle Control (DMSO) ; treatment=DMSO"
"cgroup_L5_ae969461","GSE229805",FALSE,FALSE,"trattamento","Saracatinib ; treatment=Saracatinib","Vehicle Control (DMSO) ; treatment=DMSO"
"cgroup_L5_721184e6","GSE229967",FALSE,FALSE,"trattamento","THZ1 ; treatment=THZ1 ; cell_line=GBM43 ; time=24h","DMSO ; treatment=DMSO ; cell_line=GBM43 ; time=24h"
"cgroup_L5_c3ae78cd","GSE230113",FALSE,FALSE,"trattamento","Crohn's disease, Descending colon ; disease_state=Crohn's disease ; tissue_seg","Control, Descending colon ; disease_state=control ; "
"cgroup_L5_c3ae78cd","GSE230113",FALSE,FALSE,"trattamento","Crohn's disease, Sigmoid colon ; disease_state=Crohn's disease ; tissue_segmen","Control, Sigmoid colon ; disease_state=control ; tis"
"cgroup_L5_c3ae78cd","GSE230113",FALSE,FALSE,"trattamento","Crohn's disease, Transverse colon ; disease_state=Crohn's disease ; tissue_seg","Control, Transverse colon ; disease_state=control ; "
"cgroup_L5_0e66597e","GSE230362",FALSE,FALSE,"trattamento","PDX1526 Fulvestrant Treated ; treatment=Fulvestrant ; cell_line=Breast carcino","PDX1526 Vehicle Control ; treatment=vehicle_only ; c"
"cgroup_L5_0e66597e","GSE230362",FALSE,FALSE,"trattamento","PDX1415 Fulvestrant Treated ; treatment=Fulvestrant ; cell_line=Breast carcino","PDX1415 Vehicle Control ; treatment=vehicle_only ; c"
"cgroup_L5_3439da02","GSE230627",FALSE,FALSE,"trattamento","MCF-7 + everolimus 4h ; treatment=everolimus ; duration=4 hours","MCF-7 + DMSO 4h ; treatment=DMSO ; duration=4 hours"
"cgroup_L5_f94b6180","GSE230741",FALSE,FALSE,"trattamento","R1-AD1 FLAGHA-H3F3A, R1881 (1 nM, 12h) ; Genetic Modification=None ; Treatment","Prostate cancer cells, FLAG-HA knock-in 5' ORF of H3"
"cgroup_L5_f94b6180","GSE230741",FALSE,FALSE,"trattamento","R1-AD1 FLAGHA-H3F3A, R1881 (1 nM, 4h) ; Genetic Modification=None ; Treatment=","Prostate cancer cells, FLAG-HA knock-in 5' ORF of H3"
"cgroup_L5_f94b6180","GSE230741",FALSE,FALSE,"trattamento","R1-AD1 FLAGHA-H3F3A, R1881 (1 nM, 24h) ; Genetic Modification=None ; Treatment","Prostate cancer cells, FLAG-HA knock-in 5' ORF of H3"
"cgroup_L5_f94b6180","GSE230741",TRUE,TRUE,"contesto","R1-AD1 FLAGHA-H3F3A, AR KO clone 30, R1881 (1 nM, 12h) ; Genetic Modification=","R1-AD1 FLAGHA-H3F3A, AR KO clone 30, Vehicle (EtOH) "
"cgroup_L5_f94b6180","GSE230741",TRUE,TRUE,"contesto","R1-AD1 FLAGHA-H3F3A, AR KO clone 30, R1881 (1 nM, 24h) ; Genetic Modification=","R1-AD1 FLAGHA-H3F3A, AR KO clone 30, Vehicle (EtOH) "
"cgroup_L5_f94b6180","GSE230741",TRUE,TRUE,"contesto","R1-AD1 FLAGHA-H3F3A, AR KO clone 30, R1881 (1 nM, 4h) ; Genetic Modification=A","R1-AD1 FLAGHA-H3F3A, AR KO clone 30, Vehicle (EtOH) "
"cgroup_L5_f94b6180","GSE230741",TRUE,TRUE,"contesto","R1-AD1 FLAGHA-H3F3A, AR KO clone 35, R1881 (1 nM, 12h) ; Genetic Modification=","R1-AD1 FLAGHA-H3F3A, AR KO clone 35, Vehicle (EtOH) "
"cgroup_L5_f94b6180","GSE230741",TRUE,TRUE,"contesto","R1-AD1 FLAGHA-H3F3A, AR KO clone 35, R1881 (1 nM, 24h) ; Genetic Modification=","R1-AD1 FLAGHA-H3F3A, AR KO clone 35, Vehicle (EtOH) "
"cgroup_L5_f94b6180","GSE230741",TRUE,TRUE,"contesto","R1-AD1 FLAGHA-H3F3A, AR KO clone 35, R1881 (1 nM, 4h) ; Genetic Modification=A","R1-AD1 FLAGHA-H3F3A, AR KO clone 35, Vehicle (EtOH) "
"cgroup_L5_f94b6180","GSE230741",TRUE,TRUE,"contesto","R1-AD1 FLAGHA-H3F3A, DAXX KO clone 13, R1881 (1 nM, 12h) ; Genetic Modificatio","R1-AD1 FLAGHA-H3F3A, DAXX KO clone 13, Vehicle (EtOH"
"cgroup_L5_f94b6180","GSE230741",TRUE,TRUE,"contesto","R1-AD1 FLAGHA-H3F3A, DAXX KO clone 13, R1881 (1 nM, 24h) ; Genetic Modificatio","R1-AD1 FLAGHA-H3F3A, DAXX KO clone 13, Vehicle (EtOH"
"cgroup_L5_f94b6180","GSE230741",TRUE,TRUE,"contesto","R1-AD1 FLAGHA-H3F3A, DAXX KO clone 13, R1881 (1 nM, 4h) ; Genetic Modification","R1-AD1 FLAGHA-H3F3A, DAXX KO clone 13, Vehicle (EtOH"
"cgroup_L5_f94b6180","GSE230741",TRUE,TRUE,"contesto","R1-AD1 FLAGHA-H3F3A, DAXX KO clone 24, R1881 (1 nM, 12h) ; Genetic Modificatio","R1-AD1 FLAGHA-H3F3A, DAXX KO clone 24, Vehicle (EtOH"
"cgroup_L5_f94b6180","GSE230741",TRUE,TRUE,"contesto","R1-AD1 FLAGHA-H3F3A, DAXX KO clone 24, R1881 (1 nM, 24h) ; Genetic Modificatio","R1-AD1 FLAGHA-H3F3A, DAXX KO clone 24, Vehicle (EtOH"
"cgroup_L5_f94b6180","GSE230741",TRUE,TRUE,"contesto","R1-AD1 FLAGHA-H3F3A, DAXX KO clone 24, R1881 (1 nM, 4h) ; Genetic Modification","R1-AD1 FLAGHA-H3F3A, DAXX KO clone 24, Vehicle (EtOH"
"cgroup_L5_f94b6180","GSE230741",TRUE,TRUE,"contesto","R1-AD1 FLAGHA-H3F3A, DAXX KO clone 33, R1881 (1 nM, 12h) ; Genetic Modificatio","R1-AD1 FLAGHA-H3F3A, DAXX KO clone 33, Vehicle (EtOH"
"cgroup_L5_f94b6180","GSE230741",TRUE,TRUE,"contesto","R1-AD1 FLAGHA-H3F3A, DAXX KO clone 33, R1881 (1 nM, 24h) ; Genetic Modificatio","R1-AD1 FLAGHA-H3F3A, DAXX KO clone 33, Vehicle (EtOH"
"cgroup_L5_f94b6180","GSE230741",TRUE,TRUE,"contesto","R1-AD1 FLAGHA-H3F3A, DAXX KO clone 33, R1881 (1 nM, 4h) ; Genetic Modification","R1-AD1 FLAGHA-H3F3A, DAXX KO clone 33, Vehicle (EtOH"
"cgroup_L5_f94b6180","GSE230741",TRUE,TRUE,"contesto","R1-AD1 FLAGHA-H3F3A, HIRA KO clone 14, R1881 (1 nM, 24h) ; Genetic Modificatio","R1-AD1 FLAGHA-H3F3A, HIRA KO clone 14, Vehicle (EtOH"
"cgroup_L5_f94b6180","GSE230741",TRUE,TRUE,"contesto","R1-AD1 FLAGHA-H3F3A, HIRA KO clone 14, R1881 (1 nM, 4h) ; Genetic Modification","R1-AD1 FLAGHA-H3F3A, HIRA KO clone 14, Vehicle (EtOH"
"cgroup_L5_f94b6180","GSE230741",TRUE,TRUE,"contesto","R1-AD1 FLAGHA-H3F3A, HIRA KO clone 14, R1881 (1 nM, 12h) ; Genetic Modificatio","R1-AD1 FLAGHA-H3F3A, HIRA KO clone 14, Vehicle (EtOH"
"cgroup_L5_f94b6180","GSE230741",TRUE,TRUE,"contesto","R1-AD1 FLAGHA-H3F3A, HIRA KO clone 27, R1881 (1 nM, 12h) ; Genetic Modificatio","R1-AD1 FLAGHA-H3F3A, HIRA KO clone 27, Vehicle (EtOH"
"cgroup_L5_f94b6180","GSE230741",TRUE,TRUE,"contesto","R1-AD1 FLAGHA-H3F3A, HIRA KO clone 27, R1881 (1 nM, 4h) ; Genetic Modification","R1-AD1 FLAGHA-H3F3A, HIRA KO clone 27, Vehicle (EtOH"
"cgroup_L5_f94b6180","GSE230741",TRUE,TRUE,"contesto","R1-AD1 FLAGHA-H3F3A, HIRA KO clone 3, R1881 (1 nM, 12h) ; Genetic Modification","R1-AD1 FLAGHA-H3F3A, HIRA KO clone 14, Vehicle (EtOH"
"cgroup_L5_f94b6180","GSE230741",TRUE,TRUE,"contesto","R1-AD1 FLAGHA-H3F3A, HIRA KO clone 3, R1881 (1 nM, 4h) ; Genetic Modification=","R1-AD1 FLAGHA-H3F3A, HIRA KO clone 14, Vehicle (EtOH"
"cgroup_L5_dc7451b1","GSE230791",FALSE,FALSE,"trattamento","SEM + pinometostat ; treatment=pinometostat ; cell_line=SEM","SEM + vehicle ; treatment=vehicle ; cell_line=SEM"
"cgroup_L5_dc7451b1","GSE230791",FALSE,FALSE,"trattamento","SEM + pinometostat ; treatment=pinometostat ; cell_line=SEM","SEM + vehicle ; treatment=vehicle ; cell_line=SEM"
"cgroup_L5_dc7451b1","GSE230791",FALSE,FALSE,"trattamento","SEM + pinometostat ; treatment=pinometostat ; cell_line=SEM","SEM + vehicle ; treatment=vehicle ; cell_line=SEM"
"cgroup_L5_dc7451b1","GSE230791",FALSE,FALSE,"trattamento","SEM + pinometostat ; treatment=pinometostat ; cell_line=SEM","SEM + vehicle ; treatment=vehicle ; cell_line=SEM"
"cgroup_L5_dc7451b1","GSE230791",FALSE,FALSE,"trattamento","SEM + pinometostat ; treatment=pinometostat ; cell_line=SEM","SEM + vehicle ; treatment=vehicle ; cell_line=SEM"
"cgroup_L5_dc7451b1","GSE230791",FALSE,FALSE,"trattamento","SEM + pinometostat ; treatment=pinometostat ; cell_line=SEM","SEM + vehicle ; treatment=vehicle ; cell_line=SEM"
"cgroup_L5_dc7451b1","GSE230791",FALSE,FALSE,"trattamento","SEM + pinometostat ; treatment=pinometostat ; cell_line=SEM","SEM + vehicle ; treatment=vehicle ; cell_line=SEM"
"cgroup_L5_dc7451b1","GSE230791",FALSE,FALSE,"trattamento","SEM + pinometostat ; treatment=pinometostat ; cell_line=SEM","SEM + vehicle ; treatment=vehicle ; cell_line=SEM"
"cgroup_L5_dc7451b1","GSE230791",FALSE,FALSE,"trattamento","SEM + pinometostat ; treatment=pinometostat ; cell_line=SEM","SEM + vehicle ; treatment=vehicle ; cell_line=SEM"
"cgroup_L5_dc7451b1","GSE230791",FALSE,FALSE,"trattamento","SEM + pinometostat ; treatment=pinometostat ; cell_line=SEM","SEM + vehicle ; treatment=vehicle ; cell_line=SEM"
"cgroup_L5_dc7451b1","GSE230791",FALSE,FALSE,"trattamento","SEM + pinometostat ; treatment=pinometostat ; cell_line=SEM","SEM + vehicle ; treatment=vehicle ; cell_line=SEM"
"cgroup_L5_dc7451b1","GSE230791",FALSE,FALSE,"trattamento","SEM + pinometostat ; treatment=pinometostat ; cell_line=SEM","SEM + vehicle ; treatment=vehicle ; cell_line=SEM"
"cgroup_L5_dc7451b1","GSE230791",FALSE,FALSE,"trattamento","SEM + pinometostat ; treatment=pinometostat ; cell_line=SEM","SEM + vehicle ; treatment=vehicle ; cell_line=SEM"
"cgroup_L5_dc7451b1","GSE230791",FALSE,FALSE,"trattamento","SEM + pinometostat ; treatment=pinometostat ; cell_line=SEM","SEM + vehicle ; treatment=vehicle ; cell_line=SEM"
"cgroup_L5_dc7451b1","GSE230791",FALSE,FALSE,"trattamento","SEM + pinometostat ; treatment=pinometostat ; cell_line=SEM","SEM + vehicle ; treatment=vehicle ; cell_line=SEM"
"cgroup_L5_dc7451b1","GSE230791",FALSE,FALSE,"trattamento","SEM + pinometostat ; treatment=pinometostat ; cell_line=SEM","SEM + vehicle ; treatment=vehicle ; cell_line=SEM"
"cgroup_L5_90db4e34","GSE231324",FALSE,FALSE,"trattamento","Testosterone (Male) ; treatment=testosterone ; sex=male","Control (Male) ; treatment=control ; sex=male"
"cgroup_L5_0e66597e","GSE231397",FALSE,FALSE,"trattamento","Fulvestrant + E2 ; Treatment=Fulvestrant + E2","DMSO ; Treatment=DMSO"
"cgroup_L5_0e66597e","GSE231397",FALSE,FALSE,"trattamento","Fulvestrant ; Treatment=Fulvestrant","DMSO ; Treatment=DMSO"
"cgroup_L5_d9e23e09","GSE231460",FALSE,FALSE,"trattamento","TNFα stimulated ; treatment=TNFα ; cell_type=HUVECs ; time=26 hours","Control (vehicle) ; treatment=vehicle_only ; cell_ty"
"cgroup_L5_d9e23e09","GSE231460",FALSE,FALSE,"trattamento","TNFα stimulated with si-control ; treatment=TNFα ; cell_type=HUVECs ; time=26 ","Control (vehicle) ; treatment=vehicle_only ; cell_ty"
"cgroup_L5_828ae0cb","GSE231480",FALSE,FALSE,"trattamento","CAMA1 cells treated with TWEAK ; cell_line=CAMA1 ; treatment=TWEAK","CAMA1 cells untreated ; cell_line=CAMA1 ; treatment="
"cgroup_L5_828ae0cb","GSE231480",FALSE,FALSE,"trattamento","Hs578T cells treated with TWEAK ; cell_line=Hs578T ; treatment=TWEAK","Hs578T cells untreated ; cell_line=Hs578T ; treatmen"
"cgroup_L5_828ae0cb","GSE231480",FALSE,FALSE,"trattamento","MCF7 cells treated with TWEAK ; cell_line=MCF7 ; treatment=TWEAK","MCF7 cells untreated ; cell_line=MCF7 ; treatment=Un"
"cgroup_L5_828ae0cb","GSE231480",FALSE,FALSE,"trattamento","MDA-MB-231 cells treated with TWEAK ; cell_line=MDA-MB-231 ; treatment=TWEAK","MDA-MB-231 cells untreated ; cell_line=MDA-MB-231 ; "
"cgroup_L5_2248a891","GSE231591",FALSE,FALSE,"trattamento","Forskolin-treated PKHD1 mutant kidney organoids ; treatment=Forskolin ; cell_l","DMSO-treated PKHD1 mutant kidney organoids ; treatme"
"cgroup_L5_f2481870","GSE231611",FALSE,FALSE,"trattamento","CART19 + TP-0903 ; treatment=TP-0903 ; cell_type_or_line_raw=CART19","CART19 + DMSO ; treatment=DMSO ; cell_type_or_line_r"
"cgroup_L5_c548d053","GSE231686",FALSE,FALSE,"trattamento","SLE LPS ; disease_state=SLE ; perturbation=LPS","SLE Untreated and Unstimulated ; disease_state=SLE ;"
"cgroup_L5_1d96b9da","GSE231686",FALSE,FALSE,"trattamento","SLE POLY I:C ; disease_state=SLE ; perturbation=POLY I:C","SLE Untreated and Unstimulated ; disease_state=SLE ;"
"cgroup_L5_c548d053","GSE231686",FALSE,FALSE,"trattamento","Normal LPS N37 ; disease_state=normal ; perturbation=LPS","Normal untreated N37 ; disease_state=normal ; pertur"
"cgroup_L5_dd2a13de","GSE231693",FALSE,FALSE,"trattamento","IPF_5466 ; disease_state=idiopathic_pulmonary_fibrosis","Normal_Lung ; disease_state=normal"
"cgroup_L5_b71a25a2","GSE231871",FALSE,FALSE,"trattamento","DOHH2 + JQ1 ; treatment=JQ1 ; cell_type_or_line_raw=DOHH2 ; tissue=diffuse lar","DOHH2 + Solvent ; treatment=solvent ; cell_type_or_l"
"cgroup_L5_f2139c4f","GSE232034",FALSE,FALSE,"trattamento","LNCaP_Erastin ; cell_line=LNCaP ; treatment=Erastin","LNCaP_DMSO ; cell_line=LNCaP ; treatment=DMSO"
"cgroup_L5_f2139c4f","GSE232034",FALSE,FALSE,"trattamento","PC3_Erastin ; cell_line=PC3 ; treatment=Erastin","PC3_DMSO ; cell_line=PC3 ; treatment=DMSO"
"cgroup_L5_4be9e90d","GSE232176",FALSE,FALSE,"trattamento","PFOS treated ; treatment=PFOS ; cell_type=uterine artery endothelial cells ; c","DMSO control ; treatment=DMSO ; cell_type=uterine ar"
"cgroup_L5_4be9e90d","GSE232176",FALSE,FALSE,"trattamento","PFOS treated ; treatment=PFOS ; cell_type=uterine artery endothelial cells ; c","DMSO control ; treatment=DMSO ; cell_type=uterine ar"
"cgroup_L5_4be9e90d","GSE232176",FALSE,FALSE,"trattamento","PFOS treated ; treatment=PFOS ; cell_type=uterine artery endothelial cells ; c","DMSO control ; treatment=DMSO ; cell_type=uterine ar"
"cgroup_L5_d7ad915e","GSE232218",FALSE,FALSE,"trattamento","iPSC-derived brain organoids treated with VPA (200 uM) ; treatment=VPA ; dose=","iPSC-derived brain organoids vehicle control ; treat"
"cgroup_L5_d7ad915e","GSE232218",FALSE,FALSE,"trattamento","iPSC-derived brain organoids treated with VPA (200 uM) ; treatment=VPA ; dose=","iPSC-derived brain organoids vehicle control ; treat"
"cgroup_L5_d7ad915e","GSE232218",FALSE,FALSE,"trattamento","iPSC-derived brain organoids treated with VPA (400 uM) ; treatment=VPA ; dose=","iPSC-derived brain organoids vehicle control ; treat"
"cgroup_L5_ba4af011","GSE232305",FALSE,FALSE,"trattamento","irradiation ; treatment=irradiation ; cell_line=HCT116","solvent ; treatment=solvent ; cell_line=HCT116"
"cgroup_L5_ba4af011","GSE232305",FALSE,FALSE,"trattamento","irradiation (P53 Null) ; treatment=irradiation ; cell_line=HCT116 P53 Null","solvent ; treatment=solvent ; cell_line=HCT116"
"cgroup_L5_f640365a","GSE232390",FALSE,FALSE,"trattamento","K562 cells treated with hemin ; treatment=hemin ; cell_type=K562","Untreated K562 cells ; treatment=untreated ; cell_ty"
"cgroup_L5_2e16719f","GSE232435",FALSE,FALSE,"trattamento","TGF-Beta ; treatment=TGF-Beta","Control (Vehicle Only) ; treatment=vehicle_only"
"cgroup_L5_2e16719f","GSE232435",FALSE,FALSE,"trattamento","TGF-Beta (8h) ; treatment=TGF-Beta (8h)","Control (Vehicle Only) ; treatment=vehicle_only"
"cgroup_L5_ba4af011","GSE232508",FALSE,FALSE,"trattamento","Irradiation (treated) ; treatment=irradiation","Untreated (control) ; treatment=untreated"
"cgroup_L5_ba4af011","GSE232508",FALSE,FALSE,"trattamento","Irradiation (treated) ; treatment=irradiation","Untreated (control) ; treatment=untreated"
"cgroup_L5_2e16719f","GSE232640",FALSE,FALSE,"trattamento","TGFb treated LX2 cells ; treatment=TGFb ; cell_type=LX2 cells ; time=16 hours","Untreated LX2 cells ; treatment=Untreated ; cell_typ"
"cgroup_L5_bb8cb388","GSE232713",FALSE,FALSE,"trattamento","Endometriosis ; disease_state=endometriosis","Control ; disease_state=control"
"cgroup_L5_bb8cb388","GSE232713",FALSE,FALSE,"trattamento","Endometriosis ; disease_state=endometriosis","Control ; disease_state=control"
"cgroup_L5_df599af1","GSE232753",FALSE,FALSE,"trattamento","Sepsis patients ; disease_state=sepsis","Healthy controls ; disease_state=none"
"cgroup_L5_81b706c4","GSE232764",FALSE,FALSE,"trattamento","Breast cancer tissue (paclitaxel) ; treatment=paclitaxel ; cell_type=breast ca","Breast cancer tissue (control) ; treatment=none ; ce"
"cgroup_L5_8c9339f5","GSE233049",FALSE,FALSE,"trattamento","Wild Type ZIKV Infection ; genotype=wild type ; infection_status=ZIKV infectio","Wild Type Mock Infection ; genotype=wild type ; infe"
"cgroup_L5_8c9339f5","GSE233049",FALSE,FALSE,"trattamento","ATF3-/- ZIKV Infection (2) ; genotype=ATF3-/- ; infection_status=ZIKV infectio","ATF3-/- Mock Infection (2) ; genotype=ATF3-/- ; infe"
"cgroup_L5_2e16719f","GSE233083",FALSE,FALSE,"trattamento","TGF-β1 + 3C ; treatment=TGF-β1 + 3C ; cell_type=cryopreserved human hepatocyte","TGF-β1 + DMSO ; treatment=TGF-β1 + DMSO ; cell_type="
"cgroup_L5_8a54ddd6","GSE233112",FALSE,FALSE,"trattamento","doxorubicin 300 nM ; treatment=doxorubicin 300 nM","DMSO ; treatment=DMSO"
"cgroup_L5_c548d053","GSE233262",FALSE,FALSE,"trattamento","iPSC-microglia, LPS (6h) ; cell_type=iPSC-microglia ; disease_state=none ; tre","iPSC-microglia, vehicle treatment (6h) ; cell_type=i"
"cgroup_L5_c548d053","GSE233262",FALSE,FALSE,"trattamento","iPSC-microglia, LPS (6h) ; cell_type=iPSC-microglia ; disease_state=none ; tre","iPSC-microglia, vehicle treatment (6h) ; cell_type=i"
"cgroup_L5_c548d053","GSE233262",FALSE,FALSE,"trattamento","iPSC-microglia, LPS (6h) ; cell_type=iPSC-microglia ; disease_state=none ; tre","iPSC-microglia, vehicle treatment (6h) ; cell_type=i"
"cgroup_L5_c548d053","GSE233262",FALSE,FALSE,"trattamento","iPSC-microglia, LPS (6h) ; cell_type=iPSC-microglia ; disease_state=none ; tre","iPSC-microglia, vehicle treatment (6h) ; cell_type=i"
"cgroup_L5_1bbf4b9b","GSE233331",FALSE,FALSE,"trattamento","CAF16 (Gastric Cancer) ; disease_state=gastric cancer ; cell_context=CAF16","Adjacent Normal Gastric (Replicate 1) ; disease_stat"
"cgroup_L5_1bbf4b9b","GSE233331",FALSE,FALSE,"trattamento","CAF20 (Gastric Cancer) ; disease_state=gastric cancer ; cell_context=CAF20","Adjacent Normal Gastric (Replicate 1) ; disease_stat"
"cgroup_L5_1bbf4b9b","GSE233331",FALSE,FALSE,"trattamento","CAF47 (Gastric Cancer) ; disease_state=gastric cancer ; cell_context=CAF47","Adjacent Normal Gastric (Replicate 1) ; disease_stat"
"cgroup_L5_1bbf4b9b","GSE233331",FALSE,FALSE,"trattamento","CAF16 (Gastric Cancer) ; disease_state=gastric cancer ; cell_context=CAF16","NF47 (Adjacent Normal Gastric) ; disease_state=norma"
"cgroup_L5_1bbf4b9b","GSE233331",FALSE,FALSE,"trattamento","CAF20 (Gastric Cancer) ; disease_state=gastric cancer ; cell_context=CAF20","NF47 (Adjacent Normal Gastric) ; disease_state=norma"
"cgroup_L5_1bbf4b9b","GSE233331",FALSE,FALSE,"trattamento","CAF47 (Gastric Cancer) ; disease_state=gastric cancer ; cell_context=CAF47","NF47 (Adjacent Normal Gastric) ; disease_state=norma"
"cgroup_L5_83f57274","GSE233425",FALSE,FALSE,"trattamento","G6PC mutation, hypoxia ; mutation=G6PC mutation ; treatment=hypoxia","G6PC mutation, normoxia ; mutation=G6PC mutation ; t"
"cgroup_L5_83f57274","GSE233425",FALSE,FALSE,"trattamento","OTC mutation, hypoxia ; mutation=OTC mutation ; treatment=hypoxia","OTC mutation, normoxia ; mutation=OTC mutation ; tre"
"cgroup_L5_83f57274","GSE233425",FALSE,FALSE,"trattamento","LDLR mutation, hypoxia ; mutation=LDLR mutation ; treatment=hypoxia","LDLR mutation, normoxia ; mutation=LDLR mutation ; t"
"cgroup_L5_83f57274","GSE233425",FALSE,FALSE,"trattamento","Wild-type, hypoxia ; mutation=wild-type ; treatment=hypoxia","Wild-type, normoxia ; mutation=wild-type ; treatment"
"cgroup_L5_83f57274","GSE233425",FALSE,FALSE,"trattamento","OTC mutation, hypoxia ; mutation=OTC mutation ; treatment=hypoxia","OTC mutation, normoxia ; mutation=OTC mutation ; tre"
"cgroup_L5_c5e86fe9","GSE233429",TRUE,TRUE,"contesto","MDA-MB-231 ARL11 overexpression + Olaparib ; treatment=Olaparib ; genotype=ARL","MDA-MB-231 ARL11 overexpression + DMSO ; treatment=D"
"cgroup_L5_fea19ca0","GSE233494",FALSE,FALSE,"trattamento","human IFN-β ; Perturbation=human IFN-β","PBS ; Perturbation=PBS"
"cgroup_L5_87c40ebb","GSE233548",FALSE,FALSE,"trattamento","Huh7.5 + IFN-γ ; PLSCR1 status=WT ; Treatment=IFN-γ","Huh7.5 untreated ; PLSCR1 status=WT ; Treatment=Untr"
"cgroup_L5_871ae09e","GSE233732",FALSE,FALSE,"trattamento","SARS-CoV-2 infected vagus nerve ; infection_status=infected","Control vagus nerve ; infection_status=control"
"cgroup_L5_c3ae78cd","GSE233900",FALSE,FALSE,"trattamento","CD patient D681 ; disease_state=Crohn's Disease ; donor_id=D681","Healthy control B206 ; disease_state=Healthy Control"
"cgroup_L5_356eedd3","GSE234148",FALSE,FALSE,"trattamento","Ex vivo human pancreatic islets treated with TSA (0.5 µM) ; treatment=TSA ; ce","Ex vivo human pancreatic islets treated with DMSO ; "
"cgroup_L5_356eedd3","GSE234148",FALSE,FALSE,"trattamento","Ex vivo human pancreatic islets treated with TSA (0.5 µM) ; treatment=TSA ; ce","Ex vivo human pancreatic islets treated with DMSO ; "
"cgroup_L5_a3c3e08c","GSE234170",FALSE,FALSE,"trattamento","LDN_CD45_hi Lung Cancer PA017_D ; disease_state=lung_cancer ; cell_type=LDN_CD","LDN_CD45_hi Healthy HD_LIRI ; disease_state=healthy "
"cgroup_L5_a3c3e08c","GSE234170",FALSE,FALSE,"trattamento","LDN_CD45_hi Tumor PA100 ; disease_state=lung_cancer ; cell_type=LDN_CD45_hi ; ","LDN_CD45_hi Healthy HD_LIRI ; disease_state=healthy "
"cgroup_L5_a3c3e08c","GSE234170",FALSE,FALSE,"trattamento","LDN_CD45_lo Lung Cancer PA017_D ; disease_state=lung_cancer ; cell_type=LDN_CD","LDN_CD45_hi Healthy HD_LIRI ; disease_state=healthy "
"cgroup_L5_a3c3e08c","GSE234170",FALSE,FALSE,"trattamento","PMN Lung Cancer PA017_C ; disease_state=lung_cancer ; cell_type=PMN ; donor_id","PMN Healthy HD_DIDI ; disease_state=healthy ; cell_t"
"cgroup_L5_522fa0c2","GSE234297",FALSE,FALSE,"trattamento","sALS Case01 ; disease_state=sALS","Healthy control ; disease_state=Healthy control"
"cgroup_L5_522fa0c2","GSE234297",FALSE,FALSE,"trattamento","sALS Case01 ; disease_state=sALS","Healthy control (additional) ; disease_state=Healthy"
"cgroup_L5_3be7454c","GSE234424",FALSE,FALSE,"trattamento","EPC2-hTERT + IFN-alpha ; treatment=IFN-alpha ; cell_type=EPC2-hTERT","EPC2-hTERT + Control ; treatment=Control ; cell_type"
"cgroup_L5_87c40ebb","GSE234424",FALSE,FALSE,"trattamento","EPC2-hTERT + IFN-gamma ; treatment=IFN-gamma ; cell_type=EPC2-hTERT","EPC2-hTERT + Control ; treatment=Control ; cell_type"
"cgroup_L5_b6b8bc00","GSE234514",FALSE,FALSE,"trattamento","MCF-7 PR Palbociclib ; treatment=Palbociclib ; cell_line=MCF-7 PR","MCF-7 WT Vehicle ; treatment=Vehicle ; cell_line=MCF"
"cgroup_L5_b6b8bc00","GSE234514",FALSE,FALSE,"trattamento","MCF-7 PR Palbociclib ; treatment=Palbociclib ; cell_line=MCF-7 PR","MCF-7 WT Vehicle ; treatment=Vehicle ; cell_line=MCF"
"cgroup_L5_dc7451b1","GSE234615",FALSE,FALSE,"trattamento","HCT116 cells treated with EPZ-5676 ; treatment=EPZ-5676 ; cell_line=HCT116","Colorectal carcinoma cells treated with DMSO ; treat"
"cgroup_L5_dc7451b1","GSE234615",TRUE,TRUE,"contesto","HCT116 cells with shNELFE modification treated with EPZ-5676 ; treatment=EPZ-5","Colorectal carcinoma cells with shNELFE modification"
"cgroup_L5_dc7451b1","GSE234615",TRUE,TRUE,"contesto","HCT116 cells with shNELFE modification treated with EPZ-5676 ; treatment=EPZ-5","Colorectal carcinoma cells with shNELFE modification"
"cgroup_L5_fd0c6a79","GSE234647",FALSE,FALSE,"trattamento","Wild-Type Regorafenib ; Genotype=wild-type ; Treatment=Regorafenib","Wild-Type Naive ; Genotype=wild-type ; Treatment=nai"
"cgroup_L5_fd0c6a79","GSE234647",TRUE,TRUE,"contesto","Axl KO Regorafenib ; Genotype=Axl KO ; Treatment=Regorafenib","Axl KO Naive ; Genotype=Axl KO ; Treatment=naive"
"cgroup_L5_b2affd22","GSE234729",FALSE,FALSE,"trattamento","Severe Preeclampsia (P818) ; disease_state=Severe Preeclampsia ; donor_id=P818","Non-hypertensive control (P1950) ; disease_state=Non"
"cgroup_L5_b2affd22","GSE234729",FALSE,FALSE,"trattamento","Severe Preeclampsia (P826) ; disease_state=Severe Preeclampsia ; donor_id=P826","Non-hypertensive control (P1950) ; disease_state=Non"
"cgroup_L5_b2affd22","GSE234729",FALSE,FALSE,"trattamento","Severe Preeclampsia (P768) ; disease_state=Severe Preeclampsia ; donor_id=P768","Non-hypertensive control (mixed donors) ; disease_st"
"cgroup_L5_b9e7806c","GSE234734",FALSE,FALSE,"trattamento","22Rv11_THZ531 ; cell_line=22Rv11 ; treatment=THZ531","22Rv1_DMSO ; cell_line=22Rv1 ; treatment=DMSO"
"cgroup_L5_3de56a79","GSE234760",FALSE,FALSE,"trattamento","PDAC tissue ; disease_status=PDAC","Normal adjacent tissue ; disease_status=normal"
"cgroup_L5_96c9f7bf","GSE234795",FALSE,FALSE,"trattamento","Bipolar Disorder Case 1 ; disease_state=bipolar_disorder_case ; cell_line=BD-P","Healthy Control ; disease_state=healthy_control ; ce"
"cgroup_L5_96c9f7bf","GSE234795",FALSE,FALSE,"trattamento","Bipolar Disorder Case 2 ; disease_state=bipolar_disorder_case ; cell_line=BD-P","Healthy Control ; disease_state=healthy_control ; ce"
"cgroup_L5_96c9f7bf","GSE234795",FALSE,FALSE,"trattamento","Bipolar Disorder Case Pool ; disease_state=bipolar_disorder_case ; cell_line=i","Healthy Control ; disease_state=healthy_control ; ce"
"cgroup_L5_c0d1d837","GSE234805",FALSE,FALSE,"trattamento","Enzalutamide 20uM 8hr ; treatment=Enzalutamide","Control ; treatment=Control"
"cgroup_L5_b71a25a2","GSE235031",FALSE,FALSE,"trattamento","Treated (JQ1) ; treatment=JQ1 ; cell_line=HeLa ; time(hours)=72","Control (drug-free medium) ; treatment=drug-free med"
"cgroup_L5_b71a25a2","GSE235031",FALSE,FALSE,"trattamento","Treated (JQ1) ; treatment=JQ1 ; cell_line=HeLa ; time(hours)=72","Control (drug-free medium) ; treatment=drug-free med"
"cgroup_L5_8c9339f5","GSE235210",FALSE,FALSE,"trattamento","ZIKV-infected hSeC (12h) ; infection_status=zika_virus_infected ; time=12h","Mock-infected hSeC (12h) ; infection_status=mock_inf"
"cgroup_L5_8c9339f5","GSE235210",FALSE,FALSE,"trattamento","ZIKV-infected hSeC (24h) ; infection_status=zika_virus_infected ; time=24h","Mock-infected hSeC (24h) ; infection_status=mock_inf"
"cgroup_L5_8c9339f5","GSE235210",FALSE,FALSE,"trattamento","ZIKV-infected hSeC (12h) - replicate ; infection_status=zika_virus_infected ; ","Mock-infected hSeC (12h) ; infection_status=mock_inf"
"cgroup_L5_8c9339f5","GSE235210",FALSE,FALSE,"trattamento","ZIKV-infected hSeC (24h) - replicate ; infection_status=zika_virus_infected ; ","Mock-infected hSeC (24h) ; infection_status=mock_inf"
"cgroup_L5_c548d053","GSE235310",FALSE,FALSE,"trattamento","LPS for 20 hours ; treatment=LPS ; duration=20 hours","Control ; treatment=Control"
"cgroup_L5_c548d053","GSE235310",FALSE,FALSE,"trattamento","LPS for 480 hours ; treatment=LPS ; duration=480 hours","Control ; treatment=Control"
"cgroup_L5_c548d053","GSE235310",FALSE,FALSE,"trattamento","LPS for 48384 hours ; treatment=LPS ; duration=48384 hours","Control ; treatment=Control"
"cgroup_L5_b6b8bc00","GSE235401",FALSE,FALSE,"trattamento","AGS Palbociclib ; treatment=Palbociclib ; cell_line=AGS","AGS none (control) ; treatment=none (control) ; cell"
"cgroup_L5_b6b8bc00","GSE235401",FALSE,FALSE,"trattamento","AGS Palbociclib ; treatment=Palbociclib ; cell_line=AGS","AGS none (control) ; treatment=none (control) ; cell"
"cgroup_L5_b6b8bc00","GSE235401",FALSE,FALSE,"trattamento","SNU-1 Palbociclib ; treatment=Palbociclib ; cell_line=SNU-1","SNU-1 none (control) ; treatment=none (control) ; ce"
"cgroup_L5_37ecd157","GSE235462",FALSE,FALSE,"trattamento","VEGF donor 1 ; treatment=VEGF ; donor_id=donor 1","DMSO donor 1 ; treatment=DMSO ; donor_id=donor 1"
"cgroup_L5_021e875e","GSE235549",FALSE,FALSE,"trattamento","Cisplatin 5 days ; Treatment=Cisplatin ; Duration=5 days","Vehicle ; Treatment=Vehicle"
"cgroup_L5_021e875e","GSE235549",FALSE,FALSE,"trattamento","Cisplatin 10 days ; Treatment=Cisplatin ; Duration=10 days","Vehicle ; Treatment=Vehicle"
"cgroup_L5_021e875e","GSE235681",FALSE,FALSE,"trattamento","A549 cisplatin ; cell_line=A549 ; treatment=cisplatin","A549 untreated ; cell_line=A549 ; treatment=untreate"
"cgroup_L5_021e875e","GSE235681",FALSE,FALSE,"trattamento","GM12878 cisplatin ; cell_line=GM12878 ; treatment=cisplatin","GM12878 untreated ; cell_line=GM12878 ; treatment=un"
"cgroup_L5_479c6221","GSE235704",FALSE,FALSE,"trattamento","NCI-H526 treated with GSK126 ; cell_line=NCI-H526 ; treatment=GSK126","NCI-H526 treated with DMSO (lung tissue) ; cell_line"
"cgroup_L5_b6b8bc00","GSE235738",FALSE,FALSE,"trattamento","ASPS_PDX_Palbo-1 ; cell_line=ASPS_PDX_Palbo-1 ; treatment=Palbociclib","ASPS_PDX_Control-1 ; cell_line=ASPS_PDX_Control-1 ; "
"cgroup_L5_b6b8bc00","GSE235738",FALSE,FALSE,"trattamento","ASPS_PDX_Palbo-2 ; cell_line=ASPS_PDX_Palbo-2 ; treatment=Palbociclib","ASPS_PDX_Control-2 ; cell_line=ASPS_PDX_Control-2 ; "
"cgroup_L5_855ca642","GSE235768",FALSE,FALSE,"trattamento","BJ cells treated with hydrogen peroxide ; treatment=hydrogen_peroxide ; cell_l","BJ cells treated with vehicle (hydrogen peroxide) ; "
"cgroup_L5_855ca642","GSE235768",FALSE,FALSE,"trattamento","Normal Lung fibroblasts treated with hydrogen peroxide ; treatment=hydrogen_pe","Normal Lung fibroblasts treated with vehicle (hydrog"
"cgroup_L5_855ca642","GSE235768",FALSE,FALSE,"trattamento","Normal Lung fibroblasts treated with hydrogen peroxide ; treatment=hydrogen_pe","Normal Lung fibroblasts treated with vehicle (bortez"
"cgroup_L5_021e875e","GSE235908",FALSE,FALSE,"trattamento","786-0 Cisplatin ; cell_line=786-0 ; treatment=Cisplatin","786-0 Vehicle ; cell_line=786-0 ; treatment=Vehicle"
"cgroup_L5_021e875e","GSE235908",FALSE,FALSE,"trattamento","HCC1806 Cisplatin ; cell_line=HCC1806 ; treatment=Cisplatin","HCC1806 Vehicle ; cell_line=HCC1806 ; treatment=Vehi"
"cgroup_L5_021e875e","GSE235908",FALSE,FALSE,"trattamento","HCC1806 Cisplatin ; cell_line=HCC1806 ; treatment=Cisplatin","HCC1806 Vehicle ; cell_line=HCC1806 ; treatment=Vehi"
"cgroup_L5_021e875e","GSE235908",FALSE,FALSE,"trattamento","HCC1806 Cisplatin ; cell_line=HCC1806 ; treatment=Cisplatin","HCC1806 Vehicle ; cell_line=HCC1806 ; treatment=Vehi"
"cgroup_L5_021e875e","GSE235908",FALSE,FALSE,"trattamento","HCT116 Cisplatin ; cell_line=HCT116 ; treatment=Cisplatin","HCT116 Vehicle ; cell_line=HCT116 ; treatment=Vehicl"
"cgroup_L5_021e875e","GSE235908",FALSE,FALSE,"trattamento","U1690 Cisplatin ; cell_line=U1690 ; treatment=Cisplatin","U1690 Vehicle ; cell_line=U1690 ; treatment=Vehicle"
"cgroup_L5_021e875e","GSE235908",FALSE,FALSE,"trattamento","U1690 Cisplatin ; cell_line=U1690 ; treatment=Cisplatin","U1690 Vehicle ; cell_line=U1690 ; treatment=Vehicle"
"cgroup_L5_021e875e","GSE235908",FALSE,FALSE,"trattamento","U1690 Cisplatin ; cell_line=U1690 ; treatment=Cisplatin","U1690 Vehicle ; cell_line=U1690 ; treatment=Vehicle"
"cgroup_L5_cacf5d1a","GSE236117",FALSE,FALSE,"trattamento","F. nucleatum exposed AMC-HN-8 cells ; treatment=F. nucleatum ; cell_type_or_li","Control AMC-HN-8 cells (case) ; treatment=control ; "
"cgroup_L5_cacf5d1a","GSE236117",FALSE,FALSE,"trattamento","F. nucleatum exposed AMC-HN-8 cells ; treatment=F. nucleatum ; cell_type_or_li","Control AMC-HN-8 cells (none) ; treatment=control ; "
"cgroup_L5_d9e23e09","GSE236122",TRUE,TRUE,"contesto","TNF stimulated, gap_CBP, finger ; treatment=TNF ; transgene=gap_CBP","Unstimulated, gap_CBP, knee, passage 196 ; treatment"
"cgroup_L5_d9e23e09","GSE236122",TRUE,TRUE,"contesto","TNF stimulated, gap_CBP, knee, passage 196 ; treatment=TNF ; transgene=gap_CBP","Unstimulated, gap_CBP, knee, passage 196 ; treatment"
"cgroup_L5_d9e23e09","GSE236122",TRUE,TRUE,"contesto","TNF stimulated, gap_p300, finger ; treatment=TNF ; transgene=gap_p300","Unstimulated, gap_p300, knee ; treatment=unstimulate"
"cgroup_L5_d9e23e09","GSE236122",FALSE,FALSE,"trattamento","TNF stimulated, primary tissue, finger ; treatment=TNF","Unstimulated, primary tissue, finger"
"cgroup_L5_d9e23e09","GSE236122",FALSE,FALSE,"trattamento","TNF stimulated, primary tissue, knee ; treatment=TNF","Unstimulated, primary tissue, knee ; treatment=unsti"
"cgroup_L5_d9e23e09","GSE236122",TRUE,TRUE,"contesto","TNF stimulated, gap_CBP, primary tissue, finger, passage 379 ; treatment=TNF ;","Unstimulated, gap_CBP, primary tissue, finger ; trea"
"cgroup_L5_d9e23e09","GSE236122",TRUE,TRUE,"contesto","TNF stimulated, gap_CBP, primary tissue, finger ; treatment=TNF ; transgene=ga","Unstimulated, gap_CBP, primary tissue, finger ; trea"
"cgroup_L5_d9e23e09","GSE236122",TRUE,TRUE,"contesto","TNF stimulated, gap_p300, primary tissue, finger ; treatment=TNF ; transgene=g","Unstimulated, gap_p300, primary tissue, finger ; tre"
"cgroup_L5_d9e23e09","GSE236122",TRUE,TRUE,"contesto","TNF stimulated, gap_p300, primary tissue, finger ; treatment=TNF ; transgene=g","Unstimulated, gap_p300, primary tissue, finger ; tre"
"cgroup_L5_d9e23e09","GSE236122",TRUE,TRUE,"contesto","TNF stimulated, gap_p300, primary tissue, knee ; treatment=TNF ; transgene=gap","Unstimulated, gap_p300, primary tissue, knee ; treat"
"cgroup_L5_d9e23e09","GSE236122",TRUE,TRUE,"contesto","TNF stimulated, gap_p300, primary tissue, knee ; treatment=TNF ; transgene=gap","Unstimulated, gap_p300, primary tissue, knee ; treat"
"cgroup_L5_d9e23e09","GSE236122",TRUE,TRUE,"contesto","TNF stimulated, gap_p300, primary tissue, knee ; treatment=TNF ; transgene=gap","Unstimulated, gap_p300, primary tissue, knee ; treat"
"cgroup_L5_b71a25a2","GSE236168",FALSE,FALSE,"trattamento","JQ1 + compound 3b (1) ; treatment=JQ1 ; genotype=wild-type","DMSO (1) ; treatment=DMSO ; genotype=wild-type"
"cgroup_L5_b71a25a2","GSE236168",FALSE,FALSE,"trattamento","JQ1 (1) ; treatment=JQ1 ; genotype=wild-type","DMSO (1) ; treatment=DMSO ; genotype=wild-type"
"cgroup_L5_721184e6","GSE236205",FALSE,FALSE,"trattamento","Y79 cells treated with THZ1 ; cell_line=Y79 ; treatment=THZ1","Y79 cells treated with DMSO ; cell_line=Y79 ; treatm"
"cgroup_L5_f2139c4f","GSE236253",FALSE,FALSE,"trattamento","U87 cells treated with Erastin ; treatment=Erastin ; dose=10 microM ; duration","U87 cells under normal growth conditions ; treatment"
"cgroup_L5_c0d1d837","GSE236286",FALSE,FALSE,"trattamento","Enzalutamide ; treatment=Enzalutamide","Vehicle ; treatment=Vehicle"
"cgroup_L5_930c8dcf","GSE236286",FALSE,FALSE,"trattamento","DHT ; treatment=DHT","Vehicle ; treatment=Vehicle"
"cgroup_L5_ba4af011","GSE236331",FALSE,FALSE,"trattamento","MCF10A irradiated 20Gy ; treatment=irradiation ; genetic_modification=wild-typ","MCF10A no treatment ; treatment=no treatment ; genet"
"cgroup_L5_ba4af011","GSE236331",TRUE,TRUE,"contesto","MCF10A IL1R1 KO irradiated 20Gy ; treatment=irradiation ; genetic_modification","MCF10A IL1R1 KO ; treatment=no treatment ; genetic_m"
"cgroup_L5_ba4af011","GSE236331",TRUE,TRUE,"contesto","MCF10A IL1RAP KO irradiated 20Gy ; treatment=irradiation ; genetic_modificatio","MCF10A IL1RAP KO ; treatment=no treatment ; genetic_"
"cgroup_L5_f94b6180","GSE236441",FALSE,FALSE,"trattamento","Canonical MED19-LNCaP treated with R1881 ; treatment=R1881 ; cell_line=Canonic","Canonical MED19-LNCaP treated with Vehicle (ETOH) ; "
"cgroup_L5_f94b6180","GSE236441",FALSE,FALSE,"trattamento","Canonical MED19-LNCaP treated with R1881 ; treatment=R1881 ; cell_line=Canonic","Canonical MED19-LNCaP with Vehicle (ETOH) ; treatmen"
"cgroup_L5_f94b6180","GSE236441",FALSE,FALSE,"trattamento","Control LNCaP treated with R1881 ; treatment=R1881 ; cell_line=Control LNCaP","Control LNCaP treated with Vehicle (ETOH) ; treatmen"
"cgroup_L5_f94b6180","GSE236441",FALSE,FALSE,"trattamento","Control LNCaP treated with R1881 ; treatment=R1881 ; cell_line=Control LNCaP","Control LNCaP treated with Vehicle (ETOH) ; treatmen"
"cgroup_L5_f94b6180","GSE236441",FALSE,FALSE,"trattamento","Control LNCaP treated with R1881 ; treatment=R1881 ; cell_line=Control LNCaP","Control LNCaP treated with Vehicle (ETOH) ; treatmen"
"cgroup_L5_81b706c4","GSE236502",FALSE,FALSE,"trattamento","PMCA-3 Paclitaxel ; Treatment=Paclitaxel ; Cell Line=PMCA-3","PMCA-3 Saline Control ; Treatment=Saline ; Cell Line"
"cgroup_L5_81b706c4","GSE236502",FALSE,FALSE,"trattamento","TM00351 Paclitaxel ; Treatment=Paclitaxel ; Cell Line=TM00351","TM00351 Saline Control ; Treatment=Saline ; Cell Lin"
"cgroup_L5_c054e202","GSE236742",FALSE,FALSE,"trattamento","Rapamycin-treated TSC1-null HCV29 cells ; treatment=Rapamycin ; cell_line=HCV2","DMSO-treated TSC1-null HCV29 cells ; treatment=DMSO "
"cgroup_L5_82f82010","GSE236746",FALSE,FALSE,"trattamento","Diabetic Torn Rotator Cuff Tendon ; disease_state=diabetic","Control Torn Rotator Cuff Tendon ; disease_state=con"
"cgroup_L5_7934174c","GSE236896",FALSE,FALSE,"trattamento","HCT-116, EPZ-6438, 1 uM, 6 days, 5-6 passages ; Treatment=EPZ-6438 ; Duration=","HCT-116, DMSO, 6 days, 5-6 passages ; Treatment=DMSO"
"cgroup_L5_7934174c","GSE236896",FALSE,FALSE,"trattamento","HCT-116, EPZ-6438, 1 uM, 3 days, 4-5 passages ; Treatment=EPZ-6438 ; Duration=","HCT-116, DMSO, 3 days, 4-5 passages ; Treatment=DMSO"
"cgroup_L5_49e290ae","GSE236896",FALSE,FALSE,"trattamento","HCT-116, Cyclosporin A, 5 uM, 3 days, 4-5 passages ; Treatment=Cyclosporin A ;","HCT-116, DMSO, 3 days, 4-5 passages ; Treatment=DMSO"
"cgroup_L5_49e290ae","GSE236896",FALSE,FALSE,"trattamento","HCT-116, Cyclosporin A, 5 uM, 3 days, 4-5 passages ; Treatment=Cyclosporin A ;","HCT-116, DMSO, 3 days, 4-5 passages ; Treatment=DMSO"
"cgroup_L5_545a48c6","GSE236939",FALSE,FALSE,"trattamento","Calu-3 lung adenocarcinoma ; disease_state=lung adenocarcinoma ; cell_type_or_","Calu-3 normal ; disease_state=normal ; cell_type_or_"
"cgroup_L5_c548d053","GSE236998",FALSE,FALSE,"trattamento","LPS-treated ; treatment=LPS ; cell_type_or_line_raw=Primary human monocyte-der","Naive ; treatment=Naive ; cell_type_or_line_raw=Prim"
"cgroup_L5_c548d053","GSE236999",FALSE,FALSE,"trattamento","LPS-treated (HC88) ; treatment=LPS ; donor_id=HC88","Vehicle (HC88) ; treatment=Naive ; donor_id=HC88"
"cgroup_L5_c548d053","GSE236999",FALSE,FALSE,"trattamento","LPS-treated (HC50) ; treatment=LPS ; donor_id=HC50","Vehicle (HC50) ; treatment=Naive ; donor_id=HC50"
"cgroup_L5_c548d053","GSE236999",FALSE,FALSE,"trattamento","LPS-treated (HC88) ; treatment=LPS ; donor_id=HC88","Naive (DQ) ; treatment=Naive ; donor_id=DQ"
"cgroup_L5_c548d053","GSE236999",FALSE,FALSE,"trattamento","LPS-treated (HC50) ; treatment=LPS ; donor_id=HC50","Naive (DQ) ; treatment=Naive ; donor_id=DQ"
"cgroup_L5_034592d9","GSE237052",FALSE,FALSE,"trattamento","Keratinocytes exposed to Staphylococcus epidermidis ; bacterial exposure=Staph","Untreated Keratinocytes"
"cgroup_L5_034592d9","GSE237052",FALSE,FALSE,"trattamento","Keratinocytes exposed to Staphylococcus epidermidis (duplicate) ; bacterial ex","Untreated Keratinocytes"
"cgroup_L5_ba4af011","GSE237091",FALSE,FALSE,"trattamento","Irradiated Conjunctival Epithelial Cells ; treatment=irradiation ; cell_type=C","Untreated Conjunctival Epithelial Cells ; treatment="
"cgroup_L5_862cd9b9","GSE237177",FALSE,FALSE,"trattamento","CFPAC1 treated with SCH772984 1uM x8weeks ; cell_line=CFPAC1 ; treatment=SCH77","CFPAC1 treated with DMSO ; cell_line=CFPAC1 ; treatm"
"cgroup_L5_862cd9b9","GSE237177",FALSE,FALSE,"trattamento","MIA PaCa-2 treated with SCH772984 1uM x8weeks ; cell_line=MIA PaCa-2 ; treatme","MIA PaCa-2 treated with DMSO ; cell_line=MIA PaCa-2 "
"cgroup_L5_a3f0c959","GSE237363",FALSE,FALSE,"trattamento","SW1990 + GSK-LSD1 (2000uM) ; perturbation=GSK-LSD1 ; dose=2000uM ; cell_line=S","SW1990 + vehicle ; perturbation=vehicle ; cell_line="
"cgroup_L5_a3f0c959","GSE237363",FALSE,FALSE,"trattamento","SW1990 + GSK-LSD1 (2000uM, 2h) ; perturbation=GSK-LSD1 ; dose=2000uM ; duratio","SW1990 + vehicle ; perturbation=vehicle ; cell_line="
"cgroup_L5_004d293d","GSE237413",FALSE,FALSE,"trattamento","Lapatinib-treated SKBR3 ; treatment=lapatinib ; cell_state=normal","Untreated SKBR3 ; treatment=untreated ; cell_state=n"
"cgroup_L5_004d293d","GSE237413",FALSE,FALSE,"trattamento","Lapatinib-treated Senescent SKBR3 ; treatment=lapatinib ; cell_state=senescent","Untreated SKBR3 ; treatment=untreated ; cell_state=n"
"cgroup_L5_004d293d","GSE237413",FALSE,FALSE,"trattamento","Lapatinib-treated Senescent SKBR3 (Replicates) ; treatment=lapatinib ; cell_st","Untreated SKBR3 ; treatment=untreated ; cell_state=n"
"cgroup_L5_0e66597e","GSE237784",FALSE,FALSE,"trattamento","MCF7 (TAMR) cells treated with Fulvestrant ; cell_line=MCF7 (TAMR) ; treatment","MCF7 (TAMR) cells treated with Vehicle control ; cel"
"cgroup_L5_a12414d4","GSE237784",FALSE,FALSE,"trattamento","MCF7 (TAMR) cells treated with Estradiol ; cell_line=MCF7 (TAMR) ; treatment=E","MCF7 (TAMR) cells treated with Vehicle control ; cel"
"cgroup_L5_a12414d4","GSE237784",FALSE,FALSE,"trattamento","MCF7 cells treated with Estradiol ; cell_line=MCF7 ; treatment=Estradiol","MCF7 cells treated with Vehicle control ; cell_line="
"cgroup_L5_0e66597e","GSE237784",FALSE,FALSE,"trattamento","MCF7 cells treated with ICI 182,780 ; cell_line=MCF7 ; treatment=ICI 182,780","MCF7 cells treated with Vehicle control ; cell_line="
"cgroup_L5_a12414d4","GSE237784",FALSE,FALSE,"trattamento","UCD12 cells treated with Estradiol ; cell_line=UCD12 ; treatment=Estradiol","UCD12 cells treated with Vehicle control ; cell_line"
"cgroup_L5_0e66597e","GSE237784",FALSE,FALSE,"trattamento","UCD12 cells treated with ICI 182,780 ; cell_line=UCD12 ; treatment=ICI 182,780","UCD12 cells treated with Vehicle control ; cell_line"
"cgroup_L5_0e66597e","GSE237784",FALSE,FALSE,"trattamento","UCD12 cells treated with Fulvestrant ; cell_line=UCD12 ; treatment=Fulvestrant","UCD12 cells treated with Vehicle control ; cell_line"
"cgroup_L5_0e66597e","GSE237784",FALSE,FALSE,"trattamento","UCD12 cells treated with ICI 182,780 ; cell_line=UCD12 ; treatment=ICI 182,780","UCD12 cells treated with Vehicle control ; cell_line"
"cgroup_L5_a747a14e","GSE237795",FALSE,FALSE,"trattamento","PM2.5 Treated ; treatment=PM2.5 ; cell_type_or_line_raw=HTR8/SVneo","Vehicle Control ; treatment=vehicle_only ; cell_type"
"cgroup_L5_eb5e1e65","GSE237803",TRUE,TRUE,"contesto","R1-AD1 FLAG-HA knock-in 5' ORF of H3F3A gene, AR KO, Dexamethasone ; Genetic M","R1-AD1 FLAG-HA knock-in 5' ORF of H3F3A gene, AR KO,"
"cgroup_L5_eb5e1e65","GSE237803",TRUE,TRUE,"contesto","R1-AD1 FLAGHA-H3F3A, DAXX KO, Dexamethasone ; Genetic Modification=FLAG-HA kno","R1-AD1 FLAGHA-H3F3A, DAXX KO, No treatment ; Genetic"
"cgroup_L5_eb5e1e65","GSE237803",TRUE,TRUE,"contesto","R1-AD1 FLAGHA-H3F3A, DAXX KO, Dexamethasone ; Genetic Modification=FLAG-HA kno","R1-AD1 FLAGHA-H3F3A, DAXX KO, No treatment ; Genetic"
"cgroup_L5_eb5e1e65","GSE237803",FALSE,FALSE,"trattamento","R1-AD1 FLAGHA-H3F3A, Dexamethasone ; Genetic Modification=FLAG-HA knock-in 5' ","Prostate cancer cells, FLAG-HA knock-in 5' ORF of H3"
"cgroup_L5_eb5e1e65","GSE237803",FALSE,FALSE,"trattamento","R1-AD1 FLAGHA-H3F3A, Dexamethasone ; Genetic Modification=FLAG-HA knock-in 5' ","Prostate cancer cells, FLAG-HA knock-in 5' ORF of H3"
"cgroup_L5_828ae0cb","GSE237845",FALSE,FALSE,"trattamento","TWEAK (1 rep) ; treatment=TWEAK ; cell_type_or_line_raw=CCD-18CO ; tissue=colo","Vehicle ; treatment=Vehicle ; cell_type_or_line_raw="
"cgroup_L5_828ae0cb","GSE237845",FALSE,FALSE,"trattamento","TWEAK (2 reps) ; treatment=TWEAK ; cell_type_or_line_raw=CCD-18CO ; tissue=col","Vehicle ; treatment=Vehicle ; cell_type_or_line_raw="
"cgroup_L5_df599af1","GSE237861",FALSE,FALSE,"trattamento","Brain Prefrontal Cortex Sepsis ; tissue=brain prefrontal cortex ; disease_stat","Brain Prefrontal Cortex Control ; tissue=brain prefr"
"cgroup_L5_df599af1","GSE237861",FALSE,FALSE,"trattamento","Colon Sepsis ; tissue=colon ; disease_state=sepsis","Colon Control ; tissue=colon ; disease_state=control"
"cgroup_L5_df599af1","GSE237861",FALSE,FALSE,"trattamento","Heart Sepsis ; tissue=heart ; disease_state=sepsis","Heart Control ; tissue=heart ; disease_state=control"
"cgroup_L5_df599af1","GSE237861",FALSE,FALSE,"trattamento","Heart Sepsis Induced ; tissue=heart ; disease_state=sepsis","Heart Control ; tissue=heart ; disease_state=control"
"cgroup_L5_df599af1","GSE237861",FALSE,FALSE,"trattamento","Hippocampus Sepsis ; tissue=hippocampus ; disease_state=sepsis","Hippocampus Control ; tissue=hippocampus ; disease_s"
"cgroup_L5_df599af1","GSE237861",FALSE,FALSE,"trattamento","Hippocampus Sepsis Induced ; tissue=hippocampus ; disease_state=sepsis","Hippocampus Control ; tissue=hippocampus ; disease_s"
"cgroup_L5_df599af1","GSE237861",FALSE,FALSE,"trattamento","Kidney Sepsis ; tissue=kidney ; disease_state=sepsis","Kidney Control ; tissue=kidney ; disease_state=contr"
"cgroup_L5_df599af1","GSE237861",FALSE,FALSE,"trattamento","Lung Sepsis ; tissue=lung ; disease_state=sepsis","Lung Control ; tissue=lung ; disease_state=control"
"cgroup_L5_df599af1","GSE237861",FALSE,FALSE,"trattamento","Lung Sepsis Induced ; tissue=lung ; disease_state=sepsis","Lung Control ; tissue=lung ; disease_state=control"
"cgroup_L5_df599af1","GSE237861",FALSE,FALSE,"trattamento","Lung Sepsis Induced 2 ; tissue=lung ; disease_state=sepsis","Lung Control ; tissue=lung ; disease_state=control"
"cgroup_L5_df599af1","GSE237861",FALSE,FALSE,"trattamento","Prefrontal Brain Cortex Sepsis ; tissue=prefrontal brain cortex ; disease_stat","Brain Prefrontal Cortex Control ; tissue=brain prefr"
"cgroup_L5_a7509255","GSE237960",FALSE,FALSE,"trattamento","Heat killed Staphylococcus aureus ; treatment=heat_killed_staphylococcus_aureu","Control ; treatment=control"
"cgroup_L5_ee94648c","GSE237960",FALSE,FALSE,"trattamento","Heat killed Escherichia coli ; treatment=heat_killed_escherichia_coli","Control ; treatment=control"
"cgroup_L5_87c40ebb","GSE237971",FALSE,FALSE,"trattamento","Wild-Type IFNgamma Stimulated ; Genetic Background=Wild-Type ; Treatment=IFNga","Wild-Type Unstimulated ; Genetic Background=Wild-Typ"
"cgroup_L5_87c40ebb","GSE237971",TRUE,TRUE,"contesto","IRF1-KO IFNgamma Stimulated ; Genetic Background=IRF1-KO ; Treatment=IFNgamma ","IRF1-KO Unstimulated ; Genetic Background=IRF1-KO ; "
"cgroup_L5_87c40ebb","GSE237971",TRUE,TRUE,"contesto","SOCS1-KO IFNgamma Stimulated ; Genetic Background=SOCS1-KO ; Treatment=IFNgamm","SOCS1-KO Unstimulated ; Genetic Background=SOCS1-KO "
"cgroup_L5_a32e5eaa","GSE238006",FALSE,FALSE,"trattamento","Decitabine ; treatment=Decitabine ; cell_type_or_line_raw=NCI-H146","Vehicle ; treatment=Vehicle ; cell_type_or_line_raw="
"cgroup_L5_a32e5eaa","GSE238006",FALSE,FALSE,"trattamento","Decitabine ; treatment=Decitabine ; cell_type_or_line_raw=NCI-H146","Vehicle ; treatment=Vehicle ; cell_type_or_line_raw="
"cgroup_L5_6df6a50e","GSE239407",FALSE,FALSE,"trattamento","sorafenib (1uM) ; treatment=sorafenib ; concentration=1uM","Control ; treatment=none ; concentration=none"
"cgroup_L5_6df6a50e","GSE239407",FALSE,FALSE,"trattamento","sorafenib (10uM) ; treatment=sorafenib ; concentration=10uM","Control ; treatment=none ; concentration=none"
"cgroup_L5_6df6a50e","GSE239407",FALSE,FALSE,"trattamento","sorafenib (10uM) ; treatment=sorafenib ; concentration=10uM","Control ; treatment=none ; concentration=none"
"cgroup_L5_6df6a50e","GSE239407",FALSE,FALSE,"trattamento","sorafenib (1uM) ; treatment=sorafenib ; concentration=1uM","Control ; treatment=none ; concentration=none"
"cgroup_L5_089ccae5","GSE239482",FALSE,FALSE,"trattamento","MDA-MB-231 treated with Bortezomib ; treatment=B(bortezomib) ; cell_line=MDA-M","MDA-MB-231 treated with M(mock) ; treatment=M(mock) "
"cgroup_L5_b71a25a2","GSE239585",FALSE,FALSE,"trattamento","JQ1-treated, uninfected ; treatment=JQ1 ; infection_status=uninfected","DMSO-treated, uninfected ; treatment=DMSO ; infectio"
"cgroup_L5_b71a25a2","GSE239585",FALSE,FALSE,"trattamento","JQ1-treated, SARS-CoV-2-infected ; treatment=JQ1 ; infection_status=SARS-CoV-2","DMSO-treated, SARS-CoV-2-infected ; treatment=DMSO ;"
"cgroup_L5_b71a25a2","GSE239585",FALSE,FALSE,"trattamento","JQ1-treated, uninfected ; treatment=JQ1 ; infection_status=uninfected","Naive, uninfected ; treatment=naive ; infection_stat"
"cgroup_L5_f97e50de","GSE239666",FALSE,FALSE,"trattamento","Primary tissue treated with crizotinib ; treatment=crizotinib ; cell_context=p","Primary tissue treated with DMSO (control) ; treatme"
"cgroup_L5_f97e50de","GSE239666",FALSE,FALSE,"trattamento","Primary tissue treated with crizotinib (different agent ID) ; treatment=crizot","Primary tissue treated with DMSO (control) ; treatme"
"cgroup_L5_f97e50de","GSE239666",FALSE,FALSE,"trattamento","Primary tissue treated with crizotinib (another agent ID) ; treatment=crizotin","Primary tissue treated with DMSO (control) ; treatme"
"cgroup_L5_79a73ac5","GSE239726",FALSE,FALSE,"trattamento","Influenza A (H3N2) infected ; virus_infection=Influenza A (H3N2)","Mock infected ; virus_infection=mock"
"cgroup_L5_f97e50de","GSE239844",FALSE,FALSE,"trattamento","CUTO23 + crizotinib ; cell_line=CUTO23 ; treatment=crizotinib","CUTO23 + DMSO ; cell_line=CUTO23 ; treatment=DMSO"
"cgroup_L5_f97e50de","GSE239844",FALSE,FALSE,"trattamento","CUTO27 + crizotinib ; cell_line=CUTO27 ; treatment=crizotinib","CUTO27 + DMSO ; cell_line=CUTO27 ; treatment=DMSO"
"cgroup_L5_f97e50de","GSE239844",FALSE,FALSE,"trattamento","CUTO28 + crizotinib ; cell_line=CUTO28 ; treatment=crizotinib","CUTO28 + DMSO ; cell_line=CUTO28 ; treatment=DMSO"
"cgroup_L5_f97e50de","GSE239844",FALSE,FALSE,"trattamento","CUTO33 + crizotinib ; cell_line=CUTO33 ; treatment=crizotinib","CUTO33 + DMSO ; cell_line=CUTO33 ; treatment=DMSO"
"cgroup_L5_f97e50de","GSE239844",FALSE,FALSE,"trattamento","CUTO37 + crizotinib ; cell_line=CUTO37 ; treatment=crizotinib","CUTO37 + DMSO ; cell_line=CUTO37 ; treatment=DMSO"
"cgroup_L5_f97e50de","GSE239844",FALSE,FALSE,"trattamento","CUTO38 + crizotinib ; cell_line=CUTO38 ; treatment=crizotinib","CUTO38 + DMSO ; cell_line=CUTO38 ; treatment=DMSO"
"cgroup_L5_f97e50de","GSE239844",FALSE,FALSE,"trattamento","HCC78 + crizotinib ; cell_line=HCC78 ; treatment=crizotinib","HCC78 + DMSO ; cell_line=HCC78 ; treatment=DMSO"
"cgroup_L5_f94b6180","GSE240167",FALSE,FALSE,"trattamento","LNCaP + R1881 (0.1 nM, 24h) ; Treatment=R1881 ; Duration=24 hours","LNCaP + DMSO (0.1%, 24h) ; Treatment=DMSO ; Duration"
"cgroup_L5_f94b6180","GSE240167",FALSE,FALSE,"trattamento","LNCaP + R1881 (0.1 nM, 24h) ; Treatment=R1881 ; Duration=24 hours","LNCaP + DMSO (0.1%, 24h) ; Treatment=DMSO ; Duration"
"cgroup_L5_5929f298","GSE240167",FALSE,FALSE,"trattamento","LNCaP + SNX631 (500 nM, 72h) ; Treatment=SNX631 ; Duration=72 hours","LNCaP + DMSO (0.1%, 72h) ; Treatment=DMSO ; Duration"
"cgroup_L5_f94b6180","GSE240167",FALSE,FALSE,"trattamento","LNCaP + R1881 (1 nM, 72h) ; Treatment=R1881 ; Duration=72 hours","LNCaP + DMSO (0.1%, 72h) ; Treatment=DMSO ; Duration"
"cgroup_L5_f94b6180","GSE240167",FALSE,FALSE,"trattamento","LNCaP + R1881 (1 nM, 72h) ; Treatment=R1881 ; Duration=72 hours","LNCaP + DMSO (0.1%, 72h) ; Treatment=DMSO ; Duration"
"cgroup_L5_f94b6180","GSE240364",FALSE,FALSE,"trattamento","WT_HOXB13_R1881 ; treatment=R1881 ; cell_line=WT HOXB13","WT_HOXB13_vehicle_vehicle ; treatment=vehicle+vehicl"
"cgroup_L5_f94b6180","GSE240364",FALSE,FALSE,"trattamento","X285K_R1881 ; treatment=R1881 ; cell_line=X285K","X285K_vehicle_vehicle ; treatment=vehicle+vehicle ; "
"cgroup_L5_5929f298","GSE240369",FALSE,FALSE,"trattamento","22Rv1 wild-type + SNX631 ; treatment=SNX631 ; genetic_modification=wild_type","22Rv1 wild-type + DMSO ; treatment=DMSO ; genetic_mo"
"cgroup_L5_5929f298","GSE240369",FALSE,FALSE,"trattamento","22Rv1 luciferase + SNX631 ; treatment=SNX631 ; genetic_modification=luciferase","22Rv1 luciferase + DMSO ; treatment=DMSO ; genetic_m"
"cgroup_L5_5929f298","GSE240369",FALSE,FALSE,"trattamento","22Rv1 CDK19-D173A + SNX631 ; treatment=SNX631 ; genetic_modification=CDK19-D17","22Rv1 CDK19-D173A + DMSO ; treatment=DMSO ; genetic_"
"cgroup_L5_5929f298","GSE240369",FALSE,FALSE,"trattamento","22Rv1 CDK19 + SNX631 ; treatment=SNX631 ; genetic_modification=CDK19","22Rv1 CDK19 + DMSO ; treatment=DMSO ; genetic_modifi"
"cgroup_L5_5929f298","GSE240369",FALSE,FALSE,"trattamento","22Rv1 CDK8-D173A + SNX631 ; treatment=SNX631 ; genetic_modification=CDK8-D173A","22Rv1 CDK8-D173A + DMSO ; treatment=DMSO ; genetic_m"
"cgroup_L5_5929f298","GSE240369",FALSE,FALSE,"trattamento","22Rv1 CDK8 + SNX631 ; treatment=SNX631 ; genetic_modification=CDK8","22Rv1 CDK8 + DMSO ; treatment=DMSO ; genetic_modific"
"cgroup_L5_5929f298","GSE240370",FALSE,FALSE,"trattamento","22Rv1 xenograft, luciferase reporter, SNX631 ; treatment=SNX631 ; genetic_modi","22Rv1 xenograft, luciferase reporter, no treatment ;"
"cgroup_L5_a32e5eaa","GSE240439",FALSE,FALSE,"trattamento","Decitabine ; treatment=Decitabine ; cell_line=HL-60","DMSO ; treatment=DMSO ; cell_line=HL-60"
"cgroup_L5_a32e5eaa","GSE240439",FALSE,FALSE,"trattamento","Decitabine (2x) ; treatment=Decitabine ; cell_line=HL-60","DMSO ; treatment=DMSO ; cell_line=HL-60"
"cgroup_L5_a32e5eaa","GSE240439",FALSE,FALSE,"trattamento","Decitabine (3x) ; treatment=Decitabine ; cell_line=HL-60","DMSO ; treatment=DMSO ; cell_line=HL-60"
"cgroup_L5_2e16719f","GSE240476",FALSE,FALSE,"trattamento","Fibrotic tissue, TGFB+AR ; treatment=TGFB+AR ; tissue_type=fibrotic","Fibrotic tissue, Vehicle ; treatment=Vehicle ; tissu"
"cgroup_L5_2e16719f","GSE240476",FALSE,FALSE,"trattamento","Fibrotic tissue, TGFB ; treatment=TGFB ; tissue_type=fibrotic","Fibrotic tissue, Vehicle ; treatment=Vehicle ; tissu"
"cgroup_L5_2e16719f","GSE240476",FALSE,FALSE,"trattamento","Fibrotic tissue, TGFB+AR ; treatment=TGFB+AR ; tissue_type=fibrotic","Fibrotic tissue, Vehicle ; treatment=Vehicle ; tissu"
"cgroup_L5_2e16719f","GSE240476",FALSE,FALSE,"trattamento","Non-fibrotic tissue, TGFB ; treatment=TGFB ; tissue_type=non-fibrotic","Non-fibrotic tissue, Vehicle ; treatment=Vehicle ; t"
"cgroup_L5_2e16719f","GSE240476",FALSE,FALSE,"trattamento","Non-fibrotic tissue, TGFB+AR ; treatment=TGFB+AR ; tissue_type=non-fibrotic","Non-fibrotic tissue, Vehicle ; treatment=Vehicle ; t"
"cgroup_L5_2e16719f","GSE240476",FALSE,FALSE,"trattamento","Knee tissue, TGFB ; treatment=TGFB ; tissue_type=knee","Non-fibrotic tissue, Vehicle ; treatment=Vehicle ; t"
"cgroup_L5_2e16719f","GSE240476",FALSE,FALSE,"trattamento","Knee tissue, TGFB ; treatment=TGFB ; tissue_type=knee","Non-fibrotic tissue, Vehicle ; treatment=Vehicle ; t"
"cgroup_L5_f51ff620","GSE240567",FALSE,FALSE,"trattamento","Asthmatic (Age 15, M) ; disease_state=asthmatic ; age=15 ; sex=M","Control (Age 15, M) ; disease_state=control ; age=15"
"cgroup_L5_f51ff620","GSE240567",FALSE,FALSE,"trattamento","Asthmatic (Age 43, F, Nigeria) ; disease_state=asthmatic ; age=43 ; sex=F ; an","Control (Age 15, M) ; disease_state=control ; age=15"
"cgroup_L5_f51ff620","GSE240567",FALSE,FALSE,"trattamento","Asthmatic (Age 18, F) ; disease_state=asthmatic ; age=18 ; sex=F","Control (Age 15, M) ; disease_state=control ; age=15"
"cgroup_L5_f51ff620","GSE240567",FALSE,FALSE,"trattamento","Asthmatic (Age 55, F, Brazil) ; disease_state=asthmatic ; age=55 ; sex=F ; anc","Control (Age 15, M) ; disease_state=control ; age=15"
"cgroup_L5_f51ff620","GSE240567",FALSE,FALSE,"trattamento","Asthmatic (Age 56, F, Brazil) ; disease_state=asthmatic ; age=56 ; sex=F ; anc","Control (Age 15, M) ; disease_state=control ; age=15"
"cgroup_L5_f51ff620","GSE240567",FALSE,FALSE,"trattamento","Asthmatic (Age 32, M, Barbados) ; disease_state=asthmatic ; age=32 ; sex=M ; a","Control (Age 15, M) ; disease_state=control ; age=15"
"cgroup_L5_be15b706","GSE240741",FALSE,FALSE,"trattamento","donor1_IL13_2d ; donor_id=donor1 ; treatment=IL13 ; duration=2d","DMSO_control ; treatment=DMSO"
"cgroup_L5_be15b706","GSE240741",FALSE,FALSE,"trattamento","donor1_IL13_3w ; donor_id=donor1 ; treatment=IL13 ; duration=3w","DMSO_control ; treatment=DMSO"
"cgroup_L5_be15b706","GSE240741",FALSE,FALSE,"trattamento","donor2_IL13_2d ; donor_id=donor2 ; treatment=IL13 ; duration=2d","DMSO_control ; treatment=DMSO"
"cgroup_L5_be15b706","GSE240741",FALSE,FALSE,"trattamento","donor2_IL13_3w ; donor_id=donor2 ; treatment=IL13 ; duration=3w","DMSO_control ; treatment=DMSO"
"cgroup_L5_be15b706","GSE240741",FALSE,FALSE,"trattamento","donor3_IL13_2d ; donor_id=donor3 ; treatment=IL13 ; duration=2d","DMSO_control ; treatment=DMSO"
"cgroup_L5_be15b706","GSE240741",FALSE,FALSE,"trattamento","donor3_IL13_3w ; donor_id=donor3 ; treatment=IL13 ; duration=3w","DMSO_control ; treatment=DMSO"
"cgroup_L5_be15b706","GSE240741",FALSE,FALSE,"trattamento","donor4_IL13_2d ; donor_id=donor4 ; treatment=IL13 ; duration=2d","DMSO_control ; treatment=DMSO"
"cgroup_L5_be15b706","GSE240741",FALSE,FALSE,"trattamento","donor4_IL13_3w ; donor_id=donor4 ; treatment=IL13 ; duration=3w","DMSO_control ; treatment=DMSO"
"cgroup_L5_be15b706","GSE240741",FALSE,FALSE,"trattamento","donor5_IL13_2d ; donor_id=donor5 ; treatment=IL13 ; duration=2d","DMSO_control ; treatment=DMSO"
"cgroup_L5_be15b706","GSE240741",FALSE,FALSE,"trattamento","donor5_IL13_3w ; donor_id=donor5 ; treatment=IL13 ; duration=3w","DMSO_control ; treatment=DMSO"
"cgroup_L5_be15b706","GSE240741",FALSE,FALSE,"trattamento","donor6_IL13_2d ; donor_id=donor6 ; treatment=IL13 ; duration=2d","DMSO_control ; treatment=DMSO"
"cgroup_L5_be15b706","GSE240741",FALSE,FALSE,"trattamento","donor6_IL13_3w ; donor_id=donor6 ; treatment=IL13 ; duration=3w","DMSO_control ; treatment=DMSO"
"cgroup_L5_be15b706","GSE240741",FALSE,FALSE,"trattamento","donor7_IL13_2d ; donor_id=donor7 ; treatment=IL13 ; duration=2d","DMSO_control ; treatment=DMSO"
"cgroup_L5_be15b706","GSE240741",FALSE,FALSE,"trattamento","donor7_IL13_3w ; donor_id=donor7 ; treatment=IL13 ; duration=3w","DMSO_control ; treatment=DMSO"
"cgroup_L5_be15b706","GSE240741",FALSE,FALSE,"trattamento","donor8_IL13_2d ; donor_id=donor8 ; treatment=IL13 ; duration=2d","DMSO_control ; treatment=DMSO"
"cgroup_L5_be15b706","GSE240741",FALSE,FALSE,"trattamento","donor8_IL13_3w ; donor_id=donor8 ; treatment=IL13 ; duration=3w","DMSO_control ; treatment=DMSO"
"cgroup_L5_479c6221","GSE240898",FALSE,FALSE,"trattamento","A549 cells treated with GSK126 ; treatment=GSK126 ; cell_line=A549","A549 naive cells ; treatment=naive ; cell_line=A549"
"cgroup_L5_2e16719f","GSE240898",FALSE,FALSE,"trattamento","A549 cells treated with TGF-beta1 ; treatment=TGF-beta1 ; cell_line=A549","A549 naive cells ; treatment=naive ; cell_line=A549"
"cgroup_L5_2e16719f","GSE240898",FALSE,FALSE,"trattamento","H1944 cells treated with TGF-beta1 ; treatment=TGF-beta1 ; cell_line=H1944","H1944 naive cells ; treatment=naive ; cell_line=H194"
"cgroup_L5_479c6221","GSE240898",FALSE,FALSE,"trattamento","H1944 cells treated with GSK126 ; treatment=GSK126 ; cell_line=H1944","H1944 naive cells ; treatment=naive ; cell_line=H194"
"cgroup_L5_455fe91d","GSE240928",FALSE,FALSE,"trattamento","Healthy Control DAPT Treated ; Genotype=Wild-type (Healthy) ; Treatment=DAPT","Healthy Control Untreated ; Genotype=Wild-type (Heal"
"cgroup_L5_455fe91d","GSE240928",FALSE,FALSE,"trattamento","Patient 1 MVID DAPT Treated ; Genotype=Myo5B mutant ; Treatment=DAPT","Patient 1 MVID Untreated Repeat ; Genotype=Myo5B mut"
"cgroup_L5_c548d053","GSE241554",FALSE,FALSE,"trattamento","LPS ; treatment=LPS","Control ; treatment=Control"
"cgroup_L5_c548d053","GSE241554",FALSE,FALSE,"trattamento","LPS ; treatment=LPS","Control ; treatment=Control"
"cgroup_L5_10344dfd","GSE241565",FALSE,FALSE,"trattamento","High Glucose (30 mM, 8 days) ; Treatment=High Glucose (30 mM) ; Duration=8 day","Control (5.5 mM glucose, 8 days) ; Treatment=Control"
"cgroup_L5_d28620cd","GSE241595",FALSE,FALSE,"trattamento","apoEVs (apoptosis induced by staurosporine) ; treatment=apoEVs (apoptosis indu","control ; treatment=control"
"cgroup_L5_021e875e","GSE241595",FALSE,FALSE,"trattamento","cisplatin ; treatment=cisplatin","control ; treatment=control"
"cgroup_L5_522e9ebd","GSE241715",FALSE,FALSE,"trattamento","keratoconus ; disease_state=keratoconus","healthy normal control ; disease_state=healthy norma"
"cgroup_L5_d7ad915e","GSE241903",FALSE,FALSE,"trattamento","VPA ; treatment=VPA","Vehicle ; treatment=vehicle"
"cgroup_L5_021e875e","GSE241913",FALSE,FALSE,"trattamento","Ovarian adenocarcinoma + Cisplatin ; treatment=cisplatin ; cell_line=Ovarian a","SKOV3 SNU13 + None ; treatment=none ; cell_line=SKOV"
"cgroup_L5_021e875e","GSE241913",FALSE,FALSE,"trattamento","Ovarian adenocarcinoma + Cisplatin ; treatment=cisplatin ; cell_line=Ovarian a","SKOV3 SNU13 + None ; treatment=none ; cell_line=SKOV"
"cgroup_L5_021e875e","GSE241913",FALSE,FALSE,"trattamento","SKOV3 SNU13 + Cisplatin ; treatment=cisplatin ; cell_line=SKOV3 SNU13","SKOV3 SNU13 + None ; treatment=none ; cell_line=SKOV"
"cgroup_L5_021e875e","GSE241913",FALSE,FALSE,"trattamento","SKOV3 SNU13 + Cisplatin ; treatment=cisplatin ; cell_line=SKOV3 SNU13","SKOV3 SNU13 + None ; treatment=none ; cell_line=SKOV"
"cgroup_L5_0e66597e","GSE241942",FALSE,FALSE,"trattamento","Fulvestrant (no duration) ; treatment=Fulvestrant ; duration=not specified","Vehicle control ; treatment=Vehicle ; duration=not s"
"cgroup_L5_a12414d4","GSE241942",FALSE,FALSE,"trattamento","Estradiol (no duration) ; treatment=Estradiol ; duration=not specified","Vehicle control ; treatment=Vehicle ; duration=not s"
"cgroup_L5_b6b8bc00","GSE241943",FALSE,FALSE,"trattamento","Palbociclib 25mg/kg ; treatment=Palbociclib 25mg/kg ; cell_context=MCF7 xenogr","Vehicle ; treatment=Vehicle ; cell_context=MCF7 xeno"
"cgroup_L5_b6b8bc00","GSE241943",FALSE,FALSE,"trattamento","Palbociclib 25mg/kg ; treatment=Palbociclib 25mg/kg ; cell_context=MCF7 xenogr","Vehicle ; treatment=Vehicle ; cell_context=MCF7 xeno"
"cgroup_L5_b6b8bc00","GSE241943",FALSE,FALSE,"trattamento","Palbociclib 25mg/kg ; treatment=Palbociclib 25mg/kg ; cell_context=MCF7 xenogr","Vehicle ; treatment=Vehicle ; cell_context=MCF7 xeno"
"cgroup_L5_b6b8bc00","GSE241943",FALSE,FALSE,"trattamento","Palbociclib 25mg/kg ; treatment=Palbociclib 25mg/kg ; cell_context=MCF7 xenogr","Vehicle ; treatment=Vehicle ; cell_context=MCF7 xeno"
"cgroup_L5_46a3a103","GSE242108",FALSE,FALSE,"trattamento","SCVI15 Radiation ; Treatment=Radiation ; Cell Line=iPSC SCVI15","SCVI15 Control ; Treatment=Control ; Cell Line=iPSC "
"cgroup_L5_46a3a103","GSE242108",FALSE,FALSE,"trattamento","SCVI480 Radiation ; Treatment=Radiation ; Cell Line=iPSC SCVI480","SCVI480 Control ; Treatment=Control ; Cell Line=iPSC"
"cgroup_L5_6df6a50e","GSE242333",FALSE,FALSE,"trattamento","Huh7 cells treated with sorafenib (3 replicates) ; treatment=sorafenib ; resis","Huh7 cells treated with DMSO (3 replicates) ; treatm"
"cgroup_L5_46a3a103","GSE242706",FALSE,FALSE,"trattamento","Human lung microvascular endothelial cells Radiation 16 Gy 7d ; cell_type=Huma","Human lung microvascular endothelial cells Control 0"
"cgroup_L5_46a3a103","GSE242706",FALSE,FALSE,"trattamento","Human lung microvascular endothelial cells Radiation 16 Gy 6h ; cell_type=Huma","Human lung microvascular endothelial cells Control 0"
"cgroup_L5_46a3a103","GSE242706",FALSE,FALSE,"trattamento","Human primary alveolar epithelial cells Radiation 16 Gy 7d ; cell_type=Human p","Human primary alveolar epithelial cells Control 0 Gy"
"cgroup_L5_46a3a103","GSE242706",FALSE,FALSE,"trattamento","Human primary alveolar epithelial cells Radiation 16 Gy 6h ; cell_type=Human p","Human primary alveolar epithelial cells Control 0 Gy"
"cgroup_L5_930c8dcf","GSE242735",TRUE,TRUE,"contesto","LNCaP cells treated with DHT and non-targeting sgRNA pool ; cell_line=LNCaP ; ","LNCaP cells with non-targeting sgRNA pool ; cell_lin"
"cgroup_L5_516200d1","GSE242759",FALSE,FALSE,"trattamento","Ascorbic acid ; treatment=Ascorbic acid","Untreated ; treatment=untreated"
"cgroup_L5_2ab433c8","GSE243230",FALSE,FALSE,"trattamento","T84 cells treated with IL-22 for 12 hours ; treatment=IL-22 ; time=12h","Untreated T84 cells for 12 hours ; treatment=none ; "
"cgroup_L5_2ab433c8","GSE243230",FALSE,FALSE,"trattamento","T84 cells treated with IL-22 for 24 hours ; treatment=IL-22 ; time=24h","Untreated T84 cells for 24 hours ; treatment=none ; "
"cgroup_L5_2ab433c8","GSE243230",FALSE,FALSE,"trattamento","T84 cells treated with IL-22 for 3 hours ; treatment=IL-22 ; time=3h","Untreated T84 cells for 3 hours ; treatment=none ; t"
"cgroup_L5_2ab433c8","GSE243230",FALSE,FALSE,"trattamento","T84 cells treated with IL-22 for 6 hours ; treatment=IL-22 ; time=6h","Untreated T84 cells for 6 hours ; treatment=none ; t"
"cgroup_L5_f94b6180","GSE243329",FALSE,FALSE,"trattamento","R1881 treated ; treatment=R1881 ; cell_line=LNCaP ; disease_state=prostate can","Vehicle control ; treatment=vehicle ; cell_line=LNCa"
"cgroup_L5_f94b6180","GSE243329",FALSE,FALSE,"trattamento","R1881 treated (replicates) ; treatment=R1881 ; cell_line=LNCaP ; disease_state","Vehicle control ; treatment=vehicle ; cell_line=LNCa"
"cgroup_L5_905be893","GSE243421",FALSE,FALSE,"trattamento","IL-1β ; treatment=IL-1β","untreated ; treatment=untreated"
"cgroup_L5_4753688f","GSE243454",FALSE,FALSE,"trattamento","MCF7 R5020 10nM ; cell_line=MCF7 ; treatment=R5020","MCF7 Vehicle ; cell_line=MCF7 ; treatment=Vehicle"
"cgroup_L5_4753688f","GSE243454",FALSE,FALSE,"trattamento","MCF7 R5020 10nM Engineered ; cell_line=MCF7 ; treatment=R5020 ; engineered=yes","MCF7 Vehicle Engineered ; cell_line=MCF7 ; treatment"
"cgroup_L5_4753688f","GSE243454",FALSE,FALSE,"trattamento","T47D R5020 10nM ; cell_line=T47D ; treatment=R5020","T47D Vehicle ; cell_line=T47D ; treatment=Vehicle"
"cgroup_L5_4753688f","GSE243454",FALSE,FALSE,"trattamento","T47D R5020 10nM Engineered ; cell_line=T47D ; treatment=R5020 ; engineered=yes","T47D Vehicle Engineered ; cell_line=T47D ; treatment"
"cgroup_L5_601ede7b","GSE243564",FALSE,FALSE,"trattamento","YU-003 PDX + Osimertinib ; Treatment=Osimertinib ; Cell Line=YU-003 PDX","YU-003 PDX Untreated ; Treatment=Untreated ; Cell Li"
"cgroup_L5_601ede7b","GSE243564",FALSE,FALSE,"trattamento","YU-003 PDX + Osimertinib ; Treatment=Osimertinib ; Cell Line=YU-003 PDX","YU-003 PDX Vehicle Only ; Treatment=Vehicle Only ; C"
"cgroup_L5_601ede7b","GSE243564",FALSE,FALSE,"trattamento","YU-006 PDX + Osimertinib ; Treatment=Osimertinib ; Cell Line=YU-006 PDX","YU-006 PDX Vehicle Only ; Treatment=Vehicle Only ; C"
"cgroup_L5_601ede7b","GSE243564",FALSE,FALSE,"trattamento","YU-030 PDX + Osimertinib ; Treatment=Osimertinib ; Cell Line=YU-030 PDX","YU-030 PDX Untreated ; Treatment=Untreated ; Cell Li"
"cgroup_L5_601ede7b","GSE243564",FALSE,FALSE,"trattamento","YU-030 PDX + Osimertinib ; Treatment=Osimertinib ; Cell Line=YU-030 PDX","YU-030 PDX Vehicle Only ; Treatment=Vehicle Only ; C"
"cgroup_L5_601ede7b","GSE243565",TRUE,TRUE,"contesto","Osimertinib-treated HCC827 empty vector (3 days) ; treatment=osimertinib ; gen","Vehicle-treated empty vector ; treatment=vehicle ; g"
"cgroup_L5_a747a14e","GSE243618",FALSE,FALSE,"trattamento","PM2.5 ; treatment=PM2.5","Control ; treatment=Control"
"cgroup_L5_3f0cc1fe","GSE243625",FALSE,FALSE,"trattamento","Active ulcerative colitis ; disease_state=active_ulcerative_colitis","Normal mucosa (control) ; disease_state=normal_mucos"
"cgroup_L5_3f0cc1fe","GSE243625",FALSE,FALSE,"trattamento","Active ulcerative colitis (unclear perturbation) ; disease_state=active_ulcera","Normal mucosa (control) ; disease_state=normal_mucos"
"cgroup_L5_3f0cc1fe","GSE243625",FALSE,FALSE,"trattamento","Inactive ulcerative colitis ; disease_state=inactive_ulcerative_colitis","Normal mucosa (control) ; disease_state=normal_mucos"
"cgroup_L5_eb5e1e65","GSE243680",FALSE,FALSE,"trattamento","BEAS-2B Dexamethasone 4h ; treatment=Dexamethasone ; time=4 hours","BEAS-2B Mock 4h ; treatment=Mock ; time=4 hours"
"cgroup_L5_1d96b9da","GSE244125",FALSE,FALSE,"trattamento","A549 + polyIC ; treatment=polyIC ; dose=unknown","A549 + untreated ; treatment=none ; dose=unknown"
"cgroup_L5_1d96b9da","GSE244125",FALSE,FALSE,"trattamento","A549 + polyIC (1 hour) ; treatment=polyIC ; dose=unknown","A549 + untreated ; treatment=none ; dose=unknown"
"cgroup_L5_1d96b9da","GSE244125",FALSE,FALSE,"trattamento","A549 + polyIC (3 hours) ; treatment=polyIC ; dose=unknown","A549 + untreated ; treatment=none ; dose=unknown"
"cgroup_L5_1d96b9da","GSE244125",FALSE,FALSE,"trattamento","A549 + polyIC (4 hours) ; treatment=polyIC ; dose=unknown","A549 + untreated ; treatment=none ; dose=unknown"
"cgroup_L5_c0d1d837","GSE244272",FALSE,FALSE,"trattamento","MDA-MB-453 + Enzalutamide ; treatment=Enzalutamide ; cell_line=MDA-MB-453","MDA-MB-453 + Vehicle ; treatment=Vehicle ; cell_line"
"cgroup_L5_79ce3bd1","GSE244305",FALSE,FALSE,"trattamento","Wild-Type Bleomycin Treated ; Genotype=Wild-Type ; Treatment=Bleomycin","Wild-Type Vehicle Control ; Genotype=Wild-Type ; Tre"
"cgroup_L5_79ce3bd1","GSE244305",TRUE,TRUE,"contesto","ANT1 Knockout Bleomycin Treated ; Genotype=ANT1 Knockout ; Treatment=Bleomycin","ANT1 Knockout Vehicle Control ; Genotype=ANT1 Knocko"
"cgroup_L5_871ae09e","GSE244484",FALSE,FALSE,"trattamento","SARS-CoV-2 MOI 1 24h ; treatment=SARS-CoV-2 MOI 1 24h","mock ; treatment=mock"
"cgroup_L5_871ae09e","GSE244484",FALSE,FALSE,"trattamento","SARS-CoV-2 MOI 1 24h ; treatment=SARS-CoV-2 MOI 1 24h","mock ; treatment=mock"
"cgroup_L5_871ae09e","GSE244485",FALSE,FALSE,"trattamento","SARS-CoV-2-infected A549-ACE2 ; treatment=SARS-CoV-2 ; cell_type_or_line_raw=A","Mock-treated A549-ACE2 ; treatment=mock ; cell_type_"
"cgroup_L5_871ae09e","GSE244486",FALSE,FALSE,"trattamento","SARS-CoV-2-infected A549-ACE2 ; treatment=SARS-CoV-2 ; cell_line=A549-ACE2","Mock-treated A549-ACE2 ; treatment=mock ; cell_line="
"cgroup_L5_3a625868","GSE244533",FALSE,FALSE,"trattamento","Trastuzumab-treated SKBR3 (1) ; treatment=trastuzumab ; cell_line=SKBR3","Untreated SKBR3 ; treatment=none ; cell_line=SKBR3"
"cgroup_L5_3a625868","GSE244533",FALSE,FALSE,"trattamento","Trastuzumab-treated SKBR3 (2) ; treatment=trastuzumab ; cell_line=SKBR3","Untreated SKBR3 ; treatment=none ; cell_line=SKBR3"
"cgroup_L5_2987cdb6","GSE244730",FALSE,FALSE,"trattamento","PC9 GR + Erlotinib ; cell_line=PC9 GR ; treatment=Erlotinib","PC9 GR + DMSO ; cell_line=PC9 GR ; treatment=DMSO"
"cgroup_L5_2987cdb6","GSE244730",FALSE,FALSE,"trattamento","PC9 GR + Erlotinib (duplicate) ; cell_line=PC9 GR ; treatment=Erlotinib","PC9 GR + DMSO ; cell_line=PC9 GR ; treatment=DMSO"
"cgroup_L5_2987cdb6","GSE244730",FALSE,FALSE,"trattamento","PC9 + Erlotinib ; cell_line=PC9 ; treatment=Erlotinib","PC9 + DMSO ; cell_line=PC9 ; treatment=DMSO"
"cgroup_L5_83f57274","GSE244754",TRUE,TRUE,"contesto","DLD-1 wild type hypoxia gRNA 6h ; oxygen_condition=hypoxia ; genetic_modificat","DLD-1 wild type normoxia gRNA control ; oxygen_condi"
"cgroup_L5_83f57274","GSE244754",TRUE,TRUE,"contesto","DLD-1 HIF1B_KO hypoxia 6h NT ; oxygen_condition=hypoxia ; genetic_modification","DLD-1 HIF1B_KO normoxia NT ; oxygen_condition=normox"
"cgroup_L5_83f57274","GSE244754",FALSE,FALSE,"trattamento","DLD-1 BRD4_AID auxin hypoxia ; oxygen_condition=hypoxia ; genetic_modification","DLD-1 BRD4_AID auxin normoxia ; oxygen_condition=nor"
"cgroup_L5_83f57274","GSE244754",FALSE,FALSE,"trattamento","DLD-1 BRD4G3-TetOGFP-dCTM dox hypoxia ; oxygen_condition=hypoxia ; genetic_mod","DLD-1 BRD4G3-TetOGFP-dCTM dox normoxia ; oxygen_cond"
"cgroup_L5_83f57274","GSE244754",FALSE,FALSE,"trattamento","DLD-1 BRD4G3-TetOGFP-FL dox hypoxia ; oxygen_condition=hypoxia ; genetic_modif","DLD-1 BRD4G3-TetOGFP-FL dox normoxia ; oxygen_condit"
"cgroup_L5_516200d1","GSE244930",FALSE,FALSE,"trattamento","NCI-H1299 Vitamin C Treated ; cell_line=NCI-H1299 ; treatment=Vitamin C","NCI-H1299 Vehicle Control ; cell_line=NCI-H1299 ; tr"
"cgroup_L5_516200d1","GSE244930",FALSE,FALSE,"trattamento","PC9 Vitamin C Treated ; cell_line=PC9 ; treatment=Vitamin C","PC9 Vehicle Control ; cell_line=PC9 ; treatment=Vehi"
"cgroup_L5_49d55bfd","GSE244934",FALSE,FALSE,"trattamento","IL-4 stimulated ; perturbation=IL-4","Unstimulated control"
"cgroup_L5_f94b6180","GSE245454",FALSE,FALSE,"trattamento","R1881 24h ; Treatment=R1881 ; Duration=24h","DMSO 24h ; Treatment=DMSO ; Duration=24h"
"cgroup_L5_f94b6180","GSE245454",FALSE,FALSE,"trattamento","R1881 48h ; Treatment=R1881 ; Duration=48h","DMSO 48h ; Treatment=DMSO ; Duration=48h"
"cgroup_L5_2e16719f","GSE245621",FALSE,FALSE,"trattamento","PANC-1, TGFbeta ; treatment=TGFbeta ; cell_state=","PANC-1, no treatment ; treatment=no treatment ; cell"
"cgroup_L5_2e16719f","GSE245621",FALSE,FALSE,"trattamento","PANC-1, TGFbeta, proliferating ; treatment=TGFbeta ; cell_state=proliferating","PANC-1, no treatment ; treatment=no treatment ; cell"
"cgroup_L5_aa8c1d6d","GSE245624",FALSE,FALSE,"trattamento","Birabresib ; treatment=Birabresib","DMSO ; treatment=DMSO"
"cgroup_L5_c548d053","GSE245677",FALSE,FALSE,"trattamento","LPS treated ; treatment=LPS ; genetic_modification=wild_type","Control (vehicle_only) ; treatment=vehicle_only ; ge"
"cgroup_L5_c548d053","GSE245677",TRUE,TRUE,"contesto","LPS + BMS treated (transgene_stable) ; treatment=LPS ; genetic_modification=tr","Control (vehicle_only) (transgene_stable) ; treatmen"
"cgroup_L5_c548d053","GSE245677",TRUE,TRUE,"contesto","LPS treated (transgene_stable) ; treatment=LPS ; genetic_modification=transgen","Control (vehicle_only) (transgene_stable) ; treatmen"
"cgroup_L5_c548d053","GSE245677",TRUE,TRUE,"contesto","LPS treated (transgene_stable) ; treatment=LPS ; genetic_modification=transgen","Control (vehicle_only) (transgene_stable) ; treatmen"
"cgroup_L5_83f57274","GSE245762",FALSE,FALSE,"trattamento","U3017-MG Hypoxia ; oxygen_condition=hypoxia ; cell_line=U3017-MG","U3017-MG Normoxia ; oxygen_condition=normoxia ; cell"
"cgroup_L5_83f57274","GSE245762",FALSE,FALSE,"trattamento","U3034-MG Hypoxia ; oxygen_condition=hypoxia ; cell_line=U3034-MG","U3034-MG Normoxia ; oxygen_condition=normoxia ; cell"
"cgroup_L5_83f57274","GSE245762",FALSE,FALSE,"trattamento","U3047-MG Hypoxia ; oxygen_condition=hypoxia ; cell_line=U3047-MG","U3047-MG Normoxia ; oxygen_condition=normoxia ; cell"
"cgroup_L5_29cb04f8","GSE245887",FALSE,FALSE,"trattamento","gastric cancer patient-derived cells treated with 5-FU ; treatment=5-FU ; cell","JSC15-3 cells treated with DMSO ; treatment=DMSO ; c"
"cgroup_L5_29cb04f8","GSE245887",FALSE,FALSE,"trattamento","JSC15-3 cells treated with 5-FU ; treatment=5-FU ; cell_type=JSC15-3","JSC15-3 cells treated with DMSO ; treatment=DMSO ; c"
"cgroup_L5_74daf1c9","GSE246050",FALSE,FALSE,"trattamento","OSCC (case) ; disease_state=OSCC ; treatment=none","Normal mucosa (control) ; disease_state=normal ; tre"
"cgroup_L5_10344dfd","GSE246170",FALSE,FALSE,"trattamento","Glucose Treated ; treatment=glucose ; genetic_modification=wild_type","Control (Vehicle Only) ; treatment=vehicle_only ; ge"
"cgroup_L5_d9e23e09","GSE246340",FALSE,FALSE,"trattamento","TNF-α Treated MSCs ; Perturbation=TNF-α","Negative Control MSCs ; Perturbation=None"
"cgroup_L5_2e16719f","GSE246391",FALSE,FALSE,"trattamento","TGF-beta1 stimulated ; treatment=TGF-beta1","Untreated ; treatment=none"
"cgroup_L5_2e16719f","GSE246391",FALSE,FALSE,"trattamento","TGF-beta1 stimulated ; treatment=TGF-beta1","Untreated (additional replicates) ; treatment=none"
"cgroup_L5_905be893","GSE246493",FALSE,FALSE,"trattamento","Wild Type + IL1b ; Genetic Modification=None ; Treatment=IL1b Stimulation","Wild Type ; Genetic Modification=None ; Treatment=No"
"cgroup_L5_905be893","GSE246493",TRUE,TRUE,"contesto","NDUFA4 KO + IL1b ; Genetic Modification=NDUFA4 KO ; Treatment=IL1b Stimulation","NDUFA4 KO ; Genetic Modification=NDUFA4 KO ; Treatme"
"cgroup_L5_905be893","GSE246493",FALSE,FALSE,"trattamento","C15ORF48 OE + IL1b ; Genetic Modification=C15ORF48 OE ; Treatment=IL1b Stimula","C15ORF48 OE ; Genetic Modification=C15ORF48 OE ; Tre"
"cgroup_L5_905be893","GSE246493",FALSE,FALSE,"trattamento","C15ORF48 OE + IL1b (1 hour) ; Genetic Modification=C15ORF48 OE ; Treatment=IL1","C15ORF48 OE ; Genetic Modification=C15ORF48 OE ; Tre"
"cgroup_L5_c5e86fe9","GSE246781",FALSE,FALSE,"trattamento","HCT116 + Olaparib ; treatment=Olaparib ; cell_line=HCT116","HCT116 + DMSO ; treatment=DMSO ; cell_line=HCT116"
"cgroup_L5_c054e202","GSE246886",FALSE,FALSE,"trattamento","MCF7 + Rapamycin ; treatment=Rapamycin ; cell_line=MCF7 ; disease_state=Breast","MCF7 + Vehicle (DMSO) ; treatment=Vehicle (DMSO) ; c"
"cgroup_L5_c054e202","GSE246886",FALSE,FALSE,"trattamento","MCF7 + Rapamycin ; treatment=Rapamycin ; cell_line=MCF7 ; disease_state=Breast","MCF7 + Vehicle (DMSO) ; treatment=Vehicle (DMSO) ; c"
"cgroup_L5_87c40ebb","GSE246923",TRUE,TRUE,"contesto","IRF1KO_M238 + IFN-γ 6h ; genetic_knockout=IRF1KO ; cytokine_stimulation=IFN-γ ","IRF1KO_M238 untreated ; genetic_knockout=IRF1KO ; cy"
"cgroup_L5_2ec87595","GSE247159",FALSE,FALSE,"trattamento","Metformin (cell line) ; treatment=Metformin ; cell_context=cell_line_in_vitro","Control (cell line) ; treatment=Control ; cell_conte"
"cgroup_L5_2ec87595","GSE247159",FALSE,FALSE,"trattamento","Metformin (primary culture) ; treatment=Metformin ; cell_context=primary_cultu","Control (primary culture) ; treatment=Control ; cell"
"cgroup_L5_d9e23e09","GSE247226",FALSE,FALSE,"trattamento","TNF ; treatment=TNF","vehicle ; control=vehicle"
"cgroup_L5_2e16719f","GSE247237",FALSE,FALSE,"trattamento","macromolecular crowding model + DHACM + TGFβ1 ; treatment=macromolecular crowd","macromolecular crowding model + basal media ; treatm"
"cgroup_L5_2e16719f","GSE247237",FALSE,FALSE,"trattamento","macromolecular crowding model + TGFβ1 ; treatment=macromolecular crowding mode","macromolecular crowding model + basal media ; treatm"
"cgroup_L5_479c6221","GSE247275",FALSE,FALSE,"trattamento","Human Pancreatic Ductal Epithelial Cells treated with GSK126 ; treatment=GSK12","Human Pancreatic Ductal Epithelial Cells treated wit"
"cgroup_L5_479c6221","GSE247275",FALSE,FALSE,"trattamento","Human Pancreatic Ductal Epithelial Cells treated with GSK126 ; treatment=GSK12","Human Pancreatic Ductal Epithelial Cells treated wit"
"cgroup_L5_479c6221","GSE247275",FALSE,FALSE,"trattamento","Human Pancreatic Ductal Epithelial Cells treated with GSK126 (replicates) ; tr","Human Pancreatic Ductal Epithelial Cells treated wit"
"cgroup_L5_479c6221","GSE247275",FALSE,FALSE,"trattamento","Human Pancreatic Ductal Epithelial Cells treated with GSK126 (replicates) ; tr","Human Pancreatic Ductal Epithelial Cells treated wit"
"cgroup_L5_7934174c","GSE247275",FALSE,FALSE,"trattamento","Human Pancreatic Ductal Epithelial Cells treated with Tazemetostat ; treatment","Human Pancreatic Ductal Epithelial Cells treated wit"
"cgroup_L5_7934174c","GSE247275",FALSE,FALSE,"trattamento","Human Pancreatic Ductal Epithelial Cells treated with Tazemetostat ; treatment","Human Pancreatic Ductal Epithelial Cells treated wit"
"cgroup_L5_7934174c","GSE247275",FALSE,FALSE,"trattamento","Human Pancreatic Ductal Epithelial Cells treated with Tazemetostat (48h) ; tre","Human Pancreatic Ductal Epithelial Cells treated wit"
"cgroup_L5_7934174c","GSE247275",FALSE,FALSE,"trattamento","Human Pancreatic Ductal Epithelial Cells treated with Tazemetostat (48h) ; tre","Human Pancreatic Ductal Epithelial Cells treated wit"
"cgroup_L5_479c6221","GSE247275",FALSE,FALSE,"trattamento","Human pancreatic exocrine cells treated with GSK126 ; treatment=GSK126 ; cell_","Human pancreatic exocrine cells treated with Vehicle"
"cgroup_L5_7934174c","GSE247275",FALSE,FALSE,"trattamento","Human pancreatic exocrine cells treated with Tazemetostat ; treatment=Tazemeto","Human pancreatic exocrine cells treated with Vehicle"
"cgroup_L5_12228932","GSE247637",TRUE,TRUE,"contesto","EGF 30min + NTC-siRNA ; treatment=EGF ; duration=30 minutes ; knockdown=NTC-si","PBS + NTC-siRNA ; treatment=PBS ; duration=60 minute"
"cgroup_L5_12228932","GSE247637",TRUE,TRUE,"contesto","EGF 30min + NTC-siRNA ; treatment=EGF ; duration=30 minutes ; knockdown=NTC-si","PBS + NTC-siRNA ; treatment=PBS ; duration=60 minute"
"cgroup_L5_12228932","GSE247637",TRUE,TRUE,"contesto","EGF 60min + NTC-siRNA ; treatment=EGF ; duration=60 minutes ; knockdown=NTC-si","PBS + NTC-siRNA ; treatment=PBS ; duration=60 minute"
"cgroup_L5_12228932","GSE247637",TRUE,TRUE,"contesto","EGF 30min + NTC-siRNA ; treatment=EGF ; duration=30 minutes ; knockdown=NTC-si","PBS + NTC-siRNA ; treatment=PBS ; duration=60 minute"
"cgroup_L5_12228932","GSE247637",TRUE,TRUE,"contesto","EGF 60min + NTC-siRNA ; treatment=EGF ; duration=60 minutes ; knockdown=NTC-si","PBS + NTC-siRNA ; treatment=PBS ; duration=60 minute"
"cgroup_L5_12228932","GSE247637",TRUE,TRUE,"contesto","EGF 60min + NTC-siRNA ; treatment=EGF ; duration=60 minutes ; knockdown=NTC-si","PBS + NTC-siRNA ; treatment=PBS ; duration=60 minute"
"cgroup_L5_4753688f","GSE247777",FALSE,FALSE,"trattamento","R5020 60min in 3D culture (treated) ; treatment=R5020 ; culture_condition=3D c","3D culture normal media (control) ; treatment=vehicl"
"cgroup_L5_dd2a13de","GSE248485",FALSE,FALSE,"trattamento","IPF patient, no treatment ; disease_state=Idiopathic Pulmonary Fibrosis ; trea","Healthy control ; disease_state=Healthy ; treatment="
"cgroup_L5_a32e5eaa","GSE248580",FALSE,FALSE,"trattamento","THP-1 treated with Decitabine ; treatment=Decitabine ; cell_type=THP-1","THP-1 Untreated ; treatment=Untreated ; cell_type=TH"
"cgroup_L5_2e16719f","GSE248794",FALSE,FALSE,"trattamento","Wild-type, TGF-beta1, 0 hours ; treatment=TGF-beta1 ; time=0 hours ; genotype=","Wild-type, PBS, 0 hours ; treatment=PBS ; time=0 hou"
"cgroup_L5_2e16719f","GSE248794",TRUE,TRUE,"contesto","CD26 knockdown, TGF-beta1, 0 hours ; treatment=TGF-beta1 ; time=0 hours ; geno","CD26 knockdown, PBS ; treatment=PBS ; genotype=CD26 "
"cgroup_L5_2e16719f","GSE248794",TRUE,TRUE,"contesto","CD26 knockdown, TGF-beta1, 1 hour ; treatment=TGF-beta1 ; time=1 hour ; genoty","CD26 knockdown, PBS ; treatment=PBS ; genotype=CD26 "
"cgroup_L5_2e16719f","GSE248794",TRUE,TRUE,"contesto","CD26 knockdown, TGF-beta1, 2 hours ; treatment=TGF-beta1 ; time=2 hours ; geno","CD26 knockdown, PBS ; treatment=PBS ; genotype=CD26 "
"cgroup_L5_2e16719f","GSE248794",TRUE,TRUE,"contesto","CD26 knockdown, TGF-beta1, 3 hours ; treatment=TGF-beta1 ; time=3 hours ; geno","CD26 knockdown, PBS ; treatment=PBS ; genotype=CD26 "
"cgroup_L5_c0d1d837","GSE248895",FALSE,FALSE,"trattamento","Prostate cancer cells treated with Enzalutamide ; treatment=Enzalutamide ; cel","Prostate cancer cells treated with vehicle ; treatme"
"cgroup_L5_c0d1d837","GSE248895",FALSE,FALSE,"trattamento","Prostate cancer cells treated with Enzalutamide (additional) ; treatment=Enzal","Prostate cancer cells treated with vehicle ; treatme"
"cgroup_L5_c0d1d837","GSE248895",FALSE,FALSE,"trattamento","Prostate cancer cells treated with Enzalutamide (additional) ; treatment=Enzal","Prostate cancer cells treated with vehicle ; treatme"
"cgroup_L5_444e7fc2","GSE248927",FALSE,FALSE,"trattamento","HCMV (TB40E) treated ; treatment=HCMV (TB40E) ; time(hours)=24","Mock treated ; treatment=Mock ; time(hours)=24"
"cgroup_L5_021e875e","GSE249026",FALSE,FALSE,"trattamento","A2780 + Cisplatin (0.6 uM) ; treatment=cisplatin ; dose=0.6 uM ; duration=96h","A2780 + DMSO (0.5%) ; treatment=DMSO ; dose=0.5% ; d"
"cgroup_L5_601ede7b","GSE249138",FALSE,FALSE,"trattamento","Osimertinib-treated AML patient P1 ; treatment=osimertinib ; patient=P1","Untreated AML patient P1 ; treatment=untreated ; pat"
"cgroup_L5_a8015c98","GSE249302",FALSE,FALSE,"trattamento","PANC-1 cells treated with Gemcitabine ; cell_line=PANC-1 ; treatment=Gemcitabi","PANC-1 cells treated with vehicle ; cell_line=PANC-1"
"cgroup_L5_a8015c98","GSE249302",FALSE,FALSE,"trattamento","BxPC3 cells treated with Gemcitabine ; cell_line=BxPC3 ; treatment=Gemcitabine","PDAC cells treated with vehicle ; cell_line=PDAC ; t"
"cgroup_L5_83b1f88c","GSE249573",FALSE,FALSE,"trattamento","BM3_Neratinib_Monoculture ; treatment=Neratinib ; culture_condition=Monocultur","BM3_DMSO_Monoculture ; treatment=DMSO ; culture_cond"
"cgroup_L5_83b1f88c","GSE249573",FALSE,FALSE,"trattamento","BM3_Neratinib_Coculture ; treatment=Neratinib ; culture_condition=Coculture","BM3_DMSO_Coculture ; treatment=DMSO ; culture_condit"
"cgroup_L5_83b1f88c","GSE249573",FALSE,FALSE,"trattamento","HCC1954_Neratinib_Monoculture ; treatment=Neratinib ; culture_condition=Monocu","HCC1954_DMSO_Monoculture ; treatment=DMSO ; culture_"
"cgroup_L5_83b1f88c","GSE249573",FALSE,FALSE,"trattamento","HCC1954_Neratinib_Coculture ; treatment=Neratinib ; culture_condition=Cocultur","HCC1954_DMSO_Coculture ; treatment=DMSO ; culture_co"
"cgroup_L5_83b1f88c","GSE249573",FALSE,FALSE,"trattamento","MDA-MB-453_Neratinib_Monoculture ; treatment=Neratinib ; culture_condition=Mon","MDA-MB-453_DMSO_Monoculture ; treatment=DMSO ; cultu"
"cgroup_L5_83b1f88c","GSE249573",FALSE,FALSE,"trattamento","MDA-MB-453_Neratinib_Coculture ; treatment=Neratinib ; culture_condition=Cocul","MDA-MB-453_DMSO_Coculture ; treatment=DMSO ; culture"
"cgroup_L5_2987cdb6","GSE249721",FALSE,FALSE,"trattamento","H3255 + erlotinib 24h ; cell_line=H3255 ; treatment=erlotinib","H3255 + DMSO ; cell_line=H3255 ; treatment=DMSO"
"cgroup_L5_2987cdb6","GSE249721",FALSE,FALSE,"trattamento","H3255 + erlotinib 21 days ; cell_line=H3255 ; treatment=erlotinib","H3255 + DMSO ; cell_line=H3255 ; treatment=DMSO"
"cgroup_L5_2987cdb6","GSE249721",FALSE,FALSE,"trattamento","HCC4006 + erlotinib 21 days ; cell_line=HCC4006 ; treatment=erlotinib","HCC4006 + DMSO ; cell_line=HCC4006 ; treatment=DMSO"
"cgroup_L5_2987cdb6","GSE249721",FALSE,FALSE,"trattamento","HCC4006 + erlotinib ; cell_line=HCC4006 ; treatment=erlotinib","HCC4006 + DMSO ; cell_line=HCC4006 ; treatment=DMSO"
"cgroup_L5_2987cdb6","GSE249721",FALSE,FALSE,"trattamento","HCC4006 + erlotinib 24h ; cell_line=HCC4006 ; treatment=erlotinib","HCC4006 + DMSO ; cell_line=HCC4006 ; treatment=DMSO"
"cgroup_L5_2987cdb6","GSE249721",FALSE,FALSE,"trattamento","HCC4006 + erlotinib 21 days ; cell_line=HCC4006 ; treatment=erlotinib","HCC4006 + DMSO ; cell_line=HCC4006 ; treatment=DMSO"
"cgroup_L5_601ede7b","GSE249721",FALSE,FALSE,"trattamento","HCC827 + osimertinib 11 days ; cell_line=HCC827 ; treatment=osimertinib","HCC827 + DMSO ; cell_line=HCC827 ; treatment=DMSO"
"cgroup_L5_2987cdb6","GSE249721",FALSE,FALSE,"trattamento","PC9 + erlotinib 7 days ; cell_line=PC9 ; treatment=erlotinib","PC9 + DMSO ; cell_line=PC9 ; treatment=DMSO"
"cgroup_L5_2987cdb6","GSE249721",FALSE,FALSE,"trattamento","PC9 + erlotinib 75 days ; cell_line=PC9 ; treatment=erlotinib","PC9 + DMSO ; cell_line=PC9 ; treatment=DMSO"
"cgroup_L5_2987cdb6","GSE249721",FALSE,FALSE,"trattamento","PC9 + erlotinib 24h ; cell_line=PC9 ; treatment=erlotinib","PC9 + DMSO ; cell_line=PC9 ; treatment=DMSO"
"cgroup_L5_2987cdb6","GSE249721",FALSE,FALSE,"trattamento","PC9 + erlotinib 21 days ; cell_line=PC9 ; treatment=erlotinib","PC9 + DMSO ; cell_line=PC9 ; treatment=DMSO"
"cgroup_L5_2987cdb6","GSE249721",FALSE,FALSE,"trattamento","PC9 + erlotinib 75 days ; cell_line=PC9 ; treatment=erlotinib","PC9 + DMSO ; cell_line=PC9 ; treatment=DMSO"
"cgroup_L5_2987cdb6","GSE249721",FALSE,FALSE,"trattamento","PC9 + erlotinib 21 days ; cell_line=PC9 ; treatment=erlotinib","PC9 + DMSO ; cell_line=PC9 ; treatment=DMSO"
"cgroup_L5_2987cdb6","GSE249721",FALSE,FALSE,"trattamento","PC9 + erlotinib 75 days ; cell_line=PC9 ; treatment=erlotinib","PC9 + DMSO ; cell_line=PC9 ; treatment=DMSO"
"cgroup_L5_2987cdb6","GSE249721",FALSE,FALSE,"trattamento","PC9 + erlotinib 75 days ; cell_line=PC9 ; treatment=erlotinib","PC9 + DMSO ; cell_line=PC9 ; treatment=DMSO"
"cgroup_L5_2987cdb6","GSE249721",FALSE,FALSE,"trattamento","PC9 + erlotinib 21 days ; cell_line=PC9 ; treatment=erlotinib","PC9 + DMSO ; cell_line=PC9 ; treatment=DMSO"
"cgroup_L5_601ede7b","GSE249807",FALSE,FALSE,"trattamento","Osimertinib ; treatment=osimertinib","No Treatment ; treatment=no treatment"
"cgroup_L5_12212e41","GSE250037",FALSE,FALSE,"trattamento","Multiple Sclerosis Patients ; disease_state=multiple sclerosis","Healthy Controls ; disease_state=healthy control"
"cgroup_L5_a8015c98","GSE250050",FALSE,FALSE,"trattamento","Gemcitabine ; treatment=Gemcitabine ; cell_type=leukocyte ; tissue=blood","No treatment ; treatment=No treatment ; cell_type=le"
"cgroup_L5_a8015c98","GSE250050",FALSE,FALSE,"trattamento","Gemcitabine ; treatment=Gemcitabine ; cell_type=leukocyte ; tissue=blood","No treatment ; treatment=No treatment ; cell_type=le"
"cgroup_L5_a8015c98","GSE250050",FALSE,FALSE,"trattamento","Gemcitabine ; treatment=Gemcitabine ; cell_type=leukocyte ; tissue=blood","No treatment ; treatment=No treatment ; cell_type=le"
"cgroup_L5_a8015c98","GSE250050",FALSE,FALSE,"trattamento","Gemcitabine ; treatment=Gemcitabine ; cell_type=leukocyte ; tissue=blood","No treatment ; treatment=No treatment ; cell_type=le"
"cgroup_L5_dde29fb4","GSE250127",TRUE,TRUE,"contesto","HaCaT + H2O2 ; treatment=H2O2 ; genetic_knockdown=shControl","HaCaT + Untreated ; treatment=untreated ; genetic_kn"
"cgroup_L5_dde29fb4","GSE250127",TRUE,TRUE,"contesto","HaCaT + shNRF2 + H2O2 ; treatment=H2O2 ; genetic_knockdown=shNRF2","HaCaT + shNRF2 ; treatment=untreated ; genetic_knock"
"cgroup_L5_dde29fb4","GSE250127",TRUE,TRUE,"contesto","HaCaT + shMLL1 + H2O2 ; treatment=H2O2 ; genetic_knockdown=shMLL1","HaCaT + shMLL1 ; treatment=untreated ; genetic_knock"
"cgroup_L5_dde29fb4","GSE250127",TRUE,TRUE,"contesto","HaCaT + shUTX + H2O2 ; treatment=H2O2 ; genetic_knockdown=shUTX","HaCaT + shUTX ; treatment=untreated ; genetic_knockd"
"cgroup_L5_ba4af011","GSE250224",FALSE,FALSE,"trattamento","irradiation ; treatment=irradiation","untreated"
"cgroup_L5_c0d1d837","GSE250422",FALSE,FALSE,"trattamento","LNCaP enzalutamide ; cell_line=LNCaP ; treatment=enzalutamide","LNCaP control ; cell_line=LNCaP ; treatment=control"
"cgroup_L5_10344dfd","GSE251766",FALSE,FALSE,"trattamento","High Glucose 48h ; treatment=high levels of glucose","Control ; treatment=control"
"cgroup_L5_10344dfd","GSE251766",FALSE,FALSE,"trattamento","High Glucose 48h (Replicate) ; treatment=high levels of glucose","Control ; treatment=control"
"cgroup_L5_c548d053","GSE251809",FALSE,FALSE,"trattamento","Immortalized chorion trophoblast cells + LPS ; cell_context=Immortalized chori","Immortalized chorion trophoblast cells + control ; c"
"cgroup_L5_1d96b9da","GSE251809",FALSE,FALSE,"trattamento","Immortalized chorion trophoblast cells + polyIC ; cell_context=Immortalized ch","Immortalized chorion trophoblast cells + control ; c"
"cgroup_L5_c548d053","GSE251809",FALSE,FALSE,"trattamento","Immortalized chorion trophoblast cells + LPS ; cell_context=Immortalized chori","Immortalized chorion trophoblast cells + control ; c"
"cgroup_L5_1d96b9da","GSE251809",FALSE,FALSE,"trattamento","Primary decidual cells + polyIC ; cell_context=Primary decidual cells from ter","Primary decidual cells + control ; cell_context=Prim"
"cgroup_L5_9f0ea111","GSE251861",FALSE,FALSE,"trattamento","Endothelial cells treated with SR1 (0.5uM) ; treatment=SR1 ; cell_type=Endothe","Endothelial cells treated with DMSO (10,000uM) ; tre"
"cgroup_L5_9f0ea111","GSE251861",FALSE,FALSE,"trattamento","Endothelial cells treated with SR1 (0.5uM) ; treatment=SR1 ; cell_type=Endothe","Endothelial cells treated with DMSO (10,000uM) ; tre"
"cgroup_L5_828ae0cb","GSE251869",FALSE,FALSE,"trattamento","MDA-MB-453 TWEAK ; cell_line=MDA-MB-453 ; treatment=TWEAK","MDA-MB-453 Untreated ; cell_line=MDA-MB-453 ; treatm"
"cgroup_L5_828ae0cb","GSE251869",FALSE,FALSE,"trattamento","SKBR3 TWEAK ; cell_line=SKBR3 ; treatment=TWEAK","SKBR3 Untreated ; cell_line=SKBR3 ; treatment=Untrea"
"cgroup_L5_1e8a735e","GSE251911",FALSE,FALSE,"trattamento","Thapsigargin treated Pancreatic Islets (1) ; treatment=thapsigargin ; cell_typ","DMSO treated Pancreatic Islets ; treatment=DMSO ; ce"
"cgroup_L5_1e8a735e","GSE251911",FALSE,FALSE,"trattamento","Thapsigargin treated Pancreatic Islets (1) ; treatment=thapsigargin ; cell_typ","Untreated Pancreatic Islets ; treatment=untreated ; "
"cgroup_L5_8eca612e","GSE252002",FALSE,FALSE,"trattamento","ASPC1 + Dabrafenib ; treatment=Dabrafenib ; cell_line=ASPC1","ASPC1 + DMSO ; treatment=DMSO ; cell_line=ASPC1"
"cgroup_L5_862cd9b9","GSE252002",FALSE,FALSE,"trattamento","ASPC1 + SCH772984 ; treatment=SCH772984 ; cell_line=ASPC1","ASPC1 + DMSO ; treatment=DMSO ; cell_line=ASPC1"
"cgroup_L5_6df6a50e","GSE252002",FALSE,FALSE,"trattamento","ASPC1 + Sorafenib ; treatment=Sorafenib ; cell_line=ASPC1","ASPC1 + DMSO ; treatment=DMSO ; cell_line=ASPC1"
"cgroup_L5_702a5dea","GSE252002",FALSE,FALSE,"trattamento","ASPC1 + Trametinib ; treatment=Trametinib ; cell_line=ASPC1","ASPC1 + DMSO ; treatment=DMSO ; cell_line=ASPC1"
"cgroup_L5_8eca612e","GSE252002",FALSE,FALSE,"trattamento","PANC1 + Dabrafenib ; treatment=Dabrafenib ; cell_line=PANC1","PANC1 + DMSO ; treatment=DMSO ; cell_line=PANC1"
"cgroup_L5_862cd9b9","GSE252002",FALSE,FALSE,"trattamento","PANC1 + SCH772984 ; treatment=SCH772984 ; cell_line=PANC1","PANC1 + DMSO ; treatment=DMSO ; cell_line=PANC1"
"cgroup_L5_6df6a50e","GSE252002",FALSE,FALSE,"trattamento","PANC1 + Sorafenib ; treatment=Sorafenib ; cell_line=PANC1","PANC1 + DMSO ; treatment=DMSO ; cell_line=PANC1"
"cgroup_L5_702a5dea","GSE252002",FALSE,FALSE,"trattamento","PANC1 + Trametinib ; treatment=Trametinib ; cell_line=PANC1","PANC1 + DMSO ; treatment=DMSO ; cell_line=PANC1"
"cgroup_L5_8eca612e","GSE252002",FALSE,FALSE,"trattamento","PANC1 Dabrafenib ; cell_line=PANC1 ; treatment=Dabrafenib","PANC1 + DMSO ; treatment=DMSO ; cell_line=PANC1"
"cgroup_L5_862cd9b9","GSE252002",FALSE,FALSE,"trattamento","PANC1 SCH772984 ; cell_line=PANC1 ; treatment=SCH772984","PANC1 + DMSO ; treatment=DMSO ; cell_line=PANC1"
"cgroup_L5_6df6a50e","GSE252002",FALSE,FALSE,"trattamento","PANC1 Sorafenib ; cell_line=PANC1 ; treatment=Sorafenib","PANC1 + DMSO ; treatment=DMSO ; cell_line=PANC1"
"cgroup_L5_702a5dea","GSE252002",FALSE,FALSE,"trattamento","PANC1 Trametinib ; cell_line=PANC1 ; treatment=Trametinib","PANC1 + DMSO ; treatment=DMSO ; cell_line=PANC1"
"cgroup_L5_2e16719f","GSE252425",FALSE,FALSE,"trattamento","TGFBeta ; treatment=TGFBeta","Vehicle ; treatment=Vehicle"
"cgroup_L5_a8ff7b6d","GSE252527",FALSE,FALSE,"trattamento","Brain astrocytes treated with ATRA ; treatment=ATRA ; cell_context.cell_type_o","Brain astrocytes treated with DMSO ; treatment=DMSO "
"cgroup_L5_a8ff7b6d","GSE252527",FALSE,FALSE,"trattamento","Brain astrocytes treated with ATRA ; treatment=ATRA ; cell_context.cell_type_o","Brain astrocytes treated with DMSO ; treatment=DMSO "
"cgroup_L5_c0d1d837","GSE252566",FALSE,FALSE,"trattamento","DKO LnCap/AR + Enzalutamide ; treatment=Enzalutamide","DKO LnCap/AR + Control ; treatment=Control"
"cgroup_L5_c0d1d837","GSE252567",FALSE,FALSE,"trattamento","Enzalutamide ; treatment=Enzalutamide ; cell_line=DKO 22PC ; disease_state=Pro","Control ; treatment=Control ; cell_line=DKO 22PC ; d"
"cgroup_L5_31308596","GSE252575",FALSE,FALSE,"trattamento","HT1080 cells treated with PMA ; treatment=PMA ; cell_line=HT1080","HT1080 cells treated with Control ; treatment=Contro"
"cgroup_L5_a12414d4","GSE252576",FALSE,FALSE,"trattamento","C42 cells treated with Estradiol (100nM) ; cell_line=C42 ; treatment=Estradiol","C42 cells treated with Vehicle ; cell_line=C42 ; tre"
"cgroup_L5_c0d1d837","GSE252576",FALSE,FALSE,"trattamento","C42 cells treated with Enzalutamide (1 microMolar) ; cell_line=C42 ; treatment","C42 cells treated with Vehicle ; cell_line=C42 ; tre"
"cgroup_L5_a12414d4","GSE252576",FALSE,FALSE,"trattamento","LNCaP cells treated with Estradiol (100nM) ; cell_line=LNCaP ; treatment=Estra","LNCaP cells treated with Vehicle ; cell_line=LNCaP ;"
"cgroup_L5_a12414d4","GSE252576",FALSE,FALSE,"trattamento","LNCaP cells treated with Estradiol (100nM) ; cell_line=LNCaP ; treatment=Estra","LNCaP cells treated with Vehicle ; cell_line=LNCaP ;"
"cgroup_L5_c0d1d837","GSE252576",FALSE,FALSE,"trattamento","LNCaP cells treated with Enzalutamide (1 microMolar) ; cell_line=LNCaP ; treat","LNCaP cells treated with Vehicle ; cell_line=LNCaP ;"
"cgroup_L5_a12414d4","GSE252576",FALSE,FALSE,"trattamento","RV1 cells treated with Estradiol (100nM) ; cell_line=RV1 ; treatment=Estradiol","RV1 cells treated with Vehicle ; cell_line=RV1 ; tre"
"cgroup_L5_c0d1d837","GSE252576",FALSE,FALSE,"trattamento","RV1 cells treated with Enzalutamide (1 microMolar) ; cell_line=RV1 ; treatment","RV1 cells treated with Vehicle ; cell_line=RV1 ; tre"
"cgroup_L5_c040a36d","GSE252600",FALSE,FALSE,"trattamento","Clear cell renal cell carcinoma stage 4 ; disease_state=clear cell renal cell ","Normal kidney tissue ; disease_state=normal"
"cgroup_L5_c040a36d","GSE252600",FALSE,FALSE,"trattamento","Clear cell renal cell carcinoma stage 1 ; disease_state=clear cell renal cell ","Normal kidney tissue ; disease_state=normal"
"cgroup_L5_c040a36d","GSE252600",FALSE,FALSE,"trattamento","Clear cell renal cell carcinoma stage 2 ; disease_state=clear cell renal cell ","Normal kidney tissue ; disease_state=normal"
"cgroup_L5_c040a36d","GSE252600",FALSE,FALSE,"trattamento","Clear cell renal cell carcinoma stage 3 ; disease_state=clear cell renal cell ","Normal kidney tissue ; disease_state=normal"
"cgroup_L5_05322ba1","GSE252740",FALSE,FALSE,"trattamento","Homoharringtonine (mtRunx1) ; treatment=homoharringtonine ; genotype=mtRunx1","Control (mtRunx1) ; treatment=control ; genotype=mtR"
"cgroup_L5_05322ba1","GSE252740",TRUE,TRUE,"contesto","Homoharringtonine (transgene_stable) ; treatment=homoharringtonine ; genotype=","Control (transgene_stable) ; treatment=control ; gen"
"cgroup_L5_31308596","GSE253440",FALSE,FALSE,"trattamento","PMA-treated neutrophils ; treatment=PMA ; concentration=600 nM","Untreated neutrophils ; treatment=Untreated"
"cgroup_L5_79a73ac5","GSE253542",FALSE,FALSE,"trattamento","IAV (H1N1) 48hpi ; virus=IAV (H1N1) ; time=48hpi","Mock Infected 48hpi ; virus=Mock Infected ; time=48h"
"cgroup_L5_871ae09e","GSE253542",FALSE,FALSE,"trattamento","SARS-CoV-2 96hpi ; virus=SARS-CoV-2 ; time=96hpi","Mock Infected 96hpi ; virus=Mock Infected ; time=96h"
"cgroup_L5_601ede7b","GSE253742",FALSE,FALSE,"trattamento","Osimertinib-treated lung adenocarcinoma ; treatment=Osimertinib ; cell_context","Untreated lung adenocarcinoma ; treatment=none ; cel"
"cgroup_L5_17b55386","GSE254310",FALSE,FALSE,"trattamento","AB1080 myotubes FSHD ; cell_line=AB1080 ; disease_state=FSHD","AB1190 ; cell_line=AB1190"
"cgroup_L5_12228932","GSE254479",FALSE,FALSE,"trattamento","EGF 9h ; treatment=EGF ; duration=9h","Starvation control"
"cgroup_L5_83f57274","GSE254480",FALSE,FALSE,"trattamento","Hypoxia ; oxygen_level=Hypoxia","Normoxia ; oxygen_level=Normoxia"
"cgroup_L5_9de3f0ea","GSE255071",FALSE,FALSE,"trattamento","TB Positive ; disease_status=TB Positive ; viral_status=HIV Negative","TB Negative ; disease_status=TB Negative ; viral_sta"
"cgroup_L5_9de3f0ea","GSE255073",FALSE,FALSE,"trattamento","TB Positive ; disease_status=TB Positive ; HIV_status=HIV Negative","TB Negative, HIV Negative ; disease_status=TB Negati"
"cgroup_L5_9de3f0ea","GSE255073",FALSE,FALSE,"trattamento","TB Positive ; disease_status=TB Positive ; HIV_status=HIV Negative","TB Negative, HIV Negative ; disease_status=TB Negati"
"cgroup_L5_9de3f0ea","GSE255073",FALSE,FALSE,"trattamento","TB Positive, HIV Negative ; disease_status=TB Positive ; HIV_status=HIV Negati","TB Negative, HIV Negative ; disease_status=TB Negati"
"cgroup_L5_9de3f0ea","GSE255074",FALSE,FALSE,"trattamento","TB Positive, HIV Negative ; disease_status=TB Positive ; hiv_status=HIV Negati","TB Negative, HIV Negative ; disease_status=TB Negati"
"cgroup_L5_9de3f0ea","GSE255074",FALSE,FALSE,"trattamento","TB Positive, HIV Negative ; disease_status=TB Positive ; hiv_status=HIV Negati","TB Negative, HIV Negative ; disease_status=TB Negati"
"cgroup_L5_9de3f0ea","GSE255074",FALSE,FALSE,"trattamento","TB Positive, HIV Negative ; disease_status=TB Positive ; hiv_status=HIV Negati","TB Negative, HIV Negative ; disease_status=TB Negati"
"cgroup_L5_9de3f0ea","GSE255074",FALSE,FALSE,"trattamento","TB Positive, HIV Positive ; disease_status=TB Positive ; hiv_status=HIV Positi","TB Negative, HIV Positive ; disease_status=TB Negati"
"cgroup_L5_9de3f0ea","GSE255074",FALSE,FALSE,"trattamento","TB Positive, HIV Positive ; disease_status=TB Positive ; hiv_status=HIV Positi","TB Negative, HIV Positive ; disease_status=TB Negati"
"cgroup_L5_b71a25a2","GSE255300",FALSE,FALSE,"trattamento","Colon Organoid Polyp JQ1 500 nM 24h ; cell_context=colon organoid ; perturbati","Colon Organoid Polyp DMSO ; cell_context=colon organ"
"cgroup_L5_b71a25a2","GSE255300",FALSE,FALSE,"trattamento","Colon Organoid Mucosa JQ1 500 nM 24h ; cell_context=colon organoid ; perturbat","Colon Organoid Mucosa DMSO ; cell_context=colon orga"
"cgroup_L5_b71a25a2","GSE255300",FALSE,FALSE,"trattamento","HPCEC Colon JQ1 500 nM 24h ; cell_context=HPCEC ; perturbation=JQ1","HPCEC Colon DMSO ; cell_context=HPCEC ; perturbation"
"cgroup_L5_83f57274","GSE255352",FALSE,FALSE,"trattamento","KYSE30 Hypoxia ; oxygen_condition=hypoxia ; genetic_manipulation=wild_type","KYSE30 Control ; oxygen_condition=normoxia ; genetic"
"cgroup_L5_601ede7b","GSE255958",FALSE,FALSE,"trattamento","H1975 Osimertinib 2 uM d9 ; cell_context=H1975 ; treatment=Osimertinib","H1975 untreated ; cell_context=H1975 ; treatment=non"
"cgroup_L5_601ede7b","GSE255958",FALSE,FALSE,"trattamento","Lung cancer organoid Osimertinib 1 uM 3d ; cell_context=Lung cancer organoid ;","Lung cancer organoid DMSO 0.1% 3d ; cell_context=Lun"
"cgroup_L5_601ede7b","GSE255958",FALSE,FALSE,"trattamento","Lung cancer organoid Osimertinib 1 uM 3d ; cell_context=Lung cancer organoid ;","Lung cancer organoid DMSO 0.1% 3d ; cell_context=Lun"
"cgroup_L5_601ede7b","GSE255958",FALSE,FALSE,"trattamento","PDX EGFR-mutant Osimertinib 10 mg/kg 7d ; cell_context=Lung cancer patient-der","PDX EGFR-mutant DMSO 0.1% ; cell_context=Lung cancer"
"cgroup_L5_601ede7b","GSE255958",FALSE,FALSE,"trattamento","PDX EGFR-mutant Osimertinib 10 mg/kg 7d ; cell_context=Lung cancer patient-der","PDX EGFR-mutant DMSO 0.1% ; cell_context=Lung cancer"
"cgroup_L5_601ede7b","GSE255958",FALSE,FALSE,"trattamento","PC9 Osimertinib 2 uM d9 ; cell_context=PC9 ; treatment=Osimertinib","PC9 untreated ; cell_context=PC9 ; treatment=none"
"cgroup_L5_601ede7b","GSE255958",FALSE,FALSE,"trattamento","PC9 Osimertinib 2 uM 48h ; cell_context=PC9 ; treatment=Osimertinib","PC9 untreated 0.1% DMSO 48h ; cell_context=PC9 ; tre"
"cgroup_L5_bd19fe42","GSE256235",FALSE,FALSE,"trattamento","Hepatocellular carcinoma ; disease_state=Hepatocellular carcinoma","Healthy liver control ; disease_state=No liver disea"
"cgroup_L5_bd19fe42","GSE256235",FALSE,FALSE,"trattamento","Hepatocellular carcinoma ; disease_state=Hepatocellular carcinoma","Healthy liver control (4h) ; disease_state=No liver "
"cgroup_L5_f94b6180","GSE256370",FALSE,FALSE,"trattamento","VCaP + R1881 ; treatment=r1881 ; cell_type=VCaP ; time=24h","VCaP + Ethanol ; treatment=ethanol ; cell_type=VCaP "
"cgroup_L5_a12414d4","GSE256370",FALSE,FALSE,"trattamento","VCaP + Estradiol ; treatment=estradiol ; cell_type=VCaP ; time=24h","VCaP + Ethanol ; treatment=ethanol ; cell_type=VCaP "
"cgroup_L5_3b91a21d","GSE256492",FALSE,FALSE,"trattamento","Endothelial cells from brain metastasis patients ; disease_state=brain metasta","Healthy control endothelial cells ; disease_state=he"
"cgroup_L5_49e290ae","GSE259282",FALSE,FALSE,"trattamento","Neutrophils treated with Cyclosporine A ; pathogen=None ; treatment=Cyclospori","Control neutrophils (non-treated) ; pathogen=None ; "
"cgroup_L5_49e290ae","GSE259282",FALSE,FALSE,"trattamento","Neutrophils exposed to Aspergillus fumigatus and Cyclosporine A ; pathogen=Asp","Neutrophils exposed to Aspergillus fumigatus ; patho"
"cgroup_L5_49e290ae","GSE259282",FALSE,FALSE,"trattamento","Neutrophils exposed to Candida albicans and Cyclosporine A ; pathogen=Candida ","Neutrophils exposed to Candida albicans ; pathogen=C"
"cgroup_L5_aa8c1d6d","GSE260507",FALSE,FALSE,"trattamento","A375 + OTX015 ; treatment=OTX015 ; cell_line=A375","A375 + DMSO ; treatment=DMSO ; cell_line=A375"
"cgroup_L5_c3ae78cd","GSE261086",FALSE,FALSE,"trattamento","Crohn's disease colon mucosa ; disease_state=Crohn's disease ; tissue_type=col","Normal colon mucosa ; disease_state=normal ; tissue_"
"cgroup_L5_c3ae78cd","GSE261086",FALSE,FALSE,"trattamento","Crohn's disease colon mucosa ; disease_state=Crohn's disease ; tissue_type=col","Normal colon mucosa ; disease_state=normal ; tissue_"
"cgroup_L5_c3ae78cd","GSE261086",FALSE,FALSE,"trattamento","Inflamed colon mucosa ; disease_state=Crohn's disease ; tissue_type=colon muco","Normal colon mucosa ; disease_state=normal ; tissue_"
"cgroup_L5_c3ae78cd","GSE261086",FALSE,FALSE,"trattamento","Inflamed colon mucosa ; disease_state=Crohn's disease ; tissue_type=colon muco","Normal colon mucosa ; disease_state=normal ; tissue_"
"cgroup_L5_c3ae78cd","GSE261086",FALSE,FALSE,"trattamento","Crohn's disease colon ; disease_state=Crohn's disease ; tissue_type=colon","Normal colon wall ; disease_state=normal ; tissue_ty"
"cgroup_L5_c3ae78cd","GSE261086",FALSE,FALSE,"trattamento","Crohn's disease colon ; disease_state=Crohn's disease ; tissue_type=colon","Normal colon wall ; disease_state=normal ; tissue_ty"
"cgroup_L5_c3ae78cd","GSE261086",FALSE,FALSE,"trattamento","Inflamed colon ; disease_state=Crohn's disease ; tissue_type=colon","Normal colon wall ; disease_state=normal ; tissue_ty"
"cgroup_L5_c3ae78cd","GSE261086",FALSE,FALSE,"trattamento","Crohn's disease colon wall ; disease_state=Crohn's disease ; tissue_type=colon","Normal colon wall ; disease_state=normal ; tissue_ty"
"cgroup_L5_c3ae78cd","GSE261086",FALSE,FALSE,"trattamento","Crohn's disease colon wall ; disease_state=Crohn's disease ; tissue_type=colon","Normal colon wall ; disease_state=normal ; tissue_ty"
"cgroup_L5_c3ae78cd","GSE261086",FALSE,FALSE,"trattamento","Inflamed colon wall ; disease_state=Crohn's disease ; tissue_type=colon wall","Normal colon wall ; disease_state=normal ; tissue_ty"
"cgroup_L5_dde29fb4","GSE262015",FALSE,FALSE,"trattamento","H2O2 Treated ; treatment=H2O2","Common Medium Control ; treatment=common medium"
"cgroup_L5_03d0ca7b","GSE262030",FALSE,FALSE,"trattamento","Digoxin (2 hr) ; Treatment=Digoxin ; Duration=2 hr","Vehicle Control (2 hr) ; Treatment=DMSO ; Duration=2"
"cgroup_L5_03d0ca7b","GSE262030",FALSE,FALSE,"trattamento","Digoxin (24 hr) ; Treatment=Digoxin ; Duration=24 hr","Vehicle Control (24 hr) ; Treatment=DMSO ; Duration="
"cgroup_L5_a6fd82fa","GSE262110",FALSE,FALSE,"trattamento","Breast cancer organoids, 4-OHT (200nM) ; treatment=4-OHT ; cell_context=breast","Breast cancer organoids, DMSO ; treatment=vehicle_on"
"cgroup_L5_a6fd82fa","GSE262110",FALSE,FALSE,"trattamento","Breast cancer organoids, 4-OHT (3uM) ; treatment=4-OHT ; cell_context=breast c","Breast cancer organoids, DMSO ; treatment=vehicle_on"
"cgroup_L5_4be9e90d","GSE262137",FALSE,FALSE,"trattamento","C1 cells treated with PFOS (10 nM) ; cell_line=C1 ; treatment=PFOS","Testicular germ cell tumor cells treated with DMSO ;"
"cgroup_L5_4be9e90d","GSE262137",FALSE,FALSE,"trattamento","EP cells treated with PFOS (10 nM) ; cell_line=EP ; treatment=PFOS","EP cells treated with DMSO ; cell_line=EP ; treatmen"
"cgroup_L5_4be9e90d","GSE262137",FALSE,FALSE,"trattamento","EP cells treated with PFOS (5 uM) ; cell_line=EP ; treatment=PFOS","EP cells treated with DMSO ; cell_line=EP ; treatmen"
"cgroup_L5_b2affd22","GSE262147",FALSE,FALSE,"trattamento","Placental biopsy, preeclampsia ; disease_state=preeclampsia ; tissue=placenta ","Placental biopsy, normal ; disease_state=normal ; ti"
"cgroup_L5_2e16719f","GSE262398",FALSE,FALSE,"trattamento","TGFb-treated SAEC ; treatment=TGFb ; cell_type=SAEC ; tissue=lung","DMSO-treated SAEC ; treatment=DMSO ; cell_type=SAEC "
"cgroup_L5_81b706c4","GSE262746",FALSE,FALSE,"trattamento","Nab-Paclitaxel + Radiation ; treatment=nab-paclitaxel + radiation","Control ; treatment=control"
"cgroup_L5_81b706c4","GSE262746",FALSE,FALSE,"trattamento","Nab-Paclitaxel ; treatment=nab-paclitaxel","Control ; treatment=control"
"cgroup_L5_46a3a103","GSE262746",FALSE,FALSE,"trattamento","Radiation ; treatment=radiation","Control ; treatment=control"
"cgroup_L5_7934174c","GSE262877",FALSE,FALSE,"trattamento","LNCaP-abl + tazemetostat ; cell_context=LNCaP-abl ; perturbation=tazemetostat","LNCaP-abl + vehicle ; cell_context=LNCaP-abl ; pertu"
"cgroup_L5_7934174c","GSE262877",FALSE,FALSE,"trattamento","LNCaP + tazemetostat ; cell_context=LNCaP ; perturbation=tazemetostat","LNCaP + vehicle ; cell_context=LNCaP ; perturbation="
"cgroup_L5_7934174c","GSE262877",FALSE,FALSE,"trattamento","WCM1262 + tazemetostat ; cell_context=WCM1262 ; perturbation=tazemetostat","WCM1262 + vehicle ; cell_context=WCM1262 ; perturbat"
"cgroup_L5_7934174c","GSE262877",FALSE,FALSE,"trattamento","WCM154 + tazemetostat ; cell_context=WCM154 ; perturbation=tazemetostat","WCM154 + vehicle ; cell_context=WCM154 ; perturbatio"
"cgroup_L5_7934174c","GSE262877",FALSE,FALSE,"trattamento","WCM155 + tazemetostat ; cell_context=WCM155 ; perturbation=tazemetostat","WCM155 + vehicle ; cell_context=WCM155 ; perturbatio"
"cgroup_L5_bd19fe42","GSE263134",FALSE,FALSE,"trattamento","HCC (HCC patient 1) ; disease_state=Hepatocellular carcinoma ; donor_id=HCC pa","Adjacent normal tissue (HCC patient 1) ; disease_sta"
"cgroup_L5_bd19fe42","GSE263134",FALSE,FALSE,"trattamento","HCC (HCC patient 2) ; disease_state=Hepatocellular carcinoma ; donor_id=HCC pa","Adjacent normal tissue (HCC patient 2) ; disease_sta"
"cgroup_L5_aecd610f","GSE263180",FALSE,FALSE,"trattamento","Schizophrenia ; disease_state=Schizophrenia","Healthy Control (None) ; disease_state=healthy contr"
"cgroup_L5_1e8a735e","GSE263319",FALSE,FALSE,"trattamento","Thapsigargin (TG) 0.3 uM ; treatment=Thapsigargin (TG) ; dose=0.3 uM","Vehicle-treated control ; treatment=vehicle-treated "
"cgroup_L5_1e8a735e","GSE263319",FALSE,FALSE,"trattamento","Thapsigargin (TG) 0.6 uM ; treatment=Thapsigargin (TG) ; dose=0.6 uM","Vehicle-treated control ; treatment=vehicle-treated "
"cgroup_L5_840b7e36","GSE263462",FALSE,FALSE,"trattamento","CD3/CD28 stimulated PBMCs ; treatment=CD3/CD28 ; cell_context.cell_type_or_lin","Control PBMCs ; treatment=Control ; cell_context.cel"
"cgroup_L5_2ec87595","GSE264038",FALSE,FALSE,"trattamento","Metformin ; treatment=Metformin ; cell_type=WI-38 ; duration=4days","Vehicle control ; treatment=vehicle ; cell_type=WI-3"
"cgroup_L5_2e16719f","GSE264038",FALSE,FALSE,"trattamento","TGFb1 + Vehicle ; treatment=TGFb1 + Vehicle ; cell_type=WI-38 ; duration=4days","Vehicle control ; treatment=vehicle ; cell_type=WI-3"
"cgroup_L5_2e16719f","GSE264038",FALSE,FALSE,"trattamento","TGFb1 ; treatment=TGFb1 ; cell_type=WI-38 ; duration=4days","Vehicle control ; treatment=vehicle ; cell_type=WI-3"
"cgroup_L5_2e16719f","GSE264038",FALSE,FALSE,"trattamento","TGFb1 (with polyA RNA) ; treatment=TGFb1 ; cell_type=WI-38 ; duration=4days","Vehicle control ; treatment=vehicle ; cell_type=WI-3"
"cgroup_L5_29cb04f8","GSE264144",FALSE,FALSE,"trattamento","gastric cancer patient-derived cells treated with 5-FU for 5 days ; treatment=","gastric cancer patient-derived cells treated with DM"
"cgroup_L5_29cb04f8","GSE264144",FALSE,FALSE,"trattamento","gastric cancer patient-derived tissue treated with 5-FU ; treatment=5-FU ; dos","gastric cancer patient-derived tissue treated with P"
"cgroup_L5_2e16719f","GSE264288",FALSE,FALSE,"trattamento","Fibroblasts, TGFβ ; treatment=TGFβ ; genetic_modification=none","Fibroblasts, vehicle ; treatment=vehicle ; genetic_m"
"cgroup_L5_2e16719f","GSE264288",TRUE,TRUE,"contesto","Fibroblasts, CRISPLD2 knockdown, TGFβ ; treatment=TGFβ ; genetic_modification=","Fibroblasts, CRISPLD2 knockdown, vehicle ; treatment"
"cgroup_L5_2e16719f","GSE264288",FALSE,FALSE,"trattamento","Fibroblasts, CRISPLD2 up-regulate, TGFβ ; treatment=TGFβ ; genetic_modificatio","Fibroblasts, CRISPLD2 up-regulate, vehicle ; treatme"
"cgroup_L5_2e16719f","GSE264288",FALSE,FALSE,"trattamento","Fibroblasts, hc3, TGFβ ; treatment=TGFβ ; genetic_modification=hc3","Fibroblasts, hc3, vehicle ; treatment=vehicle ; gene"
"cgroup_L5_2e16719f","GSE264288",FALSE,FALSE,"trattamento","Fibroblasts, hc5, TGFβ ; treatment=TGFβ ; genetic_modification=hc5","Fibroblasts, hc5, vehicle ; treatment=vehicle ; gene"
"cgroup_L5_2e16719f","GSE264288",FALSE,FALSE,"trattamento","Fibroblasts, hc4, TGFβ ; treatment=TGFβ ; genetic_modification=hc4","Fibroblasts, hc4, vehicle ; treatment=vehicle ; gene"
"cgroup_L5_840b7e36","GSE264373",FALSE,FALSE,"trattamento","Wild-type + CD3/CD28 ; modification=wild-type ; treatment=CD3/CD28","Wild-type + vehicle_only ; modification=wild-type ; "
"cgroup_L5_840b7e36","GSE264373",FALSE,FALSE,"trattamento","S325E + CD3/CD28 ; modification=S325E ; treatment=CD3/CD28","S325E ; modification=S325E ; treatment=none"
"cgroup_L5_840b7e36","GSE264373",FALSE,FALSE,"trattamento","S325A + CD3/CD28 ; modification=S325A ; treatment=CD3/CD28","S325A ; modification=S325A ; treatment=none"
"cgroup_L5_021e875e","GSE264575",FALSE,FALSE,"trattamento","Cisplatin ; treatment=Cisplatin","Control ; treatment=Control"
"cgroup_L5_021e875e","GSE264575",FALSE,FALSE,"trattamento","Cisplatin (luciferase) ; treatment=Cisplatin","Control (luciferase) ; treatment=Control"
"cgroup_L5_5927750b","GSE266011",FALSE,FALSE,"trattamento","Carfilzomib (10 nM) for 8 hours ; Treatment=Carfilzomib (10 nM) ; Duration=8 h","DMSO for 8 hours ; Treatment=DMSO ; Duration=8 hours"
"cgroup_L5_5927750b","GSE266011",FALSE,FALSE,"trattamento","Carfilzomib (10 nM) for 24 hours ; Treatment=Carfilzomib (10 nM) ; Duration=24","DMSO for 24 hours ; Treatment=DMSO ; Duration=24 hou"
"cgroup_L5_5927750b","GSE266011",FALSE,FALSE,"trattamento","Carfilzomib (10 nM) for 8 hours ; Treatment=Carfilzomib (10 nM) ; Duration=8 h","DMSO for 8 hours ; Treatment=DMSO ; Duration=8 hours"
"cgroup_L5_5927750b","GSE266011",FALSE,FALSE,"trattamento","Carfilzomib (10 nM) for 8 hours ; Treatment=Carfilzomib (10 nM) ; Duration=8 h","DMSO for 8 hours ; Treatment=DMSO ; Duration=8 hours"
"cgroup_L5_721184e6","GSE266389",FALSE,FALSE,"trattamento","THZ1 0.1µM 16h ; treatment=THZ1 ; dose=0.1µM ; duration=16h","DMSO 0.1% 16h ; treatment=DMSO ; dose=0.1% ; duratio"
"cgroup_L5_b71a25a2","GSE266389",FALSE,FALSE,"trattamento","JQ1 1µM 16h ; treatment=JQ1 ; dose=1µM ; duration=16h","DMSO 0.1% 16h ; treatment=DMSO ; dose=0.1% ; duratio"
"cgroup_L5_702a5dea","GSE266762",FALSE,FALSE,"trattamento","Trametinib treated ; treatment=trametinib ; cell_type_or_line_raw=NRASQ61L mel","Vehicle control ; treatment=vehicle ; cell_type_or_l"
"cgroup_L5_0e66597e","GSE266932",FALSE,FALSE,"trattamento","MCF7 cells treated with Fulvestrant ; treatment=Fulvestrant ; cell_context=MCF","MCF7 cells treated with Vehicle (DMSO) ; treatment=V"
"cgroup_L5_0e66597e","GSE266932",FALSE,FALSE,"trattamento","MCF7 Y537S mutant ER cells treated with Fulvestrant ; treatment=Fulvestrant ; ","MCF7 Y537S mutant ER cells treated with Vehicle (DMS"
"cgroup_L5_0e66597e","GSE266932",FALSE,FALSE,"trattamento","PDX1526 model treated with Fulvestrant for 10 days ; treatment=Fulvestrant ; c","PDX1526 model treated with Vehicle (DMSO) for 10 day"
"cgroup_L5_0e66597e","GSE266932",FALSE,FALSE,"trattamento","PDX1526 model treated with Fulvestrant for 28 days ; treatment=Fulvestrant ; c","PDX1526 model treated with Vehicle (DMSO) for 28 day"
"cgroup_L5_29cb04f8","GSE267150",FALSE,FALSE,"trattamento","U2OS + MDM2 W329G + 5-FU ; treatment=5-FU ; cell_line=U2OS ; engineered_modifi","U2OS + MDM2 W329G + DMSO ; treatment=DMSO ; cell_lin"
"cgroup_L5_d9e23e09","GSE267930",FALSE,FALSE,"trattamento","TNF-alpha Stimulation ; treatment=TNF_alpha ; cell_context=HUVEC","Control ; treatment=control ; cell_context=HUVEC"
"cgroup_L5_d9e23e09","GSE267930",FALSE,FALSE,"trattamento","TNF-alpha Stimulation (Replicate) ; treatment=TNF_alpha ; cell_context=HUVEC","Control ; treatment=control ; cell_context=HUVEC"
"cgroup_L5_988d478d","GSE268499",FALSE,FALSE,"trattamento","COPD PBMCs ; disease_status=COPD","Healthy PBMCs ; disease_status=healthy"
"cgroup_L5_b6b8bc00","GSE268848",FALSE,FALSE,"trattamento","C42 cells treated with Palbociclib ; cell_line=C42 ; treatment=Palbociclib","C42 cells treated with DMSO ; cell_line=C42 ; treatm"
"cgroup_L5_b6b8bc00","GSE268848",FALSE,FALSE,"trattamento","Du145 cells treated with Palbociclib ; cell_line=Du145 ; treatment=Palbociclib","Du145 cells treated with DMSO ; cell_line=Du145 ; tr"
"cgroup_L5_2e16719f","GSE269066",FALSE,FALSE,"trattamento","Pericytes, TGFβ, 2 hours, primary culture ; treatment=TGFβ ; time=2 hours","Pericytes, no treatment, primary culture ; treatment"
"cgroup_L5_2e16719f","GSE269066",FALSE,FALSE,"trattamento","Pericytes, TGFβ, 3 hours, primary culture ; treatment=TGFβ ; time=3 hours","Pericytes, no treatment, primary culture ; treatment"
"cgroup_L5_2e16719f","GSE269066",FALSE,FALSE,"trattamento","Pericytes, TGFβ, 4 hours, primary culture ; treatment=TGFβ ; time=4 hours","Pericytes, no treatment, primary culture ; treatment"
"cgroup_L5_12228932","GSE269441",FALSE,FALSE,"trattamento","EGF ; treatment=EGF ; cell_line=NCI-H1975","Vehicle Control ; treatment=vehicle ; cell_line=NCI-"
"cgroup_L5_83f57274","GSE269699",FALSE,FALSE,"trattamento","Hypoxia (Donor 1) ; oxygen_condition=hypoxia ; donor_id=Healthy donor 1","Normoxia (Control, Donor 2) ; oxygen_condition=normo"
"cgroup_L5_83f57274","GSE269699",FALSE,FALSE,"trattamento","Hypoxia (Donor 3) ; oxygen_condition=hypoxia ; donor_id=Healthy donor 3","Normoxia (Control, Donor 2) ; oxygen_condition=normo"
"cgroup_L5_ff45f67e","GSE270511",FALSE,FALSE,"trattamento","PMA/Ionomycin ; treatment=PMA/Ionomycin","DMSO ; treatment=DMSO"
"cgroup_L5_930c8dcf","GSE43785",FALSE,FALSE,"trattamento","LNCaP + DHT 10 nM ; treatment=DHT ; dose=10 nM","LNCaP + vehicle ; treatment=vehicle"
"cgroup_L5_930c8dcf","GSE45202",FALSE,FALSE,"trattamento","DHT treated ; treatment=DHT","Vehicle control ; treatment=vehicle"
"cgroup_L5_c548d053","GSE46323",FALSE,FALSE,"trattamento","LPS Exposure ; treatment=LPS","Control (Vehicle) ; treatment=vehicle_only"
"cgroup_L5_aecd610f","GSE46562",FALSE,FALSE,"trattamento","schizophrenia neurons ; cell_line=schizophrenia neurons ; treatment=none ; dis","iPSC2 ; cell_line=iPSC2 ; treatment=none"
"cgroup_L5_1bbf4b9b","GSE46597",FALSE,FALSE,"trattamento","Gastric cancer stem cell ; cell_type=gastric cancer stem cell ; disease_state=","Differentiated cell ; cell_type=differentiated cell "
"cgroup_L5_9f0ea111","GSE48843",FALSE,FALSE,"trattamento","SR1_500nM_bone_marrow ; treatment=SR1_500nM ; tissue=bone marrow","none_bone_marrow ; treatment=none ; tissue=bone marr"
"cgroup_L5_9f0ea111","GSE48843",FALSE,FALSE,"trattamento","SR1_500nM_peripheral_blood ; treatment=SR1_500nM ; tissue=peripheral blood","none_peripheral_blood ; treatment=none ; tissue=peri"
"cgroup_L5_2e16719f","GSE49159",FALSE,FALSE,"trattamento","TGFbeta ; treatment=TGFbeta ; tissue=skin","Control (skin) ; treatment=none ; tissue=skin"
"cgroup_L5_c548d053","GSE50792",FALSE,FALSE,"trattamento","Adipose LPS 4h ; tissue_type=adipose ; treatment=LPS","Adipose Control ; tissue_type=adipose ; treatment=no"
"cgroup_L5_c548d053","GSE50792",FALSE,FALSE,"trattamento","Blood LPS 2h ; tissue_type=blood ; treatment=LPS","Blood Control ; tissue_type=blood ; treatment=none"
"cgroup_L5_f832048f","GSE51124",FALSE,FALSE,"trattamento","Breast tumor (general) ; disease_state=breast tumor","Normal breast tissue ; disease_state=normal"
"cgroup_L5_eb5e1e65","GSE52778",FALSE,FALSE,"trattamento","Airway smooth muscle cells treated with Dexamethasone ; treatment=Dexamethason","Primary cultured human airway smooth muscle cells un"
"cgroup_L5_eb5e1e65","GSE52778",FALSE,FALSE,"trattamento","Airway smooth muscle cells treated with Dexamethasone and ERCC mix ; treatment","Primary cultured human airway smooth muscle cells un"
"cgroup_L5_522fa0c2","GSE52946",FALSE,FALSE,"trattamento","sALS ; disease_state=sALS","Healthy donor ; disease_state=Healthy donor"
"cgroup_L5_8958b27a","GSE53499",FALSE,FALSE,"trattamento","MCF7_nutlin ; perturbation=nutlin","MCF7_control ; perturbation=control"
"cgroup_L5_930c8dcf","GSE54946",FALSE,FALSE,"trattamento","VCaP DHT 24h ; treatment=DHT ; time=24 hours","VCaP untreated ; treatment=none ; time=baseline"
"cgroup_L5_8a54ddd6","GSE55727",FALSE,FALSE,"trattamento","GM00011 Doxorubicin Treated ; cell_line=GM00011 ; treatment=Doxorubicin","GM00011 Vehicle Control ; cell_line=GM00011 ; treatm"
"cgroup_L5_8a54ddd6","GSE55727",FALSE,FALSE,"trattamento","GM06170 Doxorubicin Treated ; cell_line=GM06170 ; treatment=Doxorubicin","GM06170 Vehicle Control ; cell_line=GM06170 ; treatm"
"cgroup_L5_930c8dcf","GSE55903",FALSE,FALSE,"trattamento","DHT ; treatment=DHT","DMSO ; treatment=DMSO"
"cgroup_L5_b71a25a2","GSE55922",FALSE,FALSE,"trattamento","MCF7 + JQ1 ; treatment=JQ1 ; cell_line=MCF7 ; passage=20-30","MCF7 + Vehicle ; treatment=Vehicle ; cell_line=MCF7 "
"cgroup_L5_eb5e1e65","GSE56022",FALSE,FALSE,"trattamento","Dexamethasone 2h ; Treatment=Dexamethasone ; Duration=2 hours","Vehicle"
"cgroup_L5_eb5e1e65","GSE56022",FALSE,FALSE,"trattamento","Dexamethasone 4h ; Treatment=Dexamethasone ; Duration=4 hours","Vehicle"
"cgroup_L5_e294a3bc","GSE57116",FALSE,FALSE,"trattamento","DRB-treated HeLa cells ; treatment=DRB ; cell_line=HeLa","Untreated HeLa cells ; treatment=untreated ; cell_li"
"cgroup_L5_988d478d","GSE57148",FALSE,FALSE,"trattamento","COPD lung tissue (donor 4136) ; disease_state=COPD ; donor_id=4136-COPD","Normal lung tissue (small group) ; disease_state=nor"
"cgroup_L5_988d478d","GSE57148",FALSE,FALSE,"trattamento","COPD lung tissue (donor 4136) ; disease_state=COPD ; donor_id=4136-COPD","Normal lung tissue (large group) ; disease_state=nor"
"cgroup_L5_9f0ea111","GSE57561",FALSE,FALSE,"trattamento","Cord blood CD34+ cells, SR1 ; cell_type=Cord blood CD34+ cells ; treatment=SR1","Cord blood CD34+ cells, DMSO ; cell_type=Cord blood "
"cgroup_L5_be15b706","GSE57637",FALSE,FALSE,"trattamento","TE-7 + IL-13 (2hr) ; treatment=IL-13 ; time=2hr","TE-7 + control (2hr) ; treatment=control ; time=2hr"
"cgroup_L5_be15b706","GSE57637",FALSE,FALSE,"trattamento","TE-7 + IL-13 (6hr) ; treatment=IL-13 ; time=6hr","TE-7 + control (6hr) ; treatment=control ; time=6hr"
"cgroup_L5_be15b706","GSE57637",FALSE,FALSE,"trattamento","TE-7 + IL-13 (24hr) ; treatment=IL-13 ; time=24hr","TE-7 + control (24hr) ; treatment=control ; time=24h"
"cgroup_L5_855ca642","GSE58910",FALSE,FALSE,"trattamento","Hydrogen Peroxide Treated ; treatment=hydrogen_peroxide ; cell_state=senescent","Untreated Control ; treatment=untreated ; cell_state"
"cgroup_L5_efced505","GSE59066",FALSE,FALSE,"trattamento","Renal Cell Carcinoma Stage IV Sutent Treated ; disease_subtype=renal_cell_carc","Renal Cell Carcinoma Stage IV Untreated ; disease_su"
"cgroup_L5_efced505","GSE59066",FALSE,FALSE,"trattamento","Rhabdoid Stage IV Sutent Treated ; disease_subtype=rhabdoid ; treatment=sutent","Rhabdoid Stage IV Untreated ; disease_subtype=rhabdo"
"cgroup_L5_855ca642","GSE59233",FALSE,FALSE,"trattamento","fibroblast_H2O2 ; cell_type=fibroblast ; disease_state=none ; treatment=hydrog","fibroblast_none ; cell_type=fibroblast ; disease_sta"
"cgroup_L5_855ca642","GSE59233",FALSE,FALSE,"trattamento","fibroblast_SLE_H2O2 ; cell_type=fibroblast ; disease_state=SLE ; treatment=hyd","fibroblast_SLE ; cell_type=fibroblast ; disease_stat"
"cgroup_L5_855ca642","GSE59233",FALSE,FALSE,"trattamento","AGS_H2O2 ; cell_type=AGS ; disease_state=none ; treatment=hydrogen_peroxide","AGS1 ; cell_type=AGS ; disease_state=none ; treatmen"
"cgroup_L5_49d55bfd","GSE59275",FALSE,FALSE,"trattamento","IL-4 3h ; treatment=IL-4 ; time=3 hours","Control ; treatment=none ; time=none"
"cgroup_L5_49d55bfd","GSE59275",FALSE,FALSE,"trattamento","IL-4 24h ; treatment=IL-4 ; time=24 hours","Control ; treatment=none ; time=none"
"cgroup_L5_49d55bfd","GSE59275",FALSE,FALSE,"trattamento","IL-4 120h ; treatment=IL-4 ; time=120 hours","Control ; treatment=none ; time=none"
"cgroup_L5_cf34c533","GSE59841",FALSE,FALSE,"trattamento","nutlin 10uM ; treatment=nutlin","DMSO ; treatment=DMSO"
"cgroup_L5_8958b27a","GSE59841",FALSE,FALSE,"trattamento","nutlin 2.5uM ; treatment=nutlin","DMSO ; treatment=DMSO"
"cgroup_L5_cf34c533","GSE59841",FALSE,FALSE,"trattamento","nutlin 10uM no disease ; treatment=nutlin","DMSO ; treatment=DMSO"
"cgroup_L5_83f57274","GSE59987",TRUE,TRUE,"contesto","FADU cells under hypoxia ; oxygen_condition=hypoxia ; TET1_knockdown=wild_type","FADU cells under normoxia ; oxygen_condition=normoxi"
"cgroup_L5_83f57274","GSE59987",TRUE,TRUE,"contesto","FADU cells with TET1 knockdown under hypoxia ; oxygen_condition=hypoxia ; TET1","FADU cells with TET1 knockdown under normoxia ; oxyg"
"cgroup_L5_8a54ddd6","GSE60340",FALSE,FALSE,"trattamento","Adriamycin Treated ; Treatment=Adriamycin","Control (No Treatment) ; Treatment=Untreated"
"cgroup_L5_dde29fb4","GSE60340",FALSE,FALSE,"trattamento","H2O2 Treated ; Treatment=H2O2","Control (No Treatment) ; Treatment=Untreated"
"cgroup_L5_8ac307e0","GSE60939",FALSE,FALSE,"trattamento","CRC020 cabozantinib ; treatment=cabozantinib ; cell_line=CRC020","CRC020 vehicle ; treatment=vehicle ; cell_line=CRC02"
"cgroup_L5_8ac307e0","GSE60939",FALSE,FALSE,"trattamento","CRC098 cabozantinib ; treatment=cabozantinib ; cell_line=CRC098","CRC098 vehicle ; treatment=vehicle ; cell_line=CRC09"
"cgroup_L5_8ac307e0","GSE60939",FALSE,FALSE,"trattamento","CRC102 cabozantinib ; treatment=cabozantinib ; cell_line=CRC102","CRC102 vehicle ; treatment=vehicle ; cell_line=CRC10"
"cgroup_L5_2987cdb6","GSE62118",FALSE,FALSE,"trattamento","erlotinib ; treatment=erlotinib","DMSO ; treatment=DMSO"
"cgroup_L5_535d97f6","GSE62121",FALSE,FALSE,"trattamento","imatinib ; treatment=imatinib ; cell_line=KCL-22 ; disease_state=chronic myelo","DMSO ; treatment=DMSO ; cell_line=KCL-22 ; disease_s"
"cgroup_L5_3b461817","GSE62121",FALSE,FALSE,"trattamento","nilotinib ; treatment=nilotinib ; cell_line=KCL-22 ; disease_state=chronic mye","DMSO ; treatment=DMSO ; cell_line=KCL-22 ; disease_s"
"cgroup_L5_d53bf74e","GSE62241",FALSE,FALSE,"trattamento","Follicular Lymphoma CD19+ B Cells ; disease_state=follicular lymphoma ; cell_t","Normal CD19+/CD10+/CD44low/CXCR4- B Cells ; disease_"
"cgroup_L5_a6fd82fa","GSE62613",FALSE,FALSE,"trattamento","MCF-7 + 4-hydroxytamoxifen ; cell_line=MCF-7 ; treatment=4-hydroxytamoxifen","MCF-7 + vehicle control ; cell_line=MCF-7 ; treatmen"
"cgroup_L5_d9e23e09","GSE64233",FALSE,FALSE,"trattamento","TNF ; Treatment=TNF","DMSO ; Treatment=DMSO"
"cgroup_L5_d9e23e09","GSE64233",FALSE,FALSE,"trattamento","shp65 TNF 1 ; Treatment=shp65 ; Technical Treatment=TNF 1","shp65 Vehicle ; Treatment=shp65 Vehicle"
"cgroup_L5_930c8dcf","GSE64529",FALSE,FALSE,"trattamento","DHT-treated LNCaP cells ; treatment=DHT ; cell_line=LNCaP ; passage=10","Control LNCaP cells ; treatment=control ; cell_line="
"cgroup_L5_702a5dea","GSE64550",TRUE,TRUE,"contesto","HCC364 + Trametinib + empty vector ; treatment=Trametinib ; genetic_perturbati","HCC364 + DMSO + empty vector ; treatment=DMSO ; gene"
"cgroup_L5_702a5dea","GSE64550",TRUE,TRUE,"contesto","HCC364 + Trametinib + shYAP1 ; treatment=Trametinib ; genetic_perturbation=shY","HCC364 + DMSO + shYAP1 ; treatment=DMSO ; genetic_pe"
"cgroup_L5_702a5dea","GSE64550",TRUE,TRUE,"contesto","HCC364 + Trametinib + shYAP1 (duplicate) ; treatment=Trametinib ; genetic_pert","HCC364 + DMSO + shYAP1 ; treatment=DMSO ; genetic_pe"
"cgroup_L5_d7abf612","GSE64553",FALSE,FALSE,"trattamento","HFF PD22 rotenone 100 nM ; treatment=rotenone ; cell_line=HFF","HFF PD22 untreated ; treatment=untreated ; cell_line"
"cgroup_L5_d7abf612","GSE64553",FALSE,FALSE,"trattamento","HFF PD22 rotenone 100 nM ; treatment=rotenone ; cell_line=HFF","HFF PD22 untreated ; treatment=untreated ; cell_line"
"cgroup_L5_d7abf612","GSE64553",FALSE,FALSE,"trattamento","MRC-5 passage 38 rotenone 100 nM ; treatment=rotenone ; cell_line=MRC-5","MRC-5 passage 38 untreated ; treatment=untreated ; c"
"cgroup_L5_03b38818","GSE64741",FALSE,FALSE,"trattamento","A375 cells treated with 0.1 uM vemurafenib for 48 hours ; cell_line=A375 ; tre","A375 cells treated with vehicle ; cell_line=A375 ; t"
"cgroup_L5_03b38818","GSE64741",FALSE,FALSE,"trattamento","A375 cells treated with 0.1 uM vemurafenib for 6 hours ; cell_line=A375 ; trea","A375 cells treated with vehicle ; cell_line=A375 ; t"
"cgroup_L5_03b38818","GSE64741",FALSE,FALSE,"trattamento","A375 cells treated with 0.1 uM vemurafenib for 6 hours ; cell_line=A375 ; trea","A375 cells treated with vehicle ; cell_line=A375 ; t"
"cgroup_L5_03b38818","GSE64741",FALSE,FALSE,"trattamento","A375 cells treated with 0.1 uM vemurafenib for 48 hours ; cell_line=A375 ; tre","A375 cells treated with vehicle ; cell_line=A375 ; t"
"cgroup_L5_03b38818","GSE64741",FALSE,FALSE,"trattamento","A375R cells treated with 75 mg/kg vemurafenib for 10 doses ; cell_line=A375R ;","A375R cells treated with vehicle ; cell_line=A375R ;"
"cgroup_L5_03b38818","GSE64741",FALSE,FALSE,"trattamento","A375R cells treated with 75 mg/kg vemurafenib for 10 doses ; cell_line=A375R ;","A375R cells treated with vehicle ; cell_line=A375R ;"
"cgroup_L5_f97e50de","GSE64741",FALSE,FALSE,"trattamento","H3122 cells treated with 300 nM crizotinib for 48 hours ; cell_line=H3122 ; tr","H3122 cells treated with vehicle ; cell_line=H3122 ;"
"cgroup_L5_f97e50de","GSE64741",FALSE,FALSE,"trattamento","H3122 cells treated with 300 nM crizotinib for 48 hours ; cell_line=H3122 ; tr","H3122 cells treated with vehicle ; cell_line=H3122 ;"
"cgroup_L5_03b38818","GSE64741",FALSE,FALSE,"trattamento","A375 cells treated with 0.1 uM vemurafenib for 6 hours ; cell_line=A375 ; trea","A375 cells treated with vehicle ; cell_line=A375 ; t"
"cgroup_L5_03b38818","GSE64741",FALSE,FALSE,"trattamento","A375 cells xenograft treated with 75 mg/kg vemurafenib for 10 doses ; cell_lin","A375 cells xenograft treated with vehicle ; cell_lin"
"cgroup_L5_03b38818","GSE64741",FALSE,FALSE,"trattamento","A375 cells xenograft treated with 75 mg/kg vemurafenib for 10 doses ; cell_lin","A375 cells xenograft treated with vehicle ; cell_lin"
"cgroup_L5_03b38818","GSE64741",FALSE,FALSE,"trattamento","A375 cells xenograft treated with 75 mg/kg vemurafenib for 10 doses ; cell_lin","A375 cells xenograft treated with vehicle ; cell_lin"
"cgroup_L5_03b38818","GSE64741",FALSE,FALSE,"trattamento","A375 cells xenograft treated with 75 mg/kg vemurafenib for 10 doses ; cell_lin","A375 cells xenograft treated with vehicle ; cell_lin"
"cgroup_L5_03b38818","GSE64741",FALSE,FALSE,"trattamento","UACC62 cells treated with 1 uM vemurafenib for 48 hours ; cell_line=UACC62 ; t","UACC62 cells treated with vehicle ; cell_line=UACC62"
"cgroup_L5_964c6389","GSE64810",FALSE,FALSE,"trattamento","HD CAG 41 ; disease_status=Huntington's Disease ; CAG_repeat_expansion=41","Normal Controls ; disease_status=Neurologically norm"
"cgroup_L5_964c6389","GSE64810",FALSE,FALSE,"trattamento","HD CAG 42 ; disease_status=Huntington's Disease ; CAG_repeat_expansion=42","Normal Controls ; disease_status=Neurologically norm"
"cgroup_L5_964c6389","GSE64810",FALSE,FALSE,"trattamento","HD CAG 43 ; disease_status=Huntington's Disease ; CAG_repeat_expansion=43","Normal Controls ; disease_status=Neurologically norm"
"cgroup_L5_964c6389","GSE64810",FALSE,FALSE,"trattamento","HD CAG 44 ; disease_status=Huntington's Disease ; CAG_repeat_expansion=44","Normal Controls ; disease_status=Neurologically norm"
"cgroup_L5_964c6389","GSE64810",FALSE,FALSE,"trattamento","HD CAG 45 ; disease_status=Huntington's Disease ; CAG_repeat_expansion=45","Normal Controls ; disease_status=Neurologically norm"
"cgroup_L5_964c6389","GSE64810",FALSE,FALSE,"trattamento","HD CAG 46 ; disease_status=Huntington's Disease ; CAG_repeat_expansion=46","Normal Controls ; disease_status=Neurologically norm"
"cgroup_L5_964c6389","GSE64810",FALSE,FALSE,"trattamento","HD CAG 47 ; disease_status=Huntington's Disease ; CAG_repeat_expansion=47","Normal Controls ; disease_status=Neurologically norm"
"cgroup_L5_964c6389","GSE64810",FALSE,FALSE,"trattamento","HD CAG 48 ; disease_status=Huntington's Disease ; CAG_repeat_expansion=48","Normal Controls ; disease_status=Neurologically norm"
"cgroup_L5_964c6389","GSE64810",FALSE,FALSE,"trattamento","HD CAG 49 ; disease_status=Huntington's Disease ; CAG_repeat_expansion=49","Normal Controls ; disease_status=Neurologically norm"
"cgroup_L5_964c6389","GSE64810",FALSE,FALSE,"trattamento","HD CAG 51 ; disease_status=Huntington's Disease ; CAG_repeat_expansion=51","Normal Controls ; disease_status=Neurologically norm"
"cgroup_L5_6b7b8076","GSE64912",FALSE,FALSE,"trattamento","Papillary Thyroid Carcinoma (Sample NS118) ; disease_state=papillary_thyroid_c","Healthy Thyroid (Sample NS119) ; disease_state=healt"
"cgroup_L5_6b7b8076","GSE64912",FALSE,FALSE,"trattamento","Papillary Thyroid Carcinoma (Sample NS118) ; disease_state=papillary_thyroid_c","Healthy Thyroid (Sample NS129) ; disease_state=healt"
"cgroup_L5_6b7b8076","GSE64912",FALSE,FALSE,"trattamento","Papillary Thyroid Carcinoma (Sample NS118) ; disease_state=papillary_thyroid_c","Healthy Thyroid (Sample NS130) ; disease_state=healt"
"cgroup_L5_be15b706","GSE65335",FALSE,FALSE,"trattamento","EPC2-hTERT IL-13 stimulated ; treatment=IL-13 ; cell_type_or_line_raw=EPC2-hTE","EPC2-hTERT untreated (vehicle) ; treatment=untreated"
"cgroup_L5_be15b706","GSE65335",FALSE,FALSE,"trattamento","EPC2-hTERT IL-13 stimulated ; treatment=IL-13 ; cell_type_or_line_raw=EPC2-hTE","EPC2-hTERT untreated (vehicle) ; treatment=untreated"
"cgroup_L5_be15b706","GSE65335",FALSE,FALSE,"trattamento","EPC2-hTERT IL-13 stimulated ; treatment=IL-13 ; cell_type_or_line_raw=EPC2-hTE","EPC2-hTERT untreated (vehicle) ; treatment=untreated"
"cgroup_L5_4f4d9051","GSE65354",FALSE,FALSE,"trattamento","TNF-alpha stimulated ; perturbation=TNF-alpha stimulation","Control (Cytosolic Hsp60 normal and TNF-alpha negati"
"cgroup_L5_2987cdb6","GSE65420",FALSE,FALSE,"trattamento","11-18 Lung adenocarcinoma cells treated with erlotinib ; treatment=erlotinib ;","11-18 Lung adenocarcinoma cells treated with DMSO ; "
"cgroup_L5_2987cdb6","GSE65420",TRUE,TRUE,"contesto","11-18 Lung adenocarcinoma cells with empty vector treated with erlotinib ; tre","11-18 Lung adenocarcinoma cells with empty vector tr"
"cgroup_L5_2987cdb6","GSE65420",TRUE,TRUE,"contesto","11-18 Lung adenocarcinoma cells with empty vector treated with erlotinib ; tre","11-18 Lung adenocarcinoma cells with empty vector tr"
"cgroup_L5_2987cdb6","GSE65420",TRUE,TRUE,"contesto","11-18 Lung adenocarcinoma cells with empty vector treated with erlotinib ; tre","11-18 Lung adenocarcinoma cells with empty vector tr"
"cgroup_L5_2987cdb6","GSE65420",FALSE,FALSE,"trattamento","11-18 Lung adenocarcinoma cells with IkB-alpha super-repressor treated with er","11-18 Lung adenocarcinoma cells with IkB-alpha super"
"cgroup_L5_2987cdb6","GSE65420",FALSE,FALSE,"trattamento","11-18 Lung adenocarcinoma cells with RelAS536E treated with erlotinib ; treatm","11-18 Lung adenocarcinoma cells with RelAS536E treat"
"cgroup_L5_03b38818","GSE66539",FALSE,FALSE,"trattamento","Vemurafenib-treated Melanoma PDX Cell Line ; Treatment=Vemurafenib ; Cell Cont","Untreated Melanoma PDX Cell Line ; Treatment=No Trea"
"cgroup_L5_03b38818","GSE66539",FALSE,FALSE,"trattamento","Vemurafenib-treated Melanoma PDX Cell Line ; Treatment=Vemurafenib ; Cell Cont","Untreated Melanoma PDX Cell Line ; Treatment=No Trea"
"cgroup_L5_455fe91d","GSE66744",FALSE,FALSE,"trattamento","MDA-MB-231 + DAPT ; cell_line=MDA-MB-231 ; treatment=DAPT","MDA-MB-231 + DMSO ; cell_line=MDA-MB-231 ; treatment"
"cgroup_L5_455fe91d","GSE66744",FALSE,FALSE,"trattamento","MDA-MB-231 + DAPT + Fc-DLL4 ; cell_line=MDA-MB-231 ; treatment=DAPT","MDA-MB-231 + DMSO ; cell_line=MDA-MB-231 ; treatment"
"cgroup_L5_522fa0c2","GSE67196",FALSE,FALSE,"trattamento","Cerebellum sALS ; disease_state=sALS ; tissue_segment=Cerebellum","Cerebellum Healthy ; disease_state=Healthy ; tissue_"
"cgroup_L5_522fa0c2","GSE67196",FALSE,FALSE,"trattamento","Cerebellum sALS (drug adapted) ; disease_state=sALS ; tissue_segment=Cerebellu","Cerebellum Healthy ; disease_state=Healthy ; tissue_"
"cgroup_L5_522fa0c2","GSE67196",FALSE,FALSE,"trattamento","Cerebellum sALS (drug adapted) ; disease_state=sALS ; tissue_segment=Cerebellu","Cerebellum Healthy ; disease_state=Healthy ; tissue_"
"cgroup_L5_522fa0c2","GSE67196",FALSE,FALSE,"trattamento","Frontal Cortex sALS (drug adapted) ; disease_state=sALS ; tissue_segment=Front","Frontal Cortex Healthy ; disease_state=Healthy ; tis"
"cgroup_L5_f34ff8df","GSE68836",FALSE,FALSE,"trattamento","CHLA10 Etoposide 0.15 µM 6h ; cell_line=CHLA10 ; treatment=Etoposide ; dose=0.","CHLA10 DMSO ; cell_line=CHLA10 ; treatment=DMSO"
"cgroup_L5_f34ff8df","GSE68836",FALSE,FALSE,"trattamento","CHLA10 Etoposide 0.15 µM 12h ; cell_line=CHLA10 ; treatment=Etoposide ; dose=0","CHLA10 DMSO ; cell_line=CHLA10 ; treatment=DMSO"
"cgroup_L5_f34ff8df","GSE68836",FALSE,FALSE,"trattamento","CHLA10 Etoposide 0.15 µM 18h ; cell_line=CHLA10 ; treatment=Etoposide ; dose=0","CHLA10 DMSO ; cell_line=CHLA10 ; treatment=DMSO"
"cgroup_L5_f34ff8df","GSE68836",FALSE,FALSE,"trattamento","CHLA10 Etoposide 0.15 µM 24h ; cell_line=CHLA10 ; treatment=Etoposide ; dose=0","CHLA10 DMSO ; cell_line=CHLA10 ; treatment=DMSO"
"cgroup_L5_f34ff8df","GSE68836",FALSE,FALSE,"trattamento","CHLA258 Etoposide 0.1 µM 6h ; cell_line=CHLA258 ; treatment=Etoposide ; dose=0","CHLA258 DMSO ; cell_line=CHLA258 ; treatment=DMSO"
"cgroup_L5_f34ff8df","GSE68836",FALSE,FALSE,"trattamento","CHLA258 Etoposide 0.1 µM 12h ; cell_line=CHLA258 ; treatment=Etoposide ; dose=","CHLA258 DMSO ; cell_line=CHLA258 ; treatment=DMSO"
"cgroup_L5_f34ff8df","GSE68836",FALSE,FALSE,"trattamento","CHLA258 Etoposide 0.1 µM 18h ; cell_line=CHLA258 ; treatment=Etoposide ; dose=","CHLA258 DMSO ; cell_line=CHLA258 ; treatment=DMSO"
"cgroup_L5_f34ff8df","GSE68836",FALSE,FALSE,"trattamento","CHLA258 Etoposide 0.1 µM 24h ; cell_line=CHLA258 ; treatment=Etoposide ; dose=","CHLA258 DMSO ; cell_line=CHLA258 ; treatment=DMSO"
"cgroup_L5_f34ff8df","GSE68836",FALSE,FALSE,"trattamento","IMR90 Etoposide 6 µM 6h ; cell_line=IMR90 ; treatment=Etoposide ; dose=6 µM ; ","IMR90 DMSO ; cell_line=IMR90 ; treatment=DMSO"
"cgroup_L5_f34ff8df","GSE68836",FALSE,FALSE,"trattamento","IMR90 Etoposide 6 µM 12h ; cell_line=IMR90 ; treatment=Etoposide ; dose=6 µM ;","IMR90 DMSO ; cell_line=IMR90 ; treatment=DMSO"
"cgroup_L5_f34ff8df","GSE68836",FALSE,FALSE,"trattamento","IMR90 Etoposide 6 µM 18h ; cell_line=IMR90 ; treatment=Etoposide ; dose=6 µM ;","IMR90 DMSO ; cell_line=IMR90 ; treatment=DMSO"
"cgroup_L5_f34ff8df","GSE68836",FALSE,FALSE,"trattamento","IMR90 Etoposide 6 µM 24h ; cell_line=IMR90 ; treatment=Etoposide ; dose=6 µM ;","IMR90 DMSO ; cell_line=IMR90 ; treatment=DMSO"
"cgroup_L5_f34ff8df","GSE68836",FALSE,FALSE,"trattamento","TC32 Etoposide 0.05 µM 6h ; cell_line=TC32 ; treatment=Etoposide ; dose=0.05 µ","TC32 DMSO ; cell_line=TC32 ; treatment=DMSO"
"cgroup_L5_f34ff8df","GSE68836",FALSE,FALSE,"trattamento","TC32 Etoposide 0.05 µM 12h ; cell_line=TC32 ; treatment=Etoposide ; dose=0.05 ","TC32 DMSO ; cell_line=TC32 ; treatment=DMSO"
"cgroup_L5_f34ff8df","GSE68836",FALSE,FALSE,"trattamento","TC32 Etoposide 0.05 µM 18h ; cell_line=TC32 ; treatment=Etoposide ; dose=0.05 ","TC32 DMSO ; cell_line=TC32 ; treatment=DMSO"
"cgroup_L5_f34ff8df","GSE68836",FALSE,FALSE,"trattamento","TC32 Etoposide 0.05 µM 24h ; cell_line=TC32 ; treatment=Etoposide ; dose=0.05 ","TC32 DMSO ; cell_line=TC32 ; treatment=DMSO"
"cgroup_L5_f34ff8df","GSE68836",FALSE,FALSE,"trattamento","U2OS Etoposide 6 µM 6h ; cell_line=U2OS ; treatment=Etoposide ; dose=6 µM ; ti","U2OS DMSO ; cell_line=U2OS ; treatment=DMSO"
"cgroup_L5_37942548","GSE69121",FALSE,FALSE,"trattamento","Retinoic Acid Treated SK-N-SH ; treatment=retinoic_acid ; genetic_modification","Untreated SK-N-SH ; treatment=untreated ; genetic_mo"
"cgroup_L5_37942548","GSE69121",TRUE,TRUE,"contesto","Retinoic Acid Treated MAML3 Overexpressing SK-N-SH ; treatment=retinoic_acid ;","Untreated MAML3 Overexpressing SK-N-SH ; treatment=u"
"cgroup_L5_41f7b088","GSE69599",FALSE,FALSE,"trattamento","Gefitinib ; treatment=gefitinib","Control ; treatment=none"
"cgroup_L5_4f4d9051","GSE70068",FALSE,FALSE,"trattamento","Neutrophils stimulated with TNF-alpha ; Cytokine Stimulation=TNF-alpha ; Durat","Untreated Neutrophils (Donor 1) ; Treatment=Untreate"
"cgroup_L5_4f4d9051","GSE70068",FALSE,FALSE,"trattamento","Neutrophils stimulated with TNF-alpha ; Cytokine Stimulation=TNF-alpha ; Durat","Untreated Neutrophils (Donor 1) ; Treatment=Untreate"
"cgroup_L5_4f4d9051","GSE70068",FALSE,FALSE,"trattamento","Neutrophils stimulated with TNF-alpha ; Cytokine Stimulation=TNF-alpha ; Durat","Untreated Neutrophils (Donor 1) ; Treatment=Untreate"
"cgroup_L5_f94b6180","GSE71797",FALSE,FALSE,"trattamento","EP156T cells treated with R1881 ; cell_line=EP156T ; treatment=R1881","EP156T cells treated with DMSO ; cell_line=EP156T ; "
"cgroup_L5_f94b6180","GSE71797",FALSE,FALSE,"trattamento","LNCaP cells treated with R1881 ; cell_line=LNCaP ; treatment=R1881","LNCaP cells treated with DMSO ; cell_line=LNCaP ; tr"
"cgroup_L5_f94b6180","GSE71797",FALSE,FALSE,"trattamento","VCaP cells treated with R1881 ; cell_line=VCaP ; treatment=R1881","VCaP cells control ; cell_line=VCaP ; treatment=cont"
"cgroup_L5_905be893","GSE72460",FALSE,FALSE,"trattamento","IL-1β stimulated ILC2 ; treatment=IL-1β ; cell_type=innate lymphoid cells (ILC","Untreated ILC2 ; treatment=untreated ; cell_type=inn"
"cgroup_L5_a739837c","GSE72820",FALSE,FALSE,"trattamento","Human colon adenoma ; disease_state=adenoma","Human normal mucosa ; disease_state=normal"
"cgroup_L5_a739837c","GSE72820",FALSE,FALSE,"trattamento","MDA27ad ; disease_state=adenoma","MDA27N ; disease_state=normal"
"cgroup_L5_a739837c","GSE72820",FALSE,FALSE,"trattamento","MDA27ad ; disease_state=adenoma","MDA34N ; disease_state=normal"
"cgroup_L5_dd2a13de","GSE73189",FALSE,FALSE,"trattamento","IPF-1 ; disease_state=idiopathic pulmonary fibrosis ; cell_context.cell_type_o","Normal lung tissue ; disease_state=normal ; cell_con"
"cgroup_L5_dd2a13de","GSE73189",FALSE,FALSE,"trattamento","IPF-3 ; disease_state=idiopathic pulmonary fibrosis ; cell_context.cell_type_o","Normal lung tissue ; disease_state=normal ; cell_con"
"cgroup_L5_dd2a13de","GSE73189",FALSE,FALSE,"trattamento","IPF-4 ; disease_state=idiopathic pulmonary fibrosis ; cell_context.cell_type_o","Normal lung tissue ; disease_state=normal ; cell_con"
"cgroup_L5_889ec305","GSE73398",FALSE,FALSE,"trattamento","Colorectal Cancer ; disease_state=case ; tissue=FFPE","Normal Colonic Mucosa ; disease_state=normal ; tissu"
"cgroup_L5_889ec305","GSE73398",FALSE,FALSE,"trattamento","Colorectal Carcinoma ; disease_state=case ; tissue=FFPE","Normal Colonic Mucosa ; disease_state=normal ; tissu"
"cgroup_L5_bd19fe42","GSE73708",FALSE,FALSE,"trattamento","Hepatocellular Cancer (Donor 9128) ; disease_state=hepatocellular cancer ; don","Normal Liver (Donor 9128) ; disease_state=normal ; d"
"cgroup_L5_bd19fe42","GSE73708",FALSE,FALSE,"trattamento","Hepatocellular Cancer (Donor 2, TP2) ; disease_state=hepatocellular cancer ; d","Normal Liver (Donor 9128) ; disease_state=normal ; d"
"cgroup_L5_03b38818","GSE73737",FALSE,FALSE,"trattamento","Vemurafenib-treated melanoma PDX ; treatment=Vemurafenib ; cell_context=Melano","Vehicle-treated melanoma PDX ; treatment=Vehicle ; c"
"cgroup_L5_03b38818","GSE73737",FALSE,FALSE,"trattamento","Vemurafenib-treated melanoma PDX (replicates) ; treatment=Vemurafenib ; cell_c","Vehicle-treated melanoma PDX ; treatment=Vehicle ; c"
"cgroup_L5_dde29fb4","GSE73941",FALSE,FALSE,"trattamento","HEK293T H2O2 Treated + Tissue Kidney ; treatment=H2O2 ; cell_line=HEK293T ; ti","HEK293T Vehicle Control + Immunoprecipitation ; trea"
"cgroup_L5_905be893","GSE74220",FALSE,FALSE,"trattamento","IL-1beta stimulated chondrocytes ; treatment=IL-1beta ; time(hours)=4","Vehicle-only control chondrocytes ; treatment=No sti"
"cgroup_L5_b71a25a2","GSE74230",FALSE,FALSE,"trattamento","143B cells treated with JQ1 for 5 days ; cell_line=143B ; treatment=JQ1","143B cells treated with DMSO for 5 days ; cell_line="
"cgroup_L5_a32e5eaa","GSE74251",FALSE,FALSE,"trattamento","MCF7 cells treated with DAC at 100 nM ; cell_line=MCF7 ; treatment=DAC","MCF7 control cells ; cell_line=MCF7 ; treatment=Cont"
"cgroup_L5_a32e5eaa","GSE74251",FALSE,FALSE,"trattamento","MCF7 cells treated with DAC at 100 nM for 2 hours ; cell_line=MCF7 ; treatment","MCF7 control cells ; cell_line=MCF7 ; treatment=Cont"
"cgroup_L5_a32e5eaa","GSE74251",FALSE,FALSE,"trattamento","YB5 cells treated with DAC at 1 µM ; cell_line=YB5 ; treatment=DAC","YB5 control cells ; cell_line=YB5 ; treatment=Contro"
"cgroup_L5_a32e5eaa","GSE74251",FALSE,FALSE,"trattamento","YB5 cells treated with DAC at 1 µM for 2 hours ; cell_line=YB5 ; treatment=DAC","YB5 control cells ; cell_line=YB5 ; treatment=Contro"
"cgroup_L5_a32e5eaa","GSE74251",FALSE,FALSE,"trattamento","YB5 cells treated with DAC at 1 µM for 3 hours ; cell_line=YB5 ; treatment=DAC","YB5 control cells ; cell_line=YB5 ; treatment=Contro"
"cgroup_L5_b71a25a2","GSE74324",TRUE,TRUE,"contesto","IMR90 senescent HRASV12 shRen JQ1 ; cell_state=senescent ; genetic_modificatio","IMR90 senescent HRASV12 shRen DMSO ; cell_state=sene"
"cgroup_L5_b71a25a2","GSE74324",TRUE,TRUE,"contesto","IMR90 senescent HRASV12 shRen JQ1 ; cell_state=senescent ; genetic_modificatio","IMR90 senescent HRASV12 shRen DMSO ; cell_state=sene"
"cgroup_L5_b71a25a2","GSE74324",TRUE,TRUE,"contesto","IMR90 quiescent shRen JQ1 ; cell_state=quiescent ; genetic_modification=shRen ","IMR90 quiescent shRen DMSO ; cell_state=quiescent ; "
"cgroup_L5_b71a25a2","GSE74324",TRUE,TRUE,"contesto","IMR90 quiescent shRen JQ1 ; cell_state=quiescent ; genetic_modification=shRen ","IMR90 quiescent shRen DMSO ; cell_state=quiescent ; "
"cgroup_L5_b71a25a2","GSE74324",TRUE,TRUE,"contesto","IMR90 proliferating shRen JQ1 ; cell_state=proliferating ; genetic_modificatio","IMR90 proliferating shRen vehicle ; cell_state=proli"
"cgroup_L5_4b901bf1","GSE74697",FALSE,FALSE,"trattamento","Psoriasis Lesional Skin ; disease_state=psoriasis ; treatment=none","Healthy Normal Skin ; disease_state=healthy ; treatm"
"cgroup_L5_b71a25a2","GSE75364",FALSE,FALSE,"trattamento","JQ1-treated BJ p6 ; treatment=JQ1 ; cell_state=BJ p6","DMSO-treated BJ p6 ; treatment=DMSO ; cell_state=BJ "
"cgroup_L5_b71a25a2","GSE75364",FALSE,FALSE,"trattamento","JQ1-treated reprogramming fibroblasts ; treatment=JQ1 ; cell_state=reprogrammi","DMSO-treated recovering fibroblasts ; treatment=DMSO"
"cgroup_L5_b71a25a2","GSE75364",FALSE,FALSE,"trattamento","JQ1-treated reprogramming fibroblasts 2 ; treatment=JQ1 ; cell_state=reprogram","DMSO-treated recovering fibroblasts ; treatment=DMSO"
"cgroup_L5_dde29fb4","GSE75962",FALSE,FALSE,"trattamento","H2O2 ; treatment=H2O2 ; cell_type_or_line_raw=HCT116 ; cell_state=differentiat","Control ; treatment=Control ; cell_type_or_line_raw="
"cgroup_L5_c548d053","GSE76404",FALSE,FALSE,"trattamento","Adipose - LPS Treated - African American Male ; treatment=LPS ; ancestry_or_po","Adipose - Vehicle Control - African American Female "
"cgroup_L5_f956ef98","GSE76608",FALSE,FALSE,"trattamento","MCF-7 cells treated with TCDD ; treatment=TCDD ; cell_type_or_line_raw=MCF-7","MCF-7 cells treated with DMSO ; treatment=DMSO ; cel"
"cgroup_L5_721184e6","GSE76860",FALSE,FALSE,"trattamento","KYSE510 + THZ1 200 nM 6 h ; cell_line=KYSE510 ; treatment=THZ1 200 nM 6 h","KYSE510 + DMSO ; cell_line=KYSE510 ; treatment=DMSO"
"cgroup_L5_721184e6","GSE76860",FALSE,FALSE,"trattamento","KYSE510 + THZ1 50 nM 12 h ; cell_line=KYSE510 ; treatment=THZ1 50 nM 12 h","KYSE510 + DMSO ; cell_line=KYSE510 ; treatment=DMSO"
"cgroup_L5_721184e6","GSE76860",FALSE,FALSE,"trattamento","KYSE510 + THZ1 50 nM 2 h ; cell_line=KYSE510 ; treatment=THZ1 50 nM 2 h","KYSE510 + DMSO ; cell_line=KYSE510 ; treatment=DMSO"
"cgroup_L5_721184e6","GSE76860",FALSE,FALSE,"trattamento","KYSE510 + THZ1 50 nM 4 h ; cell_line=KYSE510 ; treatment=THZ1 50 nM 4 h","KYSE510 + DMSO ; cell_line=KYSE510 ; treatment=DMSO"
"cgroup_L5_721184e6","GSE76860",FALSE,FALSE,"trattamento","KYSE510 + THZ1 50 nM 6 h ; cell_line=KYSE510 ; treatment=THZ1 50 nM 6 h","KYSE510 + DMSO ; cell_line=KYSE510 ; treatment=DMSO"
"cgroup_L5_721184e6","GSE76860",FALSE,FALSE,"trattamento","TE7 + THZ1 200 nM 6 h ; cell_line=TE7 ; treatment=THZ1 200 nM 6 h","TE7 + DMSO ; cell_line=TE7 ; treatment=DMSO"
"cgroup_L5_721184e6","GSE76860",FALSE,FALSE,"trattamento","TE7 + THZ1 50 nM 12 h ; cell_line=TE7 ; treatment=THZ1 50 nM 12 h","TE7 + DMSO ; cell_line=TE7 ; treatment=DMSO"
"cgroup_L5_721184e6","GSE76860",FALSE,FALSE,"trattamento","TE7 + THZ1 50 nM 2 h ; cell_line=TE7 ; treatment=THZ1 50 nM 2 h","TE7 + DMSO ; cell_line=TE7 ; treatment=DMSO"
"cgroup_L5_721184e6","GSE76860",FALSE,FALSE,"trattamento","TE7 + THZ1 50 nM 6 h ; cell_line=TE7 ; treatment=THZ1 50 nM 6 h","TE7 + DMSO ; cell_line=TE7 ; treatment=DMSO"
"cgroup_L5_721184e6","GSE76860",FALSE,FALSE,"trattamento","TE7 + THZ1 50 nM 4 h ; cell_line=TE7 ; treatment=THZ1 50 nM 4 h","TE7 + DMSO ; cell_line=TE7 ; treatment=DMSO"
"cgroup_L5_a32e5eaa","GSE77031",FALSE,FALSE,"trattamento","5-Aza-CdR ; treatment=5-Aza-CdR ; cell_line=HCT116","PBS ; treatment=PBS ; cell_line=HCT116"
"cgroup_L5_a32e5eaa","GSE77032",FALSE,FALSE,"trattamento","5-Aza-CdR ; treatment=5-Aza-CdR","PBS ; treatment=PBS"
"cgroup_L5_a32e5eaa","GSE77034",FALSE,FALSE,"trattamento","5-Aza-CdR ; treatment=5-Aza-CdR","PBS ; treatment=PBS"
"cgroup_L5_3eaa92c9","GSE77039",FALSE,FALSE,"trattamento","HT29_Rosiglitazone_24hr ; treatment=Rosiglitazone ; duration=24hr","HT29_DMSO_24hr ; treatment=DMSO ; duration=24hr"
"cgroup_L5_3eaa92c9","GSE77039",FALSE,FALSE,"trattamento","HT29_Rosiglitazone_48hr ; treatment=Rosiglitazone ; duration=48hr","HT29_DMSO_48hr ; treatment=DMSO ; duration=48hr"
"cgroup_L5_83f57274","GSE77307",FALSE,FALSE,"trattamento","HEB cell line, hypoxia ; cell_line=HEB cell line ; treatment=hypoxia","HEB cell line, normoxia ; cell_line=HEB cell line ; "
"cgroup_L5_83f57274","GSE77307",FALSE,FALSE,"trattamento","U87-MG cell line, hypoxia ; cell_line=U87-MG cell line ; treatment=hypoxia","U87-MG cell line, normoxia ; cell_line=U87-MG cell l"
"cgroup_L5_bd19fe42","GSE77509",FALSE,FALSE,"trattamento","PVTT #3 ; disease_state=hepatocellular carcinoma (HCC) ; HBV_infection_status=","Adjacent Normal #3 ; disease_state=adjacent normal ;"
"cgroup_L5_bd19fe42","GSE77509",FALSE,FALSE,"trattamento","PVTT #8 ; disease_state=hepatocellular carcinoma (HCC) ; HBV_infection_status=","Adjacent Normal #3 ; disease_state=adjacent normal ;"
"cgroup_L5_bd19fe42","GSE77509",FALSE,FALSE,"trattamento","Primary Tumor #21 ; disease_state=hepatocellular carcinoma ; HBV_infection_sta","Adjacent Normal #3 ; disease_state=adjacent normal ;"
"cgroup_L5_bd19fe42","GSE77509",FALSE,FALSE,"trattamento","Primary Tumor #25 ; disease_state=hepatocellular carcinoma (HCC) ; HBV_infecti","Adjacent Normal #3 ; disease_state=adjacent normal ;"
"cgroup_L5_bd19fe42","GSE77509",FALSE,FALSE,"trattamento","Primary Tumor T8 ; disease_state=hepatocellular carcinoma ; HBV_infection_stat","Adjacent Normal #3 ; disease_state=adjacent normal ;"
"cgroup_L5_a739837c","GSE77635",FALSE,FALSE,"trattamento","Patient 1 Adenoma ; disease_status=adenoma ; patient_id=Patient 1","Patient 1 Normal Mucosa ; disease_status=normal ; pa"
"cgroup_L5_a739837c","GSE77635",FALSE,FALSE,"trattamento","Patient 2 Adenoma ; disease_status=adenoma ; patient_id=Patient 2","Patient 2 Normal Mucosa ; disease_status=normal ; pa"
"cgroup_L5_a739837c","GSE77635",FALSE,FALSE,"trattamento","Patient 3 Adenoma ; disease_status=adenoma ; patient_id=Patient 3","Patient 3 Normal Mucosa ; disease_status=normal ; pa"
"cgroup_L5_a739837c","GSE77635",FALSE,FALSE,"trattamento","Patient 4 Adenoma ; disease_status=adenoma ; patient_id=Patient 4","Patient 4 Normal Mucosa ; disease_status=normal ; pa"
"cgroup_L5_a739837c","GSE77635",FALSE,FALSE,"trattamento","Patient 5 Adenoma ; disease_status=adenoma ; patient_id=Patient 5","Patient 5 Normal Mucosa ; disease_status=normal ; pa"
"cgroup_L5_a739837c","GSE77635",FALSE,FALSE,"trattamento","Patient 81 Adenoma ; disease_status=adenoma ; patient_id=Patient 81","Patient 81 Normal Mucosa ; disease_status=normal ; p"
"cgroup_L5_a739837c","GSE77635",FALSE,FALSE,"trattamento","Patient 82 Adenoma ; disease_status=adenoma ; patient_id=Patient 82","Patient 82 Normal Mucosa ; disease_status=normal ; p"
"cgroup_L5_a739837c","GSE77635",FALSE,FALSE,"trattamento","Patient 85 Adenoma ; disease_status=adenoma ; patient_id=Patient 85","Patient 85 Normal Mucosa ; disease_status=normal ; p"
"cgroup_L5_a739837c","GSE77635",FALSE,FALSE,"trattamento","Patient GNG Adenoma ; disease_status=adenoma ; patient_id=Patient GNG","Patient GNG Normal Mucosa ; disease_status=normal ; "
"cgroup_L5_b71a25a2","GSE77737",FALSE,FALSE,"trattamento","V457, JQ1, 0.5 hours ; cell_line=V457 ; treatment=JQ1 ; time=0.5hr","V457, none ; cell_line=V457 ; treatment=none"
"cgroup_L5_b71a25a2","GSE77737",FALSE,FALSE,"trattamento","V457, JQ1, 1 hour ; cell_line=V457 ; treatment=JQ1 ; time=1hr","V457, none ; cell_line=V457 ; treatment=none"
"cgroup_L5_b71a25a2","GSE77737",FALSE,FALSE,"trattamento","V457, JQ1, 6 hours ; cell_line=V457 ; treatment=JQ1 ; time=6hr","V457, none ; cell_line=V457 ; treatment=none"
"cgroup_L5_b71a25a2","GSE77737",FALSE,FALSE,"trattamento","V457, JQ1, 24 hours ; cell_line=V457 ; treatment=JQ1 ; time=24hr","V457, none ; cell_line=V457 ; treatment=none"
"cgroup_L5_83f57274","GSE78025",FALSE,FALSE,"trattamento","HEB 5% hypoxia ; cell_line=HEB ; oxygen_level=5% hypoxia","HEB normoxia ; cell_line=HEB ; oxygen_level=normoxia"
"cgroup_L5_83f57274","GSE78025",FALSE,FALSE,"trattamento","U87-MG 1% hypoxia ; cell_line=U87-MG ; oxygen_level=1% hypoxia","U87-MG normoxia ; cell_line=U87-MG ; oxygen_level=no"
"cgroup_L5_a32e5eaa","GSE78102",FALSE,FALSE,"trattamento","DAC_GSK343-1 ; treatment=DAC_GSK343-1 ; cell_line=HL60 ; disease_state=acute p","Control (Vehicle) ; treatment=vehicle_only ; cell_li"
"cgroup_L5_a32e5eaa","GSE78102",FALSE,FALSE,"trattamento","DAC ; treatment=DAC ; cell_line=HL60 ; disease_state=acute promyelocytic leuke","Control (Vehicle) ; treatment=vehicle_only ; cell_li"
"cgroup_L5_a32e5eaa","GSE78102",FALSE,FALSE,"trattamento","DAC_Depsi-1 ; treatment=DAC_Depsi-1 ; cell_line=HL60 ; disease_state=acute pro","Control (Vehicle) ; treatment=vehicle_only ; cell_li"
"cgroup_L5_a32e5eaa","GSE78102",FALSE,FALSE,"trattamento","DAC_Depsi-2 ; treatment=DAC_Depsi-2 ; cell_line=HL60 ; disease_state=acute pro","Control (Vehicle) ; treatment=vehicle_only ; cell_li"
"cgroup_L5_a32e5eaa","GSE78102",FALSE,FALSE,"trattamento","DAC_Depsi-3 ; treatment=DAC_Depsi-3 ; cell_line=HL60 ; disease_state=acute pro","Control (Vehicle) ; treatment=vehicle_only ; cell_li"
"cgroup_L5_a32e5eaa","GSE78102",FALSE,FALSE,"trattamento","DAC_GSK343-2 ; treatment=DAC_GSK343-2 ; cell_line=HL60 ; disease_state=acute p","Control (Vehicle) ; treatment=vehicle_only ; cell_li"
"cgroup_L5_a32e5eaa","GSE78102",FALSE,FALSE,"trattamento","DAC_GSK343-3 ; treatment=DAC_GSK343-3 ; cell_line=HL60 ; disease_state=acute p","Control (Vehicle) ; treatment=vehicle_only ; cell_li"
"cgroup_L5_dde29fb4","GSE78275",FALSE,FALSE,"trattamento","H2O2-treated ; treatment=H2O2","Control ; treatment=control"
"cgroup_L5_b71a25a2","GSE78801",FALSE,FALSE,"trattamento","DIPG primary culture pons H3.1K27M, JQ1, 12h ; treatment=JQ1 ; time=12h","DIPG primary culture brain, DMSO, 12h ; treatment=DM"
"cgroup_L5_b71a25a2","GSE78801",FALSE,FALSE,"trattamento","DIPG primary culture pons H3.1K27M, JQ1, 24h ; treatment=JQ1 ; time=24h","DIPG primary culture brain, DMSO, 24h ; treatment=DM"
"cgroup_L5_b71a25a2","GSE78801",FALSE,FALSE,"trattamento","DIPG primary culture pons H3.1K27M, JQ1, 48h ; treatment=JQ1 ; time=48h","DIPG primary culture brain, DMSO, 48h ; treatment=DM"
"cgroup_L5_b71a25a2","GSE78801",FALSE,FALSE,"trattamento","DIPG primary culture pons H3.1K27M, JQ1, 6h ; treatment=JQ1 ; time=6h","DIPG primary culture brain, DMSO, 6h ; treatment=DMS"
"cgroup_L5_b71a25a2","GSE78801",FALSE,FALSE,"trattamento","DIPG primary culture pons, JQ1, 3h ; treatment=JQ1 ; time=3h","DIPG primary culture brain, DMSO, 3h ; treatment=DMS"
"cgroup_L5_b71a25a2","GSE78801",FALSE,FALSE,"trattamento","DIPG primary culture pons, JQ1, 24h ; treatment=JQ1 ; time=24h","DIPG primary culture brain, DMSO, 24h ; treatment=DM"
"cgroup_L5_a25d0964","GSE78922",FALSE,FALSE,"trattamento","IL-6 stimulated CD4+CD25- T cells ; treatment=IL-6 ; cell_type=CD4+CD25- T cel","Unstimulated CD4+CD25- T cells ; treatment=unstimula"
"cgroup_L5_a25d0964","GSE78922",FALSE,FALSE,"trattamento","IL-6 stimulated CD4+CD25- T cells (additional replicates) ; treatment=IL-6 ; c","Unstimulated CD4+CD25- T cells ; treatment=unstimula"
"cgroup_L5_96c9f7bf","GSE78936",FALSE,FALSE,"trattamento","Bipolar Disorder (Brain) ; disease_state=Bipolar Disorder ; tissue_segment=bra","Control (Vehicle) ; disease_state=Control ; tissue_s"
"cgroup_L5_aecd610f","GSE78936",FALSE,FALSE,"trattamento","Schizophrenia (Brain) ; disease_state=Schizophrenia ; tissue_segment=brain","Control (Vehicle) ; disease_state=Control ; tissue_s"
"cgroup_L5_96c9f7bf","GSE78936",FALSE,FALSE,"trattamento","Bipolar Disorder (BA11) ; disease_state=Bipolar Disorder ; tissue_segment=Brod","Control (BA11) ; disease_state=Control ; tissue_segm"
"cgroup_L5_96c9f7bf","GSE78936",FALSE,FALSE,"trattamento","Bipolar Disorder (BA24) ; disease_state=Bipolar Disorder ; tissue_segment=Brod","Control (BA24) ; disease_state=Control ; tissue_segm"
"cgroup_L5_aecd610f","GSE78936",FALSE,FALSE,"trattamento","Schizophrenia (BA24) ; disease_state=Schizophrenia ; tissue_segment=Brodmann's","Control (BA24) ; disease_state=Control ; tissue_segm"
"cgroup_L5_96c9f7bf","GSE78936",FALSE,FALSE,"trattamento","Bipolar Disorder (BA9) ; disease_state=Bipolar Disorder ; tissue_segment=Brodm","Control (BA9) ; disease_state=Control ; tissue_segme"
"cgroup_L5_be15b706","GSE79027",FALSE,FALSE,"trattamento","IL-13 stimulated Donor 1 ; treatment=IL-13 ; donor=Donor 1","Untreated Donor 1 ; treatment=Untreated ; donor=Dono"
"cgroup_L5_be15b706","GSE79027",FALSE,FALSE,"trattamento","IL-13 stimulated Donor 2 ; treatment=IL-13 ; donor=Donor 2","Untreated Donor 2 ; treatment=Untreated ; donor=Dono"
"cgroup_L5_be15b706","GSE79027",FALSE,FALSE,"trattamento","IL-13 stimulated Donor 3 ; treatment=IL-13 ; donor=Donor 3","Untreated Donor 3 ; treatment=Untreated ; donor=Dono"
"cgroup_L5_03d0ca7b","GSE79400",FALSE,FALSE,"trattamento","FTC133, digoxin, 72 hours ; cell_line=FTC133 ; treatment=digoxin ; duration=72","FTC133, DMSO, 72 hours ; cell_line=FTC133 ; treatmen"
"cgroup_L5_03d0ca7b","GSE79400",FALSE,FALSE,"trattamento","FTC133, digoxin, 24 hours ; cell_line=FTC133 ; treatment=digoxin ; duration=24","FTC133, DMSO, 24 hours ; cell_line=FTC133 ; treatmen"
"cgroup_L5_03d0ca7b","GSE79400",FALSE,FALSE,"trattamento","FTC133, digoxin, 48 hours ; cell_line=FTC133 ; treatment=digoxin ; duration=48","FTC133, DMSO, 48 hours ; cell_line=FTC133 ; treatmen"
"cgroup_L5_dd2a13de","GSE79544",FALSE,FALSE,"trattamento","IPF non-smokers ; disease_state=Idiopathic pulmonary fibrosis ; smoking_status","Healthy non-smokers ; disease_state=Control ; smokin"
"cgroup_L5_dd2a13de","GSE79544",FALSE,FALSE,"trattamento","IPF smokers ; disease_state=Idiopathic pulmonary fibrosis ; smoking_status=smo","Healthy smokers ; disease_state=Control ; smoking_st"
"cgroup_L5_eba39954","GSE79544",FALSE,FALSE,"trattamento","IPF smokers ; disease_state=Idiopathic pulmonary fibrosis ; smoking_status=smo","IPF non-smokers ; disease_state=Idiopathic pulmonary"
"cgroup_L5_eba39954","GSE79544",FALSE,FALSE,"trattamento","Healthy smokers ; disease_state=Control ; smoking_status=smoker","Healthy non-smokers ; disease_state=Control ; smokin"
"cgroup_L5_b2affd22","GSE79782",FALSE,FALSE,"trattamento","Preeclampsia (Amnion) ; disease_state=preeclampsia ; cell_context.cell_type_or","Control (Amnion) ; disease_state=control ; cell_cont"
"cgroup_L5_b2affd22","GSE79782",FALSE,FALSE,"trattamento","Preeclampsia (Amnion) ; disease_state=preeclampsia ; cell_context.cell_type_or","Control (Amnion) ; disease_state=control ; cell_cont"
"cgroup_L5_b2affd22","GSE79782",FALSE,FALSE,"trattamento","Preeclampsia (Amnion) ; disease_state=preeclampsia ; cell_context.cell_type_or","Control (Amnion) ; disease_state=control ; cell_cont"
"cgroup_L5_b2affd22","GSE79782",FALSE,FALSE,"trattamento","Preeclampsia (Amnion) ; disease_state=preeclampsia ; cell_context.cell_type_or","Control (Amnion) ; disease_state=control ; cell_cont"
"cgroup_L5_356eedd3","GSE80048",FALSE,FALSE,"trattamento","TSA ; treatment=TSA","Control ; treatment=none"
"cgroup_L5_a32e5eaa","GSE80137",FALSE,FALSE,"trattamento","LNT-229 tumor Decitabine ; cell_line=LNT-229 ; treatment=Decitabine","LNT-229 Not treated ; cell_line=LNT-229 ; treatment="
"cgroup_L5_a32e5eaa","GSE80137",FALSE,FALSE,"trattamento","LNT-229 Decitabine ; cell_line=LNT-229 ; treatment=Decitabine","LNT-229 Not treated ; cell_line=LNT-229 ; treatment="
"cgroup_L5_a32e5eaa","GSE80137",FALSE,FALSE,"trattamento","T98G Decitabine ; cell_line=T98G ; treatment=Decitabine","T98G Not treated ; cell_line=T98G ; treatment=Not tr"
"cgroup_L5_a32e5eaa","GSE80137",FALSE,FALSE,"trattamento","T98G Decitabine ; cell_line=T98G ; treatment=Decitabine","T98G Not treated ; cell_line=T98G ; treatment=Not tr"
"cgroup_L5_a32e5eaa","GSE80137",FALSE,FALSE,"trattamento","U-87 Decitabine ; cell_line=U-87 ; treatment=Decitabine","U-87 Not treated ; cell_line=U-87 ; treatment=Not tr"
"cgroup_L5_a32e5eaa","GSE80137",FALSE,FALSE,"trattamento","U-87 Decitabine ; cell_line=U-87 ; treatment=Decitabine","U-87 Not treated ; cell_line=U-87 ; treatment=Not tr"
"cgroup_L5_b71a25a2","GSE80153",FALSE,FALSE,"trattamento","JQ1 24H BE(2)-C ; Treatment=JQ1 ; Time=24HR ; Cell Line=BE(2)-C","DMSO BE(2)-C ; Treatment=DMSO ; Cell Line=BE(2)-C"
"cgroup_L5_b71a25a2","GSE80153",FALSE,FALSE,"trattamento","JQ1 4H BE(2)-C ; Treatment=JQ1 ; Time=4HR ; Cell Line=BE(2)-C","DMSO BE(2)-C ; Treatment=DMSO ; Cell Line=BE(2)-C"
"cgroup_L5_b71a25a2","GSE80153",FALSE,FALSE,"trattamento","JQ1 8H BE(2)-C ; Treatment=JQ1 ; Time=8HR ; Cell Line=BE(2)-C","DMSO BE(2)-C ; Treatment=DMSO ; Cell Line=BE(2)-C"
"cgroup_L5_a69fcae5","GSE80183",FALSE,FALSE,"trattamento","SLE patient (anti-ENA+) ; disease_state=Systemic lupus erythematosus ; treatme","Healthy control (no treatment) ; disease_state=contr"
"cgroup_L5_03b38818","GSE80313",TRUE,TRUE,"contesto","sgCOP1 + vemurafenib ; treatment=vemurafenib ; modification=sgCOP1","sgCOP1 + DMSO ; treatment=DMSO ; modification=sgCOP1"
"cgroup_L5_a12414d4","GSE80358",FALSE,FALSE,"trattamento","Breast Tissue + Estradiol ; treatment=estradiol ; tissue=breast ; dose=10 nM ;","Breast Tissue + Vehicle ; treatment=vehicle ; tissue"
"cgroup_L5_4753688f","GSE80365",FALSE,FALSE,"trattamento","R5020 10 nM 24h ; treatment=R5020 ; time=24 Hours","Vehicle 24h ; treatment=Vehicle ; time=24 Hours"
"cgroup_L5_4753688f","GSE80365",FALSE,FALSE,"trattamento","R5020 10 nM 48h ; treatment=R5020 ; time=48 Hours","Vehicle 48h ; treatment=Vehicle ; time=48 Hours"
"cgroup_L5_a12414d4","GSE80365",FALSE,FALSE,"trattamento","Estradiol 24h ; treatment=Estradiol ; time=24 Hours","Vehicle 24h ; treatment=Vehicle ; time=24 Hours"
"cgroup_L5_a12414d4","GSE80365",FALSE,FALSE,"trattamento","Estradiol 48h ; treatment=Estradiol ; time=48 Hours","Vehicle 48h ; treatment=Vehicle ; time=48 Hours"
"cgroup_L5_4753688f","GSE80366",FALSE,FALSE,"trattamento","T47D + R5020 (polyA) ; cell_line=T47D ; treatment=R5020","T47D + Vehicle ; cell_line=T47D ; treatment=Vehicle"
"cgroup_L5_eb5e1e65","GSE80651",FALSE,FALSE,"trattamento","Dexamethasone Treated ; treatment=dexamethasone ; cell_type_or_line_raw=Podocy","Vehicle Control ; treatment=vehicle_only ; cell_type"
"cgroup_L5_96c9f7bf","GSE80655",FALSE,FALSE,"trattamento","Bipolar_Disorder_AnCg_Age69 ; disease_state=Bipolar Disorder ; tissue_segment=","Control_AnCg_Age48 ; disease_state=Control ; tissue_"
"cgroup_L5_aecd610f","GSE80655",FALSE,FALSE,"trattamento","Schizophrenia_AnCg_Age58 ; disease_state=Schizophrenia ; tissue_segment=AnCg","Control_AnCg_Age48 ; disease_state=Control ; tissue_"
"cgroup_L5_96c9f7bf","GSE80655",FALSE,FALSE,"trattamento","Bipolar_Disorder_brain_Age56 ; disease_state=Bipolar Disorder ; tissue_segment","Control_brain_Age70 ; disease_state=Control ; tissue"
"cgroup_L5_aecd610f","GSE80655",FALSE,FALSE,"trattamento","Schizophrenia_brain_Age35 ; disease_state=Schizophrenia ; tissue_segment=brain","Control_brain_Age70 ; disease_state=Control ; tissue"
"cgroup_L5_aecd610f","GSE80655",FALSE,FALSE,"trattamento","Schizophrenia_brain_Age36 ; disease_state=Schizophrenia ; tissue_segment=brain","Control_brain_Age70 ; disease_state=Control ; tissue"
"cgroup_L5_96c9f7bf","GSE80655",FALSE,FALSE,"trattamento","Bipolar_Disorder_brain_Age36 ; disease_state=Bipolar Disorder ; tissue_segment","Control_brain_Age41 ; disease_state=Control ; tissue"
"cgroup_L5_96c9f7bf","GSE80655",FALSE,FALSE,"trattamento","Bipolar_Disorder_brain_Age69 ; disease_state=Bipolar Disorder ; tissue_segment","Control_brain_Age41 ; disease_state=Control ; tissue"
"cgroup_L5_aecd610f","GSE80655",FALSE,FALSE,"trattamento","Schizophrenia_brain_Age31 ; disease_state=Schizophrenia ; tissue_segment=brain","Control_brain_Age41 ; disease_state=Control ; tissue"
"cgroup_L5_aecd610f","GSE80655",FALSE,FALSE,"trattamento","Schizophrenia_brain_Age63 ; disease_state=Schizophrenia ; tissue_segment=brain","Control_brain_Age41 ; disease_state=Control ; tissue"
"cgroup_L5_96c9f7bf","GSE80655",FALSE,FALSE,"trattamento","Bipolar_Disorder_DLPFC_Age32 ; disease_state=Bipolar Disorder ; tissue_segment","Control_DLPFC_Age32 ; disease_state=Control ; tissue"
"cgroup_L5_96c9f7bf","GSE80655",FALSE,FALSE,"trattamento","Bipolar_Disorder_DLPFC_Age70 ; disease_state=Bipolar Disorder ; tissue_segment","Control_DLPFC_Age65 ; disease_state=Control ; tissue"
"cgroup_L5_aecd610f","GSE80655",FALSE,FALSE,"trattamento","Schizophrenia_DLPFC_Age35 ; disease_state=Schizophrenia ; tissue_segment=DLPFC","Control_DLPFC_Age32 ; disease_state=Control ; tissue"
"cgroup_L5_96c9f7bf","GSE80655",FALSE,FALSE,"trattamento","Bipolar_Disorder_DLPFC_Age69 ; disease_state=Bipolar Disorder ; tissue_segment","Control_DLPFC_Age65 ; disease_state=Control ; tissue"
"cgroup_L5_96c9f7bf","GSE80655",FALSE,FALSE,"trattamento","Bipolar_Disorder_DLPFC_Age40 ; disease_state=Bipolar Disorder ; tissue_segment","Control_DLPFC_Age65 ; disease_state=Control ; tissue"
"cgroup_L5_35d1be10","GSE80716",FALSE,FALSE,"trattamento","Nutlin-3a ; treatment=Nutlin-3a ; cell_line=human breast adenocarcinoma cell l","DMSO ; treatment=DMSO ; cell_line=human breast adeno"
"cgroup_L5_f956ef98","GSE80953",FALSE,FALSE,"trattamento","TCDD 24h ; treatment=TCDD ; time=24 hours","DMSO Vehicle 24h ; treatment=DMSO Vehicle ; time=24 "
"cgroup_L5_4b901bf1","GSE81106",FALSE,FALSE,"trattamento","Mesenchymal stem cells from Psoriasis patient 15Y15P5 ; disease_state=Psoriasi","Mesenchymal stem cells from Normal donor ; disease_s"
"cgroup_L5_b71a25a2","GSE81405",FALSE,FALSE,"trattamento","Primary CAF JQ1 treated (500 nM) ; cell_type=primary cancer associated fibrobl","Primary CAF DMSO vehicle ; cell_type=primary cancer "
"cgroup_L5_c548d053","GSE81478",FALSE,FALSE,"trattamento","LPS Treated ; treatment=LPS ; cell_type_or_line_raw=Bone marrow Mesenchymal St","Vehicle Control ; treatment=vehicle_only ; cell_type"
"cgroup_L5_444e7fc2","GSE81637",FALSE,FALSE,"trattamento","Decidua HCMV 2dpi ; virus=HCMV ; tissue=decidua","Decidua Mock 2dpi ; virus=Mock ; tissue=decidua"
"cgroup_L5_444e7fc2","GSE81637",FALSE,FALSE,"trattamento","Decidua HCMV 2dpi ; virus=HCMV ; tissue=decidua","Decidua Mock 2dpi ; virus=Mock ; tissue=decidua"
"cgroup_L5_8c9339f5","GSE81637",FALSE,FALSE,"trattamento","Decidua ZIKV 2dpi ; virus=ZIKV ; tissue=decidua","Decidua Mock 2dpi ; virus=Mock ; tissue=decidua"
"cgroup_L5_444e7fc2","GSE81637",FALSE,FALSE,"trattamento","Placenta HCMV 2dpi ; virus=HCMV ; tissue=placenta","Placenta Mock 2dpi ; virus=Mock ; tissue=placenta"
"cgroup_L5_444e7fc2","GSE81637",FALSE,FALSE,"trattamento","Placenta HCMV 2dpi ; virus=HCMV ; tissue=placenta","Placenta Mock 2dpi ; virus=Mock ; tissue=placenta"
"cgroup_L5_8c9339f5","GSE81637",FALSE,FALSE,"trattamento","Placenta ZIKV 2dpi ; virus=ZIKV ; tissue=placenta","Placenta Mock 2dpi ; virus=Mock ; tissue=placenta"
"cgroup_L5_4041e3af","GSE81687",FALSE,FALSE,"trattamento","GSKJ4-treated H1299 T18 ; treatment=GSKJ4 ; cell_line=H1299 T18","DMSO-treated H1299 T18 ; treatment=DMSO ; cell_line="
"cgroup_L5_4041e3af","GSE81687",FALSE,FALSE,"trattamento","GSKJ4-treated NCI-H1299 ; treatment=GSKJ4 ; cell_line=NCI-H1299","DMSO-treated NCI-H1299 ; treatment=DMSO ; cell_line="
"cgroup_L5_cfad03a8","GSE81928",FALSE,FALSE,"trattamento","Pediatric liver (hepatoblastoma, 1 year old, male) ; disease_state=hepatoblast","Normal liver (2 years old, female) ; disease_state=n"
"cgroup_L5_cfad03a8","GSE81928",FALSE,FALSE,"trattamento","Pediatric liver (hepatoblastoma, < 1 year old, female) ; disease_state=hepatob","Normal liver (< 1 year old, male) ; disease_state=no"
"cgroup_L5_cfad03a8","GSE81928",FALSE,FALSE,"trattamento","Pediatric liver (hepatoblastoma, 2 years old, male) ; disease_state=hepatoblas","Normal liver (2 years old, female) ; disease_state=n"
"cgroup_L5_cfad03a8","GSE81928",FALSE,FALSE,"trattamento","Pediatric liver (hepatoblastoma, 2 years old, male) ; disease_state=hepatoblas","Pediatric liver (normal, 14 years old, female) ; dis"
"cgroup_L5_356eedd3","GSE82204",FALSE,FALSE,"trattamento","LNCaP + TSA ; treatment=TSA ; cell_type_or_line_raw=LNCaP ; tissue=prostate ; ","LNCaP + DMSO ; treatment=DMSO ; cell_type_or_line_ra"
"cgroup_L5_c3ae78cd","GSE83687",FALSE,FALSE,"trattamento","Crohn's disease ileocecum ; disease_state=Crohn's disease ; tissue_segment=ile","Control left colon ; disease_state=control ; tissue_"
"cgroup_L5_c3ae78cd","GSE83687",FALSE,FALSE,"trattamento","Crohn's disease left colon ; disease_state=Crohn's disease ; tissue_segment=le","Control left colon ; disease_state=control ; tissue_"
"cgroup_L5_c3ae78cd","GSE83687",FALSE,FALSE,"trattamento","Crohn's disease right colon ; disease_state=Crohn's disease ; tissue_segment=r","Control left colon ; disease_state=control ; tissue_"
"cgroup_L5_3f0cc1fe","GSE83687",FALSE,FALSE,"trattamento","Ulcerative colitis right colon ; disease_state=ulcerative_colitis ; tissue_seg","Control left colon ; disease_state=control ; tissue_"
"cgroup_L5_c3ae78cd","GSE83687",FALSE,FALSE,"trattamento","Crohn's disease sigmoid colon ; disease_state=Crohn's disease ; tissue_segment","Control left colon ; disease_state=control ; tissue_"
"cgroup_L5_c3ae78cd","GSE83687",FALSE,FALSE,"trattamento","Crohn's disease small bowel ; disease_state=Crohn's disease ; tissue_segment=s","Control left colon ; disease_state=control ; tissue_"
"cgroup_L5_3f0cc1fe","GSE83687",FALSE,FALSE,"trattamento","Ulcerative colitis sigmoid colon ; disease_state=ulcerative_colitis ; tissue_s","Control left colon ; disease_state=control ; tissue_"
"cgroup_L5_c3ae78cd","GSE83687",FALSE,FALSE,"trattamento","Crohn's disease colon ; disease_state=Crohn's disease ; tissue_segment=colon","Control colon ; disease_state=control ; tissue_segme"
"cgroup_L5_c3ae78cd","GSE83687",FALSE,FALSE,"trattamento","Crohn's disease ileum ; disease_state=Crohn's disease ; tissue_segment=ileum","Control ileum ; disease_state=control ; tissue_segme"
"cgroup_L5_c3ae78cd","GSE83687",FALSE,FALSE,"trattamento","Crohn's disease ileum ; disease_state=Crohn's disease ; tissue_segment=ileum","Control ileum ; disease_state=control ; tissue_segme"
"cgroup_L5_c3ae78cd","GSE83687",FALSE,FALSE,"trattamento","Crohn's disease ileum ; disease_state=Crohn's disease ; tissue_segment=ileum","Control ileum ; disease_state=control ; tissue_segme"
"cgroup_L5_c3ae78cd","GSE83687",FALSE,FALSE,"trattamento","Crohn's disease left colon ; disease_state=Crohn's disease ; tissue_segment=le","Control colon ; disease_state=control ; tissue_segme"
"cgroup_L5_c3ae78cd","GSE83687",FALSE,FALSE,"trattamento","Crohn's disease left colon ; disease_state=Crohn's disease ; tissue_segment=le","Control colon ; disease_state=control ; tissue_segme"
"cgroup_L5_3f0cc1fe","GSE83687",FALSE,FALSE,"trattamento","Ulcerative colitis left colon ; disease_state=ulcerative_colitis ; tissue_segm","Control colon ; disease_state=control ; tissue_segme"
"cgroup_L5_3f0cc1fe","GSE83687",FALSE,FALSE,"trattamento","Ulcerative colitis left colon ; disease_state=ulcerative_colitis ; tissue_segm","Control colon ; disease_state=control ; tissue_segme"
"cgroup_L5_3f0cc1fe","GSE83687",FALSE,FALSE,"trattamento","Ulcerative colitis left colon ; disease_state=ulcerative_colitis ; tissue_segm","Control colon ; disease_state=control ; tissue_segme"
"cgroup_L5_3f0cc1fe","GSE83687",FALSE,FALSE,"trattamento","Ulcerative colitis left colon ; disease_state=ulcerative_colitis ; tissue_segm","Control colon ; disease_state=control ; tissue_segme"
"cgroup_L5_3f0cc1fe","GSE83687",FALSE,FALSE,"trattamento","Ulcerative colitis left colon ; disease_state=ulcerative_colitis ; tissue_segm","Control colon ; disease_state=control ; tissue_segme"
"cgroup_L5_3f0cc1fe","GSE83687",FALSE,FALSE,"trattamento","Ulcerative colitis left colon ; disease_state=ulcerative_colitis ; tissue_segm","Control colon ; disease_state=control ; tissue_segme"
"cgroup_L5_3f0cc1fe","GSE83687",FALSE,FALSE,"trattamento","Ulcerative colitis rectum ; disease_state=ulcerative_colitis ; tissue_segment=","Control colon ; disease_state=control ; tissue_segme"
"cgroup_L5_3f0cc1fe","GSE83687",FALSE,FALSE,"trattamento","Ulcerative colitis rectum ; disease_state=ulcerative_colitis ; tissue_segment=","Control colon ; disease_state=control ; tissue_segme"
"cgroup_L5_3f0cc1fe","GSE83687",FALSE,FALSE,"trattamento","Ulcerative colitis rectum ; disease_state=ulcerative_colitis ; tissue_segment=","Control colon ; disease_state=control ; tissue_segme"
"cgroup_L5_c3ae78cd","GSE83687",FALSE,FALSE,"trattamento","Crohn's disease right colon ; disease_state=Crohn's disease ; tissue_segment=r","Control colon ; disease_state=control ; tissue_segme"
"cgroup_L5_3f0cc1fe","GSE83687",FALSE,FALSE,"trattamento","Ulcerative colitis right colon ; disease_state=ulcerative_colitis ; tissue_seg","Control colon ; disease_state=control ; tissue_segme"
"cgroup_L5_3f0cc1fe","GSE83687",FALSE,FALSE,"trattamento","Ulcerative colitis right colon ; disease_state=ulcerative_colitis ; tissue_seg","Control colon ; disease_state=control ; tissue_segme"
"cgroup_L5_c3ae78cd","GSE83687",FALSE,FALSE,"trattamento","Crohn's disease small bowel ; disease_state=Crohn's disease ; tissue_segment=s","Control colon ; disease_state=control ; tissue_segme"
"cgroup_L5_c3ae78cd","GSE83687",FALSE,FALSE,"trattamento","Crohn's disease small bowel ; disease_state=Crohn's disease ; tissue_segment=s","Control colon ; disease_state=control ; tissue_segme"
"cgroup_L5_c3ae78cd","GSE83687",FALSE,FALSE,"trattamento","Crohn's disease small bowel ; disease_state=Crohn's disease ; tissue_segment=s","Control colon ; disease_state=control ; tissue_segme"
"cgroup_L5_c3ae78cd","GSE83687",FALSE,FALSE,"trattamento","Crohn's disease small bowel ; disease_state=Crohn's disease ; tissue_segment=s","Control colon ; disease_state=control ; tissue_segme"
"cgroup_L5_c3ae78cd","GSE83687",FALSE,FALSE,"trattamento","Crohn's disease small bowel ; disease_state=Crohn's disease ; tissue_segment=s","Control colon ; disease_state=control ; tissue_segme"
"cgroup_L5_c3ae78cd","GSE83687",FALSE,FALSE,"trattamento","Crohn's disease small bowel ; disease_state=Crohn's disease ; tissue_segment=s","Control colon ; disease_state=control ; tissue_segme"
"cgroup_L5_c3ae78cd","GSE83687",FALSE,FALSE,"trattamento","Crohn's disease small bowel ; disease_state=Crohn's disease ; tissue_segment=s","Control colon ; disease_state=control ; tissue_segme"
"cgroup_L5_c3ae78cd","GSE83687",FALSE,FALSE,"trattamento","Crohn's disease small bowel ; disease_state=Crohn's disease ; tissue_segment=s","Control colon ; disease_state=control ; tissue_segme"
"cgroup_L5_3f0cc1fe","GSE83687",FALSE,FALSE,"trattamento","Ulcerative colitis small bowel ; disease_state=ulcerative_colitis ; tissue_seg","Control colon ; disease_state=control ; tissue_segme"
"cgroup_L5_3f0cc1fe","GSE83687",FALSE,FALSE,"trattamento","Ulcerative Colitis left colon (female) ; disease_state=Ulcerative Colitis ; ti","Control small bowel ; disease_state=control ; tissue"
"cgroup_L5_3f0cc1fe","GSE83687",FALSE,FALSE,"trattamento","Ulcerative Colitis left colon (female) ; disease_state=Ulcerative Colitis ; ti","Control transverse colon (male) ; disease_state=cont"
"cgroup_L5_3f0cc1fe","GSE83687",FALSE,FALSE,"trattamento","Ulcerative Colitis left colon (female) ; disease_state=Ulcerative Colitis ; ti","Control transverse colon (female) ; disease_state=co"
"cgroup_L5_3f0cc1fe","GSE83687",FALSE,FALSE,"trattamento","Ulcerative Colitis left colon (male) ; disease_state=Ulcerative Colitis ; tiss","Control small bowel ; disease_state=control ; tissue"
"cgroup_L5_3f0cc1fe","GSE83687",FALSE,FALSE,"trattamento","Ulcerative Colitis left colon (male) ; disease_state=Ulcerative Colitis ; tiss","Control transverse colon (male) ; disease_state=cont"
"cgroup_L5_3f0cc1fe","GSE83687",FALSE,FALSE,"trattamento","Ulcerative Colitis left colon (male) ; disease_state=Ulcerative Colitis ; tiss","Control transverse colon (female) ; disease_state=co"
"cgroup_L5_b71a25a2","GSE83724",FALSE,FALSE,"trattamento","RH4 cells treated with JQ1 ; treatment=JQ1 ; cell_line=RH4","RH4 cells treated with DMSO ; treatment=DMSO ; cell_"
"cgroup_L5_f94b6180","GSE84432",FALSE,FALSE,"trattamento","VCaP + R1881 10nM 2h ; treatment=R1881 ; time=2h","VCaP + Ethanol 2h ; treatment=ethanol ; time=2h"
"cgroup_L5_930c8dcf","GSE84432",FALSE,FALSE,"trattamento","VCaP + DHT 100nM 4h ; treatment=DHT ; time=4h","VCaP + Ethanol 4h ; treatment=ethanol ; time=4h"
"cgroup_L5_930c8dcf","GSE84432",FALSE,FALSE,"trattamento","VCaP + DHT 100nM 4h ; treatment=DHT ; time=4h","VCaP + Ethanol 4h ; treatment=ethanol ; time=4h"
"cgroup_L5_79b3a442","GSE84538",FALSE,FALSE,"trattamento","Pulmonary Artery CTEPH ; tissue=pulmonary artery ; disease_state=CTEPH","Pulmonary Artery Control ; tissue=pulmonary artery ;"
"cgroup_L5_344e058f","GSE84577",FALSE,FALSE,"trattamento","MDA-MB-231 BMP4 ; cell_line=MDA-MB-231 ; treatment=BMP4","MDA-MB-231 vehicle ; cell_line=MDA-MB-231 ; treatmen"
"cgroup_L5_1e8a735e","GSE84636",FALSE,FALSE,"trattamento","HEK293T-Rex Tg T-REX 2 + Thapsigargin ; cell_line=HEK293T-Rex ; treatment=Thap","HEK293T-Rex + DMSO ; cell_line=HEK293T-Rex ; treatme"
"cgroup_L5_1e8a735e","GSE84636",FALSE,FALSE,"trattamento","HEK293T-Rex Tg T-REX 3 + Thapsigargin ; cell_line=HEK293T-Rex ; treatment=Thap","HEK293T-Rex + DMSO ; cell_line=HEK293T-Rex ; treatme"
"cgroup_L5_1e8a735e","GSE84636",FALSE,FALSE,"trattamento","HEK293T-Rex Tg + Thapsigargin ; cell_line=HEK293T-Rex ; treatment=Thapsigargin","HEK293T-Rex + DMSO ; cell_line=HEK293T-Rex ; treatme"
"cgroup_L5_85083e38","GSE84684",FALSE,FALSE,"trattamento","PD1-1 neurons (Case) ; cell_line=PD1-1 neurons ; disease_status=Parkinson's di","C1-1 neurons (Control) ; cell_line=C1-1 neurons ; di"
"cgroup_L5_85083e38","GSE84684",FALSE,FALSE,"trattamento","PD1-1 neurons (Case) ; cell_line=PD1-1 neurons ; disease_status=Parkinson's di","C1-2 neurons (Control) ; cell_line=C1-2 neurons ; di"
"cgroup_L5_85083e38","GSE84684",FALSE,FALSE,"trattamento","PD1-1 neurons (Case) ; cell_line=PD1-1 neurons ; disease_status=Parkinson's di","HUES-neurons (Control) ; cell_line=HUES-neurons ; di"
"cgroup_L5_85083e38","GSE84684",FALSE,FALSE,"trattamento","PD1-2 neurons (Case) ; cell_line=PD1-2 neurons ; disease_status=Parkinson's di","C1-1 neurons (Control) ; cell_line=C1-1 neurons ; di"
"cgroup_L5_85083e38","GSE84684",FALSE,FALSE,"trattamento","PD1-2 neurons (Case) ; cell_line=PD1-2 neurons ; disease_status=Parkinson's di","C1-2 neurons (Control) ; cell_line=C1-2 neurons ; di"
"cgroup_L5_85083e38","GSE84684",FALSE,FALSE,"trattamento","PD1-2 neurons (Case) ; cell_line=PD1-2 neurons ; disease_status=Parkinson's di","HUES-neurons (Control) ; cell_line=HUES-neurons ; di"
"cgroup_L5_87c40ebb","GSE84691",FALSE,FALSE,"trattamento","IFNg stimulation ; treatment=IFNg ; cell_type_or_line_raw=monocytes ; tissue=p","Vehicle control ; treatment=vehicle_only ; cell_type"
"cgroup_L5_8a54ddd6","GSE84863",FALSE,FALSE,"trattamento","Doxorubicin-treated MDA-MB231 ; treatment=Doxorubicin ; cell_line=MDA-MB231","DMSO-treated MDA-MB231 ; treatment=DMSO ; cell_line="
"cgroup_L5_f34ff8df","GSE84863",FALSE,FALSE,"trattamento","Etoposide-treated MDA-MB231 ; treatment=Etoposide ; cell_line=MDA-MB231","DMSO-treated MDA-MB231 ; treatment=DMSO ; cell_line="
"cgroup_L5_81b706c4","GSE84863",FALSE,FALSE,"trattamento","Paclitaxel-treated MDA-MB231 ; treatment=Paclitaxel ; cell_line=MDA-MB231","DMSO-treated MDA-MB231 ; treatment=DMSO ; cell_line="
"cgroup_L5_c548d053","GSE85243",FALSE,FALSE,"trattamento","LPS 24h + culture 5d + LPS 4h ; treatment=LPS ; dose=N/A ; duration=24h + 5d +","Control"
"cgroup_L5_c548d053","GSE85243",FALSE,FALSE,"trattamento","LPS 4h ; treatment=LPS ; dose=N/A ; duration=4h","Control"
"cgroup_L5_c548d053","GSE85243",FALSE,FALSE,"trattamento","LPS 24h + BG 24h + LPS 4h ; treatment=LPS + BG ; dose=N/A ; duration=24h + 24h","Control"
"cgroup_L5_c548d053","GSE85243",FALSE,FALSE,"trattamento","LPS 24h + BG 24h ; treatment=LPS + BG ; dose=N/A ; duration=24h + 24h","Control"
"cgroup_L5_c548d053","GSE85243",FALSE,FALSE,"trattamento","BG 24h + LPS 4h ; treatment=BG + LPS ; dose=N/A ; duration=24h + 4h","Control"
"cgroup_L5_c548d053","GSE85243",FALSE,FALSE,"trattamento","LPS 24h ; treatment=LPS ; dose=N/A ; duration=24h","Control"
"cgroup_L5_c548d053","GSE85243",FALSE,FALSE,"trattamento","LPS 24h ; treatment=LPS ; dose=N/A ; duration=24h","Control"
"cgroup_L5_c548d053","GSE85243",FALSE,FALSE,"trattamento","LPS 24h + BG 24h + LPS 4h ; treatment=LPS + BG ; dose=N/A ; duration=24h + 24h","Control"
"cgroup_L5_c548d053","GSE85243",FALSE,FALSE,"trattamento","LPS 4h ; treatment=LPS ; dose=N/A ; duration=4h","Control"
"cgroup_L5_c548d053","GSE85243",FALSE,FALSE,"trattamento","LPS 1h ; treatment=LPS ; time=1 hour","vehicle ; treatment=vehicle"
"cgroup_L5_c548d053","GSE85243",FALSE,FALSE,"trattamento","LPS 1h ; treatment=LPS ; time=1 hour","vehicle ; treatment=vehicle"
"cgroup_L5_c548d053","GSE85243",FALSE,FALSE,"trattamento","LPS 24h ; treatment=LPS ; time=24 hours","vehicle ; treatment=vehicle"
"cgroup_L5_c548d053","GSE85243",FALSE,FALSE,"trattamento","LPS 4h ; treatment=LPS ; time=4 hours","vehicle ; treatment=vehicle"
"cgroup_L5_c548d053","GSE85243",FALSE,FALSE,"trattamento","LPS 24h ; treatment=LPS ; time=24 hours","vehicle 24h ; treatment=vehicle ; time=24 hours"
"cgroup_L5_2a225fda","GSE85567",FALSE,FALSE,"trattamento","Asthma airway epithelial cells ; disease_state=Asthma ; cell_context.cell_type","Healthy airway epithelial cells ; disease_state=Cont"
"cgroup_L5_2e16719f","GSE85910",FALSE,FALSE,"trattamento","TGFbeta ; treatment=TGFbeta ; cell_type_or_line_raw=human coronary artery smoo","Vehicle Control ; treatment=Vehicle Control ; cell_t"
"cgroup_L5_dcce160a","GSE86190",FALSE,FALSE,"trattamento","HCT116 colon carcinoma cells treated with daunorubicin ; treatment=daunorubici","HCT116 colon carcinoma cells treated with vehicle ; "
"cgroup_L5_46a3a103","GSE86213",FALSE,FALSE,"trattamento","Glioma Tumor Cells Treated with Fractionated Radiation ; treatment=fractionate","Untreated Glioma Tumor Cells ; treatment=untreated ;"
"cgroup_L5_aecd610f","GSE86906",FALSE,FALSE,"trattamento","Schizophrenia Case 1 ; disease_state=schizophrenia","Healthy Control 1 ; disease_state=control"
"cgroup_L5_aecd610f","GSE86906",FALSE,FALSE,"trattamento","Schizophrenia Case 2 ; disease_state=schizophrenia","Healthy Control 1 ; disease_state=control"
"cgroup_L5_aecd610f","GSE86906",FALSE,FALSE,"trattamento","Schizophrenia Case 3 ; disease_state=schizophrenia","Healthy Control 1 ; disease_state=control"
"cgroup_L5_17b35bdc","GSE87225",FALSE,FALSE,"trattamento","MCF-7 docetaxel ; treatment=docetaxel ; engineering=none","MCF-7 untreated ; treatment=none ; engineering=none"
"cgroup_L5_17b35bdc","GSE87225",FALSE,FALSE,"trattamento","MCF-7 Caspase-3 cDNA docetaxel ; treatment=docetaxel ; engineering=Caspase-3 c","MCF-7 Caspase-3 cDNA untreated ; treatment=none ; en"
"cgroup_L5_17b35bdc","GSE87226",FALSE,FALSE,"trattamento","Docetaxel Treated ; treatment=docetaxel ; cell_line=MDA-MB-231 ; context_kind=","Vehicle Control ; treatment=vehicle ; cell_line=MDA-"
"cgroup_L5_bb8cb388","GSE87809",FALSE,FALSE,"trattamento","Endometriosis (Patient 1) ; disease_state=endometriosis ; donor_id=patient 1","Control (Patient 7) ; disease_state=control ; donor_"
"cgroup_L5_b71a25a2","GSE88750",FALSE,FALSE,"trattamento","JQ1 ; treatment=JQ1","DMSO ; treatment=DMSO"
"cgroup_L5_2e16719f","GSE88757",FALSE,FALSE,"trattamento","PANC-1 + TGFb 72h ; treatment=TGFb ; time(hours)=72","PANC-1 + Vehicle 72h ; treatment=Vehicle ; time(hour"
"cgroup_L5_2e16719f","GSE88757",FALSE,FALSE,"trattamento","PANC-1 + TGFb 72h (duplicate) ; treatment=TGFb ; time(hours)=72","PANC-1 + Vehicle 72h ; treatment=Vehicle ; time(hour"
"cgroup_L5_03b38818","GSE89127",FALSE,FALSE,"trattamento","A375 Vemurafenib 1uM 48h ; cell_line=A375 ; treatment=Vemurafenib","A375 DMSO 0.1% 48h ; cell_line=A375 ; treatment=DMSO"
"cgroup_L5_721184e6","GSE89127",FALSE,FALSE,"trattamento","A375 THZ1 50nM 48h ; cell_line=A375 ; treatment=THZ1","A375 DMSO 0.1% 48h ; cell_line=A375 ; treatment=DMSO"
"cgroup_L5_721184e6","GSE89127",FALSE,FALSE,"trattamento","A549 THZ1 150nM 48h ; cell_line=A549 ; treatment=THZ1","A549 DMSO 0.1% 48h ; cell_line=A549 ; treatment=DMSO"
"cgroup_L5_721184e6","GSE89127",FALSE,FALSE,"trattamento","H3122 THZ1 50nM 48h ; cell_line=H3122 ; treatment=THZ1","H3122 DMSO 0.1% 48h ; cell_line=H3122 ; treatment=DM"
"cgroup_L5_f97e50de","GSE89127",FALSE,FALSE,"trattamento","H3122 Crizotinib 250nM 48h ; cell_line=H3122 ; treatment=Crizotinib","H3122 DMSO 0.1% 48h ; cell_line=H3122 ; treatment=DM"
"cgroup_L5_004d293d","GSE89127",FALSE,FALSE,"trattamento","N87 Lapatinib 100nM 48h ; cell_line=N87 ; treatment=Lapatinib","N87 DMSO 0.1% 48h ; cell_line=N87 ; treatment=DMSO"
"cgroup_L5_721184e6","GSE89127",FALSE,FALSE,"trattamento","N87 THZ1 25nM 48h ; cell_line=N87 ; treatment=THZ1","N87 DMSO 0.1% 48h ; cell_line=N87 ; treatment=DMSO"
"cgroup_L5_2987cdb6","GSE89127",FALSE,FALSE,"trattamento","PC9 Erlotinib 1uM 48h ; cell_line=PC9 ; treatment=Erlotinib","PC9 DMSO 0.1% 48h ; cell_line=PC9 ; treatment=DMSO"
"cgroup_L5_721184e6","GSE89127",FALSE,FALSE,"trattamento","PC9 THZ1 100nM 48h ; cell_line=PC9 ; treatment=THZ1","PC9 DMSO 0.1% 48h ; cell_line=PC9 ; treatment=DMSO"
"cgroup_L5_721184e6","GSE89127",FALSE,FALSE,"trattamento","RT112 THZ1 100nM 48h ; cell_line=RT112 ; treatment=THZ1","RT112 DMSO 0.1% 48h ; cell_line=RT112 ; treatment=DM"
"cgroup_L5_f29dd3b3","GSE89408",FALSE,FALSE,"trattamento","Rheumatoid arthritis early (71F) ; disease_state=rheumatoid_arthritis_early ; ","Healthy control (13M) ; disease_state=normal ; age=1"
"cgroup_L5_f29dd3b3","GSE89408",FALSE,FALSE,"trattamento","Rheumatoid arthritis established (80M) ; disease_state=rheumatoid_arthritis_es","Healthy control (13M) ; disease_state=normal ; age=1"
"cgroup_L5_3fa847fe","GSE89408",FALSE,FALSE,"trattamento","Osteoarthritis (F) ; disease_state=osteoarthritis ; sex=F","Healthy control (13M) ; disease_state=normal ; age=1"
"cgroup_L5_d631ee89","GSE89442",FALSE,FALSE,"trattamento","pDC donor 1 IL-3 ; cell_type=pDC ; treatment=IL-3","pDC donor 1 unstimulated ; cell_type=pDC ; treatment"
"cgroup_L5_82f82010","GSE89475",FALSE,FALSE,"trattamento","Endothelial cells under diabetic conditions ; disease_state=diabetic","Control endothelial cells ; disease_state=control"
"cgroup_L5_4b901bf1","GSE89725",FALSE,FALSE,"trattamento","Psoriasis ; disease_state=Psoriasis","Normal ; disease_state=Normal"
"cgroup_L5_cfad03a8","GSE89775",FALSE,FALSE,"trattamento","Hepatoblastoma liver ; disease_state=hepatoblastoma ; cell_context=Hepatoblast","Normal liver ; disease_state=normal ; cell_context=N"
"cgroup_L5_12212e41","GSE89843",FALSE,FALSE,"trattamento","Multiple Sclerosis ; disease_state=Multiple Sclerosis","Healthy Control (none) ; disease_state=Healthy Contr"
"cgroup_L5_930c8dcf","GSE89917",TRUE,TRUE,"contesto","LNCaP Bag-1L KO cell line with DHT ; Genetic Modification=Bag-1L KO ; Treatmen","LNCaP Bag-1L KO cell line with EtOH ; Genetic Modifi"
"cgroup_L5_930c8dcf","GSE89917",TRUE,TRUE,"contesto","LNCaP Bag-1L KO cell line with DHT ; Genetic Modification=Bag-1L KO ; Treatmen","LNCaP Bag-1L KO cell line ; Genetic Modification=Bag"
"cgroup_L5_85083e38","GSE90469",TRUE,TRUE,"contesto","Parkinson's Disease Patient-Derived Dopamine Neurons ; Genetic Overexpression=","Untreated Healthy Dopamine Neurons ; Genetic Overexp"
"cgroup_L5_56d531e8","GSE90889",FALSE,FALSE,"trattamento","hiPSC-RPE 1 AMD Nicotinamide ; treatment=Nicotinamide ; disease_state=AMD","hiPSC-RPE 1 AMD Vehicle ; treatment=Vehicle ; diseas"
"cgroup_L5_56d531e8","GSE90889",FALSE,FALSE,"trattamento","hiPSC-RPE 2 AMD Nicotinamide ; treatment=Nicotinamide ; disease_state=AMD","hiPSC-RPE 1 AMD Vehicle ; treatment=Vehicle ; diseas"
"cgroup_L5_56d531e8","GSE90889",FALSE,FALSE,"trattamento","hiPSC-RPE 3 AMD Nicotinamide ; treatment=Nicotinamide ; disease_state=AMD","hiPSC-RPE 1 AMD Vehicle ; treatment=Vehicle ; diseas"
"cgroup_L5_56d531e8","GSE90889",FALSE,FALSE,"trattamento","hiPSC-RPE 4 AMD Nicotinamide ; treatment=Nicotinamide ; disease_state=AMD","hiPSC-RPE 4 AMD Vehicle ; treatment=Vehicle ; diseas"
"cgroup_L5_56d531e8","GSE90889",FALSE,FALSE,"trattamento","hiPSC-RPE Control Cornea Nicotinamide ; treatment=Nicotinamide ; disease_state","hiPSC-RPE Control Cornea Vehicle ; treatment=Vehicle"
"cgroup_L5_56d531e8","GSE90889",FALSE,FALSE,"trattamento","hiPSC-RPE Control RPE Nicotinamide ; treatment=Nicotinamide ; disease_state=Co","hiPSC-RPE Control RPE Vehicle ; treatment=Vehicle ; "
"cgroup_L5_b9c77320","GSE92262",FALSE,FALSE,"trattamento","HIV-1 infected (6 weeks) ; treatment=HIV-1 ; time=6 weeks","Mock infected (6 weeks) ; treatment=mock infected ; "
"cgroup_L5_b9c77320","GSE92262",FALSE,FALSE,"trattamento","HIV-1 infected xenograft (6 weeks) ; treatment=HIV-1 ; time=6 weeks","Mock infected xenograft (6 weeks) ; treatment=mock i"
"cgroup_L5_a69fcae5","GSE92387",FALSE,FALSE,"trattamento","SLE IgD-, CD27-, CXCR5- ; disease_state=systemic lupus erythematosus ; sort_ma","Healthy IgD-, CD27-, CXCR5- ; disease_state=healthy "
"cgroup_L5_a69fcae5","GSE92387",FALSE,FALSE,"trattamento","SLE IgD-, CD27-, CXCR5+ ; disease_state=systemic lupus erythematosus ; sort_ma","Healthy IgD-, CD27-, CXCR5+ ; disease_state=healthy "
"cgroup_L5_a69fcae5","GSE92387",FALSE,FALSE,"trattamento","SLE IgD+, CD27- ; disease_state=systemic lupus erythematosus ; sort_markers=Ig","Healthy IgD+, CD27- ; disease_state=healthy control "
"cgroup_L5_a69fcae5","GSE92387",FALSE,FALSE,"trattamento","SLE IgD-, CD27+, CXCR5+ ; disease_state=systemic lupus erythematosus ; sort_ma","Healthy IgD-, CD27+, CXCR5+ ; disease_state=healthy "
"cgroup_L5_3f0cc1fe","GSE92472",FALSE,FALSE,"trattamento","Ulcerative colitis ; disease_state=Ulcerative colitis","Healthy control ; disease_state=Healthy control"
"cgroup_L5_c3ae78cd","GSE92472",FALSE,FALSE,"trattamento","Crohn's disease ; disease_state=Crohn's disease","Healthy control ; disease_state=Healthy control"
"cgroup_L5_4b901bf1","GSE92472",FALSE,FALSE,"trattamento","Psoriasis ; disease_state=Psoriasis","Healthy control ; disease_state=Healthy control"
"cgroup_L5_844de383","GSE92472",FALSE,FALSE,"trattamento","Sjogren's syndrome ; disease_state=Sjogren's syndrome","Healthy control ; disease_state=Healthy control"
"cgroup_L5_a69fcae5","GSE92472",FALSE,FALSE,"trattamento","Systemic lupus erythematosus ; disease_state=Systemic lupus erythematosus","Healthy control ; disease_state=Healthy control"
"cgroup_L5_c548d053","GSE92532",FALSE,FALSE,"trattamento","LPS 24h Donor 6 ; treatment=LPS ; time=24 hours","DMSO 24h ; treatment=DMSO ; time=24 hours"
"cgroup_L5_c548d053","GSE92532",FALSE,FALSE,"trattamento","LPS 6h Donor 4 ; treatment=LPS ; time=6 hours","DMSO 6h ; treatment=DMSO ; time=6 hours"
"cgroup_L5_c548d053","GSE92532",FALSE,FALSE,"trattamento","LPS 24h Donor 4 ; treatment=LPS ; time=24 hours","DMSO 24h ; treatment=DMSO ; time=24 hours"
"cgroup_L5_c548d053","GSE92532",FALSE,FALSE,"trattamento","LPS 6h Donor 5 ; treatment=LPS ; time=6 hours","DMSO 6h ; treatment=DMSO ; time=6 hours"
"cgroup_L5_c548d053","GSE92532",FALSE,FALSE,"trattamento","LPS 24h Donor 5 ; treatment=LPS ; time=24 hours","DMSO 24h ; treatment=DMSO ; time=24 hours"
"cgroup_L5_c548d053","GSE92532",FALSE,FALSE,"trattamento","LPS 6h Donor 5 (2) ; treatment=LPS ; time=6 hours","DMSO 6h ; treatment=DMSO ; time=6 hours"
"cgroup_L5_b71a25a2","GSE92532",FALSE,FALSE,"trattamento","JQ1 24h Donor 2 ; treatment=JQ1 ; time=24 hours","DMSO 24h ; treatment=DMSO ; time=24 hours"
"cgroup_L5_b71a25a2","GSE92532",FALSE,FALSE,"trattamento","JQ1 24h Donor 1 ; treatment=JQ1 ; time=24 hours","DMSO 24h ; treatment=DMSO ; time=24 hours"
"cgroup_L5_b71a25a2","GSE92532",FALSE,FALSE,"trattamento","JQ1 6h Donor 1 ; treatment=JQ1 ; time=6 hours","DMSO 6h ; treatment=DMSO ; time=6 hours"
"cgroup_L5_dd2a13de","GSE92592",FALSE,FALSE,"trattamento","Idiopathic Pulmonary Fibrosis ; disease_state=Idiopathic Pulmonary Fibrosis","Healthy Control 1 ; disease_state=Control"
"cgroup_L5_82f82010","GSE92724",FALSE,FALSE,"trattamento","Diabetic Patient (male) ; disease_state=Diabetic Patient ; sex=M","Healthy control (female) ; disease_state=Healthy con"
"cgroup_L5_c548d053","GSE92852",FALSE,FALSE,"trattamento","IL-10-APC + LPS (Donor BC2) ; treatment=LPS ; cell_type=IL-10-APC","moDC (Undifferentiated, Donor BC2) ; treatment=vehic"
"cgroup_L5_3668c2c2","GSE92852",FALSE,FALSE,"trattamento","IL-10-APC + IL-10 (Donor BC2) ; treatment=IL-10 ; cell_type=IL-10-APC","moDC (Undifferentiated, Donor BC2) ; treatment=vehic"
"cgroup_L5_c548d053","GSE92852",FALSE,FALSE,"trattamento","moDC + LPS (Donor BC2) ; treatment=LPS ; cell_type=moDC","moDC (Undifferentiated, Donor BC2) ; treatment=vehic"
"cgroup_L5_debadb13","GSE93153",FALSE,FALSE,"trattamento","Donor2 HBV D8 ; time=D8 ; treatment=HBV","Donor2 Mock D8 ; time=D8 ; treatment=Mock"
"cgroup_L5_debadb13","GSE93153",FALSE,FALSE,"trattamento","Donor2 HBV D2 ; time=D2 ; treatment=HBV","Donor2 Mock D2 ; time=D2 ; treatment=Mock"
"cgroup_L5_debadb13","GSE93153",FALSE,FALSE,"trattamento","Donor1 HBV D10 ; time=D10 ; treatment=HBV","Donor1 Mock D10 ; time=D10 ; treatment=Mock"
"cgroup_L5_debadb13","GSE93153",FALSE,FALSE,"trattamento","Donor2 HBV D13 ; time=D13 ; treatment=HBV","Donor2 Mock D13 ; time=D13 ; treatment=Mock"
"cgroup_L5_37942548","GSE93206",FALSE,FALSE,"trattamento","SP + retinoic acid ; treatment=SP + retinoic acid ; cell_context=transformed h","DMSO ; treatment=DMSO ; cell_context=transformed hum"
"cgroup_L5_d9e23e09","GSE93330",FALSE,FALSE,"trattamento","TNF ; Treatment=TNF","Control ; Treatment=Control"
"cgroup_L5_8c9339f5","GSE93385",FALSE,FALSE,"trattamento","G010 ZIKV infected ; cell_line=G010 ; infection_status=ZIKV_infected","G010 Mock infected ; cell_line=G010 ; infection_stat"
"cgroup_L5_8c9339f5","GSE93385",FALSE,FALSE,"trattamento","K048 ZIKV infected ; cell_line=K048 ; infection_status=ZIKV_infected","K048 Mock infected ; cell_line=K048 ; infection_stat"
"cgroup_L5_8c9339f5","GSE93385",FALSE,FALSE,"trattamento","K054 ZIKV infected ; cell_line=K054 ; infection_status=ZIKV_infected","K054 Mock infected ; cell_line=K054 ; infection_stat"
"cgroup_L5_d631ee89","GSE93620",FALSE,FALSE,"trattamento","HT-29-MTX, Colorectal carcinoma, A. ceylanicum iL3 larvae, 24h ; treatment=A. ","HT-29-MTX, Colorectal carcinoma, untreated ; treatme"
"cgroup_L5_c3ae78cd","GSE93624",FALSE,FALSE,"trattamento","Crohn's disease (European, M, age 13.25) ; disease_state=Crohn's disease ; cel","Non-IBD control ; disease_state=non-IBD control ; ce"
"cgroup_L5_889ec305","GSE93904",FALSE,FALSE,"trattamento","Colorectal cancer ; disease_state=Colorectal cancer","Healthy control ; disease_state=Healthy control"
"cgroup_L5_889ec305","GSE93904",FALSE,FALSE,"trattamento","Colorectal cancer ; disease_state=Colorectal cancer","Control (unspecified) ; disease_state=Healthy contro"
"cgroup_L5_889ec305","GSE93904",FALSE,FALSE,"trattamento","Colorectal cancer ; disease_state=Colorectal cancer","Healthy control ; disease_state=Healthy control"
"cgroup_L5_a8ff7b6d","GSE93996",FALSE,FALSE,"trattamento","HL-60 + ATRA ; treatment=ATRA ; cell_line=HL-60 ; dose=1 uM ; duration=4 days","HL-60 + ethanol ; treatment=ethanol ; cell_line=HL-6"
"cgroup_L5_930c8dcf","GSE94013",FALSE,FALSE,"trattamento","DHT ; treatment=DHT ; cell_line=22Rv1","DMSO ; treatment=DMSO ; cell_line=22Rv1"
"cgroup_L5_bd40f34f","GSE94150",FALSE,FALSE,"trattamento","IL15-treated CD4+ T cells (ST124) ; treatment=IL15 ; donor_id=ST124","Untreated CD4+ T cells (ST124) ; treatment=Unstimula"
"cgroup_L5_bd40f34f","GSE94150",FALSE,FALSE,"trattamento","IL15-treated CD4+ T cells (ST124) ; treatment=IL15 ; donor_id=ST124","Untreated CD4+ T cells (ST124) ; treatment=Unstimula"
"cgroup_L5_bd40f34f","GSE94150",FALSE,FALSE,"trattamento","IL15-treated CD4+ T cells (ST124) ; treatment=IL15 ; donor_id=ST124","Untreated CD4+ T cells (ST124) ; treatment=Unstimula"
"cgroup_L5_ae11259e","GSE94235",FALSE,FALSE,"trattamento","Tofacitinib-treated CD8+ T-cells (Donor D1) ; treatment=Tofacitinib ; donor_id","DMSO-treated CD8+ T-cells (Donor D1) ; treatment=DMS"
"cgroup_L5_444e7fc2","GSE94724",FALSE,FALSE,"trattamento","HCMV infected decidua ; infection_status=HCMV_infected","Mock infected decidua ; infection_status=mock_infect"
"cgroup_L5_d9e23e09","GSE95078",FALSE,FALSE,"trattamento","Healthy - TNF ; disease_state=none ; perturbation=TNF","Healthy - Vehicle ; disease_state=none ; perturbatio"
"cgroup_L5_d9e23e09","GSE95078",FALSE,FALSE,"trattamento","Diseased - TNF ; disease_state=Behçet’s-like autoinflammatory disease ; pertur","Diseased - Vehicle ; disease_state=Behçet’s-like aut"
"cgroup_L5_16525349","GSE95079",FALSE,FALSE,"trattamento","LM2 Triple Negative Breast Cancer Cells Treated with Ponatinib ; treatment=Pon","LM2 Triple Negative Breast Cancer Cells Treated with"
"cgroup_L5_3ec58cd6","GSE95243",FALSE,FALSE,"trattamento","Obese Hypothalamus Neuron (iPSC) ; disease_state=obese ; cell_context=iPSC_der","Control Hypothalamus Neuron (iPSC) ; disease_state=c"
"cgroup_L5_c0d1d837","GSE95413",FALSE,FALSE,"trattamento","Enzalutamide treated VCaP xenografts ; treatment=Enzalutamide ; cell_type=VCaP","Vehicle treated VCaP xenografts ; treatment=Vehicle "
"cgroup_L5_63e69fdc","GSE95587",FALSE,FALSE,"trattamento","Alzheimer's Disease (Donor SAM19655462) ; disease_state=Alzheimer's disease ; ","Control (Donor 06-57) ; disease_state=control ; dono"
"cgroup_L5_63e69fdc","GSE95587",FALSE,FALSE,"trattamento","Alzheimer's Disease (Donor SAM19655462) ; disease_state=Alzheimer's disease ; ","Control (Donor 99-50) ; disease_state=control ; dono"
"cgroup_L5_63e69fdc","GSE95587",FALSE,FALSE,"trattamento","Alzheimer's Disease (Donor SAM19655462) ; disease_state=Alzheimer's disease ; ","Control (Donor 10-94) ; disease_state=control ; dono"
"cgroup_L5_63e69fdc","GSE95587",FALSE,FALSE,"trattamento","Alzheimer's Disease (Donor SAM19655462) ; disease_state=Alzheimer's disease ; ","Control (Donor SAM19655497) ; disease_state=control "
"cgroup_L5_63e69fdc","GSE95587",FALSE,FALSE,"trattamento","Alzheimer's Disease (Donor SAM19655476) ; disease_state=Alzheimer's disease ; ","Control (Donor 06-57) ; disease_state=control ; dono"
"cgroup_L5_63e69fdc","GSE95587",FALSE,FALSE,"trattamento","Alzheimer's Disease (Donor SAM19655476) ; disease_state=Alzheimer's disease ; ","Control (Donor 99-50) ; disease_state=control ; dono"
"cgroup_L5_63e69fdc","GSE95587",FALSE,FALSE,"trattamento","Alzheimer's Disease (Donor SAM19655476) ; disease_state=Alzheimer's disease ; ","Control (Donor 10-94) ; disease_state=control ; dono"
"cgroup_L5_63e69fdc","GSE95587",FALSE,FALSE,"trattamento","Alzheimer's Disease (Donor SAM19655476) ; disease_state=Alzheimer's disease ; ","Control (Donor SAM19655497) ; disease_state=control "
"cgroup_L5_eb5e1e65","GSE96649",FALSE,FALSE,"trattamento","Dexamethasone ; treatment=dexamethasone ; cell_line=A549","Vehicle Control ; treatment=vehicle ; cell_line=A549"
"cgroup_L5_eb5e1e65","GSE96649",FALSE,FALSE,"trattamento","Dexamethasone (CHEB:27964) ; treatment=dexamethasone ; cell_line=A549","Vehicle Control ; treatment=vehicle ; cell_line=A549"
"cgroup_L5_b71a25a2","GSE96779",FALSE,FALSE,"trattamento","MSR-A549_JQ1 ; Treatment=JQ1 ; Cell Line=MSR-A549","MSR-A549_DMSO ; Treatment=DMSO ; Cell Line=MSR-A549"
"cgroup_L5_2e16719f","GSE96975",FALSE,FALSE,"trattamento","TGFB1 Stimulated Cardiac Fibroblasts ; treatment=TGFB1 ; time(hours)=24","Untreated Cardiac Fibroblasts ; treatment=None ; tim"
"cgroup_L5_eb5e1e65","GSE97204",FALSE,FALSE,"trattamento","CWR-22Rv1 Dexamethasone 2h ; Treatment=Dexamethasone (2h) ; Cell Line=CWR-22Rv","CWR-22Rv1 Vehicle ; Treatment=Vehicle ; Cell Line=CW"
"cgroup_L5_eb5e1e65","GSE97204",FALSE,FALSE,"trattamento","CWR-22Rv1 Dexamethasone 6h ; Treatment=Dexamethasone (6h) ; Cell Line=CWR-22Rv","CWR-22Rv1 Vehicle ; Treatment=Vehicle ; Cell Line=CW"
"cgroup_L5_f94b6180","GSE97204",FALSE,FALSE,"trattamento","CWR-22Rv1 R1881 ; Treatment=R1881 ; Cell Line=CWR-22Rv1","CWR-22Rv1 Vehicle ; Treatment=Vehicle ; Cell Line=CW"
"cgroup_L5_c0d1d837","GSE97204",FALSE,FALSE,"trattamento","CWR-22Rv1 Enzalutamide ; Treatment=Enzalutamide ; Cell Line=CWR-22Rv1","CWR-22Rv1 Vehicle ; Treatment=Vehicle ; Cell Line=CW"
"cgroup_L5_2e16719f","GSE97358",FALSE,FALSE,"trattamento","TGFB1-treated Cardiac Fibroblasts (Chinese) ; treatment=TGFB1 ; cell_type=Card","Control Cardiac Fibroblasts (Malay) ; treatment=Cont"
"cgroup_L5_2e16719f","GSE97358",FALSE,FALSE,"trattamento","TGFB1-treated Cardiac Fibroblasts (Chinese) ; treatment=TGFB1 ; cell_type=Card","Control Cardiac Fibroblasts (Chinese) ; treatment=Co"
"cgroup_L5_2e16719f","GSE97358",FALSE,FALSE,"trattamento","TGFB1-treated Cardiac Fibroblasts (Malay) ; treatment=TGFB1 ; cell_type=Cardia","Control Cardiac Fibroblasts (Malay) ; treatment=Cont"
"cgroup_L5_2e16719f","GSE97358",FALSE,FALSE,"trattamento","TGFB1-treated Cardiac Fibroblasts (Chinese) ; treatment=TGFB1 ; cell_type=Card","Control Cardiac Fibroblasts (Chinese) ; treatment=Co"
"cgroup_L5_2e16719f","GSE97358",FALSE,FALSE,"trattamento","TGFB1-treated Cardiac Fibroblasts (Indian) ; treatment=TGFB1 ; cell_type=Cardi","Control Cardiac Fibroblasts (Indian) ; treatment=Con"
"cgroup_L5_905be893","GSE97619",FALSE,FALSE,"trattamento","Astrocytes primary Il1beta ; cell_type=primary astrocytes ; treatment=Il1beta","Astrocytes primary none ; cell_type=primary astrocyt"
"cgroup_L5_c548d053","GSE97744",FALSE,FALSE,"trattamento","Circulating macrophage + IFN-γ and LPS ; cell_type=circulating_macrophage ; tr","Circulating macrophage untreated ; cell_type=circula"
"cgroup_L5_3668c2c2","GSE97744",FALSE,FALSE,"trattamento","Circulating macrophage + IL-10 ; cell_type=circulating_macrophage ; treatment=","Circulating macrophage untreated ; cell_type=circula"
"cgroup_L5_a8015c98","GSE97766",FALSE,FALSE,"trattamento","Mia-PaCa-2 Gemcitabine ; cell_line=Mia-PaCa-2 ; treatment=Gemcitabine","Mia-PaCa-2 Ctrl ; cell_line=Mia-PaCa-2 ; treatment=v"
"cgroup_L5_a8015c98","GSE97766",FALSE,FALSE,"trattamento","PANC-1 Gemcitabine ; cell_line=PANC-1 ; treatment=Gemcitabine","PANC-1 Ctrl ; cell_line=PANC-1 ; treatment=vehicle_o"
"cgroup_L5_2e16719f","GSE97829",FALSE,FALSE,"trattamento","TGF-beta (156.26 ng/nl) ; treatment=TGF-beta ; cell_type_or_line_raw=MRC5 ; do","Control (vehicle) ; treatment=control ; cell_type_or"
"cgroup_L5_2e16719f","GSE97829",FALSE,FALSE,"trattamento","TGF-beta (159.35 ng/nl) ; treatment=TGF-beta ; cell_type_or_line_raw=MRC5 ; do","Control (vehicle) ; treatment=control ; cell_type_or"
"cgroup_L5_2e16719f","GSE97829",FALSE,FALSE,"trattamento","TGF-beta (162.81 ng/nl) ; treatment=TGF-beta ; cell_type_or_line_raw=MRC5 ; do","Control (vehicle) ; treatment=control ; cell_type_or"
"cgroup_L5_9bdf0dcb","GSE98372",FALSE,FALSE,"trattamento","HepG2 WT IFNa 6h ; genotype=wild-type ; treatment=IFNa","HepG2 WT untreated ; genotype=wild-type ; treatment="
"cgroup_L5_9bdf0dcb","GSE98372",TRUE,TRUE,"contesto","HepG2 SETD2 KO IFNa 6h ; genotype=SETD2 knockout ; treatment=IFNa","HepG2 SETD2 KO ; genotype=SETD2 knockout ; treatment"
"cgroup_L5_9bdf0dcb","GSE98372",TRUE,TRUE,"contesto","HepG2 STAT1 KO IFNa 6h ; genotype=STAT1 knockout ; treatment=IFNa","HepG2 STAT1 KO ; genotype=STAT1 knockout ; treatment"
"cgroup_L5_9bdf0dcb","GSE98372",FALSE,FALSE,"trattamento","HepG2 STAT1-K525A IFNa 6h ; genotype=STAT1-K525A ; treatment=IFNa","HepG2 STAT1-K525A ; genotype=STAT1-K525A ; treatment"
"cgroup_L5_efced505","GSE98428",FALSE,FALSE,"trattamento","Sunitinib 0.1 uM ; treatment=Sunitinib ; dose(uM)=0.1 ; time(hours)=48","Vehicle Control ; treatment=Vehicle Control ; time(h"
"cgroup_L5_efced505","GSE98428",FALSE,FALSE,"trattamento","Sunitinib 0.1 uM (Replicate) ; treatment=Sunitinib ; dose(uM)=0.1 ; time(hours","Vehicle Control ; treatment=Vehicle Control ; time(h"
"cgroup_L5_efced505","GSE98428",FALSE,FALSE,"trattamento","Sunitinib 0.1 uM (Replicate) ; treatment=Sunitinib ; dose(uM)=0.1 ; time(hours","Vehicle Control ; treatment=Vehicle Control ; time(h"
"cgroup_L5_6df6a50e","GSE98428",FALSE,FALSE,"trattamento","Sorafenib 1 uM ; treatment=Sorafenib ; dose(uM)=1 ; time(hours)=48","Vehicle Control ; treatment=Vehicle Control ; time(h"
"cgroup_L5_efced505","GSE98431",FALSE,FALSE,"trattamento","Sunitinib 0.1 uM ; treatment=Sunitinib ; concentration=0.1 uM ; cell_type=card","Vehicle Control ; treatment=Vehicle Control ; cell_t"
"cgroup_L5_efced505","GSE98431",FALSE,FALSE,"trattamento","Sunitinib 0.1 uM ; treatment=Sunitinib ; concentration=0.1 uM ; cell_type=card","Vehicle Control ; treatment=Vehicle Control ; cell_t"
"cgroup_L5_efced505","GSE98431",FALSE,FALSE,"trattamento","Sunitinib 0.1 uM ; treatment=Sunitinib ; concentration=0.1 uM ; cell_type=card","Vehicle Control ; treatment=Vehicle Control ; cell_t"
"cgroup_L5_6df6a50e","GSE98431",FALSE,FALSE,"trattamento","Sorafenib 1 uM ; treatment=Sorafenib ; concentration=1 uM ; cell_type=cardiac ","Vehicle Control ; treatment=Vehicle Control ; cell_t"
"cgroup_L5_6df6a50e","GSE98431",FALSE,FALSE,"trattamento","Sorafenib 1 uM ; treatment=Sorafenib ; concentration=1 uM ; cell_type=cardiac ","Vehicle Control ; treatment=Vehicle Control ; cell_t"
"cgroup_L5_516200d1","GSE98692",FALSE,FALSE,"trattamento","HSR-GBM1, vitamin C ; treatment=vitamin C ; cell_line=HSR-GBM1","HSR-GBM1, no treatment, rep1 ; treatment=none ; cell"
"cgroup_L5_356eedd3","GSE98805",FALSE,FALSE,"trattamento","FaDu_Aza_TSA ; treatment=Aza/TSA ; cell_line=FaDu","FaDu_DMSO ; treatment=DMSO ; cell_line=FaDu"
"cgroup_L5_356eedd3","GSE98805",FALSE,FALSE,"trattamento","UMSCC47_Aza_TSA ; treatment=Aza/TSA ; cell_line=UMSCC47","UMSCC47_DMSO ; treatment=DMSO ; cell_line=UMSCC47"
"cgroup_L5_d9e23e09","GSE98984",FALSE,FALSE,"trattamento","TNFα ; perturbation=TNFα","untreated ; perturbation=untreated"
"cgroup_L5_b6b8bc00","GSE99116",FALSE,FALSE,"trattamento","HCC1419 Palbociclib 0.3 uM 24 hr ; cell_line=HCC1419 ; treatment=Palbociclib ;","HCC1419 Control 24 hr ; cell_line=HCC1419 ; treatmen"
"cgroup_L5_b6b8bc00","GSE99116",FALSE,FALSE,"trattamento","HCC1419 Palbociclib 0.3 uM 6 hr ; cell_line=HCC1419 ; treatment=Palbociclib ; ","HCC1419 Control 6 hr ; cell_line=HCC1419 ; treatment"
"cgroup_L5_b6b8bc00","GSE99116",FALSE,FALSE,"trattamento","HCC1419 Palbociclib 3 uM 24 hr ; cell_line=HCC1419 ; treatment=Palbociclib ; c","HCC1419 Control 24 hr ; cell_line=HCC1419 ; treatmen"
"cgroup_L5_b6b8bc00","GSE99116",FALSE,FALSE,"trattamento","HS578T Palbociclib 0.3 uM 6 hr ; cell_line=HS578T ; treatment=Palbociclib ; co","HS578T Control 6 hr ; cell_line=HS578T ; treatment=C"
"cgroup_L5_b6b8bc00","GSE99116",FALSE,FALSE,"trattamento","HS578T Palbociclib 3 uM 6 hr ; cell_line=HS578T ; treatment=Palbociclib ; conc","HS578T Control 6 hr ; cell_line=HS578T ; treatment=C"
"cgroup_L5_87c40ebb","GSE99299",FALSE,FALSE,"trattamento","A375 non-targeting IFNg ; cell_line=A375 ; perturbation=IFNg","A375 non-targeting vehicle ; cell_line=A375 ; pertur"
"cgroup_L5_87c40ebb","GSE99299",FALSE,FALSE,"trattamento","A375 Ptpn2sg3 IFNg ; cell_line=A375 ; perturbation=IFNg","A375 Ptpn2sg3 vehicle ; cell_line=A375 ; perturbatio"
"cgroup_L5_87c40ebb","GSE99299",FALSE,FALSE,"trattamento","HT29 non-targeting IFNg ; cell_line=HT29 ; perturbation=IFNg","HT29 non-targeting vehicle ; cell_line=HT29 ; pertur"
"cgroup_L5_f94b6180","GSE99381",FALSE,FALSE,"trattamento","LNCaP-APIPC + R1881 ; cell_line=LNCaP-APIPC ; treatment=R1881","LNCaP-APIPC + no treatment ; cell_line=LNCaP-APIPC ;"
"cgroup_L5_f94b6180","GSE99381",FALSE,FALSE,"trattamento","LNCaP-APIPC + R1881 (replicate) ; cell_line=LNCaP-APIPC ; treatment=R1881","LNCaP-APIPC + no treatment ; cell_line=LNCaP-APIPC ;"
"cgroup_L5_f94b6180","GSE99381",TRUE,TRUE,"contesto","LNCaP-shAR/pATK + R1881 ; cell_line=LNCaP-shAR/pATK ; treatment=R1881","LNCaP-shAR/pATK + no treatment ; cell_line=LNCaP-shA"
"cgroup_L5_3a58e5f5","GSE99392",FALSE,FALSE,"trattamento","PGE2 1h ; treatment=PGE2 ; time=1 hour","DMSO 1h ; treatment=DMSO ; time=1 hour"
"cgroup_L5_3a58e5f5","GSE99392",FALSE,FALSE,"trattamento","PGE2 24h ; treatment=PGE2 ; time=24 hours","DMSO 24h ; treatment=DMSO ; time=24 hours"
"cgroup_L5_6df6a50e","GSE99536",FALSE,FALSE,"trattamento","Sorafenib 1µM 24h ; Treatment=Sorafenib ; Duration=24 hours","DMSO 24h ; Treatment=DMSO ; Duration=24 hours"
"cgroup_L5_6df6a50e","GSE99536",FALSE,FALSE,"trattamento","Sorafenib 1µM 8h ; Treatment=Sorafenib ; Duration=8 hours","DMSO 8h ; Treatment=DMSO ; Duration=8 hours"
"cgroup_L5_dd2a13de","GSE99621",FALSE,FALSE,"trattamento","IPF Case ; disease_state=idiopathic_pulmonary_fibrosis","Healthy Control ; disease_state=healthy_control"
"cgroup_L5_dd2a13de","GSE99621",FALSE,FALSE,"trattamento","IPF Case IPF1s1 ; disease_state=idiopathic_pulmonary_fibrosis","Healthy Control ; disease_state=healthy_control"
"cgroup_L5_dd2a13de","GSE99621",FALSE,FALSE,"trattamento","IPF Case IPF1s2 ; disease_state=idiopathic_pulmonary_fibrosis","Healthy Control ; disease_state=healthy_control"
"cgroup_L5_dd2a13de","GSE99621",FALSE,FALSE,"trattamento","IPF Case IPF1s3 ; disease_state=idiopathic_pulmonary_fibrosis","Healthy Control ; disease_state=healthy_control"
"cgroup_L5_dd2a13de","GSE99621",FALSE,FALSE,"trattamento","IPF Case IPF2s2 ; disease_state=idiopathic_pulmonary_fibrosis","Healthy Control ; disease_state=healthy_control"
"cgroup_L5_dd2a13de","GSE99621",FALSE,FALSE,"trattamento","IPF Case IPF3s1 ; disease_state=idiopathic_pulmonary_fibrosis","Healthy Control ; disease_state=healthy_control"
"cgroup_L5_dd2a13de","GSE99621",FALSE,FALSE,"trattamento","IPF Case Lung Tissue ; disease_state=idiopathic_pulmonary_fibrosis","Healthy Control ; disease_state=healthy_control"
"cgroup_L5_8341bee7","GSE99626",FALSE,FALSE,"trattamento","T47D cells treated with E2 and Progesterone ; cell_line=T47D ; treatment=E2+Pr","T47D cells treated with Vehicle ; cell_line=T47D ; t"
"cgroup_L5_930c8dcf","GSE99626",FALSE,FALSE,"trattamento","T47D cells treated with E2 and DHT ; cell_line=T47D ; treatment=E2+DHT","T47D cells treated with Vehicle ; cell_line=T47D ; t"
"cgroup_L5_eb5e1e65","GSE99626",FALSE,FALSE,"trattamento","T47D cells treated with E2 and Dexamethasone ; cell_line=T47D ; treatment=E2+D","T47D cells treated with Vehicle ; cell_line=T47D ; t"
"cgroup_L5_a12414d4","GSE99641",TRUE,TRUE,"contesto","Estradiol ; treatment=estradiol ; cell_line=Ishikawa endometrial cancer ; engi","Control ; treatment=control ; cell_line=Ishikawa end"
"cgroup_L5_3439da02","GSE99875",FALSE,FALSE,"trattamento","Everolimus 4h ; treatment=Everolimus ; cell_type_or_line_raw=786-0 ; duration=","Control ; treatment=Control ; cell_type_or_line_raw="
"cgroup_L5_3439da02","GSE99875",FALSE,FALSE,"trattamento","Everolimus 4h differentiated ; treatment=Everolimus ; cell_type_or_line_raw=78","Control ; treatment=Control ; cell_type_or_line_raw="
