"cluster_id","record_id","study_id","n_treated","n_control","lato_rotto"
"cgroup_L5_64fbeb97","GSE162834__GSE162834__DMOG_vs_DMSO__1","GSE162834",3,3,"nessuno"
"cgroup_L5_64fbeb97","GSE189504__GSE189504__DMOG_vs_untreated__1","GSE189504",4,4,"nessuno"
"cgroup_L5_64fbeb97","GSE190240__GSE190240__grp_0002_vs_grp_0006__1","GSE190240",1,1,"entrambi"
"cgroup_L5_64fbeb97","GSE204929__GSE204929__grp_0009_vs_grp_0006__1","GSE204929",1,4,"solo_trattato"
"cgroup_L5_64fbeb97","GSE204929__GSE204929__grp_0010_vs_grp_0006__1","GSE204929",1,4,"solo_trattato"
"cgroup_L5_2987cdb6","GSE114686__GSE114686__Erlotinib_1_uM_24h_2_vs_DMSO_0.001_uM_24h__1","GSE114686",1,3,"solo_trattato"
"cgroup_L5_2987cdb6","GSE114686__GSE114686__Erlotinib_1_uM_24h_3_vs_DMSO_0.001_uM_24h__1","GSE114686",1,3,"solo_trattato"
"cgroup_L5_2987cdb6","GSE114686__GSE114686__Erlotinib_10_uM_24h_2_vs_DMSO_0.001_uM_24h__1","GSE114686",1,3,"solo_trattato"
"cgroup_L5_2987cdb6","GSE114686__GSE114686__Erlotinib_3_uM_24h_2_vs_DMSO_0.001_uM_24h__1","GSE114686",2,3,"nessuno"
"cgroup_L5_2987cdb6","GSE114686__GSE114686__Erlotinib_3_uM_6h_2_vs_DMSO_0.001_uM_6h__1","GSE114686",1,1,"entrambi"
"cgroup_L5_2987cdb6","GSE114686__GSE114686__Erlotinib_10_uM_24h_3_vs_DMSO_0.001_uM_24h__1","GSE114686",1,3,"solo_trattato"
"cgroup_L5_2987cdb6","GSE114686__GSE114686__Erlotinib_3_uM_168h_3_vs_DMSO_0.001_uM_168h__1","GSE114686",1,3,"solo_trattato"
"cgroup_L5_2987cdb6","GSE114686__GSE114686__Erlotinib_3_uM_6h_3_vs_DMSO_0.001_uM_6h__1","GSE114686",1,1,"entrambi"
"cgroup_L5_2987cdb6","GSE132500__GSE132500__Erlotinib_vs_DMSO__1","GSE132500",1,1,"entrambi"
"cgroup_L5_2987cdb6","GSE146096__GSE146096__Erlotinib_3uM_48h_vs_Vehicle_Control__1","GSE146096",14,102,"nessuno"
"cgroup_L5_2987cdb6","GSE186341__GSE186341__Erlotinib_vs_DMSO__1","GSE186341",1,17,"solo_trattato"
"cgroup_L5_2987cdb6","GSE186341__GSE186341__Erlotinib_2_vs_DMSO__1","GSE186341",1,17,"solo_trattato"
"cgroup_L5_2987cdb6","GSE186341__GSE186341__Erlotinib_vs_DMSO__2","GSE186341",1,9,"solo_trattato"
"cgroup_L5_2987cdb6","GSE217421__GSE217421__Erlotinib_MSN01_vs_DMSO_MSN01__1","GSE217421",17,54,"nessuno"
"cgroup_L5_2987cdb6","GSE244730__GSE244730__grp_0003_vs_grp_0001__1","GSE244730",1,2,"solo_trattato"
"cgroup_L5_2987cdb6","GSE244730__GSE244730__grp_0004_vs_grp_0001__1","GSE244730",1,2,"solo_trattato"
"cgroup_L5_2987cdb6","GSE244730__GSE244730__grp_0006_vs_grp_0005__1","GSE244730",2,2,"nessuno"
"cgroup_L5_2987cdb6","GSE249721__GSE249721__grp_H3255_erlotinib_24h_vs_grp_H3255_DMSO__1","GSE249721",2,2,"nessuno"
"cgroup_L5_2987cdb6","GSE249721__GSE249721__grp_H3255_erlotinib_21days_vs_grp_H3255_DMSO__1","GSE249721",3,2,"nessuno"
"cgroup_L5_2987cdb6","GSE249721__GSE249721__grp_HCC4006_erlotinib_21days_vs_grp_HCC4006_DMSO__1","GSE249721",2,3,"nessuno"
"cgroup_L5_2987cdb6","GSE249721__GSE249721__grp_HCC4006_erlotinib_vs_grp_HCC4006_DMSO__1","GSE249721",2,3,"nessuno"
"cgroup_L5_2987cdb6","GSE249721__GSE249721__grp_HCC4006_erlotinib_24h_vs_grp_HCC4006_DMSO__1","GSE249721",3,3,"nessuno"
"cgroup_L5_2987cdb6","GSE249721__GSE249721__grp_HCC4006_erlotinib_21days_2_vs_grp_HCC4006_DMSO__1","GSE249721",1,3,"solo_trattato"
"cgroup_L5_2987cdb6","GSE249721__GSE249721__grp_PC9_erlotinib_7days_vs_grp_PC9_DMSO__1","GSE249721",3,2,"nessuno"
"cgroup_L5_2987cdb6","GSE249721__GSE249721__grp_PC9_erlotinib_75days_vs_grp_PC9_DMSO__1","GSE249721",1,2,"solo_trattato"
"cgroup_L5_2987cdb6","GSE249721__GSE249721__grp_PC9_erlotinib_24h_vs_grp_PC9_DMSO__1","GSE249721",3,2,"nessuno"
"cgroup_L5_2987cdb6","GSE249721__GSE249721__grp_PC9_erlotinib_21days_vs_grp_PC9_DMSO__1","GSE249721",1,2,"solo_trattato"
"cgroup_L5_2987cdb6","GSE249721__GSE249721__grp_PC9_erlotinib_75days_2_vs_grp_PC9_DMSO__1","GSE249721",1,2,"solo_trattato"
"cgroup_L5_2987cdb6","GSE249721__GSE249721__grp_PC9_erlotinib_21days_2_vs_grp_PC9_DMSO__1","GSE249721",1,2,"solo_trattato"
"cgroup_L5_2987cdb6","GSE249721__GSE249721__grp_PC9_erlotinib_75days_3_vs_grp_PC9_DMSO__1","GSE249721",1,2,"solo_trattato"
"cgroup_L5_2987cdb6","GSE249721__GSE249721__grp_PC9_erlotinib_75days_4_vs_grp_PC9_DMSO__1","GSE249721",1,2,"solo_trattato"
"cgroup_L5_2987cdb6","GSE249721__GSE249721__grp_PC9_erlotinib_21days_3_vs_grp_PC9_DMSO__1","GSE249721",1,2,"solo_trattato"
"cgroup_L5_2987cdb6","GSE62118__GSE62118__erlotinib_vs_DMSO__1","GSE62118",1,1,"entrambi"
"cgroup_L5_2987cdb6","GSE65420__GSE65420__grp_0002_vs_grp_0001__1","GSE65420",3,2,"nessuno"
"cgroup_L5_2987cdb6","GSE65420__GSE65420__grp_0006_vs_grp_0005__1","GSE65420",1,3,"solo_trattato"
"cgroup_L5_2987cdb6","GSE65420__GSE65420__grp_0007_vs_grp_0005__1","GSE65420",1,3,"solo_trattato"
"cgroup_L5_2987cdb6","GSE65420__GSE65420__grp_0008_vs_grp_0005__1","GSE65420",1,3,"solo_trattato"
"cgroup_L5_2987cdb6","GSE65420__GSE65420__grp_0009_vs_grp_0010__1","GSE65420",3,1,"solo_controllo"
"cgroup_L5_2987cdb6","GSE65420__GSE65420__grp_0013_vs_grp_0012__1","GSE65420",3,3,"nessuno"
"cgroup_L5_2987cdb6","GSE89127__GSE89127__grp_PC9_Erlotinib_1uM_48h_vs_grp_PC9_DMSO_0.1pct_48h__1","GSE89127",3,3,"nessuno"
"cgroup_L5_479c6221","GSE138460__GSE138460__42D_GSK126_vs_42D_DMSO__1","GSE138460",1,1,"entrambi"
"cgroup_L5_479c6221","GSE164247__GSE164247__GSK126_vs_DMSO__1","GSE164247",2,2,"nessuno"
"cgroup_L5_479c6221","GSE180067__GSE180067__grp_0003_vs_grp_0001__1","GSE180067",1,3,"solo_trattato"
"cgroup_L5_479c6221","GSE180067__GSE180067__grp_0004_vs_grp_0001__1","GSE180067",1,3,"solo_trattato"
"cgroup_L5_479c6221","GSE180067__GSE180067__grp_0005_vs_grp_0001__1","GSE180067",2,3,"nessuno"
"cgroup_L5_479c6221","GSE183777__GSE183777__grp_0001_vs_grp_0006__1","GSE183777",1,3,"solo_trattato"
"cgroup_L5_479c6221","GSE183777__GSE183777__grp_0002_vs_grp_0006__1","GSE183777",2,3,"nessuno"
"cgroup_L5_479c6221","GSE222376__GSE222376__grp_H2731_GSK126_vs_grp_H2731_DMSO__1","GSE222376",2,2,"nessuno"
"cgroup_L5_479c6221","GSE222376__GSE222376__grp_H2810_GSK126_vs_grp_H2810_DMSO__1","GSE222376",2,2,"nessuno"
"cgroup_L5_479c6221","GSE229015__GSE229015__GSK-126_vs_DMSO__1","GSE229015",1,1,"entrambi"
"cgroup_L5_479c6221","GSE235704__GSE235704__grp_0009_vs_grp_0010__1","GSE235704",1,3,"solo_trattato"
"cgroup_L5_479c6221","GSE240898__GSE240898__A549_GSK126_vs_A549_naive__1","GSE240898",5,3,"nessuno"
"cgroup_L5_479c6221","GSE240898__GSE240898__H1944_GSK126_vs_H1944_naive__1","GSE240898",5,3,"nessuno"
"cgroup_L5_479c6221","GSE247275__GSE247275__grp_0001_vs_grp_0002__1","GSE247275",1,1,"entrambi"
"cgroup_L5_479c6221","GSE247275__GSE247275__grp_0001_vs_grp_0003__1","GSE247275",1,1,"entrambi"
"cgroup_L5_479c6221","GSE247275__GSE247275__grp_0004_vs_grp_0002__1","GSE247275",2,1,"solo_controllo"
"cgroup_L5_479c6221","GSE247275__GSE247275__grp_0004_vs_grp_0003__1","GSE247275",2,1,"solo_controllo"
"cgroup_L5_479c6221","GSE247275__GSE247275__grp_0008_vs_grp_0007__1","GSE247275",1,1,"entrambi"
"cgroup_L5_b3bbf8e4","GSE102639__GSE102639__grp_A549_MLN8237_vs_grp_A549_control__1","GSE102639",2,1,"solo_controllo"
"cgroup_L5_b3bbf8e4","GSE186633__GSE186633__grp_0001_vs_grp_0004__1","GSE186633",2,4,"nessuno"
"cgroup_L5_b3bbf8e4","GSE186633__GSE186633__grp_0003_vs_grp_0004__1","GSE186633",2,4,"nessuno"
"cgroup_L5_b3bbf8e4","GSE186633__GSE186633__grp_0005_vs_grp_0002__1","GSE186633",1,2,"solo_trattato"
"cgroup_L5_b3bbf8e4","GSE186633__GSE186633__grp_0006_vs_grp_0002__1","GSE186633",1,2,"solo_trattato"
"cgroup_L5_b3bbf8e4","GSE207645__GSE207645__grp_0003_vs_grp_0004__1","GSE207645",1,3,"solo_trattato"
"cgroup_L5_61352c9e","GSE110571__GSE110571__grp_0005_vs_grp_0004__1","GSE110571",3,1,"solo_controllo"
"cgroup_L5_61352c9e","GSE110571__GSE110571__grp_0005_vs_grp_0006__1","GSE110571",3,2,"nessuno"
"cgroup_L5_61352c9e","GSE115698__GSE115698__grp_0002_vs_grp_0001__1","GSE115698",1,1,"entrambi"
"cgroup_L5_61352c9e","GSE115698__GSE115698__grp_0005_vs_grp_0004__1","GSE115698",1,1,"entrambi"
"cgroup_L5_61352c9e","GSE115698__GSE115698__grp_0007_vs_grp_0006__1","GSE115698",1,1,"entrambi"
"cgroup_L5_61352c9e","GSE115698__GSE115698__grp_0010_vs_grp_0009__1","GSE115698",1,1,"entrambi"
"cgroup_L5_61352c9e","GSE249561__GSE249561__MS275_vs_vehicle__1","GSE249561",2,4,"nessuno"
"cgroup_L5_b71a25a2","GSE113604__GSE113604__grp_0001_vs_grp_0002__1","GSE113604",2,2,"nessuno"
"cgroup_L5_b71a25a2","GSE113604__GSE113604__grp_0004_vs_grp_0003__1","GSE113604",2,2,"nessuno"
"cgroup_L5_b71a25a2","GSE113604__GSE113604__grp_0007_vs_grp_0008__1","GSE113604",2,2,"nessuno"
"cgroup_L5_b71a25a2","GSE113604__GSE113604__grp_0010_vs_grp_0009__1","GSE113604",2,2,"nessuno"
"cgroup_L5_b71a25a2","GSE113711__GSE113711__JQ1_3h_vs_DMSO_3h__1","GSE113711",1,3,"solo_trattato"
"cgroup_L5_b71a25a2","GSE113711__GSE113711__JQ1_6h_vs_DMSO_6h__1","GSE113711",1,3,"solo_trattato"
"cgroup_L5_b71a25a2","GSE113711__GSE113711__JQ1_12h_vs_DMSO_12h__1","GSE113711",2,3,"nessuno"
"cgroup_L5_b71a25a2","GSE113711__GSE113711__JQ1_24h_vs_DMSO_24h__1","GSE113711",3,3,"nessuno"
"cgroup_L5_b71a25a2","GSE118548__GSE118548__JQ1_vs_DMSO_2__1","GSE118548",3,2,"nessuno"
"cgroup_L5_b71a25a2","GSE123285__GSE123285__grp_0012_vs_grp_0003__1","GSE123285",3,13,"nessuno"
"cgroup_L5_b71a25a2","GSE123285__GSE123285__grp_0023_vs_grp_0003__1","GSE123285",1,13,"solo_trattato"
"cgroup_L5_b71a25a2","GSE130313__GSE130313__diffuse_ssc_jq1_vs_diffuse_ssc_none__1","GSE130313",3,3,"nessuno"
"cgroup_L5_b71a25a2","GSE130313__GSE130313__healthy_jq1_vs_healthy_none__1","GSE130313",3,3,"nessuno"
"cgroup_L5_b71a25a2","GSE130313__GSE130313__diffuse_ssc_jq1_vs_diffuse_ssc_dmso__1","GSE130313",3,3,"nessuno"
"cgroup_L5_b71a25a2","GSE130313__GSE130313__healthy_jq1_vs_healthy_dmso__1","GSE130313",3,3,"nessuno"
"cgroup_L5_b71a25a2","GSE131099__GSE131099__SUM159_transgene_JQ1_12h_vs_SUM159_transgene_DMSO_12h__1","GSE131099",2,4,"nessuno"
"cgroup_L5_b71a25a2","GSE131967__GSE131967__grp_0002_vs_grp_0001__1","GSE131967",1,1,"entrambi"
"cgroup_L5_b71a25a2","GSE131967__GSE131967__grp_0004_vs_grp_0003__1","GSE131967",1,1,"entrambi"
"cgroup_L5_b71a25a2","GSE131967__GSE131967__grp_0005_vs_grp_0006__1","GSE131967",1,1,"entrambi"
"cgroup_L5_b71a25a2","GSE131983__GSE131983__JQ1_vs_DMSO__1","GSE131983",4,4,"nessuno"
"cgroup_L5_b71a25a2","GSE139230__GSE139230__grp_0003_vs_grp_0001__1","GSE139230",1,1,"entrambi"
"cgroup_L5_b71a25a2","GSE139230__GSE139230__grp_0004_vs_grp_0002__1","GSE139230",1,1,"entrambi"
"cgroup_L5_b71a25a2","GSE140003__GSE140003__JQ1_vs_DMSO__1","GSE140003",1,1,"entrambi"
"cgroup_L5_b71a25a2","GSE145028__GSE145028__grp_0004_vs_grp_0002__1","GSE145028",2,1,"solo_controllo"
"cgroup_L5_b71a25a2","GSE145469__GSE145469__grp_0005_vs_grp_0002__1","GSE145469",1,1,"entrambi"
"cgroup_L5_b71a25a2","GSE145469__GSE145469__grp_0006_vs_grp_0002__1","GSE145469",1,1,"entrambi"
"cgroup_L5_b71a25a2","GSE145469__GSE145469__grp_0007_vs_grp_0002__1","GSE145469",1,1,"entrambi"
"cgroup_L5_b71a25a2","GSE148395__GSE148395__grp_0011_vs_grp_0009__1","GSE148395",1,1,"entrambi"
"cgroup_L5_b71a25a2","GSE158552__GSE158552__grp_0006_vs_grp_0002__1","GSE158552",1,3,"solo_trattato"
"cgroup_L5_b71a25a2","GSE162205__GSE162205__grp_0014_vs_grp_0020__1","GSE162205",1,1,"entrambi"
"cgroup_L5_b71a25a2","GSE162205__GSE162205__grp_0015_vs_grp_0020__1","GSE162205",1,1,"entrambi"
"cgroup_L5_b71a25a2","GSE162205__GSE162205__grp_0016_vs_grp_0020__1","GSE162205",1,1,"entrambi"
"cgroup_L5_b71a25a2","GSE174617__GSE174617__JQ1_EGFRCART_vs_DMSO__1","GSE174617",1,2,"solo_trattato"
"cgroup_L5_b71a25a2","GSE174617__GSE174617__JQ1_vs_DMSO__1","GSE174617",1,2,"solo_trattato"
"cgroup_L5_b71a25a2","GSE186961__GSE186961__JQ1_vs_untreated__1","GSE186961",4,5,"nessuno"
"cgroup_L5_b71a25a2","GSE192903__GSE192903__JQ1_vs_Control__1","GSE192903",3,3,"nessuno"
"cgroup_L5_b71a25a2","GSE197426__GSE197426__grp_0009_vs_grp_0010__1","GSE197426",2,1,"solo_controllo"
"cgroup_L5_b71a25a2","GSE210101__GSE210101__grp_0003_vs_grp_0002__1","GSE210101",1,8,"solo_trattato"
"cgroup_L5_b71a25a2","GSE210101__GSE210101__grp_0012_vs_grp_0009__1","GSE210101",3,6,"nessuno"
"cgroup_L5_b71a25a2","GSE210196__GSE210196__grp_0004_vs_grp_0001__1","GSE210196",4,4,"nessuno"
"cgroup_L5_b71a25a2","GSE210196__GSE210196__grp_0035_vs_grp_0033__1","GSE210196",1,1,"entrambi"
"cgroup_L5_b71a25a2","GSE210196__GSE210196__grp_0042_vs_grp_0040__1","GSE210196",1,2,"solo_trattato"
"cgroup_L5_b71a25a2","GSE211468__GSE211468__JQ1_5_days_4_hours_vs_DMSO_4_hours__1","GSE211468",2,2,"nessuno"
"cgroup_L5_b71a25a2","GSE219191__GSE219191__JQ1_vs_DMSO__1","GSE219191",1,2,"solo_trattato"
"cgroup_L5_b71a25a2","GSE219191__GSE219191__JQ1_vs_DMSO__2","GSE219191",4,2,"nessuno"
"cgroup_L5_b71a25a2","GSE219191__GSE219191__JQ1_vs_DMSO__3","GSE219191",1,2,"solo_trattato"
"cgroup_L5_b71a25a2","GSE231871__GSE231871__grp_0002_vs_grp_0001__1","GSE231871",4,3,"nessuno"
"cgroup_L5_b71a25a2","GSE235031__GSE235031__JQ1_vs_drug_free_medium__1","GSE235031",2,3,"nessuno"
"cgroup_L5_b71a25a2","GSE235031__GSE235031__JQ1_vs_drug_free_medium__2","GSE235031",1,3,"solo_trattato"
"cgroup_L5_b71a25a2","GSE236168__GSE236168__JQ1+compound_3b_vs_DMSO__1","GSE236168",1,1,"entrambi"
"cgroup_L5_b71a25a2","GSE236168__GSE236168__JQ1_vs_DMSO__1","GSE236168",1,1,"entrambi"
"cgroup_L5_b71a25a2","GSE239585__GSE239585__grp_0003_vs_grp_0001__1","GSE239585",3,3,"nessuno"
"cgroup_L5_b71a25a2","GSE239585__GSE239585__grp_0006_vs_grp_0005__1","GSE239585",2,3,"nessuno"
"cgroup_L5_b71a25a2","GSE239585__GSE239585__grp_0003_vs_grp_0004__1","GSE239585",3,2,"nessuno"
"cgroup_L5_b71a25a2","GSE255300__GSE255300__grp_0001_vs_grp_0002__1","GSE255300",4,4,"nessuno"
"cgroup_L5_b71a25a2","GSE255300__GSE255300__grp_0004_vs_grp_0003__1","GSE255300",2,2,"nessuno"
"cgroup_L5_b71a25a2","GSE255300__GSE255300__grp_0008_vs_grp_0007__1","GSE255300",2,2,"nessuno"
"cgroup_L5_b71a25a2","GSE266389__GSE266389__JQ1_1µM_16h_vs_DMSO_0.1%_16h__1","GSE266389",2,2,"nessuno"
"cgroup_L5_b71a25a2","GSE55922__GSE55922__grp_0001_vs_grp_0003__1","GSE55922",2,2,"nessuno"
"cgroup_L5_b71a25a2","GSE74230__GSE74230__grp_143B_JQ1_day5_vs_grp_143B_DMSO_day5__1","GSE74230",1,1,"entrambi"
"cgroup_L5_b71a25a2","GSE74324__GSE74324__group_0004_vs_group_0003__1","GSE74324",2,3,"nessuno"
"cgroup_L5_b71a25a2","GSE74324__GSE74324__group_0005_vs_group_0003__1","GSE74324",1,3,"solo_trattato"
"cgroup_L5_b71a25a2","GSE74324__GSE74324__group_0010_vs_group_0008__1","GSE74324",2,1,"solo_controllo"
"cgroup_L5_b71a25a2","GSE74324__GSE74324__group_0011_vs_group_0008__1","GSE74324",1,1,"entrambi"
"cgroup_L5_b71a25a2","GSE74324__GSE74324__group_0024_vs_group_0023__1","GSE74324",3,1,"solo_controllo"
"cgroup_L5_b71a25a2","GSE75364__GSE75364__JQ1_p6_vs_DMSO_p6__1","GSE75364",1,1,"entrambi"
"cgroup_L5_b71a25a2","GSE75364__GSE75364__JQ1_reprogramming_vs_DMSO_recovering__1","GSE75364",1,2,"solo_trattato"
"cgroup_L5_b71a25a2","GSE75364__GSE75364__JQ1_reprogramming_2_vs_DMSO_recovering__1","GSE75364",1,2,"solo_trattato"
"cgroup_L5_b71a25a2","GSE77737__GSE77737__grp_V457_JQ1_0.5hr_vs_grp_V457_none__1","GSE77737",1,1,"entrambi"
"cgroup_L5_b71a25a2","GSE77737__GSE77737__grp_V457_JQ1_1hr_vs_grp_V457_none__1","GSE77737",1,1,"entrambi"
"cgroup_L5_b71a25a2","GSE77737__GSE77737__grp_V457_JQ1_6hr_vs_grp_V457_none__1","GSE77737",1,1,"entrambi"
"cgroup_L5_b71a25a2","GSE77737__GSE77737__grp_V457_JQ1_24hr_vs_grp_V457_none__1","GSE77737",1,1,"entrambi"
"cgroup_L5_b71a25a2","GSE78801__GSE78801__grp_0010_vs_grp_0005__1","GSE78801",2,2,"nessuno"
"cgroup_L5_b71a25a2","GSE78801__GSE78801__grp_0011_vs_grp_0006__1","GSE78801",1,2,"solo_trattato"
"cgroup_L5_b71a25a2","GSE78801__GSE78801__grp_0012_vs_grp_0008__1","GSE78801",2,2,"nessuno"
"cgroup_L5_b71a25a2","GSE78801__GSE78801__grp_0013_vs_grp_0009__1","GSE78801",2,2,"nessuno"
"cgroup_L5_b71a25a2","GSE78801__GSE78801__grp_0014_vs_grp_0007__1","GSE78801",2,2,"nessuno"
"cgroup_L5_b71a25a2","GSE78801__GSE78801__grp_0015_vs_grp_0006__1","GSE78801",1,2,"solo_trattato"
"cgroup_L5_b71a25a2","GSE80153__GSE80153__JQ1_24H_BE2C_vs_DMSO_BE2C__1","GSE80153",3,3,"nessuno"
"cgroup_L5_b71a25a2","GSE80153__GSE80153__JQ1_4H_BE2C_vs_DMSO_BE2C__1","GSE80153",2,3,"nessuno"
"cgroup_L5_b71a25a2","GSE80153__GSE80153__JQ1_8H_BE2C_vs_DMSO_BE2C__1","GSE80153",3,3,"nessuno"
"cgroup_L5_b71a25a2","GSE81405__GSE81405__grp_0003_vs_grp_0002__1","GSE81405",3,3,"nessuno"
"cgroup_L5_b71a25a2","GSE83724__GSE83724__grp_0002_vs_grp_0003__1","GSE83724",2,1,"solo_controllo"
"cgroup_L5_b71a25a2","GSE88750__GSE88750__JQ1_vs_DMSO__1","GSE88750",3,3,"nessuno"
"cgroup_L5_b71a25a2","GSE92532__GSE92532__JQ1_24h_D2_vs_DMSO_24h__1","GSE92532",1,12,"solo_trattato"
"cgroup_L5_b71a25a2","GSE92532__GSE92532__JQ1_24h_D1_vs_DMSO_24h__1","GSE92532",5,12,"nessuno"
"cgroup_L5_b71a25a2","GSE92532__GSE92532__JQ1_6h_D1_vs_DMSO_6h__1","GSE92532",6,12,"nessuno"
"cgroup_L5_b71a25a2","GSE96779__GSE96779__MSR-A549_JQ1_vs_MSR-A549_DMSO__1","GSE96779",1,1,"entrambi"
"cgroup_L5_63180d66","GSE158925__GSE158925__grp_0003_vs_grp_0002__1","GSE158925",1,1,"entrambi"
"cgroup_L5_63180d66","GSE158925__GSE158925__grp_0003_vs_grp_0001__1","GSE158925",1,1,"entrambi"
"cgroup_L5_63180d66","GSE182286__GSE182286__grp_0005_vs_grp_0004__1","GSE182286",3,3,"nessuno"
"cgroup_L5_63180d66","GSE183194__GSE183194__grp_Daoy_SAG_vs_grp_Daoy_DMSO__1","GSE183194",3,4,"nessuno"
"cgroup_L5_63180d66","GSE183194__GSE183194__grp_HEPM_SAG_vs_grp_HEPM_DMSO-PB-1__1","GSE183194",3,1,"solo_controllo"
"cgroup_L5_86417b40","GSE161226__GSE161226__GANT61_vs_DMSO__1","GSE161226",1,1,"entrambi"
"cgroup_L5_86417b40","GSE161235__GSE161235__GANT61_vs_control__1","GSE161235",4,4,"nessuno"
"cgroup_L5_86417b40","GSE253415__GSE253415__grp_0002_vs_grp_0001__1","GSE253415",2,2,"nessuno"
"cgroup_L5_b45f7252","GSE135383__GSE135383__tigecycline_vs_DMSO__1","GSE135383",3,3,"nessuno"
"cgroup_L5_b45f7252","GSE135383__GSE135383__tigecycline_vs_untreated__1","GSE135383",3,6,"nessuno"
"cgroup_L5_b45f7252","GSE189499__GSE189499__Tigecycline_genetically_modified_vs_DMSO_genetically_modified__1","GSE189499",2,1,"solo_controllo"
"cgroup_L5_b45f7252","GSE199842__GSE199842__MHCC97H_Tigecycline_vs_MHCC97H_control__1","GSE199842",1,2,"solo_trattato"
"cgroup_L5_b45f7252","GSE199842__GSE199842__PLCPRF5_Tigecycline_vs_PLCPRF5_control__1","GSE199842",2,2,"nessuno"
"cgroup_L5_b9e7806c","GSE135960__GSE135960__grp_0002_vs_grp_0001__1","GSE135960",1,1,"entrambi"
"cgroup_L5_b9e7806c","GSE135960__GSE135960__grp_0003_vs_grp_0001__1","GSE135960",1,1,"entrambi"
"cgroup_L5_b9e7806c","GSE135960__GSE135960__grp_0004_vs_grp_0006__1","GSE135960",1,1,"entrambi"
"cgroup_L5_b9e7806c","GSE135960__GSE135960__grp_0005_vs_grp_0006__1","GSE135960",1,1,"entrambi"
"cgroup_L5_b9e7806c","GSE135960__GSE135960__grp_0008_vs_grp_0007__1","GSE135960",1,1,"entrambi"
"cgroup_L5_b9e7806c","GSE135960__GSE135960__grp_0009_vs_grp_0007__1","GSE135960",1,1,"entrambi"
"cgroup_L5_b9e7806c","GSE181905__GSE181905__grp_0001_vs_grp_0002__1","GSE181905",1,1,"entrambi"
"cgroup_L5_b9e7806c","GSE181905__GSE181905__grp_0005_vs_grp_0006__1","GSE181905",1,1,"entrambi"
"cgroup_L5_b9e7806c","GSE181905__GSE181905__grp_0010_vs_grp_0011__1","GSE181905",1,2,"solo_trattato"
"cgroup_L5_b9e7806c","GSE198248__GSE198248__grp_0033_vs_grp_0025__1","GSE198248",3,3,"nessuno"
"cgroup_L5_b9e7806c","GSE198248__GSE198248__grp_0034_vs_grp_0026__1","GSE198248",3,3,"nessuno"
"cgroup_L5_b9e7806c","GSE221475__GSE221475__CAL-51_THZ531_vs_CAL-51_DMSO__1","GSE221475",3,3,"nessuno"
"cgroup_L5_b9e7806c","GSE221475__GSE221475__MDA-MB-231_THZ531_vs_MDA-MB-231_DMSO__1","GSE221475",3,2,"nessuno"
"cgroup_L5_b9e7806c","GSE222493__GSE222493__THZ531_1_vs_DMSO__1","GSE222493",1,1,"entrambi"
"cgroup_L5_b9e7806c","GSE222493__GSE222493__THZ531_2_vs_DMSO__1","GSE222493",1,1,"entrambi"
"cgroup_L5_b9e7806c","GSE222493__GSE222493__THZ531_3_vs_DMSO__1","GSE222493",1,1,"entrambi"
"cgroup_L5_b9e7806c","GSE225375__GSE225375__grp_0005_vs_grp_0001__1","GSE225375",3,3,"nessuno"
"cgroup_L5_b9e7806c","GSE234734__GSE234734__22Rv11_THZ531_vs_22Rv1_DMSO__1","GSE234734",1,1,"entrambi"
"cgroup_L5_3370a794","GSE180180__GSE180180__Gilteritinib_30mg/kg_vs_Vehicle__1","GSE180180",6,10,"nessuno"
"cgroup_L5_3370a794","GSE180181__GSE180181__Gilteritinib_30mg/kg_vs_Vehicle__1","GSE180181",9,8,"nessuno"
"cgroup_L5_3370a794","GSE181586__GSE181586__MOLM14_gilteritinib_vs_MOLM14_DMSO__1","GSE181586",2,3,"nessuno"
"cgroup_L5_3370a794","GSE227839__GSE227839__grp_0002_vs_grp_0001__1","GSE227839",2,19,"nessuno"
"cgroup_L5_3370a794","GSE227839__GSE227839__grp_0003_vs_grp_0001__1","GSE227839",12,19,"nessuno"
"cgroup_L5_3370a794","GSE227839__GSE227839__grp_0004_vs_grp_0001__1","GSE227839",1,19,"solo_trattato"
"cgroup_L5_3370a794","GSE227839__GSE227839__grp_0005_vs_grp_0001__1","GSE227839",1,19,"solo_trattato"
"cgroup_L5_3370a794","GSE227839__GSE227839__grp_0006_vs_grp_0001__1","GSE227839",1,19,"solo_trattato"
"cgroup_L5_8e775709","GSE197601__GSE197601__indiso_vs_none__1","GSE197601",1,1,"entrambi"
"cgroup_L5_8e775709","GSE197602__GSE197602__A549_Indisulam_vs_A549_untreated__1","GSE197602",2,2,"nessuno"
"cgroup_L5_8e775709","GSE197602__GSE197602__SUM159_Indisulam_vs_SUM159_untreated__1","GSE197602",1,2,"solo_trattato"
"cgroup_L5_8e775709","GSE197603__GSE197603__A549_Indisulam_vs_A549_untreated__1","GSE197603",2,2,"nessuno"
"cgroup_L5_8e775709","GSE234734__GSE234734__22Rv10_Indisulam_vs_22Rv1_DMSO__1","GSE234734",1,1,"entrambi"
"cgroup_L5_e17c136b","GSE171250__GSE171250__grp_0001_vs_grp_0006__1","GSE171250",1,5,"solo_trattato"
"cgroup_L5_e17c136b","GSE171250__GSE171250__grp_0002_vs_grp_0006__1","GSE171250",1,5,"solo_trattato"
"cgroup_L5_e17c136b","GSE171250__GSE171250__grp_0003_vs_grp_0006__1","GSE171250",1,5,"solo_trattato"
"cgroup_L5_e17c136b","GSE171250__GSE171250__grp_0004_vs_grp_0006__1","GSE171250",1,5,"solo_trattato"
"cgroup_L5_e17c136b","GSE171250__GSE171250__grp_0005_vs_grp_0006__1","GSE171250",1,5,"solo_trattato"
"cgroup_L5_e17c136b","GSE171255__GSE171255__grp_0003_vs_grp_0004__1","GSE171255",3,5,"nessuno"
"cgroup_L5_e17c136b","GSE171260__GSE171260__FHSC39_MLN4924_vs_FHSC39_Vehicle__1","GSE171260",4,4,"nessuno"
"cgroup_L5_e17c136b","GSE206428__GSE206428__grp_0002_vs_grp_0001__1","GSE206428",2,2,"nessuno"
"cgroup_L5_ff78d2a8","GSE158765__GSE158765__aspirin_81mg_visit2_vs_vehicle_visit1__1","GSE158765",5,70,"nessuno"
"cgroup_L5_ff78d2a8","GSE158765__GSE158765__aspirin_325mg_visit2_vs_vehicle_visit1__1","GSE158765",169,70,"nessuno"
"cgroup_L5_ff78d2a8","GSE158765__GSE158765__aspirin_81mg_visit3_vs_vehicle_visit4__1","GSE158765",31,61,"nessuno"
"cgroup_L5_ff78d2a8","GSE158765__GSE158765__aspirin_325mg_visit3_vs_vehicle_visit4__1","GSE158765",94,61,"nessuno"
"cgroup_L5_ff78d2a8","GSE181638__GSE181638__aspirin_vs_untreated__1","GSE181638",4,1,"solo_controllo"
"cgroup_L5_ff78d2a8","GSE198434__GSE198434__grp_0001_vs_grp_0002__1","GSE198434",3,3,"nessuno"
"cgroup_L5_ff78d2a8","GSE199800__GSE199800__Aspirin_vs_UNTREATED__1","GSE199800",1,4,"solo_trattato"
"cgroup_L5_ff78d2a8","GSE217898__GSE217898__PAEC_Aspirin_24h_vs_PAEC_DMSO_24h__1","GSE217898",4,2,"nessuno"
"cgroup_L5_37942548","GSE100855__GSE100855__grp_hela_retinoic_acid_1uM_7h_vs_grp_hela_dmso__1","GSE100855",1,3,"solo_trattato"
"cgroup_L5_37942548","GSE100855__GSE100855__grp_hela_retinoic_acid_1uM_7h_rep_vs_grp_hela_dmso_rep__1","GSE100855",3,3,"nessuno"
"cgroup_L5_37942548","GSE100855__GSE100855__grp_hela_retinoic_acid_1uM_7h_engineered_vs_grp_hela_dmso_engineered__1","GSE100855",1,1,"entrambi"
"cgroup_L5_37942548","GSE100855__GSE100855__grp_hela_retinoic_acid_1uM_7h_engineered_rep_vs_grp_hela_dmso_rep_engineered__1","GSE100855",1,1,"entrambi"
"cgroup_L5_37942548","GSE100855__GSE100855__grp_hela_retinoic_acid_1uM_7h_engineered_rep_2_vs_grp_hela_dmso_rep_engineered_2__1","GSE100855",2,3,"nessuno"
"cgroup_L5_37942548","GSE100855__GSE100855__grp_hela_retinoic_acid_1uM_7h_engineered_rep_3_vs_grp_hela_dmso_engineered_ko38__1","GSE100855",2,1,"solo_controllo"
"cgroup_L5_37942548","GSE100855__GSE100855__grp_fibroblasts_retinoic_acid_10uM_7h_vs_grp_fibroblasts_dmso__1","GSE100855",1,1,"entrambi"
"cgroup_L5_37942548","GSE100855__GSE100855__grp_fibroblasts_retinoic_acid_10uM_7h_rep_vs_grp_fibroblasts_dmso_rep__1","GSE100855",1,2,"solo_trattato"
"cgroup_L5_37942548","GSE100855__GSE100855__grp_fibroblasts_retinoic_acid_10uM_7h_engineered_vs_grp_fibroblasts_dmso_engineered__1","GSE100855",3,5,"nessuno"
"cgroup_L5_37942548","GSE100855__GSE100855__grp_fibroblasts_retinoic_acid_10uM_7h_engineered_rep_vs_grp_fibroblasts_dmso_engineered__1","GSE100855",1,5,"solo_trattato"
"cgroup_L5_37942548","GSE100855__GSE100855__grp_fibroblasts_retinoic_acid_10uM_7h_rep_2_vs_grp_fibroblasts_dmso_rep_2__1","GSE100855",4,2,"nessuno"
"cgroup_L5_37942548","GSE100855__GSE100855__grp_fibroblasts_retinoic_acid_10uM_7h_rep_3_vs_grp_fibroblasts_dmso_rep_3__1","GSE100855",1,1,"entrambi"
"cgroup_L5_37942548","GSE100855__GSE100855__grp_fibroblasts_retinoic_acid_10uM_7h_rep_4_vs_grp_fibroblasts_dmso_rep__1","GSE100855",1,2,"solo_trattato"
"cgroup_L5_37942548","GSE121534__GSE121534__grp_0004_vs_grp_0001__1","GSE121534",3,1,"solo_controllo"
"cgroup_L5_37942548","GSE121534__GSE121534__grp_0004_vs_grp_0002__1","GSE121534",3,1,"solo_controllo"
"cgroup_L5_37942548","GSE121534__GSE121534__grp_0004_vs_grp_0003__1","GSE121534",3,1,"solo_controllo"
"cgroup_L5_37942548","GSE166214__GSE166214__grp_0003_vs_grp_0002__1","GSE166214",3,5,"nessuno"
"cgroup_L5_37942548","GSE166214__GSE166214__grp_0004_vs_grp_0002__1","GSE166214",2,5,"nessuno"
"cgroup_L5_37942548","GSE166214__GSE166214__grp_0005_vs_grp_0002__1","GSE166214",1,5,"solo_trattato"
"cgroup_L5_37942548","GSE179347__GSE179347__grp_0001_vs_grp_0025__1","GSE179347",1,14,"solo_trattato"
"cgroup_L5_37942548","GSE179347__GSE179347__grp_0001_vs_grp_0026__1","GSE179347",1,14,"solo_trattato"
"cgroup_L5_37942548","GSE179347__GSE179347__grp_0001_vs_grp_0027__1","GSE179347",1,14,"solo_trattato"
"cgroup_L5_37942548","GSE179347__GSE179347__HMCL7304_RETINOIC_ACID_vs_HMCL7304_EMEM_medium__1","GSE179347",1,2,"solo_trattato"
"cgroup_L5_37942548","GSE179347__GSE179347__SGBS_RETINOIC_ACID_vs_SGBS_EMEM_medium__1","GSE179347",2,9,"nessuno"
"cgroup_L5_37942548","GSE199800__GSE199800__Tretinoin_vs_UNTREATED__1","GSE199800",1,6,"solo_trattato"
"cgroup_L5_37942548","GSE69121__GSE69121__grp_0002_vs_grp_0001__1","GSE69121",1,2,"solo_trattato"
"cgroup_L5_37942548","GSE69121__GSE69121__grp_0004_vs_grp_0005__1","GSE69121",2,2,"nessuno"
"cgroup_L5_37942548","GSE93206__GSE93206__SP_retinoic_acid_vs_DMSO__1","GSE93206",1,1,"entrambi"
"cgroup_L5_3a58e5f5","GSE163831__GSE163831__PGE2_6hr_vs_Control_6hr__1","GSE163831",3,3,"nessuno"
"cgroup_L5_3a58e5f5","GSE213691__GSE213691__grp_0006_vs_grp_0002__1","GSE213691",4,2,"nessuno"
"cgroup_L5_3a58e5f5","GSE229398__GSE229398__PGE2_vs_DMSO__1","GSE229398",2,3,"nessuno"
"cgroup_L5_3a58e5f5","GSE229398__GSE229398__PGE2_CD34_vs_DMSO_CD34__1","GSE229398",2,1,"solo_controllo"
"cgroup_L5_3a58e5f5","GSE99392__GSE99392__PGE2_1h_vs_DMSO_1h__1","GSE99392",2,1,"solo_controllo"
"cgroup_L5_3a58e5f5","GSE99392__GSE99392__PGE2_24h_vs_DMSO_24h__1","GSE99392",2,1,"solo_controllo"
"cgroup_L5_d28620cd","GSE171543__GSE171543__grp_0002_vs_grp_0001__1","GSE171543",3,3,"nessuno"
"cgroup_L5_d28620cd","GSE171560__GSE171560__STS_vs_DMSO__1","GSE171560",3,3,"nessuno"
"cgroup_L5_d28620cd","GSE241595__GSE241595__apoEVs_vs_control__1","GSE241595",3,2,"nessuno"
"cgroup_L5_dde29fb4","GSE126750__GSE126750__H2O2_vs_DMSO__1","GSE126750",3,2,"nessuno"
"cgroup_L5_dde29fb4","GSE130664__GSE130664__grp_0005_vs_grp_0001__1","GSE130664",1,3,"solo_trattato"
"cgroup_L5_dde29fb4","GSE130664__GSE130664__grp_0006_vs_grp_0001__1","GSE130664",4,3,"nessuno"
"cgroup_L5_dde29fb4","GSE130664__GSE130664__grp_0007_vs_grp_0001__1","GSE130664",1,3,"solo_trattato"
"cgroup_L5_dde29fb4","GSE147012__GSE147012__grp_0001_vs_grp_0002__1","GSE147012",1,2,"solo_trattato"
"cgroup_L5_dde29fb4","GSE147012__GSE147012__grp_0003_vs_grp_0002__1","GSE147012",1,2,"solo_trattato"
"cgroup_L5_dde29fb4","GSE150042__GSE150042__H2O2_vs_DMSO__1","GSE150042",1,1,"entrambi"
"cgroup_L5_dde29fb4","GSE161701__GSE161701__wild-type_H2O2_vs_wild-type_untreated__1","GSE161701",3,1,"solo_controllo"
"cgroup_L5_dde29fb4","GSE161860__GSE161860__grp_0001_vs_grp_0002__1","GSE161860",1,1,"entrambi"
"cgroup_L5_dde29fb4","GSE161860__GSE161860__grp_0005_vs_grp_0002__1","GSE161860",2,1,"solo_controllo"
"cgroup_L5_dde29fb4","GSE188458__GSE188458__H2O2_300_uM_24h_vs_Untreated__1","GSE188458",3,2,"nessuno"
"cgroup_L5_dde29fb4","GSE188458__GSE188458__H2O2_300_uM_4h_vs_Untreated__1","GSE188458",3,2,"nessuno"
"cgroup_L5_dde29fb4","GSE188458__GSE188458__H2O2_300_uM_8h_vs_Untreated__1","GSE188458",3,2,"nessuno"
"cgroup_L5_dde29fb4","GSE196284__GSE196284__grp_0001_vs_grp_0002__1","GSE196284",1,1,"entrambi"
"cgroup_L5_dde29fb4","GSE196284__GSE196284__grp_0004_vs_grp_0003__1","GSE196284",1,1,"entrambi"
"cgroup_L5_dde29fb4","GSE197148__GSE197148__H2O2_untreated__1","GSE197148",2,1,"solo_controllo"
"cgroup_L5_dde29fb4","GSE204781__GSE204781__H2O2_untreated__1","GSE204781",5,5,"nessuno"
"cgroup_L5_dde29fb4","GSE216447__GSE216447__grp_H2O2_vs_grp_media_only__1","GSE216447",2,1,"solo_controllo"
"cgroup_L5_dde29fb4","GSE222749__GSE222749__grp_0002_vs_grp_0001__1","GSE222749",3,6,"nessuno"
"cgroup_L5_dde29fb4","GSE225095__GSE225095__grp_0002_vs_grp_0001__1","GSE225095",3,4,"nessuno"
"cgroup_L5_dde29fb4","GSE225095__GSE225095__grp_0004_vs_grp_0001__1","GSE225095",1,4,"solo_trattato"
"cgroup_L5_dde29fb4","GSE227554__GSE227554__grp_0005_vs_grp_0001__1","GSE227554",3,1,"solo_controllo"
"cgroup_L5_dde29fb4","GSE227554__GSE227554__grp_0006_vs_grp_0001__1","GSE227554",3,1,"solo_controllo"
"cgroup_L5_dde29fb4","GSE227554__GSE227554__grp_0010_vs_grp_0009__1","GSE227554",2,3,"nessuno"
"cgroup_L5_dde29fb4","GSE227554__GSE227554__grp_0011_vs_grp_0009__1","GSE227554",3,3,"nessuno"
"cgroup_L5_dde29fb4","GSE250127__GSE250127__grp_0001_vs_grp_0010__1","GSE250127",1,1,"entrambi"
"cgroup_L5_dde29fb4","GSE250127__GSE250127__grp_0005_vs_grp_0008__1","GSE250127",1,1,"entrambi"
"cgroup_L5_dde29fb4","GSE250127__GSE250127__grp_0006_vs_grp_0009__1","GSE250127",1,1,"entrambi"
"cgroup_L5_dde29fb4","GSE250127__GSE250127__grp_0011_vs_grp_0012__1","GSE250127",1,1,"entrambi"
"cgroup_L5_dde29fb4","GSE262015__GSE262015__grp_0005_vs_grp_0001__1","GSE262015",1,1,"entrambi"
"cgroup_L5_dde29fb4","GSE60340__GSE60340__H2O2_vs_Untreated__1","GSE60340",3,1,"solo_controllo"
"cgroup_L5_dde29fb4","GSE73941__GSE73941__grp_0007_vs_grp_0006__1","GSE73941",1,2,"solo_trattato"
"cgroup_L5_dde29fb4","GSE75962__GSE75962__grp_0002_vs_grp_0001__1","GSE75962",2,2,"nessuno"
"cgroup_L5_dde29fb4","GSE78275__GSE78275__grp_0002_vs_grp_0001__1","GSE78275",1,1,"entrambi"
"cgroup_L5_930c8dcf","GSE102183__GSE102183__grp_0002_vs_grp_0001__1","GSE102183",1,2,"solo_trattato"
"cgroup_L5_930c8dcf","GSE102183__GSE102183__grp_0004_vs_grp_0003__1","GSE102183",1,2,"solo_trattato"
"cgroup_L5_930c8dcf","GSE118152__GSE118152__grp_0006_vs_grp_0001__1","GSE118152",2,1,"solo_controllo"
"cgroup_L5_930c8dcf","GSE123763__GSE123763__GAR15-13_DHT_vs_GAR15-13_Vehicle__1","GSE123763",2,5,"nessuno"
"cgroup_L5_930c8dcf","GSE123763__GSE123763__HCI-005_DHT_vs_HCI-005_Vehicle__1","GSE123763",2,2,"nessuno"
"cgroup_L5_930c8dcf","GSE123766__GSE123766__grp_0003_vs_grp_0001__1","GSE123766",5,3,"nessuno"
"cgroup_L5_930c8dcf","GSE125014__GSE125014__grp_0009_vs_grp_0012__1","GSE125014",2,4,"nessuno"
"cgroup_L5_930c8dcf","GSE125014__GSE125014__grp_0010_vs_grp_0012__1","GSE125014",2,4,"nessuno"
"cgroup_L5_930c8dcf","GSE130247__GSE130247__grp_0003_vs_grp_0006__1","GSE130247",2,2,"nessuno"
"cgroup_L5_930c8dcf","GSE130247__GSE130247__grp_0004_vs_grp_0006__1","GSE130247",1,2,"solo_trattato"
"cgroup_L5_930c8dcf","GSE131726__GSE131726__grp_0005_vs_grp_0001__1","GSE131726",1,3,"solo_trattato"
"cgroup_L5_930c8dcf","GSE138053__GSE138053__DHT_iPSC_Donor_6_vs_EtOH_iPSC_Donor_6__1","GSE138053",3,6,"nessuno"
"cgroup_L5_930c8dcf","GSE141806__GSE141806__grp_0001_vs_grp_0002__1","GSE141806",2,3,"nessuno"
"cgroup_L5_930c8dcf","GSE148806__GSE148806__grp_0002_vs_grp_0001__1","GSE148806",3,3,"nessuno"
"cgroup_L5_930c8dcf","GSE148806__GSE148806__grp_0004_vs_grp_0003__1","GSE148806",3,1,"solo_controllo"
"cgroup_L5_930c8dcf","GSE148806__GSE148806__grp_0005_vs_grp_0009__1","GSE148806",2,3,"nessuno"
"cgroup_L5_930c8dcf","GSE148806__GSE148806__grp_0010_vs_grp_0009__1","GSE148806",1,3,"solo_trattato"
"cgroup_L5_930c8dcf","GSE152246__GSE152246__grp_0001_vs_grp_0002__1","GSE152246",1,1,"entrambi"
"cgroup_L5_930c8dcf","GSE157104__GSE157104__VCaP_DHT_10hr_vs_VCaP_Vehicle__1","GSE157104",2,6,"nessuno"
"cgroup_L5_930c8dcf","GSE157104__GSE157104__VCaP_DHT_2hr_vs_VCaP_Vehicle__1","GSE157104",1,6,"solo_trattato"
"cgroup_L5_930c8dcf","GSE157104__GSE157104__VCaP_DHT_24hr_vs_VCaP_Vehicle_24hr__1","GSE157104",2,2,"nessuno"
"cgroup_L5_930c8dcf","GSE158557__GSE158557__ARQ640X_DHT_vs_ARQ640X_Vehicle__1","GSE158557",1,3,"solo_trattato"
"cgroup_L5_930c8dcf","GSE158557__GSE158557__ARV7_DHT_vs_ARV7_Vehicle__1","GSE158557",2,3,"nessuno"
"cgroup_L5_930c8dcf","GSE158557__GSE158557__ARWT_DHT_vs_ARWT_Vehicle__1","GSE158557",2,3,"nessuno"
"cgroup_L5_930c8dcf","GSE158557__GSE158557__EGFP_DHT_vs_EGFP_Vehicle__1","GSE158557",3,3,"nessuno"
"cgroup_L5_930c8dcf","GSE159606__GSE159606__DHT_vs_VehicleControl__1","GSE159606",3,3,"nessuno"
"cgroup_L5_930c8dcf","GSE163539__GSE163539__DHT_vs_DMSO__1","GSE163539",3,3,"nessuno"
"cgroup_L5_930c8dcf","GSE165246__GSE165246__grp_0001_vs_grp_0002__1","GSE165246",3,2,"nessuno"
"cgroup_L5_930c8dcf","GSE174589__GSE174589__grp_0004_vs_grp_0001__1","GSE174589",1,1,"entrambi"
"cgroup_L5_930c8dcf","GSE174618__GSE174618__grp_0002_vs_grp_0001__1","GSE174618",3,4,"nessuno"
"cgroup_L5_930c8dcf","GSE174618__GSE174618__grp_0003_vs_grp_0001__1","GSE174618",4,4,"nessuno"
"cgroup_L5_930c8dcf","GSE174618__GSE174618__grp_0004_vs_grp_0001__1","GSE174618",1,4,"solo_trattato"
"cgroup_L5_930c8dcf","GSE174618__GSE174618__grp_0005_vs_grp_0001__1","GSE174618",1,4,"solo_trattato"
"cgroup_L5_930c8dcf","GSE174618__GSE174618__grp_0006_vs_grp_0001__1","GSE174618",1,4,"solo_trattato"
"cgroup_L5_930c8dcf","GSE174618__GSE174618__grp_0007_vs_grp_0001__1","GSE174618",2,4,"nessuno"
"cgroup_L5_930c8dcf","GSE176006__GSE176006__grp_0003_vs_grp_0002__1","GSE176006",5,6,"nessuno"
"cgroup_L5_930c8dcf","GSE178374__GSE178374__grp_0003_vs_grp_0002__1","GSE178374",4,3,"nessuno"
"cgroup_L5_930c8dcf","GSE178374__GSE178374__grp_0004_vs_grp_0001__1","GSE178374",2,3,"nessuno"
"cgroup_L5_930c8dcf","GSE210765__GSE210765__grp_0002_vs_grp_0001__1","GSE210765",3,6,"nessuno"
"cgroup_L5_930c8dcf","GSE218556__GSE218556__LNCaP_DHT_vs_LNCaP_Vehicle__1","GSE218556",3,3,"nessuno"
"cgroup_L5_930c8dcf","GSE227511__GSE227511__grp_LNCaP_DHT_ACP_vs_grp_LNCaP_control_media_ACP__1","GSE227511",2,2,"nessuno"
"cgroup_L5_930c8dcf","GSE227511__GSE227511__grp_MDaPCa2a_DHT_ACP_vs_grp_MDaPCa2a_plastic_control_media__1","GSE227511",2,1,"solo_controllo"
"cgroup_L5_930c8dcf","GSE227511__GSE227511__grp_VCaP_DHT_ACP_polyA_vs_grp_VCaP_control_media_ACP__1","GSE227511",1,2,"solo_trattato"
"cgroup_L5_930c8dcf","GSE227511__GSE227511__grp_VCaP_DHT_ACP_vs_grp_VCaP_control_media_ACP__1","GSE227511",1,2,"solo_trattato"
"cgroup_L5_930c8dcf","GSE236286__GSE236286__DHT_vs_Vehicle__1","GSE236286",2,2,"nessuno"
"cgroup_L5_930c8dcf","GSE242735__GSE242735__grp_LNCaP_DHT_non_targeting_sgRNA_pool_vs_grp_LNCaP_non_targeting_sgRNA_pool__1","GSE242735",1,2,"solo_trattato"
"cgroup_L5_930c8dcf","GSE43785__GSE43785__grp_0001_vs_grp_0002__1","GSE43785",1,2,"solo_trattato"
"cgroup_L5_930c8dcf","GSE45202__GSE45202__grp_0002_vs_grp_0001__1","GSE45202",1,1,"entrambi"
"cgroup_L5_930c8dcf","GSE54946__GSE54946__grp_0004_vs_grp_0001__1","GSE54946",1,2,"solo_trattato"
"cgroup_L5_930c8dcf","GSE55903__GSE55903__DHT_vs_DMSO__1","GSE55903",1,1,"entrambi"
"cgroup_L5_930c8dcf","GSE64529__GSE64529__DHT_vs_control__1","GSE64529",2,3,"nessuno"
"cgroup_L5_930c8dcf","GSE84432__GSE84432__grp_0005_vs_grp_0004__1","GSE84432",2,1,"solo_controllo"
"cgroup_L5_930c8dcf","GSE84432__GSE84432__grp_0005_vs_grp_0006__1","GSE84432",2,1,"solo_controllo"
"cgroup_L5_930c8dcf","GSE89917__GSE89917__grp_0003_vs_grp_0002__1","GSE89917",2,2,"nessuno"
"cgroup_L5_930c8dcf","GSE89917__GSE89917__grp_0003_vs_grp_0001__1","GSE89917",2,1,"solo_controllo"
"cgroup_L5_930c8dcf","GSE94013__GSE94013__DHT_vs_DMSO__1","GSE94013",2,2,"nessuno"
"cgroup_L5_930c8dcf","GSE99626__GSE99626__T47D_E2_DHT_vs_T47D_Vehicle__1","GSE99626",3,3,"nessuno"
"cgroup_L5_0b985869","GSE113091__GSE113091__grp_0002_vs_grp_0001__1","GSE113091",8,12,"nessuno"
"cgroup_L5_0b985869","GSE201334__GSE201334__grp_0001_vs_grp_0003__1","GSE201334",1,3,"solo_trattato"
"cgroup_L5_0b985869","GSE201334__GSE201334__grp_0002_vs_grp_0003__1","GSE201334",2,3,"nessuno"
"cgroup_L5_0b985869","GSE216006__GSE216006__grp_0001_vs_grp_0002__1","GSE216006",1,1,"entrambi"
"cgroup_L5_c548d053","GSE101409__GSE101409__grp_0034_vs_grp_0035__1","GSE101409",1,1,"entrambi"
"cgroup_L5_c548d053","GSE101409__GSE101409__grp_0032_vs_grp_0021__1","GSE101409",1,2,"solo_trattato"
"cgroup_L5_c548d053","GSE101409__GSE101409__grp_0036_vs_grp_0021__1","GSE101409",1,2,"solo_trattato"
"cgroup_L5_c548d053","GSE103501__GSE103501__grp_0001_vs_grp_0002__1","GSE103501",4,1,"solo_controllo"
"cgroup_L5_c548d053","GSE103501__GSE103501__grp_0006_vs_grp_0005__1","GSE103501",4,4,"nessuno"
"cgroup_L5_c548d053","GSE104282__GSE104282__grp_0002_vs_grp_0003__1","GSE104282",3,1,"solo_controllo"
"cgroup_L5_c548d053","GSE104282__GSE104282__grp_0004_vs_grp_0005__1","GSE104282",3,3,"nessuno"
"cgroup_L5_c548d053","GSE110947__GSE110947__grp_0019_vs_grp_0001__1","GSE110947",4,1,"solo_controllo"
"cgroup_L5_c548d053","GSE111927__GSE111927__grp_0004_vs_grp_0003__1","GSE111927",3,1,"solo_controllo"
"cgroup_L5_c548d053","GSE118566__GSE118566__grp_0001_vs_grp_0002__1","GSE118566",3,6,"nessuno"
"cgroup_L5_c548d053","GSE118566__GSE118566__grp_0003_vs_grp_0002__1","GSE118566",3,6,"nessuno"
"cgroup_L5_c548d053","GSE122267__GSE122267__grp_0005_vs_grp_0003__1","GSE122267",1,1,"entrambi"
"cgroup_L5_c548d053","GSE125342__GSE125342__LPS_vs_control__1","GSE125342",3,3,"nessuno"
"cgroup_L5_c548d053","GSE135640__GSE135640__grp_epi_LPS_vs_grp_epi_mock__1","GSE135640",3,3,"nessuno"
"cgroup_L5_c548d053","GSE135640__GSE135640__grp_stromal_LPS_vs_grp_stromal_mock__1","GSE135640",3,6,"nessuno"
"cgroup_L5_c548d053","GSE135753__GSE135753__grp_0005_vs_grp_0001__1","GSE135753",1,3,"solo_trattato"
"cgroup_L5_c548d053","GSE135753__GSE135753__grp_0006_vs_grp_0001__1","GSE135753",2,3,"nessuno"
"cgroup_L5_c548d053","GSE139278__GSE139278__LPS_vs_vehicle__1","GSE139278",2,1,"solo_controllo"
"cgroup_L5_c548d053","GSE139370__GSE139370__LPS_vs_Untreated__1","GSE139370",3,3,"nessuno"
"cgroup_L5_c548d053","GSE140702__GSE140702__nt_lps_vs_nt_vehicle__1","GSE140702",7,23,"nessuno"
"cgroup_L5_c548d053","GSE142560__GSE142560__grp_0001_vs_grp_0003__1","GSE142560",3,3,"nessuno"
"cgroup_L5_c548d053","GSE142560__GSE142560__grp_0002_vs_grp_0004__1","GSE142560",3,3,"nessuno"
"cgroup_L5_c548d053","GSE145382__GSE145382__grp_0001_vs_grp_0003__1","GSE145382",5,9,"nessuno"
"cgroup_L5_c548d053","GSE145382__GSE145382__grp_0002_vs_grp_0003__1","GSE145382",6,9,"nessuno"
"cgroup_L5_c548d053","GSE149141__GSE149141__grp_LPS_vs_grp_none__1","GSE149141",1,1,"entrambi"
"cgroup_L5_c548d053","GSE150893__GSE150893__grp_0002_vs_grp_0001__1","GSE150893",2,2,"nessuno"
"cgroup_L5_c548d053","GSE150893__GSE150893__grp_0003_vs_grp_0001__1","GSE150893",1,2,"solo_trattato"
"cgroup_L5_c548d053","GSE151796__GSE151796__grp_intestinal_lps_vs_grp_intestinal_untreated__1","GSE151796",2,4,"nessuno"
"cgroup_L5_c548d053","GSE151796__GSE151796__grp_lung_lps_vs_grp_lung_untreated__1","GSE151796",4,4,"nessuno"
"cgroup_L5_c548d053","GSE155918__GSE155918__grp_0008_vs_grp_0007__1","GSE155918",3,5,"nessuno"
"cgroup_L5_c548d053","GSE155918__GSE155918__grp_0009_vs_grp_0006__1","GSE155918",6,6,"nessuno"
"cgroup_L5_c548d053","GSE155918__GSE155918__grp_0010_vs_grp_0007__1","GSE155918",3,5,"nessuno"
"cgroup_L5_c548d053","GSE163165__GSE163165__LPS_1h_vs_Control__1","GSE163165",1,3,"solo_trattato"
"cgroup_L5_c548d053","GSE163165__GSE163165__LPS_2h_vs_Control__1","GSE163165",1,3,"solo_trattato"
"cgroup_L5_c548d053","GSE163165__GSE163165__LPS_3h_vs_Control__1","GSE163165",1,3,"solo_trattato"
"cgroup_L5_c548d053","GSE166238__GSE166238__LPS_Donor_C_vs_RPMI_media_Donor_C__1","GSE166238",1,1,"entrambi"
"cgroup_L5_c548d053","GSE166238__GSE166238__LPS_Donor_A_vs_RPMI_media_Donor_A__1","GSE166238",1,1,"entrambi"
"cgroup_L5_c548d053","GSE166238__GSE166238__LPS_Donor_B_vs_RPMI_media_Donor_B__1","GSE166238",1,1,"entrambi"
"cgroup_L5_c548d053","GSE168468__GSE168468__grp_0013_vs_grp_0015__1","GSE168468",2,1,"solo_controllo"
"cgroup_L5_c548d053","GSE168468__GSE168468__grp_0014_vs_grp_0015__1","GSE168468",1,1,"entrambi"
"cgroup_L5_c548d053","GSE168468__GSE168468__grp_0022_vs_grp_0015__1","GSE168468",1,1,"entrambi"
"cgroup_L5_c548d053","GSE168468__GSE168468__grp_0024_vs_grp_0015__1","GSE168468",1,1,"entrambi"
"cgroup_L5_c548d053","GSE168468__GSE168468__grp_0025_vs_grp_0015__1","GSE168468",1,1,"entrambi"
"cgroup_L5_c548d053","GSE168468__GSE168468__grp_0027_vs_grp_0015__1","GSE168468",3,1,"solo_controllo"
"cgroup_L5_c548d053","GSE168468__GSE168468__grp_0032_vs_grp_0015__1","GSE168468",2,1,"solo_controllo"
"cgroup_L5_c548d053","GSE168468__GSE168468__grp_0035_vs_grp_0015__1","GSE168468",3,1,"solo_controllo"
"cgroup_L5_c548d053","GSE168468__GSE168468__grp_0036_vs_grp_0015__1","GSE168468",1,1,"entrambi"
"cgroup_L5_c548d053","GSE173807__GSE173807__grp_0001_vs_grp_0005__1","GSE173807",3,1,"solo_controllo"
"cgroup_L5_c548d053","GSE173807__GSE173807__grp_0001_vs_grp_0006__1","GSE173807",3,2,"nessuno"
"cgroup_L5_c548d053","GSE180693__GSE180693__T3_and_LPS_24h_vs_RPMI_media_24h__1","GSE180693",3,3,"nessuno"
"cgroup_L5_c548d053","GSE180693__GSE180693__T3_and_LPS_4h_vs_RPMI_media_4h__1","GSE180693",3,3,"nessuno"
"cgroup_L5_c548d053","GSE181851__GSE181851__LPS_vs_untreated__1","GSE181851",3,3,"nessuno"
"cgroup_L5_c548d053","GSE181851__GSE181851__PW_and_LPS_vs_untreated__1","GSE181851",3,3,"nessuno"
"cgroup_L5_c548d053","GSE185433__GSE185433__grp_0005_vs_grp_0010__1","GSE185433",1,2,"solo_trattato"
"cgroup_L5_c548d053","GSE185433__GSE185433__grp_0008_vs_grp_0010__1","GSE185433",1,2,"solo_trattato"
"cgroup_L5_c548d053","GSE185433__GSE185433__grp_0009_vs_grp_0001__1","GSE185433",2,1,"solo_controllo"
"cgroup_L5_c548d053","GSE189136__GSE189136__grp_0003_vs_grp_0002__1","GSE189136",3,2,"nessuno"
"cgroup_L5_c548d053","GSE190405__GSE190405__grp_0001_vs_grp_0002__1","GSE190405",4,4,"nessuno"
"cgroup_L5_c548d053","GSE190405__GSE190405__grp_0004_vs_grp_0003__1","GSE190405",4,4,"nessuno"
"cgroup_L5_c548d053","GSE196243__GSE196243__dermal_HC_LPS_vs_dermal_HC_untreated__1","GSE196243",3,3,"nessuno"
"cgroup_L5_c548d053","GSE199367__GSE199367__LPS_12H_Donor_2_vs_DMSO_12H_Donor_2__1","GSE199367",2,3,"nessuno"
"cgroup_L5_c548d053","GSE199367__GSE199367__LPS_2H_Donor_1_vs_DMSO_2H_Donor_1__1","GSE199367",6,6,"nessuno"
"cgroup_L5_c548d053","GSE199367__GSE199367__LPS_12H_Donor_1_vs_DMSO_12H_Donor_1__1","GSE199367",1,3,"solo_trattato"
"cgroup_L5_c548d053","GSE199367__GSE199367__LPS_6H_Donor_1_vs_DMSO_6H_Donor_1__1","GSE199367",2,4,"nessuno"
"cgroup_L5_c548d053","GSE199367__GSE199367__LPS_12H_Donor_1_vs_DMSO_12H_Donor_1__2","GSE199367",3,3,"nessuno"
"cgroup_L5_c548d053","GSE199367__GSE199367__LPS_6H_Donor_1_vs_DMSO_6H_Donor_1__2","GSE199367",3,4,"nessuno"
"cgroup_L5_c548d053","GSE208550__GSE208550__LPS_vs_control__1","GSE208550",2,3,"nessuno"
"cgroup_L5_c548d053","GSE217012__GSE217012__RA_LPS_vs_RA_Untreated__1","GSE217012",2,3,"nessuno"
"cgroup_L5_c548d053","GSE218606__GSE218606__grp_0002_vs_grp_0001__1","GSE218606",3,3,"nessuno"
"cgroup_L5_c548d053","GSE226280__GSE226280__lps_vs_media__1","GSE226280",11,8,"nessuno"
"cgroup_L5_c548d053","GSE231686__GSE231686__SLE_LPS_vs_SLE_Untreated__1","GSE231686",9,3,"nessuno"
"cgroup_L5_c548d053","GSE231686__GSE231686__grp_0041_vs_grp_0007__1","GSE231686",1,1,"entrambi"
"cgroup_L5_c548d053","GSE233262__GSE233262__grp_0007_vs_grp_0006__1","GSE233262",1,5,"solo_trattato"
"cgroup_L5_c548d053","GSE233262__GSE233262__grp_0008_vs_grp_0006__1","GSE233262",4,5,"nessuno"
"cgroup_L5_c548d053","GSE233262__GSE233262__grp_0021_vs_grp_0020__1","GSE233262",2,4,"nessuno"
"cgroup_L5_c548d053","GSE233262__GSE233262__grp_0022_vs_grp_0020__1","GSE233262",2,4,"nessuno"
"cgroup_L5_c548d053","GSE235310__GSE235310__grp_0008_vs_grp_0004__1","GSE235310",1,1,"entrambi"
"cgroup_L5_c548d053","GSE235310__GSE235310__grp_0009_vs_grp_0004__1","GSE235310",1,1,"entrambi"
"cgroup_L5_c548d053","GSE235310__GSE235310__grp_0010_vs_grp_0004__1","GSE235310",1,1,"entrambi"
"cgroup_L5_c548d053","GSE236998__GSE236998__LPS_vs_Naive__1","GSE236998",6,6,"nessuno"
"cgroup_L5_c548d053","GSE236999__GSE236999__grp_0001_vs_grp_0006__1","GSE236999",10,4,"nessuno"
"cgroup_L5_c548d053","GSE236999__GSE236999__grp_0002_vs_grp_0008__1","GSE236999",1,1,"entrambi"
"cgroup_L5_c548d053","GSE236999__GSE236999__grp_0001_vs_grp_0003__1","GSE236999",10,2,"nessuno"
"cgroup_L5_c548d053","GSE236999__GSE236999__grp_0002_vs_grp_0003__1","GSE236999",1,2,"solo_trattato"
"cgroup_L5_c548d053","GSE241554__GSE241554__grp_0002_vs_grp_0001__1","GSE241554",2,3,"nessuno"
"cgroup_L5_c548d053","GSE241554__GSE241554__grp_0003_vs_grp_0001__1","GSE241554",1,3,"solo_trattato"
"cgroup_L5_c548d053","GSE245677__GSE245677__grp_0002_vs_grp_0001__1","GSE245677",2,3,"nessuno"
"cgroup_L5_c548d053","GSE245677__GSE245677__grp_0003_vs_grp_0004__1","GSE245677",2,3,"nessuno"
"cgroup_L5_c548d053","GSE245677__GSE245677__grp_0005_vs_grp_0004__1","GSE245677",1,3,"solo_trattato"
"cgroup_L5_c548d053","GSE245677__GSE245677__grp_0006_vs_grp_0004__1","GSE245677",1,3,"solo_trattato"
"cgroup_L5_c548d053","GSE251809__GSE251809__grp_0001_vs_grp_0003__1","GSE251809",1,6,"solo_trattato"
"cgroup_L5_c548d053","GSE251809__GSE251809__grp_0005_vs_grp_0003__1","GSE251809",1,6,"solo_trattato"
"cgroup_L5_c548d053","GSE46323__GSE46323__LPS_vs_Vehicle__1","GSE46323",1,1,"entrambi"
"cgroup_L5_c548d053","GSE50792__GSE50792__grp_0001_vs_grp_0002__1","GSE50792",1,2,"solo_trattato"
"cgroup_L5_c548d053","GSE50792__GSE50792__grp_0003_vs_grp_0004__1","GSE50792",2,1,"solo_controllo"
"cgroup_L5_c548d053","GSE76404__GSE76404__grp_0003_vs_grp_0002__1","GSE76404",12,17,"nessuno"
"cgroup_L5_c548d053","GSE81478__GSE81478__grp_0002_vs_grp_0001__1","GSE81478",3,3,"nessuno"
"cgroup_L5_c548d053","GSE85243__GSE85243__grp_0001_vs_grp_0021__1","GSE85243",1,1,"entrambi"
"cgroup_L5_c548d053","GSE85243__GSE85243__grp_0010_vs_grp_0021__1","GSE85243",1,1,"entrambi"
"cgroup_L5_c548d053","GSE85243__GSE85243__grp_0013_vs_grp_0021__1","GSE85243",1,1,"entrambi"
"cgroup_L5_c548d053","GSE85243__GSE85243__grp_0014_vs_grp_0021__1","GSE85243",1,1,"entrambi"
"cgroup_L5_c548d053","GSE85243__GSE85243__grp_0015_vs_grp_0021__1","GSE85243",3,1,"solo_controllo"
"cgroup_L5_c548d053","GSE85243__GSE85243__grp_0019_vs_grp_0021__1","GSE85243",1,1,"entrambi"
"cgroup_L5_c548d053","GSE85243__GSE85243__grp_0020_vs_grp_0021__1","GSE85243",1,1,"entrambi"
"cgroup_L5_c548d053","GSE85243__GSE85243__grp_0027_vs_grp_0021__1","GSE85243",1,1,"entrambi"
"cgroup_L5_c548d053","GSE85243__GSE85243__grp_0047_vs_grp_0021__1","GSE85243",1,1,"entrambi"
"cgroup_L5_c548d053","GSE85243__GSE85243__LPS_1h_vs_vehicle__1","GSE85243",1,1,"entrambi"
"cgroup_L5_c548d053","GSE85243__GSE85243__LPS_1h_vs_vehicle__2","GSE85243",1,1,"entrambi"
"cgroup_L5_c548d053","GSE85243__GSE85243__LPS_24h_vs_vehicle__1","GSE85243",5,1,"solo_controllo"
"cgroup_L5_c548d053","GSE85243__GSE85243__LPS_4h_vs_vehicle__1","GSE85243",3,1,"solo_controllo"
"cgroup_L5_c548d053","GSE85243__GSE85243__LPS_24h_vs_vehicle__2","GSE85243",1,1,"entrambi"
"cgroup_L5_c548d053","GSE92532__GSE92532__LPS_24h_D6_vs_DMSO_24h__1","GSE92532",1,12,"solo_trattato"
"cgroup_L5_c548d053","GSE92532__GSE92532__LPS_6h_D4_vs_DMSO_6h__1","GSE92532",1,12,"solo_trattato"
"cgroup_L5_c548d053","GSE92532__GSE92532__LPS_24h_D4_vs_DMSO_24h__1","GSE92532",4,12,"nessuno"
"cgroup_L5_c548d053","GSE92532__GSE92532__LPS_6h_D5_vs_DMSO_6h__1","GSE92532",4,12,"nessuno"
"cgroup_L5_c548d053","GSE92532__GSE92532__LPS_24h_D5_vs_DMSO_24h__1","GSE92532",1,12,"solo_trattato"
"cgroup_L5_c548d053","GSE92532__GSE92532__LPS_6h_D5_2_vs_DMSO_6h__1","GSE92532",1,12,"solo_trattato"
"cgroup_L5_c548d053","GSE92852__GSE92852__grp_0002_vs_grp_0004__1","GSE92852",2,3,"nessuno"
"cgroup_L5_c548d053","GSE92852__GSE92852__grp_0006_vs_grp_0004__1","GSE92852",2,3,"nessuno"
"cgroup_L5_c548d053","GSE97744__GSE97744__grp_0001_vs_grp_0004__1","GSE97744",2,2,"nessuno"
"cgroup_L5_a12414d4","GSE108308__GSE108308__estradiol_vs_vehicle__1","GSE108308",2,2,"nessuno"
"cgroup_L5_a12414d4","GSE112568__GSE112568__estradiol_vs_DMSO__1","GSE112568",2,2,"nessuno"
"cgroup_L5_a12414d4","GSE112983__GSE112983__estradiol_1_vs_DMSO__1","GSE112983",1,2,"solo_trattato"
"cgroup_L5_a12414d4","GSE112983__GSE112983__estradiol_2_vs_DMSO__1","GSE112983",1,2,"solo_trattato"
"cgroup_L5_a12414d4","GSE150683__GSE150683__estradiol_vs_vehicle__1","GSE150683",1,3,"solo_trattato"
"cgroup_L5_a12414d4","GSE151392__GSE151392__grp_0005_vs_grp_0001__1","GSE151392",1,2,"solo_trattato"
"cgroup_L5_a12414d4","GSE151392__GSE151392__grp_0006_vs_grp_0002__1","GSE151392",1,2,"solo_trattato"
"cgroup_L5_a12414d4","GSE173484__GSE173484__grp_0001_vs_grp_0002__1","GSE173484",2,1,"solo_controllo"
"cgroup_L5_a12414d4","GSE173484__GSE173484__grp_0009_vs_grp_0005__1","GSE173484",1,1,"entrambi"
"cgroup_L5_a12414d4","GSE211183__GSE211183__grp_0013_vs_grp_0001__1","GSE211183",1,1,"entrambi"
"cgroup_L5_a12414d4","GSE211183__GSE211183__grp_0014_vs_grp_0001__1","GSE211183",1,1,"entrambi"
"cgroup_L5_a12414d4","GSE211183__GSE211183__grp_0015_vs_grp_0001__1","GSE211183",1,1,"entrambi"
"cgroup_L5_a12414d4","GSE211183__GSE211183__grp_0016_vs_grp_0001__1","GSE211183",2,1,"solo_controllo"
"cgroup_L5_a12414d4","GSE211183__GSE211183__grp_0017_vs_grp_0001__1","GSE211183",1,1,"entrambi"
"cgroup_L5_a12414d4","GSE211183__GSE211183__grp_0025_vs_grp_0001__2","GSE211183",1,1,"entrambi"
"cgroup_L5_a12414d4","GSE211183__GSE211183__grp_0026_vs_grp_0001__2","GSE211183",1,1,"entrambi"
"cgroup_L5_a12414d4","GSE211183__GSE211183__grp_0027_vs_grp_0001__2","GSE211183",1,1,"entrambi"
"cgroup_L5_a12414d4","GSE211183__GSE211183__grp_0028_vs_grp_0001__2","GSE211183",1,1,"entrambi"
"cgroup_L5_a12414d4","GSE211183__GSE211183__grp_0029_vs_grp_0001__2","GSE211183",1,1,"entrambi"
"cgroup_L5_a12414d4","GSE211183__GSE211183__grp_0030_vs_grp_0001__2","GSE211183",1,1,"entrambi"
"cgroup_L5_a12414d4","GSE211183__GSE211183__grp_0031_vs_grp_0001__2","GSE211183",1,1,"entrambi"
"cgroup_L5_a12414d4","GSE211183__GSE211183__grp_0032_vs_grp_0001__2","GSE211183",2,1,"solo_controllo"
"cgroup_L5_a12414d4","GSE211183__GSE211183__grp_0033_vs_grp_0001__2","GSE211183",2,1,"solo_controllo"
"cgroup_L5_a12414d4","GSE211183__GSE211183__grp_0034_vs_grp_0001__2","GSE211183",1,1,"entrambi"
"cgroup_L5_a12414d4","GSE211183__GSE211183__grp_0035_vs_grp_0001__2","GSE211183",1,1,"entrambi"
"cgroup_L5_a12414d4","GSE211183__GSE211183__grp_0036_vs_grp_0001__2","GSE211183",1,1,"entrambi"
"cgroup_L5_a12414d4","GSE211183__GSE211183__grp_0037_vs_grp_0001__2","GSE211183",2,1,"solo_controllo"
"cgroup_L5_a12414d4","GSE211183__GSE211183__grp_0038_vs_grp_0001__2","GSE211183",1,1,"entrambi"
"cgroup_L5_a12414d4","GSE217421__GSE217421__grp_DMSO_1_vs_grp_Estradiol_1__1","GSE217421",1,9,"solo_trattato"
"cgroup_L5_a12414d4","GSE217421__GSE217421__grp_DMSO_2_vs_grp_Estradiol_2__1","GSE217421",20,54,"nessuno"
"cgroup_L5_a12414d4","GSE217423__GSE217423__Estradiol_5nM_48h_vs_DMSO__1","GSE217423",6,16,"nessuno"
"cgroup_L5_a12414d4","GSE237784__GSE237784__MCF7_TAMR_Estradiol_vs_MCF7_TAMR_Vehicle_control__1","GSE237784",3,3,"nessuno"
"cgroup_L5_a12414d4","GSE237784__GSE237784__MCF7_Estradiol_2_vs_MCF7_Vehicle_control_2__1","GSE237784",3,3,"nessuno"
"cgroup_L5_a12414d4","GSE237784__GSE237784__UCD12_Estradiol_2_vs_UCD12_Vehicle_control__1","GSE237784",3,3,"nessuno"
"cgroup_L5_a12414d4","GSE241942__GSE241942__Estradiol_vs_Vehicle__1","GSE241942",2,3,"nessuno"
"cgroup_L5_a12414d4","GSE252576__GSE252576__grp_C42_Estradiol_vs_grp_C42_Vehicle__1","GSE252576",3,2,"nessuno"
"cgroup_L5_a12414d4","GSE252576__GSE252576__grp_LNCaP_Estral_vs_grp_LNCaP_Vehicle__1","GSE252576",1,3,"solo_trattato"
"cgroup_L5_a12414d4","GSE252576__GSE252576__grp_LNCaP_Estradiol_3_vs_grp_LNCaP_Vehicle__1","GSE252576",1,3,"solo_trattato"
"cgroup_L5_a12414d4","GSE252576__GSE252576__grp_RV1_Estradiol_vs_grp_RV1_Vehicle__1","GSE252576",3,4,"nessuno"
"cgroup_L5_a12414d4","GSE256370__GSE256370__estradiol_vs_ethanol__1","GSE256370",3,3,"nessuno"
"cgroup_L5_a12414d4","GSE80358__GSE80358__grp_0007_vs_grp_0005__1","GSE80358",1,1,"entrambi"
"cgroup_L5_a12414d4","GSE80365__GSE80365__grp_0016_vs_grp_0003__1","GSE80365",5,7,"nessuno"
"cgroup_L5_a12414d4","GSE80365__GSE80365__grp_0017_vs_grp_0004__1","GSE80365",5,5,"nessuno"
"cgroup_L5_a12414d4","GSE99641__GSE99641__estradiol_vs_control__1","GSE99641",2,2,"nessuno"
"cgroup_L5_862cd9b9","GSE228090__GSE228090__PDX4_SCH772984_vs_PDX4_DMSO__1","GSE228090",3,2,"nessuno"
"cgroup_L5_862cd9b9","GSE228090__GSE228090__UM004_SCH772984_vs_UM004_DMSO__1","GSE228090",3,3,"nessuno"
"cgroup_L5_862cd9b9","GSE237177__GSE237177__grp_CFPAC1_SCH772984_1uM_x8weeks_vs_grp_CFPAC1_DMSO__1","GSE237177",3,3,"nessuno"
"cgroup_L5_862cd9b9","GSE237177__GSE237177__grp_MIA_PaCa-2_SCH772984_1uM_x8weeks_vs_grp_MIA_PaCa-2_DMSO__1","GSE237177",3,3,"nessuno"
"cgroup_L5_862cd9b9","GSE252002__GSE252002__ASPC1_SCH772984_vs_ASPC1_DMSO__1","GSE252002",5,12,"nessuno"
"cgroup_L5_862cd9b9","GSE252002__GSE252002__PANC1_SCH772984_vs_PANC1_DMSO__1","GSE252002",1,6,"solo_trattato"
"cgroup_L5_862cd9b9","GSE252002__GSE252002__grp_0065_vs_grp_0059__1","GSE252002",1,6,"solo_trattato"
"cgroup_L5_ef9b09df","GSE165543__GSE165543__GSK_343_Primary_Culture_vs_DMSO_Vehicle_Control__1","GSE165543",1,2,"solo_trattato"
"cgroup_L5_ef9b09df","GSE165543__GSE165543__GSK_343_Primary_Tissue_vs_DMSO_Vehicle_Control__1","GSE165543",2,2,"nessuno"
"cgroup_L5_ef9b09df","GSE189472__GSE189472__GSK343_vs_DMSO__1","GSE189472",1,1,"entrambi"
"cgroup_L5_ef9b09df","GSE199811__GSE199811__grp_GSK343_1uM_vs_grp_DMSO__1","GSE199811",2,1,"solo_controllo"
"cgroup_L5_ef9b09df","GSE199811__GSE199811__grp_GSK343_1uM_72h_vs_grp_DMSO__1","GSE199811",3,1,"solo_controllo"
"cgroup_L5_ef9b09df","GSE78102__GSE78102__GSK343_vs_Cntrl__1","GSE78102",1,3,"solo_trattato"
"cgroup_L5_ef9b09df","GSE92723__GSE92723__grp_0016_vs_grp_0015__1","GSE92723",3,6,"nessuno"
"cgroup_L5_ef9b09df","GSE92723__GSE92723__grp_0017_vs_grp_0015__1","GSE92723",3,6,"nessuno"
"cgroup_L5_8be26844","GSE147588__GSE147588__grp_0004_vs_grp_0003__1","GSE147588",2,1,"solo_controllo"
"cgroup_L5_8be26844","GSE147588__GSE147588__grp_0004_vs_grp_0005__1","GSE147588",2,1,"solo_controllo"
"cgroup_L5_8be26844","GSE189124__GSE189124__melatonin_vs_CTRL__1","GSE189124",1,1,"entrambi"
"cgroup_L5_8be26844","GSE198742__GSE198742__grp_0003_vs_grp_0001__1","GSE198742",1,4,"solo_trattato"
"cgroup_L5_8be26844","GSE198742__GSE198742__grp_0004_vs_grp_0002__1","GSE198742",2,3,"nessuno"
"cgroup_L5_8be26844","GSE201943__GSE201943__melatonin_alone_vs_no_treatment__1","GSE201943",1,1,"entrambi"
"cgroup_L5_8be26844","GSE201943__GSE201943__melatonin_alternative_vs_no_treatment__1","GSE201943",1,1,"entrambi"
"cgroup_L5_8341bee7","GSE149640__GSE149640__grp_0001_vs_grp_0002__1","GSE149640",3,3,"nessuno"
"cgroup_L5_8341bee7","GSE220806__GSE220806__group_0002_vs_group_0001__1","GSE220806",4,4,"nessuno"
"cgroup_L5_8341bee7","GSE220806__GSE220806__group_0004_vs_group_0003__1","GSE220806",3,3,"nessuno"
"cgroup_L5_8341bee7","GSE99626__GSE99626__T47D_E2_Progesterone_vs_T47D_Vehicle__1","GSE99626",2,3,"nessuno"
"cgroup_L5_56d531e8","GSE164884__GSE164884__grp_0003_vs_grp_0002__1","GSE164884",4,4,"nessuno"
"cgroup_L5_56d531e8","GSE164884__GSE164884__grp_0004_vs_grp_0001__1","GSE164884",4,4,"nessuno"
"cgroup_L5_56d531e8","GSE172494__GSE172494__grp_MDA-MB-231_TNBC_nicotinamide_vs_grp_MDA-MB-231_TNBC_control__1","GSE172494",3,1,"solo_controllo"
"cgroup_L5_56d531e8","GSE172494__GSE172494__grp_MDA-MB-468_TNBC_nicotinamide_vs_grp_MDA-MB-468_TNBC_untreated__1","GSE172494",3,2,"nessuno"
"cgroup_L5_56d531e8","GSE90889__GSE90889__grp_amd_nicotinamide_1_vs_grp_amd_vehicle_1__1","GSE90889",1,1,"entrambi"
"cgroup_L5_56d531e8","GSE90889__GSE90889__grp_amd_nicotinamide_2_vs_grp_amd_vehicle_1__1","GSE90889",1,1,"entrambi"
"cgroup_L5_56d531e8","GSE90889__GSE90889__grp_amd_nicotinamide_3_vs_grp_amd_vehicle_1__1","GSE90889",1,1,"entrambi"
"cgroup_L5_56d531e8","GSE90889__GSE90889__grp_amd_nicotinamide_4_vs_grp_amd_vehicle_4__1","GSE90889",1,1,"entrambi"
"cgroup_L5_56d531e8","GSE90889__GSE90889__grp_control_nicotinamide_cornea_vs_grp_control_vehicle_cornea__1","GSE90889",2,2,"nessuno"
"cgroup_L5_56d531e8","GSE90889__GSE90889__grp_control_nicotinamide_rpe_vs_grp_control_vehicle_rpe__1","GSE90889",1,1,"entrambi"
"cgroup_L5_5a202240","GSE129479__GSE129479__grp_0002_vs_grp_0001__1","GSE129479",18,3,"nessuno"
"cgroup_L5_5a202240","GSE129479__GSE129479__grp_0003_vs_grp_0001__1","GSE129479",1,3,"solo_trattato"
"cgroup_L5_5a202240","GSE129479__GSE129479__grp_0004_vs_grp_0001__1","GSE129479",1,3,"solo_trattato"
"cgroup_L5_5a202240","GSE129479__GSE129479__grp_0005_vs_grp_0001__1","GSE129479",1,3,"solo_trattato"
"cgroup_L5_5a202240","GSE203284__GSE203284__high_glucose_0.5h_rep_vs_normal_glucose_0.5h__1","GSE203284",2,4,"nessuno"
"cgroup_L5_5a202240","GSE203284__GSE203284__high_glucose_1h_vs_normal_glucose_1h__1","GSE203284",4,4,"nessuno"
"cgroup_L5_5a202240","GSE203284__GSE203284__high_glucose_24h_vs_normal_glucose_24h__1","GSE203284",4,4,"nessuno"
"cgroup_L5_5a202240","GSE203284__GSE203284__high_glucose_4h_vs_normal_glucose_4h__1","GSE203284",4,4,"nessuno"
"cgroup_L5_5a202240","GSE203284__GSE203284__high_glucose_8h_vs_normal_glucose_8h__1","GSE203284",4,4,"nessuno"
"cgroup_L5_5a202240","GSE246170__GSE246170__grp_0004_vs_grp_0002__1","GSE246170",1,1,"entrambi"
"cgroup_L5_5d1a5c5f","GSE201493__GSE201493__RSL3_vs_DMSO__1","GSE201493",1,1,"entrambi"
"cgroup_L5_5d1a5c5f","GSE207741__GSE207741__grp_0001_vs_grp_0002__1","GSE207741",3,3,"nessuno"
"cgroup_L5_5d1a5c5f","GSE209775__GSE209775__grp_0003_vs_grp_0002__1","GSE209775",1,3,"solo_trattato"
"cgroup_L5_5d1a5c5f","GSE267823__GSE267823__grp_0002_vs_grp_0001__1","GSE267823",1,2,"solo_trattato"
"cgroup_L5_5d1a5c5f","GSE267823__GSE267823__grp_0003_vs_grp_0001__1","GSE267823",1,2,"solo_trattato"
"cgroup_L5_5d1a5c5f","GSE267823__GSE267823__grp_0004_vs_grp_0001__1","GSE267823",1,2,"solo_trattato"
"cgroup_L5_90db4e34","GSE124704__GSE124704__LuCaP_35CR_ENZR_SPT_EOS_vs_LuCaP_35CR_ENZR_Control_EOS__1","GSE124704",7,4,"nessuno"
"cgroup_L5_90db4e34","GSE124704__GSE124704__LuCaP_35CR_ENZR_SPT_D5_vs_LuCaP_35CR_ENZR_Control_D5__1","GSE124704",3,2,"nessuno"
"cgroup_L5_90db4e34","GSE124704__GSE124704__LuCaP_77CR_ENZR_SPT_D5_vs_LuCaP_77CR_ENZR_Control_D5__1","GSE124704",4,1,"solo_controllo"
"cgroup_L5_90db4e34","GSE124704__GSE124704__LuCaP_96CR_ENZR_SPT_D5_vs_LuCaP_96CR_ENZR_Control_D5__1","GSE124704",1,4,"solo_trattato"
"cgroup_L5_90db4e34","GSE124704__GSE124704__LuCaP_96CR_ENZR_SPT_EOS_vs_LuCaP_96CR_ENZR_Control_EOS__1","GSE124704",3,2,"nessuno"
"cgroup_L5_90db4e34","GSE159531__GSE159531__grp_0001_vs_grp_0002__1","GSE159531",2,1,"solo_controllo"
"cgroup_L5_90db4e34","GSE159531__GSE159531__grp_0001_vs_grp_0003__1","GSE159531",2,1,"solo_controllo"
"cgroup_L5_90db4e34","GSE179687__GSE179687__grp_0002_vs_grp_0001__1","GSE179687",3,1,"solo_controllo"
"cgroup_L5_90db4e34","GSE179687__GSE179687__grp_0010_vs_grp_0009__1","GSE179687",1,1,"entrambi"
"cgroup_L5_90db4e34","GSE184427__GSE184427__LuCaP_147_Testosterone_vs_LuCaP_147_PBS__1","GSE184427",2,2,"nessuno"
"cgroup_L5_90db4e34","GSE184427__GSE184427__LuCaP_73_Testosterone_vs_LuCaP_73_PBS__1","GSE184427",1,2,"solo_trattato"
"cgroup_L5_90db4e34","GSE184427__GSE184427__LuCaP_78_PBS_vs_LuCaP_78_Testosterone__1","GSE184427",1,2,"solo_trattato"
"cgroup_L5_90db4e34","GSE184427__GSE184427__LuCaP_81_PBS_vs_LuCaP_81_Testosterone__1","GSE184427",1,2,"solo_trattato"
"cgroup_L5_90db4e34","GSE184427__GSE184427__LuCaP_81_PBS_vs_LuCaP_81_Testosterone_Intact__1","GSE184427",1,2,"solo_trattato"
"cgroup_L5_90db4e34","GSE227511__GSE227511__grp_RWPE_testosterone_ACP_vs_grp_RWPE_control_media_ACP__1","GSE227511",1,2,"solo_trattato"
"cgroup_L5_90db4e34","GSE231324__GSE231324__Testosterone_Male_vs_Control_Male__1","GSE231324",9,10,"nessuno"
"cgroup_L5_a8015c98","GSE106336__GSE106336__grp_0001_vs_grp_0003__1","GSE106336",2,2,"nessuno"
"cgroup_L5_a8015c98","GSE165548__GSE165548__grp_0018_vs_grp_0001__1","GSE165548",5,5,"nessuno"
"cgroup_L5_a8015c98","GSE172303__GSE172303__grp_0008_vs_grp_0006__1","GSE172303",2,1,"solo_controllo"
"cgroup_L5_a8015c98","GSE189764__GSE189764__grp_0002_vs_grp_0004__1","GSE189764",2,3,"nessuno"
"cgroup_L5_a8015c98","GSE249302__GSE249302__grp_PANC1_Gemcitabine_vs_grp_PANC1_Vehicle__1","GSE249302",4,1,"solo_controllo"
"cgroup_L5_a8015c98","GSE249302__GSE249302__grp_BxPC3_Gemcitabine_vs_grp_PDAC_Vehicle__1","GSE249302",2,1,"solo_controllo"
"cgroup_L5_a8015c98","GSE250050__GSE250050__Gemcitabine_vs_No_treatment__1","GSE250050",1,5,"solo_trattato"
"cgroup_L5_a8015c98","GSE250050__GSE250050__Gemcitabine_vs_No_treatment__2","GSE250050",1,5,"solo_trattato"
"cgroup_L5_a8015c98","GSE250050__GSE250050__Gemcitabine_vs_No_treatment__3","GSE250050",1,5,"solo_trattato"
"cgroup_L5_a8015c98","GSE250050__GSE250050__Gemcitabine_vs_No_treatment__4","GSE250050",3,5,"nessuno"
"cgroup_L5_a8015c98","GSE97766__GSE97766__grp_0003_vs_grp_0001__1","GSE97766",2,1,"solo_controllo"
"cgroup_L5_a8015c98","GSE97766__GSE97766__grp_0007_vs_grp_0006__1","GSE97766",2,2,"nessuno"
"cgroup_L5_5756018b","GSE163424__GSE163424__grp_0001_vs_grp_0002__1","GSE163424",3,3,"nessuno"
"cgroup_L5_5756018b","GSE163854__GSE163854__grp_0002_vs_grp_0001__1","GSE163854",1,3,"solo_trattato"
"cgroup_L5_5756018b","GSE163854__GSE163854__grp_0003_vs_grp_0001__1","GSE163854",1,3,"solo_trattato"
"cgroup_L5_5756018b","GSE164088__GSE164088__niraparib_cafs_vs_DMSO_cafs__1","GSE164088",1,1,"entrambi"
"cgroup_L5_34376df0","GSE108084__GSE108084__grp_0003_vs_grp_0001__1","GSE108084",1,2,"solo_trattato"
"cgroup_L5_34376df0","GSE108084__GSE108084__grp_0004_vs_grp_0001__1","GSE108084",1,2,"solo_trattato"
"cgroup_L5_34376df0","GSE108084__GSE108084__grp_0006_vs_grp_0005__1","GSE108084",1,2,"solo_trattato"
"cgroup_L5_34376df0","GSE108084__GSE108084__grp_0008_vs_grp_0007__1","GSE108084",1,1,"entrambi"
"cgroup_L5_34376df0","GSE108084__GSE108084__grp_0009_vs_grp_0005__1","GSE108084",1,2,"solo_trattato"
"cgroup_L5_34376df0","GSE108084__GSE108084__grp_0010_vs_grp_0002__1","GSE108084",1,1,"entrambi"
"cgroup_L5_34376df0","GSE150119__GSE150119__grp_0001_vs_grp_0002__1","GSE150119",4,5,"nessuno"
"cgroup_L5_34376df0","GSE150119__GSE150119__grp_0003_vs_grp_0004__1","GSE150119",4,5,"nessuno"
"cgroup_L5_34376df0","GSE218402__GSE218402__A549_Norepinephrine_vs_A549_DMSO__1","GSE218402",1,2,"solo_trattato"
"cgroup_L5_c5c72bba","GSE145028__GSE145028__grp_0001_vs_grp_0002__1","GSE145028",2,1,"solo_controllo"
"cgroup_L5_c5c72bba","GSE162205__GSE162205__grp_0009_vs_grp_0020__1","GSE162205",1,1,"entrambi"
"cgroup_L5_c5c72bba","GSE162205__GSE162205__grp_0010_vs_grp_0020__1","GSE162205",2,1,"solo_controllo"
"cgroup_L5_c5c72bba","GSE162205__GSE162205__grp_0011_vs_grp_0020__1","GSE162205",1,1,"entrambi"
"cgroup_L5_c5c72bba","GSE162205__GSE162205__grp_0012_vs_grp_0020__1","GSE162205",1,1,"entrambi"
"cgroup_L5_c5c72bba","GSE162205__GSE162205__grp_0013_vs_grp_0020__1","GSE162205",1,1,"entrambi"
"cgroup_L5_c5c72bba","GSE162205__GSE162205__grp_0017_vs_grp_0020__1","GSE162205",1,1,"entrambi"
"cgroup_L5_c5c72bba","GSE162205__GSE162205__grp_0018_vs_grp_0020__1","GSE162205",1,1,"entrambi"
"cgroup_L5_c5c72bba","GSE162205__GSE162205__grp_0019_vs_grp_0020__1","GSE162205",1,1,"entrambi"
"cgroup_L5_c5c72bba","GSE99181__GSE99181__grp_U87_MG_dBET6_500nM_24h_vs_grp_U87_MG_DMSO_24h__1","GSE99181",1,2,"solo_trattato"
"cgroup_L5_b967c97c","GSE102045__GSE102045__CH223191_vs_Control__1","GSE102045",6,6,"nessuno"
"cgroup_L5_b967c97c","GSE180761__GSE180761__grp_0001_vs_grp_0003__1","GSE180761",1,3,"solo_trattato"
"cgroup_L5_b967c97c","GSE184779__GSE184779__CH223191_vs_DMSO__1","GSE184779",3,1,"solo_controllo"
"cgroup_L5_b967c97c","GSE229116__GSE229116__CH-223191_vs_DMSO__1","GSE229116",12,6,"nessuno"
"cgroup_L5_b967c97c","GSE229116__GSE229116__CH-223191_vs_DMSO_diff__1","GSE229116",12,6,"nessuno"
"cgroup_L5_93068469","GSE117446__GSE117446__group_0004_vs_group_0003__1","GSE117446",1,2,"solo_trattato"
"cgroup_L5_93068469","GSE117446__GSE117446__Glioma_Cell_Line_5-azacytidine_vs_Glioma_Cell_Line_DMSO__1","GSE117446",2,2,"nessuno"
"cgroup_L5_93068469","GSE145560__GSE145560__grp_0006_vs_grp_0005__1","GSE145560",3,2,"nessuno"
"cgroup_L5_93068469","GSE145560__GSE145560__grp_0003_vs_grp_0002__1","GSE145560",1,1,"entrambi"
"cgroup_L5_93068469","GSE145560__GSE145560__grp_0004_vs_grp_0002__1","GSE145560",2,1,"solo_controllo"
"cgroup_L5_93068469","GSE148069__GSE148069__grp_H9_azacitidine_50nM_vs_grp_H9_vehicle__1","GSE148069",1,1,"entrambi"
"cgroup_L5_93068469","GSE148069__GSE148069__grp_H9_azacitidine_125nM_vs_grp_H9_vehicle__1","GSE148069",1,1,"entrambi"
"cgroup_L5_93068469","GSE148069__GSE148069__grp_H9_azacitidine_250nM_vs_grp_H9_vehicle__1","GSE148069",1,1,"entrambi"
"cgroup_L5_93068469","GSE148069__GSE148069__grp_HH_azacitidine_50nM_vs_grp_HH_untreated__1","GSE148069",1,1,"entrambi"
"cgroup_L5_93068469","GSE148069__GSE148069__grp_HH_azacitidine_125nM_vs_grp_HH_untreated__1","GSE148069",1,1,"entrambi"
"cgroup_L5_93068469","GSE148069__GSE148069__grp_HH_azacitidine_250nM_vs_grp_HH_untreated__1","GSE148069",1,1,"entrambi"
"cgroup_L5_93068469","GSE159925__GSE159925__grp_0005_vs_grp_0001__1","GSE159925",1,1,"entrambi"
"cgroup_L5_93068469","GSE159925__GSE159925__grp_0006_vs_grp_0001__1","GSE159925",1,1,"entrambi"
"cgroup_L5_93068469","GSE159925__GSE159925__grp_0007_vs_grp_0001__1","GSE159925",1,1,"entrambi"
"cgroup_L5_93068469","GSE175615__GSE175615__grp_0003_vs_grp_0001__1","GSE175615",3,2,"nessuno"
"cgroup_L5_93068469","GSE175615__GSE175615__grp_0003_vs_grp_0002__1","GSE175615",3,1,"solo_controllo"
"cgroup_L5_93068469","GSE184891__GSE184891__grp_HL60_Azacitidine_1uM_8days_vs_grp_HL60_no_treatment__1","GSE184891",1,3,"solo_trattato"
"cgroup_L5_93068469","GSE184891__GSE184891__grp_HL60_Azacitidine_1uM_24h_vs_grp_HL60_no_treatment__1","GSE184891",1,3,"solo_trattato"
"cgroup_L5_93068469","GSE184891__GSE184891__grp_HL60_Azacitidine_1uM_4days_vs_grp_HL60_no_treatment__1","GSE184891",1,3,"solo_trattato"
"cgroup_L5_93068469","GSE184891__GSE184891__grp_OCIAML3_Azacitidine_1uM_8days_vs_grp_OCIAML3_no_treatment__1","GSE184891",1,2,"solo_trattato"
"cgroup_L5_93068469","GSE184891__GSE184891__grp_OCIAML3_Azacitidine_1uM_3days_vs_grp_OCIAML3_no_treatment__1","GSE184891",1,2,"solo_trattato"
"cgroup_L5_93068469","GSE184891__GSE184891__grp_OCIAML3_Azacitidine_1uM_4days_vs_grp_OCIAML3_no_treatment__1","GSE184891",2,2,"nessuno"
"cgroup_L5_b5db4aff","GSE137702__GSE137702__BT-245_selinexor_vs_BT-245_control__1","GSE137702",1,1,"entrambi"
"cgroup_L5_b5db4aff","GSE137702__GSE137702__DIPG4_selinexor_vs_DIPG4_control__1","GSE137702",1,2,"solo_trattato"
"cgroup_L5_b5db4aff","GSE137702__GSE137702__DIPG7_selinexor_vs_DIPG7_control__1","GSE137702",1,1,"entrambi"
"cgroup_L5_b5db4aff","GSE137702__GSE137702__GBM1_selinexor_vs_GBM1_control__1","GSE137702",1,2,"solo_trattato"
"cgroup_L5_b5db4aff","GSE181003__GSE181003__grp_0002_vs_grp_0001__1","GSE181003",2,3,"nessuno"
"cgroup_L5_b5db4aff","GSE181003__GSE181003__grp_0003_vs_grp_0001__1","GSE181003",1,3,"solo_trattato"
"cgroup_L5_b5db4aff","GSE181003__GSE181003__grp_0005_vs_grp_0004__1","GSE181003",2,3,"nessuno"
"cgroup_L5_b5db4aff","GSE181003__GSE181003__grp_0006_vs_grp_0004__1","GSE181003",1,3,"solo_trattato"
"cgroup_L5_b5db4aff","GSE181176__GSE181176__grp_0003_vs_grp_0001__1","GSE181176",2,2,"nessuno"
"cgroup_L5_b5db4aff","GSE181176__GSE181176__grp_0004_vs_grp_0002__1","GSE181176",4,2,"nessuno"
"cgroup_L5_b5db4aff","GSE198000__GSE198000__grp_KP_MRT_NS_Selinexor_0.003uM_6h_vs_grp_KP_MRT_NS_DMSO_6h__1","GSE198000",3,3,"nessuno"
"cgroup_L5_b5db4aff","GSE198000__GSE198000__grp_KP_MRT_NS_Selinexor_0.03uM_6h_vs_grp_KP_MRT_NS_DMSO_6h__1","GSE198000",3,3,"nessuno"
"cgroup_L5_b5db4aff","GSE198000__GSE198000__grp_KP_MRT_NS_Selinexor_0.003uM_24h_vs_grp_KP_MRT_NS_DMSO_24h__1","GSE198000",3,3,"nessuno"
"cgroup_L5_b5db4aff","GSE198000__GSE198000__grp_KP_MRT_RY_Selinexor_0.003uM_6h_vs_grp_KP_MRT_RY_DMSO_6h__1","GSE198000",2,3,"nessuno"
"cgroup_L5_b5db4aff","GSE198000__GSE198000__grp_KP_MRT_RY_Selinexor_0.03uM_6h_vs_grp_KP_MRT_RY_DMSO_6h__1","GSE198000",3,3,"nessuno"
"cgroup_L5_b5db4aff","GSE198000__GSE198000__grp_KP_MRT_RY_Selinexor_0.003uM_24h_vs_grp_KP_MRT_RY_DMSO_24h__1","GSE198000",2,3,"nessuno"
"cgroup_L5_b5db4aff","GSE198000__GSE198000__grp_KP_MRT_RY_Selinexor_0.03uM_24h_vs_grp_KP_MRT_RY_DMSO_24h__1","GSE198000",3,3,"nessuno"
"cgroup_L5_b5db4aff","GSE228210__GSE228210__Sel_vs_DMSO__1","GSE228210",3,3,"nessuno"
"cgroup_L5_ea4a1823","GSE101216__GSE101216__grp_0002_vs_grp_0006__1","GSE101216",4,8,"nessuno"
"cgroup_L5_ea4a1823","GSE190031__GSE190031__grp_0003_vs_grp_0001__1","GSE190031",2,3,"nessuno"
"cgroup_L5_ea4a1823","GSE228631__GSE228631__grp_0001_vs_grp_0005__1","GSE228631",1,3,"solo_trattato"
"cgroup_L5_ea4a1823","GSE228631__GSE228631__grp_0002_vs_grp_0005__1","GSE228631",3,3,"nessuno"
"cgroup_L5_ea4a1823","GSE228631__GSE228631__grp_0003_vs_grp_0005__1","GSE228631",3,3,"nessuno"
"cgroup_L5_9f0ea111","GSE156900__GSE156900__grp_0002_vs_grp_0003__1","GSE156900",3,3,"nessuno"
"cgroup_L5_9f0ea111","GSE156900__GSE156900__grp_0005_vs_grp_0003__1","GSE156900",3,3,"nessuno"
"cgroup_L5_9f0ea111","GSE156900__GSE156900__grp_0014_vs_grp_0003__1","GSE156900",3,3,"nessuno"
"cgroup_L5_9f0ea111","GSE251861__GSE251861__grp_0001_vs_grp_0003__1","GSE251861",1,3,"solo_trattato"
"cgroup_L5_9f0ea111","GSE251861__GSE251861__grp_0002_vs_grp_0003__1","GSE251861",2,3,"nessuno"
"cgroup_L5_9f0ea111","GSE48843__GSE48843__SR1_500nM_bone_marrow_vs_none_bone_marrow__1","GSE48843",1,2,"solo_trattato"
"cgroup_L5_9f0ea111","GSE48843__GSE48843__SR1_500nM_peripheral_blood_vs_none_peripheral_blood__1","GSE48843",3,3,"nessuno"
"cgroup_L5_9f0ea111","GSE57561__GSE57561__grp_0003_vs_grp_0001__1","GSE57561",1,1,"entrambi"
"cgroup_L5_dc7451b1","GSE125437__GSE125437__grp_RS411_EPZ-5676_vs_grp_RS411_DMSO__1","GSE125437",2,9,"nessuno"
"cgroup_L5_dc7451b1","GSE149280__GSE149280__grp_0003_vs_grp_0006__1","GSE149280",3,3,"nessuno"
"cgroup_L5_dc7451b1","GSE149280__GSE149280__grp_0007_vs_grp_0006__1","GSE149280",3,3,"nessuno"
"cgroup_L5_dc7451b1","GSE172544__GSE172544__GSM7709302_vs_GSM7709299__1","GSE172544",3,3,"nessuno"
"cgroup_L5_dc7451b1","GSE174167__GSE174167__grp_0001_vs_grp_0003__1","GSE174167",2,3,"nessuno"
"cgroup_L5_dc7451b1","GSE174167__GSE174167__grp_0002_vs_grp_0003__1","GSE174167",1,3,"solo_trattato"
"cgroup_L5_dc7451b1","GSE194434__GSE194434__grp_0002_vs_grp_0001__1","GSE194434",6,6,"nessuno"
"cgroup_L5_dc7451b1","GSE221672__GSE221672__grp_0004_vs_grp_0003__1","GSE221672",1,3,"solo_trattato"
"cgroup_L5_dc7451b1","GSE230791__GSE230791__grp_0005_vs_grp_0001__1","GSE230791",4,1,"solo_controllo"
"cgroup_L5_dc7451b1","GSE230791__GSE230791__grp_0005_vs_grp_0002__1","GSE230791",4,1,"solo_controllo"
"cgroup_L5_dc7451b1","GSE230791__GSE230791__grp_0005_vs_grp_0003__1","GSE230791",4,3,"nessuno"
"cgroup_L5_dc7451b1","GSE230791__GSE230791__grp_0005_vs_grp_0004__1","GSE230791",4,3,"nessuno"
"cgroup_L5_dc7451b1","GSE230791__GSE230791__grp_0006_vs_grp_0001__1","GSE230791",2,1,"solo_controllo"
"cgroup_L5_dc7451b1","GSE230791__GSE230791__grp_0006_vs_grp_0002__1","GSE230791",2,1,"solo_controllo"
"cgroup_L5_dc7451b1","GSE230791__GSE230791__grp_0006_vs_grp_0003__1","GSE230791",2,3,"nessuno"
"cgroup_L5_dc7451b1","GSE230791__GSE230791__grp_0006_vs_grp_0004__1","GSE230791",2,3,"nessuno"
"cgroup_L5_dc7451b1","GSE230791__GSE230791__grp_0007_vs_grp_0001__1","GSE230791",1,1,"entrambi"
"cgroup_L5_dc7451b1","GSE230791__GSE230791__grp_0007_vs_grp_0002__1","GSE230791",1,1,"entrambi"
"cgroup_L5_dc7451b1","GSE230791__GSE230791__grp_0007_vs_grp_0003__1","GSE230791",1,3,"solo_trattato"
"cgroup_L5_dc7451b1","GSE230791__GSE230791__grp_0007_vs_grp_0004__1","GSE230791",1,3,"solo_trattato"
"cgroup_L5_dc7451b1","GSE230791__GSE230791__grp_0008_vs_grp_0001__1","GSE230791",1,1,"entrambi"
"cgroup_L5_dc7451b1","GSE230791__GSE230791__grp_0008_vs_grp_0002__1","GSE230791",1,1,"entrambi"
"cgroup_L5_dc7451b1","GSE230791__GSE230791__grp_0008_vs_grp_0003__1","GSE230791",1,3,"solo_trattato"
"cgroup_L5_dc7451b1","GSE230791__GSE230791__grp_0008_vs_grp_0004__1","GSE230791",1,3,"solo_trattato"
"cgroup_L5_dc7451b1","GSE234615__GSE234615__grp_0003_vs_grp_0001__1","GSE234615",2,2,"nessuno"
"cgroup_L5_dc7451b1","GSE234615__GSE234615__grp_0008_vs_grp_0005__1","GSE234615",1,2,"solo_trattato"
"cgroup_L5_dc7451b1","GSE234615__GSE234615__grp_0009_vs_grp_0005__1","GSE234615",1,2,"solo_trattato"
"cgroup_L5_f9769fd6","GSE123774__GSE123774__grp_0008_vs_grp_0005__1","GSE123774",1,3,"solo_trattato"
"cgroup_L5_f9769fd6","GSE123774__GSE123774__grp_0009_vs_grp_0005__1","GSE123774",2,3,"nessuno"
"cgroup_L5_f9769fd6","GSE123774__GSE123774__grp_0013_vs_grp_0005__1","GSE123774",3,3,"nessuno"
"cgroup_L5_f9769fd6","GSE126651__GSE126651__grp_PANC0327_transfected_GSK3203591_vs_grp_PANC0327_transfected_DMSO__1","GSE126651",2,1,"solo_controllo"
"cgroup_L5_f9769fd6","GSE205883__GSE205883__grp_0003_vs_grp_0001__1","GSE205883",1,2,"solo_trattato"
"cgroup_L5_f9769fd6","GSE205883__GSE205883__grp_0004_vs_grp_0001__1","GSE205883",1,2,"solo_trattato"
"cgroup_L5_721184e6","GSE102408__GSE102408__THZ1_vs_DMSO__1","GSE102408",1,1,"entrambi"
"cgroup_L5_721184e6","GSE116282__GSE116282__COV362_THZ1_250nM_vs_COV362_DMSO__1","GSE116282",2,2,"nessuno"
"cgroup_L5_721184e6","GSE116282__GSE116282__KURAMOCHI_THZ1_250nM_vs_KURAMOCHI_DMSO__1","GSE116282",2,2,"nessuno"
"cgroup_L5_721184e6","GSE120176__GSE120176__BCPAP_THZ1_vs_BCPAP_DMSO__1","GSE120176",2,2,"nessuno"
"cgroup_L5_721184e6","GSE120176__GSE120176__CAL-62_THZ1_vs_CAL-62_DMSO__1","GSE120176",2,2,"nessuno"
"cgroup_L5_721184e6","GSE125245__GSE125245__grp_DU145_THZ1_vs_grp_DU145_DMSO__1","GSE125245",2,2,"nessuno"
"cgroup_L5_721184e6","GSE125245__GSE125245__grp_LNCaP_AR_THz1_vs_grp_LNCaP_DMSO__1","GSE125245",1,2,"solo_trattato"
"cgroup_L5_721184e6","GSE125245__GSE125245__grp_LNCaP_THZ1_vs_grp_LNCaP_DMSO__1","GSE125245",2,2,"nessuno"
"cgroup_L5_721184e6","GSE125245__GSE125245__grp_VCaP_THZ1_vs_grp_VCaP_DMSO__1","GSE125245",2,2,"nessuno"
"cgroup_L5_721184e6","GSE135527__GSE135527__grp_0002_vs_grp_0001__1","GSE135527",1,1,"entrambi"
"cgroup_L5_721184e6","GSE135527__GSE135527__grp_0004_vs_grp_0001__1","GSE135527",1,1,"entrambi"
"cgroup_L5_721184e6","GSE135527__GSE135527__grp_0008_vs_grp_0007__1","GSE135527",1,2,"solo_trattato"
"cgroup_L5_721184e6","GSE135527__GSE135527__grp_0009_vs_grp_0007__1","GSE135527",1,2,"solo_trattato"
"cgroup_L5_721184e6","GSE135527__GSE135527__grp_0010_vs_grp_0007__1","GSE135527",2,2,"nessuno"
"cgroup_L5_721184e6","GSE157927__GSE157927__grp_0017_vs_grp_0016__1","GSE157927",2,2,"nessuno"
"cgroup_L5_721184e6","GSE158119__GSE158119__grp_0003_vs_grp_0004__1","GSE158119",2,2,"nessuno"
"cgroup_L5_721184e6","GSE158119__GSE158119__grp_0005_vs_grp_0007__1","GSE158119",1,2,"solo_trattato"
"cgroup_L5_721184e6","GSE160534__GSE160534__grp_0001_grp_0003__1","GSE160534",2,3,"nessuno"
"cgroup_L5_721184e6","GSE160534__GSE160534__grp_0004_grp_0006__1","GSE160534",2,3,"nessuno"
"cgroup_L5_721184e6","GSE164370__GSE164370__THZ1_vs_DMSO__1","GSE164370",1,1,"entrambi"
"cgroup_L5_721184e6","GSE164902__GSE164902__THZ1_vs_DMSO__1","GSE164902",1,1,"entrambi"
"cgroup_L5_721184e6","GSE164933__GSE164933__THZ1_vs_DMSO__1","GSE164933",2,3,"nessuno"
"cgroup_L5_721184e6","GSE171676__GSE171676__grp_0003_vs_grp_0001__1","GSE171676",2,1,"solo_controllo"
"cgroup_L5_721184e6","GSE171676__GSE171676__grp_0003_vs_grp_0002__1","GSE171676",2,1,"solo_controllo"
"cgroup_L5_721184e6","GSE181905__GSE181905__grp_0004_vs_grp_0002__1","GSE181905",2,1,"solo_controllo"
"cgroup_L5_721184e6","GSE229967__GSE229967__THZ1_vs_DMSO__1","GSE229967",1,2,"solo_trattato"
"cgroup_L5_721184e6","GSE236205__GSE236205__Y79_THZ1_vs_Y79_DMSO__1","GSE236205",2,3,"nessuno"
"cgroup_L5_721184e6","GSE266389__GSE266389__THZ1_0.1µM_16h_vs_DMSO_0.1%_16h__1","GSE266389",2,2,"nessuno"
"cgroup_L5_721184e6","GSE76860__GSE76860__grp_KYSE510_THZ1_200nM_6h_vs_grp_KYSE510_DMSO__1","GSE76860",1,1,"entrambi"
"cgroup_L5_721184e6","GSE76860__GSE76860__grp_KYSE510_THZ1_50nM_12h_vs_grp_KYSE510_DMSO__1","GSE76860",1,1,"entrambi"
"cgroup_L5_721184e6","GSE76860__GSE76860__grp_KYSE510_THZ1_50nM_2h_vs_grp_KYSE510_DMSO__1","GSE76860",1,1,"entrambi"
"cgroup_L5_721184e6","GSE76860__GSE76860__grp_KYSE510_THZ1_50nM_4h_vs_grp_KYSE510_DMSO__1","GSE76860",1,1,"entrambi"
"cgroup_L5_721184e6","GSE76860__GSE76860__grp_KYSE510_THZ1_50nM_6h_vs_grp_KYSE510_DMSO__1","GSE76860",1,1,"entrambi"
"cgroup_L5_721184e6","GSE76860__GSE76860__grp_TE7_THZ1_200nM_6h_vs_grp_TE7_DMSO__1","GSE76860",1,1,"entrambi"
"cgroup_L5_721184e6","GSE76860__GSE76860__grp_TE7_THZ1_50nM_12h_vs_grp_TE7_DMSO__1","GSE76860",1,1,"entrambi"
"cgroup_L5_721184e6","GSE76860__GSE76860__grp_TE7_THZ1_50nM_2h_vs_grp_TE7_DMSO__1","GSE76860",1,1,"entrambi"
"cgroup_L5_721184e6","GSE76860__GSE76860__grp_TE7_THZ1_50nM_6h_vs_grp_TE7_DMSO__1","GSE76860",1,1,"entrambi"
"cgroup_L5_721184e6","GSE76860__GSE76860__grp_TE7_THZ1_50nM_4h_vs_grp_TE7_DMSO__1","GSE76860",1,1,"entrambi"
"cgroup_L5_721184e6","GSE89127__GSE89127__grp_A375_THZ1_50nM_48h_vs_grp_A375_DMSO_0.1pct_48h__1","GSE89127",3,3,"nessuno"
"cgroup_L5_721184e6","GSE89127__GSE89127__grp_A549_THZ1_150nM_48h_vs_grp_A549_DMSO_0.1pct_48h__1","GSE89127",3,3,"nessuno"
"cgroup_L5_721184e6","GSE89127__GSE89127__grp_H3122_THZ1_50nM_48h_vs_grp_H3122_DMSO_0.1pct_48h__1","GSE89127",3,3,"nessuno"
"cgroup_L5_721184e6","GSE89127__GSE89127__grp_N87_THZ1_25nM_48h_vs_grp_N87_DMSO_0.1pct_48h__1","GSE89127",3,3,"nessuno"
"cgroup_L5_721184e6","GSE89127__GSE89127__grp_PC9_THZ1_100nM_48h_vs_grp_PC9_DMSO_0.1pct_48h__1","GSE89127",3,3,"nessuno"
"cgroup_L5_721184e6","GSE89127__GSE89127__grp_RT112_THZ1_100nM_48h_vs_grp_RT112_DMSO_0.1pct_48h__1","GSE89127",3,3,"nessuno"
"cgroup_L5_aa8c1d6d","GSE102408__GSE102408__OTX015_vs_DMSO__1","GSE102408",1,1,"entrambi"
"cgroup_L5_aa8c1d6d","GSE102908__GSE102908__grp_OVCAR8_OTX015_100nM_24h_vs_grp_OVCAR8_DMSO__1","GSE102908",1,2,"solo_trattato"
"cgroup_L5_aa8c1d6d","GSE102908__GSE102908__grp_OVCAR8_OTX015_100nM_24h_rep2_vs_grp_OVCAR8_DMSO__1","GSE102908",1,2,"solo_trattato"
"cgroup_L5_aa8c1d6d","GSE102908__GSE102908__grp_OVCAR8_OTX015_100nM_4h_vs_grp_OVCAR8_DMSO__1","GSE102908",2,2,"nessuno"
"cgroup_L5_aa8c1d6d","GSE102908__GSE102908__grp_SCCOHT1_OTX015_100nM_24h_vs_grp_SCCOHT1_DMSO__1","GSE102908",1,2,"solo_trattato"
"cgroup_L5_aa8c1d6d","GSE102908__GSE102908__grp_SCCOHT1_OTX015_100nM_24h_rep2_vs_grp_SCCOHT1_DMSO__1","GSE102908",1,2,"solo_trattato"
"cgroup_L5_aa8c1d6d","GSE102908__GSE102908__grp_SCCOHT1_OTX015_100nM_4h_vs_grp_SCCOHT1_DMSO__1","GSE102908",1,2,"solo_trattato"
"cgroup_L5_aa8c1d6d","GSE102908__GSE102908__grp_SCCOHT1_OTX015_100nM_4h_rep2_vs_grp_SCCOHT1_DMSO__1","GSE102908",1,2,"solo_trattato"
"cgroup_L5_aa8c1d6d","GSE109809__GSE109809__grp_0002_vs_grp_0001__1","GSE109809",1,1,"entrambi"
"cgroup_L5_aa8c1d6d","GSE109809__GSE109809__grp_0004_vs_grp_0003__1","GSE109809",1,1,"entrambi"
"cgroup_L5_aa8c1d6d","GSE145274__GSE145274__grp_0002_vs_grp_0001__1","GSE145274",2,1,"solo_controllo"
"cgroup_L5_aa8c1d6d","GSE145274__GSE145274__grp_0005_vs_grp_0003__1","GSE145274",1,1,"entrambi"
"cgroup_L5_aa8c1d6d","GSE145274__GSE145274__grp_0006_vs_grp_0003__1","GSE145274",1,1,"entrambi"
"cgroup_L5_aa8c1d6d","GSE158552__GSE158552__grp_0003_vs_grp_0002__1","GSE158552",1,3,"solo_trattato"
"cgroup_L5_aa8c1d6d","GSE158552__GSE158552__grp_0005_vs_grp_0002__1","GSE158552",1,3,"solo_trattato"
"cgroup_L5_aa8c1d6d","GSE199800__GSE199800__grp_0017_vs_grp_0010__1","GSE199800",2,11,"nessuno"
"cgroup_L5_aa8c1d6d","GSE206185__GSE206185__grp_0002_vs_grp_0001__1","GSE206185",2,2,"nessuno"
"cgroup_L5_aa8c1d6d","GSE206185__GSE206185__grp_0009_vs_grp_0007__1","GSE206185",2,2,"nessuno"
"cgroup_L5_aa8c1d6d","GSE245624__GSE245624__Birabresib_vs_DMSO__1","GSE245624",2,3,"nessuno"
"cgroup_L5_aa8c1d6d","GSE260507__GSE260507__OTX015_vs_DMSO__1","GSE260507",3,3,"nessuno"
"cgroup_L5_f44b01e2","GSE125215__GSE125215__grp_HCC1806_Rib_0.1uM_vs_grp_HCC1806_DMSO__1","GSE125215",1,1,"entrambi"
"cgroup_L5_f44b01e2","GSE125215__GSE125215__grp_PDX1258_Rib_3.16uM_vs_grp_PDX1258_DMSO__1","GSE125215",1,4,"solo_trattato"
"cgroup_L5_f44b01e2","GSE182288__GSE182288__grp_0005_vs_grp_0004__1","GSE182288",2,2,"nessuno"
"cgroup_L5_f44b01e2","GSE241943__GSE241943__Ribociclib_25mg/kg_vs_Vehicle__1","GSE241943",3,6,"nessuno"
"cgroup_L5_f44b01e2","GSE99116__GSE99116__HCC1419_Ribociclib_0.3uM_6hr_vs_HCC1419_Control_6hr__1","GSE99116",1,1,"entrambi"
"cgroup_L5_417c69a3","GSE151840__GSE151840__grp_0004_vs_grp_0003__1","GSE151840",2,3,"nessuno"
"cgroup_L5_417c69a3","GSE199800__GSE199800__Alpelisib_vs_UNTREATED__1","GSE199800",1,6,"solo_trattato"
"cgroup_L5_417c69a3","GSE235631__GSE235631__grp_0001_vs_grp_0002__1","GSE235631",6,6,"nessuno"
"cgroup_L5_417c69a3","GSE253958__GSE253958__grp_0004_vs_grp_0005__1","GSE253958",1,1,"entrambi"
"cgroup_L5_84b52570","GSE167005__GSE167005__grp_0007_vs_grp_0002__1","GSE167005",1,1,"entrambi"
"cgroup_L5_84b52570","GSE167005__GSE167005__grp_0008_vs_grp_0003__1","GSE167005",1,1,"entrambi"
"cgroup_L5_84b52570","GSE167005__GSE167005__grp_0009_vs_grp_0001__1","GSE167005",1,1,"entrambi"
"cgroup_L5_84b52570","GSE202434__GSE202434__grp_HS766T_Talazoparib_100nM_Day3_vs_grp_HS766T_DMSO_Day3__1","GSE202434",2,3,"nessuno"
"cgroup_L5_84b52570","GSE202434__GSE202434__grp_PANC1_Talazoparib_100nM_Day3_vs_grp_PANC1_DMSO_Day3__1","GSE202434",2,3,"nessuno"
"cgroup_L5_84b52570","GSE202434__GSE202434__grp_SW1990_Talazoparib_100nM_Day3_vs_grp_SW1990_DMSO_Day3__1","GSE202434",1,3,"solo_trattato"
"cgroup_L5_84b52570","GSE221233__GSE221233__grp_lymph_node_talazoparib_vs_grp_lymph_node_dmso__1","GSE221233",3,3,"nessuno"
"cgroup_L5_84b52570","GSE221233__GSE221233__grp_skin_talazoparib_vs_grp_skin_dmso__1","GSE221233",3,2,"nessuno"
"cgroup_L5_7934174c","GSE107781__GSE107781__EPZ6438_1_vs_DMSO__1","GSE107781",1,2,"solo_trattato"
"cgroup_L5_7934174c","GSE107781__GSE107781__EPZ6438_2_vs_DMSO__1","GSE107781",1,2,"solo_trattato"
"cgroup_L5_7934174c","GSE119088__GSE119088__Pfeiffer_EPZ-6438_vs_Pfeiffer_DMSO__1","GSE119088",3,3,"nessuno"
"cgroup_L5_7934174c","GSE119088__GSE119088__SMMC-7721_EPZ-6438_vs_SMMC-7721_DMSO__1","GSE119088",1,3,"solo_trattato"
"cgroup_L5_7934174c","GSE119088__GSE119088__U2932_EPZ-6438_vs_U2932_DMSO__1","GSE119088",3,3,"nessuno"
"cgroup_L5_7934174c","GSE126395__GSE126395__EPZ-6438_vs_DMSO__1","GSE126395",9,9,"nessuno"
"cgroup_L5_7934174c","GSE148842__GSE148842__grp_0012_vs_grp_0007__1","GSE148842",1,2,"solo_trattato"
"cgroup_L5_7934174c","GSE182144__GSE182144__EPZ-6438_vs_DMSO__1","GSE182144",3,2,"nessuno"
"cgroup_L5_7934174c","GSE183487__GSE183487__grp_DHL10_EPZ6438_vs_grp_DHL10_DMSO__1","GSE183487",1,2,"solo_trattato"
"cgroup_L5_7934174c","GSE183487__GSE183487__grp_Karpas422_EPZ6438_vs_grp_Karpas422_DMSO__1","GSE183487",2,4,"nessuno"
"cgroup_L5_7934174c","GSE186239__GSE186239__grp_0004_vs_grp_0003__1","GSE186239",2,4,"nessuno"
"cgroup_L5_7934174c","GSE197417__GSE197417__grp_0009_vs_grp_0005__1","GSE197417",1,1,"entrambi"
"cgroup_L5_7934174c","GSE197417__GSE197417__grp_0011_vs_grp_0006__1","GSE197417",1,1,"entrambi"
"cgroup_L5_7934174c","GSE197417__GSE197417__grp_0012_vs_grp_0007__1","GSE197417",1,1,"entrambi"
"cgroup_L5_7934174c","GSE205086__GSE205086__A204_1_EPZ-6438_vs_A204_1_control__1","GSE205086",3,3,"nessuno"
"cgroup_L5_7934174c","GSE205261__GSE205261__grp_0004_vs_grp_0003__1","GSE205261",3,3,"nessuno"
"cgroup_L5_7934174c","GSE236896__GSE236896__grp_0009_vs_grp_0007__1","GSE236896",3,3,"nessuno"
"cgroup_L5_7934174c","GSE236896__GSE236896__grp_0010_vs_grp_0008__1","GSE236896",3,6,"nessuno"
"cgroup_L5_7934174c","GSE247275__GSE247275__grp_0005_vs_grp_0002__1","GSE247275",1,1,"entrambi"
"cgroup_L5_7934174c","GSE247275__GSE247275__grp_0005_vs_grp_0003__1","GSE247275",1,1,"entrambi"
"cgroup_L5_7934174c","GSE247275__GSE247275__grp_0006_vs_grp_0002__1","GSE247275",1,1,"entrambi"
"cgroup_L5_7934174c","GSE247275__GSE247275__grp_0006_vs_grp_0003__1","GSE247275",1,1,"entrambi"
"cgroup_L5_7934174c","GSE247275__GSE247275__grp_0009_vs_grp_0007__1","GSE247275",1,1,"entrambi"
"cgroup_L5_7934174c","GSE262877__GSE262877__grp_0002_vs_grp_0001__1","GSE262877",1,3,"solo_trattato"
"cgroup_L5_7934174c","GSE262877__GSE262877__grp_0003_vs_grp_0004__1","GSE262877",3,3,"nessuno"
"cgroup_L5_7934174c","GSE262877__GSE262877__grp_0005_vs_grp_0006__1","GSE262877",3,3,"nessuno"
"cgroup_L5_7934174c","GSE262877__GSE262877__grp_0007_vs_grp_0008__1","GSE262877",3,3,"nessuno"
"cgroup_L5_7934174c","GSE262877__GSE262877__grp_0009_vs_grp_0010__1","GSE262877",3,3,"nessuno"
"cgroup_L5_3a625868","GSE121105__GSE121105__grp_0003_vs_grp_0001__1","GSE121105",1,12,"solo_trattato"
"cgroup_L5_3a625868","GSE121105__GSE121105__grp_0005_vs_grp_0002__1","GSE121105",1,3,"solo_trattato"
"cgroup_L5_3a625868","GSE121105__GSE121105__grp_0006_vs_grp_0002__1","GSE121105",1,3,"solo_trattato"
"cgroup_L5_3a625868","GSE158969__GSE158969__Herceptin_vs_untreated__1","GSE158969",10,7,"nessuno"
"cgroup_L5_3a625868","GSE186402__GSE186402__grp_0003_vs_grp_0002__1","GSE186402",1,1,"entrambi"
"cgroup_L5_3a625868","GSE186402__GSE186402__grp_0005_vs_grp_0004__1","GSE186402",2,2,"nessuno"
"cgroup_L5_3a625868","GSE217421__GSE217421__grp_Trastuzumab_1_vs_grp_DMSO_1__1","GSE217421",12,9,"nessuno"
"cgroup_L5_3a625868","GSE217421__GSE217421__Trastuzumab_cardiac_myocytes_vs_DMSO_cardiac_myocytes__1","GSE217421",1,9,"solo_trattato"
"cgroup_L5_3a625868","GSE244533__GSE244533__grp_0002_vs_grp_0001__1","GSE244533",1,3,"solo_trattato"
"cgroup_L5_3a625868","GSE244533__GSE244533__grp_0003_vs_grp_0001__1","GSE244533",2,3,"nessuno"
"cgroup_L5_2618c026","GSE198517__GSE198517__H1299_BRM014_vs_H1299_DMSO__1","GSE198517",3,3,"nessuno"
"cgroup_L5_2618c026","GSE235704__GSE235704__grp_0004_vs_grp_0006__1","GSE235704",1,2,"solo_trattato"
"cgroup_L5_2618c026","GSE235704__GSE235704__grp_0008_vs_grp_0010__1","GSE235704",2,3,"nessuno"
"cgroup_L5_2618c026","GSE249258__GSE249258__NCI-H1048_BRM014_vs_NCI-H1048_DMSO__1","GSE249258",2,1,"solo_controllo"
"cgroup_L5_a3f0c959","GSE133737__GSE133737__grp_0004_vs_grp_0002__1","GSE133737",3,3,"nessuno"
"cgroup_L5_a3f0c959","GSE133737__GSE133737__grp_0005_vs_grp_0003__1","GSE133737",3,3,"nessuno"
"cgroup_L5_a3f0c959","GSE147815__GSE147815__grp_0003_vs_grp_0001__1","GSE147815",3,3,"nessuno"
"cgroup_L5_a3f0c959","GSE147815__GSE147815__grp_0004_vs_grp_0002__1","GSE147815",3,3,"nessuno"
"cgroup_L5_a3f0c959","GSE147816__GSE147816__grp_0005_vs_grp_0003__1","GSE147816",3,2,"nessuno"
"cgroup_L5_a3f0c959","GSE147816__GSE147816__grp_0006_vs_grp_0004__1","GSE147816",3,2,"nessuno"
"cgroup_L5_a3f0c959","GSE237363__GSE237363__grp_0004_vs_grp_0001__1","GSE237363",1,2,"solo_trattato"
"cgroup_L5_a3f0c959","GSE237363__GSE237363__grp_0005_vs_grp_0001__1","GSE237363",1,2,"solo_trattato"
"cgroup_L5_0dd60753","GSE125215__GSE125215__grp_PDX1258_Abe_3.16uM_vs_grp_PDX1258_DMSO__1","GSE125215",1,4,"solo_trattato"
"cgroup_L5_0dd60753","GSE157214__GSE157214__grp_0005_vs_grp_0003__1","GSE157214",1,2,"solo_trattato"
"cgroup_L5_0dd60753","GSE187008__GSE187008__grp_MCF7_abemaciclib_0.3uM_24h_vs_grp_MCF7_DMSO_24h__1","GSE187008",1,4,"solo_trattato"
"cgroup_L5_0dd60753","GSE194374__GSE194374__A673_LY2835219_3h_vs_A673_Untreated__1","GSE194374",2,3,"nessuno"
"cgroup_L5_0dd60753","GSE194374__GSE194374__A673_LY2835219_6h_vs_A673_Untreated__1","GSE194374",2,3,"nessuno"
"cgroup_L5_0dd60753","GSE194374__GSE194374__U2OS_EWS-FLI1_LY2835219_3h_vs_U2OS_EWS-FLI1_Untreated__1","GSE194374",3,2,"nessuno"
"cgroup_L5_0dd60753","GSE194374__GSE194374__U2OS_EWS-FLI1_LY2835219_6h_vs_U2OS_EWS-FLI1_Untreated__1","GSE194374",3,2,"nessuno"
"cgroup_L5_0dd60753","GSE199800__GSE199800__LY2835219_vs_UNTREATED__1","GSE199800",1,4,"solo_trattato"
"cgroup_L5_0dd60753","GSE199800__GSE199800__LY2835219_vs_UNTREATED__2","GSE199800",1,4,"solo_trattato"
"cgroup_L5_0dd60753","GSE232072__GSE232072__grp_0003_vs_grp_0001__1","GSE232072",3,1,"solo_controllo"
"cgroup_L5_0dd60753","GSE99116__GSE99116__HCC1419_Abemaciclib_0.3uM_6hr_vs_HCC1419_Control_6hr__1","GSE99116",1,1,"entrambi"
"cgroup_L5_8b65b3ff","GSE167092__GSE167092__A-485_vs_DMSO__1","GSE167092",1,1,"entrambi"
"cgroup_L5_8b65b3ff","GSE174266__GSE174266__grp_0002_vs_grp_0003__1","GSE174266",1,1,"entrambi"
"cgroup_L5_8b65b3ff","GSE174266__GSE174266__grp_0004_vs_grp_0005__1","GSE174266",1,1,"entrambi"
"cgroup_L5_8b65b3ff","GSE174266__GSE174266__grp_0020_vs_grp_0019__1","GSE174266",1,1,"entrambi"
"cgroup_L5_8b65b3ff","GSE174266__GSE174266__grp_0021_vs_grp_0022__1","GSE174266",1,1,"entrambi"
"cgroup_L5_8b65b3ff","GSE211052__GSE211052__grp_NOMO1_A485_vs_grp_NOMO1_DMSO__1","GSE211052",3,3,"nessuno"
"cgroup_L5_8b65b3ff","GSE211053__GSE211053__grp_0002_vs_grp_0001__1","GSE211053",3,3,"nessuno"
"cgroup_L5_8b65b3ff","GSE211053__GSE211053__grp_0003_vs_grp_0004__1","GSE211053",3,3,"nessuno"
"cgroup_L5_f01e9f74","GSE138574__GSE138574__grp_0003_vs_grp_0002__1","GSE138574",4,4,"nessuno"
"cgroup_L5_f01e9f74","GSE182144__GSE182144__UNC0642_vs_DMSO__1","GSE182144",2,2,"nessuno"
"cgroup_L5_f01e9f74","GSE225338__GSE225338__grp_0003_vs_grp_0001__1","GSE225338",1,1,"entrambi"
"cgroup_L5_f01e9f74","GSE225338__GSE225338__grp_0010_vs_grp_0008__1","GSE225338",1,3,"solo_trattato"
"cgroup_L5_a48d6990","GSE158090__GSE158090__grp_0004_vs_grp_0002__1","GSE158090",6,2,"nessuno"
"cgroup_L5_a48d6990","GSE158090__GSE158090__grp_0005_vs_grp_0006__1","GSE158090",1,2,"solo_trattato"
"cgroup_L5_a48d6990","GSE158090__GSE158090__grp_0007_vs_grp_0006__1","GSE158090",2,2,"nessuno"
"cgroup_L5_a48d6990","GSE171572__GSE171572__grp_0002_vs_grp_0001__1","GSE171572",1,3,"solo_trattato"
"cgroup_L5_a48d6990","GSE84863__GSE84863__MMS_MDA-MB231_vs_DMSO_MDA-MB231__1","GSE84863",1,1,"entrambi"
"cgroup_L5_a48d6990","GSE99536__GSE99536__grp_0003_vs_grp_0009__1","GSE99536",1,2,"solo_trattato"
"cgroup_L5_a48d6990","GSE99536__GSE99536__grp_0007_vs_grp_0008__1","GSE99536",1,2,"solo_trattato"
"cgroup_L5_fde7b89b","GSE150683__GSE150683__anastrozole_vs_vehicle__1","GSE150683",1,3,"solo_trattato"
"cgroup_L5_fde7b89b","GSE199800__GSE199800__Anastrozole_vs_UNTREATED__1","GSE199800",1,6,"solo_trattato"
"cgroup_L5_fde7b89b","GSE227679__GSE227679__grp_0004_vs_grp_0001__1","GSE227679",1,6,"solo_trattato"
"cgroup_L5_fde7b89b","GSE227679__GSE227679__grp_0012_vs_grp_0008__1","GSE227679",1,16,"solo_trattato"
"cgroup_L5_57810d6c","GSE104869__GSE104869__Resveratrol_vs_DMSO__1","GSE104869",1,2,"solo_trattato"
"cgroup_L5_57810d6c","GSE104869__GSE104869__Resveratrol_2_vs_DMSO__1","GSE104869",1,2,"solo_trattato"
"cgroup_L5_57810d6c","GSE117620__GSE117620__grp_0003_vs_grp_0002__1","GSE117620",2,3,"nessuno"
"cgroup_L5_57810d6c","GSE117620__GSE117620__grp_0004_vs_grp_0002__1","GSE117620",3,3,"nessuno"
"cgroup_L5_57810d6c","GSE117620__GSE117620__grp_0006_vs_grp_0002__1","GSE117620",3,3,"nessuno"
"cgroup_L5_57810d6c","GSE65634__GSE65634__C2_resveratrol_vs_C2_DMSO__1","GSE65634",1,2,"solo_trattato"
"cgroup_L5_57810d6c","GSE65634__GSE65634__ND5_resveratrol_2_vs_ND5_DMSO__1","GSE65634",1,1,"entrambi"
"cgroup_L5_021e875e","GSE101419__GSE101419__grp_0002_vs_grp_0001__1","GSE101419",1,2,"solo_trattato"
"cgroup_L5_021e875e","GSE101419__GSE101419__grp_0003_vs_grp_0001__1","GSE101419",1,2,"solo_trattato"
"cgroup_L5_021e875e","GSE119978__GSE119978__H358_Cisplatin_vs_H358_Vehicle_DMSO__1","GSE119978",1,3,"solo_trattato"
"cgroup_L5_021e875e","GSE119978__GSE119978__H358_Cisplatin_2_vs_H358_Vehicle_DMSO__1","GSE119978",1,3,"solo_trattato"
"cgroup_L5_021e875e","GSE119978__GSE119978__H358_Cisplatin_3_vs_H358_Vehicle_DMSO__1","GSE119978",1,3,"solo_trattato"
"cgroup_L5_021e875e","GSE133029__GSE133029__grp_0005_vs_grp_0004__1","GSE133029",1,1,"entrambi"
"cgroup_L5_021e875e","GSE133029__GSE133029__grp_0006_vs_grp_0004__1","GSE133029",2,1,"solo_controllo"
"cgroup_L5_021e875e","GSE133029__GSE133029__grp_0005_vs_grp_0007__1","GSE133029",1,1,"entrambi"
"cgroup_L5_021e875e","GSE133029__GSE133029__grp_0006_vs_grp_0007__1","GSE133029",2,1,"solo_controllo"
"cgroup_L5_021e875e","GSE139887__GSE139887__grp_0002_vs_grp_0006__1","GSE139887",1,1,"entrambi"
"cgroup_L5_021e875e","GSE145085__GSE145085__grp_0001_vs_grp_0002__1","GSE145085",4,4,"nessuno"
"cgroup_L5_021e875e","GSE146402__GSE146402__grp_0006_vs_grp_0002__1","GSE146402",1,1,"entrambi"
"cgroup_L5_021e875e","GSE157069__GSE157069__grp_0002_vs_grp_0003__1","GSE157069",2,2,"nessuno"
"cgroup_L5_021e875e","GSE157069__GSE157069__grp_0005_vs_grp_0006__1","GSE157069",1,2,"solo_trattato"
"cgroup_L5_021e875e","GSE158638__GSE158638__grp_0002_vs_grp_0001__1","GSE158638",1,1,"entrambi"
"cgroup_L5_021e875e","GSE158640__GSE158640__H460_cisplatin_vs_H460_untreated__1","GSE158640",1,1,"entrambi"
"cgroup_L5_021e875e","GSE161800__GSE161800__grp_0001_vs_grp_0003__1","GSE161800",3,3,"nessuno"
"cgroup_L5_021e875e","GSE161800__GSE161800__grp_0002_vs_grp_0003__1","GSE161800",1,3,"solo_trattato"
"cgroup_L5_021e875e","GSE161800__GSE161800__grp_0004_vs_grp_0003__1","GSE161800",2,3,"nessuno"
"cgroup_L5_021e875e","GSE161800__GSE161800__grp_0005_vs_grp_0003__1","GSE161800",1,3,"solo_trattato"
"cgroup_L5_021e875e","GSE161800__GSE161800__grp_0006_vs_grp_0003__1","GSE161800",2,3,"nessuno"
"cgroup_L5_021e875e","GSE163377__GSE163377__CDDP_50uM_10h_vs_untreated_10h__1","GSE163377",3,3,"nessuno"
"cgroup_L5_021e875e","GSE165560__GSE165560__Cisplatin_vs_DMSO__1","GSE165560",1,1,"entrambi"
"cgroup_L5_021e875e","GSE165560__GSE165560__Cisplatin_vs_DMSO__2","GSE165560",1,1,"entrambi"
"cgroup_L5_021e875e","GSE165560__GSE165560__Cisplatin_vs_DMSO__3","GSE165560",1,1,"entrambi"
"cgroup_L5_021e875e","GSE165767__GSE165767__grp_0001_vs_grp_0003__1","GSE165767",2,3,"nessuno"
"cgroup_L5_021e875e","GSE165767__GSE165767__grp_0002_vs_grp_0003__1","GSE165767",1,3,"solo_trattato"
"cgroup_L5_021e875e","GSE173201__GSE173201__A2780_cisplatin_vs_A2780_control__1","GSE173201",3,3,"nessuno"
"cgroup_L5_021e875e","GSE173201__GSE173201__A2780cis_cisplatin_vs_A2780cis_control__1","GSE173201",1,3,"solo_trattato"
"cgroup_L5_021e875e","GSE180854__GSE180854__Cisplatin_n1_vs_Vehicle_DMSO__1","GSE180854",1,1,"entrambi"
"cgroup_L5_021e875e","GSE180854__GSE180854__Cisplatin_n2_vs_Vehicle_DMSO__1","GSE180854",1,1,"entrambi"
"cgroup_L5_021e875e","GSE195663__GSE195663__DMS53_cisplatin_20uM_vs_DMS53_untreated__4","GSE195663",1,8,"solo_trattato"
"cgroup_L5_021e875e","GSE195663__GSE195663__DMS53_cisplatin_20uM_vs_DMS53_untreated__5","GSE195663",1,8,"solo_trattato"
"cgroup_L5_021e875e","GSE195663__GSE195663__DMS53_cisplatin_50nM_vs_DMS53_untreated__2","GSE195663",2,8,"nessuno"
"cgroup_L5_021e875e","GSE195663__GSE195663__DMS53_cisplatin_50nM_vs_DMS53_untreated__3","GSE195663",2,8,"nessuno"
"cgroup_L5_021e875e","GSE198887__GSE198887__grp_0005_vs_grp_0011__1","GSE198887",1,1,"entrambi"
"cgroup_L5_021e875e","GSE198887__GSE198887__grp_0006_vs_grp_0012__1","GSE198887",1,2,"solo_trattato"
"cgroup_L5_021e875e","GSE198887__GSE198887__grp_0007_vs_grp_0012__1","GSE198887",1,2,"solo_trattato"
"cgroup_L5_021e875e","GSE198887__GSE198887__grp_0008_vs_grp_0012__1","GSE198887",1,2,"solo_trattato"
"cgroup_L5_021e875e","GSE198887__GSE198887__grp_0009_vs_grp_0012__1","GSE198887",1,2,"solo_trattato"
"cgroup_L5_021e875e","GSE198887__GSE198887__grp_0010_vs_grp_0011__1","GSE198887",1,1,"entrambi"
"cgroup_L5_021e875e","GSE198887__GSE198887__grp_0014_vs_grp_0011__1","GSE198887",1,1,"entrambi"
"cgroup_L5_021e875e","GSE198887__GSE198887__grp_0015_vs_grp_0011__1","GSE198887",1,1,"entrambi"
"cgroup_L5_021e875e","GSE206649__GSE206649__grp_0002_vs_grp_0001__1","GSE206649",3,3,"nessuno"
"cgroup_L5_021e875e","GSE209769__GSE209769__grp_0004_vs_grp_0003__1","GSE209769",3,3,"nessuno"
"cgroup_L5_021e875e","GSE213102__GSE213102__grp_0002_vs_grp_0001__1","GSE213102",2,1,"solo_controllo"
"cgroup_L5_021e875e","GSE213102__GSE213102__grp_0004_vs_grp_0003__1","GSE213102",1,2,"solo_trattato"
"cgroup_L5_021e875e","GSE213102__GSE213102__grp_0006_vs_grp_0005__1","GSE213102",2,3,"nessuno"
"cgroup_L5_021e875e","GSE213102__GSE213102__grp_0007_vs_grp_0005__1","GSE213102",1,3,"solo_trattato"
"cgroup_L5_021e875e","GSE213102__GSE213102__grp_0009_vs_grp_0008__1","GSE213102",1,3,"solo_trattato"
"cgroup_L5_021e875e","GSE213102__GSE213102__grp_0010_vs_grp_0008__1","GSE213102",2,3,"nessuno"
"cgroup_L5_021e875e","GSE213102__GSE213102__grp_0012_vs_grp_0011__1","GSE213102",1,3,"solo_trattato"
"cgroup_L5_021e875e","GSE213102__GSE213102__grp_0013_vs_grp_0011__1","GSE213102",2,3,"nessuno"
"cgroup_L5_021e875e","GSE215254__GSE215254__Cisplatin_10uM_4h_3D_vs_Vehicle_0uM_4h_3D__1","GSE215254",2,1,"solo_controllo"
"cgroup_L5_021e875e","GSE215254__GSE215254__Cisplatin_10uM_48h_3D_vs_Vehicle_0uM_48h_3D__1","GSE215254",1,2,"solo_trattato"
"cgroup_L5_021e875e","GSE216043__GSE216043__grp_0019_vs_grp_0016__1","GSE216043",2,3,"nessuno"
"cgroup_L5_021e875e","GSE223839__GSE223839__grp_0001_vs_grp_0002__1","GSE223839",2,1,"solo_controllo"
"cgroup_L5_021e875e","GSE223839__GSE223839__grp_0003_vs_grp_0004__1","GSE223839",1,1,"entrambi"
"cgroup_L5_021e875e","GSE223839__GSE223839__grp_0005_vs_grp_0004__1","GSE223839",2,1,"solo_controllo"
"cgroup_L5_021e875e","GSE223839__GSE223839__grp_0008_vs_grp_0007__1","GSE223839",1,1,"entrambi"
"cgroup_L5_021e875e","GSE223839__GSE223839__grp_0011_vs_grp_0010__1","GSE223839",1,2,"solo_trattato"
"cgroup_L5_021e875e","GSE223839__GSE223839__grp_0012_vs_grp_0010__1","GSE223839",1,2,"solo_trattato"
"cgroup_L5_021e875e","GSE223839__GSE223839__grp_0014_vs_grp_0013__1","GSE223839",2,2,"nessuno"
"cgroup_L5_021e875e","GSE235549__GSE235549__grp_0003_vs_grp_0002__1","GSE235549",1,3,"solo_trattato"
"cgroup_L5_021e875e","GSE235549__GSE235549__grp_0006_vs_grp_0002__1","GSE235549",1,3,"solo_trattato"
"cgroup_L5_021e875e","GSE235681__GSE235681__A549_cisplatin_vs_A549_untreated__1","GSE235681",2,3,"nessuno"
"cgroup_L5_021e875e","GSE235681__GSE235681__GM12878_cisplatin_vs_GM12878_untreated__1","GSE235681",1,3,"solo_trattato"
"cgroup_L5_021e875e","GSE235908__GSE235908__grp_0001_vs_grp_0002__1","GSE235908",3,3,"nessuno"
"cgroup_L5_021e875e","GSE235908__GSE235908__grp_0004_vs_grp_0005__1","GSE235908",1,3,"solo_trattato"
"cgroup_L5_021e875e","GSE235908__GSE235908__grp_0006_vs_grp_0005__1","GSE235908",1,3,"solo_trattato"
"cgroup_L5_021e875e","GSE235908__GSE235908__grp_0007_vs_grp_0005__1","GSE235908",1,3,"solo_trattato"
"cgroup_L5_021e875e","GSE235908__GSE235908__grp_0009_vs_grp_0008__1","GSE235908",3,1,"solo_controllo"
"cgroup_L5_021e875e","GSE235908__GSE235908__grp_0010_vs_grp_0011__1","GSE235908",1,3,"solo_trattato"
"cgroup_L5_021e875e","GSE235908__GSE235908__grp_0012_vs_grp_0011__1","GSE235908",1,3,"solo_trattato"
"cgroup_L5_021e875e","GSE235908__GSE235908__grp_0013_vs_grp_0011__1","GSE235908",1,3,"solo_trattato"
"cgroup_L5_021e875e","GSE241595__GSE241595__cisplatin_vs_control__1","GSE241595",3,2,"nessuno"
"cgroup_L5_021e875e","GSE241913__GSE241913__grp_0002_vs_grp_0004__1","GSE241913",1,2,"solo_trattato"
"cgroup_L5_021e875e","GSE241913__GSE241913__grp_0003_vs_grp_0004__1","GSE241913",1,2,"solo_trattato"
"cgroup_L5_021e875e","GSE241913__GSE241913__grp_0005_vs_grp_0004__1","GSE241913",1,2,"solo_trattato"
"cgroup_L5_021e875e","GSE241913__GSE241913__grp_0006_vs_grp_0004__1","GSE241913",1,2,"solo_trattato"
"cgroup_L5_021e875e","GSE249026__GSE249026__grp_0001_vs_grp_0002__1","GSE249026",3,3,"nessuno"
"cgroup_L5_021e875e","GSE264575__GSE264575__Cisplatin_vs_Control__1","GSE264575",2,3,"nessuno"
"cgroup_L5_021e875e","GSE264575__GSE264575__Cisplatin_luciferase_vs_Control_luciferase__1","GSE264575",2,2,"nessuno"
"cgroup_L5_f956ef98","GSE104869__GSE104869__TCDD_vs_DMSO__1","GSE104869",2,2,"nessuno"
"cgroup_L5_f956ef98","GSE141711__GSE141711__MCF7_TCDD_vs_MCF7_Control__1","GSE141711",1,4,"solo_trattato"
"cgroup_L5_f956ef98","GSE160981__GSE160981__grp_0002_vs_grp_0001__1","GSE160981",2,1,"solo_controllo"
"cgroup_L5_f956ef98","GSE160981__GSE160981__grp_0003_vs_grp_0001__1","GSE160981",1,1,"entrambi"
"cgroup_L5_f956ef98","GSE160981__GSE160981__grp_0006_vs_grp_0005__1","GSE160981",1,3,"solo_trattato"
"cgroup_L5_f956ef98","GSE160981__GSE160981__grp_0007_vs_grp_0005__1","GSE160981",1,3,"solo_trattato"
"cgroup_L5_f956ef98","GSE160981__GSE160981__grp_0008_vs_grp_0005__1","GSE160981",1,3,"solo_trattato"
"cgroup_L5_f956ef98","GSE160981__GSE160981__grp_0010_vs_grp_0009__1","GSE160981",2,3,"nessuno"
"cgroup_L5_f956ef98","GSE160981__GSE160981__grp_0011_vs_grp_0009__1","GSE160981",1,3,"solo_trattato"
"cgroup_L5_f956ef98","GSE217334__GSE217334__grp_0001_vs_grp_0006__1","GSE217334",1,8,"solo_trattato"
"cgroup_L5_f956ef98","GSE217334__GSE217334__grp_0007_vs_grp_0002__1","GSE217334",3,8,"nessuno"
"cgroup_L5_f956ef98","GSE217334__GSE217334__grp_0008_vs_grp_0003__1","GSE217334",4,8,"nessuno"
"cgroup_L5_f956ef98","GSE217334__GSE217334__grp_0009_vs_grp_0004__1","GSE217334",4,8,"nessuno"
"cgroup_L5_f956ef98","GSE217334__GSE217334__grp_0010_vs_grp_0005__1","GSE217334",4,8,"nessuno"
"cgroup_L5_f956ef98","GSE217334__GSE217334__grp_0011_vs_grp_0006__1","GSE217334",3,8,"nessuno"
"cgroup_L5_f956ef98","GSE217334__GSE217334__grp_0012_vs_grp_0002__1","GSE217334",1,8,"solo_trattato"
"cgroup_L5_f956ef98","GSE226045__GSE226045__grp_0008_vs_grp_0006__1","GSE226045",2,2,"nessuno"
"cgroup_L5_f956ef98","GSE76608__GSE76608__TCDD_vs_DMSO__1","GSE76608",4,4,"nessuno"
"cgroup_L5_f956ef98","GSE80953__GSE80953__TCDD_24h_vs_DMSO_Vehicle_24h__1","GSE80953",1,3,"solo_trattato"
"cgroup_L5_d7abf612","GSE126750__GSE126750__rotenone_vs_DMSO__1","GSE126750",3,2,"nessuno"
"cgroup_L5_d7abf612","GSE191034__GSE191034__rotenone_5day_vs_DMSO_5day__1","GSE191034",2,6,"nessuno"
"cgroup_L5_d7abf612","GSE191034__GSE191034__rotenone_1day_vs_DMSO_1day__1","GSE191034",2,1,"solo_controllo"
"cgroup_L5_d7abf612","GSE64553__GSE64553__grp_0003_vs_grp_0001__1","GSE64553",16,8,"nessuno"
"cgroup_L5_d7abf612","GSE64553__GSE64553__grp_0003_vs_grp_0002__1","GSE64553",16,10,"nessuno"
"cgroup_L5_d7abf612","GSE64553__GSE64553__grp_0007_vs_grp_0006__1","GSE64553",12,12,"nessuno"
"cgroup_L5_26c302f6","GSE134045__GSE134045__grp_0011_vs_grp_0004__1","GSE134045",1,3,"solo_trattato"
"cgroup_L5_26c302f6","GSE145949__GSE145949__grp_0002_vs_grp_0001__1","GSE145949",1,1,"entrambi"
"cgroup_L5_26c302f6","GSE145949__GSE145949__grp_0005_vs_grp_0001__1","GSE145949",1,1,"entrambi"
"cgroup_L5_26c302f6","GSE243669__GSE243669__cytarabine_vs_vehicle__1","GSE243669",4,5,"nessuno"
"cgroup_L5_8a54ddd6","GSE111379__GSE111379__grp_0004_vs_grp_0003__1","GSE111379",1,2,"solo_trattato"
"cgroup_L5_8a54ddd6","GSE111379__GSE111379__grp_0010_vs_grp_0003__1","GSE111379",1,2,"solo_trattato"
"cgroup_L5_8a54ddd6","GSE124622__GSE124622__Adriamycin_vs_none__1","GSE124622",3,3,"nessuno"
"cgroup_L5_8a54ddd6","GSE128728__GSE128728__grp_doxorubicin_bm_vs_grp_vehicle_bm__1","GSE128728",4,5,"nessuno"
"cgroup_L5_8a54ddd6","GSE128728__GSE128728__grp_doxorubicin_spleen_vs_grp_vehicle_spleen__1","GSE128728",6,4,"nessuno"
"cgroup_L5_8a54ddd6","GSE130727__GSE130727__grp_0010_vs_grp_0009__1","GSE130727",1,5,"solo_trattato"
"cgroup_L5_8a54ddd6","GSE137056__GSE137056__grp_0006_vs_grp_0001__1","GSE137056",1,2,"solo_trattato"
"cgroup_L5_8a54ddd6","GSE137056__GSE137056__grp_0006_vs_grp_0002__1","GSE137056",1,2,"solo_trattato"
"cgroup_L5_8a54ddd6","GSE137056__GSE137056__grp_0010_vs_grp_0001__1","GSE137056",3,2,"nessuno"
"cgroup_L5_8a54ddd6","GSE137056__GSE137056__grp_0010_vs_grp_0002__1","GSE137056",3,2,"nessuno"
"cgroup_L5_8a54ddd6","GSE139862__GSE139862__Doxorubicin_0.5ugml_24h_passage3_vs_DMSO__1","GSE139862",3,3,"nessuno"
"cgroup_L5_8a54ddd6","GSE145141__GSE145141__grp_0002_vs_grp_0001__1","GSE145141",1,1,"entrambi"
"cgroup_L5_8a54ddd6","GSE145141__GSE145141__grp_0005_vs_grp_0004__1","GSE145141",2,2,"nessuno"
"cgroup_L5_8a54ddd6","GSE145141__GSE145141__grp_0006_vs_grp_0004__1","GSE145141",2,2,"nessuno"
"cgroup_L5_8a54ddd6","GSE145141__GSE145141__grp_0007_vs_grp_0011__1","GSE145141",1,2,"solo_trattato"
"cgroup_L5_8a54ddd6","GSE145141__GSE145141__grp_0008_vs_grp_0011__1","GSE145141",1,2,"solo_trattato"
"cgroup_L5_8a54ddd6","GSE145141__GSE145141__grp_0009_vs_grp_0011__1","GSE145141",1,2,"solo_trattato"
"cgroup_L5_8a54ddd6","GSE145141__GSE145141__grp_0010_vs_grp_0011__1","GSE145141",1,2,"solo_trattato"
"cgroup_L5_8a54ddd6","GSE154101__GSE154101__grp_0001_vs_grp_0003__1","GSE154101",1,1,"entrambi"
"cgroup_L5_8a54ddd6","GSE154101__GSE154101__grp_0006_vs_grp_0005__1","GSE154101",1,1,"entrambi"
"cgroup_L5_8a54ddd6","GSE154118__GSE154118__Doxorubicin_vs_PBS_DMSO__1","GSE154118",2,2,"nessuno"
"cgroup_L5_8a54ddd6","GSE157069__GSE157069__grp_0008_vs_grp_0006__1","GSE157069",2,2,"nessuno"
"cgroup_L5_8a54ddd6","GSE158640__GSE158640__H460_doxorubicin_vs_H460_untreated__1","GSE158640",1,1,"entrambi"
"cgroup_L5_8a54ddd6","GSE166033__GSE166033__Doxorubicin_vs_DMSO__1","GSE166033",5,5,"nessuno"
"cgroup_L5_8a54ddd6","GSE196724__GSE196724__grp_0005_vs_grp_0002__1","GSE196724",3,2,"nessuno"
"cgroup_L5_8a54ddd6","GSE196724__GSE196724__grp_0012_vs_grp_0010__1","GSE196724",6,4,"nessuno"
"cgroup_L5_8a54ddd6","GSE197243__GSE197243__grp_0002_vs_grp_0001__1","GSE197243",4,1,"solo_controllo"
"cgroup_L5_8a54ddd6","GSE197243__GSE197243__grp_0003_vs_grp_0004__1","GSE197243",2,3,"nessuno"
"cgroup_L5_8a54ddd6","GSE206803__GSE206803__grp_0004_vs_grp_0001__1","GSE206803",1,3,"solo_trattato"
"cgroup_L5_8a54ddd6","GSE206803__GSE206803__grp_0005_vs_grp_0001__1","GSE206803",1,3,"solo_trattato"
"cgroup_L5_8a54ddd6","GSE206803__GSE206803__grp_0006_vs_grp_0001__1","GSE206803",1,3,"solo_trattato"
"cgroup_L5_8a54ddd6","GSE206803__GSE206803__grp_0007_vs_grp_0001__1","GSE206803",1,3,"solo_trattato"
"cgroup_L5_8a54ddd6","GSE210916__GSE210916__grp_0001_vs_grp_0002__1","GSE210916",1,1,"entrambi"
"cgroup_L5_8a54ddd6","GSE215321__GSE215321__doxorubicin_0.2_uM_vs_DMSO__1","GSE215321",1,2,"solo_trattato"
"cgroup_L5_8a54ddd6","GSE215321__GSE215321__doxorubicin_0.2_uM_vs_DMSO__2","GSE215321",1,2,"solo_trattato"
"cgroup_L5_8a54ddd6","GSE215321__GSE215321__doxorubicin_0.34_uM_vs_DMSO__1","GSE215321",1,2,"solo_trattato"
"cgroup_L5_8a54ddd6","GSE216137__GSE216137__doxorubicin_1_nM_vs_DMSO__1","GSE216137",3,6,"nessuno"
"cgroup_L5_8a54ddd6","GSE216137__GSE216137__doxorubicin_5_nM_vs_DMSO__1","GSE216137",3,6,"nessuno"
"cgroup_L5_8a54ddd6","GSE216137__GSE216137__doxorubicin_10_nM_vs_DMSO__1","GSE216137",3,6,"nessuno"
"cgroup_L5_8a54ddd6","GSE216137__GSE216137__doxorubicin_15_nM_vs_DMSO__1","GSE216137",3,6,"nessuno"
"cgroup_L5_8a54ddd6","GSE216137__GSE216137__doxorubicin_25_nM_vs_DMSO__1","GSE216137",3,6,"nessuno"
"cgroup_L5_8a54ddd6","GSE216137__GSE216137__doxorubicin_50_nM_vs_DMSO__1","GSE216137",3,6,"nessuno"
"cgroup_L5_8a54ddd6","GSE216137__GSE216137__doxorubicin_100_nM_vs_DMSO__1","GSE216137",3,6,"nessuno"
"cgroup_L5_8a54ddd6","GSE217421__GSE217421__grp_Doxorubicin_vs_grp_DMSO_1__1","GSE217421",19,9,"nessuno"
"cgroup_L5_8a54ddd6","GSE217898__GSE217898__PAEC_Doxorubicin_24h_vs_PAEC_DMSO_24h__1","GSE217898",2,2,"nessuno"
"cgroup_L5_8a54ddd6","GSE217898__GSE217898__PAEC_Doxorubicin_72h_vs_PAEC_DMSO_72h__1","GSE217898",2,2,"nessuno"
"cgroup_L5_8a54ddd6","GSE222221__GSE222221__grp_0003_vs_grp_0001__1","GSE222221",2,2,"nessuno"
"cgroup_L5_8a54ddd6","GSE222984__GSE222984__MDA-MB-231_doxorubicin_diff_vs_MDA-MB-231_control__1","GSE222984",1,3,"solo_trattato"
"cgroup_L5_8a54ddd6","GSE226115__GSE226115__grp_0003_vs_grp_0001__1","GSE226115",3,1,"solo_controllo"
"cgroup_L5_8a54ddd6","GSE233112__GSE233112__doxorubicin_300_nM_vs_DMSO__1","GSE233112",1,3,"solo_trattato"
"cgroup_L5_8a54ddd6","GSE55727__GSE55727__grp_0002_vs_grp_0001__1","GSE55727",1,2,"solo_trattato"
"cgroup_L5_8a54ddd6","GSE55727__GSE55727__grp_0005_vs_grp_0004__1","GSE55727",1,2,"solo_trattato"
"cgroup_L5_8a54ddd6","GSE60340__GSE60340__Adriamycin_vs_Untreated__1","GSE60340",1,1,"entrambi"
"cgroup_L5_8a54ddd6","GSE84863__GSE84863__Doxorubicin_MDA-MB231_vs_DMSO_MDA-MB231__1","GSE84863",1,1,"entrambi"
"cgroup_L5_3d3658ad","GSE223524__GSE223524__liquiritigenin_vs_DMSO__1","GSE223524",6,6,"nessuno"
"cgroup_L5_3d3658ad","GSE56066__GSE56066__grp_0005_vs_grp_0001__1","GSE56066",2,2,"nessuno"
"cgroup_L5_3d3658ad","GSE56066__GSE56066__grp_0008_vs_grp_0007__1","GSE56066",2,2,"nessuno"
"cgroup_L5_3d3658ad","GSE56066__GSE56066__grp_0014_vs_grp_0013__1","GSE56066",2,2,"nessuno"
"cgroup_L5_3d3658ad","GSE93807__GSE93807__Liquiritigenin_vs_Control__1","GSE93807",1,2,"solo_trattato"
"cgroup_L5_3d3658ad","GSE93807__GSE93807__Liquiritigenin_with_tech_vs_Control__1","GSE93807",1,2,"solo_trattato"
"cgroup_L5_516200d1","GSE121137__GSE121137__grp_0002_vs_grp_0001__1","GSE121137",3,3,"nessuno"
"cgroup_L5_516200d1","GSE242759__GSE242759__Ascorbic_acid_vs_Untreated__1","GSE242759",2,3,"nessuno"
"cgroup_L5_516200d1","GSE244930__GSE244930__NCIH1299_VitaminC_vs_NCIH1299_Vehicle__1","GSE244930",3,3,"nessuno"
"cgroup_L5_516200d1","GSE244930__GSE244930__PC9_VitaminC_vs_PC9_Vehicle__1","GSE244930",3,3,"nessuno"
"cgroup_L5_516200d1","GSE98692__GSE98692__vitaminC_vs_none__1","GSE98692",3,1,"solo_controllo"
"cgroup_L5_d411c435","GSE102505__GSE102505__grp_0004_vs_grp_0003__1","GSE102505",2,2,"nessuno"
"cgroup_L5_d411c435","GSE102505__GSE102505__grp_0007_vs_grp_0006__1","GSE102505",3,1,"solo_controllo"
"cgroup_L5_d411c435","GSE102505__GSE102505__grp_0013_vs_grp_0011__1","GSE102505",1,2,"solo_trattato"
"cgroup_L5_d411c435","GSE102505__GSE102505__grp_0015_vs_grp_0014__1","GSE102505",1,1,"entrambi"
"cgroup_L5_d411c435","GSE102505__GSE102505__grp_0016_vs_grp_0014__1","GSE102505",1,1,"entrambi"
"cgroup_L5_d411c435","GSE125218__GSE125218__HEK293T_Tunicamycin_vs_HEK293T_DMSO__1","GSE125218",2,2,"nessuno"
"cgroup_L5_d411c435","GSE148342__GSE148342__tunicamycin_vs_control__1","GSE148342",1,4,"solo_trattato"
"cgroup_L5_d411c435","GSE157069__GSE157069__grp_0004_vs_grp_0003__1","GSE157069",2,2,"nessuno"
"cgroup_L5_d411c435","GSE157069__GSE157069__grp_0007_vs_grp_0006__1","GSE157069",2,2,"nessuno"
"cgroup_L5_d411c435","GSE211244__GSE211244__HCT116_tunicamycin_case_vs_HCT116_DMSO_case__1","GSE211244",2,2,"nessuno"
"cgroup_L5_d411c435","GSE211244__GSE211244__HCT116_tunicamycin_control_vs_HCT116_DMSO_control__1","GSE211244",4,1,"solo_controllo"
"cgroup_L5_d411c435","GSE226549__GSE226549__tunicamycin_vs_DMSO__1","GSE226549",2,4,"nessuno"
"cgroup_L5_79ce3bd1","GSE128420__GSE128420__bleomycin_vs_untreated__1","GSE128420",2,3,"nessuno"
"cgroup_L5_79ce3bd1","GSE156038__GSE156038__grp_0006_vs_grp_0005__1","GSE156038",1,3,"solo_trattato"
"cgroup_L5_79ce3bd1","GSE156038__GSE156038__grp_0007_vs_grp_0005__1","GSE156038",2,3,"nessuno"
"cgroup_L5_79ce3bd1","GSE156184__GSE156184__grp_0002_vs_grp_0001__1","GSE156184",1,3,"solo_trattato"
"cgroup_L5_79ce3bd1","GSE156184__GSE156184__grp_0004_vs_grp_0001__1","GSE156184",2,3,"nessuno"
"cgroup_L5_79ce3bd1","GSE156472__GSE156472__grp_0004_vs_grp_0001__1","GSE156472",1,3,"solo_trattato"
"cgroup_L5_79ce3bd1","GSE156472__GSE156472__grp_0005_vs_grp_0001__1","GSE156472",1,3,"solo_trattato"
"cgroup_L5_79ce3bd1","GSE164012__GSE164012__grp_0003_vs_grp_0002__1","GSE164012",1,3,"solo_trattato"
"cgroup_L5_79ce3bd1","GSE164012__GSE164012__grp_0004_vs_grp_0002__1","GSE164012",1,3,"solo_trattato"
"cgroup_L5_79ce3bd1","GSE164012__GSE164012__grp_0005_vs_grp_0002__1","GSE164012",1,3,"solo_trattato"
"cgroup_L5_79ce3bd1","GSE176324__GSE176324__bleomycin_donor2_vs_DMSO_donor2__1","GSE176324",3,3,"nessuno"
"cgroup_L5_79ce3bd1","GSE176324__GSE176324__bleomycin_donor1_vs_DMSO_donor1__1","GSE176324",3,3,"nessuno"
"cgroup_L5_79ce3bd1","GSE183269__GSE183269__Bleomycin_90_min_vs_new_medium_added_90_min__1","GSE183269",1,3,"solo_trattato"
"cgroup_L5_79ce3bd1","GSE222279__GSE222279__grp_0002_vs_grp_0003__1","GSE222279",3,3,"nessuno"
"cgroup_L5_79ce3bd1","GSE222676__GSE222676__grp_0001_vs_grp_0002__1","GSE222676",1,1,"entrambi"
"cgroup_L5_79ce3bd1","GSE222676__GSE222676__grp_0003_vs_grp_0007__1","GSE222676",1,2,"solo_trattato"
"cgroup_L5_79ce3bd1","GSE222676__GSE222676__grp_0004_vs_grp_0007__1","GSE222676",1,2,"solo_trattato"
"cgroup_L5_79ce3bd1","GSE244305__GSE244305__grp_0002_vs_grp_0001__1","GSE244305",2,3,"nessuno"
"cgroup_L5_79ce3bd1","GSE244305__GSE244305__grp_0005_vs_grp_0004__1","GSE244305",3,1,"solo_controllo"
"cgroup_L5_0e66597e","GSE123285__GSE123285__grp_0009_vs_grp_0003__1","GSE123285",4,13,"nessuno"
"cgroup_L5_0e66597e","GSE123285__GSE123285__grp_0010_vs_grp_0003__1","GSE123285",3,13,"nessuno"
"cgroup_L5_0e66597e","GSE123285__GSE123285__grp_0011_vs_grp_0003__1","GSE123285",1,13,"solo_trattato"
"cgroup_L5_0e66597e","GSE123285__GSE123285__grp_0024_vs_grp_0003__1","GSE123285",1,13,"solo_trattato"
"cgroup_L5_0e66597e","GSE123285__GSE123285__grp_0031_vs_grp_0003__1","GSE123285",1,13,"solo_trattato"
"cgroup_L5_0e66597e","GSE123285__GSE123285__grp_0032_vs_grp_0003__1","GSE123285",1,13,"solo_trattato"
"cgroup_L5_0e66597e","GSE140758__GSE140758__grp_0001_vs_grp_0002__1","GSE140758",2,3,"nessuno"
"cgroup_L5_0e66597e","GSE140758__GSE140758__grp_0009_vs_grp_0012__1","GSE140758",1,1,"entrambi"
"cgroup_L5_0e66597e","GSE140758__GSE140758__grp_0010_vs_grp_0012__1","GSE140758",1,1,"entrambi"
"cgroup_L5_0e66597e","GSE140758__GSE140758__grp_0017_vs_grp_0002__1","GSE140758",1,3,"solo_trattato"
"cgroup_L5_0e66597e","GSE147283__GSE147283__grp_0002_vs_grp_0001__1","GSE147283",2,2,"nessuno"
"cgroup_L5_0e66597e","GSE147283__GSE147283__grp_0005_vs_grp_0004__1","GSE147283",2,2,"nessuno"
"cgroup_L5_0e66597e","GSE154058__GSE154058__grp_fulv_30nM_vs_grp_untreated__1","GSE154058",3,3,"nessuno"
"cgroup_L5_0e66597e","GSE154058__GSE154058__grp_fulv_300nM_vs_grp_untreated__1","GSE154058",3,3,"nessuno"
"cgroup_L5_0e66597e","GSE184156__GSE184156__Fulvestrant_vs_Vehicle__1","GSE184156",3,3,"nessuno"
"cgroup_L5_0e66597e","GSE199800__GSE199800__Fulvestrant_vs_UNTREATED__1","GSE199800",1,6,"solo_trattato"
"cgroup_L5_0e66597e","GSE213481__GSE213481__Fulvestrant_vs_DMSO__1","GSE213481",3,3,"nessuno"
"cgroup_L5_0e66597e","GSE214052__GSE214052__grp_0003_vs_grp_0002__1","GSE214052",2,3,"nessuno"
"cgroup_L5_0e66597e","GSE214052__GSE214052__grp_0010_vs_grp_0009__1","GSE214052",2,3,"nessuno"
"cgroup_L5_0e66597e","GSE214052__GSE214052__grp_0019_vs_grp_0009__1","GSE214052",1,3,"solo_trattato"
"cgroup_L5_0e66597e","GSE214052__GSE214052__grp_0021_vs_grp_0009__1","GSE214052",3,3,"nessuno"
"cgroup_L5_0e66597e","GSE214052__GSE214052__grp_0022_vs_grp_0009__1","GSE214052",1,3,"solo_trattato"
"cgroup_L5_0e66597e","GSE216540__GSE216540__grp_0002_vs_grp_0001__1","GSE216540",8,8,"nessuno"
"cgroup_L5_0e66597e","GSE216540__GSE216540__grp_0004_vs_grp_0003__1","GSE216540",8,8,"nessuno"
"cgroup_L5_0e66597e","GSE216540__GSE216540__grp_0006_vs_grp_0005__1","GSE216540",4,4,"nessuno"
"cgroup_L5_0e66597e","GSE222728__GSE222728__Fulvestrant_vs_DMSO__1","GSE222728",1,2,"solo_trattato"
"cgroup_L5_0e66597e","GSE230362__GSE230362__grp_0003_vs_grp_0001__1","GSE230362",2,1,"solo_controllo"
"cgroup_L5_0e66597e","GSE230362__GSE230362__grp_0007_vs_grp_0004__1","GSE230362",2,4,"nessuno"
"cgroup_L5_0e66597e","GSE231397__GSE231397__Fulvestrant_E2_vs_DMSO__1","GSE231397",2,3,"nessuno"
"cgroup_L5_0e66597e","GSE231397__GSE231397__Fulvestrant_vs_DMSO__1","GSE231397",1,3,"solo_trattato"
"cgroup_L5_0e66597e","GSE237784__GSE237784__MCF7_TAMR_Fulvestrant_vs_MCF7_TAMR_Vehicle_control__1","GSE237784",1,3,"solo_trattato"
"cgroup_L5_0e66597e","GSE237784__GSE237784__MCF7_ICI_182_780_vs_MCF7_Vehicle_control_2__1","GSE237784",1,3,"solo_trattato"
"cgroup_L5_0e66597e","GSE237784__GSE237784__UCD12_ICI_182_780_2_vs_UCD12_Vehicle_control__1","GSE237784",1,3,"solo_trattato"
"cgroup_L5_0e66597e","GSE237784__GSE237784__UCD12_Fulvestrant_2_vs_UCD12_Vehicle_control__1","GSE237784",1,3,"solo_trattato"
"cgroup_L5_0e66597e","GSE237784__GSE237784__UCD12_ICI_182_780_3_vs_UCD12_Vehicle_control__1","GSE237784",1,3,"solo_trattato"
"cgroup_L5_0e66597e","GSE241942__GSE241942__Fulvestrant_vs_Vehicle__1","GSE241942",2,3,"nessuno"
"cgroup_L5_0e66597e","GSE266932__GSE266932__grp_MCF7_Fulvestrant_vs_grp_MCF7_Vehicle__1","GSE266932",2,2,"nessuno"
"cgroup_L5_0e66597e","GSE266932__GSE266932__grp_MCF7_Y537S_Fulvestrant_vs_grp_MCF7_Y537S_Vehicle__1","GSE266932",2,2,"nessuno"
"cgroup_L5_0e66597e","GSE266932__GSE266932__grp_PDX1526_Fulvestrant_10d_vs_grp_PDX1526_Vehicle_10d__1","GSE266932",1,1,"entrambi"
"cgroup_L5_0e66597e","GSE266932__GSE266932__grp_PDX1526_Fulvestrant_28d_vs_grp_PDX1526_Vehicle_28d__1","GSE266932",4,3,"nessuno"
"cgroup_L5_d8006c5b","GSE129071__GSE129071__oxaliplatin_vs_none__1","GSE129071",3,3,"nessuno"
"cgroup_L5_d8006c5b","GSE160812__GSE160812__grp_0001_vs_grp_0002__1","GSE160812",1,2,"solo_trattato"
"cgroup_L5_d8006c5b","GSE160812__GSE160812__grp_0003_vs_grp_0002__1","GSE160812",1,2,"solo_trattato"
"cgroup_L5_d8006c5b","GSE227609__GSE227609__grp_0003_vs_grp_0002__1","GSE227609",3,2,"nessuno"
"cgroup_L5_d8006c5b","GSE227871__GSE227871__grp_DLD1_wildtype_oxaliplatin_vs_grp_DLD1_XPCoxa_inactive_untreated__1","GSE227871",1,3,"solo_trattato"
"cgroup_L5_d8006c5b","GSE227871__GSE227871__grp_DLD1_XPCoxa_inactive_oxaliplatin_vs_grp_DLD1_XPCoxa_inactive_untreated__1","GSE227871",1,3,"solo_trattato"
"cgroup_L5_d8006c5b","GSE227871__GSE227871__grp_HCT116_oxaliplatin_vs_grp_HCT116_untreated__1","GSE227871",3,3,"nessuno"
"cgroup_L5_d8006c5b","GSE227871__GSE227871__grp_LOVO_XPCoxa_inactive_oxaliplatin_vs_grp_LOVO_XPCoxa_inactive_untreated__1","GSE227871",2,2,"nessuno"
"cgroup_L5_d8006c5b","GSE227871__GSE227871__grp_SW480_oxaliplatin_vs_grp_SW480_untreated__1","GSE227871",3,3,"nessuno"
"cgroup_L5_60d9a5bf","GSE180240__GSE180240__grp_0005_vs_grp_0004__1","GSE180240",1,3,"solo_trattato"
"cgroup_L5_60d9a5bf","GSE203082__GSE203082__schizophrenia_KCl_6h_vs_schizophrenia_PBS_6h_1442__1","GSE203082",6,5,"nessuno"
"cgroup_L5_60d9a5bf","GSE203082__GSE203082__control_KCl_6h_vs_control_PBS_6h__1","GSE203082",5,5,"nessuno"
"cgroup_L5_60d9a5bf","GSE211878__GSE211878__grp_0002_vs_grp_0001__1","GSE211878",2,1,"solo_controllo"
"cgroup_L5_60d9a5bf","GSE236109__GSE236109__grp_KCl_vs_grp_control_media__1","GSE236109",2,3,"nessuno"
"cgroup_L5_60d9a5bf","GSE236109__GSE236109__grp_KCl_tech_vs_grp_control_media__1","GSE236109",4,3,"nessuno"
"cgroup_L5_1c7b64af","GSE197302__GSE197302__grp_0001_vs_grp_0003__1","GSE197302",3,3,"nessuno"
"cgroup_L5_1c7b64af","GSE209582__GSE209582__grp_0003_vs_grp_0007__1","GSE209582",3,4,"nessuno"
"cgroup_L5_1c7b64af","GSE217898__GSE217898__PAEC_Chloroquine_24h_vs_PAEC_DMSO_24h__1","GSE217898",1,2,"solo_trattato"
"cgroup_L5_1c7b64af","GSE217898__GSE217898__PAEC_Chloroquine_72h_vs_PAEC_DMSO_72h__1","GSE217898",1,2,"solo_trattato"
"cgroup_L5_8078374b","GSE118494__GSE118494__grp_0003_vs_grp_0004__1","GSE118494",1,1,"entrambi"
"cgroup_L5_8078374b","GSE153303__GSE153303__alpha_amanitin_2_ug_ml_vs_DMSO__1","GSE153303",1,2,"solo_trattato"
"cgroup_L5_8078374b","GSE153303__GSE153303__alpha_amanitin_1_ug_ml_vs_DMSO__1","GSE153303",1,2,"solo_trattato"
"cgroup_L5_8078374b","GSE235740__GSE235740__Alpha-amanitin_vs_Control__1","GSE235740",3,3,"nessuno"
"cgroup_L5_31308596","GSE126757__GSE126757__PMA_vs_unstimulated__1","GSE126757",2,1,"solo_controllo"
"cgroup_L5_31308596","GSE137608__GSE137608__PMA_vs_CTRL__1","GSE137608",1,1,"entrambi"
"cgroup_L5_31308596","GSE138209__GSE138209__grp_0028_vs_grp_0029__1","GSE138209",2,3,"nessuno"
"cgroup_L5_31308596","GSE169140__GSE169140__PMA_24h_vs_Control__1","GSE169140",4,4,"nessuno"
"cgroup_L5_31308596","GSE169140__GSE169140__PMA_6h_vs_Control__1","GSE169140",2,4,"nessuno"
"cgroup_L5_31308596","GSE178883__GSE178883__PMA_vs_control__1","GSE178883",6,3,"nessuno"
"cgroup_L5_31308596","GSE206742__GSE206742__PMA_vs_DMSO__1","GSE206742",2,2,"nessuno"
"cgroup_L5_31308596","GSE252575__GSE252575__PMA_vs_Control__1","GSE252575",3,6,"nessuno"
"cgroup_L5_31308596","GSE253440__GSE253440__grp_0001_vs_grp_0002__1","GSE253440",5,1,"solo_controllo"
"cgroup_L5_f94b6180","GSE109062__GSE109062__grp_0001_vs_grp_0003__1","GSE109062",3,4,"nessuno"
"cgroup_L5_f94b6180","GSE120660__GSE120660__grp_LNCaP_R1881_24h_vs_grp_LNCaP_untreated__1","GSE120660",3,3,"nessuno"
"cgroup_L5_f94b6180","GSE120660__GSE120660__grp_PC3_R1881_12h_vs_grp_PC3_untreated__1","GSE120660",3,3,"nessuno"
"cgroup_L5_f94b6180","GSE120660__GSE120660__grp_PC3_R1881_6h_vs_grp_PC3_untreated__1","GSE120660",3,3,"nessuno"
"cgroup_L5_f94b6180","GSE120660__GSE120660__grp_VCaP_R1881_24h_vs_grp_VCaP_untreated__1","GSE120660",3,3,"nessuno"
"cgroup_L5_f94b6180","GSE133876__GSE133876__grp_0001_vs_grp_0002__1","GSE133876",3,2,"nessuno"
"cgroup_L5_f94b6180","GSE133876__GSE133876__grp_0001_vs_grp_0003__1","GSE133876",3,1,"solo_controllo"
"cgroup_L5_f94b6180","GSE135879__GSE135879__22pc_r1881_vs_22pc_dmso__1","GSE135879",2,2,"nessuno"
"cgroup_L5_f94b6180","GSE135879__GSE135879__lapc4_r1881_vs_lapc4_dmso__1","GSE135879",2,2,"nessuno"
"cgroup_L5_f94b6180","GSE135879__GSE135879__lncap_r1881_vs_lncap_dmso__1","GSE135879",2,2,"nessuno"
"cgroup_L5_f94b6180","GSE135879__GSE135879__prec_r1881_vs_prec_ethanol__1","GSE135879",1,2,"solo_trattato"
"cgroup_L5_f94b6180","GSE135879__GSE135879__r1ad1_r1881_vs_r1ad1_dmso__1","GSE135879",1,2,"solo_trattato"
"cgroup_L5_f94b6180","GSE135879__GSE135879__vcap_r1881_vs_vcap_dmso__1","GSE135879",2,2,"nessuno"
"cgroup_L5_f94b6180","GSE136272__GSE136272__grp_LNCaP_R1881_vs_grp_LNCaP_DMSO__1","GSE136272",3,3,"nessuno"
"cgroup_L5_f94b6180","GSE136272__GSE136272__grp_VCaP_R1881_vs_grp_VCaP_DMSO__1","GSE136272",3,3,"nessuno"
"cgroup_L5_f94b6180","GSE142556__GSE142556__KYSE410_R1881_24h_vs_KYSE410_Vehicle__1","GSE142556",2,2,"nessuno"
"cgroup_L5_f94b6180","GSE142556__GSE142556__KYSE410_R1881_4h_vs_KYSE410_Vehicle__1","GSE142556",2,2,"nessuno"
"cgroup_L5_f94b6180","GSE143905__GSE143905__grp_0002_vs_grp_0001__1","GSE143905",2,2,"nessuno"
"cgroup_L5_f94b6180","GSE168663__GSE168663__grp_0002_vs_grp_0001__1","GSE168663",3,3,"nessuno"
"cgroup_L5_f94b6180","GSE168663__GSE168663__grp_0004_vs_grp_0003__1","GSE168663",3,3,"nessuno"
"cgroup_L5_f94b6180","GSE168663__GSE168663__grp_0006_vs_grp_0005__1","GSE168663",3,3,"nessuno"
"cgroup_L5_f94b6180","GSE168663__GSE168663__grp_0008_vs_grp_0007__1","GSE168663",3,3,"nessuno"
"cgroup_L5_f94b6180","GSE168670__GSE168670__grp_0005_vs_grp_0004__1","GSE168670",1,3,"solo_trattato"
"cgroup_L5_f94b6180","GSE168670__GSE168670__grp_0006_vs_grp_0004__1","GSE168670",2,3,"nessuno"
"cgroup_L5_f94b6180","GSE172094__GSE172094__grp_0001_vs_grp_0002__1","GSE172094",1,3,"solo_trattato"
"cgroup_L5_f94b6180","GSE172094__GSE172094__grp_0003_vs_grp_0002__1","GSE172094",2,3,"nessuno"
"cgroup_L5_f94b6180","GSE172205__GSE172205__grp_0004_vs_grp_0002__1","GSE172205",3,3,"nessuno"
"cgroup_L5_f94b6180","GSE194420__GSE194420__grp_LNCaP_C42_R1881_vs_grp_LNCaP_C42_Vehicle__1","GSE194420",3,3,"nessuno"
"cgroup_L5_f94b6180","GSE194420__GSE194420__grp_22Rv1_R1881_vs_grp_22Rv1_Vehicle__1","GSE194420",3,3,"nessuno"
"cgroup_L5_f94b6180","GSE222992__GSE222992__grp_0003_vs_grp_0001__1","GSE222992",3,3,"nessuno"
"cgroup_L5_f94b6180","GSE222992__GSE222992__grp_0007_vs_grp_0005__1","GSE222992",3,3,"nessuno"
"cgroup_L5_f94b6180","GSE225206__GSE225206__grp_0001_vs_grp_0002__1","GSE225206",3,3,"nessuno"
"cgroup_L5_f94b6180","GSE225206__GSE225206__grp_0004_vs_grp_0005__1","GSE225206",1,2,"solo_trattato"
"cgroup_L5_f94b6180","GSE225206__GSE225206__grp_0006_vs_grp_0005__1","GSE225206",1,2,"solo_trattato"
"cgroup_L5_f94b6180","GSE225206__GSE225206__grp_0007_vs_grp_0005__1","GSE225206",1,2,"solo_trattato"
"cgroup_L5_f94b6180","GSE225206__GSE225206__grp_0010_vs_grp_0008__1","GSE225206",3,1,"solo_controllo"
"cgroup_L5_f94b6180","GSE225206__GSE225206__grp_0010_vs_grp_0009__1","GSE225206",3,1,"solo_controllo"
"cgroup_L5_f94b6180","GSE225206__GSE225206__grp_0010_vs_grp_0011__1","GSE225206",3,1,"solo_controllo"
"cgroup_L5_f94b6180","GSE225481__GSE225481__grp_0003_vs_grp_0001__1","GSE225481",2,1,"solo_controllo"
"cgroup_L5_f94b6180","GSE225481__GSE225481__grp_0005_vs_grp_0006__1","GSE225481",1,1,"entrambi"
"cgroup_L5_f94b6180","GSE225481__GSE225481__grp_0007_vs_grp_0008__1","GSE225481",1,1,"entrambi"
"cgroup_L5_f94b6180","GSE225481__GSE225481__grp_0012_vs_grp_0011__1","GSE225481",1,1,"entrambi"
"cgroup_L5_f94b6180","GSE225481__GSE225481__grp_0015_vs_grp_0014__1","GSE225481",2,2,"nessuno"
"cgroup_L5_f94b6180","GSE225481__GSE225481__grp_0018_vs_grp_0017__1","GSE225481",1,2,"solo_trattato"
"cgroup_L5_f94b6180","GSE225481__GSE225481__grp_0020_vs_grp_0021__1","GSE225481",2,1,"solo_controllo"
"cgroup_L5_f94b6180","GSE225481__GSE225481__grp_0024_vs_grp_0027__1","GSE225481",1,1,"entrambi"
"cgroup_L5_f94b6180","GSE225481__GSE225481__grp_0025_vs_grp_0027__1","GSE225481",2,1,"solo_controllo"
"cgroup_L5_f94b6180","GSE225481__GSE225481__grp_0026_vs_grp_0027__1","GSE225481",2,1,"solo_controllo"
"cgroup_L5_f94b6180","GSE225481__GSE225481__grp_0034_vs_grp_0032__1","GSE225481",2,2,"nessuno"
"cgroup_L5_f94b6180","GSE225481__GSE225481__grp_0037_vs_grp_0035__1","GSE225481",2,2,"nessuno"
"cgroup_L5_f94b6180","GSE225481__GSE225481__grp_0043_vs_grp_0035__1","GSE225481",1,2,"solo_trattato"
"cgroup_L5_f94b6180","GSE230741__GSE230741__grp_0001_vs_grp_0034__1","GSE230741",3,3,"nessuno"
"cgroup_L5_f94b6180","GSE230741__GSE230741__grp_0001_vs_grp_0035__1","GSE230741",3,3,"nessuno"
"cgroup_L5_f94b6180","GSE230741__GSE230741__grp_0001_vs_grp_0036__1","GSE230741",3,3,"nessuno"
"cgroup_L5_f94b6180","GSE230741__GSE230741__grp_0004_vs_grp_0005__1","GSE230741",1,1,"entrambi"
"cgroup_L5_f94b6180","GSE230741__GSE230741__grp_0004_vs_grp_0006__1","GSE230741",1,1,"entrambi"
"cgroup_L5_f94b6180","GSE230741__GSE230741__grp_0004_vs_grp_0007__1","GSE230741",1,1,"entrambi"
"cgroup_L5_f94b6180","GSE230741__GSE230741__grp_0008_vs_grp_0009__1","GSE230741",1,1,"entrambi"
"cgroup_L5_f94b6180","GSE230741__GSE230741__grp_0008_vs_grp_0010__1","GSE230741",1,1,"entrambi"
"cgroup_L5_f94b6180","GSE230741__GSE230741__grp_0008_vs_grp_0011__1","GSE230741",1,1,"entrambi"
"cgroup_L5_f94b6180","GSE230741__GSE230741__grp_0013_vs_grp_0012__1","GSE230741",1,1,"entrambi"
"cgroup_L5_f94b6180","GSE230741__GSE230741__grp_0013_vs_grp_0014__1","GSE230741",1,1,"entrambi"
"cgroup_L5_f94b6180","GSE230741__GSE230741__grp_0013_vs_grp_0015__1","GSE230741",1,1,"entrambi"
"cgroup_L5_f94b6180","GSE230741__GSE230741__grp_0016_vs_grp_0017__1","GSE230741",1,1,"entrambi"
"cgroup_L5_f94b6180","GSE230741__GSE230741__grp_0016_vs_grp_0018__1","GSE230741",1,1,"entrambi"
"cgroup_L5_f94b6180","GSE230741__GSE230741__grp_0016_vs_grp_0019__1","GSE230741",1,1,"entrambi"
"cgroup_L5_f94b6180","GSE230741__GSE230741__grp_0020_vs_grp_0021__1","GSE230741",1,1,"entrambi"
"cgroup_L5_f94b6180","GSE230741__GSE230741__grp_0020_vs_grp_0022__1","GSE230741",1,1,"entrambi"
"cgroup_L5_f94b6180","GSE230741__GSE230741__grp_0020_vs_grp_0023__1","GSE230741",1,1,"entrambi"
"cgroup_L5_f94b6180","GSE230741__GSE230741__grp_0026_vs_grp_0024__1","GSE230741",1,1,"entrambi"
"cgroup_L5_f94b6180","GSE230741__GSE230741__grp_0026_vs_grp_0025__1","GSE230741",1,1,"entrambi"
"cgroup_L5_f94b6180","GSE230741__GSE230741__grp_0026_vs_grp_0027__1","GSE230741",1,1,"entrambi"
"cgroup_L5_f94b6180","GSE230741__GSE230741__grp_0030_vs_grp_0028__1","GSE230741",1,1,"entrambi"
"cgroup_L5_f94b6180","GSE230741__GSE230741__grp_0030_vs_grp_0029__1","GSE230741",1,1,"entrambi"
"cgroup_L5_f94b6180","GSE230741__GSE230741__grp_0026_vs_grp_0031__1","GSE230741",1,1,"entrambi"
"cgroup_L5_f94b6180","GSE230741__GSE230741__grp_0026_vs_grp_0032__1","GSE230741",1,1,"entrambi"
"cgroup_L5_f94b6180","GSE236441__GSE236441__grp_0001_vs_grp_0002__1","GSE236441",2,1,"solo_controllo"
"cgroup_L5_f94b6180","GSE236441__GSE236441__grp_0001_vs_grp_0003__1","GSE236441",2,2,"nessuno"
"cgroup_L5_f94b6180","GSE236441__GSE236441__grp_0005_vs_grp_0004__1","GSE236441",1,3,"solo_trattato"
"cgroup_L5_f94b6180","GSE236441__GSE236441__grp_0006_vs_grp_0004__1","GSE236441",1,3,"solo_trattato"
"cgroup_L5_f94b6180","GSE236441__GSE236441__grp_0007_vs_grp_0004__1","GSE236441",1,3,"solo_trattato"
"cgroup_L5_f94b6180","GSE240167__GSE240167__grp_0001_vs_grp_0008__1","GSE240167",1,3,"solo_trattato"
"cgroup_L5_f94b6180","GSE240167__GSE240167__grp_0002_vs_grp_0008__1","GSE240167",2,3,"nessuno"
"cgroup_L5_f94b6180","GSE240167__GSE240167__grp_0006_vs_grp_0009__1","GSE240167",2,4,"nessuno"
"cgroup_L5_f94b6180","GSE240167__GSE240167__grp_0011_vs_grp_0009__1","GSE240167",2,4,"nessuno"
"cgroup_L5_f94b6180","GSE240364__GSE240364__WT_HOXB13_R1881_vs_WT_HOXB13_vehicle_vehicle__1","GSE240364",8,4,"nessuno"
"cgroup_L5_f94b6180","GSE240364__GSE240364__X285K_R1881_vs_X285K_vehicle_vehicle__1","GSE240364",3,3,"nessuno"
"cgroup_L5_f94b6180","GSE243329__GSE243329__grp_0002_vs_grp_0001__1","GSE243329",1,3,"solo_trattato"
"cgroup_L5_f94b6180","GSE243329__GSE243329__grp_0004_vs_grp_0001__1","GSE243329",2,3,"nessuno"
"cgroup_L5_f94b6180","GSE245454__GSE245454__R1881_24h_vs_DMSO_24h__1","GSE245454",3,3,"nessuno"
"cgroup_L5_f94b6180","GSE245454__GSE245454__R1881_48h_vs_DMSO_48h__1","GSE245454",3,2,"nessuno"
"cgroup_L5_f94b6180","GSE256370__GSE256370__r1881_vs_ethanol__1","GSE256370",3,3,"nessuno"
"cgroup_L5_f94b6180","GSE71797__GSE71797__grp_ep156t_r1881_vs_grp_ep156t_dmso__1","GSE71797",1,1,"entrambi"
"cgroup_L5_f94b6180","GSE71797__GSE71797__grp_lncap_r1881_vs_grp_lncap_dmso__1","GSE71797",1,1,"entrambi"
"cgroup_L5_f94b6180","GSE71797__GSE71797__grp_vcap_r1881_vs_grp_vcap_control__1","GSE71797",1,1,"entrambi"
"cgroup_L5_f94b6180","GSE84432__GSE84432__grp_0003_vs_grp_0001__1","GSE84432",1,2,"solo_trattato"
"cgroup_L5_f94b6180","GSE97204__GSE97204__CWR-22Rv1_R1881_vs_CWR-22Rv1_Vehicle__1","GSE97204",1,1,"entrambi"
"cgroup_L5_f94b6180","GSE99381__GSE99381__grp_0001_vs_grp_0003__1","GSE99381",1,1,"entrambi"
"cgroup_L5_f94b6180","GSE99381__GSE99381__grp_0002_vs_grp_0003__1","GSE99381",1,1,"entrambi"
"cgroup_L5_f94b6180","GSE99381__GSE99381__grp_0006_vs_grp_0005__1","GSE99381",1,2,"solo_trattato"
"cgroup_L5_efced505","GSE114686__GSE114686__Sunitinib_1_uM_24h_vs_DMSO_0.001_uM_24h__1","GSE114686",1,3,"solo_trattato"
"cgroup_L5_efced505","GSE114686__GSE114686__Sunitinib_10_uM_24h_vs_DMSO_0.001_uM_24h__1","GSE114686",1,3,"solo_trattato"
"cgroup_L5_efced505","GSE114686__GSE114686__Sunitinib_3_uM_24h_vs_DMSO_0.001_uM_24h__1","GSE114686",1,3,"solo_trattato"
"cgroup_L5_efced505","GSE114686__GSE114686__Sunitinib_3_uM_168h_vs_DMSO_0.001_uM_168h__1","GSE114686",2,3,"nessuno"
"cgroup_L5_efced505","GSE114686__GSE114686__Sunitinib_3_uM_168h_2_vs_DMSO_0.001_uM_168h__1","GSE114686",1,3,"solo_trattato"
"cgroup_L5_efced505","GSE114686__GSE114686__Sunitinib_3_uM_24h_2_vs_DMSO_0.001_uM_24h__1","GSE114686",2,3,"nessuno"
"cgroup_L5_efced505","GSE114686__GSE114686__Sunitinib_10_uM_24h_2_vs_DMSO_0.001_uM_24h__1","GSE114686",2,3,"nessuno"
"cgroup_L5_efced505","GSE114686__GSE114686__Sunitinib_3_uM_6h_vs_DMSO_0.001_uM_6h__1","GSE114686",1,1,"entrambi"
"cgroup_L5_efced505","GSE114686__GSE114686__Sunitinib_1_uM_24h_2_vs_DMSO_0.001_uM_24h__1","GSE114686",2,3,"nessuno"
"cgroup_L5_efced505","GSE114686__GSE114686__Sunitinib_3_uM_6h_2_vs_DMSO_0.001_uM_6h__1","GSE114686",2,1,"solo_controllo"
"cgroup_L5_efced505","GSE146096__GSE146096__Sunitinib_100nM_48h_vs_Vehicle_Control__1","GSE146096",22,102,"nessuno"
"cgroup_L5_efced505","GSE186341__GSE186341__Sunitinib_vs_DMSO__1","GSE186341",2,17,"nessuno"
"cgroup_L5_efced505","GSE186341__GSE186341__Sunitinib_vs_DMSO__2","GSE186341",1,48,"solo_trattato"
"cgroup_L5_efced505","GSE186341__GSE186341__Sunitinib_vs_DMSO__3","GSE186341",2,9,"nessuno"
"cgroup_L5_efced505","GSE186341__GSE186341__grp_025_vs_grp_052__1","GSE186341",2,26,"nessuno"
"cgroup_L5_efced505","GSE186341__GSE186341__HSTS_Sunitinib_vs_HSTS_DMSO__1","GSE186341",2,27,"nessuno"
"cgroup_L5_efced505","GSE186341__GSE186341__grp_006_vs_grp_022__1","GSE186341",1,35,"solo_trattato"
"cgroup_L5_efced505","GSE186341__GSE186341__LNCaP_Sunitinib_vs_LNCaP_DMSO__1","GSE186341",1,23,"solo_trattato"
"cgroup_L5_efced505","GSE186341__GSE186341__NCI-H1793_Sunitinib_vs_NCI-H1793_DMSO__1","GSE186341",2,22,"nessuno"
"cgroup_L5_efced505","GSE186341__GSE186341__grp_0029_vs_grp_0019__1","GSE186341",1,3,"solo_trattato"
"cgroup_L5_efced505","GSE186341__GSE186341__grp_0046_vs_grp_0019__1","GSE186341",1,3,"solo_trattato"
"cgroup_L5_efced505","GSE186341__GSE186341__grp_039_vs_grp_022__1","GSE186341",2,1,"solo_controllo"
"cgroup_L5_efced505","GSE201740__GSE201740__grp_0001_vs_grp_0002__1","GSE201740",2,1,"solo_controllo"
"cgroup_L5_efced505","GSE201740__GSE201740__grp_0003_vs_grp_0004__1","GSE201740",2,2,"nessuno"
"cgroup_L5_efced505","GSE210020__GSE210020__grp_0009_vs_grp_0006__1","GSE210020",1,2,"solo_trattato"
"cgroup_L5_efced505","GSE217421__GSE217421__grp_DMSO_1_vs_grp_Sunitinib_1__1","GSE217421",12,9,"nessuno"
"cgroup_L5_efced505","GSE217421__GSE217421__grp_DMSO_1_vs_grp_Sunitinib_2__1","GSE217421",4,9,"nessuno"
"cgroup_L5_efced505","GSE217421__GSE217421__grp_DMSO_1_vs_grp_Sunitinib_3__1","GSE217421",5,9,"nessuno"
"cgroup_L5_efced505","GSE217423__GSE217423__Sunitinib_1uM_48h_vs_DMSO__1","GSE217423",8,16,"nessuno"
"cgroup_L5_efced505","GSE217898__GSE217898__PAEC_Sunitinib_72h_vs_PAEC_DMSO_72h__1","GSE217898",1,2,"solo_trattato"
"cgroup_L5_efced505","GSE217898__GSE217898__PAEC_Sunitinib_24h_vs_PAEC_DMSO_24h__1","GSE217898",1,2,"solo_trattato"
"cgroup_L5_efced505","GSE59066__GSE59066__grp_0004_vs_grp_0003__1","GSE59066",2,7,"nessuno"
"cgroup_L5_efced505","GSE59066__GSE59066__grp_0009_vs_grp_0008__1","GSE59066",1,3,"solo_trattato"
"cgroup_L5_efced505","GSE98428__GSE98428__Sunitinib_0.1_uM_vs_Vehicle_Control__1","GSE98428",1,7,"solo_trattato"
"cgroup_L5_efced505","GSE98428__GSE98428__Sunitinib_0.1_uM_Replicate_vs_Vehicle_Control__1","GSE98428",2,7,"nessuno"
"cgroup_L5_efced505","GSE98428__GSE98428__Sunitinib_0.1_uM_Replicate_vs_Vehicle_Control__2","GSE98428",1,7,"solo_trattato"
"cgroup_L5_efced505","GSE98431__GSE98431__grp_0002_vs_grp_0001__1","GSE98431",1,8,"solo_trattato"
"cgroup_L5_efced505","GSE98431__GSE98431__grp_0003_vs_grp_0001__1","GSE98431",1,8,"solo_trattato"
"cgroup_L5_efced505","GSE98431__GSE98431__grp_0004_vs_grp_0001__1","GSE98431",2,8,"nessuno"
"cgroup_L5_f97e665a","GSE144989__GSE144989__bosutinib_vs_DMSO__1","GSE144989",1,1,"entrambi"
"cgroup_L5_f97e665a","GSE146096__GSE146096__grp_bosutinib_100nM_vs_grp_vehicle__1","GSE146096",1,102,"solo_trattato"
"cgroup_L5_f97e665a","GSE146096__GSE146096__grp_bosutinib_100nM_2_vs_grp_vehicle__1","GSE146096",2,102,"nessuno"
"cgroup_L5_f97e665a","GSE146096__GSE146096__grp_bosutinib_100nM_3_vs_grp_vehicle__1","GSE146096",1,102,"solo_trattato"
"cgroup_L5_f97e665a","GSE146096__GSE146096__grp_bosutinib_100nM_4_vs_grp_vehicle__1","GSE146096",1,102,"solo_trattato"
"cgroup_L5_f97e665a","GSE146096__GSE146096__grp_bosutinib_100nM_5_vs_grp_vehicle__1","GSE146096",1,102,"solo_trattato"
"cgroup_L5_f97e665a","GSE146096__GSE146096__grp_bosutinib_100nM_6_vs_grp_vehicle__1","GSE146096",1,102,"solo_trattato"
"cgroup_L5_f97e665a","GSE146096__GSE146096__grp_bosutinib_100nM_7_vs_grp_vehicle__1","GSE146096",1,102,"solo_trattato"
"cgroup_L5_f97e665a","GSE146096__GSE146096__grp_bosutinib_100nM_8_vs_grp_vehicle__1","GSE146096",2,102,"nessuno"
"cgroup_L5_f97e665a","GSE166617__GSE166617__grp_0003_vs_grp_0001__1","GSE166617",1,1,"entrambi"
"cgroup_L5_f97e665a","GSE166617__GSE166617__grp_0006_vs_grp_0004__1","GSE166617",1,1,"entrambi"
"cgroup_L5_f97e665a","GSE166617__GSE166617__grp_0009_vs_grp_0007__1","GSE166617",1,2,"solo_trattato"
"cgroup_L5_f97e665a","GSE166617__GSE166617__grp_0010_vs_grp_0007__1","GSE166617",1,2,"solo_trattato"
"cgroup_L5_f97e665a","GSE186341__GSE186341__Bosutinib_vs_DMSO__1","GSE186341",1,17,"solo_trattato"
"cgroup_L5_f97e665a","GSE186341__GSE186341__Bosutinib_2_vs_DMSO__1","GSE186341",1,17,"solo_trattato"
"cgroup_L5_f97e665a","GSE186341__GSE186341__Bosutinib_vs_DMSO__2","GSE186341",1,48,"solo_trattato"
"cgroup_L5_f97e665a","GSE186341__GSE186341__Bosutinib_vs_DMSO__3","GSE186341",1,48,"solo_trattato"
"cgroup_L5_f97e665a","GSE186341__GSE186341__grp_0152_vs_grp_0135__1","GSE186341",1,47,"solo_trattato"
"cgroup_L5_f97e665a","GSE186341__GSE186341__Bosutinib_vs_DMSO__4","GSE186341",1,9,"solo_trattato"
"cgroup_L5_f97e665a","GSE186341__GSE186341__Bosutinib_vs_DMSO__5","GSE186341",1,9,"solo_trattato"
"cgroup_L5_f97e665a","GSE186341__GSE186341__grp_045_vs_grp_052__1","GSE186341",1,26,"solo_trattato"
"cgroup_L5_f97e665a","GSE186341__GSE186341__grp_046_vs_grp_052__1","GSE186341",1,26,"solo_trattato"
"cgroup_L5_f97e665a","GSE186341__GSE186341__HSTS_Bosutinib_vs_HSTS_DMSO__1","GSE186341",1,27,"solo_trattato"
"cgroup_L5_f97e665a","GSE186341__GSE186341__grp_024_vs_grp_034__1","GSE186341",1,40,"solo_trattato"
"cgroup_L5_f97e665a","GSE186341__GSE186341__grp_036_vs_grp_034__1","GSE186341",1,40,"solo_trattato"
"cgroup_L5_f97e665a","GSE186341__GSE186341__NCI-H1793_Bosutinib_vs_NCI-H1793_DMSO__1","GSE186341",1,22,"solo_trattato"
"cgroup_L5_f97e665a","GSE186341__GSE186341__grp_001_vs_grp_013__1","GSE186341",1,14,"solo_trattato"
"cgroup_L5_f97e665a","GSE186341__GSE186341__grp_002_vs_grp_013__1","GSE186341",1,14,"solo_trattato"
"cgroup_L5_f97e665a","GSE186341__GSE186341__grp_054_vs_grp_022__1","GSE186341",1,1,"entrambi"
"cgroup_L5_f97e665a","GSE186341__GSE186341__grp_056_vs_grp_022__1","GSE186341",1,1,"entrambi"
"cgroup_L5_f97e665a","GSE199800__GSE199800__Bosutinib_vs_DMSO__1","GSE199800",1,3,"solo_trattato"
"cgroup_L5_f97e665a","GSE217421__GSE217421__grp_Bosutinib_1_vs_grp_DMSO_1__1","GSE217421",3,9,"nessuno"
"cgroup_L5_4be9e90d","GSE129018__GSE129018__grp_0003_vs_grp_0004__1","GSE129018",1,2,"solo_trattato"
"cgroup_L5_4be9e90d","GSE129018__GSE129018__grp_0005_vs_grp_0004__1","GSE129018",1,2,"solo_trattato"
"cgroup_L5_4be9e90d","GSE129018__GSE129018__grp_0008_vs_grp_0007__1","GSE129018",2,2,"nessuno"
"cgroup_L5_4be9e90d","GSE144775__GSE144775__PFOS_0.02uM_1day_vs_DMSO_1day__1","GSE144775",4,30,"nessuno"
"cgroup_L5_4be9e90d","GSE144775__GSE144775__PFOS_0.02uM_10days_vs_DMSO_10days__1","GSE144775",4,33,"nessuno"
"cgroup_L5_4be9e90d","GSE144775__GSE144775__PFOS_0.02uM_14days_vs_DMSO_14days__1","GSE144775",3,31,"nessuno"
"cgroup_L5_4be9e90d","GSE144775__GSE144775__PFOS_0.02uM_4days_vs_DMSO_4days__1","GSE144775",4,31,"nessuno"
"cgroup_L5_4be9e90d","GSE144775__GSE144775__PFOS_0.1uM_1day_vs_DMSO_1day__1","GSE144775",3,30,"nessuno"
"cgroup_L5_4be9e90d","GSE144775__GSE144775__PFOS_0.1uM_10days_vs_DMSO_10days__1","GSE144775",4,33,"nessuno"
"cgroup_L5_4be9e90d","GSE144775__GSE144775__PFOS_0.1uM_14days_vs_DMSO_14days__1","GSE144775",2,31,"nessuno"
"cgroup_L5_4be9e90d","GSE144775__GSE144775__PFOS_0.1uM_4days_vs_DMSO_4days__1","GSE144775",3,31,"nessuno"
"cgroup_L5_4be9e90d","GSE144775__GSE144775__PFOS_0.2uM_1day_vs_DMSO_1day__1","GSE144775",4,30,"nessuno"
"cgroup_L5_4be9e90d","GSE144775__GSE144775__PFOS_0.2uM_10days_vs_DMSO_10days__1","GSE144775",4,33,"nessuno"
"cgroup_L5_4be9e90d","GSE144775__GSE144775__PFOS_0.2uM_14days_vs_DMSO_14days__1","GSE144775",3,31,"nessuno"
"cgroup_L5_4be9e90d","GSE144775__GSE144775__PFOS_0.2uM_4days_vs_DMSO_4days__1","GSE144775",4,31,"nessuno"
"cgroup_L5_4be9e90d","GSE144775__GSE144775__PFOS_1uM_1day_vs_DMSO_1day__1","GSE144775",4,30,"nessuno"
"cgroup_L5_4be9e90d","GSE144775__GSE144775__PFOS_1uM_10days_vs_DMSO_10days__1","GSE144775",3,33,"nessuno"
"cgroup_L5_4be9e90d","GSE144775__GSE144775__PFOS_1µM_14days_vs_DMSO_14days__1","GSE144775",3,31,"nessuno"
"cgroup_L5_4be9e90d","GSE144775__GSE144775__PFOS_1µM_4days_vs_DMSO_4days__1","GSE144775",4,31,"nessuno"
"cgroup_L5_4be9e90d","GSE144775__GSE144775__PFOS_10µM_1day_vs_DMSO_1day__1","GSE144775",4,30,"nessuno"
"cgroup_L5_4be9e90d","GSE144775__GSE144775__PFOS_10µM_10days_vs_DMSO_10days__1","GSE144775",3,33,"nessuno"
"cgroup_L5_4be9e90d","GSE144775__GSE144775__PFOS_10µM_14days_vs_DMSO_14days__1","GSE144775",4,31,"nessuno"
"cgroup_L5_4be9e90d","GSE144775__GSE144775__PFOS_10µM_4days_vs_DMSO_4days__1","GSE144775",3,31,"nessuno"
"cgroup_L5_4be9e90d","GSE144775__GSE144775__PFOS_2µM_1day_vs_DMSO_1day__1","GSE144775",4,30,"nessuno"
"cgroup_L5_4be9e90d","GSE144775__GSE144775__PFOS_2µM_10days_vs_DMSO_10days__1","GSE144775",3,33,"nessuno"
"cgroup_L5_4be9e90d","GSE144775__GSE144775__PFOS_2µM_14days_vs_DMSO_14days__1","GSE144775",4,31,"nessuno"
"cgroup_L5_4be9e90d","GSE144775__GSE144775__PFOS_2µM_4days_vs_DMSO_4days__1","GSE144775",4,31,"nessuno"
"cgroup_L5_4be9e90d","GSE144775__GSE144775__PFOS_20µM_1day_vs_DMSO_1day__1","GSE144775",4,30,"nessuno"
"cgroup_L5_4be9e90d","GSE144775__GSE144775__PFOS_20µM_10days_vs_DMSO_10days__1","GSE144775",4,33,"nessuno"
"cgroup_L5_4be9e90d","GSE144775__GSE144775__PFOS_20µM_14days_vs_DMSO_14days__1","GSE144775",4,31,"nessuno"
"cgroup_L5_4be9e90d","GSE144775__GSE144775__PFOS_20µM_4days_vs_DMSO_4days__1","GSE144775",4,31,"nessuno"
"cgroup_L5_4be9e90d","GSE232176__GSE232176__grp_0002_vs_grp_0001__1","GSE232176",4,1,"solo_controllo"
"cgroup_L5_4be9e90d","GSE232176__GSE232176__grp_0002_vs_grp_0003__1","GSE232176",4,1,"solo_controllo"
"cgroup_L5_4be9e90d","GSE232176__GSE232176__grp_0002_vs_grp_0004__1","GSE232176",4,2,"nessuno"
"cgroup_L5_4be9e90d","GSE262137__GSE262137__grp_C1_PFOS_10nM_vs_grp_testicular_germ_cell_tumor_DMSO__1","GSE262137",3,5,"nessuno"
"cgroup_L5_4be9e90d","GSE262137__GSE262137__grp_EP_PFOS_10nM_vs_grp_EP_DMSO__1","GSE262137",1,1,"entrambi"
"cgroup_L5_4be9e90d","GSE262137__GSE262137__grp_EP_PFOS_5uM_vs_grp_EP_DMSO__1","GSE262137",2,1,"solo_controllo"
"cgroup_L5_d7ad915e","GSE155180__GSE155180__grp_0001_vs_grp_0003__1","GSE155180",2,1,"solo_controllo"
"cgroup_L5_d7ad915e","GSE155180__GSE155180__grp_0002_vs_grp_0003__1","GSE155180",3,1,"solo_controllo"
"cgroup_L5_d7ad915e","GSE159487__GSE159487__group_0018_vs_group_0006__1","GSE159487",6,2,"nessuno"
"cgroup_L5_d7ad915e","GSE167762__GSE167762__VPA_vs_untreated__1","GSE167762",3,2,"nessuno"
"cgroup_L5_d7ad915e","GSE187006__GSE187006__grp_0002_vs_grp_0001__1","GSE187006",3,3,"nessuno"
"cgroup_L5_d7ad915e","GSE187006__GSE187006__grp_0004_vs_grp_0003__1","GSE187006",3,2,"nessuno"
"cgroup_L5_d7ad915e","GSE200186__GSE200186__dermal_fibroblasts_vpa_vs_dermal_fibroblasts_control__1","GSE200186",3,3,"nessuno"
"cgroup_L5_d7ad915e","GSE229014__GSE229014__grp_0004_vs_grp_0001__1","GSE229014",1,2,"solo_trattato"
"cgroup_L5_d7ad915e","GSE229014__GSE229014__grp_0004_vs_grp_0003__1","GSE229014",1,7,"solo_trattato"
"cgroup_L5_d7ad915e","GSE229014__GSE229014__grp_0008_vs_grp_0001__1","GSE229014",6,2,"nessuno"
"cgroup_L5_d7ad915e","GSE229014__GSE229014__grp_0008_vs_grp_0003__1","GSE229014",6,7,"nessuno"
"cgroup_L5_d7ad915e","GSE232218__GSE232218__grp_0005_vs_grp_0004__1","GSE232218",1,2,"solo_trattato"
"cgroup_L5_d7ad915e","GSE232218__GSE232218__grp_0006_vs_grp_0004__1","GSE232218",3,2,"nessuno"
"cgroup_L5_d7ad915e","GSE232218__GSE232218__grp_0007_vs_grp_0004__1","GSE232218",4,2,"nessuno"
"cgroup_L5_d7ad915e","GSE241903__GSE241903__VPA_vs_Vehicle__1","GSE241903",3,3,"nessuno"
"cgroup_L5_62404e11","GSE128728__GSE128728__grp_cyclophosphamide_bm_vs_grp_vehicle_bm__1","GSE128728",4,5,"nessuno"
"cgroup_L5_62404e11","GSE128728__GSE128728__grp_cyclophosphamide_spleen_vs_grp_vehicle_spleen__1","GSE128728",8,4,"nessuno"
"cgroup_L5_62404e11","GSE181228__GSE181228__cyclophosphamide_Baseline_Patient8_vs_Control__1","GSE181228",8,45,"nessuno"
"cgroup_L5_62404e11","GSE181228__GSE181228__cyclophosphamide_Baseline_Patient27_vs_Control__1","GSE181228",2,45,"nessuno"
"cgroup_L5_62404e11","GSE181228__GSE181228__cyclophosphamide_Baseline_Patient1_vs_Control__1","GSE181228",21,45,"nessuno"
"cgroup_L5_62404e11","GSE181228__GSE181228__cyclophosphamide_Baseline_Patient4_vs_Control__1","GSE181228",36,45,"nessuno"
"cgroup_L5_62404e11","GSE181228__GSE181228__cyclophosphamide_Baseline_Patient80_vs_Control__1","GSE181228",1,45,"solo_trattato"
"cgroup_L5_62404e11","GSE181228__GSE181228__cyclophosphamide_Baseline_Patient55_vs_Control__1","GSE181228",1,45,"solo_trattato"
"cgroup_L5_62404e11","GSE181228__GSE181228__cyclophosphamide_Month_12_Patient32_vs_Control__1","GSE181228",5,45,"nessuno"
"cgroup_L5_62404e11","GSE181228__GSE181228__cyclophosphamide_Month_12_Patient12_vs_Control__1","GSE181228",24,45,"nessuno"
"cgroup_L5_62404e11","GSE181228__GSE181228__cyclophosphamide_Month_12_Patient29_vs_Control__1","GSE181228",18,45,"nessuno"
"cgroup_L5_62404e11","GSE199800__GSE199800__Cyclophosphamide_vs_UNTREATED__1","GSE199800",1,4,"solo_trattato"
"cgroup_L5_62404e11","GSE217898__GSE217898__PAEC_Cyclophosphamide_72h_vs_PAEC_DMSO_72h__1","GSE217898",1,2,"solo_trattato"
"cgroup_L5_62404e11","GSE217898__GSE217898__PAEC_Cyclophosphamide_24h_vs_PAEC_DMSO_24h__1","GSE217898",1,2,"solo_trattato"
"cgroup_L5_49e290ae","GSE208405__GSE208405__AD_ciclosporin_vs_AD_none__3","GSE208405",2,31,"nessuno"
"cgroup_L5_49e290ae","GSE208405__GSE208405__AD_ciclosporin_vs_AD_none__4","GSE208405",1,31,"solo_trattato"
"cgroup_L5_49e290ae","GSE208405__GSE208405__AD_ciclosporin_vs_AD_none__5","GSE208405",2,31,"nessuno"
"cgroup_L5_49e290ae","GSE208405__GSE208405__AD_ciclosporin_vs_AD_none__6","GSE208405",1,31,"solo_trattato"
"cgroup_L5_49e290ae","GSE217421__GSE217421__grp_Cyclosporine_1_vs_grp_DMSO_1__1","GSE217421",2,9,"nessuno"
"cgroup_L5_49e290ae","GSE217421__GSE217421__grp_Cyclosporine_2_vs_grp_DMSO_1__1","GSE217421",12,9,"nessuno"
"cgroup_L5_49e290ae","GSE217421__GSE217421__grp_Cyclosporine_3_vs_grp_DMSO_1__1","GSE217421",1,9,"solo_trattato"
"cgroup_L5_49e290ae","GSE217421__GSE217421__grp_Cyclosporine_4_vs_grp_DMSO_1__1","GSE217421",2,9,"nessuno"
"cgroup_L5_49e290ae","GSE217423__GSE217423__Cyclosporine_125nM_48h_vs_DMSO__1","GSE217423",8,16,"nessuno"
"cgroup_L5_49e290ae","GSE236896__GSE236896__grp_0012_vs_grp_0008__1","GSE236896",2,6,"nessuno"
"cgroup_L5_49e290ae","GSE236896__GSE236896__grp_0013_vs_grp_0008__1","GSE236896",1,6,"solo_trattato"
"cgroup_L5_49e290ae","GSE259282__GSE259282__CsA_vs_control__1","GSE259282",1,4,"solo_trattato"
"cgroup_L5_49e290ae","GSE259282__GSE259282__Afumigatus_CsA_vs_Afumigatus__1","GSE259282",1,1,"entrambi"
"cgroup_L5_49e290ae","GSE259282__GSE259282__Calbicans_CsA_vs_Calbicans__1","GSE259282",1,4,"solo_trattato"
"cgroup_L5_10344dfd","GSE159984__GSE159984__grp_0005_vs_grp_0004__1","GSE159984",2,17,"nessuno"
"cgroup_L5_10344dfd","GSE159984__GSE159984__grp_0006_vs_grp_0004__1","GSE159984",3,17,"nessuno"
"cgroup_L5_10344dfd","GSE179347__GSE179347__grp_0001_vs_grp_0020__1","GSE179347",3,14,"nessuno"
"cgroup_L5_10344dfd","GSE179347__GSE179347__grp_0004_vs_grp_0054__1","GSE179347",3,2,"nessuno"
"cgroup_L5_10344dfd","GSE179347__GSE179347__SGBS_GLUCOSE_vs_SGBS_EMEM_medium__1","GSE179347",3,9,"nessuno"
"cgroup_L5_10344dfd","GSE241565__GSE241565__grp_0002_vs_grp_0001__1","GSE241565",3,3,"nessuno"
"cgroup_L5_10344dfd","GSE246170__GSE246170__grp_0003_vs_grp_0001__1","GSE246170",1,1,"entrambi"
"cgroup_L5_10344dfd","GSE251766__GSE251766__grp_0002_vs_grp_0001__1","GSE251766",2,3,"nessuno"
"cgroup_L5_10344dfd","GSE251766__GSE251766__grp_0003_vs_grp_0001__1","GSE251766",1,3,"solo_trattato"
"cgroup_L5_ff04c7c1","GSE159351__GSE159351__grp_0001_vs_grp_0002__1","GSE159351",1,1,"entrambi"
"cgroup_L5_ff04c7c1","GSE179347__GSE179347__HepG2_no_glucose_vs_HepG2_EMEM_medium__1","GSE179347",3,14,"nessuno"
"cgroup_L5_ff04c7c1","GSE179347__GSE179347__HMCL7304_no_glucose_vs_HMCL7304_EMEM_medium__1","GSE179347",3,2,"nessuno"
"cgroup_L5_ff04c7c1","GSE179347__GSE179347__SGBS_no_glucose_vs_SGBS_EMEM_medium__1","GSE179347",3,9,"nessuno"
"cgroup_L5_ff04c7c1","GSE215815__GSE215815__grp_0002_vs_grp_0001__1","GSE215815",1,1,"entrambi"
"cgroup_L5_ff04c7c1","GSE227379__GSE227379__low_glucose_vs_none__1","GSE227379",2,2,"nessuno"
"cgroup_L5_8b61f50b","GSE112883__GSE112883__4-OHT_vs_Vehicle__1","GSE112883",1,3,"solo_trattato"
"cgroup_L5_8b61f50b","GSE120756__GSE120756__MCF7_Tamoxifen_rep_vs_MCF7_DMSO__1","GSE120756",1,2,"solo_trattato"
"cgroup_L5_8b61f50b","GSE123285__GSE123285__grp_0013_vs_grp_0003__1","GSE123285",1,13,"solo_trattato"
"cgroup_L5_8b61f50b","GSE123285__GSE123285__grp_0014_vs_grp_0003__1","GSE123285",1,13,"solo_trattato"
"cgroup_L5_8b61f50b","GSE123285__GSE123285__grp_0015_vs_grp_0003__1","GSE123285",2,13,"nessuno"
"cgroup_L5_8b61f50b","GSE123285__GSE123285__grp_0016_vs_grp_0003__1","GSE123285",1,13,"solo_trattato"
"cgroup_L5_8b61f50b","GSE123285__GSE123285__grp_0018_vs_grp_0003__1","GSE123285",1,13,"solo_trattato"
"cgroup_L5_8b61f50b","GSE123285__GSE123285__grp_0020_vs_grp_0003__1","GSE123285",1,13,"solo_trattato"
"cgroup_L5_8b61f50b","GSE123285__GSE123285__grp_0025_vs_grp_0003__1","GSE123285",1,13,"solo_trattato"
"cgroup_L5_8b61f50b","GSE123285__GSE123285__grp_0026_vs_grp_0003__1","GSE123285",4,13,"nessuno"
"cgroup_L5_8b61f50b","GSE123285__GSE123285__grp_0027_vs_grp_0003__1","GSE123285",1,13,"solo_trattato"
"cgroup_L5_8b61f50b","GSE144378__GSE144378__grp_MCF7L_tamoxifen_vs_grp_MCF7L_none__1","GSE144378",2,2,"nessuno"
"cgroup_L5_8b61f50b","GSE144378__GSE144378__grp_T47D_tamoxifen_vs_grp_T47D_none__1","GSE144378",3,2,"nessuno"
"cgroup_L5_8b61f50b","GSE152360__GSE152360__grp_0004_vs_grp_0001__1","GSE152360",2,3,"nessuno"
"cgroup_L5_8b61f50b","GSE197302__GSE197302__grp_0004_vs_grp_0003__1","GSE197302",1,3,"solo_trattato"
"cgroup_L5_8b61f50b","GSE199800__GSE199800__grp_0048_vs_grp_0015__1","GSE199800",2,4,"nessuno"
"cgroup_L5_eb5e1e65","GSE115514__GSE115514__Dex_vs_DMSO__1","GSE115514",2,2,"nessuno"
"cgroup_L5_eb5e1e65","GSE134195__GSE134195__grp_0014_vs_grp_0002__1","GSE134195",1,1,"entrambi"
"cgroup_L5_eb5e1e65","GSE163708__GSE163708__grp_0005_vs_grp_0004__1","GSE163708",1,3,"solo_trattato"
"cgroup_L5_eb5e1e65","GSE179347__GSE179347__grp_0001_vs_grp_0039__1","GSE179347",3,14,"nessuno"
"cgroup_L5_eb5e1e65","GSE179347__GSE179347__HMCL7304_DEXAMETHASONE_vs_HMCL7304_EMEM_medium__1","GSE179347",3,2,"nessuno"
"cgroup_L5_eb5e1e65","GSE179347__GSE179347__SGBS_DEXAMETHASONE_vs_SGBS_EMEM_medium__1","GSE179347",3,9,"nessuno"
"cgroup_L5_eb5e1e65","GSE198683__GSE198683__grp_0003_vs_grp_0001__1","GSE198683",3,4,"nessuno"
"cgroup_L5_eb5e1e65","GSE198683__GSE198683__grp_0004_vs_grp_0001__1","GSE198683",1,4,"solo_trattato"
"cgroup_L5_eb5e1e65","GSE205890__GSE205890__grp_H1_Dexamethasone_vs_grp_H1_DMSO__1","GSE205890",3,2,"nessuno"
"cgroup_L5_eb5e1e65","GSE205890__GSE205890__grp_H9_Dexamethasone_vs_grp_H9_DMSO__1","GSE205890",3,3,"nessuno"
"cgroup_L5_eb5e1e65","GSE207409__GSE207409__grp_0001_vs_grp_0004__1","GSE207409",2,2,"nessuno"
"cgroup_L5_eb5e1e65","GSE207409__GSE207409__grp_0003_vs_grp_0004__1","GSE207409",1,2,"solo_trattato"
"cgroup_L5_eb5e1e65","GSE207409__GSE207409__grp_0009_vs_grp_0004__1","GSE207409",3,2,"nessuno"
"cgroup_L5_eb5e1e65","GSE215385__GSE215385__grp_0004_vs_grp_0005__1","GSE215385",1,3,"solo_trattato"
"cgroup_L5_eb5e1e65","GSE221103__GSE221103__grp_0005_vs_grp_0008__1","GSE221103",5,14,"nessuno"
"cgroup_L5_eb5e1e65","GSE221173__GSE221173__grp_0002_vs_grp_0001__1","GSE221173",1,1,"entrambi"
"cgroup_L5_eb5e1e65","GSE221173__GSE221173__grp_0004_vs_grp_0003__1","GSE221173",1,1,"entrambi"
"cgroup_L5_eb5e1e65","GSE221173__GSE221173__grp_0008_vs_grp_0007__1","GSE221173",1,1,"entrambi"
"cgroup_L5_eb5e1e65","GSE221173__GSE221173__grp_0010_vs_grp_0009__1","GSE221173",1,1,"entrambi"
"cgroup_L5_eb5e1e65","GSE221173__GSE221173__grp_0012_vs_grp_0011__1","GSE221173",1,2,"solo_trattato"
"cgroup_L5_eb5e1e65","GSE221173__GSE221173__grp_0014_vs_grp_0013__1","GSE221173",1,2,"solo_trattato"
"cgroup_L5_eb5e1e65","GSE221173__GSE221173__grp_0016_vs_grp_0015__1","GSE221173",1,1,"entrambi"
"cgroup_L5_eb5e1e65","GSE221173__GSE221173__grp_0020_vs_grp_0019__1","GSE221173",1,1,"entrambi"
"cgroup_L5_eb5e1e65","GSE221173__GSE221173__grp_0022_vs_grp_0021__1","GSE221173",1,1,"entrambi"
"cgroup_L5_eb5e1e65","GSE221173__GSE221173__grp_0024_vs_grp_0023__1","GSE221173",1,1,"entrambi"
"cgroup_L5_eb5e1e65","GSE221173__GSE221173__grp_0026_vs_grp_0025__1","GSE221173",1,1,"entrambi"
"cgroup_L5_eb5e1e65","GSE221173__GSE221173__grp_0028_vs_grp_0027__1","GSE221173",1,1,"entrambi"
"cgroup_L5_eb5e1e65","GSE225525__GSE225525__grp_0002_vs_grp_0001__1","GSE225525",1,1,"entrambi"
"cgroup_L5_eb5e1e65","GSE225901__GSE225901__grp_0005_vs_grp_0001__1","GSE225901",3,4,"nessuno"
"cgroup_L5_eb5e1e65","GSE225901__GSE225901__grp_0006_vs_grp_0001__1","GSE225901",1,4,"solo_trattato"
"cgroup_L5_eb5e1e65","GSE237803__GSE237803__grp_0007_vs_grp_0005__1","GSE237803",2,2,"nessuno"
"cgroup_L5_eb5e1e65","GSE237803__GSE237803__grp_0009_vs_grp_0008__1","GSE237803",2,3,"nessuno"
"cgroup_L5_eb5e1e65","GSE237803__GSE237803__grp_0010_vs_grp_0008__1","GSE237803",1,3,"solo_trattato"
"cgroup_L5_eb5e1e65","GSE237803__GSE237803__grp_0014_vs_grp_0001__1","GSE237803",1,1,"entrambi"
"cgroup_L5_eb5e1e65","GSE237803__GSE237803__grp_0015_vs_grp_0001__1","GSE237803",2,1,"solo_controllo"
"cgroup_L5_eb5e1e65","GSE243680__GSE243680__Dexamethasone_4h_vs_Mock_4h__1","GSE243680",1,1,"entrambi"
"cgroup_L5_eb5e1e65","GSE52778__GSE52778__grp_0001_vs_grp_0006__1","GSE52778",1,3,"solo_trattato"
"cgroup_L5_eb5e1e65","GSE52778__GSE52778__grp_0002_vs_grp_0006__1","GSE52778",3,3,"nessuno"
"cgroup_L5_eb5e1e65","GSE56022__GSE56022__dexamethasone_2h_vs_vehicle__1","GSE56022",2,2,"nessuno"
"cgroup_L5_eb5e1e65","GSE56022__GSE56022__dexamethasone_4h_vs_vehicle__1","GSE56022",2,2,"nessuno"
"cgroup_L5_eb5e1e65","GSE80651__GSE80651__grp_0002_vs_grp_0001__1","GSE80651",2,3,"nessuno"
"cgroup_L5_eb5e1e65","GSE96649__GSE96649__grp_0006_vs_grp_0005__1","GSE96649",2,2,"nessuno"
"cgroup_L5_eb5e1e65","GSE96649__GSE96649__grp_0007_vs_grp_0005__1","GSE96649",1,2,"solo_trattato"
"cgroup_L5_eb5e1e65","GSE97204__GSE97204__CWR-22Rv1_Dexamethasone_2h_vs_CWR-22Rv1_Vehicle__1","GSE97204",1,1,"entrambi"
"cgroup_L5_eb5e1e65","GSE97204__GSE97204__CWR-22Rv1_Dexamethasone_6h_vs_CWR-22Rv1_Vehicle__1","GSE97204",1,1,"entrambi"
"cgroup_L5_eb5e1e65","GSE99626__GSE99626__T47D_E2_Dexamethasone_vs_T47D_Vehicle__1","GSE99626",3,3,"nessuno"
"cgroup_L5_dcce160a","GSE140347__GSE140347__grp_aml_daunorubicin_vs_grp_aml_untreated__1","GSE140347",2,2,"nessuno"
"cgroup_L5_dcce160a","GSE199800__GSE199800__grp_0047_vs_grp_0015__1","GSE199800",1,4,"solo_trattato"
"cgroup_L5_dcce160a","GSE217421__GSE217421__grp_Daunorubicin_vs_grp_DMSO_1__1","GSE217421",23,9,"nessuno"
"cgroup_L5_dcce160a","GSE217423__GSE217423__Daunorubicin_1uM_48h_vs_DMSO__1","GSE217423",8,16,"nessuno"
"cgroup_L5_dcce160a","GSE86190__GSE86190__grp_0001_vs_grp_0002__1","GSE86190",2,2,"nessuno"
"cgroup_L5_ebd83cd1","GSE199800__GSE199800__grp_0054_vs_grp_0015__1","GSE199800",1,4,"solo_trattato"
"cgroup_L5_ebd83cd1","GSE217421__GSE217421__grp_Idarubicin_1_vs_grp_DMSO_1__1","GSE217421",1,9,"solo_trattato"
"cgroup_L5_ebd83cd1","GSE217421__GSE217421__grp_Idarubicin_2_vs_grp_DMSO_1__1","GSE217421",7,9,"nessuno"
"cgroup_L5_ebd83cd1","GSE217421__GSE217421__grp_Idarubicin_3_vs_grp_DMSO_1__1","GSE217421",1,9,"solo_trattato"
"cgroup_L5_ebd83cd1","GSE217421__GSE217421__grp_Idarubicin_4_vs_grp_DMSO_1__1","GSE217421",1,9,"solo_trattato"
"cgroup_L5_ebd83cd1","GSE217421__GSE217421__grp_DMSO_1_vs_grp_Idarubicin_1__1","GSE217421",6,9,"nessuno"
"cgroup_L5_ebd83cd1","GSE217421__GSE217421__grp_DMSO_1_vs_grp_Idarubicin_2__1","GSE217421",4,9,"nessuno"
"cgroup_L5_ebd83cd1","GSE217423__GSE217423__Idarubicin_0.2uM_48h_vs_DMSO__1","GSE217423",8,16,"nessuno"
"cgroup_L5_2248a891","GSE129153__GSE129153__forskolin_vs_untreated__1","GSE129153",3,1,"solo_controllo"
"cgroup_L5_2248a891","GSE129153__GSE129153__forskolin_vs_untreated_2__1","GSE129153",3,2,"nessuno"
"cgroup_L5_2248a891","GSE202436__GSE202436__FOR_1h_LL_vs_VEH_1h_LL__1","GSE202436",3,3,"nessuno"
"cgroup_L5_2248a891","GSE202436__GSE202436__FOR_18h_LL_vs_VEH_18h_LL__1","GSE202436",3,3,"nessuno"
"cgroup_L5_2248a891","GSE202436__GSE202436__FOR_2h_LL_vs_VEH_2h_LL__1","GSE202436",3,3,"nessuno"
"cgroup_L5_2248a891","GSE202436__GSE202436__FOR_6h_LL_vs_VEH_6h_LL__1","GSE202436",3,3,"nessuno"
"cgroup_L5_2248a891","GSE202436__GSE202436__FOR_1h_RL_vs_VEH_1h_RL__1","GSE202436",2,2,"nessuno"
"cgroup_L5_2248a891","GSE202436__GSE202436__FOR_18h_RL_vs_VEH_18h_RL__1","GSE202436",2,2,"nessuno"
"cgroup_L5_2248a891","GSE202436__GSE202436__FOR_2h_RL_vs_VEH_2h_RL__1","GSE202436",2,2,"nessuno"
"cgroup_L5_2248a891","GSE202436__GSE202436__FOR_6h_RL_vs_VEH_6h_RL__1","GSE202436",2,2,"nessuno"
"cgroup_L5_2248a891","GSE205261__GSE205261__grp_0001_vs_grp_0003__1","GSE205261",1,3,"solo_trattato"
"cgroup_L5_2248a891","GSE205261__GSE205261__grp_0002_vs_grp_0003__1","GSE205261",1,3,"solo_trattato"
"cgroup_L5_2248a891","GSE205261__GSE205261__grp_0005_vs_grp_0003__1","GSE205261",1,3,"solo_trattato"
"cgroup_L5_2248a891","GSE223514__GSE223514__grp_0002_vs_grp_0001__1","GSE223514",1,2,"solo_trattato"
"cgroup_L5_2248a891","GSE223514__GSE223514__grp_0004_vs_grp_0003__1","GSE223514",1,1,"entrambi"
"cgroup_L5_2248a891","GSE223514__GSE223514__grp_0005_vs_grp_0003__1","GSE223514",1,1,"entrambi"
"cgroup_L5_2248a891","GSE223514__GSE223514__grp_0008_vs_grp_0007__1","GSE223514",1,1,"entrambi"
"cgroup_L5_2248a891","GSE223514__GSE223514__grp_0009_vs_grp_0007__1","GSE223514",1,1,"entrambi"
"cgroup_L5_2248a891","GSE223514__GSE223514__grp_0010_vs_grp_0007__1","GSE223514",1,1,"entrambi"
"cgroup_L5_2248a891","GSE231591__GSE231591__Forskolin_vs_DMSO__1","GSE231591",6,5,"nessuno"
"cgroup_L5_5b9a08fb","GSE163377__GSE163377__MTX_1uM_10h_vs_untreated_10h__1","GSE163377",3,3,"nessuno"
"cgroup_L5_5b9a08fb","GSE183062__GSE183062__grp_0002_vs_grp_0001__1","GSE183062",1,3,"solo_trattato"
"cgroup_L5_5b9a08fb","GSE199800__GSE199800__grp_0049_vs_grp_0015__1","GSE199800",2,4,"nessuno"
"cgroup_L5_5b9a08fb","GSE199800__GSE199800__Methotrexate_vs_UNTREATED__1","GSE199800",1,6,"solo_trattato"
"cgroup_L5_5b9a08fb","GSE225731__GSE225731__RA_MTX_vs_RA_Untreated__1","GSE225731",51,15,"nessuno"
"cgroup_L5_a6fd82fa","GSE104872__GSE104872__grp_0002_vs_grp_0004__1","GSE104872",6,4,"nessuno"
"cgroup_L5_a6fd82fa","GSE163908__GSE163908__grp_0001_vs_grp_0002__1","GSE163908",3,3,"nessuno"
"cgroup_L5_a6fd82fa","GSE179381__GSE179381__grp_0003_vs_grp_0002__1","GSE179381",3,2,"nessuno"
"cgroup_L5_a6fd82fa","GSE184156__GSE184156__4-hydroxytamoxifen_vs_Vehicle__1","GSE184156",2,3,"nessuno"
"cgroup_L5_a6fd82fa","GSE200029__GSE200029__grp_0004_vs_grp_0001__1","GSE200029",2,3,"nessuno"
"cgroup_L5_a6fd82fa","GSE219159__GSE219159__4_OHT_1_vs_DMSO__1","GSE219159",3,1,"solo_controllo"
"cgroup_L5_a6fd82fa","GSE219159__GSE219159__4_OHT_2_vs_DMSO__1","GSE219159",3,1,"solo_controllo"
"cgroup_L5_a6fd82fa","GSE222190__GSE222190__grp_0001_vs_grp_0002__1","GSE222190",6,1,"solo_controllo"
"cgroup_L5_a6fd82fa","GSE262110__GSE262110__grp_0005_vs_grp_0007__1","GSE262110",5,1,"solo_controllo"
"cgroup_L5_a6fd82fa","GSE262110__GSE262110__grp_0006_vs_grp_0007__1","GSE262110",1,1,"entrambi"
"cgroup_L5_a6fd82fa","GSE62613__GSE62613__grp_0002_vs_grp_0001__1","GSE62613",1,1,"entrambi"
"cgroup_L5_03d0ca7b","GSE112202__GSE112202__grp_0001_vs_grp_0002__1","GSE112202",2,3,"nessuno"
"cgroup_L5_03d0ca7b","GSE112202__GSE112202__grp_0003_vs_grp_0004__1","GSE112202",1,1,"entrambi"
"cgroup_L5_03d0ca7b","GSE112202__GSE112202__grp_0005_vs_grp_0006__1","GSE112202",2,2,"nessuno"
"cgroup_L5_03d0ca7b","GSE112202__GSE112202__grp_0007_vs_grp_0008__1","GSE112202",1,1,"entrambi"
"cgroup_L5_03d0ca7b","GSE112202__GSE112202__grp_0010_vs_grp_0009__1","GSE112202",1,2,"solo_trattato"
"cgroup_L5_03d0ca7b","GSE112202__GSE112202__grp_0011_vs_grp_0012__1","GSE112202",1,1,"entrambi"
"cgroup_L5_03d0ca7b","GSE112202__GSE112202__grp_0014_vs_grp_0013__1","GSE112202",3,3,"nessuno"
"cgroup_L5_03d0ca7b","GSE112202__GSE112202__grp_0014_vs_grp_0015__1","GSE112202",3,1,"solo_controllo"
"cgroup_L5_03d0ca7b","GSE115542__GSE115542__grp_0001_vs_grp_0002__1","GSE115542",12,12,"nessuno"
"cgroup_L5_03d0ca7b","GSE134045__GSE134045__grp_0009_vs_grp_0004__1","GSE134045",1,3,"solo_trattato"
"cgroup_L5_03d0ca7b","GSE262030__GSE262030__grp_0007_vs_grp_0005__1","GSE262030",3,3,"nessuno"
"cgroup_L5_03d0ca7b","GSE262030__GSE262030__grp_0008_vs_grp_0006__1","GSE262030",3,6,"nessuno"
"cgroup_L5_03d0ca7b","GSE79400__GSE79400__grp_FTC133_digoxin_72h_vs_grp_FTC133_DMSO_72h__1","GSE79400",1,1,"entrambi"
"cgroup_L5_03d0ca7b","GSE79400__GSE79400__grp_FTC133_digoxin_24h_vs_grp_FTC133_DMSO_24h__1","GSE79400",1,1,"entrambi"
"cgroup_L5_03d0ca7b","GSE79400__GSE79400__grp_FTC133_digoxin_48h_vs_grp_FTC133_DMSO_48h__1","GSE79400",1,1,"entrambi"
"cgroup_L5_d800c4f2","GSE110948__GSE110948__grp_0002_vs_grp_0001__1","GSE110948",1,1,"entrambi"
"cgroup_L5_d800c4f2","GSE115205__GSE115205__SAHA_500nM_Patient_19-5-RC6_vs_DMSO_Patient_19-5-RC6__1","GSE115205",1,5,"solo_trattato"
"cgroup_L5_d800c4f2","GSE115205__GSE115205__SAHA_1uM_Patient_19-5-RC6_vs_DMSO_Patient_19-5-RC6__1","GSE115205",2,5,"nessuno"
"cgroup_L5_d800c4f2","GSE115205__GSE115205__SAHA_2.5uM_Patient_19-5-RC6_2_vs_DMSO_Patient_19-5-RC6__1","GSE115205",1,5,"solo_trattato"
"cgroup_L5_d800c4f2","GSE115205__GSE115205__SAHA_2.5uM_Patient_19-5-RC6_3_vs_DMSO_Patient_19-5-RC6__1","GSE115205",1,5,"solo_trattato"
"cgroup_L5_d800c4f2","GSE115205__GSE115205__SAHA_500nM_Patient_19-5-RC6_4_vs_DMSO_Patient_19-5-RC6__1","GSE115205",1,5,"solo_trattato"
"cgroup_L5_d800c4f2","GSE115205__GSE115205__SAHA_2.5uM_Patient_19-5-RC6_4_vs_DMSO_Patient_19-5-RC6__1","GSE115205",1,5,"solo_trattato"
"cgroup_L5_d800c4f2","GSE115205__GSE115205__SAHA_1uM_Patient_19-5-RC6_3_vs_DMSO_Patient_19-5-RC6__1","GSE115205",1,5,"solo_trattato"
"cgroup_L5_d800c4f2","GSE115205__GSE115205__SAHA_2.5uM_8330-8-RC1_vs_DMSO_8330-8-RC1_2__1","GSE115205",1,3,"solo_trattato"
"cgroup_L5_d800c4f2","GSE115205__GSE115205__SAHA_2.5uM_8330-8-RC1_2_vs_DMSO_8330-8-RC1_2__1","GSE115205",1,3,"solo_trattato"
"cgroup_L5_d800c4f2","GSE115205__GSE115205__SAHA_500nM_8330-8-RC1_vs_DMSO_8330-8-RC1_2__1","GSE115205",1,3,"solo_trattato"
"cgroup_L5_d800c4f2","GSE115205__GSE115205__SAHA_1uM_8330-8-RC1_2_vs_DMSO_8330-8-RC1_2__1","GSE115205",1,3,"solo_trattato"
"cgroup_L5_d800c4f2","GSE115205__GSE115205__SAHA_500nM_8330-8-RC1_2_vs_DMSO_8330-8-RC1_2__1","GSE115205",1,3,"solo_trattato"
"cgroup_L5_d800c4f2","GSE115205__GSE115205__SAHA_500nM_8330-8-RC1_3_vs_DMSO_8330-8-RC1_2__1","GSE115205",2,3,"nessuno"
"cgroup_L5_d800c4f2","GSE115205__GSE115205__SAHA_1uM_8330-8-RC1_3_vs_DMSO_8330-8-RC1_2__1","GSE115205",1,3,"solo_trattato"
"cgroup_L5_d800c4f2","GSE115205__GSE115205__SAHA_2.5uM_8330-8-RC1_3_vs_DMSO_8330-8-RC1_2__1","GSE115205",1,3,"solo_trattato"
"cgroup_L5_d800c4f2","GSE115205__GSE115205__SAHA_2.5uM_8330-8-RC1_4_vs_DMSO_8330-8-RC1_2__1","GSE115205",1,3,"solo_trattato"
"cgroup_L5_d800c4f2","GSE115205__GSE115205__SAHA_2.5uM_8330-8-RC1_5_vs_DMSO_8330-8-RC1_2__1","GSE115205",1,3,"solo_trattato"
"cgroup_L5_d800c4f2","GSE138177__GSE138177__grp_rs411_saha_vs_grp_rs411_dmso__1","GSE138177",1,1,"entrambi"
"cgroup_L5_d800c4f2","GSE138177__GSE138177__grp_sem_saha_vs_grp_sem_dmso__1","GSE138177",1,1,"entrambi"
"cgroup_L5_d800c4f2","GSE150799__GSE150799__SAHA_vs_DMSO__1","GSE150799",1,2,"solo_trattato"
"cgroup_L5_d800c4f2","GSE165261__GSE165261__grp_0002_vs_grp_0001__1","GSE165261",1,1,"entrambi"
"cgroup_L5_d800c4f2","GSE165261__GSE165261__grp_0003_vs_grp_0001__1","GSE165261",1,1,"entrambi"
"cgroup_L5_d800c4f2","GSE165261__GSE165261__grp_0004_vs_grp_0001__1","GSE165261",2,1,"solo_controllo"
"cgroup_L5_d800c4f2","GSE246045__GSE246045__grp_0002_vs_grp_0008__1","GSE246045",2,1,"solo_controllo"
"cgroup_L5_d800c4f2","GSE246045__GSE246045__grp_0003_vs_grp_0008__1","GSE246045",1,1,"entrambi"
"cgroup_L5_d800c4f2","GSE246045__GSE246045__grp_0007_vs_grp_0005__1","GSE246045",3,2,"nessuno"
"cgroup_L5_d800c4f2","GSE95189__GSE95189__SAHA_vs_DMSO__1","GSE95189",3,1,"solo_controllo"
"cgroup_L5_535d97f6","GSE102209__GSE102209__xenograft_imatinib_vs_xenograft_DMSO__1","GSE102209",1,4,"solo_trattato"
"cgroup_L5_535d97f6","GSE146096__GSE146096__Imatinib_5uM_48h_vs_Vehicle_Control__1","GSE146096",19,102,"nessuno"
"cgroup_L5_535d97f6","GSE155800__GSE155800__grp_0004_vs_grp_0003__1","GSE155800",2,4,"nessuno"
"cgroup_L5_535d97f6","GSE174693__GSE174693__grp_0003_vs_grp_0011__1","GSE174693",1,1,"entrambi"
"cgroup_L5_535d97f6","GSE174693__GSE174693__grp_0004_vs_grp_0011__1","GSE174693",1,1,"entrambi"
"cgroup_L5_535d97f6","GSE174800__GSE174800__imatinib_1uM_bone_marrow_vs_untreated__1","GSE174800",1,3,"solo_trattato"
"cgroup_L5_535d97f6","GSE184427__GSE184427__LuCaP_147_Imatinib_vs_LuCaP_147_PBS__1","GSE184427",1,2,"solo_trattato"
"cgroup_L5_535d97f6","GSE184427__GSE184427__LuCaP_73_Imatinib_vs_LuCaP_73_PBS__1","GSE184427",2,2,"nessuno"
"cgroup_L5_535d97f6","GSE184427__GSE184427__LuCaP_78_PBS_vs_LuCaP_78_Imatinib__1","GSE184427",2,2,"nessuno"
"cgroup_L5_535d97f6","GSE184427__GSE184427__LuCaP_81_PBS_vs_LuCaP_81_Imatinib__1","GSE184427",1,2,"solo_trattato"
"cgroup_L5_535d97f6","GSE184427__GSE184427__LuCaP_81_PBS_vs_LuCaP_81_Imatinib_Castrated__1","GSE184427",1,2,"solo_trattato"
"cgroup_L5_535d97f6","GSE186341__GSE186341__Imatinib_vs_DMSO__1","GSE186341",2,17,"nessuno"
"cgroup_L5_535d97f6","GSE186341__GSE186341__Imatinib_vs_DMSO__2","GSE186341",1,48,"solo_trattato"
"cgroup_L5_535d97f6","GSE186341__GSE186341__grp_0115_vs_grp_0114__1","GSE186341",1,48,"solo_trattato"
"cgroup_L5_535d97f6","GSE186341__GSE186341__grp_0116_vs_grp_0114__1","GSE186341",1,48,"solo_trattato"
"cgroup_L5_535d97f6","GSE186341__GSE186341__Imatinib_vs_DMSO__3","GSE186341",1,9,"solo_trattato"
"cgroup_L5_535d97f6","GSE186341__GSE186341__grp_032_vs_grp_052__1","GSE186341",1,26,"solo_trattato"
"cgroup_L5_535d97f6","GSE186341__GSE186341__grp_037_vs_grp_052__1","GSE186341",1,26,"solo_trattato"
"cgroup_L5_535d97f6","GSE186341__GSE186341__HSTS_Imatinib_vs_HSTS_DMSO__1","GSE186341",1,27,"solo_trattato"
"cgroup_L5_535d97f6","GSE186341__GSE186341__grp_023_vs_grp_022__1","GSE186341",1,35,"solo_trattato"
"cgroup_L5_535d97f6","GSE186341__GSE186341__grp_048_vs_grp_034__1","GSE186341",1,40,"solo_trattato"
"cgroup_L5_535d97f6","GSE186341__GSE186341__NCI-H1793_Imatinib_vs_NCI-H1793_DMSO__1","GSE186341",2,22,"nessuno"
"cgroup_L5_535d97f6","GSE186341__GSE186341__grp_0021_vs_grp_0019__1","GSE186341",2,3,"nessuno"
"cgroup_L5_535d97f6","GSE186341__GSE186341__grp_023_vs_grp_022__2","GSE186341",1,1,"entrambi"
"cgroup_L5_535d97f6","GSE186341__GSE186341__grp_024_vs_grp_022__1","GSE186341",1,1,"entrambi"
"cgroup_L5_535d97f6","GSE193398__GSE193398__Imatinib_1uM_vs_Untreated__1","GSE193398",2,2,"nessuno"
"cgroup_L5_535d97f6","GSE193398__GSE193398__Imatinib_10uM_vs_Untreated__1","GSE193398",2,2,"nessuno"
"cgroup_L5_535d97f6","GSE193398__GSE193398__Imatinib_5uM_vs_Untreated__1","GSE193398",2,2,"nessuno"
"cgroup_L5_535d97f6","GSE216837__GSE216837__Imatinib_untreated__1","GSE216837",4,4,"nessuno"
"cgroup_L5_535d97f6","GSE217421__GSE217421__grp_DMSO_1_vs_grp_Imatinib__1","GSE217421",20,9,"nessuno"
"cgroup_L5_535d97f6","GSE217423__GSE217423__Imatinib_5uM_48h_vs_DMSO__1","GSE217423",8,16,"nessuno"
"cgroup_L5_535d97f6","GSE218451__GSE218451__grp_0002_vs_grp_0001__1","GSE218451",3,3,"nessuno"
"cgroup_L5_535d97f6","GSE62121__GSE62121__imatinib_vs_DMSO__1","GSE62121",1,1,"entrambi"
"cgroup_L5_81b706c4","GSE107676__GSE107676__grp_0002_vs_grp_0001__1","GSE107676",1,1,"entrambi"
"cgroup_L5_81b706c4","GSE113685__GSE113685__grp_0003_vs_grp_0001__1","GSE113685",2,2,"nessuno"
"cgroup_L5_81b706c4","GSE113685__GSE113685__grp_0007_vs_grp_0001__1","GSE113685",3,2,"nessuno"
"cgroup_L5_81b706c4","GSE131983__GSE131983__paclitaxel_vs_DMSO__1","GSE131983",1,4,"solo_trattato"
"cgroup_L5_81b706c4","GSE131983__GSE131983__paclitaxel_2_vs_DMSO__1","GSE131983",1,4,"solo_trattato"
"cgroup_L5_81b706c4","GSE135215__GSE135215__grp_0009_vs_grp_0003__1","GSE135215",1,2,"solo_trattato"
"cgroup_L5_81b706c4","GSE135215__GSE135215__grp_0012_vs_grp_0003__1","GSE135215",1,2,"solo_trattato"
"cgroup_L5_81b706c4","GSE135215__GSE135215__grp_0024_vs_grp_0022__1","GSE135215",1,2,"solo_trattato"
"cgroup_L5_81b706c4","GSE135215__GSE135215__grp_0025_vs_grp_0022__1","GSE135215",1,2,"solo_trattato"
"cgroup_L5_81b706c4","GSE135215__GSE135215__grp_0035_vs_grp_0034__1","GSE135215",1,2,"solo_trattato"
"cgroup_L5_81b706c4","GSE135215__GSE135215__grp_0038_vs_grp_0034__1","GSE135215",1,2,"solo_trattato"
"cgroup_L5_81b706c4","GSE158640__GSE158640__H460_paclitaxel_vs_H460_untreated__1","GSE158640",1,1,"entrambi"
"cgroup_L5_81b706c4","GSE158640__GSE158640__H460_paclitaxel_2_vs_H460_untreated__1","GSE158640",1,1,"entrambi"
"cgroup_L5_81b706c4","GSE183477__GSE183477__HCI-001_Paclitaxel_vs_Vehicle__1","GSE183477",1,1,"entrambi"
"cgroup_L5_81b706c4","GSE183477__GSE183477__HCI-002_Paclitaxel_vs_Vehicle__1","GSE183477",1,1,"entrambi"
"cgroup_L5_81b706c4","GSE204825__GSE204825__BTY10_Paclitaxel_vs_BTY10_Vehicle__1","GSE204825",1,5,"solo_trattato"
"cgroup_L5_81b706c4","GSE204825__GSE204825__BTY14_Paclitaxel_vs_BTY14_Vehicle__1","GSE204825",1,4,"solo_trattato"
"cgroup_L5_81b706c4","GSE204825__GSE204825__BTY25_Paclitaxel_vs_BTY25_Vehicle__1","GSE204825",1,5,"solo_trattato"
"cgroup_L5_81b706c4","GSE215975__GSE215975__grp_0003_vs_grp_0001__1","GSE215975",1,1,"entrambi"
"cgroup_L5_81b706c4","GSE215975__GSE215975__grp_0005_vs_grp_0007__1","GSE215975",1,1,"entrambi"
"cgroup_L5_81b706c4","GSE215975__GSE215975__grp_0006_vs_grp_0007__1","GSE215975",1,1,"entrambi"
"cgroup_L5_81b706c4","GSE215975__GSE215975__grp_0015_vs_grp_0014__1","GSE215975",1,1,"entrambi"
"cgroup_L5_81b706c4","GSE215975__GSE215975__grp_0016_vs_grp_0014__1","GSE215975",1,1,"entrambi"
"cgroup_L5_81b706c4","GSE215975__GSE215975__grp_0017_vs_grp_0014__1","GSE215975",2,1,"solo_controllo"
"cgroup_L5_81b706c4","GSE215975__GSE215975__grp_0020_vs_grp_0024__1","GSE215975",2,2,"nessuno"
"cgroup_L5_81b706c4","GSE232764__GSE232764__grp_0004_vs_grp_0001__1","GSE232764",3,1,"solo_controllo"
"cgroup_L5_81b706c4","GSE236502__GSE236502__PMCA-3_Paclitaxel_vs_Saline__1","GSE236502",3,3,"nessuno"
"cgroup_L5_81b706c4","GSE236502__GSE236502__TM00351_Paclitaxel_vs_Saline__1","GSE236502",3,3,"nessuno"
"cgroup_L5_81b706c4","GSE262746__GSE262746__grp_0004_vs_grp_0001__1","GSE262746",3,1,"solo_controllo"
"cgroup_L5_81b706c4","GSE262746__GSE262746__grp_0006_vs_grp_0005__1","GSE262746",1,2,"solo_trattato"
"cgroup_L5_81b706c4","GSE84863__GSE84863__Paclitaxel_MDA-MB231_vs_DMSO_MDA-MB231__1","GSE84863",1,1,"entrambi"
"cgroup_L5_356eedd3","GSE200186__GSE200186__dermal_fibroblasts_tsa_vs_dermal_fibroblasts_control__1","GSE200186",3,3,"nessuno"
"cgroup_L5_356eedd3","GSE234148__GSE234148__grp_0002_vs_grp_0001__1","GSE234148",1,3,"solo_trattato"
"cgroup_L5_356eedd3","GSE234148__GSE234148__grp_0003_vs_grp_0001__1","GSE234148",2,3,"nessuno"
"cgroup_L5_356eedd3","GSE80048__GSE80048__TSA_vs_Control__1","GSE80048",1,1,"entrambi"
"cgroup_L5_356eedd3","GSE82204__GSE82204__grp_0002_vs_grp_0001__1","GSE82204",3,3,"nessuno"
"cgroup_L5_356eedd3","GSE98805__GSE98805__FaDu_Aza_TSA_vs_FaDu_DMSO__1","GSE98805",1,1,"entrambi"
"cgroup_L5_356eedd3","GSE98805__GSE98805__UMSCC47_Aza_TSA_vs_UMSCC47_DMSO__1","GSE98805",1,1,"entrambi"
"cgroup_L5_29cb04f8","GSE125920__GSE125920__grp_0006_vs_grp_0005__1","GSE125920",1,1,"entrambi"
"cgroup_L5_29cb04f8","GSE125920__GSE125920__grp_0007_vs_grp_0009__1","GSE125920",1,1,"entrambi"
"cgroup_L5_29cb04f8","GSE125920__GSE125920__grp_0008_vs_grp_0010__1","GSE125920",1,1,"entrambi"
"cgroup_L5_29cb04f8","GSE145356__GSE145356__grp_0001_vs_grp_0004__1","GSE145356",3,3,"nessuno"
"cgroup_L5_29cb04f8","GSE157300__GSE157300__5-FU_6h_vs_DMSO_6h__1","GSE157300",2,2,"nessuno"
"cgroup_L5_29cb04f8","GSE157300__GSE157300__5-FU_12h_vs_DMSO_12h__1","GSE157300",2,2,"nessuno"
"cgroup_L5_29cb04f8","GSE157300__GSE157300__5-FU_24h_vs_DMSO_24h__1","GSE157300",2,2,"nessuno"
"cgroup_L5_29cb04f8","GSE157951__GSE157951__grp_0004_vs_grp_0002__1","GSE157951",2,1,"solo_controllo"
"cgroup_L5_29cb04f8","GSE157951__GSE157951__grp_0005_vs_grp_0002__1","GSE157951",1,1,"entrambi"
"cgroup_L5_29cb04f8","GSE180146__GSE180146__grp_0004_vs_grp_0006__1","GSE180146",3,3,"nessuno"
"cgroup_L5_29cb04f8","GSE180146__GSE180146__grp_0005_vs_grp_0006__1","GSE180146",3,3,"nessuno"
"cgroup_L5_29cb04f8","GSE193865__GSE193865__grp_0001_vs_grp_0002__1","GSE193865",2,3,"nessuno"
"cgroup_L5_29cb04f8","GSE193865__GSE193865__grp_0003_vs_grp_0002__1","GSE193865",1,3,"solo_trattato"
"cgroup_L5_29cb04f8","GSE196900__GSE196900__SW480_5FU_vs_SW480_untreated__1","GSE196900",2,1,"solo_controllo"
"cgroup_L5_29cb04f8","GSE209582__GSE209582__grp_0004_vs_grp_0007__1","GSE209582",1,4,"solo_trattato"
"cgroup_L5_29cb04f8","GSE209582__GSE209582__grp_0005_vs_grp_0007__1","GSE209582",1,4,"solo_trattato"
"cgroup_L5_29cb04f8","GSE209582__GSE209582__grp_0006_vs_grp_0007__1","GSE209582",1,4,"solo_trattato"
"cgroup_L5_29cb04f8","GSE245887__GSE245887__grp_0001_vs_grp_0002__1","GSE245887",1,1,"entrambi"
"cgroup_L5_29cb04f8","GSE245887__GSE245887__grp_0003_vs_grp_0004__1","GSE245887",1,1,"entrambi"
"cgroup_L5_29cb04f8","GSE264144__GSE264144__grp_0003_vs_grp_0001__1","GSE264144",1,1,"entrambi"
"cgroup_L5_29cb04f8","GSE264144__GSE264144__grp_0006_vs_grp_0005__1","GSE264144",4,4,"nessuno"
"cgroup_L5_29cb04f8","GSE267150__GSE267150__grp_0001_vs_grp_0004__1","GSE267150",4,4,"nessuno"
"cgroup_L5_17b35bdc","GSE138751__GSE138751__grp_0001_vs_grp_0003__1","GSE138751",1,1,"entrambi"
"cgroup_L5_17b35bdc","GSE146402__GSE146402__grp_0005_vs_grp_0002__1","GSE146402",6,1,"solo_controllo"
"cgroup_L5_17b35bdc","GSE162285__GSE162285__grp_0003_vs_grp_0001__1","GSE162285",2,1,"solo_controllo"
"cgroup_L5_17b35bdc","GSE162285__GSE162285__grp_0007_vs_grp_0004__1","GSE162285",3,2,"nessuno"
"cgroup_L5_17b35bdc","GSE162285__GSE162285__grp_0013_vs_grp_0012__1","GSE162285",3,3,"nessuno"
"cgroup_L5_17b35bdc","GSE162285__GSE162285__grp_0027_vs_grp_0026__1","GSE162285",3,1,"solo_controllo"
"cgroup_L5_17b35bdc","GSE162285__GSE162285__grp_0031_vs_grp_0030__1","GSE162285",1,2,"solo_trattato"
"cgroup_L5_17b35bdc","GSE162285__GSE162285__grp_0038_vs_grp_0039__1","GSE162285",1,1,"entrambi"
"cgroup_L5_17b35bdc","GSE162285__GSE162285__grp_0043_vs_grp_0042__1","GSE162285",1,3,"solo_trattato"
"cgroup_L5_17b35bdc","GSE162285__GSE162285__grp_0046_vs_grp_0045__1","GSE162285",3,3,"nessuno"
"cgroup_L5_17b35bdc","GSE184427__GSE184427__LuCaP_147_Docetaxel_vs_LuCaP_147_PBS__1","GSE184427",1,2,"solo_trattato"
"cgroup_L5_17b35bdc","GSE184427__GSE184427__LuCaP_73_Docetaxel_vs_LuCaP_73_PBS__1","GSE184427",2,2,"nessuno"
"cgroup_L5_17b35bdc","GSE184427__GSE184427__LuCaP_78_PBS_vs_LuCaP_78_Docetaxel__1","GSE184427",1,2,"solo_trattato"
"cgroup_L5_17b35bdc","GSE184427__GSE184427__LuCaP_78_PBS_vs_LuCaP_78_Docetaxel_Castrated__1","GSE184427",1,2,"solo_trattato"
"cgroup_L5_17b35bdc","GSE184427__GSE184427__LuCaP_81_PBS_vs_LuCaP_81_Docetaxel__1","GSE184427",1,2,"solo_trattato"
"cgroup_L5_17b35bdc","GSE184427__GSE184427__LuCaP_81_PBS_vs_LuCaP_81_Docetaxel_2__1","GSE184427",1,2,"solo_trattato"
"cgroup_L5_17b35bdc","GSE202682__GSE202682__grp_0002_vs_grp_0001__1","GSE202682",6,6,"nessuno"
"cgroup_L5_17b35bdc","GSE217452__GSE217452__DU145_Docetaxel_vs_DU145_control__1","GSE217452",3,3,"nessuno"
"cgroup_L5_17b35bdc","GSE87225__GSE87225__grp_0002_vs_grp_0001__1","GSE87225",1,1,"entrambi"
"cgroup_L5_17b35bdc","GSE87225__GSE87225__grp_0004_vs_grp_0003__1","GSE87225",1,1,"entrambi"
"cgroup_L5_17b35bdc","GSE87226__GSE87226__grp_0002_vs_grp_0001__1","GSE87226",1,2,"solo_trattato"
"cgroup_L5_8958b27a","GSE104756__GSE104756__grp_0002_vs_grp_0001__1","GSE104756",10,10,"nessuno"
"cgroup_L5_8958b27a","GSE139546__GSE139546__nutlin_ctr_sirna_vs_ctr_sirna__1","GSE139546",1,2,"solo_trattato"
"cgroup_L5_8958b27a","GSE139546__GSE139546__nutlin_iaspp_sirna_vs_iaspp_sirna__1","GSE139546",1,1,"entrambi"
"cgroup_L5_8958b27a","GSE139546__GSE139546__nutlin_p53iaspp_sirna_vs_p53iaspp_sirna__1","GSE139546",2,2,"nessuno"
"cgroup_L5_8958b27a","GSE139546__GSE139546__nutlin_p53_sirna_vs_p53_sirna__1","GSE139546",1,2,"solo_trattato"
"cgroup_L5_8958b27a","GSE143741__GSE143741__grp_0004_vs_grp_0001__1","GSE143741",1,3,"solo_trattato"
"cgroup_L5_8958b27a","GSE143741__GSE143741__grp_0005_vs_grp_0001__1","GSE143741",1,3,"solo_trattato"
"cgroup_L5_8958b27a","GSE143741__GSE143741__grp_0006_vs_grp_0002__1","GSE143741",2,1,"solo_controllo"
"cgroup_L5_8958b27a","GSE201021__GSE201021__Nutlin_WT_vs_DMSO_WT__1","GSE201021",1,2,"solo_trattato"
"cgroup_L5_8958b27a","GSE201021__GSE201021__Nutlin_P53KO_vs_DMSO_P53KO__1","GSE201021",2,2,"nessuno"
"cgroup_L5_8958b27a","GSE211244__GSE211244__HCT116_Nutlin3A_case_vs_HCT116_DMSO_case__1","GSE211244",2,2,"nessuno"
"cgroup_L5_8958b27a","GSE211244__GSE211244__HCT116_Nutlin3A_control_vs_HCT116_DMSO_control__1","GSE211244",4,1,"solo_controllo"
"cgroup_L5_8958b27a","GSE53499__GSE53499__grp_0003_vs_grp_0002__1","GSE53499",1,1,"entrambi"
"cgroup_L5_8958b27a","GSE59841__GSE59841__nutlin_2.5uM_vs_DMSO__1","GSE59841",3,3,"nessuno"
"cgroup_L5_cf34c533","GSE108406__GSE108406__grp_0005_vs_grp_0007__1","GSE108406",3,1,"solo_controllo"
"cgroup_L5_cf34c533","GSE139862__GSE139862__Nutlin-3_10uM_24h_passage3_vs_DMSO__1","GSE139862",2,3,"nessuno"
"cgroup_L5_cf34c533","GSE139862__GSE139862__Nutlin-3_10uM_24h_passage5_vs_PBS__1","GSE139862",1,3,"solo_trattato"
"cgroup_L5_cf34c533","GSE154101__GSE154101__grp_0002_vs_grp_0003__1","GSE154101",1,1,"entrambi"
"cgroup_L5_cf34c533","GSE154101__GSE154101__grp_0004_vs_grp_0005__1","GSE154101",1,1,"entrambi"
"cgroup_L5_cf34c533","GSE154118__GSE154118__Nutlin-3_vs_PBS_DMSO__1","GSE154118",2,2,"nessuno"
"cgroup_L5_cf34c533","GSE59841__GSE59841__nutlin_10uM_vs_DMSO__1","GSE59841",2,3,"nessuno"
"cgroup_L5_cf34c533","GSE59841__GSE59841__nutlin_10uM_no_disease_vs_DMSO__1","GSE59841",1,3,"solo_trattato"
"cgroup_L5_451ecb56","GSE102408__GSE102408__Flavopiridol_vs_DMSO__1","GSE102408",1,1,"entrambi"
"cgroup_L5_451ecb56","GSE155836__GSE155836__grp_0001_vs_grp_0004__1","GSE155836",1,3,"solo_trattato"
"cgroup_L5_451ecb56","GSE155836__GSE155836__grp_0002_vs_grp_0004__1","GSE155836",1,3,"solo_trattato"
"cgroup_L5_451ecb56","GSE155836__GSE155836__grp_0003_vs_grp_0004__1","GSE155836",1,3,"solo_trattato"
"cgroup_L5_451ecb56","GSE199800__GSE199800__Flavopiridol_vs_DMSO__1","GSE199800",2,16,"nessuno"
"cgroup_L5_ae969461","GSE129071__GSE129071__saracatinib_vs_none__1","GSE129071",3,3,"nessuno"
"cgroup_L5_ae969461","GSE226664__GSE226664__grp_VAV1_saracatinib_vs_grp_VAV1_vehicle__1","GSE226664",2,3,"nessuno"
"cgroup_L5_ae969461","GSE229805__GSE229805__Saracatinib_vs_DMSO__1","GSE229805",2,2,"nessuno"
"cgroup_L5_24ae0579","GSE216137__GSE216137__epirubicin_1_nM_vs_DMSO__1","GSE216137",3,6,"nessuno"
"cgroup_L5_24ae0579","GSE216137__GSE216137__epirubicin_5_nM_vs_DMSO__1","GSE216137",3,6,"nessuno"
"cgroup_L5_24ae0579","GSE216137__GSE216137__epirubicin_10_nM_vs_DMSO__1","GSE216137",3,6,"nessuno"
"cgroup_L5_24ae0579","GSE216137__GSE216137__epirubicin_15_nM_vs_DMSO__1","GSE216137",3,6,"nessuno"
"cgroup_L5_24ae0579","GSE216137__GSE216137__epirubicin_25_nM_vs_DMSO__1","GSE216137",3,6,"nessuno"
"cgroup_L5_24ae0579","GSE216137__GSE216137__epirubicin_50_nM_vs_DMSO__1","GSE216137",3,6,"nessuno"
"cgroup_L5_24ae0579","GSE216137__GSE216137__epirubicin_100_nM_vs_DMSO__1","GSE216137",3,6,"nessuno"
"cgroup_L5_24ae0579","GSE217421__GSE217421__grp_Epirubicin_1_vs_grp_DMSO_1__1","GSE217421",6,9,"nessuno"
"cgroup_L5_24ae0579","GSE217421__GSE217421__grp_Epirubicin_2_vs_grp_DMSO_1__1","GSE217421",5,9,"nessuno"
"cgroup_L5_24ae0579","GSE217421__GSE217421__grp_Epirubicin_3_vs_grp_DMSO_1__1","GSE217421",6,9,"nessuno"
"cgroup_L5_24ae0579","GSE217423__GSE217423__Epirubicin_2uM_48h_vs_DMSO__1","GSE217423",8,16,"nessuno"
"cgroup_L5_f34ff8df","GSE102639__GSE102639__grp_A549_etoposide_vs_grp_A549_control__1","GSE102639",2,1,"solo_controllo"
"cgroup_L5_f34ff8df","GSE111379__GSE111379__grp_0005_vs_grp_0003__1","GSE111379",2,2,"nessuno"
"cgroup_L5_f34ff8df","GSE120612__GSE120612__grp_0004_vs_grp_0003__1","GSE120612",1,1,"entrambi"
"cgroup_L5_f34ff8df","GSE126895__GSE126895__grp_mv411_etoposide_ic50_vs_grp_mv411_untreated__1","GSE126895",1,3,"solo_trattato"
"cgroup_L5_f34ff8df","GSE134045__GSE134045__grp_0010_vs_grp_0004__1","GSE134045",1,3,"solo_trattato"
"cgroup_L5_f34ff8df","GSE148842__GSE148842__grp_0002_vs_grp_0001__1","GSE148842",1,3,"solo_trattato"
"cgroup_L5_f34ff8df","GSE148842__GSE148842__grp_0010_vs_grp_0007__1","GSE148842",1,2,"solo_trattato"
"cgroup_L5_f34ff8df","GSE148842__GSE148842__grp_0014_vs_grp_0013__1","GSE148842",1,8,"solo_trattato"
"cgroup_L5_f34ff8df","GSE148842__GSE148842__grp_0017_vs_grp_0016__1","GSE148842",1,1,"entrambi"
"cgroup_L5_f34ff8df","GSE161031__GSE161031__grp_Etoposide_transgene_stable_vs_grp_DMSO_transgene_stable__1","GSE161031",1,2,"solo_trattato"
"cgroup_L5_f34ff8df","GSE161803__GSE161803__Capan2_etoposide_vs_Capan2_untreated__1","GSE161803",3,3,"nessuno"
"cgroup_L5_f34ff8df","GSE161803__GSE161803__H661_etoposide_vs_H661_untreated__1","GSE161803",3,3,"nessuno"
"cgroup_L5_f34ff8df","GSE161803__GSE161803__PC9_etoposide_vs_PC9_untreated__1","GSE161803",3,3,"nessuno"
"cgroup_L5_f34ff8df","GSE211244__GSE211244__HCT116_etoposide_control_vs_HCT116_DMSO_control__1","GSE211244",6,1,"solo_controllo"
"cgroup_L5_f34ff8df","GSE222221__GSE222221__grp_0002_vs_grp_0001__1","GSE222221",2,2,"nessuno"
"cgroup_L5_f34ff8df","GSE226406__GSE226406__grp_u2os_osteosarcoma_etoposide_vs_grp_u2os_osteosarcoma_dmso__1","GSE226406",3,1,"solo_controllo"
"cgroup_L5_f34ff8df","GSE68836__GSE68836__grp_CHLA10_Etoposide_0.15uM_6h_vs_grp_CHLA10_DMSO__1","GSE68836",1,1,"entrambi"
"cgroup_L5_f34ff8df","GSE68836__GSE68836__grp_CHLA10_Etoposide_0.15uM_12h_vs_grp_CHLA10_DMSO__1","GSE68836",1,1,"entrambi"
"cgroup_L5_f34ff8df","GSE68836__GSE68836__grp_CHLA10_Etoposide_0.15uM_18h_vs_grp_CHLA10_DMSO__1","GSE68836",1,1,"entrambi"
"cgroup_L5_f34ff8df","GSE68836__GSE68836__grp_CHLA10_Etoposide_0.15uM_24h_vs_grp_CHLA10_DMSO__1","GSE68836",1,1,"entrambi"
"cgroup_L5_f34ff8df","GSE68836__GSE68836__grp_CHLA258_Etoposide_0.1uM_6h_vs_grp_CHLA258_DMSO__1","GSE68836",1,1,"entrambi"
"cgroup_L5_f34ff8df","GSE68836__GSE68836__grp_CHLA258_Etoposide_0.1uM_12h_vs_grp_CHLA258_DMSO__1","GSE68836",1,1,"entrambi"
"cgroup_L5_f34ff8df","GSE68836__GSE68836__grp_CHLA258_Etoposide_0.1uM_18h_vs_grp_CHLA258_DMSO__1","GSE68836",1,1,"entrambi"
"cgroup_L5_f34ff8df","GSE68836__GSE68836__grp_CHLA258_Etoposide_0.1uM_24h_vs_grp_CHLA258_DMSO__1","GSE68836",1,1,"entrambi"
"cgroup_L5_f34ff8df","GSE68836__GSE68836__grp_IMR90_Etoposide_6uM_6h_vs_grp_IMR90_DMSO__1","GSE68836",1,1,"entrambi"
"cgroup_L5_f34ff8df","GSE68836__GSE68836__grp_IMR90_Etoposide_6uM_12h_vs_grp_IMR90_DMSO__1","GSE68836",1,1,"entrambi"
"cgroup_L5_f34ff8df","GSE68836__GSE68836__grp_IMR90_Etoposide_6uM_18h_vs_grp_IMR90_DMSO__1","GSE68836",1,1,"entrambi"
"cgroup_L5_f34ff8df","GSE68836__GSE68836__grp_IMR90_Etoposide_6uM_24h_vs_grp_IMR90_DMSO__1","GSE68836",1,1,"entrambi"
"cgroup_L5_f34ff8df","GSE68836__GSE68836__grp_TC32_Etoposide_0.05uM_6h_vs_grp_TC32_DMSO__1","GSE68836",1,1,"entrambi"
"cgroup_L5_f34ff8df","GSE68836__GSE68836__grp_TC32_Etoposide_0.05uM_12h_vs_grp_TC32_DMSO__1","GSE68836",1,1,"entrambi"
"cgroup_L5_f34ff8df","GSE68836__GSE68836__grp_TC32_Etoposide_0.05uM_18h_vs_grp_TC32_DMSO__1","GSE68836",1,1,"entrambi"
"cgroup_L5_f34ff8df","GSE68836__GSE68836__grp_TC32_Etoposide_0.05uM_24h_vs_grp_TC32_DMSO__1","GSE68836",1,1,"entrambi"
"cgroup_L5_f34ff8df","GSE68836__GSE68836__grp_U2OS_Etoposide_6uM_6h_vs_grp_U2OS_DMSO__1","GSE68836",1,1,"entrambi"
"cgroup_L5_f34ff8df","GSE84863__GSE84863__Etoposide_MDA-MB231_vs_DMSO_MDA-MB231__1","GSE84863",1,1,"entrambi"
"cgroup_L5_3a0a595f","GSE125035__GSE125035__grp_0006_vs_grp_0007__1","GSE125035",1,4,"solo_trattato"
"cgroup_L5_3a0a595f","GSE135514__GSE135514__grp_0003_vs_grp_0001__1","GSE135514",2,4,"nessuno"
"cgroup_L5_3a0a595f","GSE135514__GSE135514__grp_0004_vs_grp_0002__1","GSE135514",2,2,"nessuno"
"cgroup_L5_3a0a595f","GSE135514__GSE135514__grp_0011_vs_grp_0001__1","GSE135514",4,4,"nessuno"
"cgroup_L5_3a0a595f","GSE135514__GSE135514__grp_0012_vs_grp_0002__1","GSE135514",4,2,"nessuno"
"cgroup_L5_3a0a595f","GSE146096__GSE146096__Dasatinib_0.1uM_48h_vs_Vehicle_Control__1","GSE146096",16,102,"nessuno"
"cgroup_L5_3a0a595f","GSE151159__GSE151159__grp_0002_vs_grp_0001__1","GSE151159",8,6,"nessuno"
"cgroup_L5_3a0a595f","GSE151159__GSE151159__grp_0005_vs_grp_0004__1","GSE151159",7,3,"nessuno"
"cgroup_L5_3a0a595f","GSE151159__GSE151159__grp_0003_vs_grp_0001__1","GSE151159",1,6,"solo_trattato"
"cgroup_L5_3a0a595f","GSE151159__GSE151159__grp_0009_vs_grp_0007__1","GSE151159",1,2,"solo_trattato"
"cgroup_L5_3a0a595f","GSE166617__GSE166617__grp_0002_vs_grp_0001__1","GSE166617",1,1,"entrambi"
"cgroup_L5_3a0a595f","GSE166617__GSE166617__grp_0005_vs_grp_0004__1","GSE166617",1,1,"entrambi"
"cgroup_L5_3a0a595f","GSE166617__GSE166617__grp_0008_vs_grp_0007__1","GSE166617",2,2,"nessuno"
"cgroup_L5_3a0a595f","GSE171358__GSE171358__grp_0006_vs_grp_0001__1","GSE171358",2,3,"nessuno"
"cgroup_L5_3a0a595f","GSE184427__GSE184427__LuCaP_147_Dasatinib_vs_LuCaP_147_PBS__1","GSE184427",2,2,"nessuno"
"cgroup_L5_3a0a595f","GSE184427__GSE184427__LuCaP_73_Dasatinib_vs_LuCaP_73_PBS__1","GSE184427",1,2,"solo_trattato"
"cgroup_L5_3a0a595f","GSE184427__GSE184427__LuCaP_78_PBS_vs_LuCaP_78_Dasatinib__1","GSE184427",2,2,"nessuno"
"cgroup_L5_3a0a595f","GSE184427__GSE184427__LuCaP_81_PBS_vs_LuCaP_81_Dasatinib__1","GSE184427",2,2,"nessuno"
"cgroup_L5_3a0a595f","GSE186341__GSE186341__Dasatinib_vs_DMSO__1","GSE186341",2,48,"nessuno"
"cgroup_L5_3a0a595f","GSE186341__GSE186341__Dasatinib_vs_DMSO__2","GSE186341",2,9,"nessuno"
"cgroup_L5_3a0a595f","GSE186341__GSE186341__grp_038_vs_grp_052__1","GSE186341",2,26,"nessuno"
"cgroup_L5_3a0a595f","GSE186341__GSE186341__HSTS_Dasatinib_vs_HSTS_DMSO__1","GSE186341",1,27,"solo_trattato"
"cgroup_L5_3a0a595f","GSE186341__GSE186341__grp_015_vs_grp_022__1","GSE186341",2,35,"nessuno"
"cgroup_L5_3a0a595f","GSE186341__GSE186341__LNCaP_Dasatinib_vs_LNCaP_DMSO__1","GSE186341",1,23,"solo_trattato"
"cgroup_L5_3a0a595f","GSE186341__GSE186341__grp_0047_vs_grp_0019__1","GSE186341",2,3,"nessuno"
"cgroup_L5_3a0a595f","GSE186341__GSE186341__grp_040_vs_grp_022__1","GSE186341",2,1,"solo_controllo"
"cgroup_L5_3a0a595f","GSE204825__GSE204825__BTY09_Dasatinib_vs_BTY09_Vehicle__1","GSE204825",4,4,"nessuno"
"cgroup_L5_3a0a595f","GSE204825__GSE204825__BTY10_Dasatinib_vs_BTY10_Vehicle__1","GSE204825",4,5,"nessuno"
"cgroup_L5_3a0a595f","GSE204825__GSE204825__BTY14_Dasatinib_vs_BTY14_Vehicle__1","GSE204825",4,4,"nessuno"
"cgroup_L5_3a0a595f","GSE204825__GSE204825__BTY25_Dasatinib_vs_BTY25_Vehicle__1","GSE204825",5,5,"nessuno"
"cgroup_L5_3a0a595f","GSE217421__GSE217421__grp_DMSO_1_vs_grp_Dasatinib_1__1","GSE217421",13,9,"nessuno"
"cgroup_L5_3a0a595f","GSE217421__GSE217421__grp_DMSO_1_vs_grp_Dasatinib_2__1","GSE217421",2,9,"nessuno"
"cgroup_L5_3a0a595f","GSE217421__GSE217421__grp_DMSO_1_vs_grp_Dasatinib_3__1","GSE217421",3,9,"nessuno"
"cgroup_L5_3a0a595f","GSE217421__GSE217421__grp_DMSO_1_vs_grp_Dasatinib_4__1","GSE217421",2,9,"nessuno"
"cgroup_L5_3a0a595f","GSE229331__GSE229331__grp_Das_30min_vs_grp_DMSO_30min__1","GSE229331",2,2,"nessuno"
"cgroup_L5_004d293d","GSE114575__GSE114575__lapatinib_vs_untreated_SKBr3__1","GSE114575",1,1,"entrambi"
"cgroup_L5_004d293d","GSE114686__GSE114686__Lapatinib_3_uM_6h_vs_DMSO_0.001_uM_6h__1","GSE114686",2,1,"solo_controllo"
"cgroup_L5_004d293d","GSE114686__GSE114686__Lapatinib_10_uM_24h_vs_DMSO_0.001_uM_24h__1","GSE114686",1,3,"solo_trattato"
"cgroup_L5_004d293d","GSE114686__GSE114686__Lapatinib_1_uM_24h_vs_DMSO_0.001_uM_24h__1","GSE114686",1,3,"solo_trattato"
"cgroup_L5_004d293d","GSE114686__GSE114686__Lapatinib_10_uM_24h_2_vs_DMSO_0.001_uM_24h__1","GSE114686",1,3,"solo_trattato"
"cgroup_L5_004d293d","GSE114686__GSE114686__Lapatinib_3_uM_24h_2_vs_DMSO_0.001_uM_24h__1","GSE114686",1,3,"solo_trattato"
"cgroup_L5_004d293d","GSE114686__GSE114686__Lapatinib_3_uM_6h_2_vs_DMSO_0.001_uM_6h__1","GSE114686",1,1,"entrambi"
"cgroup_L5_004d293d","GSE114686__GSE114686__Lapatinib_1_uM_24h_2_vs_DMSO_0.001_uM_24h__1","GSE114686",1,3,"solo_trattato"
"cgroup_L5_004d293d","GSE114686__GSE114686__Lapatinib_10_uM_24h_3_vs_DMSO_0.001_uM_24h__1","GSE114686",1,3,"solo_trattato"
"cgroup_L5_004d293d","GSE114686__GSE114686__Lapatinib_3_uM_168h_2_vs_DMSO_0.001_uM_168h__1","GSE114686",1,3,"solo_trattato"
"cgroup_L5_004d293d","GSE114686__GSE114686__Lapatinib_3_uM_24h_3_vs_DMSO_0.001_uM_24h__1","GSE114686",1,3,"solo_trattato"
"cgroup_L5_004d293d","GSE114686__GSE114686__Lapatinib_1_uM_24h_3_vs_DMSO_0.001_uM_24h__1","GSE114686",1,3,"solo_trattato"
"cgroup_L5_004d293d","GSE132055__GSE132055__grp_0002_vs_grp_0004__1","GSE132055",1,1,"entrambi"
"cgroup_L5_004d293d","GSE146096__GSE146096__grp_lapatinib_2uM_vs_grp_vehicle__1","GSE146096",5,102,"nessuno"
"cgroup_L5_004d293d","GSE186341__GSE186341__Lapatinib_vs_DMSO__1","GSE186341",2,17,"nessuno"
"cgroup_L5_004d293d","GSE186341__GSE186341__Lapatinib_vs_DMSO__2","GSE186341",1,48,"solo_trattato"
"cgroup_L5_004d293d","GSE186341__GSE186341__Lapatinib_vs_DMSO__4","GSE186341",2,9,"nessuno"
"cgroup_L5_004d293d","GSE186341__GSE186341__grp_017_vs_grp_052__1","GSE186341",2,26,"nessuno"
"cgroup_L5_004d293d","GSE186341__GSE186341__HSTS_Lapatinib_vs_HSTS_DMSO__1","GSE186341",2,27,"nessuno"
"cgroup_L5_004d293d","GSE186341__GSE186341__grp_001_vs_grp_022__1","GSE186341",1,35,"solo_trattato"
"cgroup_L5_004d293d","GSE186341__GSE186341__LNCaP_Lapatinib_vs_LNCaP_DMSO__1","GSE186341",2,23,"nessuno"
"cgroup_L5_004d293d","GSE186341__GSE186341__NCI-H1793_Lapatinib_vs_NCI-H1793_DMSO__1","GSE186341",1,22,"solo_trattato"
"cgroup_L5_004d293d","GSE186341__GSE186341__grp_0023_vs_grp_0019__1","GSE186341",2,3,"nessuno"
"cgroup_L5_004d293d","GSE186341__GSE186341__grp_043_vs_grp_022__1","GSE186341",2,1,"solo_controllo"
"cgroup_L5_004d293d","GSE217421__GSE217421__Lapatinib_cardiac_myocytes_vs_DMSO_cardiac_myocytes__1","GSE217421",11,9,"nessuno"
"cgroup_L5_004d293d","GSE217898__GSE217898__PAEC_Lapatinib_24h_vs_PAEC_DMSO_24h__1","GSE217898",1,2,"solo_trattato"
"cgroup_L5_004d293d","GSE217898__GSE217898__PAEC_Lapatinib_72h_vs_PAEC_DMSO_72h__1","GSE217898",1,2,"solo_trattato"
"cgroup_L5_004d293d","GSE237413__GSE237413__grp_0002_vs_grp_0001__1","GSE237413",1,3,"solo_trattato"
"cgroup_L5_004d293d","GSE237413__GSE237413__grp_0003_vs_grp_0001__1","GSE237413",1,3,"solo_trattato"
"cgroup_L5_004d293d","GSE237413__GSE237413__grp_0004_vs_grp_0001__1","GSE237413",4,3,"nessuno"
"cgroup_L5_004d293d","GSE89127__GSE89127__grp_N87_Lapatinib_100nM_48h_vs_grp_N87_DMSO_0.1pct_48h__1","GSE89127",3,3,"nessuno"
"cgroup_L5_41f7b088","GSE117610__GSE117610__Gefitinib_vs_untreated__1","GSE117610",2,2,"nessuno"
"cgroup_L5_41f7b088","GSE125933__GSE125933__grp_0007_vs_grp_0002__1","GSE125933",3,3,"nessuno"
"cgroup_L5_41f7b088","GSE125933__GSE125933__grp_0008_vs_grp_0002__1","GSE125933",3,3,"nessuno"
"cgroup_L5_41f7b088","GSE143588__GSE143588__grp_0005_vs_grp_0004__1","GSE143588",3,3,"nessuno"
"cgroup_L5_41f7b088","GSE157374__GSE157374__grp_0001_vs_grp_0002__1","GSE157374",1,1,"entrambi"
"cgroup_L5_41f7b088","GSE157374__GSE157374__grp_0003_vs_grp_0004__1","GSE157374",1,1,"entrambi"
"cgroup_L5_41f7b088","GSE157374__GSE157374__grp_0005_vs_grp_0006__1","GSE157374",1,1,"entrambi"
"cgroup_L5_41f7b088","GSE157905__GSE157905__grp_0004_vs_grp_0007__1","GSE157905",1,2,"solo_trattato"
"cgroup_L5_41f7b088","GSE157905__GSE157905__grp_0008_vs_grp_0007__1","GSE157905",2,2,"nessuno"
"cgroup_L5_41f7b088","GSE168815__GSE168815__grp_0006_vs_grp_0004__1","GSE168815",1,1,"entrambi"
"cgroup_L5_41f7b088","GSE186341__GSE186341__Gefitinib_vs_DMSO__1","GSE186341",1,17,"solo_trattato"
"cgroup_L5_41f7b088","GSE186341__GSE186341__Gefitinib_2_vs_DMSO__1","GSE186341",1,17,"solo_trattato"
"cgroup_L5_41f7b088","GSE186341__GSE186341__Gefitinib_vs_DMSO__2","GSE186341",1,48,"solo_trattato"
"cgroup_L5_41f7b088","GSE186341__GSE186341__Gefitinib_vs_DMSO__3","GSE186341",1,48,"solo_trattato"
"cgroup_L5_41f7b088","GSE186341__GSE186341__grp_0138_vs_grp_0135__1","GSE186341",1,47,"solo_trattato"
"cgroup_L5_41f7b088","GSE186341__GSE186341__Gefitinib_vs_DMSO__4","GSE186341",2,9,"nessuno"
"cgroup_L5_41f7b088","GSE186341__GSE186341__grp_039_vs_grp_052__1","GSE186341",1,26,"solo_trattato"
"cgroup_L5_41f7b088","GSE186341__GSE186341__grp_043_vs_grp_052__1","GSE186341",1,26,"solo_trattato"
"cgroup_L5_41f7b088","GSE186341__GSE186341__HSTS_Gefitinib_vs_HSTS_DMSO__1","GSE186341",1,27,"solo_trattato"
"cgroup_L5_41f7b088","GSE186341__GSE186341__grp_017_vs_grp_022__1","GSE186341",2,35,"nessuno"
"cgroup_L5_41f7b088","GSE186341__GSE186341__LNCaP_Gefitinib_vs_LNCaP_DMSO__1","GSE186341",1,23,"solo_trattato"
"cgroup_L5_41f7b088","GSE186341__GSE186341__NCI-H1793_Gefitinib_vs_NCI-H1793_DMSO__1","GSE186341",2,22,"nessuno"
"cgroup_L5_41f7b088","GSE186341__GSE186341__grp_0020_vs_grp_0019__1","GSE186341",1,3,"solo_trattato"
"cgroup_L5_41f7b088","GSE186341__GSE186341__grp_0048_vs_grp_0019__1","GSE186341",1,3,"solo_trattato"
"cgroup_L5_41f7b088","GSE186341__GSE186341__grp_041_vs_grp_022__1","GSE186341",1,1,"entrambi"
"cgroup_L5_41f7b088","GSE186341__GSE186341__grp_042_vs_grp_022__1","GSE186341",1,1,"entrambi"
"cgroup_L5_41f7b088","GSE211854__GSE211854__grp_0009_vs_grp_0008__1","GSE211854",3,3,"nessuno"
"cgroup_L5_41f7b088","GSE217421__GSE217421__grp_DMSO_1_vs_grp_Gefitinib_1__1","GSE217421",1,9,"solo_trattato"
"cgroup_L5_41f7b088","GSE217421__GSE217421__grp_DMSO_2_vs_grp_Gefitinib_2__1","GSE217421",11,54,"nessuno"
"cgroup_L5_41f7b088","GSE217421__GSE217421__grp_DMSO_2_vs_grp_Gefitinib_3__1","GSE217421",7,54,"nessuno"
"cgroup_L5_41f7b088","GSE221475__GSE221475__CAL-51_Gefitinib_vs_CAL-51_DMSO__1","GSE221475",1,3,"solo_trattato"
"cgroup_L5_41f7b088","GSE221475__GSE221475__CAL-51_Gefitinib_vs_CAL-51_DMSO__2","GSE221475",1,3,"solo_trattato"
"cgroup_L5_41f7b088","GSE221475__GSE221475__MDA-MB-231_Gefitinib_vs_MDA-MB-231_DMSO__1","GSE221475",1,2,"solo_trattato"
"cgroup_L5_41f7b088","GSE221475__GSE221475__MDA-MB-231_Gefitinib_vs_MDA-MB-231_DMSO__2","GSE221475",2,2,"nessuno"
"cgroup_L5_41f7b088","GSE69599__GSE69599__grp_0003_vs_grp_0002__1","GSE69599",1,2,"solo_trattato"
"cgroup_L5_e294a3bc","GSE115862__GSE115862__grp_0011_vs_grp_0010__1","GSE115862",8,1,"solo_controllo"
"cgroup_L5_e294a3bc","GSE115862__GSE115862__grp_0013_vs_grp_0012__1","GSE115862",1,2,"solo_trattato"
"cgroup_L5_e294a3bc","GSE124979__GSE124979__grp_0002_vs_grp_0001__1","GSE124979",2,6,"nessuno"
"cgroup_L5_e294a3bc","GSE141496__GSE141496__DRB_vs_control__1","GSE141496",1,2,"solo_trattato"
"cgroup_L5_e294a3bc","GSE153303__GSE153303__DRB_10_ug_ml_vs_DMSO__1","GSE153303",2,2,"nessuno"
"cgroup_L5_e294a3bc","GSE153303__GSE153303__DRB_25_ug_ml_vs_DMSO__1","GSE153303",2,2,"nessuno"
"cgroup_L5_e294a3bc","GSE57116__GSE57116__DRB_vs_untreated__1","GSE57116",10,3,"nessuno"
"cgroup_L5_b3ccf1c1","GSE146096__GSE146096__Vandetanib_333nM_48h_vs_Vehicle_Control__1","GSE146096",16,102,"nessuno"
"cgroup_L5_b3ccf1c1","GSE186341__GSE186341__Vandetanib_vs_DMSO__1","GSE186341",2,17,"nessuno"
"cgroup_L5_b3ccf1c1","GSE186341__GSE186341__Vandetanib_vs_DMSO__2","GSE186341",1,48,"solo_trattato"
"cgroup_L5_b3ccf1c1","GSE186341__GSE186341__Vandetanib_vs_DMSO__3","GSE186341",1,48,"solo_trattato"
"cgroup_L5_b3ccf1c1","GSE186341__GSE186341__grp_031_vs_grp_052__1","GSE186341",2,26,"nessuno"
"cgroup_L5_b3ccf1c1","GSE186341__GSE186341__HSTS_Vandetanib_vs_HSTS_DMSO__1","GSE186341",1,27,"solo_trattato"
"cgroup_L5_b3ccf1c1","GSE186341__GSE186341__LNCaP_Vandetanib_vs_LNCaP_DMSO__1","GSE186341",1,23,"solo_trattato"
"cgroup_L5_b3ccf1c1","GSE186341__GSE186341__NCI-H1793_Vandetanib_vs_NCI-H1793_DMSO__1","GSE186341",1,22,"solo_trattato"
"cgroup_L5_b3ccf1c1","GSE186341__GSE186341__grp_009_vs_grp_013__1","GSE186341",2,14,"nessuno"
"cgroup_L5_b3ccf1c1","GSE217421__GSE217421__grp_DMSO_1_vs_grp_Vandetanib_1__1","GSE217421",5,9,"nessuno"
"cgroup_L5_b3ccf1c1","GSE217421__GSE217421__grp_DMSO_1_vs_grp_Vandetanib_2__1","GSE217421",1,9,"solo_trattato"
"cgroup_L5_b3ccf1c1","GSE217421__GSE217421__grp_Vandetanib_1_vs_grp_DMSO_1__1","GSE217421",1,9,"solo_trattato"
"cgroup_L5_3eaa92c9","GSE115421__GSE115421__Rosi_hASC_Adipocytes_4_vs_DMSO_hASC_Adipocytes__1","GSE115421",3,15,"nessuno"
"cgroup_L5_3eaa92c9","GSE115421__GSE115421__Rosi_hASC_Adipocytes_5_vs_DMSO_hASC_Adipocytes__1","GSE115421",1,15,"solo_trattato"
"cgroup_L5_3eaa92c9","GSE179347__GSE179347__grp_0001_vs_grp_0043__1","GSE179347",2,14,"nessuno"
"cgroup_L5_3eaa92c9","GSE179347__GSE179347__SGBS_ROSIGLITAZONE_vs_SGBS_EMEM_medium__1","GSE179347",3,9,"nessuno"
"cgroup_L5_3eaa92c9","GSE210693__GSE210693__grp_0004_vs_grp_0008__1","GSE210693",1,3,"solo_trattato"
"cgroup_L5_3eaa92c9","GSE210693__GSE210693__grp_0005_vs_grp_0008__1","GSE210693",2,3,"nessuno"
"cgroup_L5_3eaa92c9","GSE217421__GSE217421__grp_DMSO_1_vs_grp_Rosiglitazone_1__1","GSE217421",1,9,"solo_trattato"
"cgroup_L5_3eaa92c9","GSE217421__GSE217421__grp_DMSO_1_vs_grp_Rosiglitazone_2__1","GSE217421",1,9,"solo_trattato"
"cgroup_L5_3eaa92c9","GSE217421__GSE217421__grp_DMSO_1_vs_grp_Rosiglitazone_3__1","GSE217421",11,9,"nessuno"
"cgroup_L5_3eaa92c9","GSE217421__GSE217421__grp_DMSO_1_vs_grp_Rosiglitazone__1","GSE217421",8,9,"nessuno"
"cgroup_L5_3eaa92c9","GSE77039__GSE77039__HT29_Rosiglitazone_24hr_vs_HT29_DMSO_24hr__1","GSE77039",4,4,"nessuno"
"cgroup_L5_3eaa92c9","GSE77039__GSE77039__HT29_Rosiglitazone_48hr_vs_HT29_DMSO_48hr__1","GSE77039",3,4,"nessuno"
"cgroup_L5_a32e5eaa","GSE108177__GSE108177__HCT116_5azaCdR_vs_HCT116_PBS__1","GSE108177",1,1,"entrambi"
"cgroup_L5_a32e5eaa","GSE108177__GSE108177__HepG2_5azaCdR_vs_HepG2_PBS__1","GSE108177",1,2,"solo_trattato"
"cgroup_L5_a32e5eaa","GSE108177__GSE108177__HepG2_5azaCdR_2_vs_HepG2_PBS__1","GSE108177",1,2,"solo_trattato"
"cgroup_L5_a32e5eaa","GSE108177__GSE108177__HL60_5azaCdR_vs_HL60_PBS__1","GSE108177",2,2,"nessuno"
"cgroup_L5_a32e5eaa","GSE108177__GSE108177__MCF7_5azaCdR_vs_MCF7_PBS__1","GSE108177",2,1,"solo_controllo"
"cgroup_L5_a32e5eaa","GSE110045__GSE110045__grp_0003_vs_grp_0004__1","GSE110045",1,1,"entrambi"
"cgroup_L5_a32e5eaa","GSE140347__GSE140347__grp_aml_dac_vs_grp_aml_untreated__1","GSE140347",1,2,"solo_trattato"
"cgroup_L5_a32e5eaa","GSE140347__GSE140347__grp_aml_decitabine_vs_grp_aml_untreated__1","GSE140347",2,2,"nessuno"
"cgroup_L5_a32e5eaa","GSE140347__GSE140347__grp_aml_decitabine_2_vs_grp_aml_untreated__1","GSE140347",1,2,"solo_trattato"
"cgroup_L5_a32e5eaa","GSE142381__GSE142381__grp_0007_vs_grp_0005__1","GSE142381",1,1,"entrambi"
"cgroup_L5_a32e5eaa","GSE142381__GSE142381__grp_0008_vs_grp_0005__1","GSE142381",1,1,"entrambi"
"cgroup_L5_a32e5eaa","GSE142381__GSE142381__grp_0009_vs_grp_0005__1","GSE142381",1,1,"entrambi"
"cgroup_L5_a32e5eaa","GSE142381__GSE142381__grp_0010_vs_grp_0005__1","GSE142381",1,1,"entrambi"
"cgroup_L5_a32e5eaa","GSE145639__GSE145639__5-AZA-CdR_D5_vs_Mock-Treated_D5__1","GSE145639",2,3,"nessuno"
"cgroup_L5_a32e5eaa","GSE145639__GSE145639__5-AZA-CdR_D24_vs_Mock-Treated_D24__1","GSE145639",1,2,"solo_trattato"
"cgroup_L5_a32e5eaa","GSE145639__GSE145639__ADAR1_Knockdown_5-AZA-CdR_D5_vs_ADAR1_Knockdown_Mock-Treated_D5__1","GSE145639",2,2,"nessuno"
"cgroup_L5_a32e5eaa","GSE145639__GSE145639__ADAR1_Knockdown_5-AZA-CdR_D14_vs_ADAR1_Knockdown_Mock-Treated_D14__1","GSE145639",2,1,"solo_controllo"
"cgroup_L5_a32e5eaa","GSE145639__GSE145639__ADAR1_Knockdown_5-AZA-CdR_D24_vs_ADAR1_Knockdown_Mock-Treated_D24__1","GSE145639",1,1,"entrambi"
"cgroup_L5_a32e5eaa","GSE145639__GSE145639__ADAR1_p150_OE_5-AZA-CdR_D5_vs_ADAR1_p150_OE_Mock-Treated_D5__1","GSE145639",2,1,"solo_controllo"
"cgroup_L5_a32e5eaa","GSE153443__GSE153443__NCH1681_DAC_brain_vs_NCH1681_DMSO__1","GSE153443",1,2,"solo_trattato"
"cgroup_L5_a32e5eaa","GSE155336__GSE155336__Decitabine_vs_DMSO__1","GSE155336",6,6,"nessuno"
"cgroup_L5_a32e5eaa","GSE159925__GSE159925__grp_0002_vs_grp_0001__1","GSE159925",1,1,"entrambi"
"cgroup_L5_a32e5eaa","GSE159925__GSE159925__grp_0003_vs_grp_0001__1","GSE159925",1,1,"entrambi"
"cgroup_L5_a32e5eaa","GSE159925__GSE159925__grp_0004_vs_grp_0001__1","GSE159925",1,1,"entrambi"
"cgroup_L5_a32e5eaa","GSE171073__GSE171073__grp_0001_vs_grp_0003__1","GSE171073",1,4,"solo_trattato"
"cgroup_L5_a32e5eaa","GSE171073__GSE171073__grp_0002_vs_grp_0004__1","GSE171073",4,4,"nessuno"
"cgroup_L5_a32e5eaa","GSE175867__GSE175867__DAC_1µM_DEX_vs_DMSO__1","GSE175867",1,3,"solo_trattato"
"cgroup_L5_a32e5eaa","GSE175867__GSE175867__DAC_10µM_vs_DMSO__1","GSE175867",2,3,"nessuno"
"cgroup_L5_a32e5eaa","GSE175867__GSE175867__DAC_10µM_3h_vs_DMSO__1","GSE175867",1,3,"solo_trattato"
"cgroup_L5_a32e5eaa","GSE184168__GSE184168__grp_0004_vs_grp_0002__1","GSE184168",2,3,"nessuno"
"cgroup_L5_a32e5eaa","GSE184168__GSE184168__grp_0005_vs_grp_0003__1","GSE184168",1,1,"entrambi"
"cgroup_L5_a32e5eaa","GSE184168__GSE184168__grp_0004_vs_grp_0006__1","GSE184168",2,2,"nessuno"
"cgroup_L5_a32e5eaa","GSE184282__GSE184282__decitabine_2h_vs_untreated__1","GSE184282",1,3,"solo_trattato"
"cgroup_L5_a32e5eaa","GSE184282__GSE184282__decitabine_3h_vs_untreated__1","GSE184282",1,3,"solo_trattato"
"cgroup_L5_a32e5eaa","GSE192743__GSE192743__grp_0001_vs_grp_0002__1","GSE192743",1,1,"entrambi"
"cgroup_L5_a32e5eaa","GSE198670__GSE198670__grp_0002_vs_grp_0001__1","GSE198670",2,2,"nessuno"
"cgroup_L5_a32e5eaa","GSE198670__GSE198670__grp_0003_vs_grp_0001__1","GSE198670",1,2,"solo_trattato"
"cgroup_L5_a32e5eaa","GSE198670__GSE198670__grp_0005_vs_grp_0001__1","GSE198670",2,2,"nessuno"
"cgroup_L5_a32e5eaa","GSE198670__GSE198670__grp_0006_vs_grp_0007__1","GSE198670",5,1,"solo_controllo"
"cgroup_L5_a32e5eaa","GSE198670__GSE198670__grp_0009_vs_grp_0001__1","GSE198670",1,2,"solo_trattato"
"cgroup_L5_a32e5eaa","GSE198670__GSE198670__grp_0017_vs_grp_0016__1","GSE198670",1,2,"solo_trattato"
"cgroup_L5_a32e5eaa","GSE198670__GSE198670__grp_0025_vs_grp_0024__1","GSE198670",9,3,"nessuno"
"cgroup_L5_a32e5eaa","GSE198670__GSE198670__grp_0026_vs_grp_0010__1","GSE198670",2,1,"solo_controllo"
"cgroup_L5_a32e5eaa","GSE198670__GSE198670__grp_0027_vs_grp_0010__1","GSE198670",2,1,"solo_controllo"
"cgroup_L5_a32e5eaa","GSE204743__GSE204743__Decitabine_vs_DMSO__1","GSE204743",1,2,"solo_trattato"
"cgroup_L5_a32e5eaa","GSE215214__GSE215214__AGS_5_Aza_CdR_vs_AGS_DMSO__1","GSE215214",1,1,"entrambi"
"cgroup_L5_a32e5eaa","GSE215214__GSE215214__HCT116_5_Aza_CdR_vs_HCT116_DMSO__1","GSE215214",1,1,"entrambi"
"cgroup_L5_a32e5eaa","GSE216757__GSE216757__DAC_GFHD102_vs_DMSOmedium_GFHD102__1","GSE216757",1,1,"entrambi"
"cgroup_L5_a32e5eaa","GSE216757__GSE216757__DAC_GFHD106_vs_DMSOmedium_GFHD106__1","GSE216757",1,1,"entrambi"
"cgroup_L5_a32e5eaa","GSE216757__GSE216757__DAC_GFHD112_vs_DMSOmedium_GFHD112__1","GSE216757",1,1,"entrambi"
"cgroup_L5_a32e5eaa","GSE216757__GSE216757__DAC_GFHD113_vs_DMSOmedium_GFHD113__1","GSE216757",1,1,"entrambi"
"cgroup_L5_a32e5eaa","GSE216988__GSE216988__grp_0003_vs_grp_0001__1","GSE216988",2,2,"nessuno"
"cgroup_L5_a32e5eaa","GSE216988__GSE216988__grp_0003_vs_grp_0002__1","GSE216988",2,2,"nessuno"
"cgroup_L5_a32e5eaa","GSE217421__GSE217421__grp_DMSO_1_vs_grp_Decitabine_1__1","GSE217421",4,9,"nessuno"
"cgroup_L5_a32e5eaa","GSE217421__GSE217421__grp_DMSO_1_vs_grp_Decitabine_2__1","GSE217421",1,9,"solo_trattato"
"cgroup_L5_a32e5eaa","GSE217421__GSE217421__grp_DMSO_1_vs_grp_Decitabine_3__1","GSE217421",3,9,"nessuno"
"cgroup_L5_a32e5eaa","GSE217421__GSE217421__grp_DMSO_1_vs_grp_Decitabine_4__1","GSE217421",2,9,"nessuno"
"cgroup_L5_a32e5eaa","GSE217421__GSE217421__grp_DMSO_1_vs_grp_Decitabine_5__1","GSE217421",3,9,"nessuno"
"cgroup_L5_a32e5eaa","GSE218060__GSE218060__grp_0002_vs_grp_0003__1","GSE218060",6,8,"nessuno"
"cgroup_L5_a32e5eaa","GSE218060__GSE218060__grp_0004_vs_grp_0001__1","GSE218060",3,2,"nessuno"
"cgroup_L5_a32e5eaa","GSE218060__GSE218060__grp_0007_vs_grp_0010__1","GSE218060",2,1,"solo_controllo"
"cgroup_L5_a32e5eaa","GSE218060__GSE218060__grp_0009_vs_grp_0010__1","GSE218060",1,1,"entrambi"
"cgroup_L5_a32e5eaa","GSE218060__GSE218060__grp_0011_vs_grp_0012__1","GSE218060",2,3,"nessuno"
"cgroup_L5_a32e5eaa","GSE223688__GSE223688__grp_0001_vs_grp_0004__1","GSE223688",1,2,"solo_trattato"
"cgroup_L5_a32e5eaa","GSE223688__GSE223688__grp_0002_vs_grp_0004__1","GSE223688",2,2,"nessuno"
"cgroup_L5_a32e5eaa","GSE223688__GSE223688__grp_0003_vs_grp_0004__1","GSE223688",1,2,"solo_trattato"
"cgroup_L5_a32e5eaa","GSE223893__GSE223893__grp_0003_vs_grp_0001__1","GSE223893",1,1,"entrambi"
"cgroup_L5_a32e5eaa","GSE223893__GSE223893__grp_0004_vs_grp_0001__1","GSE223893",1,1,"entrambi"
"cgroup_L5_a32e5eaa","GSE223893__GSE223893__grp_0005_vs_grp_0001__1","GSE223893",1,1,"entrambi"
"cgroup_L5_a32e5eaa","GSE223893__GSE223893__grp_0012_vs_grp_0002__1","GSE223893",2,2,"nessuno"
"cgroup_L5_a32e5eaa","GSE223893__GSE223893__grp_0013_vs_grp_0002__1","GSE223893",1,2,"solo_trattato"
"cgroup_L5_a32e5eaa","GSE223893__GSE223893__grp_0014_vs_grp_0002__1","GSE223893",2,2,"nessuno"
"cgroup_L5_a32e5eaa","GSE238006__GSE238006__Decitabine_vs_Vehicle__1","GSE238006",1,2,"solo_trattato"
"cgroup_L5_a32e5eaa","GSE238006__GSE238006__Decitabine_vs_Vehicle__2","GSE238006",1,2,"solo_trattato"
"cgroup_L5_a32e5eaa","GSE240439__GSE240439__Decitabine_vs_DMSO__1","GSE240439",1,3,"solo_trattato"
"cgroup_L5_a32e5eaa","GSE240439__GSE240439__Decitabine(2x)_vs_DMSO__1","GSE240439",1,3,"solo_trattato"
"cgroup_L5_a32e5eaa","GSE240439__GSE240439__Decitabine(3x)_vs_DMSO__1","GSE240439",1,3,"solo_trattato"
"cgroup_L5_a32e5eaa","GSE248580__GSE248580__Decitabine_vs_Untreated__1","GSE248580",1,2,"solo_trattato"
"cgroup_L5_a32e5eaa","GSE74251__GSE74251__grp_MCF7_DAC_100nM_vs_grp_MCF7_Cntrl__1","GSE74251",2,3,"nessuno"
"cgroup_L5_a32e5eaa","GSE74251__GSE74251__grp_MCF7_DAC_100nM_2h_vs_grp_MCF7_Cntrl__1","GSE74251",1,3,"solo_trattato"
"cgroup_L5_a32e5eaa","GSE74251__GSE74251__grp_YB5_DAC_1uM_vs_grp_YB5_Cntrl__1","GSE74251",1,2,"solo_trattato"
"cgroup_L5_a32e5eaa","GSE74251__GSE74251__grp_YB5_DAC_1uM_2h_vs_grp_YB5_Cntrl__1","GSE74251",1,2,"solo_trattato"
"cgroup_L5_a32e5eaa","GSE74251__GSE74251__grp_YB5_DAC_1uM_3h_vs_grp_YB5_Cntrl__1","GSE74251",1,2,"solo_trattato"
"cgroup_L5_a32e5eaa","GSE77031__GSE77031__5-Aza-CdR_vs_PBS__1","GSE77031",1,1,"entrambi"
"cgroup_L5_a32e5eaa","GSE77032__GSE77032__5_Aza_CdR_vs_PBS__1","GSE77032",1,1,"entrambi"
"cgroup_L5_a32e5eaa","GSE77034__GSE77034__5_Aza_CdR_vs_PBS__1","GSE77034",1,1,"entrambi"
"cgroup_L5_a32e5eaa","GSE78102__GSE78102__DAC_GSK343-1_vs_Cntrl__1","GSE78102",1,3,"solo_trattato"
"cgroup_L5_a32e5eaa","GSE78102__GSE78102__DAC_vs_Cntrl__1","GSE78102",1,3,"solo_trattato"
"cgroup_L5_a32e5eaa","GSE78102__GSE78102__DAC_Depsi-1_vs_Cntrl__1","GSE78102",1,3,"solo_trattato"
"cgroup_L5_a32e5eaa","GSE78102__GSE78102__DAC_Depsi-2_vs_Cntrl__1","GSE78102",1,3,"solo_trattato"
"cgroup_L5_a32e5eaa","GSE78102__GSE78102__DAC_Depsi-3_vs_Cntrl__1","GSE78102",1,3,"solo_trattato"
"cgroup_L5_a32e5eaa","GSE78102__GSE78102__DAC_GSK343-2_vs_Cntrl__1","GSE78102",1,3,"solo_trattato"
"cgroup_L5_a32e5eaa","GSE78102__GSE78102__DAC_GSK343-3_vs_Cntrl__1","GSE78102",1,3,"solo_trattato"
"cgroup_L5_a32e5eaa","GSE80137__GSE80137__grp_0002_vs_grp_0001__1","GSE80137",1,2,"solo_trattato"
"cgroup_L5_a32e5eaa","GSE80137__GSE80137__grp_0003_vs_grp_0001__1","GSE80137",1,2,"solo_trattato"
"cgroup_L5_a32e5eaa","GSE80137__GSE80137__grp_0005_vs_grp_0004__1","GSE80137",1,2,"solo_trattato"
"cgroup_L5_a32e5eaa","GSE80137__GSE80137__grp_0006_vs_grp_0004__1","GSE80137",1,2,"solo_trattato"
"cgroup_L5_a32e5eaa","GSE80137__GSE80137__grp_0008_vs_grp_0007__1","GSE80137",1,2,"solo_trattato"
"cgroup_L5_a32e5eaa","GSE80137__GSE80137__grp_0009_vs_grp_0007__1","GSE80137",1,2,"solo_trattato"
"cgroup_L5_f640365a","GSE110947__GSE110947__grp_0012_vs_grp_0001__1","GSE110947",5,1,"solo_controllo"
"cgroup_L5_f640365a","GSE182350__GSE182350__Hemin_Day_15_vs_Control_Day_15__1","GSE182350",4,4,"nessuno"
"cgroup_L5_f640365a","GSE182350__GSE182350__Hemin_Day_16_vs_Control_Day_16__1","GSE182350",1,4,"solo_trattato"
"cgroup_L5_f640365a","GSE211130__GSE211130__hemin_4h_vs_DMSO_4h__1","GSE211130",2,2,"nessuno"
"cgroup_L5_f640365a","GSE211130__GSE211130__hemin_8h_vs_DMSO_8h__1","GSE211130",2,2,"nessuno"
"cgroup_L5_f640365a","GSE232390__GSE232390__grp_0001_vs_grp_0002__1","GSE232390",2,2,"nessuno"
"cgroup_L5_8f29463d","GSE173164__GSE173164__mitoxantrone_vs_untreated__1","GSE173164",1,3,"solo_trattato"
"cgroup_L5_8f29463d","GSE178376__GSE178376__mitoxantrone_MIT_vs_vehicle__1","GSE178376",3,3,"nessuno"
"cgroup_L5_8f29463d","GSE235587__GSE235587__grp_0002_vs_grp_0001__1","GSE235587",3,4,"nessuno"
"cgroup_L5_6df6a50e","GSE114686__GSE114686__Sorafenib_1_uM_24h_2_vs_DMSO_0.001_uM_24h__1","GSE114686",2,3,"nessuno"
"cgroup_L5_6df6a50e","GSE114686__GSE114686__Sorafenib_10_uM_24h_2_vs_DMSO_0.001_uM_24h__1","GSE114686",2,3,"nessuno"
"cgroup_L5_6df6a50e","GSE114686__GSE114686__Sorafenib_3_uM_168h_2_vs_DMSO_0.001_uM_168h__1","GSE114686",3,3,"nessuno"
"cgroup_L5_6df6a50e","GSE114686__GSE114686__Sorafenib_3_uM_6h_vs_DMSO_0.001_uM_6h__1","GSE114686",3,1,"solo_controllo"
"cgroup_L5_6df6a50e","GSE114686__GSE114686__Sorafenib_3_uM_24h_3_vs_DMSO_0.001_uM_24h__1","GSE114686",1,3,"solo_trattato"
"cgroup_L5_6df6a50e","GSE146096__GSE146096__grp_sorafenib_1uM_vs_grp_vehicle__1","GSE146096",1,102,"solo_trattato"
"cgroup_L5_6df6a50e","GSE184427__GSE184427__LuCaP_147_Sorafenib_vs_LuCaP_147_PBS__1","GSE184427",1,2,"solo_trattato"
"cgroup_L5_6df6a50e","GSE184427__GSE184427__LuCaP_73_Sorafenib_vs_LuCaP_73_PBS__1","GSE184427",2,2,"nessuno"
"cgroup_L5_6df6a50e","GSE184427__GSE184427__LuCaP_78_PBS_vs_LuCaP_78_Sorafenib__1","GSE184427",2,2,"nessuno"
"cgroup_L5_6df6a50e","GSE184427__GSE184427__LuCaP_81_PBS_vs_LuCaP_81_Sorafenib__1","GSE184427",2,2,"nessuno"
"cgroup_L5_6df6a50e","GSE186280__GSE186280__grp_0002_vs_grp_0001__1","GSE186280",1,1,"entrambi"
"cgroup_L5_6df6a50e","GSE186280__GSE186280__grp_0004_vs_grp_0003__1","GSE186280",1,1,"entrambi"
"cgroup_L5_6df6a50e","GSE186280__GSE186280__grp_0006_vs_grp_0005__1","GSE186280",1,1,"entrambi"
"cgroup_L5_6df6a50e","GSE186341__GSE186341__Sorafenib_vs_DMSO__1","GSE186341",1,17,"solo_trattato"
"cgroup_L5_6df6a50e","GSE186341__GSE186341__Sorafenib_vs_DMSO__2","GSE186341",1,48,"solo_trattato"
"cgroup_L5_6df6a50e","GSE186341__GSE186341__Sorafenib_vs_DMSO__3","GSE186341",1,48,"solo_trattato"
"cgroup_L5_6df6a50e","GSE186341__GSE186341__Sorafenib_vs_DMSO__4","GSE186341",1,9,"solo_trattato"
"cgroup_L5_6df6a50e","GSE186341__GSE186341__Sorafenib_vs_DMSO__5","GSE186341",1,9,"solo_trattato"
"cgroup_L5_6df6a50e","GSE186341__GSE186341__grp_041_vs_grp_052__1","GSE186341",2,26,"nessuno"
"cgroup_L5_6df6a50e","GSE186341__GSE186341__LNCaP_Sorafenib_vs_LNCaP_DMSO__1","GSE186341",1,23,"solo_trattato"
"cgroup_L5_6df6a50e","GSE186341__GSE186341__NCI-H1793_Sorafenib_vs_NCI-H1793_DMSO__1","GSE186341",2,22,"nessuno"
"cgroup_L5_6df6a50e","GSE186341__GSE186341__grp_012_vs_grp_013__1","GSE186341",1,14,"solo_trattato"
"cgroup_L5_6df6a50e","GSE186341__GSE186341__grp_044_vs_grp_022__1","GSE186341",2,1,"solo_controllo"
"cgroup_L5_6df6a50e","GSE192771__GSE192771__Sorafenib_vs_DMSO__1","GSE192771",3,3,"nessuno"
"cgroup_L5_6df6a50e","GSE213615__GSE213615__HepG2_Sorafenib_vs_HepG2_vehicle__1","GSE213615",3,3,"nessuno"
"cgroup_L5_6df6a50e","GSE213615__GSE213615__Huh7_Sorafenib_vs_Huh7_vehicle__1","GSE213615",3,3,"nessuno"
"cgroup_L5_6df6a50e","GSE217421__GSE217421__grp_DMSO_1_vs_grp_Sorafenib_1__1","GSE217421",1,9,"solo_trattato"
"cgroup_L5_6df6a50e","GSE217421__GSE217421__grp_DMSO_1_vs_grp_Sorafenib_2__1","GSE217421",6,9,"nessuno"
"cgroup_L5_6df6a50e","GSE217421__GSE217421__grp_DMSO_1_vs_grp_Sorafenib_3__1","GSE217421",9,9,"nessuno"
"cgroup_L5_6df6a50e","GSE217421__GSE217421__grp_DMSO_1_vs_grp_Sorafenib_4__1","GSE217421",2,9,"nessuno"
"cgroup_L5_6df6a50e","GSE217423__GSE217423__Sorafenib_1uM_48h_vs_DMSO__1","GSE217423",7,16,"nessuno"
"cgroup_L5_6df6a50e","GSE225537__GSE225537__Sorafenib_10_uM_vs_Control__1","GSE225537",2,4,"nessuno"
"cgroup_L5_6df6a50e","GSE227609__GSE227609__grp_0004_vs_grp_0002__1","GSE227609",3,2,"nessuno"
"cgroup_L5_6df6a50e","GSE239407__GSE239407__grp_0006_vs_grp_0001__1","GSE239407",1,2,"solo_trattato"
"cgroup_L5_6df6a50e","GSE239407__GSE239407__grp_0007_vs_grp_0001__1","GSE239407",1,2,"solo_trattato"
"cgroup_L5_6df6a50e","GSE239407__GSE239407__grp_0008_vs_grp_0001__1","GSE239407",1,2,"solo_trattato"
"cgroup_L5_6df6a50e","GSE239407__GSE239407__grp_0011_vs_grp_0001__1","GSE239407",1,2,"solo_trattato"
"cgroup_L5_6df6a50e","GSE242333__GSE242333__grp_0004_vs_grp_0003__1","GSE242333",3,3,"nessuno"
"cgroup_L5_6df6a50e","GSE252002__GSE252002__ASPC1_Sorafenib_vs_ASPC1_DMSO__1","GSE252002",1,12,"solo_trattato"
"cgroup_L5_6df6a50e","GSE252002__GSE252002__PANC1_Sorafenib_vs_PANC1_DMSO__1","GSE252002",1,6,"solo_trattato"
"cgroup_L5_6df6a50e","GSE252002__GSE252002__grp_0067_vs_grp_0059__1","GSE252002",1,6,"solo_trattato"
"cgroup_L5_6df6a50e","GSE98428__GSE98428__Sorafenib_1_uM_vs_Vehicle_Control__1","GSE98428",4,7,"nessuno"
"cgroup_L5_6df6a50e","GSE98431__GSE98431__grp_0005_vs_grp_0001__1","GSE98431",2,8,"nessuno"
"cgroup_L5_6df6a50e","GSE98431__GSE98431__grp_0006_vs_grp_0001__1","GSE98431",2,8,"nessuno"
"cgroup_L5_6df6a50e","GSE99536__GSE99536__grp_0011_vs_grp_0008__1","GSE99536",2,2,"nessuno"
"cgroup_L5_6df6a50e","GSE99536__GSE99536__grp_0012_vs_grp_0009__1","GSE99536",2,2,"nessuno"
"cgroup_L5_06ff1592","GSE158674__GSE158674__grp_0003_vs_grp_0002__1","GSE158674",1,3,"solo_trattato"
"cgroup_L5_06ff1592","GSE158674__GSE158674__grp_0005_vs_grp_0004__1","GSE158674",1,2,"solo_trattato"
"cgroup_L5_06ff1592","GSE158674__GSE158674__grp_0006_vs_grp_0004__1","GSE158674",1,2,"solo_trattato"
"cgroup_L5_06ff1592","GSE200209__GSE200209__grp_0002_vs_grp_0001__1","GSE200209",3,3,"nessuno"
"cgroup_L5_06ff1592","GSE224715__GSE224715__Fluoxetine_Day3_vs_PBS_Day3__1","GSE224715",1,2,"solo_trattato"
"cgroup_L5_3b461817","GSE146096__GSE146096__Nilotinib_3uM_48h_vs_Vehicle_Control__1","GSE146096",16,102,"nessuno"
"cgroup_L5_3b461817","GSE186341__GSE186341__Nilotinib_vs_DMSO__1","GSE186341",2,17,"nessuno"
"cgroup_L5_3b461817","GSE186341__GSE186341__Nilotinib_vs_DMSO__2","GSE186341",2,48,"nessuno"
"cgroup_L5_3b461817","GSE186341__GSE186341__grp_0140_vs_grp_0135__1","GSE186341",1,47,"solo_trattato"
"cgroup_L5_3b461817","GSE186341__GSE186341__grp_0142_vs_grp_0135__1","GSE186341",1,47,"solo_trattato"
"cgroup_L5_3b461817","GSE186341__GSE186341__Nilotinib_vs_DMSO__3","GSE186341",1,9,"solo_trattato"
"cgroup_L5_3b461817","GSE186341__GSE186341__Nilotinib_vs_DMSO__4","GSE186341",1,9,"solo_trattato"
"cgroup_L5_3b461817","GSE186341__GSE186341__grp_040_vs_grp_052__1","GSE186341",2,26,"nessuno"
"cgroup_L5_3b461817","GSE186341__GSE186341__HSTS_Nilotinib_vs_HSTS_DMSO__1","GSE186341",1,27,"solo_trattato"
"cgroup_L5_3b461817","GSE186341__GSE186341__LNCaP_Nilotinib_vs_LNCaP_DMSO__1","GSE186341",2,23,"nessuno"
"cgroup_L5_3b461817","GSE186341__GSE186341__grp_0034_vs_grp_0019__1","GSE186341",1,3,"solo_trattato"
"cgroup_L5_3b461817","GSE186341__GSE186341__grp_0035_vs_grp_0019__1","GSE186341",1,3,"solo_trattato"
"cgroup_L5_3b461817","GSE186341__GSE186341__grp_045_vs_grp_022__1","GSE186341",1,1,"entrambi"
"cgroup_L5_3b461817","GSE186341__GSE186341__grp_047_vs_grp_022__1","GSE186341",1,1,"entrambi"
"cgroup_L5_3b461817","GSE217421__GSE217421__grp_Nilotinib_1_vs_grp_DMSO_1__1","GSE217421",15,9,"nessuno"
"cgroup_L5_3b461817","GSE217421__GSE217421__grp_Nilotinib_2_vs_grp_DMSO_2__1","GSE217421",1,54,"solo_trattato"
"cgroup_L5_3b461817","GSE217423__GSE217423__Nilotinib_3uM_48h_vs_DMSO__1","GSE217423",6,16,"nessuno"
"cgroup_L5_3b461817","GSE217423__GSE217423__grp_0002_vs_grp_0001__1","GSE217423",1,16,"solo_trattato"
"cgroup_L5_3b461817","GSE217423__GSE217423__grp_0003_vs_grp_0001__1","GSE217423",5,16,"nessuno"
"cgroup_L5_3b461817","GSE62121__GSE62121__nilotinib_vs_DMSO__1","GSE62121",1,1,"entrambi"
"cgroup_L5_089ccae5","GSE123637__GSE123637__MM.1S_Bortezomib_vs_MM.1S_PBS__1","GSE123637",2,2,"nessuno"
"cgroup_L5_089ccae5","GSE123638__GSE123638__grp_Bortezomib_shPSMD2_vs_grp_DMSO_shPSMD2__1","GSE123638",1,3,"solo_trattato"
"cgroup_L5_089ccae5","GSE123638__GSE123638__grp_Bortezomib_shPSMD2_noDox_vs_grp_DMSO_uninduced_shPSMD2__1","GSE123638",1,3,"solo_trattato"
"cgroup_L5_089ccae5","GSE123638__GSE123638__grp_Bortezomib_Dox_induced_shPSMD2_vs_grp_DMSO_shPSMD2__1","GSE123638",1,3,"solo_trattato"
"cgroup_L5_089ccae5","GSE123638__GSE123638__grp_Bortezomib_uninduced_shPSMD2_vs_grp_DMSO_uninduced_shPSMD2__1","GSE123638",2,3,"nessuno"
"cgroup_L5_089ccae5","GSE136725__GSE136725__grp_0002_vs_grp_0001__1","GSE136725",4,2,"nessuno"
"cgroup_L5_089ccae5","GSE136725__GSE136725__grp_0007_vs_grp_0001__1","GSE136725",5,2,"nessuno"
"cgroup_L5_089ccae5","GSE152816__GSE152816__Bortezomib_1_vs_DMSO__1","GSE152816",1,5,"solo_trattato"
"cgroup_L5_089ccae5","GSE152816__GSE152816__Bortezomib_2_vs_DMSO__1","GSE152816",4,5,"nessuno"
"cgroup_L5_089ccae5","GSE157702__GSE157702__Bortezomib_untreated__1","GSE157702",1,1,"entrambi"
"cgroup_L5_089ccae5","GSE217421__GSE217421__grp_DMSO_1_vs_grp_Bortezomib_1__1","GSE217421",3,9,"nessuno"
"cgroup_L5_089ccae5","GSE217421__GSE217421__grp_DMSO_1_vs_grp_Bortezomib_2__1","GSE217421",4,9,"nessuno"
"cgroup_L5_089ccae5","GSE217421__GSE217421__grp_DMSO_1_vs_grp_Bortezomib_3__1","GSE217421",5,9,"nessuno"
"cgroup_L5_089ccae5","GSE217421__GSE217421__grp_DMSO_1_vs_grp_Bortezomib_4__1","GSE217421",8,9,"nessuno"
"cgroup_L5_089ccae5","GSE217898__GSE217898__PAEC_Bortezomib_24h_vs_PAEC_DMSO_24h__1","GSE217898",1,2,"solo_trattato"
"cgroup_L5_089ccae5","GSE217898__GSE217898__PAEC_Bortezomib_72h_vs_PAEC_DMSO_72h__1","GSE217898",1,2,"solo_trattato"
"cgroup_L5_089ccae5","GSE239482__GSE239482__Bortezomib_vs_Mmock__1","GSE239482",1,1,"entrambi"
"cgroup_L5_5d97d5b1","GSE154339__GSE154339__DCVC_10_uM_6h_SV40_T_antigen_vs_No_Treatment_6h__1","GSE154339",2,4,"nessuno"
"cgroup_L5_5d97d5b1","GSE154339__GSE154339__DCVC_20_uM_6h_SV40_T_antigen_vs_No_Treatment_6h__1","GSE154339",3,4,"nessuno"
"cgroup_L5_5d97d5b1","GSE179987__GSE179987__HHC_treated_vs_HHC_control__1","GSE179987",2,2,"nessuno"
"cgroup_L5_5d97d5b1","GSE229026__GSE229026__grp_0001_vs_grp_0002__1","GSE229026",2,3,"nessuno"
"cgroup_L5_5d97d5b1","GSE229026__GSE229026__grp_0004_vs_grp_0005__1","GSE229026",3,3,"nessuno"
"cgroup_L5_759892f5","GSE179347__GSE179347__grp_0001_vs_grp_0024__1","GSE179347",3,14,"nessuno"
"cgroup_L5_759892f5","GSE179347__GSE179347__grp_0004_vs_grp_0057__1","GSE179347",3,2,"nessuno"
"cgroup_L5_759892f5","GSE179347__GSE179347__SGBS_INSULIN_vs_SGBS_EMEM_medium__1","GSE179347",1,9,"solo_trattato"
"cgroup_L5_759892f5","GSE223248__GSE223248__grp_0002_vs_grp_0001__1","GSE223248",3,3,"nessuno"
"cgroup_L5_759892f5","GSE223248__GSE223248__grp_0003_vs_grp_0001__1","GSE223248",3,3,"nessuno"
"cgroup_L5_759892f5","GSE86430__GSE86430__grp_0010_vs_grp_0001__1","GSE86430",1,1,"entrambi"
"cgroup_L5_759892f5","GSE86430__GSE86430__grp_0011_vs_grp_0004__1","GSE86430",2,1,"solo_controllo"
"cgroup_L5_759892f5","GSE86430__GSE86430__grp_0012_vs_grp_0004__1","GSE86430",1,1,"entrambi"
"cgroup_L5_759892f5","GSE86430__GSE86430__grp_0013_vs_grp_0004__1","GSE86430",4,1,"solo_controllo"
"cgroup_L5_cbc935db","GSE160882__GSE160882__grp_0005_vs_grp_0001__1","GSE160882",1,1,"entrambi"
"cgroup_L5_cbc935db","GSE160882__GSE160882__grp_0006_vs_grp_0004__1","GSE160882",1,1,"entrambi"
"cgroup_L5_cbc935db","GSE160882__GSE160882__grp_0007_vs_grp_0001__1","GSE160882",1,1,"entrambi"
"cgroup_L5_cbc935db","GSE160882__GSE160882__grp_0013_vs_grp_0004__1","GSE160882",2,1,"solo_controllo"
"cgroup_L5_cbc935db","GSE160882__GSE160882__grp_0014_vs_grp_0001__1","GSE160882",1,1,"entrambi"
"cgroup_L5_cbc935db","GSE219065__GSE219065__grp_0003_vs_grp_0001__1","GSE219065",3,2,"nessuno"
"cgroup_L5_cbc935db","GSE219065__GSE219065__grp_0005_vs_grp_0004__1","GSE219065",2,2,"nessuno"
"cgroup_L5_cbc935db","GSE219065__GSE219065__grp_0006_vs_grp_0004__1","GSE219065",1,2,"solo_trattato"
"cgroup_L5_cbc935db","GSE256159__GSE256159__grp_hct116_belinostat_sync_vs_grp_hct116_ctrl__1","GSE256159",2,1,"solo_controllo"
"cgroup_L5_cbc935db","GSE266620__GSE266620__grp_0003_vs_grp_0002__1","GSE266620",1,2,"solo_trattato"
"cgroup_L5_cbc935db","GSE266620__GSE266620__grp_0006_vs_grp_0002__1","GSE266620",1,2,"solo_trattato"
"cgroup_L5_cbc935db","GSE96649__GSE96649__grp_0008_vs_grp_0005__1","GSE96649",1,2,"solo_trattato"
"cgroup_L5_cbc935db","GSE96649__GSE96649__grp_0009_vs_grp_0005__1","GSE96649",1,2,"solo_trattato"
"cgroup_L5_cbc935db","GSE96649__GSE96649__grp_0010_vs_grp_0005__1","GSE96649",1,2,"solo_trattato"
"cgroup_L5_d2c64672","GSE132053__GSE132053__grp_0010_vs_grp_0009__1","GSE132053",1,3,"solo_trattato"
"cgroup_L5_d2c64672","GSE132053__GSE132053__grp_0011_vs_grp_0009__1","GSE132053",1,3,"solo_trattato"
"cgroup_L5_d2c64672","GSE132053__GSE132053__grp_0012_vs_grp_0009__1","GSE132053",1,3,"solo_trattato"
"cgroup_L5_d2c64672","GSE148069__GSE148069__grp_H9_romidepsin_1nM_vs_grp_H9_vehicle__1","GSE148069",1,1,"entrambi"
"cgroup_L5_d2c64672","GSE148069__GSE148069__grp_HH_romidepsin_1nM_vs_grp_HH_untreated__1","GSE148069",1,1,"entrambi"
"cgroup_L5_d2c64672","GSE155452__GSE155452__grp_0006_vs_grp_0003__1","GSE155452",3,2,"nessuno"
"cgroup_L5_d2c64672","GSE214721__GSE214721__romidepsin_vs_DMSO__1","GSE214721",2,3,"nessuno"
"cgroup_L5_d2c64672","GSE219065__GSE219065__grp_0002_vs_grp_0001__1","GSE219065",3,2,"nessuno"
"cgroup_L5_d2c64672","GSE219065__GSE219065__grp_0007_vs_grp_0004__1","GSE219065",1,2,"solo_trattato"
"cgroup_L5_d2c64672","GSE219065__GSE219065__grp_0008_vs_grp_0004__1","GSE219065",1,2,"solo_trattato"
"cgroup_L5_d2c64672","GSE219065__GSE219065__grp_0009_vs_grp_0004__1","GSE219065",1,2,"solo_trattato"
"cgroup_L5_d2c64672","GSE223758__GSE223758__grp_0001_vs_grp_0015__1","GSE223758",1,1,"entrambi"
"cgroup_L5_d2c64672","GSE223758__GSE223758__grp_0002_vs_grp_0016__1","GSE223758",1,4,"solo_trattato"
"cgroup_L5_d2c64672","GSE223758__GSE223758__grp_0008_vs_grp_0007__1","GSE223758",4,2,"nessuno"
"cgroup_L5_d2c64672","GSE223758__GSE223758__grp_0011_vs_grp_0007__1","GSE223758",4,2,"nessuno"
"cgroup_L5_d2c64672","GSE223758__GSE223758__grp_0013_vs_grp_0012__1","GSE223758",1,6,"solo_trattato"
"cgroup_L5_d2c64672","GSE223758__GSE223758__grp_0013_vs_grp_0014__1","GSE223758",1,6,"solo_trattato"
"cgroup_L5_d2c64672","GSE223758__GSE223758__grp_0002_vs_grp_0020__1","GSE223758",1,4,"solo_trattato"
"cgroup_L5_d2c64672","GSE223758__GSE223758__grp_0002_vs_grp_0024__1","GSE223758",1,4,"solo_trattato"
"cgroup_L5_d2c64672","GSE223758__GSE223758__grp_0003_vs_grp_0025__1","GSE223758",1,1,"entrambi"
"cgroup_L5_d2c64672","GSE223758__GSE223758__grp_0002_vs_grp_0026__1","GSE223758",1,4,"solo_trattato"
"cgroup_L5_a4029927","GSE146096__GSE146096__grp_afatinib_50nM_vs_grp_vehicle__1","GSE146096",1,102,"solo_trattato"
"cgroup_L5_a4029927","GSE146096__GSE146096__grp_afatinib_50nM_2_vs_grp_vehicle__1","GSE146096",1,102,"solo_trattato"
"cgroup_L5_a4029927","GSE146096__GSE146096__grp_afatinib_50nM_3_vs_grp_vehicle__1","GSE146096",2,102,"nessuno"
"cgroup_L5_a4029927","GSE146096__GSE146096__grp_afatinib_50nM_4_vs_grp_vehicle__1","GSE146096",12,102,"nessuno"
"cgroup_L5_a4029927","GSE162285__GSE162285__grp_0006_vs_grp_0004__1","GSE162285",3,2,"nessuno"
"cgroup_L5_a4029927","GSE186341__GSE186341__Afatinib_vs_DMSO__1","GSE186341",1,17,"solo_trattato"
"cgroup_L5_a4029927","GSE186341__GSE186341__Afatinib_vs_DMSO__2","GSE186341",1,48,"solo_trattato"
"cgroup_L5_a4029927","GSE186341__GSE186341__Afatinib_vs_DMSO__3","GSE186341",1,48,"solo_trattato"
"cgroup_L5_a4029927","GSE186341__GSE186341__grp_0150_vs_grp_0135__1","GSE186341",1,47,"solo_trattato"
"cgroup_L5_a4029927","GSE186341__GSE186341__grp_0155_vs_grp_0135__1","GSE186341",1,47,"solo_trattato"
"cgroup_L5_a4029927","GSE186341__GSE186341__Afatinib_vs_DMSO__4","GSE186341",2,9,"nessuno"
"cgroup_L5_a4029927","GSE186341__GSE186341__grp_049_vs_grp_052__1","GSE186341",1,26,"solo_trattato"
"cgroup_L5_a4029927","GSE186341__GSE186341__grp_050_vs_grp_052__1","GSE186341",1,26,"solo_trattato"
"cgroup_L5_a4029927","GSE186341__GSE186341__HSTS_Afatinib_vs_HSTS_DMSO__1","GSE186341",1,27,"solo_trattato"
"cgroup_L5_a4029927","GSE186341__GSE186341__LNCaP_Afatinib_vs_LNCaP_DMSO__1","GSE186341",1,23,"solo_trattato"
"cgroup_L5_a4029927","GSE186341__GSE186341__NCI-H1793_Afatinib_vs_NCI-H1793_DMSO__1","GSE186341",2,22,"nessuno"
"cgroup_L5_a4029927","GSE186341__GSE186341__grp_0054_vs_grp_0019__1","GSE186341",1,3,"solo_trattato"
"cgroup_L5_a4029927","GSE186341__GSE186341__grp_004_vs_grp_013__1","GSE186341",1,14,"solo_trattato"
"cgroup_L5_a4029927","GSE186341__GSE186341__grp_057_vs_grp_022__1","GSE186341",1,1,"entrambi"
"cgroup_L5_a4029927","GSE217421__GSE217421__grp_DMSO_1_vs_grp_Afatinib_1__1","GSE217421",1,9,"solo_trattato"
"cgroup_L5_a4029927","GSE217421__GSE217421__grp_DMSO_1_vs_grp_Afatinib_2__1","GSE217421",2,9,"nessuno"
"cgroup_L5_a4029927","GSE217421__GSE217421__grp_DMSO_1_vs_grp_Afatinib_3__1","GSE217421",2,9,"nessuno"
"cgroup_L5_a4029927","GSE217421__GSE217421__grp_Afatinib_1_vs_grp_DMSO_1__1","GSE217421",1,9,"solo_trattato"
"cgroup_L5_83b1f88c","GSE186341__GSE186341__Neratinib_vs_DMSO__1","GSE186341",2,17,"nessuno"
"cgroup_L5_83b1f88c","GSE186341__GSE186341__Neratinib_vs_DMSO__2","GSE186341",1,48,"solo_trattato"
"cgroup_L5_83b1f88c","GSE186341__GSE186341__Neratinib_vs_DMSO__3","GSE186341",1,48,"solo_trattato"
"cgroup_L5_83b1f88c","GSE186341__GSE186341__grp_0119_vs_grp_0135__1","GSE186341",2,47,"nessuno"
"cgroup_L5_83b1f88c","GSE186341__GSE186341__Neratinib_vs_DMSO__4","GSE186341",1,9,"solo_trattato"
"cgroup_L5_83b1f88c","GSE186341__GSE186341__Neratinib_vs_DMSO__5","GSE186341",1,9,"solo_trattato"
"cgroup_L5_83b1f88c","GSE186341__GSE186341__grp_021_vs_grp_052__1","GSE186341",2,26,"nessuno"
"cgroup_L5_83b1f88c","GSE186341__GSE186341__grp_055_vs_grp_053__1","GSE186341",1,36,"solo_trattato"
"cgroup_L5_83b1f88c","GSE186341__GSE186341__HSTS_Neratinib_vs_HSTS_DMSO__1","GSE186341",1,27,"solo_trattato"
"cgroup_L5_83b1f88c","GSE186341__GSE186341__grp_005_vs_grp_022__1","GSE186341",2,35,"nessuno"
"cgroup_L5_83b1f88c","GSE186341__GSE186341__grp_049_vs_grp_034__1","GSE186341",1,40,"solo_trattato"
"cgroup_L5_83b1f88c","GSE186341__GSE186341__LNCaP_Neratinib_vs_LNCaP_DMSO__1","GSE186341",1,23,"solo_trattato"
"cgroup_L5_83b1f88c","GSE186341__GSE186341__NCI-H1793_Neratinib_vs_NCI-H1793_DMSO__1","GSE186341",2,22,"nessuno"
"cgroup_L5_83b1f88c","GSE186341__GSE186341__grp_0027_vs_grp_0019__1","GSE186341",1,3,"solo_trattato"
"cgroup_L5_83b1f88c","GSE186341__GSE186341__grp_0037_vs_grp_0019__1","GSE186341",1,3,"solo_trattato"
"cgroup_L5_83b1f88c","GSE186341__GSE186341__grp_027_vs_grp_022__1","GSE186341",2,1,"solo_controllo"
"cgroup_L5_83b1f88c","GSE188958__GSE188958__SF268_neratinib_6hr_vs_SF268_untreated__1","GSE188958",2,2,"nessuno"
"cgroup_L5_83b1f88c","GSE188958__GSE188958__SF268_neratinib_72hr_vs_SF268_untreated__1","GSE188958",2,2,"nessuno"
"cgroup_L5_83b1f88c","GSE188958__GSE188958__TS895_neratinib_3hr_vs_TS895_vehicle_3hr__1","GSE188958",1,1,"entrambi"
"cgroup_L5_83b1f88c","GSE249573__GSE249573__BM3_Neratinib_Monoculture_vs_BM3_DMSO_Monoculture__1","GSE249573",2,4,"nessuno"
"cgroup_L5_83b1f88c","GSE249573__GSE249573__BM3_Neratinib_Coculture_vs_BM3_DMSO_Coculture__1","GSE249573",1,1,"entrambi"
"cgroup_L5_83b1f88c","GSE249573__GSE249573__HCC1954_Neratinib_Monoculture_vs_HCC1954_DMSO_Monoculture__1","GSE249573",2,2,"nessuno"
"cgroup_L5_83b1f88c","GSE249573__GSE249573__HCC1954_Neratinib_Coculture_vs_HCC1954_DMSO_Coculture__1","GSE249573",1,1,"entrambi"
"cgroup_L5_83b1f88c","GSE249573__GSE249573__MDA-MB-453_Neratinib_Monoculture_vs_MDA-MB-453_DMSO_Monoculture__1","GSE249573",2,4,"nessuno"
"cgroup_L5_83b1f88c","GSE249573__GSE249573__MDA-MB-453_Neratinib_Coculture_vs_MDA-MB-453_DMSO_Coculture__1","GSE249573",2,6,"nessuno"
"cgroup_L5_03b38818","GSE104869__GSE104869__Vemurafenib_vs_DMSO__1","GSE104869",2,2,"nessuno"
"cgroup_L5_03b38818","GSE110054__GSE110054__grp_0002_vs_grp_0001__1","GSE110054",1,1,"entrambi"
"cgroup_L5_03b38818","GSE110054__GSE110054__grp_0003_vs_grp_0001__1","GSE110054",1,1,"entrambi"
"cgroup_L5_03b38818","GSE110054__GSE110054__grp_0004_vs_grp_0001__1","GSE110054",1,1,"entrambi"
"cgroup_L5_03b38818","GSE110054__GSE110054__grp_0005_vs_grp_0001__1","GSE110054",1,1,"entrambi"
"cgroup_L5_03b38818","GSE110054__GSE110054__grp_0007_vs_grp_0006__1","GSE110054",1,1,"entrambi"
"cgroup_L5_03b38818","GSE110054__GSE110054__grp_0008_vs_grp_0006__1","GSE110054",1,1,"entrambi"
"cgroup_L5_03b38818","GSE110054__GSE110054__grp_0009_vs_grp_0006__1","GSE110054",1,1,"entrambi"
"cgroup_L5_03b38818","GSE110054__GSE110054__grp_0010_vs_grp_0006__1","GSE110054",1,1,"entrambi"
"cgroup_L5_03b38818","GSE121117__GSE121117__grp_0002_vs_grp_0001__1","GSE121117",1,1,"entrambi"
"cgroup_L5_03b38818","GSE121117__GSE121117__grp_0004_vs_grp_0003__1","GSE121117",1,1,"entrambi"
"cgroup_L5_03b38818","GSE121117__GSE121117__grp_0006_vs_grp_0005__1","GSE121117",1,1,"entrambi"
"cgroup_L5_03b38818","GSE126960__GSE126960__grp_0001_vs_grp_0002__1","GSE126960",1,1,"entrambi"
"cgroup_L5_03b38818","GSE137309__GSE137309__PLX4032_vs_Control__1","GSE137309",15,1,"solo_controllo"
"cgroup_L5_03b38818","GSE137309__GSE137309__PLX4032_vs_DMSO__1","GSE137309",15,1,"solo_controllo"
"cgroup_L5_03b38818","GSE145990__GSE145990__Vemurafenib_vs_DMSO__1","GSE145990",1,3,"solo_trattato"
"cgroup_L5_03b38818","GSE145990__GSE145990__Vemurafenib_vs_DMSO__2","GSE145990",2,3,"nessuno"
"cgroup_L5_03b38818","GSE146096__GSE146096__Vemurafenib_2uM_48h_vs_Vehicle_Control__1","GSE146096",10,102,"nessuno"
"cgroup_L5_03b38818","GSE146096__GSE146096__grp_vemurafenib_2uM_vs_grp_vehicle__1","GSE146096",4,102,"nessuno"
"cgroup_L5_03b38818","GSE146096__GSE146096__grp_vemurafenib_2uM_2_vs_grp_vehicle__1","GSE146096",2,102,"nessuno"
"cgroup_L5_03b38818","GSE152699__GSE152699__A375s_Vemurafenib_vs_A375s_untreated__1","GSE152699",3,2,"nessuno"
"cgroup_L5_03b38818","GSE152699__GSE152699__M14_Vemurafenib_vs_M14_untreated__1","GSE152699",1,3,"solo_trattato"
"cgroup_L5_03b38818","GSE158119__GSE158119__grp_0006_vs_grp_0007__1","GSE158119",1,2,"solo_trattato"
"cgroup_L5_03b38818","GSE188469__GSE188469__Vemurafenib_4h_vs_DMSO_4h__1","GSE188469",1,4,"solo_trattato"
"cgroup_L5_03b38818","GSE188469__GSE188469__Vemurafenib_8h_vs_DMSO_8h__1","GSE188469",2,4,"nessuno"
"cgroup_L5_03b38818","GSE188469__GSE188469__Vemurafenib_18h_vs_DMSO_18h__1","GSE188469",3,1,"solo_controllo"
"cgroup_L5_03b38818","GSE199800__GSE199800__Vemurafenib_vs_DMSO__1","GSE199800",1,3,"solo_trattato"
"cgroup_L5_03b38818","GSE203545__GSE203545__A375_vemurafenib_vs_A375_untreated__1","GSE203545",1,1,"entrambi"
"cgroup_L5_03b38818","GSE209769__GSE209769__grp_0001_vs_grp_0003__1","GSE209769",1,3,"solo_trattato"
"cgroup_L5_03b38818","GSE209769__GSE209769__grp_0002_vs_grp_0003__1","GSE209769",1,3,"solo_trattato"
"cgroup_L5_03b38818","GSE209769__GSE209769__grp_0005_vs_grp_0003__1","GSE209769",1,3,"solo_trattato"
"cgroup_L5_03b38818","GSE217421__GSE217421__grp_Vemurafenib_1_vs_grp_DMSO_1__1","GSE217421",3,9,"nessuno"
"cgroup_L5_03b38818","GSE217421__GSE217421__grp_Vemurafenib_2_vs_grp_DMSO_1__1","GSE217421",1,9,"solo_trattato"
"cgroup_L5_03b38818","GSE217421__GSE217421__grp_Vemurafenib_3_vs_grp_DMSO_1__1","GSE217421",1,9,"solo_trattato"
"cgroup_L5_03b38818","GSE217421__GSE217421__grp_Vemurafenib_4_vs_grp_DMSO_1__1","GSE217421",1,9,"solo_trattato"
"cgroup_L5_03b38818","GSE217421__GSE217421__grp_Vemurafenib_5_vs_grp_DMSO_1__1","GSE217421",1,9,"solo_trattato"
"cgroup_L5_03b38818","GSE217421__GSE217421__grp_Vemurafenib_6_vs_grp_DMSO_1__1","GSE217421",3,9,"nessuno"
"cgroup_L5_03b38818","GSE217421__GSE217421__grp_Vemurafenib_7_vs_grp_DMSO_1__1","GSE217421",1,9,"solo_trattato"
"cgroup_L5_03b38818","GSE217421__GSE217421__grp_Vemurafenib_8_vs_grp_DMSO_1__1","GSE217421",1,9,"solo_trattato"
"cgroup_L5_03b38818","GSE217421__GSE217421__grp_DMSO_2_vs_grp_Vemurafenib_1__1","GSE217421",1,54,"solo_trattato"
"cgroup_L5_03b38818","GSE217421__GSE217421__grp_DMSO_1_vs_grp_Vemurafenib_2__1","GSE217421",1,9,"solo_trattato"
"cgroup_L5_03b38818","GSE217421__GSE217421__grp_DMSO_1_vs_grp_Vemurafenib_3__1","GSE217421",1,9,"solo_trattato"
"cgroup_L5_03b38818","GSE217421__GSE217421__grp_DMSO_1_vs_grp_Vemurafenib_4__1","GSE217421",2,9,"nessuno"
"cgroup_L5_03b38818","GSE217421__GSE217421__grp_DMSO_2_vs_grp_Vemurafenib_5__1","GSE217421",1,54,"solo_trattato"
"cgroup_L5_03b38818","GSE217423__GSE217423__Vemurafenib_2uM_48h_vs_DMSO__1","GSE217423",6,16,"nessuno"
"cgroup_L5_03b38818","GSE217423__GSE217423__grp_0005_vs_grp_0001__1","GSE217423",1,16,"solo_trattato"
"cgroup_L5_03b38818","GSE64741__GSE64741__grp_A375_0.1uM_48h_vs_grp_A375_vehicle__1","GSE64741",1,3,"solo_trattato"
"cgroup_L5_03b38818","GSE64741__GSE64741__grp_A375_0.1uM_6h_vs_grp_A375_vehicle__1","GSE64741",1,3,"solo_trattato"
"cgroup_L5_03b38818","GSE64741__GSE64741__grp_A375_0.1uM_6h_2_vs_grp_A375_vehicle__1","GSE64741",1,3,"solo_trattato"
"cgroup_L5_03b38818","GSE64741__GSE64741__grp_A375_0.1uM_48h_2_vs_grp_A375_vehicle__1","GSE64741",2,3,"nessuno"
"cgroup_L5_03b38818","GSE64741__GSE64741__grp_A375R_75mgkg_10doses_vs_grp_A375R_vehicle__1","GSE64741",4,6,"nessuno"
"cgroup_L5_03b38818","GSE64741__GSE64741__grp_A375R_75mgkg_10doses_2_vs_grp_A375R_vehicle__1","GSE64741",2,6,"nessuno"
"cgroup_L5_03b38818","GSE64741__GSE64741__grp_A375_0.1uM_6h_3_vs_grp_A375_vehicle__1","GSE64741",1,3,"solo_trattato"
"cgroup_L5_03b38818","GSE64741__GSE64741__grp_A375_75mgkg_10doses_vs_grp_A375_vehicle_xenograft__1","GSE64741",1,4,"solo_trattato"
"cgroup_L5_03b38818","GSE64741__GSE64741__grp_A375_75mgkg_10doses_2_vs_grp_A375_vehicle_xenograft__1","GSE64741",1,4,"solo_trattato"
"cgroup_L5_03b38818","GSE64741__GSE64741__grp_A375_75mgkg_10doses_3_vs_grp_A375_vehicle_xenograft__1","GSE64741",1,4,"solo_trattato"
"cgroup_L5_03b38818","GSE64741__GSE64741__grp_A375_75mgkg_10doses_4_vs_grp_A375_vehicle_xenograft__1","GSE64741",1,4,"solo_trattato"
"cgroup_L5_03b38818","GSE64741__GSE64741__grp_UACC62_1uM_48h_vs_grp_UACC62_vehicle__1","GSE64741",2,2,"nessuno"
"cgroup_L5_03b38818","GSE66539__GSE66539__grp_0001_vs_grp_0003__1","GSE66539",1,3,"solo_trattato"
"cgroup_L5_03b38818","GSE66539__GSE66539__grp_0002_vs_grp_0003__1","GSE66539",2,3,"nessuno"
"cgroup_L5_03b38818","GSE73737__GSE73737__grp_0001_vs_grp_0002__1","GSE73737",1,1,"entrambi"
"cgroup_L5_03b38818","GSE73737__GSE73737__grp_0003_vs_grp_0002__1","GSE73737",2,1,"solo_controllo"
"cgroup_L5_03b38818","GSE80313__GSE80313__grp_0006_vs_grp_0002__1","GSE80313",1,1,"entrambi"
"cgroup_L5_03b38818","GSE89127__GSE89127__grp_A375_Vemurafenib_1uM_48h_vs_grp_A375_DMSO_0.1pct_48h__1","GSE89127",1,3,"solo_trattato"
"cgroup_L5_f97e50de","GSE124450__GSE124450__grp_0002_vs_grp_0001__1","GSE124450",3,3,"nessuno"
"cgroup_L5_f97e50de","GSE146096__GSE146096__Crizotinib_0.25uM_48h_vs_Vehicle_Control__1","GSE146096",19,102,"nessuno"
"cgroup_L5_f97e50de","GSE173306__GSE173306__COST_crizotinib_vs_COST_untreated__1","GSE173306",1,1,"entrambi"
"cgroup_L5_f97e50de","GSE173306__GSE173306__DEL_crizotinib_vs_DEL_untreated__1","GSE173306",1,1,"entrambi"
"cgroup_L5_f97e50de","GSE173306__GSE173306__JB6_crizotinib_vs_JB6_untreated__1","GSE173306",1,1,"entrambi"
"cgroup_L5_f97e50de","GSE173306__GSE173306__KARPAS_crizotinib_vs_KARPAS_untreated__1","GSE173306",1,1,"entrambi"
"cgroup_L5_f97e50de","GSE173306__GSE173306__SR786_crizotinib_vs_SR786_untreated__1","GSE173306",1,1,"entrambi"
"cgroup_L5_f97e50de","GSE173306__GSE173306__SUPM2_crizotinib_vs_SUPM2_untreated__1","GSE173306",1,1,"entrambi"
"cgroup_L5_f97e50de","GSE173306__GSE173306__TS_crizotinib_vs_TS_untreated__1","GSE173306",1,1,"entrambi"
"cgroup_L5_f97e50de","GSE186341__GSE186341__Crizotinib_vs_DMSO__1","GSE186341",2,17,"nessuno"
"cgroup_L5_f97e50de","GSE186341__GSE186341__Crizotinib_vs_DMSO__2","GSE186341",1,48,"solo_trattato"
"cgroup_L5_f97e50de","GSE186341__GSE186341__Crizotinib_vs_DMSO__3","GSE186341",1,48,"solo_trattato"
"cgroup_L5_f97e50de","GSE186341__GSE186341__Crizotinib_vs_DMSO__4","GSE186341",1,9,"solo_trattato"
"cgroup_L5_f97e50de","GSE186341__GSE186341__Crizotinib_vs_DMSO__5","GSE186341",1,9,"solo_trattato"
"cgroup_L5_f97e50de","GSE186341__GSE186341__grp_047_vs_grp_052__1","GSE186341",2,26,"nessuno"
"cgroup_L5_f97e50de","GSE186341__GSE186341__HSTS_Crizotinib_vs_HSTS_DMSO__1","GSE186341",1,27,"solo_trattato"
"cgroup_L5_f97e50de","GSE186341__GSE186341__grp_018_vs_grp_022__1","GSE186341",1,35,"solo_trattato"
"cgroup_L5_f97e50de","GSE186341__GSE186341__grp_026_vs_grp_034__1","GSE186341",1,40,"solo_trattato"
"cgroup_L5_f97e50de","GSE186341__GSE186341__LNCaP_Crizotinib_vs_LNCaP_DMSO__1","GSE186341",1,23,"solo_trattato"
"cgroup_L5_f97e50de","GSE186341__GSE186341__NCI-H1793_Crizotinib_vs_NCI-H1793_DMSO__1","GSE186341",2,22,"nessuno"
"cgroup_L5_f97e50de","GSE186341__GSE186341__grp_0018_vs_grp_0019__1","GSE186341",2,3,"nessuno"
"cgroup_L5_f97e50de","GSE186341__GSE186341__grp_048_vs_grp_022__1","GSE186341",1,1,"entrambi"
"cgroup_L5_f97e50de","GSE186341__GSE186341__grp_051_vs_grp_022__1","GSE186341",1,1,"entrambi"
"cgroup_L5_f97e50de","GSE214715__GSE214715__CUTO28_crizotinib_vs_CUTO28_none__1","GSE214715",2,3,"nessuno"
"cgroup_L5_f97e50de","GSE214715__GSE214715__CUTO37_crizotinib_vs_CUTO37_none__1","GSE214715",2,3,"nessuno"
"cgroup_L5_f97e50de","GSE217421__GSE217421__grp_DMSO_1_vs_grp_Crizotinib_1__1","GSE217421",4,9,"nessuno"
"cgroup_L5_f97e50de","GSE217421__GSE217421__grp_DMSO_1_vs_grp_Crizotinib_2__1","GSE217421",11,9,"nessuno"
"cgroup_L5_f97e50de","GSE217421__GSE217421__grp_DMSO_1_vs_grp_Crizotinib_3__1","GSE217421",3,9,"nessuno"
"cgroup_L5_f97e50de","GSE217423__GSE217423__grp_0004_vs_grp_0001__1","GSE217423",1,16,"solo_trattato"
"cgroup_L5_f97e50de","GSE239666__GSE239666__grp_0005_vs_grp_0004__1","GSE239666",1,3,"solo_trattato"
"cgroup_L5_f97e50de","GSE239666__GSE239666__grp_0006_vs_grp_0004__1","GSE239666",6,3,"nessuno"
"cgroup_L5_f97e50de","GSE239666__GSE239666__grp_0007_vs_grp_0004__1","GSE239666",2,3,"nessuno"
"cgroup_L5_f97e50de","GSE239844__GSE239844__CUTO23_crizotinib_vs_CUTO23_DMSO__1","GSE239844",3,3,"nessuno"
"cgroup_L5_f97e50de","GSE239844__GSE239844__CUTO27_crizotinib_vs_CUTO27_DMSO__1","GSE239844",3,3,"nessuno"
"cgroup_L5_f97e50de","GSE239844__GSE239844__CUTO28_crizotinib_vs_CUTO28_DMSO__1","GSE239844",3,3,"nessuno"
"cgroup_L5_f97e50de","GSE239844__GSE239844__CUTO33_crizotinib_vs_CUTO33_DMSO__1","GSE239844",3,3,"nessuno"
"cgroup_L5_f97e50de","GSE239844__GSE239844__CUTO37_crizotinib_vs_CUTO37_DMSO__1","GSE239844",3,3,"nessuno"
"cgroup_L5_f97e50de","GSE239844__GSE239844__CUTO38_crizotinib_vs_CUTO38_DMSO__1","GSE239844",3,3,"nessuno"
"cgroup_L5_f97e50de","GSE239844__GSE239844__HCC78_crizotinib_vs_HCC78_DMSO__1","GSE239844",3,3,"nessuno"
"cgroup_L5_f97e50de","GSE64741__GSE64741__grp_H3122_300nM_48h_vs_grp_H3122_vehicle__1","GSE64741",1,2,"solo_trattato"
"cgroup_L5_f97e50de","GSE64741__GSE64741__grp_H3122_300nM_48h_2_vs_grp_H3122_vehicle__1","GSE64741",1,2,"solo_trattato"
"cgroup_L5_f97e50de","GSE89127__GSE89127__grp_H3122_Crizotinib_250nM_48h_vs_grp_H3122_DMSO_0.1pct_48h__1","GSE89127",3,3,"nessuno"
"cgroup_L5_92f4f307","GSE179347__GSE179347__grp_0001_vs_grp_0021__1","GSE179347",1,14,"solo_trattato"
"cgroup_L5_92f4f307","GSE179347__GSE179347__grp_0001_vs_grp_0022__1","GSE179347",1,14,"solo_trattato"
"cgroup_L5_92f4f307","GSE179347__GSE179347__grp_0001_vs_grp_0023__1","GSE179347",1,14,"solo_trattato"
"cgroup_L5_92f4f307","GSE179347__GSE179347__grp_0004_vs_grp_0058__1","GSE179347",3,2,"nessuno"
"cgroup_L5_92f4f307","GSE179347__GSE179347__SGBS_ISOPRENALINE_vs_SGBS_EMEM_medium__1","GSE179347",3,9,"nessuno"
"cgroup_L5_92f4f307","GSE217421__GSE217421__grp_Isoproterenol_1_vs_grp_DMSO_1__1","GSE217421",14,9,"nessuno"
"cgroup_L5_92f4f307","GSE217421__GSE217421__grp_Isoproterenol_2_vs_grp_DMSO_1__1","GSE217421",4,9,"nessuno"
"cgroup_L5_92f4f307","GSE217423__GSE217423__Isoproterenol_2uM_48h_vs_DMSO__1","GSE217423",8,16,"nessuno"
"cgroup_L5_5927750b","GSE184029__GSE184029__grp_CAPAN-2_Carfilzomib_vs_grp_CAPAN-2_DMSO__1","GSE184029",1,3,"solo_trattato"
"cgroup_L5_5927750b","GSE184029__GSE184029__grp_DLD-1_Carfilzomib_vs_grp_DLD-1_DMSO__1","GSE184029",3,3,"nessuno"
"cgroup_L5_5927750b","GSE184029__GSE184029__grp_H-1299_Carfilzomib_vs_grp_H-1299_DMSO__1","GSE184029",3,3,"nessuno"
"cgroup_L5_5927750b","GSE184029__GSE184029__grp_H-23_Carfilzomib_vs_grp_H-23_DMSO__1","GSE184029",2,3,"nessuno"
"cgroup_L5_5927750b","GSE184029__GSE184029__grp_PANC-1_Carfilzomib_vs_grp_PANC-1_DMSO__1","GSE184029",1,3,"solo_trattato"
"cgroup_L5_5927750b","GSE184029__GSE184029__grp_RPMI_Carfilzomib_vs_grp_RPMI_DMSO__1","GSE184029",1,3,"solo_trattato"
"cgroup_L5_5927750b","GSE217421__GSE217421__grp_DMSO_1_vs_grp_Carfilzomib_1__1","GSE217421",1,9,"solo_trattato"
"cgroup_L5_5927750b","GSE217421__GSE217421__grp_DMSO_1_vs_grp_Carfilzomib_2__1","GSE217421",1,9,"solo_trattato"
"cgroup_L5_5927750b","GSE217421__GSE217421__grp_DMSO_1_vs_grp_Carfilzomib_3__1","GSE217421",16,9,"nessuno"
"cgroup_L5_5927750b","GSE217421__GSE217421__grp_DMSO_1_vs_grp_Carfilzomib_4__1","GSE217421",4,9,"nessuno"
"cgroup_L5_5927750b","GSE217898__GSE217898__PAEC_Carfilzomib_24h_vs_PAEC_DMSO_24h__1","GSE217898",1,2,"solo_trattato"
"cgroup_L5_5927750b","GSE217898__GSE217898__PAEC_Carfilzomib_72h_vs_PAEC_DMSO_72h__1","GSE217898",2,2,"nessuno"
"cgroup_L5_5927750b","GSE266011__GSE266011__grp_0015_vs_grp_0005__1","GSE266011",1,4,"solo_trattato"
"cgroup_L5_5927750b","GSE266011__GSE266011__grp_0016_vs_grp_0004__1","GSE266011",3,3,"nessuno"
"cgroup_L5_5927750b","GSE266011__GSE266011__grp_0017_vs_grp_0005__1","GSE266011",1,4,"solo_trattato"
"cgroup_L5_5927750b","GSE266011__GSE266011__grp_0018_vs_grp_0005__1","GSE266011",1,4,"solo_trattato"
"cgroup_L5_b80b0368","GSE134045__GSE134045__grp_0007_vs_grp_0004__1","GSE134045",1,3,"solo_trattato"
"cgroup_L5_b80b0368","GSE209824__GSE209824__grp_0002_vs_grp_0001__1","GSE209824",1,1,"entrambi"
"cgroup_L5_b80b0368","GSE209824__GSE209824__grp_0004_vs_grp_0003__1","GSE209824",1,1,"entrambi"
"cgroup_L5_b80b0368","GSE209824__GSE209824__grp_0006_vs_grp_0005__1","GSE209824",1,1,"entrambi"
"cgroup_L5_b80b0368","GSE252740__GSE252740__grp_0008_vs_grp_0005__1","GSE252740",3,2,"nessuno"
"cgroup_L5_523e64b9","GSE161283__GSE161283__grp_0003_vs_grp_0004__1","GSE161283",1,2,"solo_trattato"
"cgroup_L5_523e64b9","GSE161283__GSE161283__grp_0005_vs_grp_0004__1","GSE161283",1,2,"solo_trattato"
"cgroup_L5_523e64b9","GSE161283__GSE161283__grp_0006_vs_grp_0004__1","GSE161283",1,2,"solo_trattato"
"cgroup_L5_523e64b9","GSE161283__GSE161283__grp_0007_vs_grp_0004__1","GSE161283",1,2,"solo_trattato"
"cgroup_L5_523e64b9","GSE161283__GSE161283__grp_0010_vs_grp_0004__1","GSE161283",2,2,"nessuno"
"cgroup_L5_523e64b9","GSE184427__GSE184427__LuCaP_147_MK2206_vs_LuCaP_147_PBS__1","GSE184427",2,2,"nessuno"
"cgroup_L5_523e64b9","GSE184427__GSE184427__LuCaP_73_MK2206_vs_LuCaP_73_PBS__1","GSE184427",2,2,"nessuno"
"cgroup_L5_523e64b9","GSE184427__GSE184427__LuCaP_78_PBS_vs_LuCaP_78_MK2206__1","GSE184427",2,2,"nessuno"
"cgroup_L5_523e64b9","GSE184427__GSE184427__LuCaP_81_PBS_vs_LuCaP_81_MK2206__1","GSE184427",2,2,"nessuno"
"cgroup_L5_523e64b9","GSE186341__GSE186341__MK2206_vs_DMSO__1","GSE186341",1,17,"solo_trattato"
"cgroup_L5_523e64b9","GSE186341__GSE186341__MK2206_vs_DMSO__2","GSE186341",1,48,"solo_trattato"
"cgroup_L5_523e64b9","GSE186341__GSE186341__MK2206_vs_DMSO__3","GSE186341",1,48,"solo_trattato"
"cgroup_L5_523e64b9","GSE186341__GSE186341__grp_0144_vs_grp_0135__1","GSE186341",1,47,"solo_trattato"
"cgroup_L5_523e64b9","GSE186341__GSE186341__grp_0146_vs_grp_0135__1","GSE186341",1,47,"solo_trattato"
"cgroup_L5_523e64b9","GSE186341__GSE186341__MK2206_vs_DMSO__4","GSE186341",1,9,"solo_trattato"
"cgroup_L5_523e64b9","GSE186341__GSE186341__MK2206_vs_DMSO__5","GSE186341",1,9,"solo_trattato"
"cgroup_L5_523e64b9","GSE186341__GSE186341__grp_020_vs_grp_052__1","GSE186341",2,26,"nessuno"
"cgroup_L5_523e64b9","GSE186341__GSE186341__HSTS_MK2206_vs_HSTS_DMSO__1","GSE186341",1,27,"solo_trattato"
"cgroup_L5_523e64b9","GSE186341__GSE186341__grp_004_vs_grp_022__1","GSE186341",2,35,"nessuno"
"cgroup_L5_523e64b9","GSE186341__GSE186341__grp_040_vs_grp_034__1","GSE186341",1,40,"solo_trattato"
"cgroup_L5_523e64b9","GSE186341__GSE186341__grp_041_vs_grp_034__1","GSE186341",1,40,"solo_trattato"
"cgroup_L5_523e64b9","GSE186341__GSE186341__NCI-H1793_MK2206_vs_NCI-H1793_DMSO__1","GSE186341",2,22,"nessuno"
"cgroup_L5_523e64b9","GSE186341__GSE186341__grp_0026_vs_grp_0019__1","GSE186341",1,3,"solo_trattato"
"cgroup_L5_523e64b9","GSE186341__GSE186341__grp_0052_vs_grp_0019__1","GSE186341",1,3,"solo_trattato"
"cgroup_L5_523e64b9","GSE186341__GSE186341__grp_031_vs_grp_022__1","GSE186341",1,1,"entrambi"
"cgroup_L5_523e64b9","GSE186341__GSE186341__grp_050_vs_grp_022__1","GSE186341",1,1,"entrambi"
"cgroup_L5_523e64b9","GSE199800__GSE199800__MK2206_vs_UNTREATED__1","GSE199800",1,4,"solo_trattato"
"cgroup_L5_2ec87595","GSE102677__GSE102677__grp_0001_vs_grp_0004__1","GSE102677",5,3,"nessuno"
"cgroup_L5_2ec87595","GSE102677__GSE102677__grp_0002_vs_grp_0004__1","GSE102677",7,3,"nessuno"
"cgroup_L5_2ec87595","GSE125525__GSE125525__grp_0001_vs_grp_0002__1","GSE125525",1,1,"entrambi"
"cgroup_L5_2ec87595","GSE133087__GSE133087__grp_0002_vs_grp_0001__1","GSE133087",1,2,"solo_trattato"
"cgroup_L5_2ec87595","GSE133087__GSE133087__grp_0006_vs_grp_0005__1","GSE133087",3,1,"solo_controllo"
"cgroup_L5_2ec87595","GSE133087__GSE133087__grp_0008_vs_grp_0004__1","GSE133087",2,3,"nessuno"
"cgroup_L5_2ec87595","GSE133087__GSE133087__grp_0009_vs_grp_0003__1","GSE133087",1,2,"solo_trattato"
"cgroup_L5_2ec87595","GSE133087__GSE133087__grp_0011_vs_grp_0010__1","GSE133087",2,1,"solo_controllo"
"cgroup_L5_2ec87595","GSE140714__GSE140714__grp_0002_vs_grp_0001__1","GSE140714",1,3,"solo_trattato"
"cgroup_L5_2ec87595","GSE140714__GSE140714__grp_0003_vs_grp_0001__1","GSE140714",2,3,"nessuno"
"cgroup_L5_2ec87595","GSE146982__GSE146982__grp_0009_vs_grp_0008__1","GSE146982",3,1,"solo_controllo"
"cgroup_L5_2ec87595","GSE179347__GSE179347__grp_0001_vs_grp_0040__1","GSE179347",1,14,"solo_trattato"
"cgroup_L5_2ec87595","GSE179347__GSE179347__grp_0001_vs_grp_0041__1","GSE179347",1,14,"solo_trattato"
"cgroup_L5_2ec87595","GSE179347__GSE179347__grp_0001_vs_grp_0042__1","GSE179347",1,14,"solo_trattato"
"cgroup_L5_2ec87595","GSE179347__GSE179347__SGBS_METFORMIN_vs_SGBS_EMEM_medium__1","GSE179347",3,9,"nessuno"
"cgroup_L5_2ec87595","GSE185624__GSE185624__grp_0003_vs_grp_0001__1","GSE185624",6,3,"nessuno"
"cgroup_L5_2ec87595","GSE196343__GSE196343__Metformin_5mM_24h_vs_PBS__1","GSE196343",2,1,"solo_controllo"
"cgroup_L5_2ec87595","GSE196343__GSE196343__Metformin_5mM_24h_prostate_vs_PBS_prostate__1","GSE196343",1,1,"entrambi"
"cgroup_L5_2ec87595","GSE207122__GSE207122__grp_0001_vs_grp_0002__1","GSE207122",3,3,"nessuno"
"cgroup_L5_2ec87595","GSE210562__GSE210562__Metformin_vs_DMSO__1","GSE210562",3,2,"nessuno"
"cgroup_L5_2ec87595","GSE247159__GSE247159__grp_0002_vs_grp_0001__1","GSE247159",4,3,"nessuno"
"cgroup_L5_2ec87595","GSE247159__GSE247159__grp_0004_vs_grp_0003__1","GSE247159",8,11,"nessuno"
"cgroup_L5_2ec87595","GSE264038__GSE264038__grp_0005_vs_grp_0001__1","GSE264038",3,1,"solo_controllo"
"cgroup_L5_3439da02","GSE155923__GSE155923__Everolimus_vs_Vehicle__1","GSE155923",5,5,"nessuno"
"cgroup_L5_3439da02","GSE213650__GSE213650__grp_0006_vs_grp_0005__1","GSE213650",2,3,"nessuno"
"cgroup_L5_3439da02","GSE213650__GSE213650__grp_0007_vs_grp_0004__1","GSE213650",1,3,"solo_trattato"
"cgroup_L5_3439da02","GSE213650__GSE213650__grp_0008_vs_grp_0005__1","GSE213650",3,3,"nessuno"
"cgroup_L5_3439da02","GSE225751__GSE225751__grp_0001_vs_grp_0006__1","GSE225751",3,3,"nessuno"
"cgroup_L5_3439da02","GSE225751__GSE225751__grp_0005_vs_grp_0006__1","GSE225751",3,3,"nessuno"
"cgroup_L5_3439da02","GSE225751__GSE225751__grp_0010_vs_grp_0006__1","GSE225751",1,3,"solo_trattato"
"cgroup_L5_3439da02","GSE225751__GSE225751__grp_0012_vs_grp_0006__1","GSE225751",1,3,"solo_trattato"
"cgroup_L5_3439da02","GSE230627__GSE230627__grp_0004_vs_grp_0005__1","GSE230627",1,4,"solo_trattato"
"cgroup_L5_3439da02","GSE99875__GSE99875__grp_0002_vs_grp_0001__1","GSE99875",4,6,"nessuno"
"cgroup_L5_3439da02","GSE99875__GSE99875__grp_0003_vs_grp_0001__1","GSE99875",1,6,"solo_trattato"
"cgroup_L5_c0d1d837","GSE110903__GSE110903__grp_0008_vs_grp_0006__1","GSE110903",1,2,"solo_trattato"
"cgroup_L5_c0d1d837","GSE123766__GSE123766__grp_0002_vs_grp_0001__1","GSE123766",1,3,"solo_trattato"
"cgroup_L5_c0d1d837","GSE123766__GSE123766__grp_0005_vs_grp_0001__1","GSE123766",3,3,"nessuno"
"cgroup_L5_c0d1d837","GSE130246__GSE130246__grp_0002_vs_grp_0001__1","GSE130246",2,3,"nessuno"
"cgroup_L5_c0d1d837","GSE130246__GSE130246__grp_0004_vs_grp_0006__1","GSE130246",2,3,"nessuno"
"cgroup_L5_c0d1d837","GSE137775__GSE137775__enzalutamide_LNCaP_vs_DMSO_LNCaP__1","GSE137775",2,1,"solo_controllo"
"cgroup_L5_c0d1d837","GSE137775__GSE137775__enzalutamide_CREB5_vs_DMSO_CREB5__1","GSE137775",1,2,"solo_trattato"
"cgroup_L5_c0d1d837","GSE138460__GSE138460__CRPC_mCherry_GFP_enzalutamide_vs_LNCaP_none__1","GSE138460",1,2,"solo_trattato"
"cgroup_L5_c0d1d837","GSE138460__GSE138460__CRPC_GFP_enzalutamide_vs_LNCaP_none__1","GSE138460",1,2,"solo_trattato"
"cgroup_L5_c0d1d837","GSE138460__GSE138460__CRPC_mCherry_enzalutamide_vs_LNCaP_none__1","GSE138460",1,2,"solo_trattato"
"cgroup_L5_c0d1d837","GSE146402__GSE146402__grp_0003_vs_grp_0002__1","GSE146402",5,1,"solo_controllo"
"cgroup_L5_c0d1d837","GSE146402__GSE146402__grp_0004_vs_grp_0002__1","GSE146402",1,1,"entrambi"
"cgroup_L5_c0d1d837","GSE147250__GSE147250__grp_0003_vs_grp_0001__1","GSE147250",1,2,"solo_trattato"
"cgroup_L5_c0d1d837","GSE147250__GSE147250__grp_0003_vs_grp_0002__1","GSE147250",1,2,"solo_trattato"
"cgroup_L5_c0d1d837","GSE147250__GSE147250__grp_0008_vs_grp_0009__1","GSE147250",5,5,"nessuno"
"cgroup_L5_c0d1d837","GSE147876__GSE147876__grp_0002_vs_grp_0001__1","GSE147876",3,3,"nessuno"
"cgroup_L5_c0d1d837","GSE147876__GSE147876__grp_0005_vs_grp_0004__1","GSE147876",2,3,"nessuno"
"cgroup_L5_c0d1d837","GSE147876__GSE147876__grp_0012_vs_grp_0011__1","GSE147876",2,1,"solo_controllo"
"cgroup_L5_c0d1d837","GSE147876__GSE147876__grp_0013_vs_grp_0011__1","GSE147876",1,1,"entrambi"
"cgroup_L5_c0d1d837","GSE147876__GSE147876__grp_0016_vs_grp_0015__1","GSE147876",3,2,"nessuno"
"cgroup_L5_c0d1d837","GSE182278__GSE182278__Enzalutamide_vs_VehicleControl_None__1","GSE182278",3,2,"nessuno"
"cgroup_L5_c0d1d837","GSE184427__GSE184427__LuCaP_147_Enzalutamide_vs_LuCaP_147_PBS__1","GSE184427",2,2,"nessuno"
"cgroup_L5_c0d1d837","GSE184427__GSE184427__LuCaP_73_Enzalutamide_vs_LuCaP_73_PBS__1","GSE184427",1,2,"solo_trattato"
"cgroup_L5_c0d1d837","GSE184427__GSE184427__LuCaP_77_PBS_vs_LuCaP_77_Enzalutamide__1","GSE184427",2,1,"solo_controllo"
"cgroup_L5_c0d1d837","GSE184427__GSE184427__LuCaP_78_PBS_vs_LuCaP_78_Enzalutamide__1","GSE184427",2,2,"nessuno"
"cgroup_L5_c0d1d837","GSE184427__GSE184427__LuCaP_81_PBS_vs_LuCaP_81_Enzalutamide_Castrated__1","GSE184427",1,2,"solo_trattato"
"cgroup_L5_c0d1d837","GSE184427__GSE184427__LuCaP_81_PBS_vs_LuCaP_81_Enzalutamide__1","GSE184427",1,2,"solo_trattato"
"cgroup_L5_c0d1d837","GSE184455__GSE184455__grp_0006_vs_grp_0004__1","GSE184455",2,2,"nessuno"
"cgroup_L5_c0d1d837","GSE189966__GSE189966__grp_0003_vs_grp_0002__1","GSE189966",1,1,"entrambi"
"cgroup_L5_c0d1d837","GSE202755__GSE202755__grp_0002_vs_grp_0001__1","GSE202755",1,3,"solo_trattato"
"cgroup_L5_c0d1d837","GSE202885__GSE202885__Enzalutamide_24h_vs_DMSO__1","GSE202885",3,3,"nessuno"
"cgroup_L5_c0d1d837","GSE202885__GSE202885__Enzalutamide_48h_vs_DMSO__1","GSE202885",1,3,"solo_trattato"
"cgroup_L5_c0d1d837","GSE202885__GSE202885__Enzalutamide_96h_vs_DMSO__1","GSE202885",2,3,"nessuno"
"cgroup_L5_c0d1d837","GSE202885__GSE202885__Enzalutamide_144h_vs_DMSO__1","GSE202885",1,3,"solo_trattato"
"cgroup_L5_c0d1d837","GSE202885__GSE202885__Enzalutamide_long_term_vs_DMSO__1","GSE202885",3,3,"nessuno"
"cgroup_L5_c0d1d837","GSE215653__GSE215653__Enzalutamide_vs_DMSO__1","GSE215653",3,3,"nessuno"
"cgroup_L5_c0d1d837","GSE217537__GSE217537__grp_0001_vs_grp_0021__1","GSE217537",1,3,"solo_trattato"
"cgroup_L5_c0d1d837","GSE217537__GSE217537__grp_0014_vs_grp_0028__1","GSE217537",1,3,"solo_trattato"
"cgroup_L5_c0d1d837","GSE217537__GSE217537__grp_0006_vs_grp_0040__1","GSE217537",1,3,"solo_trattato"
"cgroup_L5_c0d1d837","GSE225481__GSE225481__grp_0002_vs_grp_0001__1","GSE225481",2,1,"solo_controllo"
"cgroup_L5_c0d1d837","GSE225481__GSE225481__grp_0033_vs_grp_0032__1","GSE225481",2,2,"nessuno"
"cgroup_L5_c0d1d837","GSE225481__GSE225481__grp_0036_vs_grp_0035__1","GSE225481",1,2,"solo_trattato"
"cgroup_L5_c0d1d837","GSE225481__GSE225481__grp_0038_vs_grp_0035__1","GSE225481",1,2,"solo_trattato"
"cgroup_L5_c0d1d837","GSE225481__GSE225481__grp_0039_vs_grp_0035__1","GSE225481",1,2,"solo_trattato"
"cgroup_L5_c0d1d837","GSE225481__GSE225481__grp_0040_vs_grp_0035__1","GSE225481",1,2,"solo_trattato"
"cgroup_L5_c0d1d837","GSE225481__GSE225481__grp_0042_vs_grp_0035__1","GSE225481",1,2,"solo_trattato"
"cgroup_L5_c0d1d837","GSE225481__GSE225481__grp_0044_vs_grp_0035__1","GSE225481",1,2,"solo_trattato"
"cgroup_L5_c0d1d837","GSE228587__GSE228587__grp_0005_vs_grp_0004__1","GSE228587",3,3,"nessuno"
"cgroup_L5_c0d1d837","GSE229805__GSE229805__Enzalutamide_vs_DMSO__1","GSE229805",2,2,"nessuno"
"cgroup_L5_c0d1d837","GSE234805__GSE234805__Enzalutamide_vs_Control__1","GSE234805",3,3,"nessuno"
"cgroup_L5_c0d1d837","GSE236286__GSE236286__Enzalutamide_vs_Vehicle__1","GSE236286",2,2,"nessuno"
"cgroup_L5_c0d1d837","GSE244272__GSE244272__Enzalutamide_vs_Vehicle__1","GSE244272",3,3,"nessuno"
"cgroup_L5_c0d1d837","GSE248895__GSE248895__grp_0003_vs_grp_0005__1","GSE248895",1,3,"solo_trattato"
"cgroup_L5_c0d1d837","GSE248895__GSE248895__grp_0006_vs_grp_0005__1","GSE248895",1,3,"solo_trattato"
"cgroup_L5_c0d1d837","GSE248895__GSE248895__grp_0007_vs_grp_0005__1","GSE248895",1,3,"solo_trattato"
"cgroup_L5_c0d1d837","GSE250422__GSE250422__grp_0007_vs_grp_0008__1","GSE250422",1,1,"entrambi"
"cgroup_L5_c0d1d837","GSE252566__GSE252566__grp_0004_vs_grp_0003__1","GSE252566",3,3,"nessuno"
"cgroup_L5_c0d1d837","GSE252567__GSE252567__Enzalutamide_vs_Control__1","GSE252567",4,4,"nessuno"
"cgroup_L5_c0d1d837","GSE252576__GSE252576__grp_C42_Enzalutamide_vs_grp_C42_Vehicle__1","GSE252576",3,2,"nessuno"
"cgroup_L5_c0d1d837","GSE252576__GSE252576__grp_LNCaP_Enzalutamide_vs_grp_LNCaP_Vehicle__1","GSE252576",3,3,"nessuno"
"cgroup_L5_c0d1d837","GSE252576__GSE252576__grp_RV1_Enzalutamide_vs_grp_RV1_Vehicle__1","GSE252576",3,4,"nessuno"
"cgroup_L5_c0d1d837","GSE95413__GSE95413__Enzalutamide_vs_Vehicle__1","GSE95413",14,15,"nessuno"
"cgroup_L5_c0d1d837","GSE97204__GSE97204__CWR-22Rv1_Enzalutamide_vs_CWR-22Rv1_Vehicle__1","GSE97204",1,1,"entrambi"
"cgroup_L5_fd0c6a79","GSE146096__GSE146096__grp_regorafenib_1uM_vs_grp_vehicle__1","GSE146096",3,102,"nessuno"
"cgroup_L5_fd0c6a79","GSE146096__GSE146096__grp_regorafenib_1uM_2_vs_grp_vehicle__1","GSE146096",2,102,"nessuno"
"cgroup_L5_fd0c6a79","GSE146096__GSE146096__grp_regorafenib_1uM_3_vs_grp_vehicle__1","GSE146096",2,102,"nessuno"
"cgroup_L5_fd0c6a79","GSE146096__GSE146096__grp_regorafenib_1uM_4_vs_grp_vehicle__1","GSE146096",1,102,"solo_trattato"
"cgroup_L5_fd0c6a79","GSE146096__GSE146096__grp_regorafenib_1uM_5_vs_grp_vehicle__1","GSE146096",1,102,"solo_trattato"
"cgroup_L5_fd0c6a79","GSE146096__GSE146096__grp_regorafenib_1uM_6_vs_grp_vehicle__1","GSE146096",9,102,"nessuno"
"cgroup_L5_fd0c6a79","GSE186341__GSE186341__Regorafenib_vs_DMSO__1","GSE186341",1,17,"solo_trattato"
"cgroup_L5_fd0c6a79","GSE186341__GSE186341__Regorafenib_vs_DMSO__2","GSE186341",2,48,"nessuno"
"cgroup_L5_fd0c6a79","GSE186341__GSE186341__grp_0165_vs_grp_0135__1","GSE186341",2,47,"nessuno"
"cgroup_L5_fd0c6a79","GSE186341__GSE186341__Regorafenib_vs_DMSO__3","GSE186341",2,9,"nessuno"
"cgroup_L5_fd0c6a79","GSE186341__GSE186341__grp_024_vs_grp_052__1","GSE186341",2,26,"nessuno"
"cgroup_L5_fd0c6a79","GSE186341__GSE186341__HSTS_Regorafenib_vs_HSTS_DMSO__1","GSE186341",1,27,"solo_trattato"
"cgroup_L5_fd0c6a79","GSE186341__GSE186341__grp_033_vs_grp_034__1","GSE186341",1,40,"solo_trattato"
"cgroup_L5_fd0c6a79","GSE186341__GSE186341__LNCaP_Regorafenib_vs_LNCaP_DMSO__1","GSE186341",1,23,"solo_trattato"
"cgroup_L5_fd0c6a79","GSE186341__GSE186341__NCI-H1793_Regorafenib_vs_NCI-H1793_DMSO__1","GSE186341",2,22,"nessuno"
"cgroup_L5_fd0c6a79","GSE186341__GSE186341__grp_0028_vs_grp_0019__1","GSE186341",2,3,"nessuno"
"cgroup_L5_fd0c6a79","GSE186341__GSE186341__grp_052_vs_grp_022__1","GSE186341",1,1,"entrambi"
"cgroup_L5_fd0c6a79","GSE199800__GSE199800__Regorafenib_vs_DMSO__1","GSE199800",1,3,"solo_trattato"
"cgroup_L5_fd0c6a79","GSE217421__GSE217421__grp_DMSO_1_vs_grp_Regorafenib_1__1","GSE217421",1,9,"solo_trattato"
"cgroup_L5_fd0c6a79","GSE217421__GSE217421__grp_DMSO_1_vs_grp_Regorafenib_2__1","GSE217421",1,9,"solo_trattato"
"cgroup_L5_fd0c6a79","GSE217421__GSE217421__grp_DMSO_1_vs_grp_Regorafenib_3__1","GSE217421",2,9,"nessuno"
"cgroup_L5_fd0c6a79","GSE217421__GSE217421__grp_DMSO_1_vs_grp_Regorafenib_4__1","GSE217421",1,9,"solo_trattato"
"cgroup_L5_fd0c6a79","GSE217421__GSE217421__grp_Regorafenib_1_vs_grp_DMSO_1__1","GSE217421",12,9,"nessuno"
"cgroup_L5_fd0c6a79","GSE234647__GSE234647__grp_0002_vs_grp_0001__1","GSE234647",3,3,"nessuno"
"cgroup_L5_fd0c6a79","GSE234647__GSE234647__grp_0004_vs_grp_0003__1","GSE234647",2,3,"nessuno"
"cgroup_L5_6ac5ea3a","GSE189472__GSE189472__Chaetocin_vs_DMSO__1","GSE189472",1,1,"entrambi"
"cgroup_L5_6ac5ea3a","GSE224311__GSE224311__chaetocin_vs_control__1","GSE224311",3,3,"nessuno"
"cgroup_L5_6ac5ea3a","GSE232639__GSE232639__grp_chaetocin_5h_vs_grp_dmso_5h__1","GSE232639",2,2,"nessuno"
"cgroup_L5_6ac5ea3a","GSE232639__GSE232639__grp_chaetocin_12h_vs_grp_dmso_12h__1","GSE232639",2,2,"nessuno"
"cgroup_L5_6ac5ea3a","GSE97215__GSE97215__grp_0008_vs_grp_0003__1","GSE97215",1,3,"solo_trattato"
"cgroup_L5_05322ba1","GSE180243__GSE180243__grp_0002_vs_grp_0001__1","GSE180243",2,2,"nessuno"
"cgroup_L5_05322ba1","GSE180243__GSE180243__grp_0003_vs_grp_0001__1","GSE180243",2,2,"nessuno"
"cgroup_L5_05322ba1","GSE193897__GSE193897__Hep3B_Homoharringtonine_vs_Hep3B_Control__1","GSE193897",2,2,"nessuno"
"cgroup_L5_05322ba1","GSE193897__GSE193897__HepG2_Homoharringtonine_1uM_vs_HepG2_Control__1","GSE193897",2,2,"nessuno"
"cgroup_L5_05322ba1","GSE193897__GSE193897__HepG2_Homoharringtonine_10uM_vs_HepG2_Control__1","GSE193897",2,2,"nessuno"
"cgroup_L5_05322ba1","GSE193897__GSE193897__HepG2_Homoharringtonine_100nM_vs_HepG2_Control__1","GSE193897",2,2,"nessuno"
"cgroup_L5_05322ba1","GSE193897__GSE193897__HepG2_Homoharringtonine_500nM_vs_HepG2_Control__1","GSE193897",2,2,"nessuno"
"cgroup_L5_05322ba1","GSE193897__GSE193897__Huh6_Homoharringtonine_vs_Huh6_Control__1","GSE193897",2,2,"nessuno"
"cgroup_L5_05322ba1","GSE193897__GSE193897__Huh7_Homoharringtonine_vs_Huh7_Control__1","GSE193897",2,2,"nessuno"
"cgroup_L5_05322ba1","GSE193897__GSE193897__PLC_Homoharringtonine_vs_PLC_Control__1","GSE193897",2,2,"nessuno"
"cgroup_L5_05322ba1","GSE252740__GSE252740__grp_0003_vs_grp_0001__1","GSE252740",2,2,"nessuno"
"cgroup_L5_05322ba1","GSE252740__GSE252740__grp_0007_vs_grp_0005__1","GSE252740",3,2,"nessuno"
"cgroup_L5_ae11259e","GSE146096__GSE146096__grp_tofacitinib_1uM_vs_grp_vehicle__1","GSE146096",18,102,"nessuno"
"cgroup_L5_ae11259e","GSE158923__GSE158923__group_0003_vs_group_0001__1","GSE158923",4,2,"nessuno"
"cgroup_L5_ae11259e","GSE199800__GSE199800__Tofacitinib_vs_DMSO__1","GSE199800",1,3,"solo_trattato"
"cgroup_L5_ae11259e","GSE217421__GSE217421__grp_Tofacitinib_1_vs_grp_DMSO_1__1","GSE217421",10,9,"nessuno"
"cgroup_L5_ae11259e","GSE217421__GSE217421__Tofacitinib_MSN01_vs_DMSO_MSN01__1","GSE217421",1,54,"solo_trattato"
"cgroup_L5_ae11259e","GSE94235__GSE94235__Tofacitinib_D1_vs_DMSO__1","GSE94235",3,4,"nessuno"
"cgroup_L5_8ac307e0","GSE146096__GSE146096__Cabozantinib_2uM_48h_vs_Vehicle_Control__1","GSE146096",3,102,"nessuno"
"cgroup_L5_8ac307e0","GSE146096__GSE146096__grp_cabozantinib_2uM_vs_grp_vehicle__1","GSE146096",1,102,"solo_trattato"
"cgroup_L5_8ac307e0","GSE146096__GSE146096__grp_cabozantinib_2uM_2_vs_grp_vehicle__1","GSE146096",1,102,"solo_trattato"
"cgroup_L5_8ac307e0","GSE146096__GSE146096__grp_cabozantinib_2uM_3_vs_grp_vehicle__1","GSE146096",2,102,"nessuno"
"cgroup_L5_8ac307e0","GSE146096__GSE146096__grp_cabozantinib_2uM_4_vs_grp_vehicle__1","GSE146096",1,102,"solo_trattato"
"cgroup_L5_8ac307e0","GSE146096__GSE146096__grp_cabozantinib_2uM_5_vs_grp_vehicle__1","GSE146096",1,102,"solo_trattato"
"cgroup_L5_8ac307e0","GSE146096__GSE146096__grp_cabozantinib_2uM_6_vs_grp_vehicle__1","GSE146096",2,102,"nessuno"
"cgroup_L5_8ac307e0","GSE146096__GSE146096__grp_cabozantinib_2uM_7_vs_grp_vehicle__1","GSE146096",3,102,"nessuno"
"cgroup_L5_8ac307e0","GSE148538__GSE148538__grp_0001_vs_grp_0004__1","GSE148538",1,1,"entrambi"
"cgroup_L5_8ac307e0","GSE148538__GSE148538__grp_0002_vs_grp_0004__1","GSE148538",1,1,"entrambi"
"cgroup_L5_8ac307e0","GSE148538__GSE148538__grp_0003_vs_grp_0004__1","GSE148538",1,1,"entrambi"
"cgroup_L5_8ac307e0","GSE151003__GSE151003__grp_0002_vs_grp_0001__1","GSE151003",1,1,"entrambi"
"cgroup_L5_8ac307e0","GSE153853__GSE153853__grp_0001_vs_grp_0004__1","GSE153853",1,1,"entrambi"
"cgroup_L5_8ac307e0","GSE153853__GSE153853__grp_0002_vs_grp_0003__1","GSE153853",1,1,"entrambi"
"cgroup_L5_8ac307e0","GSE171358__GSE171358__grp_0005_vs_grp_0001__1","GSE171358",3,3,"nessuno"
"cgroup_L5_8ac307e0","GSE186341__GSE186341__Cabozantinib_vs_DMSO__1","GSE186341",1,17,"solo_trattato"
"cgroup_L5_8ac307e0","GSE186341__GSE186341__Cabozantinib_2_vs_DMSO__1","GSE186341",1,17,"solo_trattato"
"cgroup_L5_8ac307e0","GSE186341__GSE186341__Cabozantinib_vs_DMSO__2","GSE186341",1,48,"solo_trattato"
"cgroup_L5_8ac307e0","GSE186341__GSE186341__Cabozantinib_vs_DMSO__3","GSE186341",1,48,"solo_trattato"
"cgroup_L5_8ac307e0","GSE186341__GSE186341__grp_0129_vs_grp_0135__1","GSE186341",1,47,"solo_trattato"
"cgroup_L5_8ac307e0","GSE186341__GSE186341__grp_011_vs_grp_052__1","GSE186341",2,26,"nessuno"
"cgroup_L5_8ac307e0","GSE186341__GSE186341__HSTS_Cabozantinib_vs_HSTS_DMSO__1","GSE186341",2,27,"nessuno"
"cgroup_L5_8ac307e0","GSE186341__GSE186341__KRJ1_Cabozantinib_vs_KRJ1_DMSO__1","GSE186341",1,33,"solo_trattato"
"cgroup_L5_8ac307e0","GSE186341__GSE186341__grp_020_vs_grp_022__1","GSE186341",1,35,"solo_trattato"
"cgroup_L5_8ac307e0","GSE186341__GSE186341__grp_025_vs_grp_034__1","GSE186341",1,40,"solo_trattato"
"cgroup_L5_8ac307e0","GSE186341__GSE186341__LNCaP_Cabozantinib_vs_LNCaP_DMSO__1","GSE186341",1,23,"solo_trattato"
"cgroup_L5_8ac307e0","GSE186341__GSE186341__NCI-H1793_Cabozantinib_vs_NCI-H1793_DMSO__1","GSE186341",2,22,"nessuno"
"cgroup_L5_8ac307e0","GSE186341__GSE186341__grp_0015_vs_grp_0019__1","GSE186341",2,3,"nessuno"
"cgroup_L5_8ac307e0","GSE186341__GSE186341__grp_014_vs_grp_019__1","GSE186341",1,12,"solo_trattato"
"cgroup_L5_8ac307e0","GSE186341__GSE186341__grp_055_vs_grp_022__1","GSE186341",1,1,"entrambi"
"cgroup_L5_8ac307e0","GSE217421__GSE217421__grp_Cabozantinib_1_vs_grp_DMSO_1__1","GSE217421",3,9,"nessuno"
"cgroup_L5_8ac307e0","GSE60939__GSE60939__CRC020_cabozantinib_vs_CRC020_vehicle__1","GSE60939",1,1,"entrambi"
"cgroup_L5_8ac307e0","GSE60939__GSE60939__CRC098_cabozantinib_vs_CRC098_vehicle__1","GSE60939",1,1,"entrambi"
"cgroup_L5_8ac307e0","GSE60939__GSE60939__CRC102_cabozantinib_vs_CRC102_vehicle__1","GSE60939",1,1,"entrambi"
"cgroup_L5_99d7941a","GSE104917__GSE104917__grp_0009_vs_grp_0001__1","GSE104917",2,3,"nessuno"
"cgroup_L5_99d7941a","GSE104917__GSE104917__grp_0010_vs_grp_0002__1","GSE104917",2,3,"nessuno"
"cgroup_L5_99d7941a","GSE151680__GSE151680__grp_0002_vs_grp_0001__1","GSE151680",2,3,"nessuno"
"cgroup_L5_99d7941a","GSE151680__GSE151680__grp_0006_vs_grp_0004__1","GSE151680",1,2,"solo_trattato"
"cgroup_L5_99d7941a","GSE218860__GSE218860__MGG4_temozolomide_25uM_vs_MGG4_DMSO__1","GSE218860",3,5,"nessuno"
"cgroup_L5_99d7941a","GSE218860__GSE218860__MGG4_temozolomide_10mgkg_vs_MGG4_DMSO__1","GSE218860",2,5,"nessuno"
"cgroup_L5_99d7941a","GSE229136__GSE229136__TMZ_vs_Untreated__1","GSE229136",3,3,"nessuno"
"cgroup_L5_99d7941a","GSE229600__GSE229600__grp_0009_vs_grp_0001__1","GSE229600",2,2,"nessuno"
"cgroup_L5_99d7941a","GSE229600__GSE229600__grp_0013_vs_grp_0012__1","GSE229600",2,1,"solo_controllo"
"cgroup_L5_4290da61","GSE140702__GSE140702__nt_lta_vs_nt_vehicle__1","GSE140702",5,23,"nessuno"
"cgroup_L5_4290da61","GSE140788__GSE140788__grp_0001_vs_grp_0010__1","GSE140788",3,1,"solo_controllo"
"cgroup_L5_4290da61","GSE140788__GSE140788__grp_0003_vs_grp_0010__1","GSE140788",1,1,"entrambi"
"cgroup_L5_4290da61","GSE140788__GSE140788__grp_0004_vs_grp_0010__1","GSE140788",1,1,"entrambi"
"cgroup_L5_4290da61","GSE140788__GSE140788__grp_0005_vs_grp_0010__1","GSE140788",1,1,"entrambi"
"cgroup_L5_4290da61","GSE140788__GSE140788__grp_0006_vs_grp_0010__1","GSE140788",1,1,"entrambi"
"cgroup_L5_4290da61","GSE140788__GSE140788__grp_0007_vs_grp_0010__1","GSE140788",1,1,"entrambi"
"cgroup_L5_4290da61","GSE140788__GSE140788__grp_0008_vs_grp_0010__1","GSE140788",1,1,"entrambi"
"cgroup_L5_4290da61","GSE140788__GSE140788__grp_0009_vs_grp_0010__1","GSE140788",1,1,"entrambi"
"cgroup_L5_4290da61","GSE140788__GSE140788__grp_0011_vs_grp_0010__1","GSE140788",1,1,"entrambi"
"cgroup_L5_4290da61","GSE223177__GSE223177__grp_0002_vs_grp_0003__1","GSE223177",1,1,"entrambi"
"cgroup_L5_4290da61","GSE223177__GSE223177__grp_0006_vs_grp_0008__1","GSE223177",1,1,"entrambi"
"cgroup_L5_8eca612e","GSE146096__GSE146096__grp_dabrafenib_2.5uM_vs_grp_vehicle__1","GSE146096",1,102,"solo_trattato"
"cgroup_L5_8eca612e","GSE146096__GSE146096__grp_dabrafenib_2.5uM_2_vs_grp_vehicle__1","GSE146096",3,102,"nessuno"
"cgroup_L5_8eca612e","GSE146096__GSE146096__grp_dabrafenib_2.5uM_3_vs_grp_vehicle__1","GSE146096",1,102,"solo_trattato"
"cgroup_L5_8eca612e","GSE146096__GSE146096__grp_dabrafenib_2.5uM_4_vs_grp_vehicle__1","GSE146096",1,102,"solo_trattato"
"cgroup_L5_8eca612e","GSE146096__GSE146096__grp_dabrafenib_2.5uM_5_vs_grp_vehicle__1","GSE146096",2,102,"nessuno"
"cgroup_L5_8eca612e","GSE146096__GSE146096__grp_dabrafenib_2.5uM_6_vs_grp_vehicle__1","GSE146096",1,102,"solo_trattato"
"cgroup_L5_8eca612e","GSE146096__GSE146096__grp_dabrafenib_2.5uM_7_vs_grp_vehicle__1","GSE146096",2,102,"nessuno"
"cgroup_L5_8eca612e","GSE146096__GSE146096__grp_dabrafenib_2.5uM_8_vs_grp_vehicle__1","GSE146096",1,102,"solo_trattato"
"cgroup_L5_8eca612e","GSE199800__GSE199800__Dabrafenib_vs_DMSO__1","GSE199800",1,3,"solo_trattato"
"cgroup_L5_8eca612e","GSE199800__GSE199800__Dabrafenib_vs_DMSO__2","GSE199800",1,3,"solo_trattato"
"cgroup_L5_8eca612e","GSE217421__GSE217421__grp_DMSO_2_vs_grp_Dabrafenib__1","GSE217421",12,54,"nessuno"
"cgroup_L5_8eca612e","GSE217421__GSE217421__Dabrafenib_MSN01_vs_DMSO_MSN01__1","GSE217421",3,54,"nessuno"
"cgroup_L5_8eca612e","GSE252002__GSE252002__ASPC1_Dabrafenib_vs_ASPC1_DMSO__1","GSE252002",3,12,"nessuno"
"cgroup_L5_8eca612e","GSE252002__GSE252002__PANC1_Dabrafenib_vs_PANC1_DMSO__1","GSE252002",1,6,"solo_trattato"
"cgroup_L5_8eca612e","GSE252002__GSE252002__grp_0058_vs_grp_0059__1","GSE252002",1,6,"solo_trattato"
"cgroup_L5_702a5dea","GSE110397__GSE110397__H2030_Trametinib_vs_H2030_Vehicle__1","GSE110397",2,1,"solo_controllo"
"cgroup_L5_702a5dea","GSE110397__GSE110397__H460_Trametinib_vs_H460_Vehicle__1","GSE110397",1,2,"solo_trattato"
"cgroup_L5_702a5dea","GSE118548__GSE118548__Trametinib_vs_DMSO_2__1","GSE118548",1,2,"solo_trattato"
"cgroup_L5_702a5dea","GSE118548__GSE118548__Trametinib_2_vs_DMSO_2__1","GSE118548",2,2,"nessuno"
"cgroup_L5_702a5dea","GSE138780__GSE138780__grp_0001_vs_grp_0025__1","GSE138780",1,3,"solo_trattato"
"cgroup_L5_702a5dea","GSE138780__GSE138780__grp_0002_vs_grp_0025__1","GSE138780",1,3,"solo_trattato"
"cgroup_L5_702a5dea","GSE138780__GSE138780__grp_0004_vs_grp_0025__1","GSE138780",2,3,"nessuno"
"cgroup_L5_702a5dea","GSE138780__GSE138780__grp_0005_vs_grp_0025__1","GSE138780",2,3,"nessuno"
"cgroup_L5_702a5dea","GSE138780__GSE138780__grp_0006_vs_grp_0025__1","GSE138780",2,3,"nessuno"
"cgroup_L5_702a5dea","GSE138780__GSE138780__grp_0007_vs_grp_0025__1","GSE138780",1,3,"solo_trattato"
"cgroup_L5_702a5dea","GSE138780__GSE138780__grp_0008_vs_grp_0025__1","GSE138780",1,3,"solo_trattato"
"cgroup_L5_702a5dea","GSE138780__GSE138780__grp_0009_vs_grp_0025__1","GSE138780",1,3,"solo_trattato"
"cgroup_L5_702a5dea","GSE138780__GSE138780__grp_0010_vs_grp_0025__1","GSE138780",1,3,"solo_trattato"
"cgroup_L5_702a5dea","GSE138780__GSE138780__grp_0011_vs_grp_0025__1","GSE138780",1,3,"solo_trattato"
"cgroup_L5_702a5dea","GSE138780__GSE138780__grp_0012_vs_grp_0025__1","GSE138780",1,3,"solo_trattato"
"cgroup_L5_702a5dea","GSE138780__GSE138780__grp_0014_vs_grp_0025__1","GSE138780",1,3,"solo_trattato"
"cgroup_L5_702a5dea","GSE138780__GSE138780__grp_0015_vs_grp_0025__1","GSE138780",1,3,"solo_trattato"
"cgroup_L5_702a5dea","GSE138780__GSE138780__grp_0016_vs_grp_0025__1","GSE138780",1,3,"solo_trattato"
"cgroup_L5_702a5dea","GSE138780__GSE138780__grp_0017_vs_grp_0025__1","GSE138780",1,3,"solo_trattato"
"cgroup_L5_702a5dea","GSE138780__GSE138780__grp_0019_vs_grp_0025__1","GSE138780",2,3,"nessuno"
"cgroup_L5_702a5dea","GSE138780__GSE138780__grp_0020_vs_grp_0025__1","GSE138780",1,3,"solo_trattato"
"cgroup_L5_702a5dea","GSE138780__GSE138780__grp_0021_vs_grp_0025__1","GSE138780",1,3,"solo_trattato"
"cgroup_L5_702a5dea","GSE138780__GSE138780__grp_0022_vs_grp_0025__1","GSE138780",1,3,"solo_trattato"
"cgroup_L5_702a5dea","GSE138780__GSE138780__grp_0023_vs_grp_0025__1","GSE138780",1,3,"solo_trattato"
"cgroup_L5_702a5dea","GSE138780__GSE138780__grp_0024_vs_grp_0025__1","GSE138780",1,3,"solo_trattato"
"cgroup_L5_702a5dea","GSE138780__GSE138780__grp_0026_vs_grp_0025__1","GSE138780",1,3,"solo_trattato"
"cgroup_L5_702a5dea","GSE138780__GSE138780__grp_0028_vs_grp_0025__1","GSE138780",1,3,"solo_trattato"
"cgroup_L5_702a5dea","GSE138780__GSE138780__grp_0030_vs_grp_0029__1","GSE138780",1,1,"entrambi"
"cgroup_L5_702a5dea","GSE146096__GSE146096__grp_trametinib_100nM_vs_grp_vehicle__1","GSE146096",1,102,"solo_trattato"
"cgroup_L5_702a5dea","GSE146096__GSE146096__grp_trametinib_100nM_2_vs_grp_vehicle__1","GSE146096",5,102,"nessuno"
"cgroup_L5_702a5dea","GSE146096__GSE146096__grp_trametinib_100nM_3_vs_grp_vehicle__1","GSE146096",1,102,"solo_trattato"
"cgroup_L5_702a5dea","GSE146096__GSE146096__grp_trametinib_100nM_4_vs_grp_vehicle__1","GSE146096",1,102,"solo_trattato"
"cgroup_L5_702a5dea","GSE146096__GSE146096__grp_trametinib_100nM_5_vs_grp_vehicle__1","GSE146096",2,102,"nessuno"
"cgroup_L5_702a5dea","GSE146096__GSE146096__grp_trametinib_100nM_6_vs_grp_vehicle__1","GSE146096",6,102,"nessuno"
"cgroup_L5_702a5dea","GSE152705__GSE152705__grp_Mel202_Trametinib_vs_grp_Mel202_DMSO__1","GSE152705",2,2,"nessuno"
"cgroup_L5_702a5dea","GSE174693__GSE174693__grp_0005_vs_grp_0011__1","GSE174693",1,1,"entrambi"
"cgroup_L5_702a5dea","GSE174693__GSE174693__grp_0008_vs_grp_0011__1","GSE174693",1,1,"entrambi"
"cgroup_L5_702a5dea","GSE174693__GSE174693__grp_0010_vs_grp_0011__1","GSE174693",1,1,"entrambi"
"cgroup_L5_702a5dea","GSE174693__GSE174693__grp_0013_vs_grp_0011__1","GSE174693",1,1,"entrambi"
"cgroup_L5_702a5dea","GSE197555__GSE197555__H460_trametinib_vs_NSCLC_DMSO__1","GSE197555",1,1,"entrambi"
"cgroup_L5_702a5dea","GSE206267__GSE206267__grp_KP4_Trametinib_100nM_48h_vs_grp_KP4_DMSO_48h__1","GSE206267",1,3,"solo_trattato"
"cgroup_L5_702a5dea","GSE206267__GSE206267__grp_MiaPaca2_Trametinib_100nM_48h_vs_grp_MiaPaca2_DMSO_48h__1","GSE206267",2,3,"nessuno"
"cgroup_L5_702a5dea","GSE207645__GSE207645__grp_0006_vs_grp_0004__1","GSE207645",1,3,"solo_trattato"
"cgroup_L5_702a5dea","GSE207645__GSE207645__grp_0007_vs_grp_0004__1","GSE207645",1,3,"solo_trattato"
"cgroup_L5_702a5dea","GSE213588__GSE213588__MeWo_Trametinib_vs_MeWo_DMSO__1","GSE213588",2,3,"nessuno"
"cgroup_L5_702a5dea","GSE217421__GSE217421__grp_Trametinib_1_vs_grp_DMSO_1__1","GSE217421",3,9,"nessuno"
"cgroup_L5_702a5dea","GSE228090__GSE228090__PDX4_trametinib_vs_PDX4_DMSO__1","GSE228090",1,2,"solo_trattato"
"cgroup_L5_702a5dea","GSE228090__GSE228090__UM004_trametinib_vs_UM004_DMSO__1","GSE228090",3,3,"nessuno"
"cgroup_L5_702a5dea","GSE252002__GSE252002__ASPC1_Trametinib_vs_ASPC1_DMSO__1","GSE252002",3,12,"nessuno"
"cgroup_L5_702a5dea","GSE252002__GSE252002__PANC1_Trametinib_vs_PANC1_DMSO__1","GSE252002",1,6,"solo_trattato"
"cgroup_L5_702a5dea","GSE252002__GSE252002__grp_0068_vs_grp_0059__1","GSE252002",1,6,"solo_trattato"
"cgroup_L5_702a5dea","GSE266762__GSE266762__grp_0002_vs_grp_0001__1","GSE266762",4,1,"solo_controllo"
"cgroup_L5_702a5dea","GSE64550__GSE64550__grp_0002_vs_grp_0007__1","GSE64550",1,1,"entrambi"
"cgroup_L5_702a5dea","GSE64550__GSE64550__grp_0005_vs_grp_0008__1","GSE64550",1,2,"solo_trattato"
"cgroup_L5_702a5dea","GSE64550__GSE64550__grp_0006_vs_grp_0008__1","GSE64550",1,2,"solo_trattato"
"cgroup_L5_83135c89","GSE145990__GSE145990__Ibrutinib_vs_DMSO__1","GSE145990",2,3,"nessuno"
"cgroup_L5_83135c89","GSE146095__GSE146095__Ibrutinib_0.5uM_vs_Control__1","GSE146095",5,14,"nessuno"
"cgroup_L5_83135c89","GSE206130__GSE206130__grp_HDLM2_IBR_vs_grp_HDLM2_media__1","GSE206130",1,3,"solo_trattato"
"cgroup_L5_83135c89","GSE206130__GSE206130__grp_KARPAS_IBR_vs_grp_KARPAS_media__1","GSE206130",1,3,"solo_trattato"
"cgroup_L5_83135c89","GSE206130__GSE206130__grp_L428_IBR_vs_grp_L428_media__1","GSE206130",1,1,"entrambi"
"cgroup_L5_83135c89","GSE206130__GSE206130__grp_pMBL_IBR_vs_grp_pMBL_media__1","GSE206130",1,1,"entrambi"
"cgroup_L5_83135c89","GSE214725__GSE214725__grp_0001_vs_grp_0003__1","GSE214725",1,1,"entrambi"
"cgroup_L5_83135c89","GSE214725__GSE214725__grp_0002_vs_grp_0003__1","GSE214725",1,1,"entrambi"
"cgroup_L5_83135c89","GSE214725__GSE214725__grp_0006_vs_grp_0003__1","GSE214725",2,1,"solo_controllo"
"cgroup_L5_dcfcec80","GSE146095__GSE146095__Ceritinib_1uM_vs_Control__1","GSE146095",1,14,"solo_trattato"
"cgroup_L5_dcfcec80","GSE146096__GSE146096__grp_ceritinib_1uM_vs_grp_vehicle__1","GSE146096",2,102,"nessuno"
"cgroup_L5_dcfcec80","GSE146096__GSE146096__grp_ceritinib_1uM_2_vs_grp_vehicle__1","GSE146096",1,102,"solo_trattato"
"cgroup_L5_dcfcec80","GSE146096__GSE146096__grp_ceritinib_1uM_3_vs_grp_vehicle__1","GSE146096",5,102,"nessuno"
"cgroup_L5_dcfcec80","GSE146096__GSE146096__grp_ceritinib_1uM_4_vs_grp_vehicle__1","GSE146096",1,102,"solo_trattato"
"cgroup_L5_dcfcec80","GSE146096__GSE146096__grp_ceritinib_1uM_5_vs_grp_vehicle__1","GSE146096",2,102,"nessuno"
"cgroup_L5_dcfcec80","GSE146096__GSE146096__grp_ceritinib_1uM_6_vs_grp_vehicle__1","GSE146096",4,102,"nessuno"
"cgroup_L5_dcfcec80","GSE146096__GSE146096__grp_ceritinib_1uM_7_vs_grp_vehicle__1","GSE146096",1,102,"solo_trattato"
"cgroup_L5_dcfcec80","GSE217421__GSE217421__grp_Ceritinib_1_vs_grp_DMSO_1__1","GSE217421",2,9,"nessuno"
"cgroup_L5_16525349","GSE146096__GSE146096__grp_ponatinib_100nM_vs_grp_vehicle__1","GSE146096",2,102,"nessuno"
"cgroup_L5_16525349","GSE146096__GSE146096__grp_ponatinib_100nM_2_vs_grp_vehicle__1","GSE146096",1,102,"solo_trattato"
"cgroup_L5_16525349","GSE146096__GSE146096__grp_ponatinib_100nM_3_vs_grp_vehicle__1","GSE146096",1,102,"solo_trattato"
"cgroup_L5_16525349","GSE146096__GSE146096__grp_ponatinib_100nM_4_vs_grp_vehicle__1","GSE146096",5,102,"nessuno"
"cgroup_L5_16525349","GSE146096__GSE146096__grp_ponatinib_100nM_5_vs_grp_vehicle__1","GSE146096",2,102,"nessuno"
"cgroup_L5_16525349","GSE146096__GSE146096__grp_ponatinib_100nM_6_vs_grp_vehicle__1","GSE146096",1,102,"solo_trattato"
"cgroup_L5_16525349","GSE146096__GSE146096__grp_ponatinib_100nM_7_vs_grp_vehicle__1","GSE146096",1,102,"solo_trattato"
"cgroup_L5_16525349","GSE186341__GSE186341__Ponatinib_vs_DMSO__1","GSE186341",2,17,"nessuno"
"cgroup_L5_16525349","GSE186341__GSE186341__Ponatinib_vs_DMSO__2","GSE186341",2,48,"nessuno"
"cgroup_L5_16525349","GSE186341__GSE186341__grp_0143_vs_grp_0135__1","GSE186341",1,47,"solo_trattato"
"cgroup_L5_16525349","GSE186341__GSE186341__grp_022_vs_grp_052__1","GSE186341",2,26,"nessuno"
"cgroup_L5_16525349","GSE186341__GSE186341__HSTS_Ponatinib_vs_HSTS_DMSO__1","GSE186341",2,27,"nessuno"
"cgroup_L5_16525349","GSE186341__GSE186341__grp_032_vs_grp_034__1","GSE186341",2,40,"nessuno"
"cgroup_L5_16525349","GSE186341__GSE186341__NCI-H1793_Ponatinib_vs_NCI-H1793_DMSO__1","GSE186341",2,22,"nessuno"
"cgroup_L5_16525349","GSE186341__GSE186341__grp_0053_vs_grp_0019__1","GSE186341",1,3,"solo_trattato"
"cgroup_L5_16525349","GSE186341__GSE186341__grp_011_vs_grp_013__1","GSE186341",1,14,"solo_trattato"
"cgroup_L5_16525349","GSE186341__GSE186341__grp_049_vs_grp_022__1","GSE186341",1,1,"entrambi"
"cgroup_L5_16525349","GSE186341__GSE186341__grp_053_vs_grp_022__1","GSE186341",1,1,"entrambi"
"cgroup_L5_16525349","GSE217421__GSE217421__grp_DMSO_1_vs_grp_Ponatinib_1__1","GSE217421",1,9,"solo_trattato"
"cgroup_L5_16525349","GSE217421__GSE217421__grp_DMSO_2_vs_grp_Ponatinib_2__1","GSE217421",1,54,"solo_trattato"
"cgroup_L5_16525349","GSE217421__GSE217421__grp_DMSO_1_vs_grp_Ponatinib_3__1","GSE217421",1,9,"solo_trattato"
"cgroup_L5_16525349","GSE217421__GSE217421__grp_DMSO_1_vs_grp_Ponatinib_4__1","GSE217421",1,9,"solo_trattato"
"cgroup_L5_16525349","GSE217421__GSE217421__grp_DMSO_1_vs_grp_Ponatinib_5__1","GSE217421",4,9,"nessuno"
"cgroup_L5_16525349","GSE217421__GSE217421__grp_Ponatinib_1_vs_grp_DMSO_1__1","GSE217421",7,9,"nessuno"
"cgroup_L5_16525349","GSE95079__GSE95079__Ponatinib_vs_DMSO__1","GSE95079",2,2,"nessuno"
"cgroup_L5_b8bc334a","GSE199800__GSE199800__grp_0018_vs_grp_0015__1","GSE199800",1,4,"solo_trattato"
"cgroup_L5_b8bc334a","GSE228261__GSE228261__grp_0005_vs_grp_0004__1","GSE228261",2,2,"nessuno"
"cgroup_L5_b8bc334a","GSE228263__GSE228263__grp_0006_vs_grp_0005__1","GSE228263",1,2,"solo_trattato"
"cgroup_L5_b8bc334a","GSE228263__GSE228263__grp_0007_vs_grp_0005__1","GSE228263",1,2,"solo_trattato"
"cgroup_L5_7b545f77","GSE134045__GSE134045__grp_0012_vs_grp_0004__1","GSE134045",1,3,"solo_trattato"
"cgroup_L5_7b545f77","GSE146687__GSE146687__grp_0010_vs_grp_0009__1","GSE146687",3,2,"nessuno"
"cgroup_L5_7b545f77","GSE180664__GSE180664__grp_0011_vs_grp_0010__1","GSE180664",1,2,"solo_trattato"
"cgroup_L5_7b545f77","GSE180664__GSE180664__grp_0012_vs_grp_0010__1","GSE180664",1,2,"solo_trattato"
"cgroup_L5_7b545f77","GSE180664__GSE180664__grp_0013_vs_grp_0010__1","GSE180664",1,2,"solo_trattato"
"cgroup_L5_7b545f77","GSE180664__GSE180664__grp_0014_vs_grp_0010__1","GSE180664",1,2,"solo_trattato"
"cgroup_L5_7b545f77","GSE199800__GSE199800__grp_0051_vs_grp_0015__1","GSE199800",1,4,"solo_trattato"
"cgroup_L5_7b545f77","GSE211468__GSE211468__Irinotecan_5_days_4_hours_vs_DMSO_4_hours__1","GSE211468",2,2,"nessuno"
"cgroup_L5_7b545f77","GSE227897__GSE227897__irinotecan_vs_control__1","GSE227897",1,1,"entrambi"
"cgroup_L5_af782291","GSE144991__GSE144991__leptin_vs_DMSO__1","GSE144991",1,1,"entrambi"
"cgroup_L5_af782291","GSE144991__GSE144991__leptin_vs_DMSO2__1","GSE144991",1,1,"entrambi"
"cgroup_L5_af782291","GSE179347__GSE179347__SGBS_LEPTIN_vs_SGBS_EMEM_medium__1","GSE179347",3,9,"nessuno"
"cgroup_L5_af782291","GSE196702__GSE196702__Leptin_0.25_ng/ml_vs_Untreated__1","GSE196702",1,1,"entrambi"
"cgroup_L5_af782291","GSE196702__GSE196702__Leptin_1_ng/ml_vs_Untreated__1","GSE196702",1,1,"entrambi"
"cgroup_L5_af782291","GSE196702__GSE196702__Leptin_10_ng/ml_vs_Untreated__1","GSE196702",1,1,"entrambi"
"cgroup_L5_a3112513","GSE107735__GSE107735__575A_pioglitazone_vs_575A_DMSO__1","GSE107735",1,1,"entrambi"
"cgroup_L5_a3112513","GSE107735__GSE107735__JMSU-1_pioglitazone_vs_JMSU-1_DMSO__1","GSE107735",1,2,"solo_trattato"
"cgroup_L5_a3112513","GSE125570__GSE125570__grp_0004_vs_grp_0003__1","GSE125570",4,4,"nessuno"
"cgroup_L5_a3112513","GSE125570__GSE125570__grp_0005_vs_grp_0002__1","GSE125570",4,4,"nessuno"
"cgroup_L5_a3112513","GSE125570__GSE125570__grp_0006_vs_grp_0003__1","GSE125570",3,4,"nessuno"
"cgroup_L5_a3112513","GSE125570__GSE125570__grp_0007_vs_grp_0002__1","GSE125570",1,4,"solo_trattato"
"cgroup_L5_a3112513","GSE125570__GSE125570__grp_0008_vs_grp_0002__1","GSE125570",2,4,"nessuno"
"cgroup_L5_a3112513","GSE125570__GSE125570__grp_0009_vs_grp_0003__1","GSE125570",3,4,"nessuno"
"cgroup_L5_a3112513","GSE125570__GSE125570__grp_0010_vs_grp_0002__1","GSE125570",2,4,"nessuno"
"cgroup_L5_a3112513","GSE125570__GSE125570__grp_0011_vs_grp_0003__1","GSE125570",3,4,"nessuno"
"cgroup_L5_a3112513","GSE125570__GSE125570__grp_0012_vs_grp_0003__1","GSE125570",1,4,"solo_trattato"
"cgroup_L5_a3112513","GSE125570__GSE125570__grp_0013_vs_grp_0003__1","GSE125570",1,4,"solo_trattato"
"cgroup_L5_a3112513","GSE125570__GSE125570__grp_0014_vs_grp_0002__1","GSE125570",1,4,"solo_trattato"
"cgroup_L5_a3112513","GSE125570__GSE125570__grp_0026_vs_grp_0002__1","GSE125570",1,4,"solo_trattato"
"cgroup_L5_a3112513","GSE125570__GSE125570__grp_0027_vs_grp_0002__1","GSE125570",2,4,"nessuno"
"cgroup_L5_a3112513","GSE125570__GSE125570__grp_0028_vs_grp_0002__1","GSE125570",2,4,"nessuno"
"cgroup_L5_a3112513","GSE125570__GSE125570__grp_0029_vs_grp_0003__1","GSE125570",1,4,"solo_trattato"
"cgroup_L5_a3112513","GSE125570__GSE125570__grp_0030_vs_grp_0002__1","GSE125570",1,4,"solo_trattato"
"cgroup_L5_a3112513","GSE217421__GSE217421__grp_DMSO_1_vs_grp_Pioglitazone_1__1","GSE217421",7,9,"nessuno"
"cgroup_L5_a3112513","GSE217421__GSE217421__grp_DMSO_1_vs_grp_Pioglitazone_2__1","GSE217421",12,9,"nessuno"
"cgroup_L5_c5e86fe9","GSE114273__GSE114273__grp_0006_vs_grp_0003__1","GSE114273",1,2,"solo_trattato"
"cgroup_L5_c5e86fe9","GSE153867__GSE153867__grp_0003_vs_grp_0001__1","GSE153867",8,5,"nessuno"
"cgroup_L5_c5e86fe9","GSE153867__GSE153867__grp_0003_vs_grp_0002__1","GSE153867",8,3,"nessuno"
"cgroup_L5_c5e86fe9","GSE164088__GSE164088__olaparib_cafs_vs_DMSO_cafs__1","GSE164088",6,8,"nessuno"
"cgroup_L5_c5e86fe9","GSE165548__GSE165548__grp_0002_vs_grp_0001__1","GSE165548",1,5,"solo_trattato"
"cgroup_L5_c5e86fe9","GSE165548__GSE165548__grp_0016_vs_grp_0001__1","GSE165548",1,5,"solo_trattato"
"cgroup_L5_c5e86fe9","GSE165548__GSE165548__grp_0017_vs_grp_0001__1","GSE165548",1,5,"solo_trattato"
"cgroup_L5_c5e86fe9","GSE165548__GSE165548__grp_0020_vs_grp_0001__1","GSE165548",2,5,"nessuno"
"cgroup_L5_c5e86fe9","GSE165585__GSE165585__grp_0010_vs_grp_0002__1","GSE165585",2,2,"nessuno"
"cgroup_L5_c5e86fe9","GSE167005__GSE167005__grp_0010_vs_grp_0002__1","GSE167005",1,1,"entrambi"
"cgroup_L5_c5e86fe9","GSE167005__GSE167005__grp_0011_vs_grp_0003__1","GSE167005",1,1,"entrambi"
"cgroup_L5_c5e86fe9","GSE167005__GSE167005__grp_0012_vs_grp_0001__1","GSE167005",1,1,"entrambi"
"cgroup_L5_c5e86fe9","GSE188717__GSE188717__Olaparib_vs_DMSO__1","GSE188717",3,6,"nessuno"
"cgroup_L5_c5e86fe9","GSE188717__GSE188717__Olaparib_rep_vs_DMSO__1","GSE188717",3,6,"nessuno"
"cgroup_L5_c5e86fe9","GSE189186__GSE189186__LNCaP_Olaparib_vs_LNCaP_DMSO__1","GSE189186",2,2,"nessuno"
"cgroup_L5_c5e86fe9","GSE191231__GSE191231__Olaparib_vs_Control__1","GSE191231",1,2,"solo_trattato"
"cgroup_L5_c5e86fe9","GSE191231__GSE191231__Olaparib_vs_Control__2","GSE191231",1,2,"solo_trattato"
"cgroup_L5_c5e86fe9","GSE199800__GSE199800__Olaparib_vs_DMSO__1","GSE199800",1,3,"solo_trattato"
"cgroup_L5_c5e86fe9","GSE208234__GSE208234__grp_0002_vs_grp_0001__1","GSE208234",1,1,"entrambi"
"cgroup_L5_c5e86fe9","GSE225338__GSE225338__grp_0004_vs_grp_0001__1","GSE225338",1,1,"entrambi"
"cgroup_L5_c5e86fe9","GSE225338__GSE225338__grp_0034_vs_grp_0033__1","GSE225338",1,1,"entrambi"
"cgroup_L5_c5e86fe9","GSE225338__GSE225338__grp_0035_vs_grp_0033__1","GSE225338",1,1,"entrambi"
"cgroup_L5_c5e86fe9","GSE229119__GSE229119__grp_0002_vs_grp_0001__1","GSE229119",1,1,"entrambi"
"cgroup_L5_c5e86fe9","GSE229119__GSE229119__grp_0008_vs_grp_0005__1","GSE229119",1,1,"entrambi"
"cgroup_L5_c5e86fe9","GSE229119__GSE229119__grp_0011_vs_grp_0009__1","GSE229119",1,1,"entrambi"
"cgroup_L5_c5e86fe9","GSE229119__GSE229119__grp_0015_vs_grp_0013__1","GSE229119",1,1,"entrambi"
"cgroup_L5_c5e86fe9","GSE229119__GSE229119__grp_0019_vs_grp_0017__1","GSE229119",1,1,"entrambi"
"cgroup_L5_c5e86fe9","GSE229119__GSE229119__grp_0020_vs_grp_0021__1","GSE229119",1,1,"entrambi"
"cgroup_L5_c5e86fe9","GSE229119__GSE229119__grp_0022_vs_grp_0021__1","GSE229119",1,1,"entrambi"
"cgroup_L5_c5e86fe9","GSE229119__GSE229119__grp_0023_vs_grp_0021__1","GSE229119",1,1,"entrambi"
"cgroup_L5_c5e86fe9","GSE229119__GSE229119__grp_0027_vs_grp_0024__1","GSE229119",1,1,"entrambi"
"cgroup_L5_c5e86fe9","GSE233429__GSE233429__grp_0004_vs_grp_0003__1","GSE233429",1,1,"entrambi"
"cgroup_L5_c5e86fe9","GSE246781__GSE246781__grp_0001_vs_grp_0002__1","GSE246781",2,2,"nessuno"
"cgroup_L5_1d96b9da","GSE105160__GSE105160__grp_0002_vs_grp_0001__1","GSE105160",8,9,"nessuno"
"cgroup_L5_1d96b9da","GSE105160__GSE105160__grp_0003_vs_grp_0001__1","GSE105160",1,9,"solo_trattato"
"cgroup_L5_1d96b9da","GSE105160__GSE105160__grp_0004_vs_grp_0001__1","GSE105160",1,9,"solo_trattato"
"cgroup_L5_1d96b9da","GSE106885__GSE106885__grp_asthma_polyic_vs_grp_asthma_sham__1","GSE106885",1,1,"entrambi"
"cgroup_L5_1d96b9da","GSE106885__GSE106885__grp_normal_polyic_vs_grp_normal_sham__1","GSE106885",1,1,"entrambi"
"cgroup_L5_1d96b9da","GSE109181__GSE109181__poly(I:C)_vs_control__1","GSE109181",6,6,"nessuno"
"cgroup_L5_1d96b9da","GSE145639__GSE145639__Poly(I:C)_D5_vs_Mock-Treated_D5__1","GSE145639",2,3,"nessuno"
"cgroup_L5_1d96b9da","GSE145639__GSE145639__Poly(I:C)_D14_vs_Mock-Treated_D14__1","GSE145639",2,2,"nessuno"
"cgroup_L5_1d96b9da","GSE145639__GSE145639__ADAR1_Knockdown_Poly(I:C)_D5_vs_ADAR1_Knockdown_Mock-Treated_D5__1","GSE145639",1,2,"solo_trattato"
"cgroup_L5_1d96b9da","GSE145639__GSE145639__ADAR1_Knockdown_Poly(I:C)_D14_vs_ADAR1_Knockdown_Mock-Treated_D14__1","GSE145639",1,1,"entrambi"
"cgroup_L5_1d96b9da","GSE151796__GSE151796__grp_intestinal_polyic_vs_grp_intestinal_untreated__1","GSE151796",4,4,"nessuno"
"cgroup_L5_1d96b9da","GSE151796__GSE151796__grp_lung_polyic_vs_grp_lung_untreated__1","GSE151796",4,4,"nessuno"
"cgroup_L5_1d96b9da","GSE171228__GSE171228__Poly(I:C)_2h_vs_Untreated__1","GSE171228",1,1,"entrambi"
"cgroup_L5_1d96b9da","GSE171228__GSE171228__Poly(I:C)_3h_vs_Untreated__1","GSE171228",1,1,"entrambi"
"cgroup_L5_1d96b9da","GSE180881__GSE180881__grp_0011_vs_grp_0001__1","GSE180881",2,2,"nessuno"
"cgroup_L5_1d96b9da","GSE180881__GSE180881__grp_0012_vs_grp_0002__1","GSE180881",2,2,"nessuno"
"cgroup_L5_1d96b9da","GSE180881__GSE180881__grp_0023_vs_grp_0019__1","GSE180881",4,1,"solo_controllo"
"cgroup_L5_1d96b9da","GSE180881__GSE180881__grp_0024_vs_grp_0018__1","GSE180881",2,2,"nessuno"
"cgroup_L5_1d96b9da","GSE189706__GSE189706__grp_0003_vs_grp_0002__1","GSE189706",3,2,"nessuno"
"cgroup_L5_1d96b9da","GSE189706__GSE189706__grp_0006_vs_grp_0005__1","GSE189706",2,2,"nessuno"
"cgroup_L5_1d96b9da","GSE196243__GSE196243__dermal_HC_PolyIC_vs_dermal_HC_untreated__1","GSE196243",1,3,"solo_trattato"
"cgroup_L5_1d96b9da","GSE213691__GSE213691__grp_0005_vs_grp_0001__1","GSE213691",4,2,"nessuno"
"cgroup_L5_1d96b9da","GSE213759__GSE213759__grp_0007_vs_grp_0011__1","GSE213759",1,11,"solo_trattato"
"cgroup_L5_1d96b9da","GSE216304__GSE216304__grp_0006_vs_grp_0007__1","GSE216304",4,1,"solo_controllo"
"cgroup_L5_1d96b9da","GSE223543__GSE223543__grp_0002_vs_grp_0001__1","GSE223543",3,3,"nessuno"
"cgroup_L5_1d96b9da","GSE223543__GSE223543__grp_0005_vs_grp_0004__1","GSE223543",3,3,"nessuno"
"cgroup_L5_1d96b9da","GSE231686__GSE231686__SLE_POLYIC_vs_SLE_Untreated__1","GSE231686",4,3,"nessuno"
"cgroup_L5_1d96b9da","GSE244125__GSE244125__grp_0002_vs_grp_0003__1","GSE244125",1,4,"solo_trattato"
"cgroup_L5_1d96b9da","GSE244125__GSE244125__grp_0004_vs_grp_0003__1","GSE244125",1,4,"solo_trattato"
"cgroup_L5_1d96b9da","GSE244125__GSE244125__grp_0005_vs_grp_0003__1","GSE244125",1,4,"solo_trattato"
"cgroup_L5_1d96b9da","GSE244125__GSE244125__grp_0006_vs_grp_0003__1","GSE244125",1,4,"solo_trattato"
"cgroup_L5_1d96b9da","GSE251809__GSE251809__grp_0004_vs_grp_0003__1","GSE251809",2,6,"nessuno"
"cgroup_L5_1d96b9da","GSE251809__GSE251809__grp_0021_vs_grp_0019__1","GSE251809",3,5,"nessuno"
"cgroup_L5_00fd9348","GSE191165__GSE191165__propranolol_vs_untreated__1","GSE191165",3,3,"nessuno"
"cgroup_L5_00fd9348","GSE199800__GSE199800__grp_0046_vs_grp_0015__1","GSE199800",2,4,"nessuno"
"cgroup_L5_00fd9348","GSE228234__GSE228234__grp_FT237_propranolol_4hr_vs_grp_FT237_none_4hr__1","GSE228234",1,1,"entrambi"
"cgroup_L5_00fd9348","GSE228234__GSE228234__grp_FT246_propranolol_24hr_vs_grp_FT246_none_24hr__1","GSE228234",2,2,"nessuno"
"cgroup_L5_aa505132","GSE124786__GSE124786__Nintedanib_2uM_vs_Untreated__1","GSE124786",1,1,"entrambi"
"cgroup_L5_aa505132","GSE124786__GSE124786__Nintedanib_4uM_vs_Untreated__1","GSE124786",1,1,"entrambi"
"cgroup_L5_aa505132","GSE146095__GSE146095__Nintedanib_0.2uM_vs_Control__1","GSE146095",1,14,"solo_trattato"
"cgroup_L5_aa505132","GSE178518__GSE178518__grp_0009_vs_grp_0012__1","GSE178518",2,3,"nessuno"
"cgroup_L5_aa505132","GSE178518__GSE178518__grp_0014_vs_grp_0006__1","GSE178518",3,3,"nessuno"
"cgroup_L5_aa505132","GSE210020__GSE210020__grp_0008_vs_grp_0006__1","GSE210020",3,2,"nessuno"
"cgroup_L5_b6b8bc00","GSE110397__GSE110397__H460_Palbociclib_vs_H460_Vehicle__1","GSE110397",1,2,"solo_trattato"
"cgroup_L5_b6b8bc00","GSE113922__GSE113922__grp_0001_vs_grp_0002__1","GSE113922",1,1,"entrambi"
"cgroup_L5_b6b8bc00","GSE113922__GSE113922__grp_0005_vs_grp_0007__1","GSE113922",3,9,"nessuno"
"cgroup_L5_b6b8bc00","GSE113922__GSE113922__grp_0009_vs_grp_0002__1","GSE113922",23,1,"solo_controllo"
"cgroup_L5_b6b8bc00","GSE113922__GSE113922__grp_0010_vs_grp_0002__1","GSE113922",1,1,"entrambi"
"cgroup_L5_b6b8bc00","GSE113922__GSE113922__grp_0020_vs_grp_0002__1","GSE113922",1,1,"entrambi"
"cgroup_L5_b6b8bc00","GSE113922__GSE113922__grp_0021_vs_grp_0002__1","GSE113922",1,1,"entrambi"
"cgroup_L5_b6b8bc00","GSE126998__GSE126998__Palbociclib_vs_DMSO__1","GSE126998",2,2,"nessuno"
"cgroup_L5_b6b8bc00","GSE128056__GSE128056__grp_0002_vs_grp_0001__1","GSE128056",1,1,"entrambi"
"cgroup_L5_b6b8bc00","GSE128056__GSE128056__grp_0003_vs_grp_0001__1","GSE128056",1,1,"entrambi"
"cgroup_L5_b6b8bc00","GSE128056__GSE128056__grp_0004_vs_grp_0006__1","GSE128056",1,2,"solo_trattato"
"cgroup_L5_b6b8bc00","GSE128056__GSE128056__grp_0005_vs_grp_0006__1","GSE128056",1,2,"solo_trattato"
"cgroup_L5_b6b8bc00","GSE131983__GSE131983__palbociclib_vs_DMSO__1","GSE131983",2,4,"nessuno"
"cgroup_L5_b6b8bc00","GSE133567__GSE133567__A375AR991_palbociclib_1_vs_A375_no_treatment__1","GSE133567",1,3,"solo_trattato"
"cgroup_L5_b6b8bc00","GSE133567__GSE133567__A375AR991_palbociclib_2_vs_A375_no_treatment__1","GSE133567",1,3,"solo_trattato"
"cgroup_L5_b6b8bc00","GSE133567__GSE133567__A375AR991_palbociclib_3_vs_A375_no_treatment__1","GSE133567",1,3,"solo_trattato"
"cgroup_L5_b6b8bc00","GSE133567__GSE133567__CHL1AR991_palbociclib_1_vs_CHL1_no_treatment__1","GSE133567",1,3,"solo_trattato"
"cgroup_L5_b6b8bc00","GSE133567__GSE133567__CHL1AR991_palbociclib_2_vs_CHL1_no_treatment__1","GSE133567",2,3,"nessuno"
"cgroup_L5_b6b8bc00","GSE133568__GSE133568__grp_0002_vs_grp_0003__1","GSE133568",1,1,"entrambi"
"cgroup_L5_b6b8bc00","GSE140758__GSE140758__grp_0005_vs_grp_0012__1","GSE140758",3,1,"solo_controllo"
"cgroup_L5_b6b8bc00","GSE145316__GSE145316__grp_0002_vs_grp_0001__1","GSE145316",2,2,"nessuno"
"cgroup_L5_b6b8bc00","GSE145316__GSE145316__grp_0005_vs_grp_0004__1","GSE145316",1,2,"solo_trattato"
"cgroup_L5_b6b8bc00","GSE148342__GSE148342__palbociclib_vs_control__1","GSE148342",2,4,"nessuno"
"cgroup_L5_b6b8bc00","GSE155001__GSE155001__grp_0002_vs_grp_0001__1","GSE155001",3,3,"nessuno"
"cgroup_L5_b6b8bc00","GSE155001__GSE155001__grp_0004_vs_grp_0003__1","GSE155001",1,3,"solo_trattato"
"cgroup_L5_b6b8bc00","GSE184156__GSE184156__Palbociclib_vs_Vehicle__1","GSE184156",3,3,"nessuno"
"cgroup_L5_b6b8bc00","GSE190792__GSE190792__2102EP_palbociclib_vs_2102EP_solvent_control__1","GSE190792",1,1,"entrambi"
"cgroup_L5_b6b8bc00","GSE190792__GSE190792__JAR_palbociclib_vs_JAR_solvent_control__1","GSE190792",1,1,"entrambi"
"cgroup_L5_b6b8bc00","GSE190792__GSE190792__JEG-3_palbociclib_vs_JEG-3_solvent_control__1","GSE190792",1,1,"entrambi"
"cgroup_L5_b6b8bc00","GSE190792__GSE190792__MPAF_palbociclib_vs_MPAF_solvent_control__1","GSE190792",1,1,"entrambi"
"cgroup_L5_b6b8bc00","GSE190792__GSE190792__NCCIT_palbociclib_vs_NCCIT_solvent_control__1","GSE190792",1,1,"entrambi"
"cgroup_L5_b6b8bc00","GSE190792__GSE190792__TCam-2_palbociclib_vs_TCam-2_solvent_control__1","GSE190792",1,1,"entrambi"
"cgroup_L5_b6b8bc00","GSE195568__GSE195568__MSTO-211H_palbociclib_1uM_10days_washout_vs_MSTO-211H_DMSO_0.1pct_10days__1","GSE195568",1,1,"entrambi"
"cgroup_L5_b6b8bc00","GSE195568__GSE195568__NCI-H2052_palbociclib_1uM_9days_vs_NCI-H2052_DMSO_0.1pct_9days__1","GSE195568",1,1,"entrambi"
"cgroup_L5_b6b8bc00","GSE195568__GSE195568__NCI-H2052_palbociclib_1uM_10days_vs_NCI-H2052_DMSO_0.1pct_10days__1","GSE195568",1,1,"entrambi"
"cgroup_L5_b6b8bc00","GSE195568__GSE195568__NCI-H2052_palbociclib_1uM_10days_washout_vs_NCI-H2052_DMSO_0.1pct_10days__1","GSE195568",1,1,"entrambi"
"cgroup_L5_b6b8bc00","GSE195568__GSE195568__NCI-H2452_palbociclib_1uM_10days_vs_NCI-H2452_DMSO_0.1pct_10days__1","GSE195568",1,1,"entrambi"
"cgroup_L5_b6b8bc00","GSE195568__GSE195568__NCI-H2452_palbociclib_1uM_10days_washout_vs_NCI-H2452_DMSO_0.1pct_10days__1","GSE195568",1,1,"entrambi"
"cgroup_L5_b6b8bc00","GSE195568__GSE195568__NCI-H2452_palbociclib_1uM_9days_reps_vs_NCI-H2452_DMSO_0.1pct_9days__1","GSE195568",2,2,"nessuno"
"cgroup_L5_b6b8bc00","GSE195568__GSE195568__NCI-H28_palbociclib_1uM_9days_vs_NCI-H28_DMSO_0.1pct_9days__1","GSE195568",2,2,"nessuno"
"cgroup_L5_b6b8bc00","GSE195568__GSE195568__NCI-H28_palbociclib_1uM_10days_vs_NCI-H28_DMSO_0.1pct_10days__1","GSE195568",1,1,"entrambi"
"cgroup_L5_b6b8bc00","GSE195568__GSE195568__NCI-H28_palbociclib_1uM_10days_washout_vs_NCI-H28_DMSO_0.1pct_10days__1","GSE195568",1,1,"entrambi"
"cgroup_L5_b6b8bc00","GSE197600__GSE197600__grp_palbociclib_vs_grp_none_1__1","GSE197600",2,1,"solo_controllo"
"cgroup_L5_b6b8bc00","GSE197601__GSE197601__palbo_vs_none__1","GSE197601",1,1,"entrambi"
"cgroup_L5_b6b8bc00","GSE197602__GSE197602__SUM159_Palbociclib_vs_SUM159_untreated__1","GSE197602",2,2,"nessuno"
"cgroup_L5_b6b8bc00","GSE197603__GSE197603__A549_Palbociclib_vs_A549_untreated__1","GSE197603",2,2,"nessuno"
"cgroup_L5_b6b8bc00","GSE206257__GSE206257__grp_0001_vs_grp_0003__1","GSE206257",2,2,"nessuno"
"cgroup_L5_b6b8bc00","GSE206257__GSE206257__grp_0006_vs_grp_0005__1","GSE206257",1,2,"solo_trattato"
"cgroup_L5_b6b8bc00","GSE216418__GSE216418__grp_0002_vs_grp_0001__1","GSE216418",6,6,"nessuno"
"cgroup_L5_b6b8bc00","GSE234514__GSE234514__grp_0003_vs_grp_0005__1","GSE234514",3,3,"nessuno"
"cgroup_L5_b6b8bc00","GSE234514__GSE234514__grp_0004_vs_grp_0005__1","GSE234514",3,3,"nessuno"
"cgroup_L5_b6b8bc00","GSE235401__GSE235401__grp_0002_vs_grp_0001__1","GSE235401",1,2,"solo_trattato"
"cgroup_L5_b6b8bc00","GSE235401__GSE235401__grp_0003_vs_grp_0001__1","GSE235401",1,2,"solo_trattato"
"cgroup_L5_b6b8bc00","GSE235401__GSE235401__grp_0005_vs_grp_0004__1","GSE235401",2,2,"nessuno"
"cgroup_L5_b6b8bc00","GSE235738__GSE235738__ASPS-PDX-Palbo-1_vs_ASPS-PDX-Control-1__1","GSE235738",1,1,"entrambi"
"cgroup_L5_b6b8bc00","GSE235738__GSE235738__ASPS-PDX-Palbo-2_vs_ASPS-PDX-Control-2__1","GSE235738",1,1,"entrambi"
"cgroup_L5_b6b8bc00","GSE241943__GSE241943__Palbociclib_25mg/kg_vs_Vehicle__1","GSE241943",1,6,"solo_trattato"
"cgroup_L5_b6b8bc00","GSE241943__GSE241943__Palbociclib_25mg/kg_vs_Vehicle__2","GSE241943",1,6,"solo_trattato"
"cgroup_L5_b6b8bc00","GSE241943__GSE241943__Palbociclib_25mg/kg_vs_Vehicle__3","GSE241943",1,6,"solo_trattato"
"cgroup_L5_b6b8bc00","GSE241943__GSE241943__Palbociclib_25mg/kg_vs_Vehicle__4","GSE241943",1,6,"solo_trattato"
"cgroup_L5_b6b8bc00","GSE268848__GSE268848__grp_C42_Palbociclib_vs_grp_C42_DMSO__1","GSE268848",1,1,"entrambi"
"cgroup_L5_b6b8bc00","GSE268848__GSE268848__grp_Du145_Palbociclib_vs_grp_Du145_DMSO__1","GSE268848",1,3,"solo_trattato"
"cgroup_L5_b6b8bc00","GSE99116__GSE99116__HCC1419_Palbociclib_0.3uM_24hr_vs_HCC1419_Control_24hr__1","GSE99116",1,1,"entrambi"
"cgroup_L5_b6b8bc00","GSE99116__GSE99116__HCC1419_Palbociclib_0.3uM_6hr_vs_HCC1419_Control_6hr__1","GSE99116",1,1,"entrambi"
"cgroup_L5_b6b8bc00","GSE99116__GSE99116__HCC1419_Palbociclib_3uM_24hr_vs_HCC1419_Control_24hr__1","GSE99116",1,1,"entrambi"
"cgroup_L5_b6b8bc00","GSE99116__GSE99116__HS578T_Palbociclib_0.3_uM_6hr_vs_HS578T_Control_0_uM_6hr__1","GSE99116",1,1,"entrambi"
"cgroup_L5_b6b8bc00","GSE99116__GSE99116__HS578T_Palbociclib_3_uM_6hr_vs_HS578T_Control_0_uM_6hr__1","GSE99116",1,1,"entrambi"
"cgroup_L5_a8d88150","GSE146095__GSE146095__Lenvatinib_1.5uM_vs_Control__1","GSE146095",2,14,"nessuno"
"cgroup_L5_a8d88150","GSE157905__GSE157905__grp_0005_vs_grp_0007__1","GSE157905",1,2,"solo_trattato"
"cgroup_L5_a8d88150","GSE157905__GSE157905__grp_0009_vs_grp_0007__1","GSE157905",3,2,"nessuno"
"cgroup_L5_a8d88150","GSE199800__GSE199800__Lenvatinib_vs_UNTREATED__1","GSE199800",1,6,"solo_trattato"
"cgroup_L5_a8d88150","GSE211850__GSE211850__grp_0003_vs_grp_0001__1","GSE211850",3,2,"nessuno"
"cgroup_L5_a8d88150","GSE211850__GSE211850__grp_0003_vs_grp_0002__1","GSE211850",3,1,"solo_controllo"
"cgroup_L5_a8d88150","GSE223201__GSE223201__grp_0001_vs_grp_0002__1","GSE223201",1,10,"solo_trattato"
"cgroup_L5_a8d88150","GSE223201__GSE223201__grp_0003_vs_grp_0002__1","GSE223201",4,10,"nessuno"
"cgroup_L5_455fe91d","GSE113753__GSE113753__DAPT_vs_FC_control__1","GSE113753",1,1,"entrambi"
"cgroup_L5_455fe91d","GSE113753__GSE113753__transgene_DAPT_vs_transgene_DMSO__1","GSE113753",4,4,"nessuno"
"cgroup_L5_455fe91d","GSE148919__GSE148919__grp_0002_vs_grp_0001__1","GSE148919",3,3,"nessuno"
"cgroup_L5_455fe91d","GSE240928__GSE240928__grp_0003_vs_grp_0004__1","GSE240928",4,5,"nessuno"
"cgroup_L5_455fe91d","GSE240928__GSE240928__grp_0008_vs_grp_0007__1","GSE240928",6,2,"nessuno"
"cgroup_L5_455fe91d","GSE66744__GSE66744__grp_MDA-MB-231_DAPT_vs_grp_MDA-MB-231_DMSO__1","GSE66744",1,1,"entrambi"
"cgroup_L5_455fe91d","GSE66744__GSE66744__grp_MDA-MB-231_DAPT_Fc-DLL4_vs_grp_MDA-MB-231_DMSO__1","GSE66744",1,1,"entrambi"
"cgroup_L5_57ea5503","GSE125035__GSE125035__grp_0005_vs_grp_0007__1","GSE125035",2,4,"nessuno"
"cgroup_L5_57ea5503","GSE195917__GSE195917__PD0325901_vs_DMSO__1","GSE195917",3,2,"nessuno"
"cgroup_L5_57ea5503","GSE199800__GSE199800__PD0325901_vs_UNTREATED__1","GSE199800",1,4,"solo_trattato"
"cgroup_L5_57ea5503","GSE94353__GSE94353__grp_0003_vs_grp_0002__1","GSE94353",1,1,"entrambi"
"cgroup_L5_7cda77c1","GSE123760__GSE123760__grp_D341_CI-994_vs_grp_D341_DMSO__1","GSE123760",1,1,"entrambi"
"cgroup_L5_7cda77c1","GSE123760__GSE123760__grp_D425_CI-994_vs_grp_D425_DMSO__1","GSE123760",1,1,"entrambi"
"cgroup_L5_7cda77c1","GSE123760__GSE123760__grp_MED8A_CI-994_vs_grp_Medulloblastoma_DMSO__1","GSE123760",1,1,"entrambi"
"cgroup_L5_7cda77c1","GSE197985__GSE197985__grp_0006_vs_grp_0007__1","GSE197985",1,3,"solo_trattato"
"cgroup_L5_7cda77c1","GSE197985__GSE197985__grp_0019_vs_grp_0012__1","GSE197985",1,3,"solo_trattato"
"cgroup_L5_7cda77c1","GSE197985__GSE197985__grp_0020_vs_grp_0012__1","GSE197985",1,3,"solo_trattato"
"cgroup_L5_7cda77c1","GSE199800__GSE199800__Tacedinaline_vs_UNTREATED__1","GSE199800",1,4,"solo_trattato"
"cgroup_L5_0a71325c","GSE121272__GSE121272__AC220_12hr_vs_DMSO__1","GSE121272",3,3,"nessuno"
"cgroup_L5_0a71325c","GSE121272__GSE121272__AC220_6hr_vs_DMSO__1","GSE121272",3,3,"nessuno"
"cgroup_L5_0a71325c","GSE181586__GSE181586__MOLM14_AC220_vs_MOLM14_DMSO__1","GSE181586",1,3,"solo_trattato"
"cgroup_L5_0a71325c","GSE186341__GSE186341__Quizartinib_vs_DMSO__1","GSE186341",1,17,"solo_trattato"
"cgroup_L5_0a71325c","GSE186341__GSE186341__Quizartinib_2_vs_DMSO__1","GSE186341",1,17,"solo_trattato"
"cgroup_L5_0a71325c","GSE186341__GSE186341__Quizartinib_vs_DMSO__2","GSE186341",1,48,"solo_trattato"
"cgroup_L5_0a71325c","GSE186341__GSE186341__Quizartinib_vs_DMSO__3","GSE186341",1,48,"solo_trattato"
"cgroup_L5_0a71325c","GSE186341__GSE186341__Quizartinib_vs_DMSO__4","GSE186341",1,9,"solo_trattato"
"cgroup_L5_0a71325c","GSE186341__GSE186341__Quizartinib_vs_DMSO__5","GSE186341",1,9,"solo_trattato"
"cgroup_L5_0a71325c","GSE186341__GSE186341__grp_023_vs_grp_052__1","GSE186341",2,26,"nessuno"
"cgroup_L5_0a71325c","GSE186341__GSE186341__HSTS_Quizartinib_vs_HSTS_DMSO__1","GSE186341",2,27,"nessuno"
"cgroup_L5_0a71325c","GSE186341__GSE186341__grp_011_vs_grp_022__1","GSE186341",2,35,"nessuno"
"cgroup_L5_0a71325c","GSE186341__GSE186341__grp_051_vs_grp_034__1","GSE186341",2,40,"nessuno"
"cgroup_L5_0a71325c","GSE186341__GSE186341__NCI-H1793_Quizartinib_vs_NCI-H1793_DMSO__1","GSE186341",2,22,"nessuno"
"cgroup_L5_0a71325c","GSE186341__GSE186341__grp_0039_vs_grp_0019__1","GSE186341",1,3,"solo_trattato"
"cgroup_L5_0a71325c","GSE186341__GSE186341__grp_0042_vs_grp_0019__1","GSE186341",1,3,"solo_trattato"
"cgroup_L5_0a71325c","GSE186341__GSE186341__grp_029_vs_grp_022__1","GSE186341",1,1,"entrambi"
"cgroup_L5_0a71325c","GSE186341__GSE186341__grp_035_vs_grp_022__1","GSE186341",1,1,"entrambi"
"cgroup_L5_548236b5","GSE126109__GSE126109__grp_0006_vs_grp_0005__1","GSE126109",1,1,"entrambi"
"cgroup_L5_548236b5","GSE139169__GSE139169__grp_0002_vs_grp_0001__1","GSE139169",1,1,"entrambi"
"cgroup_L5_548236b5","GSE165960__GSE165960__selumetinib_xenograft_vs_vehicle_xenograft__1","GSE165960",1,1,"entrambi"
"cgroup_L5_548236b5","GSE199800__GSE199800__Selumetinib_vs_UNTREATED__1","GSE199800",2,6,"nessuno"
"cgroup_L5_548236b5","GSE206867__GSE206867__selumetinib_vs_DMSO__1","GSE206867",1,1,"entrambi"
"cgroup_L5_548236b5","GSE262030__GSE262030__grp_0014_vs_grp_0005__1","GSE262030",2,3,"nessuno"
"cgroup_L5_548236b5","GSE262030__GSE262030__grp_0015_vs_grp_0006__1","GSE262030",1,6,"solo_trattato"
"cgroup_L5_af2c15aa","GSE179347__GSE179347__grp_0001_vs_grp_0031__1","GSE179347",2,14,"nessuno"
"cgroup_L5_af2c15aa","GSE179347__GSE179347__grp_0001_vs_grp_0032__1","GSE179347",1,14,"solo_trattato"
"cgroup_L5_af2c15aa","GSE179347__GSE179347__HMCL7304_U0126_vs_HMCL7304_EMEM_medium__1","GSE179347",3,2,"nessuno"
"cgroup_L5_af2c15aa","GSE179347__GSE179347__SGBS_U0126_vs_SGBS_EMEM_medium__1","GSE179347",3,9,"nessuno"
"cgroup_L5_af2c15aa","GSE190711__GSE190711__grp_0004_vs_grp_0003__1","GSE190711",2,2,"nessuno"
"cgroup_L5_af2c15aa","GSE190711__GSE190711__grp_0008_vs_grp_0007__1","GSE190711",2,2,"nessuno"
"cgroup_L5_af2c15aa","GSE268817__GSE268817__grp_0002_vs_grp_0001__1","GSE268817",1,1,"entrambi"
"cgroup_L5_af2c15aa","GSE94353__GSE94353__grp_0004_vs_grp_0002__1","GSE94353",1,1,"entrambi"
"cgroup_L5_601ede7b","GSE146850__GSE146850__grp_0003_vs_grp_0008__1","GSE146850",1,3,"solo_trattato"
"cgroup_L5_601ede7b","GSE146850__GSE146850__grp_0004_vs_grp_0008__1","GSE146850",1,3,"solo_trattato"
"cgroup_L5_601ede7b","GSE146850__GSE146850__grp_0006_vs_grp_0008__1","GSE146850",1,3,"solo_trattato"
"cgroup_L5_601ede7b","GSE153183__GSE153183__grp_0002_vs_grp_0001__1","GSE153183",2,2,"nessuno"
"cgroup_L5_601ede7b","GSE165019__GSE165019__H1650_osimertinib_4hr_vs_H1650_DMSO_4hr__1","GSE165019",1,1,"entrambi"
"cgroup_L5_601ede7b","GSE165019__GSE165019__H1975_osimertinib_4hr_vs_H1975_DMSO_4hr__1","GSE165019",1,1,"entrambi"
"cgroup_L5_601ede7b","GSE165019__GSE165019__H1975_osimertinib_day_vs_H1975_DMSO_4hr__1","GSE165019",1,1,"entrambi"
"cgroup_L5_601ede7b","GSE165019__GSE165019__HCC4006_osimertinib_AZD8hr_vs_HCC4006_DMSO_4hr__1","GSE165019",1,1,"entrambi"
"cgroup_L5_601ede7b","GSE165019__GSE165019__HCC4006_osimertinib_day_vs_HCC4006_DMSO_4hr__1","GSE165019",1,1,"entrambi"
"cgroup_L5_601ede7b","GSE165019__GSE165019__HCC4006_osimertinib_AZD4hr_vs_HCC4006_DMSO_4hr__1","GSE165019",1,1,"entrambi"
"cgroup_L5_601ede7b","GSE165019__GSE165019__PC9_osimertinib_4hr_vs_PC9_DMSO_4hr__1","GSE165019",1,1,"entrambi"
"cgroup_L5_601ede7b","GSE186341__GSE186341__Osimertinib_vs_DMSO__1","GSE186341",2,17,"nessuno"
"cgroup_L5_601ede7b","GSE186341__GSE186341__Osimertinib_vs_DMSO__2","GSE186341",2,48,"nessuno"
"cgroup_L5_601ede7b","GSE186341__GSE186341__Osimertinib_vs_DMSO__3","GSE186341",2,9,"nessuno"
"cgroup_L5_601ede7b","GSE186341__GSE186341__grp_035_vs_grp_052__1","GSE186341",2,26,"nessuno"
"cgroup_L5_601ede7b","GSE186341__GSE186341__HSTS_Osimertinib_vs_HSTS_DMSO__1","GSE186341",1,27,"solo_trattato"
"cgroup_L5_601ede7b","GSE186341__GSE186341__grp_010_vs_grp_022__1","GSE186341",2,35,"nessuno"
"cgroup_L5_601ede7b","GSE186341__GSE186341__grp_050_vs_grp_034__1","GSE186341",1,40,"solo_trattato"
"cgroup_L5_601ede7b","GSE186341__GSE186341__NCI-H1793_Osimertinib_vs_NCI-H1793_DMSO__1","GSE186341",2,22,"nessuno"
"cgroup_L5_601ede7b","GSE186341__GSE186341__grp_0038_vs_grp_0019__1","GSE186341",2,3,"nessuno"
"cgroup_L5_601ede7b","GSE186341__GSE186341__grp_028_vs_grp_022__1","GSE186341",2,1,"solo_controllo"
"cgroup_L5_601ede7b","GSE202859__GSE202859__HCC827_osimertinib_vs_HCC827_untreated__1","GSE202859",1,3,"solo_trattato"
"cgroup_L5_601ede7b","GSE202859__GSE202859__PC9_osimertinib_vs_PC9_untreated__1","GSE202859",3,3,"nessuno"
"cgroup_L5_601ede7b","GSE211854__GSE211854__grp_0001_vs_grp_0003__1","GSE211854",1,3,"solo_trattato"
"cgroup_L5_601ede7b","GSE211854__GSE211854__grp_0002_vs_grp_0003__1","GSE211854",2,3,"nessuno"
"cgroup_L5_601ede7b","GSE211854__GSE211854__grp_0006_vs_grp_0004__1","GSE211854",2,3,"nessuno"
"cgroup_L5_601ede7b","GSE211854__GSE211854__grp_0007_vs_grp_0004__1","GSE211854",1,3,"solo_trattato"
"cgroup_L5_601ede7b","GSE223372__GSE223372__grp_0001_vs_grp_0003__1","GSE223372",2,4,"nessuno"
"cgroup_L5_601ede7b","GSE223372__GSE223372__grp_0015_vs_grp_0018__1","GSE223372",1,4,"solo_trattato"
"cgroup_L5_601ede7b","GSE223372__GSE223372__grp_0016_vs_grp_0018__1","GSE223372",1,4,"solo_trattato"
"cgroup_L5_601ede7b","GSE223372__GSE223372__grp_0017_vs_grp_0018__1","GSE223372",2,4,"nessuno"
"cgroup_L5_601ede7b","GSE243564__GSE243564__grp_0001_vs_grp_0002__1","GSE243564",3,1,"solo_controllo"
"cgroup_L5_601ede7b","GSE243564__GSE243564__grp_0001_vs_grp_0003__1","GSE243564",3,1,"solo_controllo"
"cgroup_L5_601ede7b","GSE243564__GSE243564__grp_0004_vs_grp_0005__1","GSE243564",3,2,"nessuno"
"cgroup_L5_601ede7b","GSE243564__GSE243564__grp_0006_vs_grp_0007__1","GSE243564",3,1,"solo_controllo"
"cgroup_L5_601ede7b","GSE243564__GSE243564__grp_0006_vs_grp_0008__1","GSE243564",3,1,"solo_controllo"
"cgroup_L5_601ede7b","GSE243565__GSE243565__grp_0006_vs_grp_0005__1","GSE243565",1,3,"solo_trattato"
"cgroup_L5_601ede7b","GSE249138__GSE249138__grp_0001_vs_grp_0003__1","GSE249138",4,2,"nessuno"
"cgroup_L5_601ede7b","GSE249721__GSE249721__grp_HCC827_osimertinib_11days_vs_grp_HCC827_DMSO__1","GSE249721",3,3,"nessuno"
"cgroup_L5_601ede7b","GSE249807__GSE249807__grp_0004_vs_grp_0001__1","GSE249807",1,1,"entrambi"
"cgroup_L5_601ede7b","GSE253742__GSE253742__grp_0002_vs_grp_0001__1","GSE253742",4,4,"nessuno"
"cgroup_L5_601ede7b","GSE255958__GSE255958__grp_H1975_Osimertinib_vs_grp_H1975_none__1","GSE255958",1,1,"entrambi"
"cgroup_L5_601ede7b","GSE255958__GSE255958__grp_LungCancerOrganoid_Osimertinib_3d_vs_grp_LungCancerOrganoid_DMSO__1","GSE255958",1,2,"solo_trattato"
"cgroup_L5_601ede7b","GSE255958__GSE255958__grp_LungCancerOrganoid_Osimertinib_3d_2_vs_grp_LungCancerOrganoid_DMSO__1","GSE255958",1,2,"solo_trattato"
"cgroup_L5_601ede7b","GSE255958__GSE255958__grp_PDX_EGFR_Osimertinib_vs_grp_PDX_EGFR_DMSO__1","GSE255958",1,1,"entrambi"
"cgroup_L5_601ede7b","GSE255958__GSE255958__grp_PDX_EGFR_Osimertinib_2_vs_grp_PDX_EGFR_DMSO__1","GSE255958",2,1,"solo_controllo"
"cgroup_L5_601ede7b","GSE255958__GSE255958__grp_PC9_Osimertinib_d9_vs_grp_PC9_none__1","GSE255958",1,1,"entrambi"
"cgroup_L5_601ede7b","GSE255958__GSE255958__grp_PC9_Osimertinib_48h_2_vs_grp_PC9_DMSO__1","GSE255958",3,3,"nessuno"
"cgroup_L5_203dc31a","GSE108252__GSE108252__CHIR99021_day_15_vs_Vehicle_day_15__1","GSE108252",1,1,"entrambi"
"cgroup_L5_203dc31a","GSE227433__GSE227433__grp_0002_vs_grp_0001__1","GSE227433",1,3,"solo_trattato"
"cgroup_L5_203dc31a","GSE227433__GSE227433__grp_0003_vs_grp_0001__1","GSE227433",2,3,"nessuno"
"cgroup_L5_203dc31a","GSE232218__GSE232218__grp_0001_vs_grp_0002__1","GSE232218",2,2,"nessuno"
"cgroup_L5_203dc31a","GSE232218__GSE232218__grp_0003_vs_grp_0004__1","GSE232218",1,2,"solo_trattato"
"cgroup_L5_87135459","GSE166417__GSE166417__grp_0001_vs_grp_0002__1","GSE166417",2,2,"nessuno"
"cgroup_L5_87135459","GSE199800__GSE199800__MK1775_vs_UNTREATED__1","GSE199800",1,4,"solo_trattato"
"cgroup_L5_87135459","GSE246354__GSE246354__grp_0005_vs_grp_0006__1","GSE246354",1,2,"solo_trattato"
"cgroup_L5_87135459","GSE246354__GSE246354__grp_0010_vs_grp_0009__1","GSE246354",2,3,"nessuno"
"cgroup_L5_87135459","GSE246354__GSE246354__grp_0011_vs_grp_0008__1","GSE246354",1,2,"solo_trattato"
"cgroup_L5_3437775a","GSE199800__GSE199800__grp_0014_vs_grp_0010__1","GSE199800",1,11,"solo_trattato"
"cgroup_L5_3437775a","GSE199800__GSE199800__INK128_vs_DMSO__1","GSE199800",2,16,"nessuno"
"cgroup_L5_3437775a","GSE246886__GSE246886__grp_0008_vs_grp_0005__1","GSE246886",2,6,"nessuno"
"cgroup_L5_3437775a","GSE246886__GSE246886__grp_0009_vs_grp_0005__1","GSE246886",2,6,"nessuno"
"cgroup_L5_3437775a","GSE61375__GSE61375__INK128_2h_vs_DMSO_2h__1","GSE61375",1,5,"solo_trattato"
"cgroup_L5_9f293ec3","GSE149566__GSE149566__MiaPaCa2_Simvastatin_2µM_vs_MiaPaCa2_Vehicle__1","GSE149566",3,1,"solo_controllo"
"cgroup_L5_9f293ec3","GSE149566__GSE149566__MiaPaCa2_Simvastatin_20µM_vs_MiaPaCa2_Vehicle__1","GSE149566",3,1,"solo_controllo"
"cgroup_L5_9f293ec3","GSE149566__GSE149566__PANC1_Simvastatin_2µM_vs_PANC1_Vehicle__1","GSE149566",1,3,"solo_trattato"
"cgroup_L5_9f293ec3","GSE149566__GSE149566__PANC1_Simvastatin_20µM_vs_PANC1_Vehicle__1","GSE149566",1,3,"solo_trattato"
"cgroup_L5_9f293ec3","GSE240439__GSE240439__Simvastatin_vs_DMSO__1","GSE240439",1,3,"solo_trattato"
"cgroup_L5_9f293ec3","GSE240439__GSE240439__Simvastatin(2x)_vs_DMSO__1","GSE240439",2,3,"nessuno"
"cgroup_L5_9f293ec3","GSE249807__GSE249807__grp_0003_vs_grp_0001__1","GSE249807",1,1,"entrambi"
"cgroup_L5_c054e202","GSE102674__GSE102674__rapamycin_vs_-vehicle__1","GSE102674",4,4,"nessuno"
"cgroup_L5_c054e202","GSE129196__GSE129196__grp_0004_vs_grp_0006__1","GSE129196",1,1,"entrambi"
"cgroup_L5_c054e202","GSE129196__GSE129196__grp_0004_vs_grp_0007__1","GSE129196",2,1,"solo_controllo"
"cgroup_L5_c054e202","GSE130006__GSE130006__Rapamycin_vs_DMSO__1","GSE130006",2,2,"nessuno"
"cgroup_L5_c054e202","GSE184427__GSE184427__LuCaP_147_Rapamycin_vs_LuCaP_147_PBS__1","GSE184427",1,2,"solo_trattato"
"cgroup_L5_c054e202","GSE184427__GSE184427__LuCaP_73_Rapamycin_vs_LuCaP_73_PBS__1","GSE184427",1,2,"solo_trattato"
"cgroup_L5_c054e202","GSE184427__GSE184427__LuCaP_78_PBS_vs_LuCaP_78_Rapamycin__1","GSE184427",2,2,"nessuno"
"cgroup_L5_c054e202","GSE184427__GSE184427__LuCaP_81_PBS_vs_LuCaP_81_Rapamycin_Castrated__1","GSE184427",1,2,"solo_trattato"
"cgroup_L5_c054e202","GSE184427__GSE184427__LuCaP_81_PBS_vs_LuCaP_81_Rapamycin__1","GSE184427",1,2,"solo_trattato"
"cgroup_L5_c054e202","GSE193398__GSE193398__Rapamycin_0.05uM_vs_Untreated__1","GSE193398",2,2,"nessuno"
"cgroup_L5_c054e202","GSE193398__GSE193398__Rapamycin_1uM_vs_Untreated__1","GSE193398",2,2,"nessuno"
"cgroup_L5_c054e202","GSE225683__GSE225683__Rapamycin_vs_Control__1","GSE225683",1,3,"solo_trattato"
"cgroup_L5_c054e202","GSE225683__GSE225683__Rapamycin_vs_Control__2","GSE225683",1,3,"solo_trattato"
"cgroup_L5_c054e202","GSE225683__GSE225683__Rapamycin_vs_Control__3","GSE225683",1,3,"solo_trattato"
"cgroup_L5_c054e202","GSE236742__GSE236742__Rapamycin_vs_DMSO__1","GSE236742",3,3,"nessuno"
"cgroup_L5_c054e202","GSE246886__GSE246886__grp_0010_vs_grp_0005__1","GSE246886",2,6,"nessuno"
"cgroup_L5_c054e202","GSE246886__GSE246886__grp_0011_vs_grp_0005__1","GSE246886",1,6,"solo_trattato"
"cgroup_L5_f2139c4f","GSE104462__GSE104462__erastin_vs_control__1","GSE104462",3,2,"nessuno"
"cgroup_L5_f2139c4f","GSE232034__GSE232034__LNCaP_Erastin_vs_LNCaP_DMSO__1","GSE232034",3,3,"nessuno"
"cgroup_L5_f2139c4f","GSE232034__GSE232034__PC3_Erastin_vs_PC3_DMSO__1","GSE232034",3,3,"nessuno"
"cgroup_L5_f2139c4f","GSE236253__GSE236253__grp_0001_vs_grp_0002__1","GSE236253",2,2,"nessuno"
"cgroup_L5_4041e3af","GSE110709__GSE110709__grp_IMR5_GSKJ4_vs_grp_IMR5_noRx__1","GSE110709",2,1,"solo_controllo"
"cgroup_L5_4041e3af","GSE110709__GSE110709__grp_IMR5_GSKJ4_72h_vs_grp_IMR5_noRx__1","GSE110709",3,1,"solo_controllo"
"cgroup_L5_4041e3af","GSE110709__GSE110709__grp_LAN5_GSKJ4_72h_vs_grp_LAN5_noRx__1","GSE110709",3,1,"solo_controllo"
"cgroup_L5_4041e3af","GSE110709__GSE110709__grp_LAN5_GSKJ4_72h_vs_grp_LAN5_control__1","GSE110709",3,2,"nessuno"
"cgroup_L5_4041e3af","GSE110709__GSE110709__grp_SKNBE2_GSKJ4_vs_grp_SKNBE2_control__1","GSE110709",2,2,"nessuno"
"cgroup_L5_4041e3af","GSE110709__GSE110709__grp_SKNFI_GSKJ4_72h_vs_grp_SKNFI_control__1","GSE110709",3,2,"nessuno"
"cgroup_L5_4041e3af","GSE118319__GSE118319__H23_GSKJ4_vs_H23_DMSO__1","GSE118319",2,2,"nessuno"
"cgroup_L5_4041e3af","GSE118319__GSE118319__HCC827_GSKJ4_vs_HCC827_DMSO__1","GSE118319",2,2,"nessuno"
"cgroup_L5_4041e3af","GSE118319__GSE118319__A549_diff_GSKJ4_vs_A549_DMSO__1","GSE118319",2,2,"nessuno"
"cgroup_L5_4041e3af","GSE125518__GSE125518__GSK-J4_vs_DMSO__1","GSE125518",3,3,"nessuno"
"cgroup_L5_4041e3af","GSE180233__GSE180233__GSKJ4_vs_untreated__1","GSE180233",2,4,"nessuno"
"cgroup_L5_4041e3af","GSE81687__GSE81687__GSKJ4_H1299_T18_vs_DMSO_H1299_T18__1","GSE81687",2,1,"solo_controllo"
"cgroup_L5_4041e3af","GSE81687__GSE81687__GSKJ4_NCI-H1299_vs_DMSO_NCI-H1299__1","GSE81687",2,2,"nessuno"
"cgroup_L5_edc8e828","GSE138209__GSE138209__grp_0004_vs_grp_0003__1","GSE138209",1,1,"entrambi"
"cgroup_L5_edc8e828","GSE138209__GSE138209__grp_0007_vs_grp_0006__1","GSE138209",5,3,"nessuno"
"cgroup_L5_edc8e828","GSE219191__GSE219191__I-BET151_vs_DMSO__1","GSE219191",2,2,"nessuno"
"cgroup_L5_edc8e828","GSE71777__GSE71777__I-BET151_1_vs_DMSO__1","GSE71777",1,2,"solo_trattato"
"cgroup_L5_edc8e828","GSE71777__GSE71777__I-BET151_2_vs_DMSO__1","GSE71777",1,2,"solo_trattato"
"cgroup_L5_766cd3c6","GSE179282__GSE179282__grp_22rv1_thal_24h_vs_grp_22rv1_dmso_24h__1","GSE179282",1,1,"entrambi"
"cgroup_L5_766cd3c6","GSE179282__GSE179282__grp_22rv1_thal_3h_vs_grp_22rv1_dmso_3h__1","GSE179282",1,1,"entrambi"
"cgroup_L5_766cd3c6","GSE179282__GSE179282__grp_du145_thal_24h_vs_grp_du145_dmso_24h__1","GSE179282",3,1,"solo_controllo"
"cgroup_L5_766cd3c6","GSE179282__GSE179282__grp_vcap_thal_24h_vs_grp_vcap_dmso_24h__1","GSE179282",1,1,"entrambi"
"cgroup_L5_766cd3c6","GSE179282__GSE179282__grp_vcap_thal_3h_vs_grp_vcap_dmso_3h__1","GSE179282",2,2,"nessuno"
"cgroup_L5_766cd3c6","GSE199800__GSE199800__grp_0036_vs_grp_0015__1","GSE199800",1,4,"solo_trattato"
"cgroup_L5_766cd3c6","GSE199800__GSE199800__grp_0045_vs_grp_0015__1","GSE199800",1,4,"solo_trattato"
"cgroup_L5_766cd3c6","GSE199800__GSE199800__Thalidomide_vs_UNTREATED__1","GSE199800",1,4,"solo_trattato"
"cgroup_L5_766cd3c6","GSE95375__GSE95375__MDA-MB-157_thalidomide_vs_MDA-MB-157_DMSO__1","GSE95375",1,2,"solo_trattato"
"cgroup_L5_766cd3c6","GSE95375__GSE95375__MDA-MB-231_thalidomide_vs_MDA-MB-231_DMSO__1","GSE95375",2,2,"nessuno"
"cgroup_L5_766cd3c6","GSE95375__GSE95375__MDA-MB-468_thalidomide_vs_MDA-MB-468_DMSO__1","GSE95375",1,2,"solo_trattato"
"cgroup_L5_1e8a735e","GSE125218__GSE125218__HEK293T_Thapsigargin_vs_HEK293T_DMSO__1","GSE125218",2,2,"nessuno"
"cgroup_L5_1e8a735e","GSE129942__GSE129942__thapsigargin_vs_DMSO__1","GSE129942",3,3,"nessuno"
"cgroup_L5_1e8a735e","GSE138730__GSE138730__thapsigargin_vs_none__1","GSE138730",4,1,"solo_controllo"
"cgroup_L5_1e8a735e","GSE251911__GSE251911__thapsigargin_vs_DMSO__1","GSE251911",1,10,"solo_trattato"
"cgroup_L5_1e8a735e","GSE251911__GSE251911__thapsigargin_vs_untreated__1","GSE251911",1,19,"solo_trattato"
"cgroup_L5_1e8a735e","GSE263319__GSE263319__Thapsigargin_0.3_uM_vs_Vehicle__1","GSE263319",2,2,"nessuno"
"cgroup_L5_1e8a735e","GSE263319__GSE263319__Thapsigargin_0.6_uM_vs_Vehicle__1","GSE263319",2,2,"nessuno"
"cgroup_L5_1e8a735e","GSE84636__GSE84636__HEK293T-Rex_TgT-REX2_Thapsigargin_vs_HEK293T-Rex_DMSO__1","GSE84636",1,1,"entrambi"
"cgroup_L5_1e8a735e","GSE84636__GSE84636__HEK293T-Rex_TgT-REX3_Thapsigargin_vs_HEK293T-Rex_DMSO__1","GSE84636",1,1,"entrambi"
"cgroup_L5_1e8a735e","GSE84636__GSE84636__HEK293T-Rex_Tg_Thapsigargin_vs_HEK293T-Rex_DMSO__1","GSE84636",1,1,"entrambi"
"cgroup_L5_5e0c0fae","GSE206130__GSE206130__grp_HDLM2_RmAb_vs_grp_HDLM2_media__1","GSE206130",3,3,"nessuno"
"cgroup_L5_5e0c0fae","GSE206130__GSE206130__grp_KARPAS_RmAb_vs_grp_KARPAS_media__1","GSE206130",1,3,"solo_trattato"
"cgroup_L5_5e0c0fae","GSE206130__GSE206130__grp_L428_RmAb_vs_grp_L428_media__1","GSE206130",2,1,"solo_controllo"
"cgroup_L5_5e0c0fae","GSE206130__GSE206130__grp_pMBL_RmAb_vs_grp_pMBL_media__1","GSE206130",3,1,"solo_controllo"
"cgroup_L5_5e0c0fae","GSE211829__GSE211829__rituximab_6h_vs_control_6h__1","GSE211829",2,2,"nessuno"
"cgroup_L5_5e0c0fae","GSE211829__GSE211829__rituximab_12h_vs_control_12h__1","GSE211829",2,2,"nessuno"
"cgroup_L5_5e0c0fae","GSE211829__GSE211829__rituximab_18h_vs_control_18h__1","GSE211829",2,2,"nessuno"
"cgroup_L5_5e0c0fae","GSE211829__GSE211829__rituximab_24h_vs_control_24h__1","GSE211829",2,2,"nessuno"
"cgroup_L5_5e0c0fae","GSE217421__GSE217421__grp_Rituximab_1_vs_grp_DMSO_1__1","GSE217421",1,9,"solo_trattato"
"cgroup_L5_5e0c0fae","GSE217421__GSE217421__grp_Rituximab_2_vs_grp_DMSO_1__1","GSE217421",2,9,"nessuno"
"cgroup_L5_5e0c0fae","GSE217421__GSE217421__grp_Rituximab_3_vs_grp_DMSO_1__1","GSE217421",1,9,"solo_trattato"
"cgroup_L5_5e0c0fae","GSE217421__GSE217421__grp_Rituximab_4_vs_grp_DMSO_1__1","GSE217421",1,9,"solo_trattato"
"cgroup_L5_5e0c0fae","GSE217421__GSE217421__grp_Rituximab_5_vs_grp_DMSO_1__1","GSE217421",1,9,"solo_trattato"
"cgroup_L5_5e0c0fae","GSE217421__GSE217421__grp_Rituximab_6_vs_grp_DMSO_1__1","GSE217421",2,9,"nessuno"
"cgroup_L5_5e0c0fae","GSE217421__GSE217421__grp_Rituximab_7_vs_grp_DMSO_1__1","GSE217421",1,9,"solo_trattato"
"cgroup_L5_5e0c0fae","GSE217421__GSE217421__grp_Rituximab_8_vs_grp_DMSO_1__1","GSE217421",1,9,"solo_trattato"
"cgroup_L5_5e0c0fae","GSE217421__GSE217421__grp_Rituximab_9_vs_grp_DMSO_1__1","GSE217421",1,9,"solo_trattato"
"cgroup_L5_5e0c0fae","GSE217421__GSE217421__grp_Rituximab_10_vs_grp_DMSO_1__1","GSE217421",1,9,"solo_trattato"
"cgroup_L5_5e0c0fae","GSE217421__GSE217421__grp_Rituximab_11_vs_grp_DMSO_1__1","GSE217421",1,9,"solo_trattato"
"cgroup_L5_5e0c0fae","GSE217421__GSE217421__grp_Rituximab_12_vs_grp_DMSO_1__1","GSE217421",1,9,"solo_trattato"
"cgroup_L5_5e0c0fae","GSE217421__GSE217421__grp_Rituximab_13_vs_grp_DMSO_1__1","GSE217421",1,9,"solo_trattato"
"cgroup_L5_5e0c0fae","GSE217421__GSE217421__grp_Rituximab_1_vs_grp_DMSO_1__2","GSE217421",2,9,"nessuno"
"cgroup_L5_5e0c0fae","GSE217423__GSE217423__Rituximab_3uM_48h_vs_DMSO__1","GSE217423",7,16,"nessuno"
"cgroup_L5_b2645a34","GSE114446__GSE114446__SCC25_cetuximab_3d_vs_SCC25_PBS_3d__1","GSE114446",1,1,"entrambi"
"cgroup_L5_b2645a34","GSE114446__GSE114446__SCC25_cetuximab_4d_vs_SCC25_PBS_4d__1","GSE114446",1,1,"entrambi"
"cgroup_L5_b2645a34","GSE114446__GSE114446__SCC6_cetuximab_4d_vs_SCC6_PBS_4d__1","GSE114446",1,1,"entrambi"
"cgroup_L5_b2645a34","GSE162104__GSE162104__grp_0007_vs_grp_0001__1","GSE162104",6,2,"nessuno"
"cgroup_L5_b2645a34","GSE162104__GSE162104__grp_0007_vs_grp_0008__1","GSE162104",6,9,"nessuno"
"cgroup_L5_b2645a34","GSE162104__GSE162104__grp_0015_vs_grp_0001__1","GSE162104",1,2,"solo_trattato"
"cgroup_L5_b2645a34","GSE162104__GSE162104__grp_0015_vs_grp_0008__1","GSE162104",1,9,"solo_trattato"
"cgroup_L5_b2645a34","GSE162104__GSE162104__grp_0016_vs_grp_0001__1","GSE162104",1,2,"solo_trattato"
"cgroup_L5_b2645a34","GSE162104__GSE162104__grp_0016_vs_grp_0008__1","GSE162104",1,9,"solo_trattato"
"cgroup_L5_b2645a34","GSE162104__GSE162104__grp_0018_vs_grp_0001__1","GSE162104",4,2,"nessuno"
"cgroup_L5_b2645a34","GSE162104__GSE162104__grp_0018_vs_grp_0008__1","GSE162104",4,9,"nessuno"
"cgroup_L5_b2645a34","GSE196576__GSE196576__Cetuximab_vs_none__1","GSE196576",1,1,"entrambi"
"cgroup_L5_b2645a34","GSE217421__GSE217421__grp_DMSO_1_vs_grp_Cetuximab__1","GSE217421",19,9,"nessuno"
"cgroup_L5_1d4f4a13","GSE196576__GSE196576__Bevacizumab_vs_none__1","GSE196576",1,1,"entrambi"
"cgroup_L5_1d4f4a13","GSE217421__GSE217421__grp_Bevacizumab_vs_grp_DMSO_1__1","GSE217421",19,9,"nessuno"
"cgroup_L5_1d4f4a13","GSE217423__GSE217423__Bevacizumab_3uM_48h_vs_DMSO__1","GSE217423",8,16,"nessuno"
"cgroup_L5_f2481870","GSE180180__GSE180180__TP0903_60mg/kg_vs_Vehicle__1","GSE180180",7,10,"nessuno"
"cgroup_L5_f2481870","GSE180181__GSE180181__TP0903_60mg/kg_vs_Vehicle__1","GSE180181",7,8,"nessuno"
"cgroup_L5_f2481870","GSE231611__GSE231611__grp_0002_vs_grp_0001__1","GSE231611",3,3,"nessuno"
"cgroup_L5_e135d758","GSE123573__GSE123573__GM-CSF_vs_Untreated__1","GSE123573",2,2,"nessuno"
"cgroup_L5_e135d758","GSE155697__GSE155697__grp_0015_vs_grp_0005__1","GSE155697",1,5,"solo_trattato"
"cgroup_L5_e135d758","GSE155697__GSE155697__grp_0016_vs_grp_0005__1","GSE155697",1,5,"solo_trattato"
"cgroup_L5_e135d758","GSE155697__GSE155697__grp_0017_vs_grp_0005__1","GSE155697",1,5,"solo_trattato"
"cgroup_L5_e135d758","GSE70068__GSE70068__grp_0006_vs_grp_0003__1","GSE70068",1,1,"entrambi"
"cgroup_L5_e135d758","GSE70068__GSE70068__grp_0007_vs_grp_0003__1","GSE70068",2,1,"solo_controllo"
"cgroup_L5_e135d758","GSE70068__GSE70068__grp_0008_vs_grp_0002__1","GSE70068",1,3,"solo_trattato"
"cgroup_L5_e135d758","GSE89442__GSE89442__grp_0002_vs_grp_0001__1","GSE89442",1,2,"solo_trattato"
"cgroup_L5_165b7913","GSE109720__GSE109720__EBC1_IFNg_vs_EBC1_no_treatment__1","GSE109720",3,3,"nessuno"
"cgroup_L5_165b7913","GSE109720__GSE109720__H1573_IFNg_vs_H1573_no_treatment__1","GSE109720",3,1,"solo_controllo"
"cgroup_L5_165b7913","GSE109720__GSE109720__H1993_IFNg_vs_H1993_no_treatment__1","GSE109720",3,1,"solo_controllo"
"cgroup_L5_165b7913","GSE109720__GSE109720__H596_IFNg_vs_H596_no_treatment__1","GSE109720",3,2,"nessuno"
"cgroup_L5_165b7913","GSE140709__GSE140709__grp_0010_vs_grp_0007__1","GSE140709",3,1,"solo_controllo"
"cgroup_L5_165b7913","GSE148224__GSE148224__grp_0001_vs_grp_0003__1","GSE148224",1,2,"solo_trattato"
"cgroup_L5_165b7913","GSE156295__GSE156295__grp_TBE_Interferon_vs_grp_TBE_Mock__1","GSE156295",2,2,"nessuno"
"cgroup_L5_165b7913","GSE253920__GSE253920__grp_0002_vs_grp_0001__1","GSE253920",1,3,"solo_trattato"
"cgroup_L5_f56d966d","GSE137200__GSE137200__grp_0001_vs_grp_0002__1","GSE137200",3,3,"nessuno"
"cgroup_L5_f56d966d","GSE205729__GSE205729__Ipatasertib_vs_DMSO__1","GSE205729",2,2,"nessuno"
"cgroup_L5_f56d966d","GSE205730__GSE205730__Ipatasertib_vs_DMSO__1","GSE205730",3,3,"nessuno"
"cgroup_L5_f56d966d","GSE223758__GSE223758__grp_0008_vs_grp_0005__1","GSE223758",1,2,"solo_trattato"
"cgroup_L5_f56d966d","GSE223758__GSE223758__grp_0008_vs_grp_0010__1","GSE223758",1,2,"solo_trattato"
"cgroup_L5_f56d966d","GSE223758__GSE223758__grp_0011_vs_grp_0005__1","GSE223758",1,2,"solo_trattato"
"cgroup_L5_f56d966d","GSE223758__GSE223758__grp_0011_vs_grp_0010__1","GSE223758",1,2,"solo_trattato"
"cgroup_L5_f56d966d","GSE223758__GSE223758__grp_0002_vs_grp_0017__1","GSE223758",1,4,"solo_trattato"
"cgroup_L5_f56d966d","GSE223758__GSE223758__grp_0002_vs_grp_0023__1","GSE223758",1,4,"solo_trattato"
"cgroup_L5_4f4d9051","GSE132958__GSE132958__grp_0002_vs_grp_0001__1","GSE132958",2,2,"nessuno"
"cgroup_L5_4f4d9051","GSE210522__GSE210522__group_0025_vs_group_0024__1","GSE210522",3,3,"nessuno"
"cgroup_L5_4f4d9051","GSE210522__GSE210522__group_0031_vs_group_0029__1","GSE210522",3,3,"nessuno"
"cgroup_L5_4f4d9051","GSE211439__GSE211439__TNF_alpha_vs_Media_control__1","GSE211439",6,6,"nessuno"
"cgroup_L5_4f4d9051","GSE217421__GSE217421__grp_DMSO_1_vs_grp_TNF_alpha_1__1","GSE217421",18,9,"nessuno"
"cgroup_L5_4f4d9051","GSE217421__GSE217421__grp_DMSO_1_vs_grp_TNF_alpha_2__1","GSE217421",4,9,"nessuno"
"cgroup_L5_4f4d9051","GSE217421__GSE217421__grp_DMSO_1_vs_grp_TNF_alpha_3__1","GSE217421",1,9,"solo_trattato"
"cgroup_L5_4f4d9051","GSE226186__GSE226186__grp_0002_vs_grp_0001__1","GSE226186",3,3,"nessuno"
"cgroup_L5_4f4d9051","GSE65354__GSE65354__grp_0002_vs_grp_0001__1","GSE65354",1,1,"entrambi"
"cgroup_L5_4f4d9051","GSE70068__GSE70068__grp_0001_vs_grp_0002__1","GSE70068",2,3,"nessuno"
"cgroup_L5_4f4d9051","GSE70068__GSE70068__grp_0004_vs_grp_0002__1","GSE70068",1,3,"solo_trattato"
"cgroup_L5_4f4d9051","GSE70068__GSE70068__grp_0005_vs_grp_0002__1","GSE70068",1,3,"solo_trattato"
"cgroup_L5_0a4e5f58","GSE154545__GSE154545__grp_0002_vs_grp_0001__1","GSE154545",2,2,"nessuno"
"cgroup_L5_0a4e5f58","GSE154545__GSE154545__grp_0005_vs_grp_0004__1","GSE154545",1,2,"solo_trattato"
"cgroup_L5_0a4e5f58","GSE154545__GSE154545__grp_0006_vs_grp_0003__1","GSE154545",1,2,"solo_trattato"
"cgroup_L5_0a4e5f58","GSE158338__GSE158338__grp_0001_vs_grp_0002__1","GSE158338",1,1,"entrambi"
"cgroup_L5_0a4e5f58","GSE158338__GSE158338__grp_0004_vs_grp_0003__1","GSE158338",1,1,"entrambi"
"cgroup_L5_0a4e5f58","GSE234732__GSE234732__grp_0001_vs_grp_0002__1","GSE234732",2,1,"solo_controllo"
"cgroup_L5_0a4e5f58","GSE234732__GSE234732__grp_0001_vs_grp_0003__1","GSE234732",2,1,"solo_controllo"
"cgroup_L5_28bee975","GSE144326__GSE144326__grp_NCI-H1299_ABBV-075_vs_grp_NCI-H1299_DMSO__1","GSE144326",2,2,"nessuno"
"cgroup_L5_28bee975","GSE189376__GSE189376__grp_0004_vs_grp_0002__1","GSE189376",3,3,"nessuno"
"cgroup_L5_28bee975","GSE208774__GSE208774__grp_0002_vs_grp_0001__1","GSE208774",2,2,"nessuno"
"cgroup_L5_28bee975","GSE208774__GSE208774__grp_0004_vs_grp_0001__1","GSE208774",2,2,"nessuno"
"cgroup_L5_28bee975","GSE208774__GSE208774__grp_0007_vs_grp_0011__1","GSE208774",2,2,"nessuno"
"cgroup_L5_28bee975","GSE208774__GSE208774__grp_0009_vs_grp_0011__1","GSE208774",2,2,"nessuno"
"cgroup_L5_e16bfa7f","GSE144326__GSE144326__grp_NCI-H1299_ABBV-744_vs_grp_NCI-H1299_DMSO__1","GSE144326",2,2,"nessuno"
"cgroup_L5_e16bfa7f","GSE189376__GSE189376__grp_0005_vs_grp_0002__1","GSE189376",6,3,"nessuno"
"cgroup_L5_e16bfa7f","GSE189376__GSE189376__grp_0008_vs_grp_0002__1","GSE189376",3,3,"nessuno"
"cgroup_L5_e16bfa7f","GSE208774__GSE208774__grp_0005_vs_grp_0001__1","GSE208774",2,2,"nessuno"
"cgroup_L5_e16bfa7f","GSE208774__GSE208774__grp_0010_vs_grp_0011__1","GSE208774",2,2,"nessuno"
"cgroup_L5_3668c2c2","GSE146438__GSE146438__CD8_no_IL10_vs_CD8_vehicle__1","GSE146438",2,1,"solo_controllo"
"cgroup_L5_3668c2c2","GSE227737__GSE227737__grp_0004_vs_grp_0005__1","GSE227737",4,2,"nessuno"
"cgroup_L5_3668c2c2","GSE92852__GSE92852__grp_0003_vs_grp_0004__1","GSE92852",3,3,"nessuno"
"cgroup_L5_3668c2c2","GSE97744__GSE97744__grp_0002_vs_grp_0004__1","GSE97744",2,2,"nessuno"
"cgroup_L5_b1c1f147","GSE216730__GSE216730__grp_0001_vs_grp_0003__1","GSE216730",1,1,"entrambi"
"cgroup_L5_b1c1f147","GSE216730__GSE216730__grp_0004_vs_grp_0005__1","GSE216730",1,5,"solo_trattato"
"cgroup_L5_b1c1f147","GSE232091__GSE232091__Day7_SNDX-5613_vs_Day7_DMSO__1","GSE232091",3,2,"nessuno"
"cgroup_L5_b1c1f147","GSE232091__GSE232091__Day12_SNDX-5613_vs_Day12_DMSO__1","GSE232091",3,3,"nessuno"
"cgroup_L5_b1c1f147","GSE233810__GSE233810__Day7_SNDX-5613_vs_Day7_DMSO__1","GSE233810",3,3,"nessuno"
"cgroup_L5_b1c1f147","GSE233810__GSE233810__Day12_SNDX-5613_vs_Day12_DMSO__1","GSE233810",3,3,"nessuno"
"cgroup_L5_855ca642","GSE235768__GSE235768__grp_0001_vs_grp_0002__1","GSE235768",3,3,"nessuno"
"cgroup_L5_855ca642","GSE235768__GSE235768__grp_0009_vs_grp_0010__1","GSE235768",3,3,"nessuno"
"cgroup_L5_855ca642","GSE235768__GSE235768__grp_0009_vs_grp_0011__1","GSE235768",3,2,"nessuno"
"cgroup_L5_855ca642","GSE58910__GSE58910__grp_0002_vs_grp_0001__1","GSE58910",2,2,"nessuno"
"cgroup_L5_855ca642","GSE59233__GSE59233__fibroblast_H2O2_vs_fibroblast_none__1","GSE59233",2,4,"nessuno"
"cgroup_L5_855ca642","GSE59233__GSE59233__fibroblast_SLE_H2O2_vs_fibroblast_SLE__1","GSE59233",1,1,"entrambi"
"cgroup_L5_855ca642","GSE59233__GSE59233__AGS_H2O2_vs_AGS1__1","GSE59233",1,1,"entrambi"
"cgroup_L5_79981eb2","GSE113185__GSE113185__IL4_IL13_vs_DMSO__1","GSE113185",1,3,"solo_trattato"
"cgroup_L5_79981eb2","GSE173902__GSE173902__grp_0002_vs_grp_0012__1","GSE173902",1,2,"solo_trattato"
"cgroup_L5_79981eb2","GSE173902__GSE173902__grp_0022_vs_grp_0012__1","GSE173902",2,2,"nessuno"
"cgroup_L5_79981eb2","GSE97744__GSE97744__grp_0003_vs_grp_0004__1","GSE97744",2,2,"nessuno"
"cgroup_L5_9f34eb99","GSE197601__GSE197601__palbo_indiso_vs_none__1","GSE197601",1,1,"entrambi"
"cgroup_L5_9f34eb99","GSE197602__GSE197602__A549_Palbociclib_Indisulam_vs_A549_untreated__1","GSE197602",2,2,"nessuno"
"cgroup_L5_9f34eb99","GSE197602__GSE197602__SUM159_Palbociclib_Indisulam_vs_SUM159_untreated__1","GSE197602",1,2,"solo_trattato"
"cgroup_L5_9f34eb99","GSE197603__GSE197603__A549_Palbociclib_Indisulam_vs_A549_untreated__1","GSE197603",2,2,"nessuno"
"cgroup_L5_ff45f67e","GSE109535__GSE109535__grp_tcm_pma_ionomycin_vs_grp_tcm_untreated__1","GSE109535",1,1,"entrambi"
"cgroup_L5_ff45f67e","GSE193414__GSE193414__PMAIonomycin_cartilage_vs_unstim_cartilage__1","GSE193414",1,1,"entrambi"
"cgroup_L5_ff45f67e","GSE193414__GSE193414__PMAIonomycin_osteochondroma_vs_unstim_osteochondroma__1","GSE193414",3,1,"solo_controllo"
"cgroup_L5_ff45f67e","GSE213521__GSE213521__grp_0002_vs_grp_0001__1","GSE213521",3,5,"nessuno"
"cgroup_L5_ff45f67e","GSE228210__GSE228210__PMA_Iono_vs_DMSO__1","GSE228210",3,3,"nessuno"
"cgroup_L5_ff45f67e","GSE270511__GSE270511__PMA_Ionomycin_vs_DMSO__1","GSE270511",4,4,"nessuno"
"cgroup_L5_aad8ed47","GSE133003__GSE133003__grp_0005_vs_grp_0004__1","GSE133003",2,3,"nessuno"
"cgroup_L5_aad8ed47","GSE133003__GSE133003__grp_0006_vs_grp_0004__1","GSE133003",1,3,"solo_trattato"
"cgroup_L5_aad8ed47","GSE133003__GSE133003__grp_0008_vs_grp_0007__1","GSE133003",3,3,"nessuno"
"cgroup_L5_aad8ed47","GSE158305__GSE158305__grp_0001_vs_grp_0003__1","GSE158305",3,6,"nessuno"
"cgroup_L5_aad8ed47","GSE158305__GSE158305__grp_0002_vs_grp_0003__1","GSE158305",3,6,"nessuno"
"cgroup_L5_aad8ed47","GSE158305__GSE158305__grp_0001_vs_grp_0004__1","GSE158305",3,6,"nessuno"
"cgroup_L5_aad8ed47","GSE158305__GSE158305__grp_0002_vs_grp_0004__1","GSE158305",3,6,"nessuno"
"cgroup_L5_aad8ed47","GSE158305__GSE158305__grp_0001_vs_grp_0005__1","GSE158305",3,6,"nessuno"
"cgroup_L5_aad8ed47","GSE158305__GSE158305__grp_0002_vs_grp_0005__1","GSE158305",3,6,"nessuno"
"cgroup_L5_aad8ed47","GSE205726__GSE205726__grp_0004_vs_grp_0001__1","GSE205726",1,3,"solo_trattato"
"cgroup_L5_aad8ed47","GSE205726__GSE205726__grp_0006_vs_grp_0001__1","GSE205726",2,3,"nessuno"
"cgroup_L5_344e058f","GSE101353__GSE101353__grp_0010_vs_grp_0008__1","GSE101353",1,1,"entrambi"
"cgroup_L5_344e058f","GSE131998__GSE131998__BMP4_vs_untreated__1","GSE131998",5,5,"nessuno"
"cgroup_L5_344e058f","GSE134045__GSE134045__grp_0013_vs_grp_0004__1","GSE134045",3,3,"nessuno"
"cgroup_L5_344e058f","GSE213245__GSE213245__grp_0008_vs_grp_0001__1","GSE213245",1,14,"solo_trattato"
"cgroup_L5_344e058f","GSE213245__GSE213245__grp_0012_vs_grp_0001__1","GSE213245",1,14,"solo_trattato"
"cgroup_L5_344e058f","GSE213245__GSE213245__grp_0013_vs_grp_0001__1","GSE213245",2,14,"nessuno"
"cgroup_L5_344e058f","GSE213245__GSE213245__grp_0024_vs_grp_0017__1","GSE213245",1,9,"solo_trattato"
"cgroup_L5_344e058f","GSE213245__GSE213245__grp_0025_vs_grp_0017__1","GSE213245",2,9,"nessuno"
"cgroup_L5_344e058f","GSE213245__GSE213245__grp_0026_vs_grp_0017__1","GSE213245",1,9,"solo_trattato"
"cgroup_L5_344e058f","GSE213245__GSE213245__grp_0027_vs_grp_0017__1","GSE213245",1,9,"solo_trattato"
"cgroup_L5_344e058f","GSE213245__GSE213245__grp_0029_vs_grp_0017__1","GSE213245",1,9,"solo_trattato"
"cgroup_L5_344e058f","GSE84577__GSE84577__MDA-MB-231_BMP4_vs_MDA-MB-231_vehicle__1","GSE84577",1,1,"entrambi"
"cgroup_L5_574b5d0e","GSE182338__GSE182338__grp_0012_vs_grp_0001__1","GSE182338",3,11,"nessuno"
"cgroup_L5_574b5d0e","GSE182338__GSE182338__grp_0013_vs_grp_0001__1","GSE182338",4,11,"nessuno"
"cgroup_L5_574b5d0e","GSE185314__GSE185314__grp_0009_vs_grp_0007__1","GSE185314",1,5,"solo_trattato"
"cgroup_L5_574b5d0e","GSE185314__GSE185314__grp_0011_vs_grp_0007__1","GSE185314",1,5,"solo_trattato"
"cgroup_L5_574b5d0e","GSE185314__GSE185314__grp_0013_vs_grp_0007__1","GSE185314",1,5,"solo_trattato"
"cgroup_L5_574b5d0e","GSE185314__GSE185314__grp_0014_vs_grp_0007__1","GSE185314",1,5,"solo_trattato"
"cgroup_L5_574b5d0e","GSE186733__GSE186733__grp_0002_vs_grp_0001__1","GSE186733",3,1,"solo_controllo"
"cgroup_L5_bff799ca","GSE182338__GSE182338__grp_0015_vs_grp_0001__1","GSE182338",3,11,"nessuno"
"cgroup_L5_bff799ca","GSE182338__GSE182338__grp_0018_vs_grp_0001__1","GSE182338",1,11,"solo_trattato"
"cgroup_L5_bff799ca","GSE185314__GSE185314__grp_0003_vs_grp_0001__1","GSE185314",1,2,"solo_trattato"
"cgroup_L5_bff799ca","GSE185314__GSE185314__grp_0010_vs_grp_0007__1","GSE185314",1,5,"solo_trattato"
"cgroup_L5_bff799ca","GSE185314__GSE185314__grp_0015_vs_grp_0007__1","GSE185314",1,5,"solo_trattato"
"cgroup_L5_bff799ca","GSE185314__GSE185314__grp_0016_vs_grp_0007__1","GSE185314",1,5,"solo_trattato"
"cgroup_L5_bff799ca","GSE186733__GSE186733__grp_0003_vs_grp_0001__1","GSE186733",2,1,"solo_controllo"
"cgroup_L5_bff799ca","GSE186733__GSE186733__grp_0004_vs_grp_0001__1","GSE186733",1,1,"entrambi"
"cgroup_L5_2e16719f","GSE100574__GSE100574__TGF_beta1_vs_vehicle__1","GSE100574",5,5,"nessuno"
"cgroup_L5_2e16719f","GSE102674__GSE102674__TGFβ1_vs_-vehicle__1","GSE102674",4,4,"nessuno"
"cgroup_L5_2e16719f","GSE103293__GSE103293__grp_0004_vs_grp_0003__1","GSE103293",1,1,"entrambi"
"cgroup_L5_2e16719f","GSE117329__GSE117329__TGFb1_24h_vs_Untreated_24h__1","GSE117329",3,3,"nessuno"
"cgroup_L5_2e16719f","GSE117329__GSE117329__TGFb1_48h_vs_Untreated_48h__1","GSE117329",3,3,"nessuno"
"cgroup_L5_2e16719f","GSE117329__GSE117329__TGFb1_72h_vs_Untreated_72h__1","GSE117329",3,3,"nessuno"
"cgroup_L5_2e16719f","GSE118816__GSE118816__grp_0003_vs_grp_0001__1","GSE118816",3,1,"solo_controllo"
"cgroup_L5_2e16719f","GSE119007__GSE119007__TGFβ-treated_IPF_HPFs_vs_Untreated_IPF_HPFs__1","GSE119007",1,3,"solo_trattato"
"cgroup_L5_2e16719f","GSE119007__GSE119007__TGFβ-treated_healthy_HPFs_vs_Untreated_healthy_HPFs__1","GSE119007",2,3,"nessuno"
"cgroup_L5_2e16719f","GSE119606__GSE119606__grp_0003_vs_grp_0002__1","GSE119606",1,3,"solo_trattato"
"cgroup_L5_2e16719f","GSE119606__GSE119606__grp_0004_vs_grp_0002__1","GSE119606",2,3,"nessuno"
"cgroup_L5_2e16719f","GSE119606__GSE119606__grp_0005_vs_grp_0001__1","GSE119606",3,3,"nessuno"
"cgroup_L5_2e16719f","GSE119946__GSE119946__TGF_b1_vs_control__1","GSE119946",1,1,"entrambi"
"cgroup_L5_2e16719f","GSE123018__GSE123018__TGFB1_45mins_vs_Untreated__1","GSE123018",7,7,"nessuno"
"cgroup_L5_2e16719f","GSE123018__GSE123018__TGFB1_2hrs_vs_Untreated__1","GSE123018",6,7,"nessuno"
"cgroup_L5_2e16719f","GSE123018__GSE123018__TGFB1_6hrs_vs_Untreated__1","GSE123018",7,7,"nessuno"
"cgroup_L5_2e16719f","GSE123018__GSE123018__TGFB1_24hrs_vs_Untreated__1","GSE123018",6,7,"nessuno"
"cgroup_L5_2e16719f","GSE125577__GSE125577__grp_0001_vs_grp_0002__1","GSE125577",1,3,"solo_trattato"
"cgroup_L5_2e16719f","GSE125577__GSE125577__grp_0003_vs_grp_0002__1","GSE125577",2,3,"nessuno"
"cgroup_L5_2e16719f","GSE127903__GSE127903__grp_0004_vs_grp_0003__1","GSE127903",1,1,"entrambi"
"cgroup_L5_2e16719f","GSE127964__GSE127964__TGFbeta_1h_vs_DMSO__1","GSE127964",1,3,"solo_trattato"
"cgroup_L5_2e16719f","GSE127964__GSE127964__TGFbeta_2h_vs_DMSO__1","GSE127964",1,3,"solo_trattato"
"cgroup_L5_2e16719f","GSE127964__GSE127964__TGFbeta_3h_vs_DMSO__1","GSE127964",1,3,"solo_trattato"
"cgroup_L5_2e16719f","GSE128940__GSE128940__grp_0002_vs_grp_0001__1","GSE128940",3,3,"nessuno"
"cgroup_L5_2e16719f","GSE130348__GSE130348__grp_0002_vs_grp_0001__1","GSE130348",1,2,"solo_trattato"
"cgroup_L5_2e16719f","GSE130348__GSE130348__grp_0003_vs_grp_0001__1","GSE130348",1,2,"solo_trattato"
"cgroup_L5_2e16719f","GSE131998__GSE131998__TGFb1_vs_untreated__1","GSE131998",6,5,"nessuno"
"cgroup_L5_2e16719f","GSE134298__GSE134298__grp_0005_vs_grp_0003__1","GSE134298",3,2,"nessuno"
"cgroup_L5_2e16719f","GSE134395__GSE134395__grp_0003_vs_grp_0001__1","GSE134395",4,8,"nessuno"
"cgroup_L5_2e16719f","GSE134395__GSE134395__grp_0004_vs_grp_0001__1","GSE134395",4,8,"nessuno"
"cgroup_L5_2e16719f","GSE134595__GSE134595__grp_0005_vs_grp_0001__1","GSE134595",4,1,"solo_controllo"
"cgroup_L5_2e16719f","GSE134595__GSE134595__grp_0005_vs_grp_0003__1","GSE134595",4,3,"nessuno"
"cgroup_L5_2e16719f","GSE135402__GSE135402__grp_0002_vs_grp_0001__1","GSE135402",1,2,"solo_trattato"
"cgroup_L5_2e16719f","GSE136534__GSE136534__TGFbeta_vs_DMSO__1","GSE136534",3,3,"nessuno"
"cgroup_L5_2e16719f","GSE137779__GSE137779__TGFB_vs_Control__1","GSE137779",3,3,"nessuno"
"cgroup_L5_2e16719f","GSE139963__GSE139963__grp_0002_vs_grp_0003__1","GSE139963",2,3,"nessuno"
"cgroup_L5_2e16719f","GSE139963__GSE139963__grp_0004_vs_grp_0003__1","GSE139963",3,3,"nessuno"
"cgroup_L5_2e16719f","GSE142417__GSE142417__grp_0003_vs_grp_0001__1","GSE142417",6,9,"nessuno"
"cgroup_L5_2e16719f","GSE145746__GSE145746__grp_0002_vs_grp_0004__1","GSE145746",3,3,"nessuno"
"cgroup_L5_2e16719f","GSE145746__GSE145746__grp_0005_vs_grp_0001__1","GSE145746",4,4,"nessuno"
"cgroup_L5_2e16719f","GSE148767__GSE148767__grp_0002_vs_grp_0001__1","GSE148767",3,2,"nessuno"
"cgroup_L5_2e16719f","GSE148767__GSE148767__grp_0003_vs_grp_0001__1","GSE148767",1,2,"solo_trattato"
"cgroup_L5_2e16719f","GSE148767__GSE148767__grp_0004_vs_grp_0001__1","GSE148767",2,2,"nessuno"
"cgroup_L5_2e16719f","GSE148767__GSE148767__grp_0007_vs_grp_0006__1","GSE148767",1,3,"solo_trattato"
"cgroup_L5_2e16719f","GSE148767__GSE148767__grp_0008_vs_grp_0006__1","GSE148767",2,3,"nessuno"
"cgroup_L5_2e16719f","GSE150042__GSE150042__TGF-β1_vs_DMSO__1","GSE150042",2,1,"solo_controllo"
"cgroup_L5_2e16719f","GSE154646__GSE154646__SW480_TET2_TGFB1_vs_SW480_TET2_DMSO__1","GSE154646",2,2,"nessuno"
"cgroup_L5_2e16719f","GSE154646__GSE154646__SW480_vector_TGFB1_vs_SW480_vector_DMSO__1","GSE154646",2,2,"nessuno"
"cgroup_L5_2e16719f","GSE154646__GSE154646__SW620_TET2_TGFB1_vs_SW620_TET2_DMSO__1","GSE154646",1,2,"solo_trattato"
"cgroup_L5_2e16719f","GSE154646__GSE154646__SW620_vector_TGFB1_vs_SW620_vector_DMSO__1","GSE154646",1,2,"solo_trattato"
"cgroup_L5_2e16719f","GSE155832__GSE155832__grp_0002_vs_grp_0001__1","GSE155832",4,4,"nessuno"
"cgroup_L5_2e16719f","GSE155832__GSE155832__grp_0006_vs_grp_0005__1","GSE155832",4,4,"nessuno"
"cgroup_L5_2e16719f","GSE155832__GSE155832__grp_0008_vs_grp_0007__1","GSE155832",4,4,"nessuno"
"cgroup_L5_2e16719f","GSE155832__GSE155832__grp_0011_vs_grp_0010__1","GSE155832",4,4,"nessuno"
"cgroup_L5_2e16719f","GSE158542__GSE158542__grp_0002_vs_grp_0001__1","GSE158542",1,1,"entrambi"
"cgroup_L5_2e16719f","GSE158542__GSE158542__grp_0006_vs_grp_0005__1","GSE158542",1,1,"entrambi"
"cgroup_L5_2e16719f","GSE160671__GSE160671__TGF-β_10_ng/mL_2h_vs_control__1","GSE160671",4,4,"nessuno"
"cgroup_L5_2e16719f","GSE160671__GSE160671__TGF-β_10_ng/mL_6h_vs_control__1","GSE160671",4,4,"nessuno"
"cgroup_L5_2e16719f","GSE161176__GSE161176__group_0001_vs_group_0003__1","GSE161176",1,1,"entrambi"
"cgroup_L5_2e16719f","GSE161176__GSE161176__group_0002_vs_group_0003__1","GSE161176",1,1,"entrambi"
"cgroup_L5_2e16719f","GSE161176__GSE161176__group_0006_vs_group_0003__1","GSE161176",7,1,"solo_controllo"
"cgroup_L5_2e16719f","GSE161176__GSE161176__group_0007_vs_group_0003__1","GSE161176",6,1,"solo_controllo"
"cgroup_L5_2e16719f","GSE161176__GSE161176__group_0008_vs_group_0003__1","GSE161176",8,1,"solo_controllo"
"cgroup_L5_2e16719f","GSE161176__GSE161176__group_0009_vs_group_0003__1","GSE161176",8,1,"solo_controllo"
"cgroup_L5_2e16719f","GSE161176__GSE161176__group_0010_vs_group_0003__1","GSE161176",1,1,"entrambi"
"cgroup_L5_2e16719f","GSE161176__GSE161176__group_0011_vs_group_0003__1","GSE161176",1,1,"entrambi"
"cgroup_L5_2e16719f","GSE161176__GSE161176__group_0012_vs_group_0019__1","GSE161176",6,9,"nessuno"
"cgroup_L5_2e16719f","GSE161176__GSE161176__group_0013_vs_group_0019__1","GSE161176",12,9,"nessuno"
"cgroup_L5_2e16719f","GSE161176__GSE161176__group_0014_vs_group_0019__1","GSE161176",9,9,"nessuno"
"cgroup_L5_2e16719f","GSE161176__GSE161176__group_0015_vs_group_0019__1","GSE161176",3,9,"nessuno"
"cgroup_L5_2e16719f","GSE161176__GSE161176__group_0016_vs_group_0019__1","GSE161176",11,9,"nessuno"
"cgroup_L5_2e16719f","GSE161176__GSE161176__group_0017_vs_group_0019__1","GSE161176",3,9,"nessuno"
"cgroup_L5_2e16719f","GSE163241__GSE163241__grp_0002_vs_grp_0001__1","GSE163241",1,3,"solo_trattato"
"cgroup_L5_2e16719f","GSE163241__GSE163241__grp_0003_vs_grp_0001__1","GSE163241",2,3,"nessuno"
"cgroup_L5_2e16719f","GSE163241__GSE163241__grp_0004_vs_grp_0001__1","GSE163241",1,3,"solo_trattato"
"cgroup_L5_2e16719f","GSE163241__GSE163241__grp_0005_vs_grp_0001__1","GSE163241",1,3,"solo_trattato"
"cgroup_L5_2e16719f","GSE163241__GSE163241__grp_0006_vs_grp_0001__1","GSE163241",1,3,"solo_trattato"
"cgroup_L5_2e16719f","GSE174490__GSE174490__grp_0008_vs_grp_0001__1","GSE174490",4,3,"nessuno"
"cgroup_L5_2e16719f","GSE178518__GSE178518__grp_0006_vs_grp_0001__1","GSE178518",3,2,"nessuno"
"cgroup_L5_2e16719f","GSE178714__GSE178714__grp_0005_vs_grp_0001__1","GSE178714",3,3,"nessuno"
"cgroup_L5_2e16719f","GSE178714__GSE178714__grp_0004_vs_grp_0002__1","GSE178714",2,2,"nessuno"
"cgroup_L5_2e16719f","GSE178714__GSE178714__grp_0010_vs_grp_0008__1","GSE178714",3,2,"nessuno"
"cgroup_L5_2e16719f","GSE178714__GSE178714__grp_0011_vs_grp_0009__1","GSE178714",3,1,"solo_controllo"
"cgroup_L5_2e16719f","GSE178714__GSE178714__grp_0012_vs_grp_0008__1","GSE178714",1,2,"solo_trattato"
"cgroup_L5_2e16719f","GSE178714__GSE178714__grp_0013_vs_grp_0009__1","GSE178714",1,1,"entrambi"
"cgroup_L5_2e16719f","GSE179347__GSE179347__grp_0001_vs_grp_0019__1","GSE179347",3,14,"nessuno"
"cgroup_L5_2e16719f","GSE179347__GSE179347__HMCL7304_TGF_B1_vs_HMCL7304_EMEM_medium__1","GSE179347",3,2,"nessuno"
"cgroup_L5_2e16719f","GSE179347__GSE179347__SGBS_TGF_B1_vs_SGBS_EMEM_medium__1","GSE179347",2,9,"nessuno"
"cgroup_L5_2e16719f","GSE179395__GSE179395__TGF-β1_vs_Unstimulated_Control__1","GSE179395",5,6,"nessuno"
"cgroup_L5_2e16719f","GSE184356__GSE184356__grp_0003_vs_grp_0001__1","GSE184356",1,1,"entrambi"
"cgroup_L5_2e16719f","GSE188234__GSE188234__TGF-beta1_vs_control__1","GSE188234",5,5,"nessuno"
"cgroup_L5_2e16719f","GSE191279__GSE191279__grp_0010_vs_grp_0005__1","GSE191279",4,8,"nessuno"
"cgroup_L5_2e16719f","GSE191279__GSE191279__grp_0011_vs_grp_0005__1","GSE191279",1,8,"solo_trattato"
"cgroup_L5_2e16719f","GSE191279__GSE191279__grp_0012_vs_grp_0005__1","GSE191279",11,8,"nessuno"
"cgroup_L5_2e16719f","GSE197132__GSE197132__grp_0003_vs_grp_0001__1","GSE197132",3,1,"solo_controllo"
"cgroup_L5_2e16719f","GSE197132__GSE197132__grp_0004_vs_grp_0001__1","GSE197132",1,1,"entrambi"
"cgroup_L5_2e16719f","GSE199225__GSE199225__grp_0014_vs_grp_0011__1","GSE199225",5,4,"nessuno"
"cgroup_L5_2e16719f","GSE199688__GSE199688__TGFbeta1_vs_untreated__1","GSE199688",3,3,"nessuno"
"cgroup_L5_2e16719f","GSE201506__GSE201506__grp_0002_vs_grp_0001__1","GSE201506",12,12,"nessuno"
"cgroup_L5_2e16719f","GSE202714__GSE202714__grp_0006_vs_grp_0005__1","GSE202714",3,3,"nessuno"
"cgroup_L5_2e16719f","GSE202714__GSE202714__grp_0008_vs_grp_0007__1","GSE202714",3,3,"nessuno"
"cgroup_L5_2e16719f","GSE204868__GSE204868__grp_0007_vs_grp_0002__1","GSE204868",3,3,"nessuno"
"cgroup_L5_2e16719f","GSE205378__GSE205378__grp_0002_vs_grp_0001__1","GSE205378",1,1,"entrambi"
"cgroup_L5_2e16719f","GSE207291__GSE207291__grp_0002_vs_grp_0001__1","GSE207291",2,2,"nessuno"
"cgroup_L5_2e16719f","GSE210984__GSE210984__grp_0001_vs_grp_0005__1","GSE210984",1,1,"entrambi"
"cgroup_L5_2e16719f","GSE210984__GSE210984__grp_0002_vs_grp_0005__1","GSE210984",3,1,"solo_controllo"
"cgroup_L5_2e16719f","GSE210984__GSE210984__grp_0003_vs_grp_0005__1","GSE210984",3,1,"solo_controllo"
"cgroup_L5_2e16719f","GSE210984__GSE210984__grp_0004_vs_grp_0005__1","GSE210984",2,1,"solo_controllo"
"cgroup_L5_2e16719f","GSE210984__GSE210984__grp_0001_vs_grp_0007__1","GSE210984",1,3,"solo_trattato"
"cgroup_L5_2e16719f","GSE210984__GSE210984__grp_0002_vs_grp_0007__1","GSE210984",3,3,"nessuno"
"cgroup_L5_2e16719f","GSE210984__GSE210984__grp_0003_vs_grp_0007__1","GSE210984",3,3,"nessuno"
"cgroup_L5_2e16719f","GSE210984__GSE210984__grp_0004_vs_grp_0007__1","GSE210984",2,3,"nessuno"
"cgroup_L5_2e16719f","GSE215947__GSE215947__grp_0002_vs_grp_0001__1","GSE215947",3,3,"nessuno"
"cgroup_L5_2e16719f","GSE220038__GSE220038__grp_0002_vs_grp_0001__1","GSE220038",6,9,"nessuno"
"cgroup_L5_2e16719f","GSE220038__GSE220038__grp_0003_vs_grp_0001__1","GSE220038",2,9,"nessuno"
"cgroup_L5_2e16719f","GSE220972__GSE220972__grp_0005_vs_grp_0004__1","GSE220972",11,1,"solo_controllo"
"cgroup_L5_2e16719f","GSE222402__GSE222402__grp_HCCLM3_TGF_beta1_vs_grp_HCCLM3_control__1","GSE222402",1,1,"entrambi"
"cgroup_L5_2e16719f","GSE222402__GSE222402__grp_MHCC97H_TGF_beta1_vs_grp_MHCC97H_control__1","GSE222402",1,1,"entrambi"
"cgroup_L5_2e16719f","GSE222402__GSE222402__grp_MHCC97L_TGF_beta1_vs_grp_MHCC97L_control__1","GSE222402",1,1,"entrambi"
"cgroup_L5_2e16719f","GSE223682__GSE223682__grp_0002_vs_grp_0001__1","GSE223682",3,2,"nessuno"
"cgroup_L5_2e16719f","GSE225159__GSE225159__grp_0003_vs_grp_0002__1","GSE225159",3,3,"nessuno"
"cgroup_L5_2e16719f","GSE225549__GSE225549__grp_0002_vs_grp_0001__1","GSE225549",2,3,"nessuno"
"cgroup_L5_2e16719f","GSE225549__GSE225549__grp_0005_vs_grp_0004__1","GSE225549",2,3,"nessuno"
"cgroup_L5_2e16719f","GSE225549__GSE225549__grp_0008_vs_grp_0007__1","GSE225549",1,3,"solo_trattato"
"cgroup_L5_2e16719f","GSE225982__GSE225982__grp_0002_vs_grp_0003__1","GSE225982",1,2,"solo_trattato"
"cgroup_L5_2e16719f","GSE226239__GSE226239__grp_0002_vs_grp_0001__1","GSE226239",3,3,"nessuno"
"cgroup_L5_2e16719f","GSE232435__GSE232435__grp_0003_vs_grp_0001__1","GSE232435",2,3,"nessuno"
"cgroup_L5_2e16719f","GSE232435__GSE232435__grp_0004_vs_grp_0001__1","GSE232435",1,3,"solo_trattato"
"cgroup_L5_2e16719f","GSE232640__GSE232640__TGFb_vs_Untreated__1","GSE232640",4,4,"nessuno"
"cgroup_L5_2e16719f","GSE233083__GSE233083__TGFβ1_3C_vs_TGFβ1_DMSO__1","GSE233083",1,1,"entrambi"
"cgroup_L5_2e16719f","GSE240476__GSE240476__grp_0001_vs_grp_0005__1","GSE240476",1,1,"entrambi"
"cgroup_L5_2e16719f","GSE240476__GSE240476__grp_0003_vs_grp_0005__1","GSE240476",3,1,"solo_controllo"
"cgroup_L5_2e16719f","GSE240476__GSE240476__grp_0004_vs_grp_0005__1","GSE240476",2,1,"solo_controllo"
"cgroup_L5_2e16719f","GSE240476__GSE240476__grp_0006_vs_grp_0008__1","GSE240476",1,3,"solo_trattato"
"cgroup_L5_2e16719f","GSE240476__GSE240476__grp_0007_vs_grp_0008__1","GSE240476",3,3,"nessuno"
"cgroup_L5_2e16719f","GSE240476__GSE240476__grp_0009_vs_grp_0008__1","GSE240476",1,3,"solo_trattato"
"cgroup_L5_2e16719f","GSE240476__GSE240476__grp_0010_vs_grp_0008__1","GSE240476",1,3,"solo_trattato"
"cgroup_L5_2e16719f","GSE240898__GSE240898__A549_TGFbeta1_vs_A549_naive__1","GSE240898",2,3,"nessuno"
"cgroup_L5_2e16719f","GSE240898__GSE240898__H1944_TGFbeta1_vs_H1944_naive__1","GSE240898",3,3,"nessuno"
"cgroup_L5_2e16719f","GSE245621__GSE245621__grp_0002_vs_grp_0001__1","GSE245621",2,2,"nessuno"
"cgroup_L5_2e16719f","GSE245621__GSE245621__grp_0006_vs_grp_0001__1","GSE245621",2,2,"nessuno"
"cgroup_L5_2e16719f","GSE246391__GSE246391__TGF_beta1_vs_none__1","GSE246391",6,2,"nessuno"
"cgroup_L5_2e16719f","GSE246391__GSE246391__TGF_beta1_vs_none_rep__1","GSE246391",6,4,"nessuno"
"cgroup_L5_2e16719f","GSE247237__GSE247237__grp_0002_vs_grp_0005__1","GSE247237",3,3,"nessuno"
"cgroup_L5_2e16719f","GSE247237__GSE247237__grp_0004_vs_grp_0005__1","GSE247237",1,3,"solo_trattato"
"cgroup_L5_2e16719f","GSE248794__GSE248794__grp_0001_vs_grp_0004__1","GSE248794",2,2,"nessuno"
"cgroup_L5_2e16719f","GSE248794__GSE248794__grp_0008_vs_grp_0007__1","GSE248794",1,2,"solo_trattato"
"cgroup_L5_2e16719f","GSE248794__GSE248794__grp_0009_vs_grp_0007__1","GSE248794",1,2,"solo_trattato"
"cgroup_L5_2e16719f","GSE248794__GSE248794__grp_0010_vs_grp_0007__1","GSE248794",1,2,"solo_trattato"
"cgroup_L5_2e16719f","GSE248794__GSE248794__grp_0011_vs_grp_0007__1","GSE248794",1,2,"solo_trattato"
"cgroup_L5_2e16719f","GSE252425__GSE252425__TGFBeta_vs_Vehicle__1","GSE252425",3,3,"nessuno"
"cgroup_L5_2e16719f","GSE262398__GSE262398__grp_TGFb_vs_grp_DMSO__1","GSE262398",3,3,"nessuno"
"cgroup_L5_2e16719f","GSE264038__GSE264038__grp_0006_vs_grp_0001__1","GSE264038",1,1,"entrambi"
"cgroup_L5_2e16719f","GSE264038__GSE264038__grp_0008_vs_grp_0001__1","GSE264038",1,1,"entrambi"
"cgroup_L5_2e16719f","GSE264038__GSE264038__grp_0009_vs_grp_0001__1","GSE264038",1,1,"entrambi"
"cgroup_L5_2e16719f","GSE264288__GSE264288__grp_0002_vs_grp_0001__1","GSE264288",5,6,"nessuno"
"cgroup_L5_2e16719f","GSE264288__GSE264288__grp_0004_vs_grp_0003__1","GSE264288",5,5,"nessuno"
"cgroup_L5_2e16719f","GSE264288__GSE264288__grp_0006_vs_grp_0005__1","GSE264288",5,2,"nessuno"
"cgroup_L5_2e16719f","GSE264288__GSE264288__grp_0011_vs_grp_0010__1","GSE264288",1,1,"entrambi"
"cgroup_L5_2e16719f","GSE264288__GSE264288__grp_0013_vs_grp_0012__1","GSE264288",1,1,"entrambi"
"cgroup_L5_2e16719f","GSE264288__GSE264288__grp_0015_vs_grp_0014__1","GSE264288",1,1,"entrambi"
"cgroup_L5_2e16719f","GSE269066__GSE269066__grp_0004_vs_grp_0002__1","GSE269066",1,3,"solo_trattato"
"cgroup_L5_2e16719f","GSE269066__GSE269066__grp_0005_vs_grp_0002__1","GSE269066",1,3,"solo_trattato"
"cgroup_L5_2e16719f","GSE269066__GSE269066__grp_0006_vs_grp_0002__1","GSE269066",1,3,"solo_trattato"
"cgroup_L5_2e16719f","GSE49159__GSE49159__TGFbeta_vs_Untreated_skin__1","GSE49159",2,2,"nessuno"
"cgroup_L5_2e16719f","GSE85910__GSE85910__grp_0002_vs_grp_0001__1","GSE85910",2,2,"nessuno"
"cgroup_L5_2e16719f","GSE88757__GSE88757__grp_0001_vs_grp_0008__1","GSE88757",2,3,"nessuno"
"cgroup_L5_2e16719f","GSE88757__GSE88757__grp_0007_vs_grp_0008__1","GSE88757",1,3,"solo_trattato"
"cgroup_L5_2e16719f","GSE96975__GSE96975__grp_0006_vs_grp_0001__1","GSE96975",4,10,"nessuno"
"cgroup_L5_2e16719f","GSE97358__GSE97358__grp_0001_vs_grp_0002__1","GSE97358",2,4,"nessuno"
"cgroup_L5_2e16719f","GSE97358__GSE97358__grp_0003_vs_grp_0005__1","GSE97358",13,5,"nessuno"
"cgroup_L5_2e16719f","GSE97358__GSE97358__grp_0004_vs_grp_0002__1","GSE97358",10,4,"nessuno"
"cgroup_L5_2e16719f","GSE97358__GSE97358__grp_0006_vs_grp_0005__1","GSE97358",1,5,"solo_trattato"
"cgroup_L5_2e16719f","GSE97358__GSE97358__grp_0008_vs_grp_0007__1","GSE97358",58,75,"nessuno"
"cgroup_L5_2e16719f","GSE97829__GSE97829__grp_0003_vs_grp_0001__1","GSE97829",1,2,"solo_trattato"
"cgroup_L5_2e16719f","GSE97829__GSE97829__grp_0004_vs_grp_0001__1","GSE97829",1,2,"solo_trattato"
"cgroup_L5_2e16719f","GSE97829__GSE97829__grp_0005_vs_grp_0001__1","GSE97829",1,2,"solo_trattato"
"cgroup_L5_b0e8388e","GSE118446__GSE118446__HUVEC_TGFb2_vs_HUVEC_No_Treatment__1","GSE118446",1,2,"solo_trattato"
"cgroup_L5_b0e8388e","GSE118446__GSE118446__HUVEC_TGFb2_1h_vs_HUVEC_No_Treatment__1","GSE118446",1,2,"solo_trattato"
"cgroup_L5_b0e8388e","GSE118446__GSE118446__HUVEC_TGFb2_vs_HUVEC_No_Treatment__2","GSE118446",1,1,"entrambi"
"cgroup_L5_b0e8388e","GSE204929__GSE204929__grp_0007_vs_grp_0006__1","GSE204929",1,4,"solo_trattato"
"cgroup_L5_b0e8388e","GSE204929__GSE204929__grp_0008_vs_grp_0006__1","GSE204929",1,4,"solo_trattato"
"cgroup_L5_b0e8388e","GSE213245__GSE213245__grp_0009_vs_grp_0001__1","GSE213245",1,14,"solo_trattato"
"cgroup_L5_b0e8388e","GSE213245__GSE213245__grp_0010_vs_grp_0001__1","GSE213245",1,14,"solo_trattato"
"cgroup_L5_b0e8388e","GSE213245__GSE213245__grp_0011_vs_grp_0001__1","GSE213245",1,14,"solo_trattato"
"cgroup_L5_b0e8388e","GSE213245__GSE213245__grp_0014_vs_grp_0001__1","GSE213245",1,14,"solo_trattato"
"cgroup_L5_b0e8388e","GSE213245__GSE213245__grp_0028_vs_grp_0017__1","GSE213245",2,9,"nessuno"
"cgroup_L5_b0e8388e","GSE213245__GSE213245__grp_0030_vs_grp_0017__1","GSE213245",3,9,"nessuno"
"cgroup_L5_b0e8388e","GSE213245__GSE213245__grp_0031_vs_grp_0017__1","GSE213245",1,9,"solo_trattato"
"cgroup_L5_b0e8388e","GSE220294__GSE220294__grp_0001_vs_grp_0003__1","GSE220294",1,4,"solo_trattato"
"cgroup_L5_b0e8388e","GSE220294__GSE220294__grp_0002_vs_grp_0003__1","GSE220294",3,4,"nessuno"
"cgroup_L5_d9e23e09","GSE108621__GSE108621__TNF_vs_DMSO__1","GSE108621",3,3,"nessuno"
"cgroup_L5_d9e23e09","GSE115311__GSE115311__grp_0004_vs_grp_0026__1","GSE115311",2,2,"nessuno"
"cgroup_L5_d9e23e09","GSE115311__GSE115311__grp_0020_vs_grp_0019__1","GSE115311",2,2,"nessuno"
"cgroup_L5_d9e23e09","GSE122305__GSE122305__TNF_vs_PBS0.1%BSA__1","GSE122305",3,3,"nessuno"
"cgroup_L5_d9e23e09","GSE126101__GSE126101__TNFa_vs_control__1","GSE126101",3,4,"nessuno"
"cgroup_L5_d9e23e09","GSE128638__GSE128638__TNF_1hr_vs_Untreated__1","GSE128638",1,1,"entrambi"
"cgroup_L5_d9e23e09","GSE128638__GSE128638__TNF_3hr_vs_Untreated__1","GSE128638",1,1,"entrambi"
"cgroup_L5_d9e23e09","GSE128638__GSE128638__TNF_6hr_vs_Untreated__1","GSE128638",1,1,"entrambi"
"cgroup_L5_d9e23e09","GSE128638__GSE128638__TNF_24hr_vs_Untreated__1","GSE128638",1,1,"entrambi"
"cgroup_L5_d9e23e09","GSE130226__GSE130226__grp_0003_vs_grp_0001__1","GSE130226",2,1,"solo_controllo"
"cgroup_L5_d9e23e09","GSE130226__GSE130226__grp_0004_vs_grp_0001__1","GSE130226",2,1,"solo_controllo"
"cgroup_L5_d9e23e09","GSE130226__GSE130226__grp_0005_vs_grp_0001__1","GSE130226",2,1,"solo_controllo"
"cgroup_L5_d9e23e09","GSE130226__GSE130226__grp_0007_vs_grp_0002__1","GSE130226",2,6,"nessuno"
"cgroup_L5_d9e23e09","GSE130226__GSE130226__grp_0008_vs_grp_0002__1","GSE130226",1,6,"solo_trattato"
"cgroup_L5_d9e23e09","GSE130226__GSE130226__grp_0010_vs_grp_0009__1","GSE130226",2,4,"nessuno"
"cgroup_L5_d9e23e09","GSE138237__GSE138237__grp_0002_vs_grp_0001__1","GSE138237",1,2,"solo_trattato"
"cgroup_L5_d9e23e09","GSE138237__GSE138237__grp_0005_vs_grp_0003__1","GSE138237",2,1,"solo_controllo"
"cgroup_L5_d9e23e09","GSE138237__GSE138237__grp_0006_vs_grp_0003__1","GSE138237",2,1,"solo_controllo"
"cgroup_L5_d9e23e09","GSE147045__GSE147045__grp_0004_vs_grp_0002__1","GSE147045",3,2,"nessuno"
"cgroup_L5_d9e23e09","GSE148987__GSE148987__grp_0001_vs_grp_0006__1","GSE148987",1,2,"solo_trattato"
"cgroup_L5_d9e23e09","GSE151854__GSE151854__grp_0006_vs_grp_0003__1","GSE151854",2,4,"nessuno"
"cgroup_L5_d9e23e09","GSE152755__GSE152755__grp_0003_vs_grp_0001__1","GSE152755",2,1,"solo_controllo"
"cgroup_L5_d9e23e09","GSE152755__GSE152755__grp_0006_vs_grp_0004__1","GSE152755",1,1,"entrambi"
"cgroup_L5_d9e23e09","GSE157364__GSE157364__grp_0004_vs_grp_0003__1","GSE157364",4,4,"nessuno"
"cgroup_L5_d9e23e09","GSE157364__GSE157364__grp_0007_vs_grp_0009__1","GSE157364",4,3,"nessuno"
"cgroup_L5_d9e23e09","GSE159894__GSE159894__TNF_a_vs_Untreated__1","GSE159894",2,2,"nessuno"
"cgroup_L5_d9e23e09","GSE161021__GSE161021__TNF_vs_PBS__1","GSE161021",3,2,"nessuno"
"cgroup_L5_d9e23e09","GSE161021__GSE161021__TNF_vs_PBS__2","GSE161021",3,1,"solo_controllo"
"cgroup_L5_d9e23e09","GSE161761__GSE161761__TNF_for_14_days_vs_Untreated__1","GSE161761",2,3,"nessuno"
"cgroup_L5_d9e23e09","GSE161761__GSE161761__TNF_for_2_days_vs_Untreated__1","GSE161761",1,3,"solo_trattato"
"cgroup_L5_d9e23e09","GSE163548__GSE163548__grp_0004_vs_grp_0001__1","GSE163548",1,2,"solo_trattato"
"cgroup_L5_d9e23e09","GSE163548__GSE163548__grp_0006_vs_grp_0005__1","GSE163548",6,1,"solo_controllo"
"cgroup_L5_d9e23e09","GSE163548__GSE163548__grp_0009_vs_grp_0008__1","GSE163548",2,2,"nessuno"
"cgroup_L5_d9e23e09","GSE163548__GSE163548__grp_0010_vs_grp_0015__1","GSE163548",3,3,"nessuno"
"cgroup_L5_d9e23e09","GSE166079__GSE166079__grp_0002_vs_grp_0001__1","GSE166079",1,1,"entrambi"
"cgroup_L5_d9e23e09","GSE171170__GSE171170__grp_0003_vs_grp_0005__1","GSE171170",3,3,"nessuno"
"cgroup_L5_d9e23e09","GSE186396__GSE186396__grp_0002_vs_grp_0003__1","GSE186396",1,2,"solo_trattato"
"cgroup_L5_d9e23e09","GSE186396__GSE186396__grp_0006_vs_grp_0007__1","GSE186396",2,2,"nessuno"
"cgroup_L5_d9e23e09","GSE186396__GSE186396__grp_0008_vs_grp_0003__1","GSE186396",2,2,"nessuno"
"cgroup_L5_d9e23e09","GSE190181__GSE190181__grp_0002_vs_grp_0001__1","GSE190181",2,2,"nessuno"
"cgroup_L5_d9e23e09","GSE190181__GSE190181__grp_0004_vs_grp_0003__1","GSE190181",1,1,"entrambi"
"cgroup_L5_d9e23e09","GSE190634__GSE190634__grp_0004_vs_grp_0003__1","GSE190634",4,2,"nessuno"
"cgroup_L5_d9e23e09","GSE191101__GSE191101__TNFa_vs_DMSO__1","GSE191101",2,2,"nessuno"
"cgroup_L5_d9e23e09","GSE194220__GSE194220__grp_TNFa_vs_grp_control__1","GSE194220",1,1,"entrambi"
"cgroup_L5_d9e23e09","GSE196243__GSE196243__dermal_HC_TNF_vs_dermal_HC_untreated__1","GSE196243",2,3,"nessuno"
"cgroup_L5_d9e23e09","GSE196243__GSE196243__dermal_NDAS_TNF_vs_dermal_untreated__1","GSE196243",3,5,"nessuno"
"cgroup_L5_d9e23e09","GSE202436__GSE202436__TNF_1h_LL_vs_VEH_1h_LL__1","GSE202436",3,3,"nessuno"
"cgroup_L5_d9e23e09","GSE202436__GSE202436__TNF_18h_LL_vs_VEH_18h_LL__1","GSE202436",3,3,"nessuno"
"cgroup_L5_d9e23e09","GSE202436__GSE202436__TNF_2h_LL_vs_VEH_2h_LL__1","GSE202436",3,3,"nessuno"
"cgroup_L5_d9e23e09","GSE202436__GSE202436__TNF_6h_LL_vs_VEH_6h_LL__1","GSE202436",3,3,"nessuno"
"cgroup_L5_d9e23e09","GSE202436__GSE202436__TNF_1h_RL_vs_VEH_1h_RL__1","GSE202436",2,2,"nessuno"
"cgroup_L5_d9e23e09","GSE202436__GSE202436__TNF_18h_RL_vs_VEH_18h_RL__1","GSE202436",2,2,"nessuno"
"cgroup_L5_d9e23e09","GSE202436__GSE202436__TNF_2h_RL_vs_VEH_2h_RL__1","GSE202436",2,2,"nessuno"
"cgroup_L5_d9e23e09","GSE202436__GSE202436__TNF_6h_RL_vs_VEH_6h_RL__1","GSE202436",2,2,"nessuno"
"cgroup_L5_d9e23e09","GSE202576__GSE202576__grp_0002_vs_grp_0001__1","GSE202576",3,3,"nessuno"
"cgroup_L5_d9e23e09","GSE213972__GSE213972__grp_0008_vs_grp_0010__1","GSE213972",1,1,"entrambi"
"cgroup_L5_d9e23e09","GSE213972__GSE213972__grp_0009_vs_grp_0011__1","GSE213972",1,1,"entrambi"
"cgroup_L5_d9e23e09","GSE215039__GSE215039__grp_OA_TNF_vs_grp_OA_no_treatment__1","GSE215039",5,5,"nessuno"
"cgroup_L5_d9e23e09","GSE215039__GSE215039__grp_nonOA_TNF_vs_grp_nonOA_no_treatment__1","GSE215039",5,5,"nessuno"
"cgroup_L5_d9e23e09","GSE215275__GSE215275__grp_0004_vs_grp_0003__1","GSE215275",3,4,"nessuno"
"cgroup_L5_d9e23e09","GSE218167__GSE218167__grp_0002_vs_grp_0001__1","GSE218167",2,2,"nessuno"
"cgroup_L5_d9e23e09","GSE225274__GSE225274__grp_0002_vs_grp_0001__1","GSE225274",1,2,"solo_trattato"
"cgroup_L5_d9e23e09","GSE225274__GSE225274__grp_0002_vs_grp_0004__1","GSE225274",1,1,"entrambi"
"cgroup_L5_d9e23e09","GSE226232__GSE226232__grp_0002_vs_grp_0001__1","GSE226232",3,3,"nessuno"
"cgroup_L5_d9e23e09","GSE231460__GSE231460__grp_0002_vs_grp_0001__1","GSE231460",2,3,"nessuno"
"cgroup_L5_d9e23e09","GSE231460__GSE231460__grp_0003_vs_grp_0001__1","GSE231460",1,3,"solo_trattato"
"cgroup_L5_d9e23e09","GSE236122__GSE236122__grp_0001_vs_grp_0002__1","GSE236122",1,1,"entrambi"
"cgroup_L5_d9e23e09","GSE236122__GSE236122__grp_0003_vs_grp_0002__1","GSE236122",3,1,"solo_controllo"
"cgroup_L5_d9e23e09","GSE236122__GSE236122__grp_0004_vs_grp_0005__1","GSE236122",1,1,"entrambi"
"cgroup_L5_d9e23e09","GSE236122__GSE236122__grp_0007_vs_grp_0006__1","GSE236122",3,3,"nessuno"
"cgroup_L5_d9e23e09","GSE236122__GSE236122__grp_0008_vs_grp_0009__1","GSE236122",3,1,"solo_controllo"
"cgroup_L5_d9e23e09","GSE236122__GSE236122__grp_0013_vs_grp_0012__1","GSE236122",1,2,"solo_trattato"
"cgroup_L5_d9e23e09","GSE236122__GSE236122__grp_0014_vs_grp_0012__1","GSE236122",1,2,"solo_trattato"
"cgroup_L5_d9e23e09","GSE236122__GSE236122__grp_0018_vs_grp_0017__1","GSE236122",1,1,"entrambi"
"cgroup_L5_d9e23e09","GSE236122__GSE236122__grp_0019_vs_grp_0017__1","GSE236122",1,1,"entrambi"
"cgroup_L5_d9e23e09","GSE236122__GSE236122__grp_0021_vs_grp_0020__1","GSE236122",1,2,"solo_trattato"
"cgroup_L5_d9e23e09","GSE236122__GSE236122__grp_0022_vs_grp_0020__1","GSE236122",1,2,"solo_trattato"
"cgroup_L5_d9e23e09","GSE236122__GSE236122__grp_0023_vs_grp_0020__1","GSE236122",1,2,"solo_trattato"
"cgroup_L5_d9e23e09","GSE246340__GSE246340__grp_0005_vs_grp_0002__1","GSE246340",3,5,"nessuno"
"cgroup_L5_d9e23e09","GSE247226__GSE247226__TNF_vs_vehicle__1","GSE247226",3,1,"solo_controllo"
"cgroup_L5_d9e23e09","GSE267930__GSE267930__grp_0003_vs_grp_0001__1","GSE267930",2,2,"nessuno"
"cgroup_L5_d9e23e09","GSE267930__GSE267930__grp_0004_vs_grp_0001__1","GSE267930",1,2,"solo_trattato"
"cgroup_L5_d9e23e09","GSE64233__GSE64233__TNF_vs_DMSO__1","GSE64233",1,3,"solo_trattato"
"cgroup_L5_d9e23e09","GSE64233__GSE64233__shp65_TNF_1_vs_shp65_Vehicle__1","GSE64233",3,3,"nessuno"
"cgroup_L5_d9e23e09","GSE93330__GSE93330__TNF_vs_Control__1","GSE93330",3,3,"nessuno"
"cgroup_L5_d9e23e09","GSE95078__GSE95078__grp_0003_vs_grp_0001__1","GSE95078",1,3,"solo_trattato"
"cgroup_L5_d9e23e09","GSE95078__GSE95078__grp_0005_vs_grp_0002__1","GSE95078",2,3,"nessuno"
"cgroup_L5_d9e23e09","GSE98984__GSE98984__TNFα_vs_untreated__1","GSE98984",2,2,"nessuno"
"cgroup_L5_828ae0cb","GSE171170__GSE171170__grp_0007_vs_grp_0005__1","GSE171170",1,3,"solo_trattato"
"cgroup_L5_828ae0cb","GSE171170__GSE171170__grp_0008_vs_grp_0005__1","GSE171170",1,3,"solo_trattato"
"cgroup_L5_828ae0cb","GSE171170__GSE171170__grp_0009_vs_grp_0005__1","GSE171170",1,3,"solo_trattato"
"cgroup_L5_828ae0cb","GSE214503__GSE214503__TWEAK_vs_PBS__1","GSE214503",3,3,"nessuno"
"cgroup_L5_828ae0cb","GSE231480__GSE231480__grp_CAMA1_TWEAK_vs_grp_CAMA1_Untreated__1","GSE231480",3,2,"nessuno"
"cgroup_L5_828ae0cb","GSE231480__GSE231480__grp_Hs578T_TWEAK_vs_grp_Hs578T_Untreated__1","GSE231480",2,3,"nessuno"
"cgroup_L5_828ae0cb","GSE231480__GSE231480__grp_MCF7_TWEAK_vs_grp_MCF7_Untreated__1","GSE231480",3,3,"nessuno"
"cgroup_L5_828ae0cb","GSE231480__GSE231480__grp_MDA-MB-231_TWEAK_vs_grp_MDA-MB-231_Untreated__1","GSE231480",3,2,"nessuno"
"cgroup_L5_828ae0cb","GSE237845__GSE237845__grp_0002_vs_grp_0001__1","GSE237845",1,3,"solo_trattato"
"cgroup_L5_828ae0cb","GSE237845__GSE237845__grp_0003_vs_grp_0001__1","GSE237845",2,3,"nessuno"
"cgroup_L5_828ae0cb","GSE251869__GSE251869__MDA-MB-453_TWEAK_vs_Untreated__1","GSE251869",3,3,"nessuno"
"cgroup_L5_828ae0cb","GSE251869__GSE251869__SKBR3_TWEAK_vs_Untreated__1","GSE251869",3,2,"nessuno"
"cgroup_L5_1c583f9b","GSE168678__GSE168678__grp_0002_vs_grp_0001__1","GSE168678",2,2,"nessuno"
"cgroup_L5_1c583f9b","GSE211349__GSE211349__grp_0002_vs_grp_0001__1","GSE211349",1,1,"entrambi"
"cgroup_L5_1c583f9b","GSE211349__GSE211349__grp_0003_vs_grp_0001__1","GSE211349",1,1,"entrambi"
"cgroup_L5_1c583f9b","GSE224293__GSE224293__grp_0004_vs_grp_0001__1","GSE224293",1,1,"entrambi"
"cgroup_L5_2ab433c8","GSE119047__GSE119047__IL22_vs_PBS__1","GSE119047",2,2,"nessuno"
"cgroup_L5_2ab433c8","GSE119047__GSE119047__IL22_TGFlo_vs_PBS__1","GSE119047",3,2,"nessuno"
"cgroup_L5_2ab433c8","GSE149262__GSE149262__grp_0005_vs_grp_0001__1","GSE149262",3,2,"nessuno"
"cgroup_L5_2ab433c8","GSE149262__GSE149262__grp_0006_vs_grp_0003__1","GSE149262",3,2,"nessuno"
"cgroup_L5_2ab433c8","GSE173902__GSE173902__grp_0015_vs_grp_0012__1","GSE173902",2,2,"nessuno"
"cgroup_L5_2ab433c8","GSE190634__GSE190634__grp_0009_vs_grp_0003__1","GSE190634",4,2,"nessuno"
"cgroup_L5_2ab433c8","GSE214503__GSE214503__IL22_vs_PBS__1","GSE214503",3,3,"nessuno"
"cgroup_L5_2ab433c8","GSE243230__GSE243230__grp_IL-22_12h_vs_grp_none_12h__1","GSE243230",1,3,"solo_trattato"
"cgroup_L5_2ab433c8","GSE243230__GSE243230__grp_IL-22_24h_vs_grp_none_24h__1","GSE243230",1,3,"solo_trattato"
"cgroup_L5_2ab433c8","GSE243230__GSE243230__grp_IL-22_3h_vs_grp_none_3h__1","GSE243230",1,1,"entrambi"
"cgroup_L5_2ab433c8","GSE243230__GSE243230__grp_IL-22_6h_vs_grp_none_6h__1","GSE243230",3,3,"nessuno"
"cgroup_L5_840b7e36","GSE144852__GSE144852__grp_0006_vs_grp_0005__1","GSE144852",2,4,"nessuno"
"cgroup_L5_840b7e36","GSE160123__GSE160123__grp_0001_vs_grp_0002__1","GSE160123",5,1,"solo_controllo"
"cgroup_L5_840b7e36","GSE263462__GSE263462__CD3CD28_vs_Control__1","GSE263462",5,3,"nessuno"
"cgroup_L5_840b7e36","GSE264373__GSE264373__grp_0006_vs_grp_0007__1","GSE264373",7,2,"nessuno"
"cgroup_L5_840b7e36","GSE264373__GSE264373__grp_0004_vs_grp_0003__1","GSE264373",3,2,"nessuno"
"cgroup_L5_840b7e36","GSE264373__GSE264373__grp_0009_vs_grp_0002__1","GSE264373",2,3,"nessuno"
"cgroup_L5_206576be","GSE122941__GSE122941__grp_0005_vs_grp_0002__1","GSE122941",1,1,"entrambi"
"cgroup_L5_206576be","GSE122941__GSE122941__grp_0006_vs_grp_0004__1","GSE122941",1,1,"entrambi"
"cgroup_L5_206576be","GSE149377__GSE149377__grp_0018_vs_grp_0013__1","GSE149377",1,2,"solo_trattato"
"cgroup_L5_206576be","GSE149377__GSE149377__grp_0022_vs_grp_0013__1","GSE149377",2,2,"nessuno"
"cgroup_L5_206576be","GSE248927__GSE248927__GMCSF_vs_Mock__1","GSE248927",1,2,"solo_trattato"
"cgroup_L5_d693cf88","GSE196862__GSE196862__grp_TSLP_vs_grp_none__1","GSE196862",2,1,"solo_controllo"
"cgroup_L5_d693cf88","GSE213245__GSE213245__grp_0006_vs_grp_0001__1","GSE213245",2,14,"nessuno"
"cgroup_L5_d693cf88","GSE213245__GSE213245__grp_0007_vs_grp_0001__1","GSE213245",2,14,"nessuno"
"cgroup_L5_d693cf88","GSE213245__GSE213245__grp_0022_vs_grp_0017__1","GSE213245",3,9,"nessuno"
"cgroup_L5_d693cf88","GSE213245__GSE213245__grp_0023_vs_grp_0017__1","GSE213245",3,9,"nessuno"
"cgroup_L5_d693cf88","GSE73313__GSE73313__TSLP_24hr_vs_untreated_24hr__1","GSE73313",1,2,"solo_trattato"
"cgroup_L5_d693cf88","GSE73313__GSE73313__TSLP_4hr_vs_untreated_4hr__1","GSE73313",2,2,"nessuno"
"cgroup_L5_12228932","GSE106716__GSE106716__grp_0001_vs_grp_0002__1","GSE106716",2,2,"nessuno"
"cgroup_L5_12228932","GSE106716__GSE106716__grp_0004_vs_grp_0003__1","GSE106716",2,2,"nessuno"
"cgroup_L5_12228932","GSE121697__GSE121697__grp_0005_vs_grp_0001__1","GSE121697",1,1,"entrambi"
"cgroup_L5_12228932","GSE121697__GSE121697__grp_0006_vs_grp_0001__1","GSE121697",2,1,"solo_controllo"
"cgroup_L5_12228932","GSE124586__GSE124586__EGF_untreated__1","GSE124586",1,1,"entrambi"
"cgroup_L5_12228932","GSE144991__GSE144991__EGF_vs_DMSO__1","GSE144991",1,1,"entrambi"
"cgroup_L5_12228932","GSE144991__GSE144991__EGF_vs_DMSO2__1","GSE144991",1,1,"entrambi"
"cgroup_L5_12228932","GSE152409__GSE152409__EGF_24h_vs_PBS_24h__1","GSE152409",2,3,"nessuno"
"cgroup_L5_12228932","GSE152409__GSE152409__EGF_48h_vs_PBS_48h__1","GSE152409",3,3,"nessuno"
"cgroup_L5_12228932","GSE156089__GSE156089__EGF_vs_untreated__1","GSE156089",1,1,"entrambi"
"cgroup_L5_12228932","GSE156089__GSE156089__EGF_vs_untreated__2","GSE156089",1,2,"solo_trattato"
"cgroup_L5_12228932","GSE156089__GSE156089__EGF_vs_untreated__3","GSE156089",1,1,"entrambi"
"cgroup_L5_12228932","GSE183856__GSE183856__grp_0006_vs_grp_0008__1","GSE183856",1,2,"solo_trattato"
"cgroup_L5_12228932","GSE204905__GSE204905__grp_0001_vs_grp_0004__1","GSE204905",1,1,"entrambi"
"cgroup_L5_12228932","GSE204905__GSE204905__grp_0002_vs_grp_0004__1","GSE204905",1,1,"entrambi"
"cgroup_L5_12228932","GSE204905__GSE204905__grp_0003_vs_grp_0004__1","GSE204905",1,1,"entrambi"
"cgroup_L5_12228932","GSE204905__GSE204905__grp_0006_vs_grp_0007__1","GSE204905",1,3,"solo_trattato"
"cgroup_L5_12228932","GSE204905__GSE204905__grp_0008_vs_grp_0007__1","GSE204905",1,3,"solo_trattato"
"cgroup_L5_12228932","GSE204905__GSE204905__grp_0009_vs_grp_0007__1","GSE204905",1,3,"solo_trattato"
"cgroup_L5_12228932","GSE226358__GSE226358__grp_0002_vs_grp_0001__1","GSE226358",12,12,"nessuno"
"cgroup_L5_12228932","GSE226358__GSE226358__grp_0004_vs_grp_0003__1","GSE226358",9,10,"nessuno"
"cgroup_L5_12228932","GSE247637__GSE247637__grp_0010_vs_grp_0001__1","GSE247637",1,4,"solo_trattato"
"cgroup_L5_12228932","GSE247637__GSE247637__grp_0011_vs_grp_0001__1","GSE247637",1,4,"solo_trattato"
"cgroup_L5_12228932","GSE247637__GSE247637__grp_0012_vs_grp_0001__1","GSE247637",1,4,"solo_trattato"
"cgroup_L5_12228932","GSE247637__GSE247637__grp_0013_vs_grp_0001__1","GSE247637",2,4,"nessuno"
"cgroup_L5_12228932","GSE247637__GSE247637__grp_0014_vs_grp_0001__1","GSE247637",1,4,"solo_trattato"
"cgroup_L5_12228932","GSE247637__GSE247637__grp_0015_vs_grp_0001__1","GSE247637",1,4,"solo_trattato"
"cgroup_L5_12228932","GSE254479__GSE254479__grp_0009_vs_grp_0011__1","GSE254479",3,3,"nessuno"
"cgroup_L5_12228932","GSE269441__GSE269441__EGF_vs_Vehicle__1","GSE269441",1,3,"solo_trattato"
"cgroup_L5_b9921e6e","GSE210592__GSE210592__grp_0002_vs_grp_0003__1","GSE210592",2,2,"nessuno"
"cgroup_L5_b9921e6e","GSE83083__GSE83083__HER2_vs_control__1","GSE83083",5,15,"nessuno"
"cgroup_L5_b9921e6e","GSE84275__GSE84275__grp_0001_vs_grp_0003__1","GSE84275",1,1,"entrambi"
"cgroup_L5_f25af0a2","GSE115240__GSE115240__grp_0002_vs_grp_0001__1","GSE115240",4,4,"nessuno"
"cgroup_L5_f25af0a2","GSE163831__GSE163831__FGF2_24hr_vs_Control_24hr__1","GSE163831",1,2,"solo_trattato"
"cgroup_L5_f25af0a2","GSE190211__GSE190211__BT549_FGF-2_vs_BT549_control__1","GSE190211",2,2,"nessuno"
"cgroup_L5_f25af0a2","GSE190211__GSE190211__Caki-1_FGF-2_vs_Caki-1_control__1","GSE190211",1,1,"entrambi"
"cgroup_L5_f25af0a2","GSE190211__GSE190211__HEK293_FGF-2_vs_HEK293_control__1","GSE190211",1,2,"solo_trattato"
"cgroup_L5_f25af0a2","GSE190211__GSE190211__HeLa_FGF-2_vs_HeLa_control__1","GSE190211",1,1,"entrambi"
"cgroup_L5_3be7454c","GSE124810__GSE124810__IFNα_vs_vehicle__1","GSE124810",2,1,"solo_controllo"
"cgroup_L5_3be7454c","GSE126517__GSE126517__grp_0005_vs_grp_0001__1","GSE126517",1,5,"solo_trattato"
"cgroup_L5_3be7454c","GSE126517__GSE126517__grp_0008_vs_grp_0001__1","GSE126517",2,5,"nessuno"
"cgroup_L5_3be7454c","GSE126517__GSE126517__grp_0009_vs_grp_0001__1","GSE126517",3,5,"nessuno"
"cgroup_L5_3be7454c","GSE202350__GSE202350__INF_alpha_vs_DMSO__1","GSE202350",3,3,"nessuno"
"cgroup_L5_3be7454c","GSE206784__GSE206784__grp_0006_vs_grp_0004__1","GSE206784",3,2,"nessuno"
"cgroup_L5_3be7454c","GSE221804__GSE221804__grp_0003_vs_grp_0001__1","GSE221804",4,1,"solo_controllo"
"cgroup_L5_3be7454c","GSE221804__GSE221804__grp_0020_vs_grp_0001__1","GSE221804",2,1,"solo_controllo"
"cgroup_L5_3be7454c","GSE221804__GSE221804__grp_0021_vs_grp_0001__1","GSE221804",2,1,"solo_controllo"
"cgroup_L5_3be7454c","GSE221804__GSE221804__grp_0022_vs_grp_0001__1","GSE221804",2,1,"solo_controllo"
"cgroup_L5_3be7454c","GSE221804__GSE221804__grp_0023_vs_grp_0001__1","GSE221804",2,1,"solo_controllo"
"cgroup_L5_3be7454c","GSE221804__GSE221804__grp_0024_vs_grp_0001__1","GSE221804",1,1,"entrambi"
"cgroup_L5_3be7454c","GSE221804__GSE221804__grp_0025_vs_grp_0001__1","GSE221804",2,1,"solo_controllo"
"cgroup_L5_3be7454c","GSE221804__GSE221804__grp_0026_vs_grp_0001__1","GSE221804",1,1,"entrambi"
"cgroup_L5_3be7454c","GSE221804__GSE221804__grp_0027_vs_grp_0001__1","GSE221804",2,1,"solo_controllo"
"cgroup_L5_3be7454c","GSE221804__GSE221804__grp_0028_vs_grp_0001__1","GSE221804",1,1,"entrambi"
"cgroup_L5_3be7454c","GSE221804__GSE221804__grp_0029_vs_grp_0001__1","GSE221804",2,1,"solo_controllo"
"cgroup_L5_3be7454c","GSE221804__GSE221804__grp_0030_vs_grp_0001__1","GSE221804",2,1,"solo_controllo"
"cgroup_L5_3be7454c","GSE221804__GSE221804__grp_0031_vs_grp_0001__1","GSE221804",1,1,"entrambi"
"cgroup_L5_3be7454c","GSE221804__GSE221804__grp_0036_vs_grp_0002__1","GSE221804",1,1,"entrambi"
"cgroup_L5_3be7454c","GSE221804__GSE221804__grp_wild_type_IFN_alpha_1000Uml_2h_vs_grp_wild_type_unstimulated__1","GSE221804",2,1,"solo_controllo"
"cgroup_L5_3be7454c","GSE234424__GSE234424__grp_0001_vs_grp_0002__1","GSE234424",1,1,"entrambi"
"cgroup_L5_9132f546","GSE124939__GSE124939__normal_IFNa2_control_1_vs_normal_control_control_1__1","GSE124939",5,7,"nessuno"
"cgroup_L5_9132f546","GSE124939__GSE124939__normal_IFNa2_control_5_vs_normal_control_control_1__1","GSE124939",1,7,"solo_trattato"
"cgroup_L5_9132f546","GSE138567__GSE138567__grp_0003_vs_grp_0002__1","GSE138567",3,2,"nessuno"
"cgroup_L5_9132f546","GSE207301__GSE207301__grp_0001_vs_grp_0002__1","GSE207301",1,3,"solo_trattato"
"cgroup_L5_9132f546","GSE207301__GSE207301__grp_0003_vs_grp_0008__1","GSE207301",1,2,"solo_trattato"
"cgroup_L5_9132f546","GSE207301__GSE207301__grp_0004_vs_grp_0008__1","GSE207301",1,2,"solo_trattato"
"cgroup_L5_9132f546","GSE207301__GSE207301__grp_0005_vs_grp_0008__1","GSE207301",1,2,"solo_trattato"
"cgroup_L5_9132f546","GSE207301__GSE207301__grp_0006_vs_grp_0002__1","GSE207301",1,3,"solo_trattato"
"cgroup_L5_9132f546","GSE207301__GSE207301__grp_0007_vs_grp_0002__1","GSE207301",1,3,"solo_trattato"
"cgroup_L5_fea19ca0","GSE114284__GSE114284__grp_0002_vs_grp_0003__1","GSE114284",3,3,"nessuno"
"cgroup_L5_fea19ca0","GSE125066__GSE125066__grp_0001_vs_grp_0002__1","GSE125066",3,1,"solo_controllo"
"cgroup_L5_fea19ca0","GSE125066__GSE125066__grp_0004_vs_grp_0002__1","GSE125066",3,1,"solo_controllo"
"cgroup_L5_fea19ca0","GSE178901__GSE178901__grp_0002_vs_grp_0001__1","GSE178901",3,3,"nessuno"
"cgroup_L5_fea19ca0","GSE178901__GSE178901__grp_0003_vs_grp_0001__1","GSE178901",3,3,"nessuno"
"cgroup_L5_fea19ca0","GSE233494__GSE233494__human_IFN-β_vs_PBS__1","GSE233494",3,2,"nessuno"
"cgroup_L5_87c40ebb","GSE124939__GSE124939__normal_IFNg_control_1_vs_normal_control_control_1__1","GSE124939",1,7,"solo_trattato"
"cgroup_L5_87c40ebb","GSE124939__GSE124939__normal_IFNg_control_4_vs_normal_control_control_1__1","GSE124939",2,7,"nessuno"
"cgroup_L5_87c40ebb","GSE124939__GSE124939__normal_IFNg_control_5_vs_normal_control_control_1__1","GSE124939",1,7,"solo_trattato"
"cgroup_L5_87c40ebb","GSE129381__GSE129381__grp_0011_vs_grp_0010__1","GSE129381",1,1,"entrambi"
"cgroup_L5_87c40ebb","GSE129381__GSE129381__grp_0012_vs_grp_0010__1","GSE129381",1,1,"entrambi"
"cgroup_L5_87c40ebb","GSE129381__GSE129381__grp_0013_vs_grp_0010__1","GSE129381",1,1,"entrambi"
"cgroup_L5_87c40ebb","GSE130443__GSE130443__grp_0003_vs_grp_0006__1","GSE130443",1,1,"entrambi"
"cgroup_L5_87c40ebb","GSE130443__GSE130443__grp_0004_vs_grp_0006__1","GSE130443",1,1,"entrambi"
"cgroup_L5_87c40ebb","GSE130443__GSE130443__grp_0005_vs_grp_0006__1","GSE130443",1,1,"entrambi"
"cgroup_L5_87c40ebb","GSE135458__GSE135458__grp_0003_vs_grp_0001__1","GSE135458",2,1,"solo_controllo"
"cgroup_L5_87c40ebb","GSE135458__GSE135458__grp_0005_vs_grp_0004__1","GSE135458",2,2,"nessuno"
"cgroup_L5_87c40ebb","GSE138209__GSE138209__grp_0002_vs_grp_0001__1","GSE138209",2,2,"nessuno"
"cgroup_L5_87c40ebb","GSE138209__GSE138209__grp_0005_vs_grp_0006__1","GSE138209",1,3,"solo_trattato"
"cgroup_L5_87c40ebb","GSE138209__GSE138209__grp_0010_vs_grp_0009__1","GSE138209",3,3,"nessuno"
"cgroup_L5_87c40ebb","GSE138209__GSE138209__grp_0012_vs_grp_0011__1","GSE138209",3,3,"nessuno"
"cgroup_L5_87c40ebb","GSE141585__GSE141585__grp_0003_vs_grp_0001__1","GSE141585",3,3,"nessuno"
"cgroup_L5_87c40ebb","GSE141585__GSE141585__grp_0002_vs_grp_0001__1","GSE141585",1,3,"solo_trattato"
"cgroup_L5_87c40ebb","GSE141585__GSE141585__grp_0004_vs_grp_0001__1","GSE141585",2,3,"nessuno"
"cgroup_L5_87c40ebb","GSE144484__GSE144484__grp_0002_vs_grp_0001__1","GSE144484",3,3,"nessuno"
"cgroup_L5_87c40ebb","GSE144989__GSE144989__IFN-g_vs_DMSO__1","GSE144989",1,1,"entrambi"
"cgroup_L5_87c40ebb","GSE150300__GSE150300__grp_0002_vs_grp_0001__1","GSE150300",1,1,"entrambi"
"cgroup_L5_87c40ebb","GSE150300__GSE150300__grp_0004_vs_grp_0003__1","GSE150300",1,1,"entrambi"
"cgroup_L5_87c40ebb","GSE150300__GSE150300__grp_0006_vs_grp_0005__1","GSE150300",1,1,"entrambi"
"cgroup_L5_87c40ebb","GSE150300__GSE150300__grp_0007_vs_grp_0008__1","GSE150300",1,1,"entrambi"
"cgroup_L5_87c40ebb","GSE152755__GSE152755__grp_0005_vs_grp_0004__1","GSE152755",1,1,"entrambi"
"cgroup_L5_87c40ebb","GSE152755__GSE152755__grp_0013_vs_grp_0012__1","GSE152755",1,1,"entrambi"
"cgroup_L5_87c40ebb","GSE158434__GSE158434__Interferon_gamma_vs_Mock__1","GSE158434",3,3,"nessuno"
"cgroup_L5_87c40ebb","GSE158814__GSE158814__IFNgamma_44hrs_vs_untreated__1","GSE158814",2,2,"nessuno"
"cgroup_L5_87c40ebb","GSE158814__GSE158814__C.trachomatis+IFNgamma_44hrs_vs_untreated__1","GSE158814",1,2,"solo_trattato"
"cgroup_L5_87c40ebb","GSE161664__GSE161664__IFNg_vs_Control__1","GSE161664",3,4,"nessuno"
"cgroup_L5_87c40ebb","GSE161916__GSE161916__IFNg_vs_untreated__1","GSE161916",1,3,"solo_trattato"
"cgroup_L5_87c40ebb","GSE161916__GSE161916__IFNg_vs_untreated__2","GSE161916",2,3,"nessuno"
"cgroup_L5_87c40ebb","GSE163067__GSE163067__IFNg_vs_No_treatment__1","GSE163067",2,3,"nessuno"
"cgroup_L5_87c40ebb","GSE163067__GSE163067__IFNg_vs_No_treatment__2","GSE163067",1,3,"solo_trattato"
"cgroup_L5_87c40ebb","GSE164902__GSE164902__IFNgamma_vs_DMSO__1","GSE164902",1,1,"entrambi"
"cgroup_L5_87c40ebb","GSE173902__GSE173902__grp_0001_vs_grp_0012__1","GSE173902",2,2,"nessuno"
"cgroup_L5_87c40ebb","GSE174244__GSE174244__grp_0004_vs_grp_0003__1","GSE174244",5,7,"nessuno"
"cgroup_L5_87c40ebb","GSE174244__GSE174244__grp_0005_vs_grp_0003__1","GSE174244",1,7,"solo_trattato"
"cgroup_L5_87c40ebb","GSE174617__GSE174617__INFg_vs_DMSO__1","GSE174617",1,2,"solo_trattato"
"cgroup_L5_87c40ebb","GSE179354__GSE179354__IFNg_vs_Control__1","GSE179354",4,4,"nessuno"
"cgroup_L5_87c40ebb","GSE189376__GSE189376__grp_0009_vs_grp_0002__1","GSE189376",1,3,"solo_trattato"
"cgroup_L5_87c40ebb","GSE190634__GSE190634__grp_0006_vs_grp_0003__1","GSE190634",2,2,"nessuno"
"cgroup_L5_87c40ebb","GSE197302__GSE197302__grp_0006_vs_grp_0003__1","GSE197302",3,3,"nessuno"
"cgroup_L5_87c40ebb","GSE198460__GSE198460__M027_IFNg_vs_M027_Untreated__1","GSE198460",1,1,"entrambi"
"cgroup_L5_87c40ebb","GSE198460__GSE198460__M029_IFNg_vs_M029_Untreated__1","GSE198460",1,1,"entrambi"
"cgroup_L5_87c40ebb","GSE198460__GSE198460__M091_IFNg_vs_M091_Untreated__1","GSE198460",1,1,"entrambi"
"cgroup_L5_87c40ebb","GSE198460__GSE198460__PDX_Cell_Lines_IFNg_vs_PDX_Cell_Lines_Untreated__1","GSE198460",1,5,"solo_trattato"
"cgroup_L5_87c40ebb","GSE198460__GSE198460__PDX_Xenograft_IFNg_vs_PDX_Untreated__1","GSE198460",1,15,"solo_trattato"
"cgroup_L5_87c40ebb","GSE203220__GSE203220__grp_0051_vs_grp_0039__1","GSE203220",1,1,"entrambi"
"cgroup_L5_87c40ebb","GSE203220__GSE203220__grp_0052_vs_grp_0039__1","GSE203220",1,1,"entrambi"
"cgroup_L5_87c40ebb","GSE203220__GSE203220__grp_0001_vs_grp_0009__1","GSE203220",1,1,"entrambi"
"cgroup_L5_87c40ebb","GSE203220__GSE203220__grp_0002_vs_grp_0009__1","GSE203220",1,1,"entrambi"
"cgroup_L5_87c40ebb","GSE203220__GSE203220__grp_0003_vs_grp_0009__1","GSE203220",1,1,"entrambi"
"cgroup_L5_87c40ebb","GSE209536__GSE209536__grp_0002_vs_grp_0001__1","GSE209536",2,2,"nessuno"
"cgroup_L5_87c40ebb","GSE215771__GSE215771__grp_0003_vs_grp_0001__1","GSE215771",3,1,"solo_controllo"
"cgroup_L5_87c40ebb","GSE215771__GSE215771__grp_0005_vs_grp_0004__1","GSE215771",2,6,"nessuno"
"cgroup_L5_87c40ebb","GSE221804__GSE221804__grp_0004_vs_grp_0001__1","GSE221804",1,1,"entrambi"
"cgroup_L5_87c40ebb","GSE221804__GSE221804__grp_0005_vs_grp_0001__1","GSE221804",1,1,"entrambi"
"cgroup_L5_87c40ebb","GSE221804__GSE221804__grp_0006_vs_grp_0001__1","GSE221804",1,1,"entrambi"
"cgroup_L5_87c40ebb","GSE221804__GSE221804__grp_0007_vs_grp_0001__1","GSE221804",2,1,"solo_controllo"
"cgroup_L5_87c40ebb","GSE221804__GSE221804__grp_0008_vs_grp_0001__1","GSE221804",1,1,"entrambi"
"cgroup_L5_87c40ebb","GSE221804__GSE221804__grp_0009_vs_grp_0001__1","GSE221804",2,1,"solo_controllo"
"cgroup_L5_87c40ebb","GSE221804__GSE221804__grp_0010_vs_grp_0001__1","GSE221804",1,1,"entrambi"
"cgroup_L5_87c40ebb","GSE221804__GSE221804__grp_0011_vs_grp_0001__1","GSE221804",1,1,"entrambi"
"cgroup_L5_87c40ebb","GSE221804__GSE221804__grp_0012_vs_grp_0002__1","GSE221804",1,1,"entrambi"
"cgroup_L5_87c40ebb","GSE221804__GSE221804__grp_0014_vs_grp_0002__1","GSE221804",1,1,"entrambi"
"cgroup_L5_87c40ebb","GSE221804__GSE221804__grp_0032_vs_grp_0002__1","GSE221804",2,1,"solo_controllo"
"cgroup_L5_87c40ebb","GSE221804__GSE221804__grp_0033_vs_grp_0002__1","GSE221804",1,1,"entrambi"
"cgroup_L5_87c40ebb","GSE228173__GSE228173__grp_0005_vs_grp_0007__1","GSE228173",3,3,"nessuno"
"cgroup_L5_87c40ebb","GSE233548__GSE233548__grp_0003_vs_grp_0001__1","GSE233548",3,3,"nessuno"
"cgroup_L5_87c40ebb","GSE234424__GSE234424__grp_0003_vs_grp_0002__1","GSE234424",1,1,"entrambi"
"cgroup_L5_87c40ebb","GSE237971__GSE237971__grp_0002_vs_grp_0001__1","GSE237971",1,2,"solo_trattato"
"cgroup_L5_87c40ebb","GSE237971__GSE237971__grp_0004_vs_grp_0003__1","GSE237971",1,2,"solo_trattato"
"cgroup_L5_87c40ebb","GSE237971__GSE237971__grp_0006_vs_grp_0005__1","GSE237971",1,1,"entrambi"
"cgroup_L5_87c40ebb","GSE246923__GSE246923__grp_0001_vs_grp_0002__1","GSE246923",2,1,"solo_controllo"
"cgroup_L5_87c40ebb","GSE84691__GSE84691__grp_0002_vs_grp_0001__1","GSE84691",1,2,"solo_trattato"
"cgroup_L5_87c40ebb","GSE99299__GSE99299__A375_nontargeting_IFNg_vs_A375_nontargeting_vehicle__1","GSE99299",3,2,"nessuno"
"cgroup_L5_87c40ebb","GSE99299__GSE99299__A375_Ptpn2sg3_IFNg_vs_A375_Ptpn2sg3_vehicle__1","GSE99299",3,2,"nessuno"
"cgroup_L5_87c40ebb","GSE99299__GSE99299__HT29_nontargeting_IFNg_vs_HT29_nontargeting_vehicle__1","GSE99299",1,2,"solo_trattato"
"cgroup_L5_be15b706","GSE116927__GSE116927__IL13_vs_Vehicle__1","GSE116927",8,16,"nessuno"
"cgroup_L5_be15b706","GSE140900__GSE140900__grp_0006_vs_grp_0004__1","GSE140900",3,3,"nessuno"
"cgroup_L5_be15b706","GSE159196__GSE159196__IL13_Nasal_vs_Control__1","GSE159196",3,5,"nessuno"
"cgroup_L5_be15b706","GSE159196__GSE159196__IL13_Tracheal_vs_Control__1","GSE159196",1,5,"solo_trattato"
"cgroup_L5_be15b706","GSE162696__GSE162696__grp_0003_vs_grp_0001__1","GSE162696",3,1,"solo_controllo"
"cgroup_L5_be15b706","GSE162696__GSE162696__grp_0007_vs_grp_0005__1","GSE162696",3,2,"nessuno"
"cgroup_L5_be15b706","GSE173902__GSE173902__grp_0014_vs_grp_0012__1","GSE173902",2,2,"nessuno"
"cgroup_L5_be15b706","GSE184868__GSE184868__IL-13_vs_Untreated__1","GSE184868",3,1,"solo_controllo"
"cgroup_L5_be15b706","GSE190705__GSE190705__IL13_vs_untreated__1","GSE190705",3,3,"nessuno"
"cgroup_L5_be15b706","GSE202866__GSE202866__grp_0004_vs_grp_0002__1","GSE202866",4,2,"nessuno"
"cgroup_L5_be15b706","GSE202866__GSE202866__grp_0004_vs_grp_0003__1","GSE202866",4,2,"nessuno"
"cgroup_L5_be15b706","GSE206510__GSE206510__grp_asthma_il13_vs_grp_asthma_untreated__1","GSE206510",4,2,"nessuno"
"cgroup_L5_be15b706","GSE206510__GSE206510__grp_control_il13_vs_grp_control_vehicle__1","GSE206510",3,2,"nessuno"
"cgroup_L5_be15b706","GSE214503__GSE214503__IL13_vs_PBS__1","GSE214503",3,3,"nessuno"
"cgroup_L5_be15b706","GSE220972__GSE220972__grp_0002_vs_grp_0001__1","GSE220972",2,10,"nessuno"
"cgroup_L5_be15b706","GSE220972__GSE220972__grp_0003_vs_grp_0001__1","GSE220972",10,10,"nessuno"
"cgroup_L5_be15b706","GSE240741__GSE240741__donor1_IL13_2d_vs_DMSO_control__1","GSE240741",1,7,"solo_trattato"
"cgroup_L5_be15b706","GSE240741__GSE240741__donor1_IL13_3w_vs_DMSO_control__1","GSE240741",1,7,"solo_trattato"
"cgroup_L5_be15b706","GSE240741__GSE240741__donor2_IL13_2d_vs_DMSO_control__1","GSE240741",1,7,"solo_trattato"
"cgroup_L5_be15b706","GSE240741__GSE240741__donor2_IL13_3w_vs_DMSO_control__1","GSE240741",1,7,"solo_trattato"
"cgroup_L5_be15b706","GSE240741__GSE240741__donor3_IL13_2d_vs_DMSO_control__1","GSE240741",1,7,"solo_trattato"
"cgroup_L5_be15b706","GSE240741__GSE240741__donor3_IL13_3w_vs_DMSO_control__1","GSE240741",1,7,"solo_trattato"
"cgroup_L5_be15b706","GSE240741__GSE240741__donor4_IL13_2d_vs_DMSO_control__1","GSE240741",1,7,"solo_trattato"
"cgroup_L5_be15b706","GSE240741__GSE240741__donor4_IL13_3w_vs_DMSO_control__1","GSE240741",1,7,"solo_trattato"
"cgroup_L5_be15b706","GSE240741__GSE240741__donor5_IL13_2d_vs_DMSO_control__1","GSE240741",1,7,"solo_trattato"
"cgroup_L5_be15b706","GSE240741__GSE240741__donor5_IL13_3w_vs_DMSO_control__1","GSE240741",1,7,"solo_trattato"
"cgroup_L5_be15b706","GSE240741__GSE240741__donor6_IL13_2d_vs_DMSO_control__1","GSE240741",1,7,"solo_trattato"
"cgroup_L5_be15b706","GSE240741__GSE240741__donor6_IL13_3w_vs_DMSO_control__1","GSE240741",1,7,"solo_trattato"
"cgroup_L5_be15b706","GSE240741__GSE240741__donor7_IL13_2d_vs_DMSO_control__1","GSE240741",1,7,"solo_trattato"
"cgroup_L5_be15b706","GSE240741__GSE240741__donor7_IL13_3w_vs_DMSO_control__1","GSE240741",1,7,"solo_trattato"
"cgroup_L5_be15b706","GSE240741__GSE240741__donor8_IL13_2d_vs_DMSO_control__1","GSE240741",1,7,"solo_trattato"
"cgroup_L5_be15b706","GSE240741__GSE240741__donor8_IL13_3w_vs_DMSO_control__1","GSE240741",1,7,"solo_trattato"
"cgroup_L5_be15b706","GSE57637__GSE57637__IL-13_2hr_vs_control_2hr__1","GSE57637",1,1,"entrambi"
"cgroup_L5_be15b706","GSE57637__GSE57637__IL-13_6hr_vs_control_6hr__1","GSE57637",1,1,"entrambi"
"cgroup_L5_be15b706","GSE57637__GSE57637__IL-13_24hr_vs_control_24hr__1","GSE57637",1,1,"entrambi"
"cgroup_L5_be15b706","GSE65335__GSE65335__grp_0004_vs_grp_0001__1","GSE65335",3,2,"nessuno"
"cgroup_L5_be15b706","GSE65335__GSE65335__grp_0004_vs_grp_0002__1","GSE65335",3,2,"nessuno"
"cgroup_L5_be15b706","GSE65335__GSE65335__grp_0004_vs_grp_0003__1","GSE65335",3,2,"nessuno"
"cgroup_L5_be15b706","GSE79027__GSE79027__il13_donor1_vs_untreated_donor1__1","GSE79027",1,3,"solo_trattato"
"cgroup_L5_be15b706","GSE79027__GSE79027__il13_donor2_vs_untreated_donor2__1","GSE79027",3,3,"nessuno"
"cgroup_L5_be15b706","GSE79027__GSE79027__il13_donor3_vs_untreated_donor3__1","GSE79027",3,3,"nessuno"
"cgroup_L5_bd40f34f","GSE120904__GSE120904__grp_intestinal_epithelial_IL15_vs_grp_intestinal_epithelial_vehicle__1","GSE120904",5,5,"nessuno"
"cgroup_L5_bd40f34f","GSE120904__GSE120904__grp_intraepithelial_IL15_CP_vs_grp_intraepithelial_vehicle__1","GSE120904",1,2,"solo_trattato"
"cgroup_L5_bd40f34f","GSE120904__GSE120904__grp_intraepithelial_IL15_CP_alt_vs_grp_intraepithelial_vehicle__1","GSE120904",1,2,"solo_trattato"
"cgroup_L5_bd40f34f","GSE120904__GSE120904__grp_intraepithelial_IL15_CP_alt2_vs_grp_intraepithelial_vehicle__1","GSE120904",2,2,"nessuno"
"cgroup_L5_bd40f34f","GSE120904__GSE120904__grp_intraepithelial_IL15_alt_vs_grp_intraepithelial_vehicle__1","GSE120904",4,2,"nessuno"
"cgroup_L5_bd40f34f","GSE126409__GSE126409__grp_0009_vs_grp_0007__1","GSE126409",4,3,"nessuno"
"cgroup_L5_bd40f34f","GSE126409__GSE126409__grp_0010_vs_grp_0007__1","GSE126409",3,3,"nessuno"
"cgroup_L5_bd40f34f","GSE126409__GSE126409__grp_0011_vs_grp_0007__1","GSE126409",4,3,"nessuno"
"cgroup_L5_bd40f34f","GSE126409__GSE126409__grp_0012_vs_grp_0007__1","GSE126409",3,3,"nessuno"
"cgroup_L5_bd40f34f","GSE126409__GSE126409__grp_0020_vs_grp_0007__1","GSE126409",1,3,"solo_trattato"
"cgroup_L5_bd40f34f","GSE126409__GSE126409__grp_0021_vs_grp_0007__1","GSE126409",1,3,"solo_trattato"
"cgroup_L5_bd40f34f","GSE126409__GSE126409__grp_0031_vs_grp_0026__1","GSE126409",4,4,"nessuno"
"cgroup_L5_bd40f34f","GSE126409__GSE126409__grp_0032_vs_grp_0026__1","GSE126409",3,4,"nessuno"
"cgroup_L5_bd40f34f","GSE126409__GSE126409__grp_0033_vs_grp_0026__1","GSE126409",4,4,"nessuno"
"cgroup_L5_bd40f34f","GSE126409__GSE126409__grp_0034_vs_grp_0026__1","GSE126409",3,4,"nessuno"
"cgroup_L5_bd40f34f","GSE227098__GSE227098__grp_0003_vs_grp_0012__1","GSE227098",1,1,"entrambi"
"cgroup_L5_bd40f34f","GSE227098__GSE227098__grp_0005_vs_grp_0010__1","GSE227098",1,1,"entrambi"
"cgroup_L5_bd40f34f","GSE227098__GSE227098__grp_0006_vs_grp_0010__1","GSE227098",1,1,"entrambi"
"cgroup_L5_bd40f34f","GSE227098__GSE227098__grp_0007_vs_grp_0010__1","GSE227098",1,1,"entrambi"
"cgroup_L5_bd40f34f","GSE94150__GSE94150__IL15_ST124_vs_Control_ST124__1","GSE94150",2,9,"nessuno"
"cgroup_L5_bd40f34f","GSE94150__GSE94150__IL15_ST124_2_vs_Control_ST124__1","GSE94150",2,9,"nessuno"
"cgroup_L5_bd40f34f","GSE94150__GSE94150__IL15_ST124_3_vs_Control_ST124__1","GSE94150",4,9,"nessuno"
"cgroup_L5_b32ab7f6","GSE103930__GSE103930__grp_0005_vs_grp_0003__1","GSE103930",2,4,"nessuno"
"cgroup_L5_b32ab7f6","GSE119047__GSE119047__IL17A_TGFlo_vs_PBS__1","GSE119047",1,2,"solo_trattato"
"cgroup_L5_b32ab7f6","GSE119047__GSE119047__IL17A_vs_PBS__1","GSE119047",2,2,"nessuno"
"cgroup_L5_b32ab7f6","GSE119047__GSE119047__IL17A_TGFlo_vs_PBS__2","GSE119047",2,2,"nessuno"
"cgroup_L5_b32ab7f6","GSE119047__GSE119047__IL17A_vs_PBS__2","GSE119047",1,2,"solo_trattato"
"cgroup_L5_b32ab7f6","GSE122305__GSE122305__IL17A_vs_PBS0.1%BSA__1","GSE122305",2,3,"nessuno"
"cgroup_L5_b32ab7f6","GSE147045__GSE147045__grp_0001_vs_grp_0002__1","GSE147045",1,2,"solo_trattato"
"cgroup_L5_b32ab7f6","GSE147045__GSE147045__grp_0005_vs_grp_0002__1","GSE147045",1,2,"solo_trattato"
"cgroup_L5_b32ab7f6","GSE151536__GSE151536__IL-17A_vs_vehicle__1","GSE151536",1,1,"entrambi"
"cgroup_L5_b32ab7f6","GSE151536__GSE151536__IL-17A_3_vs_vehicle__1","GSE151536",1,1,"entrambi"
"cgroup_L5_b32ab7f6","GSE151536__GSE151536__IL-17A_2_vs_vehicle__1","GSE151536",1,1,"entrambi"
"cgroup_L5_b32ab7f6","GSE152438__GSE152438__grp_0006_vs_grp_0005__1","GSE152438",1,4,"solo_trattato"
"cgroup_L5_b32ab7f6","GSE152438__GSE152438__grp_0006_vs_grp_0003__1","GSE152438",1,8,"solo_trattato"
"cgroup_L5_b32ab7f6","GSE171170__GSE171170__grp_0004_vs_grp_0005__1","GSE171170",3,3,"nessuno"
"cgroup_L5_b32ab7f6","GSE171952__GSE171952__Chondrocytes_P33_IL-17A_vs_Chondrocytes_P33_Control_vehicle__1","GSE171952",6,6,"nessuno"
"cgroup_L5_b32ab7f6","GSE171952__GSE171952__Synovial_fibroblasts_P330_IL-17A_vs_Synovial_fibroblasts_P330_Control_vehicle__1","GSE171952",3,4,"nessuno"
"cgroup_L5_b32ab7f6","GSE179354__GSE179354__IL17a_vs_Control__1","GSE179354",2,4,"nessuno"
"cgroup_L5_b32ab7f6","GSE182957__GSE182957__IL17_vs_control__1","GSE182957",4,4,"nessuno"
"cgroup_L5_b32ab7f6","GSE190634__GSE190634__grp_0007_vs_grp_0003__1","GSE190634",4,2,"nessuno"
"cgroup_L5_b32ab7f6","GSE198683__GSE198683__grp_0006_vs_grp_0001__1","GSE198683",1,4,"solo_trattato"
"cgroup_L5_b32ab7f6","GSE198683__GSE198683__grp_0007_vs_grp_0001__1","GSE198683",1,4,"solo_trattato"
"cgroup_L5_b32ab7f6","GSE198683__GSE198683__grp_0008_vs_grp_0001__1","GSE198683",2,4,"nessuno"
"cgroup_L5_3973fe03","GSE120784__GSE120784__keratinocytes_il1a_vs_unstimulated__1","GSE120784",1,3,"solo_trattato"
"cgroup_L5_3973fe03","GSE142706__GSE142706__grp_0001_vs_grp_0003__1","GSE142706",3,1,"solo_controllo"
"cgroup_L5_3973fe03","GSE155141__GSE155141__grp_0003_vs_grp_0002__1","GSE155141",3,4,"nessuno"
"cgroup_L5_3973fe03","GSE155141__GSE155141__grp_0004_vs_grp_0005__1","GSE155141",2,1,"solo_controllo"
"cgroup_L5_3973fe03","GSE181229__GSE181229__grp_0004_vs_grp_0005__1","GSE181229",6,3,"nessuno"
"cgroup_L5_3973fe03","GSE205853__GSE205853__grp_0002_vs_grp_0003__1","GSE205853",3,4,"nessuno"
"cgroup_L5_3973fe03","GSE205853__GSE205853__grp_0005_vs_grp_0003__1","GSE205853",2,4,"nessuno"
"cgroup_L5_3973fe03","GSE205853__GSE205853__grp_0007_vs_grp_0003__1","GSE205853",1,4,"solo_trattato"
"cgroup_L5_3973fe03","GSE214475__GSE214475__grp_0002_vs_grp_0001__1","GSE214475",4,3,"nessuno"
"cgroup_L5_905be893","GSE101868__GSE101868__A549_IL1beta_vs_media__1","GSE101868",3,3,"nessuno"
"cgroup_L5_905be893","GSE105088__GSE105088__grp_0003_vs_grp_0002__1","GSE105088",3,3,"nessuno"
"cgroup_L5_905be893","GSE115311__GSE115311__grp_0003_vs_grp_0026__1","GSE115311",1,2,"solo_trattato"
"cgroup_L5_905be893","GSE115311__GSE115311__grp_0005_vs_grp_0026__1","GSE115311",1,2,"solo_trattato"
"cgroup_L5_905be893","GSE120784__GSE120784__dermal_endothelial_il1b_vs_unstimulated__1","GSE120784",2,3,"nessuno"
"cgroup_L5_905be893","GSE120784__GSE120784__dermal_endothelial_il1b_1h_vs_unstimulated__1","GSE120784",1,3,"solo_trattato"
"cgroup_L5_905be893","GSE120784__GSE120784__dermal_fibroblasts_il1b_vs_unstimulated__1","GSE120784",2,3,"nessuno"
"cgroup_L5_905be893","GSE120784__GSE120784__dermal_fibroblasts_il1b_1h_vs_unstimulated__1","GSE120784",1,3,"solo_trattato"
"cgroup_L5_905be893","GSE120784__GSE120784__immune_cells_il1b_vs_unstimulated__1","GSE120784",3,2,"nessuno"
"cgroup_L5_905be893","GSE120784__GSE120784__keratinocytes_il1b_vs_unstimulated__1","GSE120784",2,3,"nessuno"
"cgroup_L5_905be893","GSE126750__GSE126750__IL1b_vs_DMSO__1","GSE126750",3,2,"nessuno"
"cgroup_L5_905be893","GSE131320__GSE131320__il1b_24h_vs_control__1","GSE131320",2,6,"nessuno"
"cgroup_L5_905be893","GSE131320__GSE131320__il1b_6h_vs_control__1","GSE131320",4,6,"nessuno"
"cgroup_L5_905be893","GSE131732__GSE131732__IL1B_vs_vehicle__1","GSE131732",3,3,"nessuno"
"cgroup_L5_905be893","GSE134896__GSE134896__grp_0003_vs_grp_0004__1","GSE134896",3,3,"nessuno"
"cgroup_L5_905be893","GSE134896__GSE134896__grp_0005_vs_grp_0004__1","GSE134896",1,3,"solo_trattato"
"cgroup_L5_905be893","GSE134896__GSE134896__grp_0011_vs_grp_0004__1","GSE134896",2,3,"nessuno"
"cgroup_L5_905be893","GSE142620__GSE142620__IL1beta_day_6_vs_Control_day_6__1","GSE142620",3,4,"nessuno"
"cgroup_L5_905be893","GSE142620__GSE142620__IL1beta_day_15_vs_Control_day_15__1","GSE142620",2,4,"nessuno"
"cgroup_L5_905be893","GSE142620__GSE142620__IL1beta_day_21_vs_Control_day_21__1","GSE142620",2,3,"nessuno"
"cgroup_L5_905be893","GSE142620__GSE142620__IL1beta_day_30_posttreatment_vs_Control_day_30_posttreatment__1","GSE142620",2,2,"nessuno"
"cgroup_L5_905be893","GSE142620__GSE142620__IL1beta_day_6_posttreatment_vs_Control_day_6_posttreatment__1","GSE142620",1,2,"solo_trattato"
"cgroup_L5_905be893","GSE158219__GSE158219__IL1β_sicontrol_vs_vehicle_sicontrol__1","GSE158219",1,1,"entrambi"
"cgroup_L5_905be893","GSE158219__GSE158219__IL1β_siKILN1_vs_vehicle_siKILN1__1","GSE158219",1,1,"entrambi"
"cgroup_L5_905be893","GSE158219__GSE158219__IL1β_siKILN2_vs_vehicle_siKILN2__1","GSE158219",1,1,"entrambi"
"cgroup_L5_905be893","GSE160092__GSE160092__grp_0005_vs_grp_0001__1","GSE160092",2,1,"solo_controllo"
"cgroup_L5_905be893","GSE160092__GSE160092__grp_0005_vs_grp_0002__1","GSE160092",2,1,"solo_controllo"
"cgroup_L5_905be893","GSE161916__GSE161916__IL1b_vs_untreated__1","GSE161916",3,3,"nessuno"
"cgroup_L5_905be893","GSE162691__GSE162691__grp_0003_vs_grp_0001__1","GSE162691",3,1,"solo_controllo"
"cgroup_L5_905be893","GSE162691__GSE162691__grp_0004_vs_grp_0002__1","GSE162691",1,2,"solo_trattato"
"cgroup_L5_905be893","GSE162691__GSE162691__grp_0005_vs_grp_0002__1","GSE162691",2,2,"nessuno"
"cgroup_L5_905be893","GSE171652__GSE171652__grp_0002_vs_grp_0001__1","GSE171652",3,3,"nessuno"
"cgroup_L5_905be893","GSE184777__GSE184777__IL-1β_vs_Untreated__1","GSE184777",3,1,"solo_controllo"
"cgroup_L5_905be893","GSE189136__GSE189136__grp_0004_vs_grp_0002__1","GSE189136",3,2,"nessuno"
"cgroup_L5_905be893","GSE193414__GSE193414__IL1b_cartilage_vs_unstim_cartilage__1","GSE193414",2,1,"solo_controllo"
"cgroup_L5_905be893","GSE193414__GSE193414__IL1b_osteochondroma_vs_unstim_osteochondroma__1","GSE193414",1,1,"entrambi"
"cgroup_L5_905be893","GSE196195__GSE196195__grp_0004_vs_grp_0001__1","GSE196195",6,1,"solo_controllo"
"cgroup_L5_905be893","GSE205851__GSE205851__IL1Beta_vs_Untreated__1","GSE205851",1,4,"solo_trattato"
"cgroup_L5_905be893","GSE205851__GSE205851__IL1Beta_vs_Untreated__2","GSE205851",3,4,"nessuno"
"cgroup_L5_905be893","GSE215039__GSE215039__grp_OA_IL1b_vs_grp_OA_no_treatment__1","GSE215039",1,5,"solo_trattato"
"cgroup_L5_905be893","GSE215039__GSE215039__grp_nonOA_IL1b_vs_grp_nonOA_no_treatment__1","GSE215039",4,5,"nessuno"
"cgroup_L5_905be893","GSE224999__GSE224999__grp_0002_vs_grp_0001__1","GSE224999",1,1,"entrambi"
"cgroup_L5_905be893","GSE243421__GSE243421__IL1B_vs_untreated__1","GSE243421",3,3,"nessuno"
"cgroup_L5_905be893","GSE246493__GSE246493__grp_0004_vs_grp_0003__1","GSE246493",2,1,"solo_controllo"
"cgroup_L5_905be893","GSE246493__GSE246493__grp_0005_vs_grp_0001__1","GSE246493",2,2,"nessuno"
"cgroup_L5_905be893","GSE246493__GSE246493__grp_0006_vs_grp_0002__1","GSE246493",1,2,"solo_trattato"
"cgroup_L5_905be893","GSE246493__GSE246493__grp_0007_vs_grp_0002__1","GSE246493",1,2,"solo_trattato"
"cgroup_L5_905be893","GSE72460__GSE72460__grp_0001_vs_grp_0002__1","GSE72460",3,3,"nessuno"
"cgroup_L5_905be893","GSE74220__GSE74220__grp_0001_vs_grp_0002__1","GSE74220",3,3,"nessuno"
"cgroup_L5_905be893","GSE97619__GSE97619__grp_astrocytes_primary_Il1beta_vs_grp_astrocytes_primary_none__1","GSE97619",1,2,"solo_trattato"
"cgroup_L5_3d8c29f4","GSE122409__GSE122409__grp_0001_vs_grp_0003__1","GSE122409",2,3,"nessuno"
"cgroup_L5_3d8c29f4","GSE122409__GSE122409__grp_0005_vs_grp_0007__1","GSE122409",2,3,"nessuno"
"cgroup_L5_3d8c29f4","GSE122409__GSE122409__grp_0010_vs_grp_0012__1","GSE122409",1,3,"solo_trattato"
"cgroup_L5_3d8c29f4","GSE122409__GSE122409__grp_0011_vs_grp_0012__1","GSE122409",1,3,"solo_trattato"
"cgroup_L5_3d8c29f4","GSE122409__GSE122409__grp_0014_vs_grp_0015__1","GSE122409",2,3,"nessuno"
"cgroup_L5_3d8c29f4","GSE130284__GSE130284__grp_0002_vs_grp_0003__1","GSE130284",2,3,"nessuno"
"cgroup_L5_3d8c29f4","GSE130284__GSE130284__grp_0005_vs_grp_0003__1","GSE130284",1,3,"solo_trattato"
"cgroup_L5_3d8c29f4","GSE138698__GSE138698__IL2_vs_none__1","GSE138698",3,3,"nessuno"
"cgroup_L5_3d8c29f4","GSE194036__GSE194036__grp_0001_vs_grp_0002__1","GSE194036",2,1,"solo_controllo"
"cgroup_L5_3d8c29f4","GSE197003__GSE197003__grp_0003_vs_grp_0001__1","GSE197003",1,1,"entrambi"
"cgroup_L5_3d8c29f4","GSE197003__GSE197003__grp_0003_vs_grp_0004__1","GSE197003",1,1,"entrambi"
"cgroup_L5_3d8c29f4","GSE221563__GSE221563__grp_0004_vs_grp_0003__1","GSE221563",2,6,"nessuno"
"cgroup_L5_2d53def6","GSE120904__GSE120904__grp_intestinal_epithelial_IL21_vs_grp_intestinal_epithelial_vehicle__1","GSE120904",2,5,"nessuno"
"cgroup_L5_2d53def6","GSE120904__GSE120904__grp_intestinal_epithelial_IL21_alt_vs_grp_intestinal_epithelial_vehicle__1","GSE120904",3,5,"nessuno"
"cgroup_L5_2d53def6","GSE120904__GSE120904__grp_intraepithelial_IL21_CP_vs_grp_intraepithelial_vehicle__1","GSE120904",2,2,"nessuno"
"cgroup_L5_2d53def6","GSE120904__GSE120904__grp_intraepithelial_IL21_vs_grp_intraepithelial_vehicle__1","GSE120904",2,2,"nessuno"
"cgroup_L5_2d53def6","GSE120904__GSE120904__grp_intraepithelial_IL21_CP_alt_vs_grp_intraepithelial_vehicle__1","GSE120904",3,2,"nessuno"
"cgroup_L5_2d53def6","GSE120904__GSE120904__grp_intraepithelial_IL21_CP_alt2_vs_grp_intraepithelial_vehicle__1","GSE120904",2,2,"nessuno"
"cgroup_L5_2d53def6","GSE120904__GSE120904__grp_intraepithelial_IL21_alt2_vs_grp_intraepithelial_vehicle__1","GSE120904",1,2,"solo_trattato"
"cgroup_L5_2d53def6","GSE120904__GSE120904__grp_intraepithelial_IL21_alt3_vs_grp_intraepithelial_vehicle__1","GSE120904",1,2,"solo_trattato"
"cgroup_L5_2d53def6","GSE120904__GSE120904__grp_intraepithelial_IL21_alt4_vs_grp_intraepithelial_vehicle__1","GSE120904",3,2,"nessuno"
"cgroup_L5_2d53def6","GSE126409__GSE126409__grp_0006_vs_grp_0007__1","GSE126409",1,3,"solo_trattato"
"cgroup_L5_2d53def6","GSE126409__GSE126409__grp_0013_vs_grp_0007__1","GSE126409",3,3,"nessuno"
"cgroup_L5_2d53def6","GSE126409__GSE126409__grp_0014_vs_grp_0007__1","GSE126409",1,3,"solo_trattato"
"cgroup_L5_2d53def6","GSE126409__GSE126409__grp_0015_vs_grp_0007__1","GSE126409",1,3,"solo_trattato"
"cgroup_L5_2d53def6","GSE126409__GSE126409__grp_0016_vs_grp_0007__1","GSE126409",1,3,"solo_trattato"
"cgroup_L5_2d53def6","GSE126409__GSE126409__grp_0017_vs_grp_0007__1","GSE126409",4,3,"nessuno"
"cgroup_L5_2d53def6","GSE126409__GSE126409__grp_0018_vs_grp_0007__1","GSE126409",2,3,"nessuno"
"cgroup_L5_2d53def6","GSE126409__GSE126409__grp_0019_vs_grp_0007__1","GSE126409",3,3,"nessuno"
"cgroup_L5_2d53def6","GSE126409__GSE126409__grp_0027_vs_grp_0026__1","GSE126409",1,4,"solo_trattato"
"cgroup_L5_2d53def6","GSE126409__GSE126409__grp_0028_vs_grp_0026__1","GSE126409",1,4,"solo_trattato"
"cgroup_L5_2d53def6","GSE126409__GSE126409__grp_0029_vs_grp_0026__1","GSE126409",1,4,"solo_trattato"
"cgroup_L5_2d53def6","GSE126409__GSE126409__grp_0030_vs_grp_0026__1","GSE126409",3,4,"nessuno"
"cgroup_L5_2d53def6","GSE126409__GSE126409__grp_0035_vs_grp_0026__1","GSE126409",1,4,"solo_trattato"
"cgroup_L5_2d53def6","GSE126409__GSE126409__grp_0036_vs_grp_0026__1","GSE126409",2,4,"nessuno"
"cgroup_L5_2d53def6","GSE126409__GSE126409__grp_0037_vs_grp_0026__1","GSE126409",2,4,"nessuno"
"cgroup_L5_2d53def6","GSE126409__GSE126409__grp_0038_vs_grp_0026__1","GSE126409",2,4,"nessuno"
"cgroup_L5_2d53def6","GSE126409__GSE126409__grp_0039_vs_grp_0026__1","GSE126409",3,4,"nessuno"
"cgroup_L5_2d53def6","GSE129093__GSE129093__grp_0003_vs_grp_0002__1","GSE129093",1,1,"entrambi"
"cgroup_L5_2d53def6","GSE129093__GSE129093__grp_0014_vs_grp_0006__1","GSE129093",2,1,"solo_controllo"
"cgroup_L5_2d53def6","GSE198963__GSE198963__grp_0002_vs_grp_0001__1","GSE198963",1,4,"solo_trattato"
"cgroup_L5_2d53def6","GSE198963__GSE198963__grp_0003_vs_grp_0001__1","GSE198963",1,4,"solo_trattato"
"cgroup_L5_2d53def6","GSE198963__GSE198963__grp_0004_vs_grp_0001__1","GSE198963",2,4,"nessuno"
"cgroup_L5_2d53def6","GSE198963__GSE198963__grp_0007_vs_grp_0008__1","GSE198963",1,1,"entrambi"
"cgroup_L5_2d53def6","GSE198963__GSE198963__grp_0013_vs_grp_0014__1","GSE198963",1,1,"entrambi"
"cgroup_L5_2d53def6","GSE198963__GSE198963__grp_0019_vs_grp_0018__1","GSE198963",1,1,"entrambi"
"cgroup_L5_2d53def6","GSE227098__GSE227098__grp_0002_vs_grp_0011__1","GSE227098",1,1,"entrambi"
"cgroup_L5_2d53def6","GSE227098__GSE227098__grp_0008_vs_grp_0010__1","GSE227098",1,1,"entrambi"
"cgroup_L5_d631ee89","GSE110041__GSE110041__grp_0001_vs_grp_0005__1","GSE110041",1,4,"solo_trattato"
"cgroup_L5_d631ee89","GSE159782__GSE159782__IL-3_4h_vs_Untreated__1","GSE159782",6,6,"nessuno"
"cgroup_L5_d631ee89","GSE159782__GSE159782__IL-3_20h_vs_Untreated__1","GSE159782",6,6,"nessuno"
"cgroup_L5_d631ee89","GSE89442__GSE89442__grp_0005_vs_grp_0006__1","GSE89442",3,3,"nessuno"
"cgroup_L5_d631ee89","GSE93620__GSE93620__grp_0002_vs_grp_0001__1","GSE93620",2,2,"nessuno"
"cgroup_L5_49d55bfd","GSE108038__GSE108038__grp_0002_vs_grp_0006__1","GSE108038",3,2,"nessuno"
"cgroup_L5_49d55bfd","GSE113185__GSE113185__IL4_vs_DMSO__1","GSE113185",2,3,"nessuno"
"cgroup_L5_49d55bfd","GSE132270__GSE132270__IL4_Day1_vs_Media_Day1__1","GSE132270",3,3,"nessuno"
"cgroup_L5_49d55bfd","GSE132270__GSE132270__IL4_Day10_Donor58_vs_Media_Day10_Donor58__1","GSE132270",1,2,"solo_trattato"
"cgroup_L5_49d55bfd","GSE132270__GSE132270__IL4_Day3_vs_Media_Day3__1","GSE132270",1,1,"entrambi"
"cgroup_L5_49d55bfd","GSE132270__GSE132270__IL4_Day6_Donor58_vs_Media_Day6__1","GSE132270",2,3,"nessuno"
"cgroup_L5_49d55bfd","GSE132270__GSE132270__IL4_Day3_Donor58_vs_Media_Day3_Donor58__1","GSE132270",2,2,"nessuno"
"cgroup_L5_49d55bfd","GSE140900__GSE140900__grp_0007_vs_grp_0004__1","GSE140900",4,3,"nessuno"
"cgroup_L5_49d55bfd","GSE144989__GSE144989__IL-4_vs_DMSO__1","GSE144989",1,1,"entrambi"
"cgroup_L5_49d55bfd","GSE171750__GSE171750__grp_0001_vs_grp_0006__1","GSE171750",1,3,"solo_trattato"
"cgroup_L5_49d55bfd","GSE171750__GSE171750__grp_0002_vs_grp_0006__1","GSE171750",1,3,"solo_trattato"
"cgroup_L5_49d55bfd","GSE171750__GSE171750__grp_0007_vs_grp_0006__1","GSE171750",1,3,"solo_trattato"
"cgroup_L5_49d55bfd","GSE171750__GSE171750__grp_0008_vs_grp_0006__1","GSE171750",1,3,"solo_trattato"
"cgroup_L5_49d55bfd","GSE171750__GSE171750__grp_0009_vs_grp_0006__1","GSE171750",1,3,"solo_trattato"
"cgroup_L5_49d55bfd","GSE173902__GSE173902__grp_0013_vs_grp_0012__1","GSE173902",2,2,"nessuno"
"cgroup_L5_49d55bfd","GSE179420__GSE179420__grp_0007_vs_grp_0009__1","GSE179420",3,1,"solo_controllo"
"cgroup_L5_49d55bfd","GSE179420__GSE179420__grp_0008_vs_grp_0009__1","GSE179420",2,1,"solo_controllo"
"cgroup_L5_49d55bfd","GSE182955__GSE182955__grp_0002_vs_grp_0001__1","GSE182955",4,4,"nessuno"
"cgroup_L5_49d55bfd","GSE212539__GSE212539__grp_0006_vs_grp_0002__1","GSE212539",1,1,"entrambi"
"cgroup_L5_49d55bfd","GSE212539__GSE212539__grp_0012_vs_grp_0007__1","GSE212539",1,1,"entrambi"
"cgroup_L5_49d55bfd","GSE212539__GSE212539__grp_0018_vs_grp_0013__1","GSE212539",1,1,"entrambi"
"cgroup_L5_49d55bfd","GSE222284__GSE222284__grp_0001_vs_grp_0002__1","GSE222284",3,2,"nessuno"
"cgroup_L5_49d55bfd","GSE222284__GSE222284__grp_0003_vs_grp_0002__1","GSE222284",1,2,"solo_trattato"
"cgroup_L5_49d55bfd","GSE222284__GSE222284__grp_0006_vs_grp_0002__1","GSE222284",2,2,"nessuno"
"cgroup_L5_49d55bfd","GSE227737__GSE227737__grp_0006_vs_grp_0005__1","GSE227737",4,2,"nessuno"
"cgroup_L5_49d55bfd","GSE244934__GSE244934__IL-4_vs_unstimulated__1","GSE244934",2,3,"nessuno"
"cgroup_L5_49d55bfd","GSE59275__GSE59275__IL-4_3h_vs_none__1","GSE59275",2,2,"nessuno"
"cgroup_L5_49d55bfd","GSE59275__GSE59275__IL-4_24h_vs_none__1","GSE59275",2,2,"nessuno"
"cgroup_L5_49d55bfd","GSE59275__GSE59275__IL-4_120h_vs_none__1","GSE59275",1,2,"solo_trattato"
"cgroup_L5_a25d0964","GSE113185__GSE113185__IL6_vs_DMSO__1","GSE113185",3,3,"nessuno"
"cgroup_L5_a25d0964","GSE126003__GSE126003__grp_0001_vs_grp_0002__1","GSE126003",2,1,"solo_controllo"
"cgroup_L5_a25d0964","GSE126003__GSE126003__grp_0003_vs_grp_0004__1","GSE126003",3,1,"solo_controllo"
"cgroup_L5_a25d0964","GSE126003__GSE126003__grp_0010_vs_grp_0011__1","GSE126003",1,1,"entrambi"
"cgroup_L5_a25d0964","GSE126003__GSE126003__grp_0030_vs_grp_0034__1","GSE126003",3,4,"nessuno"
"cgroup_L5_a25d0964","GSE143443__GSE143443__grp_0002_vs_grp_0001__1","GSE143443",5,5,"nessuno"
"cgroup_L5_a25d0964","GSE143443__GSE143443__grp_0006_vs_grp_0003__1","GSE143443",5,1,"solo_controllo"
"cgroup_L5_a25d0964","GSE149262__GSE149262__grp_0008_vs_grp_0001__1","GSE149262",2,2,"nessuno"
"cgroup_L5_a25d0964","GSE149262__GSE149262__grp_0009_vs_grp_0003__1","GSE149262",3,2,"nessuno"
"cgroup_L5_a25d0964","GSE161664__GSE161664__IL6_vs_Control__1","GSE161664",3,4,"nessuno"
"cgroup_L5_a25d0964","GSE179347__GSE179347__grp_0001_vs_grp_0035__1","GSE179347",3,14,"nessuno"
"cgroup_L5_a25d0964","GSE179347__GSE179347__HMCL7304_IL6_vs_HMCL7304_EMEM_medium__1","GSE179347",2,2,"nessuno"
"cgroup_L5_a25d0964","GSE179347__GSE179347__SGBS_IL6_vs_SGBS_EMEM_medium__1","GSE179347",3,9,"nessuno"
"cgroup_L5_a25d0964","GSE189997__GSE189997__CD4Memory_IL6_vs_Unstim__1","GSE189997",2,1,"solo_controllo"
"cgroup_L5_a25d0964","GSE189997__GSE189997__CD4Memory_IL6_2_vs_Unstim__1","GSE189997",1,1,"entrambi"
"cgroup_L5_a25d0964","GSE189997__GSE189997__CD4Naive_IL6_vs_Unstim__1","GSE189997",3,3,"nessuno"
"cgroup_L5_a25d0964","GSE189997__GSE189997__CD8Memory_IL6_vs_Unstim__1","GSE189997",2,3,"nessuno"
"cgroup_L5_a25d0964","GSE189997__GSE189997__CD8Naive_IL6_vs_Unstim__1","GSE189997",2,2,"nessuno"
"cgroup_L5_a25d0964","GSE202045__GSE202045__HepG2_IL6_6h_vs_HepG2_no_treatment_6h__1","GSE202045",1,2,"solo_trattato"
"cgroup_L5_a25d0964","GSE202045__GSE202045__HepG2_IL6_24h_vs_HepG2_no_treatment_24h__1","GSE202045",2,2,"nessuno"
"cgroup_L5_a25d0964","GSE202045__GSE202045__hepatocytes_IL6_6h_vs_hepatocytes_no_treatment_6h__1","GSE202045",3,3,"nessuno"
"cgroup_L5_a25d0964","GSE202045__GSE202045__hepatocytes_IL6_24h_vs_hepatocytes_no_treatment_24h__1","GSE202045",3,2,"nessuno"
"cgroup_L5_a25d0964","GSE215039__GSE215039__grp_OA_IL6_vs_grp_OA_no_treatment__1","GSE215039",4,5,"nessuno"
"cgroup_L5_a25d0964","GSE215039__GSE215039__grp_nonOA_IL6_vs_grp_nonOA_no_treatment__1","GSE215039",5,5,"nessuno"
"cgroup_L5_a25d0964","GSE78922__GSE78922__grp_0002_vs_grp_0001__1","GSE78922",2,7,"nessuno"
"cgroup_L5_a25d0964","GSE78922__GSE78922__grp_0003_vs_grp_0001__1","GSE78922",5,7,"nessuno"
"cgroup_L5_59d2b212","GSE183670__GSE183670__grp_0007_vs_grp_0001__1","GSE183670",1,18,"solo_trattato"
"cgroup_L5_59d2b212","GSE202825__GSE202825__grp_0010_vs_grp_0001__1","GSE202825",1,3,"solo_trattato"
"cgroup_L5_59d2b212","GSE83083__GSE83083__KRAS_vs_control__1","GSE83083",9,15,"nessuno"
"cgroup_L5_680b6b9c","GSE133116__GSE133116__grp_0006_vs_grp_0003__1","GSE133116",3,1,"solo_controllo"
"cgroup_L5_680b6b9c","GSE133116__GSE133116__grp_0007_vs_grp_0003__1","GSE133116",1,1,"entrambi"
"cgroup_L5_680b6b9c","GSE133116__GSE133116__grp_0009_vs_grp_0003__1","GSE133116",4,1,"solo_controllo"
"cgroup_L5_680b6b9c","GSE133116__GSE133116__grp_0010_vs_grp_0003__1","GSE133116",1,1,"entrambi"
"cgroup_L5_680b6b9c","GSE190609__GSE190609__grp_0033_vs_grp_0028__1","GSE190609",1,1,"entrambi"
"cgroup_L5_680b6b9c","GSE190609__GSE190609__grp_0034_vs_grp_0028__1","GSE190609",7,1,"solo_controllo"
"cgroup_L5_680b6b9c","GSE190609__GSE190609__grp_0038_vs_grp_0010__1","GSE190609",1,1,"entrambi"
"cgroup_L5_680b6b9c","GSE251956__GSE251956__grp_0002_vs_grp_0004__1","GSE251956",1,1,"entrambi"
"cgroup_L5_680b6b9c","GSE251956__GSE251956__grp_0005_vs_grp_0004__1","GSE251956",2,1,"solo_controllo"
"cgroup_L5_680b6b9c","GSE251956__GSE251956__grp_0006_vs_grp_0004__1","GSE251956",1,1,"entrambi"
"cgroup_L5_680b6b9c","GSE251956__GSE251956__grp_0007_vs_grp_0004__1","GSE251956",2,1,"solo_controllo"
"cgroup_L5_eba39954","GSE102556__GSE102556__grp_0020_vs_grp_0024__1","GSE102556",1,1,"entrambi"
"cgroup_L5_eba39954","GSE102556__GSE102556__grp_0020_vs_grp_0025__1","GSE102556",1,1,"entrambi"
"cgroup_L5_eba39954","GSE102556__GSE102556__grp_0020_vs_grp_0027__1","GSE102556",1,1,"entrambi"
"cgroup_L5_eba39954","GSE102556__GSE102556__grp_0020_vs_grp_0028__1","GSE102556",2,1,"solo_controllo"
"cgroup_L5_eba39954","GSE102556__GSE102556__grp_0036_vs_grp_0037__1","GSE102556",1,1,"entrambi"
"cgroup_L5_eba39954","GSE102556__GSE102556__grp_0036_vs_grp_0038__1","GSE102556",2,1,"solo_controllo"
"cgroup_L5_eba39954","GSE102556__GSE102556__grp_0036_vs_grp_0041__1","GSE102556",1,1,"entrambi"
"cgroup_L5_eba39954","GSE102556__GSE102556__grp_0036_vs_grp_0042__1","GSE102556",1,1,"entrambi"
"cgroup_L5_eba39954","GSE102556__GSE102556__grp_0036_vs_grp_0043__1","GSE102556",1,1,"entrambi"
"cgroup_L5_eba39954","GSE177034__GSE177034__grp_0005_vs_grp_0003__1","GSE177034",31,52,"nessuno"
"cgroup_L5_eba39954","GSE182923__GSE182923__grp_healthy_smoker_F_vs_grp_healthy_control_F__1","GSE182923",4,2,"nessuno"
"cgroup_L5_eba39954","GSE213001__GSE213001__Normal_ALF012_vs_Normal_ALF030__1","GSE213001",4,16,"nessuno"
"cgroup_L5_eba39954","GSE79544__GSE79544__IPF_smokers_vs_IPF_non_smokers__1","GSE79544",12,2,"nessuno"
"cgroup_L5_eba39954","GSE79544__GSE79544__Healthy_smokers_vs_Healthy_non_smokers__1","GSE79544",2,7,"nessuno"
"cgroup_L5_545a48c6","GSE145896__GSE145896__adenocarcinoma_vs_normal__1","GSE145896",2,5,"nessuno"
"cgroup_L5_545a48c6","GSE152434__GSE152434__A549_vs_BEAS-2B__1","GSE152434",1,1,"entrambi"
"cgroup_L5_545a48c6","GSE152434__GSE152434__HCC827_vs_BEAS-2B__1","GSE152434",1,1,"entrambi"
"cgroup_L5_545a48c6","GSE197346__GSE197346__lung_adenocarcinoma_vs_adjacent_normal__1","GSE197346",2,18,"nessuno"
"cgroup_L5_545a48c6","GSE236939__GSE236939__grp_0001_vs_grp_0002__1","GSE236939",2,12,"nessuno"
"cgroup_L5_7a9d880a","GSE131182__GSE131182__grp_0003_vs_grp_0001__1","GSE131182",6,1,"solo_controllo"
"cgroup_L5_7a9d880a","GSE131182__GSE131182__grp_0003_vs_grp_0002__1","GSE131182",6,5,"nessuno"
"cgroup_L5_7a9d880a","GSE140707__GSE140707__OSCC_gingiva_vs_Normal_gingiva__1","GSE140707",1,1,"entrambi"
"cgroup_L5_7a9d880a","GSE140707__GSE140707__OSCC_root_tongue_vs_Normal_root_tongue__1","GSE140707",1,1,"entrambi"
"cgroup_L5_7a9d880a","GSE140707__GSE140707__OSCC_ventrum_tongue_vs_Normal_ventrum_tongue__1","GSE140707",1,1,"entrambi"
"cgroup_L5_7a9d880a","GSE70665__GSE70665__grp_0003_vs_grp_0001__1","GSE70665",2,2,"nessuno"
"cgroup_L5_6b7b8076","GSE124841__GSE124841__grp_0002_vs_grp_0001__1","GSE124841",2,2,"nessuno"
"cgroup_L5_6b7b8076","GSE153659__GSE153659__grp_0001_vs_grp_0008__1","GSE153659",11,2,"nessuno"
"cgroup_L5_6b7b8076","GSE153659__GSE153659__grp_0002_vs_grp_0008__1","GSE153659",6,2,"nessuno"
"cgroup_L5_6b7b8076","GSE153659__GSE153659__grp_0003_vs_grp_0008__1","GSE153659",1,2,"solo_trattato"
"cgroup_L5_6b7b8076","GSE153659__GSE153659__grp_0004_vs_grp_0008__1","GSE153659",1,2,"solo_trattato"
"cgroup_L5_6b7b8076","GSE153659__GSE153659__grp_0010_vs_grp_0008__1","GSE153659",4,2,"nessuno"
"cgroup_L5_6b7b8076","GSE153659__GSE153659__grp_0011_vs_grp_0008__1","GSE153659",1,2,"solo_trattato"
"cgroup_L5_6b7b8076","GSE201365__GSE201365__papillary_thyroid_carcinoma_vs_normal__1","GSE201365",6,6,"nessuno"
"cgroup_L5_6b7b8076","GSE64912__GSE64912__papillary_thyroid_carcinoma_1_vs_healthy_1__1","GSE64912",2,1,"solo_controllo"
"cgroup_L5_6b7b8076","GSE64912__GSE64912__papillary_thyroid_carcinoma_1_vs_healthy_2__1","GSE64912",2,1,"solo_controllo"
"cgroup_L5_6b7b8076","GSE64912__GSE64912__papillary_thyroid_carcinoma_1_vs_healthy_3__1","GSE64912",2,1,"solo_controllo"
"cgroup_L5_63e69fdc","GSE113524__GSE113524__Alzheimers_Patient2_vs_Healthy__1","GSE113524",16,20,"nessuno"
"cgroup_L5_63e69fdc","GSE113524__GSE113524__Alzheimers_Patient1_vs_Healthy__1","GSE113524",3,20,"nessuno"
"cgroup_L5_63e69fdc","GSE125583__GSE125583__Alzheimer's_disease_vs_Healthy_control__1","GSE125583",219,67,"nessuno"
"cgroup_L5_63e69fdc","GSE161199__GSE161199__Alzheimer's_Disease_vs_Healthy_Control__1","GSE161199",6,10,"nessuno"
"cgroup_L5_63e69fdc","GSE203206__GSE203206__grp_0001_vs_grp_0004__1","GSE203206",5,8,"nessuno"
"cgroup_L5_63e69fdc","GSE203206__GSE203206__grp_0002_vs_grp_0004__1","GSE203206",17,8,"nessuno"
"cgroup_L5_63e69fdc","GSE203206__GSE203206__grp_0003_vs_grp_0004__1","GSE203206",17,8,"nessuno"
"cgroup_L5_63e69fdc","GSE207821__GSE207821__grp_0001_vs_grp_0002__1","GSE207821",2,4,"nessuno"
"cgroup_L5_63e69fdc","GSE228458__GSE228458__grp_0001_vs_grp_0004__1","GSE228458",1,1,"entrambi"
"cgroup_L5_63e69fdc","GSE228458__GSE228458__grp_0002_vs_grp_0004__1","GSE228458",1,1,"entrambi"
"cgroup_L5_63e69fdc","GSE228458__GSE228458__grp_0007_vs_grp_0004__1","GSE228458",1,1,"entrambi"
"cgroup_L5_63e69fdc","GSE228458__GSE228458__grp_0008_vs_grp_0004__1","GSE228458",1,1,"entrambi"
"cgroup_L5_63e69fdc","GSE95587__GSE95587__grp_0003_vs_grp_0001__1","GSE95587",81,1,"solo_controllo"
"cgroup_L5_63e69fdc","GSE95587__GSE95587__grp_0003_vs_grp_0002__1","GSE95587",81,1,"solo_controllo"
"cgroup_L5_63e69fdc","GSE95587__GSE95587__grp_0003_vs_grp_0004__1","GSE95587",81,19,"nessuno"
"cgroup_L5_63e69fdc","GSE95587__GSE95587__grp_0003_vs_grp_0005__1","GSE95587",81,12,"nessuno"
"cgroup_L5_63e69fdc","GSE95587__GSE95587__grp_0006_vs_grp_0001__1","GSE95587",2,1,"solo_controllo"
"cgroup_L5_63e69fdc","GSE95587__GSE95587__grp_0006_vs_grp_0002__1","GSE95587",2,1,"solo_controllo"
"cgroup_L5_63e69fdc","GSE95587__GSE95587__grp_0006_vs_grp_0004__1","GSE95587",2,19,"nessuno"
"cgroup_L5_63e69fdc","GSE95587__GSE95587__grp_0006_vs_grp_0005__1","GSE95587",2,12,"nessuno"
"cgroup_L5_f29dd3b3","GSE107363__GSE107363__RA_Osteoblasts_vs_Normal_Osteoblasts__1","GSE107363",1,1,"entrambi"
"cgroup_L5_f29dd3b3","GSE116899__GSE116899__ra_blood_vs_healthy_blood__1","GSE116899",10,3,"nessuno"
"cgroup_L5_f29dd3b3","GSE117769__GSE117769__grp_ra_sn393_vs_grp_healthy_1__1","GSE117769",8,45,"nessuno"
"cgroup_L5_f29dd3b3","GSE120178__GSE120178__RA_Day_1_vs_Healthy__1","GSE120178",22,20,"nessuno"
"cgroup_L5_f29dd3b3","GSE151897__GSE151897__rheumatoid_arthritis_vs_healthy__4","GSE151897",3,1,"solo_controllo"
"cgroup_L5_f29dd3b3","GSE189136__GSE189136__grp_0002_vs_grp_0001__1","GSE189136",2,2,"nessuno"
"cgroup_L5_f29dd3b3","GSE89408__GSE89408__ra_early_vs_normal__1","GSE89408",1,25,"solo_trattato"
"cgroup_L5_f29dd3b3","GSE89408__GSE89408__ra_established_vs_normal__1","GSE89408",2,25,"nessuno"
"cgroup_L5_c669863b","GSE106534__GSE106534__grp_0002_vs_grp_0001__1","GSE106534",1,5,"solo_trattato"
"cgroup_L5_c669863b","GSE106534__GSE106534__grp_0003_vs_grp_0001__1","GSE106534",1,5,"solo_trattato"
"cgroup_L5_c669863b","GSE106534__GSE106534__grp_0004_vs_grp_0001__1","GSE106534",1,5,"solo_trattato"
"cgroup_L5_c669863b","GSE106534__GSE106534__grp_0005_vs_grp_0001__1","GSE106534",1,5,"solo_trattato"
"cgroup_L5_c669863b","GSE106534__GSE106534__grp_0006_vs_grp_0001__1","GSE106534",1,5,"solo_trattato"
"cgroup_L5_c669863b","GSE106534__GSE106534__grp_0007_vs_grp_0001__1","GSE106534",5,5,"nessuno"
"cgroup_L5_c669863b","GSE106534__GSE106534__grp_0008_vs_grp_0001__1","GSE106534",5,5,"nessuno"
"cgroup_L5_c669863b","GSE156308__GSE156308__bladder_cancer_vs_healthy__1","GSE156308",3,3,"nessuno"
"cgroup_L5_c669863b","GSE97239__GSE97239__grp_0001_vs_grp_0004__1","GSE97239",1,3,"solo_trattato"
"cgroup_L5_c669863b","GSE97239__GSE97239__grp_0002_vs_grp_0004__1","GSE97239",1,3,"solo_trattato"
"cgroup_L5_c669863b","GSE97239__GSE97239__grp_0003_vs_grp_0004__1","GSE97239",1,3,"solo_trattato"
"cgroup_L5_f832048f","GSE117970__GSE117970__grp_0002_vs_grp_0001__1","GSE117970",34,14,"nessuno"
"cgroup_L5_f832048f","GSE117970__GSE117970__grp_0010_vs_grp_0008__1","GSE117970",1,1,"entrambi"
"cgroup_L5_f832048f","GSE117970__GSE117970__grp_0014_vs_grp_0011__1","GSE117970",2,3,"nessuno"
"cgroup_L5_f832048f","GSE157086__GSE157086__Breast_Cancer_vs_Healthy_Control__1","GSE157086",3,8,"nessuno"
"cgroup_L5_f832048f","GSE183947__GSE183947__grp_0001_vs_grp_0002__1","GSE183947",30,15,"nessuno"
"cgroup_L5_f832048f","GSE210787__GSE210787__grp_0002_vs_grp_0001__1","GSE210787",5,5,"nessuno"
"cgroup_L5_f832048f","GSE210787__GSE210787__grp_0003_vs_grp_0001__1","GSE210787",1,5,"solo_trattato"
"cgroup_L5_f832048f","GSE210787__GSE210787__grp_0002_vs_grp_0004__1","GSE210787",5,1,"solo_controllo"
"cgroup_L5_f832048f","GSE225846__GSE225846__grp_0018_vs_grp_0012__1","GSE225846",7,1,"solo_controllo"
"cgroup_L5_f832048f","GSE225846__GSE225846__grp_0019_vs_grp_0013__1","GSE225846",5,3,"nessuno"
"cgroup_L5_f832048f","GSE225846__GSE225846__grp_0020_vs_grp_0013__1","GSE225846",2,3,"nessuno"
"cgroup_L5_f832048f","GSE225846__GSE225846__grp_0021_vs_grp_0013__1","GSE225846",3,3,"nessuno"
"cgroup_L5_f832048f","GSE225846__GSE225846__grp_0023_vs_grp_0036__1","GSE225846",1,4,"solo_trattato"
"cgroup_L5_f832048f","GSE225846__GSE225846__grp_0024_vs_grp_0012__1","GSE225846",1,1,"entrambi"
"cgroup_L5_f832048f","GSE225846__GSE225846__grp_0025_vs_grp_0013__1","GSE225846",3,3,"nessuno"
"cgroup_L5_f832048f","GSE51124__GSE51124__grp_0005_vs_grp_0001__1","GSE51124",9,1,"solo_controllo"
"cgroup_L5_c040a36d","GSE117313__GSE117313__group_0003_vs_group_0001__1","GSE117313",1,2,"solo_trattato"
"cgroup_L5_c040a36d","GSE117313__GSE117313__group_0005_vs_group_0001__1","GSE117313",2,2,"nessuno"
"cgroup_L5_c040a36d","GSE124453__GSE124453__group_0002_vs_group_0001__1","GSE124453",3,3,"nessuno"
"cgroup_L5_c040a36d","GSE126964__GSE126964__case_T1a_Grade1_vs_control_T1a__1","GSE126964",5,2,"nessuno"
"cgroup_L5_c040a36d","GSE126964__GSE126964__case_T1b_Grade2_vs_control_T1b__1","GSE126964",7,4,"nessuno"
"cgroup_L5_c040a36d","GSE126964__GSE126964__case_T3a_Grade2_vs_control_T3a__1","GSE126964",4,1,"solo_controllo"
"cgroup_L5_c040a36d","GSE126964__GSE126964__case_T1a_Grade3_vs_control_T1a__1","GSE126964",2,2,"nessuno"
"cgroup_L5_c040a36d","GSE126964__GSE126964__case_T1b_Grade3_vs_control_T1b__1","GSE126964",3,4,"nessuno"
"cgroup_L5_c040a36d","GSE126964__GSE126964__case_T3a_Grade3_vs_control_T3a__1","GSE126964",1,1,"entrambi"
"cgroup_L5_c040a36d","GSE126964__GSE126964__case_T1a_Grade4_vs_control_T1a__1","GSE126964",1,2,"solo_trattato"
"cgroup_L5_c040a36d","GSE126964__GSE126964__case_T1b_Grade4_vs_control_T1b__1","GSE126964",1,4,"solo_trattato"
"cgroup_L5_c040a36d","GSE126964__GSE126964__case_T3a_Grade4_vs_control_T3a__1","GSE126964",1,1,"entrambi"
"cgroup_L5_c040a36d","GSE150474__GSE150474__grp_0014_vs_grp_0005__1","GSE150474",1,7,"solo_trattato"
"cgroup_L5_c040a36d","GSE252600__GSE252600__ccrcc_stage4_vs_normal__1","GSE252600",1,2,"solo_trattato"
"cgroup_L5_c040a36d","GSE252600__GSE252600__ccrcc_stage1_vs_normal__1","GSE252600",2,2,"nessuno"
"cgroup_L5_c040a36d","GSE252600__GSE252600__ccrcc_stage2_vs_normal__1","GSE252600",2,2,"nessuno"
"cgroup_L5_c040a36d","GSE252600__GSE252600__ccrcc_stage3_vs_normal__1","GSE252600",2,2,"nessuno"
"cgroup_L5_fbcdc471","GSE121893__GSE121893__group_0003_vs_group_0002__1","GSE121893",1,2,"solo_trattato"
"cgroup_L5_fbcdc471","GSE121893__GSE121893__group_0005_vs_group_0002__1","GSE121893",1,2,"solo_trattato"
"cgroup_L5_fbcdc471","GSE121893__GSE121893__group_0006_vs_group_0002__1","GSE121893",1,2,"solo_trattato"
"cgroup_L5_fbcdc471","GSE121893__GSE121893__group_0007_vs_group_0002__1","GSE121893",1,2,"solo_trattato"
"cgroup_L5_fbcdc471","GSE155495__GSE155495__grp_0004_vs_grp_0001__1","GSE155495",1,1,"entrambi"
"cgroup_L5_fbcdc471","GSE71613__GSE71613__dilated_cardiomyopathy_vs_healthy__1","GSE71613",2,1,"solo_controllo"
"cgroup_L5_3f0cc1fe","GSE102746__GSE102746__ulcerative_colitis_vs_normal__1","GSE102746",1,1,"entrambi"
"cgroup_L5_3f0cc1fe","GSE102746__GSE102746__ulcerative_colitis_vs_normal__2","GSE102746",1,1,"entrambi"
"cgroup_L5_3f0cc1fe","GSE102746__GSE102746__ulcerative_colitis_vs_normal__3","GSE102746",1,1,"entrambi"
"cgroup_L5_3f0cc1fe","GSE102746__GSE102746__ulcerative_colitis_vs_normal__4","GSE102746",1,1,"entrambi"
"cgroup_L5_3f0cc1fe","GSE102746__GSE102746__ulcerative_colitis_vs_normal__5","GSE102746",1,1,"entrambi"
"cgroup_L5_3f0cc1fe","GSE102746__GSE102746__ulcerative_colitis_vs_normal__6","GSE102746",1,1,"entrambi"
"cgroup_L5_3f0cc1fe","GSE102746__GSE102746__ulcerative_colitis_vs_normal__7","GSE102746",1,1,"entrambi"
"cgroup_L5_3f0cc1fe","GSE102746__GSE102746__ulcerative_colitis_vs_normal__8","GSE102746",1,1,"entrambi"
"cgroup_L5_3f0cc1fe","GSE102746__GSE102746__ulcerative_colitis_vs_normal__9","GSE102746",1,1,"entrambi"
"cgroup_L5_3f0cc1fe","GSE102746__GSE102746__ulcerative_colitis_vs_normal__10","GSE102746",1,1,"entrambi"
"cgroup_L5_3f0cc1fe","GSE112057__GSE112057__Ulcerative_Colitis_1_vs_Healthy_Control__1","GSE112057",3,11,"nessuno"
"cgroup_L5_3f0cc1fe","GSE112057__GSE112057__Ulcerative_Colitis_2_vs_Healthy_Control__1","GSE112057",11,11,"nessuno"
"cgroup_L5_3f0cc1fe","GSE123141__GSE123141__grp_0007_vs_grp_0012__1","GSE123141",4,2,"nessuno"
"cgroup_L5_3f0cc1fe","GSE123141__GSE123141__grp_0009_vs_grp_0012__1","GSE123141",2,2,"nessuno"
"cgroup_L5_3f0cc1fe","GSE137344__GSE137344__grp_UlcerativeColitis_1_vs_grp_HealthyControl__1","GSE137344",2,37,"nessuno"
"cgroup_L5_3f0cc1fe","GSE137344__GSE137344__grp_UlcerativeColitis_2_vs_grp_HealthyControl__1","GSE137344",31,37,"nessuno"
"cgroup_L5_3f0cc1fe","GSE137344__GSE137344__grp_UlcerativeColitis_3_vs_grp_HealthyControl__1","GSE137344",8,37,"nessuno"
"cgroup_L5_3f0cc1fe","GSE137344__GSE137344__grp_UlcerativeColitis_4_vs_grp_HealthyControl__1","GSE137344",3,37,"nessuno"
"cgroup_L5_3f0cc1fe","GSE165512__GSE165512__group_002_vs_group_003__1","GSE165512",1,1,"entrambi"
"cgroup_L5_3f0cc1fe","GSE193677__GSE193677__grp_1274_vs_grp_1276__1","GSE193677",1,1,"entrambi"
"cgroup_L5_3f0cc1fe","GSE224758__GSE224758__grp_0001_vs_grp_0003__1","GSE224758",1,3,"solo_trattato"
"cgroup_L5_3f0cc1fe","GSE224758__GSE224758__grp_0001_vs_grp_0004__1","GSE224758",1,3,"solo_trattato"
"cgroup_L5_3f0cc1fe","GSE243625__GSE243625__grp_0005_vs_grp_0001__1","GSE243625",1,7,"solo_trattato"
"cgroup_L5_3f0cc1fe","GSE243625__GSE243625__grp_0006_vs_grp_0001__1","GSE243625",14,7,"nessuno"
"cgroup_L5_3f0cc1fe","GSE243625__GSE243625__grp_0007_vs_grp_0001__1","GSE243625",15,7,"nessuno"
"cgroup_L5_3f0cc1fe","GSE83687__GSE83687__Ulcerative_colitis_right_colon_vs_control_left_colon__1","GSE83687",1,1,"entrambi"
"cgroup_L5_3f0cc1fe","GSE83687__GSE83687__Ulcerative_colitis_sigmoid_colon_vs_control_left_colon__1","GSE83687",1,1,"entrambi"
"cgroup_L5_3f0cc1fe","GSE83687__GSE83687__Ulcerative_colitis_left_colon_vs_control_colon__1","GSE83687",1,1,"entrambi"
"cgroup_L5_3f0cc1fe","GSE83687__GSE83687__Ulcerative_colitis_left_colon_vs_control_colon__2","GSE83687",2,1,"solo_controllo"
"cgroup_L5_3f0cc1fe","GSE83687__GSE83687__Ulcerative_colitis_left_colon_vs_control_colon__3","GSE83687",4,1,"solo_controllo"
"cgroup_L5_3f0cc1fe","GSE83687__GSE83687__Ulcerative_colitis_left_colon_vs_control_colon__4","GSE83687",10,1,"solo_controllo"
"cgroup_L5_3f0cc1fe","GSE83687__GSE83687__Ulcerative_colitis_left_colon_vs_control_colon__5","GSE83687",1,1,"entrambi"
"cgroup_L5_3f0cc1fe","GSE83687__GSE83687__Ulcerative_colitis_left_colon_vs_control_colon__6","GSE83687",1,1,"entrambi"
"cgroup_L5_3f0cc1fe","GSE83687__GSE83687__Ulcerative_colitis_rectum_vs_control_colon__1","GSE83687",1,1,"entrambi"
"cgroup_L5_3f0cc1fe","GSE83687__GSE83687__Ulcerative_colitis_rectum_vs_control_colon__2","GSE83687",1,1,"entrambi"
"cgroup_L5_3f0cc1fe","GSE83687__GSE83687__Ulcerative_colitis_rectum_vs_control_colon__3","GSE83687",1,1,"entrambi"
"cgroup_L5_3f0cc1fe","GSE83687__GSE83687__Ulcerative_colitis_right_colon_vs_control_colon__1","GSE83687",1,1,"entrambi"
"cgroup_L5_3f0cc1fe","GSE83687__GSE83687__Ulcerative_colitis_right_colon_vs_control_colon__2","GSE83687",3,1,"solo_controllo"
"cgroup_L5_3f0cc1fe","GSE83687__GSE83687__Ulcerative_colitis_small_bowel_vs_control_colon__1","GSE83687",1,1,"entrambi"
"cgroup_L5_3f0cc1fe","GSE83687__GSE83687__grp_0004_vs_grp_0001__1","GSE83687",1,1,"entrambi"
"cgroup_L5_3f0cc1fe","GSE83687__GSE83687__grp_0004_vs_grp_0002__1","GSE83687",1,1,"entrambi"
"cgroup_L5_3f0cc1fe","GSE83687__GSE83687__grp_0004_vs_grp_0003__1","GSE83687",1,3,"solo_trattato"
"cgroup_L5_3f0cc1fe","GSE83687__GSE83687__grp_0005_vs_grp_0001__1","GSE83687",1,1,"entrambi"
"cgroup_L5_3f0cc1fe","GSE83687__GSE83687__grp_0005_vs_grp_0002__1","GSE83687",1,1,"entrambi"
"cgroup_L5_3f0cc1fe","GSE83687__GSE83687__grp_0005_vs_grp_0003__1","GSE83687",1,3,"solo_trattato"
"cgroup_L5_3f0cc1fe","GSE92472__GSE92472__Ulcerative_colitis_vs_Healthy_control__1","GSE92472",1,1,"entrambi"
"cgroup_L5_c3ae78cd","GSE112057__GSE112057__Crohns_Disease_vs_Healthy_Control__1","GSE112057",55,11,"nessuno"
"cgroup_L5_c3ae78cd","GSE117875__GSE117875__grp_Crohns_Ileum_adolescent_vs_grp_Healthy_Ileum_adolescent__1","GSE117875",4,3,"nessuno"
"cgroup_L5_c3ae78cd","GSE123141__GSE123141__grp_0005_vs_grp_0012__1","GSE123141",1,2,"solo_trattato"
"cgroup_L5_c3ae78cd","GSE137344__GSE137344__grp_Crohns_Disease_1_vs_grp_HealthyControl__1","GSE137344",3,37,"nessuno"
"cgroup_L5_c3ae78cd","GSE137344__GSE137344__grp_Crohns_Disease_2_vs_grp_HealthyControl__1","GSE137344",109,37,"nessuno"
"cgroup_L5_c3ae78cd","GSE139179__GSE139179__group_001_vs_group_003__1","GSE139179",1,4,"solo_trattato"
"cgroup_L5_c3ae78cd","GSE139179__GSE139179__group_002_vs_group_003__1","GSE139179",1,4,"solo_trattato"
"cgroup_L5_c3ae78cd","GSE139179__GSE139179__group_006_vs_group_003__1","GSE139179",1,4,"solo_trattato"
"cgroup_L5_c3ae78cd","GSE139179__GSE139179__group_007_vs_group_003__1","GSE139179",1,4,"solo_trattato"
"cgroup_L5_c3ae78cd","GSE139179__GSE139179__group_008_vs_group_003__1","GSE139179",1,4,"solo_trattato"
"cgroup_L5_c3ae78cd","GSE139179__GSE139179__group_009_vs_group_003__1","GSE139179",1,4,"solo_trattato"
"cgroup_L5_c3ae78cd","GSE139179__GSE139179__group_010_vs_group_003__1","GSE139179",2,4,"nessuno"
"cgroup_L5_c3ae78cd","GSE139179__GSE139179__group_011_vs_group_003__1","GSE139179",1,4,"solo_trattato"
"cgroup_L5_c3ae78cd","GSE139179__GSE139179__group_016_vs_group_003__1","GSE139179",1,4,"solo_trattato"
"cgroup_L5_c3ae78cd","GSE139179__GSE139179__group_017_vs_group_003__1","GSE139179",1,4,"solo_trattato"
"cgroup_L5_c3ae78cd","GSE139179__GSE139179__group_018_vs_group_003__1","GSE139179",1,4,"solo_trattato"
"cgroup_L5_c3ae78cd","GSE139179__GSE139179__group_019_vs_group_003__1","GSE139179",1,4,"solo_trattato"
"cgroup_L5_c3ae78cd","GSE139179__GSE139179__group_020_vs_group_003__1","GSE139179",2,4,"nessuno"
"cgroup_L5_c3ae78cd","GSE139179__GSE139179__group_021_vs_group_003__1","GSE139179",1,4,"solo_trattato"
"cgroup_L5_c3ae78cd","GSE139179__GSE139179__group_022_vs_group_003__1","GSE139179",1,4,"solo_trattato"
"cgroup_L5_c3ae78cd","GSE139179__GSE139179__group_023_vs_group_003__1","GSE139179",1,4,"solo_trattato"
"cgroup_L5_c3ae78cd","GSE139179__GSE139179__group_024_vs_group_003__1","GSE139179",1,4,"solo_trattato"
"cgroup_L5_c3ae78cd","GSE139179__GSE139179__group_026_vs_group_003__1","GSE139179",1,4,"solo_trattato"
"cgroup_L5_c3ae78cd","GSE139179__GSE139179__group_027_vs_group_003__1","GSE139179",1,4,"solo_trattato"
"cgroup_L5_c3ae78cd","GSE139179__GSE139179__group_028_vs_group_003__1","GSE139179",1,4,"solo_trattato"
"cgroup_L5_c3ae78cd","GSE156044__GSE156044__Crohn's_disease_vs_healthy__1","GSE156044",4,2,"nessuno"
"cgroup_L5_c3ae78cd","GSE156044__GSE156044__Crohn's_disease_vs_healthy_alt__1","GSE156044",4,2,"nessuno"
"cgroup_L5_c3ae78cd","GSE163314__GSE163314__Crohn_blood_Patient23_vs_Healthy_blood_Patient21__1","GSE163314",1,1,"entrambi"
"cgroup_L5_c3ae78cd","GSE163314__GSE163314__Crohn_colon_Patient23_vs_Healthy_colon_Patient21__1","GSE163314",1,1,"entrambi"
"cgroup_L5_c3ae78cd","GSE163314__GSE163314__Crohn_colon_Patient7_vs_Healthy_colon_Patient21__1","GSE163314",1,1,"entrambi"
"cgroup_L5_c3ae78cd","GSE164871__GSE164871__grp_0001_vs_grp_0004__1","GSE164871",1,4,"solo_trattato"
"cgroup_L5_c3ae78cd","GSE164871__GSE164871__grp_0002_vs_grp_0004__1","GSE164871",2,4,"nessuno"
"cgroup_L5_c3ae78cd","GSE165512__GSE165512__group_001_vs_group_003__1","GSE165512",8,1,"solo_controllo"
"cgroup_L5_c3ae78cd","GSE165512__GSE165512__group_038_vs_group_039__1","GSE165512",1,3,"solo_trattato"
"cgroup_L5_c3ae78cd","GSE165512__GSE165512__Crohn's_Disease_vs_Healthy__1","GSE165512",1,1,"entrambi"
"cgroup_L5_c3ae78cd","GSE165512__GSE165512__Crohn's_Disease_vs_Healthy__2","GSE165512",1,1,"entrambi"
"cgroup_L5_c3ae78cd","GSE165512__GSE165512__Crohn's_Disease_vs_Healthy__3","GSE165512",1,1,"entrambi"
"cgroup_L5_c3ae78cd","GSE165512__GSE165512__Crohn's_Disease_vs_Healthy__4","GSE165512",1,1,"entrambi"
"cgroup_L5_c3ae78cd","GSE165512__GSE165512__Crohn's_Disease_vs_Healthy__5","GSE165512",1,1,"entrambi"
"cgroup_L5_c3ae78cd","GSE165512__GSE165512__Crohn's_Disease_vs_Healthy__6","GSE165512",1,1,"entrambi"
"cgroup_L5_c3ae78cd","GSE165512__GSE165512__Crohn's_Disease_vs_Healthy__7","GSE165512",1,1,"entrambi"
"cgroup_L5_c3ae78cd","GSE165512__GSE165512__Crohn's_Disease_vs_Healthy__8","GSE165512",1,1,"entrambi"
"cgroup_L5_c3ae78cd","GSE165512__GSE165512__Crohn's_Disease_vs_Healthy__9","GSE165512",1,1,"entrambi"
"cgroup_L5_c3ae78cd","GSE165512__GSE165512__Crohn's_Disease_vs_Healthy__10","GSE165512",1,1,"entrambi"
"cgroup_L5_c3ae78cd","GSE165512__GSE165512__Crohn's_Disease_vs_Healthy__11","GSE165512",1,1,"entrambi"
"cgroup_L5_c3ae78cd","GSE165512__GSE165512__Crohn's_Disease_vs_Healthy__12","GSE165512",1,1,"entrambi"
"cgroup_L5_c3ae78cd","GSE165512__GSE165512__Crohn's_Disease_vs_Healthy__13","GSE165512",1,1,"entrambi"
"cgroup_L5_c3ae78cd","GSE165512__GSE165512__Crohn's_Disease_vs_Healthy__14","GSE165512",1,1,"entrambi"
"cgroup_L5_c3ae78cd","GSE165512__GSE165512__Crohn's_Disease_vs_Healthy__15","GSE165512",1,1,"entrambi"
"cgroup_L5_c3ae78cd","GSE165512__GSE165512__Crohn's_Disease_vs_Healthy__16","GSE165512",1,1,"entrambi"
"cgroup_L5_c3ae78cd","GSE165512__GSE165512__Crohn's_Disease_vs_Healthy__17","GSE165512",1,1,"entrambi"
"cgroup_L5_c3ae78cd","GSE165512__GSE165512__Crohn's_Disease_vs_Healthy__18","GSE165512",1,1,"entrambi"
"cgroup_L5_c3ae78cd","GSE165512__GSE165512__Crohn's_Disease_vs_Healthy__19","GSE165512",1,1,"entrambi"
"cgroup_L5_c3ae78cd","GSE165512__GSE165512__Crohn's_Disease_vs_Healthy__20","GSE165512",1,1,"entrambi"
"cgroup_L5_c3ae78cd","GSE165512__GSE165512__Crohn's_Disease_vs_Healthy__21","GSE165512",1,1,"entrambi"
"cgroup_L5_c3ae78cd","GSE165512__GSE165512__Crohn's_Disease_vs_Healthy__22","GSE165512",1,1,"entrambi"
"cgroup_L5_c3ae78cd","GSE165512__GSE165512__Crohn's_Disease_vs_Healthy__23","GSE165512",1,1,"entrambi"
"cgroup_L5_c3ae78cd","GSE165512__GSE165512__Crohn's_Disease_vs_Healthy__24","GSE165512",1,1,"entrambi"
"cgroup_L5_c3ae78cd","GSE165512__GSE165512__Crohn's_Disease_vs_Healthy__25","GSE165512",1,1,"entrambi"
"cgroup_L5_c3ae78cd","GSE165512__GSE165512__Crohn's_Disease_vs_Healthy__26","GSE165512",1,1,"entrambi"
"cgroup_L5_c3ae78cd","GSE199906__GSE199906__Crohn's_Disease_vs_Healthy_Control__1","GSE199906",18,14,"nessuno"
"cgroup_L5_c3ae78cd","GSE199906__GSE199906__Crohn's_Disease_vs_Healthy_Control_2__1","GSE199906",18,11,"nessuno"
"cgroup_L5_c3ae78cd","GSE230113__GSE230113__Crohns_descending_colon_vs_control_descending_colon__1","GSE230113",1,1,"entrambi"
"cgroup_L5_c3ae78cd","GSE230113__GSE230113__Crohns_sigmoid_colon_vs_control_sigmoid_colon__1","GSE230113",1,1,"entrambi"
"cgroup_L5_c3ae78cd","GSE230113__GSE230113__Crohns_transverse_colon_vs_control_transverse_colon__1","GSE230113",1,2,"solo_trattato"
"cgroup_L5_c3ae78cd","GSE233900__GSE233900__CD_vs_Control__1","GSE233900",3,19,"nessuno"
"cgroup_L5_c3ae78cd","GSE261086__GSE261086__grp_0001_vs_grp_0004__1","GSE261086",6,5,"nessuno"
"cgroup_L5_c3ae78cd","GSE261086__GSE261086__grp_0001_vs_grp_0005__1","GSE261086",6,3,"nessuno"
"cgroup_L5_c3ae78cd","GSE261086__GSE261086__grp_0003_vs_grp_0004__1","GSE261086",3,5,"nessuno"
"cgroup_L5_c3ae78cd","GSE261086__GSE261086__grp_0003_vs_grp_0005__1","GSE261086",3,3,"nessuno"
"cgroup_L5_c3ae78cd","GSE261086__GSE261086__grp_0006_vs_grp_0012__1","GSE261086",2,9,"nessuno"
"cgroup_L5_c3ae78cd","GSE261086__GSE261086__grp_0007_vs_grp_0012__1","GSE261086",1,9,"solo_trattato"
"cgroup_L5_c3ae78cd","GSE261086__GSE261086__grp_0008_vs_grp_0012__1","GSE261086",3,9,"nessuno"
"cgroup_L5_c3ae78cd","GSE261086__GSE261086__grp_0009_vs_grp_0012__1","GSE261086",1,9,"solo_trattato"
"cgroup_L5_c3ae78cd","GSE261086__GSE261086__grp_0010_vs_grp_0012__1","GSE261086",9,9,"nessuno"
"cgroup_L5_c3ae78cd","GSE261086__GSE261086__grp_0011_vs_grp_0012__1","GSE261086",8,9,"nessuno"
"cgroup_L5_c3ae78cd","GSE83687__GSE83687__Crohn's_disease_ileocecum_vs_control_left_colon__1","GSE83687",1,1,"entrambi"
"cgroup_L5_c3ae78cd","GSE83687__GSE83687__Crohn's_disease_left_colon_vs_control_left_colon__1","GSE83687",1,1,"entrambi"
"cgroup_L5_c3ae78cd","GSE83687__GSE83687__Crohn's_disease_right_colon_vs_control_left_colon__1","GSE83687",1,1,"entrambi"
"cgroup_L5_c3ae78cd","GSE83687__GSE83687__Crohn's_disease_sigmoid_colon_vs_control_left_colon__1","GSE83687",1,1,"entrambi"
"cgroup_L5_c3ae78cd","GSE83687__GSE83687__Crohn's_disease_small_bowel_vs_control_left_colon__1","GSE83687",1,1,"entrambi"
"cgroup_L5_c3ae78cd","GSE83687__GSE83687__Crohn's_disease_colon_vs_control_colon__1","GSE83687",1,1,"entrambi"
"cgroup_L5_c3ae78cd","GSE83687__GSE83687__Crohn's_disease_ileum_vs_control_ileum__1","GSE83687",1,2,"solo_trattato"
"cgroup_L5_c3ae78cd","GSE83687__GSE83687__Crohn's_disease_ileum_vs_control_ileum__2","GSE83687",1,2,"solo_trattato"
"cgroup_L5_c3ae78cd","GSE83687__GSE83687__Crohn's_disease_ileum_vs_control_ileum__3","GSE83687",1,2,"solo_trattato"
"cgroup_L5_c3ae78cd","GSE83687__GSE83687__Crohn's_disease_left_colon_vs_control_colon__1","GSE83687",1,1,"entrambi"
"cgroup_L5_c3ae78cd","GSE83687__GSE83687__Crohn's_disease_left_colon_vs_control_colon__2","GSE83687",2,1,"solo_controllo"
"cgroup_L5_c3ae78cd","GSE83687__GSE83687__Crohn's_disease_right_colon_vs_control_colon__1","GSE83687",1,1,"entrambi"
"cgroup_L5_c3ae78cd","GSE83687__GSE83687__Crohn's_disease_small_bowel_vs_control_colon__1","GSE83687",1,1,"entrambi"
"cgroup_L5_c3ae78cd","GSE83687__GSE83687__Crohn's_disease_small_bowel_vs_control_colon__2","GSE83687",2,1,"solo_controllo"
"cgroup_L5_c3ae78cd","GSE83687__GSE83687__Crohn's_disease_small_bowel_vs_control_colon__3","GSE83687",1,1,"entrambi"
"cgroup_L5_c3ae78cd","GSE83687__GSE83687__Crohn's_disease_small_bowel_vs_control_colon__4","GSE83687",1,1,"entrambi"
"cgroup_L5_c3ae78cd","GSE83687__GSE83687__Crohn's_disease_small_bowel_vs_control_colon__5","GSE83687",1,1,"entrambi"
"cgroup_L5_c3ae78cd","GSE83687__GSE83687__Crohn's_disease_small_bowel_vs_control_colon__6","GSE83687",1,1,"entrambi"
"cgroup_L5_c3ae78cd","GSE83687__GSE83687__Crohn's_disease_small_bowel_vs_control_colon__7","GSE83687",1,1,"entrambi"
"cgroup_L5_c3ae78cd","GSE83687__GSE83687__Crohn's_disease_small_bowel_vs_control_colon__8","GSE83687",2,1,"solo_controllo"
"cgroup_L5_c3ae78cd","GSE92472__GSE92472__Crohn's_disease_vs_Healthy_control__1","GSE92472",1,1,"entrambi"
"cgroup_L5_c3ae78cd","GSE93624__GSE93624__grp_0002_vs_grp_0001__1","GSE93624",144,35,"nessuno"
"cgroup_L5_e0c9a685","GSE140380__GSE140380__atopic_dermatitis_vs_healthy__1","GSE140380",1,4,"solo_trattato"
"cgroup_L5_e0c9a685","GSE160501__GSE160501__grp_0002_vs_grp_0001__1","GSE160501",2,3,"nessuno"
"cgroup_L5_e0c9a685","GSE160501__GSE160501__grp_0003_vs_grp_0001__1","GSE160501",7,3,"nessuno"
"cgroup_L5_e0c9a685","GSE160501__GSE160501__grp_0004_vs_grp_0009__1","GSE160501",1,3,"solo_trattato"
"cgroup_L5_e0c9a685","GSE160501__GSE160501__grp_0005_vs_grp_0009__1","GSE160501",1,3,"solo_trattato"
"cgroup_L5_e0c9a685","GSE160501__GSE160501__grp_0006_vs_grp_0009__1","GSE160501",1,3,"solo_trattato"
"cgroup_L5_e0c9a685","GSE160501__GSE160501__grp_0007_vs_grp_0009__1","GSE160501",1,3,"solo_trattato"
"cgroup_L5_e0c9a685","GSE160501__GSE160501__grp_0008_vs_grp_0009__1","GSE160501",5,3,"nessuno"
"cgroup_L5_e0c9a685","GSE160501__GSE160501__grp_0018_vs_grp_0020__1","GSE160501",1,3,"solo_trattato"
"cgroup_L5_e0c9a685","GSE230200__GSE230200__grp_0002_vs_grp_0003__1","GSE230200",16,3,"nessuno"
"cgroup_L5_e0c9a685","GSE230200__GSE230200__grp_0005_vs_grp_0003__1","GSE230200",1,3,"solo_trattato"
"cgroup_L5_387b0d1a","GSE106148__GSE106148__Type_I_diabetes_vs_non-diabetic_control__1","GSE106148",3,5,"nessuno"
"cgroup_L5_387b0d1a","GSE123658__GSE123658__diabetes_0028_vs_healthy_0029__1","GSE123658",39,13,"nessuno"
"cgroup_L5_387b0d1a","GSE130279__GSE130279__grp_0002_vs_grp_0003__1","GSE130279",3,1,"solo_controllo"
"cgroup_L5_387b0d1a","GSE131526__GSE131526__Type_1_Diabetes_vs_Healthy_Control__1","GSE131526",9,3,"nessuno"
"cgroup_L5_3e8ba26a","GSE123892__GSE123892__grp_0006_vs_grp_0001__1","GSE123892",3,2,"nessuno"
"cgroup_L5_3e8ba26a","GSE159851__GSE159851__group_0003_vs_group_0002__1","GSE159851",5,6,"nessuno"
"cgroup_L5_3e8ba26a","GSE207821__GSE207821__grp_0006_vs_grp_0003__1","GSE207821",1,4,"solo_trattato"
"cgroup_L5_3e8ba26a","GSE207821__GSE207821__grp_0007_vs_grp_0004__1","GSE207821",1,1,"entrambi"
"cgroup_L5_3e8ba26a","GSE207821__GSE207821__grp_0008_vs_grp_0005__1","GSE207821",1,1,"entrambi"
"cgroup_L5_3e8ba26a","GSE207821__GSE207821__grp_0009_vs_grp_0004__1","GSE207821",1,1,"entrambi"
"cgroup_L5_3e8ba26a","GSE207821__GSE207821__grp_0010_vs_grp_0003__1","GSE207821",1,4,"solo_trattato"
"cgroup_L5_3e8ba26a","GSE207821__GSE207821__grp_0011_vs_grp_0004__1","GSE207821",1,1,"entrambi"
"cgroup_L5_3e8ba26a","GSE207821__GSE207821__grp_0012_vs_grp_0003__1","GSE207821",1,4,"solo_trattato"
"cgroup_L5_3e8ba26a","GSE207821__GSE207821__grp_0013_vs_grp_0004__1","GSE207821",1,1,"entrambi"
"cgroup_L5_3e8ba26a","GSE207821__GSE207821__grp_0014_vs_grp_0003__1","GSE207821",1,4,"solo_trattato"
"cgroup_L5_f2f8d3ac","GSE142530__GSE142530__grp_0002_vs_grp_0006__1","GSE142530",4,11,"nessuno"
"cgroup_L5_f2f8d3ac","GSE155907__GSE155907__AH1_vs_Control__1","GSE155907",1,4,"solo_trattato"
"cgroup_L5_f2f8d3ac","GSE155907__GSE155907__AH2_vs_Control__1","GSE155907",1,4,"solo_trattato"
"cgroup_L5_f2f8d3ac","GSE155907__GSE155907__AH3_vs_Control__1","GSE155907",1,4,"solo_trattato"
"cgroup_L5_f2f8d3ac","GSE155907__GSE155907__AH4_vs_Control__1","GSE155907",1,4,"solo_trattato"
"cgroup_L5_f2f8d3ac","GSE155907__GSE155907__AH5_vs_Control__1","GSE155907",1,4,"solo_trattato"
"cgroup_L5_f2f8d3ac","GSE167308__GSE167308__Alcoholic_hepatitis_vs_Negative_Control__1","GSE167308",7,4,"nessuno"
"cgroup_L5_bd19fe42","GSE120663__GSE120663__HCC_PBMC_vs_Healthy_Control_PBMC__1","GSE120663",4,3,"nessuno"
"cgroup_L5_bd19fe42","GSE144269__GSE144269__grp_0001_vs_grp_0002__1","GSE144269",54,61,"nessuno"
"cgroup_L5_bd19fe42","GSE159220__GSE159220__grp_0002_vs_grp_0001__1","GSE159220",3,3,"nessuno"
"cgroup_L5_bd19fe42","GSE164359__GSE164359__grp_0001_vs_grp_0004__1","GSE164359",26,9,"nessuno"
"cgroup_L5_bd19fe42","GSE164359__GSE164359__grp_0003_vs_grp_0004__1","GSE164359",7,9,"nessuno"
"cgroup_L5_bd19fe42","GSE164359__GSE164359__grp_0005_vs_grp_0004__1","GSE164359",2,9,"nessuno"
"cgroup_L5_bd19fe42","GSE185799__GSE185799__hepatocellular_carcinoma_vs_normal__1","GSE185799",3,1,"solo_controllo"
"cgroup_L5_bd19fe42","GSE202853__GSE202853__HCC_vs_Normal__1","GSE202853",1,1,"entrambi"
"cgroup_L5_bd19fe42","GSE216613__GSE216613__GSM6682838_vs_GSM6682843__1","GSE216613",3,2,"nessuno"
"cgroup_L5_bd19fe42","GSE216613__GSE216613__GSM6682838_vs_GSM6682842__1","GSE216613",3,1,"solo_controllo"
"cgroup_L5_bd19fe42","GSE256235__GSE256235__HCC_vs_Healthy__1","GSE256235",10,3,"nessuno"
"cgroup_L5_bd19fe42","GSE256235__GSE256235__HCC_vs_Healthy_4h__1","GSE256235",10,1,"solo_controllo"
"cgroup_L5_bd19fe42","GSE263134__GSE263134__grp_0004_vs_grp_0001__1","GSE263134",2,4,"nessuno"
"cgroup_L5_bd19fe42","GSE263134__GSE263134__grp_0003_vs_grp_0002__1","GSE263134",3,1,"solo_controllo"
"cgroup_L5_bd19fe42","GSE73708__GSE73708__group_0001_vs_group_0003__1","GSE73708",7,4,"nessuno"
"cgroup_L5_bd19fe42","GSE73708__GSE73708__group_0002_vs_group_0003__1","GSE73708",1,4,"solo_trattato"
"cgroup_L5_bd19fe42","GSE77509__GSE77509__group_0005_vs_group_0001__1","GSE77509",10,16,"nessuno"
"cgroup_L5_bd19fe42","GSE77509__GSE77509__group_0007_vs_group_0001__1","GSE77509",4,16,"nessuno"
"cgroup_L5_bd19fe42","GSE77509__GSE77509__group_0009_vs_group_0001__1","GSE77509",1,16,"solo_trattato"
"cgroup_L5_bd19fe42","GSE77509__GSE77509__group_0012_vs_group_0001__1","GSE77509",1,16,"solo_trattato"
"cgroup_L5_bd19fe42","GSE77509__GSE77509__group_0018_vs_group_0001__1","GSE77509",1,16,"solo_trattato"
"cgroup_L5_964c6389","GSE105041__GSE105041__grp_astrocyte_case_M_vs_grp_astrocyte_control_M__1","GSE105041",3,4,"nessuno"
"cgroup_L5_964c6389","GSE105041__GSE105041__grp_astrocyte_case_M_highrep_vs_grp_astrocyte_control_F__1","GSE105041",9,4,"nessuno"
"cgroup_L5_964c6389","GSE105041__GSE105041__grp_glial_case_M_vs_grp_glial_control_M__1","GSE105041",8,1,"solo_controllo"
"cgroup_L5_964c6389","GSE105041__GSE105041__grp_glial_case_F_vs_grp_glial_control_F__1","GSE105041",4,6,"nessuno"
"cgroup_L5_964c6389","GSE105041__GSE105041__grp_glial_case_M_highrep_vs_grp_glial_control_M_highrep__1","GSE105041",4,4,"nessuno"
"cgroup_L5_964c6389","GSE129473__GSE129473__HD_BA9_vs_control_BA9__1","GSE129473",43,3,"nessuno"
"cgroup_L5_964c6389","GSE129473__GSE129473__HD_CAU_vs_control_CAU__1","GSE129473",2,2,"nessuno"
"cgroup_L5_964c6389","GSE159940__GSE159940__grp_0005_vs_grp_0001__1","GSE159940",1,1,"entrambi"
"cgroup_L5_964c6389","GSE159940__GSE159940__grp_0006_vs_grp_0002__1","GSE159940",1,1,"entrambi"
"cgroup_L5_964c6389","GSE159940__GSE159940__grp_0007_vs_grp_0003__1","GSE159940",1,1,"entrambi"
"cgroup_L5_964c6389","GSE159940__GSE159940__grp_0035_vs_grp_0034__1","GSE159940",1,1,"entrambi"
"cgroup_L5_964c6389","GSE159940__GSE159940__grp_0036_vs_grp_0034__1","GSE159940",1,1,"entrambi"
"cgroup_L5_964c6389","GSE159940__GSE159940__grp_0037_vs_grp_0034__1","GSE159940",1,1,"entrambi"
"cgroup_L5_964c6389","GSE159940__GSE159940__grp_0038_vs_grp_0034__1","GSE159940",1,1,"entrambi"
"cgroup_L5_964c6389","GSE159940__GSE159940__grp_0039_vs_grp_0034__1","GSE159940",1,1,"entrambi"
"cgroup_L5_964c6389","GSE159940__GSE159940__grp_0040_vs_grp_0034__1","GSE159940",1,1,"entrambi"
"cgroup_L5_964c6389","GSE159940__GSE159940__grp_0041_vs_grp_0034__1","GSE159940",1,1,"entrambi"
"cgroup_L5_964c6389","GSE159940__GSE159940__grp_0042_vs_grp_0034__1","GSE159940",1,1,"entrambi"
"cgroup_L5_964c6389","GSE159940__GSE159940__grp_0043_vs_grp_0034__1","GSE159940",1,1,"entrambi"
"cgroup_L5_964c6389","GSE159940__GSE159940__grp_0044_vs_grp_0034__1","GSE159940",1,1,"entrambi"
"cgroup_L5_964c6389","GSE159940__GSE159940__grp_0045_vs_grp_0034__1","GSE159940",1,1,"entrambi"
"cgroup_L5_964c6389","GSE159940__GSE159940__grp_0046_vs_grp_0034__1","GSE159940",1,1,"entrambi"
"cgroup_L5_964c6389","GSE159940__GSE159940__grp_0047_vs_grp_0034__1","GSE159940",1,1,"entrambi"
"cgroup_L5_964c6389","GSE159940__GSE159940__grp_0048_vs_grp_0034__1","GSE159940",1,1,"entrambi"
"cgroup_L5_964c6389","GSE159940__GSE159940__grp_0049_vs_grp_0034__1","GSE159940",1,1,"entrambi"
"cgroup_L5_964c6389","GSE159940__GSE159940__grp_0050_vs_grp_0034__1","GSE159940",1,1,"entrambi"
"cgroup_L5_964c6389","GSE159940__GSE159940__grp_0051_vs_grp_0034__1","GSE159940",1,1,"entrambi"
"cgroup_L5_964c6389","GSE159940__GSE159940__grp_0052_vs_grp_0034__1","GSE159940",1,1,"entrambi"
"cgroup_L5_964c6389","GSE159940__GSE159940__basal_ganglia_HD_vs_frontal_cortex_control__1","GSE159940",1,2,"solo_trattato"
"cgroup_L5_964c6389","GSE64810__GSE64810__HD_41_vs_Normal__1","GSE64810",1,49,"solo_trattato"
"cgroup_L5_964c6389","GSE64810__GSE64810__HD_42_vs_Normal__1","GSE64810",3,49,"nessuno"
"cgroup_L5_964c6389","GSE64810__GSE64810__HD_43_vs_Normal__1","GSE64810",1,49,"solo_trattato"
"cgroup_L5_964c6389","GSE64810__GSE64810__HD_44_vs_Normal__1","GSE64810",1,49,"solo_trattato"
"cgroup_L5_964c6389","GSE64810__GSE64810__HD_45_vs_Normal__1","GSE64810",2,49,"nessuno"
"cgroup_L5_964c6389","GSE64810__GSE64810__HD_46_vs_Normal__1","GSE64810",1,49,"solo_trattato"
"cgroup_L5_964c6389","GSE64810__GSE64810__HD_47_vs_Normal__1","GSE64810",1,49,"solo_trattato"
"cgroup_L5_964c6389","GSE64810__GSE64810__HD_48_vs_Normal__1","GSE64810",3,49,"nessuno"
"cgroup_L5_964c6389","GSE64810__GSE64810__HD_49_vs_Normal__1","GSE64810",2,49,"nessuno"
"cgroup_L5_964c6389","GSE64810__GSE64810__HD_51_vs_Normal__1","GSE64810",1,49,"solo_trattato"
"cgroup_L5_6d58c751","GSE142987__GSE142987__liver_cancer_vs_healthy_donor__1","GSE142987",1,26,"solo_trattato"
"cgroup_L5_6d58c751","GSE174302__GSE174302__liver_cancer_vs_healthy__1","GSE174302",1,1,"entrambi"
"cgroup_L5_6d58c751","GSE65364__GSE65364__grp_0002_vs_grp_0001__1","GSE65364",1,1,"entrambi"
"cgroup_L5_a3c3e08c","GSE120622__GSE120622__group_0001_vs_group_0030__1","GSE120622",1,1,"entrambi"
"cgroup_L5_a3c3e08c","GSE120622__GSE120622__group_0002_vs_group_0030__1","GSE120622",1,1,"entrambi"
"cgroup_L5_a3c3e08c","GSE120622__GSE120622__group_0003_vs_group_0030__1","GSE120622",1,1,"entrambi"
"cgroup_L5_a3c3e08c","GSE120622__GSE120622__group_0004_vs_group_0030__1","GSE120622",1,1,"entrambi"
"cgroup_L5_a3c3e08c","GSE120622__GSE120622__group_0005_vs_group_0030__1","GSE120622",1,1,"entrambi"
"cgroup_L5_a3c3e08c","GSE120622__GSE120622__group_0006_vs_group_0030__1","GSE120622",1,1,"entrambi"
"cgroup_L5_a3c3e08c","GSE120622__GSE120622__group_0007_vs_group_0030__1","GSE120622",1,1,"entrambi"
"cgroup_L5_a3c3e08c","GSE120622__GSE120622__group_0008_vs_group_0030__1","GSE120622",1,1,"entrambi"
"cgroup_L5_a3c3e08c","GSE120622__GSE120622__group_0009_vs_group_0030__1","GSE120622",1,1,"entrambi"
"cgroup_L5_a3c3e08c","GSE120622__GSE120622__group_0010_vs_group_0030__1","GSE120622",1,1,"entrambi"
"cgroup_L5_a3c3e08c","GSE120622__GSE120622__group_0011_vs_group_0030__1","GSE120622",1,1,"entrambi"
"cgroup_L5_a3c3e08c","GSE120622__GSE120622__group_0012_vs_group_0030__1","GSE120622",1,1,"entrambi"
"cgroup_L5_a3c3e08c","GSE120622__GSE120622__group_0013_vs_group_0030__1","GSE120622",1,1,"entrambi"
"cgroup_L5_a3c3e08c","GSE120622__GSE120622__group_0014_vs_group_0030__1","GSE120622",1,1,"entrambi"
"cgroup_L5_a3c3e08c","GSE120622__GSE120622__group_0015_vs_group_0030__1","GSE120622",1,1,"entrambi"
"cgroup_L5_a3c3e08c","GSE120622__GSE120622__group_0016_vs_group_0030__1","GSE120622",1,1,"entrambi"
"cgroup_L5_a3c3e08c","GSE120622__GSE120622__group_0017_vs_group_0030__1","GSE120622",1,1,"entrambi"
"cgroup_L5_a3c3e08c","GSE120622__GSE120622__group_0020_vs_group_0030__1","GSE120622",1,1,"entrambi"
"cgroup_L5_a3c3e08c","GSE120622__GSE120622__group_0021_vs_group_0030__1","GSE120622",1,1,"entrambi"
"cgroup_L5_a3c3e08c","GSE120622__GSE120622__group_0022_vs_group_0030__1","GSE120622",1,1,"entrambi"
"cgroup_L5_a3c3e08c","GSE120622__GSE120622__group_0023_vs_group_0030__1","GSE120622",1,1,"entrambi"
"cgroup_L5_a3c3e08c","GSE120622__GSE120622__group_0024_vs_group_0030__1","GSE120622",1,1,"entrambi"
"cgroup_L5_a3c3e08c","GSE120622__GSE120622__group_0025_vs_group_0030__1","GSE120622",1,1,"entrambi"
"cgroup_L5_a3c3e08c","GSE120622__GSE120622__group_0026_vs_group_0030__1","GSE120622",1,1,"entrambi"
"cgroup_L5_a3c3e08c","GSE120622__GSE120622__group_0027_vs_group_0030__1","GSE120622",1,1,"entrambi"
"cgroup_L5_a3c3e08c","GSE120622__GSE120622__group_0028_vs_group_0030__1","GSE120622",1,1,"entrambi"
"cgroup_L5_a3c3e08c","GSE120622__GSE120622__group_0029_vs_group_0030__1","GSE120622",1,1,"entrambi"
"cgroup_L5_a3c3e08c","GSE120622__GSE120622__group_0033_vs_group_0030__1","GSE120622",1,1,"entrambi"
"cgroup_L5_a3c3e08c","GSE120622__GSE120622__group_0034_vs_group_0030__1","GSE120622",2,1,"solo_controllo"
"cgroup_L5_a3c3e08c","GSE120622__GSE120622__group_0035_vs_group_0030__1","GSE120622",2,1,"solo_controllo"
"cgroup_L5_a3c3e08c","GSE120622__GSE120622__group_0036_vs_group_0030__1","GSE120622",1,1,"entrambi"
"cgroup_L5_a3c3e08c","GSE120622__GSE120622__group_0037_vs_group_0030__1","GSE120622",1,1,"entrambi"
"cgroup_L5_a3c3e08c","GSE120622__GSE120622__group_0038_vs_group_0030__1","GSE120622",2,1,"solo_controllo"
"cgroup_L5_a3c3e08c","GSE120622__GSE120622__group_0039_vs_group_0030__1","GSE120622",1,1,"entrambi"
"cgroup_L5_a3c3e08c","GSE120622__GSE120622__group_0040_vs_group_0030__1","GSE120622",1,1,"entrambi"
"cgroup_L5_a3c3e08c","GSE120622__GSE120622__group_0041_vs_group_0030__1","GSE120622",3,1,"solo_controllo"
"cgroup_L5_a3c3e08c","GSE120622__GSE120622__group_0042_vs_group_0030__1","GSE120622",1,1,"entrambi"
"cgroup_L5_a3c3e08c","GSE120622__GSE120622__group_0043_vs_group_0030__1","GSE120622",1,1,"entrambi"
"cgroup_L5_a3c3e08c","GSE120622__GSE120622__group_0044_vs_group_0030__1","GSE120622",1,1,"entrambi"
"cgroup_L5_a3c3e08c","GSE120622__GSE120622__group_0045_vs_group_0030__1","GSE120622",1,1,"entrambi"
"cgroup_L5_a3c3e08c","GSE120622__GSE120622__group_0046_vs_group_0030__1","GSE120622",1,1,"entrambi"
"cgroup_L5_a3c3e08c","GSE120622__GSE120622__group_0047_vs_group_0030__1","GSE120622",2,1,"solo_controllo"
"cgroup_L5_a3c3e08c","GSE120622__GSE120622__group_0048_vs_group_0030__1","GSE120622",1,1,"entrambi"
"cgroup_L5_a3c3e08c","GSE120622__GSE120622__group_0049_vs_group_0030__1","GSE120622",1,1,"entrambi"
"cgroup_L5_a3c3e08c","GSE120622__GSE120622__group_0050_vs_group_0030__1","GSE120622",1,1,"entrambi"
"cgroup_L5_a3c3e08c","GSE120622__GSE120622__group_0051_vs_group_0030__1","GSE120622",1,1,"entrambi"
"cgroup_L5_a3c3e08c","GSE120622__GSE120622__group_0052_vs_group_0030__1","GSE120622",1,1,"entrambi"
"cgroup_L5_a3c3e08c","GSE120622__GSE120622__group_0053_vs_group_0030__1","GSE120622",14,1,"solo_controllo"
"cgroup_L5_a3c3e08c","GSE120622__GSE120622__group_0054_vs_group_0030__1","GSE120622",1,1,"entrambi"
"cgroup_L5_a3c3e08c","GSE120622__GSE120622__group_0055_vs_group_0030__1","GSE120622",2,1,"solo_controllo"
"cgroup_L5_a3c3e08c","GSE120622__GSE120622__group_0056_vs_group_0030__1","GSE120622",5,1,"solo_controllo"
"cgroup_L5_a3c3e08c","GSE120622__GSE120622__grp_0001_vs_grp_0003__1","GSE120622",4,1,"solo_controllo"
"cgroup_L5_a3c3e08c","GSE120622__GSE120622__grp_0002_vs_grp_0004__1","GSE120622",2,1,"solo_controllo"
"cgroup_L5_a3c3e08c","GSE148862__GSE148862__LungCancer_vs_Healthy__1","GSE148862",15,12,"nessuno"
"cgroup_L5_a3c3e08c","GSE174302__GSE174302__lung_cancer_vs_healthy__1","GSE174302",1,1,"entrambi"
"cgroup_L5_a3c3e08c","GSE216561__GSE216561__lung_cancer_vs_healthy_donor__1","GSE216561",5,11,"nessuno"
"cgroup_L5_a3c3e08c","GSE234170__GSE234170__grp_0002_vs_grp_0003__1","GSE234170",5,3,"nessuno"
"cgroup_L5_a3c3e08c","GSE234170__GSE234170__grp_0004_vs_grp_0003__1","GSE234170",2,3,"nessuno"
"cgroup_L5_a3c3e08c","GSE234170__GSE234170__grp_0005_vs_grp_0003__1","GSE234170",6,3,"nessuno"
"cgroup_L5_a3c3e08c","GSE234170__GSE234170__grp_0007_vs_grp_0009__1","GSE234170",9,7,"nessuno"
"cgroup_L5_a69fcae5","GSE131525__GSE131525__Monocytes_SLE3_vs_Monocytes_HC3__1","GSE131525",1,1,"entrambi"
"cgroup_L5_a69fcae5","GSE131525__GSE131525__Monocytes_SLE3_vs_Monocytes_HC2__1","GSE131525",1,8,"solo_trattato"
"cgroup_L5_a69fcae5","GSE131525__GSE131525__Monocytes_SLE1_vs_Monocytes_HC3__1","GSE131525",4,1,"solo_controllo"
"cgroup_L5_a69fcae5","GSE131525__GSE131525__Monocytes_SLE2_vs_Monocytes_HC3__1","GSE131525",1,1,"entrambi"
"cgroup_L5_a69fcae5","GSE162828__GSE162828__grp_sle_patient_vs_grp_healthy_control_1__1","GSE162828",5,4,"nessuno"
"cgroup_L5_a69fcae5","GSE162828__GSE162828__grp_sle_patient_vs_grp_healthy_control_2__1","GSE162828",5,1,"solo_controllo"
"cgroup_L5_a69fcae5","GSE168527__GSE168527__grp_0005_vs_grp_0003__1","GSE168527",4,4,"nessuno"
"cgroup_L5_a69fcae5","GSE168527__GSE168527__grp_0010_vs_grp_0008__1","GSE168527",4,2,"nessuno"
"cgroup_L5_a69fcae5","GSE80183__GSE80183__grp_0004_vs_grp_0001__1","GSE80183",4,2,"nessuno"
"cgroup_L5_a69fcae5","GSE92387__GSE92387__group_0001_vs_group_0002__1","GSE92387",3,3,"nessuno"
"cgroup_L5_a69fcae5","GSE92387__GSE92387__group_0003_vs_group_0004__1","GSE92387",3,3,"nessuno"
"cgroup_L5_a69fcae5","GSE92387__GSE92387__group_0005_vs_group_0006__1","GSE92387",3,3,"nessuno"
"cgroup_L5_a69fcae5","GSE92387__GSE92387__group_0007_vs_group_0008__1","GSE92387",3,3,"nessuno"
"cgroup_L5_a69fcae5","GSE92472__GSE92472__Systemic_lupus_erythematosus_vs_Healthy_control__1","GSE92472",1,1,"entrambi"
"cgroup_L5_d53bf74e","GSE145842__GSE145842__follicular_lymphoma_vs_healthy__1","GSE145842",10,6,"nessuno"
"cgroup_L5_d53bf74e","GSE148656__GSE148656__grp_0005_vs_grp_0006__1","GSE148656",4,2,"nessuno"
"cgroup_L5_d53bf74e","GSE148656__GSE148656__grp_0008_vs_grp_0009__1","GSE148656",4,5,"nessuno"
"cgroup_L5_d53bf74e","GSE148656__GSE148656__grp_0010_vs_grp_0011__1","GSE148656",3,4,"nessuno"
"cgroup_L5_d53bf74e","GSE62241__GSE62241__group_0001_vs_group_0002__1","GSE62241",10,2,"nessuno"
"cgroup_L5_3b91a21d","GSE144259__GSE144259__CRC3M_vs_CRC3N__1","GSE144259",1,1,"entrambi"
"cgroup_L5_3b91a21d","GSE147493__GSE147493__grp_0008_vs_grp_0002__1","GSE147493",8,2,"nessuno"
"cgroup_L5_3b91a21d","GSE147738__GSE147738__grp_0002_vs_grp_0001__1","GSE147738",1,1,"entrambi"
"cgroup_L5_3b91a21d","GSE159851__GSE159851__group_0001_vs_group_0002__1","GSE159851",6,6,"nessuno"
"cgroup_L5_3b91a21d","GSE162960__GSE162960__grp_liver_metastasis_I_vs_grp_healthy_liver_I__1","GSE162960",2,2,"nessuno"
"cgroup_L5_3b91a21d","GSE186145__GSE186145__group_0003_vs_group_0001__1","GSE186145",2,16,"nessuno"
"cgroup_L5_3b91a21d","GSE186145__GSE186145__group_0005_vs_group_0001__1","GSE186145",3,16,"nessuno"
"cgroup_L5_3b91a21d","GSE221240__GSE221240__grp_0003_vs_grp_0007__1","GSE221240",13,3,"nessuno"
"cgroup_L5_3b91a21d","GSE256492__GSE256492__brain_metastasis_vs_control__1","GSE256492",4,3,"nessuno"
"cgroup_L5_c99ed4ee","GSE109981__GSE109981__ovarian_cancer_vs_normal__1","GSE109981",1,1,"entrambi"
"cgroup_L5_c99ed4ee","GSE118624__GSE118624__grp_0004_vs_grp_0001__1","GSE118624",1,4,"solo_trattato"
"cgroup_L5_c99ed4ee","GSE120303__GSE120303__group_0002_vs_group_0003__1","GSE120303",3,3,"nessuno"
"cgroup_L5_c99ed4ee","GSE160626__GSE160626__Ovarian_cancer_vs_Normal_ovary__1","GSE160626",17,7,"nessuno"
"cgroup_L5_c99ed4ee","GSE190688__GSE190688__group_0001_vs_group_0002__1","GSE190688",1,5,"solo_trattato"
"cgroup_L5_c99ed4ee","GSE190688__GSE190688__group_0003_vs_group_0002__1","GSE190688",1,5,"solo_trattato"
"cgroup_L5_c99ed4ee","GSE190688__GSE190688__group_0004_vs_group_0002__1","GSE190688",1,5,"solo_trattato"
"cgroup_L5_c99ed4ee","GSE190688__GSE190688__group_0005_vs_group_0002__1","GSE190688",1,5,"solo_trattato"
"cgroup_L5_c99ed4ee","GSE190688__GSE190688__group_0006_vs_group_0002__1","GSE190688",1,5,"solo_trattato"
"cgroup_L5_c99ed4ee","GSE190688__GSE190688__group_0007_vs_group_0002__1","GSE190688",1,5,"solo_trattato"
"cgroup_L5_85083e38","GSE106608__GSE106608__grp_0003_vs_grp_0001__1","GSE106608",7,5,"nessuno"
"cgroup_L5_85083e38","GSE106608__GSE106608__grp_0003_vs_grp_0002__1","GSE106608",7,4,"nessuno"
"cgroup_L5_85083e38","GSE128177__GSE128177__grp_0001_vs_grp_0002__1","GSE128177",9,24,"nessuno"
"cgroup_L5_85083e38","GSE128177__GSE128177__grp_0003_vs_grp_0002__1","GSE128177",1,24,"solo_trattato"
"cgroup_L5_85083e38","GSE128177__GSE128177__grp_0004_vs_grp_0002__1","GSE128177",2,24,"nessuno"
"cgroup_L5_85083e38","GSE133101__GSE133101__grp_0003_vs_grp_0002__1","GSE133101",15,8,"nessuno"
"cgroup_L5_85083e38","GSE133101__GSE133101__grp_0006_vs_grp_0001__1","GSE133101",13,6,"nessuno"
"cgroup_L5_85083e38","GSE133101__GSE133101__grp_0010_vs_grp_0007__1","GSE133101",3,2,"nessuno"
"cgroup_L5_85083e38","GSE140089__GSE140089__grp_0001_vs_grp_0004__1","GSE140089",2,16,"nessuno"
"cgroup_L5_85083e38","GSE161199__GSE161199__Parkinson's_Disease_vs_Healthy_Control__1","GSE161199",6,10,"nessuno"
"cgroup_L5_85083e38","GSE168496__GSE168496__Parkinsons_vs_NonDementedControl__1","GSE168496",8,8,"nessuno"
"cgroup_L5_85083e38","GSE181029__GSE181029__grp_0001_vs_grp_0006__1","GSE181029",3,3,"nessuno"
"cgroup_L5_85083e38","GSE181029__GSE181029__grp_0002_vs_grp_0006__1","GSE181029",1,3,"solo_trattato"
"cgroup_L5_85083e38","GSE181029__GSE181029__grp_0003_vs_grp_0006__1","GSE181029",1,3,"solo_trattato"
"cgroup_L5_85083e38","GSE181029__GSE181029__grp_0004_vs_grp_0006__1","GSE181029",1,3,"solo_trattato"
"cgroup_L5_85083e38","GSE181029__GSE181029__grp_0005_vs_grp_0006__1","GSE181029",2,3,"nessuno"
"cgroup_L5_85083e38","GSE181029__GSE181029__grp_0011_vs_grp_0006__1","GSE181029",1,3,"solo_trattato"
"cgroup_L5_85083e38","GSE181029__GSE181029__grp_0012_vs_grp_0018__1","GSE181029",2,2,"nessuno"
"cgroup_L5_85083e38","GSE181029__GSE181029__grp_0013_vs_grp_0018__1","GSE181029",1,2,"solo_trattato"
"cgroup_L5_85083e38","GSE181029__GSE181029__grp_0014_vs_grp_0018__1","GSE181029",1,2,"solo_trattato"
"cgroup_L5_85083e38","GSE181029__GSE181029__grp_0015_vs_grp_0018__1","GSE181029",1,2,"solo_trattato"
"cgroup_L5_85083e38","GSE181029__GSE181029__grp_0016_vs_grp_0018__1","GSE181029",2,2,"nessuno"
"cgroup_L5_85083e38","GSE181029__GSE181029__grp_0017_vs_grp_0018__1","GSE181029",1,2,"solo_trattato"
"cgroup_L5_85083e38","GSE181029__GSE181029__grp_0020_vs_grp_0021__1","GSE181029",3,3,"nessuno"
"cgroup_L5_85083e38","GSE206308__GSE206308__grp_0001_vs_grp_0003__1","GSE206308",1,3,"solo_trattato"
"cgroup_L5_85083e38","GSE206308__GSE206308__grp_0002_vs_grp_0003__1","GSE206308",3,3,"nessuno"
"cgroup_L5_85083e38","GSE208347__GSE208347__grp_0002_vs_grp_0001__1","GSE208347",3,4,"nessuno"
"cgroup_L5_85083e38","GSE208347__GSE208347__grp_0002_vs_grp_0003__1","GSE208347",3,8,"nessuno"
"cgroup_L5_85083e38","GSE84684__GSE84684__grp_0004_vs_grp_0001__1","GSE84684",1,1,"entrambi"
"cgroup_L5_85083e38","GSE84684__GSE84684__grp_0004_vs_grp_0002__1","GSE84684",1,1,"entrambi"
"cgroup_L5_85083e38","GSE84684__GSE84684__grp_0004_vs_grp_0003__1","GSE84684",1,1,"entrambi"
"cgroup_L5_85083e38","GSE84684__GSE84684__grp_0005_vs_grp_0001__1","GSE84684",1,1,"entrambi"
"cgroup_L5_85083e38","GSE84684__GSE84684__grp_0005_vs_grp_0002__1","GSE84684",1,1,"entrambi"
"cgroup_L5_85083e38","GSE84684__GSE84684__grp_0005_vs_grp_0003__1","GSE84684",1,1,"entrambi"
"cgroup_L5_85083e38","GSE90469__GSE90469__grp_0004_vs_grp_0003__1","GSE90469",3,3,"nessuno"
"cgroup_L5_be3d65c3","GSE158945__GSE158945__Luminal_vs_Healthy__1","GSE158945",2,5,"nessuno"
"cgroup_L5_be3d65c3","GSE233242__GSE233242__grp_0004_vs_grp_0001__1","GSE233242",29,11,"nessuno"
"cgroup_L5_be3d65c3","GSE233242__GSE233242__grp_0005_vs_grp_0001__1","GSE233242",3,11,"nessuno"
"cgroup_L5_be3d65c3","GSE87517__GSE87517__grp_0007_vs_grp_0010__1","GSE87517",1,6,"solo_trattato"
"cgroup_L5_b2affd22","GSE114691__GSE114691__preeclampsia_vs_control__1","GSE114691",1,21,"solo_trattato"
"cgroup_L5_b2affd22","GSE143953__GSE143953__grp_0001_vs_grp_0005__1","GSE143953",1,4,"solo_trattato"
"cgroup_L5_b2affd22","GSE143953__GSE143953__grp_0002_vs_grp_0005__1","GSE143953",1,4,"solo_trattato"
"cgroup_L5_b2affd22","GSE143953__GSE143953__grp_0003_vs_grp_0005__1","GSE143953",1,4,"solo_trattato"
"cgroup_L5_b2affd22","GSE143953__GSE143953__grp_0004_vs_grp_0005__1","GSE143953",1,4,"solo_trattato"
"cgroup_L5_b2affd22","GSE148241__GSE148241__EOSPE_placenta_1_vs_Normal_placenta__1","GSE148241",2,32,"nessuno"
"cgroup_L5_b2affd22","GSE148241__GSE148241__PHPR26_vs_Normal_placenta__1","GSE148241",1,32,"solo_trattato"
"cgroup_L5_b2affd22","GSE148241__GSE148241__PHPR30_vs_Normal_placenta__1","GSE148241",1,32,"solo_trattato"
"cgroup_L5_b2affd22","GSE148241__GSE148241__PHPR32_vs_Normal_placenta__1","GSE148241",1,32,"solo_trattato"
"cgroup_L5_b2affd22","GSE155750__GSE155750__grp_0001_vs_grp_0002__1","GSE155750",1,2,"solo_trattato"
"cgroup_L5_b2affd22","GSE155750__GSE155750__grp_0004_vs_grp_0005__1","GSE155750",1,1,"entrambi"
"cgroup_L5_b2affd22","GSE186257__GSE186257__severe_preeclampsia_vs_nonhypertensive_control__1","GSE186257",26,3,"nessuno"
"cgroup_L5_b2affd22","GSE186257__GSE186257__severe_preeclampsia_vs_nonhypertensive_control_2__1","GSE186257",26,8,"nessuno"
"cgroup_L5_b2affd22","GSE186257__GSE186257__severe_preeclampsia_vs_nonhypertensive_control_3__1","GSE186257",26,7,"nessuno"
"cgroup_L5_b2affd22","GSE218039__GSE218039__grp_0001_vs_grp_0005__1","GSE218039",2,4,"nessuno"
"cgroup_L5_b2affd22","GSE218039__GSE218039__grp_0003_vs_grp_0005__1","GSE218039",10,4,"nessuno"
"cgroup_L5_b2affd22","GSE234729__GSE234729__grp_0002_vs_grp_0001__1","GSE234729",1,1,"entrambi"
"cgroup_L5_b2affd22","GSE234729__GSE234729__grp_0003_vs_grp_0001__1","GSE234729",1,1,"entrambi"
"cgroup_L5_b2affd22","GSE234729__GSE234729__grp_0004_vs_grp_0005__1","GSE234729",41,67,"nessuno"
"cgroup_L5_b2affd22","GSE262147__GSE262147__grp_0001_vs_grp_0002__1","GSE262147",9,6,"nessuno"
"cgroup_L5_b2affd22","GSE79782__GSE79782__grp_0001_vs_grp_0006__1","GSE79782",3,8,"nessuno"
"cgroup_L5_b2affd22","GSE79782__GSE79782__grp_0002_vs_grp_0006__1","GSE79782",2,8,"nessuno"
"cgroup_L5_b2affd22","GSE79782__GSE79782__grp_0003_vs_grp_0006__1","GSE79782",10,8,"nessuno"
"cgroup_L5_b2affd22","GSE79782__GSE79782__grp_0005_vs_grp_0006__1","GSE79782",1,8,"solo_trattato"
"cgroup_L5_c4640631","GSE115414__GSE115414__group_0001_vs_group_0017__1","GSE115414",1,3,"solo_trattato"
"cgroup_L5_c4640631","GSE115414__GSE115414__group_0002_vs_group_0017__1","GSE115414",1,3,"solo_trattato"
"cgroup_L5_c4640631","GSE115414__GSE115414__group_0003_vs_group_0017__1","GSE115414",1,3,"solo_trattato"
"cgroup_L5_c4640631","GSE115414__GSE115414__group_0004_vs_group_0017__1","GSE115414",1,3,"solo_trattato"
"cgroup_L5_c4640631","GSE115414__GSE115414__group_0005_vs_group_0017__1","GSE115414",1,3,"solo_trattato"
"cgroup_L5_c4640631","GSE115414__GSE115414__group_0006_vs_group_0017__1","GSE115414",1,3,"solo_trattato"
"cgroup_L5_c4640631","GSE115414__GSE115414__group_0007_vs_group_0017__1","GSE115414",1,3,"solo_trattato"
"cgroup_L5_c4640631","GSE115414__GSE115414__group_0008_vs_group_0017__1","GSE115414",1,3,"solo_trattato"
"cgroup_L5_c4640631","GSE115414__GSE115414__group_0009_vs_group_0017__1","GSE115414",1,3,"solo_trattato"
"cgroup_L5_c4640631","GSE115414__GSE115414__group_0010_vs_group_0017__1","GSE115414",1,3,"solo_trattato"
"cgroup_L5_c4640631","GSE115414__GSE115414__group_0011_vs_group_0017__1","GSE115414",1,3,"solo_trattato"
"cgroup_L5_c4640631","GSE115414__GSE115414__group_0012_vs_group_0017__1","GSE115414",1,3,"solo_trattato"
"cgroup_L5_c4640631","GSE115414__GSE115414__group_0013_vs_group_0017__1","GSE115414",1,3,"solo_trattato"
"cgroup_L5_c4640631","GSE115414__GSE115414__group_0014_vs_group_0017__1","GSE115414",1,3,"solo_trattato"
"cgroup_L5_c4640631","GSE115414__GSE115414__group_0015_vs_group_0017__1","GSE115414",1,3,"solo_trattato"
"cgroup_L5_c4640631","GSE115414__GSE115414__group_0016_vs_group_0017__1","GSE115414",1,3,"solo_trattato"
"cgroup_L5_c4640631","GSE121022__GSE121022__grp_0006_vs_grp_0005__1","GSE121022",1,3,"solo_trattato"
"cgroup_L5_c4640631","GSE121022__GSE121022__grp_0007_vs_grp_0005__1","GSE121022",1,3,"solo_trattato"
"cgroup_L5_c4640631","GSE143389__GSE143389__grp_0002_vs_grp_0001__1","GSE143389",1,2,"solo_trattato"
"cgroup_L5_c4640631","GSE143389__GSE143389__grp_0003_vs_grp_0001__1","GSE143389",1,2,"solo_trattato"
"cgroup_L5_c4640631","GSE157086__GSE157086__Prostate_Cancer_vs_Healthy_Control__1","GSE157086",3,8,"nessuno"
"cgroup_L5_c4640631","GSE160393__GSE160393__BCaP-1_prostate_cancer_vs_PrEC_basal_epithelial_cells__1","GSE160393",1,1,"entrambi"
"cgroup_L5_c4640631","GSE160393__GSE160393__Prostate_cancer_PDX-derived_cell_line_vs_PrEC_basal_epithelial_cells__1","GSE160393",10,1,"solo_controllo"
"cgroup_L5_c4640631","GSE160393__GSE160393__Prostate_cancer_primary_tissue_vs_PrEC_basal_epithelial_cells__1","GSE160393",39,1,"solo_controllo"
"cgroup_L5_c4640631","GSE160393__GSE160393__Prostate_cancer_primary_tissue_other_vs_PrEC_basal_epithelial_cells__1","GSE160393",3,1,"solo_controllo"
"cgroup_L5_c4640631","GSE160393__GSE160393__SkCaP-1_[SkCaP_71R]_prostate_cancer_vs_PrEC_basal_epithelial_cells__1","GSE160393",1,1,"entrambi"
"cgroup_L5_c4640631","GSE160393__GSE160393__SkCaP-1R_prostate_cancer_vs_PrEC_basal_epithelial_cells__1","GSE160393",1,1,"entrambi"
"cgroup_L5_c4640631","GSE160393__GSE160393__BCaP-1_proliferating_prostate_cancer_vs_PrEC_basal_epithelial_cells__1","GSE160393",1,1,"entrambi"
"cgroup_L5_c4640631","GSE160393__GSE160393__LvCaP-1_proliferating_prostate_cancer_vs_PrEC_basal_epithelial_cells__1","GSE160393",1,1,"entrambi"
"cgroup_L5_c4640631","GSE160393__GSE160393__PC-82_[PC-82_95]_proliferating_prostate_cancer_vs_PrEC_basal_epithelial_cells__1","GSE160393",1,1,"entrambi"
"cgroup_L5_c4640631","GSE160393__GSE160393__PLNCaP-1_[PLNCaP_51L_v2]_proliferating_prostate_cancer_vs_PrEC_basal_epithelial_cells__1","GSE160393",1,1,"entrambi"
"cgroup_L5_c4640631","GSE160393__GSE160393__PLNCaP-1_[PLNCaP_52R]_proliferating_prostate_cancer_vs_PrEC_basal_epithelial_cells__1","GSE160393",1,1,"entrambi"
"cgroup_L5_c4640631","GSE160393__GSE160393__SkCaP-1_proliferating_prostate_cancer_vs_PrEC_basal_epithelial_cells__1","GSE160393",1,1,"entrambi"
"cgroup_L5_c4640631","GSE221961__GSE221961__grp_0001_vs_grp_0002__1","GSE221961",2,3,"nessuno"
"cgroup_L5_81c08752","GSE115653__GSE115653__Relapse_standard_5_vs_Diagnosis_standard_4__1","GSE115653",1,7,"solo_trattato"
"cgroup_L5_81c08752","GSE156531__GSE156531__grp_0006_vs_grp_0004__1","GSE156531",8,1,"solo_controllo"
"cgroup_L5_81c08752","GSE156531__GSE156531__grp_0007_vs_grp_0001__1","GSE156531",1,1,"entrambi"
"cgroup_L5_81c08752","GSE162403__GSE162403__grp_0002_vs_grp_0001__1","GSE162403",1,1,"entrambi"
"cgroup_L5_81c08752","GSE162403__GSE162403__grp_0003_vs_grp_0001__1","GSE162403",1,1,"entrambi"
"cgroup_L5_81c08752","GSE162403__GSE162403__grp_0004_vs_grp_0005__1","GSE162403",1,4,"solo_trattato"
"cgroup_L5_81c08752","GSE162403__GSE162403__grp_0006_vs_grp_0001__1","GSE162403",2,1,"solo_controllo"
"cgroup_L5_81c08752","GSE192638__GSE192638__aml_relapse1_vs_aml_diagnosis__1","GSE192638",1,33,"solo_trattato"
"cgroup_L5_81c08752","GSE192638__GSE192638__aml_relapse1_bm_vs_aml_diagnosis__1","GSE192638",8,33,"nessuno"
"cgroup_L5_81c08752","GSE192638__GSE192638__aml_relapse2_vs_aml_diagnosis__1","GSE192638",1,33,"solo_trattato"
"cgroup_L5_81c08752","GSE192638__GSE192638__aml_relapse2_pb_vs_aml_diagnosis__1","GSE192638",1,33,"solo_trattato"
"cgroup_L5_719ab136","GSE156173__GSE156173__group_0001_vs_group_0002__1","GSE156173",3,5,"nessuno"
"cgroup_L5_719ab136","GSE231691__GSE231691__grp_0001_vs_grp_0002__1","GSE231691",46,8,"nessuno"
"cgroup_L5_719ab136","GSE231691__GSE231691__grp_0001_vs_grp_0003__1","GSE231691",46,10,"nessuno"
"cgroup_L5_719ab136","GSE231693__GSE231693__ssc_vs_normal__1","GSE231693",1,20,"solo_trattato"
"cgroup_L5_6ee86f02","GSE181364__GSE181364__grp_0001_vs_grp_0002__1","GSE181364",5,3,"nessuno"
"cgroup_L5_6ee86f02","GSE205812__GSE205812__Ankylosing_Spondylitis_vs_Normal_Control__1","GSE205812",3,3,"nessuno"
"cgroup_L5_6ee86f02","GSE212613__GSE212613__grp_0001_vs_grp_0002__1","GSE212613",3,3,"nessuno"
"cgroup_L5_1bbf4b9b","GSE121445__GSE121445__group_0002_vs_group_0001__1","GSE121445",3,3,"nessuno"
"cgroup_L5_1bbf4b9b","GSE142000__GSE142000__group_0003_vs_group_0001__1","GSE142000",5,2,"nessuno"
"cgroup_L5_1bbf4b9b","GSE142000__GSE142000__group_0003_vs_group_0002__1","GSE142000",5,4,"nessuno"
"cgroup_L5_1bbf4b9b","GSE142000__GSE142000__group_0004_vs_group_0002__1","GSE142000",1,4,"solo_trattato"
"cgroup_L5_1bbf4b9b","GSE142000__GSE142000__group_0005_vs_group_0002__1","GSE142000",1,4,"solo_trattato"
"cgroup_L5_1bbf4b9b","GSE172032__GSE172032__grp_0001_vs_grp_0002__1","GSE172032",4,4,"nessuno"
"cgroup_L5_1bbf4b9b","GSE174237__GSE174237__grp_0001_vs_grp_0002__1","GSE174237",5,6,"nessuno"
"cgroup_L5_1bbf4b9b","GSE174302__GSE174302__stomach_cancer_vs_healthy__1","GSE174302",5,1,"solo_controllo"
"cgroup_L5_1bbf4b9b","GSE184336__GSE184336__grp_0006_vs_grp_0001__1","GSE184336",20,37,"nessuno"
"cgroup_L5_1bbf4b9b","GSE233331__GSE233331__grp_0002_vs_grp_0001__1","GSE233331",1,2,"solo_trattato"
"cgroup_L5_1bbf4b9b","GSE233331__GSE233331__grp_0003_vs_grp_0001__1","GSE233331",1,2,"solo_trattato"
"cgroup_L5_1bbf4b9b","GSE233331__GSE233331__grp_0004_vs_grp_0001__1","GSE233331",1,2,"solo_trattato"
"cgroup_L5_1bbf4b9b","GSE233331__GSE233331__grp_0002_vs_grp_0005__1","GSE233331",1,1,"entrambi"
"cgroup_L5_1bbf4b9b","GSE233331__GSE233331__grp_0003_vs_grp_0005__1","GSE233331",1,1,"entrambi"
"cgroup_L5_1bbf4b9b","GSE233331__GSE233331__grp_0004_vs_grp_0005__1","GSE233331",1,1,"entrambi"
"cgroup_L5_1bbf4b9b","GSE46597__GSE46597__grp_0002_vs_grp_0001__1","GSE46597",2,2,"nessuno"
"cgroup_L5_889ec305","GSE104178__GSE104178__colorectal_cancer_vs_normal__1","GSE104178",3,3,"nessuno"
"cgroup_L5_889ec305","GSE136630__GSE136630__group_0002_vs_group_0001__1","GSE136630",1,5,"solo_trattato"
"cgroup_L5_889ec305","GSE136630__GSE136630__group_0003_vs_group_0001__1","GSE136630",1,5,"solo_trattato"
"cgroup_L5_889ec305","GSE136630__GSE136630__group_0004_vs_group_0001__1","GSE136630",1,5,"solo_trattato"
"cgroup_L5_889ec305","GSE136630__GSE136630__group_0005_vs_group_0001__1","GSE136630",1,5,"solo_trattato"
"cgroup_L5_889ec305","GSE136630__GSE136630__group_0006_vs_group_0001__1","GSE136630",1,5,"solo_trattato"
"cgroup_L5_889ec305","GSE136630__GSE136630__group_0007_vs_group_0001__1","GSE136630",1,5,"solo_trattato"
"cgroup_L5_889ec305","GSE136630__GSE136630__group_0008_vs_group_0001__1","GSE136630",1,5,"solo_trattato"
"cgroup_L5_889ec305","GSE140327__GSE140327__grp_0002_vs_grp_0001__1","GSE140327",1,3,"solo_trattato"
"cgroup_L5_889ec305","GSE157086__GSE157086__Colorectal_Cancer_vs_Healthy_Control__1","GSE157086",4,8,"nessuno"
"cgroup_L5_889ec305","GSE164541__GSE164541__CRC_patient1_vs_Normal_colon_epithelium_patient1__1","GSE164541",5,5,"nessuno"
"cgroup_L5_889ec305","GSE164541__GSE164541__CRC_patient1_vs_Normal_colon_epithelium_patient1__2","GSE164541",2,5,"nessuno"
"cgroup_L5_889ec305","GSE164541__GSE164541__CRC_patient2_vs_Normal_colon_epithelium_patient1__1","GSE164541",3,5,"nessuno"
"cgroup_L5_889ec305","GSE165814__GSE165814__grp_0005_vs_grp_0001__1","GSE165814",1,1,"entrambi"
"cgroup_L5_889ec305","GSE165814__GSE165814__grp_0006_vs_grp_0001__1","GSE165814",3,1,"solo_controllo"
"cgroup_L5_889ec305","GSE189212__GSE189212__Colorectal_cancer_stem_cell_spheroids-Untreated_vs_Normal_colorectal_epithelial_stem_cell_spheroids-Untreated__1","GSE189212",10,3,"nessuno"
"cgroup_L5_889ec305","GSE200427__GSE200427__CRC_patient1_vs_tumor-adjacent_normal_colon__1","GSE200427",1,2,"solo_trattato"
"cgroup_L5_889ec305","GSE200427__GSE200427__CRC_patient2_vs_tumor-adjacent_normal_colon__1","GSE200427",1,2,"solo_trattato"
"cgroup_L5_889ec305","GSE205787__GSE205787__grp_0001_vs_grp_0006__1","GSE205787",15,2,"nessuno"
"cgroup_L5_889ec305","GSE205787__GSE205787__grp_0002_vs_grp_0006__1","GSE205787",16,2,"nessuno"
"cgroup_L5_889ec305","GSE205787__GSE205787__grp_0003_vs_grp_0006__1","GSE205787",15,2,"nessuno"
"cgroup_L5_889ec305","GSE205787__GSE205787__grp_0004_vs_grp_0006__1","GSE205787",3,2,"nessuno"
"cgroup_L5_889ec305","GSE205787__GSE205787__grp_0005_vs_grp_0006__1","GSE205787",1,2,"solo_trattato"
"cgroup_L5_889ec305","GSE216561__GSE216561__colorectal_cancer_I_vs_healthy_donor__1","GSE216561",2,11,"nessuno"
"cgroup_L5_889ec305","GSE216561__GSE216561__colorectal_cancer_IIA_vs_healthy_donor__1","GSE216561",4,11,"nessuno"
"cgroup_L5_889ec305","GSE216561__GSE216561__colorectal_cancer_IIIB_vs_healthy_donor__1","GSE216561",4,11,"nessuno"
"cgroup_L5_889ec305","GSE216561__GSE216561__colorectal_cancer_IV_vs_healthy_donor__1","GSE216561",3,11,"nessuno"
"cgroup_L5_889ec305","GSE223119__GSE223119__colorectal_carcinoma_vs_normal__1","GSE223119",1,20,"solo_trattato"
"cgroup_L5_889ec305","GSE73398__GSE73398__case_colon_vs_normal__1","GSE73398",3,1,"solo_controllo"
"cgroup_L5_889ec305","GSE73398__GSE73398__case_carcinoma_vs_normal__1","GSE73398",4,1,"solo_controllo"
"cgroup_L5_889ec305","GSE93904__GSE93904__grp_0001_vs_grp_0002__1","GSE93904",10,2,"nessuno"
"cgroup_L5_889ec305","GSE93904__GSE93904__grp_0001_vs_grp_0003__1","GSE93904",10,7,"nessuno"
"cgroup_L5_889ec305","GSE93904__GSE93904__grp_0001_vs_grp_0004__1","GSE93904",10,1,"solo_controllo"
"cgroup_L5_6c7f9e9e","GSE111793__GSE111793__grp_0003_vs_grp_0005__1","GSE111793",1,1,"entrambi"
"cgroup_L5_6c7f9e9e","GSE113386__GSE113386__grp_0002_vs_grp_0003__1","GSE113386",13,6,"nessuno"
"cgroup_L5_6c7f9e9e","GSE145842__GSE145842__chronic_lymphocytic_leukemia_vs_healthy__1","GSE145842",5,6,"nessuno"
"cgroup_L5_2f86628a","GSE130756__GSE130756__aml_case_4_vs_normal_control__1","GSE130756",20,2,"nessuno"
"cgroup_L5_2f86628a","GSE130756__GSE130756__aml_case_5_vs_normal_control__1","GSE130756",2,2,"nessuno"
"cgroup_L5_2f86628a","GSE130756__GSE130756__aml_case_6_vs_normal_control__1","GSE130756",2,2,"nessuno"
"cgroup_L5_2f86628a","GSE130756__GSE130756__aml_case_7_vs_normal_control__1","GSE130756",1,2,"solo_trattato"
"cgroup_L5_2f86628a","GSE130756__GSE130756__aml_case_8_vs_normal_control__1","GSE130756",1,2,"solo_trattato"
"cgroup_L5_2f86628a","GSE160499__GSE160499__AML_vs_Normal__1","GSE160499",7,1,"solo_controllo"
"cgroup_L5_2f86628a","GSE197907__GSE197907__grp_0006_vs_grp_0001__1","GSE197907",2,1,"solo_controllo"
"cgroup_L5_36a11112","GSE117769__GSE117769__grp_ra_sn525_vs_grp_healthy_1__1","GSE117769",1,45,"solo_trattato"
"cgroup_L5_36a11112","GSE205748__GSE205748__psoriatic_lesion_vs_healthy_control__1","GSE205748",9,5,"nessuno"
"cgroup_L5_36a11112","GSE205748__GSE205748__psoriatic_uninvolved_vs_healthy_control__1","GSE205748",9,5,"nessuno"
"cgroup_L5_36a11112","GSE92472__GSE92472__Psoriatic_arthritis_vs_Healthy_control__1","GSE92472",1,1,"entrambi"
"cgroup_L5_729b276d","GSE154377__GSE154377__grp_0017_vs_grp_0019__1","GSE154377",5,9,"nessuno"
"cgroup_L5_729b276d","GSE154414__GSE154414__grp_0001_vs_grp_0002__1","GSE154414",4,4,"nessuno"
"cgroup_L5_729b276d","GSE228990__GSE228990__grp_gestational_diabetes_2_vs_grp_healthy_control_1__1","GSE228990",17,15,"nessuno"
"cgroup_L5_bfeacf75","GSE117970__GSE117970__grp_0003_vs_grp_0001__1","GSE117970",10,14,"nessuno"
"cgroup_L5_bfeacf75","GSE117970__GSE117970__grp_0012_vs_grp_0013__1","GSE117970",3,4,"nessuno"
"cgroup_L5_bfeacf75","GSE182132__GSE182132__grp_0001_vs_grp_0002__1","GSE182132",1,1,"entrambi"
"cgroup_L5_bfeacf75","GSE56087__GSE56087__Endometrial_Tumor_vs_Adjacent_Normal_Tissue__1","GSE56087",9,9,"nessuno"
"cgroup_L5_c13b1103","GSE115193__GSE115193__NAFLD_vs_healthy__1","GSE115193",3,2,"nessuno"
"cgroup_L5_c13b1103","GSE126848__GSE126848__NAFLD_M_vs_healthy__1","GSE126848",14,14,"nessuno"
"cgroup_L5_c13b1103","GSE135251__GSE135251__NAFLD_early_vs_Control__1","GSE135251",2,7,"nessuno"
"cgroup_L5_c13b1103","GSE160016__GSE160016__NAFLD_vs_Normal__1","GSE160016",5,6,"nessuno"
"cgroup_L5_c13b1103","GSE185051__GSE185051__nafld_vs_normal__1","GSE185051",19,2,"nessuno"
"cgroup_L5_c13b1103","GSE185051__GSE185051__nafld_vs_vehicle__1","GSE185051",19,1,"solo_controllo"
"cgroup_L5_7cc951b5","GSE103763__GSE103763__grp_0004_vs_grp_0001__1","GSE103763",3,1,"solo_controllo"
"cgroup_L5_7cc951b5","GSE120891__GSE120891__MRC5_HSV1_F_vs_MRC5_mock_9h__1","GSE120891",1,2,"solo_trattato"
"cgroup_L5_7cc951b5","GSE120891__GSE120891__MRC5_HSV1_F_2_vs_MRC5_mock_9h__1","GSE120891",1,2,"solo_trattato"
"cgroup_L5_7cc951b5","GSE201012__GSE201012__HSV1_KOS_vs_mock__1","GSE201012",2,1,"solo_controllo"
"cgroup_L5_7cc951b5","GSE209632__GSE209632__grp_0001_vs_grp_0004__1","GSE209632",3,3,"nessuno"
"cgroup_L5_7cc951b5","GSE209632__GSE209632__grp_0002_vs_grp_0004__1","GSE209632",3,3,"nessuno"
"cgroup_L5_7cc951b5","GSE209632__GSE209632__grp_0003_vs_grp_0004__1","GSE209632",3,3,"nessuno"
"cgroup_L5_7cc951b5","GSE209632__GSE209632__grp_0005_vs_grp_0008__1","GSE209632",3,1,"solo_controllo"
"cgroup_L5_7cc951b5","GSE209632__GSE209632__grp_0006_vs_grp_0008__1","GSE209632",3,1,"solo_controllo"
"cgroup_L5_7cc951b5","GSE209632__GSE209632__grp_0007_vs_grp_0008__1","GSE209632",3,1,"solo_controllo"
"cgroup_L5_7cc951b5","GSE95623__GSE95623__grp_0003_vs_grp_0001__1","GSE95623",1,1,"entrambi"
"cgroup_L5_444e7fc2","GSE120890__GSE120890__grp_CMV_AD169_vs_grp_mock__1","GSE120890",1,3,"solo_trattato"
"cgroup_L5_444e7fc2","GSE120891__GSE120891__ARPE19_CMV_TB40e_vs_ARPE19_mock__1","GSE120891",2,2,"nessuno"
"cgroup_L5_444e7fc2","GSE120891__GSE120891__MRC5_CMV_AD169_vs_MRC5_mock_48h__1","GSE120891",2,2,"nessuno"
"cgroup_L5_444e7fc2","GSE120891__GSE120891__MRC5_CMV_TB40_vs_MRC5_mock_48h__1","GSE120891",2,2,"nessuno"
"cgroup_L5_444e7fc2","GSE120891__GSE120891__MRC5_CMV_TB40e_vs_MRC5_mock_48h__1","GSE120891",2,2,"nessuno"
"cgroup_L5_444e7fc2","GSE130665__GSE130665__grp_0001_vs_grp_0002__1","GSE130665",2,2,"nessuno"
"cgroup_L5_444e7fc2","GSE130665__GSE130665__grp_0005_vs_grp_0003__1","GSE130665",2,1,"solo_controllo"
"cgroup_L5_444e7fc2","GSE141236__GSE141236__grp_0002_vs_grp_0004__1","GSE141236",3,3,"nessuno"
"cgroup_L5_444e7fc2","GSE145415__GSE145415__CMV_infection_vs_mock_infection__1","GSE145415",1,1,"entrambi"
"cgroup_L5_444e7fc2","GSE159235__GSE159235__virus_CMV_strain_TB40_vs_mock__1","GSE159235",2,2,"nessuno"
"cgroup_L5_444e7fc2","GSE179609__GSE179609__CMV_naive_vs_control_naive__1","GSE179609",2,8,"nessuno"
"cgroup_L5_444e7fc2","GSE179609__GSE179609__CMV_activated_vs_control_activated__1","GSE179609",1,2,"solo_trattato"
"cgroup_L5_444e7fc2","GSE203395__GSE203395__grp_0003_vs_grp_0004__1","GSE203395",3,2,"nessuno"
"cgroup_L5_444e7fc2","GSE203395__GSE203395__grp_0006_vs_grp_0004__1","GSE203395",33,2,"nessuno"
"cgroup_L5_444e7fc2","GSE203395__GSE203395__grp_0008_vs_grp_0004__1","GSE203395",3,2,"nessuno"
"cgroup_L5_444e7fc2","GSE203395__GSE203395__grp_0024_vs_grp_0025__1","GSE203395",23,2,"nessuno"
"cgroup_L5_444e7fc2","GSE203395__GSE203395__grp_0027_vs_grp_0025__1","GSE203395",35,2,"nessuno"
"cgroup_L5_444e7fc2","GSE203395__GSE203395__grp_0028_vs_grp_0025__1","GSE203395",5,2,"nessuno"
"cgroup_L5_444e7fc2","GSE210989__GSE210989__grp_0001_vs_grp_0002__1","GSE210989",3,1,"solo_controllo"
"cgroup_L5_444e7fc2","GSE210989__GSE210989__grp_0001_vs_grp_0003__1","GSE210989",3,2,"nessuno"
"cgroup_L5_444e7fc2","GSE248927__GSE248927__HCMV_vs_Mock__1","GSE248927",2,2,"nessuno"
"cgroup_L5_444e7fc2","GSE81637__GSE81637__grp_0001_vs_grp_0003__1","GSE81637",1,1,"entrambi"
"cgroup_L5_444e7fc2","GSE81637__GSE81637__grp_0002_vs_grp_0004__1","GSE81637",1,1,"entrambi"
"cgroup_L5_444e7fc2","GSE81637__GSE81637__grp_0006_vs_grp_0008__1","GSE81637",1,1,"entrambi"
"cgroup_L5_444e7fc2","GSE81637__GSE81637__grp_0007_vs_grp_0008__1","GSE81637",1,1,"entrambi"
"cgroup_L5_444e7fc2","GSE94724__GSE94724__grp_0001_vs_grp_0002__1","GSE94724",2,2,"nessuno"
"cgroup_L5_debadb13","GSE164266__GSE164266__grp_0001_vs_grp_0002__1","GSE164266",5,5,"nessuno"
"cgroup_L5_debadb13","GSE194179__GSE194179__grp_0004_vs_grp_0011__1","GSE194179",3,2,"nessuno"
"cgroup_L5_debadb13","GSE194179__GSE194179__grp_0005_vs_grp_0012__1","GSE194179",2,2,"nessuno"
"cgroup_L5_debadb13","GSE205567__GSE205567__grp_0004_vs_grp_0002__1","GSE205567",1,4,"solo_trattato"
"cgroup_L5_debadb13","GSE205567__GSE205567__grp_0005_vs_grp_0002__1","GSE205567",1,4,"solo_trattato"
"cgroup_L5_debadb13","GSE93153__GSE93153__grp_0002_vs_grp_0032__1","GSE93153",1,2,"solo_trattato"
"cgroup_L5_debadb13","GSE93153__GSE93153__grp_0006_vs_grp_0040__1","GSE93153",1,2,"solo_trattato"
"cgroup_L5_debadb13","GSE93153__GSE93153__grp_0007_vs_grp_0034__1","GSE93153",2,2,"nessuno"
"cgroup_L5_debadb13","GSE93153__GSE93153__grp_0008_vs_grp_0035__1","GSE93153",4,2,"nessuno"
"cgroup_L5_79a73ac5","GSE113210__GSE113210__grp_0011_vs_grp_0022__1","GSE113210",3,7,"nessuno"
"cgroup_L5_79a73ac5","GSE121155__GSE121155__Influenza_virus_PR8_vs_Mock_infection__1","GSE121155",3,2,"nessuno"
"cgroup_L5_79a73ac5","GSE121155__GSE121155__Influenza_virus_PR8_vs_PBS__1","GSE121155",3,1,"solo_controllo"
"cgroup_L5_79a73ac5","GSE134817__GSE134817__grp_HepG2_Flu_6h_vs_grp_HepG2_Flu_6h_Vehicle__1","GSE134817",1,1,"entrambi"
"cgroup_L5_79a73ac5","GSE134817__GSE134817__grp_THP1_Flu_48h_vs_grp_THP1_Flu_48h_Vehicle__1","GSE134817",1,2,"solo_trattato"
"cgroup_L5_79a73ac5","GSE162632__GSE162632__grp_0011_vs_grp_0013__1","GSE162632",7,1,"solo_controllo"
"cgroup_L5_79a73ac5","GSE162632__GSE162632__grp_0012_vs_grp_0013__1","GSE162632",4,1,"solo_controllo"
"cgroup_L5_79a73ac5","GSE163959__GSE163959__Lung_Tissue_Influenza_A_vs_LM7_Mock__1","GSE163959",10,2,"nessuno"
"cgroup_L5_79a73ac5","GSE163959__GSE163959__Nasal_Turbinate_Influenza_A_vs_TM3_Mock__1","GSE163959",3,2,"nessuno"
"cgroup_L5_79a73ac5","GSE184017__GSE184017__Influenza_vs_mock__1","GSE184017",30,2,"nessuno"
"cgroup_L5_79a73ac5","GSE197143__GSE197143__Influenza_B_48hpi_vs_Mock_48hpi__1","GSE197143",2,3,"nessuno"
"cgroup_L5_79a73ac5","GSE239726__GSE239726__grp_0001_vs_grp_0002__1","GSE239726",14,30,"nessuno"
"cgroup_L5_79a73ac5","GSE253542__GSE253542__grp_0004_vs_grp_0007__1","GSE253542",2,5,"nessuno"
"cgroup_L5_b9c77320","GSE103666__GSE103666__grp_0002_vs_grp_0001__1","GSE103666",3,2,"nessuno"
"cgroup_L5_b9c77320","GSE103666__GSE103666__grp_0004_vs_grp_0003__1","GSE103666",2,4,"nessuno"
"cgroup_L5_b9c77320","GSE103666__GSE103666__grp_0005_vs_grp_0001__1","GSE103666",1,2,"solo_trattato"
"cgroup_L5_b9c77320","GSE124118__GSE124118__HFF_4hpi_vs_mock__1","GSE124118",3,3,"nessuno"
"cgroup_L5_b9c77320","GSE124118__GSE124118__HFF_8hpi_vs_mock__1","GSE124118",3,3,"nessuno"
"cgroup_L5_b9c77320","GSE124118__GSE124118__MRC5_4hpi_vs_mock__1","GSE124118",3,3,"nessuno"
"cgroup_L5_b9c77320","GSE124118__GSE124118__MRC5_8hpi_vs_mock__1","GSE124118",3,3,"nessuno"
"cgroup_L5_b9c77320","GSE137644__GSE137644__HIV1_vs_Mock__1","GSE137644",2,7,"nessuno"
"cgroup_L5_b9c77320","GSE137644__GSE137644__HIV1_vs_Mock__2","GSE137644",3,7,"nessuno"
"cgroup_L5_b9c77320","GSE143685__GSE143685__grp_astrocytes_hiv_vs_grp_astrocytes_control__1","GSE143685",1,1,"entrambi"
"cgroup_L5_b9c77320","GSE164264__GSE164264__HIV-1_PBMC_vs_negative_control_PBMC__1","GSE164264",2,2,"nessuno"
"cgroup_L5_b9c77320","GSE92262__GSE92262__grp_0001_vs_grp_0002__1","GSE92262",1,2,"solo_trattato"
"cgroup_L5_b9c77320","GSE92262__GSE92262__grp_0004_vs_grp_0005__1","GSE92262",1,1,"entrambi"
"cgroup_L5_a7509255","GSE173902__GSE173902__grp_0007_vs_grp_0012__1","GSE173902",2,2,"nessuno"
"cgroup_L5_a7509255","GSE211868__GSE211868__grp_0002_vs_grp_0001__1","GSE211868",3,3,"nessuno"
"cgroup_L5_a7509255","GSE217234__GSE217234__Staphylococcus_aureus_vs_PBS__1","GSE217234",2,1,"solo_controllo"
"cgroup_L5_a7509255","GSE217234__GSE217234__Staphylococcus_aureus_vs_PBS_2__1","GSE217234",2,2,"nessuno"
"cgroup_L5_a7509255","GSE237960__GSE237960__grp_0002_vs_grp_0001__1","GSE237960",4,4,"nessuno"
"cgroup_L5_e25d67cf","GSE113210__GSE113210__grp_0012_vs_grp_0022__1","GSE113210",1,7,"solo_trattato"
"cgroup_L5_e25d67cf","GSE113210__GSE113210__grp_0013_vs_grp_0022__1","GSE113210",1,7,"solo_trattato"
"cgroup_L5_e25d67cf","GSE113210__GSE113210__grp_0018_vs_grp_0022__1","GSE113210",3,7,"nessuno"
"cgroup_L5_e25d67cf","GSE140226__GSE140226__A549_RSV_vs_A549_mock__1","GSE140226",1,1,"entrambi"
"cgroup_L5_e25d67cf","GSE140226__GSE140226__H292_RSV_vs_H292_mock__1","GSE140226",1,1,"entrambi"
"cgroup_L5_e25d67cf","GSE140226__GSE140226__HBEC_RSV_vs_HBEC_mock__1","GSE140226",1,1,"entrambi"
"cgroup_L5_e25d67cf","GSE146795__GSE146795__grp_0005_vs_grp_0001__1","GSE146795",1,4,"solo_trattato"
"cgroup_L5_e25d67cf","GSE228327__GSE228327__grp_0005_vs_grp_0004__1","GSE228327",1,3,"solo_trattato"
"cgroup_L5_e25d67cf","GSE228327__GSE228327__grp_0006_vs_grp_0004__1","GSE228327",3,3,"nessuno"
"cgroup_L5_034592d9","GSE173902__GSE173902__grp_0011_vs_grp_0012__1","GSE173902",2,2,"nessuno"
"cgroup_L5_034592d9","GSE188576__GSE188576__grp_0001_vs_grp_0002__1","GSE188576",6,3,"nessuno"
"cgroup_L5_034592d9","GSE188576__GSE188576__grp_0001_vs_grp_0003__1","GSE188576",6,3,"nessuno"
"cgroup_L5_034592d9","GSE237052__GSE237052__grp_0002_vs_grp_0005__1","GSE237052",1,3,"solo_trattato"
"cgroup_L5_034592d9","GSE237052__GSE237052__grp_0007_vs_grp_0005__1","GSE237052",2,3,"nessuno"
"cgroup_L5_538960a6","GSE103147__GSE103147__mTb_180h_vs_unstim_180h__1","GSE103147",19,3,"nessuno"
"cgroup_L5_538960a6","GSE103147__GSE103147__mTb_360h_vs_unstim_360h__1","GSE103147",19,5,"nessuno"
"cgroup_L5_538960a6","GSE103147__GSE103147__mTb_540h_vs_unstim_540h__1","GSE103147",6,15,"nessuno"
"cgroup_L5_538960a6","GSE143982__GSE143982__grp_0001_vs_grp_0002__1","GSE143982",2,2,"nessuno"
"cgroup_L5_538960a6","GSE174566__GSE174566__Mtb_B_Collagen_vs_Control_A_Collagen__1","GSE174566",1,5,"solo_trattato"
"cgroup_L5_538960a6","GSE174566__GSE174566__Mtb_B_Alginate_vs_Control_B_Alginate__1","GSE174566",4,1,"solo_controllo"
"cgroup_L5_538960a6","GSE174566__GSE174566__Mtb_F_Alginate_vs_Control_F_Alginate__1","GSE174566",1,1,"entrambi"
"cgroup_L5_538960a6","GSE190850__GSE190850__grp_0002_vs_grp_0004__1","GSE190850",5,4,"nessuno"
"cgroup_L5_538960a6","GSE203395__GSE203395__grp_0005_vs_grp_0004__1","GSE203395",1,2,"solo_trattato"
"cgroup_L5_538960a6","GSE203395__GSE203395__grp_0011_vs_grp_0004__1","GSE203395",1,2,"solo_trattato"
"cgroup_L5_538960a6","GSE203395__GSE203395__grp_0014_vs_grp_0004__1","GSE203395",1,2,"solo_trattato"
"cgroup_L5_538960a6","GSE203395__GSE203395__grp_0016_vs_grp_0004__1","GSE203395",1,2,"solo_trattato"
"cgroup_L5_538960a6","GSE203395__GSE203395__grp_0017_vs_grp_0004__1","GSE203395",4,2,"nessuno"
"cgroup_L5_871ae09e","GSE148696__GSE148696__grp_0002_vs_grp_0001__1","GSE148696",2,2,"nessuno"
"cgroup_L5_871ae09e","GSE148697__GSE148697__grp_0002_vs_grp_0001__1","GSE148697",3,3,"nessuno"
"cgroup_L5_871ae09e","GSE150819__GSE150819__HBO_SARS_vs_HBO_none__1","GSE150819",3,3,"nessuno"
"cgroup_L5_871ae09e","GSE151803__GSE151803__grp_0001_vs_grp_0003__1","GSE151803",1,1,"entrambi"
"cgroup_L5_871ae09e","GSE151803__GSE151803__grp_0002_vs_grp_0003__1","GSE151803",2,1,"solo_controllo"
"cgroup_L5_871ae09e","GSE151803__GSE151803__grp_0005_vs_grp_0003__1","GSE151803",3,1,"solo_controllo"
"cgroup_L5_871ae09e","GSE151803__GSE151803__grp_0007_vs_grp_0006__1","GSE151803",4,6,"nessuno"
"cgroup_L5_871ae09e","GSE151879__GSE151879__grp_0002_vs_grp_0001__1","GSE151879",3,3,"nessuno"
"cgroup_L5_871ae09e","GSE151879__GSE151879__grp_0004_vs_grp_0003__1","GSE151879",3,3,"nessuno"
"cgroup_L5_871ae09e","GSE151879__GSE151879__grp_0005_vs_grp_0006__1","GSE151879",3,3,"nessuno"
"cgroup_L5_871ae09e","GSE153277__GSE153277__SARS-CoV-2_MOI_140_1dpi_vs_none__1","GSE153277",3,3,"nessuno"
"cgroup_L5_871ae09e","GSE153277__GSE153277__SARS-CoV-2_MOI_140_4days_vs_none__1","GSE153277",2,3,"nessuno"
"cgroup_L5_871ae09e","GSE155518__GSE155518__grp_infected_vs_grp_mock__1","GSE155518",3,3,"nessuno"
"cgroup_L5_871ae09e","GSE155717__GSE155717__grp_0002_vs_grp_0001__1","GSE155717",3,1,"solo_controllo"
"cgroup_L5_871ae09e","GSE159201__GSE159201__grp_0007_vs_grp_0005__1","GSE159201",3,3,"nessuno"
"cgroup_L5_871ae09e","GSE159201__GSE159201__grp_0008_vs_grp_0006__1","GSE159201",3,3,"nessuno"
"cgroup_L5_871ae09e","GSE163959__GSE163959__LS4_SARS-CoV-2_vs_LM4_Mock__1","GSE163959",2,2,"nessuno"
"cgroup_L5_871ae09e","GSE163959__GSE163959__LS5_SARS-CoV-2_vs_LM5_Mock__1","GSE163959",2,2,"nessuno"
"cgroup_L5_871ae09e","GSE163959__GSE163959__LS6_SARS-CoV-2_vs_LM6_Mock__1","GSE163959",2,2,"nessuno"
"cgroup_L5_871ae09e","GSE163959__GSE163959__Lung_Tissue_SARS-CoV-2_vs_LM8_Mock__1","GSE163959",4,1,"solo_controllo"
"cgroup_L5_871ae09e","GSE163959__GSE163959__Nasal_Turbinate_SARS-CoV-2_vs_TM1_Mock__1","GSE163959",1,2,"solo_trattato"
"cgroup_L5_871ae09e","GSE163959__GSE163959__Nasal_Turbinate_SARS-CoV-2_vs_TM2_Mock__1","GSE163959",5,2,"nessuno"
"cgroup_L5_871ae09e","GSE164073__GSE164073__Cornea_SARS-CoV-2_vs_Cornea_mock__1","GSE164073",3,1,"solo_controllo"
"cgroup_L5_871ae09e","GSE164073__GSE164073__Limbus_SARS-CoV-2_vs_Limbus_mock__1","GSE164073",3,2,"nessuno"
"cgroup_L5_871ae09e","GSE164073__GSE164073__Sclera_SARS-CoV-2_vs_Sclera_mock__1","GSE164073",3,3,"nessuno"
"cgroup_L5_871ae09e","GSE165200__GSE165200__grp_0016_vs_grp_0015__1","GSE165200",1,1,"entrambi"
"cgroup_L5_871ae09e","GSE165200__GSE165200__grp_0017_vs_grp_0015__1","GSE165200",1,1,"entrambi"
"cgroup_L5_871ae09e","GSE167131__GSE167131__grp_0001_vs_grp_0002__1","GSE167131",1,2,"solo_trattato"
"cgroup_L5_871ae09e","GSE169241__GSE169241__grp_0008_vs_grp_0006__1","GSE169241",3,3,"nessuno"
"cgroup_L5_871ae09e","GSE174745__GSE174745__grp_0004_vs_grp_0010__1","GSE174745",3,1,"solo_controllo"
"cgroup_L5_871ae09e","GSE181238__GSE181238__grp_0007_vs_grp_0006__1","GSE181238",3,2,"nessuno"
"cgroup_L5_871ae09e","GSE183850__GSE183850__grp_0003_vs_grp_0002__1","GSE183850",10,6,"nessuno"
"cgroup_L5_871ae09e","GSE183850__GSE183850__grp_0004_vs_grp_0001__1","GSE183850",5,3,"nessuno"
"cgroup_L5_871ae09e","GSE183999__GSE183999__grp_0002_vs_grp_0003__1","GSE183999",2,1,"solo_controllo"
"cgroup_L5_871ae09e","GSE183999__GSE183999__grp_0002_vs_grp_0004__1","GSE183999",2,2,"nessuno"
"cgroup_L5_871ae09e","GSE183999__GSE183999__grp_0002_vs_grp_0005__1","GSE183999",2,1,"solo_controllo"
"cgroup_L5_871ae09e","GSE183999__GSE183999__grp_0006_vs_grp_0003__1","GSE183999",2,1,"solo_controllo"
"cgroup_L5_871ae09e","GSE183999__GSE183999__grp_0006_vs_grp_0004__1","GSE183999",2,2,"nessuno"
"cgroup_L5_871ae09e","GSE183999__GSE183999__grp_0006_vs_grp_0005__1","GSE183999",2,1,"solo_controllo"
"cgroup_L5_871ae09e","GSE188382__GSE188382__grp_0002_vs_grp_0001__1","GSE188382",3,4,"nessuno"
"cgroup_L5_871ae09e","GSE188382__GSE188382__grp_0004_vs_grp_0003__1","GSE188382",1,2,"solo_trattato"
"cgroup_L5_871ae09e","GSE188382__GSE188382__grp_0007_vs_grp_0006__1","GSE188382",4,1,"solo_controllo"
"cgroup_L5_871ae09e","GSE190350__GSE190350__grp_HRT18_SARS-CoV2_p11_vs_grp_HRT18_mock__1","GSE190350",3,3,"nessuno"
"cgroup_L5_871ae09e","GSE193330__GSE193330__grp_0001_vs_grp_0002__1","GSE193330",2,3,"nessuno"
"cgroup_L5_871ae09e","GSE193330__GSE193330__grp_0005_vs_grp_0004__1","GSE193330",3,3,"nessuno"
"cgroup_L5_871ae09e","GSE196113__GSE196113__SARS-CoV-2_vs_control__1","GSE196113",3,3,"nessuno"
"cgroup_L5_871ae09e","GSE196464__GSE196464__grp_0006_vs_grp_0001__1","GSE196464",6,4,"nessuno"
"cgroup_L5_871ae09e","GSE196464__GSE196464__grp_0007_vs_grp_0002__1","GSE196464",3,2,"nessuno"
"cgroup_L5_871ae09e","GSE198449__GSE198449__grp_041_vs_grp_009__1","GSE198449",188,166,"nessuno"
"cgroup_L5_871ae09e","GSE198449__GSE198449__grp_042_vs_grp_009__1","GSE198449",2,166,"nessuno"
"cgroup_L5_871ae09e","GSE198449__GSE198449__grp_043_vs_grp_009__1","GSE198449",2,166,"nessuno"
"cgroup_L5_871ae09e","GSE198449__GSE198449__grp_044_vs_grp_009__1","GSE198449",12,166,"nessuno"
"cgroup_L5_871ae09e","GSE198449__GSE198449__grp_045_vs_grp_009__1","GSE198449",8,166,"nessuno"
"cgroup_L5_871ae09e","GSE198449__GSE198449__grp_046_vs_grp_009__1","GSE198449",4,166,"nessuno"
"cgroup_L5_871ae09e","GSE198449__GSE198449__grp_047_vs_grp_009__1","GSE198449",3,166,"nessuno"
"cgroup_L5_871ae09e","GSE198449__GSE198449__grp_048_vs_grp_009__1","GSE198449",2,166,"nessuno"
"cgroup_L5_871ae09e","GSE198449__GSE198449__grp_049_vs_grp_009__1","GSE198449",1,166,"solo_trattato"
"cgroup_L5_871ae09e","GSE198449__GSE198449__grp_050_vs_grp_009__1","GSE198449",1,166,"solo_trattato"
"cgroup_L5_871ae09e","GSE198449__GSE198449__grp_051_vs_grp_009__1","GSE198449",2,166,"nessuno"
"cgroup_L5_871ae09e","GSE198449__GSE198449__grp_052_vs_grp_009__1","GSE198449",1,166,"solo_trattato"
"cgroup_L5_871ae09e","GSE198449__GSE198449__grp_053_vs_grp_009__1","GSE198449",28,166,"nessuno"
"cgroup_L5_871ae09e","GSE198449__GSE198449__grp_054_vs_grp_009__1","GSE198449",11,166,"nessuno"
"cgroup_L5_871ae09e","GSE198449__GSE198449__grp_055_vs_grp_009__1","GSE198449",6,166,"nessuno"
"cgroup_L5_871ae09e","GSE198722__GSE198722__SARS-CoV-2_MOI_1_vs_mock__1","GSE198722",6,6,"nessuno"
"cgroup_L5_871ae09e","GSE198722__GSE198722__SARS-CoV-2_MOI_5_vs_mock__1","GSE198722",6,6,"nessuno"
"cgroup_L5_871ae09e","GSE199743__GSE199743__grp_0003_vs_grp_0001__1","GSE199743",4,4,"nessuno"
"cgroup_L5_871ae09e","GSE199743__GSE199743__grp_0004_vs_grp_0002__1","GSE199743",4,4,"nessuno"
"cgroup_L5_871ae09e","GSE202963__GSE202963__Airway_Organoids_SARS-CoV-2_MOI1_48h_vs_Airway_Organoids_Mock__1","GSE202963",2,3,"nessuno"
"cgroup_L5_871ae09e","GSE202963__GSE202963__Airway_Organoids_SARS-CoV-2_MOI1_2_48h_vs_Airway_Organoids_Mock__1","GSE202963",1,3,"solo_trattato"
"cgroup_L5_871ae09e","GSE202963__GSE202963__Alveolar_Organoids_Lung_SARS-CoV-2_MOI0.01_48h_vs_Alveolar_Organoids_Lung_Mock_48h__1","GSE202963",3,1,"solo_controllo"
"cgroup_L5_871ae09e","GSE202963__GSE202963__Alveolar_Organoids_Lung_SARS-CoV-2_MOI0.1_48h_vs_Alveolar_Organoids_Lung_Mock_48h__1","GSE202963",3,1,"solo_controllo"
"cgroup_L5_871ae09e","GSE202963__GSE202963__Alveolar_Organoids_Lung_SARS-CoV-2_MOI1_48h_vs_Alveolar_Organoids_Lung_Mock_48h__1","GSE202963",1,1,"entrambi"
"cgroup_L5_871ae09e","GSE202963__GSE202963__Alveolar_Organoids_Lung_SARS-CoV-2_MOI1_48h_Replicate_vs_Alveolar_Organoids_Lung_Mock_48h__1","GSE202963",2,1,"solo_controllo"
"cgroup_L5_871ae09e","GSE205621__GSE205621__grp_0003_vs_grp_0001__1","GSE205621",3,2,"nessuno"
"cgroup_L5_871ae09e","GSE205621__GSE205621__grp_0004_vs_grp_0002__1","GSE205621",3,1,"solo_controllo"
"cgroup_L5_871ae09e","GSE205621__GSE205621__grp_0005_vs_grp_0001__1","GSE205621",3,2,"nessuno"
"cgroup_L5_871ae09e","GSE205621__GSE205621__grp_0006_vs_grp_0002__1","GSE205621",3,1,"solo_controllo"
"cgroup_L5_871ae09e","GSE205621__GSE205621__grp_0007_vs_grp_0001__1","GSE205621",3,2,"nessuno"
"cgroup_L5_871ae09e","GSE205621__GSE205621__grp_0008_vs_grp_0002__1","GSE205621",3,1,"solo_controllo"
"cgroup_L5_871ae09e","GSE205621__GSE205621__grp_0003_vs_grp_0009__1","GSE205621",3,1,"solo_controllo"
"cgroup_L5_871ae09e","GSE205621__GSE205621__grp_0004_vs_grp_0010__1","GSE205621",3,2,"nessuno"
"cgroup_L5_871ae09e","GSE205621__GSE205621__grp_0005_vs_grp_0009__1","GSE205621",3,1,"solo_controllo"
"cgroup_L5_871ae09e","GSE205621__GSE205621__grp_0006_vs_grp_0010__1","GSE205621",3,2,"nessuno"
"cgroup_L5_871ae09e","GSE205621__GSE205621__grp_0007_vs_grp_0009__1","GSE205621",3,1,"solo_controllo"
"cgroup_L5_871ae09e","GSE205621__GSE205621__grp_0008_vs_grp_0010__1","GSE205621",3,2,"nessuno"
"cgroup_L5_871ae09e","GSE206677__GSE206677__SARS-CoV-2_infection_vs_Control__3","GSE206677",3,6,"nessuno"
"cgroup_L5_871ae09e","GSE217099__GSE217099__grp_0008_vs_grp_0001__1","GSE217099",3,2,"nessuno"
"cgroup_L5_871ae09e","GSE225517__GSE225517__grp_0002_vs_grp_0001__1","GSE225517",4,3,"nessuno"
"cgroup_L5_871ae09e","GSE225517__GSE225517__grp_0004_vs_grp_0003__1","GSE225517",4,4,"nessuno"
"cgroup_L5_871ae09e","GSE225564__GSE225564__grp_0001_vs_grp_0004__1","GSE225564",3,3,"nessuno"
"cgroup_L5_871ae09e","GSE225564__GSE225564__grp_0006_vs_grp_0002__1","GSE225564",1,3,"solo_trattato"
"cgroup_L5_871ae09e","GSE225564__GSE225564__grp_0007_vs_grp_0003__1","GSE225564",1,3,"solo_trattato"
"cgroup_L5_871ae09e","GSE225564__GSE225564__grp_0008_vs_grp_0004__1","GSE225564",2,3,"nessuno"
"cgroup_L5_871ae09e","GSE226702__GSE226702__grp_0002_vs_grp_0001__1","GSE226702",1,2,"solo_trattato"
"cgroup_L5_871ae09e","GSE226702__GSE226702__grp_0003_vs_grp_0001__1","GSE226702",2,2,"nessuno"
"cgroup_L5_871ae09e","GSE226702__GSE226702__grp_0004_vs_grp_0001__1","GSE226702",2,2,"nessuno"
"cgroup_L5_871ae09e","GSE226702__GSE226702__grp_0005_vs_grp_0001__1","GSE226702",2,2,"nessuno"
"cgroup_L5_871ae09e","GSE233732__GSE233732__infected_vs_control__1","GSE233732",27,5,"nessuno"
"cgroup_L5_871ae09e","GSE244484__GSE244484__SARS-CoV-2_MOI_1_24h_vs_mock__1","GSE244484",6,1,"solo_controllo"
"cgroup_L5_871ae09e","GSE244484__GSE244484__SARS-CoV-2_MOI_1_24h_vs_mock_2__1","GSE244484",6,2,"nessuno"
"cgroup_L5_871ae09e","GSE244485__GSE244485__grp_0002_vs_grp_0001__1","GSE244485",12,6,"nessuno"
"cgroup_L5_871ae09e","GSE244486__GSE244486__grp_0002_vs_grp_0001__1","GSE244486",12,6,"nessuno"
"cgroup_L5_871ae09e","GSE253542__GSE253542__grp_0006_vs_grp_0008__1","GSE253542",3,2,"nessuno"
"cgroup_L5_38c9104c","GSE152197__GSE152197__group_0002_vs_group_0001__1","GSE152197",3,1,"solo_controllo"
"cgroup_L5_38c9104c","GSE168626__GSE168626__grp_0007_vs_grp_0006__1","GSE168626",2,28,"nessuno"
"cgroup_L5_38c9104c","GSE239407__GSE239407__grp_0002_vs_grp_0001__1","GSE239407",1,2,"solo_trattato"
"cgroup_L5_38c9104c","GSE239407__GSE239407__grp_0003_vs_grp_0001__1","GSE239407",1,2,"solo_trattato"
"cgroup_L5_ee94648c","GSE101880__GSE101880__E_coli_F_newborn_vs_unstimulated_M__1","GSE101880",1,16,"solo_trattato"
"cgroup_L5_ee94648c","GSE126757__GSE126757__E_coli_vs_unstimulated__1","GSE126757",1,1,"entrambi"
"cgroup_L5_ee94648c","GSE130152__GSE130152__grp_0005_vs_grp_0007__1","GSE130152",1,4,"solo_trattato"
"cgroup_L5_ee94648c","GSE131320__GSE131320__ecoli_24h_vs_control__1","GSE131320",2,6,"nessuno"
"cgroup_L5_ee94648c","GSE131320__GSE131320__ecoli_6h_vs_control__1","GSE131320",4,6,"nessuno"
"cgroup_L5_ee94648c","GSE222117__GSE222117__E_coli_vs_untreated__1","GSE222117",3,6,"nessuno"
"cgroup_L5_ee94648c","GSE237960__GSE237960__grp_0003_vs_grp_0001__1","GSE237960",4,4,"nessuno"
"cgroup_L5_8c9339f5","GSE131605__GSE131605__grp_0002_vs_grp_0001__1","GSE131605",15,20,"nessuno"
"cgroup_L5_8c9339f5","GSE131605__GSE131605__grp_0003_vs_grp_0001__1","GSE131605",1,20,"solo_trattato"
"cgroup_L5_8c9339f5","GSE131605__GSE131605__grp_0004_vs_grp_0001__1","GSE131605",1,20,"solo_trattato"
"cgroup_L5_8c9339f5","GSE131605__GSE131605__grp_0005_vs_grp_0001__1","GSE131605",1,20,"solo_trattato"
"cgroup_L5_8c9339f5","GSE131605__GSE131605__grp_0006_vs_grp_0001__1","GSE131605",2,20,"nessuno"
"cgroup_L5_8c9339f5","GSE147093__GSE147093__grp_0002_vs_grp_0001__1","GSE147093",3,3,"nessuno"
"cgroup_L5_8c9339f5","GSE233049__GSE233049__grp_0004_vs_grp_0003__1","GSE233049",3,3,"nessuno"
"cgroup_L5_8c9339f5","GSE233049__GSE233049__grp_0006_vs_grp_0002__1","GSE233049",2,2,"nessuno"
"cgroup_L5_8c9339f5","GSE235210__GSE235210__grp_0003_vs_grp_0001__1","GSE235210",1,2,"solo_trattato"
"cgroup_L5_8c9339f5","GSE235210__GSE235210__grp_0004_vs_grp_0002__1","GSE235210",1,1,"entrambi"
"cgroup_L5_8c9339f5","GSE235210__GSE235210__grp_0006_vs_grp_0001__1","GSE235210",2,2,"nessuno"
"cgroup_L5_8c9339f5","GSE235210__GSE235210__grp_0007_vs_grp_0002__1","GSE235210",2,1,"solo_controllo"
"cgroup_L5_8c9339f5","GSE81637__GSE81637__grp_0005_vs_grp_0003__1","GSE81637",2,1,"solo_controllo"
"cgroup_L5_8c9339f5","GSE81637__GSE81637__grp_0009_vs_grp_0010__1","GSE81637",2,1,"solo_controllo"
"cgroup_L5_8c9339f5","GSE93385__GSE93385__G010_ZIKV_vs_G010_mock__1","GSE93385",3,3,"nessuno"
"cgroup_L5_8c9339f5","GSE93385__GSE93385__K048_ZIKV_vs_K048_mock__1","GSE93385",3,3,"nessuno"
"cgroup_L5_8c9339f5","GSE93385__GSE93385__K054_ZIKV_vs_K054_mock__1","GSE93385",3,3,"nessuno"
"cgroup_L5_44420e6e","GSE171611__GSE171611__Fusobacterium_nucleatum_vs_PBS__1","GSE171611",1,3,"solo_trattato"
"cgroup_L5_44420e6e","GSE222136__GSE222136__grp_0001_vs_grp_0003__1","GSE222136",1,3,"solo_trattato"
"cgroup_L5_44420e6e","GSE222136__GSE222136__grp_0004_vs_grp_0003__1","GSE222136",2,3,"nessuno"
"cgroup_L5_44420e6e","GSE237052__GSE237052__grp_0003_vs_grp_0005__1","GSE237052",1,3,"solo_trattato"
"cgroup_L5_44420e6e","GSE237052__GSE237052__grp_0004_vs_grp_0005__1","GSE237052",2,3,"nessuno"
"cgroup_L5_47e67cab","GSE143782__GSE143782__grp_0017_vs_grp_0002__1","GSE143782",6,1,"solo_controllo"
"cgroup_L5_47e67cab","GSE143782__GSE143782__grp_0007_vs_grp_0006__1","GSE143782",1,1,"entrambi"
"cgroup_L5_47e67cab","GSE143782__GSE143782__grp_0009_vs_grp_0008__1","GSE143782",1,1,"entrambi"
"cgroup_L5_47e67cab","GSE143782__GSE143782__grp_0011_vs_grp_0010__1","GSE143782",1,1,"entrambi"
"cgroup_L5_47e67cab","GSE143782__GSE143782__grp_0013_vs_grp_0012__1","GSE143782",1,1,"entrambi"
"cgroup_L5_47e67cab","GSE143782__GSE143782__grp_0015_vs_grp_0014__1","GSE143782",1,1,"entrambi"
"cgroup_L5_47e67cab","GSE143782__GSE143782__grp_0018_vs_grp_0016__1","GSE143782",1,1,"entrambi"
"cgroup_L5_47e67cab","GSE146850__GSE146850__grp_0005_vs_grp_0008__1","GSE146850",1,3,"solo_trattato"
"cgroup_L5_47e67cab","GSE223405__GSE223405__grp_HPr1-AR_Calcitriol_vs_grp_HPr1-AR_Vehicle__1","GSE223405",3,3,"nessuno"
"cgroup_L5_47e67cab","GSE223405__GSE223405__grp_HPr1-AR_Vector_Calcitriol_vs_grp_HPr1-AR_Vector_Vehicle__1","GSE223405",3,3,"nessuno"
"cgroup_L5_47e67cab","GSE223405__GSE223405__grp_LNCaP_BAZ1A_Calcitriol_vs_grp_LNCaP_BAZ1A_Vehicle__1","GSE223405",1,3,"solo_trattato"
"cgroup_L5_47e67cab","GSE223405__GSE223405__grp_LNCaP_Vector_Calcitriol_vs_grp_LNCaP_Vector_Vehicle__1","GSE223405",1,3,"solo_trattato"
"cgroup_L5_47e67cab","GSE223405__GSE223405__grp_RC43N_Calcitriol_vs_grp_RC43N_Vehicle__1","GSE223405",1,3,"solo_trattato"
"cgroup_L5_47e67cab","GSE223405__GSE223405__grp_RC43N_BAZ1A_Calcitriol_vs_grp_RC43N_BAZ1A_Vehicle__1","GSE223405",3,2,"nessuno"
"cgroup_L5_47e67cab","GSE223405__GSE223405__grp_RC43T_BAZ1A_Calcitriol_vs_grp_RC43T_BAZ1A_Vehicle__1","GSE223405",1,2,"solo_trattato"
"cgroup_L5_47e67cab","GSE223405__GSE223405__grp_RC43T_Vector_Calcitriol_vs_grp_RC43T_Vector_Vehicle__1","GSE223405",2,2,"nessuno"
"cgroup_L5_a739837c","GSE208107__GSE208107__group_adenoma_vs_group_healthy__1","GSE208107",2,3,"nessuno"
"cgroup_L5_a739837c","GSE222298__GSE222298__adenoma_T2_SAP-07_vs_healthy_T2_SAP-07__1","GSE222298",5,8,"nessuno"
"cgroup_L5_a739837c","GSE222298__GSE222298__adenoma_T2_SAP-19_vs_healthy_T2_SAP-07__1","GSE222298",3,8,"nessuno"
"cgroup_L5_a739837c","GSE72820__GSE72820__grp_0001_vs_grp_0002__1","GSE72820",6,5,"nessuno"
"cgroup_L5_a739837c","GSE72820__GSE72820__grp_0003_vs_grp_0004__1","GSE72820",1,1,"entrambi"
"cgroup_L5_a739837c","GSE72820__GSE72820__grp_0003_vs_grp_0005__1","GSE72820",1,1,"entrambi"
"cgroup_L5_a739837c","GSE77635__GSE77635__grp_0001_vs_grp_0002__1","GSE77635",1,1,"entrambi"
"cgroup_L5_a739837c","GSE77635__GSE77635__grp_0004_vs_grp_0003__1","GSE77635",1,1,"entrambi"
"cgroup_L5_a739837c","GSE77635__GSE77635__grp_0005_vs_grp_0006__1","GSE77635",1,1,"entrambi"
"cgroup_L5_a739837c","GSE77635__GSE77635__grp_0007_vs_grp_0008__1","GSE77635",1,1,"entrambi"
"cgroup_L5_a739837c","GSE77635__GSE77635__grp_0009_vs_grp_0010__1","GSE77635",1,1,"entrambi"
"cgroup_L5_a739837c","GSE77635__GSE77635__grp_0011_vs_grp_0012__1","GSE77635",1,1,"entrambi"
"cgroup_L5_a739837c","GSE77635__GSE77635__grp_0013_vs_grp_0014__1","GSE77635",1,1,"entrambi"
"cgroup_L5_a739837c","GSE77635__GSE77635__grp_0016_vs_grp_0015__1","GSE77635",1,1,"entrambi"
"cgroup_L5_a739837c","GSE77635__GSE77635__grp_0017_vs_grp_0018__1","GSE77635",3,1,"solo_controllo"
"cgroup_L5_2a225fda","GSE145505__GSE145505__group_021_vs_group_012__1","GSE145505",2,11,"nessuno"
"cgroup_L5_2a225fda","GSE195599__GSE195599__ast_vs_ctl__1","GSE195599",4,3,"nessuno"
"cgroup_L5_2a225fda","GSE201955__GSE201955__Asthma_vs_Control__1","GSE201955",3,18,"nessuno"
"cgroup_L5_2a225fda","GSE206510__GSE206510__grp_asthma_il13_vs_grp_control_il13__1","GSE206510",4,3,"nessuno"
"cgroup_L5_2a225fda","GSE206510__GSE206510__grp_asthma_untreated_vs_grp_control_vehicle__1","GSE206510",2,2,"nessuno"
"cgroup_L5_2a225fda","GSE85567__GSE85567__Asthma_airway_epithelial_cells_vs_Healthy_airway_epithelial_cells__1","GSE85567",53,1,"solo_controllo"
"cgroup_L5_f51ff620","GSE109313__GSE109313__ashmatic_nasal_vs_normal_nasal__1","GSE109313",8,3,"nessuno"
"cgroup_L5_f51ff620","GSE109313__GSE109313__ashmatic_blood_vs_normal_blood__1","GSE109313",9,7,"nessuno"
"cgroup_L5_f51ff620","GSE109484__GSE109484__Asthmatic_vs_Healthy__1","GSE109484",32,13,"nessuno"
"cgroup_L5_f51ff620","GSE152004__GSE152004__asthmatic_vs_healthy__1","GSE152004",407,133,"nessuno"
"cgroup_L5_f51ff620","GSE240567__GSE240567__grp_asthematic_1_vs_grp_control_1__1","GSE240567",251,13,"nessuno"
"cgroup_L5_f51ff620","GSE240567__GSE240567__grp_asthematic_2_vs_grp_control_1__1","GSE240567",3,13,"nessuno"
"cgroup_L5_f51ff620","GSE240567__GSE240567__grp_asthematic_3_vs_grp_control_1__1","GSE240567",3,13,"nessuno"
"cgroup_L5_f51ff620","GSE240567__GSE240567__grp_asthematic_4_vs_grp_control_1__1","GSE240567",2,13,"nessuno"
"cgroup_L5_f51ff620","GSE240567__GSE240567__grp_asthematic_5_vs_grp_control_1__1","GSE240567",1,13,"solo_trattato"
"cgroup_L5_f51ff620","GSE240567__GSE240567__grp_asthematic_6_vs_grp_control_1__1","GSE240567",10,13,"nessuno"
"cgroup_L5_a8ff7b6d","GSE142383__GSE142383__grp_0006_vs_grp_0007__1","GSE142383",2,1,"solo_controllo"
"cgroup_L5_a8ff7b6d","GSE142383__GSE142383__grp_0009_vs_grp_0008__1","GSE142383",2,3,"nessuno"
"cgroup_L5_a8ff7b6d","GSE155000__GSE155000__BE2C_ATRA_vs_BE2C_DMSO__1","GSE155000",3,3,"nessuno"
"cgroup_L5_a8ff7b6d","GSE155000__GSE155000__NBL_S_ATRA_vs_NBL_S_DMSO__1","GSE155000",3,3,"nessuno"
"cgroup_L5_a8ff7b6d","GSE155000__GSE155000__NGP_ATRA_vs_NGP_DMSO__1","GSE155000",3,3,"nessuno"
"cgroup_L5_a8ff7b6d","GSE163428__GSE163428__grp_0001_vs_grp_0002__1","GSE163428",1,2,"solo_trattato"
"cgroup_L5_a8ff7b6d","GSE163428__GSE163428__grp_0003_vs_grp_0002__1","GSE163428",1,2,"solo_trattato"
"cgroup_L5_a8ff7b6d","GSE175757__GSE175757__Kasumi1_ATRA_1mM_24h_vs_Kasumi1__1","GSE175757",1,2,"solo_trattato"
"cgroup_L5_a8ff7b6d","GSE175757__GSE175757__Kasumi1_EPASp10_ATRA_1mM_24h_vs_Kasumi1_EPASp10__1","GSE175757",1,1,"entrambi"
"cgroup_L5_a8ff7b6d","GSE175757__GSE175757__Kasumi1_EPASp8A_ATRA_1mM_24h_vs_Kasumi1_EPASp8__1","GSE175757",1,1,"entrambi"
"cgroup_L5_a8ff7b6d","GSE175757__GSE175757__Kasumi1_HIF1p10A_ATRA_1mM_24h_vs_Kasumi1__1","GSE175757",1,2,"solo_trattato"
"cgroup_L5_a8ff7b6d","GSE175757__GSE175757__Kasumi1_HIF1p8A_ATRA_1mM_24h_vs_Kasumi1_HIF1p8__1","GSE175757",1,1,"entrambi"
"cgroup_L5_a8ff7b6d","GSE178340__GSE178340__ATRA_vs_DMSO__1","GSE178340",12,12,"nessuno"
"cgroup_L5_a8ff7b6d","GSE184282__GSE184282__ATRA_2h_vs_untreated__1","GSE184282",1,3,"solo_trattato"
"cgroup_L5_a8ff7b6d","GSE184282__GSE184282__ATRA_3h_vs_untreated__1","GSE184282",1,3,"solo_trattato"
"cgroup_L5_a8ff7b6d","GSE202458__GSE202458__grp_0008_vs_grp_0007__1","GSE202458",1,1,"entrambi"
"cgroup_L5_a8ff7b6d","GSE202458__GSE202458__grp_0009_vs_grp_0007__1","GSE202458",2,1,"solo_controllo"
"cgroup_L5_a8ff7b6d","GSE252527__GSE252527__grp_0004_vs_grp_0003__1","GSE252527",1,3,"solo_trattato"
"cgroup_L5_a8ff7b6d","GSE252527__GSE252527__grp_0005_vs_grp_0003__1","GSE252527",2,3,"nessuno"
"cgroup_L5_a8ff7b6d","GSE93996__GSE93996__grp_0001_vs_grp_0002__1","GSE93996",2,2,"nessuno"
"cgroup_L5_aaecff07","GSE122340__GSE122340__B168c_Biliary_Atresia_vs_UC8926_Normal__1","GSE122340",1,1,"entrambi"
"cgroup_L5_aaecff07","GSE122340__GSE122340__B35_Biliary_Atresia_vs_UC8926_Normal__1","GSE122340",1,1,"entrambi"
"cgroup_L5_aaecff07","GSE122340__GSE122340__B75_Biliary_Atresia_vs_UC8926_Normal__1","GSE122340",1,1,"entrambi"
"cgroup_L5_aaecff07","GSE122340__GSE122340__B79_Biliary_Atresia_vs_UC8926_Normal__1","GSE122340",1,1,"entrambi"
"cgroup_L5_aaecff07","GSE122340__GSE122340__B80_Biliary_Atresia_vs_UC8926_Normal__1","GSE122340",1,1,"entrambi"
"cgroup_L5_aaecff07","GSE122340__GSE122340__B82_Biliary_Atresia_vs_UC8926_Normal__1","GSE122340",1,1,"entrambi"
"cgroup_L5_aaecff07","GSE122340__GSE122340__B96_Biliary_Atresia_vs_UC8926_Normal__1","GSE122340",1,1,"entrambi"
"cgroup_L5_aaecff07","GSE122340__GSE122340__B98_Biliary_Atresia_vs_UC8926_Normal__1","GSE122340",1,1,"entrambi"
"cgroup_L5_aaecff07","GSE122340__GSE122340__Cint1_Biliary_Atresia_vs_UC8926_Normal__1","GSE122340",1,1,"entrambi"
"cgroup_L5_aaecff07","GSE122340__GSE122340__Cint10_Biliary_Atresia_vs_UC8926_Normal__1","GSE122340",1,1,"entrambi"
"cgroup_L5_aaecff07","GSE122340__GSE122340__Cint11_Biliary_Atresia_vs_UC8926_Normal__1","GSE122340",1,1,"entrambi"
"cgroup_L5_aaecff07","GSE122340__GSE122340__Cint18_Biliary_Atresia_vs_UC8926_Normal__1","GSE122340",1,1,"entrambi"
"cgroup_L5_aaecff07","GSE122340__GSE122340__Cint19_Biliary_Atresia_vs_UC8926_Normal__1","GSE122340",1,1,"entrambi"
"cgroup_L5_aaecff07","GSE122340__GSE122340__Cint21_Biliary_Atresia_vs_UC8926_Normal__1","GSE122340",1,1,"entrambi"
"cgroup_L5_aaecff07","GSE122340__GSE122340__Cint22_Biliary_Atresia_vs_UC8926_Normal__1","GSE122340",1,1,"entrambi"
"cgroup_L5_aaecff07","GSE122340__GSE122340__Cint9_Biliary_Atresia_vs_UC8926_Normal__1","GSE122340",1,1,"entrambi"
"cgroup_L5_aaecff07","GSE122340__GSE122340__L0214_Biliary_Atresia_vs_UC8926_Normal__1","GSE122340",1,1,"entrambi"
"cgroup_L5_aaecff07","GSE122340__GSE122340__Liver_Biliary_Atresia_vs_UC8926_Normal__1","GSE122340",1,1,"entrambi"
"cgroup_L5_aaecff07","GSE159720__GSE159720__group_0001_vs_group_0002__1","GSE159720",1,1,"entrambi"
"cgroup_L5_aaecff07","GSE159720__GSE159720__group_0003_vs_group_0002__1","GSE159720",1,1,"entrambi"
"cgroup_L5_aaecff07","GSE159720__GSE159720__group_0004_vs_group_0005__1","GSE159720",2,2,"nessuno"
"cgroup_L5_aaecff07","GSE186444__GSE186444__grp_0011_vs_grp_0001__1","GSE186444",1,1,"entrambi"
"cgroup_L5_96c9f7bf","GSE134497__GSE134497__grp_0001_vs_grp_0004__1","GSE134497",9,11,"nessuno"
"cgroup_L5_96c9f7bf","GSE234795__GSE234795__bipolar_case_1_vs_healthy_control__1","GSE234795",1,7,"solo_trattato"
"cgroup_L5_96c9f7bf","GSE234795__GSE234795__bipolar_case_2_vs_healthy_control__1","GSE234795",1,7,"solo_trattato"
"cgroup_L5_96c9f7bf","GSE234795__GSE234795__bipolar_case_pool_vs_healthy_control__1","GSE234795",7,7,"nessuno"
"cgroup_L5_96c9f7bf","GSE78936__GSE78936__grp_0003_vs_grp_0001__1","GSE78936",5,4,"nessuno"
"cgroup_L5_96c9f7bf","GSE78936__GSE78936__grp_0006_vs_grp_0007__1","GSE78936",14,12,"nessuno"
"cgroup_L5_96c9f7bf","GSE78936__GSE78936__grp_0008_vs_grp_0002__1","GSE78936",7,2,"nessuno"
"cgroup_L5_96c9f7bf","GSE78936__GSE78936__grp_0010_vs_grp_0011__1","GSE78936",4,5,"nessuno"
"cgroup_L5_96c9f7bf","GSE80655__GSE80655__Bipolar_Disorder_AnCg_Age69_vs_Control_AnCg_Age48__1","GSE80655",1,1,"entrambi"
"cgroup_L5_96c9f7bf","GSE80655__GSE80655__Bipolar_Disorder_brain_Age56_vs_Control_brain_Age70__1","GSE80655",23,7,"nessuno"
"cgroup_L5_96c9f7bf","GSE80655__GSE80655__Bipolar_Disorder_brain_Age36_vs_Control_brain_Age41__1","GSE80655",17,9,"nessuno"
"cgroup_L5_96c9f7bf","GSE80655__GSE80655__Bipolar_Disorder_brain_Age69_vs_Control_brain_Age41__1","GSE80655",7,9,"nessuno"
"cgroup_L5_96c9f7bf","GSE80655__GSE80655__Bipolar_Disorder_DLPFC_Age32_vs_Control_DLPFC_Age32__1","GSE80655",15,19,"nessuno"
"cgroup_L5_96c9f7bf","GSE80655__GSE80655__Bipolar_Disorder_DLPFC_Age70_vs_Control_DLPFC_Age65__1","GSE80655",1,5,"solo_trattato"
"cgroup_L5_96c9f7bf","GSE80655__GSE80655__Bipolar_Disorder_DLPFC_Age69_vs_Control_DLPFC_Age65__1","GSE80655",3,5,"nessuno"
"cgroup_L5_96c9f7bf","GSE80655__GSE80655__Bipolar_Disorder_DLPFC_Age40_vs_Control_DLPFC_Age65__1","GSE80655",4,5,"nessuno"
"cgroup_L5_7636ff0e","GSE243173__GSE243173__Chronic_Periodontitis_vs_Healthy__1","GSE243173",3,4,"nessuno"
"cgroup_L5_7636ff0e","GSE243173__GSE243173__Chronic_Periodontitis_vs_Healthy__2","GSE243173",5,4,"nessuno"
"cgroup_L5_7636ff0e","GSE61490__GSE61490__Chronic_periodontitis_donor_YY001_vs_Health_control__1","GSE61490",3,5,"nessuno"
"cgroup_L5_7636ff0e","GSE80715__GSE80715__Chronic_periodontitis_vs_Healthy__1","GSE80715",1,1,"entrambi"
"cgroup_L5_b837242a","GSE190240__GSE190240__grp_0001_vs_grp_0006__1","GSE190240",1,1,"entrambi"
"cgroup_L5_b837242a","GSE199278__GSE199278__grp_0004_vs_grp_0002__1","GSE199278",4,3,"nessuno"
"cgroup_L5_b837242a","GSE227379__GSE227379__CoCl2_vs_none__1","GSE227379",2,2,"nessuno"
"cgroup_L5_988d478d","GSE178807__GSE178807__COPD_vs_Normal__1","GSE178807",2,35,"nessuno"
"cgroup_L5_988d478d","GSE198740__GSE198740__grp_0001_vs_grp_0002__1","GSE198740",3,3,"nessuno"
"cgroup_L5_988d478d","GSE268499__GSE268499__COPD_PBMCs_vs_Healthy_PBMCs__1","GSE268499",5,5,"nessuno"
"cgroup_L5_988d478d","GSE57148__GSE57148__COPD_vs_Normal__1","GSE57148",2,3,"nessuno"
"cgroup_L5_988d478d","GSE57148__GSE57148__COPD_vs_Normal_large__1","GSE57148",2,88,"nessuno"
"cgroup_L5_7805eee6","GSE153131__GSE153131__COVID19_Lung_vs_healthy_C55__1","GSE153131",5,1,"solo_controllo"
"cgroup_L5_7805eee6","GSE153131__GSE153131__COVID19_Lung_vs_healthy_C56__1","GSE153131",5,1,"solo_controllo"
"cgroup_L5_7805eee6","GSE154311__GSE154311__CD16High_COVID-19_vs_Normal_Density_Neutrophils_Healthy__1","GSE154311",3,2,"nessuno"
"cgroup_L5_7805eee6","GSE154311__GSE154311__CD16Int_COVID-19_vs_Normal_Density_Neutrophils_Healthy__1","GSE154311",3,2,"nessuno"
"cgroup_L5_7805eee6","GSE159585__GSE159585__COVID-19_vs_Healthy_Control__1","GSE159585",7,13,"nessuno"
"cgroup_L5_7805eee6","GSE164332__GSE164332__grp_0001_vs_grp_0002__1","GSE164332",2,1,"solo_controllo"
"cgroup_L5_7805eee6","GSE164332__GSE164332__grp_0001_vs_grp_0003__1","GSE164332",2,5,"nessuno"
"cgroup_L5_7805eee6","GSE164332__GSE164332__grp_0005_vs_grp_0002__1","GSE164332",1,1,"entrambi"
"cgroup_L5_7805eee6","GSE164332__GSE164332__grp_0005_vs_grp_0003__1","GSE164332",1,5,"solo_trattato"
"cgroup_L5_7805eee6","GSE164332__GSE164332__grp_0006_vs_grp_0002__1","GSE164332",5,1,"solo_controllo"
"cgroup_L5_7805eee6","GSE164332__GSE164332__grp_0006_vs_grp_0003__1","GSE164332",5,5,"nessuno"
"cgroup_L5_7805eee6","GSE164332__GSE164332__grp_0007_vs_grp_0002__1","GSE164332",1,1,"entrambi"
"cgroup_L5_7805eee6","GSE164332__GSE164332__grp_0007_vs_grp_0003__1","GSE164332",1,5,"solo_trattato"
"cgroup_L5_7805eee6","GSE165461__GSE165461__grp_0001_vs_grp_0003__1","GSE165461",60,8,"nessuno"
"cgroup_L5_7805eee6","GSE165461__GSE165461__grp_0002_vs_grp_0003__1","GSE165461",3,8,"nessuno"
"cgroup_L5_7805eee6","GSE178824__GSE178824__grp_0004_vs_grp_0006__1","GSE178824",6,1,"solo_controllo"
"cgroup_L5_7805eee6","GSE183533__GSE183533__grp_0001_vs_grp_0002__1","GSE183533",31,4,"nessuno"
"cgroup_L5_7805eee6","GSE183533__GSE183533__grp_0001_vs_grp_0003__1","GSE183533",31,6,"nessuno"
"cgroup_L5_7805eee6","GSE189199__GSE189199__grp_0001_vs_grp_0002__1","GSE189199",1,28,"solo_trattato"
"cgroup_L5_7805eee6","GSE189199__GSE189199__grp_0003_vs_grp_0002__1","GSE189199",21,28,"nessuno"
"cgroup_L5_7805eee6","GSE190496__GSE190496__grp_0001_vs_grp_0011__1","GSE190496",2,4,"nessuno"
"cgroup_L5_7805eee6","GSE190496__GSE190496__grp_0002_vs_grp_0010__1","GSE190496",5,2,"nessuno"
"cgroup_L5_7805eee6","GSE190496__GSE190496__grp_0003_vs_grp_0011__1","GSE190496",1,4,"solo_trattato"
"cgroup_L5_7805eee6","GSE190496__GSE190496__grp_0004_vs_grp_0011__1","GSE190496",1,4,"solo_trattato"
"cgroup_L5_7805eee6","GSE190496__GSE190496__grp_0005_vs_grp_0011__1","GSE190496",1,4,"solo_trattato"
"cgroup_L5_7805eee6","GSE190496__GSE190496__grp_0006_vs_grp_0011__1","GSE190496",1,4,"solo_trattato"
"cgroup_L5_7805eee6","GSE190496__GSE190496__grp_0007_vs_grp_0011__1","GSE190496",6,4,"nessuno"
"cgroup_L5_7805eee6","GSE192707__GSE192707__grp_0003_vs_grp_0002__1","GSE192707",1,5,"solo_trattato"
"cgroup_L5_7805eee6","GSE206635__GSE206635__grp_0001_vs_grp_0002__1","GSE206635",2,1,"solo_controllo"
"cgroup_L5_7805eee6","GSE206635__GSE206635__grp_0003_vs_grp_0002__1","GSE206635",2,1,"solo_controllo"
"cgroup_L5_7805eee6","GSE222253__GSE222253__COVID-19_vs_Healthy__1","GSE222253",35,1,"solo_controllo"
"cgroup_L5_03544ab6","GSE161225__GSE161225__COVID_vs_healthy__1","GSE161225",3,1,"solo_controllo"
"cgroup_L5_03544ab6","GSE168998__GSE168998__grp_0001_vs_grp_0002__1","GSE168998",3,1,"solo_controllo"
"cgroup_L5_03544ab6","GSE168998__GSE168998__grp_0001_vs_grp_0003__1","GSE168998",3,1,"solo_controllo"
"cgroup_L5_03544ab6","GSE168998__GSE168998__grp_0004_vs_grp_0002__1","GSE168998",1,1,"entrambi"
"cgroup_L5_03544ab6","GSE168998__GSE168998__grp_0004_vs_grp_0003__1","GSE168998",1,1,"entrambi"
"cgroup_L5_03544ab6","GSE176290__GSE176290__grp_0007_vs_grp_0006__1","GSE176290",1,5,"solo_trattato"
"cgroup_L5_79b3a442","GSE188938__GSE188938__grp_cteph_vs_grp_control__1","GSE188938",7,5,"nessuno"
"cgroup_L5_79b3a442","GSE221511__GSE221511__CTEPH_vs_normal__1","GSE221511",3,3,"nessuno"
"cgroup_L5_79b3a442","GSE84538__GSE84538__pulmonary_artery_CTEPH_vs_pulmonary_artery_control__1","GSE84538",3,4,"nessuno"
"cgroup_L5_c860712d","GSE101993__GSE101993__CFHBE_Cystic_Fibrosis_vs_Primary_Human_Bronchial_Epithelial_Cells_Healthy__1","GSE101993",2,3,"nessuno"
"cgroup_L5_c860712d","GSE101993__GSE101993__CFHBE_Cystic_Fibrosis_vs_Primary_Human_Bronchial_Epithelial_Cells_Healthy_(Bronchus)__1","GSE101993",2,1,"solo_controllo"
"cgroup_L5_c860712d","GSE101993__GSE101993__CFHBE_Cystic_Fibrosis_vs_Primary_Human_Tracheal_Epithelial_Cells_Healthy__1","GSE101993",2,1,"solo_controllo"
"cgroup_L5_c860712d","GSE110935__GSE110935__CF_Donor_3_vs_Healthy_Control_Donor_17__1","GSE110935",2,5,"nessuno"
"cgroup_L5_c860712d","GSE136371__GSE136371__group_0001_vs_group_0002__1","GSE136371",1,1,"entrambi"
"cgroup_L5_c860712d","GSE136371__GSE136371__group_0003_vs_group_0004__1","GSE136371",1,1,"entrambi"
"cgroup_L5_c860712d","GSE136371__GSE136371__group_0005_vs_group_0006__1","GSE136371",21,8,"nessuno"
"cgroup_L5_c860712d","GSE136371__GSE136371__group_0005_vs_group_0007__1","GSE136371",21,4,"nessuno"
"cgroup_L5_c860712d","GSE136371__GSE136371__group_0005_vs_group_0008__1","GSE136371",21,2,"nessuno"
"cgroup_L5_c860712d","GSE136371__GSE136371__group_0009_vs_group_0006__1","GSE136371",5,8,"nessuno"
"cgroup_L5_c860712d","GSE141535__GSE141535__CF_vs_Normal__1","GSE141535",4,4,"nessuno"
"cgroup_L5_c860712d","GSE141536__GSE141536__CF_vs_Normal__1","GSE141536",3,3,"nessuno"
"cgroup_L5_c860712d","GSE180882__GSE180882__grp_0007_vs_grp_0008__1","GSE180882",3,1,"solo_controllo"
"cgroup_L5_c860712d","GSE182347__GSE182347__grp_0003_vs_grp_0001__1","GSE182347",1,1,"entrambi"
"cgroup_L5_45ca22b1","GSE113041__GSE113041__TTC1240_dBRD9_vs_TTC1240_DMSO__1","GSE113041",1,2,"solo_trattato"
"cgroup_L5_45ca22b1","GSE113041__GSE113041__TTC1240_dBRD9_vs_TTC1240_DMSO__2","GSE113041",1,2,"solo_trattato"
"cgroup_L5_45ca22b1","GSE236327__GSE236327__dBRD9_100nM_vs_DMSO__1","GSE236327",1,1,"entrambi"
"cgroup_L5_45ca22b1","GSE236327__GSE236327__dBRD9_100nM_2_vs_DMSO__1","GSE236327",1,1,"entrambi"
"cgroup_L5_45ca22b1","GSE236327__GSE236327__dBRD9_100nM_3_vs_DMSO__1","GSE236327",1,1,"entrambi"
"cgroup_L5_45ca22b1","GSE236958__GSE236958__dBRD9_vs_DMSO__2","GSE236958",1,2,"solo_trattato"
"cgroup_L5_45ca22b1","GSE236958__GSE236958__dBRD9_vs_DMSO__3","GSE236958",1,2,"solo_trattato"
"cgroup_L5_82f82010","GSE154556__GSE154556__group_0001_vs_group_0002__1","GSE154556",3,3,"nessuno"
"cgroup_L5_82f82010","GSE175988__GSE175988__grp_0001_vs_grp_0005__1","GSE175988",6,4,"nessuno"
"cgroup_L5_82f82010","GSE182923__GSE182923__grp_diabetic_F_vs_grp_healthy_control_F__1","GSE182923",4,2,"nessuno"
"cgroup_L5_82f82010","GSE236746__GSE236746__grp_0001_vs_grp_0002__1","GSE236746",3,3,"nessuno"
"cgroup_L5_82f82010","GSE89475__GSE89475__grp_0001_vs_grp_0002__1","GSE89475",2,2,"nessuno"
"cgroup_L5_82f82010","GSE92724__GSE92724__Diabetic_Patient_vs_Healthy_control__1","GSE92724",4,1,"solo_controllo"
"cgroup_L5_d5e79c9e","GSE166620__GSE166620__grp_0005_vs_grp_0001__1","GSE166620",1,1,"entrambi"
"cgroup_L5_d5e79c9e","GSE166620__GSE166620__grp_0006_vs_grp_0002__1","GSE166620",1,1,"entrambi"
"cgroup_L5_d5e79c9e","GSE166620__GSE166620__grp_0008_vs_grp_0003__1","GSE166620",1,1,"entrambi"
"cgroup_L5_d5e79c9e","GSE166620__GSE166620__grp_0009_vs_grp_0004__1","GSE166620",1,1,"entrambi"
"cgroup_L5_d5e79c9e","GSE166620__GSE166620__grp_0011_vs_grp_0019__1","GSE166620",1,1,"entrambi"
"cgroup_L5_d5e79c9e","GSE166620__GSE166620__grp_0012_vs_grp_0018__1","GSE166620",1,4,"solo_trattato"
"cgroup_L5_d5e79c9e","GSE166620__GSE166620__grp_0013_vs_grp_0001__1","GSE166620",1,1,"entrambi"
"cgroup_L5_d5e79c9e","GSE166620__GSE166620__grp_0014_vs_grp_0015__1","GSE166620",1,1,"entrambi"
"cgroup_L5_d5e79c9e","GSE166620__GSE166620__grp_0016_vs_grp_0017__1","GSE166620",1,1,"entrambi"
"cgroup_L5_d5e79c9e","GSE180415__GSE180415__grp_0002_vs_grp_0001__1","GSE180415",1,4,"solo_trattato"
"cgroup_L5_d5e79c9e","GSE180415__GSE180415__grp_0002_vs_grp_0003__1","GSE180415",1,4,"solo_trattato"
"cgroup_L5_d5e79c9e","GSE235995__GSE235995__group_0001_vs_group_0002__1","GSE235995",3,4,"nessuno"
"cgroup_L5_d5e79c9e","GSE235995__GSE235995__group_0003_vs_group_0002__1","GSE235995",2,4,"nessuno"
"cgroup_L5_bb8cb388","GSE118928__GSE118928__Endometriosis_vs_HealthyControl1__1","GSE118928",11,2,"nessuno"
"cgroup_L5_bb8cb388","GSE118928__GSE118928__Endometriosis_vs_HealthyControl2__1","GSE118928",11,2,"nessuno"
"cgroup_L5_bb8cb388","GSE130435__GSE130435__M1_endometriosis_I_vs_M1_healthy__1","GSE130435",3,1,"solo_controllo"
"cgroup_L5_bb8cb388","GSE130435__GSE130435__M1_endometriosis_II_vs_M1_healthy__1","GSE130435",1,1,"entrambi"
"cgroup_L5_bb8cb388","GSE130435__GSE130435__M1_endometriosis_IV_vs_M1_healthy__1","GSE130435",1,1,"entrambi"
"cgroup_L5_bb8cb388","GSE130435__GSE130435__M2_endometriosis_I_vs_M2_healthy__1","GSE130435",2,1,"solo_controllo"
"cgroup_L5_bb8cb388","GSE130435__GSE130435__M2_endometriosis_II_vs_M2_healthy__1","GSE130435",1,1,"entrambi"
"cgroup_L5_bb8cb388","GSE130435__GSE130435__M2_endometriosis_IV_vs_M2_healthy__1","GSE130435",1,1,"entrambi"
"cgroup_L5_bb8cb388","GSE135485__GSE135485__endo_vs_healthy__1","GSE135485",53,3,"nessuno"
"cgroup_L5_bb8cb388","GSE135485__GSE135485__endo_vs_healthy_control__1","GSE135485",53,1,"solo_controllo"
"cgroup_L5_bb8cb388","GSE153739__GSE153739__ovarian_peritoneal_endometriosis_vs_healthy__1","GSE153739",1,3,"solo_trattato"
"cgroup_L5_bb8cb388","GSE153739__GSE153739__ovarian_endometriosis_vs_healthy__1","GSE153739",1,3,"solo_trattato"
"cgroup_L5_bb8cb388","GSE153739__GSE153739__peritoneal_endometriosis_vs_healthy__1","GSE153739",2,3,"nessuno"
"cgroup_L5_bb8cb388","GSE153740__GSE153740__group_0001_vs_group_0003__1","GSE153740",3,2,"nessuno"
"cgroup_L5_bb8cb388","GSE153740__GSE153740__group_0002_vs_group_0003__1","GSE153740",1,2,"solo_trattato"
"cgroup_L5_bb8cb388","GSE188915__GSE188915__grp_0006_vs_grp_0007__1","GSE188915",1,1,"entrambi"
"cgroup_L5_bb8cb388","GSE212787__GSE212787__group_0001_vs_group_0002__1","GSE212787",14,6,"nessuno"
"cgroup_L5_bb8cb388","GSE232713__GSE232713__Endometriosis_vs_Control__1","GSE232713",7,5,"nessuno"
"cgroup_L5_bb8cb388","GSE232713__GSE232713__Endometriosis_vs_Control_2__1","GSE232713",7,2,"nessuno"
"cgroup_L5_bb8cb388","GSE87809__GSE87809__endometriosis_vs_control__1","GSE87809",4,2,"nessuno"
"cgroup_L5_4399f313","GSE139914__GSE139914__Epilepsy_Brodmann_Area_38_Protocol_1_vs_Healthy_Brodmann_Area_38_Protocol_1__1","GSE139914",1,6,"solo_trattato"
"cgroup_L5_4399f313","GSE168375__GSE168375__epilepsy_vs_control__1","GSE168375",31,12,"nessuno"
"cgroup_L5_4399f313","GSE89843__GSE89843__Epilepsy_none_vs_Healthy_Control__1","GSE89843",9,5,"nessuno"
"cgroup_L5_4399f313","GSE89843__GSE89843__Epilepsy_unclear_vs_Healthy_Control__1","GSE89843",12,5,"nessuno"
"cgroup_L5_cacf5d1a","GSE118691__GSE118691__grp_0008_vs_grp_0003__1","GSE118691",4,2,"nessuno"
"cgroup_L5_cacf5d1a","GSE191257__GSE191257__grp_0002_vs_grp_0001__1","GSE191257",3,3,"nessuno"
"cgroup_L5_cacf5d1a","GSE236117__GSE236117__F_nucleatum_vs_control_case__1","GSE236117",3,1,"solo_controllo"
"cgroup_L5_cacf5d1a","GSE236117__GSE236117__F_nucleatum_vs_control_none__1","GSE236117",3,2,"nessuno"
"cgroup_L5_17b55386","GSE102812__GSE102812__grp_0002_vs_grp_0001__1","GSE102812",8,12,"nessuno"
"cgroup_L5_17b55386","GSE115650__GSE115650__grp_0001_vs_grp_0002__1","GSE115650",2,1,"solo_controllo"
"cgroup_L5_17b55386","GSE115650__GSE115650__grp_0001_vs_grp_0003__1","GSE115650",2,4,"nessuno"
"cgroup_L5_17b55386","GSE115650__GSE115650__grp_0004_vs_grp_0002__1","GSE115650",30,1,"solo_controllo"
"cgroup_L5_17b55386","GSE115650__GSE115650__grp_0004_vs_grp_0003__1","GSE115650",30,4,"nessuno"
"cgroup_L5_17b55386","GSE115650__GSE115650__grp_0005_vs_grp_0002__1","GSE115650",1,1,"entrambi"
"cgroup_L5_17b55386","GSE115650__GSE115650__grp_0005_vs_grp_0003__1","GSE115650",1,4,"solo_trattato"
"cgroup_L5_17b55386","GSE115650__GSE115650__grp_0006_vs_grp_0002__1","GSE115650",1,1,"entrambi"
"cgroup_L5_17b55386","GSE115650__GSE115650__grp_0006_vs_grp_0003__1","GSE115650",1,4,"solo_trattato"
"cgroup_L5_17b55386","GSE115650__GSE115650__grp_0004_vs_grp_0007__1","GSE115650",30,4,"nessuno"
"cgroup_L5_17b55386","GSE123468__GSE123468__grp_0003_vs_grp_0001__1","GSE123468",7,4,"nessuno"
"cgroup_L5_17b55386","GSE123468__GSE123468__grp_0004_vs_grp_0001__1","GSE123468",1,4,"solo_trattato"
"cgroup_L5_17b55386","GSE123468__GSE123468__grp_0005_vs_grp_0001__1","GSE123468",19,4,"nessuno"
"cgroup_L5_17b55386","GSE123468__GSE123468__grp_0006_vs_grp_0001__1","GSE123468",2,4,"nessuno"
"cgroup_L5_17b55386","GSE123468__GSE123468__grp_0007_vs_grp_0001__1","GSE123468",1,4,"solo_trattato"
"cgroup_L5_17b55386","GSE123468__GSE123468__grp_0008_vs_grp_0001__1","GSE123468",1,4,"solo_trattato"
"cgroup_L5_17b55386","GSE123468__GSE123468__grp_0009_vs_grp_0001__1","GSE123468",1,4,"solo_trattato"
"cgroup_L5_17b55386","GSE123468__GSE123468__grp_0011_vs_grp_0010__1","GSE123468",1,1,"entrambi"
"cgroup_L5_17b55386","GSE254310__GSE254310__grp_0007_vs_grp_0008__1","GSE254310",3,3,"nessuno"
"cgroup_L5_4def5638","GSE153523__GSE153523__grp_myoblast_FSHD1_case_vs_grp_myoblast_healthy_control__1","GSE153523",2,3,"nessuno"
"cgroup_L5_4def5638","GSE153523__GSE153523__grp_myotube_FSHD1_case_vs_grp_myotube_healthy_control__1","GSE153523",1,3,"solo_trattato"
"cgroup_L5_4def5638","GSE169724__GSE169724__grp_0002_vs_grp_0006__1","GSE169724",2,1,"solo_controllo"
"cgroup_L5_4def5638","GSE56787__GSE56787__FSHD1_vs_Control__1","GSE56787",8,8,"nessuno"
"cgroup_L5_4def5638","GSE56787__GSE56787__FSHD1_myoblasts_F_vs_Control_myoblasts_F__1","GSE56787",1,1,"entrambi"
"cgroup_L5_4def5638","GSE56787__GSE56787__FSHD1_myoblasts_M_vs_Control_myoblasts_M__1","GSE56787",1,1,"entrambi"
"cgroup_L5_4def5638","GSE56787__GSE56787__FSHD1_myotubes_F_vs_Control_myotubes_F__1","GSE56787",1,1,"entrambi"
"cgroup_L5_4def5638","GSE56787__GSE56787__FSHD1_myotubes_M_vs_Control_myotubes_M__1","GSE56787",1,2,"solo_trattato"
"cgroup_L5_777adc83","GSE123807__GSE123807__G007_LK_vs_DMSO__1","GSE123807",3,1,"solo_controllo"
"cgroup_L5_777adc83","GSE162648__GSE162648__ABC-1_G007-LK_vs_ABC-1_DMSO__1","GSE162648",1,2,"solo_trattato"
"cgroup_L5_777adc83","GSE162648__GSE162648__COLO320DM_G007-LK_vs_COLO320DM_DMSO__1","GSE162648",2,2,"nessuno"
"cgroup_L5_777adc83","GSE162648__GSE162648__OVCAR-4_G007-LK_vs_OVCAR-4_DMSO__1","GSE162648",2,2,"nessuno"
"cgroup_L5_777adc83","GSE162648__GSE162648__RKO_G007-LK_vs_RKO_DMSO__1","GSE162648",2,2,"nessuno"
"cgroup_L5_777adc83","GSE162648__GSE162648__UO-31_G007-LK_vs_UO-31_DMSO__1","GSE162648",2,2,"nessuno"
"cgroup_L5_777adc83","GSE220061__GSE220061__grp_0001_vs_grp_0003__1","GSE220061",2,2,"nessuno"
"cgroup_L5_777adc83","GSE220061__GSE220061__grp_0004_vs_grp_0006__1","GSE220061",4,4,"nessuno"
"cgroup_L5_fa0ee5b4","GSE145645__GSE145645__gbm_vs_normal__1","GSE145645",1,3,"solo_trattato"
"cgroup_L5_fa0ee5b4","GSE145645__GSE145645__gbm_vs_normal__2","GSE145645",1,3,"solo_trattato"
"cgroup_L5_fa0ee5b4","GSE145645__GSE145645__gbm_vs_normal__3","GSE145645",1,3,"solo_trattato"
"cgroup_L5_fa0ee5b4","GSE145645__GSE145645__gbm_vs_normal__4","GSE145645",1,3,"solo_trattato"
"cgroup_L5_fa0ee5b4","GSE145645__GSE145645__gbm_vs_normal__5","GSE145645",1,3,"solo_trattato"
"cgroup_L5_fa0ee5b4","GSE145645__GSE145645__gbm_vs_normal__6","GSE145645",1,3,"solo_trattato"
"cgroup_L5_fa0ee5b4","GSE145645__GSE145645__gbm_vs_normal__7","GSE145645",1,3,"solo_trattato"
"cgroup_L5_fa0ee5b4","GSE145645__GSE145645__gbm_vs_normal__8","GSE145645",1,3,"solo_trattato"
"cgroup_L5_fa0ee5b4","GSE145645__GSE145645__gbm_vs_normal__9","GSE145645",1,3,"solo_trattato"
"cgroup_L5_fa0ee5b4","GSE145645__GSE145645__gbm_vs_normal__10","GSE145645",1,3,"solo_trattato"
"cgroup_L5_fa0ee5b4","GSE145645__GSE145645__gbm_vs_normal__11","GSE145645",1,3,"solo_trattato"
"cgroup_L5_fa0ee5b4","GSE145645__GSE145645__gbm_vs_normal__12","GSE145645",1,3,"solo_trattato"
"cgroup_L5_fa0ee5b4","GSE145645__GSE145645__gbm_vs_normal__13","GSE145645",1,3,"solo_trattato"
"cgroup_L5_fa0ee5b4","GSE145645__GSE145645__gbm_vs_normal__14","GSE145645",1,3,"solo_trattato"
"cgroup_L5_fa0ee5b4","GSE145645__GSE145645__gbm_vs_normal__15","GSE145645",1,3,"solo_trattato"
"cgroup_L5_fa0ee5b4","GSE145645__GSE145645__gbm_vs_normal__16","GSE145645",1,3,"solo_trattato"
"cgroup_L5_fa0ee5b4","GSE145645__GSE145645__gbm_vs_normal__17","GSE145645",1,3,"solo_trattato"
"cgroup_L5_fa0ee5b4","GSE145645__GSE145645__gbm_vs_normal__18","GSE145645",1,3,"solo_trattato"
"cgroup_L5_fa0ee5b4","GSE145645__GSE145645__gbm_vs_normal__19","GSE145645",1,3,"solo_trattato"
"cgroup_L5_fa0ee5b4","GSE145645__GSE145645__gbm_vs_normal__20","GSE145645",1,3,"solo_trattato"
"cgroup_L5_fa0ee5b4","GSE145645__GSE145645__gbm_vs_normal__21","GSE145645",1,3,"solo_trattato"
"cgroup_L5_fa0ee5b4","GSE145645__GSE145645__gbm_vs_normal__22","GSE145645",1,3,"solo_trattato"
"cgroup_L5_fa0ee5b4","GSE145645__GSE145645__gbm_vs_normal__23","GSE145645",1,3,"solo_trattato"
"cgroup_L5_fa0ee5b4","GSE145645__GSE145645__gbm_vs_normal__24","GSE145645",1,3,"solo_trattato"
"cgroup_L5_fa0ee5b4","GSE145645__GSE145645__gbm_vs_normal__25","GSE145645",1,3,"solo_trattato"
"cgroup_L5_fa0ee5b4","GSE145645__GSE145645__gbm_vs_normal__26","GSE145645",1,3,"solo_trattato"
"cgroup_L5_fa0ee5b4","GSE145645__GSE145645__gbm_vs_normal__27","GSE145645",1,3,"solo_trattato"
"cgroup_L5_fa0ee5b4","GSE145645__GSE145645__gbm_vs_normal__28","GSE145645",1,3,"solo_trattato"
"cgroup_L5_fa0ee5b4","GSE145645__GSE145645__gbm_vs_normal__29","GSE145645",1,3,"solo_trattato"
"cgroup_L5_fa0ee5b4","GSE145645__GSE145645__gbm_vs_normal__30","GSE145645",1,3,"solo_trattato"
"cgroup_L5_fa0ee5b4","GSE145645__GSE145645__gbm_vs_normal__31","GSE145645",1,3,"solo_trattato"
"cgroup_L5_fa0ee5b4","GSE163071__GSE163071__grp_0005_vs_grp_0001__1","GSE163071",4,1,"solo_controllo"
"cgroup_L5_fa0ee5b4","GSE165595__GSE165595__gbm_case34_vs_normal_case10__1","GSE165595",1,1,"entrambi"
"cgroup_L5_fa0ee5b4","GSE196694__GSE196694__glioma_cerebrum_vs_control_cerebrum__1","GSE196694",2,3,"nessuno"
"cgroup_L5_fa0ee5b4","GSE205512__GSE205512__grp_0002_vs_grp_0001__1","GSE205512",3,1,"solo_controllo"
"cgroup_L5_fa0ee5b4","GSE215420__GSE215420__group_0001_vs_group_0002__1","GSE215420",1,1,"entrambi"
"cgroup_L5_dd2a1a58","GSE135055__GSE135055__grp_0003_vs_grp_0001__1","GSE135055",18,2,"nessuno"
"cgroup_L5_dd2a1a58","GSE135055__GSE135055__grp_0004_vs_grp_0001__1","GSE135055",2,2,"nessuno"
"cgroup_L5_dd2a1a58","GSE135055__GSE135055__grp_0005_vs_grp_0001__1","GSE135055",1,2,"solo_trattato"
"cgroup_L5_dd2a1a58","GSE138252__GSE138252__group_0019_vs_group_0020__1","GSE138252",3,1,"solo_controllo"
"cgroup_L5_dd2a1a58","GSE145154__GSE145154__grp_0005_vs_grp_0006__1","GSE145154",52,15,"nessuno"
"cgroup_L5_dd2a1a58","GSE147236__GSE147236__grp_0001_vs_grp_0003__1","GSE147236",1,1,"entrambi"
"cgroup_L5_dd2a1a58","GSE147236__GSE147236__grp_0002_vs_grp_0003__1","GSE147236",2,1,"solo_controllo"
"cgroup_L5_dd2a1a58","GSE147236__GSE147236__grp_0004_vs_grp_0006__1","GSE147236",2,5,"nessuno"
"cgroup_L5_dd2a1a58","GSE147236__GSE147236__grp_0005_vs_grp_0006__1","GSE147236",3,5,"nessuno"
"cgroup_L5_dd2a1a58","GSE175764__GSE175764__grp_0001_vs_grp_0002__1","GSE175764",4,4,"nessuno"
"cgroup_L5_dd2a1a58","GSE196656__GSE196656__heart_failure_vs_healthy_controls__1","GSE196656",3,3,"nessuno"
"cgroup_L5_cfad03a8","GSE104766__GSE104766__grp_0006_vs_grp_0003__1","GSE104766",22,12,"nessuno"
"cgroup_L5_cfad03a8","GSE104766__GSE104766__grp_0007_vs_grp_0005__1","GSE104766",8,13,"nessuno"
"cgroup_L5_cfad03a8","GSE133039__GSE133039__grp_0003_vs_grp_0001__1","GSE133039",34,31,"nessuno"
"cgroup_L5_cfad03a8","GSE133039__GSE133039__grp_0003_vs_grp_0002__1","GSE133039",34,1,"solo_controllo"
"cgroup_L5_cfad03a8","GSE151347__GSE151347__hepatoblastoma_vs_N175__1","GSE151347",4,1,"solo_controllo"
"cgroup_L5_cfad03a8","GSE151347__GSE151347__hepatoblastoma_vs_N227__1","GSE151347",4,1,"solo_controllo"
"cgroup_L5_cfad03a8","GSE151347__GSE151347__hepatoblastoma_vs_N253__1","GSE151347",4,1,"solo_controllo"
"cgroup_L5_cfad03a8","GSE151347__GSE151347__hepatoblastoma_vs_N254__1","GSE151347",4,1,"solo_controllo"
"cgroup_L5_cfad03a8","GSE151347__GSE151347__hepatoblastoma_vs_N528__1","GSE151347",4,1,"solo_controllo"
"cgroup_L5_cfad03a8","GSE151347__GSE151347__hepatoblastoma_vs_N667__1","GSE151347",4,1,"solo_controllo"
"cgroup_L5_cfad03a8","GSE151347__GSE151347__hepatoblastoma_vs_N690__1","GSE151347",4,1,"solo_controllo"
"cgroup_L5_cfad03a8","GSE151347__GSE151347__hepatoblastoma_vs_N734__1","GSE151347",4,1,"solo_controllo"
"cgroup_L5_cfad03a8","GSE151347__GSE151347__hepatoblastoma_vs_N744__1","GSE151347",4,1,"solo_controllo"
"cgroup_L5_cfad03a8","GSE151347__GSE151347__hepatoblastoma_vs_N794__1","GSE151347",4,1,"solo_controllo"
"cgroup_L5_cfad03a8","GSE151347__GSE151347__hepatoblastoma_vs_N843__1","GSE151347",4,1,"solo_controllo"
"cgroup_L5_cfad03a8","GSE81928__GSE81928__grp_0003_vs_grp_0001__1","GSE81928",3,1,"solo_controllo"
"cgroup_L5_cfad03a8","GSE81928__GSE81928__grp_0004_vs_grp_0007__1","GSE81928",2,1,"solo_controllo"
"cgroup_L5_cfad03a8","GSE81928__GSE81928__grp_0005_vs_grp_0001__1","GSE81928",23,1,"solo_controllo"
"cgroup_L5_cfad03a8","GSE81928__GSE81928__grp_0005_vs_grp_0006__1","GSE81928",23,1,"solo_controllo"
"cgroup_L5_cfad03a8","GSE89775__GSE89775__hepatoblastoma_vs_normal__1","GSE89775",8,2,"nessuno"
"cgroup_L5_97da8b42","GSE106520__GSE106520__group_0003_vs_group_0002__1","GSE106520",2,5,"nessuno"
"cgroup_L5_97da8b42","GSE106520__GSE106520__group_0013_vs_group_0002__1","GSE106520",1,5,"solo_trattato"
"cgroup_L5_97da8b42","GSE154377__GSE154377__grp_0016_vs_grp_0019__1","GSE154377",2,9,"nessuno"
"cgroup_L5_97da8b42","GSE164196__GSE164196__Hypertension_LVAD001_vs_Control__1","GSE164196",1,1,"entrambi"
"cgroup_L5_97da8b42","GSE164196__GSE164196__Hypertension_LVAD006_vs_Control__1","GSE164196",11,1,"solo_controllo"
"cgroup_L5_97da8b42","GSE164196__GSE164196__Hypertension_LVAD032_vs_Control__1","GSE164196",1,1,"entrambi"
"cgroup_L5_97da8b42","GSE164196__GSE164196__Hypertension_LVAD058_vs_Control__1","GSE164196",1,1,"entrambi"
"cgroup_L5_97da8b42","GSE164196__GSE164196__Hypertension_LVAD066_vs_Control__1","GSE164196",1,1,"entrambi"
"cgroup_L5_97da8b42","GSE164196__GSE164196__Hypertension_LVAD075_vs_Control__1","GSE164196",1,1,"entrambi"
"cgroup_L5_97da8b42","GSE164196__GSE164196__Hypertension_LVAD079_vs_Control__1","GSE164196",1,1,"entrambi"
"cgroup_L5_97da8b42","GSE164196__GSE164196__Hypertension_LVAD084_vs_Control__1","GSE164196",1,1,"entrambi"
"cgroup_L5_97da8b42","GSE164196__GSE164196__Hypertension_LVAD087_vs_Control__1","GSE164196",1,1,"entrambi"
"cgroup_L5_83f57274","GSE101799__GSE101799__grp_0001_vs_grp_0002__1","GSE101799",1,1,"entrambi"
"cgroup_L5_83f57274","GSE101799__GSE101799__grp_0003_vs_grp_0004__1","GSE101799",1,1,"entrambi"
"cgroup_L5_83f57274","GSE104193__GSE104193__grp_MCF10A_hypoxia_vs_grp_MCF10A_normoxia__1","GSE104193",4,4,"nessuno"
"cgroup_L5_83f57274","GSE104193__GSE104193__grp_MCF10A_hypoxia_PP242_vs_grp_MCF10A_normoxia_PP242__1","GSE104193",3,3,"nessuno"
"cgroup_L5_83f57274","GSE104193__GSE104193__grp_MDA-MB-231_hypoxia_vs_grp_MDA-MB-231_normoxia__1","GSE104193",3,1,"solo_controllo"
"cgroup_L5_83f57274","GSE104193__GSE104193__grp_MDA-MB-231_hypoxia_PP242_vs_grp_MDA-MB-231_normoxia_PP242__1","GSE104193",4,4,"nessuno"
"cgroup_L5_83f57274","GSE114519__GSE114519__grp_0001_vs_grp_0002__1","GSE114519",3,3,"nessuno"
"cgroup_L5_83f57274","GSE118046__GSE118046__Hypoxia_4h_vs_Normoxia_4h__1","GSE118046",3,3,"nessuno"
"cgroup_L5_83f57274","GSE118046__GSE118046__Hypoxia_48h_vs_Normoxia_48h__1","GSE118046",3,3,"nessuno"
"cgroup_L5_83f57274","GSE118362__GSE118362__hypoxia_vs_normoxia__1","GSE118362",1,1,"entrambi"
"cgroup_L5_83f57274","GSE120886__GSE120886__RCC4+VHL_hypoxia_vs_RCC4+VHL_normoxia__1","GSE120886",3,1,"solo_controllo"
"cgroup_L5_83f57274","GSE134737__GSE134737__grp_0014_vs_grp_0002__1","GSE134737",2,6,"nessuno"
"cgroup_L5_83f57274","GSE139233__GSE139233__grp_0001_vs_grp_0007__1","GSE139233",2,2,"nessuno"
"cgroup_L5_83f57274","GSE139233__GSE139233__grp_0002_vs_grp_0007__1","GSE139233",1,2,"solo_trattato"
"cgroup_L5_83f57274","GSE139233__GSE139233__grp_0003_vs_grp_0007__1","GSE139233",1,2,"solo_trattato"
"cgroup_L5_83f57274","GSE139233__GSE139233__grp_0004_vs_grp_0007__1","GSE139233",1,2,"solo_trattato"
"cgroup_L5_83f57274","GSE142123__GSE142123__grp_0001_vs_grp_0002__1","GSE142123",3,2,"nessuno"
"cgroup_L5_83f57274","GSE142123__GSE142123__grp_0001_vs_grp_0003__1","GSE142123",3,1,"solo_controllo"
"cgroup_L5_83f57274","GSE145108__GSE145108__A549_hypoxia_vs_A549_normoxia__1","GSE145108",2,2,"nessuno"
"cgroup_L5_83f57274","GSE145108__GSE145108__H460_hypoxia_vs_H460_normoxia__1","GSE145108",1,1,"entrambi"
"cgroup_L5_83f57274","GSE145108__GSE145108__RKO_hypoxia_vs_RKO_normoxia__1","GSE145108",1,1,"entrambi"
"cgroup_L5_83f57274","GSE149132__GSE149132__grp_0002_vs_grp_0001__1","GSE149132",2,3,"nessuno"
"cgroup_L5_83f57274","GSE151610__GSE151610__grp_0005_vs_grp_0003__1","GSE151610",3,2,"nessuno"
"cgroup_L5_83f57274","GSE154162__GSE154162__grp_0001_vs_grp_0002__1","GSE154162",1,1,"entrambi"
"cgroup_L5_83f57274","GSE157371__GSE157371__hypoxia_vs_untreated__1","GSE157371",6,1,"solo_controllo"
"cgroup_L5_83f57274","GSE163333__GSE163333__grp_0001_vs_grp_0002__1","GSE163333",2,1,"solo_controllo"
"cgroup_L5_83f57274","GSE176123__GSE176123__grp_0001_vs_grp_0005__1","GSE176123",4,4,"nessuno"
"cgroup_L5_83f57274","GSE176123__GSE176123__grp_0002_vs_grp_0006__1","GSE176123",4,4,"nessuno"
"cgroup_L5_83f57274","GSE176123__GSE176123__grp_0003_vs_grp_0004__1","GSE176123",4,1,"solo_controllo"
"cgroup_L5_83f57274","GSE180467__GSE180467__grp_0003_vs_grp_0004__1","GSE180467",2,2,"nessuno"
"cgroup_L5_83f57274","GSE183112__GSE183112__Hypoxia_Day7_vs_Normoxia_Day7__1","GSE183112",1,1,"entrambi"
"cgroup_L5_83f57274","GSE183112__GSE183112__Hypoxia_Day14_vs_Normoxia_Day14__1","GSE183112",1,1,"entrambi"
"cgroup_L5_83f57274","GSE183112__GSE183112__Hypoxia_Day28_vs_Normoxia_Day28__1","GSE183112",1,1,"entrambi"
"cgroup_L5_83f57274","GSE197523__GSE197523__hypoxia_vs_normoxia__1","GSE197523",3,3,"nessuno"
"cgroup_L5_83f57274","GSE197525__GSE197525__grp_0001_vs_grp_0002__1","GSE197525",1,1,"entrambi"
"cgroup_L5_83f57274","GSE197525__GSE197525__grp_0003_vs_grp_0004__1","GSE197525",2,2,"nessuno"
"cgroup_L5_83f57274","GSE197525__GSE197525__grp_0006_vs_grp_0007__1","GSE197525",2,3,"nessuno"
"cgroup_L5_83f57274","GSE197576__GSE197576__grp_0003_vs_grp_0001__1","GSE197576",1,1,"entrambi"
"cgroup_L5_83f57274","GSE197576__GSE197576__grp_0007_vs_grp_0006__1","GSE197576",1,2,"solo_trattato"
"cgroup_L5_83f57274","GSE197576__GSE197576__grp_0008_vs_grp_0009__1","GSE197576",1,1,"entrambi"
"cgroup_L5_83f57274","GSE197576__GSE197576__grp_0011_vs_grp_0010__1","GSE197576",1,1,"entrambi"
"cgroup_L5_83f57274","GSE198860__GSE198860__Hypoxia_vs_Normoxia__1","GSE198860",4,4,"nessuno"
"cgroup_L5_83f57274","GSE211611__GSE211611__grp_0002_vs_grp_0001__1","GSE211611",8,8,"nessuno"
"cgroup_L5_83f57274","GSE211611__GSE211611__grp_0003_vs_grp_0004__1","GSE211611",4,1,"solo_controllo"
"cgroup_L5_83f57274","GSE211611__GSE211611__grp_0005_vs_grp_0006__1","GSE211611",1,1,"entrambi"
"cgroup_L5_83f57274","GSE211611__GSE211611__grp_0008_vs_grp_0009__1","GSE211611",3,3,"nessuno"
"cgroup_L5_83f57274","GSE212201__GSE212201__grp_0001_vs_grp_0002__1","GSE212201",1,1,"entrambi"
"cgroup_L5_83f57274","GSE212201__GSE212201__grp_0003_vs_grp_0004__1","GSE212201",1,1,"entrambi"
"cgroup_L5_83f57274","GSE212703__GSE212703__hypoxia_vs_normoxia__1","GSE212703",2,3,"nessuno"
"cgroup_L5_83f57274","GSE212703__GSE212703__hypoxia_3hr_vs_normoxia__1","GSE212703",1,3,"solo_trattato"
"cgroup_L5_83f57274","GSE224973__GSE224973__grp_0001_vs_grp_0003__1","GSE224973",1,3,"solo_trattato"
"cgroup_L5_83f57274","GSE224973__GSE224973__grp_0005_vs_grp_0003__1","GSE224973",3,3,"nessuno"
"cgroup_L5_83f57274","GSE224973__GSE224973__grp_0006_vs_grp_0002__1","GSE224973",3,1,"solo_controllo"
"cgroup_L5_83f57274","GSE224973__GSE224973__grp_0007_vs_grp_0004__1","GSE224973",3,3,"nessuno"
"cgroup_L5_83f57274","GSE225253__GSE225253__HK-2_hypoxia_vs_HK-2_normoxia__1","GSE225253",3,3,"nessuno"
"cgroup_L5_83f57274","GSE228269__GSE228269__grp_0006_vs_grp_0004__1","GSE228269",2,2,"nessuno"
"cgroup_L5_83f57274","GSE233425__GSE233425__grp_0005_vs_grp_0001__1","GSE233425",3,1,"solo_controllo"
"cgroup_L5_83f57274","GSE233425__GSE233425__grp_0006_vs_grp_0004__1","GSE233425",1,1,"entrambi"
"cgroup_L5_83f57274","GSE233425__GSE233425__grp_0007_vs_grp_0003__1","GSE233425",3,1,"solo_controllo"
"cgroup_L5_83f57274","GSE233425__GSE233425__grp_0008_vs_grp_0002__1","GSE233425",3,3,"nessuno"
"cgroup_L5_83f57274","GSE233425__GSE233425__grp_0009_vs_grp_0004__1","GSE233425",2,1,"solo_controllo"
"cgroup_L5_83f57274","GSE244754__GSE244754__grp_0002_vs_grp_0001__1","GSE244754",3,2,"nessuno"
"cgroup_L5_83f57274","GSE244754__GSE244754__grp_0005_vs_grp_0007__1","GSE244754",1,6,"solo_trattato"
"cgroup_L5_83f57274","GSE244754__GSE244754__grp_0014_vs_grp_0015__1","GSE244754",3,3,"nessuno"
"cgroup_L5_83f57274","GSE244754__GSE244754__grp_0027_vs_grp_0028__1","GSE244754",3,3,"nessuno"
"cgroup_L5_83f57274","GSE244754__GSE244754__grp_0029_vs_grp_0030__1","GSE244754",3,3,"nessuno"
"cgroup_L5_83f57274","GSE245762__GSE245762__grp_0001_vs_grp_0002__1","GSE245762",3,3,"nessuno"
"cgroup_L5_83f57274","GSE245762__GSE245762__grp_0003_vs_grp_0004__1","GSE245762",1,3,"solo_trattato"
"cgroup_L5_83f57274","GSE245762__GSE245762__grp_0005_vs_grp_0006__1","GSE245762",3,3,"nessuno"
"cgroup_L5_83f57274","GSE254480__GSE254480__Hypoxia_vs_Normoxia__1","GSE254480",1,1,"entrambi"
"cgroup_L5_83f57274","GSE255352__GSE255352__grp_0002_vs_grp_0001__1","GSE255352",3,3,"nessuno"
"cgroup_L5_83f57274","GSE269699__GSE269699__grp_0001_vs_grp_0003__1","GSE269699",2,2,"nessuno"
"cgroup_L5_83f57274","GSE269699__GSE269699__grp_0002_vs_grp_0003__1","GSE269699",1,2,"solo_trattato"
"cgroup_L5_83f57274","GSE59987__GSE59987__grp_0001_vs_grp_0002__1","GSE59987",1,1,"entrambi"
"cgroup_L5_83f57274","GSE59987__GSE59987__grp_0003_vs_grp_0004__1","GSE59987",1,1,"entrambi"
"cgroup_L5_83f57274","GSE77307__GSE77307__HEB_hypoxia_vs_normoxia__1","GSE77307",3,3,"nessuno"
"cgroup_L5_83f57274","GSE77307__GSE77307__U87MG_hypoxia_vs_normoxia__1","GSE77307",2,2,"nessuno"
"cgroup_L5_83f57274","GSE78025__GSE78025__grp_0003_vs_grp_0001__1","GSE78025",1,3,"solo_trattato"
"cgroup_L5_83f57274","GSE78025__GSE78025__grp_0005_vs_grp_0004__1","GSE78025",1,3,"solo_trattato"
"cgroup_L5_dd2a13de","GSE185259__GSE185259__grp_0001_vs_grp_0002__1","GSE185259",1,1,"entrambi"
"cgroup_L5_dd2a13de","GSE231693__GSE231693__ipf_vs_normal__1","GSE231693",1,20,"solo_trattato"
"cgroup_L5_dd2a13de","GSE248485__GSE248485__Healthy_control_vs_IPF_no_treatment__1","GSE248485",3,5,"nessuno"
"cgroup_L5_dd2a13de","GSE73189__GSE73189__group_0002_vs_group_0001__1","GSE73189",1,5,"solo_trattato"
"cgroup_L5_dd2a13de","GSE73189__GSE73189__group_0004_vs_group_0001__1","GSE73189",1,5,"solo_trattato"
"cgroup_L5_dd2a13de","GSE73189__GSE73189__group_0005_vs_group_0001__1","GSE73189",1,5,"solo_trattato"
"cgroup_L5_dd2a13de","GSE79544__GSE79544__IPF_non_smokers_vs_Healthy_non_smokers__1","GSE79544",2,7,"nessuno"
"cgroup_L5_dd2a13de","GSE79544__GSE79544__IPF_smokers_vs_Healthy_smokers__1","GSE79544",12,2,"nessuno"
"cgroup_L5_dd2a13de","GSE92592__GSE92592__Idiopathic_Pulmonary_Fibrosis_vs_Healthy_Controls__1","GSE92592",20,1,"solo_controllo"
"cgroup_L5_dd2a13de","GSE99621__GSE99621__IPF_Case_vs_Healthy_Control__1","GSE99621",1,3,"solo_trattato"
"cgroup_L5_dd2a13de","GSE99621__GSE99621__IPF_Case_IPF1s1_vs_Healthy_Control__1","GSE99621",1,3,"solo_trattato"
"cgroup_L5_dd2a13de","GSE99621__GSE99621__IPF_Case_IPF1s2_vs_Healthy_Control__1","GSE99621",1,3,"solo_trattato"
"cgroup_L5_dd2a13de","GSE99621__GSE99621__IPF_Case_IPF1s3_vs_Healthy_Control__1","GSE99621",1,3,"solo_trattato"
"cgroup_L5_dd2a13de","GSE99621__GSE99621__IPF_Case_IPF2s2_vs_Healthy_Control__1","GSE99621",1,3,"solo_trattato"
"cgroup_L5_dd2a13de","GSE99621__GSE99621__IPF_Case_IPF3s1_vs_Healthy_Control__1","GSE99621",1,3,"solo_trattato"
"cgroup_L5_dd2a13de","GSE99621__GSE99621__IPF_Case_Lung_Tissue_vs_Healthy_Control__1","GSE99621",12,3,"nessuno"
"cgroup_L5_9bdf0dcb","GSE124810__GSE124810__IFNa_vs_vehicle__1","GSE124810",1,1,"entrambi"
"cgroup_L5_9bdf0dcb","GSE161664__GSE161664__IFNa_vs_Control__1","GSE161664",3,4,"nessuno"
"cgroup_L5_9bdf0dcb","GSE161916__GSE161916__IFNa_vs_untreated__1","GSE161916",3,3,"nessuno"
"cgroup_L5_9bdf0dcb","GSE189997__GSE189997__CD4Memory_IFNa_vs_Unstim__1","GSE189997",2,1,"solo_controllo"
"cgroup_L5_9bdf0dcb","GSE189997__GSE189997__CD4Naive_IFNa_vs_Unstim__1","GSE189997",3,3,"nessuno"
"cgroup_L5_9bdf0dcb","GSE189997__GSE189997__CD8Memory_IFNa_2_vs_Unstim__1","GSE189997",1,3,"solo_trattato"
"cgroup_L5_9bdf0dcb","GSE189997__GSE189997__CD8Naive_IFNa_vs_Unstim__1","GSE189997",2,2,"nessuno"
"cgroup_L5_9bdf0dcb","GSE205276__GSE205276__grp_0003_vs_grp_0004__1","GSE205276",1,1,"entrambi"
"cgroup_L5_9bdf0dcb","GSE98372__GSE98372__grp_0001_vs_grp_0002__1","GSE98372",1,1,"entrambi"
"cgroup_L5_9bdf0dcb","GSE98372__GSE98372__grp_0003_vs_grp_0004__1","GSE98372",1,1,"entrambi"
"cgroup_L5_9bdf0dcb","GSE98372__GSE98372__grp_0005_vs_grp_0006__1","GSE98372",1,1,"entrambi"
"cgroup_L5_9bdf0dcb","GSE98372__GSE98372__grp_0008_vs_grp_0007__1","GSE98372",1,1,"entrambi"
"cgroup_L5_9bb4734d","GSE104348__GSE104348__grp_0001_vs_grp_0003__1","GSE104348",1,1,"entrambi"
"cgroup_L5_9bb4734d","GSE104348__GSE104348__grp_0004_vs_grp_0006__1","GSE104348",1,2,"solo_trattato"
"cgroup_L5_9bb4734d","GSE104348__GSE104348__grp_0007_vs_grp_0003__1","GSE104348",1,1,"entrambi"
"cgroup_L5_9bb4734d","GSE124939__GSE124939__normal_IFNb_control_1_vs_normal_control_control_1__1","GSE124939",4,7,"nessuno"
"cgroup_L5_9bb4734d","GSE126409__GSE126409__grp_0002_vs_grp_0007__1","GSE126409",4,3,"nessuno"
"cgroup_L5_9bb4734d","GSE126409__GSE126409__grp_0003_vs_grp_0007__1","GSE126409",4,3,"nessuno"
"cgroup_L5_9bb4734d","GSE126409__GSE126409__grp_0004_vs_grp_0007__1","GSE126409",4,3,"nessuno"
"cgroup_L5_9bb4734d","GSE126409__GSE126409__grp_0005_vs_grp_0007__1","GSE126409",4,3,"nessuno"
"cgroup_L5_9bb4734d","GSE126409__GSE126409__grp_0022_vs_grp_0026__1","GSE126409",4,4,"nessuno"
"cgroup_L5_9bb4734d","GSE126409__GSE126409__grp_0023_vs_grp_0026__1","GSE126409",3,4,"nessuno"
"cgroup_L5_9bb4734d","GSE126409__GSE126409__grp_0024_vs_grp_0026__1","GSE126409",4,4,"nessuno"
"cgroup_L5_9bb4734d","GSE126409__GSE126409__grp_0025_vs_grp_0026__1","GSE126409",4,4,"nessuno"
"cgroup_L5_9bb4734d","GSE129093__GSE129093__grp_0001_vs_grp_0002__1","GSE129093",1,1,"entrambi"
"cgroup_L5_9bb4734d","GSE129093__GSE129093__grp_0009_vs_grp_0006__1","GSE129093",1,1,"entrambi"
"cgroup_L5_9bb4734d","GSE161916__GSE161916__IFNb_vs_untreated__1","GSE161916",3,2,"nessuno"
"cgroup_L5_9bb4734d","GSE161916__GSE161916__IFNb_vs_untreated__2","GSE161916",3,3,"nessuno"
"cgroup_L5_1556072e","GSE148058__GSE148058__grp_0005_vs_grp_0002__1","GSE148058",2,5,"nessuno"
"cgroup_L5_1556072e","GSE148058__GSE148058__grp_0006_vs_grp_0003__1","GSE148058",6,6,"nessuno"
"cgroup_L5_1556072e","GSE148058__GSE148058__grp_0007_vs_grp_0001__1","GSE148058",6,4,"nessuno"
"cgroup_L5_1556072e","GSE148058__GSE148058__grp_0008_vs_grp_0002__1","GSE148058",3,5,"nessuno"
"cgroup_L5_1556072e","GSE158434__GSE158434__Interferon_alpha_vs_Mock__1","GSE158434",3,3,"nessuno"
"cgroup_L5_1556072e","GSE64795__GSE64795__grp_0001_vs_grp_0002__1","GSE64795",1,1,"entrambi"
"cgroup_L5_ba4af011","GSE105951__GSE105951__grp_0005_vs_grp_0007__1","GSE105951",3,2,"nessuno"
"cgroup_L5_ba4af011","GSE165585__GSE165585__grp_0006_vs_grp_0002__1","GSE165585",3,2,"nessuno"
"cgroup_L5_ba4af011","GSE232305__GSE232305__grp_0004_vs_grp_0005__1","GSE232305",5,6,"nessuno"
"cgroup_L5_ba4af011","GSE232305__GSE232305__grp_0006_vs_grp_0005__1","GSE232305",1,6,"solo_trattato"
"cgroup_L5_ba4af011","GSE232508__GSE232508__grp_0003_vs_grp_0001__1","GSE232508",2,2,"nessuno"
"cgroup_L5_ba4af011","GSE232508__GSE232508__grp_0004_vs_grp_0002__1","GSE232508",1,1,"entrambi"
"cgroup_L5_ba4af011","GSE236331__GSE236331__grp_0001_vs_grp_0002__1","GSE236331",2,2,"nessuno"
"cgroup_L5_ba4af011","GSE236331__GSE236331__grp_0003_vs_grp_0005__1","GSE236331",1,2,"solo_trattato"
"cgroup_L5_ba4af011","GSE236331__GSE236331__grp_0004_vs_grp_0006__1","GSE236331",3,1,"solo_controllo"
"cgroup_L5_ba4af011","GSE237091__GSE237091__grp_0002_vs_grp_0001__1","GSE237091",3,3,"nessuno"
"cgroup_L5_ba4af011","GSE250224__GSE250224__grp_0001_vs_grp_0002__1","GSE250224",4,4,"nessuno"
"cgroup_L5_80a3028a","GSE106407__GSE106407__JIB-04_vs_DMSO__1","GSE106407",1,1,"entrambi"
"cgroup_L5_80a3028a","GSE119832__GSE119832__grp_0002_vs_grp_0003__1","GSE119832",1,3,"solo_trattato"
"cgroup_L5_80a3028a","GSE125518__GSE125518__JIB-04_vs_DMSO__1","GSE125518",3,3,"nessuno"
"cgroup_L5_80a3028a","GSE189472__GSE189472__JIB-04_vs_DMSO__1","GSE189472",1,1,"entrambi"
"cgroup_L5_b0066299","GSE125022__GSE125022__group_0001_vs_group_0003__1","GSE125022",1,2,"solo_trattato"
"cgroup_L5_b0066299","GSE151464__GSE151464__keloid_vs_normal__1","GSE151464",3,3,"nessuno"
"cgroup_L5_b0066299","GSE158395__GSE158395__grp_0001_vs_grp_0002__1","GSE158395",7,4,"nessuno"
"cgroup_L5_b0066299","GSE158395__GSE158395__grp_0001_vs_grp_0003__1","GSE158395",7,1,"solo_controllo"
"cgroup_L5_b0066299","GSE158395__GSE158395__grp_0001_vs_grp_0004__1","GSE158395",7,1,"solo_controllo"
"cgroup_L5_b0066299","GSE173900__GSE173900__group_0001_vs_group_0002__1","GSE173900",1,1,"entrambi"
"cgroup_L5_b0066299","GSE173900__GSE173900__group_0001_vs_group_0003__1","GSE173900",1,1,"entrambi"
"cgroup_L5_b0066299","GSE173900__GSE173900__group_0005_vs_group_0002__1","GSE173900",1,1,"entrambi"
"cgroup_L5_b0066299","GSE173900__GSE173900__group_0005_vs_group_0003__1","GSE173900",1,1,"entrambi"
"cgroup_L5_b0066299","GSE173900__GSE173900__group_0006_vs_group_0002__1","GSE173900",1,1,"entrambi"
"cgroup_L5_b0066299","GSE173900__GSE173900__group_0006_vs_group_0003__1","GSE173900",1,1,"entrambi"
"cgroup_L5_b0066299","GSE173900__GSE173900__group_0007_vs_group_0002__1","GSE173900",1,1,"entrambi"
"cgroup_L5_b0066299","GSE173900__GSE173900__group_0007_vs_group_0003__1","GSE173900",1,1,"entrambi"
"cgroup_L5_b0066299","GSE173900__GSE173900__group_0008_vs_group_0002__1","GSE173900",1,1,"entrambi"
"cgroup_L5_b0066299","GSE173900__GSE173900__group_0008_vs_group_0003__1","GSE173900",1,1,"entrambi"
"cgroup_L5_b0066299","GSE175866__GSE175866__group_0001_vs_group_0002__1","GSE175866",1,1,"entrambi"
"cgroup_L5_b0066299","GSE185309__GSE185309__group_0001_vs_group_0003__1","GSE185309",9,6,"nessuno"
"cgroup_L5_b0066299","GSE185309__GSE185309__group_0001_vs_group_0002__1","GSE185309",9,1,"solo_controllo"
"cgroup_L5_b0066299","GSE188952__GSE188952__group_0002_vs_group_0003__1","GSE188952",3,3,"nessuno"
"cgroup_L5_b0066299","GSE190626__GSE190626__keloid_vs_normal__1","GSE190626",1,1,"entrambi"
"cgroup_L5_b0066299","GSE190626__GSE190626__keloid_vs_normal_2__1","GSE190626",2,1,"solo_controllo"
"cgroup_L5_b0066299","GSE190626__GSE190626__keloid_vs_normal_3__1","GSE190626",1,1,"entrambi"
"cgroup_L5_b0066299","GSE202851__GSE202851__keloid_vs_normal__1","GSE202851",1,1,"entrambi"
"cgroup_L5_b0066299","GSE212954__GSE212954__keloid_vs_normal__1","GSE212954",1,1,"entrambi"
"cgroup_L5_b0066299","GSE212954__GSE212954__keloid_vs_normal__2","GSE212954",1,1,"entrambi"
"cgroup_L5_b0066299","GSE212954__GSE212954__keloid_vs_normal__3","GSE212954",1,1,"entrambi"
"cgroup_L5_b0066299","GSE212954__GSE212954__keloid_vs_normal__4","GSE212954",1,1,"entrambi"
"cgroup_L5_b0066299","GSE212954__GSE212954__keloid_vs_normal__5","GSE212954",1,1,"entrambi"
"cgroup_L5_b0066299","GSE212954__GSE212954__keloid_vs_normal__6","GSE212954",1,1,"entrambi"
"cgroup_L5_b0066299","GSE212954__GSE212954__keloid_vs_normal__7","GSE212954",1,1,"entrambi"
"cgroup_L5_522e9ebd","GSE112155__GSE112155__keratoconus_vs_healthy_control__1","GSE112155",10,3,"nessuno"
"cgroup_L5_522e9ebd","GSE112155__GSE112155__keratoconus_vs_healthy_control_male__1","GSE112155",10,6,"nessuno"
"cgroup_L5_522e9ebd","GSE112155__GSE112155__keratoconus_vs_healthy_control_myopia__1","GSE112155",10,1,"solo_controllo"
"cgroup_L5_522e9ebd","GSE151631__GSE151631__keratoconus_vs_healthy__1","GSE151631",19,6,"nessuno"
"cgroup_L5_522e9ebd","GSE241715__GSE241715__keratoconus_vs_healthy_control__1","GSE241715",3,7,"nessuno"
"cgroup_L5_7ba0168b","GSE110685__GSE110685__Lupus_Case_1_vs_Healthy_Control__1","GSE110685",10,17,"nessuno"
"cgroup_L5_7ba0168b","GSE110685__GSE110685__Lupus_Case_2_vs_Healthy_Control__1","GSE110685",25,17,"nessuno"
"cgroup_L5_7ba0168b","GSE139358__GSE139358__grp_NDN_lupus_vs_grp_NDN_healthy__1","GSE139358",17,11,"nessuno"
"cgroup_L5_7ba0168b","GSE177029__GSE177029__Lupus_patients_vs_Normal_controls__1","GSE177029",1,1,"entrambi"
"cgroup_L5_70f8671b","GSE148389__GSE148389__medulloblastoma_vs_healthy__1","GSE148389",97,1,"solo_controllo"
"cgroup_L5_70f8671b","GSE189919__GSE189919__medullo_vs_normal__1","GSE189919",1,3,"solo_trattato"
"cgroup_L5_70f8671b","GSE203174__GSE203174__medulloblastoma_vs_normal__1","GSE203174",2,5,"nessuno"
"cgroup_L5_70f8671b","GSE203174__GSE203174__medulloblastoma_C44403_vs_normal__1","GSE203174",1,5,"solo_trattato"
"cgroup_L5_70f8671b","GSE203174__GSE203174__medulloblastoma_C68265_vs_normal__1","GSE203174",1,5,"solo_trattato"
"cgroup_L5_70f8671b","GSE203174__GSE203174__medulloblastoma_C19803_vs_normal__1","GSE203174",2,5,"nessuno"
"cgroup_L5_70f8671b","GSE203174__GSE203174__medulloblastoma_C972438_vs_normal__1","GSE203174",1,5,"solo_trattato"
"cgroup_L5_70f8671b","GSE203174__GSE203174__medulloblastoma_C138498_vs_normal__1","GSE203174",2,5,"nessuno"
"cgroup_L5_c2cce144","GSE151063__GSE151063__group_0001_vs_group_0002__1","GSE151063",37,1,"solo_controllo"
"cgroup_L5_c2cce144","GSE182824__GSE182824__multiple_myeloma_vs_control__1","GSE182824",14,20,"nessuno"
"cgroup_L5_c2cce144","GSE205301__GSE205301__grp_0008_vs_grp_0001__1","GSE205301",9,9,"nessuno"
"cgroup_L5_c2cce144","GSE205301__GSE205301__grp_0009_vs_grp_0001__1","GSE205301",3,9,"nessuno"
"cgroup_L5_c2cce144","GSE205301__GSE205301__grp_0010_vs_grp_0001__1","GSE205301",6,9,"nessuno"
"cgroup_L5_12212e41","GSE126427__GSE126427__ms_vs_healthy_control__1","GSE126427",1,2,"solo_trattato"
"cgroup_L5_12212e41","GSE137619__GSE137619__group_0001_vs_group_0003__1","GSE137619",2,1,"solo_controllo"
"cgroup_L5_12212e41","GSE137619__GSE137619__group_0002_vs_group_0004__1","GSE137619",4,5,"nessuno"
"cgroup_L5_12212e41","GSE138614__GSE138614__MS1_vs_C1_Control__1","GSE138614",5,2,"nessuno"
"cgroup_L5_12212e41","GSE138614__GSE138614__MS10_vs_C1_Control__1","GSE138614",4,2,"nessuno"
"cgroup_L5_12212e41","GSE138614__GSE138614__MS3_vs_C1_Control__1","GSE138614",8,2,"nessuno"
"cgroup_L5_12212e41","GSE138614__GSE138614__MS3_NAWM_vs_C1_Control__1","GSE138614",1,2,"solo_trattato"
"cgroup_L5_12212e41","GSE138614__GSE138614__MS4_vs_C1_Control__1","GSE138614",1,2,"solo_trattato"
"cgroup_L5_12212e41","GSE138614__GSE138614__MS4_Control_vs_C1_Control__1","GSE138614",8,2,"nessuno"
"cgroup_L5_12212e41","GSE138614__GSE138614__MS5_vs_C1_Control__1","GSE138614",2,2,"nessuno"
"cgroup_L5_12212e41","GSE138614__GSE138614__MS5_Control_vs_C1_Control__1","GSE138614",4,2,"nessuno"
"cgroup_L5_12212e41","GSE138614__GSE138614__MS6_vs_C1_Control__1","GSE138614",7,2,"nessuno"
"cgroup_L5_12212e41","GSE138614__GSE138614__MS6_Control_vs_C1_Control__1","GSE138614",3,2,"nessuno"
"cgroup_L5_12212e41","GSE138614__GSE138614__MS7_vs_C1_Control__1","GSE138614",4,2,"nessuno"
"cgroup_L5_12212e41","GSE138614__GSE138614__MS8_vs_C1_Control__1","GSE138614",9,2,"nessuno"
"cgroup_L5_12212e41","GSE138614__GSE138614__MS9_vs_C1_Control__1","GSE138614",8,2,"nessuno"
"cgroup_L5_12212e41","GSE159225__GSE159225__ms_case_vs_healthy_control__1","GSE159225",11,3,"nessuno"
"cgroup_L5_12212e41","GSE168527__GSE168527__grp_0002_vs_grp_0003__1","GSE168527",3,4,"nessuno"
"cgroup_L5_12212e41","GSE168527__GSE168527__grp_0007_vs_grp_0008__1","GSE168527",3,2,"nessuno"
"cgroup_L5_12212e41","GSE173789__GSE173789__MS_vs_HC__1","GSE173789",21,9,"nessuno"
"cgroup_L5_12212e41","GSE180760__GSE180760__MS_Monocyte_derived_dendritic_cells_vs_Healthy_Monocyte_derived_dendritic_cells__1","GSE180760",3,4,"nessuno"
"cgroup_L5_12212e41","GSE250037__GSE250037__group_0001_vs_group_0002__1","GSE250037",5,2,"nessuno"
"cgroup_L5_12212e41","GSE89843__GSE89843__Multiple_Sclerosis_2_vs_Healthy_Control__1","GSE89843",46,5,"nessuno"
"cgroup_L5_d6fad784","GSE157428__GSE157428__DM1_vs_Healthy__1","GSE157428",15,4,"nessuno"
"cgroup_L5_d6fad784","GSE228458__GSE228458__grp_0003_vs_grp_0004__1","GSE228458",4,1,"solo_controllo"
"cgroup_L5_d6fad784","GSE86356__GSE86356__grp_0001_vs_grp_0004__1","GSE86356",1,4,"solo_trattato"
"cgroup_L5_d6fad784","GSE86356__GSE86356__grp_0002_vs_grp_0016__1","GSE86356",4,3,"nessuno"
"cgroup_L5_d6fad784","GSE86356__GSE86356__grp_0009_vs_grp_0004__1","GSE86356",4,4,"nessuno"
"cgroup_L5_d6fad784","GSE86356__GSE86356__grp_0010_vs_grp_0004__1","GSE86356",3,4,"nessuno"
"cgroup_L5_d6fad784","GSE86356__GSE86356__grp_0011_vs_grp_0004__1","GSE86356",2,4,"nessuno"
"cgroup_L5_d6fad784","GSE86356__GSE86356__grp_0015_vs_grp_0016__1","GSE86356",7,3,"nessuno"
"cgroup_L5_d6fad784","GSE86356__GSE86356__grp_0019_vs_grp_0004__1","GSE86356",1,4,"solo_trattato"
"cgroup_L5_d6fad784","GSE86356__GSE86356__grp_0021_vs_grp_0004__1","GSE86356",19,4,"nessuno"
"cgroup_L5_d6fad784","GSE86356__GSE86356__grp_0024_vs_grp_0027__1","GSE86356",40,1,"solo_controllo"
"cgroup_L5_d6fad784","GSE86356__GSE86356__grp_0025_vs_grp_0027__1","GSE86356",1,1,"entrambi"
"cgroup_L5_d6fad784","GSE86356__GSE86356__grp_0026_vs_grp_0027__1","GSE86356",1,1,"entrambi"
"cgroup_L5_d6fad784","GSE86356__GSE86356__grp_0030_vs_grp_0027__1","GSE86356",4,1,"solo_controllo"
"cgroup_L5_469db990","GSE125342__GSE125342__NaHS_vs_control__1","GSE125342",3,3,"nessuno"
"cgroup_L5_469db990","GSE148985__GSE148985__grp_0002_vs_grp_0001__1","GSE148985",2,3,"nessuno"
"cgroup_L5_469db990","GSE148985__GSE148985__grp_0003_vs_grp_0001__1","GSE148985",1,3,"solo_trattato"
"cgroup_L5_469db990","GSE148985__GSE148985__grp_0005_vs_grp_0004__1","GSE148985",2,2,"nessuno"
"cgroup_L5_469db990","GSE193660__GSE193660__grp_0003_vs_grp_0002__1","GSE193660",3,3,"nessuno"
"cgroup_L5_3824dc37","GSE115193__GSE115193__NASH_vs_healthy__1","GSE115193",3,2,"nessuno"
"cgroup_L5_3824dc37","GSE126848__GSE126848__NASH_vs_healthy__1","GSE126848",15,14,"nessuno"
"cgroup_L5_3824dc37","GSE134422__GSE134422__nash_vs_healthy__1","GSE134422",2,3,"nessuno"
"cgroup_L5_3824dc37","GSE147304__GSE147304__nash_vs_none__1","GSE147304",5,1,"solo_controllo"
"cgroup_L5_3824dc37","GSE147304__GSE147304__nash_vs_control__1","GSE147304",5,4,"nessuno"
"cgroup_L5_3824dc37","GSE162694__GSE162694__nash_case_vs_normal_control__1","GSE162694",1,22,"solo_trattato"
"cgroup_L5_3824dc37","GSE162694__GSE162694__nash_case_vs_normal_control__2","GSE162694",1,3,"solo_trattato"
"cgroup_L5_3824dc37","GSE173735__GSE173735__NASH_vs_Healthy__1","GSE173735",4,4,"nessuno"
"cgroup_L5_3824dc37","GSE212741__GSE212741__NASH_vs_normal__1","GSE212741",3,2,"nessuno"
"cgroup_L5_35d1be10","GSE111009__GSE111009__grp_0002_vs_grp_0001__1","GSE111009",1,7,"solo_trattato"
"cgroup_L5_35d1be10","GSE111009__GSE111009__grp_0003_vs_grp_0001__1","GSE111009",4,7,"nessuno"
"cgroup_L5_35d1be10","GSE111009__GSE111009__grp_0005_vs_grp_0004__1","GSE111009",2,2,"nessuno"
"cgroup_L5_35d1be10","GSE111009__GSE111009__grp_0006_vs_grp_0001__1","GSE111009",1,7,"solo_trattato"
"cgroup_L5_35d1be10","GSE111009__GSE111009__grp_0007_vs_grp_0001__1","GSE111009",1,7,"solo_trattato"
"cgroup_L5_35d1be10","GSE111009__GSE111009__grp_0009_vs_grp_0008__1","GSE111009",1,3,"solo_trattato"
"cgroup_L5_35d1be10","GSE111009__GSE111009__grp_0010_vs_grp_0008__1","GSE111009",1,3,"solo_trattato"
"cgroup_L5_35d1be10","GSE111009__GSE111009__grp_0011_vs_grp_0008__1","GSE111009",1,3,"solo_trattato"
"cgroup_L5_35d1be10","GSE135870__GSE135870__grp_0005_vs_grp_0002__1","GSE135870",5,5,"nessuno"
"cgroup_L5_35d1be10","GSE137297__GSE137297__grp_0002_vs_grp_0001__1","GSE137297",2,1,"solo_controllo"
"cgroup_L5_35d1be10","GSE137297__GSE137297__grp_0006_vs_grp_0005__1","GSE137297",1,2,"solo_trattato"
"cgroup_L5_35d1be10","GSE137297__GSE137297__grp_0007_vs_grp_0003__1","GSE137297",1,1,"entrambi"
"cgroup_L5_35d1be10","GSE137297__GSE137297__grp_0009_vs_grp_0008__1","GSE137297",2,1,"solo_controllo"
"cgroup_L5_35d1be10","GSE137297__GSE137297__grp_0010_vs_grp_0004__1","GSE137297",3,4,"nessuno"
"cgroup_L5_35d1be10","GSE139003__GSE139003__Nutlin-3a_6h_vs_DMSO__1","GSE139003",2,2,"nessuno"
"cgroup_L5_35d1be10","GSE139003__GSE139003__Nutlin-3a_9h_vs_DMSO__1","GSE139003",2,2,"nessuno"
"cgroup_L5_35d1be10","GSE139003__GSE139003__Nutlin-3a_12h_vs_DMSO__1","GSE139003",2,2,"nessuno"
"cgroup_L5_35d1be10","GSE147699__GSE147699__grp_0002_vs_grp_0001__1","GSE147699",2,2,"nessuno"
"cgroup_L5_35d1be10","GSE147699__GSE147699__grp_0004_vs_grp_0003__1","GSE147699",1,2,"solo_trattato"
"cgroup_L5_35d1be10","GSE147699__GSE147699__grp_0007_vs_grp_0005__1","GSE147699",1,1,"entrambi"
"cgroup_L5_35d1be10","GSE147699__GSE147699__grp_0009_vs_grp_0006__1","GSE147699",1,1,"entrambi"
"cgroup_L5_35d1be10","GSE147699__GSE147699__grp_0008_vs_grp_0003__1","GSE147699",1,2,"solo_trattato"
"cgroup_L5_35d1be10","GSE147701__GSE147701__grp_0002_vs_grp_0001__1","GSE147701",1,2,"solo_trattato"
"cgroup_L5_35d1be10","GSE147701__GSE147701__grp_0004_vs_grp_0003__1","GSE147701",1,2,"solo_trattato"
"cgroup_L5_35d1be10","GSE148342__GSE148342__nutlin-3a_vs_control__1","GSE148342",2,4,"nessuno"
"cgroup_L5_35d1be10","GSE173483__GSE173483__grp_0002_vs_grp_0001__1","GSE173483",3,3,"nessuno"
"cgroup_L5_35d1be10","GSE173483__GSE173483__grp_0005_vs_grp_0003__1","GSE173483",1,2,"solo_trattato"
"cgroup_L5_35d1be10","GSE173483__GSE173483__grp_0006_vs_grp_0004__1","GSE173483",4,4,"nessuno"
"cgroup_L5_35d1be10","GSE173483__GSE173483__grp_0007_vs_grp_0004__1","GSE173483",1,4,"solo_trattato"
"cgroup_L5_35d1be10","GSE189133__GSE189133__grp_0003_vs_grp_0001__1","GSE189133",1,2,"solo_trattato"
"cgroup_L5_35d1be10","GSE80716__GSE80716__Nutlin-3a_vs_DMSO__1","GSE80716",3,3,"nessuno"
"cgroup_L5_3ec58cd6","GSE126848__GSE126848__obese_vs_healthy__1","GSE126848",8,14,"nessuno"
"cgroup_L5_3ec58cd6","GSE134580__GSE134580__grp_0003_vs_grp_0001__1","GSE134580",8,2,"nessuno"
"cgroup_L5_3ec58cd6","GSE168705__GSE168705__grp_0002_vs_grp_0001__1","GSE168705",32,36,"nessuno"
"cgroup_L5_3ec58cd6","GSE196387__GSE196387__obese_vs_healthy__1","GSE196387",6,6,"nessuno"
"cgroup_L5_3ec58cd6","GSE205668__GSE205668__grp_obese_1_vs_grp_normal_weight_1__1","GSE205668",16,20,"nessuno"
"cgroup_L5_3ec58cd6","GSE205668__GSE205668__grp_obese_2_vs_grp_normal_weight_2__1","GSE205668",10,15,"nessuno"
"cgroup_L5_3ec58cd6","GSE213465__GSE213465__obese_vs_normal__1","GSE213465",4,4,"nessuno"
"cgroup_L5_3ec58cd6","GSE95243__GSE95243__grp_0002_vs_grp_0003__1","GSE95243",5,5,"nessuno"
"cgroup_L5_74daf1c9","GSE125866__GSE125866__OSCC_011T_vs_Normal_mucosa__1","GSE125866",1,2,"solo_trattato"
"cgroup_L5_74daf1c9","GSE125866__GSE125866__OSCC_013T_vs_Normal_mucosa__1","GSE125866",1,2,"solo_trattato"
"cgroup_L5_74daf1c9","GSE125866__GSE125866__OSCC_mucosa_vs_Normal_mucosa__1","GSE125866",4,2,"nessuno"
"cgroup_L5_74daf1c9","GSE171638__GSE171638__Treg_Donor_1_OSCC_vs_Treg_Donor_1_no_treatment__1","GSE171638",3,3,"nessuno"
"cgroup_L5_74daf1c9","GSE221398__GSE221398__group_0002_vs_group_0001__1","GSE221398",2,3,"nessuno"
"cgroup_L5_74daf1c9","GSE246050__GSE246050__oscc_case_vs_normal_control__1","GSE246050",2,3,"nessuno"
"cgroup_L5_3fa847fe","GSE110606__GSE110606__grp_0001_vs_grp_0002__1","GSE110606",1,1,"entrambi"
"cgroup_L5_3fa847fe","GSE163552__GSE163552__OA_patients_vs_healthy_controls__1","GSE163552",3,3,"nessuno"
"cgroup_L5_3fa847fe","GSE179716__GSE179716__OA_chondrocytes_vs_Normal_chondrocytes__1","GSE179716",6,1,"solo_controllo"
"cgroup_L5_3fa847fe","GSE185064__GSE185064__OA_vs_Healthy__1","GSE185064",2,4,"nessuno"
"cgroup_L5_3fa847fe","GSE89408__GSE89408__oa_vs_normal__1","GSE89408",4,25,"nessuno"
"cgroup_L5_67e7722b","GSE224257__GSE224257__grp_0002_vs_grp_0001__1","GSE224257",4,2,"nessuno"
"cgroup_L5_67e7722b","GSE233420__GSE233420__grp_0001_vs_grp_0002__1","GSE233420",2,1,"solo_controllo"
"cgroup_L5_67e7722b","GSE240641__GSE240641__grp_0001_vs_grp_0003__1","GSE240641",2,6,"nessuno"
"cgroup_L5_37b0b276","GSE126209__GSE126209__grp_0002_vs_grp_0001__1","GSE126209",2,1,"solo_controllo"
"cgroup_L5_37b0b276","GSE218526__GSE218526__osteosarcoma_vs_control__1","GSE218526",10,5,"nessuno"
"cgroup_L5_37b0b276","GSE87624__GSE87624__osteosarcoma_vs_HO069B__1","GSE87624",15,1,"solo_controllo"
"cgroup_L5_37b0b276","GSE87624__GSE87624__osteosarcoma_vs_HO070B__1","GSE87624",15,1,"solo_controllo"
"cgroup_L5_37b0b276","GSE87624__GSE87624__osteosarcoma_vs_HO071B__1","GSE87624",15,1,"solo_controllo"
"cgroup_L5_37b0b276","GSE89930__GSE89930__osteosarcoma_vs_healthy__1","GSE89930",1,2,"solo_trattato"
"cgroup_L5_6e9f3913","GSE137238__GSE137238__grp_0001_vs_grp_0004__1","GSE137238",1,7,"solo_trattato"
"cgroup_L5_6e9f3913","GSE137238__GSE137238__grp_0001_vs_grp_0006__1","GSE137238",1,7,"solo_trattato"
"cgroup_L5_6e9f3913","GSE137238__GSE137238__grp_0001_vs_grp_0007__1","GSE137238",1,7,"solo_trattato"
"cgroup_L5_6e9f3913","GSE137238__GSE137238__grp_0001_vs_grp_0008__1","GSE137238",2,7,"nessuno"
"cgroup_L5_6e9f3913","GSE137238__GSE137238__grp_0001_vs_grp_0009__1","GSE137238",1,7,"solo_trattato"
"cgroup_L5_6e9f3913","GSE157936__GSE157936__grp_0002_vs_grp_0001__1","GSE157936",1,1,"entrambi"
"cgroup_L5_6e9f3913","GSE192410__GSE192410__ovarian_tumor_vs_normal__1","GSE192410",3,3,"nessuno"
"cgroup_L5_16aef109","GSE125248__GSE125248__grp_0002_vs_grp_0001__1","GSE125248",1,1,"entrambi"
"cgroup_L5_16aef109","GSE125250__GSE125250__grp_0002_vs_grp_0001__1","GSE125250",1,1,"entrambi"
"cgroup_L5_16aef109","GSE125251__GSE125251__grp_0002_vs_grp_0001__1","GSE125251",1,1,"entrambi"
"cgroup_L5_304e1195","GSE183947__GSE183947__grp_0004_vs_grp_0003__1","GSE183947",13,1,"solo_controllo"
"cgroup_L5_304e1195","GSE211322__GSE211322__grp_0006_vs_grp_0007__1","GSE211322",4,1,"solo_controllo"
"cgroup_L5_304e1195","GSE211322__GSE211322__grp_0006_vs_grp_0008__1","GSE211322",4,1,"solo_controllo"
"cgroup_L5_304e1195","GSE223179__GSE223179__grp_0002_vs_grp_0001__1","GSE223179",3,2,"nessuno"
"cgroup_L5_304e1195","GSE53698__GSE53698__grp_0002_vs_grp_0001__1","GSE53698",1,2,"solo_trattato"
"cgroup_L5_7784bb43","GSE128328__GSE128328__PCOS_vs_normal__1","GSE128328",3,3,"nessuno"
"cgroup_L5_7784bb43","GSE128328__GSE128328__PCOS_vs_normal_age_52__1","GSE128328",1,1,"entrambi"
"cgroup_L5_7784bb43","GSE130580__GSE130580__PCOS_vs_healthy__1","GSE130580",4,7,"nessuno"
"cgroup_L5_7784bb43","GSE156067__GSE156067__PCOS_Day_12_vs_Control_Day_12__1","GSE156067",3,1,"solo_controllo"
"cgroup_L5_7784bb43","GSE156067__GSE156067__PCOS_Day_3_vs_Control_Day_3__1","GSE156067",3,3,"nessuno"
"cgroup_L5_7784bb43","GSE156067__GSE156067__PCOS_Day_7_vs_Control_Day_7__1","GSE156067",3,3,"nessuno"
"cgroup_L5_7784bb43","GSE173160__GSE173160__PCOS_vs_Normal__1","GSE173160",4,2,"nessuno"
"cgroup_L5_7784bb43","GSE173160__GSE173160__PCOS_vs_Control__1","GSE173160",4,6,"nessuno"
"cgroup_L5_7784bb43","GSE193812__GSE193812__group_0001_vs_group_0002__1","GSE193812",4,2,"nessuno"
"cgroup_L5_7784bb43","GSE193812__GSE193812__group_0004_vs_group_0005__1","GSE193812",4,3,"nessuno"
"cgroup_L5_7784bb43","GSE226146__GSE226146__grp_0001_vs_grp_0003__1","GSE226146",2,3,"nessuno"
"cgroup_L5_7784bb43","GSE226146__GSE226146__grp_0002_vs_grp_0003__1","GSE226146",1,3,"solo_trattato"
"cgroup_L5_3de56a79","GSE133684__GSE133684__grp_0001_vs_grp_0003__1","GSE133684",19,55,"nessuno"
"cgroup_L5_3de56a79","GSE175436__GSE175436__pdac_patients_vs_healthy_controls__1","GSE175436",3,5,"nessuno"
"cgroup_L5_3de56a79","GSE210351__GSE210351__grp_0014_vs_grp_0001__1","GSE210351",4,1,"solo_controllo"
"cgroup_L5_3de56a79","GSE234760__GSE234760__PDAC_vs_normal__1","GSE234760",3,3,"nessuno"
"cgroup_L5_a747a14e","GSE208331__GSE208331__grp_0003_vs_grp_0001__1","GSE208331",3,3,"nessuno"
"cgroup_L5_a747a14e","GSE215411__GSE215411__PM2.5_vs_Control__1","GSE215411",3,3,"nessuno"
"cgroup_L5_a747a14e","GSE237795__GSE237795__grp_0002_vs_grp_0001__1","GSE237795",3,3,"nessuno"
"cgroup_L5_a747a14e","GSE243618__GSE243618__PM2.5_vs_Control__1","GSE243618",3,3,"nessuno"
"cgroup_L5_5801e974","GSE173387__GSE173387__grp_0001_vs_grp_0002__1","GSE173387",2,1,"solo_controllo"
"cgroup_L5_5801e974","GSE173387__GSE173387__grp_0001_vs_grp_0003__1","GSE173387",2,1,"solo_controllo"
"cgroup_L5_5801e974","GSE183732__GSE183732__grp_0001_vs_grp_0003__1","GSE183732",2,1,"solo_controllo"
"cgroup_L5_5801e974","GSE183732__GSE183732__grp_0002_vs_grp_0003__1","GSE183732",1,1,"entrambi"
"cgroup_L5_5801e974","GSE186117__GSE186117__grp_0003_vs_grp_0001__1","GSE186117",1,1,"entrambi"
"cgroup_L5_5801e974","GSE200977__GSE200977__PV_PBMC_vs_Healthy_PBMC__1","GSE200977",8,6,"nessuno"
"cgroup_L5_4b901bf1","GSE108743__GSE108743__grp_0001_vs_grp_0002__1","GSE108743",3,2,"nessuno"
"cgroup_L5_4b901bf1","GSE117405__GSE117405__conventional_psoriatic_skin_vs_healthy_control__1","GSE117405",7,2,"nessuno"
"cgroup_L5_4b901bf1","GSE139341__GSE139341__Teff_psoriasis_vs_Teff_healthy__1","GSE139341",4,5,"nessuno"
"cgroup_L5_4b901bf1","GSE139341__GSE139341__Treg_psoriasis_vs_Treg_healthy__1","GSE139341",3,5,"nessuno"
"cgroup_L5_4b901bf1","GSE139341__GSE139341__Treg_psoriasis_alt_vs_Treg_healthy__1","GSE139341",2,5,"nessuno"
"cgroup_L5_4b901bf1","GSE142582__GSE142582__grp_0002_vs_grp_0001__1","GSE142582",5,5,"nessuno"
"cgroup_L5_4b901bf1","GSE147339__GSE147339__psoriasis_vs_control__1","GSE147339",10,10,"nessuno"
"cgroup_L5_4b901bf1","GSE150851__GSE150851__grp_0001_vs_grp_0003__1","GSE150851",6,8,"nessuno"
"cgroup_L5_4b901bf1","GSE150851__GSE150851__grp_0002_vs_grp_0003__1","GSE150851",10,8,"nessuno"
"cgroup_L5_4b901bf1","GSE150851__GSE150851__grp_0004_vs_grp_0003__1","GSE150851",3,8,"nessuno"
"cgroup_L5_4b901bf1","GSE150851__GSE150851__grp_0006_vs_grp_0007__1","GSE150851",6,4,"nessuno"
"cgroup_L5_4b901bf1","GSE150851__GSE150851__grp_0006_vs_grp_0008__1","GSE150851",6,4,"nessuno"
"cgroup_L5_4b901bf1","GSE74697__GSE74697__grp_0004_vs_grp_0007__1","GSE74697",18,11,"nessuno"
"cgroup_L5_4b901bf1","GSE81106__GSE81106__grp_0001_vs_grp_0002__1","GSE81106",3,3,"nessuno"
"cgroup_L5_4b901bf1","GSE89725__GSE89725__Psoriasis_vs_Normal__1","GSE89725",3,2,"nessuno"
"cgroup_L5_4b901bf1","GSE92472__GSE92472__Psoriasis_vs_Healthy_control__1","GSE92472",1,1,"entrambi"
"cgroup_L5_36b956de","GSE64813__GSE64813__grp_0004_vs_grp_0002__1","GSE64813",12,20,"nessuno"
"cgroup_L5_36b956de","GSE83601__GSE83601__PTSD_vs_Healthy__1","GSE83601",1,5,"solo_trattato"
"cgroup_L5_36b956de","GSE83601__GSE83601__PTSD_vs_Healthy__2","GSE83601",1,5,"solo_trattato"
"cgroup_L5_36b956de","GSE97356__GSE97356__group_current_ptsd_perturbation_vs_group_current_no_perturbation__1","GSE97356",16,15,"nessuno"
"cgroup_L5_4753688f","GSE126517__GSE126517__grp_0006_vs_grp_0001__1","GSE126517",3,5,"nessuno"
"cgroup_L5_4753688f","GSE126517__GSE126517__grp_0007_vs_grp_0001__1","GSE126517",1,5,"solo_trattato"
"cgroup_L5_4753688f","GSE126775__GSE126775__grp_0001_vs_grp_0003__1","GSE126775",3,3,"nessuno"
"cgroup_L5_4753688f","GSE126775__GSE126775__grp_0002_vs_grp_0004__1","GSE126775",3,3,"nessuno"
"cgroup_L5_4753688f","GSE126775__GSE126775__grp_0007_vs_grp_0005__1","GSE126775",3,3,"nessuno"
"cgroup_L5_4753688f","GSE126775__GSE126775__grp_0008_vs_grp_0006__1","GSE126775",3,1,"solo_controllo"
"cgroup_L5_4753688f","GSE139393__GSE139393__grp_0003_vs_grp_0001__1","GSE139393",2,1,"solo_controllo"
"cgroup_L5_4753688f","GSE139393__GSE139393__grp_0003_vs_grp_0002__1","GSE139393",2,1,"solo_controllo"
"cgroup_L5_4753688f","GSE155272__GSE155272__grp_0004_vs_grp_0002__1","GSE155272",3,3,"nessuno"
"cgroup_L5_4753688f","GSE243454__GSE243454__grp_MCF7_R5020_10nM_vs_grp_MCF7_Vehicle__1","GSE243454",2,3,"nessuno"
"cgroup_L5_4753688f","GSE243454__GSE243454__grp_MCF7_R5020_10nM_Engineered_vs_grp_MCF7_Vehicle_Engineered__1","GSE243454",3,6,"nessuno"
"cgroup_L5_4753688f","GSE243454__GSE243454__grp_T47D_R5020_10nM_vs_grp_T47D_Vehicle__1","GSE243454",3,3,"nessuno"
"cgroup_L5_4753688f","GSE243454__GSE243454__grp_T47D_R5020_10nM_Engineered_vs_grp_T47D_Vehicle_Engineered__1","GSE243454",6,5,"nessuno"
"cgroup_L5_4753688f","GSE247777__GSE247777__grp_0004_vs_grp_0003__1","GSE247777",3,4,"nessuno"
"cgroup_L5_4753688f","GSE80365__GSE80365__grp_0001_vs_grp_0003__1","GSE80365",7,7,"nessuno"
"cgroup_L5_4753688f","GSE80365__GSE80365__grp_0002_vs_grp_0004__1","GSE80365",5,5,"nessuno"
"cgroup_L5_4753688f","GSE80366__GSE80366__grp_T47D_R5020_polyA_vs_grp_T47D_Vehicle__1","GSE80366",2,3,"nessuno"
"cgroup_L5_46a3a103","GSE195919__GSE195919__grp_0001_vs_grp_0005__1","GSE195919",2,5,"nessuno"
"cgroup_L5_46a3a103","GSE195919__GSE195919__grp_0009_vs_grp_0005__1","GSE195919",2,5,"nessuno"
"cgroup_L5_46a3a103","GSE195919__GSE195919__grp_0010_vs_grp_0005__1","GSE195919",1,5,"solo_trattato"
"cgroup_L5_46a3a103","GSE195919__GSE195919__grp_0011_vs_grp_0005__1","GSE195919",1,5,"solo_trattato"
"cgroup_L5_46a3a103","GSE195919__GSE195919__grp_0012_vs_grp_0005__1","GSE195919",1,5,"solo_trattato"
"cgroup_L5_46a3a103","GSE195919__GSE195919__grp_0013_vs_grp_0005__1","GSE195919",1,5,"solo_trattato"
"cgroup_L5_46a3a103","GSE196453__GSE196453__grp_0003_vs_grp_0001__1","GSE196453",2,2,"nessuno"
"cgroup_L5_46a3a103","GSE196453__GSE196453__grp_0004_vs_grp_0001__1","GSE196453",4,2,"nessuno"
"cgroup_L5_46a3a103","GSE196453__GSE196453__grp_0005_vs_grp_0001__1","GSE196453",6,2,"nessuno"
"cgroup_L5_46a3a103","GSE206225__GSE206225__grp_0011_vs_grp_0010__1","GSE206225",1,1,"entrambi"
"cgroup_L5_46a3a103","GSE206225__GSE206225__grp_0014_vs_grp_0010__1","GSE206225",2,1,"solo_controllo"
"cgroup_L5_46a3a103","GSE206225__GSE206225__grp_0015_vs_grp_0010__1","GSE206225",1,1,"entrambi"
"cgroup_L5_46a3a103","GSE222658__GSE222658__grp_0003_vs_grp_0001__1","GSE222658",3,3,"nessuno"
"cgroup_L5_46a3a103","GSE222992__GSE222992__grp_0004_vs_grp_0001__1","GSE222992",3,3,"nessuno"
"cgroup_L5_46a3a103","GSE222992__GSE222992__grp_0008_vs_grp_0005__1","GSE222992",3,3,"nessuno"
"cgroup_L5_46a3a103","GSE242108__GSE242108__SCVI15_Radiation_vs_SCVI15_Control__1","GSE242108",2,2,"nessuno"
"cgroup_L5_46a3a103","GSE242108__GSE242108__SCVI480_Radiation_vs_SCVI480_Control__1","GSE242108",2,1,"solo_controllo"
"cgroup_L5_46a3a103","GSE242706__GSE242706__grp_0003_vs_grp_0001__1","GSE242706",4,3,"nessuno"
"cgroup_L5_46a3a103","GSE242706__GSE242706__grp_0004_vs_grp_0002__1","GSE242706",4,3,"nessuno"
"cgroup_L5_46a3a103","GSE242706__GSE242706__grp_0008_vs_grp_0006__1","GSE242706",4,4,"nessuno"
"cgroup_L5_46a3a103","GSE242706__GSE242706__grp_0009_vs_grp_0007__1","GSE242706",4,5,"nessuno"
"cgroup_L5_46a3a103","GSE262746__GSE262746__grp_0007_vs_grp_0005__1","GSE262746",2,2,"nessuno"
"cgroup_L5_46a3a103","GSE86213__GSE86213__grp_0002_vs_grp_0001__1","GSE86213",1,1,"entrambi"
"cgroup_L5_067df4a3","GSE165548__GSE165548__grp_0021_vs_grp_0001__1","GSE165548",5,5,"nessuno"
"cgroup_L5_067df4a3","GSE190504__GSE190504__radiotherapy_vs_untreated__1","GSE190504",3,4,"nessuno"
"cgroup_L5_067df4a3","GSE190504__GSE190504__radiotherapy_vs_untreated_2__1","GSE190504",2,4,"nessuno"
"cgroup_L5_067df4a3","GSE208576__GSE208576__grp_radio_II_vs_grp_none_II__1","GSE208576",1,8,"solo_trattato"
"cgroup_L5_27f3255f","GSE111051__GSE111051__A549_RBM4_KD_vs_A549_control__1","GSE111051",1,2,"solo_trattato"
"cgroup_L5_27f3255f","GSE193919__GSE193919__grp_0002_vs_grp_0001__1","GSE193919",1,1,"entrambi"
"cgroup_L5_27f3255f","GSE194307__GSE194307__grp_0004_vs_grp_0002__1","GSE194307",1,1,"entrambi"
"cgroup_L5_27f3255f","GSE220613__GSE220613__grp_0001_vs_grp_0002__1","GSE220613",1,2,"solo_trattato"
"cgroup_L5_27f3255f","GSE220613__GSE220613__grp_0003_vs_grp_0002__1","GSE220613",1,2,"solo_trattato"
"cgroup_L5_27f3255f","GSE220613__GSE220613__grp_0004_vs_grp_0002__1","GSE220613",1,2,"solo_trattato"
"cgroup_L5_af8f3547","GSE113210__GSE113210__grp_0003_vs_grp_0022__1","GSE113210",2,7,"nessuno"
"cgroup_L5_af8f3547","GSE113210__GSE113210__grp_0017_vs_grp_0022__1","GSE113210",1,7,"solo_trattato"
"cgroup_L5_af8f3547","GSE164649__GSE164649__Rhinovirus_D2_vs_vehicle_D2__1","GSE164649",1,1,"entrambi"
"cgroup_L5_af8f3547","GSE164649__GSE164649__Rhinovirus_D6_vs_vehicle_D6__1","GSE164649",1,9,"solo_trattato"
"cgroup_L5_af8f3547","GSE164649__GSE164649__Rhinovirus_D9_vs_vehicle_D9__1","GSE164649",1,9,"solo_trattato"
"cgroup_L5_af8f3547","GSE166292__GSE166292__grp_0003_vs_grp_0001__1","GSE166292",37,13,"nessuno"
"cgroup_L5_522fa0c2","GSE122649__GSE122649__grp_0003_vs_grp_0004__1","GSE122649",19,4,"nessuno"
"cgroup_L5_522fa0c2","GSE122649__GSE122649__grp_0003_vs_grp_0005__1","GSE122649",19,4,"nessuno"
"cgroup_L5_522fa0c2","GSE122649__GSE122649__grp_0006_vs_grp_0004__1","GSE122649",1,4,"solo_trattato"
"cgroup_L5_522fa0c2","GSE122649__GSE122649__grp_0006_vs_grp_0005__1","GSE122649",1,4,"solo_trattato"
"cgroup_L5_522fa0c2","GSE122649__GSE122649__grp_0007_vs_grp_0004__1","GSE122649",1,4,"solo_trattato"
"cgroup_L5_522fa0c2","GSE122649__GSE122649__grp_0007_vs_grp_0005__1","GSE122649",1,4,"solo_trattato"
"cgroup_L5_522fa0c2","GSE122649__GSE122649__grp_0008_vs_grp_0004__1","GSE122649",1,4,"solo_trattato"
"cgroup_L5_522fa0c2","GSE122649__GSE122649__grp_0008_vs_grp_0005__1","GSE122649",1,4,"solo_trattato"
"cgroup_L5_522fa0c2","GSE138691__GSE138691__sALS_PBMC_3601_vs_Control_blood__1","GSE138691",1,4,"solo_trattato"
"cgroup_L5_522fa0c2","GSE138691__GSE138691__sALS_PBMC_77_vs_Control_blood__1","GSE138691",1,4,"solo_trattato"
"cgroup_L5_522fa0c2","GSE234297__GSE234297__grp_0003_vs_grp_0001__1","GSE234297",96,3,"nessuno"
"cgroup_L5_522fa0c2","GSE234297__GSE234297__grp_0003_vs_grp_0002__1","GSE234297",96,45,"nessuno"
"cgroup_L5_522fa0c2","GSE52946__GSE52946__grp_0003_vs_grp_0005__1","GSE52946",7,6,"nessuno"
"cgroup_L5_522fa0c2","GSE67196__GSE67196__grp_0001_vs_grp_0002__1","GSE67196",2,7,"nessuno"
"cgroup_L5_522fa0c2","GSE67196__GSE67196__grp_0004_vs_grp_0002__1","GSE67196",3,7,"nessuno"
"cgroup_L5_522fa0c2","GSE67196__GSE67196__grp_0005_vs_grp_0002__1","GSE67196",4,7,"nessuno"
"cgroup_L5_522fa0c2","GSE67196__GSE67196__grp_0012_vs_grp_0011__1","GSE67196",1,9,"solo_trattato"
"cgroup_L5_d5e39a5d","GSE111006__GSE111006__sarcopenia_case_vs_normal_control__1","GSE111006",3,3,"nessuno"
"cgroup_L5_d5e39a5d","GSE111006__GSE111006__sarcopenia_comparison_vs_normal_control__1","GSE111006",1,3,"solo_trattato"
"cgroup_L5_d5e39a5d","GSE111010__GSE111010__grp_0001_vs_grp_0002__1","GSE111010",8,19,"nessuno"
"cgroup_L5_d5e39a5d","GSE111010__GSE111010__grp_0004_vs_grp_0006__1","GSE111010",1,9,"solo_trattato"
"cgroup_L5_d5e39a5d","GSE111016__GSE111016__sarcopenia_vs_healthy__1","GSE111016",18,15,"nessuno"
"cgroup_L5_d5e39a5d","GSE226151__GSE226151__sarcopenia_55_years_vs_healthy_aged__1","GSE226151",11,20,"nessuno"
"cgroup_L5_d5e39a5d","GSE226151__GSE226151__sarcopenia_63_years_vs_healthy_aged__1","GSE226151",9,20,"nessuno"
"cgroup_L5_aecd610f","GSE107638__GSE107638__grp_Cyto_SZ_vs_grp_Cyto_Control__1","GSE107638",3,3,"nessuno"
"cgroup_L5_aecd610f","GSE107638__GSE107638__grp_NeuN_SZ_vs_grp_NeuN_Control__1","GSE107638",23,27,"nessuno"
"cgroup_L5_aecd610f","GSE107638__GSE107638__grp_OLIG2_SZ_vs_grp_OLIG2_Control__1","GSE107638",17,22,"nessuno"
"cgroup_L5_aecd610f","GSE112523__GSE112523__grp_schizophrenia_1_vs_grp_control_1__1","GSE112523",4,12,"nessuno"
"cgroup_L5_aecd610f","GSE112523__GSE112523__grp_schizophrenia_2_vs_grp_control_1__1","GSE112523",3,12,"nessuno"
"cgroup_L5_aecd610f","GSE118313__GSE118313__grp_0003_vs_grp_0001__1","GSE118313",4,7,"nessuno"
"cgroup_L5_aecd610f","GSE118313__GSE118313__grp_0003_vs_grp_0004__1","GSE118313",4,5,"nessuno"
"cgroup_L5_aecd610f","GSE121376__GSE121376__grp_0001_vs_grp_0002__1","GSE121376",28,28,"nessuno"
"cgroup_L5_aecd610f","GSE132689__GSE132689__grp_0001_vs_grp_0003__1","GSE132689",3,7,"nessuno"
"cgroup_L5_aecd610f","GSE138082__GSE138082__CA1_schizophrenia_OFF_vs_CA1_control_OFF__1","GSE138082",3,2,"nessuno"
"cgroup_L5_aecd610f","GSE138082__GSE138082__CA3_schizophrenia_OFF_vs_CA3_control_OFF__1","GSE138082",1,13,"solo_trattato"
"cgroup_L5_aecd610f","GSE182875__GSE182875__schz_cort_neuron_NSC352_vs_ctrl_cort_neuron_NSC353__1","GSE182875",1,1,"entrambi"
"cgroup_L5_aecd610f","GSE182875__GSE182875__schz_cort_neuron_NSC413_vs_ctrl_cort_neuron_NSC353__1","GSE182875",1,1,"entrambi"
"cgroup_L5_aecd610f","GSE182875__GSE182875__schz_cort_neuron_NSC416_vs_ctrl_cort_neuron_NSC353__1","GSE182875",1,1,"entrambi"
"cgroup_L5_aecd610f","GSE182875__GSE182875__schz_cort_neuron_NSC418_vs_ctrl_cort_neuron_NSC353__1","GSE182875",1,1,"entrambi"
"cgroup_L5_aecd610f","GSE182875__GSE182875__schz_cort_neuron_NSC486_vs_ctrl_cort_neuron_NSC353__1","GSE182875",1,1,"entrambi"
"cgroup_L5_aecd610f","GSE182875__GSE182875__schz_cort_neuron_NSC624_vs_ctrl_cort_neuron_NSC353__1","GSE182875",1,1,"entrambi"
"cgroup_L5_aecd610f","GSE182875__GSE182875__schz_npc_vs_ctrl_npc_353__1","GSE182875",7,3,"nessuno"
"cgroup_L5_aecd610f","GSE182875__GSE182875__schz_npc_vs_ctrl_npc_354__1","GSE182875",7,3,"nessuno"
"cgroup_L5_aecd610f","GSE184102__GSE184102__grp_0001_vs_grp_0007__1","GSE184102",2,2,"nessuno"
"cgroup_L5_aecd610f","GSE191248__GSE191248__schizophrenia_vs_healthy__1","GSE191248",5,1,"solo_controllo"
"cgroup_L5_aecd610f","GSE191248__GSE191248__schizophrenia_vs_healthy_2__1","GSE191248",5,1,"solo_controllo"
"cgroup_L5_aecd610f","GSE191248__GSE191248__schizophrenia_vs_healthy_3__1","GSE191248",5,9,"nessuno"
"cgroup_L5_aecd610f","GSE228881__GSE228881__grp_0001_vs_grp_0004__1","GSE228881",2,10,"nessuno"
"cgroup_L5_aecd610f","GSE263180__GSE263180__schizophrenia_vs_healthy_control_none__1","GSE263180",9,2,"nessuno"
"cgroup_L5_aecd610f","GSE46562__GSE46562__grp_0011_vs_grp_0014__1","GSE46562",2,1,"solo_controllo"
"cgroup_L5_aecd610f","GSE78936__GSE78936__grp_0004_vs_grp_0001__1","GSE78936",24,4,"nessuno"
"cgroup_L5_aecd610f","GSE78936__GSE78936__grp_0009_vs_grp_0002__1","GSE78936",4,2,"nessuno"
"cgroup_L5_aecd610f","GSE80655__GSE80655__Schizophrenia_AnCg_Age58_vs_Control_AnCg_Age48__1","GSE80655",1,1,"entrambi"
"cgroup_L5_aecd610f","GSE80655__GSE80655__Schizophrenia_brain_Age35_vs_Control_brain_Age70__1","GSE80655",19,7,"nessuno"
"cgroup_L5_aecd610f","GSE80655__GSE80655__Schizophrenia_brain_Age36_vs_Control_brain_Age70__1","GSE80655",4,7,"nessuno"
"cgroup_L5_aecd610f","GSE80655__GSE80655__Schizophrenia_brain_Age31_vs_Control_brain_Age41__1","GSE80655",19,9,"nessuno"
"cgroup_L5_aecd610f","GSE80655__GSE80655__Schizophrenia_brain_Age63_vs_Control_brain_Age41__1","GSE80655",4,9,"nessuno"
"cgroup_L5_aecd610f","GSE80655__GSE80655__Schizophrenia_DLPFC_Age35_vs_Control_DLPFC_Age32__1","GSE80655",24,19,"nessuno"
"cgroup_L5_aecd610f","GSE86906__GSE86906__grp_0001_vs_grp_0003__1","GSE86906",3,7,"nessuno"
"cgroup_L5_aecd610f","GSE86906__GSE86906__grp_0002_vs_grp_0003__1","GSE86906",18,7,"nessuno"
"cgroup_L5_aecd610f","GSE86906__GSE86906__grp_0010_vs_grp_0003__1","GSE86906",1,7,"solo_trattato"
"cgroup_L5_75110535","GSE189208__GSE189208__grp_0004_vs_grp_0001__1","GSE189208",1,1,"entrambi"
"cgroup_L5_75110535","GSE189208__GSE189208__grp_0004_vs_grp_0002__1","GSE189208",1,1,"entrambi"
"cgroup_L5_75110535","GSE191055__GSE191055__group_0001_vs_group_0002__1","GSE191055",3,1,"solo_controllo"
"cgroup_L5_75110535","GSE191055__GSE191055__group_0001_vs_group_0003__1","GSE191055",3,1,"solo_controllo"
"cgroup_L5_75110535","GSE97265__GSE97265__grp_0001_vs_grp_0002__1","GSE97265",1,1,"entrambi"
"cgroup_L5_df599af1","GSE122274__GSE122274__grp_0009_vs_grp_0007__1","GSE122274",2,2,"nessuno"
"cgroup_L5_df599af1","GSE163196__GSE163196__sepsis_vs_healthy__1","GSE163196",5,3,"nessuno"
"cgroup_L5_df599af1","GSE163196__GSE163196__sepsis_vs_healthy__2","GSE163196",1,3,"solo_trattato"
"cgroup_L5_df599af1","GSE185263__GSE185263__sepsis_vs_healthy__1","GSE185263",37,1,"solo_controllo"
"cgroup_L5_df599af1","GSE186054__GSE186054__sepsis_vs_healthy__1","GSE186054",3,3,"nessuno"
"cgroup_L5_df599af1","GSE217700__GSE217700__sepsis_vs_healthy__1","GSE217700",1,1,"entrambi"
"cgroup_L5_df599af1","GSE232753__GSE232753__sepsis_vs_none__1","GSE232753",20,8,"nessuno"
"cgroup_L5_df599af1","GSE237861__GSE237861__brain_prefrontal_cortex_sepsis_vs_control__1","GSE237861",5,7,"nessuno"
"cgroup_L5_df599af1","GSE237861__GSE237861__colon_sepsis_vs_control__1","GSE237861",5,7,"nessuno"
"cgroup_L5_df599af1","GSE237861__GSE237861__heart_sepsis_vs_control__1","GSE237861",2,7,"nessuno"
"cgroup_L5_df599af1","GSE237861__GSE237861__heart_sepsis_induced_vs_control__1","GSE237861",5,7,"nessuno"
"cgroup_L5_df599af1","GSE237861__GSE237861__hippocampus_sepsis_vs_control__1","GSE237861",2,7,"nessuno"
"cgroup_L5_df599af1","GSE237861__GSE237861__hippocampus_sepsis_induced_vs_control__1","GSE237861",5,7,"nessuno"
"cgroup_L5_df599af1","GSE237861__GSE237861__kidney_sepsis_vs_control__1","GSE237861",5,7,"nessuno"
"cgroup_L5_df599af1","GSE237861__GSE237861__lung_sepsis_vs_control__1","GSE237861",3,7,"nessuno"
"cgroup_L5_df599af1","GSE237861__GSE237861__lung_sepsis_induced_vs_control__1","GSE237861",1,7,"solo_trattato"
"cgroup_L5_df599af1","GSE237861__GSE237861__lung_sepsis_induced_2_vs_control__1","GSE237861",1,7,"solo_trattato"
"cgroup_L5_df599af1","GSE237861__GSE237861__prefrontal_brain_cortex_sepsis_vs_control__1","GSE237861",1,7,"solo_trattato"
"cgroup_L5_a90d3d64","GSE249954__GSE249954__siKRAS_72h_vs_siControl_72h__1","GSE249954",1,1,"entrambi"
"cgroup_L5_a90d3d64","GSE249954__GSE249954__siKRAS_12h_vs_siControl_12h__1","GSE249954",1,1,"entrambi"
"cgroup_L5_a90d3d64","GSE249954__GSE249954__siKRAS_24h_vs_siControl_24h__1","GSE249954",1,1,"entrambi"
"cgroup_L5_a90d3d64","GSE249954__GSE249954__siKRAS_48h_vs_siControl_48h__1","GSE249954",1,1,"entrambi"
"cgroup_L5_a90d3d64","GSE250117__GSE250117__siKRAS_12h_vs_siControl_12h__1","GSE250117",1,1,"entrambi"
"cgroup_L5_a90d3d64","GSE250117__GSE250117__siKRAS_24h_vs_siControl_24h__1","GSE250117",1,1,"entrambi"
"cgroup_L5_a90d3d64","GSE250117__GSE250117__siKRAS_48h_vs_siControl_48h__1","GSE250117",1,1,"entrambi"
"cgroup_L5_a90d3d64","GSE250117__GSE250117__siKRAS_72h_vs_siControl_72h__1","GSE250117",1,1,"entrambi"
"cgroup_L5_a90d3d64","GSE250118__GSE250118__siKRAS_12h_vs_siControl_12h__1","GSE250118",1,1,"entrambi"
"cgroup_L5_a90d3d64","GSE250118__GSE250118__siKRAS_24h_vs_siControl_24h__1","GSE250118",1,1,"entrambi"
"cgroup_L5_a90d3d64","GSE250118__GSE250118__siKRAS_48h_vs_siControl_48h__1","GSE250118",1,1,"entrambi"
"cgroup_L5_a90d3d64","GSE250118__GSE250118__siKRAS_72h_vs_siControl_72h__1","GSE250118",1,1,"entrambi"
"cgroup_L5_a90d3d64","GSE254832__GSE254832__grp_0002_vs_grp_0001__1","GSE254832",1,2,"solo_trattato"
"cgroup_L5_a90d3d64","GSE254833__GSE254833__grp_0002_vs_grp_0001__1","GSE254833",2,2,"nessuno"
"cgroup_L5_eedd08cb","GSE146547__GSE146547__grp_0003_vs_grp_0002__1","GSE146547",2,3,"nessuno"
"cgroup_L5_eedd08cb","GSE146802__GSE146802__grp_0003_vs_grp_0002__1","GSE146802",3,1,"solo_controllo"
"cgroup_L5_eedd08cb","GSE146805__GSE146805__grp_0002_vs_grp_0001__1","GSE146805",3,3,"nessuno"
"cgroup_L5_eedd08cb","GSE161087__GSE161087__A549_igf2bp1_knockdown_vs_A549_control__1","GSE161087",3,3,"nessuno"
"cgroup_L5_eedd08cb","GSE161087__GSE161087__PANC1_igf2bp1_knockdown_vs_PANC1_control__1","GSE161087",3,1,"solo_controllo"
"cgroup_L5_844de383","GSE145065__GSE145065__Sjogren_case_vs_healthy_control__1","GSE145065",2,3,"nessuno"
"cgroup_L5_844de383","GSE154926__GSE154926__grp_0005_vs_grp_0007__1","GSE154926",39,6,"nessuno"
"cgroup_L5_844de383","GSE173670__GSE173670__grp_0001_vs_grp_0002__1","GSE173670",12,10,"nessuno"
"cgroup_L5_844de383","GSE199868__GSE199868__grp_0003_vs_grp_0005__1","GSE199868",14,12,"nessuno"
"cgroup_L5_844de383","GSE200020__GSE200020__primary_sjogrens_syndrome_vs_healthy_control__1","GSE200020",23,4,"nessuno"
"cgroup_L5_844de383","GSE92472__GSE92472__Sjogren's_syndrome_vs_Healthy_control__1","GSE92472",1,1,"entrambi"
"cgroup_L5_64c55823","GSE101353__GSE101353__grp_0002_vs_grp_0001__1","GSE101353",3,1,"solo_controllo"
"cgroup_L5_64c55823","GSE101353__GSE101353__grp_0003_vs_grp_0001__1","GSE101353",1,1,"entrambi"
"cgroup_L5_64c55823","GSE101353__GSE101353__grp_0004_vs_grp_0001__1","GSE101353",3,1,"solo_controllo"
"cgroup_L5_64c55823","GSE101353__GSE101353__grp_0006_vs_grp_0001__1","GSE101353",1,1,"entrambi"
"cgroup_L5_64c55823","GSE101353__GSE101353__grp_0007_vs_grp_0001__1","GSE101353",1,1,"entrambi"
"cgroup_L5_64c55823","GSE101353__GSE101353__grp_0012_vs_grp_0008__1","GSE101353",6,1,"solo_controllo"
"cgroup_L5_64c55823","GSE101353__GSE101353__grp_0013_vs_grp_0008__1","GSE101353",2,1,"solo_controllo"
"cgroup_L5_64c55823","GSE101353__GSE101353__grp_0020_vs_grp_0022__1","GSE101353",5,1,"solo_controllo"
"cgroup_L5_64c55823","GSE101353__GSE101353__grp_0028_vs_grp_0022__1","GSE101353",1,1,"entrambi"
"cgroup_L5_64c55823","GSE102556__GSE102556__CTRL_smoking_vs_CTRL_postmortem__1","GSE102556",1,1,"entrambi"
"cgroup_L5_64c55823","GSE102556__GSE102556__CTRL_smoking_vs_CTRL_postmortem__2","GSE102556",1,1,"entrambi"
"cgroup_L5_64c55823","GSE102556__GSE102556__CTRL_smoking_vs_CTRL_postmortem__3","GSE102556",3,1,"solo_controllo"
"cgroup_L5_64c55823","GSE102556__GSE102556__CTRL_smoking_vs_CTRL_postmortem__4","GSE102556",1,1,"entrambi"
"cgroup_L5_64c55823","GSE102556__GSE102556__CTRL_smoking_vs_CTRL_postmortem__5","GSE102556",1,1,"entrambi"
"cgroup_L5_64c55823","GSE155213__GSE155213__group_0023_vs_group_0001__1","GSE155213",1,1,"entrambi"
"cgroup_L5_5929f298","GSE240167__GSE240167__grp_0003_vs_grp_0009__1","GSE240167",4,4,"nessuno"
"cgroup_L5_5929f298","GSE240369__GSE240369__grp_0001_vs_grp_0002__1","GSE240369",6,1,"solo_controllo"
"cgroup_L5_5929f298","GSE240369__GSE240369__grp_0004_vs_grp_0005__1","GSE240369",6,2,"nessuno"
"cgroup_L5_5929f298","GSE240369__GSE240369__grp_0008_vs_grp_0009__1","GSE240369",3,3,"nessuno"
"cgroup_L5_5929f298","GSE240369__GSE240369__grp_0010_vs_grp_0011__1","GSE240369",3,3,"nessuno"
"cgroup_L5_5929f298","GSE240369__GSE240369__grp_0012_vs_grp_0013__1","GSE240369",3,3,"nessuno"
"cgroup_L5_5929f298","GSE240369__GSE240369__grp_0014_vs_grp_0015__1","GSE240369",3,3,"nessuno"
"cgroup_L5_5929f298","GSE240370__GSE240370__grp_0007_vs_grp_0004__1","GSE240370",13,4,"nessuno"
"cgroup_L5_e0fdea29","GSE138751__GSE138751__grp_0004_vs_grp_0003__1","GSE138751",1,1,"entrambi"
"cgroup_L5_e0fdea29","GSE72483__GSE72483__grp_0004_vs_grp_0003__1","GSE72483",1,2,"solo_trattato"
"cgroup_L5_e0fdea29","GSE74981__GSE74981__grp_0005_vs_grp_0004__1","GSE74981",2,3,"nessuno"
"cgroup_L5_64adcd6b","GSE107224__GSE107224__grp_0002_vs_grp_0001__1","GSE107224",1,1,"entrambi"
"cgroup_L5_64adcd6b","GSE109436__GSE109436__grp_0002_vs_grp_0001__1","GSE109436",1,2,"solo_trattato"
"cgroup_L5_64adcd6b","GSE244710__GSE244710__grp_CAL-27_SRSF1_knockdown_vs_grp_CAL-27_none__1","GSE244710",3,1,"solo_controllo"
"cgroup_L5_64adcd6b","GSE244710__GSE244710__grp_SCC-4_SRSF1_knockdown_vs_grp_SCC-4_none__1","GSE244710",3,1,"solo_controllo"
"cgroup_L5_e7eebebd","GSE155498__GSE155498__grp_0001_vs_grp_0002__1","GSE155498",3,2,"nessuno"
"cgroup_L5_e7eebebd","GSE155498__GSE155498__grp_0004_vs_grp_0005__1","GSE155498",3,1,"solo_controllo"
"cgroup_L5_e7eebebd","GSE192741__GSE192741__steatotic_vs_healthy__1","GSE192741",2,2,"nessuno"
"cgroup_L5_e7eebebd","GSE204919__GSE204919__grp_0001_vs_grp_0005__1","GSE204919",5,10,"nessuno"
"cgroup_L5_e7eebebd","GSE204919__GSE204919__grp_0002_vs_grp_0005__1","GSE204919",7,10,"nessuno"
"cgroup_L5_e7eebebd","GSE204919__GSE204919__grp_0003_vs_grp_0005__1","GSE204919",1,10,"solo_trattato"
"cgroup_L5_e7eebebd","GSE204919__GSE204919__grp_0004_vs_grp_0005__1","GSE204919",5,10,"nessuno"
"cgroup_L5_ead098cd","GSE140275__GSE140275__stroke_vs_control__1","GSE140275",3,3,"nessuno"
"cgroup_L5_ead098cd","GSE158312__GSE158312__stroke_vs_control__1","GSE158312",1,1,"entrambi"
"cgroup_L5_ead098cd","GSE202518__GSE202518__grp_0004_vs_grp_0001__1","GSE202518",3,3,"nessuno"
"cgroup_L5_ead098cd","GSE202518__GSE202518__grp_0005_vs_grp_0001__1","GSE202518",1,3,"solo_trattato"
"cgroup_L5_ead098cd","GSE202518__GSE202518__grp_0006_vs_grp_0001__1","GSE202518",6,3,"nessuno"
"cgroup_L5_9de3f0ea","GSE255071__GSE255071__TB_pos_vs_TB_neg__1","GSE255071",14,2,"nessuno"
"cgroup_L5_9de3f0ea","GSE255073__GSE255073__grp_TB_vs_grp_TB_Negative_HIV_Negative__1","GSE255073",7,6,"nessuno"
"cgroup_L5_9de3f0ea","GSE255073__GSE255073__grp_TB_Only_vs_grp_TB_Negative_HIV_Negative__1","GSE255073",21,6,"nessuno"
"cgroup_L5_9de3f0ea","GSE255073__GSE255073__grp_TB_Positive_HIV_Negative_vs_grp_TB_Negative_HIV_Negative__1","GSE255073",2,6,"nessuno"
"cgroup_L5_9de3f0ea","GSE255074__GSE255074__grp_0001_vs_grp_0008__1","GSE255074",1,5,"solo_trattato"
"cgroup_L5_9de3f0ea","GSE255074__GSE255074__grp_0005_vs_grp_0008__1","GSE255074",4,5,"nessuno"
"cgroup_L5_9de3f0ea","GSE255074__GSE255074__grp_0006_vs_grp_0008__1","GSE255074",2,5,"nessuno"
"cgroup_L5_9de3f0ea","GSE255074__GSE255074__grp_0002_vs_grp_0013__1","GSE255074",1,3,"solo_trattato"
"cgroup_L5_9de3f0ea","GSE255074__GSE255074__grp_0003_vs_grp_0013__1","GSE255074",2,3,"nessuno"
"cgroup_L5_6ce4ac22","GSE122485__GSE122485__grp_tb_patients_vs_grp_healthy_controls__1","GSE122485",4,2,"nessuno"
"cgroup_L5_6ce4ac22","GSE157657__GSE157657__grp_0046_vs_grp_0044__1","GSE157657",1,21,"solo_trattato"
"cgroup_L5_6ce4ac22","GSE157657__GSE157657__grp_0049_vs_grp_0044__1","GSE157657",1,21,"solo_trattato"
"cgroup_L5_6ce4ac22","GSE157657__GSE157657__grp_0050_vs_grp_0044__1","GSE157657",1,21,"solo_trattato"
"cgroup_L5_6ce4ac22","GSE157657__GSE157657__grp_0051_vs_grp_0044__1","GSE157657",1,21,"solo_trattato"
"cgroup_L5_6ce4ac22","GSE157657__GSE157657__grp_0052_vs_grp_0044__1","GSE157657",1,21,"solo_trattato"
"cgroup_L5_6ce4ac22","GSE157671__GSE157671__tb_ln_vs_healthy_ln__1","GSE157671",2,3,"nessuno"
"cgroup_L5_37ecd157","GSE210522__GSE210522__group_0026_vs_group_0024__1","GSE210522",2,3,"nessuno"
"cgroup_L5_37ecd157","GSE210522__GSE210522__group_0027_vs_group_0024__1","GSE210522",1,3,"solo_trattato"
"cgroup_L5_37ecd157","GSE221860__GSE221860__grp_0001_vs_grp_0003__1","GSE221860",3,2,"nessuno"
"cgroup_L5_37ecd157","GSE221861__GSE221861__grp_0002_vs_grp_0001__1","GSE221861",2,3,"nessuno"
"cgroup_L5_37ecd157","GSE235462__GSE235462__VEGF_donor1_vs_DMSO_donor1__1","GSE235462",5,2,"nessuno"
"cgroup_L5_f9cc41b3","GSE168462__GSE168462__CBAM_VTP50469_vs_CBAM_vehicle__1","GSE168462",4,3,"nessuno"
"cgroup_L5_f9cc41b3","GSE183487__GSE183487__grp_DHL10_VTP50469_vs_grp_DHL10_DMSO__1","GSE183487",2,2,"nessuno"
"cgroup_L5_f9cc41b3","GSE183487__GSE183487__grp_Karpas422_VTP50469_vs_grp_Karpas422_DMSO__1","GSE183487",2,4,"nessuno"
"cgroup_L5_f9cc41b3","GSE186709__GSE186709__aml_pdx_case_vtp50469_vs_aml_pdx_case_vehicle__1","GSE186709",2,3,"nessuno"
"cgroup_L5_4d535f25","GSE172442__GSE172442__grp_0003_vs_grp_0001__1","GSE172442",1,1,"entrambi"
"cgroup_L5_4d535f25","GSE172442__GSE172442__grp_0004_vs_grp_0002__1","GSE172442",2,2,"nessuno"
"cgroup_L5_4d535f25","GSE172442__GSE172442__grp_0005_vs_grp_0001__1","GSE172442",3,1,"solo_controllo"
"cgroup_L5_4d535f25","GSE172442__GSE172442__grp_0007_vs_grp_0006__1","GSE172442",3,3,"nessuno"
"cgroup_L5_4d535f25","GSE172442__GSE172442__grp_0008_vs_grp_0006__1","GSE172442",3,3,"nessuno"
"cgroup_L5_4d535f25","GSE172443__GSE172443__grp_amo1_ykl_1000nm_vs_grp_amo1_dmso__1","GSE172443",2,1,"solo_controllo"
"cgroup_L5_4d535f25","GSE172443__GSE172443__grp_xg1_ykl_1000nm_vs_grp_xg1_dmso__1","GSE172443",3,3,"nessuno"
"cgroup_L5_4d535f25","GSE172444__GSE172444__grp_MM1S_YKL-5-124_98nM_24h_vs_grp_MM1S_DMSO_98nM_24h__1","GSE172444",3,2,"nessuno"
"cgroup_L5_4d535f25","GSE172444__GSE172444__grp_MM1S_YKL-5-124_98nM_6h_vs_grp_MM1S_DMSO_98nM_6h__1","GSE172444",1,3,"solo_trattato"
