"regola","n_cond","prec_A","cop_A","n_A"
"k_effective<=6 & !dominato & !entita_MeSH",3,0.666666666666667,0.434782608695652,15
"k_effective<=6 & frazione_efficace>=0.6 & !dominato",3,0.611111111111111,0.478260869565217,18
"k_effective<=6 & n_studi_model<=1 & !dominato",3,0.588235294117647,0.434782608695652,17
"k_effective<=6 & !dominato & !stessi_membri",3,0.588235294117647,0.434782608695652,17
"k_effective<=6 & frazione_efficace>=0.7 & !dominato",3,0.571428571428571,0.347826086956522,14
"k_effective<=6 & !dominato",2,0.55,0.478260869565217,20
"k_effective<=6 & k_effective<=8 & !dominato",3,0.55,0.478260869565217,20
"k_effective<=6 & k_effective<=10 & !dominato",3,0.55,0.478260869565217,20
"k_effective<=6 & n_studi_model<=2 & !dominato",3,0.55,0.478260869565217,20
"k_effective<=6 & frazione_efficace>=0.5 & !dominato",3,0.55,0.478260869565217,20
"k_effective<=6 & !dominato & !dominato_da_modello",3,0.55,0.478260869565217,20
"k_effective<=6 & !dominato & !entita_NCBITaxon",3,0.55,0.478260869565217,20
"k_effective<=6 & !dominato & controllo_veicolo",3,0.55,0.478260869565217,20
"k_effective<=6 & !dominato & verso_gain",3,0.55,0.478260869565217,20
"k_effective<=5 & !dominato & !stessi_membri",3,0.545454545454545,0.260869565217391,11
"I2_med<=60 & entita_STR & !ramo_anchor",3,0.545454545454545,0.260869565217391,11
"k_effective<=5 & !dominato",2,0.538461538461538,0.304347826086957,13
"k_effective<=5 & k_effective<=6 & !dominato",3,0.538461538461538,0.304347826086957,13
"k_effective<=5 & k_effective<=8 & !dominato",3,0.538461538461538,0.304347826086957,13
"k_effective<=5 & k_effective<=10 & !dominato",3,0.538461538461538,0.304347826086957,13
"k_effective<=5 & k_kish<=4 & !dominato",3,0.538461538461538,0.304347826086957,13
"k_effective<=5 & k_kish<=5 & !dominato",3,0.538461538461538,0.304347826086957,13
"k_effective<=5 & n_studi_model<=2 & !dominato",3,0.538461538461538,0.304347826086957,13
"k_effective<=5 & frazione_efficace>=0.5 & !dominato",3,0.538461538461538,0.304347826086957,13
"k_effective<=5 & frazione_efficace>=0.6 & !dominato",3,0.538461538461538,0.304347826086957,13
"k_effective<=5 & !dominato & !materiale_misto",3,0.538461538461538,0.304347826086957,13
"k_effective<=5 & !dominato & !dominato_da_modello",3,0.538461538461538,0.304347826086957,13
"k_effective<=5 & !dominato & !entita_NCBITaxon",3,0.538461538461538,0.304347826086957,13
"k_effective<=5 & !dominato & controllo_veicolo",3,0.538461538461538,0.304347826086957,13
"k_effective<=5 & !dominato & verso_gain",3,0.538461538461538,0.304347826086957,13
"k_effective<=6 & !dominato & !ramo_anchor",3,0.529411764705882,0.391304347826087,17
"k_effective<=6 & !dominato & !materiale_misto",3,0.526315789473684,0.434782608695652,19
"k_effective<=6 & k_kish<=5 & !dominato",3,0.5,0.391304347826087,18
"k_effective<=6 & !dominato & !entita_STR",3,0.5,0.391304347826087,18
"k_effective<=6 & frazione_efficace>=0.7 & !stessi_membri",3,0.5,0.347826086956522,16
"n_studi_model<=0 & I2_med<=50",2,0.5,0.260869565217391,12
"k_effective<=5 & n_studi_model<=0 & I2_med<=50",3,0.5,0.260869565217391,12
"k_effective<=5 & n_studi_model<=1 & !dominato",3,0.5,0.260869565217391,12
"k_effective<=5 & !dominato & !entita_STR",3,0.5,0.260869565217391,12
"k_effective<=5 & !dominato & !ramo_anchor",3,0.5,0.260869565217391,12
"k_effective<=6 & n_studi_model<=0 & I2_med<=50",3,0.5,0.260869565217391,12
"k_effective<=8 & n_studi_model<=0 & I2_med<=50",3,0.5,0.260869565217391,12
"k_effective<=10 & n_studi_model<=0 & I2_med<=50",3,0.5,0.260869565217391,12
"k_kish<=5 & frazione_efficace>=0.7 & !dominato",3,0.5,0.260869565217391,12
"n_studi_model<=0 & n_studi_model<=1 & I2_med<=50",3,0.5,0.260869565217391,12
"n_studi_model<=0 & n_studi_model<=2 & I2_med<=50",3,0.5,0.260869565217391,12
"n_studi_model<=0 & I2_med<=50 & I2_med<=60",3,0.5,0.260869565217391,12
"n_studi_model<=0 & I2_med<=50 & I2_med<=70",3,0.5,0.260869565217391,12
"n_studi_model<=0 & I2_med<=50 & !materiale_misto",3,0.5,0.260869565217391,12
"n_studi_model<=0 & I2_med<=50 & !dominato_da_modello",3,0.5,0.260869565217391,12
"n_studi_model<=0 & I2_med<=50 & !entita_NCBITaxon",3,0.5,0.260869565217391,12
"n_studi_model<=0 & I2_med<=50 & verso_gain",3,0.5,0.260869565217391,12
"I2_med<=50 & stessi_membri & !ramo_anchor",3,0.5,0.260869565217391,12
"I2_med<=70 & entita_STR & !ramo_anchor",3,0.5,0.260869565217391,12
"k_effective<=3 & n_studi_model<=0 & I2_med<=70",3,0.5,0.217391304347826,10
"k_effective<=3 & n_studi_model<=1 & frazione_efficace>=0.7",3,0.5,0.217391304347826,10
"k_effective<=3 & frazione_efficace>=0.7 & !entita_STR",3,0.5,0.217391304347826,10
"n_studi_model<=0 & frazione_efficace>=0.7 & !stessi_membri",3,0.5,0.217391304347826,10
"n_studi_model<=0 & I2_med<=50 & !ramo_anchor",3,0.5,0.217391304347826,10
"n_studi_model<=0 & I2_med<=70 & entita_STR",3,0.5,0.217391304347826,10
"frazione_efficace>=0.5 & I2_med<=50 & stessi_membri",3,0.5,0.217391304347826,10
"I2_med<=50 & entita_STR & !ramo_anchor",3,0.5,0.217391304347826,10
"I2_med<=60 & !materiale_misto & entita_STR",3,0.5,0.217391304347826,10
"k_kish<=5 & frazione_efficace>=0.6 & !dominato",3,0.473684210526316,0.391304347826087,19
"k_effective<=6 & frazione_efficace>=0.7 & !entita_MeSH",3,0.470588235294118,0.347826086956522,17
"k_effective<=8 & frazione_efficace>=0.7 & !dominato",3,0.470588235294118,0.347826086956522,17
"k_effective<=5 & n_studi_model<=0 & I2_med<=60",3,0.466666666666667,0.304347826086957,15
"k_effective<=6 & entita_STR & !ramo_anchor",3,0.466666666666667,0.304347826086957,15
"k_effective<=3 & n_studi_model<=0",2,0.461538461538462,0.260869565217391,13
"k_effective<=3 & k_effective<=4 & n_studi_model<=0",3,0.461538461538462,0.260869565217391,13
"k_effective<=3 & k_effective<=5 & n_studi_model<=0",3,0.461538461538462,0.260869565217391,13
"k_effective<=3 & k_effective<=6 & n_studi_model<=0",3,0.461538461538462,0.260869565217391,13
"k_effective<=3 & k_effective<=8 & n_studi_model<=0",3,0.461538461538462,0.260869565217391,13
"k_effective<=3 & k_effective<=10 & n_studi_model<=0",3,0.461538461538462,0.260869565217391,13
"k_effective<=3 & k_kish<=3 & n_studi_model<=0",3,0.461538461538462,0.260869565217391,13
"k_effective<=3 & k_kish<=4 & n_studi_model<=0",3,0.461538461538462,0.260869565217391,13
"k_effective<=3 & k_kish<=5 & n_studi_model<=0",3,0.461538461538462,0.260869565217391,13
"k_effective<=3 & n_studi_model<=0 & n_studi_model<=1",3,0.461538461538462,0.260869565217391,13
"k_effective<=3 & n_studi_model<=0 & n_studi_model<=2",3,0.461538461538462,0.260869565217391,13
"k_effective<=3 & n_studi_model<=0 & !materiale_misto",3,0.461538461538462,0.260869565217391,13
"k_effective<=3 & n_studi_model<=0 & !dominato_da_modello",3,0.461538461538462,0.260869565217391,13
"k_effective<=3 & n_studi_model<=0 & !entita_NCBITaxon",3,0.461538461538462,0.260869565217391,13
"k_effective<=3 & n_studi_model<=0 & verso_gain",3,0.461538461538462,0.260869565217391,13
"k_effective<=4 & I2_med<=50 & stessi_membri",3,0.461538461538462,0.260869565217391,13
"k_effective<=5 & I2_med<=50 & stessi_membri",3,0.461538461538462,0.260869565217391,13
"k_effective<=6 & I2_med<=50 & stessi_membri",3,0.461538461538462,0.260869565217391,13
"k_effective<=6 & I2_med<=60 & entita_STR",3,0.461538461538462,0.260869565217391,13
"n_studi_model<=0 & I2_med<=60 & !entita_MeSH",3,0.461538461538462,0.260869565217391,13
"n_studi_model<=0 & I2_med<=60 & !ramo_anchor",3,0.461538461538462,0.260869565217391,13
"I2_med<=50 & stessi_membri & !entita_MeSH",3,0.461538461538462,0.260869565217391,13
"k_effective<=8 & frazione_efficace>=0.6 & !dominato",3,0.458333333333333,0.478260869565217,24
"k_effective<=8 & n_studi_model<=1 & !dominato",3,0.454545454545455,0.434782608695652,22
"k_effective<=3 & frazione_efficace>=0.7",2,0.454545454545455,0.217391304347826,11
"k_effective<=3 & k_effective<=4 & frazione_efficace>=0.7",3,0.454545454545455,0.217391304347826,11
"k_effective<=3 & k_effective<=5 & frazione_efficace>=0.7",3,0.454545454545455,0.217391304347826,11
"k_effective<=3 & k_effective<=6 & frazione_efficace>=0.7",3,0.454545454545455,0.217391304347826,11
"k_effective<=3 & k_effective<=8 & frazione_efficace>=0.7",3,0.454545454545455,0.217391304347826,11
"k_effective<=3 & k_effective<=10 & frazione_efficace>=0.7",3,0.454545454545455,0.217391304347826,11
"k_effective<=3 & k_kish<=3 & frazione_efficace>=0.7",3,0.454545454545455,0.217391304347826,11
"k_effective<=3 & k_kish<=4 & frazione_efficace>=0.7",3,0.454545454545455,0.217391304347826,11
"k_effective<=3 & k_kish<=5 & frazione_efficace>=0.7",3,0.454545454545455,0.217391304347826,11
"k_effective<=3 & n_studi_model<=0 & frazione_efficace>=0.5",3,0.454545454545455,0.217391304347826,11
"k_effective<=3 & n_studi_model<=0 & !ramo_anchor",3,0.454545454545455,0.217391304347826,11
"k_effective<=3 & n_studi_model<=2 & frazione_efficace>=0.7",3,0.454545454545455,0.217391304347826,11
"k_effective<=3 & frazione_efficace>=0.5 & frazione_efficace>=0.7",3,0.454545454545455,0.217391304347826,11
"k_effective<=3 & frazione_efficace>=0.6 & frazione_efficace>=0.7",3,0.454545454545455,0.217391304347826,11
"k_effective<=3 & frazione_efficace>=0.7 & !entita_NCBITaxon",3,0.454545454545455,0.217391304347826,11
"k_effective<=3 & frazione_efficace>=0.7 & controllo_veicolo",3,0.454545454545455,0.217391304347826,11
"k_effective<=3 & frazione_efficace>=0.7 & verso_gain",3,0.454545454545455,0.217391304347826,11
"k_effective<=4 & n_studi_model<=0 & I2_med<=50",3,0.454545454545455,0.217391304347826,11
"k_effective<=5 & frazione_efficace>=0.7 & !dominato",3,0.454545454545455,0.217391304347826,11
"k_effective<=6 & I2_med<=50 & entita_STR",3,0.454545454545455,0.217391304347826,11
"k_kish<=4 & n_studi_model<=0 & I2_med<=50",3,0.454545454545455,0.217391304347826,11
"k_kish<=4 & frazione_efficace>=0.7 & !dominato",3,0.454545454545455,0.217391304347826,11
"k_kish<=5 & n_studi_model<=0 & I2_med<=50",3,0.454545454545455,0.217391304347826,11
"n_studi_model<=0 & I2_med<=50 & !entita_MeSH",3,0.454545454545455,0.217391304347826,11
"n_studi_model<=0 & I2_med<=50 & controllo_veicolo",3,0.454545454545455,0.217391304347826,11
"n_studi_model<=0 & entita_STR & !ramo_anchor",3,0.454545454545455,0.217391304347826,11
"n_studi_model<=1 & I2_med<=50 & stessi_membri",3,0.454545454545455,0.217391304347826,11
"frazione_efficace>=0.5 & I2_med<=60 & entita_STR",3,0.454545454545455,0.217391304347826,11
"I2_med<=50 & !materiale_misto & stessi_membri",3,0.454545454545455,0.217391304347826,11
"I2_med<=50 & !dominato_da_modello & stessi_membri",3,0.454545454545455,0.217391304347826,11
"I2_med<=70 & !materiale_misto & entita_STR",3,0.454545454545455,0.217391304347826,11
"k_effective<=6 & frazione_efficace>=0.7 & !materiale_misto",3,0.45,0.391304347826087,20
"k_effective<=6 & frazione_efficace>=0.7 & !dominato_da_modello",3,0.45,0.391304347826087,20
"k_effective<=8 & frazione_efficace>=0.7 & !stessi_membri",3,0.444444444444444,0.347826086956522,18
"k_effective<=10 & frazione_efficace>=0.7 & !dominato",3,0.444444444444444,0.347826086956522,18
"k_effective<=10 & frazione_efficace>=0.6 & !dominato",3,0.44,0.478260869565217,25
"n_studi_model<=0 & I2_med<=60",2,0.4375,0.304347826086957,16
"k_effective<=6 & k_kish<=4 & !dominato",3,0.4375,0.304347826086957,16
"k_effective<=6 & n_studi_model<=0 & I2_med<=60",3,0.4375,0.304347826086957,16
"k_effective<=8 & n_studi_model<=0 & I2_med<=60",3,0.4375,0.304347826086957,16
"k_effective<=10 & n_studi_model<=0 & I2_med<=60",3,0.4375,0.304347826086957,16
"k_kish<=4 & frazione_efficace>=0.6 & !dominato",3,0.4375,0.304347826086957,16
"n_studi_model<=0 & n_studi_model<=1 & I2_med<=60",3,0.4375,0.304347826086957,16
"n_studi_model<=0 & n_studi_model<=2 & I2_med<=60",3,0.4375,0.304347826086957,16
"n_studi_model<=0 & I2_med<=60 & I2_med<=70",3,0.4375,0.304347826086957,16
"n_studi_model<=0 & I2_med<=60 & !materiale_misto",3,0.4375,0.304347826086957,16
"n_studi_model<=0 & I2_med<=60 & !dominato_da_modello",3,0.4375,0.304347826086957,16
"n_studi_model<=0 & I2_med<=60 & !entita_NCBITaxon",3,0.4375,0.304347826086957,16
"n_studi_model<=0 & I2_med<=60 & verso_gain",3,0.4375,0.304347826086957,16
"k_effective<=8 & !dominato & !entita_MeSH",3,0.434782608695652,0.434782608695652,23
"n_studi_model<=1 & frazione_efficace>=0.6 & !dominato",3,0.434782608695652,0.434782608695652,23
"k_effective<=6 & n_studi_model<=1 & frazione_efficace>=0.7",3,0.428571428571429,0.391304347826087,21
"n_studi_model<=1 & !dominato & !entita_MeSH",3,0.428571428571429,0.391304347826087,21
"I2_med<=50 & stessi_membri",2,0.428571428571429,0.260869565217391,14
"k_effective<=4 & n_studi_model<=0 & I2_med<=60",3,0.428571428571429,0.260869565217391,14
"k_effective<=5 & !materiale_misto & entita_STR",3,0.428571428571429,0.260869565217391,14
"k_effective<=5 & entita_STR & !ramo_anchor",3,0.428571428571429,0.260869565217391,14
"k_effective<=6 & I2_med<=70 & entita_STR",3,0.428571428571429,0.260869565217391,14
"k_effective<=6 & !materiale_misto & entita_STR",3,0.428571428571429,0.260869565217391,14
"k_effective<=8 & I2_med<=50 & stessi_membri",3,0.428571428571429,0.260869565217391,14
"k_effective<=8 & I2_med<=60 & entita_STR",3,0.428571428571429,0.260869565217391,14
"k_effective<=10 & I2_med<=50 & stessi_membri",3,0.428571428571429,0.260869565217391,14
"k_effective<=10 & I2_med<=60 & entita_STR",3,0.428571428571429,0.260869565217391,14
"k_kish<=5 & frazione_efficace>=0.7 & !stessi_membri",3,0.428571428571429,0.260869565217391,14
"n_studi_model<=2 & I2_med<=50 & stessi_membri",3,0.428571428571429,0.260869565217391,14
"I2_med<=50 & I2_med<=60 & stessi_membri",3,0.428571428571429,0.260869565217391,14
"I2_med<=50 & I2_med<=70 & stessi_membri",3,0.428571428571429,0.260869565217391,14
"I2_med<=50 & stessi_membri & !entita_NCBITaxon",3,0.428571428571429,0.260869565217391,14
"I2_med<=50 & stessi_membri & verso_gain",3,0.428571428571429,0.260869565217391,14
"I2_med<=60 & stessi_membri & !ramo_anchor",3,0.428571428571429,0.260869565217391,14
"!materiale_misto & entita_STR & !ramo_anchor",3,0.428571428571429,0.260869565217391,14
"k_effective<=6 & frazione_efficace>=0.7 & !entita_STR",3,0.421052631578947,0.347826086956522,19
"k_effective<=10 & frazione_efficace>=0.7 & !stessi_membri",3,0.421052631578947,0.347826086956522,19
"n_studi_model<=1 & frazione_efficace>=0.7 & !dominato",3,0.421052631578947,0.347826086956522,19
"k_effective<=8 & !dominato & !materiale_misto",3,0.416666666666667,0.434782608695652,24
"k_effective<=10 & n_studi_model<=1 & !dominato",3,0.416666666666667,0.434782608695652,24
"frazione_efficace>=0.6 & !dominato & !materiale_misto",3,0.416666666666667,0.434782608695652,24
"k_effective<=3 & n_studi_model<=0 & dominato",3,0.416666666666667,0.217391304347826,12
"k_effective<=3 & n_studi_model<=0 & !entita_MeSH",3,0.416666666666667,0.217391304347826,12
"k_effective<=3 & n_studi_model<=0 & controllo_veicolo",3,0.416666666666667,0.217391304347826,12
"k_effective<=4 & !materiale_misto & entita_STR",3,0.416666666666667,0.217391304347826,12
"k_effective<=4 & entita_STR & !ramo_anchor",3,0.416666666666667,0.217391304347826,12
"k_effective<=5 & n_studi_model<=0 & entita_STR",3,0.416666666666667,0.217391304347826,12
"k_effective<=5 & I2_med<=60 & entita_STR",3,0.416666666666667,0.217391304347826,12
"k_effective<=6 & n_studi_model<=0 & frazione_efficace>=0.7",3,0.416666666666667,0.217391304347826,12
"k_effective<=6 & n_studi_model<=0 & entita_STR",3,0.416666666666667,0.217391304347826,12
"k_effective<=8 & I2_med<=50 & entita_STR",3,0.416666666666667,0.217391304347826,12
"k_effective<=10 & I2_med<=50 & entita_STR",3,0.416666666666667,0.217391304347826,12
"k_kish<=2 & frazione_efficace>=0.5 & stessi_membri",3,0.416666666666667,0.217391304347826,12
"k_kish<=2 & !materiale_misto & stessi_membri",3,0.416666666666667,0.217391304347826,12
"k_kish<=2 & stessi_membri & !ramo_anchor",3,0.416666666666667,0.217391304347826,12
"k_kish<=3 & n_studi_model<=0 & I2_med<=60",3,0.416666666666667,0.217391304347826,12
"frazione_efficace>=0.5 & I2_med<=70 & entita_STR",3,0.416666666666667,0.217391304347826,12
"n_studi_model<=2 & frazione_efficace>=0.6 & !dominato",3,0.413793103448276,0.521739130434783,29
"k_effective<=5 & n_studi_model<=0 & I2_med<=70",3,0.411764705882353,0.304347826086957,17
"k_effective<=6 & frazione_efficace>=0.7",2,0.409090909090909,0.391304347826087,22
"k_effective<=6 & k_effective<=8 & frazione_efficace>=0.7",3,0.409090909090909,0.391304347826087,22
"k_effective<=6 & k_effective<=10 & frazione_efficace>=0.7",3,0.409090909090909,0.391304347826087,22
"k_effective<=6 & n_studi_model<=2 & frazione_efficace>=0.7",3,0.409090909090909,0.391304347826087,22
"k_effective<=6 & frazione_efficace>=0.5 & frazione_efficace>=0.7",3,0.409090909090909,0.391304347826087,22
"k_effective<=6 & frazione_efficace>=0.6 & frazione_efficace>=0.7",3,0.409090909090909,0.391304347826087,22
"k_effective<=6 & frazione_efficace>=0.7 & !entita_NCBITaxon",3,0.409090909090909,0.391304347826087,22
"k_effective<=6 & frazione_efficace>=0.7 & controllo_veicolo",3,0.409090909090909,0.391304347826087,22
"k_effective<=6 & frazione_efficace>=0.7 & verso_gain",3,0.409090909090909,0.391304347826087,22
"k_effective<=8 & frazione_efficace>=0.7 & !materiale_misto",3,0.409090909090909,0.391304347826087,22
"k_effective<=10 & frazione_efficace>=0.7 & !materiale_misto",3,0.409090909090909,0.391304347826087,22
"n_studi_model<=1 & frazione_efficace>=0.7 & !materiale_misto",3,0.409090909090909,0.391304347826087,22
"n_studi_model<=1 & !dominato & !materiale_misto",3,0.409090909090909,0.391304347826087,22
"n_studi_model<=2 & frazione_efficace>=0.7 & !dominato",3,0.409090909090909,0.391304347826087,22
"k_effective<=8 & n_studi_model<=2 & !dominato",3,0.407407407407407,0.478260869565217,27
"k_effective<=8 & !dominato & !stessi_membri",3,0.4,0.434782608695652,25
"k_effective<=8 & frazione_efficace>=0.7 & !entita_STR",3,0.4,0.347826086956522,20
"k_effective<=8 & frazione_efficace>=0.7 & !entita_MeSH",3,0.4,0.347826086956522,20
"k_kish<=5 & n_studi_model<=1 & !dominato",3,0.4,0.347826086956522,20
"n_studi_model<=1 & frazione_efficace>=0.7 & !stessi_membri",3,0.4,0.347826086956522,20
"n_studi_model<=1 & I2_med<=50 & !materiale_misto",3,0.4,0.347826086956522,20
"n_studi_model<=1 & !dominato & !entita_STR",3,0.4,0.347826086956522,20
"frazione_efficace>=0.7 & !dominato & !materiale_misto",3,0.4,0.347826086956522,20
"frazione_efficace>=0.7 & !materiale_misto & !stessi_membri",3,0.4,0.347826086956522,20
"I2_med<=60 & entita_STR",2,0.4,0.260869565217391,15
"k_effective<=6 & frazione_efficace>=0.5 & entita_STR",3,0.4,0.260869565217391,15
"k_kish<=4 & n_studi_model<=0 & I2_med<=60",3,0.4,0.260869565217391,15
"k_kish<=5 & n_studi_model<=0 & I2_med<=60",3,0.4,0.260869565217391,15
"k_kish<=5 & frazione_efficace>=0.7 & !entita_MeSH",3,0.4,0.260869565217391,15
"k_kish<=5 & entita_STR & !ramo_anchor",3,0.4,0.260869565217391,15
"n_studi_model<=0 & I2_med<=60 & controllo_veicolo",3,0.4,0.260869565217391,15
"n_studi_model<=0 & I2_med<=70 & !entita_MeSH",3,0.4,0.260869565217391,15
"n_studi_model<=0 & I2_med<=70 & !ramo_anchor",3,0.4,0.260869565217391,15
"n_studi_model<=1 & I2_med<=60 & entita_STR",3,0.4,0.260869565217391,15
"n_studi_model<=2 & I2_med<=60 & entita_STR",3,0.4,0.260869565217391,15
"I2_med<=60 & I2_med<=70 & entita_STR",3,0.4,0.260869565217391,15
"I2_med<=60 & !dominato_da_modello & entita_STR",3,0.4,0.260869565217391,15
"I2_med<=60 & entita_STR & !entita_MeSH",3,0.4,0.260869565217391,15
"I2_med<=60 & entita_STR & !entita_NCBITaxon",3,0.4,0.260869565217391,15
"I2_med<=60 & entita_STR & verso_gain",3,0.4,0.260869565217391,15
"k_effective<=3 & entita_STR",2,0.4,0.173913043478261,10
"k_effective<=3 & k_effective<=4 & entita_STR",3,0.4,0.173913043478261,10
"k_effective<=3 & k_effective<=5 & entita_STR",3,0.4,0.173913043478261,10
"k_effective<=3 & k_effective<=6 & entita_STR",3,0.4,0.173913043478261,10
"k_effective<=3 & k_effective<=8 & entita_STR",3,0.4,0.173913043478261,10
"k_effective<=3 & k_effective<=10 & entita_STR",3,0.4,0.173913043478261,10
"k_effective<=3 & k_kish<=3 & entita_STR",3,0.4,0.173913043478261,10
"k_effective<=3 & k_kish<=4 & entita_STR",3,0.4,0.173913043478261,10
"k_effective<=3 & k_kish<=5 & entita_STR",3,0.4,0.173913043478261,10
"k_effective<=3 & n_studi_model<=1 & entita_STR",3,0.4,0.173913043478261,10
"k_effective<=3 & n_studi_model<=2 & entita_STR",3,0.4,0.173913043478261,10
"k_effective<=3 & frazione_efficace>=0.5 & entita_STR",3,0.4,0.173913043478261,10
"k_effective<=3 & frazione_efficace>=0.7 & !ramo_anchor",3,0.4,0.173913043478261,10
"k_effective<=3 & dominato & entita_STR",3,0.4,0.173913043478261,10
"k_effective<=3 & !dominato_da_modello & entita_STR",3,0.4,0.173913043478261,10
"k_effective<=3 & entita_STR & !entita_MeSH",3,0.4,0.173913043478261,10
"k_effective<=3 & entita_STR & !entita_NCBITaxon",3,0.4,0.173913043478261,10
"k_effective<=3 & entita_STR & verso_gain",3,0.4,0.173913043478261,10
"k_effective<=4 & k_kish<=2 & entita_STR",3,0.4,0.173913043478261,10
"k_effective<=4 & n_studi_model<=0 & entita_STR",3,0.4,0.173913043478261,10
"k_effective<=4 & I2_med<=60 & entita_STR",3,0.4,0.173913043478261,10
"k_effective<=5 & I2_med<=50 & entita_STR",3,0.4,0.173913043478261,10
"k_effective<=8 & n_studi_model<=0 & !dominato",3,0.4,0.173913043478261,10
"k_kish<=2 & n_studi_model<=0 & I2_med<=70",3,0.4,0.173913043478261,10
"k_kish<=2 & frazione_efficace>=0.5 & entita_STR",3,0.4,0.173913043478261,10
"k_kish<=2 & entita_STR & !ramo_anchor",3,0.4,0.173913043478261,10
"k_kish<=3 & n_studi_model<=0 & I2_med<=50",3,0.4,0.173913043478261,10
"k_kish<=3 & frazione_efficace>=0.7 & !stessi_membri",3,0.4,0.173913043478261,10
"n_studi_model<=0 & frazione_efficace>=0.5 & I2_med<=50",3,0.4,0.173913043478261,10
"n_studi_model<=0 & I2_med<=60 & !stessi_membri",3,0.4,0.173913043478261,10
"n_studi_model<=0 & !dominato & !stessi_membri",3,0.4,0.173913043478261,10
"!materiale_misto & stessi_membri & entita_STR",3,0.4,0.173913043478261,10
"k_effective<=3 & frazione_efficace>=0.5 & !materiale_misto",3,0.392857142857143,0.478260869565217,28
"k_effective<=8 & !dominato & !entita_NCBITaxon",3,0.392857142857143,0.478260869565217,28
"k_effective<=8 & frazione_efficace>=0.7 & !dominato_da_modello",3,0.391304347826087,0.391304347826087,23
"k_effective<=8 & !dominato & !entita_STR",3,0.391304347826087,0.391304347826087,23
"n_studi_model<=2 & frazione_efficace>=0.7 & !materiale_misto",3,0.391304347826087,0.391304347826087,23
"n_studi_model<=2 & frazione_efficace>=0.7 & !stessi_membri",3,0.391304347826087,0.391304347826087,23
"k_effective<=6 & entita_STR",2,0.388888888888889,0.304347826086957,18
"n_studi_model<=0 & I2_med<=70",2,0.388888888888889,0.304347826086957,18
"entita_STR & !ramo_anchor",2,0.388888888888889,0.304347826086957,18
"k_effective<=6 & k_effective<=8 & entita_STR",3,0.388888888888889,0.304347826086957,18
"k_effective<=6 & k_effective<=10 & entita_STR",3,0.388888888888889,0.304347826086957,18
"k_effective<=6 & n_studi_model<=0 & I2_med<=70",3,0.388888888888889,0.304347826086957,18
"k_effective<=6 & n_studi_model<=1 & entita_STR",3,0.388888888888889,0.304347826086957,18
"k_effective<=6 & n_studi_model<=2 & entita_STR",3,0.388888888888889,0.304347826086957,18
"k_effective<=6 & !dominato_da_modello & entita_STR",3,0.388888888888889,0.304347826086957,18
"k_effective<=6 & entita_STR & !entita_MeSH",3,0.388888888888889,0.304347826086957,18
"k_effective<=6 & entita_STR & !entita_NCBITaxon",3,0.388888888888889,0.304347826086957,18
"k_effective<=6 & entita_STR & verso_gain",3,0.388888888888889,0.304347826086957,18
"k_effective<=8 & n_studi_model<=0 & I2_med<=70",3,0.388888888888889,0.304347826086957,18
"k_effective<=8 & entita_STR & !ramo_anchor",3,0.388888888888889,0.304347826086957,18
"k_effective<=10 & n_studi_model<=0 & I2_med<=70",3,0.388888888888889,0.304347826086957,18
"k_effective<=10 & entita_STR & !ramo_anchor",3,0.388888888888889,0.304347826086957,18
"k_kish<=5 & frazione_efficace>=0.7 & !materiale_misto",3,0.388888888888889,0.304347826086957,18
"k_kish<=5 & frazione_efficace>=0.7 & !dominato_da_modello",3,0.388888888888889,0.304347826086957,18
"n_studi_model<=0 & n_studi_model<=1 & I2_med<=70",3,0.388888888888889,0.304347826086957,18
"n_studi_model<=0 & n_studi_model<=2 & I2_med<=70",3,0.388888888888889,0.304347826086957,18
"n_studi_model<=0 & I2_med<=70 & !materiale_misto",3,0.388888888888889,0.304347826086957,18
"n_studi_model<=0 & I2_med<=70 & !dominato_da_modello",3,0.388888888888889,0.304347826086957,18
"n_studi_model<=0 & I2_med<=70 & !entita_NCBITaxon",3,0.388888888888889,0.304347826086957,18
"n_studi_model<=0 & I2_med<=70 & verso_gain",3,0.388888888888889,0.304347826086957,18
"n_studi_model<=1 & entita_STR & !ramo_anchor",3,0.388888888888889,0.304347826086957,18
"n_studi_model<=2 & entita_STR & !ramo_anchor",3,0.388888888888889,0.304347826086957,18
"!dominato_da_modello & entita_STR & !ramo_anchor",3,0.388888888888889,0.304347826086957,18
"entita_STR & !entita_MeSH & !ramo_anchor",3,0.388888888888889,0.304347826086957,18
"entita_STR & !entita_NCBITaxon & !ramo_anchor",3,0.388888888888889,0.304347826086957,18
"entita_STR & !ramo_anchor & verso_gain",3,0.388888888888889,0.304347826086957,18
"k_effective<=3 & n_studi_model<=1 & !materiale_misto",3,0.387096774193548,0.521739130434783,31
"n_studi_model<=1 & frazione_efficace>=0.5 & !dominato",3,0.384615384615385,0.434782608695652,26
"n_studi_model<=1 & !dominato & !entita_NCBITaxon",3,0.384615384615385,0.434782608695652,26
"n_studi_model<=0 & frazione_efficace>=0.7",2,0.384615384615385,0.217391304347826,13
"n_studi_model<=0 & entita_STR",2,0.384615384615385,0.217391304347826,13
"I2_med<=50 & entita_STR",2,0.384615384615385,0.217391304347826,13
"k_effective<=3 & !materiale_misto & stessi_membri",3,0.384615384615385,0.217391304347826,13
"k_effective<=3 & stessi_membri & !ramo_anchor",3,0.384615384615385,0.217391304347826,13
"k_effective<=5 & frazione_efficace>=0.7 & !stessi_membri",3,0.384615384615385,0.217391304347826,13
"k_effective<=5 & I2_med<=70 & entita_STR",3,0.384615384615385,0.217391304347826,13
"k_effective<=8 & n_studi_model<=0 & frazione_efficace>=0.7",3,0.384615384615385,0.217391304347826,13
"k_effective<=8 & n_studi_model<=0 & entita_STR",3,0.384615384615385,0.217391304347826,13
"k_effective<=10 & n_studi_model<=0 & frazione_efficace>=0.7",3,0.384615384615385,0.217391304347826,13
"k_effective<=10 & n_studi_model<=0 & entita_STR",3,0.384615384615385,0.217391304347826,13
"k_kish<=2 & !dominato_da_modello & stessi_membri",3,0.384615384615385,0.217391304347826,13
"k_kish<=3 & frazione_efficace>=0.7 & !materiale_misto",3,0.384615384615385,0.217391304347826,13
"k_kish<=3 & frazione_efficace>=0.7 & !dominato_da_modello",3,0.384615384615385,0.217391304347826,13
"k_kish<=3 & frazione_efficace>=0.7 & !entita_STR",3,0.384615384615385,0.217391304347826,13
"k_kish<=3 & I2_med<=50 & stessi_membri",3,0.384615384615385,0.217391304347826,13
"k_kish<=4 & frazione_efficace>=0.7 & !stessi_membri",3,0.384615384615385,0.217391304347826,13
"k_kish<=4 & I2_med<=50 & stessi_membri",3,0.384615384615385,0.217391304347826,13
"k_kish<=5 & I2_med<=50 & stessi_membri",3,0.384615384615385,0.217391304347826,13
"n_studi_model<=0 & n_studi_model<=1 & frazione_efficace>=0.7",3,0.384615384615385,0.217391304347826,13
"n_studi_model<=0 & n_studi_model<=1 & entita_STR",3,0.384615384615385,0.217391304347826,13
"n_studi_model<=0 & n_studi_model<=2 & frazione_efficace>=0.7",3,0.384615384615385,0.217391304347826,13
"n_studi_model<=0 & n_studi_model<=2 & entita_STR",3,0.384615384615385,0.217391304347826,13
"n_studi_model<=0 & frazione_efficace>=0.5 & frazione_efficace>=0.7",3,0.384615384615385,0.217391304347826,13
"n_studi_model<=0 & frazione_efficace>=0.5 & I2_med<=60",3,0.384615384615385,0.217391304347826,13
"n_studi_model<=0 & frazione_efficace>=0.6 & frazione_efficace>=0.7",3,0.384615384615385,0.217391304347826,13
"n_studi_model<=0 & frazione_efficace>=0.7 & !materiale_misto",3,0.384615384615385,0.217391304347826,13
"n_studi_model<=0 & frazione_efficace>=0.7 & !dominato_da_modello",3,0.384615384615385,0.217391304347826,13
"n_studi_model<=0 & frazione_efficace>=0.7 & !entita_NCBITaxon",3,0.384615384615385,0.217391304347826,13
"n_studi_model<=0 & frazione_efficace>=0.7 & controllo_veicolo",3,0.384615384615385,0.217391304347826,13
"n_studi_model<=0 & frazione_efficace>=0.7 & verso_gain",3,0.384615384615385,0.217391304347826,13
"n_studi_model<=0 & !materiale_misto & entita_STR",3,0.384615384615385,0.217391304347826,13
"n_studi_model<=0 & !dominato_da_modello & entita_STR",3,0.384615384615385,0.217391304347826,13
"n_studi_model<=0 & entita_STR & !entita_MeSH",3,0.384615384615385,0.217391304347826,13
"n_studi_model<=0 & entita_STR & !entita_NCBITaxon",3,0.384615384615385,0.217391304347826,13
"n_studi_model<=0 & entita_STR & verso_gain",3,0.384615384615385,0.217391304347826,13
"n_studi_model<=1 & I2_med<=50 & entita_STR",3,0.384615384615385,0.217391304347826,13
"n_studi_model<=2 & I2_med<=50 & entita_STR",3,0.384615384615385,0.217391304347826,13
"frazione_efficace>=0.5 & I2_med<=60 & stessi_membri",3,0.384615384615385,0.217391304347826,13
"I2_med<=50 & I2_med<=60 & entita_STR",3,0.384615384615385,0.217391304347826,13
"I2_med<=50 & I2_med<=70 & entita_STR",3,0.384615384615385,0.217391304347826,13
"I2_med<=50 & dominato & stessi_membri",3,0.384615384615385,0.217391304347826,13
"I2_med<=50 & !dominato_da_modello & entita_STR",3,0.384615384615385,0.217391304347826,13
"I2_med<=50 & stessi_membri & controllo_veicolo",3,0.384615384615385,0.217391304347826,13
"I2_med<=50 & entita_STR & !entita_MeSH",3,0.384615384615385,0.217391304347826,13
"I2_med<=50 & entita_STR & !entita_NCBITaxon",3,0.384615384615385,0.217391304347826,13
"I2_med<=50 & entita_STR & verso_gain",3,0.384615384615385,0.217391304347826,13
"I2_med<=60 & !materiale_misto & stessi_membri",3,0.384615384615385,0.217391304347826,13
"k_effective<=4 & stessi_membri & !ramo_anchor",3,0.380952380952381,0.347826086956522,21
"k_effective<=5 & I2_med<=50 & !materiale_misto",3,0.380952380952381,0.347826086956522,21
"k_effective<=6 & I2_med<=50 & !materiale_misto",3,0.380952380952381,0.347826086956522,21
"k_effective<=10 & frazione_efficace>=0.7 & !entita_STR",3,0.380952380952381,0.347826086956522,21
"k_effective<=10 & frazione_efficace>=0.7 & !entita_MeSH",3,0.380952380952381,0.347826086956522,21
"n_studi_model<=1 & frazione_efficace>=0.7 & !entita_STR",3,0.380952380952381,0.347826086956522,21
"n_studi_model<=1 & frazione_efficace>=0.7 & !entita_MeSH",3,0.380952380952381,0.347826086956522,21
"n_studi_model<=1 & !dominato & !ramo_anchor",3,0.380952380952381,0.347826086956522,21
"frazione_efficace>=0.7 & !materiale_misto & !entita_STR",3,0.380952380952381,0.347826086956522,21
"k_effective<=8 & !dominato",2,0.379310344827586,0.478260869565217,29
"k_effective<=3 & !materiale_misto & !ramo_anchor",3,0.379310344827586,0.478260869565217,29
"k_effective<=8 & k_effective<=10 & !dominato",3,0.379310344827586,0.478260869565217,29
"k_effective<=8 & frazione_efficace>=0.5 & !dominato",3,0.379310344827586,0.478260869565217,29
"k_effective<=8 & !dominato & !dominato_da_modello",3,0.379310344827586,0.478260869565217,29
"k_effective<=8 & !dominato & controllo_veicolo",3,0.379310344827586,0.478260869565217,29
"k_effective<=8 & !dominato & verso_gain",3,0.379310344827586,0.478260869565217,29
"k_effective<=8 & k_kish<=5 & !dominato",3,0.375,0.391304347826087,24
"k_effective<=8 & n_studi_model<=1 & frazione_efficace>=0.7",3,0.375,0.391304347826087,24
"k_effective<=8 & frazione_efficace>=0.7 & !entita_NCBITaxon",3,0.375,0.391304347826087,24
"k_effective<=8 & !dominato & !ramo_anchor",3,0.375,0.391304347826087,24
"k_effective<=10 & n_studi_model<=1 & frazione_efficace>=0.7",3,0.375,0.391304347826087,24
"k_effective<=10 & frazione_efficace>=0.7 & !dominato_da_modello",3,0.375,0.391304347826087,24
"n_studi_model<=1 & frazione_efficace>=0.7 & !dominato_da_modello",3,0.375,0.391304347826087,24
"n_studi_model<=1 & !dominato & !stessi_membri",3,0.375,0.391304347826087,24
"k_effective<=4 & n_studi_model<=0 & I2_med<=70",3,0.375,0.260869565217391,16
"k_effective<=4 & I2_med<=60 & stessi_membri",3,0.375,0.260869565217391,16
"k_effective<=5 & I2_med<=60 & stessi_membri",3,0.375,0.260869565217391,16
"k_effective<=6 & I2_med<=60 & stessi_membri",3,0.375,0.260869565217391,16
"k_effective<=8 & I2_med<=70 & entita_STR",3,0.375,0.260869565217391,16
"k_effective<=10 & I2_med<=70 & entita_STR",3,0.375,0.260869565217391,16
"k_kish<=4 & n_studi_model<=1 & !dominato",3,0.375,0.260869565217391,16
"k_kish<=4 & !dominato & !entita_MeSH",3,0.375,0.260869565217391,16
"n_studi_model<=1 & I2_med<=70 & entita_STR",3,0.375,0.260869565217391,16
"frazione_efficace>=0.5 & entita_STR & !ramo_anchor",3,0.375,0.260869565217391,16
"I2_med<=60 & stessi_membri & !entita_MeSH",3,0.375,0.260869565217391,16
"I2_med<=70 & stessi_membri & !ramo_anchor",3,0.375,0.260869565217391,16
"n_studi_model<=1 & !dominato",2,0.37037037037037,0.434782608695652,27
"k_effective<=3 & frazione_efficace>=0.5 & !ramo_anchor",3,0.37037037037037,0.434782608695652,27
"k_effective<=10 & !dominato & !entita_MeSH",3,0.37037037037037,0.434782608695652,27
"n_studi_model<=1 & n_studi_model<=2 & !dominato",3,0.37037037037037,0.434782608695652,27
"n_studi_model<=1 & !dominato & !dominato_da_modello",3,0.37037037037037,0.434782608695652,27
"n_studi_model<=1 & !dominato & controllo_veicolo",3,0.37037037037037,0.434782608695652,27
"n_studi_model<=1 & !dominato & verso_gain",3,0.37037037037037,0.434782608695652,27
"k_kish<=2 & frazione_efficace>=0.5 & !materiale_misto",3,0.368421052631579,0.304347826086957,19
"k_kish<=5 & n_studi_model<=1 & frazione_efficace>=0.7",3,0.368421052631579,0.304347826086957,19
"frazione_efficace>=0.5 & I2_med<=50 & !dominato_da_modello",3,0.368421052631579,0.304347826086957,19
"k_effective<=3 & n_studi_model<=1 & !ramo_anchor",3,0.366666666666667,0.478260869565217,30
"k_effective<=3 & frazione_efficace>=0.5 & !dominato_da_modello",3,0.366666666666667,0.478260869565217,30
"n_studi_model<=2 & !dominato & !entita_MeSH",3,0.366666666666667,0.478260869565217,30
"k_effective<=3 & !materiale_misto & !entita_NCBITaxon",3,0.363636363636364,0.521739130434783,33
"k_effective<=6 & frazione_efficace>=0.6 & !stessi_membri",3,0.363636363636364,0.521739130434783,33
"k_effective<=5 & stessi_membri & !ramo_anchor",3,0.363636363636364,0.347826086956522,22
"k_effective<=6 & frazione_efficace>=0.5 & I2_med<=50",3,0.363636363636364,0.347826086956522,22
"k_effective<=8 & frazione_efficace>=0.5 & I2_med<=50",3,0.363636363636364,0.347826086956522,22
"k_kish<=5 & !dominato & !entita_MeSH",3,0.363636363636364,0.347826086956522,22
"frazione_efficace>=0.5 & I2_med<=50 & !entita_NCBITaxon",3,0.363636363636364,0.347826086956522,22
"frazione_efficace>=0.7 & !materiale_misto & !entita_MeSH",3,0.363636363636364,0.347826086956522,22
"n_studi_model<=0 & !dominato",2,0.363636363636364,0.173913043478261,11
"stessi_membri & entita_STR",2,0.363636363636364,0.173913043478261,11
"k_effective<=4 & k_kish<=2 & n_studi_model<=0",3,0.363636363636364,0.173913043478261,11
"k_effective<=4 & frazione_efficace>=0.7 & !stessi_membri",3,0.363636363636364,0.173913043478261,11
"k_effective<=4 & I2_med<=70 & entita_STR",3,0.363636363636364,0.173913043478261,11
"k_effective<=8 & stessi_membri & entita_STR",3,0.363636363636364,0.173913043478261,11
"k_effective<=10 & n_studi_model<=0 & !dominato",3,0.363636363636364,0.173913043478261,11
"k_effective<=10 & stessi_membri & entita_STR",3,0.363636363636364,0.173913043478261,11
"k_kish<=2 & n_studi_model<=0 & !entita_NCBITaxon",3,0.363636363636364,0.173913043478261,11
"k_kish<=2 & n_studi_model<=0 & !ramo_anchor",3,0.363636363636364,0.173913043478261,11
"k_kish<=2 & I2_med<=60 & stessi_membri",3,0.363636363636364,0.173913043478261,11
"k_kish<=4 & n_studi_model<=0 & entita_STR",3,0.363636363636364,0.173913043478261,11
"k_kish<=5 & n_studi_model<=0 & frazione_efficace>=0.7",3,0.363636363636364,0.173913043478261,11
"k_kish<=5 & n_studi_model<=0 & entita_STR",3,0.363636363636364,0.173913043478261,11
"n_studi_model<=0 & n_studi_model<=1 & !dominato",3,0.363636363636364,0.173913043478261,11
"n_studi_model<=0 & n_studi_model<=2 & !dominato",3,0.363636363636364,0.173913043478261,11
"n_studi_model<=0 & frazione_efficace>=0.5 & !dominato",3,0.363636363636364,0.173913043478261,11
"n_studi_model<=0 & frazione_efficace>=0.5 & entita_STR",3,0.363636363636364,0.173913043478261,11
"n_studi_model<=0 & I2_med<=60 & dominato",3,0.363636363636364,0.173913043478261,11
"n_studi_model<=0 & !dominato & !materiale_misto",3,0.363636363636364,0.173913043478261,11
"n_studi_model<=0 & !dominato & !dominato_da_modello",3,0.363636363636364,0.173913043478261,11
"n_studi_model<=0 & !dominato & !entita_NCBITaxon",3,0.363636363636364,0.173913043478261,11
"n_studi_model<=0 & !dominato & controllo_veicolo",3,0.363636363636364,0.173913043478261,11
"n_studi_model<=0 & !dominato & verso_gain",3,0.363636363636364,0.173913043478261,11
"n_studi_model<=1 & stessi_membri & entita_STR",3,0.363636363636364,0.173913043478261,11
"n_studi_model<=2 & stessi_membri & entita_STR",3,0.363636363636364,0.173913043478261,11
"!dominato_da_modello & stessi_membri & entita_STR",3,0.363636363636364,0.173913043478261,11
"stessi_membri & entita_STR & !entita_MeSH",3,0.363636363636364,0.173913043478261,11
"stessi_membri & entita_STR & !entita_NCBITaxon",3,0.363636363636364,0.173913043478261,11
"stessi_membri & entita_STR & verso_gain",3,0.363636363636364,0.173913043478261,11
"k_effective<=8 & frazione_efficace>=0.7",2,0.36,0.391304347826087,25
"k_effective<=6 & n_studi_model<=0 & !entita_MeSH",3,0.36,0.391304347826087,25
"k_effective<=8 & k_effective<=10 & frazione_efficace>=0.7",3,0.36,0.391304347826087,25
"k_effective<=8 & n_studi_model<=2 & frazione_efficace>=0.7",3,0.36,0.391304347826087,25
"k_effective<=8 & frazione_efficace>=0.5 & frazione_efficace>=0.7",3,0.36,0.391304347826087,25
"k_effective<=8 & frazione_efficace>=0.6 & frazione_efficace>=0.7",3,0.36,0.391304347826087,25
"k_effective<=8 & frazione_efficace>=0.7 & controllo_veicolo",3,0.36,0.391304347826087,25
"k_effective<=8 & frazione_efficace>=0.7 & verso_gain",3,0.36,0.391304347826087,25
"k_effective<=10 & frazione_efficace>=0.7 & !entita_NCBITaxon",3,0.36,0.391304347826087,25
"n_studi_model<=0 & !entita_MeSH & !entita_NCBITaxon",3,0.36,0.391304347826087,25
"n_studi_model<=1 & frazione_efficace>=0.7 & !entita_NCBITaxon",3,0.36,0.391304347826087,25
"n_studi_model<=2 & frazione_efficace>=0.7 & !entita_STR",3,0.36,0.391304347826087,25
"n_studi_model<=2 & frazione_efficace>=0.7 & !entita_MeSH",3,0.36,0.391304347826087,25
"k_effective<=6 & frazione_efficace>=0.5 & !entita_MeSH",3,0.358490566037736,0.826086956521739,53
"k_effective<=5 & I2_med<=60 & !materiale_misto",3,0.357142857142857,0.434782608695652,28
"k_effective<=10 & !dominato & !materiale_misto",3,0.357142857142857,0.434782608695652,28
"n_studi_model<=1 & I2_med<=60 & !materiale_misto",3,0.357142857142857,0.434782608695652,28
"n_studi_model<=2 & frazione_efficace>=0.7 & !dominato_da_modello",3,0.357142857142857,0.434782608695652,28
"n_studi_model<=2 & !dominato & !materiale_misto",3,0.357142857142857,0.434782608695652,28
"k_effective<=4 & entita_STR",2,0.357142857142857,0.217391304347826,14
"k_effective<=3 & n_studi_model<=1 & stessi_membri",3,0.357142857142857,0.217391304347826,14
"k_effective<=3 & frazione_efficace>=0.5 & stessi_membri",3,0.357142857142857,0.217391304347826,14
"k_effective<=3 & !dominato_da_modello & stessi_membri",3,0.357142857142857,0.217391304347826,14
"k_effective<=4 & k_effective<=5 & entita_STR",3,0.357142857142857,0.217391304347826,14
"k_effective<=4 & k_effective<=6 & entita_STR",3,0.357142857142857,0.217391304347826,14
"k_effective<=4 & k_effective<=8 & entita_STR",3,0.357142857142857,0.217391304347826,14
"k_effective<=4 & k_effective<=10 & entita_STR",3,0.357142857142857,0.217391304347826,14
"k_effective<=4 & n_studi_model<=1 & entita_STR",3,0.357142857142857,0.217391304347826,14
"k_effective<=4 & n_studi_model<=2 & entita_STR",3,0.357142857142857,0.217391304347826,14
"k_effective<=4 & frazione_efficace>=0.7 & !materiale_misto",3,0.357142857142857,0.217391304347826,14
"k_effective<=4 & frazione_efficace>=0.7 & !dominato_da_modello",3,0.357142857142857,0.217391304347826,14
"k_effective<=4 & frazione_efficace>=0.7 & !entita_STR",3,0.357142857142857,0.217391304347826,14
"k_effective<=4 & !dominato_da_modello & entita_STR",3,0.357142857142857,0.217391304347826,14
"k_effective<=4 & entita_STR & !entita_MeSH",3,0.357142857142857,0.217391304347826,14
"k_effective<=4 & entita_STR & !entita_NCBITaxon",3,0.357142857142857,0.217391304347826,14
"k_effective<=4 & entita_STR & verso_gain",3,0.357142857142857,0.217391304347826,14
"k_effective<=5 & frazione_efficace>=0.5 & entita_STR",3,0.357142857142857,0.217391304347826,14
"k_effective<=5 & frazione_efficace>=0.7 & !entita_MeSH",3,0.357142857142857,0.217391304347826,14
"k_kish<=2 & n_studi_model<=1 & stessi_membri",3,0.357142857142857,0.217391304347826,14
"k_kish<=2 & stessi_membri & !entita_MeSH",3,0.357142857142857,0.217391304347826,14
"k_kish<=2 & stessi_membri & !entita_NCBITaxon",3,0.357142857142857,0.217391304347826,14
"k_kish<=3 & n_studi_model<=0 & I2_med<=70",3,0.357142857142857,0.217391304347826,14
"k_kish<=3 & n_studi_model<=1 & frazione_efficace>=0.7",3,0.357142857142857,0.217391304347826,14
"k_kish<=4 & frazione_efficace>=0.7 & !entita_MeSH",3,0.357142857142857,0.217391304347826,14
"k_kish<=4 & !materiale_misto & entita_STR",3,0.357142857142857,0.217391304347826,14
"k_kish<=4 & entita_STR & !ramo_anchor",3,0.357142857142857,0.217391304347826,14
"k_kish<=5 & I2_med<=60 & entita_STR",3,0.357142857142857,0.217391304347826,14
"n_studi_model<=0 & frazione_efficace>=0.5 & I2_med<=70",3,0.357142857142857,0.217391304347826,14
"n_studi_model<=0 & frazione_efficace>=0.6 & !stessi_membri",3,0.357142857142857,0.217391304347826,14
"n_studi_model<=1 & I2_med<=60 & stessi_membri",3,0.357142857142857,0.217391304347826,14
"frazione_efficace>=0.5 & I2_med<=70 & stessi_membri",3,0.357142857142857,0.217391304347826,14
"I2_med<=60 & !dominato_da_modello & stessi_membri",3,0.357142857142857,0.217391304347826,14
"I2_med<=60 & entita_STR & controllo_veicolo",3,0.357142857142857,0.217391304347826,14
"k_effective<=3 & n_studi_model<=1 & frazione_efficace>=0.5",3,0.354838709677419,0.478260869565217,31
"k_effective<=3 & frazione_efficace>=0.5 & !entita_NCBITaxon",3,0.354838709677419,0.478260869565217,31
"k_effective<=3 & !dominato_da_modello & !ramo_anchor",3,0.354838709677419,0.478260869565217,31
"frazione_efficace>=0.6 & !dominato & !entita_MeSH",3,0.354838709677419,0.478260869565217,31
"k_effective<=6 & frazione_efficace>=0.5 & !ramo_anchor",3,0.352941176470588,0.782608695652174,51
"k_effective<=3 & !materiale_misto",2,0.352941176470588,0.521739130434783,34
"k_effective<=3 & k_effective<=4 & !materiale_misto",3,0.352941176470588,0.521739130434783,34
"k_effective<=3 & k_effective<=5 & !materiale_misto",3,0.352941176470588,0.521739130434783,34
"k_effective<=3 & k_effective<=6 & !materiale_misto",3,0.352941176470588,0.521739130434783,34
"k_effective<=3 & k_effective<=8 & !materiale_misto",3,0.352941176470588,0.521739130434783,34
"k_effective<=3 & k_effective<=10 & !materiale_misto",3,0.352941176470588,0.521739130434783,34
"k_effective<=3 & k_kish<=3 & !materiale_misto",3,0.352941176470588,0.521739130434783,34
"k_effective<=3 & k_kish<=4 & !materiale_misto",3,0.352941176470588,0.521739130434783,34
"k_effective<=3 & k_kish<=5 & !materiale_misto",3,0.352941176470588,0.521739130434783,34
"k_effective<=3 & n_studi_model<=1 & !dominato_da_modello",3,0.352941176470588,0.521739130434783,34
"k_effective<=3 & n_studi_model<=2 & !materiale_misto",3,0.352941176470588,0.521739130434783,34
"k_effective<=3 & !materiale_misto & !dominato_da_modello",3,0.352941176470588,0.521739130434783,34
"k_effective<=3 & !materiale_misto & verso_gain",3,0.352941176470588,0.521739130434783,34
"frazione_efficace>=0.6 & !dominato & !entita_NCBITaxon",3,0.352941176470588,0.521739130434783,34
"k_effective<=5 & entita_STR",2,0.352941176470588,0.260869565217391,17
"I2_med<=60 & stessi_membri",2,0.352941176470588,0.260869565217391,17
"I2_med<=70 & entita_STR",2,0.352941176470588,0.260869565217391,17
"k_effective<=4 & I2_med<=70 & stessi_membri",3,0.352941176470588,0.260869565217391,17
"k_effective<=5 & k_effective<=6 & entita_STR",3,0.352941176470588,0.260869565217391,17
"k_effective<=5 & k_effective<=8 & entita_STR",3,0.352941176470588,0.260869565217391,17
"k_effective<=5 & k_effective<=10 & entita_STR",3,0.352941176470588,0.260869565217391,17
"k_effective<=5 & n_studi_model<=1 & entita_STR",3,0.352941176470588,0.260869565217391,17
"k_effective<=5 & n_studi_model<=2 & entita_STR",3,0.352941176470588,0.260869565217391,17
"k_effective<=5 & frazione_efficace>=0.7 & !materiale_misto",3,0.352941176470588,0.260869565217391,17
"k_effective<=5 & frazione_efficace>=0.7 & !dominato_da_modello",3,0.352941176470588,0.260869565217391,17
"k_effective<=5 & I2_med<=70 & stessi_membri",3,0.352941176470588,0.260869565217391,17
"k_effective<=5 & !dominato_da_modello & entita_STR",3,0.352941176470588,0.260869565217391,17
"k_effective<=5 & entita_STR & !entita_MeSH",3,0.352941176470588,0.260869565217391,17
"k_effective<=5 & entita_STR & !entita_NCBITaxon",3,0.352941176470588,0.260869565217391,17
"k_effective<=5 & entita_STR & verso_gain",3,0.352941176470588,0.260869565217391,17
"k_effective<=6 & k_kish<=5 & entita_STR",3,0.352941176470588,0.260869565217391,17
"k_effective<=6 & entita_STR & controllo_veicolo",3,0.352941176470588,0.260869565217391,17
"k_effective<=8 & I2_med<=60 & stessi_membri",3,0.352941176470588,0.260869565217391,17
"k_effective<=10 & I2_med<=60 & stessi_membri",3,0.352941176470588,0.260869565217391,17
"k_kish<=2 & frazione_efficace>=0.5 & I2_med<=60",3,0.352941176470588,0.260869565217391,17
"k_kish<=4 & n_studi_model<=0 & I2_med<=70",3,0.352941176470588,0.260869565217391,17
"k_kish<=4 & frazione_efficace>=0.7 & !materiale_misto",3,0.352941176470588,0.260869565217391,17
"k_kish<=4 & frazione_efficace>=0.7 & !dominato_da_modello",3,0.352941176470588,0.260869565217391,17
"k_kish<=5 & n_studi_model<=0 & I2_med<=70",3,0.352941176470588,0.260869565217391,17
"k_kish<=5 & frazione_efficace>=0.5 & entita_STR",3,0.352941176470588,0.260869565217391,17
"k_kish<=5 & frazione_efficace>=0.7 & !entita_STR",3,0.352941176470588,0.260869565217391,17
"n_studi_model<=0 & frazione_efficace>=0.5 & !stessi_membri",3,0.352941176470588,0.260869565217391,17
"n_studi_model<=0 & I2_med<=70 & controllo_veicolo",3,0.352941176470588,0.260869565217391,17
"n_studi_model<=0 & !stessi_membri & !entita_MeSH",3,0.352941176470588,0.260869565217391,17
"n_studi_model<=2 & I2_med<=60 & stessi_membri",3,0.352941176470588,0.260869565217391,17
"n_studi_model<=2 & I2_med<=70 & entita_STR",3,0.352941176470588,0.260869565217391,17
"frazione_efficace>=0.5 & I2_med<=50 & !materiale_misto",3,0.352941176470588,0.260869565217391,17
"I2_med<=60 & I2_med<=70 & stessi_membri",3,0.352941176470588,0.260869565217391,17
"I2_med<=60 & stessi_membri & !entita_NCBITaxon",3,0.352941176470588,0.260869565217391,17
"I2_med<=60 & stessi_membri & verso_gain",3,0.352941176470588,0.260869565217391,17
"I2_med<=70 & !dominato_da_modello & entita_STR",3,0.352941176470588,0.260869565217391,17
"I2_med<=70 & entita_STR & !entita_MeSH",3,0.352941176470588,0.260869565217391,17
"I2_med<=70 & entita_STR & !entita_NCBITaxon",3,0.352941176470588,0.260869565217391,17
"I2_med<=70 & entita_STR & verso_gain",3,0.352941176470588,0.260869565217391,17
"entita_STR & !ramo_anchor & controllo_veicolo",3,0.352941176470588,0.260869565217391,17
"k_effective<=6 & frazione_efficace>=0.5 & !stessi_membri",3,0.351351351351351,0.565217391304348,37
"k_effective<=6 & frazione_efficace>=0.5 & !entita_NCBITaxon",3,0.350877192982456,0.869565217391304,57
"k_kish<=5 & frazione_efficace>=0.7",2,0.35,0.304347826086957,20
"k_effective<=3 & I2_med<=60 & !materiale_misto",3,0.35,0.304347826086957,20
"k_effective<=4 & frazione_efficace>=0.5 & stessi_membri",3,0.35,0.304347826086957,20
"k_effective<=4 & I2_med<=50 & !materiale_misto",3,0.35,0.304347826086957,20
"k_effective<=4 & !materiale_misto & stessi_membri",3,0.35,0.304347826086957,20
"k_effective<=6 & k_kish<=5 & frazione_efficace>=0.7",3,0.35,0.304347826086957,20
"k_effective<=6 & n_studi_model<=0 & !stessi_membri",3,0.35,0.304347826086957,20
"k_effective<=6 & frazione_efficace>=0.7 & !ramo_anchor",3,0.35,0.304347826086957,20
"k_effective<=8 & k_kish<=4 & !dominato",3,0.35,0.304347826086957,20
"k_effective<=8 & k_kish<=5 & frazione_efficace>=0.7",3,0.35,0.304347826086957,20
"k_effective<=10 & k_kish<=5 & frazione_efficace>=0.7",3,0.35,0.304347826086957,20
"k_kish<=2 & frazione_efficace>=0.5 & !ramo_anchor",3,0.35,0.304347826086957,20
"k_kish<=2 & I2_med<=60 & !materiale_misto",3,0.35,0.304347826086957,20
"k_kish<=3 & frazione_efficace>=0.5 & stessi_membri",3,0.35,0.304347826086957,20
"k_kish<=3 & stessi_membri & !ramo_anchor",3,0.35,0.304347826086957,20
"k_kish<=4 & !dominato & !materiale_misto",3,0.35,0.304347826086957,20
"k_kish<=5 & n_studi_model<=2 & frazione_efficace>=0.7",3,0.35,0.304347826086957,20
"k_kish<=5 & frazione_efficace>=0.5 & frazione_efficace>=0.7",3,0.35,0.304347826086957,20
"k_kish<=5 & frazione_efficace>=0.6 & frazione_efficace>=0.7",3,0.35,0.304347826086957,20
"k_kish<=5 & frazione_efficace>=0.7 & !entita_NCBITaxon",3,0.35,0.304347826086957,20
"k_kish<=5 & frazione_efficace>=0.7 & controllo_veicolo",3,0.35,0.304347826086957,20
"k_kish<=5 & frazione_efficace>=0.7 & verso_gain",3,0.35,0.304347826086957,20
"n_studi_model<=0 & frazione_efficace>=0.5 & !entita_MeSH",3,0.35,0.304347826086957,20
"n_studi_model<=1 & stessi_membri & !ramo_anchor",3,0.35,0.304347826086957,20
"frazione_efficace>=0.5 & I2_med<=50",2,0.347826086956522,0.347826086956522,23
"k_effective<=4 & stessi_membri & !entita_MeSH",3,0.347826086956522,0.347826086956522,23
"k_effective<=4 & stessi_membri & !entita_NCBITaxon",3,0.347826086956522,0.347826086956522,23
"k_effective<=5 & stessi_membri & !entita_MeSH",3,0.347826086956522,0.347826086956522,23
"k_effective<=6 & stessi_membri & !ramo_anchor",3,0.347826086956522,0.347826086956522,23
"k_effective<=8 & I2_med<=50 & !materiale_misto",3,0.347826086956522,0.347826086956522,23
"k_effective<=10 & frazione_efficace>=0.5 & I2_med<=50",3,0.347826086956522,0.347826086956522,23
"k_kish<=5 & frazione_efficace>=0.5 & I2_med<=50",3,0.347826086956522,0.347826086956522,23
"k_kish<=5 & !dominato & !ramo_anchor",3,0.347826086956522,0.347826086956522,23
"n_studi_model<=0 & !entita_MeSH & !ramo_anchor",3,0.347826086956522,0.347826086956522,23
"n_studi_model<=2 & frazione_efficace>=0.5 & I2_med<=50",3,0.347826086956522,0.347826086956522,23
"n_studi_model<=2 & I2_med<=50 & !materiale_misto",3,0.347826086956522,0.347826086956522,23
"frazione_efficace>=0.5 & I2_med<=50 & I2_med<=60",3,0.347826086956522,0.347826086956522,23
"frazione_efficace>=0.5 & I2_med<=50 & I2_med<=70",3,0.347826086956522,0.347826086956522,23
"frazione_efficace>=0.5 & I2_med<=50 & verso_gain",3,0.347826086956522,0.347826086956522,23
"I2_med<=50 & !materiale_misto & !entita_NCBITaxon",3,0.347826086956522,0.347826086956522,23
"stessi_membri & !entita_MeSH & !ramo_anchor",3,0.347826086956522,0.347826086956522,23
"stessi_membri & !entita_NCBITaxon & !ramo_anchor",3,0.347826086956522,0.347826086956522,23
"k_effective<=6 & frazione_efficace>=0.5 & !materiale_misto",3,0.346153846153846,0.782608695652174,52
"k_effective<=10 & frazione_efficace>=0.7",2,0.346153846153846,0.391304347826087,26
"n_studi_model<=0 & !entita_MeSH",2,0.346153846153846,0.391304347826087,26
"n_studi_model<=1 & frazione_efficace>=0.7",2,0.346153846153846,0.391304347826087,26
"frazione_efficace>=0.7 & !materiale_misto",2,0.346153846153846,0.391304347826087,26
"k_effective<=6 & I2_med<=50 & !dominato_da_modello",3,0.346153846153846,0.391304347826087,26
"k_effective<=8 & n_studi_model<=0 & !entita_MeSH",3,0.346153846153846,0.391304347826087,26
"k_effective<=10 & n_studi_model<=0 & !entita_MeSH",3,0.346153846153846,0.391304347826087,26
"k_effective<=10 & n_studi_model<=2 & frazione_efficace>=0.7",3,0.346153846153846,0.391304347826087,26
"k_effective<=10 & frazione_efficace>=0.5 & frazione_efficace>=0.7",3,0.346153846153846,0.391304347826087,26
"k_effective<=10 & frazione_efficace>=0.6 & frazione_efficace>=0.7",3,0.346153846153846,0.391304347826087,26
"k_effective<=10 & frazione_efficace>=0.7 & controllo_veicolo",3,0.346153846153846,0.391304347826087,26
"k_effective<=10 & frazione_efficace>=0.7 & verso_gain",3,0.346153846153846,0.391304347826087,26
"n_studi_model<=0 & n_studi_model<=1 & !entita_MeSH",3,0.346153846153846,0.391304347826087,26
"n_studi_model<=0 & n_studi_model<=2 & !entita_MeSH",3,0.346153846153846,0.391304347826087,26
"n_studi_model<=0 & !materiale_misto & !entita_MeSH",3,0.346153846153846,0.391304347826087,26
"n_studi_model<=0 & !dominato_da_modello & !entita_MeSH",3,0.346153846153846,0.391304347826087,26
"n_studi_model<=0 & !entita_MeSH & verso_gain",3,0.346153846153846,0.391304347826087,26
"n_studi_model<=1 & n_studi_model<=2 & frazione_efficace>=0.7",3,0.346153846153846,0.391304347826087,26
"n_studi_model<=1 & frazione_efficace>=0.5 & frazione_efficace>=0.7",3,0.346153846153846,0.391304347826087,26
"n_studi_model<=1 & frazione_efficace>=0.6 & frazione_efficace>=0.7",3,0.346153846153846,0.391304347826087,26
"n_studi_model<=1 & frazione_efficace>=0.7 & controllo_veicolo",3,0.346153846153846,0.391304347826087,26
"n_studi_model<=1 & frazione_efficace>=0.7 & verso_gain",3,0.346153846153846,0.391304347826087,26
"n_studi_model<=1 & I2_med<=50 & !dominato_da_modello",3,0.346153846153846,0.391304347826087,26
"frazione_efficace>=0.5 & frazione_efficace>=0.7 & !materiale_misto",3,0.346153846153846,0.391304347826087,26
"frazione_efficace>=0.6 & frazione_efficace>=0.7 & !materiale_misto",3,0.346153846153846,0.391304347826087,26
"frazione_efficace>=0.7 & !dominato & !entita_NCBITaxon",3,0.346153846153846,0.391304347826087,26
"frazione_efficace>=0.7 & !materiale_misto & !dominato_da_modello",3,0.346153846153846,0.391304347826087,26
"frazione_efficace>=0.7 & !materiale_misto & !entita_NCBITaxon",3,0.346153846153846,0.391304347826087,26
"frazione_efficace>=0.7 & !materiale_misto & controllo_veicolo",3,0.346153846153846,0.391304347826087,26
"frazione_efficace>=0.7 & !materiale_misto & verso_gain",3,0.346153846153846,0.391304347826087,26
"!dominato & !materiale_misto & !entita_MeSH",3,0.346153846153846,0.391304347826087,26
"k_effective<=6 & frazione_efficace>=0.5 & !dominato_da_modello",3,0.345454545454545,0.826086956521739,55
"k_effective<=6 & n_studi_model<=0 & !entita_NCBITaxon",3,0.344827586206897,0.434782608695652,29
"k_effective<=6 & I2_med<=60 & !materiale_misto",3,0.344827586206897,0.434782608695652,29
"n_studi_model<=2 & frazione_efficace>=0.7 & !entita_NCBITaxon",3,0.344827586206897,0.434782608695652,29
"frazione_efficace>=0.6 & !dominato & !entita_STR",3,0.344827586206897,0.434782608695652,29
"k_effective<=3 & frazione_efficace>=0.5",2,0.34375,0.478260869565217,32
"k_effective<=3 & k_effective<=4 & frazione_efficace>=0.5",3,0.34375,0.478260869565217,32
"k_effective<=3 & k_effective<=5 & frazione_efficace>=0.5",3,0.34375,0.478260869565217,32
"k_effective<=3 & k_effective<=6 & frazione_efficace>=0.5",3,0.34375,0.478260869565217,32
"k_effective<=3 & k_effective<=8 & frazione_efficace>=0.5",3,0.34375,0.478260869565217,32
"k_effective<=3 & k_effective<=10 & frazione_efficace>=0.5",3,0.34375,0.478260869565217,32
"k_effective<=3 & k_kish<=3 & frazione_efficace>=0.5",3,0.34375,0.478260869565217,32
"k_effective<=3 & k_kish<=4 & frazione_efficace>=0.5",3,0.34375,0.478260869565217,32
"k_effective<=3 & k_kish<=5 & frazione_efficace>=0.5",3,0.34375,0.478260869565217,32
"k_effective<=3 & n_studi_model<=2 & frazione_efficace>=0.5",3,0.34375,0.478260869565217,32
"k_effective<=3 & frazione_efficace>=0.5 & verso_gain",3,0.34375,0.478260869565217,32
"k_effective<=3 & !entita_MeSH & !ramo_anchor",3,0.34375,0.478260869565217,32
"k_effective<=3 & !entita_NCBITaxon & !ramo_anchor",3,0.34375,0.478260869565217,32
"k_effective<=10 & n_studi_model<=2 & !dominato",3,0.34375,0.478260869565217,32
"n_studi_model<=2 & frazione_efficace>=0.5 & !dominato",3,0.342857142857143,0.521739130434783,35
"frazione_efficace>=0.6 & !dominato & controllo_veicolo",3,0.342857142857143,0.521739130434783,35
"k_effective<=6 & n_studi_model<=1 & frazione_efficace>=0.5",3,0.339622641509434,0.782608695652174,53
"k_effective<=6 & frazione_efficace>=0.5",2,0.338983050847458,0.869565217391304,59
"k_effective<=6 & k_effective<=8 & frazione_efficace>=0.5",3,0.338983050847458,0.869565217391304,59
"k_effective<=6 & k_effective<=10 & frazione_efficace>=0.5",3,0.338983050847458,0.869565217391304,59
"k_effective<=6 & n_studi_model<=2 & frazione_efficace>=0.5",3,0.338983050847458,0.869565217391304,59
"k_effective<=6 & frazione_efficace>=0.5 & verso_gain",3,0.338983050847458,0.869565217391304,59
"k_effective<=6 & frazione_efficace>=0.6 & !dominato_da_modello",3,0.333333333333333,0.608695652173913,42
"frazione_efficace>=0.6 & !dominato",2,0.333333333333333,0.521739130434783,36
"k_effective<=3 & n_studi_model<=1 & !entita_NCBITaxon",3,0.333333333333333,0.521739130434783,36
"k_effective<=3 & !dominato_da_modello & !entita_NCBITaxon",3,0.333333333333333,0.521739130434783,36
"n_studi_model<=2 & !dominato & !entita_NCBITaxon",3,0.333333333333333,0.521739130434783,36
"frazione_efficace>=0.5 & frazione_efficace>=0.6 & !dominato",3,0.333333333333333,0.521739130434783,36
"frazione_efficace>=0.6 & !dominato & !dominato_da_modello",3,0.333333333333333,0.521739130434783,36
"frazione_efficace>=0.6 & !dominato & verso_gain",3,0.333333333333333,0.521739130434783,36
"k_effective<=3 & !ramo_anchor",2,0.333333333333333,0.478260869565217,33
"k_effective<=3 & k_effective<=4 & !ramo_anchor",3,0.333333333333333,0.478260869565217,33
"k_effective<=3 & k_effective<=5 & !ramo_anchor",3,0.333333333333333,0.478260869565217,33
"k_effective<=3 & k_effective<=6 & !ramo_anchor",3,0.333333333333333,0.478260869565217,33
"k_effective<=3 & k_effective<=8 & !ramo_anchor",3,0.333333333333333,0.478260869565217,33
"k_effective<=3 & k_effective<=10 & !ramo_anchor",3,0.333333333333333,0.478260869565217,33
"k_effective<=3 & k_kish<=3 & !ramo_anchor",3,0.333333333333333,0.478260869565217,33
"k_effective<=3 & k_kish<=4 & !ramo_anchor",3,0.333333333333333,0.478260869565217,33
"k_effective<=3 & k_kish<=5 & !ramo_anchor",3,0.333333333333333,0.478260869565217,33
"k_effective<=3 & n_studi_model<=2 & !ramo_anchor",3,0.333333333333333,0.478260869565217,33
"k_effective<=3 & !materiale_misto & !entita_MeSH",3,0.333333333333333,0.478260869565217,33
"k_effective<=3 & !materiale_misto & controllo_veicolo",3,0.333333333333333,0.478260869565217,33
"k_effective<=3 & !ramo_anchor & verso_gain",3,0.333333333333333,0.478260869565217,33
"k_effective<=10 & frazione_efficace>=0.5 & !dominato",3,0.333333333333333,0.478260869565217,33
"k_effective<=10 & !dominato & !entita_NCBITaxon",3,0.333333333333333,0.478260869565217,33
"n_studi_model<=2 & !dominato & !stessi_membri",3,0.333333333333333,0.478260869565217,33
"frazione_efficace>=0.6 & !dominato & !stessi_membri",3,0.333333333333333,0.478260869565217,33
"k_effective<=6 & n_studi_model<=0",2,0.333333333333333,0.434782608695652,30
"n_studi_model<=2 & frazione_efficace>=0.7",2,0.333333333333333,0.434782608695652,30
"k_effective<=3 & frazione_efficace>=0.5 & !entita_MeSH",3,0.333333333333333,0.434782608695652,30
"k_effective<=6 & k_effective<=8 & n_studi_model<=0",3,0.333333333333333,0.434782608695652,30
"k_effective<=6 & k_effective<=10 & n_studi_model<=0",3,0.333333333333333,0.434782608695652,30
"k_effective<=6 & n_studi_model<=0 & n_studi_model<=1",3,0.333333333333333,0.434782608695652,30
"k_effective<=6 & n_studi_model<=0 & n_studi_model<=2",3,0.333333333333333,0.434782608695652,30
"k_effective<=6 & n_studi_model<=0 & !materiale_misto",3,0.333333333333333,0.434782608695652,30
"k_effective<=6 & n_studi_model<=0 & !dominato_da_modello",3,0.333333333333333,0.434782608695652,30
"k_effective<=6 & n_studi_model<=0 & verso_gain",3,0.333333333333333,0.434782608695652,30
"k_effective<=6 & frazione_efficace>=0.5 & I2_med<=60",3,0.333333333333333,0.434782608695652,30
"k_effective<=6 & I2_med<=50 & !entita_NCBITaxon",3,0.333333333333333,0.434782608695652,30
"k_effective<=8 & n_studi_model<=0 & !entita_NCBITaxon",3,0.333333333333333,0.434782608695652,30
"k_effective<=8 & frazione_efficace>=0.5 & I2_med<=60",3,0.333333333333333,0.434782608695652,30
"k_effective<=10 & !dominato & !stessi_membri",3,0.333333333333333,0.434782608695652,30
"n_studi_model<=2 & frazione_efficace>=0.5 & frazione_efficace>=0.7",3,0.333333333333333,0.434782608695652,30
"n_studi_model<=2 & frazione_efficace>=0.6 & frazione_efficace>=0.7",3,0.333333333333333,0.434782608695652,30
"n_studi_model<=2 & frazione_efficace>=0.7 & controllo_veicolo",3,0.333333333333333,0.434782608695652,30
"n_studi_model<=2 & frazione_efficace>=0.7 & verso_gain",3,0.333333333333333,0.434782608695652,30
"n_studi_model<=2 & !dominato & !entita_STR",3,0.333333333333333,0.434782608695652,30
"frazione_efficace>=0.5 & I2_med<=60 & !entita_NCBITaxon",3,0.333333333333333,0.434782608695652,30
"k_effective<=4 & I2_med<=60 & !materiale_misto",3,0.333333333333333,0.391304347826087,27
"k_effective<=6 & n_studi_model<=1 & I2_med<=50",3,0.333333333333333,0.391304347826087,27
"k_kish<=5 & n_studi_model<=2 & !dominato",3,0.333333333333333,0.391304347826087,27
"k_kish<=5 & frazione_efficace>=0.5 & !dominato",3,0.333333333333333,0.391304347826087,27
"frazione_efficace>=0.5 & I2_med<=60 & !dominato_da_modello",3,0.333333333333333,0.391304347826087,27
"frazione_efficace>=0.5 & I2_med<=60 & !entita_MeSH",3,0.333333333333333,0.391304347826087,27
"frazione_efficace>=0.5 & I2_med<=60 & !ramo_anchor",3,0.333333333333333,0.391304347826087,27
"frazione_efficace>=0.7 & !dominato & controllo_veicolo",3,0.333333333333333,0.391304347826087,27
"frazione_efficace>=0.7 & !stessi_membri & !entita_NCBITaxon",3,0.333333333333333,0.391304347826087,27
"k_effective<=4 & stessi_membri",2,0.333333333333333,0.347826086956522,24
"I2_med<=50 & !materiale_misto",2,0.333333333333333,0.347826086956522,24
"stessi_membri & !ramo_anchor",2,0.333333333333333,0.347826086956522,24
"k_effective<=4 & k_effective<=5 & stessi_membri",3,0.333333333333333,0.347826086956522,24
"k_effective<=4 & k_effective<=6 & stessi_membri",3,0.333333333333333,0.347826086956522,24
"k_effective<=4 & k_effective<=8 & stessi_membri",3,0.333333333333333,0.347826086956522,24
"k_effective<=4 & k_effective<=10 & stessi_membri",3,0.333333333333333,0.347826086956522,24
"k_effective<=4 & n_studi_model<=2 & stessi_membri",3,0.333333333333333,0.347826086956522,24
"k_effective<=4 & stessi_membri & verso_gain",3,0.333333333333333,0.347826086956522,24
"k_effective<=5 & stessi_membri & !entita_NCBITaxon",3,0.333333333333333,0.347826086956522,24
"k_effective<=6 & n_studi_model<=0 & frazione_efficace>=0.5",3,0.333333333333333,0.347826086956522,24
"k_effective<=6 & stessi_membri & !entita_MeSH",3,0.333333333333333,0.347826086956522,24
"k_effective<=8 & stessi_membri & !ramo_anchor",3,0.333333333333333,0.347826086956522,24
"k_effective<=10 & I2_med<=50 & !materiale_misto",3,0.333333333333333,0.347826086956522,24
"k_effective<=10 & stessi_membri & !ramo_anchor",3,0.333333333333333,0.347826086956522,24
"k_kish<=5 & !dominato & !materiale_misto",3,0.333333333333333,0.347826086956522,24
"n_studi_model<=2 & stessi_membri & !ramo_anchor",3,0.333333333333333,0.347826086956522,24
"frazione_efficace>=0.5 & I2_med<=60 & !materiale_misto",3,0.333333333333333,0.347826086956522,24
"frazione_efficace>=0.7 & !dominato & !entita_STR",3,0.333333333333333,0.347826086956522,24
"frazione_efficace>=0.7 & !dominato & !entita_MeSH",3,0.333333333333333,0.347826086956522,24
"I2_med<=50 & I2_med<=60 & !materiale_misto",3,0.333333333333333,0.347826086956522,24
"I2_med<=50 & I2_med<=70 & !materiale_misto",3,0.333333333333333,0.347826086956522,24
"I2_med<=50 & !materiale_misto & !dominato_da_modello",3,0.333333333333333,0.347826086956522,24
"I2_med<=50 & !materiale_misto & verso_gain",3,0.333333333333333,0.347826086956522,24
"stessi_membri & !ramo_anchor & verso_gain",3,0.333333333333333,0.347826086956522,24
"k_effective<=3 & frazione_efficace>=0.6 & !materiale_misto",3,0.333333333333333,0.304347826086957,21
"k_effective<=3 & !materiale_misto & !stessi_membri",3,0.333333333333333,0.304347826086957,21
"k_effective<=4 & n_studi_model<=1 & stessi_membri",3,0.333333333333333,0.304347826086957,21
"k_effective<=4 & !dominato_da_modello & stessi_membri",3,0.333333333333333,0.304347826086957,21
"k_effective<=5 & frazione_efficace>=0.5 & I2_med<=50",3,0.333333333333333,0.304347826086957,21
"k_effective<=5 & frazione_efficace>=0.5 & stessi_membri",3,0.333333333333333,0.304347826086957,21
"k_effective<=5 & !materiale_misto & stessi_membri",3,0.333333333333333,0.304347826086957,21
"k_effective<=8 & n_studi_model<=0 & !stessi_membri",3,0.333333333333333,0.304347826086957,21
"k_kish<=2 & frazione_efficace>=0.5 & !dominato_da_modello",3,0.333333333333333,0.304347826086957,21
"k_kish<=2 & frazione_efficace>=0.5 & !entita_NCBITaxon",3,0.333333333333333,0.304347826086957,21
"k_kish<=4 & n_studi_model<=2 & !dominato",3,0.333333333333333,0.304347826086957,21
"n_studi_model<=0 & !stessi_membri & !entita_NCBITaxon",3,0.333333333333333,0.304347826086957,21
"n_studi_model<=1 & frazione_efficace>=0.5 & I2_med<=50",3,0.333333333333333,0.304347826086957,21
"n_studi_model<=1 & !materiale_misto & stessi_membri",3,0.333333333333333,0.304347826086957,21
"frazione_efficace>=0.5 & I2_med<=50 & !entita_MeSH",3,0.333333333333333,0.304347826086957,21
"frazione_efficace>=0.5 & I2_med<=50 & !ramo_anchor",3,0.333333333333333,0.304347826086957,21
"frazione_efficace>=0.5 & stessi_membri & !ramo_anchor",3,0.333333333333333,0.304347826086957,21
"I2_med<=50 & !materiale_misto & !ramo_anchor",3,0.333333333333333,0.304347826086957,21
"!materiale_misto & entita_STR",2,0.333333333333333,0.260869565217391,18
"k_effective<=3 & frazione_efficace>=0.5 & !stessi_membri",3,0.333333333333333,0.260869565217391,18
"k_effective<=3 & frazione_efficace>=0.6 & !entita_STR",3,0.333333333333333,0.260869565217391,18
"k_effective<=5 & n_studi_model<=1 & frazione_efficace>=0.7",3,0.333333333333333,0.260869565217391,18
"k_effective<=6 & I2_med<=70 & stessi_membri",3,0.333333333333333,0.260869565217391,18
"k_effective<=8 & !materiale_misto & entita_STR",3,0.333333333333333,0.260869565217391,18
"k_effective<=10 & !materiale_misto & entita_STR",3,0.333333333333333,0.260869565217391,18
"k_kish<=4 & n_studi_model<=1 & frazione_efficace>=0.7",3,0.333333333333333,0.260869565217391,18
"n_studi_model<=1 & !materiale_misto & entita_STR",3,0.333333333333333,0.260869565217391,18
"n_studi_model<=2 & !materiale_misto & entita_STR",3,0.333333333333333,0.260869565217391,18
"I2_med<=70 & stessi_membri & !entita_MeSH",3,0.333333333333333,0.260869565217391,18
"I2_med<=70 & stessi_membri & !entita_NCBITaxon",3,0.333333333333333,0.260869565217391,18
"!materiale_misto & !dominato_da_modello & entita_STR",3,0.333333333333333,0.260869565217391,18
"!materiale_misto & entita_STR & !entita_MeSH",3,0.333333333333333,0.260869565217391,18
"!materiale_misto & entita_STR & !entita_NCBITaxon",3,0.333333333333333,0.260869565217391,18
"!materiale_misto & entita_STR & verso_gain",3,0.333333333333333,0.260869565217391,18
"k_kish<=2 & stessi_membri",2,0.333333333333333,0.217391304347826,15
"k_kish<=3 & frazione_efficace>=0.7",2,0.333333333333333,0.217391304347826,15
"k_effective<=3 & I2_med<=50 & !materiale_misto",3,0.333333333333333,0.217391304347826,15
"k_effective<=3 & stessi_membri & !entita_MeSH",3,0.333333333333333,0.217391304347826,15
"k_effective<=4 & k_kish<=2 & stessi_membri",3,0.333333333333333,0.217391304347826,15
"k_effective<=4 & k_kish<=3 & frazione_efficace>=0.7",3,0.333333333333333,0.217391304347826,15
"k_effective<=4 & n_studi_model<=1 & frazione_efficace>=0.7",3,0.333333333333333,0.217391304347826,15
"k_effective<=5 & k_kish<=2 & stessi_membri",3,0.333333333333333,0.217391304347826,15
"k_effective<=5 & k_kish<=3 & frazione_efficace>=0.7",3,0.333333333333333,0.217391304347826,15
"k_effective<=6 & k_kish<=2 & stessi_membri",3,0.333333333333333,0.217391304347826,15
"k_effective<=6 & k_kish<=3 & frazione_efficace>=0.7",3,0.333333333333333,0.217391304347826,15
"k_effective<=8 & k_kish<=2 & stessi_membri",3,0.333333333333333,0.217391304347826,15
"k_effective<=8 & k_kish<=3 & frazione_efficace>=0.7",3,0.333333333333333,0.217391304347826,15
"k_effective<=10 & k_kish<=2 & stessi_membri",3,0.333333333333333,0.217391304347826,15
"k_effective<=10 & k_kish<=3 & frazione_efficace>=0.7",3,0.333333333333333,0.217391304347826,15
"k_kish<=2 & k_kish<=3 & stessi_membri",3,0.333333333333333,0.217391304347826,15
"k_kish<=2 & k_kish<=4 & stessi_membri",3,0.333333333333333,0.217391304347826,15
"k_kish<=2 & k_kish<=5 & stessi_membri",3,0.333333333333333,0.217391304347826,15
"k_kish<=2 & n_studi_model<=2 & stessi_membri",3,0.333333333333333,0.217391304347826,15
"k_kish<=2 & I2_med<=50 & !materiale_misto",3,0.333333333333333,0.217391304347826,15
"k_kish<=2 & dominato & stessi_membri",3,0.333333333333333,0.217391304347826,15
"k_kish<=2 & stessi_membri & verso_gain",3,0.333333333333333,0.217391304347826,15
"k_kish<=3 & k_kish<=4 & frazione_efficace>=0.7",3,0.333333333333333,0.217391304347826,15
"k_kish<=3 & k_kish<=5 & frazione_efficace>=0.7",3,0.333333333333333,0.217391304347826,15
"k_kish<=3 & n_studi_model<=2 & frazione_efficace>=0.7",3,0.333333333333333,0.217391304347826,15
"k_kish<=3 & frazione_efficace>=0.5 & frazione_efficace>=0.7",3,0.333333333333333,0.217391304347826,15
"k_kish<=3 & frazione_efficace>=0.6 & frazione_efficace>=0.7",3,0.333333333333333,0.217391304347826,15
"k_kish<=3 & frazione_efficace>=0.7 & !entita_NCBITaxon",3,0.333333333333333,0.217391304347826,15
"k_kish<=3 & frazione_efficace>=0.7 & controllo_veicolo",3,0.333333333333333,0.217391304347826,15
"k_kish<=3 & frazione_efficace>=0.7 & verso_gain",3,0.333333333333333,0.217391304347826,15
"k_kish<=4 & frazione_efficace>=0.5 & entita_STR",3,0.333333333333333,0.217391304347826,15
"k_kish<=5 & !materiale_misto & entita_STR",3,0.333333333333333,0.217391304347826,15
"n_studi_model<=0 & !stessi_membri & !entita_STR",3,0.333333333333333,0.217391304347826,15
"n_studi_model<=1 & I2_med<=70 & stessi_membri",3,0.333333333333333,0.217391304347826,15
"frazione_efficace>=0.5 & !materiale_misto & entita_STR",3,0.333333333333333,0.217391304347826,15
"I2_med<=70 & !materiale_misto & stessi_membri",3,0.333333333333333,0.217391304347826,15
"k_kish<=2 & n_studi_model<=0",2,0.333333333333333,0.173913043478261,12
"k_effective<=3 & k_kish<=2 & stessi_membri",3,0.333333333333333,0.173913043478261,12
"k_effective<=5 & k_kish<=2 & n_studi_model<=0",3,0.333333333333333,0.173913043478261,12
"k_effective<=5 & k_kish<=2 & entita_STR",3,0.333333333333333,0.173913043478261,12
"k_effective<=6 & k_kish<=2 & n_studi_model<=0",3,0.333333333333333,0.173913043478261,12
"k_effective<=6 & k_kish<=2 & entita_STR",3,0.333333333333333,0.173913043478261,12
"k_effective<=8 & k_kish<=2 & n_studi_model<=0",3,0.333333333333333,0.173913043478261,12
"k_effective<=10 & k_kish<=2 & n_studi_model<=0",3,0.333333333333333,0.173913043478261,12
"k_kish<=2 & k_kish<=3 & n_studi_model<=0",3,0.333333333333333,0.173913043478261,12
"k_kish<=2 & k_kish<=4 & n_studi_model<=0",3,0.333333333333333,0.173913043478261,12
"k_kish<=2 & k_kish<=5 & n_studi_model<=0",3,0.333333333333333,0.173913043478261,12
"k_kish<=2 & n_studi_model<=0 & n_studi_model<=1",3,0.333333333333333,0.173913043478261,12
"k_kish<=2 & n_studi_model<=0 & n_studi_model<=2",3,0.333333333333333,0.173913043478261,12
"k_kish<=2 & n_studi_model<=0 & dominato",3,0.333333333333333,0.173913043478261,12
"k_kish<=2 & n_studi_model<=0 & !materiale_misto",3,0.333333333333333,0.173913043478261,12
"k_kish<=2 & n_studi_model<=0 & !dominato_da_modello",3,0.333333333333333,0.173913043478261,12
"k_kish<=2 & n_studi_model<=0 & !entita_MeSH",3,0.333333333333333,0.173913043478261,12
"k_kish<=2 & n_studi_model<=0 & verso_gain",3,0.333333333333333,0.173913043478261,12
"k_kish<=2 & n_studi_model<=1 & entita_STR",3,0.333333333333333,0.173913043478261,12
"k_kish<=2 & frazione_efficace>=0.5 & I2_med<=50",3,0.333333333333333,0.173913043478261,12
"k_kish<=2 & I2_med<=70 & stessi_membri",3,0.333333333333333,0.173913043478261,12
"k_kish<=3 & entita_STR & !ramo_anchor",3,0.333333333333333,0.173913043478261,12
"k_kish<=4 & I2_med<=60 & entita_STR",3,0.333333333333333,0.173913043478261,12
"k_kish<=5 & I2_med<=50 & entita_STR",3,0.333333333333333,0.173913043478261,12
"n_studi_model<=0 & frazione_efficace>=0.6 & !entita_STR",3,0.333333333333333,0.173913043478261,12
"n_studi_model<=0 & I2_med<=70 & !stessi_membri",3,0.333333333333333,0.173913043478261,12
"n_studi_model<=0 & entita_STR & controllo_veicolo",3,0.333333333333333,0.173913043478261,12
"I2_med<=50 & entita_STR & controllo_veicolo",3,0.333333333333333,0.173913043478261,12
"dominato & entita_STR & !ramo_anchor",3,0.333333333333333,0.173913043478261,12
"k_effective<=6 & n_studi_model<=1 & !materiale_misto",3,0.327586206896552,0.826086956521739,58
"k_effective<=6 & frazione_efficace>=0.5 & controllo_veicolo",3,0.327586206896552,0.826086956521739,58
"k_effective<=5 & frazione_efficace>=0.5 & !materiale_misto",3,0.326086956521739,0.652173913043478,46
"k_effective<=5 & frazione_efficace>=0.5 & !ramo_anchor",3,0.326086956521739,0.652173913043478,46
"k_effective<=6 & frazione_efficace>=0.6 & !materiale_misto",3,0.325,0.565217391304348,40
"k_effective<=6 & frazione_efficace>=0.6 & !entita_MeSH",3,0.325,0.565217391304348,40
"k_effective<=3 & n_studi_model<=1",2,0.324324324324324,0.521739130434783,37
"k_effective<=3 & !dominato_da_modello",2,0.324324324324324,0.521739130434783,37
"n_studi_model<=2 & !dominato",2,0.324324324324324,0.521739130434783,37
"k_effective<=3 & k_effective<=4 & n_studi_model<=1",3,0.324324324324324,0.521739130434783,37
"k_effective<=3 & k_effective<=4 & !dominato_da_modello",3,0.324324324324324,0.521739130434783,37
"k_effective<=3 & k_effective<=5 & n_studi_model<=1",3,0.324324324324324,0.521739130434783,37
"k_effective<=3 & k_effective<=5 & !dominato_da_modello",3,0.324324324324324,0.521739130434783,37
"k_effective<=3 & k_effective<=6 & n_studi_model<=1",3,0.324324324324324,0.521739130434783,37
"k_effective<=3 & k_effective<=6 & !dominato_da_modello",3,0.324324324324324,0.521739130434783,37
"k_effective<=3 & k_effective<=8 & n_studi_model<=1",3,0.324324324324324,0.521739130434783,37
"k_effective<=3 & k_effective<=8 & !dominato_da_modello",3,0.324324324324324,0.521739130434783,37
"k_effective<=3 & k_effective<=10 & n_studi_model<=1",3,0.324324324324324,0.521739130434783,37
"k_effective<=3 & k_effective<=10 & !dominato_da_modello",3,0.324324324324324,0.521739130434783,37
"k_effective<=3 & k_kish<=3 & n_studi_model<=1",3,0.324324324324324,0.521739130434783,37
"k_effective<=3 & k_kish<=3 & !dominato_da_modello",3,0.324324324324324,0.521739130434783,37
"k_effective<=3 & k_kish<=4 & n_studi_model<=1",3,0.324324324324324,0.521739130434783,37
"k_effective<=3 & k_kish<=4 & !dominato_da_modello",3,0.324324324324324,0.521739130434783,37
"k_effective<=3 & k_kish<=5 & n_studi_model<=1",3,0.324324324324324,0.521739130434783,37
"k_effective<=3 & k_kish<=5 & !dominato_da_modello",3,0.324324324324324,0.521739130434783,37
"k_effective<=3 & n_studi_model<=1 & n_studi_model<=2",3,0.324324324324324,0.521739130434783,37
"k_effective<=3 & n_studi_model<=1 & verso_gain",3,0.324324324324324,0.521739130434783,37
"k_effective<=3 & n_studi_model<=2 & !dominato_da_modello",3,0.324324324324324,0.521739130434783,37
"k_effective<=3 & !dominato_da_modello & verso_gain",3,0.324324324324324,0.521739130434783,37
"n_studi_model<=2 & !dominato & !dominato_da_modello",3,0.324324324324324,0.521739130434783,37
"n_studi_model<=2 & !dominato & controllo_veicolo",3,0.324324324324324,0.521739130434783,37
"n_studi_model<=2 & !dominato & verso_gain",3,0.324324324324324,0.521739130434783,37
"k_effective<=10 & !dominato",2,0.323529411764706,0.478260869565217,34
"k_effective<=3 & n_studi_model<=1 & !entita_MeSH",3,0.323529411764706,0.478260869565217,34
"k_effective<=6 & frazione_efficace>=0.6 & !entita_STR",3,0.323529411764706,0.478260869565217,34
"k_effective<=10 & !dominato & !dominato_da_modello",3,0.323529411764706,0.478260869565217,34
"k_effective<=10 & !dominato & controllo_veicolo",3,0.323529411764706,0.478260869565217,34
"k_effective<=10 & !dominato & verso_gain",3,0.323529411764706,0.478260869565217,34
"k_effective<=6 & !materiale_misto & !entita_NCBITaxon",3,0.32258064516129,0.869565217391304,62
"k_effective<=6 & !entita_MeSH & !ramo_anchor",3,0.32258064516129,0.869565217391304,62
"k_effective<=6 & !entita_NCBITaxon & !ramo_anchor",3,0.32258064516129,0.869565217391304,62
"k_effective<=6 & I2_med<=50",2,0.32258064516129,0.434782608695652,31
"k_effective<=8 & n_studi_model<=0",2,0.32258064516129,0.434782608695652,31
"n_studi_model<=0 & !entita_NCBITaxon",2,0.32258064516129,0.434782608695652,31
"frazione_efficace>=0.5 & I2_med<=60",2,0.32258064516129,0.434782608695652,31
"k_effective<=3 & frazione_efficace>=0.5 & controllo_veicolo",3,0.32258064516129,0.434782608695652,31
"k_effective<=6 & k_effective<=8 & I2_med<=50",3,0.32258064516129,0.434782608695652,31
"k_effective<=6 & k_effective<=10 & I2_med<=50",3,0.32258064516129,0.434782608695652,31
"k_effective<=6 & n_studi_model<=2 & I2_med<=50",3,0.32258064516129,0.434782608695652,31
"k_effective<=6 & I2_med<=50 & I2_med<=60",3,0.32258064516129,0.434782608695652,31
"k_effective<=6 & I2_med<=50 & I2_med<=70",3,0.32258064516129,0.434782608695652,31
"k_effective<=6 & I2_med<=50 & verso_gain",3,0.32258064516129,0.434782608695652,31
"k_effective<=8 & k_effective<=10 & n_studi_model<=0",3,0.32258064516129,0.434782608695652,31
"k_effective<=8 & n_studi_model<=0 & n_studi_model<=1",3,0.32258064516129,0.434782608695652,31
"k_effective<=8 & n_studi_model<=0 & n_studi_model<=2",3,0.32258064516129,0.434782608695652,31
"k_effective<=8 & n_studi_model<=0 & !materiale_misto",3,0.32258064516129,0.434782608695652,31
"k_effective<=8 & n_studi_model<=0 & !dominato_da_modello",3,0.32258064516129,0.434782608695652,31
"k_effective<=8 & n_studi_model<=0 & verso_gain",3,0.32258064516129,0.434782608695652,31
"k_effective<=8 & I2_med<=60 & !materiale_misto",3,0.32258064516129,0.434782608695652,31
"k_effective<=10 & n_studi_model<=0 & !entita_NCBITaxon",3,0.32258064516129,0.434782608695652,31
"k_effective<=10 & frazione_efficace>=0.5 & I2_med<=60",3,0.32258064516129,0.434782608695652,31
"k_kish<=5 & frazione_efficace>=0.5 & I2_med<=60",3,0.32258064516129,0.434782608695652,31
"n_studi_model<=0 & n_studi_model<=1 & !entita_NCBITaxon",3,0.32258064516129,0.434782608695652,31
"n_studi_model<=0 & n_studi_model<=2 & !entita_NCBITaxon",3,0.32258064516129,0.434782608695652,31
"n_studi_model<=0 & !materiale_misto & !entita_NCBITaxon",3,0.32258064516129,0.434782608695652,31
"n_studi_model<=0 & !dominato_da_modello & !entita_NCBITaxon",3,0.32258064516129,0.434782608695652,31
"n_studi_model<=0 & !entita_NCBITaxon & verso_gain",3,0.32258064516129,0.434782608695652,31
"n_studi_model<=2 & frazione_efficace>=0.5 & I2_med<=60",3,0.32258064516129,0.434782608695652,31
"n_studi_model<=2 & I2_med<=60 & !materiale_misto",3,0.32258064516129,0.434782608695652,31
"n_studi_model<=2 & !dominato & !ramo_anchor",3,0.32258064516129,0.434782608695652,31
"frazione_efficace>=0.5 & I2_med<=60 & I2_med<=70",3,0.32258064516129,0.434782608695652,31
"frazione_efficace>=0.5 & I2_med<=60 & verso_gain",3,0.32258064516129,0.434782608695652,31
"frazione_efficace>=0.5 & !dominato & !materiale_misto",3,0.32258064516129,0.434782608695652,31
"I2_med<=60 & !materiale_misto & !entita_NCBITaxon",3,0.32258064516129,0.434782608695652,31
"frazione_efficace>=0.7 & !dominato",2,0.321428571428571,0.391304347826087,28
"k_effective<=5 & frazione_efficace>=0.5 & I2_med<=60",3,0.321428571428571,0.391304347826087,28
"k_effective<=6 & I2_med<=50 & !entita_MeSH",3,0.321428571428571,0.391304347826087,28
"k_effective<=6 & I2_med<=50 & !ramo_anchor",3,0.321428571428571,0.391304347826087,28
"k_effective<=8 & n_studi_model<=1 & I2_med<=50",3,0.321428571428571,0.391304347826087,28
"k_effective<=8 & I2_med<=50 & !dominato_da_modello",3,0.321428571428571,0.391304347826087,28
"k_effective<=10 & k_kish<=5 & !dominato",3,0.321428571428571,0.391304347826087,28
"k_effective<=10 & !dominato & !entita_STR",3,0.321428571428571,0.391304347826087,28
"k_effective<=10 & !dominato & !ramo_anchor",3,0.321428571428571,0.391304347826087,28
"frazione_efficace>=0.5 & frazione_efficace>=0.7 & !dominato",3,0.321428571428571,0.391304347826087,28
"frazione_efficace>=0.6 & frazione_efficace>=0.7 & !dominato",3,0.321428571428571,0.391304347826087,28
"frazione_efficace>=0.7 & !dominato & !dominato_da_modello",3,0.321428571428571,0.391304347826087,28
"frazione_efficace>=0.7 & !dominato & verso_gain",3,0.321428571428571,0.391304347826087,28
"frazione_efficace>=0.7 & !dominato_da_modello & !stessi_membri",3,0.321428571428571,0.391304347826087,28
"frazione_efficace>=0.7 & !dominato_da_modello & !entita_STR",3,0.321428571428571,0.391304347826087,28
"frazione_efficace>=0.7 & !stessi_membri & controllo_veicolo",3,0.321428571428571,0.391304347826087,28
"frazione_efficace>=0.7 & !entita_STR & !entita_NCBITaxon",3,0.321428571428571,0.391304347826087,28
"I2_med<=60 & !materiale_misto & !ramo_anchor",3,0.321428571428571,0.391304347826087,28
"!dominato & !materiale_misto & !stessi_membri",3,0.321428571428571,0.391304347826087,28
"!dominato & !materiale_misto & !entita_STR",3,0.321428571428571,0.391304347826087,28
"n_studi_model<=1 & frazione_efficace>=0.5 & !materiale_misto",3,0.320754716981132,0.739130434782609,53
"n_studi_model<=1 & !materiale_misto & !ramo_anchor",3,0.320754716981132,0.739130434782609,53
"k_effective<=5 & frazione_efficace>=0.5 & !entita_NCBITaxon",3,0.32,0.695652173913043,50
"k_effective<=5 & stessi_membri",2,0.32,0.347826086956522,25
"k_effective<=5 & k_effective<=6 & stessi_membri",3,0.32,0.347826086956522,25
"k_effective<=5 & k_effective<=8 & stessi_membri",3,0.32,0.347826086956522,25
"k_effective<=5 & k_effective<=10 & stessi_membri",3,0.32,0.347826086956522,25
"k_effective<=5 & n_studi_model<=2 & stessi_membri",3,0.32,0.347826086956522,25
"k_effective<=5 & I2_med<=50 & !dominato_da_modello",3,0.32,0.347826086956522,25
"k_effective<=5 & stessi_membri & verso_gain",3,0.32,0.347826086956522,25
"k_effective<=6 & n_studi_model<=0 & !ramo_anchor",3,0.32,0.347826086956522,25
"k_effective<=6 & stessi_membri & !entita_NCBITaxon",3,0.32,0.347826086956522,25
"k_effective<=8 & n_studi_model<=0 & frazione_efficace>=0.5",3,0.32,0.347826086956522,25
"n_studi_model<=0 & !entita_MeSH & controllo_veicolo",3,0.32,0.347826086956522,25
"n_studi_model<=0 & !entita_NCBITaxon & !ramo_anchor",3,0.32,0.347826086956522,25
"n_studi_model<=1 & I2_med<=50 & !ramo_anchor",3,0.32,0.347826086956522,25
"frazione_efficace>=0.7 & !dominato & !stessi_membri",3,0.32,0.347826086956522,25
"frazione_efficace>=0.7 & !stessi_membri & !entita_STR",3,0.32,0.347826086956522,25
"frazione_efficace>=0.7 & !stessi_membri & !entita_MeSH",3,0.32,0.347826086956522,25
"frazione_efficace>=0.7 & !entita_STR & !entita_MeSH",3,0.32,0.347826086956522,25
"stessi_membri & !entita_MeSH & !entita_NCBITaxon",3,0.32,0.347826086956522,25
"k_effective<=5 & frazione_efficace>=0.5 & !entita_MeSH",3,0.319148936170213,0.652173913043478,47
"k_effective<=6 & !entita_MeSH & !entita_NCBITaxon",3,0.318181818181818,0.91304347826087,66
"k_effective<=6 & frazione_efficace>=0.5 & !entita_STR",3,0.318181818181818,0.608695652173913,44
"k_effective<=6 & frazione_efficace>=0.6 & !entita_NCBITaxon",3,0.318181818181818,0.608695652173913,44
"k_kish<=2 & frazione_efficace>=0.5",2,0.318181818181818,0.304347826086957,22
"n_studi_model<=0 & !stessi_membri",2,0.318181818181818,0.304347826086957,22
"k_effective<=3 & k_kish<=2 & !materiale_misto",3,0.318181818181818,0.304347826086957,22
"k_effective<=3 & frazione_efficace>=0.5 & !entita_STR",3,0.318181818181818,0.304347826086957,22
"k_effective<=3 & frazione_efficace>=0.6 & !dominato_da_modello",3,0.318181818181818,0.304347826086957,22
"k_effective<=4 & k_kish<=2 & frazione_efficace>=0.5",3,0.318181818181818,0.304347826086957,22
"k_effective<=4 & n_studi_model<=0 & !entita_NCBITaxon",3,0.318181818181818,0.304347826086957,22
"k_effective<=5 & k_kish<=2 & frazione_efficace>=0.5",3,0.318181818181818,0.304347826086957,22
"k_effective<=5 & n_studi_model<=1 & stessi_membri",3,0.318181818181818,0.304347826086957,22
"k_effective<=5 & !dominato_da_modello & stessi_membri",3,0.318181818181818,0.304347826086957,22
"k_effective<=6 & k_kish<=2 & frazione_efficace>=0.5",3,0.318181818181818,0.304347826086957,22
"k_effective<=6 & n_studi_model<=1 & stessi_membri",3,0.318181818181818,0.304347826086957,22
"k_effective<=6 & frazione_efficace>=0.5 & stessi_membri",3,0.318181818181818,0.304347826086957,22
"k_effective<=6 & !materiale_misto & stessi_membri",3,0.318181818181818,0.304347826086957,22
"k_effective<=8 & k_kish<=2 & frazione_efficace>=0.5",3,0.318181818181818,0.304347826086957,22
"k_effective<=10 & k_kish<=2 & frazione_efficace>=0.5",3,0.318181818181818,0.304347826086957,22
"k_effective<=10 & n_studi_model<=0 & !stessi_membri",3,0.318181818181818,0.304347826086957,22
"k_kish<=2 & k_kish<=3 & frazione_efficace>=0.5",3,0.318181818181818,0.304347826086957,22
"k_kish<=2 & k_kish<=4 & frazione_efficace>=0.5",3,0.318181818181818,0.304347826086957,22
"k_kish<=2 & k_kish<=5 & frazione_efficace>=0.5",3,0.318181818181818,0.304347826086957,22
"k_kish<=2 & n_studi_model<=1 & frazione_efficace>=0.5",3,0.318181818181818,0.304347826086957,22
"k_kish<=2 & n_studi_model<=2 & frazione_efficace>=0.5",3,0.318181818181818,0.304347826086957,22
"k_kish<=2 & frazione_efficace>=0.5 & dominato",3,0.318181818181818,0.304347826086957,22
"k_kish<=2 & frazione_efficace>=0.5 & !entita_MeSH",3,0.318181818181818,0.304347826086957,22
"k_kish<=2 & frazione_efficace>=0.5 & verso_gain",3,0.318181818181818,0.304347826086957,22
"k_kish<=4 & frazione_efficace>=0.5 & I2_med<=50",3,0.318181818181818,0.304347826086957,22
"k_kish<=4 & frazione_efficace>=0.5 & stessi_membri",3,0.318181818181818,0.304347826086957,22
"k_kish<=4 & stessi_membri & !ramo_anchor",3,0.318181818181818,0.304347826086957,22
"k_kish<=5 & frazione_efficace>=0.5 & stessi_membri",3,0.318181818181818,0.304347826086957,22
"k_kish<=5 & stessi_membri & !ramo_anchor",3,0.318181818181818,0.304347826086957,22
"n_studi_model<=0 & n_studi_model<=1 & !stessi_membri",3,0.318181818181818,0.304347826086957,22
"n_studi_model<=0 & n_studi_model<=2 & !stessi_membri",3,0.318181818181818,0.304347826086957,22
"n_studi_model<=0 & !materiale_misto & !stessi_membri",3,0.318181818181818,0.304347826086957,22
"n_studi_model<=0 & !dominato_da_modello & !stessi_membri",3,0.318181818181818,0.304347826086957,22
"n_studi_model<=0 & !stessi_membri & controllo_veicolo",3,0.318181818181818,0.304347826086957,22
"n_studi_model<=0 & !stessi_membri & verso_gain",3,0.318181818181818,0.304347826086957,22
"n_studi_model<=1 & !dominato_da_modello & stessi_membri",3,0.318181818181818,0.304347826086957,22
"n_studi_model<=1 & stessi_membri & !entita_MeSH",3,0.318181818181818,0.304347826086957,22
"frazione_efficace>=0.5 & I2_med<=50 & controllo_veicolo",3,0.318181818181818,0.304347826086957,22
"frazione_efficace>=0.5 & stessi_membri & !entita_MeSH",3,0.318181818181818,0.304347826086957,22
"!materiale_misto & stessi_membri & !ramo_anchor",3,0.318181818181818,0.304347826086957,22
"!dominato_da_modello & stessi_membri & !ramo_anchor",3,0.318181818181818,0.304347826086957,22
"k_effective<=6 & n_studi_model<=1 & frazione_efficace>=0.6",3,0.317073170731707,0.565217391304348,41
"k_effective<=6 & k_kish<=5 & frazione_efficace>=0.5",3,0.315789473684211,0.782608695652174,57
"k_effective<=6 & n_studi_model<=1 & !ramo_anchor",3,0.315789473684211,0.782608695652174,57
"k_effective<=6 & !materiale_misto & !ramo_anchor",3,0.315789473684211,0.782608695652174,57
"k_effective<=8 & frazione_efficace>=0.5 & !materiale_misto",3,0.315789473684211,0.782608695652174,57
"k_effective<=8 & frazione_efficace>=0.6 & !stessi_membri",3,0.315789473684211,0.521739130434783,38
"k_effective<=5 & frazione_efficace>=0.7",2,0.315789473684211,0.260869565217391,19
"k_kish<=4 & frazione_efficace>=0.7",2,0.315789473684211,0.260869565217391,19
"I2_med<=70 & stessi_membri",2,0.315789473684211,0.260869565217391,19
"k_effective<=3 & k_kish<=2 & frazione_efficace>=0.5",3,0.315789473684211,0.260869565217391,19
"k_effective<=3 & frazione_efficace>=0.5 & I2_med<=60",3,0.315789473684211,0.260869565217391,19
"k_effective<=3 & !stessi_membri & !entita_STR",3,0.315789473684211,0.260869565217391,19
"k_effective<=5 & k_effective<=6 & frazione_efficace>=0.7",3,0.315789473684211,0.260869565217391,19
"k_effective<=5 & k_effective<=8 & frazione_efficace>=0.7",3,0.315789473684211,0.260869565217391,19
"k_effective<=5 & k_effective<=10 & frazione_efficace>=0.7",3,0.315789473684211,0.260869565217391,19
"k_effective<=5 & k_kish<=4 & frazione_efficace>=0.7",3,0.315789473684211,0.260869565217391,19
"k_effective<=5 & k_kish<=5 & frazione_efficace>=0.7",3,0.315789473684211,0.260869565217391,19
"k_effective<=5 & n_studi_model<=2 & frazione_efficace>=0.7",3,0.315789473684211,0.260869565217391,19
"k_effective<=5 & frazione_efficace>=0.5 & frazione_efficace>=0.7",3,0.315789473684211,0.260869565217391,19
"k_effective<=5 & frazione_efficace>=0.6 & frazione_efficace>=0.7",3,0.315789473684211,0.260869565217391,19
"k_effective<=5 & frazione_efficace>=0.7 & !entita_NCBITaxon",3,0.315789473684211,0.260869565217391,19
"k_effective<=5 & frazione_efficace>=0.7 & controllo_veicolo",3,0.315789473684211,0.260869565217391,19
"k_effective<=5 & frazione_efficace>=0.7 & verso_gain",3,0.315789473684211,0.260869565217391,19
"k_effective<=6 & k_kish<=4 & frazione_efficace>=0.7",3,0.315789473684211,0.260869565217391,19
"k_effective<=8 & k_kish<=4 & frazione_efficace>=0.7",3,0.315789473684211,0.260869565217391,19
"k_effective<=8 & frazione_efficace>=0.5 & entita_STR",3,0.315789473684211,0.260869565217391,19
"k_effective<=8 & I2_med<=70 & stessi_membri",3,0.315789473684211,0.260869565217391,19
"k_effective<=10 & k_kish<=4 & frazione_efficace>=0.7",3,0.315789473684211,0.260869565217391,19
"k_effective<=10 & frazione_efficace>=0.5 & entita_STR",3,0.315789473684211,0.260869565217391,19
"k_effective<=10 & I2_med<=70 & stessi_membri",3,0.315789473684211,0.260869565217391,19
"k_kish<=2 & frazione_efficace>=0.5 & I2_med<=70",3,0.315789473684211,0.260869565217391,19
"k_kish<=4 & k_kish<=5 & frazione_efficace>=0.7",3,0.315789473684211,0.260869565217391,19
"k_kish<=4 & n_studi_model<=2 & frazione_efficace>=0.7",3,0.315789473684211,0.260869565217391,19
"k_kish<=4 & frazione_efficace>=0.5 & frazione_efficace>=0.7",3,0.315789473684211,0.260869565217391,19
"k_kish<=4 & frazione_efficace>=0.6 & frazione_efficace>=0.7",3,0.315789473684211,0.260869565217391,19
"k_kish<=4 & frazione_efficace>=0.7 & !entita_NCBITaxon",3,0.315789473684211,0.260869565217391,19
"k_kish<=4 & frazione_efficace>=0.7 & controllo_veicolo",3,0.315789473684211,0.260869565217391,19
"k_kish<=4 & frazione_efficace>=0.7 & verso_gain",3,0.315789473684211,0.260869565217391,19
"k_kish<=4 & !dominato & !ramo_anchor",3,0.315789473684211,0.260869565217391,19
"k_kish<=5 & frazione_efficace>=0.7 & !ramo_anchor",3,0.315789473684211,0.260869565217391,19
"n_studi_model<=1 & frazione_efficace>=0.5 & entita_STR",3,0.315789473684211,0.260869565217391,19
"n_studi_model<=2 & frazione_efficace>=0.5 & entita_STR",3,0.315789473684211,0.260869565217391,19
"n_studi_model<=2 & I2_med<=70 & stessi_membri",3,0.315789473684211,0.260869565217391,19
"frazione_efficace>=0.5 & dominato & stessi_membri",3,0.315789473684211,0.260869565217391,19
"I2_med<=70 & stessi_membri & verso_gain",3,0.315789473684211,0.260869565217391,19
"dominato & stessi_membri & !ramo_anchor",3,0.315789473684211,0.260869565217391,19
"k_effective<=6 & I2_med<=60 & !dominato_da_modello",3,0.314285714285714,0.478260869565217,35
"k_effective<=6 & I2_med<=60 & !entita_MeSH",3,0.314285714285714,0.478260869565217,35
"k_effective<=6 & I2_med<=60 & !ramo_anchor",3,0.314285714285714,0.478260869565217,35
"n_studi_model<=1 & I2_med<=60 & !dominato_da_modello",3,0.314285714285714,0.478260869565217,35
"frazione_efficace>=0.6 & !materiale_misto & !stessi_membri",3,0.314285714285714,0.478260869565217,35
"frazione_efficace>=0.6 & !materiale_misto & !entita_STR",3,0.314285714285714,0.478260869565217,35
"I2_med<=60 & !entita_MeSH & !ramo_anchor",3,0.314285714285714,0.478260869565217,35
"k_effective<=6 & n_studi_model<=1 & !dominato_da_modello",3,0.3125,0.869565217391304,64
"k_effective<=6 & n_studi_model<=1 & !entita_NCBITaxon",3,0.3125,0.869565217391304,64
"k_effective<=5 & frazione_efficace>=0.5 & !dominato_da_modello",3,0.3125,0.652173913043478,48
"n_studi_model<=0",1,0.3125,0.434782608695652,32
"k_effective<=10 & n_studi_model<=0",2,0.3125,0.434782608695652,32
"n_studi_model<=0 & n_studi_model<=1",2,0.3125,0.434782608695652,32
"n_studi_model<=0 & n_studi_model<=2",2,0.3125,0.434782608695652,32
"n_studi_model<=0 & !materiale_misto",2,0.3125,0.434782608695652,32
"n_studi_model<=0 & !dominato_da_modello",2,0.3125,0.434782608695652,32
"n_studi_model<=0 & verso_gain",2,0.3125,0.434782608695652,32
"I2_med<=60 & !materiale_misto",2,0.3125,0.434782608695652,32
"!dominato & !materiale_misto",2,0.3125,0.434782608695652,32
"k_effective<=3 & !ramo_anchor & controllo_veicolo",3,0.3125,0.434782608695652,32
"k_effective<=8 & n_studi_model<=2 & I2_med<=50",3,0.3125,0.434782608695652,32
"k_effective<=8 & I2_med<=50 & !entita_NCBITaxon",3,0.3125,0.434782608695652,32
"k_effective<=10 & n_studi_model<=0 & n_studi_model<=1",3,0.3125,0.434782608695652,32
"k_effective<=10 & n_studi_model<=0 & n_studi_model<=2",3,0.3125,0.434782608695652,32
"k_effective<=10 & n_studi_model<=0 & !materiale_misto",3,0.3125,0.434782608695652,32
"k_effective<=10 & n_studi_model<=0 & !dominato_da_modello",3,0.3125,0.434782608695652,32
"k_effective<=10 & n_studi_model<=0 & verso_gain",3,0.3125,0.434782608695652,32
"k_effective<=10 & I2_med<=60 & !materiale_misto",3,0.3125,0.434782608695652,32
"n_studi_model<=0 & n_studi_model<=1 & n_studi_model<=2",3,0.3125,0.434782608695652,32
"n_studi_model<=0 & n_studi_model<=1 & !materiale_misto",3,0.3125,0.434782608695652,32
"n_studi_model<=0 & n_studi_model<=1 & !dominato_da_modello",3,0.3125,0.434782608695652,32
"n_studi_model<=0 & n_studi_model<=1 & verso_gain",3,0.3125,0.434782608695652,32
"n_studi_model<=0 & n_studi_model<=2 & !materiale_misto",3,0.3125,0.434782608695652,32
"n_studi_model<=0 & n_studi_model<=2 & !dominato_da_modello",3,0.3125,0.434782608695652,32
"n_studi_model<=0 & n_studi_model<=2 & verso_gain",3,0.3125,0.434782608695652,32
"n_studi_model<=0 & !materiale_misto & !dominato_da_modello",3,0.3125,0.434782608695652,32
"n_studi_model<=0 & !materiale_misto & verso_gain",3,0.3125,0.434782608695652,32
"n_studi_model<=0 & !dominato_da_modello & verso_gain",3,0.3125,0.434782608695652,32
"n_studi_model<=1 & I2_med<=60 & !ramo_anchor",3,0.3125,0.434782608695652,32
"frazione_efficace>=0.6 & !dominato & !ramo_anchor",3,0.3125,0.434782608695652,32
"frazione_efficace>=0.7 & !dominato_da_modello & !entita_NCBITaxon",3,0.3125,0.434782608695652,32
"I2_med<=60 & I2_med<=70 & !materiale_misto",3,0.3125,0.434782608695652,32
"I2_med<=60 & !materiale_misto & !dominato_da_modello",3,0.3125,0.434782608695652,32
"I2_med<=60 & !materiale_misto & verso_gain",3,0.3125,0.434782608695652,32
"!dominato & !materiale_misto & !dominato_da_modello",3,0.3125,0.434782608695652,32
"!dominato & !materiale_misto & !entita_NCBITaxon",3,0.3125,0.434782608695652,32
"!dominato & !materiale_misto & controllo_veicolo",3,0.3125,0.434782608695652,32
"!dominato & !materiale_misto & verso_gain",3,0.3125,0.434782608695652,32
"k_effective<=3 & stessi_membri",2,0.3125,0.217391304347826,16
"k_effective<=4 & frazione_efficace>=0.7",2,0.3125,0.217391304347826,16
"k_effective<=3 & k_effective<=4 & stessi_membri",3,0.3125,0.217391304347826,16
"k_effective<=3 & k_effective<=5 & stessi_membri",3,0.3125,0.217391304347826,16
"k_effective<=3 & k_effective<=6 & stessi_membri",3,0.3125,0.217391304347826,16
"k_effective<=3 & k_effective<=8 & stessi_membri",3,0.3125,0.217391304347826,16
"k_effective<=3 & k_effective<=10 & stessi_membri",3,0.3125,0.217391304347826,16
"k_effective<=3 & k_kish<=3 & stessi_membri",3,0.3125,0.217391304347826,16
"k_effective<=3 & k_kish<=4 & stessi_membri",3,0.3125,0.217391304347826,16
"k_effective<=3 & k_kish<=5 & stessi_membri",3,0.3125,0.217391304347826,16
"k_effective<=3 & n_studi_model<=2 & stessi_membri",3,0.3125,0.217391304347826,16
"k_effective<=3 & frazione_efficace>=0.6 & !stessi_membri",3,0.3125,0.217391304347826,16
"k_effective<=3 & stessi_membri & !entita_NCBITaxon",3,0.3125,0.217391304347826,16
"k_effective<=3 & stessi_membri & verso_gain",3,0.3125,0.217391304347826,16
"k_effective<=4 & k_effective<=5 & frazione_efficace>=0.7",3,0.3125,0.217391304347826,16
"k_effective<=4 & k_effective<=6 & frazione_efficace>=0.7",3,0.3125,0.217391304347826,16
"k_effective<=4 & k_effective<=8 & frazione_efficace>=0.7",3,0.3125,0.217391304347826,16
"k_effective<=4 & k_effective<=10 & frazione_efficace>=0.7",3,0.3125,0.217391304347826,16
"k_effective<=4 & k_kish<=4 & frazione_efficace>=0.7",3,0.3125,0.217391304347826,16
"k_effective<=4 & k_kish<=5 & frazione_efficace>=0.7",3,0.3125,0.217391304347826,16
"k_effective<=4 & n_studi_model<=2 & frazione_efficace>=0.7",3,0.3125,0.217391304347826,16
"k_effective<=4 & frazione_efficace>=0.5 & frazione_efficace>=0.7",3,0.3125,0.217391304347826,16
"k_effective<=4 & frazione_efficace>=0.6 & frazione_efficace>=0.7",3,0.3125,0.217391304347826,16
"k_effective<=4 & frazione_efficace>=0.7 & !entita_NCBITaxon",3,0.3125,0.217391304347826,16
"k_effective<=4 & frazione_efficace>=0.7 & controllo_veicolo",3,0.3125,0.217391304347826,16
"k_effective<=4 & frazione_efficace>=0.7 & verso_gain",3,0.3125,0.217391304347826,16
"k_effective<=5 & k_kish<=4 & entita_STR",3,0.3125,0.217391304347826,16
"k_effective<=5 & k_kish<=5 & entita_STR",3,0.3125,0.217391304347826,16
"k_effective<=5 & frazione_efficace>=0.7 & !entita_STR",3,0.3125,0.217391304347826,16
"k_effective<=5 & entita_STR & controllo_veicolo",3,0.3125,0.217391304347826,16
"k_effective<=6 & k_kish<=4 & entita_STR",3,0.3125,0.217391304347826,16
"k_kish<=3 & I2_med<=60 & stessi_membri",3,0.3125,0.217391304347826,16
"k_kish<=4 & frazione_efficace>=0.7 & !entita_STR",3,0.3125,0.217391304347826,16
"k_kish<=4 & I2_med<=60 & stessi_membri",3,0.3125,0.217391304347826,16
"k_kish<=5 & I2_med<=60 & stessi_membri",3,0.3125,0.217391304347826,16
"k_kish<=5 & I2_med<=70 & entita_STR",3,0.3125,0.217391304347826,16
"n_studi_model<=0 & !stessi_membri & !ramo_anchor",3,0.3125,0.217391304347826,16
"I2_med<=60 & dominato & stessi_membri",3,0.3125,0.217391304347826,16
"I2_med<=60 & stessi_membri & controllo_veicolo",3,0.3125,0.217391304347826,16
"I2_med<=70 & !dominato_da_modello & stessi_membri",3,0.3125,0.217391304347826,16
"I2_med<=70 & entita_STR & controllo_veicolo",3,0.3125,0.217391304347826,16
"k_effective<=6 & n_studi_model<=1 & !entita_MeSH",3,0.311475409836066,0.826086956521739,61
"k_effective<=6 & !materiale_misto & !entita_MeSH",3,0.311475409836066,0.826086956521739,61
"k_effective<=8 & frazione_efficace>=0.5 & !entita_MeSH",3,0.311475409836066,0.826086956521739,61
"n_studi_model<=1 & !materiale_misto & !entita_NCBITaxon",3,0.311475409836066,0.826086956521739,61
"k_effective<=6 & frazione_efficace>=0.6",2,0.311111111111111,0.608695652173913,45
"k_effective<=6 & k_effective<=8 & frazione_efficace>=0.6",3,0.311111111111111,0.608695652173913,45
"k_effective<=6 & k_effective<=10 & frazione_efficace>=0.6",3,0.311111111111111,0.608695652173913,45
"k_effective<=6 & n_studi_model<=2 & frazione_efficace>=0.6",3,0.311111111111111,0.608695652173913,45
"k_effective<=6 & frazione_efficace>=0.5 & frazione_efficace>=0.6",3,0.311111111111111,0.608695652173913,45
"k_effective<=6 & frazione_efficace>=0.6 & controllo_veicolo",3,0.311111111111111,0.608695652173913,45
"k_effective<=6 & frazione_efficace>=0.6 & verso_gain",3,0.311111111111111,0.608695652173913,45
"k_effective<=8 & n_studi_model<=1 & frazione_efficace>=0.5",3,0.310344827586207,0.782608695652174,58
"k_effective<=8 & frazione_efficace>=0.5 & !ramo_anchor",3,0.310344827586207,0.782608695652174,58
"k_kish<=5 & !dominato",2,0.310344827586207,0.391304347826087,29
"frazione_efficace>=0.7 & !stessi_membri",2,0.310344827586207,0.391304347826087,29
"k_effective<=5 & I2_med<=50 & !entita_NCBITaxon",3,0.310344827586207,0.391304347826087,29
"k_effective<=6 & n_studi_model<=0 & controllo_veicolo",3,0.310344827586207,0.391304347826087,29
"k_effective<=8 & I2_med<=50 & !ramo_anchor",3,0.310344827586207,0.391304347826087,29
"k_effective<=10 & n_studi_model<=1 & I2_med<=50",3,0.310344827586207,0.391304347826087,29
"k_effective<=10 & I2_med<=50 & !dominato_da_modello",3,0.310344827586207,0.391304347826087,29
"k_kish<=5 & !dominato & !dominato_da_modello",3,0.310344827586207,0.391304347826087,29
"k_kish<=5 & !dominato & !entita_NCBITaxon",3,0.310344827586207,0.391304347826087,29
"k_kish<=5 & !dominato & controllo_veicolo",3,0.310344827586207,0.391304347826087,29
"k_kish<=5 & !dominato & verso_gain",3,0.310344827586207,0.391304347826087,29
"n_studi_model<=1 & frazione_efficace>=0.5 & I2_med<=60",3,0.310344827586207,0.391304347826087,29
"n_studi_model<=1 & I2_med<=50 & !entita_NCBITaxon",3,0.310344827586207,0.391304347826087,29
"n_studi_model<=2 & I2_med<=50 & !dominato_da_modello",3,0.310344827586207,0.391304347826087,29
"n_studi_model<=2 & I2_med<=50 & !ramo_anchor",3,0.310344827586207,0.391304347826087,29
"frazione_efficace>=0.5 & frazione_efficace>=0.7 & !stessi_membri",3,0.310344827586207,0.391304347826087,29
"frazione_efficace>=0.6 & frazione_efficace>=0.7 & !stessi_membri",3,0.310344827586207,0.391304347826087,29
"frazione_efficace>=0.7 & !stessi_membri & verso_gain",3,0.310344827586207,0.391304347826087,29
"frazione_efficace>=0.7 & !entita_MeSH & !entita_NCBITaxon",3,0.310344827586207,0.391304347826087,29
"I2_med<=50 & !dominato_da_modello & !entita_NCBITaxon",3,0.310344827586207,0.391304347826087,29
"I2_med<=50 & !entita_MeSH & !ramo_anchor",3,0.310344827586207,0.391304347826087,29
"I2_med<=50 & !entita_NCBITaxon & !ramo_anchor",3,0.310344827586207,0.391304347826087,29
"I2_med<=60 & !materiale_misto & !entita_MeSH",3,0.310344827586207,0.391304347826087,29
"n_studi_model<=1 & frazione_efficace>=0.5 & !entita_MeSH",3,0.309090909090909,0.739130434782609,55
"k_effective<=6 & !dominato_da_modello & !entita_NCBITaxon",3,0.308823529411765,0.91304347826087,68
"k_effective<=8 & frazione_efficace>=0.5 & !entita_NCBITaxon",3,0.307692307692308,0.869565217391304,65
"k_effective<=5 & frazione_efficace>=0.5",2,0.307692307692308,0.695652173913043,52
"k_effective<=5 & k_effective<=6 & frazione_efficace>=0.5",3,0.307692307692308,0.695652173913043,52
"k_effective<=5 & k_effective<=8 & frazione_efficace>=0.5",3,0.307692307692308,0.695652173913043,52
"k_effective<=5 & k_effective<=10 & frazione_efficace>=0.5",3,0.307692307692308,0.695652173913043,52
"k_effective<=5 & k_kish<=4 & frazione_efficace>=0.5",3,0.307692307692308,0.695652173913043,52
"k_effective<=5 & k_kish<=5 & frazione_efficace>=0.5",3,0.307692307692308,0.695652173913043,52
"k_effective<=5 & n_studi_model<=2 & frazione_efficace>=0.5",3,0.307692307692308,0.695652173913043,52
"k_effective<=5 & frazione_efficace>=0.5 & verso_gain",3,0.307692307692308,0.695652173913043,52
"n_studi_model<=1 & frazione_efficace>=0.5 & !ramo_anchor",3,0.307692307692308,0.695652173913043,52
"k_effective<=3 & !entita_NCBITaxon",2,0.307692307692308,0.521739130434783,39
"k_effective<=3 & k_effective<=4 & !entita_NCBITaxon",3,0.307692307692308,0.521739130434783,39
"k_effective<=3 & k_effective<=5 & !entita_NCBITaxon",3,0.307692307692308,0.521739130434783,39
"k_effective<=3 & k_effective<=6 & !entita_NCBITaxon",3,0.307692307692308,0.521739130434783,39
"k_effective<=3 & k_effective<=8 & !entita_NCBITaxon",3,0.307692307692308,0.521739130434783,39
"k_effective<=3 & k_effective<=10 & !entita_NCBITaxon",3,0.307692307692308,0.521739130434783,39
"k_effective<=3 & k_kish<=3 & !entita_NCBITaxon",3,0.307692307692308,0.521739130434783,39
"k_effective<=3 & k_kish<=4 & !entita_NCBITaxon",3,0.307692307692308,0.521739130434783,39
"k_effective<=3 & k_kish<=5 & !entita_NCBITaxon",3,0.307692307692308,0.521739130434783,39
"k_effective<=3 & n_studi_model<=2 & !entita_NCBITaxon",3,0.307692307692308,0.521739130434783,39
"k_effective<=3 & !entita_NCBITaxon & verso_gain",3,0.307692307692308,0.521739130434783,39
"k_effective<=6 & I2_med<=60 & !entita_NCBITaxon",3,0.307692307692308,0.521739130434783,39
"k_effective<=10 & frazione_efficace>=0.6 & !stessi_membri",3,0.307692307692308,0.521739130434783,39
"k_effective<=6 & stessi_membri",2,0.307692307692308,0.347826086956522,26
"n_studi_model<=0 & frazione_efficace>=0.5",2,0.307692307692308,0.347826086956522,26
"n_studi_model<=0 & !ramo_anchor",2,0.307692307692308,0.347826086956522,26
"stessi_membri & !entita_MeSH",2,0.307692307692308,0.347826086956522,26
"k_effective<=3 & !materiale_misto & !entita_STR",3,0.307692307692308,0.347826086956522,26
"k_effective<=5 & n_studi_model<=0 & !entita_NCBITaxon",3,0.307692307692308,0.347826086956522,26
"k_effective<=5 & n_studi_model<=1 & I2_med<=50",3,0.307692307692308,0.347826086956522,26
"k_effective<=6 & k_effective<=8 & stessi_membri",3,0.307692307692308,0.347826086956522,26
"k_effective<=6 & k_effective<=10 & stessi_membri",3,0.307692307692308,0.347826086956522,26
"k_effective<=6 & n_studi_model<=2 & stessi_membri",3,0.307692307692308,0.347826086956522,26
"k_effective<=6 & stessi_membri & verso_gain",3,0.307692307692308,0.347826086956522,26
"k_effective<=8 & n_studi_model<=0 & !ramo_anchor",3,0.307692307692308,0.347826086956522,26
"k_effective<=8 & stessi_membri & !entita_MeSH",3,0.307692307692308,0.347826086956522,26
"k_effective<=10 & n_studi_model<=0 & frazione_efficace>=0.5",3,0.307692307692308,0.347826086956522,26
"k_effective<=10 & n_studi_model<=0 & !ramo_anchor",3,0.307692307692308,0.347826086956522,26
"k_effective<=10 & stessi_membri & !entita_MeSH",3,0.307692307692308,0.347826086956522,26
"k_kish<=3 & frazione_efficace>=0.5 & I2_med<=60",3,0.307692307692308,0.347826086956522,26
"k_kish<=5 & !dominato & !stessi_membri",3,0.307692307692308,0.347826086956522,26
"n_studi_model<=0 & n_studi_model<=1 & frazione_efficace>=0.5",3,0.307692307692308,0.347826086956522,26
"n_studi_model<=0 & n_studi_model<=1 & !ramo_anchor",3,0.307692307692308,0.347826086956522,26
"n_studi_model<=0 & n_studi_model<=2 & frazione_efficace>=0.5",3,0.307692307692308,0.347826086956522,26
"n_studi_model<=0 & n_studi_model<=2 & !ramo_anchor",3,0.307692307692308,0.347826086956522,26
"n_studi_model<=0 & frazione_efficace>=0.5 & !materiale_misto",3,0.307692307692308,0.347826086956522,26
"n_studi_model<=0 & frazione_efficace>=0.5 & !dominato_da_modello",3,0.307692307692308,0.347826086956522,26
"n_studi_model<=0 & frazione_efficace>=0.5 & !entita_NCBITaxon",3,0.307692307692308,0.347826086956522,26
"n_studi_model<=0 & frazione_efficace>=0.5 & verso_gain",3,0.307692307692308,0.347826086956522,26
"n_studi_model<=0 & !materiale_misto & !ramo_anchor",3,0.307692307692308,0.347826086956522,26
"n_studi_model<=0 & !dominato_da_modello & !ramo_anchor",3,0.307692307692308,0.347826086956522,26
"n_studi_model<=0 & !ramo_anchor & verso_gain",3,0.307692307692308,0.347826086956522,26
"n_studi_model<=2 & stessi_membri & !entita_MeSH",3,0.307692307692308,0.347826086956522,26
"I2_med<=50 & !dominato_da_modello & !ramo_anchor",3,0.307692307692308,0.347826086956522,26
"stessi_membri & !entita_MeSH & verso_gain",3,0.307692307692308,0.347826086956522,26
"k_kish<=2 & entita_STR",2,0.307692307692308,0.173913043478261,13
"k_effective<=4 & k_kish<=3 & entita_STR",3,0.307692307692308,0.173913043478261,13
"k_effective<=4 & k_kish<=4 & entita_STR",3,0.307692307692308,0.173913043478261,13
"k_effective<=4 & k_kish<=5 & entita_STR",3,0.307692307692308,0.173913043478261,13
"k_effective<=4 & frazione_efficace>=0.5 & entita_STR",3,0.307692307692308,0.173913043478261,13
"k_effective<=4 & frazione_efficace>=0.7 & !entita_MeSH",3,0.307692307692308,0.173913043478261,13
"k_effective<=4 & dominato & entita_STR",3,0.307692307692308,0.173913043478261,13
"k_effective<=4 & entita_STR & controllo_veicolo",3,0.307692307692308,0.173913043478261,13
"k_effective<=8 & k_kish<=2 & entita_STR",3,0.307692307692308,0.173913043478261,13
"k_effective<=10 & k_kish<=2 & entita_STR",3,0.307692307692308,0.173913043478261,13
"k_kish<=2 & k_kish<=3 & entita_STR",3,0.307692307692308,0.173913043478261,13
"k_kish<=2 & k_kish<=4 & entita_STR",3,0.307692307692308,0.173913043478261,13
"k_kish<=2 & k_kish<=5 & entita_STR",3,0.307692307692308,0.173913043478261,13
"k_kish<=2 & n_studi_model<=2 & entita_STR",3,0.307692307692308,0.173913043478261,13
"k_kish<=2 & dominato & entita_STR",3,0.307692307692308,0.173913043478261,13
"k_kish<=2 & !dominato_da_modello & entita_STR",3,0.307692307692308,0.173913043478261,13
"k_kish<=2 & entita_STR & !entita_MeSH",3,0.307692307692308,0.173913043478261,13
"k_kish<=2 & entita_STR & !entita_NCBITaxon",3,0.307692307692308,0.173913043478261,13
"k_kish<=2 & entita_STR & verso_gain",3,0.307692307692308,0.173913043478261,13
"k_kish<=3 & frazione_efficace>=0.5 & entita_STR",3,0.307692307692308,0.173913043478261,13
"k_kish<=3 & frazione_efficace>=0.7 & !entita_MeSH",3,0.307692307692308,0.173913043478261,13
"k_kish<=3 & !materiale_misto & entita_STR",3,0.307692307692308,0.173913043478261,13
"n_studi_model<=0 & I2_med<=70 & dominato",3,0.307692307692308,0.173913043478261,13
"n_studi_model<=0 & !entita_STR & !entita_MeSH",3,0.307692307692308,0.173913043478261,13
"frazione_efficace>=0.5 & dominato & entita_STR",3,0.307692307692308,0.173913043478261,13
"dominato & !materiale_misto & entita_STR",3,0.307692307692308,0.173913043478261,13
"k_effective<=6 & !dominato_da_modello & !ramo_anchor",3,0.306451612903226,0.826086956521739,62
"k_effective<=8 & n_studi_model<=1 & !materiale_misto",3,0.306451612903226,0.826086956521739,62
"k_effective<=3 & n_studi_model<=1 & controllo_veicolo",3,0.305555555555556,0.478260869565217,36
"k_effective<=3 & !dominato_da_modello & !entita_MeSH",3,0.305555555555556,0.478260869565217,36
"k_effective<=3 & !dominato_da_modello & controllo_veicolo",3,0.305555555555556,0.478260869565217,36
"k_effective<=3 & !entita_MeSH & !entita_NCBITaxon",3,0.305555555555556,0.478260869565217,36
"k_effective<=6 & n_studi_model<=1 & I2_med<=60",3,0.305555555555556,0.478260869565217,36
"k_effective<=8 & frazione_efficace>=0.6 & !entita_STR",3,0.305555555555556,0.478260869565217,36
"k_effective<=8 & I2_med<=60 & !ramo_anchor",3,0.305555555555556,0.478260869565217,36
"n_studi_model<=1 & frazione_efficace>=0.6 & !stessi_membri",3,0.305555555555556,0.478260869565217,36
"n_studi_model<=2 & I2_med<=60 & !ramo_anchor",3,0.305555555555556,0.478260869565217,36
"I2_med<=60 & !entita_NCBITaxon & !ramo_anchor",3,0.305555555555556,0.478260869565217,36
"n_studi_model<=1 & frazione_efficace>=0.5 & !dominato_da_modello",3,0.305084745762712,0.782608695652174,59
"n_studi_model<=1 & frazione_efficace>=0.5 & !entita_NCBITaxon",3,0.305084745762712,0.782608695652174,59
"n_studi_model<=1 & !materiale_misto & !entita_MeSH",3,0.305084745762712,0.782608695652174,59
"n_studi_model<=1 & !entita_NCBITaxon & !ramo_anchor",3,0.305084745762712,0.782608695652174,59
"k_effective<=4 & n_studi_model<=0",2,0.304347826086957,0.304347826086957,23
"k_kish<=4 & !dominato",2,0.304347826086957,0.304347826086957,23
"frazione_efficace>=0.5 & stessi_membri",2,0.304347826086957,0.304347826086957,23
"k_effective<=3 & k_kish<=2 & !ramo_anchor",3,0.304347826086957,0.304347826086957,23
"k_effective<=3 & n_studi_model<=1 & frazione_efficace>=0.6",3,0.304347826086957,0.304347826086957,23
"k_effective<=3 & n_studi_model<=1 & I2_med<=60",3,0.304347826086957,0.304347826086957,23
"k_effective<=3 & n_studi_model<=1 & !stessi_membri",3,0.304347826086957,0.304347826086957,23
"k_effective<=3 & frazione_efficace>=0.6 & !entita_NCBITaxon",3,0.304347826086957,0.304347826086957,23
"k_effective<=3 & I2_med<=60 & !dominato_da_modello",3,0.304347826086957,0.304347826086957,23
"k_effective<=3 & I2_med<=70 & !materiale_misto",3,0.304347826086957,0.304347826086957,23
"k_effective<=3 & !dominato_da_modello & !stessi_membri",3,0.304347826086957,0.304347826086957,23
"k_effective<=3 & !stessi_membri & !entita_NCBITaxon",3,0.304347826086957,0.304347826086957,23
"k_effective<=4 & k_effective<=5 & n_studi_model<=0",3,0.304347826086957,0.304347826086957,23
"k_effective<=4 & k_effective<=6 & n_studi_model<=0",3,0.304347826086957,0.304347826086957,23
"k_effective<=4 & k_effective<=8 & n_studi_model<=0",3,0.304347826086957,0.304347826086957,23
"k_effective<=4 & k_effective<=10 & n_studi_model<=0",3,0.304347826086957,0.304347826086957,23
"k_effective<=4 & k_kish<=3 & stessi_membri",3,0.304347826086957,0.304347826086957,23
"k_effective<=4 & k_kish<=4 & stessi_membri",3,0.304347826086957,0.304347826086957,23
"k_effective<=4 & k_kish<=5 & stessi_membri",3,0.304347826086957,0.304347826086957,23
"k_effective<=4 & n_studi_model<=0 & n_studi_model<=1",3,0.304347826086957,0.304347826086957,23
"k_effective<=4 & n_studi_model<=0 & n_studi_model<=2",3,0.304347826086957,0.304347826086957,23
"k_effective<=4 & n_studi_model<=0 & !materiale_misto",3,0.304347826086957,0.304347826086957,23
"k_effective<=4 & n_studi_model<=0 & !dominato_da_modello",3,0.304347826086957,0.304347826086957,23
"k_effective<=4 & n_studi_model<=0 & verso_gain",3,0.304347826086957,0.304347826086957,23
"k_effective<=4 & I2_med<=50 & !dominato_da_modello",3,0.304347826086957,0.304347826086957,23
"k_effective<=4 & stessi_membri & controllo_veicolo",3,0.304347826086957,0.304347826086957,23
"k_effective<=5 & k_kish<=3 & stessi_membri",3,0.304347826086957,0.304347826086957,23
"k_effective<=5 & n_studi_model<=0 & !entita_MeSH",3,0.304347826086957,0.304347826086957,23
"k_effective<=6 & k_kish<=3 & stessi_membri",3,0.304347826086957,0.304347826086957,23
"k_effective<=6 & !dominato_da_modello & stessi_membri",3,0.304347826086957,0.304347826086957,23
"k_effective<=8 & n_studi_model<=1 & entita_STR",3,0.304347826086957,0.304347826086957,23
"k_effective<=8 & frazione_efficace>=0.5 & stessi_membri",3,0.304347826086957,0.304347826086957,23
"k_effective<=8 & frazione_efficace>=0.7 & !ramo_anchor",3,0.304347826086957,0.304347826086957,23
"k_effective<=10 & k_kish<=4 & !dominato",3,0.304347826086957,0.304347826086957,23
"k_effective<=10 & n_studi_model<=1 & entita_STR",3,0.304347826086957,0.304347826086957,23
"k_effective<=10 & frazione_efficace>=0.5 & stessi_membri",3,0.304347826086957,0.304347826086957,23
"k_kish<=3 & stessi_membri & !entita_MeSH",3,0.304347826086957,0.304347826086957,23
"k_kish<=3 & stessi_membri & !entita_NCBITaxon",3,0.304347826086957,0.304347826086957,23
"k_kish<=4 & k_kish<=5 & !dominato",3,0.304347826086957,0.304347826086957,23
"k_kish<=4 & frazione_efficace>=0.5 & !dominato",3,0.304347826086957,0.304347826086957,23
"k_kish<=4 & I2_med<=50 & !materiale_misto",3,0.304347826086957,0.304347826086957,23
"k_kish<=4 & !dominato & !dominato_da_modello",3,0.304347826086957,0.304347826086957,23
"k_kish<=4 & !dominato & !entita_NCBITaxon",3,0.304347826086957,0.304347826086957,23
"k_kish<=4 & !dominato & controllo_veicolo",3,0.304347826086957,0.304347826086957,23
"k_kish<=4 & !dominato & verso_gain",3,0.304347826086957,0.304347826086957,23
"k_kish<=5 & n_studi_model<=0 & !entita_MeSH",3,0.304347826086957,0.304347826086957,23
"k_kish<=5 & I2_med<=50 & !materiale_misto",3,0.304347826086957,0.304347826086957,23
"n_studi_model<=1 & stessi_membri & !entita_NCBITaxon",3,0.304347826086957,0.304347826086957,23
"n_studi_model<=2 & frazione_efficace>=0.5 & stessi_membri",3,0.304347826086957,0.304347826086957,23
"frazione_efficace>=0.5 & stessi_membri & !entita_NCBITaxon",3,0.304347826086957,0.304347826086957,23
"frazione_efficace>=0.5 & stessi_membri & verso_gain",3,0.304347826086957,0.304347826086957,23
"I2_med<=50 & !materiale_misto & !entita_MeSH",3,0.304347826086957,0.304347826086957,23
"I2_med<=50 & !materiale_misto & controllo_veicolo",3,0.304347826086957,0.304347826086957,23
"!materiale_misto & stessi_membri & !entita_MeSH",3,0.304347826086957,0.304347826086957,23
"!materiale_misto & stessi_membri & !entita_NCBITaxon",3,0.304347826086957,0.304347826086957,23
"stessi_membri & !ramo_anchor & controllo_veicolo",3,0.304347826086957,0.304347826086957,23
"k_effective<=5 & !materiale_misto & !entita_NCBITaxon",3,0.303571428571429,0.739130434782609,56
"k_effective<=6 & !materiale_misto",2,0.303030303030303,0.869565217391304,66
"k_effective<=6 & !ramo_anchor",2,0.303030303030303,0.869565217391304,66
"k_effective<=6 & k_effective<=8 & !materiale_misto",3,0.303030303030303,0.869565217391304,66
"k_effective<=6 & k_effective<=8 & !ramo_anchor",3,0.303030303030303,0.869565217391304,66
"k_effective<=6 & k_effective<=10 & !materiale_misto",3,0.303030303030303,0.869565217391304,66
"k_effective<=6 & k_effective<=10 & !ramo_anchor",3,0.303030303030303,0.869565217391304,66
"k_effective<=6 & n_studi_model<=2 & !materiale_misto",3,0.303030303030303,0.869565217391304,66
"k_effective<=6 & n_studi_model<=2 & !ramo_anchor",3,0.303030303030303,0.869565217391304,66
"k_effective<=6 & !materiale_misto & !dominato_da_modello",3,0.303030303030303,0.869565217391304,66
"k_effective<=6 & !materiale_misto & verso_gain",3,0.303030303030303,0.869565217391304,66
"k_effective<=6 & !ramo_anchor & verso_gain",3,0.303030303030303,0.869565217391304,66
"k_effective<=8 & n_studi_model<=2 & frazione_efficace>=0.5",3,0.303030303030303,0.869565217391304,66
"n_studi_model<=2 & frazione_efficace>=0.5 & !entita_MeSH",3,0.303030303030303,0.869565217391304,66
"k_effective<=8 & I2_med<=50",2,0.303030303030303,0.434782608695652,33
"k_effective<=5 & I2_med<=60 & !dominato_da_modello",3,0.303030303030303,0.434782608695652,33
"k_effective<=8 & k_effective<=10 & I2_med<=50",3,0.303030303030303,0.434782608695652,33
"k_effective<=8 & I2_med<=50 & I2_med<=60",3,0.303030303030303,0.434782608695652,33
"k_effective<=8 & I2_med<=50 & I2_med<=70",3,0.303030303030303,0.434782608695652,33
"k_effective<=8 & I2_med<=50 & verso_gain",3,0.303030303030303,0.434782608695652,33
"k_effective<=10 & n_studi_model<=2 & I2_med<=50",3,0.303030303030303,0.434782608695652,33
"k_effective<=10 & I2_med<=50 & !entita_NCBITaxon",3,0.303030303030303,0.434782608695652,33
"n_studi_model<=1 & frazione_efficace>=0.6 & !entita_STR",3,0.303030303030303,0.434782608695652,33
"n_studi_model<=2 & I2_med<=50 & !entita_NCBITaxon",3,0.303030303030303,0.434782608695652,33
"frazione_efficace>=0.7 & !dominato_da_modello & controllo_veicolo",3,0.303030303030303,0.434782608695652,33
"frazione_efficace>=0.7 & !entita_NCBITaxon & controllo_veicolo",3,0.303030303030303,0.434782608695652,33
"I2_med<=60 & !dominato_da_modello & !ramo_anchor",3,0.303030303030303,0.434782608695652,33
"k_effective<=8 & frazione_efficace>=0.6 & !materiale_misto",3,0.302325581395349,0.565217391304348,43
"k_effective<=10 & frazione_efficace>=0.6 & !materiale_misto",3,0.302325581395349,0.565217391304348,43
"n_studi_model<=2 & frazione_efficace>=0.6 & !stessi_membri",3,0.302325581395349,0.565217391304348,43
"k_effective<=5 & !materiale_misto & !ramo_anchor",3,0.30188679245283,0.695652173913043,53
"k_effective<=6 & !entita_NCBITaxon",2,0.301369863013699,0.956521739130435,73
"k_effective<=6 & k_effective<=8 & !entita_NCBITaxon",3,0.301369863013699,0.956521739130435,73
"k_effective<=6 & k_effective<=10 & !entita_NCBITaxon",3,0.301369863013699,0.956521739130435,73
"k_effective<=6 & n_studi_model<=2 & !entita_NCBITaxon",3,0.301369863013699,0.956521739130435,73
"k_effective<=6 & !entita_NCBITaxon & verso_gain",3,0.301369863013699,0.956521739130435,73
"k_effective<=6 & !entita_MeSH",2,0.3,0.91304347826087,70
"k_effective<=6 & k_effective<=8 & !entita_MeSH",3,0.3,0.91304347826087,70
"k_effective<=6 & k_effective<=10 & !entita_MeSH",3,0.3,0.91304347826087,70
"k_effective<=6 & n_studi_model<=2 & !entita_MeSH",3,0.3,0.91304347826087,70
"k_effective<=6 & !entita_MeSH & verso_gain",3,0.3,0.91304347826087,70
"k_effective<=10 & n_studi_model<=1 & frazione_efficace>=0.5",3,0.3,0.782608695652174,60
"n_studi_model<=1 & !entita_MeSH & !ramo_anchor",3,0.3,0.782608695652174,60
"n_studi_model<=2 & frazione_efficace>=0.5 & !materiale_misto",3,0.3,0.782608695652174,60
"k_effective<=3",1,0.3,0.521739130434783,40
"k_effective<=3 & k_effective<=4",2,0.3,0.521739130434783,40
"k_effective<=3 & k_effective<=5",2,0.3,0.521739130434783,40
"k_effective<=3 & k_effective<=6",2,0.3,0.521739130434783,40
"k_effective<=3 & k_effective<=8",2,0.3,0.521739130434783,40
"k_effective<=3 & k_effective<=10",2,0.3,0.521739130434783,40
"k_effective<=3 & k_kish<=3",2,0.3,0.521739130434783,40
"k_effective<=3 & k_kish<=4",2,0.3,0.521739130434783,40
"k_effective<=3 & k_kish<=5",2,0.3,0.521739130434783,40
"k_effective<=3 & n_studi_model<=2",2,0.3,0.521739130434783,40
"k_effective<=3 & verso_gain",2,0.3,0.521739130434783,40
"k_effective<=6 & I2_med<=60",2,0.3,0.521739130434783,40
"k_effective<=3 & k_effective<=4 & k_effective<=5",3,0.3,0.521739130434783,40
"k_effective<=3 & k_effective<=4 & k_effective<=6",3,0.3,0.521739130434783,40
"k_effective<=3 & k_effective<=4 & k_effective<=8",3,0.3,0.521739130434783,40
"k_effective<=3 & k_effective<=4 & k_effective<=10",3,0.3,0.521739130434783,40
"k_effective<=3 & k_effective<=4 & k_kish<=3",3,0.3,0.521739130434783,40
"k_effective<=3 & k_effective<=4 & k_kish<=4",3,0.3,0.521739130434783,40
"k_effective<=3 & k_effective<=4 & k_kish<=5",3,0.3,0.521739130434783,40
"k_effective<=3 & k_effective<=4 & n_studi_model<=2",3,0.3,0.521739130434783,40
"k_effective<=3 & k_effective<=4 & verso_gain",3,0.3,0.521739130434783,40
"k_effective<=3 & k_effective<=5 & k_effective<=6",3,0.3,0.521739130434783,40
"k_effective<=3 & k_effective<=5 & k_effective<=8",3,0.3,0.521739130434783,40
"k_effective<=3 & k_effective<=5 & k_effective<=10",3,0.3,0.521739130434783,40
"k_effective<=3 & k_effective<=5 & k_kish<=3",3,0.3,0.521739130434783,40
"k_effective<=3 & k_effective<=5 & k_kish<=4",3,0.3,0.521739130434783,40
"k_effective<=3 & k_effective<=5 & k_kish<=5",3,0.3,0.521739130434783,40
"k_effective<=3 & k_effective<=5 & n_studi_model<=2",3,0.3,0.521739130434783,40
"k_effective<=3 & k_effective<=5 & verso_gain",3,0.3,0.521739130434783,40
"k_effective<=3 & k_effective<=6 & k_effective<=8",3,0.3,0.521739130434783,40
"k_effective<=3 & k_effective<=6 & k_effective<=10",3,0.3,0.521739130434783,40
"k_effective<=3 & k_effective<=6 & k_kish<=3",3,0.3,0.521739130434783,40
"k_effective<=3 & k_effective<=6 & k_kish<=4",3,0.3,0.521739130434783,40
"k_effective<=3 & k_effective<=6 & k_kish<=5",3,0.3,0.521739130434783,40
"k_effective<=3 & k_effective<=6 & n_studi_model<=2",3,0.3,0.521739130434783,40
"k_effective<=3 & k_effective<=6 & verso_gain",3,0.3,0.521739130434783,40
"k_effective<=3 & k_effective<=8 & k_effective<=10",3,0.3,0.521739130434783,40
"k_effective<=3 & k_effective<=8 & k_kish<=3",3,0.3,0.521739130434783,40
"k_effective<=3 & k_effective<=8 & k_kish<=4",3,0.3,0.521739130434783,40
"k_effective<=3 & k_effective<=8 & k_kish<=5",3,0.3,0.521739130434783,40
"k_effective<=3 & k_effective<=8 & n_studi_model<=2",3,0.3,0.521739130434783,40
"k_effective<=3 & k_effective<=8 & verso_gain",3,0.3,0.521739130434783,40
"k_effective<=3 & k_effective<=10 & k_kish<=3",3,0.3,0.521739130434783,40
"k_effective<=3 & k_effective<=10 & k_kish<=4",3,0.3,0.521739130434783,40
"k_effective<=3 & k_effective<=10 & k_kish<=5",3,0.3,0.521739130434783,40
"k_effective<=3 & k_effective<=10 & n_studi_model<=2",3,0.3,0.521739130434783,40
"k_effective<=3 & k_effective<=10 & verso_gain",3,0.3,0.521739130434783,40
"k_effective<=3 & k_kish<=3 & k_kish<=4",3,0.3,0.521739130434783,40
"k_effective<=3 & k_kish<=3 & k_kish<=5",3,0.3,0.521739130434783,40
"k_effective<=3 & k_kish<=3 & n_studi_model<=2",3,0.3,0.521739130434783,40
"k_effective<=3 & k_kish<=3 & verso_gain",3,0.3,0.521739130434783,40
"k_effective<=3 & k_kish<=4 & k_kish<=5",3,0.3,0.521739130434783,40
"k_effective<=3 & k_kish<=4 & n_studi_model<=2",3,0.3,0.521739130434783,40
"k_effective<=3 & k_kish<=4 & verso_gain",3,0.3,0.521739130434783,40
"k_effective<=3 & k_kish<=5 & n_studi_model<=2",3,0.3,0.521739130434783,40
"k_effective<=3 & k_kish<=5 & verso_gain",3,0.3,0.521739130434783,40
"k_effective<=3 & n_studi_model<=2 & verso_gain",3,0.3,0.521739130434783,40
"k_effective<=6 & k_effective<=8 & I2_med<=60",3,0.3,0.521739130434783,40
"k_effective<=6 & k_effective<=10 & I2_med<=60",3,0.3,0.521739130434783,40
"k_effective<=6 & n_studi_model<=2 & I2_med<=60",3,0.3,0.521739130434783,40
"k_effective<=6 & frazione_efficace>=0.6 & !ramo_anchor",3,0.3,0.521739130434783,40
"k_effective<=6 & I2_med<=60 & I2_med<=70",3,0.3,0.521739130434783,40
"k_effective<=6 & I2_med<=60 & verso_gain",3,0.3,0.521739130434783,40
"n_studi_model<=1 & frazione_efficace>=0.6 & !materiale_misto",3,0.3,0.521739130434783,40
"k_effective<=5 & I2_med<=50",2,0.3,0.391304347826087,30
"n_studi_model<=1 & I2_med<=50",2,0.3,0.391304347826087,30
"frazione_efficace>=0.7 & !entita_STR",2,0.3,0.391304347826087,30
"I2_med<=50 & !dominato_da_modello",2,0.3,0.391304347826087,30
"I2_med<=50 & !ramo_anchor",2,0.3,0.391304347826087,30
"k_effective<=5 & k_effective<=6 & I2_med<=50",3,0.3,0.391304347826087,30
"k_effective<=5 & k_effective<=8 & I2_med<=50",3,0.3,0.391304347826087,30
"k_effective<=5 & k_effective<=10 & I2_med<=50",3,0.3,0.391304347826087,30
"k_effective<=5 & n_studi_model<=2 & I2_med<=50",3,0.3,0.391304347826087,30
"k_effective<=5 & I2_med<=50 & I2_med<=60",3,0.3,0.391304347826087,30
"k_effective<=5 & I2_med<=50 & I2_med<=70",3,0.3,0.391304347826087,30
"k_effective<=5 & I2_med<=50 & verso_gain",3,0.3,0.391304347826087,30
"k_effective<=6 & k_kish<=5 & I2_med<=50",3,0.3,0.391304347826087,30
"k_effective<=6 & I2_med<=50 & controllo_veicolo",3,0.3,0.391304347826087,30
"k_effective<=8 & n_studi_model<=0 & controllo_veicolo",3,0.3,0.391304347826087,30
"k_effective<=8 & I2_med<=50 & !entita_MeSH",3,0.3,0.391304347826087,30
"k_effective<=10 & I2_med<=50 & !ramo_anchor",3,0.3,0.391304347826087,30
"k_kish<=4 & frazione_efficace>=0.5 & I2_med<=60",3,0.3,0.391304347826087,30
"n_studi_model<=0 & !entita_NCBITaxon & controllo_veicolo",3,0.3,0.391304347826087,30
"n_studi_model<=1 & n_studi_model<=2 & I2_med<=50",3,0.3,0.391304347826087,30
"n_studi_model<=1 & I2_med<=50 & I2_med<=60",3,0.3,0.391304347826087,30
"n_studi_model<=1 & I2_med<=50 & I2_med<=70",3,0.3,0.391304347826087,30
"n_studi_model<=1 & I2_med<=50 & verso_gain",3,0.3,0.391304347826087,30
"frazione_efficace>=0.5 & frazione_efficace>=0.7 & !entita_STR",3,0.3,0.391304347826087,30
"frazione_efficace>=0.5 & I2_med<=60 & controllo_veicolo",3,0.3,0.391304347826087,30
"frazione_efficace>=0.6 & frazione_efficace>=0.7 & !entita_STR",3,0.3,0.391304347826087,30
"frazione_efficace>=0.7 & !dominato_da_modello & !entita_MeSH",3,0.3,0.391304347826087,30
"frazione_efficace>=0.7 & !entita_STR & controllo_veicolo",3,0.3,0.391304347826087,30
"frazione_efficace>=0.7 & !entita_STR & verso_gain",3,0.3,0.391304347826087,30
"frazione_efficace>=0.7 & !entita_MeSH & controllo_veicolo",3,0.3,0.391304347826087,30
"I2_med<=50 & I2_med<=60 & !dominato_da_modello",3,0.3,0.391304347826087,30
"I2_med<=50 & I2_med<=60 & !ramo_anchor",3,0.3,0.391304347826087,30
"I2_med<=50 & I2_med<=70 & !dominato_da_modello",3,0.3,0.391304347826087,30
"I2_med<=50 & I2_med<=70 & !ramo_anchor",3,0.3,0.391304347826087,30
"I2_med<=50 & !dominato_da_modello & verso_gain",3,0.3,0.391304347826087,30
"I2_med<=50 & !ramo_anchor & verso_gain",3,0.3,0.391304347826087,30
"frazione_efficace>=0.5 & entita_STR",2,0.3,0.260869565217391,20
"k_effective<=3 & !stessi_membri & !ramo_anchor",3,0.3,0.260869565217391,20
"k_effective<=4 & frazione_efficace>=0.5 & I2_med<=50",3,0.3,0.260869565217391,20
"k_kish<=3 & frazione_efficace>=0.5 & I2_med<=50",3,0.3,0.260869565217391,20
"k_kish<=3 & !materiale_misto & stessi_membri",3,0.3,0.260869565217391,20
"k_kish<=4 & !dominato & !stessi_membri",3,0.3,0.260869565217391,20
"k_kish<=5 & n_studi_model<=0 & !stessi_membri",3,0.3,0.260869565217391,20
"n_studi_model<=1 & frazione_efficace>=0.5 & stessi_membri",3,0.3,0.260869565217391,20
"frazione_efficace>=0.5 & !materiale_misto & stessi_membri",3,0.3,0.260869565217391,20
"frazione_efficace>=0.5 & !dominato_da_modello & entita_STR",3,0.3,0.260869565217391,20
"frazione_efficace>=0.5 & entita_STR & !entita_MeSH",3,0.3,0.260869565217391,20
"frazione_efficace>=0.5 & entita_STR & !entita_NCBITaxon",3,0.3,0.260869565217391,20
"frazione_efficace>=0.5 & entita_STR & verso_gain",3,0.3,0.260869565217391,20
"n_studi_model<=0 & stessi_membri",2,0.3,0.130434782608696,10
"I2_med<=70 & !dominato",2,0.3,0.130434782608696,10
"k_effective<=5 & n_studi_model<=0 & frazione_efficace>=0.7",3,0.3,0.130434782608696,10
"k_effective<=5 & n_studi_model<=0 & stessi_membri",3,0.3,0.130434782608696,10
"k_effective<=6 & n_studi_model<=0 & stessi_membri",3,0.3,0.130434782608696,10
"k_effective<=8 & n_studi_model<=0 & stessi_membri",3,0.3,0.130434782608696,10
"k_effective<=10 & n_studi_model<=0 & stessi_membri",3,0.3,0.130434782608696,10
"k_kish<=2 & I2_med<=70 & entita_STR",3,0.3,0.130434782608696,10
"k_kish<=3 & n_studi_model<=0 & entita_STR",3,0.3,0.130434782608696,10
"k_kish<=4 & n_studi_model<=0 & frazione_efficace>=0.7",3,0.3,0.130434782608696,10
"k_kish<=4 & I2_med<=50 & entita_STR",3,0.3,0.130434782608696,10
"k_kish<=5 & I2_med<=70 & !dominato",3,0.3,0.130434782608696,10
"n_studi_model<=0 & n_studi_model<=1 & stessi_membri",3,0.3,0.130434782608696,10
"n_studi_model<=0 & n_studi_model<=2 & stessi_membri",3,0.3,0.130434782608696,10
"n_studi_model<=0 & dominato & entita_STR",3,0.3,0.130434782608696,10
"n_studi_model<=0 & !materiale_misto & stessi_membri",3,0.3,0.130434782608696,10
"n_studi_model<=0 & !dominato_da_modello & stessi_membri",3,0.3,0.130434782608696,10
"n_studi_model<=0 & stessi_membri & !entita_NCBITaxon",3,0.3,0.130434782608696,10
"n_studi_model<=0 & stessi_membri & !ramo_anchor",3,0.3,0.130434782608696,10
"n_studi_model<=0 & stessi_membri & verso_gain",3,0.3,0.130434782608696,10
"n_studi_model<=2 & I2_med<=70 & !dominato",3,0.3,0.130434782608696,10
"I2_med<=60 & stessi_membri & !entita_STR",3,0.3,0.130434782608696,10
"I2_med<=70 & !dominato & !dominato_da_modello",3,0.3,0.130434782608696,10
"I2_med<=70 & !dominato & !entita_NCBITaxon",3,0.3,0.130434782608696,10
"I2_med<=70 & !dominato & controllo_veicolo",3,0.3,0.130434782608696,10
"I2_med<=70 & !dominato & verso_gain",3,0.3,0.130434782608696,10
"I2_med<=70 & !stessi_membri & entita_STR",3,0.3,0.130434782608696,10
"stessi_membri & entita_STR & controllo_veicolo",3,0.3,0.130434782608696,10
"k_effective<=6 & !dominato_da_modello & !entita_MeSH",3,0.298507462686567,0.869565217391304,67
"k_effective<=5 & !entita_MeSH & !ramo_anchor",3,0.298245614035088,0.739130434782609,57
"k_effective<=5 & !entita_NCBITaxon & !ramo_anchor",3,0.298245614035088,0.739130434782609,57
"k_kish<=5 & frazione_efficace>=0.5 & !ramo_anchor",3,0.298245614035088,0.739130434782609,57
"k_effective<=4 & n_studi_model<=1 & !materiale_misto",3,0.297872340425532,0.608695652173913,47
"k_effective<=4 & !materiale_misto & !entita_NCBITaxon",3,0.297872340425532,0.608695652173913,47
"k_effective<=3 & !entita_MeSH",2,0.297297297297297,0.478260869565217,37
"I2_med<=60 & !ramo_anchor",2,0.297297297297297,0.478260869565217,37
"k_effective<=3 & k_effective<=4 & !entita_MeSH",3,0.297297297297297,0.478260869565217,37
"k_effective<=3 & k_effective<=5 & !entita_MeSH",3,0.297297297297297,0.478260869565217,37
"k_effective<=3 & k_effective<=6 & !entita_MeSH",3,0.297297297297297,0.478260869565217,37
"k_effective<=3 & k_effective<=8 & !entita_MeSH",3,0.297297297297297,0.478260869565217,37
"k_effective<=3 & k_effective<=10 & !entita_MeSH",3,0.297297297297297,0.478260869565217,37
"k_effective<=3 & k_kish<=3 & !entita_MeSH",3,0.297297297297297,0.478260869565217,37
"k_effective<=3 & k_kish<=4 & !entita_MeSH",3,0.297297297297297,0.478260869565217,37
"k_effective<=3 & k_kish<=5 & !entita_MeSH",3,0.297297297297297,0.478260869565217,37
"k_effective<=3 & n_studi_model<=2 & !entita_MeSH",3,0.297297297297297,0.478260869565217,37
"k_effective<=3 & !entita_MeSH & verso_gain",3,0.297297297297297,0.478260869565217,37
"k_effective<=5 & I2_med<=60 & !entita_NCBITaxon",3,0.297297297297297,0.478260869565217,37
"k_effective<=8 & n_studi_model<=1 & I2_med<=60",3,0.297297297297297,0.478260869565217,37
"k_effective<=8 & I2_med<=60 & !dominato_da_modello",3,0.297297297297297,0.478260869565217,37
"k_effective<=8 & I2_med<=60 & !entita_MeSH",3,0.297297297297297,0.478260869565217,37
"k_effective<=10 & frazione_efficace>=0.6 & !entita_STR",3,0.297297297297297,0.478260869565217,37
"k_effective<=10 & I2_med<=60 & !ramo_anchor",3,0.297297297297297,0.478260869565217,37
"frazione_efficace>=0.5 & !dominato & !entita_MeSH",3,0.297297297297297,0.478260869565217,37
"I2_med<=60 & I2_med<=70 & !ramo_anchor",3,0.297297297297297,0.478260869565217,37
"I2_med<=60 & !ramo_anchor & verso_gain",3,0.297297297297297,0.478260869565217,37
"!dominato & !entita_MeSH & !entita_NCBITaxon",3,0.297297297297297,0.478260869565217,37
"k_effective<=8 & frazione_efficace>=0.5 & !dominato_da_modello",3,0.296875,0.826086956521739,64
"k_effective<=10 & n_studi_model<=1 & !materiale_misto",3,0.296875,0.826086956521739,64
"n_studi_model<=2 & frazione_efficace>=0.5 & !ramo_anchor",3,0.296875,0.826086956521739,64
"k_effective<=5 & n_studi_model<=1 & !materiale_misto",3,0.296296296296296,0.695652173913043,54
"k_effective<=5 & n_studi_model<=0",2,0.296296296296296,0.347826086956522,27
"stessi_membri & !entita_NCBITaxon",2,0.296296296296296,0.347826086956522,27
"k_effective<=3 & n_studi_model<=1 & !entita_STR",3,0.296296296296296,0.347826086956522,27
"k_effective<=3 & !dominato_da_modello & !entita_STR",3,0.296296296296296,0.347826086956522,27
"k_effective<=4 & frazione_efficace>=0.5 & I2_med<=60",3,0.296296296296296,0.347826086956522,27
"k_effective<=4 & I2_med<=50 & !entita_NCBITaxon",3,0.296296296296296,0.347826086956522,27
"k_effective<=5 & k_effective<=6 & n_studi_model<=0",3,0.296296296296296,0.347826086956522,27
"k_effective<=5 & k_effective<=8 & n_studi_model<=0",3,0.296296296296296,0.347826086956522,27
"k_effective<=5 & k_effective<=10 & n_studi_model<=0",3,0.296296296296296,0.347826086956522,27
"k_effective<=5 & n_studi_model<=0 & n_studi_model<=1",3,0.296296296296296,0.347826086956522,27
"k_effective<=5 & n_studi_model<=0 & n_studi_model<=2",3,0.296296296296296,0.347826086956522,27
"k_effective<=5 & n_studi_model<=0 & !materiale_misto",3,0.296296296296296,0.347826086956522,27
"k_effective<=5 & n_studi_model<=0 & !dominato_da_modello",3,0.296296296296296,0.347826086956522,27
"k_effective<=5 & n_studi_model<=0 & verso_gain",3,0.296296296296296,0.347826086956522,27
"k_effective<=5 & I2_med<=50 & !entita_MeSH",3,0.296296296296296,0.347826086956522,27
"k_effective<=5 & I2_med<=50 & !ramo_anchor",3,0.296296296296296,0.347826086956522,27
"k_effective<=8 & stessi_membri & !entita_NCBITaxon",3,0.296296296296296,0.347826086956522,27
"k_effective<=10 & stessi_membri & !entita_NCBITaxon",3,0.296296296296296,0.347826086956522,27
"k_kish<=2 & n_studi_model<=1 & !materiale_misto",3,0.296296296296296,0.347826086956522,27
"k_kish<=3 & I2_med<=60 & !materiale_misto",3,0.296296296296296,0.347826086956522,27
"n_studi_model<=1 & I2_med<=50 & !entita_MeSH",3,0.296296296296296,0.347826086956522,27
"n_studi_model<=2 & stessi_membri & !entita_NCBITaxon",3,0.296296296296296,0.347826086956522,27
"!dominato & !materiale_misto & !ramo_anchor",3,0.296296296296296,0.347826086956522,27
"stessi_membri & !entita_NCBITaxon & verso_gain",3,0.296296296296296,0.347826086956522,27
"n_studi_model<=2 & frazione_efficace>=0.5 & !entita_NCBITaxon",3,0.295774647887324,0.91304347826087,71
"k_effective<=6 & !materiale_misto & !stessi_membri",3,0.295454545454545,0.565217391304348,44
"n_studi_model<=2 & frazione_efficace>=0.6 & !materiale_misto",3,0.295454545454545,0.565217391304348,44
"k_effective<=8 & n_studi_model<=1 & !ramo_anchor",3,0.295081967213115,0.782608695652174,61
"k_effective<=10 & frazione_efficace>=0.5 & !materiale_misto",3,0.295081967213115,0.782608695652174,61
"n_studi_model<=1 & !dominato_da_modello & !ramo_anchor",3,0.295081967213115,0.782608695652174,61
"k_effective<=6 & n_studi_model<=1",2,0.294117647058824,0.869565217391304,68
"k_effective<=8 & frazione_efficace>=0.5",2,0.294117647058824,0.869565217391304,68
"k_effective<=6 & k_effective<=8 & n_studi_model<=1",3,0.294117647058824,0.869565217391304,68
"k_effective<=6 & k_effective<=10 & n_studi_model<=1",3,0.294117647058824,0.869565217391304,68
"k_effective<=6 & n_studi_model<=1 & n_studi_model<=2",3,0.294117647058824,0.869565217391304,68
"k_effective<=6 & n_studi_model<=1 & verso_gain",3,0.294117647058824,0.869565217391304,68
"k_effective<=8 & k_effective<=10 & frazione_efficace>=0.5",3,0.294117647058824,0.869565217391304,68
"k_effective<=8 & frazione_efficace>=0.5 & verso_gain",3,0.294117647058824,0.869565217391304,68
"k_effective<=5 & frazione_efficace>=0.5 & controllo_veicolo",3,0.294117647058824,0.652173913043478,51
"k_effective<=10 & I2_med<=50",2,0.294117647058824,0.434782608695652,34
"n_studi_model<=2 & I2_med<=50",2,0.294117647058824,0.434782608695652,34
"frazione_efficace>=0.7 & !dominato_da_modello",2,0.294117647058824,0.434782608695652,34
"frazione_efficace>=0.7 & !entita_NCBITaxon",2,0.294117647058824,0.434782608695652,34
"I2_med<=50 & !entita_NCBITaxon",2,0.294117647058824,0.434782608695652,34
"k_effective<=5 & n_studi_model<=1 & I2_med<=60",3,0.294117647058824,0.434782608695652,34
"k_effective<=5 & I2_med<=60 & !entita_MeSH",3,0.294117647058824,0.434782608695652,34
"k_effective<=5 & I2_med<=60 & !ramo_anchor",3,0.294117647058824,0.434782608695652,34
"k_effective<=10 & I2_med<=50 & I2_med<=60",3,0.294117647058824,0.434782608695652,34
"k_effective<=10 & I2_med<=50 & I2_med<=70",3,0.294117647058824,0.434782608695652,34
"k_effective<=10 & I2_med<=50 & verso_gain",3,0.294117647058824,0.434782608695652,34
"k_kish<=5 & frazione_efficace>=0.6 & !stessi_membri",3,0.294117647058824,0.434782608695652,34
"n_studi_model<=1 & I2_med<=60 & !entita_MeSH",3,0.294117647058824,0.434782608695652,34
"n_studi_model<=2 & I2_med<=50 & I2_med<=60",3,0.294117647058824,0.434782608695652,34
"n_studi_model<=2 & I2_med<=50 & I2_med<=70",3,0.294117647058824,0.434782608695652,34
"n_studi_model<=2 & I2_med<=50 & verso_gain",3,0.294117647058824,0.434782608695652,34
"frazione_efficace>=0.5 & frazione_efficace>=0.7 & !dominato_da_modello",3,0.294117647058824,0.434782608695652,34
"frazione_efficace>=0.5 & frazione_efficace>=0.7 & !entita_NCBITaxon",3,0.294117647058824,0.434782608695652,34
"frazione_efficace>=0.6 & frazione_efficace>=0.7 & !dominato_da_modello",3,0.294117647058824,0.434782608695652,34
"frazione_efficace>=0.6 & frazione_efficace>=0.7 & !entita_NCBITaxon",3,0.294117647058824,0.434782608695652,34
"frazione_efficace>=0.7 & !dominato_da_modello & verso_gain",3,0.294117647058824,0.434782608695652,34
"frazione_efficace>=0.7 & !entita_NCBITaxon & verso_gain",3,0.294117647058824,0.434782608695652,34
"I2_med<=50 & I2_med<=60 & !entita_NCBITaxon",3,0.294117647058824,0.434782608695652,34
"I2_med<=50 & I2_med<=70 & !entita_NCBITaxon",3,0.294117647058824,0.434782608695652,34
"I2_med<=50 & !entita_NCBITaxon & verso_gain",3,0.294117647058824,0.434782608695652,34
"!dominato & !entita_MeSH & !ramo_anchor",3,0.294117647058824,0.434782608695652,34
"k_effective<=3 & n_studi_model<=1 & I2_med<=50",3,0.294117647058824,0.217391304347826,17
"k_effective<=3 & I2_med<=50 & !dominato_da_modello",3,0.294117647058824,0.217391304347826,17
"k_effective<=5 & n_studi_model<=0 & !stessi_membri",3,0.294117647058824,0.217391304347826,17
"k_kish<=3 & I2_med<=70 & stessi_membri",3,0.294117647058824,0.217391304347826,17
"I2_med<=70 & dominato & stessi_membri",3,0.294117647058824,0.217391304347826,17
"!materiale_misto & entita_STR & controllo_veicolo",3,0.294117647058824,0.217391304347826,17
"k_effective<=4 & frazione_efficace>=0.5 & !materiale_misto",3,0.292682926829268,0.521739130434783,41
"k_effective<=4 & frazione_efficace>=0.5 & !ramo_anchor",3,0.292682926829268,0.521739130434783,41
"k_effective<=8 & n_studi_model<=2 & I2_med<=60",3,0.292682926829268,0.521739130434783,41
"k_effective<=8 & I2_med<=60 & !entita_NCBITaxon",3,0.292682926829268,0.521739130434783,41
"k_kish<=3 & frazione_efficace>=0.5 & !ramo_anchor",3,0.292682926829268,0.521739130434783,41
"n_studi_model<=2 & frazione_efficace>=0.6 & !entita_STR",3,0.292682926829268,0.521739130434783,41
"n_studi_model<=1 & !materiale_misto",2,0.292307692307692,0.826086956521739,65
"k_effective<=6 & !materiale_misto & controllo_veicolo",3,0.292307692307692,0.826086956521739,65
"k_effective<=6 & !ramo_anchor & controllo_veicolo",3,0.292307692307692,0.826086956521739,65
"k_effective<=10 & frazione_efficace>=0.5 & !entita_MeSH",3,0.292307692307692,0.826086956521739,65
"n_studi_model<=1 & n_studi_model<=2 & !materiale_misto",3,0.292307692307692,0.826086956521739,65
"n_studi_model<=1 & !materiale_misto & !dominato_da_modello",3,0.292307692307692,0.826086956521739,65
"n_studi_model<=1 & !materiale_misto & verso_gain",3,0.292307692307692,0.826086956521739,65
"k_effective<=6 & !dominato_da_modello",2,0.291666666666667,0.91304347826087,72
"k_effective<=6 & k_effective<=8 & !dominato_da_modello",3,0.291666666666667,0.91304347826087,72
"k_effective<=6 & k_effective<=10 & !dominato_da_modello",3,0.291666666666667,0.91304347826087,72
"k_effective<=6 & n_studi_model<=2 & !dominato_da_modello",3,0.291666666666667,0.91304347826087,72
"k_effective<=6 & !dominato_da_modello & verso_gain",3,0.291666666666667,0.91304347826087,72
"k_effective<=6 & !entita_NCBITaxon & controllo_veicolo",3,0.291666666666667,0.91304347826087,72
"k_effective<=4 & !entita_NCBITaxon & !ramo_anchor",3,0.291666666666667,0.608695652173913,48
"k_effective<=5 & n_studi_model<=1 & frazione_efficace>=0.5",3,0.291666666666667,0.608695652173913,48
"k_effective<=6 & !stessi_membri & !entita_NCBITaxon",3,0.291666666666667,0.608695652173913,48
"k_effective<=8 & frazione_efficace>=0.6 & !dominato_da_modello",3,0.291666666666667,0.608695652173913,48
"k_effective<=3 & frazione_efficace>=0.6",2,0.291666666666667,0.304347826086957,24
"k_effective<=3 & !stessi_membri",2,0.291666666666667,0.304347826086957,24
"k_effective<=8 & entita_STR",2,0.291666666666667,0.304347826086957,24
"k_effective<=10 & entita_STR",2,0.291666666666667,0.304347826086957,24
"k_kish<=3 & stessi_membri",2,0.291666666666667,0.304347826086957,24
"n_studi_model<=1 & stessi_membri",2,0.291666666666667,0.304347826086957,24
"n_studi_model<=1 & entita_STR",2,0.291666666666667,0.304347826086957,24
"!materiale_misto & stessi_membri",2,0.291666666666667,0.304347826086957,24
"k_effective<=3 & k_effective<=4 & frazione_efficace>=0.6",3,0.291666666666667,0.304347826086957,24
"k_effective<=3 & k_effective<=4 & !stessi_membri",3,0.291666666666667,0.304347826086957,24
"k_effective<=3 & k_effective<=5 & frazione_efficace>=0.6",3,0.291666666666667,0.304347826086957,24
"k_effective<=3 & k_effective<=5 & !stessi_membri",3,0.291666666666667,0.304347826086957,24
"k_effective<=3 & k_effective<=6 & frazione_efficace>=0.6",3,0.291666666666667,0.304347826086957,24
"k_effective<=3 & k_effective<=6 & !stessi_membri",3,0.291666666666667,0.304347826086957,24
"k_effective<=3 & k_effective<=8 & frazione_efficace>=0.6",3,0.291666666666667,0.304347826086957,24
"k_effective<=3 & k_effective<=8 & !stessi_membri",3,0.291666666666667,0.304347826086957,24
"k_effective<=3 & k_effective<=10 & frazione_efficace>=0.6",3,0.291666666666667,0.304347826086957,24
"k_effective<=3 & k_effective<=10 & !stessi_membri",3,0.291666666666667,0.304347826086957,24
"k_effective<=3 & k_kish<=3 & frazione_efficace>=0.6",3,0.291666666666667,0.304347826086957,24
"k_effective<=3 & k_kish<=3 & !stessi_membri",3,0.291666666666667,0.304347826086957,24
"k_effective<=3 & k_kish<=4 & frazione_efficace>=0.6",3,0.291666666666667,0.304347826086957,24
"k_effective<=3 & k_kish<=4 & !stessi_membri",3,0.291666666666667,0.304347826086957,24
"k_effective<=3 & k_kish<=5 & frazione_efficace>=0.6",3,0.291666666666667,0.304347826086957,24
"k_effective<=3 & k_kish<=5 & !stessi_membri",3,0.291666666666667,0.304347826086957,24
"k_effective<=3 & n_studi_model<=2 & frazione_efficace>=0.6",3,0.291666666666667,0.304347826086957,24
"k_effective<=3 & n_studi_model<=2 & !stessi_membri",3,0.291666666666667,0.304347826086957,24
"k_effective<=3 & frazione_efficace>=0.5 & frazione_efficace>=0.6",3,0.291666666666667,0.304347826086957,24
"k_effective<=3 & frazione_efficace>=0.6 & controllo_veicolo",3,0.291666666666667,0.304347826086957,24
"k_effective<=3 & frazione_efficace>=0.6 & verso_gain",3,0.291666666666667,0.304347826086957,24
"k_effective<=3 & !stessi_membri & controllo_veicolo",3,0.291666666666667,0.304347826086957,24
"k_effective<=3 & !stessi_membri & verso_gain",3,0.291666666666667,0.304347826086957,24
"k_effective<=4 & n_studi_model<=1 & I2_med<=50",3,0.291666666666667,0.304347826086957,24
"k_effective<=5 & k_kish<=4 & stessi_membri",3,0.291666666666667,0.304347826086957,24
"k_effective<=5 & k_kish<=5 & stessi_membri",3,0.291666666666667,0.304347826086957,24
"k_effective<=5 & n_studi_model<=0 & !ramo_anchor",3,0.291666666666667,0.304347826086957,24
"k_effective<=5 & stessi_membri & controllo_veicolo",3,0.291666666666667,0.304347826086957,24
"k_effective<=8 & k_effective<=10 & entita_STR",3,0.291666666666667,0.304347826086957,24
"k_effective<=8 & k_kish<=3 & stessi_membri",3,0.291666666666667,0.304347826086957,24
"k_effective<=8 & n_studi_model<=1 & stessi_membri",3,0.291666666666667,0.304347826086957,24
"k_effective<=8 & n_studi_model<=2 & entita_STR",3,0.291666666666667,0.304347826086957,24
"k_effective<=8 & !materiale_misto & stessi_membri",3,0.291666666666667,0.304347826086957,24
"k_effective<=8 & !dominato_da_modello & entita_STR",3,0.291666666666667,0.304347826086957,24
"k_effective<=8 & entita_STR & !entita_MeSH",3,0.291666666666667,0.304347826086957,24
"k_effective<=8 & entita_STR & !entita_NCBITaxon",3,0.291666666666667,0.304347826086957,24
"k_effective<=8 & entita_STR & verso_gain",3,0.291666666666667,0.304347826086957,24
"k_effective<=10 & k_kish<=3 & stessi_membri",3,0.291666666666667,0.304347826086957,24
"k_effective<=10 & n_studi_model<=1 & stessi_membri",3,0.291666666666667,0.304347826086957,24
"k_effective<=10 & n_studi_model<=2 & entita_STR",3,0.291666666666667,0.304347826086957,24
"k_effective<=10 & frazione_efficace>=0.7 & !ramo_anchor",3,0.291666666666667,0.304347826086957,24
"k_effective<=10 & !materiale_misto & stessi_membri",3,0.291666666666667,0.304347826086957,24
"k_effective<=10 & !dominato_da_modello & entita_STR",3,0.291666666666667,0.304347826086957,24
"k_effective<=10 & entita_STR & !entita_MeSH",3,0.291666666666667,0.304347826086957,24
"k_effective<=10 & entita_STR & !entita_NCBITaxon",3,0.291666666666667,0.304347826086957,24
"k_effective<=10 & entita_STR & verso_gain",3,0.291666666666667,0.304347826086957,24
"k_kish<=2 & n_studi_model<=1 & I2_med<=60",3,0.291666666666667,0.304347826086957,24
"k_kish<=3 & k_kish<=4 & stessi_membri",3,0.291666666666667,0.304347826086957,24
"k_kish<=3 & k_kish<=5 & stessi_membri",3,0.291666666666667,0.304347826086957,24
"k_kish<=3 & n_studi_model<=2 & stessi_membri",3,0.291666666666667,0.304347826086957,24
"k_kish<=3 & stessi_membri & verso_gain",3,0.291666666666667,0.304347826086957,24
"k_kish<=4 & stessi_membri & !entita_MeSH",3,0.291666666666667,0.304347826086957,24
"k_kish<=5 & n_studi_model<=0 & frazione_efficace>=0.5",3,0.291666666666667,0.304347826086957,24
"k_kish<=5 & n_studi_model<=0 & !ramo_anchor",3,0.291666666666667,0.304347826086957,24
"k_kish<=5 & !dominato & !entita_STR",3,0.291666666666667,0.304347826086957,24
"k_kish<=5 & stessi_membri & !entita_MeSH",3,0.291666666666667,0.304347826086957,24
"n_studi_model<=1 & n_studi_model<=2 & stessi_membri",3,0.291666666666667,0.304347826086957,24
"n_studi_model<=1 & n_studi_model<=2 & entita_STR",3,0.291666666666667,0.304347826086957,24
"n_studi_model<=1 & frazione_efficace>=0.7 & !ramo_anchor",3,0.291666666666667,0.304347826086957,24
"n_studi_model<=1 & !dominato_da_modello & entita_STR",3,0.291666666666667,0.304347826086957,24
"n_studi_model<=1 & stessi_membri & verso_gain",3,0.291666666666667,0.304347826086957,24
"n_studi_model<=1 & entita_STR & !entita_MeSH",3,0.291666666666667,0.304347826086957,24
"n_studi_model<=1 & entita_STR & !entita_NCBITaxon",3,0.291666666666667,0.304347826086957,24
"n_studi_model<=1 & entita_STR & verso_gain",3,0.291666666666667,0.304347826086957,24
"n_studi_model<=2 & !materiale_misto & stessi_membri",3,0.291666666666667,0.304347826086957,24
"frazione_efficace>=0.5 & I2_med<=60 & dominato",3,0.291666666666667,0.304347826086957,24
"frazione_efficace>=0.7 & !materiale_misto & !ramo_anchor",3,0.291666666666667,0.304347826086957,24
"!materiale_misto & !dominato_da_modello & stessi_membri",3,0.291666666666667,0.304347826086957,24
"!materiale_misto & stessi_membri & verso_gain",3,0.291666666666667,0.304347826086957,24
"!dominato_da_modello & stessi_membri & !entita_MeSH",3,0.291666666666667,0.304347826086957,24
"!dominato_da_modello & stessi_membri & !entita_NCBITaxon",3,0.291666666666667,0.304347826086957,24
"k_effective<=6 & k_kish<=4 & frazione_efficace>=0.5",3,0.290909090909091,0.695652173913043,55
"k_kish<=5 & n_studi_model<=1 & frazione_efficace>=0.5",3,0.290909090909091,0.695652173913043,55
"n_studi_model<=1 & frazione_efficace>=0.5",2,0.290322580645161,0.782608695652174,62
"k_effective<=8 & !materiale_misto & !ramo_anchor",3,0.290322580645161,0.782608695652174,62
"k_effective<=10 & n_studi_model<=1 & !ramo_anchor",3,0.290322580645161,0.782608695652174,62
"k_effective<=10 & frazione_efficace>=0.5 & !ramo_anchor",3,0.290322580645161,0.782608695652174,62
"n_studi_model<=1 & n_studi_model<=2 & frazione_efficace>=0.5",3,0.290322580645161,0.782608695652174,62
"n_studi_model<=1 & frazione_efficace>=0.5 & verso_gain",3,0.290322580645161,0.782608695652174,62
"n_studi_model<=0 & controllo_veicolo",2,0.290322580645161,0.391304347826087,31
"frazione_efficace>=0.7 & !entita_MeSH",2,0.290322580645161,0.391304347826087,31
"k_effective<=4 & I2_med<=60 & !dominato_da_modello",3,0.290322580645161,0.391304347826087,31
"k_effective<=5 & frazione_efficace>=0.5 & !stessi_membri",3,0.290322580645161,0.391304347826087,31
"k_effective<=10 & n_studi_model<=0 & controllo_veicolo",3,0.290322580645161,0.391304347826087,31
"k_effective<=10 & I2_med<=50 & !entita_MeSH",3,0.290322580645161,0.391304347826087,31
"k_kish<=4 & I2_med<=60 & !materiale_misto",3,0.290322580645161,0.391304347826087,31
"k_kish<=5 & I2_med<=60 & !materiale_misto",3,0.290322580645161,0.391304347826087,31
"n_studi_model<=0 & n_studi_model<=1 & controllo_veicolo",3,0.290322580645161,0.391304347826087,31
"n_studi_model<=0 & n_studi_model<=2 & controllo_veicolo",3,0.290322580645161,0.391304347826087,31
"n_studi_model<=0 & !materiale_misto & controllo_veicolo",3,0.290322580645161,0.391304347826087,31
"n_studi_model<=0 & !dominato_da_modello & controllo_veicolo",3,0.290322580645161,0.391304347826087,31
"n_studi_model<=0 & controllo_veicolo & verso_gain",3,0.290322580645161,0.391304347826087,31
"n_studi_model<=2 & I2_med<=50 & !entita_MeSH",3,0.290322580645161,0.391304347826087,31
"frazione_efficace>=0.5 & frazione_efficace>=0.7 & !entita_MeSH",3,0.290322580645161,0.391304347826087,31
"frazione_efficace>=0.6 & frazione_efficace>=0.7 & !entita_MeSH",3,0.290322580645161,0.391304347826087,31
"frazione_efficace>=0.7 & !entita_MeSH & verso_gain",3,0.290322580645161,0.391304347826087,31
"I2_med<=50 & !entita_MeSH & !entita_NCBITaxon",3,0.290322580645161,0.391304347826087,31
"I2_med<=60 & !materiale_misto & controllo_veicolo",3,0.290322580645161,0.391304347826087,31
"!dominato & !entita_STR & !entita_MeSH",3,0.290322580645161,0.391304347826087,31
"k_effective<=6 & !entita_MeSH & controllo_veicolo",3,0.289855072463768,0.869565217391304,69
"k_effective<=8 & n_studi_model<=1 & !entita_NCBITaxon",3,0.289855072463768,0.869565217391304,69
"k_effective<=8 & !materiale_misto & !entita_NCBITaxon",3,0.289855072463768,0.869565217391304,69
"k_effective<=8 & !entita_MeSH & !ramo_anchor",3,0.289855072463768,0.869565217391304,69
"k_effective<=8 & !entita_NCBITaxon & !ramo_anchor",3,0.289855072463768,0.869565217391304,69
"k_effective<=5 & I2_med<=60",2,0.289473684210526,0.478260869565217,38
"k_effective<=3 & !entita_NCBITaxon & controllo_veicolo",3,0.289473684210526,0.478260869565217,38
"k_effective<=5 & k_effective<=6 & I2_med<=60",3,0.289473684210526,0.478260869565217,38
"k_effective<=5 & k_effective<=8 & I2_med<=60",3,0.289473684210526,0.478260869565217,38
"k_effective<=5 & k_effective<=10 & I2_med<=60",3,0.289473684210526,0.478260869565217,38
"k_effective<=5 & n_studi_model<=2 & I2_med<=60",3,0.289473684210526,0.478260869565217,38
"k_effective<=5 & frazione_efficace>=0.5 & !entita_STR",3,0.289473684210526,0.478260869565217,38
"k_effective<=5 & I2_med<=60 & I2_med<=70",3,0.289473684210526,0.478260869565217,38
"k_effective<=5 & I2_med<=60 & verso_gain",3,0.289473684210526,0.478260869565217,38
"k_effective<=10 & n_studi_model<=1 & I2_med<=60",3,0.289473684210526,0.478260869565217,38
"k_effective<=10 & I2_med<=60 & !dominato_da_modello",3,0.289473684210526,0.478260869565217,38
"k_effective<=10 & I2_med<=60 & !entita_MeSH",3,0.289473684210526,0.478260869565217,38
"n_studi_model<=1 & I2_med<=60 & !entita_NCBITaxon",3,0.289473684210526,0.478260869565217,38
"n_studi_model<=2 & I2_med<=60 & !dominato_da_modello",3,0.289473684210526,0.478260869565217,38
"n_studi_model<=2 & I2_med<=60 & !entita_MeSH",3,0.289473684210526,0.478260869565217,38
"I2_med<=60 & !dominato_da_modello & !entita_NCBITaxon",3,0.289473684210526,0.478260869565217,38
"I2_med<=60 & !entita_MeSH & !entita_NCBITaxon",3,0.289473684210526,0.478260869565217,38
"!dominato & !entita_MeSH & controllo_veicolo",3,0.289473684210526,0.478260869565217,38
"k_effective<=4 & frazione_efficace>=0.5 & !entita_NCBITaxon",3,0.288888888888889,0.565217391304348,45
"k_effective<=4 & !materiale_misto & !ramo_anchor",3,0.288888888888889,0.565217391304348,45
"k_effective<=8 & frazione_efficace>=0.5 & !stessi_membri",3,0.288888888888889,0.565217391304348,45
"k_effective<=8 & frazione_efficace>=0.6 & !entita_MeSH",3,0.288888888888889,0.565217391304348,45
"n_studi_model<=1 & frazione_efficace>=0.6 & !dominato_da_modello",3,0.288888888888889,0.565217391304348,45
"k_kish<=5 & frazione_efficace>=0.5 & !entita_MeSH",3,0.288135593220339,0.739130434782609,59
"frazione_efficace>=0.5 & !materiale_misto & !entita_MeSH",3,0.288135593220339,0.739130434782609,59
"n_studi_model<=1 & !entita_MeSH & !entita_NCBITaxon",3,0.287878787878788,0.826086956521739,66
"k_effective<=6",1,0.285714285714286,0.956521739130435,77
"k_effective<=6 & k_effective<=8",2,0.285714285714286,0.956521739130435,77
"k_effective<=6 & k_effective<=10",2,0.285714285714286,0.956521739130435,77
"k_effective<=6 & n_studi_model<=2",2,0.285714285714286,0.956521739130435,77
"k_effective<=6 & verso_gain",2,0.285714285714286,0.956521739130435,77
"k_effective<=6 & k_effective<=8 & k_effective<=10",3,0.285714285714286,0.956521739130435,77
"k_effective<=6 & k_effective<=8 & n_studi_model<=2",3,0.285714285714286,0.956521739130435,77
"k_effective<=6 & k_effective<=8 & verso_gain",3,0.285714285714286,0.956521739130435,77
"k_effective<=6 & k_effective<=10 & n_studi_model<=2",3,0.285714285714286,0.956521739130435,77
"k_effective<=6 & k_effective<=10 & verso_gain",3,0.285714285714286,0.956521739130435,77
"k_effective<=6 & n_studi_model<=2 & verso_gain",3,0.285714285714286,0.956521739130435,77
"k_effective<=8 & n_studi_model<=1 & !dominato_da_modello",3,0.285714285714286,0.869565217391304,70
"k_effective<=10 & n_studi_model<=2 & frazione_efficace>=0.5",3,0.285714285714286,0.869565217391304,70
"k_effective<=10 & frazione_efficace>=0.5 & !entita_NCBITaxon",3,0.285714285714286,0.869565217391304,70
"n_studi_model<=1 & !dominato_da_modello & !entita_NCBITaxon",3,0.285714285714286,0.869565217391304,70
"n_studi_model<=2 & frazione_efficace>=0.5 & !dominato_da_modello",3,0.285714285714286,0.869565217391304,70
"k_effective<=8 & k_kish<=5 & frazione_efficace>=0.5",3,0.285714285714286,0.782608695652174,63
"frazione_efficace>=0.5 & !materiale_misto & !entita_NCBITaxon",3,0.285714285714286,0.782608695652174,63
"k_effective<=5 & !materiale_misto & !entita_MeSH",3,0.285714285714286,0.695652173913043,56
"frazione_efficace>=0.5 & !materiale_misto & !ramo_anchor",3,0.285714285714286,0.695652173913043,56
"k_effective<=6 & !dominato_da_modello & !stessi_membri",3,0.285714285714286,0.608695652173913,49
"k_effective<=8 & frazione_efficace>=0.5 & !entita_STR",3,0.285714285714286,0.608695652173913,49
"k_effective<=8 & frazione_efficace>=0.6 & !entita_NCBITaxon",3,0.285714285714286,0.608695652173913,49
"k_effective<=10 & frazione_efficace>=0.6 & !dominato_da_modello",3,0.285714285714286,0.608695652173913,49
"k_effective<=8 & I2_med<=60",2,0.285714285714286,0.521739130434783,42
"k_effective<=8 & k_effective<=10 & I2_med<=60",3,0.285714285714286,0.521739130434783,42
"k_effective<=8 & I2_med<=60 & I2_med<=70",3,0.285714285714286,0.521739130434783,42
"k_effective<=8 & I2_med<=60 & verso_gain",3,0.285714285714286,0.521739130434783,42
"k_effective<=10 & n_studi_model<=2 & I2_med<=60",3,0.285714285714286,0.521739130434783,42
"k_effective<=10 & I2_med<=60 & !entita_NCBITaxon",3,0.285714285714286,0.521739130434783,42
"k_kish<=3 & frazione_efficace>=0.5 & !materiale_misto",3,0.285714285714286,0.521739130434783,42
"n_studi_model<=1 & frazione_efficace>=0.5 & !stessi_membri",3,0.285714285714286,0.521739130434783,42
"n_studi_model<=2 & I2_med<=60 & !entita_NCBITaxon",3,0.285714285714286,0.521739130434783,42
"frazione_efficace>=0.5 & !dominato & !entita_NCBITaxon",3,0.285714285714286,0.521739130434783,42
"I2_med<=50",1,0.285714285714286,0.434782608695652,35
"frazione_efficace>=0.7 & controllo_veicolo",2,0.285714285714286,0.434782608695652,35
"I2_med<=50 & I2_med<=60",2,0.285714285714286,0.434782608695652,35
"I2_med<=50 & I2_med<=70",2,0.285714285714286,0.434782608695652,35
"I2_med<=50 & verso_gain",2,0.285714285714286,0.434782608695652,35
"k_effective<=4 & I2_med<=60 & !entita_NCBITaxon",3,0.285714285714286,0.434782608695652,35
"n_studi_model<=1 & I2_med<=70 & !materiale_misto",3,0.285714285714286,0.434782608695652,35
"frazione_efficace>=0.5 & frazione_efficace>=0.7 & controllo_veicolo",3,0.285714285714286,0.434782608695652,35
"frazione_efficace>=0.6 & frazione_efficace>=0.7 & controllo_veicolo",3,0.285714285714286,0.434782608695652,35
"frazione_efficace>=0.7 & controllo_veicolo & verso_gain",3,0.285714285714286,0.434782608695652,35
"I2_med<=50 & I2_med<=60 & I2_med<=70",3,0.285714285714286,0.434782608695652,35
"I2_med<=50 & I2_med<=60 & verso_gain",3,0.285714285714286,0.434782608695652,35
"I2_med<=50 & I2_med<=70 & verso_gain",3,0.285714285714286,0.434782608695652,35
"stessi_membri",1,0.285714285714286,0.347826086956522,28
"k_effective<=4 & I2_med<=50",2,0.285714285714286,0.347826086956522,28
"k_effective<=8 & stessi_membri",2,0.285714285714286,0.347826086956522,28
"k_effective<=10 & stessi_membri",2,0.285714285714286,0.347826086956522,28
"n_studi_model<=2 & stessi_membri",2,0.285714285714286,0.347826086956522,28
"stessi_membri & verso_gain",2,0.285714285714286,0.347826086956522,28
"k_effective<=4 & k_effective<=5 & I2_med<=50",3,0.285714285714286,0.347826086956522,28
"k_effective<=4 & k_effective<=6 & I2_med<=50",3,0.285714285714286,0.347826086956522,28
"k_effective<=4 & k_effective<=8 & I2_med<=50",3,0.285714285714286,0.347826086956522,28
"k_effective<=4 & k_effective<=10 & I2_med<=50",3,0.285714285714286,0.347826086956522,28
"k_effective<=4 & k_kish<=2 & !materiale_misto",3,0.285714285714286,0.347826086956522,28
"k_effective<=4 & n_studi_model<=2 & I2_med<=50",3,0.285714285714286,0.347826086956522,28
"k_effective<=4 & I2_med<=50 & I2_med<=60",3,0.285714285714286,0.347826086956522,28
"k_effective<=4 & I2_med<=50 & I2_med<=70",3,0.285714285714286,0.347826086956522,28
"k_effective<=4 & I2_med<=50 & verso_gain",3,0.285714285714286,0.347826086956522,28
"k_effective<=5 & frazione_efficace>=0.6 & !stessi_membri",3,0.285714285714286,0.347826086956522,28
"k_effective<=6 & k_kish<=5 & n_studi_model<=0",3,0.285714285714286,0.347826086956522,28
"k_effective<=8 & k_effective<=10 & stessi_membri",3,0.285714285714286,0.347826086956522,28
"k_effective<=8 & k_kish<=5 & n_studi_model<=0",3,0.285714285714286,0.347826086956522,28
"k_effective<=8 & n_studi_model<=2 & stessi_membri",3,0.285714285714286,0.347826086956522,28
"k_effective<=8 & stessi_membri & verso_gain",3,0.285714285714286,0.347826086956522,28
"k_effective<=10 & n_studi_model<=2 & stessi_membri",3,0.285714285714286,0.347826086956522,28
"k_effective<=10 & stessi_membri & verso_gain",3,0.285714285714286,0.347826086956522,28
"k_kish<=2 & !materiale_misto & !entita_NCBITaxon",3,0.285714285714286,0.347826086956522,28
"k_kish<=2 & !materiale_misto & !ramo_anchor",3,0.285714285714286,0.347826086956522,28
"k_kish<=5 & n_studi_model<=0 & !entita_NCBITaxon",3,0.285714285714286,0.347826086956522,28
"n_studi_model<=2 & frazione_efficace>=0.7 & !ramo_anchor",3,0.285714285714286,0.347826086956522,28
"n_studi_model<=2 & stessi_membri & verso_gain",3,0.285714285714286,0.347826086956522,28
"k_effective<=3 & k_kish<=2 & I2_med<=60",3,0.285714285714286,0.260869565217391,21
"k_effective<=3 & frazione_efficace>=0.6 & !ramo_anchor",3,0.285714285714286,0.260869565217391,21
"k_effective<=4 & k_kish<=3 & n_studi_model<=0",3,0.285714285714286,0.260869565217391,21
"k_effective<=4 & n_studi_model<=0 & !entita_MeSH",3,0.285714285714286,0.260869565217391,21
"k_effective<=4 & n_studi_model<=0 & !ramo_anchor",3,0.285714285714286,0.260869565217391,21
"k_effective<=5 & n_studi_model<=0 & frazione_efficace>=0.5",3,0.285714285714286,0.260869565217391,21
"k_effective<=8 & k_kish<=5 & entita_STR",3,0.285714285714286,0.260869565217391,21
"k_effective<=10 & k_kish<=5 & entita_STR",3,0.285714285714286,0.260869565217391,21
"k_kish<=2 & frazione_efficace>=0.5 & controllo_veicolo",3,0.285714285714286,0.260869565217391,21
"k_kish<=3 & n_studi_model<=1 & stessi_membri",3,0.285714285714286,0.260869565217391,21
"k_kish<=3 & I2_med<=50 & !materiale_misto",3,0.285714285714286,0.260869565217391,21
"k_kish<=3 & !dominato_da_modello & stessi_membri",3,0.285714285714286,0.260869565217391,21
"k_kish<=4 & !dominato & !entita_STR",3,0.285714285714286,0.260869565217391,21
"k_kish<=5 & n_studi_model<=1 & entita_STR",3,0.285714285714286,0.260869565217391,21
"n_studi_model<=0 & frazione_efficace>=0.5 & !ramo_anchor",3,0.285714285714286,0.260869565217391,21
"frazione_efficace>=0.5 & !dominato_da_modello & stessi_membri",3,0.285714285714286,0.260869565217391,21
"k_effective<=3 & frazione_efficace>=0.5 & I2_med<=50",3,0.285714285714286,0.173913043478261,14
"k_effective<=4 & n_studi_model<=0 & !stessi_membri",3,0.285714285714286,0.173913043478261,14
"k_kish<=2 & stessi_membri & controllo_veicolo",3,0.285714285714286,0.173913043478261,14
"k_kish<=3 & frazione_efficace>=0.7 & !ramo_anchor",3,0.285714285714286,0.173913043478261,14
"k_kish<=4 & I2_med<=70 & entita_STR",3,0.285714285714286,0.173913043478261,14
"frazione_efficace>=0.5 & I2_med<=50 & !entita_STR",3,0.285714285714286,0.173913043478261,14
"frazione_efficace>=0.5 & stessi_membri & !entita_STR",3,0.285714285714286,0.173913043478261,14
"frazione_efficace>=0.6 & I2_med<=60 & !stessi_membri",3,0.285714285714286,0.173913043478261,14
"n_studi_model<=2 & frazione_efficace>=0.5",2,0.283783783783784,0.91304347826087,74
"n_studi_model<=2 & frazione_efficace>=0.5 & verso_gain",3,0.283783783783784,0.91304347826087,74
"k_effective<=6 & n_studi_model<=1 & controllo_veicolo",3,0.283582089552239,0.826086956521739,67
"k_effective<=8 & n_studi_model<=1 & !entita_MeSH",3,0.283582089552239,0.826086956521739,67
"k_effective<=8 & frazione_efficace>=0.5 & controllo_veicolo",3,0.283582089552239,0.826086956521739,67
"frazione_efficace>=0.5 & !entita_MeSH & !ramo_anchor",3,0.283582089552239,0.826086956521739,67
"k_effective<=5 & !materiale_misto",2,0.283333333333333,0.739130434782609,60
"k_effective<=5 & k_effective<=6 & !materiale_misto",3,0.283333333333333,0.739130434782609,60
"k_effective<=5 & k_effective<=8 & !materiale_misto",3,0.283333333333333,0.739130434782609,60
"k_effective<=5 & k_effective<=10 & !materiale_misto",3,0.283333333333333,0.739130434782609,60
"k_effective<=5 & n_studi_model<=2 & !materiale_misto",3,0.283333333333333,0.739130434782609,60
"k_effective<=5 & !materiale_misto & !dominato_da_modello",3,0.283333333333333,0.739130434782609,60
"k_effective<=5 & !materiale_misto & verso_gain",3,0.283333333333333,0.739130434782609,60
"k_effective<=5 & !entita_MeSH & !entita_NCBITaxon",3,0.283333333333333,0.739130434782609,60
"n_studi_model<=2 & frazione_efficace>=0.6 & !dominato_da_modello",3,0.283018867924528,0.652173913043478,53
"k_effective<=4 & k_kish<=3 & frazione_efficace>=0.5",3,0.282608695652174,0.565217391304348,46
"k_effective<=5 & k_kish<=3 & frazione_efficace>=0.5",3,0.282608695652174,0.565217391304348,46
"k_effective<=6 & k_kish<=3 & frazione_efficace>=0.5",3,0.282608695652174,0.565217391304348,46
"k_effective<=6 & n_studi_model<=1 & !stessi_membri",3,0.282608695652174,0.565217391304348,46
"k_effective<=6 & !stessi_membri & !entita_MeSH",3,0.282608695652174,0.565217391304348,46
"k_effective<=8 & k_kish<=3 & frazione_efficace>=0.5",3,0.282608695652174,0.565217391304348,46
"k_effective<=8 & n_studi_model<=1 & frazione_efficace>=0.6",3,0.282608695652174,0.565217391304348,46
"k_effective<=10 & n_studi_model<=1 & frazione_efficace>=0.6",3,0.282608695652174,0.565217391304348,46
"k_effective<=10 & frazione_efficace>=0.6 & !entita_MeSH",3,0.282608695652174,0.565217391304348,46
"k_kish<=3 & frazione_efficace>=0.5 & !entita_NCBITaxon",3,0.282608695652174,0.565217391304348,46
"n_studi_model<=1 & frazione_efficace>=0.6 & !entita_NCBITaxon",3,0.282608695652174,0.565217391304348,46
"frazione_efficace>=0.6 & !materiale_misto & !entita_NCBITaxon",3,0.282608695652174,0.565217391304348,46
"k_effective<=3 & controllo_veicolo",2,0.282051282051282,0.478260869565217,39
"n_studi_model<=1 & I2_med<=60",2,0.282051282051282,0.478260869565217,39
"I2_med<=60 & !dominato_da_modello",2,0.282051282051282,0.478260869565217,39
"I2_med<=60 & !entita_MeSH",2,0.282051282051282,0.478260869565217,39
"!dominato & !entita_MeSH",2,0.282051282051282,0.478260869565217,39
"k_effective<=3 & k_effective<=4 & controllo_veicolo",3,0.282051282051282,0.478260869565217,39
"k_effective<=3 & k_effective<=5 & controllo_veicolo",3,0.282051282051282,0.478260869565217,39
"k_effective<=3 & k_effective<=6 & controllo_veicolo",3,0.282051282051282,0.478260869565217,39
"k_effective<=3 & k_effective<=8 & controllo_veicolo",3,0.282051282051282,0.478260869565217,39
"k_effective<=3 & k_effective<=10 & controllo_veicolo",3,0.282051282051282,0.478260869565217,39
"k_effective<=3 & k_kish<=3 & controllo_veicolo",3,0.282051282051282,0.478260869565217,39
"k_effective<=3 & k_kish<=4 & controllo_veicolo",3,0.282051282051282,0.478260869565217,39
"k_effective<=3 & k_kish<=5 & controllo_veicolo",3,0.282051282051282,0.478260869565217,39
"k_effective<=3 & n_studi_model<=2 & controllo_veicolo",3,0.282051282051282,0.478260869565217,39
"k_effective<=3 & controllo_veicolo & verso_gain",3,0.282051282051282,0.478260869565217,39
"k_effective<=6 & k_kish<=5 & I2_med<=60",3,0.282051282051282,0.478260869565217,39
"k_effective<=6 & I2_med<=60 & controllo_veicolo",3,0.282051282051282,0.478260869565217,39
"k_kish<=5 & frazione_efficace>=0.6 & !materiale_misto",3,0.282051282051282,0.478260869565217,39
"n_studi_model<=1 & n_studi_model<=2 & I2_med<=60",3,0.282051282051282,0.478260869565217,39
"n_studi_model<=1 & I2_med<=60 & I2_med<=70",3,0.282051282051282,0.478260869565217,39
"n_studi_model<=1 & I2_med<=60 & verso_gain",3,0.282051282051282,0.478260869565217,39
"I2_med<=60 & I2_med<=70 & !dominato_da_modello",3,0.282051282051282,0.478260869565217,39
"I2_med<=60 & I2_med<=70 & !entita_MeSH",3,0.282051282051282,0.478260869565217,39
"I2_med<=60 & !dominato_da_modello & verso_gain",3,0.282051282051282,0.478260869565217,39
"I2_med<=60 & !entita_MeSH & verso_gain",3,0.282051282051282,0.478260869565217,39
"!dominato & !dominato_da_modello & !entita_MeSH",3,0.282051282051282,0.478260869565217,39
"!dominato & !entita_MeSH & verso_gain",3,0.282051282051282,0.478260869565217,39
"k_effective<=6 & !dominato_da_modello & controllo_veicolo",3,0.28169014084507,0.869565217391304,71
"k_effective<=8 & n_studi_model<=2 & !materiale_misto",3,0.28169014084507,0.869565217391304,71
"k_effective<=10 & n_studi_model<=1 & !entita_NCBITaxon",3,0.28169014084507,0.869565217391304,71
"n_studi_model<=1 & !ramo_anchor",2,0.28125,0.782608695652174,64
"k_effective<=6 & k_kish<=5 & !ramo_anchor",3,0.28125,0.782608695652174,64
"k_kish<=5 & n_studi_model<=2 & frazione_efficace>=0.5",3,0.28125,0.782608695652174,64
"n_studi_model<=1 & n_studi_model<=2 & !ramo_anchor",3,0.28125,0.782608695652174,64
"n_studi_model<=1 & !materiale_misto & controllo_veicolo",3,0.28125,0.782608695652174,64
"n_studi_model<=1 & !ramo_anchor & verso_gain",3,0.28125,0.782608695652174,64
"n_studi_model<=2 & !materiale_misto & !ramo_anchor",3,0.28125,0.782608695652174,64
"I2_med<=50 & !entita_MeSH",2,0.28125,0.391304347826087,32
"k_effective<=4 & n_studi_model<=1 & I2_med<=60",3,0.28125,0.391304347826087,32
"k_effective<=4 & I2_med<=60 & !entita_MeSH",3,0.28125,0.391304347826087,32
"k_effective<=4 & I2_med<=60 & !ramo_anchor",3,0.28125,0.391304347826087,32
"k_effective<=8 & k_kish<=5 & I2_med<=50",3,0.28125,0.391304347826087,32
"k_effective<=8 & I2_med<=50 & controllo_veicolo",3,0.28125,0.391304347826087,32
"I2_med<=50 & I2_med<=60 & !entita_MeSH",3,0.28125,0.391304347826087,32
"I2_med<=50 & I2_med<=70 & !entita_MeSH",3,0.28125,0.391304347826087,32
"I2_med<=50 & !entita_MeSH & verso_gain",3,0.28125,0.391304347826087,32
"k_effective<=5 & !dominato_da_modello & !ramo_anchor",3,0.280701754385965,0.695652173913043,57
"k_kish<=5 & n_studi_model<=1 & !ramo_anchor",3,0.280701754385965,0.695652173913043,57
"k_kish<=5 & frazione_efficace>=0.5 & !materiale_misto",3,0.280701754385965,0.695652173913043,57
"n_studi_model<=2 & !entita_MeSH & !ramo_anchor",3,0.28,0.91304347826087,75
"n_studi_model<=2 & !entita_NCBITaxon & !ramo_anchor",3,0.28,0.91304347826087,75
"k_effective<=4 & !entita_MeSH & !ramo_anchor",3,0.28,0.608695652173913,50
"k_effective<=10 & frazione_efficace>=0.6 & !entita_NCBITaxon",3,0.28,0.608695652173913,50
"n_studi_model<=2 & frazione_efficace>=0.6 & !entita_MeSH",3,0.28,0.608695652173913,50
"n_studi_model<=2 & entita_STR",2,0.28,0.304347826086957,25
"!dominato_da_modello & stessi_membri",2,0.28,0.304347826086957,25
"k_effective<=3 & k_kish<=2 & n_studi_model<=1",3,0.28,0.304347826086957,25
"k_effective<=3 & k_kish<=2 & !dominato_da_modello",3,0.28,0.304347826086957,25
"k_effective<=3 & I2_med<=60 & !entita_NCBITaxon",3,0.28,0.304347826086957,25
"k_effective<=3 & !entita_STR & !ramo_anchor",3,0.28,0.304347826086957,25
"k_effective<=4 & k_kish<=2 & I2_med<=60",3,0.28,0.304347826086957,25
"k_effective<=4 & I2_med<=50 & !entita_MeSH",3,0.28,0.304347826086957,25
"k_effective<=4 & I2_med<=50 & !ramo_anchor",3,0.28,0.304347826086957,25
"k_effective<=6 & k_kish<=4 & stessi_membri",3,0.28,0.304347826086957,25
"k_effective<=6 & k_kish<=5 & stessi_membri",3,0.28,0.304347826086957,25
"k_effective<=6 & stessi_membri & controllo_veicolo",3,0.28,0.304347826086957,25
"k_effective<=8 & !dominato_da_modello & stessi_membri",3,0.28,0.304347826086957,25
"k_effective<=10 & !dominato_da_modello & stessi_membri",3,0.28,0.304347826086957,25
"k_kish<=2 & I2_med<=60 & !dominato_da_modello",3,0.28,0.304347826086957,25
"k_kish<=2 & I2_med<=60 & !ramo_anchor",3,0.28,0.304347826086957,25
"k_kish<=2 & I2_med<=70 & !materiale_misto",3,0.28,0.304347826086957,25
"k_kish<=4 & stessi_membri & !entita_NCBITaxon",3,0.28,0.304347826086957,25
"k_kish<=5 & stessi_membri & !entita_NCBITaxon",3,0.28,0.304347826086957,25
"n_studi_model<=0 & frazione_efficace>=0.5 & controllo_veicolo",3,0.28,0.304347826086957,25
"n_studi_model<=0 & !ramo_anchor & controllo_veicolo",3,0.28,0.304347826086957,25
"n_studi_model<=2 & !dominato_da_modello & stessi_membri",3,0.28,0.304347826086957,25
"n_studi_model<=2 & !dominato_da_modello & entita_STR",3,0.28,0.304347826086957,25
"n_studi_model<=2 & entita_STR & !entita_MeSH",3,0.28,0.304347826086957,25
"n_studi_model<=2 & entita_STR & !entita_NCBITaxon",3,0.28,0.304347826086957,25
"n_studi_model<=2 & entita_STR & verso_gain",3,0.28,0.304347826086957,25
"frazione_efficace>=0.7 & !dominato & !ramo_anchor",3,0.28,0.304347826086957,25
"I2_med<=60 & dominato & !materiale_misto",3,0.28,0.304347826086957,25
"!dominato_da_modello & stessi_membri & verso_gain",3,0.28,0.304347826086957,25
"stessi_membri & !entita_MeSH & controllo_veicolo",3,0.28,0.304347826086957,25
"k_effective<=8 & !materiale_misto & !entita_MeSH",3,0.279411764705882,0.826086956521739,68
"k_effective<=10 & n_studi_model<=1 & !entita_MeSH",3,0.279411764705882,0.826086956521739,68
"frazione_efficace>=0.5 & !entita_NCBITaxon & !ramo_anchor",3,0.279411764705882,0.826086956521739,68
"k_effective<=10 & I2_med<=60",2,0.27906976744186,0.521739130434783,43
"n_studi_model<=2 & I2_med<=60",2,0.27906976744186,0.521739130434783,43
"I2_med<=60 & !entita_NCBITaxon",2,0.27906976744186,0.521739130434783,43
"k_effective<=4 & frazione_efficace>=0.5 & !dominato_da_modello",3,0.27906976744186,0.521739130434783,43
"k_effective<=6 & k_kish<=5 & frazione_efficace>=0.6",3,0.27906976744186,0.521739130434783,43
"k_effective<=6 & !stessi_membri & !ramo_anchor",3,0.27906976744186,0.521739130434783,43
"k_effective<=10 & I2_med<=60 & I2_med<=70",3,0.27906976744186,0.521739130434783,43
"k_effective<=10 & I2_med<=60 & verso_gain",3,0.27906976744186,0.521739130434783,43
"k_kish<=5 & frazione_efficace>=0.6 & !dominato_da_modello",3,0.27906976744186,0.521739130434783,43
"n_studi_model<=1 & frazione_efficace>=0.5 & !entita_STR",3,0.27906976744186,0.521739130434783,43
"n_studi_model<=1 & frazione_efficace>=0.6 & !entita_MeSH",3,0.27906976744186,0.521739130434783,43
"n_studi_model<=2 & I2_med<=60 & I2_med<=70",3,0.27906976744186,0.521739130434783,43
"n_studi_model<=2 & I2_med<=60 & verso_gain",3,0.27906976744186,0.521739130434783,43
"frazione_efficace>=0.5 & !dominato & controllo_veicolo",3,0.27906976744186,0.521739130434783,43
"frazione_efficace>=0.6 & !materiale_misto & !entita_MeSH",3,0.27906976744186,0.521739130434783,43
"I2_med<=60 & I2_med<=70 & !entita_NCBITaxon",3,0.27906976744186,0.521739130434783,43
"I2_med<=60 & !entita_NCBITaxon & verso_gain",3,0.27906976744186,0.521739130434783,43
"!dominato & !entita_NCBITaxon & controllo_veicolo",3,0.27906976744186,0.521739130434783,43
"k_effective<=5 & !ramo_anchor",2,0.278688524590164,0.739130434782609,61
"k_effective<=5 & k_effective<=6 & !ramo_anchor",3,0.278688524590164,0.739130434782609,61
"k_effective<=5 & k_effective<=8 & !ramo_anchor",3,0.278688524590164,0.739130434782609,61
"k_effective<=5 & k_effective<=10 & !ramo_anchor",3,0.278688524590164,0.739130434782609,61
"k_effective<=5 & n_studi_model<=2 & !ramo_anchor",3,0.278688524590164,0.739130434782609,61
"k_effective<=5 & !dominato_da_modello & !entita_NCBITaxon",3,0.278688524590164,0.739130434782609,61
"k_effective<=5 & !ramo_anchor & verso_gain",3,0.278688524590164,0.739130434782609,61
"n_studi_model<=1 & frazione_efficace>=0.5 & controllo_veicolo",3,0.278688524590164,0.739130434782609,61
"k_effective<=8 & n_studi_model<=2 & !ramo_anchor",3,0.277777777777778,0.869565217391304,72
"k_effective<=10 & n_studi_model<=1 & !dominato_da_modello",3,0.277777777777778,0.869565217391304,72
"n_studi_model<=2 & !materiale_misto & !entita_NCBITaxon",3,0.277777777777778,0.869565217391304,72
"frazione_efficace>=0.5 & !entita_MeSH & !entita_NCBITaxon",3,0.277777777777778,0.869565217391304,72
"k_effective<=5 & n_studi_model<=1 & !ramo_anchor",3,0.277777777777778,0.652173913043478,54
"k_kish<=4 & frazione_efficace>=0.5 & !materiale_misto",3,0.277777777777778,0.652173913043478,54
"k_kish<=4 & frazione_efficace>=0.5 & !ramo_anchor",3,0.277777777777778,0.652173913043478,54
"n_studi_model<=2 & frazione_efficace>=0.6 & !entita_NCBITaxon",3,0.277777777777778,0.652173913043478,54
"frazione_efficace>=0.7",1,0.277777777777778,0.434782608695652,36
"k_effective<=4 & I2_med<=60",2,0.277777777777778,0.434782608695652,36
"frazione_efficace>=0.5 & frazione_efficace>=0.7",2,0.277777777777778,0.434782608695652,36
"frazione_efficace>=0.6 & frazione_efficace>=0.7",2,0.277777777777778,0.434782608695652,36
"frazione_efficace>=0.7 & verso_gain",2,0.277777777777778,0.434782608695652,36
"k_effective<=3 & !entita_MeSH & controllo_veicolo",3,0.277777777777778,0.434782608695652,36
"k_effective<=4 & k_effective<=5 & I2_med<=60",3,0.277777777777778,0.434782608695652,36
"k_effective<=4 & k_effective<=6 & I2_med<=60",3,0.277777777777778,0.434782608695652,36
"k_effective<=4 & k_effective<=8 & I2_med<=60",3,0.277777777777778,0.434782608695652,36
"k_effective<=4 & k_effective<=10 & I2_med<=60",3,0.277777777777778,0.434782608695652,36
"k_effective<=4 & n_studi_model<=2 & I2_med<=60",3,0.277777777777778,0.434782608695652,36
"k_effective<=4 & I2_med<=60 & I2_med<=70",3,0.277777777777778,0.434782608695652,36
"k_effective<=4 & I2_med<=60 & verso_gain",3,0.277777777777778,0.434782608695652,36
"k_effective<=5 & frazione_efficace>=0.6 & !materiale_misto",3,0.277777777777778,0.434782608695652,36
"k_effective<=6 & frazione_efficace>=0.5 & I2_med<=70",3,0.277777777777778,0.434782608695652,36
"k_effective<=8 & frazione_efficace>=0.5 & I2_med<=70",3,0.277777777777778,0.434782608695652,36
"k_kish<=5 & I2_med<=60 & !ramo_anchor",3,0.277777777777778,0.434782608695652,36
"frazione_efficace>=0.5 & frazione_efficace>=0.6 & frazione_efficace>=0.7",3,0.277777777777778,0.434782608695652,36
"frazione_efficace>=0.5 & frazione_efficace>=0.7 & verso_gain",3,0.277777777777778,0.434782608695652,36
"frazione_efficace>=0.5 & I2_med<=70 & !entita_NCBITaxon",3,0.277777777777778,0.434782608695652,36
"frazione_efficace>=0.6 & frazione_efficace>=0.7 & verso_gain",3,0.277777777777778,0.434782608695652,36
"I2_med<=60 & !dominato_da_modello & !entita_MeSH",3,0.277777777777778,0.434782608695652,36
"I2_med<=60 & !ramo_anchor & controllo_veicolo",3,0.277777777777778,0.434782608695652,36
"!dominato & !stessi_membri & !entita_MeSH",3,0.277777777777778,0.434782608695652,36
"!dominato & !entita_STR & !entita_NCBITaxon",3,0.277777777777778,0.434782608695652,36
"!dominato & !entita_NCBITaxon & !ramo_anchor",3,0.277777777777778,0.434782608695652,36
"k_effective<=4 & n_studi_model<=0 & frazione_efficace>=0.5",3,0.277777777777778,0.217391304347826,18
"k_effective<=5 & frazione_efficace>=0.7 & !ramo_anchor",3,0.277777777777778,0.217391304347826,18
"k_effective<=6 & n_studi_model<=0 & !entita_STR",3,0.277777777777778,0.217391304347826,18
"k_effective<=8 & n_studi_model<=0 & !entita_STR",3,0.277777777777778,0.217391304347826,18
"k_kish<=2 & n_studi_model<=1 & I2_med<=50",3,0.277777777777778,0.217391304347826,18
"k_kish<=3 & n_studi_model<=0 & frazione_efficace>=0.5",3,0.277777777777778,0.217391304347826,18
"k_kish<=4 & n_studi_model<=1 & entita_STR",3,0.277777777777778,0.217391304347826,18
"k_kish<=4 & frazione_efficace>=0.7 & !ramo_anchor",3,0.277777777777778,0.217391304347826,18
"k_kish<=4 & I2_med<=70 & stessi_membri",3,0.277777777777778,0.217391304347826,18
"k_kish<=5 & I2_med<=70 & stessi_membri",3,0.277777777777778,0.217391304347826,18
"n_studi_model<=0 & dominato & !ramo_anchor",3,0.277777777777778,0.217391304347826,18
"n_studi_model<=0 & !entita_STR & !entita_NCBITaxon",3,0.277777777777778,0.217391304347826,18
"frazione_efficace>=0.5 & I2_med<=60 & !stessi_membri",3,0.277777777777778,0.217391304347826,18
"frazione_efficace>=0.5 & entita_STR & controllo_veicolo",3,0.277777777777778,0.217391304347826,18
"I2_med<=70 & stessi_membri & controllo_veicolo",3,0.277777777777778,0.217391304347826,18
"frazione_efficace>=0.5 & !materiale_misto",2,0.276923076923077,0.782608695652174,65
"k_kish<=5 & frazione_efficace>=0.5 & !entita_NCBITaxon",3,0.276923076923077,0.782608695652174,65
"frazione_efficace>=0.5 & !materiale_misto & !dominato_da_modello",3,0.276923076923077,0.782608695652174,65
"frazione_efficace>=0.5 & !materiale_misto & verso_gain",3,0.276923076923077,0.782608695652174,65
"k_effective<=4 & frazione_efficace>=0.5",2,0.276595744680851,0.565217391304348,47
"frazione_efficace>=0.6 & !materiale_misto",2,0.276595744680851,0.565217391304348,47
"k_effective<=4 & k_effective<=5 & frazione_efficace>=0.5",3,0.276595744680851,0.565217391304348,47
"k_effective<=4 & k_effective<=6 & frazione_efficace>=0.5",3,0.276595744680851,0.565217391304348,47
"k_effective<=4 & k_effective<=8 & frazione_efficace>=0.5",3,0.276595744680851,0.565217391304348,47
"k_effective<=4 & k_effective<=10 & frazione_efficace>=0.5",3,0.276595744680851,0.565217391304348,47
"k_effective<=4 & k_kish<=4 & frazione_efficace>=0.5",3,0.276595744680851,0.565217391304348,47
"k_effective<=4 & k_kish<=5 & frazione_efficace>=0.5",3,0.276595744680851,0.565217391304348,47
"k_effective<=4 & n_studi_model<=1 & !ramo_anchor",3,0.276595744680851,0.565217391304348,47
"k_effective<=4 & n_studi_model<=2 & frazione_efficace>=0.5",3,0.276595744680851,0.565217391304348,47
"k_effective<=4 & frazione_efficace>=0.5 & verso_gain",3,0.276595744680851,0.565217391304348,47
"k_kish<=3 & n_studi_model<=2 & frazione_efficace>=0.5",3,0.276595744680851,0.565217391304348,47
"n_studi_model<=1 & !materiale_misto & !entita_STR",3,0.276595744680851,0.565217391304348,47
"frazione_efficace>=0.5 & frazione_efficace>=0.6 & !materiale_misto",3,0.276595744680851,0.565217391304348,47
"frazione_efficace>=0.6 & !materiale_misto & !dominato_da_modello",3,0.276595744680851,0.565217391304348,47
"frazione_efficace>=0.6 & !materiale_misto & controllo_veicolo",3,0.276595744680851,0.565217391304348,47
"frazione_efficace>=0.6 & !materiale_misto & verso_gain",3,0.276595744680851,0.565217391304348,47
"frazione_efficace>=0.6 & !stessi_membri & !entita_NCBITaxon",3,0.276595744680851,0.565217391304348,47
"k_effective<=6 & controllo_veicolo",2,0.276315789473684,0.91304347826087,76
"k_effective<=6 & k_effective<=8 & controllo_veicolo",3,0.276315789473684,0.91304347826087,76
"k_effective<=6 & k_effective<=10 & controllo_veicolo",3,0.276315789473684,0.91304347826087,76
"k_effective<=6 & n_studi_model<=2 & controllo_veicolo",3,0.276315789473684,0.91304347826087,76
"k_effective<=6 & controllo_veicolo & verso_gain",3,0.276315789473684,0.91304347826087,76
"k_effective<=8 & !entita_MeSH & !entita_NCBITaxon",3,0.276315789473684,0.91304347826087,76
"k_kish<=5 & n_studi_model<=0",2,0.275862068965517,0.347826086956522,29
"k_effective<=3 & !entita_STR & !entita_NCBITaxon",3,0.275862068965517,0.347826086956522,29
"k_effective<=5 & k_kish<=4 & I2_med<=50",3,0.275862068965517,0.347826086956522,29
"k_effective<=5 & k_kish<=5 & I2_med<=50",3,0.275862068965517,0.347826086956522,29
"k_effective<=5 & I2_med<=50 & controllo_veicolo",3,0.275862068965517,0.347826086956522,29
"k_effective<=6 & k_kish<=4 & I2_med<=50",3,0.275862068965517,0.347826086956522,29
"k_effective<=10 & k_kish<=5 & n_studi_model<=0",3,0.275862068965517,0.347826086956522,29
"k_kish<=2 & n_studi_model<=1 & !ramo_anchor",3,0.275862068965517,0.347826086956522,29
"k_kish<=5 & n_studi_model<=0 & n_studi_model<=1",3,0.275862068965517,0.347826086956522,29
"k_kish<=5 & n_studi_model<=0 & n_studi_model<=2",3,0.275862068965517,0.347826086956522,29
"k_kish<=5 & n_studi_model<=0 & !materiale_misto",3,0.275862068965517,0.347826086956522,29
"k_kish<=5 & n_studi_model<=0 & !dominato_da_modello",3,0.275862068965517,0.347826086956522,29
"k_kish<=5 & n_studi_model<=0 & verso_gain",3,0.275862068965517,0.347826086956522,29
"k_kish<=5 & n_studi_model<=1 & I2_med<=50",3,0.275862068965517,0.347826086956522,29
"k_kish<=5 & I2_med<=50 & !dominato_da_modello",3,0.275862068965517,0.347826086956522,29
"k_kish<=5 & I2_med<=50 & !ramo_anchor",3,0.275862068965517,0.347826086956522,29
"n_studi_model<=1 & I2_med<=50 & controllo_veicolo",3,0.275862068965517,0.347826086956522,29
"frazione_efficace>=0.7 & !entita_MeSH & !ramo_anchor",3,0.275862068965517,0.347826086956522,29
"I2_med<=50 & !dominato_da_modello & !entita_MeSH",3,0.275862068965517,0.347826086956522,29
"I2_med<=50 & !dominato_da_modello & controllo_veicolo",3,0.275862068965517,0.347826086956522,29
"I2_med<=50 & !ramo_anchor & controllo_veicolo",3,0.275862068965517,0.347826086956522,29
"k_effective<=10 & frazione_efficace>=0.5 & !dominato_da_modello",3,0.27536231884058,0.826086956521739,69
"n_studi_model<=1 & !dominato_da_modello & !entita_MeSH",3,0.27536231884058,0.826086956521739,69
"k_kish<=5 & frazione_efficace>=0.6 & !entita_MeSH",3,0.275,0.478260869565217,40
"frazione_efficace>=0.5 & !dominato & !stessi_membri",3,0.275,0.478260869565217,40
"frazione_efficace>=0.6 & !stessi_membri & !entita_STR",3,0.275,0.478260869565217,40
"!dominato & !stessi_membri & !entita_NCBITaxon",3,0.275,0.478260869565217,40
"k_effective<=4 & !materiale_misto",2,0.274509803921569,0.608695652173913,51
"k_effective<=6 & !stessi_membri",2,0.274509803921569,0.608695652173913,51
"k_effective<=8 & frazione_efficace>=0.6",2,0.274509803921569,0.608695652173913,51
"k_effective<=4 & k_effective<=5 & !materiale_misto",3,0.274509803921569,0.608695652173913,51
"k_effective<=4 & k_effective<=6 & !materiale_misto",3,0.274509803921569,0.608695652173913,51
"k_effective<=4 & k_effective<=8 & !materiale_misto",3,0.274509803921569,0.608695652173913,51
"k_effective<=4 & k_effective<=10 & !materiale_misto",3,0.274509803921569,0.608695652173913,51
"k_effective<=4 & n_studi_model<=1 & !dominato_da_modello",3,0.274509803921569,0.608695652173913,51
"k_effective<=4 & n_studi_model<=1 & !entita_NCBITaxon",3,0.274509803921569,0.608695652173913,51
"k_effective<=4 & n_studi_model<=2 & !materiale_misto",3,0.274509803921569,0.608695652173913,51
"k_effective<=4 & !materiale_misto & !dominato_da_modello",3,0.274509803921569,0.608695652173913,51
"k_effective<=4 & !materiale_misto & verso_gain",3,0.274509803921569,0.608695652173913,51
"k_effective<=4 & !dominato_da_modello & !entita_NCBITaxon",3,0.274509803921569,0.608695652173913,51
"k_effective<=6 & k_effective<=8 & !stessi_membri",3,0.274509803921569,0.608695652173913,51
"k_effective<=6 & k_effective<=10 & !stessi_membri",3,0.274509803921569,0.608695652173913,51
"k_effective<=6 & n_studi_model<=2 & !stessi_membri",3,0.274509803921569,0.608695652173913,51
"k_effective<=6 & !stessi_membri & controllo_veicolo",3,0.274509803921569,0.608695652173913,51
"k_effective<=6 & !stessi_membri & verso_gain",3,0.274509803921569,0.608695652173913,51
"k_effective<=8 & k_effective<=10 & frazione_efficace>=0.6",3,0.274509803921569,0.608695652173913,51
"k_effective<=8 & n_studi_model<=2 & frazione_efficace>=0.6",3,0.274509803921569,0.608695652173913,51
"k_effective<=8 & frazione_efficace>=0.5 & frazione_efficace>=0.6",3,0.274509803921569,0.608695652173913,51
"k_effective<=8 & frazione_efficace>=0.6 & controllo_veicolo",3,0.274509803921569,0.608695652173913,51
"k_effective<=8 & frazione_efficace>=0.6 & verso_gain",3,0.274509803921569,0.608695652173913,51
"n_studi_model<=2 & frazione_efficace>=0.5 & !stessi_membri",3,0.274509803921569,0.608695652173913,51
"k_effective<=8 & !materiale_misto",2,0.273972602739726,0.869565217391304,73
"k_effective<=10 & frazione_efficace>=0.5",2,0.273972602739726,0.869565217391304,73
"k_effective<=8 & k_effective<=10 & !materiale_misto",3,0.273972602739726,0.869565217391304,73
"k_effective<=8 & !materiale_misto & !dominato_da_modello",3,0.273972602739726,0.869565217391304,73
"k_effective<=8 & !materiale_misto & verso_gain",3,0.273972602739726,0.869565217391304,73
"k_effective<=10 & frazione_efficace>=0.5 & verso_gain",3,0.273972602739726,0.869565217391304,73
"n_studi_model<=2 & frazione_efficace>=0.5 & controllo_veicolo",3,0.273972602739726,0.869565217391304,73
"k_effective<=5 & !entita_NCBITaxon",2,0.272727272727273,0.782608695652174,66
"k_effective<=5 & k_effective<=6 & !entita_NCBITaxon",3,0.272727272727273,0.782608695652174,66
"k_effective<=5 & k_effective<=8 & !entita_NCBITaxon",3,0.272727272727273,0.782608695652174,66
"k_effective<=5 & k_effective<=10 & !entita_NCBITaxon",3,0.272727272727273,0.782608695652174,66
"k_effective<=5 & n_studi_model<=2 & !entita_NCBITaxon",3,0.272727272727273,0.782608695652174,66
"k_effective<=5 & !entita_NCBITaxon & verso_gain",3,0.272727272727273,0.782608695652174,66
"k_effective<=10 & !materiale_misto & !ramo_anchor",3,0.272727272727273,0.782608695652174,66
"!materiale_misto & !entita_NCBITaxon & !ramo_anchor",3,0.272727272727273,0.782608695652174,66
"k_effective<=6 & !entita_STR & !entita_NCBITaxon",3,0.272727272727273,0.652173913043478,55
"k_kish<=4 & frazione_efficace>=0.5 & !entita_MeSH",3,0.272727272727273,0.652173913043478,55
"n_studi_model<=2 & frazione_efficace>=0.5 & !entita_STR",3,0.272727272727273,0.652173913043478,55
"I2_med<=60",1,0.272727272727273,0.521739130434783,44
"frazione_efficace>=0.5 & !dominato",2,0.272727272727273,0.521739130434783,44
"I2_med<=60 & I2_med<=70",2,0.272727272727273,0.521739130434783,44
"I2_med<=60 & verso_gain",2,0.272727272727273,0.521739130434783,44
"!dominato & !entita_NCBITaxon",2,0.272727272727273,0.521739130434783,44
"k_effective<=4 & n_studi_model<=1 & frazione_efficace>=0.5",3,0.272727272727273,0.521739130434783,44
"k_effective<=4 & frazione_efficace>=0.5 & !entita_MeSH",3,0.272727272727273,0.521739130434783,44
"k_kish<=3 & n_studi_model<=1 & frazione_efficace>=0.5",3,0.272727272727273,0.521739130434783,44
"k_kish<=3 & frazione_efficace>=0.5 & !dominato_da_modello",3,0.272727272727273,0.521739130434783,44
"n_studi_model<=1 & !materiale_misto & !stessi_membri",3,0.272727272727273,0.521739130434783,44
"frazione_efficace>=0.5 & !dominato & !dominato_da_modello",3,0.272727272727273,0.521739130434783,44
"frazione_efficace>=0.5 & !dominato & verso_gain",3,0.272727272727273,0.521739130434783,44
"frazione_efficace>=0.6 & !dominato_da_modello & !entita_STR",3,0.272727272727273,0.521739130434783,44
"frazione_efficace>=0.6 & !entita_STR & !entita_NCBITaxon",3,0.272727272727273,0.521739130434783,44
"I2_med<=60 & I2_med<=70 & verso_gain",3,0.272727272727273,0.521739130434783,44
"!dominato & !dominato_da_modello & !entita_NCBITaxon",3,0.272727272727273,0.521739130434783,44
"!dominato & !entita_NCBITaxon & verso_gain",3,0.272727272727273,0.521739130434783,44
"k_effective<=5 & frazione_efficace>=0.5 & I2_med<=70",3,0.272727272727273,0.391304347826087,33
"k_effective<=10 & k_kish<=5 & I2_med<=50",3,0.272727272727273,0.391304347826087,33
"k_effective<=10 & I2_med<=50 & controllo_veicolo",3,0.272727272727273,0.391304347826087,33
"k_kish<=5 & n_studi_model<=2 & I2_med<=50",3,0.272727272727273,0.391304347826087,33
"k_kish<=5 & frazione_efficace>=0.6 & !entita_STR",3,0.272727272727273,0.391304347826087,33
"k_kish<=5 & I2_med<=50 & !entita_NCBITaxon",3,0.272727272727273,0.391304347826087,33
"n_studi_model<=1 & frazione_efficace>=0.5 & I2_med<=70",3,0.272727272727273,0.391304347826087,33
"n_studi_model<=2 & I2_med<=50 & controllo_veicolo",3,0.272727272727273,0.391304347826087,33
"frazione_efficace>=0.5 & I2_med<=70 & !dominato_da_modello",3,0.272727272727273,0.391304347826087,33
"frazione_efficace>=0.5 & I2_med<=70 & !entita_MeSH",3,0.272727272727273,0.391304347826087,33
"frazione_efficace>=0.5 & I2_med<=70 & !ramo_anchor",3,0.272727272727273,0.391304347826087,33
"I2_med<=50 & !entita_NCBITaxon & controllo_veicolo",3,0.272727272727273,0.391304347826087,33
"k_kish<=5 & entita_STR",2,0.272727272727273,0.260869565217391,22
"k_effective<=3 & frazione_efficace>=0.5 & I2_med<=70",3,0.272727272727273,0.260869565217391,22
"k_effective<=3 & frazione_efficace>=0.6 & !entita_MeSH",3,0.272727272727273,0.260869565217391,22
"k_effective<=3 & I2_med<=60 & !ramo_anchor",3,0.272727272727273,0.260869565217391,22
"k_effective<=3 & !stessi_membri & !entita_MeSH",3,0.272727272727273,0.260869565217391,22
"k_effective<=4 & k_kish<=4 & n_studi_model<=0",3,0.272727272727273,0.260869565217391,22
"k_effective<=4 & k_kish<=5 & n_studi_model<=0",3,0.272727272727273,0.260869565217391,22
"k_effective<=4 & n_studi_model<=0 & controllo_veicolo",3,0.272727272727273,0.260869565217391,22
"k_effective<=4 & dominato & stessi_membri",3,0.272727272727273,0.260869565217391,22
"k_effective<=5 & k_kish<=3 & n_studi_model<=0",3,0.272727272727273,0.260869565217391,22
"k_effective<=5 & dominato & stessi_membri",3,0.272727272727273,0.260869565217391,22
"k_effective<=6 & k_kish<=3 & n_studi_model<=0",3,0.272727272727273,0.260869565217391,22
"k_effective<=6 & dominato & stessi_membri",3,0.272727272727273,0.260869565217391,22
"k_effective<=8 & k_kish<=3 & n_studi_model<=0",3,0.272727272727273,0.260869565217391,22
"k_kish<=3 & n_studi_model<=0 & !entita_NCBITaxon",3,0.272727272727273,0.260869565217391,22
"k_kish<=4 & n_studi_model<=0 & !entita_MeSH",3,0.272727272727273,0.260869565217391,22
"k_kish<=4 & n_studi_model<=1 & stessi_membri",3,0.272727272727273,0.260869565217391,22
"k_kish<=4 & !materiale_misto & stessi_membri",3,0.272727272727273,0.260869565217391,22
"k_kish<=5 & n_studi_model<=1 & stessi_membri",3,0.272727272727273,0.260869565217391,22
"k_kish<=5 & n_studi_model<=2 & entita_STR",3,0.272727272727273,0.260869565217391,22
"k_kish<=5 & !materiale_misto & stessi_membri",3,0.272727272727273,0.260869565217391,22
"k_kish<=5 & !dominato_da_modello & entita_STR",3,0.272727272727273,0.260869565217391,22
"k_kish<=5 & entita_STR & !entita_MeSH",3,0.272727272727273,0.260869565217391,22
"k_kish<=5 & entita_STR & !entita_NCBITaxon",3,0.272727272727273,0.260869565217391,22
"k_kish<=5 & entita_STR & verso_gain",3,0.272727272727273,0.260869565217391,22
"frazione_efficace>=0.5 & stessi_membri & controllo_veicolo",3,0.272727272727273,0.260869565217391,22
"dominato & stessi_membri & !entita_MeSH",3,0.272727272727273,0.260869565217391,22
"dominato & stessi_membri & !entita_NCBITaxon",3,0.272727272727273,0.260869565217391,22
"k_effective<=3 & I2_med<=60 & stessi_membri",3,0.272727272727273,0.130434782608696,11
"k_effective<=3 & I2_med<=70 & stessi_membri",3,0.272727272727273,0.130434782608696,11
"k_effective<=6 & frazione_efficace>=0.6 & entita_STR",3,0.272727272727273,0.130434782608696,11
"k_kish<=2 & n_studi_model<=0 & controllo_veicolo",3,0.272727272727273,0.130434782608696,11
"k_kish<=3 & I2_med<=60 & entita_STR",3,0.272727272727273,0.130434782608696,11
"n_studi_model<=0 & frazione_efficace>=0.7 & !ramo_anchor",3,0.272727272727273,0.130434782608696,11
"frazione_efficace>=0.5 & !stessi_membri & entita_STR",3,0.272727272727273,0.130434782608696,11
"frazione_efficace>=0.6 & I2_med<=50 & !stessi_membri",3,0.272727272727273,0.130434782608696,11
"I2_med<=60 & dominato & entita_STR",3,0.272727272727273,0.130434782608696,11
"k_effective<=8 & n_studi_model<=2 & !entita_NCBITaxon",3,0.271604938271605,0.956521739130435,81
"k_effective<=6 & k_kish<=5 & !entita_NCBITaxon",3,0.271428571428571,0.826086956521739,70
"k_effective<=8 & !dominato_da_modello & !ramo_anchor",3,0.271428571428571,0.826086956521739,70
"n_studi_model<=2 & !materiale_misto & !entita_MeSH",3,0.271428571428571,0.826086956521739,70
"k_effective<=5 & k_kish<=4 & !materiale_misto",3,0.271186440677966,0.695652173913043,59
"k_effective<=5 & k_kish<=5 & !materiale_misto",3,0.271186440677966,0.695652173913043,59
"k_effective<=5 & n_studi_model<=1 & !dominato_da_modello",3,0.271186440677966,0.695652173913043,59
"k_effective<=5 & n_studi_model<=1 & !entita_NCBITaxon",3,0.271186440677966,0.695652173913043,59
"k_effective<=5 & !materiale_misto & controllo_veicolo",3,0.271186440677966,0.695652173913043,59
"k_effective<=8 & k_kish<=4 & frazione_efficace>=0.5",3,0.271186440677966,0.695652173913043,59
"k_kish<=5 & n_studi_model<=1 & !materiale_misto",3,0.271186440677966,0.695652173913043,59
"k_kish<=3 & frazione_efficace>=0.5",2,0.270833333333333,0.565217391304348,48
"n_studi_model<=1 & frazione_efficace>=0.6",2,0.270833333333333,0.565217391304348,48
"k_effective<=4 & !dominato_da_modello & !ramo_anchor",3,0.270833333333333,0.565217391304348,48
"k_effective<=10 & k_kish<=3 & frazione_efficace>=0.5",3,0.270833333333333,0.565217391304348,48
"k_kish<=3 & k_kish<=4 & frazione_efficace>=0.5",3,0.270833333333333,0.565217391304348,48
"k_kish<=3 & k_kish<=5 & frazione_efficace>=0.5",3,0.270833333333333,0.565217391304348,48
"k_kish<=3 & frazione_efficace>=0.5 & verso_gain",3,0.270833333333333,0.565217391304348,48
"n_studi_model<=1 & n_studi_model<=2 & frazione_efficace>=0.6",3,0.270833333333333,0.565217391304348,48
"n_studi_model<=1 & frazione_efficace>=0.5 & frazione_efficace>=0.6",3,0.270833333333333,0.565217391304348,48
"n_studi_model<=1 & frazione_efficace>=0.6 & controllo_veicolo",3,0.270833333333333,0.565217391304348,48
"n_studi_model<=1 & frazione_efficace>=0.6 & verso_gain",3,0.270833333333333,0.565217391304348,48
"frazione_efficace>=0.6 & !dominato_da_modello & !stessi_membri",3,0.270833333333333,0.565217391304348,48
"k_effective<=8 & n_studi_model<=1",2,0.27027027027027,0.869565217391304,74
"k_effective<=8 & !ramo_anchor",2,0.27027027027027,0.869565217391304,74
"n_studi_model<=1 & !entita_NCBITaxon",2,0.27027027027027,0.869565217391304,74
"k_effective<=8 & k_effective<=10 & n_studi_model<=1",3,0.27027027027027,0.869565217391304,74
"k_effective<=8 & k_effective<=10 & !ramo_anchor",3,0.27027027027027,0.869565217391304,74
"k_effective<=8 & n_studi_model<=1 & n_studi_model<=2",3,0.27027027027027,0.869565217391304,74
"k_effective<=8 & n_studi_model<=1 & verso_gain",3,0.27027027027027,0.869565217391304,74
"k_effective<=8 & !ramo_anchor & verso_gain",3,0.27027027027027,0.869565217391304,74
"k_effective<=10 & !materiale_misto & !entita_NCBITaxon",3,0.27027027027027,0.869565217391304,74
"k_effective<=10 & !entita_MeSH & !ramo_anchor",3,0.27027027027027,0.869565217391304,74
"k_effective<=10 & !entita_NCBITaxon & !ramo_anchor",3,0.27027027027027,0.869565217391304,74
"n_studi_model<=1 & n_studi_model<=2 & !entita_NCBITaxon",3,0.27027027027027,0.869565217391304,74
"n_studi_model<=1 & !entita_NCBITaxon & verso_gain",3,0.27027027027027,0.869565217391304,74
"frazione_efficace>=0.5 & I2_med<=70",2,0.27027027027027,0.434782608695652,37
"k_effective<=5 & k_kish<=4 & I2_med<=60",3,0.27027027027027,0.434782608695652,37
"k_effective<=5 & k_kish<=5 & I2_med<=60",3,0.27027027027027,0.434782608695652,37
"k_effective<=5 & frazione_efficace>=0.6 & !dominato_da_modello",3,0.27027027027027,0.434782608695652,37
"k_effective<=5 & I2_med<=60 & controllo_veicolo",3,0.27027027027027,0.434782608695652,37
"k_effective<=5 & I2_med<=70 & !materiale_misto",3,0.27027027027027,0.434782608695652,37
"k_effective<=10 & frazione_efficace>=0.5 & I2_med<=70",3,0.27027027027027,0.434782608695652,37
"k_kish<=4 & frazione_efficace>=0.6 & !materiale_misto",3,0.27027027027027,0.434782608695652,37
"k_kish<=5 & frazione_efficace>=0.5 & I2_med<=70",3,0.27027027027027,0.434782608695652,37
"n_studi_model<=2 & frazione_efficace>=0.5 & I2_med<=70",3,0.27027027027027,0.434782608695652,37
"frazione_efficace>=0.5 & I2_med<=70 & verso_gain",3,0.27027027027027,0.434782608695652,37
"frazione_efficace>=0.5 & !dominato & !entita_STR",3,0.27027027027027,0.434782608695652,37
"frazione_efficace>=0.5 & !dominato & !ramo_anchor",3,0.27027027027027,0.434782608695652,37
"k_effective<=6 & k_kish<=5 & !materiale_misto",3,0.26984126984127,0.739130434782609,63
"k_kish<=5 & frazione_efficace>=0.5 & !dominato_da_modello",3,0.26984126984127,0.739130434782609,63
"n_studi_model<=1 & !ramo_anchor & controllo_veicolo",3,0.26984126984127,0.739130434782609,63
"k_effective<=8 & n_studi_model<=2 & !entita_MeSH",3,0.269230769230769,0.91304347826087,78
"!entita_MeSH & !entita_NCBITaxon & !ramo_anchor",3,0.269230769230769,0.91304347826087,78
"k_effective<=4 & !ramo_anchor",2,0.269230769230769,0.608695652173913,52
"k_effective<=10 & frazione_efficace>=0.6",2,0.269230769230769,0.608695652173913,52
"k_effective<=4 & k_effective<=5 & !ramo_anchor",3,0.269230769230769,0.608695652173913,52
"k_effective<=4 & k_effective<=6 & !ramo_anchor",3,0.269230769230769,0.608695652173913,52
"k_effective<=4 & k_effective<=8 & !ramo_anchor",3,0.269230769230769,0.608695652173913,52
"k_effective<=4 & k_effective<=10 & !ramo_anchor",3,0.269230769230769,0.608695652173913,52
"k_effective<=4 & n_studi_model<=2 & !ramo_anchor",3,0.269230769230769,0.608695652173913,52
"k_effective<=4 & !entita_MeSH & !entita_NCBITaxon",3,0.269230769230769,0.608695652173913,52
"k_effective<=4 & !ramo_anchor & verso_gain",3,0.269230769230769,0.608695652173913,52
"k_effective<=6 & !materiale_misto & !entita_STR",3,0.269230769230769,0.608695652173913,52
"k_effective<=6 & !entita_STR & !entita_MeSH",3,0.269230769230769,0.608695652173913,52
"k_effective<=10 & n_studi_model<=2 & frazione_efficace>=0.6",3,0.269230769230769,0.608695652173913,52
"k_effective<=10 & frazione_efficace>=0.5 & frazione_efficace>=0.6",3,0.269230769230769,0.608695652173913,52
"k_effective<=10 & frazione_efficace>=0.6 & controllo_veicolo",3,0.269230769230769,0.608695652173913,52
"k_effective<=10 & frazione_efficace>=0.6 & verso_gain",3,0.269230769230769,0.608695652173913,52
"k_kish<=4 & n_studi_model<=1 & frazione_efficace>=0.5",3,0.269230769230769,0.608695652173913,52
"entita_STR",1,0.269230769230769,0.304347826086957,26
"k_effective<=3 & I2_med<=60",2,0.269230769230769,0.304347826086957,26
"k_kish<=4 & stessi_membri",2,0.269230769230769,0.304347826086957,26
"k_kish<=5 & stessi_membri",2,0.269230769230769,0.304347826086957,26
"!dominato_da_modello & entita_STR",2,0.269230769230769,0.304347826086957,26
"entita_STR & !entita_MeSH",2,0.269230769230769,0.304347826086957,26
"entita_STR & !entita_NCBITaxon",2,0.269230769230769,0.304347826086957,26
"entita_STR & verso_gain",2,0.269230769230769,0.304347826086957,26
"k_effective<=3 & k_effective<=4 & I2_med<=60",3,0.269230769230769,0.304347826086957,26
"k_effective<=3 & k_effective<=5 & I2_med<=60",3,0.269230769230769,0.304347826086957,26
"k_effective<=3 & k_effective<=6 & I2_med<=60",3,0.269230769230769,0.304347826086957,26
"k_effective<=3 & k_effective<=8 & I2_med<=60",3,0.269230769230769,0.304347826086957,26
"k_effective<=3 & k_effective<=10 & I2_med<=60",3,0.269230769230769,0.304347826086957,26
"k_effective<=3 & k_kish<=2 & !entita_MeSH",3,0.269230769230769,0.304347826086957,26
"k_effective<=3 & k_kish<=2 & !entita_NCBITaxon",3,0.269230769230769,0.304347826086957,26
"k_effective<=3 & k_kish<=3 & I2_med<=60",3,0.269230769230769,0.304347826086957,26
"k_effective<=3 & k_kish<=4 & I2_med<=60",3,0.269230769230769,0.304347826086957,26
"k_effective<=3 & k_kish<=5 & I2_med<=60",3,0.269230769230769,0.304347826086957,26
"k_effective<=3 & n_studi_model<=1 & I2_med<=70",3,0.269230769230769,0.304347826086957,26
"k_effective<=3 & n_studi_model<=2 & I2_med<=60",3,0.269230769230769,0.304347826086957,26
"k_effective<=3 & I2_med<=60 & I2_med<=70",3,0.269230769230769,0.304347826086957,26
"k_effective<=3 & I2_med<=60 & verso_gain",3,0.269230769230769,0.304347826086957,26
"k_effective<=3 & I2_med<=70 & !dominato_da_modello",3,0.269230769230769,0.304347826086957,26
"k_effective<=5 & k_kish<=2 & I2_med<=60",3,0.269230769230769,0.304347826086957,26
"k_effective<=5 & k_kish<=4 & n_studi_model<=0",3,0.269230769230769,0.304347826086957,26
"k_effective<=5 & k_kish<=5 & n_studi_model<=0",3,0.269230769230769,0.304347826086957,26
"k_effective<=5 & n_studi_model<=0 & controllo_veicolo",3,0.269230769230769,0.304347826086957,26
"k_effective<=6 & k_kish<=2 & I2_med<=60",3,0.269230769230769,0.304347826086957,26
"k_effective<=8 & k_kish<=4 & stessi_membri",3,0.269230769230769,0.304347826086957,26
"k_effective<=8 & k_kish<=5 & stessi_membri",3,0.269230769230769,0.304347826086957,26
"k_effective<=10 & k_kish<=4 & stessi_membri",3,0.269230769230769,0.304347826086957,26
"k_effective<=10 & k_kish<=5 & stessi_membri",3,0.269230769230769,0.304347826086957,26
"k_kish<=2 & n_studi_model<=2 & I2_med<=60",3,0.269230769230769,0.304347826086957,26
"k_kish<=2 & I2_med<=60 & !entita_MeSH",3,0.269230769230769,0.304347826086957,26
"k_kish<=2 & I2_med<=60 & !entita_NCBITaxon",3,0.269230769230769,0.304347826086957,26
"k_kish<=4 & k_kish<=5 & stessi_membri",3,0.269230769230769,0.304347826086957,26
"k_kish<=4 & n_studi_model<=2 & stessi_membri",3,0.269230769230769,0.304347826086957,26
"k_kish<=4 & stessi_membri & verso_gain",3,0.269230769230769,0.304347826086957,26
"k_kish<=5 & n_studi_model<=2 & stessi_membri",3,0.269230769230769,0.304347826086957,26
"k_kish<=5 & stessi_membri & verso_gain",3,0.269230769230769,0.304347826086957,26
"frazione_efficace>=0.7 & !stessi_membri & !ramo_anchor",3,0.269230769230769,0.304347826086957,26
"!dominato_da_modello & entita_STR & !entita_MeSH",3,0.269230769230769,0.304347826086957,26
"!dominato_da_modello & entita_STR & !entita_NCBITaxon",3,0.269230769230769,0.304347826086957,26
"!dominato_da_modello & entita_STR & verso_gain",3,0.269230769230769,0.304347826086957,26
"stessi_membri & !entita_NCBITaxon & controllo_veicolo",3,0.269230769230769,0.304347826086957,26
"entita_STR & !entita_MeSH & !entita_NCBITaxon",3,0.269230769230769,0.304347826086957,26
"entita_STR & !entita_MeSH & verso_gain",3,0.269230769230769,0.304347826086957,26
"entita_STR & !entita_NCBITaxon & verso_gain",3,0.269230769230769,0.304347826086957,26
"k_kish<=5 & frazione_efficace>=0.5",2,0.26865671641791,0.782608695652174,67
"k_effective<=6 & k_kish<=5 & !entita_MeSH",3,0.26865671641791,0.782608695652174,67
"k_effective<=10 & k_kish<=5 & frazione_efficace>=0.5",3,0.26865671641791,0.782608695652174,67
"k_kish<=5 & frazione_efficace>=0.5 & verso_gain",3,0.26865671641791,0.782608695652174,67
"!materiale_misto & !entita_MeSH & !ramo_anchor",3,0.26865671641791,0.782608695652174,67
"n_studi_model<=2 & !entita_MeSH & !entita_NCBITaxon",3,0.268292682926829,0.956521739130435,82
"k_effective<=8 & k_kish<=5 & I2_med<=60",3,0.268292682926829,0.478260869565217,41
"k_effective<=8 & I2_med<=60 & controllo_veicolo",3,0.268292682926829,0.478260869565217,41
"k_kish<=5 & n_studi_model<=1 & frazione_efficace>=0.6",3,0.268292682926829,0.478260869565217,41
"k_kish<=5 & frazione_efficace>=0.6 & !ramo_anchor",3,0.268292682926829,0.478260869565217,41
"frazione_efficace>=0.6 & !materiale_misto & !ramo_anchor",3,0.268292682926829,0.478260869565217,41
"frazione_efficace>=0.6 & !entita_STR & !entita_MeSH",3,0.268292682926829,0.478260869565217,41
"!dominato & !stessi_membri & controllo_veicolo",3,0.268292682926829,0.478260869565217,41
"k_effective<=4 & !entita_NCBITaxon",2,0.267857142857143,0.652173913043478,56
"n_studi_model<=2 & frazione_efficace>=0.6",2,0.267857142857143,0.652173913043478,56
"k_effective<=4 & k_effective<=5 & !entita_NCBITaxon",3,0.267857142857143,0.652173913043478,56
"k_effective<=4 & k_effective<=6 & !entita_NCBITaxon",3,0.267857142857143,0.652173913043478,56
"k_effective<=4 & k_effective<=8 & !entita_NCBITaxon",3,0.267857142857143,0.652173913043478,56
"k_effective<=4 & k_effective<=10 & !entita_NCBITaxon",3,0.267857142857143,0.652173913043478,56
"k_effective<=4 & n_studi_model<=2 & !entita_NCBITaxon",3,0.267857142857143,0.652173913043478,56
"k_effective<=4 & !entita_NCBITaxon & verso_gain",3,0.267857142857143,0.652173913043478,56
"n_studi_model<=2 & frazione_efficace>=0.5 & frazione_efficace>=0.6",3,0.267857142857143,0.652173913043478,56
"n_studi_model<=2 & frazione_efficace>=0.6 & controllo_veicolo",3,0.267857142857143,0.652173913043478,56
"n_studi_model<=2 & frazione_efficace>=0.6 & verso_gain",3,0.267857142857143,0.652173913043478,56
"n_studi_model<=1 & !entita_MeSH",2,0.267605633802817,0.826086956521739,71
"n_studi_model<=1 & n_studi_model<=2 & !entita_MeSH",3,0.267605633802817,0.826086956521739,71
"n_studi_model<=1 & !entita_MeSH & verso_gain",3,0.267605633802817,0.826086956521739,71
"n_studi_model<=1 & !dominato_da_modello",2,0.266666666666667,0.869565217391304,75
"k_effective<=10 & n_studi_model<=2 & !materiale_misto",3,0.266666666666667,0.869565217391304,75
"n_studi_model<=1 & n_studi_model<=2 & !dominato_da_modello",3,0.266666666666667,0.869565217391304,75
"n_studi_model<=1 & !dominato_da_modello & verso_gain",3,0.266666666666667,0.869565217391304,75
"k_effective<=5 & k_kish<=4 & !ramo_anchor",3,0.266666666666667,0.695652173913043,60
"k_effective<=5 & k_kish<=5 & !ramo_anchor",3,0.266666666666667,0.695652173913043,60
"k_effective<=5 & !ramo_anchor & controllo_veicolo",3,0.266666666666667,0.695652173913043,60
"k_kish<=4 & n_studi_model<=2 & frazione_efficace>=0.5",3,0.266666666666667,0.695652173913043,60
"!dominato & controllo_veicolo",2,0.266666666666667,0.521739130434783,45
"k_effective<=8 & frazione_efficace>=0.6 & !ramo_anchor",3,0.266666666666667,0.521739130434783,45
"k_kish<=3 & frazione_efficace>=0.5 & !entita_MeSH",3,0.266666666666667,0.521739130434783,45
"k_kish<=5 & frazione_efficace>=0.6 & !entita_NCBITaxon",3,0.266666666666667,0.521739130434783,45
"frazione_efficace>=0.5 & !materiale_misto & !stessi_membri",3,0.266666666666667,0.521739130434783,45
"frazione_efficace>=0.6 & !stessi_membri & !entita_MeSH",3,0.266666666666667,0.521739130434783,45
"!dominato & !dominato_da_modello & controllo_veicolo",3,0.266666666666667,0.521739130434783,45
"!dominato & controllo_veicolo & verso_gain",3,0.266666666666667,0.521739130434783,45
"k_effective<=3 & !entita_STR",2,0.266666666666667,0.347826086956522,30
"k_effective<=3 & k_effective<=4 & !entita_STR",3,0.266666666666667,0.347826086956522,30
"k_effective<=3 & k_effective<=5 & !entita_STR",3,0.266666666666667,0.347826086956522,30
"k_effective<=3 & k_effective<=6 & !entita_STR",3,0.266666666666667,0.347826086956522,30
"k_effective<=3 & k_effective<=8 & !entita_STR",3,0.266666666666667,0.347826086956522,30
"k_effective<=3 & k_effective<=10 & !entita_STR",3,0.266666666666667,0.347826086956522,30
"k_effective<=3 & k_kish<=3 & !entita_STR",3,0.266666666666667,0.347826086956522,30
"k_effective<=3 & k_kish<=4 & !entita_STR",3,0.266666666666667,0.347826086956522,30
"k_effective<=3 & k_kish<=5 & !entita_STR",3,0.266666666666667,0.347826086956522,30
"k_effective<=3 & n_studi_model<=2 & !entita_STR",3,0.266666666666667,0.347826086956522,30
"k_effective<=3 & dominato & !materiale_misto",3,0.266666666666667,0.347826086956522,30
"k_effective<=3 & dominato & !ramo_anchor",3,0.266666666666667,0.347826086956522,30
"k_effective<=3 & !entita_STR & controllo_veicolo",3,0.266666666666667,0.347826086956522,30
"k_effective<=3 & !entita_STR & verso_gain",3,0.266666666666667,0.347826086956522,30
"k_effective<=4 & k_kish<=2 & !ramo_anchor",3,0.266666666666667,0.347826086956522,30
"k_effective<=5 & k_kish<=2 & !materiale_misto",3,0.266666666666667,0.347826086956522,30
"k_effective<=5 & frazione_efficace>=0.6 & !entita_STR",3,0.266666666666667,0.347826086956522,30
"k_effective<=6 & k_kish<=2 & !materiale_misto",3,0.266666666666667,0.347826086956522,30
"k_kish<=2 & n_studi_model<=2 & !materiale_misto",3,0.266666666666667,0.347826086956522,30
"k_kish<=2 & !entita_NCBITaxon & !ramo_anchor",3,0.266666666666667,0.347826086956522,30
"frazione_efficace>=0.5 & I2_med<=70 & !materiale_misto",3,0.266666666666667,0.347826086956522,30
"k_effective<=3 & k_kish<=2 & I2_med<=50",3,0.266666666666667,0.173913043478261,15
"k_effective<=3 & I2_med<=60 & !stessi_membri",3,0.266666666666667,0.173913043478261,15
"k_effective<=3 & dominato & stessi_membri",3,0.266666666666667,0.173913043478261,15
"k_effective<=3 & stessi_membri & controllo_veicolo",3,0.266666666666667,0.173913043478261,15
"k_effective<=4 & frazione_efficace>=0.7 & !ramo_anchor",3,0.266666666666667,0.173913043478261,15
"k_effective<=4 & stessi_membri & !entita_STR",3,0.266666666666667,0.173913043478261,15
"k_effective<=5 & k_kish<=3 & entita_STR",3,0.266666666666667,0.173913043478261,15
"k_effective<=5 & dominato & entita_STR",3,0.266666666666667,0.173913043478261,15
"k_effective<=6 & k_kish<=3 & entita_STR",3,0.266666666666667,0.173913043478261,15
"k_effective<=6 & dominato & entita_STR",3,0.266666666666667,0.173913043478261,15
"k_kish<=3 & n_studi_model<=0 & !stessi_membri",3,0.266666666666667,0.173913043478261,15
"k_kish<=3 & stessi_membri & !entita_STR",3,0.266666666666667,0.173913043478261,15
"n_studi_model<=0 & frazione_efficace>=0.5 & dominato",3,0.266666666666667,0.173913043478261,15
"n_studi_model<=0 & frazione_efficace>=0.5 & !entita_STR",3,0.266666666666667,0.173913043478261,15
"I2_med<=50 & !materiale_misto & !entita_STR",3,0.266666666666667,0.173913043478261,15
"stessi_membri & !entita_STR & !entita_MeSH",3,0.266666666666667,0.173913043478261,15
"stessi_membri & !entita_STR & !ramo_anchor",3,0.266666666666667,0.173913043478261,15
"k_effective<=8 & !dominato_da_modello & !entita_NCBITaxon",3,0.265822784810127,0.91304347826087,79
"k_effective<=5 & !entita_MeSH",2,0.265625,0.739130434782609,64
"k_effective<=5 & k_effective<=6 & !entita_MeSH",3,0.265625,0.739130434782609,64
"k_effective<=5 & k_effective<=8 & !entita_MeSH",3,0.265625,0.739130434782609,64
"k_effective<=5 & k_effective<=10 & !entita_MeSH",3,0.265625,0.739130434782609,64
"k_effective<=5 & n_studi_model<=2 & !entita_MeSH",3,0.265625,0.739130434782609,64
"k_effective<=5 & !entita_MeSH & verso_gain",3,0.265625,0.739130434782609,64
"frazione_efficace>=0.5 & !materiale_misto & controllo_veicolo",3,0.265625,0.739130434782609,64
"k_effective<=4 & k_kish<=3 & !materiale_misto",3,0.26530612244898,0.565217391304348,49
"k_effective<=4 & !materiale_misto & !entita_MeSH",3,0.26530612244898,0.565217391304348,49
"k_effective<=8 & !materiale_misto & !stessi_membri",3,0.26530612244898,0.565217391304348,49
"frazione_efficace>=0.6 & !stessi_membri & controllo_veicolo",3,0.26530612244898,0.565217391304348,49
"k_kish<=5 & !entita_MeSH & !ramo_anchor",3,0.264705882352941,0.782608695652174,68
"frazione_efficace>=0.5 & !dominato_da_modello & !ramo_anchor",3,0.264705882352941,0.782608695652174,68
"k_kish<=5 & I2_med<=50",2,0.264705882352941,0.391304347826087,34
"I2_med<=50 & controllo_veicolo",2,0.264705882352941,0.391304347826087,34
"k_effective<=4 & k_kish<=3 & I2_med<=60",3,0.264705882352941,0.391304347826087,34
"k_effective<=4 & frazione_efficace>=0.5 & !entita_STR",3,0.264705882352941,0.391304347826087,34
"k_effective<=4 & I2_med<=70 & !materiale_misto",3,0.264705882352941,0.391304347826087,34
"k_kish<=5 & I2_med<=50 & I2_med<=60",3,0.264705882352941,0.391304347826087,34
"k_kish<=5 & I2_med<=50 & I2_med<=70",3,0.264705882352941,0.391304347826087,34
"k_kish<=5 & I2_med<=50 & verso_gain",3,0.264705882352941,0.391304347826087,34
"I2_med<=50 & I2_med<=60 & controllo_veicolo",3,0.264705882352941,0.391304347826087,34
"I2_med<=50 & I2_med<=70 & controllo_veicolo",3,0.264705882352941,0.391304347826087,34
"I2_med<=50 & controllo_veicolo & verso_gain",3,0.264705882352941,0.391304347826087,34
"!dominato & !stessi_membri & !ramo_anchor",3,0.264705882352941,0.391304347826087,34
"frazione_efficace>=0.5 & !ramo_anchor",2,0.263888888888889,0.826086956521739,72
"k_effective<=8 & !materiale_misto & controllo_veicolo",3,0.263888888888889,0.826086956521739,72
"k_effective<=10 & frazione_efficace>=0.5 & controllo_veicolo",3,0.263888888888889,0.826086956521739,72
"k_effective<=10 & !materiale_misto & !entita_MeSH",3,0.263888888888889,0.826086956521739,72
"frazione_efficace>=0.5 & !ramo_anchor & verso_gain",3,0.263888888888889,0.826086956521739,72
"!materiale_misto & !entita_MeSH & !entita_NCBITaxon",3,0.263888888888889,0.826086956521739,72
"k_effective<=10 & n_studi_model<=1",2,0.263157894736842,0.869565217391304,76
"n_studi_model<=2 & !materiale_misto",2,0.263157894736842,0.869565217391304,76
"frazione_efficace>=0.5 & !entita_MeSH",2,0.263157894736842,0.869565217391304,76
"k_effective<=10 & n_studi_model<=1 & n_studi_model<=2",3,0.263157894736842,0.869565217391304,76
"k_effective<=10 & n_studi_model<=1 & verso_gain",3,0.263157894736842,0.869565217391304,76
"k_effective<=10 & n_studi_model<=2 & !ramo_anchor",3,0.263157894736842,0.869565217391304,76
"n_studi_model<=2 & !materiale_misto & !dominato_da_modello",3,0.263157894736842,0.869565217391304,76
"n_studi_model<=2 & !materiale_misto & verso_gain",3,0.263157894736842,0.869565217391304,76
"n_studi_model<=2 & !dominato_da_modello & !ramo_anchor",3,0.263157894736842,0.869565217391304,76
"frazione_efficace>=0.5 & !dominato_da_modello & !entita_NCBITaxon",3,0.263157894736842,0.869565217391304,76
"frazione_efficace>=0.5 & !entita_MeSH & verso_gain",3,0.263157894736842,0.869565217391304,76
"k_effective<=5 & n_studi_model<=1 & !entita_MeSH",3,0.263157894736842,0.652173913043478,57
"k_kish<=4 & n_studi_model<=1 & !materiale_misto",3,0.263157894736842,0.652173913043478,57
"frazione_efficace>=0.6 & !dominato_da_modello & !entita_NCBITaxon",3,0.263157894736842,0.652173913043478,57
"!dominato & !entita_STR",2,0.263157894736842,0.434782608695652,38
"!dominato & !ramo_anchor",2,0.263157894736842,0.434782608695652,38
"k_effective<=6 & k_kish<=4 & I2_med<=60",3,0.263157894736842,0.434782608695652,38
"k_kish<=5 & n_studi_model<=1 & I2_med<=60",3,0.263157894736842,0.434782608695652,38
"k_kish<=5 & I2_med<=60 & !dominato_da_modello",3,0.263157894736842,0.434782608695652,38
"k_kish<=5 & I2_med<=60 & !entita_MeSH",3,0.263157894736842,0.434782608695652,38
"n_studi_model<=1 & I2_med<=60 & controllo_veicolo",3,0.263157894736842,0.434782608695652,38
"I2_med<=60 & !dominato_da_modello & controllo_veicolo",3,0.263157894736842,0.434782608695652,38
"I2_med<=60 & !entita_MeSH & controllo_veicolo",3,0.263157894736842,0.434782608695652,38
"!dominato & !dominato_da_modello & !entita_STR",3,0.263157894736842,0.434782608695652,38
"!dominato & !dominato_da_modello & !ramo_anchor",3,0.263157894736842,0.434782608695652,38
"!dominato & !entita_STR & controllo_veicolo",3,0.263157894736842,0.434782608695652,38
"!dominato & !entita_STR & verso_gain",3,0.263157894736842,0.434782608695652,38
"!dominato & !ramo_anchor & controllo_veicolo",3,0.263157894736842,0.434782608695652,38
"!dominato & !ramo_anchor & verso_gain",3,0.263157894736842,0.434782608695652,38
"k_kish<=4 & entita_STR",2,0.263157894736842,0.217391304347826,19
"n_studi_model<=0 & !entita_STR",2,0.263157894736842,0.217391304347826,19
"k_effective<=3 & I2_med<=50 & !entita_NCBITaxon",3,0.263157894736842,0.217391304347826,19
"k_effective<=4 & k_kish<=2 & I2_med<=50",3,0.263157894736842,0.217391304347826,19
"k_effective<=4 & n_studi_model<=0 & dominato",3,0.263157894736842,0.217391304347826,19
"k_effective<=6 & n_studi_model<=0 & frazione_efficace>=0.6",3,0.263157894736842,0.217391304347826,19
"k_effective<=8 & k_kish<=4 & entita_STR",3,0.263157894736842,0.217391304347826,19
"k_effective<=10 & k_kish<=4 & entita_STR",3,0.263157894736842,0.217391304347826,19
"k_effective<=10 & n_studi_model<=0 & !entita_STR",3,0.263157894736842,0.217391304347826,19
"k_kish<=2 & I2_med<=50 & !dominato_da_modello",3,0.263157894736842,0.217391304347826,19
"k_kish<=3 & n_studi_model<=0 & !ramo_anchor",3,0.263157894736842,0.217391304347826,19
"k_kish<=4 & k_kish<=5 & entita_STR",3,0.263157894736842,0.217391304347826,19
"k_kish<=4 & n_studi_model<=0 & !stessi_membri",3,0.263157894736842,0.217391304347826,19
"k_kish<=4 & n_studi_model<=2 & entita_STR",3,0.263157894736842,0.217391304347826,19
"k_kish<=4 & !dominato_da_modello & entita_STR",3,0.263157894736842,0.217391304347826,19
"k_kish<=4 & entita_STR & !entita_MeSH",3,0.263157894736842,0.217391304347826,19
"k_kish<=4 & entita_STR & !entita_NCBITaxon",3,0.263157894736842,0.217391304347826,19
"k_kish<=4 & entita_STR & verso_gain",3,0.263157894736842,0.217391304347826,19
"n_studi_model<=0 & n_studi_model<=1 & !entita_STR",3,0.263157894736842,0.217391304347826,19
"n_studi_model<=0 & n_studi_model<=2 & !entita_STR",3,0.263157894736842,0.217391304347826,19
"n_studi_model<=0 & dominato & !entita_NCBITaxon",3,0.263157894736842,0.217391304347826,19
"n_studi_model<=0 & !materiale_misto & !entita_STR",3,0.263157894736842,0.217391304347826,19
"n_studi_model<=0 & !dominato_da_modello & !entita_STR",3,0.263157894736842,0.217391304347826,19
"n_studi_model<=0 & !entita_STR & controllo_veicolo",3,0.263157894736842,0.217391304347826,19
"n_studi_model<=0 & !entita_STR & verso_gain",3,0.263157894736842,0.217391304347826,19
"frazione_efficace>=0.5 & I2_med<=50 & dominato",3,0.263157894736842,0.217391304347826,19
"I2_med<=60 & !materiale_misto & !stessi_membri",3,0.263157894736842,0.217391304347826,19
"dominato & !materiale_misto & stessi_membri",3,0.263157894736842,0.217391304347826,19
"n_studi_model<=2 & !ramo_anchor",2,0.2625,0.91304347826087,80
"frazione_efficace>=0.5 & !entita_NCBITaxon",2,0.2625,0.91304347826087,80
"n_studi_model<=2 & !ramo_anchor & verso_gain",3,0.2625,0.91304347826087,80
"frazione_efficace>=0.5 & !entita_NCBITaxon & verso_gain",3,0.2625,0.91304347826087,80
"k_effective<=5 & !dominato_da_modello & !entita_MeSH",3,0.262295081967213,0.695652173913043,61
"k_kish<=4 & frazione_efficace>=0.5 & !entita_NCBITaxon",3,0.262295081967213,0.695652173913043,61
"k_effective<=8 & !entita_NCBITaxon",2,0.261904761904762,0.956521739130435,84
"k_effective<=8 & k_effective<=10 & !entita_NCBITaxon",3,0.261904761904762,0.956521739130435,84
"k_effective<=8 & !entita_NCBITaxon & verso_gain",3,0.261904761904762,0.956521739130435,84
"!dominato & !stessi_membri",2,0.261904761904762,0.478260869565217,42
"k_effective<=6 & !stessi_membri & !entita_STR",3,0.261904761904762,0.478260869565217,42
"k_effective<=10 & k_kish<=5 & I2_med<=60",3,0.261904761904762,0.478260869565217,42
"k_effective<=10 & I2_med<=60 & controllo_veicolo",3,0.261904761904762,0.478260869565217,42
"k_kish<=5 & n_studi_model<=2 & I2_med<=60",3,0.261904761904762,0.478260869565217,42
"k_kish<=5 & I2_med<=60 & !entita_NCBITaxon",3,0.261904761904762,0.478260869565217,42
"n_studi_model<=1 & frazione_efficace>=0.6 & !ramo_anchor",3,0.261904761904762,0.478260869565217,42
"n_studi_model<=1 & I2_med<=70 & !dominato_da_modello",3,0.261904761904762,0.478260869565217,42
"n_studi_model<=2 & I2_med<=60 & controllo_veicolo",3,0.261904761904762,0.478260869565217,42
"I2_med<=60 & !entita_NCBITaxon & controllo_veicolo",3,0.261904761904762,0.478260869565217,42
"!dominato & !dominato_da_modello & !stessi_membri",3,0.261904761904762,0.478260869565217,42
"!dominato & !stessi_membri & verso_gain",3,0.261904761904762,0.478260869565217,42
"k_effective<=5 & !dominato_da_modello",2,0.261538461538462,0.739130434782609,65
"k_effective<=5 & k_effective<=6 & !dominato_da_modello",3,0.261538461538462,0.739130434782609,65
"k_effective<=5 & k_effective<=8 & !dominato_da_modello",3,0.261538461538462,0.739130434782609,65
"k_effective<=5 & k_effective<=10 & !dominato_da_modello",3,0.261538461538462,0.739130434782609,65
"k_effective<=5 & k_kish<=4 & !entita_NCBITaxon",3,0.261538461538462,0.739130434782609,65
"k_effective<=5 & k_kish<=5 & !entita_NCBITaxon",3,0.261538461538462,0.739130434782609,65
"k_effective<=5 & n_studi_model<=2 & !dominato_da_modello",3,0.261538461538462,0.739130434782609,65
"k_effective<=5 & !dominato_da_modello & verso_gain",3,0.261538461538462,0.739130434782609,65
"k_effective<=5 & !entita_NCBITaxon & controllo_veicolo",3,0.261538461538462,0.739130434782609,65
"k_effective<=6 & k_kish<=5 & n_studi_model<=1",3,0.261538461538462,0.739130434782609,65
"k_effective<=6 & k_kish<=5 & !dominato_da_modello",3,0.260869565217391,0.782608695652174,69
"k_effective<=8 & k_kish<=5 & !ramo_anchor",3,0.260869565217391,0.782608695652174,69
"k_kish<=5 & !entita_NCBITaxon & !ramo_anchor",3,0.260869565217391,0.782608695652174,69
"!dominato",1,0.260869565217391,0.521739130434783,46
"k_kish<=5 & frazione_efficace>=0.6",2,0.260869565217391,0.521739130434783,46
"!dominato & !dominato_da_modello",2,0.260869565217391,0.521739130434783,46
"!dominato & verso_gain",2,0.260869565217391,0.521739130434783,46
"k_effective<=4 & frazione_efficace>=0.5 & controllo_veicolo",3,0.260869565217391,0.521739130434783,46
"k_effective<=8 & k_kish<=5 & frazione_efficace>=0.6",3,0.260869565217391,0.521739130434783,46
"k_effective<=10 & k_kish<=5 & frazione_efficace>=0.6",3,0.260869565217391,0.521739130434783,46
"k_effective<=10 & frazione_efficace>=0.6 & !ramo_anchor",3,0.260869565217391,0.521739130434783,46
"k_kish<=5 & n_studi_model<=2 & frazione_efficace>=0.6",3,0.260869565217391,0.521739130434783,46
"k_kish<=5 & frazione_efficace>=0.5 & frazione_efficace>=0.6",3,0.260869565217391,0.521739130434783,46
"k_kish<=5 & frazione_efficace>=0.6 & controllo_veicolo",3,0.260869565217391,0.521739130434783,46
"k_kish<=5 & frazione_efficace>=0.6 & verso_gain",3,0.260869565217391,0.521739130434783,46
"!dominato & !dominato_da_modello & verso_gain",3,0.260869565217391,0.521739130434783,46
"k_kish<=3 & n_studi_model<=0",2,0.260869565217391,0.260869565217391,23
"dominato & stessi_membri",2,0.260869565217391,0.260869565217391,23
"k_effective<=3 & k_kish<=2 & I2_med<=70",3,0.260869565217391,0.260869565217391,23
"k_effective<=3 & I2_med<=60 & !entita_MeSH",3,0.260869565217391,0.260869565217391,23
"k_effective<=8 & dominato & stessi_membri",3,0.260869565217391,0.260869565217391,23
"k_effective<=8 & entita_STR & controllo_veicolo",3,0.260869565217391,0.260869565217391,23
"k_effective<=10 & k_kish<=3 & n_studi_model<=0",3,0.260869565217391,0.260869565217391,23
"k_effective<=10 & dominato & stessi_membri",3,0.260869565217391,0.260869565217391,23
"k_effective<=10 & entita_STR & controllo_veicolo",3,0.260869565217391,0.260869565217391,23
"k_kish<=3 & k_kish<=4 & n_studi_model<=0",3,0.260869565217391,0.260869565217391,23
"k_kish<=3 & k_kish<=5 & n_studi_model<=0",3,0.260869565217391,0.260869565217391,23
"k_kish<=3 & n_studi_model<=0 & n_studi_model<=1",3,0.260869565217391,0.260869565217391,23
"k_kish<=3 & n_studi_model<=0 & n_studi_model<=2",3,0.260869565217391,0.260869565217391,23
"k_kish<=3 & n_studi_model<=0 & !materiale_misto",3,0.260869565217391,0.260869565217391,23
"k_kish<=3 & n_studi_model<=0 & !dominato_da_modello",3,0.260869565217391,0.260869565217391,23
"k_kish<=3 & n_studi_model<=0 & verso_gain",3,0.260869565217391,0.260869565217391,23
"k_kish<=3 & dominato & stessi_membri",3,0.260869565217391,0.260869565217391,23
"k_kish<=3 & stessi_membri & controllo_veicolo",3,0.260869565217391,0.260869565217391,23
"k_kish<=4 & n_studi_model<=0 & frazione_efficace>=0.5",3,0.260869565217391,0.260869565217391,23
"k_kish<=4 & n_studi_model<=0 & !ramo_anchor",3,0.260869565217391,0.260869565217391,23
"k_kish<=4 & dominato & stessi_membri",3,0.260869565217391,0.260869565217391,23
"k_kish<=4 & !dominato_da_modello & stessi_membri",3,0.260869565217391,0.260869565217391,23
"k_kish<=5 & dominato & stessi_membri",3,0.260869565217391,0.260869565217391,23
"k_kish<=5 & !dominato_da_modello & stessi_membri",3,0.260869565217391,0.260869565217391,23
"n_studi_model<=1 & stessi_membri & controllo_veicolo",3,0.260869565217391,0.260869565217391,23
"n_studi_model<=1 & entita_STR & controllo_veicolo",3,0.260869565217391,0.260869565217391,23
"n_studi_model<=2 & dominato & stessi_membri",3,0.260869565217391,0.260869565217391,23
"dominato & stessi_membri & verso_gain",3,0.260869565217391,0.260869565217391,23
"!materiale_misto & stessi_membri & controllo_veicolo",3,0.260869565217391,0.260869565217391,23
"k_effective<=8 & n_studi_model<=1 & controllo_veicolo",3,0.26027397260274,0.826086956521739,73
"k_effective<=8 & !ramo_anchor & controllo_veicolo",3,0.26027397260274,0.826086956521739,73
"n_studi_model<=1 & !entita_NCBITaxon & controllo_veicolo",3,0.26027397260274,0.826086956521739,73
"frazione_efficace>=0.5 & !dominato_da_modello & !entita_MeSH",3,0.26027397260274,0.826086956521739,73
"frazione_efficace>=0.6 & !stessi_membri",2,0.26,0.565217391304348,50
"k_effective<=4 & k_kish<=3 & !ramo_anchor",3,0.26,0.565217391304348,50
"k_effective<=4 & k_kish<=4 & !materiale_misto",3,0.26,0.565217391304348,50
"k_effective<=4 & k_kish<=5 & !materiale_misto",3,0.26,0.565217391304348,50
"k_effective<=4 & !materiale_misto & controllo_veicolo",3,0.26,0.565217391304348,50
"k_effective<=6 & n_studi_model<=1 & !entita_STR",3,0.26,0.565217391304348,50
"k_effective<=8 & n_studi_model<=1 & !stessi_membri",3,0.26,0.565217391304348,50
"k_effective<=10 & frazione_efficace>=0.5 & !stessi_membri",3,0.26,0.565217391304348,50
"k_kish<=3 & n_studi_model<=1 & !materiale_misto",3,0.26,0.565217391304348,50
"n_studi_model<=1 & !entita_STR & !entita_NCBITaxon",3,0.26,0.565217391304348,50
"n_studi_model<=2 & frazione_efficace>=0.6 & !ramo_anchor",3,0.26,0.565217391304348,50
"frazione_efficace>=0.5 & frazione_efficace>=0.6 & !stessi_membri",3,0.26,0.565217391304348,50
"frazione_efficace>=0.5 & !materiale_misto & !entita_STR",3,0.26,0.565217391304348,50
"frazione_efficace>=0.6 & !stessi_membri & verso_gain",3,0.26,0.565217391304348,50
"k_effective<=8 & !entita_MeSH",2,0.259259259259259,0.91304347826087,81
"k_effective<=8 & k_effective<=10 & !entita_MeSH",3,0.259259259259259,0.91304347826087,81
"k_effective<=8 & n_studi_model<=2 & !dominato_da_modello",3,0.259259259259259,0.91304347826087,81
"k_effective<=8 & !entita_MeSH & verso_gain",3,0.259259259259259,0.91304347826087,81
"k_effective<=10 & !entita_MeSH & !entita_NCBITaxon",3,0.259259259259259,0.91304347826087,81
"k_effective<=4 & k_kish<=3 & !entita_NCBITaxon",3,0.259259259259259,0.608695652173913,54
"k_effective<=6 & !dominato_da_modello & !entita_STR",3,0.259259259259259,0.608695652173913,54
"k_effective<=10 & frazione_efficace>=0.5 & !entita_STR",3,0.259259259259259,0.608695652173913,54
"frazione_efficace>=0.6 & !entita_MeSH & !entita_NCBITaxon",3,0.259259259259259,0.608695652173913,54
"k_effective<=3 & k_kish<=2",2,0.259259259259259,0.304347826086957,27
"k_kish<=2 & I2_med<=60",2,0.259259259259259,0.304347826086957,27
"stessi_membri & controllo_veicolo",2,0.259259259259259,0.304347826086957,27
"k_effective<=3 & k_effective<=4 & k_kish<=2",3,0.259259259259259,0.304347826086957,27
"k_effective<=3 & k_effective<=5 & k_kish<=2",3,0.259259259259259,0.304347826086957,27
"k_effective<=3 & k_effective<=6 & k_kish<=2",3,0.259259259259259,0.304347826086957,27
"k_effective<=3 & k_effective<=8 & k_kish<=2",3,0.259259259259259,0.304347826086957,27
"k_effective<=3 & k_effective<=10 & k_kish<=2",3,0.259259259259259,0.304347826086957,27
"k_effective<=3 & k_kish<=2 & k_kish<=3",3,0.259259259259259,0.304347826086957,27
"k_effective<=3 & k_kish<=2 & k_kish<=4",3,0.259259259259259,0.304347826086957,27
"k_effective<=3 & k_kish<=2 & k_kish<=5",3,0.259259259259259,0.304347826086957,27
"k_effective<=3 & k_kish<=2 & n_studi_model<=2",3,0.259259259259259,0.304347826086957,27
"k_effective<=3 & k_kish<=2 & dominato",3,0.259259259259259,0.304347826086957,27
"k_effective<=3 & k_kish<=2 & verso_gain",3,0.259259259259259,0.304347826086957,27
"k_effective<=3 & !entita_STR & !entita_MeSH",3,0.259259259259259,0.304347826086957,27
"k_effective<=4 & k_kish<=3 & I2_med<=50",3,0.259259259259259,0.304347826086957,27
"k_effective<=4 & k_kish<=4 & I2_med<=50",3,0.259259259259259,0.304347826086957,27
"k_effective<=4 & k_kish<=5 & I2_med<=50",3,0.259259259259259,0.304347826086957,27
"k_effective<=4 & I2_med<=50 & controllo_veicolo",3,0.259259259259259,0.304347826086957,27
"k_effective<=6 & k_kish<=4 & n_studi_model<=0",3,0.259259259259259,0.304347826086957,27
"k_effective<=8 & k_kish<=2 & I2_med<=60",3,0.259259259259259,0.304347826086957,27
"k_effective<=8 & k_kish<=4 & n_studi_model<=0",3,0.259259259259259,0.304347826086957,27
"k_effective<=8 & stessi_membri & controllo_veicolo",3,0.259259259259259,0.304347826086957,27
"k_effective<=10 & k_kish<=2 & I2_med<=60",3,0.259259259259259,0.304347826086957,27
"k_effective<=10 & stessi_membri & controllo_veicolo",3,0.259259259259259,0.304347826086957,27
"k_kish<=2 & k_kish<=3 & I2_med<=60",3,0.259259259259259,0.304347826086957,27
"k_kish<=2 & k_kish<=4 & I2_med<=60",3,0.259259259259259,0.304347826086957,27
"k_kish<=2 & k_kish<=5 & I2_med<=60",3,0.259259259259259,0.304347826086957,27
"k_kish<=2 & I2_med<=60 & I2_med<=70",3,0.259259259259259,0.304347826086957,27
"k_kish<=2 & I2_med<=60 & dominato",3,0.259259259259259,0.304347826086957,27
"k_kish<=2 & I2_med<=60 & verso_gain",3,0.259259259259259,0.304347826086957,27
"k_kish<=4 & n_studi_model<=0 & !entita_NCBITaxon",3,0.259259259259259,0.304347826086957,27
"k_kish<=4 & n_studi_model<=1 & I2_med<=50",3,0.259259259259259,0.304347826086957,27
"k_kish<=4 & I2_med<=50 & !dominato_da_modello",3,0.259259259259259,0.304347826086957,27
"n_studi_model<=2 & stessi_membri & controllo_veicolo",3,0.259259259259259,0.304347826086957,27
"stessi_membri & controllo_veicolo & verso_gain",3,0.259259259259259,0.304347826086957,27
"k_effective<=6 & k_kish<=4 & !materiale_misto",3,0.258064516129032,0.695652173913043,62
"k_effective<=6 & k_kish<=4 & !ramo_anchor",3,0.258064516129032,0.695652173913043,62
"k_kish<=5 & !materiale_misto & !ramo_anchor",3,0.258064516129032,0.695652173913043,62
"k_kish<=2 & !materiale_misto",2,0.258064516129032,0.347826086956522,31
"k_effective<=4 & k_kish<=2 & !entita_NCBITaxon",3,0.258064516129032,0.347826086956522,31
"k_effective<=8 & k_kish<=2 & !materiale_misto",3,0.258064516129032,0.347826086956522,31
"k_effective<=8 & k_kish<=4 & I2_med<=50",3,0.258064516129032,0.347826086956522,31
"k_effective<=10 & k_kish<=2 & !materiale_misto",3,0.258064516129032,0.347826086956522,31
"k_kish<=2 & k_kish<=3 & !materiale_misto",3,0.258064516129032,0.347826086956522,31
"k_kish<=2 & k_kish<=4 & !materiale_misto",3,0.258064516129032,0.347826086956522,31
"k_kish<=2 & k_kish<=5 & !materiale_misto",3,0.258064516129032,0.347826086956522,31
"k_kish<=2 & n_studi_model<=1 & !entita_NCBITaxon",3,0.258064516129032,0.347826086956522,31
"k_kish<=2 & dominato & !materiale_misto",3,0.258064516129032,0.347826086956522,31
"k_kish<=2 & !materiale_misto & !dominato_da_modello",3,0.258064516129032,0.347826086956522,31
"k_kish<=2 & !materiale_misto & !entita_MeSH",3,0.258064516129032,0.347826086956522,31
"k_kish<=2 & !materiale_misto & verso_gain",3,0.258064516129032,0.347826086956522,31
"k_kish<=3 & frazione_efficace>=0.5 & I2_med<=70",3,0.258064516129032,0.347826086956522,31
"k_kish<=4 & n_studi_model<=2 & I2_med<=50",3,0.258064516129032,0.347826086956522,31
"k_kish<=4 & frazione_efficace>=0.6 & !stessi_membri",3,0.258064516129032,0.347826086956522,31
"k_kish<=4 & I2_med<=50 & !entita_NCBITaxon",3,0.258064516129032,0.347826086956522,31
"k_kish<=5 & I2_med<=50 & !entita_MeSH",3,0.258064516129032,0.347826086956522,31
"frazione_efficace>=0.7 & !dominato_da_modello & !ramo_anchor",3,0.258064516129032,0.347826086956522,31
"frazione_efficace>=0.7 & !entita_NCBITaxon & !ramo_anchor",3,0.258064516129032,0.347826086956522,31
"I2_med<=50 & !entita_MeSH & controllo_veicolo",3,0.258064516129032,0.347826086956522,31
"I2_med<=60 & dominato & !ramo_anchor",3,0.258064516129032,0.347826086956522,31
"k_kish<=5 & frazione_efficace>=0.5 & controllo_veicolo",3,0.257575757575758,0.739130434782609,66
"k_effective<=5",1,0.257142857142857,0.782608695652174,70
"k_effective<=5 & k_effective<=6",2,0.257142857142857,0.782608695652174,70
"k_effective<=5 & k_effective<=8",2,0.257142857142857,0.782608695652174,70
"k_effective<=5 & k_effective<=10",2,0.257142857142857,0.782608695652174,70
"k_effective<=5 & n_studi_model<=2",2,0.257142857142857,0.782608695652174,70
"k_effective<=5 & verso_gain",2,0.257142857142857,0.782608695652174,70
"!materiale_misto & !ramo_anchor",2,0.257142857142857,0.782608695652174,70
"k_effective<=5 & k_effective<=6 & k_effective<=8",3,0.257142857142857,0.782608695652174,70
"k_effective<=5 & k_effective<=6 & k_effective<=10",3,0.257142857142857,0.782608695652174,70
"k_effective<=5 & k_effective<=6 & n_studi_model<=2",3,0.257142857142857,0.782608695652174,70
"k_effective<=5 & k_effective<=6 & verso_gain",3,0.257142857142857,0.782608695652174,70
"k_effective<=5 & k_effective<=8 & k_effective<=10",3,0.257142857142857,0.782608695652174,70
"k_effective<=5 & k_effective<=8 & n_studi_model<=2",3,0.257142857142857,0.782608695652174,70
"k_effective<=5 & k_effective<=8 & verso_gain",3,0.257142857142857,0.782608695652174,70
"k_effective<=5 & k_effective<=10 & n_studi_model<=2",3,0.257142857142857,0.782608695652174,70
"k_effective<=5 & k_effective<=10 & verso_gain",3,0.257142857142857,0.782608695652174,70
"k_effective<=5 & n_studi_model<=2 & verso_gain",3,0.257142857142857,0.782608695652174,70
"k_kish<=5 & n_studi_model<=2 & !ramo_anchor",3,0.257142857142857,0.782608695652174,70
"n_studi_model<=1 & !entita_MeSH & controllo_veicolo",3,0.257142857142857,0.782608695652174,70
"!materiale_misto & !dominato_da_modello & !ramo_anchor",3,0.257142857142857,0.782608695652174,70
"!materiale_misto & !ramo_anchor & verso_gain",3,0.257142857142857,0.782608695652174,70
"k_effective<=4 & k_kish<=4 & I2_med<=60",3,0.257142857142857,0.391304347826087,35
"k_effective<=4 & k_kish<=5 & I2_med<=60",3,0.257142857142857,0.391304347826087,35
"k_effective<=4 & I2_med<=60 & controllo_veicolo",3,0.257142857142857,0.391304347826087,35
"k_effective<=5 & k_kish<=3 & I2_med<=60",3,0.257142857142857,0.391304347826087,35
"k_effective<=5 & frazione_efficace>=0.6 & !entita_MeSH",3,0.257142857142857,0.391304347826087,35
"k_effective<=6 & k_kish<=3 & I2_med<=60",3,0.257142857142857,0.391304347826087,35
"k_kish<=3 & frazione_efficace>=0.5 & !entita_STR",3,0.257142857142857,0.391304347826087,35
"k_kish<=4 & I2_med<=60 & !ramo_anchor",3,0.257142857142857,0.391304347826087,35
"frazione_efficace>=0.5 & dominato & !ramo_anchor",3,0.257142857142857,0.391304347826087,35
"!dominato & !stessi_membri & !entita_STR",3,0.257142857142857,0.391304347826087,35
"k_effective<=6 & k_kish<=5",2,0.256756756756757,0.826086956521739,74
"k_effective<=6 & k_effective<=8 & k_kish<=5",3,0.256756756756757,0.826086956521739,74
"k_effective<=6 & k_effective<=10 & k_kish<=5",3,0.256756756756757,0.826086956521739,74
"k_effective<=6 & k_kish<=5 & n_studi_model<=2",3,0.256756756756757,0.826086956521739,74
"k_effective<=6 & k_kish<=5 & verso_gain",3,0.256756756756757,0.826086956521739,74
"n_studi_model<=1 & !dominato_da_modello & controllo_veicolo",3,0.256756756756757,0.826086956521739,74
"frazione_efficace>=0.5 & !entita_MeSH & controllo_veicolo",3,0.256756756756757,0.826086956521739,74
"k_effective<=10 & !materiale_misto",2,0.256410256410256,0.869565217391304,78
"!materiale_misto & !entita_NCBITaxon",2,0.256410256410256,0.869565217391304,78
"k_effective<=8 & !dominato_da_modello & !entita_MeSH",3,0.256410256410256,0.869565217391304,78
"k_effective<=10 & !materiale_misto & !dominato_da_modello",3,0.256410256410256,0.869565217391304,78
"k_effective<=10 & !materiale_misto & verso_gain",3,0.256410256410256,0.869565217391304,78
"frazione_efficace>=0.5 & !entita_NCBITaxon & controllo_veicolo",3,0.256410256410256,0.869565217391304,78
"!materiale_misto & !dominato_da_modello & !entita_NCBITaxon",3,0.256410256410256,0.869565217391304,78
"!materiale_misto & !entita_NCBITaxon & verso_gain",3,0.256410256410256,0.869565217391304,78
"k_effective<=5 & frazione_efficace>=0.6 & !entita_NCBITaxon",3,0.256410256410256,0.434782608695652,39
"k_effective<=5 & !materiale_misto & !stessi_membri",3,0.256410256410256,0.434782608695652,39
"k_effective<=6 & I2_med<=70 & !materiale_misto",3,0.256410256410256,0.434782608695652,39
"n_studi_model<=1 & I2_med<=70 & !ramo_anchor",3,0.256410256410256,0.434782608695652,39
"k_effective<=10 & n_studi_model<=2 & !entita_MeSH",3,0.25609756097561,0.91304347826087,82
"k_effective<=8 & n_studi_model<=2",2,0.255813953488372,0.956521739130435,86
"k_effective<=8 & k_effective<=10 & n_studi_model<=2",3,0.255813953488372,0.956521739130435,86
"k_effective<=8 & n_studi_model<=2 & verso_gain",3,0.255813953488372,0.956521739130435,86
"k_effective<=10 & n_studi_model<=2 & !entita_NCBITaxon",3,0.255813953488372,0.956521739130435,86
"n_studi_model<=2 & !dominato_da_modello & !entita_NCBITaxon",3,0.255813953488372,0.956521739130435,86
"k_kish<=5 & I2_med<=60",2,0.255813953488372,0.478260869565217,43
"I2_med<=60 & controllo_veicolo",2,0.255813953488372,0.478260869565217,43
"k_effective<=6 & n_studi_model<=1 & I2_med<=70",3,0.255813953488372,0.478260869565217,43
"k_kish<=5 & I2_med<=60 & I2_med<=70",3,0.255813953488372,0.478260869565217,43
"k_kish<=5 & I2_med<=60 & verso_gain",3,0.255813953488372,0.478260869565217,43
"frazione_efficace>=0.6 & !stessi_membri & !ramo_anchor",3,0.255813953488372,0.478260869565217,43
"I2_med<=60 & I2_med<=70 & controllo_veicolo",3,0.255813953488372,0.478260869565217,43
"I2_med<=60 & controllo_veicolo & verso_gain",3,0.255813953488372,0.478260869565217,43
"frazione_efficace>=0.6 & !entita_STR",2,0.25531914893617,0.521739130434783,47
"k_kish<=3 & frazione_efficace>=0.5 & controllo_veicolo",3,0.25531914893617,0.521739130434783,47
"n_studi_model<=1 & !entita_STR & !entita_MeSH",3,0.25531914893617,0.521739130434783,47
"frazione_efficace>=0.5 & frazione_efficace>=0.6 & !entita_STR",3,0.25531914893617,0.521739130434783,47
"frazione_efficace>=0.6 & !entita_STR & controllo_veicolo",3,0.25531914893617,0.521739130434783,47
"frazione_efficace>=0.6 & !entita_STR & verso_gain",3,0.25531914893617,0.521739130434783,47
"k_effective<=4 & k_kish<=4 & !ramo_anchor",3,0.254901960784314,0.565217391304348,51
"k_effective<=4 & k_kish<=5 & !ramo_anchor",3,0.254901960784314,0.565217391304348,51
"k_effective<=4 & n_studi_model<=1 & !entita_MeSH",3,0.254901960784314,0.565217391304348,51
"k_effective<=4 & !ramo_anchor & controllo_veicolo",3,0.254901960784314,0.565217391304348,51
"k_effective<=6 & !entita_STR & !ramo_anchor",3,0.254901960784314,0.565217391304348,51
"k_effective<=8 & n_studi_model<=1 & !entita_STR",3,0.254901960784314,0.565217391304348,51
"n_studi_model<=1 & !dominato_da_modello & !entita_STR",3,0.254901960784314,0.565217391304348,51
"n_studi_model<=1 & !stessi_membri & !entita_NCBITaxon",3,0.254901960784314,0.565217391304348,51
"frazione_efficace>=0.6 & !entita_MeSH & !ramo_anchor",3,0.254901960784314,0.565217391304348,51
"k_effective<=4 & n_studi_model<=1",2,0.254545454545455,0.608695652173913,55
"k_effective<=4 & !dominato_da_modello",2,0.254545454545455,0.608695652173913,55
"k_effective<=4 & k_effective<=5 & n_studi_model<=1",3,0.254545454545455,0.608695652173913,55
"k_effective<=4 & k_effective<=5 & !dominato_da_modello",3,0.254545454545455,0.608695652173913,55
"k_effective<=4 & k_effective<=6 & n_studi_model<=1",3,0.254545454545455,0.608695652173913,55
"k_effective<=4 & k_effective<=6 & !dominato_da_modello",3,0.254545454545455,0.608695652173913,55
"k_effective<=4 & k_effective<=8 & n_studi_model<=1",3,0.254545454545455,0.608695652173913,55
"k_effective<=4 & k_effective<=8 & !dominato_da_modello",3,0.254545454545455,0.608695652173913,55
"k_effective<=4 & k_effective<=10 & n_studi_model<=1",3,0.254545454545455,0.608695652173913,55
"k_effective<=4 & k_effective<=10 & !dominato_da_modello",3,0.254545454545455,0.608695652173913,55
"k_effective<=4 & k_kish<=4 & !entita_NCBITaxon",3,0.254545454545455,0.608695652173913,55
"k_effective<=4 & k_kish<=5 & !entita_NCBITaxon",3,0.254545454545455,0.608695652173913,55
"k_effective<=4 & n_studi_model<=1 & n_studi_model<=2",3,0.254545454545455,0.608695652173913,55
"k_effective<=4 & n_studi_model<=1 & verso_gain",3,0.254545454545455,0.608695652173913,55
"k_effective<=4 & n_studi_model<=2 & !dominato_da_modello",3,0.254545454545455,0.608695652173913,55
"k_effective<=4 & !dominato_da_modello & verso_gain",3,0.254545454545455,0.608695652173913,55
"k_effective<=4 & !entita_NCBITaxon & controllo_veicolo",3,0.254545454545455,0.608695652173913,55
"k_effective<=8 & !materiale_misto & !entita_STR",3,0.254545454545455,0.608695652173913,55
"k_kish<=4 & n_studi_model<=1 & !ramo_anchor",3,0.254545454545455,0.608695652173913,55
"frazione_efficace>=0.6 & !dominato_da_modello & !entita_MeSH",3,0.254545454545455,0.608695652173913,55
"k_effective<=6 & !entita_STR",2,0.254237288135593,0.652173913043478,59
"k_effective<=6 & k_effective<=8 & !entita_STR",3,0.254237288135593,0.652173913043478,59
"k_effective<=6 & k_effective<=10 & !entita_STR",3,0.254237288135593,0.652173913043478,59
"k_effective<=6 & n_studi_model<=2 & !entita_STR",3,0.254237288135593,0.652173913043478,59
"k_effective<=6 & !entita_STR & controllo_veicolo",3,0.254237288135593,0.652173913043478,59
"k_effective<=6 & !entita_STR & verso_gain",3,0.254237288135593,0.652173913043478,59
"k_kish<=4 & frazione_efficace>=0.5 & !dominato_da_modello",3,0.254237288135593,0.652173913043478,59
"k_kish<=4 & !materiale_misto & !ramo_anchor",3,0.254237288135593,0.652173913043478,59
"frazione_efficace>=0.6 & !dominato_da_modello & controllo_veicolo",3,0.254237288135593,0.652173913043478,59
"frazione_efficace>=0.6 & !entita_NCBITaxon & controllo_veicolo",3,0.254237288135593,0.652173913043478,59
"k_effective<=5 & n_studi_model<=1",2,0.253968253968254,0.695652173913043,63
"k_kish<=4 & frazione_efficace>=0.5",2,0.253968253968254,0.695652173913043,63
"k_effective<=5 & k_effective<=6 & n_studi_model<=1",3,0.253968253968254,0.695652173913043,63
"k_effective<=5 & k_effective<=8 & n_studi_model<=1",3,0.253968253968254,0.695652173913043,63
"k_effective<=5 & k_effective<=10 & n_studi_model<=1",3,0.253968253968254,0.695652173913043,63
"k_effective<=5 & k_kish<=4 & !entita_MeSH",3,0.253968253968254,0.695652173913043,63
"k_effective<=5 & k_kish<=5 & !entita_MeSH",3,0.253968253968254,0.695652173913043,63
"k_effective<=5 & n_studi_model<=1 & n_studi_model<=2",3,0.253968253968254,0.695652173913043,63
"k_effective<=5 & n_studi_model<=1 & verso_gain",3,0.253968253968254,0.695652173913043,63
"k_effective<=5 & !entita_MeSH & controllo_veicolo",3,0.253968253968254,0.695652173913043,63
"k_effective<=10 & k_kish<=4 & frazione_efficace>=0.5",3,0.253968253968254,0.695652173913043,63
"k_kish<=4 & k_kish<=5 & frazione_efficace>=0.5",3,0.253968253968254,0.695652173913043,63
"k_kish<=4 & frazione_efficace>=0.5 & verso_gain",3,0.253968253968254,0.695652173913043,63
"k_kish<=5 & n_studi_model<=1 & !entita_MeSH",3,0.253968253968254,0.695652173913043,63
"k_kish<=5 & n_studi_model<=1 & !dominato_da_modello",3,0.253731343283582,0.739130434782609,67
"k_kish<=5 & n_studi_model<=1 & !entita_NCBITaxon",3,0.253731343283582,0.739130434782609,67
"frazione_efficace>=0.5 & !ramo_anchor & controllo_veicolo",3,0.253521126760563,0.782608695652174,71
"k_effective<=10 & n_studi_model<=1 & controllo_veicolo",3,0.253333333333333,0.826086956521739,75
"k_effective<=10 & !dominato_da_modello & !ramo_anchor",3,0.253333333333333,0.826086956521739,75
"n_studi_model<=2 & !materiale_misto & controllo_veicolo",3,0.253333333333333,0.826086956521739,75
"n_studi_model<=1",1,0.253164556962025,0.869565217391304,79
"k_effective<=10 & !ramo_anchor",2,0.253164556962025,0.869565217391304,79
"n_studi_model<=1 & n_studi_model<=2",2,0.253164556962025,0.869565217391304,79
"n_studi_model<=1 & verso_gain",2,0.253164556962025,0.869565217391304,79
"k_effective<=10 & !ramo_anchor & verso_gain",3,0.253164556962025,0.869565217391304,79
"n_studi_model<=1 & n_studi_model<=2 & verso_gain",3,0.253164556962025,0.869565217391304,79
"n_studi_model<=2 & !ramo_anchor & controllo_veicolo",3,0.253164556962025,0.869565217391304,79
"!dominato_da_modello & !entita_NCBITaxon & !ramo_anchor",3,0.253164556962025,0.869565217391304,79
"!entita_NCBITaxon & !ramo_anchor",2,0.253012048192771,0.91304347826087,83
"k_effective<=8 & !entita_NCBITaxon & controllo_veicolo",3,0.253012048192771,0.91304347826087,83
"!entita_NCBITaxon & !ramo_anchor & verso_gain",3,0.253012048192771,0.91304347826087,83
"n_studi_model<=2 & !entita_MeSH",2,0.252873563218391,0.956521739130435,87
"n_studi_model<=2 & !entita_MeSH & verso_gain",3,0.252873563218391,0.956521739130435,87
"n_studi_model<=2 & !entita_NCBITaxon",2,0.252747252747253,1,91
"n_studi_model<=2 & !entita_NCBITaxon & verso_gain",3,0.252747252747253,1,91
"frazione_efficace>=0.5",1,0.25,0.91304347826087,84
"k_effective<=8 & !dominato_da_modello",2,0.25,0.91304347826087,84
"frazione_efficace>=0.5 & verso_gain",2,0.25,0.91304347826087,84
"!entita_MeSH & !ramo_anchor",2,0.25,0.91304347826087,84
"k_effective<=8 & k_effective<=10 & !dominato_da_modello",3,0.25,0.91304347826087,84
"k_effective<=8 & !dominato_da_modello & verso_gain",3,0.25,0.91304347826087,84
"n_studi_model<=2 & !dominato_da_modello & !entita_MeSH",3,0.25,0.91304347826087,84
"!entita_MeSH & !ramo_anchor & verso_gain",3,0.25,0.91304347826087,84
"frazione_efficace>=0.5 & !dominato_da_modello",2,0.25,0.869565217391304,80
"k_effective<=8 & !entita_MeSH & controllo_veicolo",3,0.25,0.869565217391304,80
"frazione_efficace>=0.5 & !dominato_da_modello & verso_gain",3,0.25,0.869565217391304,80
"!materiale_misto & !entita_MeSH",2,0.25,0.826086956521739,76
"!materiale_misto & !dominato_da_modello & !entita_MeSH",3,0.25,0.826086956521739,76
"!materiale_misto & !entita_MeSH & verso_gain",3,0.25,0.826086956521739,76
"k_effective<=6 & k_kish<=4 & !entita_NCBITaxon",3,0.25,0.739130434782609,68
"k_effective<=8 & k_kish<=5 & n_studi_model<=1",3,0.25,0.739130434782609,68
"k_effective<=8 & k_kish<=5 & !materiale_misto",3,0.25,0.739130434782609,68
"k_effective<=5 & k_kish<=4 & !dominato_da_modello",3,0.25,0.695652173913043,64
"k_effective<=5 & k_kish<=5 & !dominato_da_modello",3,0.25,0.695652173913043,64
"k_effective<=5 & !dominato_da_modello & controllo_veicolo",3,0.25,0.695652173913043,64
"k_kish<=4 & !entita_MeSH & !ramo_anchor",3,0.25,0.695652173913043,64
"k_effective<=4",1,0.25,0.652173913043478,60
"k_effective<=4 & k_effective<=5",2,0.25,0.652173913043478,60
"k_effective<=4 & k_effective<=6",2,0.25,0.652173913043478,60
"k_effective<=4 & k_effective<=8",2,0.25,0.652173913043478,60
"k_effective<=4 & k_effective<=10",2,0.25,0.652173913043478,60
"k_effective<=4 & n_studi_model<=2",2,0.25,0.652173913043478,60
"k_effective<=4 & verso_gain",2,0.25,0.652173913043478,60
"frazione_efficace>=0.6 & !dominato_da_modello",2,0.25,0.652173913043478,60
"frazione_efficace>=0.6 & !entita_NCBITaxon",2,0.25,0.652173913043478,60
"k_effective<=4 & k_effective<=5 & k_effective<=6",3,0.25,0.652173913043478,60
"k_effective<=4 & k_effective<=5 & k_effective<=8",3,0.25,0.652173913043478,60
"k_effective<=4 & k_effective<=5 & k_effective<=10",3,0.25,0.652173913043478,60
"k_effective<=4 & k_effective<=5 & n_studi_model<=2",3,0.25,0.652173913043478,60
"k_effective<=4 & k_effective<=5 & verso_gain",3,0.25,0.652173913043478,60
"k_effective<=4 & k_effective<=6 & k_effective<=8",3,0.25,0.652173913043478,60
"k_effective<=4 & k_effective<=6 & k_effective<=10",3,0.25,0.652173913043478,60
"k_effective<=4 & k_effective<=6 & n_studi_model<=2",3,0.25,0.652173913043478,60
"k_effective<=4 & k_effective<=6 & verso_gain",3,0.25,0.652173913043478,60
"k_effective<=4 & k_effective<=8 & k_effective<=10",3,0.25,0.652173913043478,60
"k_effective<=4 & k_effective<=8 & n_studi_model<=2",3,0.25,0.652173913043478,60
"k_effective<=4 & k_effective<=8 & verso_gain",3,0.25,0.652173913043478,60
"k_effective<=4 & k_effective<=10 & n_studi_model<=2",3,0.25,0.652173913043478,60
"k_effective<=4 & k_effective<=10 & verso_gain",3,0.25,0.652173913043478,60
"k_effective<=4 & n_studi_model<=2 & verso_gain",3,0.25,0.652173913043478,60
"k_effective<=8 & !entita_STR & !entita_NCBITaxon",3,0.25,0.652173913043478,60
"frazione_efficace>=0.5 & frazione_efficace>=0.6 & !dominato_da_modello",3,0.25,0.652173913043478,60
"frazione_efficace>=0.5 & frazione_efficace>=0.6 & !entita_NCBITaxon",3,0.25,0.652173913043478,60
"frazione_efficace>=0.5 & !entita_STR & !entita_NCBITaxon",3,0.25,0.652173913043478,60
"frazione_efficace>=0.6 & !dominato_da_modello & verso_gain",3,0.25,0.652173913043478,60
"frazione_efficace>=0.6 & !entita_NCBITaxon & verso_gain",3,0.25,0.652173913043478,60
"k_effective<=4 & !entita_MeSH",2,0.25,0.608695652173913,56
"k_effective<=4 & k_effective<=5 & !entita_MeSH",3,0.25,0.608695652173913,56
"k_effective<=4 & k_effective<=6 & !entita_MeSH",3,0.25,0.608695652173913,56
"k_effective<=4 & k_effective<=8 & !entita_MeSH",3,0.25,0.608695652173913,56
"k_effective<=4 & k_effective<=10 & !entita_MeSH",3,0.25,0.608695652173913,56
"k_effective<=4 & n_studi_model<=2 & !entita_MeSH",3,0.25,0.608695652173913,56
"k_effective<=4 & !entita_MeSH & verso_gain",3,0.25,0.608695652173913,56
"frazione_efficace>=0.5 & !entita_STR & !entita_MeSH",3,0.25,0.608695652173913,56
"frazione_efficace>=0.6 & !entita_MeSH & controllo_veicolo",3,0.25,0.608695652173913,56
"k_effective<=10 & n_studi_model<=1 & !stessi_membri",3,0.25,0.565217391304348,52
"k_kish<=3 & !entita_NCBITaxon & !ramo_anchor",3,0.25,0.565217391304348,52
"n_studi_model<=2 & !materiale_misto & !stessi_membri",3,0.25,0.565217391304348,52
"k_effective<=6 & I2_med<=70 & !entita_NCBITaxon",3,0.25,0.521739130434783,48
"k_kish<=3 & n_studi_model<=1 & !ramo_anchor",3,0.25,0.521739130434783,48
"k_kish<=3 & !materiale_misto & !ramo_anchor",3,0.25,0.521739130434783,48
"k_effective<=8 & n_studi_model<=1 & I2_med<=70",3,0.25,0.478260869565217,44
"n_studi_model<=1 & I2_med<=70 & !entita_NCBITaxon",3,0.25,0.478260869565217,44
"n_studi_model<=1 & !stessi_membri & !ramo_anchor",3,0.25,0.478260869565217,44
"k_effective<=5 & frazione_efficace>=0.6",2,0.25,0.434782608695652,40
"k_effective<=5 & k_effective<=6 & frazione_efficace>=0.6",3,0.25,0.434782608695652,40
"k_effective<=5 & k_effective<=8 & frazione_efficace>=0.6",3,0.25,0.434782608695652,40
"k_effective<=5 & k_effective<=10 & frazione_efficace>=0.6",3,0.25,0.434782608695652,40
"k_effective<=5 & k_kish<=4 & frazione_efficace>=0.6",3,0.25,0.434782608695652,40
"k_effective<=5 & k_kish<=5 & frazione_efficace>=0.6",3,0.25,0.434782608695652,40
"k_effective<=5 & n_studi_model<=2 & frazione_efficace>=0.6",3,0.25,0.434782608695652,40
"k_effective<=5 & frazione_efficace>=0.5 & frazione_efficace>=0.6",3,0.25,0.434782608695652,40
"k_effective<=5 & frazione_efficace>=0.6 & controllo_veicolo",3,0.25,0.434782608695652,40
"k_effective<=5 & frazione_efficace>=0.6 & verso_gain",3,0.25,0.434782608695652,40
"k_effective<=8 & k_kish<=4 & I2_med<=60",3,0.25,0.434782608695652,40
"k_kish<=4 & n_studi_model<=2 & I2_med<=60",3,0.25,0.434782608695652,40
"k_kish<=4 & frazione_efficace>=0.6 & !dominato_da_modello",3,0.25,0.434782608695652,40
"k_kish<=4 & I2_med<=60 & !entita_NCBITaxon",3,0.25,0.434782608695652,40
"I2_med<=70 & !materiale_misto & !entita_NCBITaxon",3,0.25,0.434782608695652,40
"k_effective<=5 & frazione_efficace>=0.6 & !ramo_anchor",3,0.25,0.391304347826087,36
"k_kish<=3 & n_studi_model<=2 & I2_med<=60",3,0.25,0.391304347826087,36
"k_kish<=3 & I2_med<=60 & !entita_NCBITaxon",3,0.25,0.391304347826087,36
"k_kish<=4 & n_studi_model<=1 & I2_med<=60",3,0.25,0.391304347826087,36
"k_kish<=4 & frazione_efficace>=0.5 & I2_med<=70",3,0.25,0.391304347826087,36
"k_kish<=4 & I2_med<=60 & !dominato_da_modello",3,0.25,0.391304347826087,36
"k_kish<=4 & I2_med<=60 & !entita_MeSH",3,0.25,0.391304347826087,36
"frazione_efficace>=0.5 & I2_med<=70 & controllo_veicolo",3,0.25,0.391304347826087,36
"k_kish<=4 & I2_med<=50",2,0.25,0.347826086956522,32
"k_effective<=4 & k_kish<=2 & n_studi_model<=1",3,0.25,0.347826086956522,32
"k_effective<=4 & k_kish<=2 & !dominato_da_modello",3,0.25,0.347826086956522,32
"k_effective<=4 & frazione_efficace>=0.5 & I2_med<=70",3,0.25,0.347826086956522,32
"k_effective<=4 & I2_med<=60 & dominato",3,0.25,0.347826086956522,32
"k_effective<=5 & k_kish<=2 & !ramo_anchor",3,0.25,0.347826086956522,32
"k_effective<=6 & k_kish<=2 & !ramo_anchor",3,0.25,0.347826086956522,32
"k_effective<=10 & k_kish<=4 & I2_med<=50",3,0.25,0.347826086956522,32
"k_kish<=2 & n_studi_model<=1 & !dominato_da_modello",3,0.25,0.347826086956522,32
"k_kish<=2 & n_studi_model<=2 & !ramo_anchor",3,0.25,0.347826086956522,32
"k_kish<=2 & !dominato_da_modello & !ramo_anchor",3,0.25,0.347826086956522,32
"k_kish<=3 & n_studi_model<=1 & I2_med<=60",3,0.25,0.347826086956522,32
"k_kish<=3 & I2_med<=60 & !dominato_da_modello",3,0.25,0.347826086956522,32
"k_kish<=3 & I2_med<=60 & !ramo_anchor",3,0.25,0.347826086956522,32
"k_kish<=4 & k_kish<=5 & I2_med<=50",3,0.25,0.347826086956522,32
"k_kish<=4 & frazione_efficace>=0.6 & !entita_STR",3,0.25,0.347826086956522,32
"k_kish<=4 & I2_med<=50 & I2_med<=60",3,0.25,0.347826086956522,32
"k_kish<=4 & I2_med<=50 & I2_med<=70",3,0.25,0.347826086956522,32
"k_kish<=4 & I2_med<=50 & verso_gain",3,0.25,0.347826086956522,32
"k_kish<=4 & n_studi_model<=0",2,0.25,0.304347826086957,28
"k_effective<=3 & frazione_efficace>=0.5 & dominato",3,0.25,0.304347826086957,28
"k_effective<=3 & I2_med<=70 & !entita_NCBITaxon",3,0.25,0.304347826086957,28
"k_effective<=5 & k_kish<=3 & I2_med<=50",3,0.25,0.304347826086957,28
"k_effective<=6 & k_kish<=3 & I2_med<=50",3,0.25,0.304347826086957,28
"k_effective<=10 & k_kish<=4 & n_studi_model<=0",3,0.25,0.304347826086957,28
"k_kish<=2 & n_studi_model<=1 & I2_med<=70",3,0.25,0.304347826086957,28
"k_kish<=4 & k_kish<=5 & n_studi_model<=0",3,0.25,0.304347826086957,28
"k_kish<=4 & n_studi_model<=0 & n_studi_model<=1",3,0.25,0.304347826086957,28
"k_kish<=4 & n_studi_model<=0 & n_studi_model<=2",3,0.25,0.304347826086957,28
"k_kish<=4 & n_studi_model<=0 & !materiale_misto",3,0.25,0.304347826086957,28
"k_kish<=4 & n_studi_model<=0 & !dominato_da_modello",3,0.25,0.304347826086957,28
"k_kish<=4 & n_studi_model<=0 & verso_gain",3,0.25,0.304347826086957,28
"k_kish<=4 & I2_med<=50 & !ramo_anchor",3,0.25,0.304347826086957,28
"k_kish<=5 & n_studi_model<=0 & controllo_veicolo",3,0.25,0.304347826086957,28
"frazione_efficace>=0.5 & I2_med<=70 & dominato",3,0.25,0.304347826086957,28
"frazione_efficace>=0.7 & !entita_STR & !ramo_anchor",3,0.25,0.304347826086957,28
"entita_STR & controllo_veicolo",2,0.25,0.260869565217391,24
"k_effective<=6 & I2_med<=60 & !stessi_membri",3,0.25,0.260869565217391,24
"n_studi_model<=2 & entita_STR & controllo_veicolo",3,0.25,0.260869565217391,24
"!dominato_da_modello & stessi_membri & controllo_veicolo",3,0.25,0.260869565217391,24
"!dominato_da_modello & entita_STR & controllo_veicolo",3,0.25,0.260869565217391,24
"entita_STR & !entita_MeSH & controllo_veicolo",3,0.25,0.260869565217391,24
"entita_STR & !entita_NCBITaxon & controllo_veicolo",3,0.25,0.260869565217391,24
"entita_STR & controllo_veicolo & verso_gain",3,0.25,0.260869565217391,24
"k_effective<=3 & I2_med<=50",2,0.25,0.217391304347826,20
"n_studi_model<=0 & frazione_efficace>=0.6",2,0.25,0.217391304347826,20
"n_studi_model<=0 & dominato",2,0.25,0.217391304347826,20
"k_effective<=3 & k_effective<=4 & I2_med<=50",3,0.25,0.217391304347826,20
"k_effective<=3 & k_effective<=5 & I2_med<=50",3,0.25,0.217391304347826,20
"k_effective<=3 & k_effective<=6 & I2_med<=50",3,0.25,0.217391304347826,20
"k_effective<=3 & k_effective<=8 & I2_med<=50",3,0.25,0.217391304347826,20
"k_effective<=3 & k_effective<=10 & I2_med<=50",3,0.25,0.217391304347826,20
"k_effective<=3 & k_kish<=3 & I2_med<=50",3,0.25,0.217391304347826,20
"k_effective<=3 & k_kish<=4 & I2_med<=50",3,0.25,0.217391304347826,20
"k_effective<=3 & k_kish<=5 & I2_med<=50",3,0.25,0.217391304347826,20
"k_effective<=3 & n_studi_model<=2 & I2_med<=50",3,0.25,0.217391304347826,20
"k_effective<=3 & I2_med<=50 & I2_med<=60",3,0.25,0.217391304347826,20
"k_effective<=3 & I2_med<=50 & I2_med<=70",3,0.25,0.217391304347826,20
"k_effective<=3 & I2_med<=50 & verso_gain",3,0.25,0.217391304347826,20
"k_effective<=4 & I2_med<=50 & !entita_STR",3,0.25,0.217391304347826,20
"k_effective<=5 & k_kish<=2 & I2_med<=50",3,0.25,0.217391304347826,20
"k_effective<=5 & n_studi_model<=0 & dominato",3,0.25,0.217391304347826,20
"k_effective<=5 & I2_med<=50 & !entita_STR",3,0.25,0.217391304347826,20
"k_effective<=6 & k_kish<=2 & I2_med<=50",3,0.25,0.217391304347826,20
"k_effective<=6 & n_studi_model<=0 & dominato",3,0.25,0.217391304347826,20
"k_effective<=6 & I2_med<=50 & !entita_STR",3,0.25,0.217391304347826,20
"k_effective<=8 & n_studi_model<=0 & frazione_efficace>=0.6",3,0.25,0.217391304347826,20
"k_effective<=8 & n_studi_model<=0 & dominato",3,0.25,0.217391304347826,20
"k_effective<=10 & n_studi_model<=0 & frazione_efficace>=0.6",3,0.25,0.217391304347826,20
"k_effective<=10 & n_studi_model<=0 & dominato",3,0.25,0.217391304347826,20
"k_kish<=2 & n_studi_model<=2 & I2_med<=50",3,0.25,0.217391304347826,20
"k_kish<=2 & I2_med<=50 & !entita_MeSH",3,0.25,0.217391304347826,20
"k_kish<=2 & I2_med<=50 & !entita_NCBITaxon",3,0.25,0.217391304347826,20
"k_kish<=2 & I2_med<=50 & !ramo_anchor",3,0.25,0.217391304347826,20
"k_kish<=3 & n_studi_model<=0 & dominato",3,0.25,0.217391304347826,20
"k_kish<=4 & n_studi_model<=0 & dominato",3,0.25,0.217391304347826,20
"k_kish<=5 & n_studi_model<=0 & dominato",3,0.25,0.217391304347826,20
"n_studi_model<=0 & n_studi_model<=1 & frazione_efficace>=0.6",3,0.25,0.217391304347826,20
"n_studi_model<=0 & n_studi_model<=1 & dominato",3,0.25,0.217391304347826,20
"n_studi_model<=0 & n_studi_model<=2 & frazione_efficace>=0.6",3,0.25,0.217391304347826,20
"n_studi_model<=0 & n_studi_model<=2 & dominato",3,0.25,0.217391304347826,20
"n_studi_model<=0 & frazione_efficace>=0.5 & frazione_efficace>=0.6",3,0.25,0.217391304347826,20
"n_studi_model<=0 & frazione_efficace>=0.6 & !materiale_misto",3,0.25,0.217391304347826,20
"n_studi_model<=0 & frazione_efficace>=0.6 & !dominato_da_modello",3,0.25,0.217391304347826,20
"n_studi_model<=0 & frazione_efficace>=0.6 & !entita_NCBITaxon",3,0.25,0.217391304347826,20
"n_studi_model<=0 & frazione_efficace>=0.6 & controllo_veicolo",3,0.25,0.217391304347826,20
"n_studi_model<=0 & frazione_efficace>=0.6 & verso_gain",3,0.25,0.217391304347826,20
"n_studi_model<=0 & dominato & !materiale_misto",3,0.25,0.217391304347826,20
"n_studi_model<=0 & dominato & !dominato_da_modello",3,0.25,0.217391304347826,20
"n_studi_model<=0 & dominato & !entita_MeSH",3,0.25,0.217391304347826,20
"n_studi_model<=0 & dominato & verso_gain",3,0.25,0.217391304347826,20
"n_studi_model<=1 & dominato & stessi_membri",3,0.25,0.217391304347826,20
"frazione_efficace>=0.5 & I2_med<=60 & !entita_STR",3,0.25,0.217391304347826,20
"I2_med<=50 & dominato & !materiale_misto",3,0.25,0.217391304347826,20
"dominato & !dominato_da_modello & stessi_membri",3,0.25,0.217391304347826,20
"k_effective<=5 & stessi_membri & !entita_STR",3,0.25,0.173913043478261,16
"k_kish<=3 & n_studi_model<=1 & entita_STR",3,0.25,0.173913043478261,16
"n_studi_model<=0 & frazione_efficace>=0.6 & !entita_MeSH",3,0.25,0.173913043478261,16
"n_studi_model<=1 & dominato & entita_STR",3,0.25,0.173913043478261,16
"stessi_membri & !entita_STR & !entita_NCBITaxon",3,0.25,0.173913043478261,16
"k_kish<=2 & frazione_efficace>=0.5 & !entita_STR",3,0.25,0.130434782608696,12
"k_kish<=2 & entita_STR & controllo_veicolo",3,0.25,0.130434782608696,12
"n_studi_model<=0 & dominato & !stessi_membri",3,0.25,0.130434782608696,12
"I2_med<=70 & stessi_membri & !entita_STR",3,0.25,0.130434782608696,12
"k_effective<=8",1,0.247191011235955,0.956521739130435,89
"k_effective<=8 & k_effective<=10",2,0.247191011235955,0.956521739130435,89
"k_effective<=8 & verso_gain",2,0.247191011235955,0.956521739130435,89
"k_effective<=8 & k_effective<=10 & verso_gain",3,0.247191011235955,0.956521739130435,89
"k_effective<=8 & n_studi_model<=2 & controllo_veicolo",3,0.247058823529412,0.91304347826087,85
"k_effective<=10 & !dominato_da_modello & !entita_NCBITaxon",3,0.247058823529412,0.91304347826087,85
"!dominato_da_modello & !entita_MeSH & !ramo_anchor",3,0.246913580246914,0.869565217391304,81
"k_effective<=10 & !materiale_misto & controllo_veicolo",3,0.246753246753247,0.826086956521739,77
"!materiale_misto & !entita_NCBITaxon & controllo_veicolo",3,0.246753246753247,0.826086956521739,77
"k_kish<=5 & !ramo_anchor",2,0.246575342465753,0.782608695652174,73
"k_effective<=6 & k_kish<=5 & controllo_veicolo",3,0.246575342465753,0.782608695652174,73
"k_effective<=10 & k_kish<=5 & !ramo_anchor",3,0.246575342465753,0.782608695652174,73
"k_kish<=5 & !ramo_anchor & verso_gain",3,0.246575342465753,0.782608695652174,73
"k_effective<=5 & k_kish<=4",2,0.246376811594203,0.739130434782609,69
"k_effective<=5 & k_kish<=5",2,0.246376811594203,0.739130434782609,69
"k_effective<=5 & controllo_veicolo",2,0.246376811594203,0.739130434782609,69
"k_effective<=5 & k_effective<=6 & k_kish<=4",3,0.246376811594203,0.739130434782609,69
"k_effective<=5 & k_effective<=6 & k_kish<=5",3,0.246376811594203,0.739130434782609,69
"k_effective<=5 & k_effective<=6 & controllo_veicolo",3,0.246376811594203,0.739130434782609,69
"k_effective<=5 & k_effective<=8 & k_kish<=4",3,0.246376811594203,0.739130434782609,69
"k_effective<=5 & k_effective<=8 & k_kish<=5",3,0.246376811594203,0.739130434782609,69
"k_effective<=5 & k_effective<=8 & controllo_veicolo",3,0.246376811594203,0.739130434782609,69
"k_effective<=5 & k_effective<=10 & k_kish<=4",3,0.246376811594203,0.739130434782609,69
"k_effective<=5 & k_effective<=10 & k_kish<=5",3,0.246376811594203,0.739130434782609,69
"k_effective<=5 & k_effective<=10 & controllo_veicolo",3,0.246376811594203,0.739130434782609,69
"k_effective<=5 & k_kish<=4 & k_kish<=5",3,0.246376811594203,0.739130434782609,69
"k_effective<=5 & k_kish<=4 & n_studi_model<=2",3,0.246376811594203,0.739130434782609,69
"k_effective<=5 & k_kish<=4 & verso_gain",3,0.246376811594203,0.739130434782609,69
"k_effective<=5 & k_kish<=5 & n_studi_model<=2",3,0.246376811594203,0.739130434782609,69
"k_effective<=5 & k_kish<=5 & verso_gain",3,0.246376811594203,0.739130434782609,69
"k_effective<=5 & n_studi_model<=2 & controllo_veicolo",3,0.246376811594203,0.739130434782609,69
"k_effective<=5 & controllo_veicolo & verso_gain",3,0.246376811594203,0.739130434782609,69
"k_kish<=5 & !materiale_misto & !entita_NCBITaxon",3,0.246376811594203,0.739130434782609,69
"k_kish<=5 & !dominato_da_modello & !ramo_anchor",3,0.246376811594203,0.739130434782609,69
"!materiale_misto & !ramo_anchor & controllo_veicolo",3,0.246376811594203,0.739130434782609,69
"k_effective<=6 & k_kish<=4 & !entita_MeSH",3,0.246153846153846,0.695652173913043,65
"k_effective<=8 & k_kish<=4 & !materiale_misto",3,0.246153846153846,0.695652173913043,65
"k_kish<=4 & !materiale_misto & !entita_NCBITaxon",3,0.246153846153846,0.695652173913043,65
"k_kish<=4 & !entita_NCBITaxon & !ramo_anchor",3,0.246153846153846,0.695652173913043,65
"frazione_efficace>=0.6 & !entita_MeSH",2,0.245614035087719,0.608695652173913,57
"k_effective<=8 & !stessi_membri & !entita_NCBITaxon",3,0.245614035087719,0.608695652173913,57
"k_effective<=8 & !entita_STR & !entita_MeSH",3,0.245614035087719,0.608695652173913,57
"frazione_efficace>=0.5 & frazione_efficace>=0.6 & !entita_MeSH",3,0.245614035087719,0.608695652173913,57
"frazione_efficace>=0.5 & !stessi_membri & !entita_NCBITaxon",3,0.245614035087719,0.608695652173913,57
"frazione_efficace>=0.6 & !entita_MeSH & verso_gain",3,0.245614035087719,0.608695652173913,57
"k_effective<=4 & k_kish<=3 & n_studi_model<=1",3,0.245283018867925,0.565217391304348,53
"k_effective<=4 & k_kish<=3 & !dominato_da_modello",3,0.245283018867925,0.565217391304348,53
"k_effective<=4 & !dominato_da_modello & !entita_MeSH",3,0.245283018867925,0.565217391304348,53
"k_effective<=5 & k_kish<=3 & !materiale_misto",3,0.245283018867925,0.565217391304348,53
"k_effective<=6 & k_kish<=3 & !materiale_misto",3,0.245283018867925,0.565217391304348,53
"k_effective<=10 & n_studi_model<=1 & !entita_STR",3,0.245283018867925,0.565217391304348,53
"k_kish<=3 & !materiale_misto & !entita_NCBITaxon",3,0.245283018867925,0.565217391304348,53
"n_studi_model<=1 & !dominato_da_modello & !stessi_membri",3,0.245283018867925,0.565217391304348,53
"frazione_efficace>=0.6 & !dominato_da_modello & !ramo_anchor",3,0.245283018867925,0.565217391304348,53
"frazione_efficace>=0.6 & !entita_NCBITaxon & !ramo_anchor",3,0.245283018867925,0.565217391304348,53
"k_effective<=5 & !entita_STR & !entita_NCBITaxon",3,0.244897959183673,0.521739130434783,49
"k_effective<=6 & k_kish<=5 & !stessi_membri",3,0.244897959183673,0.521739130434783,49
"n_studi_model<=1 & !stessi_membri & !entita_MeSH",3,0.244897959183673,0.521739130434783,49
"k_effective<=10 & !entita_NCBITaxon",2,0.244444444444444,0.956521739130435,90
"k_effective<=10 & !entita_NCBITaxon & verso_gain",3,0.244444444444444,0.956521739130435,90
"n_studi_model<=2 & !entita_NCBITaxon & controllo_veicolo",3,0.244444444444444,0.956521739130435,90
"k_effective<=5 & I2_med<=70 & !entita_NCBITaxon",3,0.244444444444444,0.478260869565217,45
"k_effective<=6 & I2_med<=70 & !dominato_da_modello",3,0.244444444444444,0.478260869565217,45
"k_effective<=6 & I2_med<=70 & !entita_MeSH",3,0.244444444444444,0.478260869565217,45
"k_effective<=6 & I2_med<=70 & !ramo_anchor",3,0.244444444444444,0.478260869565217,45
"k_effective<=10 & n_studi_model<=1 & I2_med<=70",3,0.244444444444444,0.478260869565217,45
"k_kish<=5 & frazione_efficace>=0.5 & !stessi_membri",3,0.244444444444444,0.478260869565217,45
"I2_med<=70 & !entita_MeSH & !ramo_anchor",3,0.244444444444444,0.478260869565217,45
"I2_med<=70 & !entita_NCBITaxon & !ramo_anchor",3,0.244444444444444,0.478260869565217,45
"k_effective<=10 & !entita_MeSH",2,0.244186046511628,0.91304347826087,86
"k_effective<=10 & n_studi_model<=2 & !dominato_da_modello",3,0.244186046511628,0.91304347826087,86
"k_effective<=10 & !entita_MeSH & verso_gain",3,0.244186046511628,0.91304347826087,86
"n_studi_model<=2 & !entita_MeSH & controllo_veicolo",3,0.244186046511628,0.91304347826087,86
"!materiale_misto",1,0.24390243902439,0.869565217391304,82
"frazione_efficace>=0.5 & controllo_veicolo",2,0.24390243902439,0.869565217391304,82
"!materiale_misto & !dominato_da_modello",2,0.24390243902439,0.869565217391304,82
"!materiale_misto & verso_gain",2,0.24390243902439,0.869565217391304,82
"frazione_efficace>=0.5 & controllo_veicolo & verso_gain",3,0.24390243902439,0.869565217391304,82
"!materiale_misto & !dominato_da_modello & verso_gain",3,0.24390243902439,0.869565217391304,82
"!entita_NCBITaxon & !ramo_anchor & controllo_veicolo",3,0.24390243902439,0.869565217391304,82
"k_kish<=4 & I2_med<=60",2,0.24390243902439,0.434782608695652,41
"k_effective<=4 & I2_med<=70 & !entita_NCBITaxon",3,0.24390243902439,0.434782608695652,41
"k_effective<=5 & n_studi_model<=1 & I2_med<=70",3,0.24390243902439,0.434782608695652,41
"k_effective<=6 & k_kish<=4 & frazione_efficace>=0.6",3,0.24390243902439,0.434782608695652,41
"k_effective<=8 & I2_med<=70 & !materiale_misto",3,0.24390243902439,0.434782608695652,41
"k_effective<=10 & k_kish<=4 & I2_med<=60",3,0.24390243902439,0.434782608695652,41
"k_kish<=4 & k_kish<=5 & I2_med<=60",3,0.24390243902439,0.434782608695652,41
"k_kish<=4 & I2_med<=60 & I2_med<=70",3,0.24390243902439,0.434782608695652,41
"k_kish<=4 & I2_med<=60 & verso_gain",3,0.24390243902439,0.434782608695652,41
"n_studi_model<=1 & I2_med<=70 & !entita_MeSH",3,0.24390243902439,0.434782608695652,41
"n_studi_model<=2 & I2_med<=70 & !materiale_misto",3,0.24390243902439,0.434782608695652,41
"n_studi_model<=1 & controllo_veicolo",2,0.243589743589744,0.826086956521739,78
"k_effective<=10 & !ramo_anchor & controllo_veicolo",3,0.243589743589744,0.826086956521739,78
"n_studi_model<=1 & n_studi_model<=2 & controllo_veicolo",3,0.243589743589744,0.826086956521739,78
"n_studi_model<=1 & controllo_veicolo & verso_gain",3,0.243589743589744,0.826086956521739,78
"frazione_efficace>=0.5 & !dominato_da_modello & controllo_veicolo",3,0.243589743589744,0.826086956521739,78
"k_kish<=3 & I2_med<=60",2,0.243243243243243,0.391304347826087,37
"k_effective<=5 & n_studi_model<=1 & frazione_efficace>=0.6",3,0.243243243243243,0.391304347826087,37
"k_effective<=8 & k_kish<=3 & I2_med<=60",3,0.243243243243243,0.391304347826087,37
"k_effective<=10 & k_kish<=3 & I2_med<=60",3,0.243243243243243,0.391304347826087,37
"k_kish<=3 & k_kish<=4 & I2_med<=60",3,0.243243243243243,0.391304347826087,37
"k_kish<=3 & k_kish<=5 & I2_med<=60",3,0.243243243243243,0.391304347826087,37
"k_kish<=3 & I2_med<=60 & I2_med<=70",3,0.243243243243243,0.391304347826087,37
"k_kish<=3 & I2_med<=60 & verso_gain",3,0.243243243243243,0.391304347826087,37
"k_kish<=4 & frazione_efficace>=0.6 & !entita_MeSH",3,0.243243243243243,0.391304347826087,37
"k_effective<=10 & k_kish<=5 & n_studi_model<=1",3,0.242857142857143,0.739130434782609,70
"k_kish<=5 & n_studi_model<=2 & !materiale_misto",3,0.242857142857143,0.739130434782609,70
"k_effective<=8 & k_kish<=4 & !ramo_anchor",3,0.242424242424242,0.695652173913043,66
"k_kish<=4 & n_studi_model<=2 & !materiale_misto",3,0.242424242424242,0.695652173913043,66
"k_kish<=4 & n_studi_model<=2 & !ramo_anchor",3,0.242424242424242,0.695652173913043,66
"n_studi_model<=2 & !entita_STR & !entita_NCBITaxon",3,0.242424242424242,0.695652173913043,66
"k_kish<=2 & !ramo_anchor",2,0.242424242424242,0.347826086956522,33
"frazione_efficace>=0.7 & !ramo_anchor",2,0.242424242424242,0.347826086956522,33
"k_effective<=3 & n_studi_model<=1 & dominato",3,0.242424242424242,0.347826086956522,33
"k_effective<=3 & dominato & !dominato_da_modello",3,0.242424242424242,0.347826086956522,33
"k_effective<=4 & k_kish<=2 & !entita_MeSH",3,0.242424242424242,0.347826086956522,33
"k_effective<=5 & I2_med<=60 & dominato",3,0.242424242424242,0.347826086956522,33
"k_effective<=6 & I2_med<=60 & dominato",3,0.242424242424242,0.347826086956522,33
"k_effective<=8 & k_kish<=2 & !ramo_anchor",3,0.242424242424242,0.347826086956522,33
"k_effective<=10 & k_kish<=2 & !ramo_anchor",3,0.242424242424242,0.347826086956522,33
"k_kish<=2 & k_kish<=3 & !ramo_anchor",3,0.242424242424242,0.347826086956522,33
"k_kish<=2 & k_kish<=4 & !ramo_anchor",3,0.242424242424242,0.347826086956522,33
"k_kish<=2 & k_kish<=5 & !ramo_anchor",3,0.242424242424242,0.347826086956522,33
"k_kish<=2 & n_studi_model<=1 & !entita_MeSH",3,0.242424242424242,0.347826086956522,33
"k_kish<=2 & dominato & !ramo_anchor",3,0.242424242424242,0.347826086956522,33
"k_kish<=2 & !entita_MeSH & !ramo_anchor",3,0.242424242424242,0.347826086956522,33
"k_kish<=2 & !ramo_anchor & verso_gain",3,0.242424242424242,0.347826086956522,33
"k_kish<=5 & I2_med<=50 & controllo_veicolo",3,0.242424242424242,0.347826086956522,33
"frazione_efficace>=0.5 & frazione_efficace>=0.7 & !ramo_anchor",3,0.242424242424242,0.347826086956522,33
"frazione_efficace>=0.6 & frazione_efficace>=0.7 & !ramo_anchor",3,0.242424242424242,0.347826086956522,33
"frazione_efficace>=0.7 & !ramo_anchor & controllo_veicolo",3,0.242424242424242,0.347826086956522,33
"frazione_efficace>=0.7 & !ramo_anchor & verso_gain",3,0.242424242424242,0.347826086956522,33
"I2_med<=60 & dominato & !entita_MeSH",3,0.242424242424242,0.347826086956522,33
"!dominato & !entita_STR & !ramo_anchor",3,0.242424242424242,0.347826086956522,33
"frazione_efficace>=0.6 & controllo_veicolo",2,0.241935483870968,0.652173913043478,62
"k_effective<=5 & k_kish<=4 & n_studi_model<=1",3,0.241935483870968,0.652173913043478,62
"k_effective<=5 & k_kish<=5 & n_studi_model<=1",3,0.241935483870968,0.652173913043478,62
"k_effective<=5 & n_studi_model<=1 & controllo_veicolo",3,0.241935483870968,0.652173913043478,62
"k_effective<=8 & n_studi_model<=2 & !entita_STR",3,0.241935483870968,0.652173913043478,62
"k_kish<=4 & frazione_efficace>=0.5 & controllo_veicolo",3,0.241935483870968,0.652173913043478,62
"n_studi_model<=2 & !entita_STR & !entita_MeSH",3,0.241935483870968,0.652173913043478,62
"frazione_efficace>=0.5 & frazione_efficace>=0.6 & controllo_veicolo",3,0.241935483870968,0.652173913043478,62
"frazione_efficace>=0.6 & controllo_veicolo & verso_gain",3,0.241935483870968,0.652173913043478,62
"k_effective<=10 & n_studi_model<=2",2,0.241758241758242,0.956521739130435,91
"n_studi_model<=2 & !dominato_da_modello",2,0.241758241758242,0.956521739130435,91
"k_effective<=10 & n_studi_model<=2 & verso_gain",3,0.241758241758242,0.956521739130435,91
"n_studi_model<=2 & !dominato_da_modello & verso_gain",3,0.241758241758242,0.956521739130435,91
"k_effective<=4 & k_kish<=3",2,0.241379310344828,0.608695652173913,58
"k_effective<=4 & k_effective<=5 & k_kish<=3",3,0.241379310344828,0.608695652173913,58
"k_effective<=4 & k_effective<=6 & k_kish<=3",3,0.241379310344828,0.608695652173913,58
"k_effective<=4 & k_effective<=8 & k_kish<=3",3,0.241379310344828,0.608695652173913,58
"k_effective<=4 & k_effective<=10 & k_kish<=3",3,0.241379310344828,0.608695652173913,58
"k_effective<=4 & k_kish<=3 & k_kish<=4",3,0.241379310344828,0.608695652173913,58
"k_effective<=4 & k_kish<=3 & k_kish<=5",3,0.241379310344828,0.608695652173913,58
"k_effective<=4 & k_kish<=3 & n_studi_model<=2",3,0.241379310344828,0.608695652173913,58
"k_effective<=4 & k_kish<=3 & verso_gain",3,0.241379310344828,0.608695652173913,58
"k_effective<=8 & n_studi_model<=2 & !stessi_membri",3,0.241379310344828,0.608695652173913,58
"n_studi_model<=2 & !materiale_misto & !entita_STR",3,0.241379310344828,0.608695652173913,58
"k_effective<=3 & I2_med<=70",2,0.241379310344828,0.304347826086957,29
"k_effective<=3 & k_effective<=4 & I2_med<=70",3,0.241379310344828,0.304347826086957,29
"k_effective<=3 & k_effective<=5 & I2_med<=70",3,0.241379310344828,0.304347826086957,29
"k_effective<=3 & k_effective<=6 & I2_med<=70",3,0.241379310344828,0.304347826086957,29
"k_effective<=3 & k_effective<=8 & I2_med<=70",3,0.241379310344828,0.304347826086957,29
"k_effective<=3 & k_effective<=10 & I2_med<=70",3,0.241379310344828,0.304347826086957,29
"k_effective<=3 & k_kish<=3 & I2_med<=70",3,0.241379310344828,0.304347826086957,29
"k_effective<=3 & k_kish<=4 & I2_med<=70",3,0.241379310344828,0.304347826086957,29
"k_effective<=3 & k_kish<=5 & I2_med<=70",3,0.241379310344828,0.304347826086957,29
"k_effective<=3 & n_studi_model<=2 & I2_med<=70",3,0.241379310344828,0.304347826086957,29
"k_effective<=3 & I2_med<=70 & verso_gain",3,0.241379310344828,0.304347826086957,29
"k_effective<=4 & k_kish<=2 & I2_med<=70",3,0.241379310344828,0.304347826086957,29
"k_kish<=3 & n_studi_model<=2 & I2_med<=50",3,0.241379310344828,0.304347826086957,29
"k_kish<=3 & I2_med<=50 & !entita_NCBITaxon",3,0.241379310344828,0.304347826086957,29
"k_kish<=4 & I2_med<=50 & !entita_MeSH",3,0.241379310344828,0.304347826086957,29
"k_effective<=8 & !dominato_da_modello & controllo_veicolo",3,0.240963855421687,0.869565217391304,83
"k_effective<=10 & !dominato_da_modello & !entita_MeSH",3,0.240963855421687,0.869565217391304,83
"!entita_MeSH & !ramo_anchor & controllo_veicolo",3,0.240963855421687,0.869565217391304,83
"k_effective<=4 & k_kish<=4 & n_studi_model<=1",3,0.240740740740741,0.565217391304348,54
"k_effective<=4 & k_kish<=4 & !dominato_da_modello",3,0.240740740740741,0.565217391304348,54
"k_effective<=4 & k_kish<=5 & n_studi_model<=1",3,0.240740740740741,0.565217391304348,54
"k_effective<=4 & k_kish<=5 & !dominato_da_modello",3,0.240740740740741,0.565217391304348,54
"k_effective<=4 & n_studi_model<=1 & controllo_veicolo",3,0.240740740740741,0.565217391304348,54
"k_effective<=4 & !dominato_da_modello & controllo_veicolo",3,0.240740740740741,0.565217391304348,54
"k_effective<=5 & k_kish<=3 & !ramo_anchor",3,0.240740740740741,0.565217391304348,54
"k_effective<=6 & k_kish<=3 & !ramo_anchor",3,0.240740740740741,0.565217391304348,54
"k_effective<=10 & !materiale_misto & !stessi_membri",3,0.240740740740741,0.565217391304348,54
"k_kish<=3 & n_studi_model<=2 & !ramo_anchor",3,0.240740740740741,0.565217391304348,54
"frazione_efficace>=0.5 & !stessi_membri & !entita_MeSH",3,0.240740740740741,0.565217391304348,54
"k_effective<=8 & k_kish<=5 & !entita_NCBITaxon",3,0.240506329113924,0.826086956521739,79
"k_effective<=8 & k_kish<=5 & !entita_MeSH",3,0.24,0.782608695652174,75
"!materiale_misto & !entita_MeSH & controllo_veicolo",3,0.24,0.782608695652174,75
"k_effective<=6 & I2_med<=70",2,0.24,0.521739130434783,50
"k_effective<=6 & k_effective<=8 & I2_med<=70",3,0.24,0.521739130434783,50
"k_effective<=6 & k_effective<=10 & I2_med<=70",3,0.24,0.521739130434783,50
"k_effective<=6 & n_studi_model<=2 & I2_med<=70",3,0.24,0.521739130434783,50
"k_effective<=6 & I2_med<=70 & verso_gain",3,0.24,0.521739130434783,50
"k_effective<=8 & !stessi_membri & !ramo_anchor",3,0.24,0.521739130434783,50
"k_kish<=5 & frazione_efficace>=0.5 & !entita_STR",3,0.24,0.521739130434783,50
"k_effective<=3 & I2_med<=60 & dominato",3,0.24,0.260869565217391,25
"k_effective<=3 & I2_med<=60 & controllo_veicolo",3,0.24,0.260869565217391,25
"k_effective<=3 & I2_med<=70 & !ramo_anchor",3,0.24,0.260869565217391,25
"k_effective<=8 & I2_med<=60 & !stessi_membri",3,0.24,0.260869565217391,25
"k_kish<=3 & n_studi_model<=1 & I2_med<=50",3,0.24,0.260869565217391,25
"k_kish<=3 & frazione_efficace>=0.6 & !entita_STR",3,0.24,0.260869565217391,25
"k_kish<=3 & I2_med<=50 & !dominato_da_modello",3,0.24,0.260869565217391,25
"k_kish<=4 & stessi_membri & controllo_veicolo",3,0.24,0.260869565217391,25
"k_kish<=5 & stessi_membri & controllo_veicolo",3,0.24,0.260869565217391,25
"n_studi_model<=1 & I2_med<=60 & !stessi_membri",3,0.24,0.260869565217391,25
"I2_med<=60 & !dominato_da_modello & !stessi_membri",3,0.24,0.260869565217391,25
"n_studi_model<=2",1,0.239583333333333,1,96
"n_studi_model<=2 & verso_gain",2,0.239583333333333,1,96
"k_kish<=5 & n_studi_model<=1",2,0.23943661971831,0.739130434782609,71
"k_kish<=5 & n_studi_model<=1 & n_studi_model<=2",3,0.23943661971831,0.739130434782609,71
"k_kish<=5 & n_studi_model<=1 & verso_gain",3,0.23943661971831,0.739130434782609,71
"!entita_MeSH & !entita_NCBITaxon",2,0.239130434782609,0.956521739130435,92
"!entita_MeSH & !entita_NCBITaxon & verso_gain",3,0.239130434782609,0.956521739130435,92
"n_studi_model<=1 & I2_med<=70",2,0.239130434782609,0.478260869565217,46
"k_effective<=5 & !materiale_misto & !entita_STR",3,0.239130434782609,0.478260869565217,46
"k_effective<=8 & I2_med<=70 & !ramo_anchor",3,0.239130434782609,0.478260869565217,46
"n_studi_model<=1 & n_studi_model<=2 & I2_med<=70",3,0.239130434782609,0.478260869565217,46
"n_studi_model<=1 & I2_med<=70 & verso_gain",3,0.239130434782609,0.478260869565217,46
"n_studi_model<=1 & !entita_STR & !ramo_anchor",3,0.239130434782609,0.478260869565217,46
"n_studi_model<=2 & I2_med<=70 & !ramo_anchor",3,0.239130434782609,0.478260869565217,46
"k_effective<=6 & k_kish<=4 & !dominato_da_modello",3,0.238805970149254,0.695652173913043,67
"k_kish<=5 & !materiale_misto & !entita_MeSH",3,0.238805970149254,0.695652173913043,67
"k_effective<=8 & controllo_veicolo",2,0.238636363636364,0.91304347826087,88
"k_effective<=8 & k_effective<=10 & controllo_veicolo",3,0.238636363636364,0.91304347826087,88
"k_effective<=8 & controllo_veicolo & verso_gain",3,0.238636363636364,0.91304347826087,88
"frazione_efficace>=0.6",1,0.238095238095238,0.652173913043478,63
"frazione_efficace>=0.5 & frazione_efficace>=0.6",2,0.238095238095238,0.652173913043478,63
"frazione_efficace>=0.6 & verso_gain",2,0.238095238095238,0.652173913043478,63
"k_effective<=6 & k_kish<=4 & n_studi_model<=1",3,0.238095238095238,0.652173913043478,63
"k_kish<=4 & n_studi_model<=1 & !dominato_da_modello",3,0.238095238095238,0.652173913043478,63
"k_kish<=4 & n_studi_model<=1 & !entita_NCBITaxon",3,0.238095238095238,0.652173913043478,63
"k_kish<=4 & !materiale_misto & !entita_MeSH",3,0.238095238095238,0.652173913043478,63
"frazione_efficace>=0.5 & frazione_efficace>=0.6 & verso_gain",3,0.238095238095238,0.652173913043478,63
"I2_med<=70 & !materiale_misto",2,0.238095238095238,0.434782608695652,42
"k_effective<=4 & !entita_STR & !entita_NCBITaxon",3,0.238095238095238,0.434782608695652,42
"k_effective<=5 & I2_med<=70 & !dominato_da_modello",3,0.238095238095238,0.434782608695652,42
"k_effective<=5 & !stessi_membri & !entita_NCBITaxon",3,0.238095238095238,0.434782608695652,42
"k_effective<=10 & I2_med<=70 & !materiale_misto",3,0.238095238095238,0.434782608695652,42
"k_kish<=4 & frazione_efficace>=0.6 & !entita_NCBITaxon",3,0.238095238095238,0.434782608695652,42
"k_kish<=5 & I2_med<=60 & controllo_veicolo",3,0.238095238095238,0.434782608695652,42
"n_studi_model<=1 & !stessi_membri & !entita_STR",3,0.238095238095238,0.434782608695652,42
"I2_med<=70 & !materiale_misto & !dominato_da_modello",3,0.238095238095238,0.434782608695652,42
"I2_med<=70 & !materiale_misto & verso_gain",3,0.238095238095238,0.434782608695652,42
"k_kish<=2 & I2_med<=50",2,0.238095238095238,0.217391304347826,21
"k_effective<=8 & k_kish<=2 & I2_med<=50",3,0.238095238095238,0.217391304347826,21
"k_effective<=8 & I2_med<=50 & !entita_STR",3,0.238095238095238,0.217391304347826,21
"k_effective<=10 & k_kish<=2 & I2_med<=50",3,0.238095238095238,0.217391304347826,21
"k_kish<=2 & k_kish<=3 & I2_med<=50",3,0.238095238095238,0.217391304347826,21
"k_kish<=2 & k_kish<=4 & I2_med<=50",3,0.238095238095238,0.217391304347826,21
"k_kish<=2 & k_kish<=5 & I2_med<=50",3,0.238095238095238,0.217391304347826,21
"k_kish<=2 & I2_med<=50 & I2_med<=60",3,0.238095238095238,0.217391304347826,21
"k_kish<=2 & I2_med<=50 & I2_med<=70",3,0.238095238095238,0.217391304347826,21
"k_kish<=2 & I2_med<=50 & dominato",3,0.238095238095238,0.217391304347826,21
"k_kish<=2 & I2_med<=50 & verso_gain",3,0.238095238095238,0.217391304347826,21
"k_kish<=3 & n_studi_model<=0 & !entita_MeSH",3,0.238095238095238,0.217391304347826,21
"k_kish<=3 & I2_med<=50 & !entita_STR",3,0.238095238095238,0.217391304347826,21
"k_kish<=5 & entita_STR & controllo_veicolo",3,0.238095238095238,0.217391304347826,21
"n_studi_model<=2 & I2_med<=50 & !entita_STR",3,0.238095238095238,0.217391304347826,21
"I2_med<=50 & !entita_STR & !entita_NCBITaxon",3,0.238095238095238,0.217391304347826,21
"k_effective<=8 & k_kish<=5 & n_studi_model<=2",3,0.2375,0.826086956521739,80
"k_effective<=4 & k_kish<=4",2,0.23728813559322,0.608695652173913,59
"k_effective<=4 & k_kish<=5",2,0.23728813559322,0.608695652173913,59
"k_effective<=4 & controllo_veicolo",2,0.23728813559322,0.608695652173913,59
"k_effective<=4 & k_effective<=5 & k_kish<=4",3,0.23728813559322,0.608695652173913,59
"k_effective<=4 & k_effective<=5 & k_kish<=5",3,0.23728813559322,0.608695652173913,59
"k_effective<=4 & k_effective<=5 & controllo_veicolo",3,0.23728813559322,0.608695652173913,59
"k_effective<=4 & k_effective<=6 & k_kish<=4",3,0.23728813559322,0.608695652173913,59
"k_effective<=4 & k_effective<=6 & k_kish<=5",3,0.23728813559322,0.608695652173913,59
"k_effective<=4 & k_effective<=6 & controllo_veicolo",3,0.23728813559322,0.608695652173913,59
"k_effective<=4 & k_effective<=8 & k_kish<=4",3,0.23728813559322,0.608695652173913,59
"k_effective<=4 & k_effective<=8 & k_kish<=5",3,0.23728813559322,0.608695652173913,59
"k_effective<=4 & k_effective<=8 & controllo_veicolo",3,0.23728813559322,0.608695652173913,59
"k_effective<=4 & k_effective<=10 & k_kish<=4",3,0.23728813559322,0.608695652173913,59
"k_effective<=4 & k_effective<=10 & k_kish<=5",3,0.23728813559322,0.608695652173913,59
"k_effective<=4 & k_effective<=10 & controllo_veicolo",3,0.23728813559322,0.608695652173913,59
"k_effective<=4 & k_kish<=4 & k_kish<=5",3,0.23728813559322,0.608695652173913,59
"k_effective<=4 & k_kish<=4 & n_studi_model<=2",3,0.23728813559322,0.608695652173913,59
"k_effective<=4 & k_kish<=4 & verso_gain",3,0.23728813559322,0.608695652173913,59
"k_effective<=4 & k_kish<=5 & n_studi_model<=2",3,0.23728813559322,0.608695652173913,59
"k_effective<=4 & k_kish<=5 & verso_gain",3,0.23728813559322,0.608695652173913,59
"k_effective<=4 & n_studi_model<=2 & controllo_veicolo",3,0.23728813559322,0.608695652173913,59
"k_effective<=4 & controllo_veicolo & verso_gain",3,0.23728813559322,0.608695652173913,59
"k_effective<=5 & k_kish<=3 & !entita_NCBITaxon",3,0.23728813559322,0.608695652173913,59
"k_effective<=6 & k_kish<=3 & !entita_NCBITaxon",3,0.23728813559322,0.608695652173913,59
"k_effective<=8 & !dominato_da_modello & !stessi_membri",3,0.23728813559322,0.608695652173913,59
"k_kish<=4 & n_studi_model<=1 & !entita_MeSH",3,0.23728813559322,0.608695652173913,59
"frazione_efficace>=0.5 & !dominato_da_modello & !stessi_membri",3,0.23728813559322,0.608695652173913,59
"k_kish<=5 & n_studi_model<=2 & !entita_MeSH",3,0.236842105263158,0.782608695652174,76
"k_kish<=5 & !entita_MeSH & !entita_NCBITaxon",3,0.236842105263158,0.782608695652174,76
"k_effective<=4 & n_studi_model<=1 & I2_med<=70",3,0.236842105263158,0.391304347826087,38
"k_effective<=4 & I2_med<=70 & !dominato_da_modello",3,0.236842105263158,0.391304347826087,38
"k_kish<=4 & n_studi_model<=1 & frazione_efficace>=0.6",3,0.236842105263158,0.391304347826087,38
"frazione_efficace>=0.5 & dominato & !entita_NCBITaxon",3,0.236842105263158,0.391304347826087,38
"I2_med<=70 & !materiale_misto & !ramo_anchor",3,0.236842105263158,0.391304347826087,38
"n_studi_model<=1 & !stessi_membri",2,0.236363636363636,0.565217391304348,55
"n_studi_model<=1 & !entita_STR",2,0.236363636363636,0.565217391304348,55
"k_effective<=4 & k_kish<=3 & !entita_MeSH",3,0.236363636363636,0.565217391304348,55
"k_effective<=4 & k_kish<=4 & !entita_MeSH",3,0.236363636363636,0.565217391304348,55
"k_effective<=4 & k_kish<=5 & !entita_MeSH",3,0.236363636363636,0.565217391304348,55
"k_effective<=4 & !entita_MeSH & controllo_veicolo",3,0.236363636363636,0.565217391304348,55
"k_effective<=8 & k_kish<=3 & !materiale_misto",3,0.236363636363636,0.565217391304348,55
"k_effective<=8 & k_kish<=3 & !ramo_anchor",3,0.236363636363636,0.565217391304348,55
"k_effective<=8 & !stessi_membri & !entita_MeSH",3,0.236363636363636,0.565217391304348,55
"k_kish<=3 & n_studi_model<=1 & !dominato_da_modello",3,0.236363636363636,0.565217391304348,55
"k_kish<=3 & n_studi_model<=1 & !entita_NCBITaxon",3,0.236363636363636,0.565217391304348,55
"k_kish<=3 & n_studi_model<=2 & !materiale_misto",3,0.236363636363636,0.565217391304348,55
"k_kish<=3 & !entita_MeSH & !ramo_anchor",3,0.236363636363636,0.565217391304348,55
"n_studi_model<=1 & n_studi_model<=2 & !stessi_membri",3,0.236363636363636,0.565217391304348,55
"n_studi_model<=1 & n_studi_model<=2 & !entita_STR",3,0.236363636363636,0.565217391304348,55
"n_studi_model<=1 & !stessi_membri & controllo_veicolo",3,0.236363636363636,0.565217391304348,55
"n_studi_model<=1 & !stessi_membri & verso_gain",3,0.236363636363636,0.565217391304348,55
"n_studi_model<=1 & !entita_STR & controllo_veicolo",3,0.236363636363636,0.565217391304348,55
"n_studi_model<=1 & !entita_STR & verso_gain",3,0.236363636363636,0.565217391304348,55
"!materiale_misto & !stessi_membri & !entita_NCBITaxon",3,0.236363636363636,0.565217391304348,55
"k_effective<=6 & k_kish<=4",2,0.236111111111111,0.739130434782609,72
"k_effective<=6 & k_effective<=8 & k_kish<=4",3,0.236111111111111,0.739130434782609,72
"k_effective<=6 & k_effective<=10 & k_kish<=4",3,0.236111111111111,0.739130434782609,72
"k_effective<=6 & k_kish<=4 & k_kish<=5",3,0.236111111111111,0.739130434782609,72
"k_effective<=6 & k_kish<=4 & n_studi_model<=2",3,0.236111111111111,0.739130434782609,72
"k_effective<=6 & k_kish<=4 & verso_gain",3,0.236111111111111,0.739130434782609,72
"k_kish<=5 & !ramo_anchor & controllo_veicolo",3,0.236111111111111,0.739130434782609,72
"!ramo_anchor",1,0.235955056179775,0.91304347826087,89
"!ramo_anchor & verso_gain",2,0.235955056179775,0.91304347826087,89
"k_effective<=10 & !entita_NCBITaxon & controllo_veicolo",3,0.235955056179775,0.91304347826087,89
"!dominato_da_modello & !entita_MeSH & !entita_NCBITaxon",3,0.235955056179775,0.91304347826087,89
"!dominato_da_modello & !ramo_anchor",2,0.235294117647059,0.869565217391304,85
"k_effective<=10 & !entita_MeSH & controllo_veicolo",3,0.235294117647059,0.869565217391304,85
"!dominato_da_modello & !ramo_anchor & verso_gain",3,0.235294117647059,0.869565217391304,85
"k_effective<=5 & k_kish<=4 & controllo_veicolo",3,0.235294117647059,0.695652173913043,68
"k_effective<=5 & k_kish<=5 & controllo_veicolo",3,0.235294117647059,0.695652173913043,68
"k_effective<=8 & I2_med<=70 & !entita_NCBITaxon",3,0.235294117647059,0.521739130434783,51
"frazione_efficace>=0.5 & !stessi_membri & !ramo_anchor",3,0.235294117647059,0.521739130434783,51
"k_effective<=4 & k_kish<=2",2,0.235294117647059,0.347826086956522,34
"k_kish<=2 & n_studi_model<=1",2,0.235294117647059,0.347826086956522,34
"k_effective<=3 & dominato & !entita_MeSH",3,0.235294117647059,0.347826086956522,34
"k_effective<=4 & k_effective<=5 & k_kish<=2",3,0.235294117647059,0.347826086956522,34
"k_effective<=4 & k_effective<=6 & k_kish<=2",3,0.235294117647059,0.347826086956522,34
"k_effective<=4 & k_effective<=8 & k_kish<=2",3,0.235294117647059,0.347826086956522,34
"k_effective<=4 & k_effective<=10 & k_kish<=2",3,0.235294117647059,0.347826086956522,34
"k_effective<=4 & k_kish<=2 & k_kish<=3",3,0.235294117647059,0.347826086956522,34
"k_effective<=4 & k_kish<=2 & k_kish<=4",3,0.235294117647059,0.347826086956522,34
"k_effective<=4 & k_kish<=2 & k_kish<=5",3,0.235294117647059,0.347826086956522,34
"k_effective<=4 & k_kish<=2 & n_studi_model<=2",3,0.235294117647059,0.347826086956522,34
"k_effective<=4 & k_kish<=2 & dominato",3,0.235294117647059,0.347826086956522,34
"k_effective<=4 & k_kish<=2 & verso_gain",3,0.235294117647059,0.347826086956522,34
"k_effective<=5 & k_kish<=2 & n_studi_model<=1",3,0.235294117647059,0.347826086956522,34
"k_effective<=5 & k_kish<=2 & !entita_NCBITaxon",3,0.235294117647059,0.347826086956522,34
"k_effective<=6 & k_kish<=2 & n_studi_model<=1",3,0.235294117647059,0.347826086956522,34
"k_effective<=6 & k_kish<=2 & !entita_NCBITaxon",3,0.235294117647059,0.347826086956522,34
"k_effective<=8 & k_kish<=2 & n_studi_model<=1",3,0.235294117647059,0.347826086956522,34
"k_effective<=10 & k_kish<=2 & n_studi_model<=1",3,0.235294117647059,0.347826086956522,34
"k_kish<=2 & k_kish<=3 & n_studi_model<=1",3,0.235294117647059,0.347826086956522,34
"k_kish<=2 & k_kish<=4 & n_studi_model<=1",3,0.235294117647059,0.347826086956522,34
"k_kish<=2 & k_kish<=5 & n_studi_model<=1",3,0.235294117647059,0.347826086956522,34
"k_kish<=2 & n_studi_model<=1 & n_studi_model<=2",3,0.235294117647059,0.347826086956522,34
"k_kish<=2 & n_studi_model<=1 & dominato",3,0.235294117647059,0.347826086956522,34
"k_kish<=2 & n_studi_model<=1 & verso_gain",3,0.235294117647059,0.347826086956522,34
"k_kish<=2 & !dominato_da_modello & !entita_NCBITaxon",3,0.235294117647059,0.347826086956522,34
"k_kish<=3 & I2_med<=60 & !entita_MeSH",3,0.235294117647059,0.347826086956522,34
"n_studi_model<=2 & I2_med<=60 & dominato",3,0.235294117647059,0.347826086956522,34
"frazione_efficace>=0.5 & dominato & !materiale_misto",3,0.235294117647059,0.347826086956522,34
"I2_med<=60 & dominato & !entita_NCBITaxon",3,0.235294117647059,0.347826086956522,34
"k_kish<=3 & entita_STR",2,0.235294117647059,0.173913043478261,17
"dominato & entita_STR",2,0.235294117647059,0.173913043478261,17
"stessi_membri & !entita_STR",2,0.235294117647059,0.173913043478261,17
"k_effective<=3 & I2_med<=50 & !entita_MeSH",3,0.235294117647059,0.173913043478261,17
"k_effective<=3 & I2_med<=50 & !ramo_anchor",3,0.235294117647059,0.173913043478261,17
"k_effective<=6 & stessi_membri & !entita_STR",3,0.235294117647059,0.173913043478261,17
"k_effective<=8 & k_kish<=3 & entita_STR",3,0.235294117647059,0.173913043478261,17
"k_effective<=8 & dominato & entita_STR",3,0.235294117647059,0.173913043478261,17
"k_effective<=8 & stessi_membri & !entita_STR",3,0.235294117647059,0.173913043478261,17
"k_effective<=10 & k_kish<=3 & entita_STR",3,0.235294117647059,0.173913043478261,17
"k_effective<=10 & dominato & entita_STR",3,0.235294117647059,0.173913043478261,17
"k_effective<=10 & stessi_membri & !entita_STR",3,0.235294117647059,0.173913043478261,17
"k_kish<=3 & k_kish<=4 & entita_STR",3,0.235294117647059,0.173913043478261,17
"k_kish<=3 & k_kish<=5 & entita_STR",3,0.235294117647059,0.173913043478261,17
"k_kish<=3 & n_studi_model<=2 & entita_STR",3,0.235294117647059,0.173913043478261,17
"k_kish<=3 & dominato & entita_STR",3,0.235294117647059,0.173913043478261,17
"k_kish<=3 & !dominato_da_modello & entita_STR",3,0.235294117647059,0.173913043478261,17
"k_kish<=3 & entita_STR & !entita_MeSH",3,0.235294117647059,0.173913043478261,17
"k_kish<=3 & entita_STR & !entita_NCBITaxon",3,0.235294117647059,0.173913043478261,17
"k_kish<=3 & entita_STR & verso_gain",3,0.235294117647059,0.173913043478261,17
"k_kish<=4 & dominato & entita_STR",3,0.235294117647059,0.173913043478261,17
"k_kish<=4 & stessi_membri & !entita_STR",3,0.235294117647059,0.173913043478261,17
"k_kish<=5 & dominato & entita_STR",3,0.235294117647059,0.173913043478261,17
"k_kish<=5 & stessi_membri & !entita_STR",3,0.235294117647059,0.173913043478261,17
"n_studi_model<=1 & I2_med<=50 & !entita_STR",3,0.235294117647059,0.173913043478261,17
"n_studi_model<=2 & dominato & entita_STR",3,0.235294117647059,0.173913043478261,17
"n_studi_model<=2 & stessi_membri & !entita_STR",3,0.235294117647059,0.173913043478261,17
"frazione_efficace>=0.6 & I2_med<=60 & !dominato_da_modello",3,0.235294117647059,0.173913043478261,17
"I2_med<=50 & !dominato_da_modello & !entita_STR",3,0.235294117647059,0.173913043478261,17
"dominato & !dominato_da_modello & entita_STR",3,0.235294117647059,0.173913043478261,17
"dominato & entita_STR & !entita_MeSH",3,0.235294117647059,0.173913043478261,17
"dominato & entita_STR & !entita_NCBITaxon",3,0.235294117647059,0.173913043478261,17
"dominato & entita_STR & verso_gain",3,0.235294117647059,0.173913043478261,17
"stessi_membri & !entita_STR & controllo_veicolo",3,0.235294117647059,0.173913043478261,17
"stessi_membri & !entita_STR & verso_gain",3,0.235294117647059,0.173913043478261,17
"!materiale_misto & controllo_veicolo",2,0.234567901234568,0.826086956521739,81
"k_kish<=5 & n_studi_model<=2 & !entita_NCBITaxon",3,0.234567901234568,0.826086956521739,81
"!materiale_misto & !dominato_da_modello & controllo_veicolo",3,0.234567901234568,0.826086956521739,81
"!materiale_misto & controllo_veicolo & verso_gain",3,0.234567901234568,0.826086956521739,81
"frazione_efficace>=0.5 & !entita_STR",2,0.234375,0.652173913043478,64
"n_studi_model<=2 & !stessi_membri & !entita_NCBITaxon",3,0.234375,0.652173913043478,64
"frazione_efficace>=0.5 & !entita_STR & controllo_veicolo",3,0.234375,0.652173913043478,64
"frazione_efficace>=0.5 & !entita_STR & verso_gain",3,0.234375,0.652173913043478,64
"k_effective<=5 & I2_med<=70",2,0.234042553191489,0.478260869565217,47
"I2_med<=70 & !ramo_anchor",2,0.234042553191489,0.478260869565217,47
"k_effective<=5 & k_effective<=6 & I2_med<=70",3,0.234042553191489,0.478260869565217,47
"k_effective<=5 & k_effective<=8 & I2_med<=70",3,0.234042553191489,0.478260869565217,47
"k_effective<=5 & k_effective<=10 & I2_med<=70",3,0.234042553191489,0.478260869565217,47
"k_effective<=5 & n_studi_model<=2 & I2_med<=70",3,0.234042553191489,0.478260869565217,47
"k_effective<=5 & I2_med<=70 & verso_gain",3,0.234042553191489,0.478260869565217,47
"k_effective<=5 & !entita_STR & !entita_MeSH",3,0.234042553191489,0.478260869565217,47
"k_effective<=5 & !entita_STR & !ramo_anchor",3,0.234042553191489,0.478260869565217,47
"k_effective<=10 & I2_med<=70 & !ramo_anchor",3,0.234042553191489,0.478260869565217,47
"I2_med<=70 & !ramo_anchor & verso_gain",3,0.234042553191489,0.478260869565217,47
"k_effective<=10 & !dominato_da_modello",2,0.233333333333333,0.91304347826087,90
"k_effective<=10 & n_studi_model<=2 & controllo_veicolo",3,0.233333333333333,0.91304347826087,90
"k_effective<=10 & !dominato_da_modello & verso_gain",3,0.233333333333333,0.91304347826087,90
"n_studi_model<=2 & !dominato_da_modello & controllo_veicolo",3,0.233333333333333,0.91304347826087,90
"!entita_MeSH & !entita_NCBITaxon & controllo_veicolo",3,0.233333333333333,0.91304347826087,90
"k_effective<=8 & !dominato_da_modello & !entita_STR",3,0.233333333333333,0.608695652173913,60
"k_effective<=10 & !materiale_misto & !entita_STR",3,0.233333333333333,0.608695652173913,60
"frazione_efficace>=0.5 & !dominato_da_modello & !entita_STR",3,0.233333333333333,0.608695652173913,60
"frazione_efficace>=0.5 & !stessi_membri & controllo_veicolo",3,0.233333333333333,0.608695652173913,60
"!materiale_misto & !entita_STR & !entita_NCBITaxon",3,0.233333333333333,0.608695652173913,60
"k_kish<=3 & I2_med<=50",2,0.233333333333333,0.304347826086957,30
"k_effective<=8 & k_kish<=3 & I2_med<=50",3,0.233333333333333,0.304347826086957,30
"k_effective<=10 & k_kish<=3 & I2_med<=50",3,0.233333333333333,0.304347826086957,30
"k_kish<=2 & I2_med<=70 & !ramo_anchor",3,0.233333333333333,0.304347826086957,30
"k_kish<=2 & !materiale_misto & controllo_veicolo",3,0.233333333333333,0.304347826086957,30
"k_kish<=3 & k_kish<=4 & I2_med<=50",3,0.233333333333333,0.304347826086957,30
"k_kish<=3 & k_kish<=5 & I2_med<=50",3,0.233333333333333,0.304347826086957,30
"k_kish<=3 & frazione_efficace>=0.6 & !materiale_misto",3,0.233333333333333,0.304347826086957,30
"k_kish<=3 & I2_med<=50 & I2_med<=60",3,0.233333333333333,0.304347826086957,30
"k_kish<=3 & I2_med<=50 & I2_med<=70",3,0.233333333333333,0.304347826086957,30
"k_kish<=3 & I2_med<=50 & verso_gain",3,0.233333333333333,0.304347826086957,30
"n_studi_model<=1 & I2_med<=60 & dominato",3,0.233333333333333,0.304347826086957,30
"I2_med<=60 & dominato & !dominato_da_modello",3,0.233333333333333,0.304347826086957,30
"k_kish<=5 & !materiale_misto",2,0.232876712328767,0.739130434782609,73
"k_effective<=10 & k_kish<=5 & !materiale_misto",3,0.232876712328767,0.739130434782609,73
"k_kish<=5 & !materiale_misto & !dominato_da_modello",3,0.232876712328767,0.739130434782609,73
"k_kish<=5 & !materiale_misto & verso_gain",3,0.232876712328767,0.739130434782609,73
"k_effective<=4 & I2_med<=70",2,0.232558139534884,0.434782608695652,43
"k_kish<=4 & frazione_efficace>=0.6",2,0.232558139534884,0.434782608695652,43
"k_effective<=4 & k_effective<=5 & I2_med<=70",3,0.232558139534884,0.434782608695652,43
"k_effective<=4 & k_effective<=6 & I2_med<=70",3,0.232558139534884,0.434782608695652,43
"k_effective<=4 & k_effective<=8 & I2_med<=70",3,0.232558139534884,0.434782608695652,43
"k_effective<=4 & k_effective<=10 & I2_med<=70",3,0.232558139534884,0.434782608695652,43
"k_effective<=4 & n_studi_model<=2 & I2_med<=70",3,0.232558139534884,0.434782608695652,43
"k_effective<=4 & I2_med<=70 & verso_gain",3,0.232558139534884,0.434782608695652,43
"k_effective<=5 & I2_med<=70 & !entita_MeSH",3,0.232558139534884,0.434782608695652,43
"k_effective<=5 & I2_med<=70 & !ramo_anchor",3,0.232558139534884,0.434782608695652,43
"k_effective<=5 & !dominato_da_modello & !stessi_membri",3,0.232558139534884,0.434782608695652,43
"k_effective<=8 & k_kish<=4 & frazione_efficace>=0.6",3,0.232558139534884,0.434782608695652,43
"k_effective<=10 & k_kish<=4 & frazione_efficace>=0.6",3,0.232558139534884,0.434782608695652,43
"k_kish<=4 & k_kish<=5 & frazione_efficace>=0.6",3,0.232558139534884,0.434782608695652,43
"k_kish<=4 & n_studi_model<=2 & frazione_efficace>=0.6",3,0.232558139534884,0.434782608695652,43
"k_kish<=4 & frazione_efficace>=0.5 & frazione_efficace>=0.6",3,0.232558139534884,0.434782608695652,43
"k_kish<=4 & frazione_efficace>=0.6 & controllo_veicolo",3,0.232558139534884,0.434782608695652,43
"k_kish<=4 & frazione_efficace>=0.6 & verso_gain",3,0.232558139534884,0.434782608695652,43
"frazione_efficace>=0.6 & !entita_STR & !ramo_anchor",3,0.232558139534884,0.434782608695652,43
"I2_med<=70 & !dominato_da_modello & !ramo_anchor",3,0.232558139534884,0.434782608695652,43
"k_kish<=3 & !ramo_anchor",2,0.232142857142857,0.565217391304348,56
"frazione_efficace>=0.6 & !ramo_anchor",2,0.232142857142857,0.565217391304348,56
"k_effective<=8 & !entita_STR & !ramo_anchor",3,0.232142857142857,0.565217391304348,56
"k_effective<=10 & k_kish<=3 & !ramo_anchor",3,0.232142857142857,0.565217391304348,56
"k_kish<=3 & k_kish<=4 & !ramo_anchor",3,0.232142857142857,0.565217391304348,56
"k_kish<=3 & k_kish<=5 & !ramo_anchor",3,0.232142857142857,0.565217391304348,56
"k_kish<=3 & !ramo_anchor & verso_gain",3,0.232142857142857,0.565217391304348,56
"n_studi_model<=2 & !stessi_membri & !ramo_anchor",3,0.232142857142857,0.565217391304348,56
"frazione_efficace>=0.5 & frazione_efficace>=0.6 & !ramo_anchor",3,0.232142857142857,0.565217391304348,56
"frazione_efficace>=0.5 & !entita_STR & !ramo_anchor",3,0.232142857142857,0.565217391304348,56
"frazione_efficace>=0.6 & !ramo_anchor & controllo_veicolo",3,0.232142857142857,0.565217391304348,56
"frazione_efficace>=0.6 & !ramo_anchor & verso_gain",3,0.232142857142857,0.565217391304348,56
"k_kish<=4 & !materiale_misto",2,0.231884057971014,0.695652173913043,69
"k_kish<=4 & !ramo_anchor",2,0.231884057971014,0.695652173913043,69
"k_effective<=10 & k_kish<=4 & !materiale_misto",3,0.231884057971014,0.695652173913043,69
"k_effective<=10 & k_kish<=4 & !ramo_anchor",3,0.231884057971014,0.695652173913043,69
"k_kish<=4 & k_kish<=5 & !materiale_misto",3,0.231884057971014,0.695652173913043,69
"k_kish<=4 & k_kish<=5 & !ramo_anchor",3,0.231884057971014,0.695652173913043,69
"k_kish<=4 & !materiale_misto & !dominato_da_modello",3,0.231884057971014,0.695652173913043,69
"k_kish<=4 & !materiale_misto & verso_gain",3,0.231884057971014,0.695652173913043,69
"k_kish<=4 & !ramo_anchor & verso_gain",3,0.231884057971014,0.695652173913043,69
"k_effective<=10",1,0.231578947368421,0.956521739130435,95
"k_effective<=10 & verso_gain",2,0.231578947368421,0.956521739130435,95
"n_studi_model<=2 & controllo_veicolo",2,0.231578947368421,0.956521739130435,95
"n_studi_model<=2 & controllo_veicolo & verso_gain",3,0.231578947368421,0.956521739130435,95
"k_effective<=8 & k_kish<=5 & !dominato_da_modello",3,0.230769230769231,0.782608695652174,78
"k_effective<=8 & !entita_STR",2,0.230769230769231,0.652173913043478,65
"k_effective<=8 & k_effective<=10 & !entita_STR",3,0.230769230769231,0.652173913043478,65
"k_effective<=8 & k_kish<=4 & n_studi_model<=1",3,0.230769230769231,0.652173913043478,65
"k_effective<=8 & !entita_STR & controllo_veicolo",3,0.230769230769231,0.652173913043478,65
"k_effective<=8 & !entita_STR & verso_gain",3,0.230769230769231,0.652173913043478,65
"k_kish<=4 & !dominato_da_modello & !ramo_anchor",3,0.230769230769231,0.652173913043478,65
"k_effective<=8 & n_studi_model<=2 & I2_med<=70",3,0.230769230769231,0.521739130434783,52
"k_effective<=10 & I2_med<=70 & !entita_NCBITaxon",3,0.230769230769231,0.521739130434783,52
"k_kish<=3 & !dominato_da_modello & !ramo_anchor",3,0.230769230769231,0.521739130434783,52
"n_studi_model<=2 & I2_med<=70 & !entita_NCBITaxon",3,0.230769230769231,0.521739130434783,52
"k_effective<=4 & frazione_efficace>=0.5 & dominato",3,0.230769230769231,0.391304347826087,39
"k_effective<=4 & I2_med<=70 & !entita_MeSH",3,0.230769230769231,0.391304347826087,39
"k_effective<=4 & I2_med<=70 & !ramo_anchor",3,0.230769230769231,0.391304347826087,39
"k_effective<=4 & !materiale_misto & !entita_STR",3,0.230769230769231,0.391304347826087,39
"k_effective<=5 & frazione_efficace>=0.5 & dominato",3,0.230769230769231,0.391304347826087,39
"k_effective<=5 & !stessi_membri & !ramo_anchor",3,0.230769230769231,0.391304347826087,39
"k_effective<=6 & frazione_efficace>=0.5 & dominato",3,0.230769230769231,0.391304347826087,39
"k_effective<=8 & frazione_efficace>=0.5 & dominato",3,0.230769230769231,0.391304347826087,39
"k_kish<=4 & frazione_efficace>=0.6 & !ramo_anchor",3,0.230769230769231,0.391304347826087,39
"n_studi_model<=2 & frazione_efficace>=0.5 & dominato",3,0.230769230769231,0.391304347826087,39
"frazione_efficace>=0.5 & dominato & !entita_MeSH",3,0.230769230769231,0.391304347826087,39
"I2_med<=70 & !materiale_misto & !entita_MeSH",3,0.230769230769231,0.391304347826087,39
"k_effective<=3 & k_kish<=2 & controllo_veicolo",3,0.230769230769231,0.260869565217391,26
"k_effective<=3 & I2_med<=70 & !entita_MeSH",3,0.230769230769231,0.260869565217391,26
"k_effective<=4 & frazione_efficace>=0.6 & !entita_STR",3,0.230769230769231,0.260869565217391,26
"k_effective<=4 & I2_med<=50 & dominato",3,0.230769230769231,0.260869565217391,26
"k_effective<=4 & I2_med<=60 & !entita_STR",3,0.230769230769231,0.260869565217391,26
"k_effective<=5 & I2_med<=60 & !entita_STR",3,0.230769230769231,0.260869565217391,26
"k_effective<=10 & I2_med<=60 & !stessi_membri",3,0.230769230769231,0.260869565217391,26
"k_kish<=2 & I2_med<=60 & controllo_veicolo",3,0.230769230769231,0.260869565217391,26
"k_kish<=3 & I2_med<=50 & !ramo_anchor",3,0.230769230769231,0.260869565217391,26
"k_kish<=3 & I2_med<=60 & !entita_STR",3,0.230769230769231,0.260869565217391,26
"n_studi_model<=2 & I2_med<=60 & !stessi_membri",3,0.230769230769231,0.260869565217391,26
"I2_med<=50 & dominato & !ramo_anchor",3,0.230769230769231,0.260869565217391,26
"I2_med<=60 & !stessi_membri & !entita_NCBITaxon",3,0.230769230769231,0.260869565217391,26
"k_effective<=4 & n_studi_model<=0 & !entita_STR",3,0.230769230769231,0.130434782608696,13
"k_effective<=8 & !stessi_membri & entita_STR",3,0.230769230769231,0.130434782608696,13
"k_effective<=10 & !stessi_membri & entita_STR",3,0.230769230769231,0.130434782608696,13
"k_kish<=3 & n_studi_model<=0 & !entita_STR",3,0.230769230769231,0.130434782608696,13
"k_kish<=3 & I2_med<=70 & entita_STR",3,0.230769230769231,0.130434782608696,13
"k_kish<=5 & frazione_efficace>=0.6 & entita_STR",3,0.230769230769231,0.130434782608696,13
"k_kish<=5 & !stessi_membri & entita_STR",3,0.230769230769231,0.130434782608696,13
"n_studi_model<=1 & stessi_membri & !entita_STR",3,0.230769230769231,0.130434782608696,13
"n_studi_model<=1 & !stessi_membri & entita_STR",3,0.230769230769231,0.130434782608696,13
"frazione_efficace>=0.5 & I2_med<=50 & !stessi_membri",3,0.230769230769231,0.130434782608696,13
"frazione_efficace>=0.6 & I2_med<=50 & !dominato_da_modello",3,0.230769230769231,0.130434782608696,13
"frazione_efficace>=0.6 & entita_STR & !ramo_anchor",3,0.230769230769231,0.130434782608696,13
"I2_med<=50 & !materiale_misto & !stessi_membri",3,0.230769230769231,0.130434782608696,13
"I2_med<=70 & dominato & entita_STR",3,0.230769230769231,0.130434782608696,13
"k_effective<=8 & !stessi_membri",2,0.229508196721311,0.608695652173913,61
"frazione_efficace>=0.5 & !stessi_membri",2,0.229508196721311,0.608695652173913,61
"k_effective<=8 & k_effective<=10 & !stessi_membri",3,0.229508196721311,0.608695652173913,61
"k_effective<=8 & !stessi_membri & controllo_veicolo",3,0.229508196721311,0.608695652173913,61
"k_effective<=8 & !stessi_membri & verso_gain",3,0.229508196721311,0.608695652173913,61
"n_studi_model<=2 & !stessi_membri & !entita_MeSH",3,0.229508196721311,0.608695652173913,61
"frazione_efficace>=0.5 & !stessi_membri & verso_gain",3,0.229508196721311,0.608695652173913,61
"!dominato_da_modello & !entita_NCBITaxon",2,0.229166666666667,0.956521739130435,96
"!dominato_da_modello & !entita_NCBITaxon & verso_gain",3,0.229166666666667,0.956521739130435,96
"k_effective<=5 & !dominato_da_modello & !entita_STR",3,0.229166666666667,0.478260869565217,48
"k_effective<=8 & I2_med<=70 & !dominato_da_modello",3,0.229166666666667,0.478260869565217,48
"k_effective<=8 & I2_med<=70 & !entita_MeSH",3,0.229166666666667,0.478260869565217,48
"k_effective<=8 & !stessi_membri & !entita_STR",3,0.229166666666667,0.478260869565217,48
"k_kish<=4 & frazione_efficace>=0.5 & !entita_STR",3,0.229166666666667,0.478260869565217,48
"I2_med<=70 & !dominato_da_modello & !entita_NCBITaxon",3,0.229166666666667,0.478260869565217,48
"I2_med<=70 & !entita_MeSH & !entita_NCBITaxon",3,0.229166666666667,0.478260869565217,48
"!materiale_misto & !stessi_membri & !ramo_anchor",3,0.229166666666667,0.478260869565217,48
"k_effective<=8 & k_kish<=5",2,0.228915662650602,0.826086956521739,83
"k_effective<=8 & k_effective<=10 & k_kish<=5",3,0.228915662650602,0.826086956521739,83
"k_effective<=8 & k_kish<=5 & verso_gain",3,0.228915662650602,0.826086956521739,83
"k_kish<=4 & n_studi_model<=2 & !entita_MeSH",3,0.228571428571429,0.695652173913043,70
"k_kish<=4 & !entita_MeSH & !entita_NCBITaxon",3,0.228571428571429,0.695652173913043,70
"k_kish<=5 & n_studi_model<=1 & controllo_veicolo",3,0.228571428571429,0.695652173913043,70
"I2_med<=60 & dominato",2,0.228571428571429,0.347826086956522,35
"k_effective<=3 & dominato & !entita_NCBITaxon",3,0.228571428571429,0.347826086956522,35
"k_effective<=5 & k_kish<=2 & !dominato_da_modello",3,0.228571428571429,0.347826086956522,35
"k_effective<=6 & k_kish<=2 & !dominato_da_modello",3,0.228571428571429,0.347826086956522,35
"k_effective<=8 & I2_med<=60 & dominato",3,0.228571428571429,0.347826086956522,35
"k_effective<=10 & I2_med<=60 & dominato",3,0.228571428571429,0.347826086956522,35
"k_kish<=2 & n_studi_model<=2 & !entita_NCBITaxon",3,0.228571428571429,0.347826086956522,35
"k_kish<=2 & !entita_MeSH & !entita_NCBITaxon",3,0.228571428571429,0.347826086956522,35
"k_kish<=3 & I2_med<=60 & dominato",3,0.228571428571429,0.347826086956522,35
"k_kish<=4 & I2_med<=60 & dominato",3,0.228571428571429,0.347826086956522,35
"k_kish<=5 & I2_med<=60 & dominato",3,0.228571428571429,0.347826086956522,35
"I2_med<=60 & I2_med<=70 & dominato",3,0.228571428571429,0.347826086956522,35
"I2_med<=60 & dominato & verso_gain",3,0.228571428571429,0.347826086956522,35
"k_kish<=3 & !materiale_misto",2,0.228070175438596,0.565217391304348,57
"k_effective<=4 & k_kish<=3 & controllo_veicolo",3,0.228070175438596,0.565217391304348,57
"k_effective<=5 & k_kish<=3 & n_studi_model<=1",3,0.228070175438596,0.565217391304348,57
"k_effective<=6 & k_kish<=3 & n_studi_model<=1",3,0.228070175438596,0.565217391304348,57
"k_effective<=6 & k_kish<=5 & !entita_STR",3,0.228070175438596,0.565217391304348,57
"k_effective<=10 & k_kish<=3 & !materiale_misto",3,0.228070175438596,0.565217391304348,57
"k_kish<=3 & k_kish<=4 & !materiale_misto",3,0.228070175438596,0.565217391304348,57
"k_kish<=3 & k_kish<=5 & !materiale_misto",3,0.228070175438596,0.565217391304348,57
"k_kish<=3 & !materiale_misto & !dominato_da_modello",3,0.228070175438596,0.565217391304348,57
"k_kish<=3 & !materiale_misto & verso_gain",3,0.228070175438596,0.565217391304348,57
"k_effective<=10 & k_kish<=5 & !entita_MeSH",3,0.227848101265823,0.782608695652174,79
"!entita_NCBITaxon",1,0.227722772277228,1,101
"!entita_NCBITaxon & verso_gain",2,0.227722772277228,1,101
"!ramo_anchor & controllo_veicolo",2,0.227272727272727,0.869565217391304,88
"!ramo_anchor & controllo_veicolo & verso_gain",3,0.227272727272727,0.869565217391304,88
"k_effective<=10 & !entita_STR & !entita_NCBITaxon",3,0.227272727272727,0.652173913043478,66
"n_studi_model<=2 & !dominato_da_modello & !stessi_membri",3,0.227272727272727,0.652173913043478,66
"n_studi_model<=2 & !dominato_da_modello & !entita_STR",3,0.227272727272727,0.652173913043478,66
"!entita_STR & !entita_MeSH & !entita_NCBITaxon",3,0.227272727272727,0.652173913043478,66
"k_effective<=4 & dominato & !ramo_anchor",3,0.227272727272727,0.434782608695652,44
"I2_med<=50 & !entita_STR",2,0.227272727272727,0.217391304347826,22
"k_effective<=5 & I2_med<=60 & !stessi_membri",3,0.227272727272727,0.217391304347826,22
"k_effective<=10 & I2_med<=50 & !entita_STR",3,0.227272727272727,0.217391304347826,22
"k_kish<=3 & n_studi_model<=0 & controllo_veicolo",3,0.227272727272727,0.217391304347826,22
"k_kish<=4 & I2_med<=50 & !entita_STR",3,0.227272727272727,0.217391304347826,22
"k_kish<=5 & I2_med<=50 & !entita_STR",3,0.227272727272727,0.217391304347826,22
"I2_med<=50 & I2_med<=60 & !entita_STR",3,0.227272727272727,0.217391304347826,22
"I2_med<=50 & I2_med<=70 & !entita_STR",3,0.227272727272727,0.217391304347826,22
"I2_med<=50 & !entita_STR & controllo_veicolo",3,0.227272727272727,0.217391304347826,22
"I2_med<=50 & !entita_STR & verso_gain",3,0.227272727272727,0.217391304347826,22
"I2_med<=60 & !materiale_misto & !entita_STR",3,0.227272727272727,0.217391304347826,22
"dominato & stessi_membri & controllo_veicolo",3,0.227272727272727,0.217391304347826,22
"k_effective<=8 & k_kish<=4 & !entita_NCBITaxon",3,0.226666666666667,0.739130434782609,75
"k_kish<=4 & n_studi_model<=2 & !entita_NCBITaxon",3,0.226666666666667,0.739130434782609,75
"k_effective<=5 & !entita_STR",2,0.226415094339623,0.521739130434783,53
"k_effective<=8 & I2_med<=70",2,0.226415094339623,0.521739130434783,53
"I2_med<=70 & !entita_NCBITaxon",2,0.226415094339623,0.521739130434783,53
"k_effective<=5 & k_effective<=6 & !entita_STR",3,0.226415094339623,0.521739130434783,53
"k_effective<=5 & k_effective<=8 & !entita_STR",3,0.226415094339623,0.521739130434783,53
"k_effective<=5 & k_effective<=10 & !entita_STR",3,0.226415094339623,0.521739130434783,53
"k_effective<=5 & k_kish<=4 & !entita_STR",3,0.226415094339623,0.521739130434783,53
"k_effective<=5 & k_kish<=5 & !entita_STR",3,0.226415094339623,0.521739130434783,53
"k_effective<=5 & n_studi_model<=2 & !entita_STR",3,0.226415094339623,0.521739130434783,53
"k_effective<=5 & !entita_STR & controllo_veicolo",3,0.226415094339623,0.521739130434783,53
"k_effective<=5 & !entita_STR & verso_gain",3,0.226415094339623,0.521739130434783,53
"k_effective<=8 & k_effective<=10 & I2_med<=70",3,0.226415094339623,0.521739130434783,53
"k_effective<=8 & I2_med<=70 & verso_gain",3,0.226415094339623,0.521739130434783,53
"k_effective<=10 & n_studi_model<=2 & I2_med<=70",3,0.226415094339623,0.521739130434783,53
"I2_med<=70 & !entita_NCBITaxon & verso_gain",3,0.226415094339623,0.521739130434783,53
"!materiale_misto & !stessi_membri & !entita_MeSH",3,0.226415094339623,0.521739130434783,53
"k_effective<=10 & k_kish<=5 & n_studi_model<=2",3,0.226190476190476,0.826086956521739,84
"k_effective<=10 & k_kish<=5 & !entita_NCBITaxon",3,0.226190476190476,0.826086956521739,84
"!dominato_da_modello & !ramo_anchor & controllo_veicolo",3,0.226190476190476,0.826086956521739,84
"k_effective<=8 & k_kish<=3 & !entita_NCBITaxon",3,0.225806451612903,0.608695652173913,62
"k_effective<=10 & !entita_STR & !entita_MeSH",3,0.225806451612903,0.608695652173913,62
"k_kish<=3 & n_studi_model<=2 & !entita_NCBITaxon",3,0.225806451612903,0.608695652173913,62
"n_studi_model<=2 & !entita_STR & !ramo_anchor",3,0.225806451612903,0.608695652173913,62
"k_effective<=4 & frazione_efficace>=0.6 & !materiale_misto",3,0.225806451612903,0.304347826086957,31
"k_effective<=4 & !materiale_misto & !stessi_membri",3,0.225806451612903,0.304347826086957,31
"k_effective<=5 & k_kish<=2 & I2_med<=70",3,0.225806451612903,0.304347826086957,31
"k_effective<=6 & k_kish<=2 & I2_med<=70",3,0.225806451612903,0.304347826086957,31
"k_kish<=2 & I2_med<=70 & !dominato_da_modello",3,0.225806451612903,0.304347826086957,31
"k_kish<=2 & I2_med<=70 & !entita_NCBITaxon",3,0.225806451612903,0.304347826086957,31
"k_kish<=3 & frazione_efficace>=0.6 & !dominato_da_modello",3,0.225806451612903,0.304347826086957,31
"k_kish<=4 & I2_med<=50 & controllo_veicolo",3,0.225806451612903,0.304347826086957,31
"n_studi_model<=2 & !entita_STR",2,0.225352112676056,0.695652173913043,71
"k_effective<=6 & k_kish<=4 & controllo_veicolo",3,0.225352112676056,0.695652173913043,71
"k_effective<=8 & k_kish<=4 & !entita_MeSH",3,0.225352112676056,0.695652173913043,71
"n_studi_model<=2 & !entita_STR & controllo_veicolo",3,0.225352112676056,0.695652173913043,71
"n_studi_model<=2 & !entita_STR & verso_gain",3,0.225352112676056,0.695652173913043,71
"k_kish<=5 & !entita_MeSH",2,0.225,0.782608695652174,80
"k_kish<=5 & n_studi_model<=2 & !dominato_da_modello",3,0.225,0.782608695652174,80
"k_kish<=5 & !dominato_da_modello & !entita_NCBITaxon",3,0.225,0.782608695652174,80
"k_kish<=5 & !entita_MeSH & verso_gain",3,0.225,0.782608695652174,80
"frazione_efficace>=0.5 & dominato",2,0.225,0.391304347826087,40
"k_effective<=4 & !entita_STR & !ramo_anchor",3,0.225,0.391304347826087,40
"k_effective<=10 & frazione_efficace>=0.5 & dominato",3,0.225,0.391304347826087,40
"k_kish<=3 & frazione_efficace>=0.5 & dominato",3,0.225,0.391304347826087,40
"k_kish<=4 & frazione_efficace>=0.5 & dominato",3,0.225,0.391304347826087,40
"k_kish<=4 & I2_med<=60 & controllo_veicolo",3,0.225,0.391304347826087,40
"k_kish<=5 & frazione_efficace>=0.5 & dominato",3,0.225,0.391304347826087,40
"frazione_efficace>=0.5 & dominato & verso_gain",3,0.225,0.391304347826087,40
"k_effective<=10 & !dominato_da_modello & controllo_veicolo",3,0.224719101123595,0.869565217391304,89
"!entita_MeSH",1,0.224489795918367,0.956521739130435,98
"!entita_MeSH & verso_gain",2,0.224489795918367,0.956521739130435,98
"k_effective<=6 & k_kish<=5 & I2_med<=70",3,0.224489795918367,0.478260869565217,49
"k_effective<=6 & I2_med<=70 & controllo_veicolo",3,0.224489795918367,0.478260869565217,49
"k_effective<=10 & I2_med<=70 & !dominato_da_modello",3,0.224489795918367,0.478260869565217,49
"k_effective<=10 & I2_med<=70 & !entita_MeSH",3,0.224489795918367,0.478260869565217,49
"k_kish<=5 & n_studi_model<=1 & !stessi_membri",3,0.224489795918367,0.478260869565217,49
"n_studi_model<=2 & I2_med<=70 & !dominato_da_modello",3,0.224489795918367,0.478260869565217,49
"n_studi_model<=2 & I2_med<=70 & !entita_MeSH",3,0.224489795918367,0.478260869565217,49
"!materiale_misto & !stessi_membri",2,0.224137931034483,0.565217391304348,58
"k_effective<=4 & k_kish<=4 & controllo_veicolo",3,0.224137931034483,0.565217391304348,58
"k_effective<=4 & k_kish<=5 & controllo_veicolo",3,0.224137931034483,0.565217391304348,58
"k_effective<=5 & k_kish<=3 & !dominato_da_modello",3,0.224137931034483,0.565217391304348,58
"k_effective<=6 & k_kish<=3 & !dominato_da_modello",3,0.224137931034483,0.565217391304348,58
"k_effective<=8 & k_kish<=3 & n_studi_model<=1",3,0.224137931034483,0.565217391304348,58
"!materiale_misto & !dominato_da_modello & !stessi_membri",3,0.224137931034483,0.565217391304348,58
"!materiale_misto & !stessi_membri & controllo_veicolo",3,0.224137931034483,0.565217391304348,58
"!materiale_misto & !stessi_membri & verso_gain",3,0.224137931034483,0.565217391304348,58
"!materiale_misto & !entita_STR & !entita_MeSH",3,0.224137931034483,0.565217391304348,58
"k_kish<=4 & n_studi_model<=1",2,0.223880597014925,0.652173913043478,67
"k_effective<=10 & k_kish<=4 & n_studi_model<=1",3,0.223880597014925,0.652173913043478,67
"k_effective<=10 & n_studi_model<=2 & !entita_STR",3,0.223880597014925,0.652173913043478,67
"k_kish<=4 & k_kish<=5 & n_studi_model<=1",3,0.223880597014925,0.652173913043478,67
"k_kish<=4 & n_studi_model<=1 & n_studi_model<=2",3,0.223880597014925,0.652173913043478,67
"k_kish<=4 & n_studi_model<=1 & verso_gain",3,0.223880597014925,0.652173913043478,67
"k_effective<=8 & k_kish<=4 & n_studi_model<=2",3,0.223684210526316,0.739130434782609,76
"k_kish<=5 & n_studi_model<=2",2,0.223529411764706,0.826086956521739,85
"k_kish<=5 & !entita_NCBITaxon",2,0.223529411764706,0.826086956521739,85
"k_kish<=5 & n_studi_model<=2 & verso_gain",3,0.223529411764706,0.826086956521739,85
"k_kish<=5 & !entita_NCBITaxon & verso_gain",3,0.223529411764706,0.826086956521739,85
"k_effective<=10 & controllo_veicolo",2,0.223404255319149,0.91304347826087,94
"k_effective<=10 & controllo_veicolo & verso_gain",3,0.223404255319149,0.91304347826087,94
"!dominato_da_modello & !entita_NCBITaxon & controllo_veicolo",3,0.223404255319149,0.91304347826087,94
"!entita_NCBITaxon & controllo_veicolo",2,0.222222222222222,0.956521739130435,99
"!entita_NCBITaxon & controllo_veicolo & verso_gain",3,0.222222222222222,0.956521739130435,99
"k_kish<=5 & !materiale_misto & controllo_veicolo",3,0.222222222222222,0.695652173913043,72
"k_effective<=5 & k_kish<=3",2,0.222222222222222,0.608695652173913,63
"k_effective<=6 & k_kish<=3",2,0.222222222222222,0.608695652173913,63
"k_effective<=5 & k_effective<=6 & k_kish<=3",3,0.222222222222222,0.608695652173913,63
"k_effective<=5 & k_effective<=8 & k_kish<=3",3,0.222222222222222,0.608695652173913,63
"k_effective<=5 & k_effective<=10 & k_kish<=3",3,0.222222222222222,0.608695652173913,63
"k_effective<=5 & k_kish<=3 & k_kish<=4",3,0.222222222222222,0.608695652173913,63
"k_effective<=5 & k_kish<=3 & k_kish<=5",3,0.222222222222222,0.608695652173913,63
"k_effective<=5 & k_kish<=3 & n_studi_model<=2",3,0.222222222222222,0.608695652173913,63
"k_effective<=5 & k_kish<=3 & verso_gain",3,0.222222222222222,0.608695652173913,63
"k_effective<=6 & k_effective<=8 & k_kish<=3",3,0.222222222222222,0.608695652173913,63
"k_effective<=6 & k_effective<=10 & k_kish<=3",3,0.222222222222222,0.608695652173913,63
"k_effective<=6 & k_kish<=3 & k_kish<=4",3,0.222222222222222,0.608695652173913,63
"k_effective<=6 & k_kish<=3 & k_kish<=5",3,0.222222222222222,0.608695652173913,63
"k_effective<=6 & k_kish<=3 & n_studi_model<=2",3,0.222222222222222,0.608695652173913,63
"k_effective<=6 & k_kish<=3 & verso_gain",3,0.222222222222222,0.608695652173913,63
"k_effective<=10 & n_studi_model<=2 & !stessi_membri",3,0.222222222222222,0.608695652173913,63
"k_effective<=10 & !stessi_membri & !entita_NCBITaxon",3,0.222222222222222,0.608695652173913,63
"k_effective<=10 & I2_med<=70",2,0.222222222222222,0.521739130434783,54
"n_studi_model<=2 & I2_med<=70",2,0.222222222222222,0.521739130434783,54
"k_effective<=10 & I2_med<=70 & verso_gain",3,0.222222222222222,0.521739130434783,54
"n_studi_model<=2 & I2_med<=70 & verso_gain",3,0.222222222222222,0.521739130434783,54
"n_studi_model<=2 & !stessi_membri & !entita_STR",3,0.222222222222222,0.521739130434783,54
"k_effective<=5 & !stessi_membri",2,0.222222222222222,0.434782608695652,45
"k_effective<=4 & k_kish<=3 & !entita_STR",3,0.222222222222222,0.434782608695652,45
"k_effective<=5 & k_effective<=6 & !stessi_membri",3,0.222222222222222,0.434782608695652,45
"k_effective<=5 & k_effective<=8 & !stessi_membri",3,0.222222222222222,0.434782608695652,45
"k_effective<=5 & k_effective<=10 & !stessi_membri",3,0.222222222222222,0.434782608695652,45
"k_effective<=5 & k_kish<=4 & !stessi_membri",3,0.222222222222222,0.434782608695652,45
"k_effective<=5 & k_kish<=5 & !stessi_membri",3,0.222222222222222,0.434782608695652,45
"k_effective<=5 & n_studi_model<=2 & !stessi_membri",3,0.222222222222222,0.434782608695652,45
"k_effective<=5 & !stessi_membri & controllo_veicolo",3,0.222222222222222,0.434782608695652,45
"k_effective<=5 & !stessi_membri & verso_gain",3,0.222222222222222,0.434782608695652,45
"k_kish<=5 & n_studi_model<=1 & I2_med<=70",3,0.222222222222222,0.434782608695652,45
"n_studi_model<=1 & I2_med<=70 & controllo_veicolo",3,0.222222222222222,0.434782608695652,45
"k_effective<=3 & dominato",2,0.222222222222222,0.347826086956522,36
"k_kish<=2 & !entita_NCBITaxon",2,0.222222222222222,0.347826086956522,36
"k_effective<=3 & k_effective<=4 & dominato",3,0.222222222222222,0.347826086956522,36
"k_effective<=3 & k_effective<=5 & dominato",3,0.222222222222222,0.347826086956522,36
"k_effective<=3 & k_effective<=6 & dominato",3,0.222222222222222,0.347826086956522,36
"k_effective<=3 & k_effective<=8 & dominato",3,0.222222222222222,0.347826086956522,36
"k_effective<=3 & k_effective<=10 & dominato",3,0.222222222222222,0.347826086956522,36
"k_effective<=3 & k_kish<=3 & dominato",3,0.222222222222222,0.347826086956522,36
"k_effective<=3 & k_kish<=4 & dominato",3,0.222222222222222,0.347826086956522,36
"k_effective<=3 & k_kish<=5 & dominato",3,0.222222222222222,0.347826086956522,36
"k_effective<=3 & n_studi_model<=2 & dominato",3,0.222222222222222,0.347826086956522,36
"k_effective<=3 & dominato & verso_gain",3,0.222222222222222,0.347826086956522,36
"k_effective<=5 & k_kish<=2 & !entita_MeSH",3,0.222222222222222,0.347826086956522,36
"k_effective<=6 & k_kish<=2 & !entita_MeSH",3,0.222222222222222,0.347826086956522,36
"k_effective<=8 & k_kish<=2 & !entita_NCBITaxon",3,0.222222222222222,0.347826086956522,36
"k_effective<=10 & k_kish<=2 & !entita_NCBITaxon",3,0.222222222222222,0.347826086956522,36
"k_kish<=2 & k_kish<=3 & !entita_NCBITaxon",3,0.222222222222222,0.347826086956522,36
"k_kish<=2 & k_kish<=4 & !entita_NCBITaxon",3,0.222222222222222,0.347826086956522,36
"k_kish<=2 & k_kish<=5 & !entita_NCBITaxon",3,0.222222222222222,0.347826086956522,36
"k_kish<=2 & n_studi_model<=2 & !dominato_da_modello",3,0.222222222222222,0.347826086956522,36
"k_kish<=2 & dominato & !entita_NCBITaxon",3,0.222222222222222,0.347826086956522,36
"k_kish<=2 & !entita_NCBITaxon & verso_gain",3,0.222222222222222,0.347826086956522,36
"k_kish<=3 & I2_med<=60 & controllo_veicolo",3,0.222222222222222,0.347826086956522,36
"k_kish<=3 & I2_med<=70 & !materiale_misto",3,0.222222222222222,0.347826086956522,36
"n_studi_model<=1 & frazione_efficace>=0.5 & dominato",3,0.222222222222222,0.347826086956522,36
"frazione_efficace>=0.5 & dominato & !dominato_da_modello",3,0.222222222222222,0.347826086956522,36
"I2_med<=60 & !stessi_membri",2,0.222222222222222,0.260869565217391,27
"k_effective<=4 & frazione_efficace>=0.5 & !stessi_membri",3,0.222222222222222,0.260869565217391,27
"k_effective<=5 & I2_med<=50 & dominato",3,0.222222222222222,0.260869565217391,27
"k_effective<=6 & I2_med<=50 & dominato",3,0.222222222222222,0.260869565217391,27
"k_effective<=6 & I2_med<=60 & !entita_STR",3,0.222222222222222,0.260869565217391,27
"k_kish<=3 & I2_med<=50 & !entita_MeSH",3,0.222222222222222,0.260869565217391,27
"k_kish<=4 & n_studi_model<=0 & controllo_veicolo",3,0.222222222222222,0.260869565217391,27
"k_kish<=5 & I2_med<=60 & !stessi_membri",3,0.222222222222222,0.260869565217391,27
"I2_med<=50 & dominato & !entita_MeSH",3,0.222222222222222,0.260869565217391,27
"I2_med<=60 & I2_med<=70 & !stessi_membri",3,0.222222222222222,0.260869565217391,27
"I2_med<=60 & !stessi_membri & controllo_veicolo",3,0.222222222222222,0.260869565217391,27
"I2_med<=60 & !stessi_membri & verso_gain",3,0.222222222222222,0.260869565217391,27
"k_effective<=3 & I2_med<=70 & !stessi_membri",3,0.222222222222222,0.173913043478261,18
"k_effective<=6 & I2_med<=50 & !stessi_membri",3,0.222222222222222,0.173913043478261,18
"k_kish<=4 & entita_STR & controllo_veicolo",3,0.222222222222222,0.173913043478261,18
"k_kish<=5 & n_studi_model<=0 & frazione_efficace>=0.6",3,0.222222222222222,0.173913043478261,18
"k_kish<=5 & n_studi_model<=0 & !entita_STR",3,0.222222222222222,0.173913043478261,18
"!dominato_da_modello & !entita_MeSH",2,0.221052631578947,0.91304347826087,95
"!dominato_da_modello & !entita_MeSH & verso_gain",3,0.221052631578947,0.91304347826087,95
"k_kish<=5 & !dominato_da_modello & !entita_MeSH",3,0.220779220779221,0.739130434782609,77
"n_studi_model<=2 & !stessi_membri",2,0.220588235294118,0.652173913043478,68
"k_kish<=4 & !materiale_misto & controllo_veicolo",3,0.220588235294118,0.652173913043478,68
"k_kish<=4 & !ramo_anchor & controllo_veicolo",3,0.220588235294118,0.652173913043478,68
"n_studi_model<=2 & !stessi_membri & controllo_veicolo",3,0.220588235294118,0.652173913043478,68
"n_studi_model<=2 & !stessi_membri & verso_gain",3,0.220588235294118,0.652173913043478,68
"k_kish<=3 & n_studi_model<=1",2,0.220338983050847,0.565217391304348,59
"k_effective<=10 & k_kish<=3 & n_studi_model<=1",3,0.220338983050847,0.565217391304348,59
"k_kish<=3 & k_kish<=4 & n_studi_model<=1",3,0.220338983050847,0.565217391304348,59
"k_kish<=3 & k_kish<=5 & n_studi_model<=1",3,0.220338983050847,0.565217391304348,59
"k_kish<=3 & n_studi_model<=1 & n_studi_model<=2",3,0.220338983050847,0.565217391304348,59
"k_kish<=3 & n_studi_model<=1 & verso_gain",3,0.220338983050847,0.565217391304348,59
"k_kish<=3 & !dominato_da_modello & !entita_NCBITaxon",3,0.220338983050847,0.565217391304348,59
"I2_med<=70 & !dominato_da_modello",2,0.22,0.478260869565217,50
"I2_med<=70 & !entita_MeSH",2,0.22,0.478260869565217,50
"k_kish<=5 & n_studi_model<=1 & !entita_STR",3,0.22,0.478260869565217,50
"frazione_efficace>=0.5 & !stessi_membri & !entita_STR",3,0.22,0.478260869565217,50
"I2_med<=70 & !dominato_da_modello & verso_gain",3,0.22,0.478260869565217,50
"I2_med<=70 & !entita_MeSH & verso_gain",3,0.22,0.478260869565217,50
"!materiale_misto & !stessi_membri & !entita_STR",3,0.22,0.478260869565217,50
"k_effective<=8 & k_kish<=5 & controllo_veicolo",3,0.219512195121951,0.782608695652174,82
"k_effective<=4 & k_kish<=3 & I2_med<=70",3,0.219512195121951,0.391304347826087,41
"k_effective<=4 & n_studi_model<=1 & !entita_STR",3,0.219512195121951,0.391304347826087,41
"k_effective<=4 & !dominato_da_modello & !entita_STR",3,0.219512195121951,0.391304347826087,41
"k_effective<=5 & n_studi_model<=1 & !stessi_membri",3,0.219512195121951,0.391304347826087,41
"k_effective<=5 & !stessi_membri & !entita_MeSH",3,0.219512195121951,0.391304347826087,41
"k_kish<=4 & frazione_efficace>=0.5 & !stessi_membri",3,0.219512195121951,0.391304347826087,41
"k_kish<=4 & I2_med<=70 & !materiale_misto",3,0.219512195121951,0.391304347826087,41
"k_kish<=5 & I2_med<=70 & !materiale_misto",3,0.219512195121951,0.391304347826087,41
"I2_med<=70 & !materiale_misto & controllo_veicolo",3,0.219512195121951,0.391304347826087,41
"!entita_MeSH & controllo_veicolo",2,0.21875,0.91304347826087,96
"!entita_MeSH & controllo_veicolo & verso_gain",3,0.21875,0.91304347826087,96
"k_kish<=3 & !entita_NCBITaxon",2,0.21875,0.608695652173913,64
"!materiale_misto & !entita_STR",2,0.21875,0.608695652173913,64
"k_effective<=10 & k_kish<=3 & !entita_NCBITaxon",3,0.21875,0.608695652173913,64
"k_kish<=3 & k_kish<=4 & !entita_NCBITaxon",3,0.21875,0.608695652173913,64
"k_kish<=3 & k_kish<=5 & !entita_NCBITaxon",3,0.21875,0.608695652173913,64
"k_kish<=3 & !entita_NCBITaxon & verso_gain",3,0.21875,0.608695652173913,64
"!materiale_misto & !dominato_da_modello & !entita_STR",3,0.21875,0.608695652173913,64
"!materiale_misto & !entita_STR & controllo_veicolo",3,0.21875,0.608695652173913,64
"!materiale_misto & !entita_STR & verso_gain",3,0.21875,0.608695652173913,64
"k_effective<=4 & frazione_efficace>=0.6 & !dominato_da_modello",3,0.21875,0.304347826086957,32
"k_kish<=2 & n_studi_model<=2 & I2_med<=70",3,0.21875,0.304347826086957,32
"k_kish<=2 & I2_med<=70 & !entita_MeSH",3,0.21875,0.304347826086957,32
"k_kish<=2 & !ramo_anchor & controllo_veicolo",3,0.21875,0.304347826086957,32
"k_kish<=3 & n_studi_model<=1 & frazione_efficace>=0.6",3,0.21875,0.304347826086957,32
"I2_med<=70",1,0.218181818181818,0.521739130434783,55
"I2_med<=70 & verso_gain",2,0.218181818181818,0.521739130434783,55
"k_effective<=10 & !stessi_membri & !ramo_anchor",3,0.218181818181818,0.521739130434783,55
"k_kish<=3 & n_studi_model<=1 & !entita_MeSH",3,0.218181818181818,0.521739130434783,55
"k_kish<=3 & !materiale_misto & !entita_MeSH",3,0.218181818181818,0.521739130434783,55
"k_kish<=3 & !ramo_anchor & controllo_veicolo",3,0.218181818181818,0.521739130434783,55
"k_effective<=4 & !entita_STR",2,0.217391304347826,0.434782608695652,46
"k_effective<=4 & k_effective<=5 & !entita_STR",3,0.217391304347826,0.434782608695652,46
"k_effective<=4 & k_effective<=6 & !entita_STR",3,0.217391304347826,0.434782608695652,46
"k_effective<=4 & k_effective<=8 & !entita_STR",3,0.217391304347826,0.434782608695652,46
"k_effective<=4 & k_effective<=10 & !entita_STR",3,0.217391304347826,0.434782608695652,46
"k_effective<=4 & k_kish<=4 & !entita_STR",3,0.217391304347826,0.434782608695652,46
"k_effective<=4 & k_kish<=5 & !entita_STR",3,0.217391304347826,0.434782608695652,46
"k_effective<=4 & n_studi_model<=2 & !entita_STR",3,0.217391304347826,0.434782608695652,46
"k_effective<=4 & !entita_STR & controllo_veicolo",3,0.217391304347826,0.434782608695652,46
"k_effective<=4 & !entita_STR & verso_gain",3,0.217391304347826,0.434782608695652,46
"k_effective<=5 & k_kish<=4 & I2_med<=70",3,0.217391304347826,0.434782608695652,46
"k_effective<=5 & k_kish<=5 & I2_med<=70",3,0.217391304347826,0.434782608695652,46
"k_effective<=5 & n_studi_model<=1 & !entita_STR",3,0.217391304347826,0.434782608695652,46
"k_effective<=5 & I2_med<=70 & controllo_veicolo",3,0.217391304347826,0.434782608695652,46
"k_kish<=5 & I2_med<=70 & !ramo_anchor",3,0.217391304347826,0.434782608695652,46
"I2_med<=70 & !ramo_anchor & controllo_veicolo",3,0.217391304347826,0.434782608695652,46
"dominato & !entita_NCBITaxon & !ramo_anchor",3,0.217391304347826,0.434782608695652,46
"k_kish<=3 & frazione_efficace>=0.6 & !stessi_membri",3,0.217391304347826,0.217391304347826,23
"frazione_efficace>=0.5 & I2_med<=70 & !stessi_membri",3,0.217391304347826,0.217391304347826,23
"I2_med<=60 & !stessi_membri & !entita_MeSH",3,0.217391304347826,0.217391304347826,23
"I2_med<=60 & !stessi_membri & !ramo_anchor",3,0.217391304347826,0.217391304347826,23
"k_effective<=10 & k_kish<=5 & !dominato_da_modello",3,0.216867469879518,0.782608695652174,83
"k_effective<=5 & k_kish<=3 & !entita_MeSH",3,0.216666666666667,0.565217391304348,60
"k_effective<=6 & k_kish<=3 & !entita_MeSH",3,0.216666666666667,0.565217391304348,60
"k_effective<=10 & !stessi_membri & !entita_MeSH",3,0.216666666666667,0.565217391304348,60
"k_kish<=3 & !entita_MeSH & !entita_NCBITaxon",3,0.216666666666667,0.565217391304348,60
"!stessi_membri & !entita_NCBITaxon & !ramo_anchor",3,0.216666666666667,0.565217391304348,60
"k_kish<=4 & !entita_MeSH",2,0.216216216216216,0.695652173913043,74
"k_effective<=8 & k_kish<=4 & !dominato_da_modello",3,0.216216216216216,0.695652173913043,74
"k_effective<=10 & k_kish<=4 & !entita_MeSH",3,0.216216216216216,0.695652173913043,74
"k_kish<=4 & k_kish<=5 & !entita_MeSH",3,0.216216216216216,0.695652173913043,74
"k_kish<=4 & n_studi_model<=2 & !dominato_da_modello",3,0.216216216216216,0.695652173913043,74
"k_kish<=4 & !dominato_da_modello & !entita_NCBITaxon",3,0.216216216216216,0.695652173913043,74
"k_kish<=4 & !entita_MeSH & verso_gain",3,0.216216216216216,0.695652173913043,74
"k_effective<=5 & k_kish<=2",2,0.216216216216216,0.347826086956522,37
"k_effective<=6 & k_kish<=2",2,0.216216216216216,0.347826086956522,37
"k_kish<=2 & !dominato_da_modello",2,0.216216216216216,0.347826086956522,37
"k_effective<=5 & k_effective<=6 & k_kish<=2",3,0.216216216216216,0.347826086956522,37
"k_effective<=5 & k_effective<=8 & k_kish<=2",3,0.216216216216216,0.347826086956522,37
"k_effective<=5 & k_effective<=10 & k_kish<=2",3,0.216216216216216,0.347826086956522,37
"k_effective<=5 & k_kish<=2 & k_kish<=3",3,0.216216216216216,0.347826086956522,37
"k_effective<=5 & k_kish<=2 & k_kish<=4",3,0.216216216216216,0.347826086956522,37
"k_effective<=5 & k_kish<=2 & k_kish<=5",3,0.216216216216216,0.347826086956522,37
"k_effective<=5 & k_kish<=2 & n_studi_model<=2",3,0.216216216216216,0.347826086956522,37
"k_effective<=5 & k_kish<=2 & dominato",3,0.216216216216216,0.347826086956522,37
"k_effective<=5 & k_kish<=2 & verso_gain",3,0.216216216216216,0.347826086956522,37
"k_effective<=5 & !stessi_membri & !entita_STR",3,0.216216216216216,0.347826086956522,37
"k_effective<=6 & k_effective<=8 & k_kish<=2",3,0.216216216216216,0.347826086956522,37
"k_effective<=6 & k_effective<=10 & k_kish<=2",3,0.216216216216216,0.347826086956522,37
"k_effective<=6 & k_kish<=2 & k_kish<=3",3,0.216216216216216,0.347826086956522,37
"k_effective<=6 & k_kish<=2 & k_kish<=4",3,0.216216216216216,0.347826086956522,37
"k_effective<=6 & k_kish<=2 & k_kish<=5",3,0.216216216216216,0.347826086956522,37
"k_effective<=6 & k_kish<=2 & n_studi_model<=2",3,0.216216216216216,0.347826086956522,37
"k_effective<=6 & k_kish<=2 & dominato",3,0.216216216216216,0.347826086956522,37
"k_effective<=6 & k_kish<=2 & verso_gain",3,0.216216216216216,0.347826086956522,37
"k_effective<=8 & k_kish<=2 & !dominato_da_modello",3,0.216216216216216,0.347826086956522,37
"k_effective<=10 & k_kish<=2 & !dominato_da_modello",3,0.216216216216216,0.347826086956522,37
"k_kish<=2 & k_kish<=3 & !dominato_da_modello",3,0.216216216216216,0.347826086956522,37
"k_kish<=2 & k_kish<=4 & !dominato_da_modello",3,0.216216216216216,0.347826086956522,37
"k_kish<=2 & k_kish<=5 & !dominato_da_modello",3,0.216216216216216,0.347826086956522,37
"k_kish<=2 & n_studi_model<=2 & !entita_MeSH",3,0.216216216216216,0.347826086956522,37
"k_kish<=2 & dominato & !dominato_da_modello",3,0.216216216216216,0.347826086956522,37
"k_kish<=2 & !dominato_da_modello & !entita_MeSH",3,0.216216216216216,0.347826086956522,37
"k_kish<=2 & !dominato_da_modello & verso_gain",3,0.216216216216216,0.347826086956522,37
"k_effective<=10 & k_kish<=5",2,0.215909090909091,0.826086956521739,88
"k_effective<=10 & k_kish<=5 & verso_gain",3,0.215909090909091,0.826086956521739,88
"!dominato_da_modello",1,0.215686274509804,0.956521739130435,102
"!dominato_da_modello & verso_gain",2,0.215686274509804,0.956521739130435,102
"k_kish<=5 & !materiale_misto & !stessi_membri",3,0.215686274509804,0.478260869565217,51
"k_kish<=5 & !stessi_membri & !ramo_anchor",3,0.215686274509804,0.478260869565217,51
"k_effective<=8 & k_kish<=3 & n_studi_model<=2",3,0.215384615384615,0.608695652173913,65
"k_effective<=10 & !dominato_da_modello & !stessi_membri",3,0.215384615384615,0.608695652173913,65
"!entita_STR & !entita_NCBITaxon & !ramo_anchor",3,0.215384615384615,0.608695652173913,65
"k_effective<=8 & k_kish<=4",2,0.215189873417722,0.739130434782609,79
"k_kish<=4 & n_studi_model<=2",2,0.215189873417722,0.739130434782609,79
"k_kish<=4 & !entita_NCBITaxon",2,0.215189873417722,0.739130434782609,79
"k_effective<=8 & k_effective<=10 & k_kish<=4",3,0.215189873417722,0.739130434782609,79
"k_effective<=8 & k_kish<=4 & k_kish<=5",3,0.215189873417722,0.739130434782609,79
"k_effective<=8 & k_kish<=4 & verso_gain",3,0.215189873417722,0.739130434782609,79
"k_effective<=10 & k_kish<=4 & n_studi_model<=2",3,0.215189873417722,0.739130434782609,79
"k_effective<=10 & k_kish<=4 & !entita_NCBITaxon",3,0.215189873417722,0.739130434782609,79
"k_kish<=4 & k_kish<=5 & n_studi_model<=2",3,0.215189873417722,0.739130434782609,79
"k_kish<=4 & k_kish<=5 & !entita_NCBITaxon",3,0.215189873417722,0.739130434782609,79
"k_kish<=4 & n_studi_model<=2 & verso_gain",3,0.215189873417722,0.739130434782609,79
"k_kish<=4 & !entita_NCBITaxon & verso_gain",3,0.215189873417722,0.739130434782609,79
"k_kish<=5 & !entita_MeSH & controllo_veicolo",3,0.215189873417722,0.739130434782609,79
"!dominato_da_modello & !entita_MeSH & controllo_veicolo",3,0.21505376344086,0.869565217391304,93
"verso_gain",1,0.214953271028037,1,107
"k_kish<=5 & !dominato_da_modello",2,0.214285714285714,0.782608695652174,84
"k_kish<=5 & n_studi_model<=2 & controllo_veicolo",3,0.214285714285714,0.782608695652174,84
"k_kish<=5 & !dominato_da_modello & verso_gain",3,0.214285714285714,0.782608695652174,84
"k_kish<=5 & !entita_NCBITaxon & controllo_veicolo",3,0.214285714285714,0.782608695652174,84
"!dominato_da_modello & !entita_STR & !entita_NCBITaxon",3,0.214285714285714,0.652173913043478,70
"k_effective<=6 & k_kish<=4 & !entita_STR",3,0.214285714285714,0.521739130434783,56
"k_kish<=3 & !materiale_misto & controllo_veicolo",3,0.214285714285714,0.521739130434783,56
"!materiale_misto & !entita_STR & !ramo_anchor",3,0.214285714285714,0.521739130434783,56
"k_effective<=4 & k_kish<=4 & I2_med<=70",3,0.214285714285714,0.391304347826087,42
"k_effective<=4 & k_kish<=5 & I2_med<=70",3,0.214285714285714,0.391304347826087,42
"k_effective<=4 & I2_med<=70 & controllo_veicolo",3,0.214285714285714,0.391304347826087,42
"k_effective<=4 & dominato & !materiale_misto",3,0.214285714285714,0.391304347826087,42
"k_effective<=4 & !entita_STR & !entita_MeSH",3,0.214285714285714,0.391304347826087,42
"n_studi_model<=1 & dominato & !materiale_misto",3,0.214285714285714,0.391304347826087,42
"n_studi_model<=1 & dominato & !ramo_anchor",3,0.214285714285714,0.391304347826087,42
"dominato & !materiale_misto & !ramo_anchor",3,0.214285714285714,0.391304347826087,42
"k_effective<=3 & I2_med<=70 & dominato",3,0.214285714285714,0.260869565217391,28
"k_effective<=3 & I2_med<=70 & controllo_veicolo",3,0.214285714285714,0.260869565217391,28
"k_effective<=8 & I2_med<=60 & !entita_STR",3,0.214285714285714,0.260869565217391,28
"k_kish<=3 & frazione_efficace>=0.5 & !stessi_membri",3,0.214285714285714,0.260869565217391,28
"n_studi_model<=2 & I2_med<=50 & dominato",3,0.214285714285714,0.260869565217391,28
"n_studi_model<=2 & I2_med<=60 & !entita_STR",3,0.214285714285714,0.260869565217391,28
"I2_med<=50 & dominato & !entita_NCBITaxon",3,0.214285714285714,0.260869565217391,28
"I2_med<=60 & !entita_STR & !entita_NCBITaxon",3,0.214285714285714,0.260869565217391,28
"n_studi_model<=2 & frazione_efficace>=0.5 & materiale_misto",3,0.214285714285714,0.130434782608696,14
"n_studi_model<=2 & !stessi_membri & entita_STR",3,0.214285714285714,0.130434782608696,14
"dominato & stessi_membri & !entita_STR",3,0.214285714285714,0.130434782608696,14
"!materiale_misto & stessi_membri & !entita_STR",3,0.214285714285714,0.130434782608696,14
"!dominato_da_modello & stessi_membri & !entita_STR",3,0.214285714285714,0.130434782608696,14
"!stessi_membri & entita_STR & controllo_veicolo",3,0.214285714285714,0.130434782608696,14
"k_kish<=5",1,0.213483146067416,0.826086956521739,89
"k_kish<=5 & verso_gain",2,0.213483146067416,0.826086956521739,89
"!entita_STR & !entita_NCBITaxon",2,0.213333333333333,0.695652173913043,75
"!entita_STR & !entita_NCBITaxon & controllo_veicolo",3,0.213333333333333,0.695652173913043,75
"!entita_STR & !entita_NCBITaxon & verso_gain",3,0.213333333333333,0.695652173913043,75
"k_effective<=8 & k_kish<=3 & !dominato_da_modello",3,0.213114754098361,0.565217391304348,61
"k_effective<=10 & !entita_STR & !ramo_anchor",3,0.213114754098361,0.565217391304348,61
"k_kish<=3 & n_studi_model<=2 & !dominato_da_modello",3,0.213114754098361,0.565217391304348,61
"!stessi_membri & !entita_MeSH & !ramo_anchor",3,0.213114754098361,0.565217391304348,61
"k_effective<=4 & dominato & !entita_NCBITaxon",3,0.212765957446809,0.434782608695652,47
"k_effective<=6 & k_kish<=4 & !stessi_membri",3,0.212765957446809,0.434782608695652,47
"k_kish<=3 & !entita_STR & !entita_NCBITaxon",3,0.212765957446809,0.434782608695652,47
"k_kish<=4 & !materiale_misto & !stessi_membri",3,0.212765957446809,0.434782608695652,47
"I2_med<=70 & !dominato_da_modello & !entita_MeSH",3,0.212765957446809,0.434782608695652,47
"k_effective<=8 & k_kish<=3",2,0.212121212121212,0.608695652173913,66
"k_kish<=3 & n_studi_model<=2",2,0.212121212121212,0.608695652173913,66
"k_effective<=8 & k_effective<=10 & k_kish<=3",3,0.212121212121212,0.608695652173913,66
"k_effective<=8 & k_kish<=3 & k_kish<=4",3,0.212121212121212,0.608695652173913,66
"k_effective<=8 & k_kish<=3 & k_kish<=5",3,0.212121212121212,0.608695652173913,66
"k_effective<=8 & k_kish<=3 & verso_gain",3,0.212121212121212,0.608695652173913,66
"k_effective<=10 & k_kish<=3 & n_studi_model<=2",3,0.212121212121212,0.608695652173913,66
"k_effective<=10 & !dominato_da_modello & !entita_STR",3,0.212121212121212,0.608695652173913,66
"k_kish<=3 & k_kish<=4 & n_studi_model<=2",3,0.212121212121212,0.608695652173913,66
"k_kish<=3 & k_kish<=5 & n_studi_model<=2",3,0.212121212121212,0.608695652173913,66
"k_kish<=3 & n_studi_model<=2 & verso_gain",3,0.212121212121212,0.608695652173913,66
"k_kish<=4 & n_studi_model<=1 & controllo_veicolo",3,0.212121212121212,0.608695652173913,66
"!entita_STR & !entita_MeSH & !ramo_anchor",3,0.212121212121212,0.608695652173913,66
"k_kish<=2 & I2_med<=70",2,0.212121212121212,0.304347826086957,33
"k_effective<=4 & k_kish<=2 & controllo_veicolo",3,0.212121212121212,0.304347826086957,33
"k_effective<=4 & n_studi_model<=1 & frazione_efficace>=0.6",3,0.212121212121212,0.304347826086957,33
"k_effective<=4 & !stessi_membri & !entita_NCBITaxon",3,0.212121212121212,0.304347826086957,33
"k_effective<=8 & k_kish<=2 & I2_med<=70",3,0.212121212121212,0.304347826086957,33
"k_effective<=10 & k_kish<=2 & I2_med<=70",3,0.212121212121212,0.304347826086957,33
"k_kish<=2 & k_kish<=3 & I2_med<=70",3,0.212121212121212,0.304347826086957,33
"k_kish<=2 & k_kish<=4 & I2_med<=70",3,0.212121212121212,0.304347826086957,33
"k_kish<=2 & k_kish<=5 & I2_med<=70",3,0.212121212121212,0.304347826086957,33
"k_kish<=2 & n_studi_model<=1 & controllo_veicolo",3,0.212121212121212,0.304347826086957,33
"k_kish<=2 & I2_med<=70 & dominato",3,0.212121212121212,0.304347826086957,33
"k_kish<=2 & I2_med<=70 & verso_gain",3,0.212121212121212,0.304347826086957,33
"k_kish<=3 & frazione_efficace>=0.6 & !entita_NCBITaxon",3,0.212121212121212,0.304347826086957,33
"I2_med<=70 & dominato & !materiale_misto",3,0.212121212121212,0.304347826086957,33
"k_effective<=8 & k_kish<=5 & I2_med<=70",3,0.211538461538462,0.478260869565217,52
"k_effective<=8 & I2_med<=70 & controllo_veicolo",3,0.211538461538462,0.478260869565217,52
"k_kish<=5 & I2_med<=70 & !entita_NCBITaxon",3,0.211538461538462,0.478260869565217,52
"I2_med<=70 & !entita_NCBITaxon & controllo_veicolo",3,0.211538461538462,0.478260869565217,52
"k_effective<=10 & !entita_STR",2,0.211267605633803,0.652173913043478,71
"k_effective<=10 & !entita_STR & controllo_veicolo",3,0.211267605633803,0.652173913043478,71
"k_effective<=10 & !entita_STR & verso_gain",3,0.211267605633803,0.652173913043478,71
"k_kish<=4 & !dominato_da_modello & !entita_MeSH",3,0.211267605633803,0.652173913043478,71
"k_effective<=8 & k_kish<=5 & !stessi_membri",3,0.210526315789474,0.521739130434783,57
"k_kish<=2 & n_studi_model<=2",2,0.210526315789474,0.347826086956522,38
"k_kish<=2 & !entita_MeSH",2,0.210526315789474,0.347826086956522,38
"k_effective<=4 & I2_med<=70 & dominato",3,0.210526315789474,0.347826086956522,38
"k_effective<=8 & k_kish<=2 & n_studi_model<=2",3,0.210526315789474,0.347826086956522,38
"k_effective<=8 & k_kish<=2 & !entita_MeSH",3,0.210526315789474,0.347826086956522,38
"k_effective<=10 & k_kish<=2 & n_studi_model<=2",3,0.210526315789474,0.347826086956522,38
"k_effective<=10 & k_kish<=2 & !entita_MeSH",3,0.210526315789474,0.347826086956522,38
"k_kish<=2 & k_kish<=3 & n_studi_model<=2",3,0.210526315789474,0.347826086956522,38
"k_kish<=2 & k_kish<=3 & !entita_MeSH",3,0.210526315789474,0.347826086956522,38
"k_kish<=2 & k_kish<=4 & n_studi_model<=2",3,0.210526315789474,0.347826086956522,38
"k_kish<=2 & k_kish<=4 & !entita_MeSH",3,0.210526315789474,0.347826086956522,38
"k_kish<=2 & k_kish<=5 & n_studi_model<=2",3,0.210526315789474,0.347826086956522,38
"k_kish<=2 & k_kish<=5 & !entita_MeSH",3,0.210526315789474,0.347826086956522,38
"k_kish<=2 & n_studi_model<=2 & dominato",3,0.210526315789474,0.347826086956522,38
"k_kish<=2 & n_studi_model<=2 & verso_gain",3,0.210526315789474,0.347826086956522,38
"k_kish<=2 & dominato & !entita_MeSH",3,0.210526315789474,0.347826086956522,38
"k_kish<=2 & !entita_MeSH & verso_gain",3,0.210526315789474,0.347826086956522,38
"k_effective<=3 & I2_med<=50 & dominato",3,0.210526315789474,0.173913043478261,19
"k_effective<=3 & I2_med<=50 & controllo_veicolo",3,0.210526315789474,0.173913043478261,19
"k_effective<=3 & I2_med<=60 & !entita_STR",3,0.210526315789474,0.173913043478261,19
"k_effective<=8 & I2_med<=50 & !stessi_membri",3,0.210526315789474,0.173913043478261,19
"k_kish<=2 & I2_med<=60 & !entita_STR",3,0.210526315789474,0.173913043478261,19
"n_studi_model<=0 & dominato & controllo_veicolo",3,0.210526315789474,0.173913043478261,19
"n_studi_model<=1 & frazione_efficace>=0.6 & I2_med<=60",3,0.210526315789474,0.173913043478261,19
"n_studi_model<=1 & I2_med<=50 & !stessi_membri",3,0.210526315789474,0.173913043478261,19
"frazione_efficace>=0.6 & I2_med<=60 & !entita_NCBITaxon",3,0.210526315789474,0.173913043478261,19
"frazione_efficace>=0.6 & I2_med<=70 & !stessi_membri",3,0.210526315789474,0.173913043478261,19
"I2_med<=50 & !dominato_da_modello & !stessi_membri",3,0.210526315789474,0.173913043478261,19
"I2_med<=50 & !entita_STR & !entita_MeSH",3,0.210526315789474,0.173913043478261,19
"!dominato_da_modello & controllo_veicolo",2,0.21,0.91304347826087,100
"!dominato_da_modello & controllo_veicolo & verso_gain",3,0.21,0.91304347826087,100
"k_effective<=5 & k_kish<=3 & controllo_veicolo",3,0.209677419354839,0.565217391304348,62
"k_effective<=6 & k_kish<=3 & controllo_veicolo",3,0.209677419354839,0.565217391304348,62
"k_effective<=8 & k_kish<=5 & !entita_STR",3,0.209677419354839,0.565217391304348,62
"k_kish<=3 & n_studi_model<=2 & !entita_MeSH",3,0.209677419354839,0.565217391304348,62
"controllo_veicolo",1,0.20952380952381,0.956521739130435,105
"controllo_veicolo & verso_gain",2,0.20952380952381,0.956521739130435,105
"k_kish<=3 & n_studi_model<=1 & !entita_STR",3,0.209302325581395,0.391304347826087,43
"k_kish<=4 & n_studi_model<=1 & I2_med<=70",3,0.209302325581395,0.391304347826087,43
"k_effective<=10 & !stessi_membri",2,0.208955223880597,0.608695652173913,67
"k_effective<=10 & !stessi_membri & controllo_veicolo",3,0.208955223880597,0.608695652173913,67
"k_effective<=10 & !stessi_membri & verso_gain",3,0.208955223880597,0.608695652173913,67
"!stessi_membri & !entita_MeSH & !entita_NCBITaxon",3,0.208955223880597,0.608695652173913,67
"!entita_STR & !entita_MeSH",2,0.208333333333333,0.652173913043478,72
"!dominato_da_modello & !stessi_membri & !entita_NCBITaxon",3,0.208333333333333,0.652173913043478,72
"!entita_STR & !entita_MeSH & controllo_veicolo",3,0.208333333333333,0.652173913043478,72
"!entita_STR & !entita_MeSH & verso_gain",3,0.208333333333333,0.652173913043478,72
"k_effective<=5 & k_kish<=3 & !entita_STR",3,0.208333333333333,0.434782608695652,48
"k_effective<=5 & dominato & !ramo_anchor",3,0.208333333333333,0.434782608695652,48
"k_effective<=6 & k_kish<=3 & !entita_STR",3,0.208333333333333,0.434782608695652,48
"k_effective<=6 & k_kish<=4 & I2_med<=70",3,0.208333333333333,0.434782608695652,48
"k_effective<=6 & dominato & !ramo_anchor",3,0.208333333333333,0.434782608695652,48
"n_studi_model<=2 & dominato & !ramo_anchor",3,0.208333333333333,0.434782608695652,48
"k_effective<=4 & frazione_efficace>=0.6 & !stessi_membri",3,0.208333333333333,0.217391304347826,24
"n_studi_model<=1 & I2_med<=50 & dominato",3,0.208333333333333,0.217391304347826,24
"n_studi_model<=1 & I2_med<=60 & !entita_STR",3,0.208333333333333,0.217391304347826,24
"I2_med<=50 & dominato & !dominato_da_modello",3,0.208333333333333,0.217391304347826,24
"I2_med<=60 & dominato & !entita_STR",3,0.208333333333333,0.217391304347826,24
"I2_med<=60 & !dominato_da_modello & !entita_STR",3,0.208333333333333,0.217391304347826,24
"I2_med<=60 & !entita_STR & !entita_MeSH",3,0.208333333333333,0.217391304347826,24
"k_effective<=10 & k_kish<=5 & I2_med<=70",3,0.207547169811321,0.478260869565217,53
"k_effective<=10 & I2_med<=70 & controllo_veicolo",3,0.207547169811321,0.478260869565217,53
"k_kish<=5 & n_studi_model<=2 & I2_med<=70",3,0.207547169811321,0.478260869565217,53
"n_studi_model<=2 & I2_med<=70 & controllo_veicolo",3,0.207547169811321,0.478260869565217,53
"k_effective<=10 & k_kish<=5 & controllo_veicolo",3,0.206896551724138,0.782608695652174,87
"k_kish<=3 & n_studi_model<=1 & controllo_veicolo",3,0.206896551724138,0.521739130434783,58
"k_kish<=5 & !materiale_misto & !entita_STR",3,0.206896551724138,0.521739130434783,58
"k_kish<=5 & !entita_STR & !entita_MeSH",3,0.206896551724138,0.521739130434783,58
"k_kish<=5 & !entita_STR & !ramo_anchor",3,0.206896551724138,0.521739130434783,58
"I2_med<=50 & dominato",2,0.206896551724138,0.260869565217391,29
"I2_med<=60 & !entita_STR",2,0.206896551724138,0.260869565217391,29
"k_effective<=8 & I2_med<=50 & dominato",3,0.206896551724138,0.260869565217391,29
"k_effective<=10 & I2_med<=50 & dominato",3,0.206896551724138,0.260869565217391,29
"k_effective<=10 & I2_med<=60 & !entita_STR",3,0.206896551724138,0.260869565217391,29
"k_kish<=3 & I2_med<=50 & dominato",3,0.206896551724138,0.260869565217391,29
"k_kish<=3 & I2_med<=50 & controllo_veicolo",3,0.206896551724138,0.260869565217391,29
"k_kish<=4 & I2_med<=50 & dominato",3,0.206896551724138,0.260869565217391,29
"k_kish<=4 & I2_med<=60 & !entita_STR",3,0.206896551724138,0.260869565217391,29
"k_kish<=5 & I2_med<=50 & dominato",3,0.206896551724138,0.260869565217391,29
"k_kish<=5 & I2_med<=60 & !entita_STR",3,0.206896551724138,0.260869565217391,29
"I2_med<=50 & I2_med<=60 & dominato",3,0.206896551724138,0.260869565217391,29
"I2_med<=50 & I2_med<=70 & dominato",3,0.206896551724138,0.260869565217391,29
"I2_med<=50 & dominato & verso_gain",3,0.206896551724138,0.260869565217391,29
"I2_med<=60 & I2_med<=70 & !entita_STR",3,0.206896551724138,0.260869565217391,29
"I2_med<=60 & !entita_STR & controllo_veicolo",3,0.206896551724138,0.260869565217391,29
"I2_med<=60 & !entita_STR & verso_gain",3,0.206896551724138,0.260869565217391,29
"k_kish<=3 & !dominato_da_modello",2,0.206349206349206,0.565217391304348,63
"k_effective<=8 & k_kish<=3 & !entita_MeSH",3,0.206349206349206,0.565217391304348,63
"k_effective<=10 & k_kish<=3 & !dominato_da_modello",3,0.206349206349206,0.565217391304348,63
"k_kish<=3 & k_kish<=4 & !dominato_da_modello",3,0.206349206349206,0.565217391304348,63
"k_kish<=3 & k_kish<=5 & !dominato_da_modello",3,0.206349206349206,0.565217391304348,63
"k_kish<=3 & !dominato_da_modello & verso_gain",3,0.206349206349206,0.565217391304348,63
"k_kish<=3 & !entita_NCBITaxon & controllo_veicolo",3,0.206349206349206,0.565217391304348,63
"k_kish<=5 & n_studi_model<=2 & !entita_STR",3,0.206349206349206,0.565217391304348,63
"k_kish<=5 & !entita_STR & !entita_NCBITaxon",3,0.206349206349206,0.565217391304348,63
"!dominato_da_modello & !stessi_membri & !ramo_anchor",3,0.206349206349206,0.565217391304348,63
"k_kish<=3",1,0.205882352941176,0.608695652173913,68
"k_effective<=10 & k_kish<=3",2,0.205882352941176,0.608695652173913,68
"k_kish<=3 & k_kish<=4",2,0.205882352941176,0.608695652173913,68
"k_kish<=3 & k_kish<=5",2,0.205882352941176,0.608695652173913,68
"k_kish<=3 & verso_gain",2,0.205882352941176,0.608695652173913,68
"k_effective<=10 & k_kish<=3 & k_kish<=4",3,0.205882352941176,0.608695652173913,68
"k_effective<=10 & k_kish<=3 & k_kish<=5",3,0.205882352941176,0.608695652173913,68
"k_effective<=10 & k_kish<=3 & verso_gain",3,0.205882352941176,0.608695652173913,68
"k_kish<=3 & k_kish<=4 & k_kish<=5",3,0.205882352941176,0.608695652173913,68
"k_kish<=3 & k_kish<=4 & verso_gain",3,0.205882352941176,0.608695652173913,68
"k_kish<=3 & k_kish<=5 & verso_gain",3,0.205882352941176,0.608695652173913,68
"k_kish<=3 & frazione_efficace>=0.6",2,0.205882352941176,0.304347826086957,34
"k_effective<=4 & k_kish<=3 & frazione_efficace>=0.6",3,0.205882352941176,0.304347826086957,34
"k_effective<=4 & n_studi_model<=1 & !stessi_membri",3,0.205882352941176,0.304347826086957,34
"k_effective<=4 & frazione_efficace>=0.6 & !entita_NCBITaxon",3,0.205882352941176,0.304347826086957,34
"k_effective<=4 & !dominato_da_modello & !stessi_membri",3,0.205882352941176,0.304347826086957,34
"k_effective<=5 & k_kish<=3 & frazione_efficace>=0.6",3,0.205882352941176,0.304347826086957,34
"k_effective<=6 & k_kish<=3 & frazione_efficace>=0.6",3,0.205882352941176,0.304347826086957,34
"k_effective<=8 & k_kish<=3 & frazione_efficace>=0.6",3,0.205882352941176,0.304347826086957,34
"k_effective<=10 & k_kish<=3 & frazione_efficace>=0.6",3,0.205882352941176,0.304347826086957,34
"k_kish<=3 & k_kish<=4 & frazione_efficace>=0.6",3,0.205882352941176,0.304347826086957,34
"k_kish<=3 & k_kish<=5 & frazione_efficace>=0.6",3,0.205882352941176,0.304347826086957,34
"k_kish<=3 & n_studi_model<=2 & frazione_efficace>=0.6",3,0.205882352941176,0.304347826086957,34
"k_kish<=3 & frazione_efficace>=0.5 & frazione_efficace>=0.6",3,0.205882352941176,0.304347826086957,34
"k_kish<=3 & frazione_efficace>=0.6 & controllo_veicolo",3,0.205882352941176,0.304347826086957,34
"k_kish<=3 & frazione_efficace>=0.6 & verso_gain",3,0.205882352941176,0.304347826086957,34
"I2_med<=60 & dominato & controllo_veicolo",3,0.205882352941176,0.304347826086957,34
"k_kish<=4 & !entita_MeSH & controllo_veicolo",3,0.205479452054795,0.652173913043478,73
"!stessi_membri & !entita_NCBITaxon & controllo_veicolo",3,0.205479452054795,0.652173913043478,73
"k_kish<=4 & !dominato_da_modello",2,0.205128205128205,0.695652173913043,78
"k_effective<=8 & k_kish<=4 & controllo_veicolo",3,0.205128205128205,0.695652173913043,78
"k_effective<=10 & k_kish<=4 & !dominato_da_modello",3,0.205128205128205,0.695652173913043,78
"k_kish<=4 & k_kish<=5 & !dominato_da_modello",3,0.205128205128205,0.695652173913043,78
"k_kish<=4 & n_studi_model<=2 & controllo_veicolo",3,0.205128205128205,0.695652173913043,78
"k_kish<=4 & !dominato_da_modello & verso_gain",3,0.205128205128205,0.695652173913043,78
"k_kish<=4 & !entita_NCBITaxon & controllo_veicolo",3,0.205128205128205,0.695652173913043,78
"k_kish<=2",1,0.205128205128205,0.347826086956522,39
"k_effective<=8 & k_kish<=2",2,0.205128205128205,0.347826086956522,39
"k_effective<=10 & k_kish<=2",2,0.205128205128205,0.347826086956522,39
"k_kish<=2 & k_kish<=3",2,0.205128205128205,0.347826086956522,39
"k_kish<=2 & k_kish<=4",2,0.205128205128205,0.347826086956522,39
"k_kish<=2 & k_kish<=5",2,0.205128205128205,0.347826086956522,39
"k_kish<=2 & dominato",2,0.205128205128205,0.347826086956522,39
"k_kish<=2 & verso_gain",2,0.205128205128205,0.347826086956522,39
"k_effective<=8 & k_effective<=10 & k_kish<=2",3,0.205128205128205,0.347826086956522,39
"k_effective<=8 & k_kish<=2 & k_kish<=3",3,0.205128205128205,0.347826086956522,39
"k_effective<=8 & k_kish<=2 & k_kish<=4",3,0.205128205128205,0.347826086956522,39
"k_effective<=8 & k_kish<=2 & k_kish<=5",3,0.205128205128205,0.347826086956522,39
"k_effective<=8 & k_kish<=2 & dominato",3,0.205128205128205,0.347826086956522,39
"k_effective<=8 & k_kish<=2 & verso_gain",3,0.205128205128205,0.347826086956522,39
"k_effective<=10 & k_kish<=2 & k_kish<=3",3,0.205128205128205,0.347826086956522,39
"k_effective<=10 & k_kish<=2 & k_kish<=4",3,0.205128205128205,0.347826086956522,39
"k_effective<=10 & k_kish<=2 & k_kish<=5",3,0.205128205128205,0.347826086956522,39
"k_effective<=10 & k_kish<=2 & dominato",3,0.205128205128205,0.347826086956522,39
"k_effective<=10 & k_kish<=2 & verso_gain",3,0.205128205128205,0.347826086956522,39
"k_kish<=2 & k_kish<=3 & k_kish<=4",3,0.205128205128205,0.347826086956522,39
"k_kish<=2 & k_kish<=3 & k_kish<=5",3,0.205128205128205,0.347826086956522,39
"k_kish<=2 & k_kish<=3 & dominato",3,0.205128205128205,0.347826086956522,39
"k_kish<=2 & k_kish<=3 & verso_gain",3,0.205128205128205,0.347826086956522,39
"k_kish<=2 & k_kish<=4 & k_kish<=5",3,0.205128205128205,0.347826086956522,39
"k_kish<=2 & k_kish<=4 & dominato",3,0.205128205128205,0.347826086956522,39
"k_kish<=2 & k_kish<=4 & verso_gain",3,0.205128205128205,0.347826086956522,39
"k_kish<=2 & k_kish<=5 & dominato",3,0.205128205128205,0.347826086956522,39
"k_kish<=2 & k_kish<=5 & verso_gain",3,0.205128205128205,0.347826086956522,39
"k_kish<=2 & dominato & verso_gain",3,0.205128205128205,0.347826086956522,39
"k_kish<=3 & n_studi_model<=1 & I2_med<=70",3,0.205128205128205,0.347826086956522,39
"frazione_efficace>=0.5 & dominato & controllo_veicolo",3,0.205128205128205,0.347826086956522,39
"I2_med<=70 & dominato & !ramo_anchor",3,0.205128205128205,0.347826086956522,39
"k_kish<=4",1,0.204819277108434,0.739130434782609,83
"k_effective<=10 & k_kish<=4",2,0.204819277108434,0.739130434782609,83
"k_kish<=4 & k_kish<=5",2,0.204819277108434,0.739130434782609,83
"k_kish<=4 & verso_gain",2,0.204819277108434,0.739130434782609,83
"k_effective<=10 & k_kish<=4 & k_kish<=5",3,0.204819277108434,0.739130434782609,83
"k_effective<=10 & k_kish<=4 & verso_gain",3,0.204819277108434,0.739130434782609,83
"k_kish<=4 & k_kish<=5 & verso_gain",3,0.204819277108434,0.739130434782609,83
"k_kish<=5 & !dominato_da_modello & controllo_veicolo",3,0.204819277108434,0.739130434782609,83
"k_kish<=5 & controllo_veicolo",2,0.204545454545455,0.782608695652174,88
"k_kish<=5 & controllo_veicolo & verso_gain",3,0.204545454545455,0.782608695652174,88
"k_effective<=5 & k_kish<=3 & I2_med<=70",3,0.204545454545455,0.391304347826087,44
"k_effective<=6 & k_kish<=3 & I2_med<=70",3,0.204545454545455,0.391304347826087,44
"k_kish<=3 & !materiale_misto & !entita_STR",3,0.204545454545455,0.391304347826087,44
"k_kish<=3 & !entita_STR & !ramo_anchor",3,0.204545454545455,0.391304347826087,44
"k_effective<=4 & dominato & !entita_MeSH",3,0.204081632653061,0.434782608695652,49
"k_effective<=8 & k_kish<=3 & !entita_STR",3,0.204081632653061,0.434782608695652,49
"k_effective<=8 & dominato & !ramo_anchor",3,0.204081632653061,0.434782608695652,49
"k_kish<=3 & n_studi_model<=2 & !entita_STR",3,0.204081632653061,0.434782608695652,49
"k_kish<=4 & n_studi_model<=1 & !entita_STR",3,0.204081632653061,0.434782608695652,49
"k_kish<=5 & I2_med<=70 & !dominato_da_modello",3,0.204081632653061,0.434782608695652,49
"k_kish<=5 & I2_med<=70 & !entita_MeSH",3,0.204081632653061,0.434782608695652,49
"I2_med<=70 & !dominato_da_modello & controllo_veicolo",3,0.204081632653061,0.434782608695652,49
"I2_med<=70 & !entita_MeSH & controllo_veicolo",3,0.204081632653061,0.434782608695652,49
"dominato & !entita_MeSH & !ramo_anchor",3,0.204081632653061,0.434782608695652,49
"k_kish<=5 & I2_med<=70",2,0.203703703703704,0.478260869565217,54
"I2_med<=70 & controllo_veicolo",2,0.203703703703704,0.478260869565217,54
"k_effective<=10 & !stessi_membri & !entita_STR",3,0.203703703703704,0.478260869565217,54
"k_kish<=5 & I2_med<=70 & verso_gain",3,0.203703703703704,0.478260869565217,54
"I2_med<=70 & controllo_veicolo & verso_gain",3,0.203703703703704,0.478260869565217,54
"k_kish<=5 & n_studi_model<=2 & !stessi_membri",3,0.203389830508475,0.521739130434783,59
"!stessi_membri & !entita_STR & !entita_NCBITaxon",3,0.203389830508475,0.521739130434783,59
"k_kish<=3 & !entita_MeSH",2,0.203125,0.565217391304348,64
"k_effective<=10 & k_kish<=3 & !entita_MeSH",3,0.203125,0.565217391304348,64
"k_kish<=3 & k_kish<=4 & !entita_MeSH",3,0.203125,0.565217391304348,64
"k_kish<=3 & k_kish<=5 & !entita_MeSH",3,0.203125,0.565217391304348,64
"k_kish<=3 & !entita_MeSH & verso_gain",3,0.203125,0.565217391304348,64
"!dominato_da_modello & !entita_STR & !entita_MeSH",3,0.202898550724638,0.608695652173913,69
"!stessi_membri & !entita_NCBITaxon",2,0.202702702702703,0.652173913043478,74
"!stessi_membri & !entita_NCBITaxon & verso_gain",3,0.202702702702703,0.652173913043478,74
"!stessi_membri & !ramo_anchor",2,0.2,0.565217391304348,65
"k_effective<=8 & k_kish<=3 & controllo_veicolo",3,0.2,0.565217391304348,65
"k_kish<=3 & n_studi_model<=2 & controllo_veicolo",3,0.2,0.565217391304348,65
"!stessi_membri & !ramo_anchor & controllo_veicolo",3,0.2,0.565217391304348,65
"!stessi_membri & !ramo_anchor & verso_gain",3,0.2,0.565217391304348,65
"k_effective<=8 & k_kish<=4 & !entita_STR",3,0.2,0.521739130434783,60
"k_kish<=4 & n_studi_model<=2 & !entita_STR",3,0.2,0.521739130434783,60
"k_kish<=4 & !entita_STR & !entita_NCBITaxon",3,0.2,0.521739130434783,60
"k_kish<=5 & !stessi_membri & !entita_NCBITaxon",3,0.2,0.521739130434783,60
"k_kish<=4 & !materiale_misto & !entita_STR",3,0.2,0.478260869565217,55
"k_kish<=4 & !entita_STR & !entita_MeSH",3,0.2,0.478260869565217,55
"k_kish<=4 & !entita_STR & !ramo_anchor",3,0.2,0.478260869565217,55
"dominato & !ramo_anchor",2,0.2,0.434782608695652,50
"k_effective<=10 & dominato & !ramo_anchor",3,0.2,0.434782608695652,50
"k_kish<=3 & dominato & !ramo_anchor",3,0.2,0.434782608695652,50
"k_kish<=4 & I2_med<=70 & !entita_NCBITaxon",3,0.2,0.434782608695652,50
"k_kish<=4 & dominato & !ramo_anchor",3,0.2,0.434782608695652,50
"k_kish<=5 & dominato & !ramo_anchor",3,0.2,0.434782608695652,50
"dominato & !ramo_anchor & verso_gain",3,0.2,0.434782608695652,50
"k_kish<=3 & I2_med<=70 & !entita_NCBITaxon",3,0.2,0.391304347826087,45
"k_kish<=4 & n_studi_model<=1 & !stessi_membri",3,0.2,0.391304347826087,45
"k_kish<=4 & I2_med<=70 & !ramo_anchor",3,0.2,0.391304347826087,45
"dominato & !materiale_misto & !entita_NCBITaxon",3,0.2,0.391304347826087,45
"k_effective<=4 & frazione_efficace>=0.6",2,0.2,0.304347826086957,35
"k_effective<=3 & dominato & controllo_veicolo",3,0.2,0.304347826086957,35
"k_effective<=4 & k_effective<=5 & frazione_efficace>=0.6",3,0.2,0.304347826086957,35
"k_effective<=4 & k_effective<=6 & frazione_efficace>=0.6",3,0.2,0.304347826086957,35
"k_effective<=4 & k_effective<=8 & frazione_efficace>=0.6",3,0.2,0.304347826086957,35
"k_effective<=4 & k_effective<=10 & frazione_efficace>=0.6",3,0.2,0.304347826086957,35
"k_effective<=4 & k_kish<=3 & !stessi_membri",3,0.2,0.304347826086957,35
"k_effective<=4 & k_kish<=4 & frazione_efficace>=0.6",3,0.2,0.304347826086957,35
"k_effective<=4 & k_kish<=5 & frazione_efficace>=0.6",3,0.2,0.304347826086957,35
"k_effective<=4 & n_studi_model<=2 & frazione_efficace>=0.6",3,0.2,0.304347826086957,35
"k_effective<=4 & frazione_efficace>=0.5 & frazione_efficace>=0.6",3,0.2,0.304347826086957,35
"k_effective<=4 & frazione_efficace>=0.6 & controllo_veicolo",3,0.2,0.304347826086957,35
"k_effective<=4 & frazione_efficace>=0.6 & verso_gain",3,0.2,0.304347826086957,35
"k_kish<=2 & !entita_NCBITaxon & controllo_veicolo",3,0.2,0.304347826086957,35
"k_kish<=3 & frazione_efficace>=0.6 & !ramo_anchor",3,0.2,0.260869565217391,30
"k_kish<=4 & I2_med<=60 & !stessi_membri",3,0.2,0.217391304347826,25
"frazione_efficace>=0.5 & I2_med<=70 & !entita_STR",3,0.2,0.217391304347826,25
"frazione_efficace>=0.6 & I2_med<=60",2,0.2,0.173913043478261,20
"k_effective<=4 & I2_med<=60 & !stessi_membri",3,0.2,0.173913043478261,20
"k_effective<=6 & frazione_efficace>=0.6 & I2_med<=60",3,0.2,0.173913043478261,20
"k_effective<=8 & frazione_efficace>=0.6 & I2_med<=60",3,0.2,0.173913043478261,20
"k_effective<=10 & frazione_efficace>=0.6 & I2_med<=60",3,0.2,0.173913043478261,20
"k_effective<=10 & I2_med<=50 & !stessi_membri",3,0.2,0.173913043478261,20
"k_kish<=2 & I2_med<=50 & controllo_veicolo",3,0.2,0.173913043478261,20
"k_kish<=5 & frazione_efficace>=0.6 & I2_med<=60",3,0.2,0.173913043478261,20
"n_studi_model<=2 & frazione_efficace>=0.6 & I2_med<=60",3,0.2,0.173913043478261,20
"n_studi_model<=2 & I2_med<=50 & !stessi_membri",3,0.2,0.173913043478261,20
"frazione_efficace>=0.5 & frazione_efficace>=0.6 & I2_med<=60",3,0.2,0.173913043478261,20
"frazione_efficace>=0.6 & I2_med<=60 & I2_med<=70",3,0.2,0.173913043478261,20
"frazione_efficace>=0.6 & I2_med<=60 & controllo_veicolo",3,0.2,0.173913043478261,20
"frazione_efficace>=0.6 & I2_med<=60 & verso_gain",3,0.2,0.173913043478261,20
"I2_med<=50 & dominato & !entita_STR",3,0.2,0.173913043478261,20
"I2_med<=50 & !stessi_membri & !entita_NCBITaxon",3,0.2,0.173913043478261,20
"I2_med<=50 & !entita_STR & !ramo_anchor",3,0.2,0.173913043478261,20
"!stessi_membri & entita_STR",2,0.2,0.130434782608696,15
"k_effective<=3 & k_kish<=2 & !stessi_membri",3,0.2,0.130434782608696,15
"k_effective<=3 & I2_med<=50 & !entita_STR",3,0.2,0.130434782608696,15
"k_effective<=5 & n_studi_model<=0 & !entita_STR",3,0.2,0.130434782608696,15
"k_effective<=8 & frazione_efficace>=0.6 & entita_STR",3,0.2,0.130434782608696,15
"k_effective<=10 & frazione_efficace>=0.6 & entita_STR",3,0.2,0.130434782608696,15
"k_kish<=2 & I2_med<=50 & !entita_STR",3,0.2,0.130434782608696,15
"n_studi_model<=0 & !entita_STR & !ramo_anchor",3,0.2,0.130434782608696,15
"n_studi_model<=1 & frazione_efficace>=0.6 & I2_med<=50",3,0.2,0.130434782608696,15
"n_studi_model<=1 & frazione_efficace>=0.6 & entita_STR",3,0.2,0.130434782608696,15
"n_studi_model<=2 & frazione_efficace>=0.6 & entita_STR",3,0.2,0.130434782608696,15
"frazione_efficace>=0.6 & I2_med<=50 & !entita_NCBITaxon",3,0.2,0.130434782608696,15
"frazione_efficace>=0.6 & I2_med<=60 & !materiale_misto",3,0.2,0.130434782608696,15
"frazione_efficace>=0.6 & entita_STR & controllo_veicolo",3,0.2,0.130434782608696,15
"!dominato_da_modello & !stessi_membri & entita_STR",3,0.2,0.130434782608696,15
"!stessi_membri & entita_STR & !entita_MeSH",3,0.2,0.130434782608696,15
"!stessi_membri & entita_STR & !entita_NCBITaxon",3,0.2,0.130434782608696,15
"!stessi_membri & entita_STR & verso_gain",3,0.2,0.130434782608696,15
"frazione_efficace>=0.7 & I2_med<=60",2,0.2,0.0869565217391304,10
"!entita_STR & ramo_anchor",2,0.2,0.0869565217391304,10
"k_effective<=5 & frazione_efficace>=0.6 & entita_STR",3,0.2,0.0869565217391304,10
"k_effective<=5 & frazione_efficace>=0.7 & I2_med<=60",3,0.2,0.0869565217391304,10
"k_effective<=6 & frazione_efficace>=0.7 & I2_med<=60",3,0.2,0.0869565217391304,10
"k_effective<=6 & I2_med<=50 & materiale_misto",3,0.2,0.0869565217391304,10
"k_effective<=6 & !dominato_da_modello & ramo_anchor",3,0.2,0.0869565217391304,10
"k_effective<=8 & frazione_efficace>=0.5 & ramo_anchor",3,0.2,0.0869565217391304,10
"k_effective<=8 & frazione_efficace>=0.7 & I2_med<=60",3,0.2,0.0869565217391304,10
"k_effective<=8 & I2_med<=50 & materiale_misto",3,0.2,0.0869565217391304,10
"k_effective<=10 & frazione_efficace>=0.7 & I2_med<=60",3,0.2,0.0869565217391304,10
"k_effective<=10 & I2_med<=50 & materiale_misto",3,0.2,0.0869565217391304,10
"k_effective<=10 & !entita_STR & ramo_anchor",3,0.2,0.0869565217391304,10
"k_kish<=2 & frazione_efficace>=0.5 & !stessi_membri",3,0.2,0.0869565217391304,10
"k_kish<=4 & frazione_efficace>=0.7 & I2_med<=60",3,0.2,0.0869565217391304,10
"k_kish<=4 & !stessi_membri & entita_STR",3,0.2,0.0869565217391304,10
"k_kish<=5 & frazione_efficace>=0.5 & materiale_misto",3,0.2,0.0869565217391304,10
"k_kish<=5 & frazione_efficace>=0.7 & I2_med<=60",3,0.2,0.0869565217391304,10
"n_studi_model<=0 & frazione_efficace>=0.6 & I2_med<=70",3,0.2,0.0869565217391304,10
"n_studi_model<=0 & dominato & !entita_STR",3,0.2,0.0869565217391304,10
"n_studi_model<=1 & frazione_efficace>=0.5 & ramo_anchor",3,0.2,0.0869565217391304,10
"n_studi_model<=2 & frazione_efficace>=0.5 & ramo_anchor",3,0.2,0.0869565217391304,10
"n_studi_model<=2 & frazione_efficace>=0.7 & I2_med<=60",3,0.2,0.0869565217391304,10
"frazione_efficace>=0.5 & frazione_efficace>=0.7 & I2_med<=60",3,0.2,0.0869565217391304,10
"frazione_efficace>=0.5 & !stessi_membri & ramo_anchor",3,0.2,0.0869565217391304,10
"frazione_efficace>=0.6 & frazione_efficace>=0.7 & I2_med<=60",3,0.2,0.0869565217391304,10
"frazione_efficace>=0.6 & !stessi_membri & entita_STR",3,0.2,0.0869565217391304,10
"frazione_efficace>=0.7 & I2_med<=60 & I2_med<=70",3,0.2,0.0869565217391304,10
"frazione_efficace>=0.7 & I2_med<=60 & !entita_NCBITaxon",3,0.2,0.0869565217391304,10
"frazione_efficace>=0.7 & I2_med<=60 & controllo_veicolo",3,0.2,0.0869565217391304,10
"frazione_efficace>=0.7 & I2_med<=60 & verso_gain",3,0.2,0.0869565217391304,10
"frazione_efficace>=0.7 & I2_med<=70 & !materiale_misto",3,0.2,0.0869565217391304,10
"frazione_efficace>=0.7 & I2_med<=70 & !dominato_da_modello",3,0.2,0.0869565217391304,10
"I2_med<=60 & materiale_misto & !entita_MeSH",3,0.2,0.0869565217391304,10
"!materiale_misto & !stessi_membri & ramo_anchor",3,0.2,0.0869565217391304,10
"!entita_STR & !entita_NCBITaxon & ramo_anchor",3,0.2,0.0869565217391304,10
"!entita_STR & ramo_anchor & controllo_veicolo",3,0.2,0.0869565217391304,10
"!entita_STR & ramo_anchor & verso_gain",3,0.2,0.0869565217391304,10
"!entita_STR",1,0.197530864197531,0.695652173913043,81
"!entita_STR & controllo_veicolo",2,0.197530864197531,0.695652173913043,81
"!entita_STR & verso_gain",2,0.197530864197531,0.695652173913043,81
"!entita_STR & controllo_veicolo & verso_gain",3,0.197530864197531,0.695652173913043,81
"!dominato_da_modello & !entita_STR",2,0.197368421052632,0.652173913043478,76
"!dominato_da_modello & !stessi_membri & controllo_veicolo",3,0.197368421052632,0.652173913043478,76
"!dominato_da_modello & !entita_STR & controllo_veicolo",3,0.197368421052632,0.652173913043478,76
"!dominato_da_modello & !entita_STR & verso_gain",3,0.197368421052632,0.652173913043478,76
"!entita_STR & !ramo_anchor",2,0.197183098591549,0.608695652173913,71
"!dominato_da_modello & !stessi_membri & !entita_MeSH",3,0.197183098591549,0.608695652173913,71
"!stessi_membri & !entita_MeSH & controllo_veicolo",3,0.197183098591549,0.608695652173913,71
"!entita_STR & !ramo_anchor & controllo_veicolo",3,0.197183098591549,0.608695652173913,71
"!entita_STR & !ramo_anchor & verso_gain",3,0.197183098591549,0.608695652173913,71
"k_kish<=3 & !dominato_da_modello & !entita_MeSH",3,0.19672131147541,0.521739130434783,61
"k_kish<=5 & !dominato_da_modello & !stessi_membri",3,0.19672131147541,0.521739130434783,61
"k_kish<=5 & !stessi_membri & !entita_MeSH",3,0.196428571428571,0.478260869565217,56
"k_effective<=4 & dominato",2,0.196078431372549,0.434782608695652,51
"k_kish<=3 & !entita_STR",2,0.196078431372549,0.434782608695652,51
"k_effective<=4 & k_effective<=5 & dominato",3,0.196078431372549,0.434782608695652,51
"k_effective<=4 & k_effective<=6 & dominato",3,0.196078431372549,0.434782608695652,51
"k_effective<=4 & k_effective<=8 & dominato",3,0.196078431372549,0.434782608695652,51
"k_effective<=4 & k_effective<=10 & dominato",3,0.196078431372549,0.434782608695652,51
"k_effective<=4 & k_kish<=3 & dominato",3,0.196078431372549,0.434782608695652,51
"k_effective<=4 & k_kish<=4 & dominato",3,0.196078431372549,0.434782608695652,51
"k_effective<=4 & k_kish<=5 & dominato",3,0.196078431372549,0.434782608695652,51
"k_effective<=4 & n_studi_model<=2 & dominato",3,0.196078431372549,0.434782608695652,51
"k_effective<=4 & dominato & verso_gain",3,0.196078431372549,0.434782608695652,51
"k_effective<=8 & k_kish<=4 & I2_med<=70",3,0.196078431372549,0.434782608695652,51
"k_effective<=10 & k_kish<=3 & !entita_STR",3,0.196078431372549,0.434782608695652,51
"k_kish<=3 & k_kish<=4 & !entita_STR",3,0.196078431372549,0.434782608695652,51
"k_kish<=3 & k_kish<=5 & !entita_STR",3,0.196078431372549,0.434782608695652,51
"k_kish<=3 & !entita_STR & controllo_veicolo",3,0.196078431372549,0.434782608695652,51
"k_kish<=3 & !entita_STR & verso_gain",3,0.196078431372549,0.434782608695652,51
"k_kish<=4 & n_studi_model<=2 & I2_med<=70",3,0.196078431372549,0.434782608695652,51
"k_effective<=4 & n_studi_model<=1 & dominato",3,0.195652173913043,0.391304347826087,46
"k_effective<=4 & dominato & !dominato_da_modello",3,0.195652173913043,0.391304347826087,46
"k_effective<=5 & dominato & !materiale_misto",3,0.195652173913043,0.391304347826087,46
"k_effective<=6 & dominato & !materiale_misto",3,0.195652173913043,0.391304347826087,46
"k_kish<=3 & n_studi_model<=2 & I2_med<=70",3,0.195652173913043,0.391304347826087,46
"k_kish<=3 & !dominato_da_modello & !entita_STR",3,0.195652173913043,0.391304347826087,46
"dominato & !dominato_da_modello & !ramo_anchor",3,0.195652173913043,0.391304347826087,46
"k_kish<=4 & controllo_veicolo",2,0.195121951219512,0.695652173913043,82
"k_effective<=10 & k_kish<=4 & controllo_veicolo",3,0.195121951219512,0.695652173913043,82
"k_kish<=4 & k_kish<=5 & controllo_veicolo",3,0.195121951219512,0.695652173913043,82
"k_kish<=4 & controllo_veicolo & verso_gain",3,0.195121951219512,0.695652173913043,82
"k_effective<=5 & I2_med<=70 & dominato",3,0.195121951219512,0.347826086956522,41
"k_effective<=6 & I2_med<=70 & dominato",3,0.195121951219512,0.347826086956522,41
"k_kish<=3 & I2_med<=70 & !ramo_anchor",3,0.195121951219512,0.347826086956522,41
"!dominato_da_modello & !stessi_membri",2,0.194805194805195,0.652173913043478,77
"k_kish<=4 & !dominato_da_modello & controllo_veicolo",3,0.194805194805195,0.652173913043478,77
"!dominato_da_modello & !stessi_membri & verso_gain",3,0.194805194805195,0.652173913043478,77
"!stessi_membri & !entita_MeSH",2,0.194444444444444,0.608695652173913,72
"!stessi_membri & !entita_MeSH & verso_gain",3,0.194444444444444,0.608695652173913,72
"k_effective<=4 & !stessi_membri",2,0.194444444444444,0.304347826086957,36
"k_effective<=4 & k_effective<=5 & !stessi_membri",3,0.194444444444444,0.304347826086957,36
"k_effective<=4 & k_effective<=6 & !stessi_membri",3,0.194444444444444,0.304347826086957,36
"k_effective<=4 & k_effective<=8 & !stessi_membri",3,0.194444444444444,0.304347826086957,36
"k_effective<=4 & k_effective<=10 & !stessi_membri",3,0.194444444444444,0.304347826086957,36
"k_effective<=4 & k_kish<=4 & !stessi_membri",3,0.194444444444444,0.304347826086957,36
"k_effective<=4 & k_kish<=5 & !stessi_membri",3,0.194444444444444,0.304347826086957,36
"k_effective<=4 & n_studi_model<=2 & !stessi_membri",3,0.194444444444444,0.304347826086957,36
"k_effective<=4 & !stessi_membri & controllo_veicolo",3,0.194444444444444,0.304347826086957,36
"k_effective<=4 & !stessi_membri & verso_gain",3,0.194444444444444,0.304347826086957,36
"k_effective<=5 & k_kish<=2 & controllo_veicolo",3,0.194444444444444,0.304347826086957,36
"k_effective<=6 & k_kish<=2 & controllo_veicolo",3,0.194444444444444,0.304347826086957,36
"k_kish<=2 & !dominato_da_modello & controllo_veicolo",3,0.194444444444444,0.304347826086957,36
"n_studi_model<=1 & I2_med<=70 & dominato",3,0.194444444444444,0.304347826086957,36
"k_kish<=3 & controllo_veicolo",2,0.194029850746269,0.565217391304348,67
"k_kish<=5 & !entita_STR",2,0.194029850746269,0.565217391304348,67
"k_effective<=10 & k_kish<=3 & controllo_veicolo",3,0.194029850746269,0.565217391304348,67
"k_effective<=10 & k_kish<=5 & !entita_STR",3,0.194029850746269,0.565217391304348,67
"k_kish<=3 & k_kish<=4 & controllo_veicolo",3,0.194029850746269,0.565217391304348,67
"k_kish<=3 & k_kish<=5 & controllo_veicolo",3,0.194029850746269,0.565217391304348,67
"k_kish<=3 & controllo_veicolo & verso_gain",3,0.194029850746269,0.565217391304348,67
"k_kish<=5 & !entita_STR & controllo_veicolo",3,0.194029850746269,0.565217391304348,67
"k_kish<=5 & !entita_STR & verso_gain",3,0.194029850746269,0.565217391304348,67
"!dominato_da_modello & !entita_STR & !ramo_anchor",3,0.194029850746269,0.565217391304348,67
"k_effective<=10 & k_kish<=5 & !stessi_membri",3,0.193548387096774,0.521739130434783,62
"k_kish<=3 & !dominato_da_modello & controllo_veicolo",3,0.193548387096774,0.521739130434783,62
"k_kish<=5 & !dominato_da_modello & !entita_STR",3,0.193548387096774,0.521739130434783,62
"!dominato_da_modello & !stessi_membri & !entita_STR",3,0.193548387096774,0.521739130434783,62
"k_effective<=4 & frazione_efficace>=0.6 & !ramo_anchor",3,0.193548387096774,0.260869565217391,31
"k_effective<=4 & !stessi_membri & !entita_STR",3,0.193548387096774,0.260869565217391,31
"k_effective<=4 & !stessi_membri & !ramo_anchor",3,0.193548387096774,0.260869565217391,31
"n_studi_model<=1 & I2_med<=70 & !stessi_membri",3,0.193548387096774,0.260869565217391,31
"!stessi_membri & !entita_STR & !entita_MeSH",3,0.192982456140351,0.478260869565217,57
"!stessi_membri & controllo_veicolo",2,0.192307692307692,0.652173913043478,78
"!stessi_membri & controllo_veicolo & verso_gain",3,0.192307692307692,0.652173913043478,78
"k_kish<=4 & I2_med<=70",2,0.192307692307692,0.434782608695652,52
"k_effective<=5 & dominato & !entita_NCBITaxon",3,0.192307692307692,0.434782608695652,52
"k_effective<=6 & dominato & !entita_NCBITaxon",3,0.192307692307692,0.434782608695652,52
"k_effective<=10 & k_kish<=4 & I2_med<=70",3,0.192307692307692,0.434782608695652,52
"k_kish<=4 & k_kish<=5 & I2_med<=70",3,0.192307692307692,0.434782608695652,52
"k_kish<=4 & I2_med<=70 & verso_gain",3,0.192307692307692,0.434782608695652,52
"I2_med<=60 & !entita_STR & !ramo_anchor",3,0.192307692307692,0.217391304347826,26
"k_kish<=3 & I2_med<=70",2,0.191489361702128,0.391304347826087,47
"k_effective<=8 & k_kish<=3 & I2_med<=70",3,0.191489361702128,0.391304347826087,47
"k_effective<=10 & k_kish<=3 & I2_med<=70",3,0.191489361702128,0.391304347826087,47
"k_kish<=3 & k_kish<=4 & I2_med<=70",3,0.191489361702128,0.391304347826087,47
"k_kish<=3 & k_kish<=5 & I2_med<=70",3,0.191489361702128,0.391304347826087,47
"k_kish<=3 & I2_med<=70 & verso_gain",3,0.191489361702128,0.391304347826087,47
"k_kish<=3 & !entita_STR & !entita_MeSH",3,0.191489361702128,0.391304347826087,47
"k_kish<=4 & I2_med<=70 & !dominato_da_modello",3,0.191489361702128,0.391304347826087,47
"k_kish<=4 & I2_med<=70 & !entita_MeSH",3,0.191489361702128,0.391304347826087,47
"k_kish<=4 & !stessi_membri & !ramo_anchor",3,0.191489361702128,0.391304347826087,47
"n_studi_model<=1 & dominato & !dominato_da_modello",3,0.191489361702128,0.391304347826087,47
"n_studi_model<=1 & dominato & !entita_NCBITaxon",3,0.191489361702128,0.391304347826087,47
"n_studi_model<=2 & dominato & !materiale_misto",3,0.191489361702128,0.391304347826087,47
"k_kish<=5 & !stessi_membri",2,0.19047619047619,0.521739130434783,63
"k_kish<=3 & !entita_MeSH & controllo_veicolo",3,0.19047619047619,0.521739130434783,63
"k_kish<=5 & !stessi_membri & controllo_veicolo",3,0.19047619047619,0.521739130434783,63
"k_kish<=5 & !stessi_membri & verso_gain",3,0.19047619047619,0.521739130434783,63
"k_kish<=3 & I2_med<=70 & !dominato_da_modello",3,0.19047619047619,0.347826086956522,42
"I2_med<=70 & dominato & !entita_MeSH",3,0.19047619047619,0.347826086956522,42
"I2_med<=70 & dominato & !entita_NCBITaxon",3,0.19047619047619,0.347826086956522,42
"I2_med<=50 & !stessi_membri",2,0.19047619047619,0.173913043478261,21
"k_effective<=3 & I2_med<=70 & !entita_STR",3,0.19047619047619,0.173913043478261,21
"k_effective<=3 & dominato & !stessi_membri",3,0.19047619047619,0.173913043478261,21
"k_kish<=3 & I2_med<=60 & !stessi_membri",3,0.19047619047619,0.173913043478261,21
"k_kish<=5 & I2_med<=50 & !stessi_membri",3,0.19047619047619,0.173913043478261,21
"I2_med<=50 & I2_med<=60 & !stessi_membri",3,0.19047619047619,0.173913043478261,21
"I2_med<=50 & I2_med<=70 & !stessi_membri",3,0.19047619047619,0.173913043478261,21
"I2_med<=50 & !stessi_membri & controllo_veicolo",3,0.19047619047619,0.173913043478261,21
"I2_med<=50 & !stessi_membri & verso_gain",3,0.19047619047619,0.173913043478261,21
"!stessi_membri",1,0.189873417721519,0.652173913043478,79
"!stessi_membri & verso_gain",2,0.189873417721519,0.652173913043478,79
"k_kish<=2 & n_studi_model<=2 & controllo_veicolo",3,0.189189189189189,0.304347826086957,37
"k_kish<=2 & !entita_MeSH & controllo_veicolo",3,0.189189189189189,0.304347826086957,37
"k_kish<=3 & !materiale_misto & !stessi_membri",3,0.189189189189189,0.304347826086957,37
"k_effective<=8 & k_kish<=4 & !stessi_membri",3,0.188679245283019,0.434782608695652,53
"k_kish<=4 & n_studi_model<=2 & !stessi_membri",3,0.188679245283019,0.434782608695652,53
"k_kish<=5 & I2_med<=70 & controllo_veicolo",3,0.188679245283019,0.434782608695652,53
"k_kish<=4 & !entita_STR",2,0.1875,0.521739130434783,64
"!stessi_membri & !entita_STR",2,0.1875,0.521739130434783,64
"k_effective<=10 & k_kish<=4 & !entita_STR",3,0.1875,0.521739130434783,64
"k_kish<=4 & k_kish<=5 & !entita_STR",3,0.1875,0.521739130434783,64
"k_kish<=4 & !entita_STR & controllo_veicolo",3,0.1875,0.521739130434783,64
"k_kish<=4 & !entita_STR & verso_gain",3,0.1875,0.521739130434783,64
"!stessi_membri & !entita_STR & controllo_veicolo",3,0.1875,0.521739130434783,64
"!stessi_membri & !entita_STR & verso_gain",3,0.1875,0.521739130434783,64
"k_effective<=8 & dominato & !materiale_misto",3,0.1875,0.391304347826087,48
"k_effective<=4 & frazione_efficace>=0.6 & !entita_MeSH",3,0.1875,0.260869565217391,32
"k_effective<=4 & I2_med<=70 & !entita_STR",3,0.1875,0.260869565217391,32
"k_effective<=6 & I2_med<=70 & !stessi_membri",3,0.1875,0.260869565217391,32
"k_kish<=2 & I2_med<=70 & controllo_veicolo",3,0.1875,0.260869565217391,32
"k_kish<=3 & frazione_efficace>=0.6 & !entita_MeSH",3,0.1875,0.260869565217391,32
"frazione_efficace>=0.6 & I2_med<=50",2,0.1875,0.130434782608696,16
"frazione_efficace>=0.6 & entita_STR",2,0.1875,0.130434782608696,16
"k_effective<=6 & frazione_efficace>=0.6 & I2_med<=50",3,0.1875,0.130434782608696,16
"k_effective<=8 & frazione_efficace>=0.6 & I2_med<=50",3,0.1875,0.130434782608696,16
"k_effective<=10 & frazione_efficace>=0.6 & I2_med<=50",3,0.1875,0.130434782608696,16
"k_kish<=2 & I2_med<=60 & !stessi_membri",3,0.1875,0.130434782608696,16
"k_kish<=3 & entita_STR & controllo_veicolo",3,0.1875,0.130434782608696,16
"k_kish<=5 & frazione_efficace>=0.6 & I2_med<=50",3,0.1875,0.130434782608696,16
"n_studi_model<=2 & frazione_efficace>=0.6 & I2_med<=50",3,0.1875,0.130434782608696,16
"n_studi_model<=2 & materiale_misto & !ramo_anchor",3,0.1875,0.130434782608696,16
"frazione_efficace>=0.5 & frazione_efficace>=0.6 & I2_med<=50",3,0.1875,0.130434782608696,16
"frazione_efficace>=0.5 & frazione_efficace>=0.6 & entita_STR",3,0.1875,0.130434782608696,16
"frazione_efficace>=0.5 & materiale_misto & !ramo_anchor",3,0.1875,0.130434782608696,16
"frazione_efficace>=0.6 & I2_med<=50 & I2_med<=60",3,0.1875,0.130434782608696,16
"frazione_efficace>=0.6 & I2_med<=50 & I2_med<=70",3,0.1875,0.130434782608696,16
"frazione_efficace>=0.6 & I2_med<=50 & controllo_veicolo",3,0.1875,0.130434782608696,16
"frazione_efficace>=0.6 & I2_med<=50 & verso_gain",3,0.1875,0.130434782608696,16
"frazione_efficace>=0.6 & !dominato_da_modello & entita_STR",3,0.1875,0.130434782608696,16
"frazione_efficace>=0.6 & entita_STR & !entita_MeSH",3,0.1875,0.130434782608696,16
"frazione_efficace>=0.6 & entita_STR & !entita_NCBITaxon",3,0.1875,0.130434782608696,16
"frazione_efficace>=0.6 & entita_STR & verso_gain",3,0.1875,0.130434782608696,16
"dominato & entita_STR & controllo_veicolo",3,0.1875,0.130434782608696,16
"k_kish<=4 & !dominato_da_modello & !entita_STR",3,0.186440677966102,0.478260869565217,59
"n_studi_model<=2 & I2_med<=70 & dominato",3,0.186046511627907,0.347826086956522,43
"k_effective<=5 & dominato & !entita_MeSH",3,0.185185185185185,0.434782608695652,54
"k_effective<=6 & dominato & !entita_MeSH",3,0.185185185185185,0.434782608695652,54
"k_kish<=4 & !stessi_membri & !entita_NCBITaxon",3,0.185185185185185,0.434782608695652,54
"n_studi_model<=2 & dominato & !entita_NCBITaxon",3,0.185185185185185,0.434782608695652,54
"dominato & !entita_MeSH & !entita_NCBITaxon",3,0.185185185185185,0.434782608695652,54
"frazione_efficace>=0.5 & dominato & !entita_STR",3,0.185185185185185,0.217391304347826,27
"I2_med<=70 & !materiale_misto & !stessi_membri",3,0.185185185185185,0.217391304347826,27
"k_kish<=2 & controllo_veicolo",2,0.184210526315789,0.304347826086957,38
"k_effective<=8 & k_kish<=2 & controllo_veicolo",3,0.184210526315789,0.304347826086957,38
"k_effective<=10 & k_kish<=2 & controllo_veicolo",3,0.184210526315789,0.304347826086957,38
"k_kish<=2 & k_kish<=3 & controllo_veicolo",3,0.184210526315789,0.304347826086957,38
"k_kish<=2 & k_kish<=4 & controllo_veicolo",3,0.184210526315789,0.304347826086957,38
"k_kish<=2 & k_kish<=5 & controllo_veicolo",3,0.184210526315789,0.304347826086957,38
"k_kish<=2 & dominato & controllo_veicolo",3,0.184210526315789,0.304347826086957,38
"k_kish<=2 & controllo_veicolo & verso_gain",3,0.184210526315789,0.304347826086957,38
"k_kish<=3 & n_studi_model<=1 & !stessi_membri",3,0.184210526315789,0.304347826086957,38
"dominato & !materiale_misto",2,0.183673469387755,0.391304347826087,49
"k_effective<=10 & dominato & !materiale_misto",3,0.183673469387755,0.391304347826087,49
"k_kish<=3 & dominato & !materiale_misto",3,0.183673469387755,0.391304347826087,49
"k_kish<=4 & dominato & !materiale_misto",3,0.183673469387755,0.391304347826087,49
"k_kish<=5 & dominato & !materiale_misto",3,0.183673469387755,0.391304347826087,49
"n_studi_model<=1 & dominato & !entita_MeSH",3,0.183673469387755,0.391304347826087,49
"dominato & !materiale_misto & !dominato_da_modello",3,0.183673469387755,0.391304347826087,49
"dominato & !materiale_misto & !entita_MeSH",3,0.183673469387755,0.391304347826087,49
"dominato & !materiale_misto & verso_gain",3,0.183673469387755,0.391304347826087,49
"dominato & !ramo_anchor & controllo_veicolo",3,0.183673469387755,0.391304347826087,49
"k_effective<=8 & dominato & !entita_NCBITaxon",3,0.181818181818182,0.434782608695652,55
"k_kish<=4 & !dominato_da_modello & !stessi_membri",3,0.181818181818182,0.434782608695652,55
"I2_med<=70 & dominato",2,0.181818181818182,0.347826086956522,44
"k_effective<=8 & I2_med<=70 & dominato",3,0.181818181818182,0.347826086956522,44
"k_effective<=10 & I2_med<=70 & dominato",3,0.181818181818182,0.347826086956522,44
"k_kish<=3 & I2_med<=70 & dominato",3,0.181818181818182,0.347826086956522,44
"k_kish<=3 & I2_med<=70 & !entita_MeSH",3,0.181818181818182,0.347826086956522,44
"k_kish<=4 & I2_med<=70 & dominato",3,0.181818181818182,0.347826086956522,44
"k_kish<=5 & I2_med<=70 & dominato",3,0.181818181818182,0.347826086956522,44
"I2_med<=70 & dominato & verso_gain",3,0.181818181818182,0.347826086956522,44
"k_effective<=4 & !stessi_membri & !entita_MeSH",3,0.181818181818182,0.260869565217391,33
"k_kish<=2 & n_studi_model<=1 & !entita_STR",3,0.181818181818182,0.173913043478261,22
"k_kish<=2 & !materiale_misto & !entita_STR",3,0.181818181818182,0.173913043478261,22
"frazione_efficace>=0.6 & I2_med<=70 & !dominato_da_modello",3,0.181818181818182,0.173913043478261,22
"k_effective<=6 & materiale_misto",2,0.181818181818182,0.0869565217391304,11
"k_effective<=6 & ramo_anchor",2,0.181818181818182,0.0869565217391304,11
"I2_med<=50 & materiale_misto",2,0.181818181818182,0.0869565217391304,11
"k_effective<=3 & k_kish<=2 & frazione_efficace>=0.6",3,0.181818181818182,0.0869565217391304,11
"k_effective<=3 & stessi_membri & !entita_STR",3,0.181818181818182,0.0869565217391304,11
"k_effective<=4 & frazione_efficace>=0.6 & stessi_membri",3,0.181818181818182,0.0869565217391304,11
"k_effective<=6 & k_effective<=8 & materiale_misto",3,0.181818181818182,0.0869565217391304,11
"k_effective<=6 & k_effective<=8 & ramo_anchor",3,0.181818181818182,0.0869565217391304,11
"k_effective<=6 & k_effective<=10 & materiale_misto",3,0.181818181818182,0.0869565217391304,11
"k_effective<=6 & k_effective<=10 & ramo_anchor",3,0.181818181818182,0.0869565217391304,11
"k_effective<=6 & k_kish<=5 & materiale_misto",3,0.181818181818182,0.0869565217391304,11
"k_effective<=6 & n_studi_model<=1 & ramo_anchor",3,0.181818181818182,0.0869565217391304,11
"k_effective<=6 & n_studi_model<=2 & materiale_misto",3,0.181818181818182,0.0869565217391304,11
"k_effective<=6 & n_studi_model<=2 & ramo_anchor",3,0.181818181818182,0.0869565217391304,11
"k_effective<=6 & I2_med<=60 & materiale_misto",3,0.181818181818182,0.0869565217391304,11
"k_effective<=6 & I2_med<=70 & materiale_misto",3,0.181818181818182,0.0869565217391304,11
"k_effective<=6 & materiale_misto & !entita_NCBITaxon",3,0.181818181818182,0.0869565217391304,11
"k_effective<=6 & materiale_misto & controllo_veicolo",3,0.181818181818182,0.0869565217391304,11
"k_effective<=6 & materiale_misto & verso_gain",3,0.181818181818182,0.0869565217391304,11
"k_effective<=6 & !entita_NCBITaxon & ramo_anchor",3,0.181818181818182,0.0869565217391304,11
"k_effective<=6 & ramo_anchor & controllo_veicolo",3,0.181818181818182,0.0869565217391304,11
"k_effective<=6 & ramo_anchor & verso_gain",3,0.181818181818182,0.0869565217391304,11
"k_effective<=8 & frazione_efficace>=0.5 & materiale_misto",3,0.181818181818182,0.0869565217391304,11
"k_effective<=8 & I2_med<=60 & materiale_misto",3,0.181818181818182,0.0869565217391304,11
"k_effective<=8 & !materiale_misto & ramo_anchor",3,0.181818181818182,0.0869565217391304,11
"k_effective<=8 & !stessi_membri & ramo_anchor",3,0.181818181818182,0.0869565217391304,11
"k_effective<=10 & frazione_efficace>=0.5 & ramo_anchor",3,0.181818181818182,0.0869565217391304,11
"k_effective<=10 & I2_med<=60 & materiale_misto",3,0.181818181818182,0.0869565217391304,11
"k_kish<=2 & frazione_efficace>=0.6 & !materiale_misto",3,0.181818181818182,0.0869565217391304,11
"k_kish<=3 & frazione_efficace>=0.6 & stessi_membri",3,0.181818181818182,0.0869565217391304,11
"k_kish<=4 & frazione_efficace>=0.6 & entita_STR",3,0.181818181818182,0.0869565217391304,11
"k_kish<=5 & I2_med<=50 & materiale_misto",3,0.181818181818182,0.0869565217391304,11
"k_kish<=5 & materiale_misto & !ramo_anchor",3,0.181818181818182,0.0869565217391304,11
"n_studi_model<=1 & frazione_efficace>=0.7 & I2_med<=70",3,0.181818181818182,0.0869565217391304,11
"n_studi_model<=1 & !stessi_membri & ramo_anchor",3,0.181818181818182,0.0869565217391304,11
"n_studi_model<=2 & I2_med<=50 & materiale_misto",3,0.181818181818182,0.0869565217391304,11
"frazione_efficace>=0.5 & ramo_anchor & controllo_veicolo",3,0.181818181818182,0.0869565217391304,11
"frazione_efficace>=0.6 & I2_med<=50 & !materiale_misto",3,0.181818181818182,0.0869565217391304,11
"I2_med<=50 & I2_med<=60 & materiale_misto",3,0.181818181818182,0.0869565217391304,11
"I2_med<=50 & I2_med<=70 & materiale_misto",3,0.181818181818182,0.0869565217391304,11
"I2_med<=50 & materiale_misto & !entita_NCBITaxon",3,0.181818181818182,0.0869565217391304,11
"I2_med<=50 & materiale_misto & controllo_veicolo",3,0.181818181818182,0.0869565217391304,11
"I2_med<=50 & materiale_misto & verso_gain",3,0.181818181818182,0.0869565217391304,11
"I2_med<=70 & materiale_misto & !entita_MeSH",3,0.181818181818182,0.0869565217391304,11
"!dominato & materiale_misto & !ramo_anchor",3,0.181818181818182,0.0869565217391304,11
"k_effective<=4 & dominato & controllo_veicolo",3,0.18,0.391304347826087,50
"k_effective<=5 & n_studi_model<=1 & dominato",3,0.18,0.391304347826087,50
"k_effective<=6 & n_studi_model<=1 & dominato",3,0.18,0.391304347826087,50
"k_kish<=4 & !stessi_membri & !entita_MeSH",3,0.18,0.391304347826087,50
"k_kish<=5 & !stessi_membri & !entita_STR",3,0.18,0.391304347826087,50
"I2_med<=70 & dominato & !dominato_da_modello",3,0.179487179487179,0.304347826086957,39
"k_effective<=5 & dominato",2,0.178571428571429,0.434782608695652,56
"k_effective<=6 & dominato",2,0.178571428571429,0.434782608695652,56
"dominato & !entita_NCBITaxon",2,0.178571428571429,0.434782608695652,56
"k_effective<=5 & k_effective<=6 & dominato",3,0.178571428571429,0.434782608695652,56
"k_effective<=5 & k_effective<=8 & dominato",3,0.178571428571429,0.434782608695652,56
"k_effective<=5 & k_effective<=10 & dominato",3,0.178571428571429,0.434782608695652,56
"k_effective<=5 & k_kish<=3 & dominato",3,0.178571428571429,0.434782608695652,56
"k_effective<=5 & k_kish<=4 & dominato",3,0.178571428571429,0.434782608695652,56
"k_effective<=5 & k_kish<=5 & dominato",3,0.178571428571429,0.434782608695652,56
"k_effective<=5 & n_studi_model<=2 & dominato",3,0.178571428571429,0.434782608695652,56
"k_effective<=5 & dominato & verso_gain",3,0.178571428571429,0.434782608695652,56
"k_effective<=6 & k_effective<=8 & dominato",3,0.178571428571429,0.434782608695652,56
"k_effective<=6 & k_effective<=10 & dominato",3,0.178571428571429,0.434782608695652,56
"k_effective<=6 & k_kish<=3 & dominato",3,0.178571428571429,0.434782608695652,56
"k_effective<=6 & k_kish<=4 & dominato",3,0.178571428571429,0.434782608695652,56
"k_effective<=6 & k_kish<=5 & dominato",3,0.178571428571429,0.434782608695652,56
"k_effective<=6 & n_studi_model<=2 & dominato",3,0.178571428571429,0.434782608695652,56
"k_effective<=6 & dominato & verso_gain",3,0.178571428571429,0.434782608695652,56
"k_effective<=10 & dominato & !entita_NCBITaxon",3,0.178571428571429,0.434782608695652,56
"k_kish<=3 & dominato & !entita_NCBITaxon",3,0.178571428571429,0.434782608695652,56
"k_kish<=4 & dominato & !entita_NCBITaxon",3,0.178571428571429,0.434782608695652,56
"k_kish<=5 & dominato & !entita_NCBITaxon",3,0.178571428571429,0.434782608695652,56
"n_studi_model<=2 & dominato & !entita_MeSH",3,0.178571428571429,0.434782608695652,56
"dominato & !entita_NCBITaxon & verso_gain",3,0.178571428571429,0.434782608695652,56
"!stessi_membri & !entita_STR & !ramo_anchor",3,0.178571428571429,0.434782608695652,56
"I2_med<=50 & dominato & controllo_veicolo",3,0.178571428571429,0.217391304347826,28
"n_studi_model<=1 & dominato",2,0.176470588235294,0.391304347826087,51
"k_effective<=5 & dominato & !dominato_da_modello",3,0.176470588235294,0.391304347826087,51
"k_effective<=6 & dominato & !dominato_da_modello",3,0.176470588235294,0.391304347826087,51
"k_effective<=8 & n_studi_model<=1 & dominato",3,0.176470588235294,0.391304347826087,51
"k_effective<=10 & n_studi_model<=1 & dominato",3,0.176470588235294,0.391304347826087,51
"k_kish<=3 & n_studi_model<=1 & dominato",3,0.176470588235294,0.391304347826087,51
"k_kish<=4 & n_studi_model<=1 & dominato",3,0.176470588235294,0.391304347826087,51
"k_kish<=4 & I2_med<=70 & controllo_veicolo",3,0.176470588235294,0.391304347826087,51
"k_kish<=5 & n_studi_model<=1 & dominato",3,0.176470588235294,0.391304347826087,51
"n_studi_model<=1 & n_studi_model<=2 & dominato",3,0.176470588235294,0.391304347826087,51
"n_studi_model<=1 & dominato & verso_gain",3,0.176470588235294,0.391304347826087,51
"dominato & !dominato_da_modello & !entita_NCBITaxon",3,0.176470588235294,0.391304347826087,51
"k_effective<=5 & I2_med<=70 & !entita_STR",3,0.176470588235294,0.260869565217391,34
"k_effective<=8 & I2_med<=70 & !stessi_membri",3,0.176470588235294,0.260869565217391,34
"k_kish<=3 & I2_med<=70 & !entita_STR",3,0.176470588235294,0.260869565217391,34
"I2_med<=70 & !dominato_da_modello & !stessi_membri",3,0.176470588235294,0.260869565217391,34
"k_effective<=5 & n_studi_model<=0 & frazione_efficace>=0.6",3,0.176470588235294,0.130434782608696,17
"k_effective<=5 & I2_med<=50 & !stessi_membri",3,0.176470588235294,0.130434782608696,17
"k_kish<=4 & n_studi_model<=0 & frazione_efficace>=0.6",3,0.176470588235294,0.130434782608696,17
"k_kish<=4 & n_studi_model<=0 & !entita_STR",3,0.176470588235294,0.130434782608696,17
"n_studi_model<=0 & frazione_efficace>=0.6 & !ramo_anchor",3,0.176470588235294,0.130434782608696,17
"n_studi_model<=2 & materiale_misto & !entita_MeSH",3,0.176470588235294,0.130434782608696,17
"frazione_efficace>=0.5 & materiale_misto & !entita_MeSH",3,0.176470588235294,0.130434782608696,17
"frazione_efficace>=0.5 & materiale_misto & !entita_NCBITaxon",3,0.176470588235294,0.130434782608696,17
"frazione_efficace>=0.6 & I2_med<=60 & !entita_MeSH",3,0.176470588235294,0.130434782608696,17
"materiale_misto & !entita_MeSH & !ramo_anchor",3,0.176470588235294,0.130434782608696,17
"materiale_misto & !entita_NCBITaxon & !ramo_anchor",3,0.176470588235294,0.130434782608696,17
"k_kish<=4 & !stessi_membri",2,0.175438596491228,0.434782608695652,57
"k_effective<=8 & dominato & !entita_MeSH",3,0.175438596491228,0.434782608695652,57
"k_effective<=10 & k_kish<=4 & !stessi_membri",3,0.175438596491228,0.434782608695652,57
"k_kish<=4 & k_kish<=5 & !stessi_membri",3,0.175438596491228,0.434782608695652,57
"k_kish<=4 & !stessi_membri & controllo_veicolo",3,0.175438596491228,0.434782608695652,57
"k_kish<=4 & !stessi_membri & verso_gain",3,0.175438596491228,0.434782608695652,57
"k_effective<=5 & k_kish<=3 & !stessi_membri",3,0.175,0.304347826086957,40
"k_effective<=6 & k_kish<=3 & !stessi_membri",3,0.175,0.304347826086957,40
"k_kish<=3 & I2_med<=70 & controllo_veicolo",3,0.173913043478261,0.347826086956522,46
"k_kish<=2 & I2_med<=70 & !entita_STR",3,0.173913043478261,0.173913043478261,23
"k_kish<=2 & !entita_STR & !entita_NCBITaxon",3,0.173913043478261,0.173913043478261,23
"k_kish<=2 & !entita_STR & !ramo_anchor",3,0.173913043478261,0.173913043478261,23
"n_studi_model<=1 & frazione_efficace>=0.6 & I2_med<=70",3,0.173913043478261,0.173913043478261,23
"n_studi_model<=2 & dominato",2,0.172413793103448,0.434782608695652,58
"dominato & !entita_MeSH",2,0.172413793103448,0.434782608695652,58
"k_effective<=8 & n_studi_model<=2 & dominato",3,0.172413793103448,0.434782608695652,58
"k_effective<=10 & n_studi_model<=2 & dominato",3,0.172413793103448,0.434782608695652,58
"k_effective<=10 & dominato & !entita_MeSH",3,0.172413793103448,0.434782608695652,58
"k_kish<=3 & n_studi_model<=2 & dominato",3,0.172413793103448,0.434782608695652,58
"k_kish<=3 & dominato & !entita_MeSH",3,0.172413793103448,0.434782608695652,58
"k_kish<=4 & n_studi_model<=2 & dominato",3,0.172413793103448,0.434782608695652,58
"k_kish<=4 & dominato & !entita_MeSH",3,0.172413793103448,0.434782608695652,58
"k_kish<=5 & n_studi_model<=2 & dominato",3,0.172413793103448,0.434782608695652,58
"k_kish<=5 & dominato & !entita_MeSH",3,0.172413793103448,0.434782608695652,58
"n_studi_model<=2 & dominato & verso_gain",3,0.172413793103448,0.434782608695652,58
"dominato & !entita_MeSH & verso_gain",3,0.172413793103448,0.434782608695652,58
"k_effective<=10 & I2_med<=70 & !stessi_membri",3,0.171428571428571,0.260869565217391,35
"n_studi_model<=2 & I2_med<=70 & !stessi_membri",3,0.171428571428571,0.260869565217391,35
"I2_med<=70 & !stessi_membri & !entita_NCBITaxon",3,0.171428571428571,0.260869565217391,35
"k_kish<=3 & !stessi_membri & !entita_NCBITaxon",3,0.170731707317073,0.304347826086957,41
"k_kish<=4 & !stessi_membri & !entita_STR",3,0.170212765957447,0.347826086956522,47
"n_studi_model<=2 & dominato & !dominato_da_modello",3,0.169811320754717,0.391304347826087,53
"k_effective<=8 & dominato",2,0.169491525423729,0.434782608695652,59
"k_effective<=8 & k_effective<=10 & dominato",3,0.169491525423729,0.434782608695652,59
"k_effective<=8 & k_kish<=3 & dominato",3,0.169491525423729,0.434782608695652,59
"k_effective<=8 & k_kish<=4 & dominato",3,0.169491525423729,0.434782608695652,59
"k_effective<=8 & k_kish<=5 & dominato",3,0.169491525423729,0.434782608695652,59
"k_effective<=8 & dominato & verso_gain",3,0.169491525423729,0.434782608695652,59
"dominato",1,0.166666666666667,0.434782608695652,60
"k_effective<=10 & dominato",2,0.166666666666667,0.434782608695652,60
"k_kish<=3 & dominato",2,0.166666666666667,0.434782608695652,60
"k_kish<=4 & dominato",2,0.166666666666667,0.434782608695652,60
"k_kish<=5 & dominato",2,0.166666666666667,0.434782608695652,60
"dominato & verso_gain",2,0.166666666666667,0.434782608695652,60
"k_effective<=10 & k_kish<=3 & dominato",3,0.166666666666667,0.434782608695652,60
"k_effective<=10 & k_kish<=4 & dominato",3,0.166666666666667,0.434782608695652,60
"k_effective<=10 & k_kish<=5 & dominato",3,0.166666666666667,0.434782608695652,60
"k_effective<=10 & dominato & verso_gain",3,0.166666666666667,0.434782608695652,60
"k_kish<=3 & k_kish<=4 & dominato",3,0.166666666666667,0.434782608695652,60
"k_kish<=3 & k_kish<=5 & dominato",3,0.166666666666667,0.434782608695652,60
"k_kish<=3 & dominato & verso_gain",3,0.166666666666667,0.434782608695652,60
"k_kish<=4 & k_kish<=5 & dominato",3,0.166666666666667,0.434782608695652,60
"k_kish<=4 & dominato & verso_gain",3,0.166666666666667,0.434782608695652,60
"k_kish<=5 & dominato & verso_gain",3,0.166666666666667,0.434782608695652,60
"k_effective<=8 & dominato & !dominato_da_modello",3,0.166666666666667,0.391304347826087,54
"dominato & !materiale_misto & controllo_veicolo",3,0.166666666666667,0.347826086956522,48
"k_effective<=8 & k_kish<=3 & !stessi_membri",3,0.166666666666667,0.304347826086957,42
"k_kish<=3 & n_studi_model<=2 & !stessi_membri",3,0.166666666666667,0.304347826086957,42
"k_kish<=3 & !dominato_da_modello & !stessi_membri",3,0.166666666666667,0.304347826086957,42
"I2_med<=70 & !stessi_membri",2,0.166666666666667,0.260869565217391,36
"k_effective<=6 & I2_med<=70 & !entita_STR",3,0.166666666666667,0.260869565217391,36
"k_kish<=3 & !stessi_membri & !entita_STR",3,0.166666666666667,0.260869565217391,36
"k_kish<=3 & !stessi_membri & !ramo_anchor",3,0.166666666666667,0.260869565217391,36
"k_kish<=5 & I2_med<=70 & !stessi_membri",3,0.166666666666667,0.260869565217391,36
"I2_med<=70 & !stessi_membri & controllo_veicolo",3,0.166666666666667,0.260869565217391,36
"I2_med<=70 & !stessi_membri & verso_gain",3,0.166666666666667,0.260869565217391,36
"I2_med<=70 & !entita_STR & !entita_NCBITaxon",3,0.166666666666667,0.260869565217391,36
"k_effective<=5 & I2_med<=70 & !stessi_membri",3,0.166666666666667,0.217391304347826,30
"n_studi_model<=1 & I2_med<=70 & !entita_STR",3,0.166666666666667,0.217391304347826,30
"k_effective<=4 & k_kish<=2 & !entita_STR",3,0.166666666666667,0.173913043478261,24
"k_kish<=2 & !dominato_da_modello & !entita_STR",3,0.166666666666667,0.173913043478261,24
"frazione_efficace>=0.6 & I2_med<=70 & !entita_NCBITaxon",3,0.166666666666667,0.173913043478261,24
"k_effective<=3 & k_kish<=2 & !entita_STR",3,0.166666666666667,0.130434782608696,18
"frazione_efficace>=0.5 & materiale_misto & controllo_veicolo",3,0.166666666666667,0.130434782608696,18
"frazione_efficace>=0.6 & I2_med<=60 & !ramo_anchor",3,0.166666666666667,0.130434782608696,18
"I2_med<=50 & !stessi_membri & !ramo_anchor",3,0.166666666666667,0.130434782608696,18
"frazione_efficace>=0.5 & ramo_anchor",2,0.166666666666667,0.0869565217391304,12
"frazione_efficace>=0.7 & I2_med<=70",2,0.166666666666667,0.0869565217391304,12
"I2_med<=60 & materiale_misto",2,0.166666666666667,0.0869565217391304,12
"!materiale_misto & ramo_anchor",2,0.166666666666667,0.0869565217391304,12
"k_effective<=3 & frazione_efficace>=0.6 & I2_med<=60",3,0.166666666666667,0.0869565217391304,12
"k_effective<=3 & I2_med<=50 & !stessi_membri",3,0.166666666666667,0.0869565217391304,12
"k_effective<=5 & frazione_efficace>=0.6 & stessi_membri",3,0.166666666666667,0.0869565217391304,12
"k_effective<=5 & frazione_efficace>=0.7 & I2_med<=70",3,0.166666666666667,0.0869565217391304,12
"k_effective<=6 & frazione_efficace>=0.6 & stessi_membri",3,0.166666666666667,0.0869565217391304,12
"k_effective<=6 & frazione_efficace>=0.7 & I2_med<=70",3,0.166666666666667,0.0869565217391304,12
"k_effective<=8 & frazione_efficace>=0.7 & I2_med<=70",3,0.166666666666667,0.0869565217391304,12
"k_effective<=8 & I2_med<=70 & materiale_misto",3,0.166666666666667,0.0869565217391304,12
"k_effective<=8 & materiale_misto & !ramo_anchor",3,0.166666666666667,0.0869565217391304,12
"k_effective<=10 & frazione_efficace>=0.5 & materiale_misto",3,0.166666666666667,0.0869565217391304,12
"k_effective<=10 & frazione_efficace>=0.7 & I2_med<=70",3,0.166666666666667,0.0869565217391304,12
"k_effective<=10 & I2_med<=70 & materiale_misto",3,0.166666666666667,0.0869565217391304,12
"k_effective<=10 & !materiale_misto & ramo_anchor",3,0.166666666666667,0.0869565217391304,12
"k_effective<=10 & !stessi_membri & ramo_anchor",3,0.166666666666667,0.0869565217391304,12
"k_kish<=2 & frazione_efficace>=0.6 & !dominato_da_modello",3,0.166666666666667,0.0869565217391304,12
"k_kish<=2 & frazione_efficace>=0.6 & !entita_NCBITaxon",3,0.166666666666667,0.0869565217391304,12
"k_kish<=4 & frazione_efficace>=0.6 & stessi_membri",3,0.166666666666667,0.0869565217391304,12
"k_kish<=4 & frazione_efficace>=0.7 & I2_med<=70",3,0.166666666666667,0.0869565217391304,12
"k_kish<=5 & frazione_efficace>=0.6 & stessi_membri",3,0.166666666666667,0.0869565217391304,12
"k_kish<=5 & frazione_efficace>=0.7 & I2_med<=70",3,0.166666666666667,0.0869565217391304,12
"k_kish<=5 & I2_med<=60 & materiale_misto",3,0.166666666666667,0.0869565217391304,12
"n_studi_model<=1 & frazione_efficace>=0.6 & stessi_membri",3,0.166666666666667,0.0869565217391304,12
"n_studi_model<=1 & !materiale_misto & ramo_anchor",3,0.166666666666667,0.0869565217391304,12
"n_studi_model<=2 & frazione_efficace>=0.6 & materiale_misto",3,0.166666666666667,0.0869565217391304,12
"n_studi_model<=2 & frazione_efficace>=0.7 & I2_med<=70",3,0.166666666666667,0.0869565217391304,12
"n_studi_model<=2 & I2_med<=60 & materiale_misto",3,0.166666666666667,0.0869565217391304,12
"n_studi_model<=2 & !materiale_misto & ramo_anchor",3,0.166666666666667,0.0869565217391304,12
"n_studi_model<=2 & !stessi_membri & ramo_anchor",3,0.166666666666667,0.0869565217391304,12
"frazione_efficace>=0.5 & frazione_efficace>=0.7 & I2_med<=70",3,0.166666666666667,0.0869565217391304,12
"frazione_efficace>=0.5 & !dominato_da_modello & ramo_anchor",3,0.166666666666667,0.0869565217391304,12
"frazione_efficace>=0.5 & !entita_NCBITaxon & ramo_anchor",3,0.166666666666667,0.0869565217391304,12
"frazione_efficace>=0.5 & ramo_anchor & verso_gain",3,0.166666666666667,0.0869565217391304,12
"frazione_efficace>=0.6 & frazione_efficace>=0.7 & I2_med<=70",3,0.166666666666667,0.0869565217391304,12
"frazione_efficace>=0.6 & !dominato & materiale_misto",3,0.166666666666667,0.0869565217391304,12
"frazione_efficace>=0.6 & !materiale_misto & stessi_membri",3,0.166666666666667,0.0869565217391304,12
"frazione_efficace>=0.6 & !materiale_misto & entita_STR",3,0.166666666666667,0.0869565217391304,12
"frazione_efficace>=0.6 & !dominato_da_modello & stessi_membri",3,0.166666666666667,0.0869565217391304,12
"frazione_efficace>=0.6 & stessi_membri & !entita_MeSH",3,0.166666666666667,0.0869565217391304,12
"frazione_efficace>=0.7 & I2_med<=70 & !entita_NCBITaxon",3,0.166666666666667,0.0869565217391304,12
"frazione_efficace>=0.7 & I2_med<=70 & controllo_veicolo",3,0.166666666666667,0.0869565217391304,12
"frazione_efficace>=0.7 & I2_med<=70 & verso_gain",3,0.166666666666667,0.0869565217391304,12
"I2_med<=60 & I2_med<=70 & materiale_misto",3,0.166666666666667,0.0869565217391304,12
"I2_med<=60 & materiale_misto & !entita_NCBITaxon",3,0.166666666666667,0.0869565217391304,12
"I2_med<=60 & materiale_misto & controllo_veicolo",3,0.166666666666667,0.0869565217391304,12
"I2_med<=60 & materiale_misto & verso_gain",3,0.166666666666667,0.0869565217391304,12
"!dominato & materiale_misto & !entita_NCBITaxon",3,0.166666666666667,0.0869565217391304,12
"!materiale_misto & !dominato_da_modello & ramo_anchor",3,0.166666666666667,0.0869565217391304,12
"!materiale_misto & !entita_NCBITaxon & ramo_anchor",3,0.166666666666667,0.0869565217391304,12
"!materiale_misto & ramo_anchor & controllo_veicolo",3,0.166666666666667,0.0869565217391304,12
"!materiale_misto & ramo_anchor & verso_gain",3,0.166666666666667,0.0869565217391304,12
"dominato & !dominato_da_modello",2,0.163636363636364,0.391304347826087,55
"k_effective<=5 & dominato & controllo_veicolo",3,0.163636363636364,0.391304347826087,55
"k_effective<=6 & dominato & controllo_veicolo",3,0.163636363636364,0.391304347826087,55
"k_effective<=10 & dominato & !dominato_da_modello",3,0.163636363636364,0.391304347826087,55
"k_kish<=3 & dominato & !dominato_da_modello",3,0.163636363636364,0.391304347826087,55
"k_kish<=4 & dominato & !dominato_da_modello",3,0.163636363636364,0.391304347826087,55
"k_kish<=5 & dominato & !dominato_da_modello",3,0.163636363636364,0.391304347826087,55
"dominato & !dominato_da_modello & !entita_MeSH",3,0.163636363636364,0.391304347826087,55
"dominato & !dominato_da_modello & verso_gain",3,0.163636363636364,0.391304347826087,55
"dominato & !entita_NCBITaxon & controllo_veicolo",3,0.163636363636364,0.391304347826087,55
"I2_med<=70 & dominato & controllo_veicolo",3,0.162790697674419,0.304347826086957,43
"k_effective<=8 & I2_med<=70 & !entita_STR",3,0.162162162162162,0.260869565217391,37
"n_studi_model<=2 & I2_med<=70 & !entita_STR",3,0.162162162162162,0.260869565217391,37
"I2_med<=70 & dominato & !entita_STR",3,0.161290322580645,0.217391304347826,31
"I2_med<=70 & !materiale_misto & !entita_STR",3,0.161290322580645,0.217391304347826,31
"I2_med<=70 & !stessi_membri & !ramo_anchor",3,0.161290322580645,0.217391304347826,31
"n_studi_model<=1 & dominato & controllo_veicolo",3,0.16,0.347826086956522,50
"frazione_efficace>=0.6 & I2_med<=70",2,0.16,0.173913043478261,25
"k_effective<=5 & k_kish<=2 & !entita_STR",3,0.16,0.173913043478261,25
"k_effective<=6 & k_kish<=2 & !entita_STR",3,0.16,0.173913043478261,25
"k_effective<=6 & frazione_efficace>=0.6 & I2_med<=70",3,0.16,0.173913043478261,25
"k_effective<=8 & frazione_efficace>=0.6 & I2_med<=70",3,0.16,0.173913043478261,25
"k_effective<=10 & frazione_efficace>=0.6 & I2_med<=70",3,0.16,0.173913043478261,25
"k_kish<=2 & n_studi_model<=2 & !entita_STR",3,0.16,0.173913043478261,25
"k_kish<=2 & !entita_STR & !entita_MeSH",3,0.16,0.173913043478261,25
"k_kish<=5 & frazione_efficace>=0.6 & I2_med<=70",3,0.16,0.173913043478261,25
"n_studi_model<=2 & frazione_efficace>=0.6 & I2_med<=70",3,0.16,0.173913043478261,25
"frazione_efficace>=0.5 & frazione_efficace>=0.6 & I2_med<=70",3,0.16,0.173913043478261,25
"frazione_efficace>=0.6 & I2_med<=70 & controllo_veicolo",3,0.16,0.173913043478261,25
"frazione_efficace>=0.6 & I2_med<=70 & verso_gain",3,0.16,0.173913043478261,25
"k_kish<=3 & !stessi_membri",2,0.159090909090909,0.304347826086957,44
"k_effective<=10 & k_kish<=3 & !stessi_membri",3,0.159090909090909,0.304347826086957,44
"k_kish<=3 & k_kish<=4 & !stessi_membri",3,0.159090909090909,0.304347826086957,44
"k_kish<=3 & k_kish<=5 & !stessi_membri",3,0.159090909090909,0.304347826086957,44
"k_kish<=3 & !stessi_membri & controllo_veicolo",3,0.159090909090909,0.304347826086957,44
"k_kish<=3 & !stessi_membri & verso_gain",3,0.159090909090909,0.304347826086957,44
"n_studi_model<=2 & dominato & controllo_veicolo",3,0.157894736842105,0.391304347826087,57
"dominato & !entita_MeSH & controllo_veicolo",3,0.157894736842105,0.391304347826087,57
"I2_med<=70 & !entita_STR",2,0.157894736842105,0.260869565217391,38
"k_effective<=4 & dominato & !entita_STR",3,0.157894736842105,0.260869565217391,38
"k_effective<=10 & I2_med<=70 & !entita_STR",3,0.157894736842105,0.260869565217391,38
"k_kish<=4 & I2_med<=70 & !entita_STR",3,0.157894736842105,0.260869565217391,38
"k_kish<=5 & I2_med<=70 & !entita_STR",3,0.157894736842105,0.260869565217391,38
"I2_med<=70 & !entita_STR & controllo_veicolo",3,0.157894736842105,0.260869565217391,38
"I2_med<=70 & !entita_STR & verso_gain",3,0.157894736842105,0.260869565217391,38
"dominato & !entita_STR & !ramo_anchor",3,0.157894736842105,0.260869565217391,38
"frazione_efficace>=0.5 & materiale_misto",2,0.157894736842105,0.130434782608696,19
"materiale_misto & !ramo_anchor",2,0.157894736842105,0.130434782608696,19
"k_effective<=4 & k_kish<=2 & !stessi_membri",3,0.157894736842105,0.130434782608696,19
"k_effective<=5 & frazione_efficace>=0.6 & I2_med<=60",3,0.157894736842105,0.130434782608696,19
"k_kish<=2 & !materiale_misto & !stessi_membri",3,0.157894736842105,0.130434782608696,19
"k_kish<=4 & frazione_efficace>=0.6 & I2_med<=60",3,0.157894736842105,0.130434782608696,19
"k_kish<=4 & I2_med<=50 & !stessi_membri",3,0.157894736842105,0.130434782608696,19
"n_studi_model<=2 & materiale_misto & !entita_NCBITaxon",3,0.157894736842105,0.130434782608696,19
"frazione_efficace>=0.5 & materiale_misto & verso_gain",3,0.157894736842105,0.130434782608696,19
"I2_med<=50 & !stessi_membri & !entita_MeSH",3,0.157894736842105,0.130434782608696,19
"I2_med<=60 & dominato & !stessi_membri",3,0.157894736842105,0.130434782608696,19
"I2_med<=60 & !stessi_membri & !entita_STR",3,0.157894736842105,0.130434782608696,19
"materiale_misto & !ramo_anchor & controllo_veicolo",3,0.157894736842105,0.130434782608696,19
"materiale_misto & !ramo_anchor & verso_gain",3,0.157894736842105,0.130434782608696,19
"I2_med<=70 & !stessi_membri & !entita_MeSH",3,0.15625,0.217391304347826,32
"k_effective<=8 & dominato & controllo_veicolo",3,0.155172413793103,0.391304347826087,58
"dominato & !entita_STR & !entita_NCBITaxon",3,0.153846153846154,0.260869565217391,39
"k_kish<=2 & !entita_STR",2,0.153846153846154,0.173913043478261,26
"k_effective<=3 & dominato & !entita_STR",3,0.153846153846154,0.173913043478261,26
"k_effective<=4 & I2_med<=70 & !stessi_membri",3,0.153846153846154,0.173913043478261,26
"k_effective<=8 & k_kish<=2 & !entita_STR",3,0.153846153846154,0.173913043478261,26
"k_effective<=10 & k_kish<=2 & !entita_STR",3,0.153846153846154,0.173913043478261,26
"k_kish<=2 & k_kish<=3 & !entita_STR",3,0.153846153846154,0.173913043478261,26
"k_kish<=2 & k_kish<=4 & !entita_STR",3,0.153846153846154,0.173913043478261,26
"k_kish<=2 & k_kish<=5 & !entita_STR",3,0.153846153846154,0.173913043478261,26
"k_kish<=2 & dominato & !entita_STR",3,0.153846153846154,0.173913043478261,26
"k_kish<=2 & !entita_STR & controllo_veicolo",3,0.153846153846154,0.173913043478261,26
"k_kish<=2 & !entita_STR & verso_gain",3,0.153846153846154,0.173913043478261,26
"k_kish<=2 & frazione_efficace>=0.6",2,0.153846153846154,0.0869565217391304,13
"frazione_efficace>=0.6 & stessi_membri",2,0.153846153846154,0.0869565217391304,13
"I2_med<=70 & materiale_misto",2,0.153846153846154,0.0869565217391304,13
"k_effective<=4 & k_kish<=2 & frazione_efficace>=0.6",3,0.153846153846154,0.0869565217391304,13
"k_effective<=5 & k_kish<=2 & frazione_efficace>=0.6",3,0.153846153846154,0.0869565217391304,13
"k_effective<=6 & k_kish<=2 & frazione_efficace>=0.6",3,0.153846153846154,0.0869565217391304,13
"k_effective<=8 & k_kish<=2 & frazione_efficace>=0.6",3,0.153846153846154,0.0869565217391304,13
"k_effective<=8 & n_studi_model<=1 & ramo_anchor",3,0.153846153846154,0.0869565217391304,13
"k_effective<=8 & frazione_efficace>=0.6 & stessi_membri",3,0.153846153846154,0.0869565217391304,13
"k_effective<=8 & materiale_misto & !entita_MeSH",3,0.153846153846154,0.0869565217391304,13
"k_effective<=10 & k_kish<=2 & frazione_efficace>=0.6",3,0.153846153846154,0.0869565217391304,13
"k_effective<=10 & frazione_efficace>=0.6 & stessi_membri",3,0.153846153846154,0.0869565217391304,13
"k_effective<=10 & materiale_misto & !ramo_anchor",3,0.153846153846154,0.0869565217391304,13
"k_kish<=2 & k_kish<=3 & frazione_efficace>=0.6",3,0.153846153846154,0.0869565217391304,13
"k_kish<=2 & k_kish<=4 & frazione_efficace>=0.6",3,0.153846153846154,0.0869565217391304,13
"k_kish<=2 & k_kish<=5 & frazione_efficace>=0.6",3,0.153846153846154,0.0869565217391304,13
"k_kish<=2 & n_studi_model<=1 & frazione_efficace>=0.6",3,0.153846153846154,0.0869565217391304,13
"k_kish<=2 & n_studi_model<=2 & frazione_efficace>=0.6",3,0.153846153846154,0.0869565217391304,13
"k_kish<=2 & frazione_efficace>=0.5 & frazione_efficace>=0.6",3,0.153846153846154,0.0869565217391304,13
"k_kish<=2 & frazione_efficace>=0.6 & dominato",3,0.153846153846154,0.0869565217391304,13
"k_kish<=2 & frazione_efficace>=0.6 & !entita_MeSH",3,0.153846153846154,0.0869565217391304,13
"k_kish<=2 & frazione_efficace>=0.6 & !ramo_anchor",3,0.153846153846154,0.0869565217391304,13
"k_kish<=2 & frazione_efficace>=0.6 & controllo_veicolo",3,0.153846153846154,0.0869565217391304,13
"k_kish<=2 & frazione_efficace>=0.6 & verso_gain",3,0.153846153846154,0.0869565217391304,13
"k_kish<=3 & n_studi_model<=0 & frazione_efficace>=0.6",3,0.153846153846154,0.0869565217391304,13
"k_kish<=5 & I2_med<=70 & materiale_misto",3,0.153846153846154,0.0869565217391304,13
"k_kish<=5 & materiale_misto & !entita_MeSH",3,0.153846153846154,0.0869565217391304,13
"n_studi_model<=2 & frazione_efficace>=0.6 & stessi_membri",3,0.153846153846154,0.0869565217391304,13
"n_studi_model<=2 & I2_med<=70 & materiale_misto",3,0.153846153846154,0.0869565217391304,13
"n_studi_model<=2 & materiale_misto & !entita_STR",3,0.153846153846154,0.0869565217391304,13
"frazione_efficace>=0.5 & frazione_efficace>=0.6 & stessi_membri",3,0.153846153846154,0.0869565217391304,13
"frazione_efficace>=0.5 & !dominato & materiale_misto",3,0.153846153846154,0.0869565217391304,13
"frazione_efficace>=0.6 & I2_med<=60 & !entita_STR",3,0.153846153846154,0.0869565217391304,13
"frazione_efficace>=0.6 & materiale_misto & !dominato_da_modello",3,0.153846153846154,0.0869565217391304,13
"frazione_efficace>=0.6 & stessi_membri & !entita_NCBITaxon",3,0.153846153846154,0.0869565217391304,13
"frazione_efficace>=0.6 & stessi_membri & !ramo_anchor",3,0.153846153846154,0.0869565217391304,13
"frazione_efficace>=0.6 & stessi_membri & controllo_veicolo",3,0.153846153846154,0.0869565217391304,13
"frazione_efficace>=0.6 & stessi_membri & verso_gain",3,0.153846153846154,0.0869565217391304,13
"I2_med<=70 & materiale_misto & !entita_NCBITaxon",3,0.153846153846154,0.0869565217391304,13
"I2_med<=70 & materiale_misto & controllo_veicolo",3,0.153846153846154,0.0869565217391304,13
"I2_med<=70 & materiale_misto & verso_gain",3,0.153846153846154,0.0869565217391304,13
"!dominato & materiale_misto & !entita_MeSH",3,0.153846153846154,0.0869565217391304,13
"!dominato & materiale_misto & controllo_veicolo",3,0.153846153846154,0.0869565217391304,13
"!stessi_membri & ramo_anchor & controllo_veicolo",3,0.153846153846154,0.0869565217391304,13
"dominato & controllo_veicolo",2,0.152542372881356,0.391304347826087,59
"k_effective<=10 & dominato & controllo_veicolo",3,0.152542372881356,0.391304347826087,59
"k_kish<=3 & dominato & controllo_veicolo",3,0.152542372881356,0.391304347826087,59
"k_kish<=4 & dominato & controllo_veicolo",3,0.152542372881356,0.391304347826087,59
"k_kish<=5 & dominato & controllo_veicolo",3,0.152542372881356,0.391304347826087,59
"dominato & controllo_veicolo & verso_gain",3,0.152542372881356,0.391304347826087,59
"I2_med<=70 & !dominato_da_modello & !entita_STR",3,0.151515151515152,0.217391304347826,33
"I2_med<=70 & !entita_STR & !entita_MeSH",3,0.151515151515152,0.217391304347826,33
"n_studi_model<=2 & materiale_misto",2,0.15,0.130434782608696,20
"k_effective<=3 & frazione_efficace>=0.6 & dominato",3,0.15,0.130434782608696,20
"k_kish<=2 & n_studi_model<=1 & !stessi_membri",3,0.15,0.130434782608696,20
"n_studi_model<=2 & materiale_misto & controllo_veicolo",3,0.15,0.130434782608696,20
"n_studi_model<=2 & materiale_misto & verso_gain",3,0.15,0.130434782608696,20
"frazione_efficace>=0.6 & I2_med<=70 & !materiale_misto",3,0.15,0.130434782608696,20
"materiale_misto & !entita_MeSH & !entita_NCBITaxon",3,0.15,0.130434782608696,20
"dominato & !dominato_da_modello & controllo_veicolo",3,0.148148148148148,0.347826086956522,54
"k_kish<=4 & I2_med<=70 & !stessi_membri",3,0.147058823529412,0.217391304347826,34
"k_effective<=5 & dominato & !entita_STR",3,0.146341463414634,0.260869565217391,41
"k_effective<=6 & dominato & !entita_STR",3,0.146341463414634,0.260869565217391,41
"k_kish<=3 & !stessi_membri & !entita_MeSH",3,0.146341463414634,0.260869565217391,41
"n_studi_model<=2 & dominato & !entita_STR",3,0.146341463414634,0.260869565217391,41
"dominato & !entita_STR & !entita_MeSH",3,0.146341463414634,0.260869565217391,41
"k_effective<=8 & dominato & !entita_STR",3,0.142857142857143,0.260869565217391,42
"n_studi_model<=1 & dominato & !entita_STR",3,0.142857142857143,0.217391304347826,35
"I2_med<=70 & !entita_STR & !ramo_anchor",3,0.142857142857143,0.217391304347826,35
"k_kish<=2 & I2_med<=70 & !stessi_membri",3,0.142857142857143,0.130434782608696,21
"k_kish<=2 & !stessi_membri & !ramo_anchor",3,0.142857142857143,0.130434782608696,21
"frazione_efficace>=0.5 & dominato & !stessi_membri",3,0.142857142857143,0.130434782608696,21
"materiale_misto & !entita_MeSH & controllo_veicolo",3,0.142857142857143,0.130434782608696,21
"!dominato & materiale_misto",2,0.142857142857143,0.0869565217391304,14
"!stessi_membri & ramo_anchor",2,0.142857142857143,0.0869565217391304,14
"k_effective<=4 & n_studi_model<=0 & frazione_efficace>=0.6",3,0.142857142857143,0.0869565217391304,14
"k_effective<=8 & n_studi_model<=2 & ramo_anchor",3,0.142857142857143,0.0869565217391304,14
"k_effective<=8 & !dominato_da_modello & ramo_anchor",3,0.142857142857143,0.0869565217391304,14
"k_effective<=10 & n_studi_model<=1 & ramo_anchor",3,0.142857142857143,0.0869565217391304,14
"k_effective<=10 & materiale_misto & !entita_MeSH",3,0.142857142857143,0.0869565217391304,14
"n_studi_model<=1 & !dominato_da_modello & ramo_anchor",3,0.142857142857143,0.0869565217391304,14
"frazione_efficace>=0.5 & materiale_misto & !entita_STR",3,0.142857142857143,0.0869565217391304,14
"frazione_efficace>=0.6 & I2_med<=50 & !entita_MeSH",3,0.142857142857143,0.0869565217391304,14
"frazione_efficace>=0.6 & I2_med<=50 & !ramo_anchor",3,0.142857142857143,0.0869565217391304,14
"frazione_efficace>=0.6 & materiale_misto & !entita_MeSH",3,0.142857142857143,0.0869565217391304,14
"frazione_efficace>=0.6 & materiale_misto & !entita_NCBITaxon",3,0.142857142857143,0.0869565217391304,14
"I2_med<=50 & !stessi_membri & !entita_STR",3,0.142857142857143,0.0869565217391304,14
"!dominato & materiale_misto & !dominato_da_modello",3,0.142857142857143,0.0869565217391304,14
"!dominato & materiale_misto & !stessi_membri",3,0.142857142857143,0.0869565217391304,14
"!dominato & materiale_misto & verso_gain",3,0.142857142857143,0.0869565217391304,14
"materiale_misto & !entita_STR & !entita_MeSH",3,0.142857142857143,0.0869565217391304,14
"!dominato_da_modello & !stessi_membri & ramo_anchor",3,0.142857142857143,0.0869565217391304,14
"!stessi_membri & !entita_NCBITaxon & ramo_anchor",3,0.142857142857143,0.0869565217391304,14
"!stessi_membri & ramo_anchor & verso_gain",3,0.142857142857143,0.0869565217391304,14
"dominato & !entita_STR",2,0.13953488372093,0.260869565217391,43
"k_effective<=10 & dominato & !entita_STR",3,0.13953488372093,0.260869565217391,43
"k_kish<=3 & dominato & !entita_STR",3,0.13953488372093,0.260869565217391,43
"k_kish<=4 & dominato & !entita_STR",3,0.13953488372093,0.260869565217391,43
"k_kish<=5 & dominato & !entita_STR",3,0.13953488372093,0.260869565217391,43
"dominato & !entita_STR & controllo_veicolo",3,0.13953488372093,0.260869565217391,43
"dominato & !entita_STR & verso_gain",3,0.13953488372093,0.260869565217391,43
"dominato & !materiale_misto & !entita_STR",3,0.138888888888889,0.217391304347826,36
"k_effective<=4 & dominato & !stessi_membri",3,0.137931034482759,0.173913043478261,29
"materiale_misto & !entita_MeSH",2,0.136363636363636,0.130434782608696,22
"k_effective<=5 & k_kish<=2 & !stessi_membri",3,0.136363636363636,0.130434782608696,22
"k_effective<=6 & k_kish<=2 & !stessi_membri",3,0.136363636363636,0.130434782608696,22
"k_kish<=2 & !stessi_membri & !entita_NCBITaxon",3,0.136363636363636,0.130434782608696,22
"frazione_efficace>=0.6 & I2_med<=70 & !entita_MeSH",3,0.136363636363636,0.130434782608696,22
"materiale_misto & !entita_MeSH & verso_gain",3,0.136363636363636,0.130434782608696,22
"materiale_misto & !entita_NCBITaxon & controllo_veicolo",3,0.136363636363636,0.130434782608696,22
"k_kish<=3 & I2_med<=70 & !stessi_membri",3,0.133333333333333,0.173913043478261,30
"dominato & !materiale_misto & !stessi_membri",3,0.133333333333333,0.173913043478261,30
"k_effective<=8 & ramo_anchor",2,0.133333333333333,0.0869565217391304,15
"n_studi_model<=1 & ramo_anchor",2,0.133333333333333,0.0869565217391304,15
"k_effective<=3 & frazione_efficace>=0.6 & I2_med<=70",3,0.133333333333333,0.0869565217391304,15
"k_effective<=4 & I2_med<=50 & !stessi_membri",3,0.133333333333333,0.0869565217391304,15
"k_effective<=5 & frazione_efficace>=0.6 & I2_med<=50",3,0.133333333333333,0.0869565217391304,15
"k_effective<=8 & k_effective<=10 & ramo_anchor",3,0.133333333333333,0.0869565217391304,15
"k_effective<=8 & k_kish<=5 & materiale_misto",3,0.133333333333333,0.0869565217391304,15
"k_effective<=8 & n_studi_model<=2 & materiale_misto",3,0.133333333333333,0.0869565217391304,15
"k_effective<=8 & materiale_misto & !entita_NCBITaxon",3,0.133333333333333,0.0869565217391304,15
"k_effective<=8 & !entita_NCBITaxon & ramo_anchor",3,0.133333333333333,0.0869565217391304,15
"k_effective<=8 & ramo_anchor & controllo_veicolo",3,0.133333333333333,0.0869565217391304,15
"k_effective<=8 & ramo_anchor & verso_gain",3,0.133333333333333,0.0869565217391304,15
"k_effective<=10 & k_kish<=5 & materiale_misto",3,0.133333333333333,0.0869565217391304,15
"k_effective<=10 & n_studi_model<=2 & ramo_anchor",3,0.133333333333333,0.0869565217391304,15
"k_effective<=10 & !dominato_da_modello & ramo_anchor",3,0.133333333333333,0.0869565217391304,15
"k_kish<=4 & frazione_efficace>=0.6 & I2_med<=50",3,0.133333333333333,0.0869565217391304,15
"k_kish<=5 & n_studi_model<=2 & materiale_misto",3,0.133333333333333,0.0869565217391304,15
"n_studi_model<=1 & n_studi_model<=2 & ramo_anchor",3,0.133333333333333,0.0869565217391304,15
"n_studi_model<=1 & !entita_NCBITaxon & ramo_anchor",3,0.133333333333333,0.0869565217391304,15
"n_studi_model<=1 & ramo_anchor & controllo_veicolo",3,0.133333333333333,0.0869565217391304,15
"n_studi_model<=1 & ramo_anchor & verso_gain",3,0.133333333333333,0.0869565217391304,15
"n_studi_model<=2 & materiale_misto & !dominato_da_modello",3,0.133333333333333,0.0869565217391304,15
"n_studi_model<=2 & !dominato_da_modello & ramo_anchor",3,0.133333333333333,0.0869565217391304,15
"frazione_efficace>=0.5 & materiale_misto & !dominato_da_modello",3,0.133333333333333,0.0869565217391304,15
"frazione_efficace>=0.6 & materiale_misto & !stessi_membri",3,0.133333333333333,0.0869565217391304,15
"frazione_efficace>=0.6 & materiale_misto & !ramo_anchor",3,0.133333333333333,0.0869565217391304,15
"frazione_efficace>=0.6 & materiale_misto & controllo_veicolo",3,0.133333333333333,0.0869565217391304,15
"materiale_misto & !dominato_da_modello & !ramo_anchor",3,0.133333333333333,0.0869565217391304,15
"materiale_misto & !entita_STR & !entita_NCBITaxon",3,0.133333333333333,0.0869565217391304,15
"materiale_misto & !entita_STR & !ramo_anchor",3,0.133333333333333,0.0869565217391304,15
"dominato & !dominato_da_modello & !entita_STR",3,0.131578947368421,0.217391304347826,38
"materiale_misto & !entita_NCBITaxon",2,0.130434782608696,0.130434782608696,23
"k_kish<=2 & n_studi_model<=2 & !stessi_membri",3,0.130434782608696,0.130434782608696,23
"frazione_efficace>=0.6 & I2_med<=70 & !ramo_anchor",3,0.130434782608696,0.130434782608696,23
"frazione_efficace>=0.6 & dominato & !materiale_misto",3,0.130434782608696,0.130434782608696,23
"materiale_misto & !entita_NCBITaxon & verso_gain",3,0.130434782608696,0.130434782608696,23
"n_studi_model<=1 & dominato & !stessi_membri",3,0.129032258064516,0.173913043478261,31
"dominato & !stessi_membri & !ramo_anchor",3,0.129032258064516,0.173913043478261,31
"k_kish<=2 & !stessi_membri",2,0.125,0.130434782608696,24
"materiale_misto & controllo_veicolo",2,0.125,0.130434782608696,24
"k_effective<=5 & frazione_efficace>=0.6 & I2_med<=70",3,0.125,0.130434782608696,24
"k_effective<=8 & k_kish<=2 & !stessi_membri",3,0.125,0.130434782608696,24
"k_effective<=10 & k_kish<=2 & !stessi_membri",3,0.125,0.130434782608696,24
"k_kish<=2 & k_kish<=3 & !stessi_membri",3,0.125,0.130434782608696,24
"k_kish<=2 & k_kish<=4 & !stessi_membri",3,0.125,0.130434782608696,24
"k_kish<=2 & k_kish<=5 & !stessi_membri",3,0.125,0.130434782608696,24
"k_kish<=2 & dominato & !stessi_membri",3,0.125,0.130434782608696,24
"k_kish<=2 & !dominato_da_modello & !stessi_membri",3,0.125,0.130434782608696,24
"k_kish<=2 & !stessi_membri & !entita_MeSH",3,0.125,0.130434782608696,24
"k_kish<=2 & !stessi_membri & controllo_veicolo",3,0.125,0.130434782608696,24
"k_kish<=2 & !stessi_membri & verso_gain",3,0.125,0.130434782608696,24
"k_kish<=4 & frazione_efficace>=0.6 & I2_med<=70",3,0.125,0.130434782608696,24
"frazione_efficace>=0.6 & dominato & !dominato_da_modello",3,0.125,0.130434782608696,24
"frazione_efficace>=0.6 & dominato & !ramo_anchor",3,0.125,0.130434782608696,24
"materiale_misto & controllo_veicolo & verso_gain",3,0.125,0.130434782608696,24
"k_effective<=8 & materiale_misto",2,0.125,0.0869565217391304,16
"k_effective<=10 & ramo_anchor",2,0.125,0.0869565217391304,16
"k_kish<=5 & materiale_misto",2,0.125,0.0869565217391304,16
"n_studi_model<=2 & ramo_anchor",2,0.125,0.0869565217391304,16
"frazione_efficace>=0.6 & materiale_misto",2,0.125,0.0869565217391304,16
"k_effective<=8 & k_effective<=10 & materiale_misto",3,0.125,0.0869565217391304,16
"k_effective<=8 & materiale_misto & controllo_veicolo",3,0.125,0.0869565217391304,16
"k_effective<=8 & materiale_misto & verso_gain",3,0.125,0.0869565217391304,16
"k_effective<=10 & n_studi_model<=2 & materiale_misto",3,0.125,0.0869565217391304,16
"k_effective<=10 & materiale_misto & !entita_NCBITaxon",3,0.125,0.0869565217391304,16
"k_effective<=10 & !entita_NCBITaxon & ramo_anchor",3,0.125,0.0869565217391304,16
"k_effective<=10 & ramo_anchor & controllo_veicolo",3,0.125,0.0869565217391304,16
"k_effective<=10 & ramo_anchor & verso_gain",3,0.125,0.0869565217391304,16
"k_kish<=5 & materiale_misto & !entita_NCBITaxon",3,0.125,0.0869565217391304,16
"k_kish<=5 & materiale_misto & controllo_veicolo",3,0.125,0.0869565217391304,16
"k_kish<=5 & materiale_misto & verso_gain",3,0.125,0.0869565217391304,16
"n_studi_model<=2 & materiale_misto & !stessi_membri",3,0.125,0.0869565217391304,16
"n_studi_model<=2 & !entita_NCBITaxon & ramo_anchor",3,0.125,0.0869565217391304,16
"n_studi_model<=2 & ramo_anchor & controllo_veicolo",3,0.125,0.0869565217391304,16
"n_studi_model<=2 & ramo_anchor & verso_gain",3,0.125,0.0869565217391304,16
"frazione_efficace>=0.5 & frazione_efficace>=0.6 & materiale_misto",3,0.125,0.0869565217391304,16
"frazione_efficace>=0.5 & materiale_misto & !stessi_membri",3,0.125,0.0869565217391304,16
"frazione_efficace>=0.6 & materiale_misto & verso_gain",3,0.125,0.0869565217391304,16
"!dominato_da_modello & ramo_anchor & controllo_veicolo",3,0.125,0.0869565217391304,16
"materiale_misto",1,0.12,0.130434782608696,25
"materiale_misto & verso_gain",2,0.12,0.130434782608696,25
"n_studi_model<=1 & frazione_efficace>=0.6 & dominato",3,0.12,0.130434782608696,25
"k_effective<=5 & dominato & !stessi_membri",3,0.117647058823529,0.173913043478261,34
"k_effective<=6 & dominato & !stessi_membri",3,0.117647058823529,0.173913043478261,34
"dominato & !stessi_membri & !entita_NCBITaxon",3,0.117647058823529,0.173913043478261,34
"k_effective<=10 & materiale_misto",2,0.117647058823529,0.0869565217391304,17
"materiale_misto & !entita_STR",2,0.117647058823529,0.0869565217391304,17
"!dominato_da_modello & ramo_anchor",2,0.117647058823529,0.0869565217391304,17
"ramo_anchor & controllo_veicolo",2,0.117647058823529,0.0869565217391304,17
"k_effective<=10 & materiale_misto & controllo_veicolo",3,0.117647058823529,0.0869565217391304,17
"k_effective<=10 & materiale_misto & verso_gain",3,0.117647058823529,0.0869565217391304,17
"k_kish<=2 & !stessi_membri & !entita_STR",3,0.117647058823529,0.0869565217391304,17
"k_kish<=3 & frazione_efficace>=0.6 & I2_med<=60",3,0.117647058823529,0.0869565217391304,17
"k_kish<=3 & I2_med<=50 & !stessi_membri",3,0.117647058823529,0.0869565217391304,17
"frazione_efficace>=0.6 & I2_med<=70 & !entita_STR",3,0.117647058823529,0.0869565217391304,17
"frazione_efficace>=0.6 & dominato & !stessi_membri",3,0.117647058823529,0.0869565217391304,17
"materiale_misto & !stessi_membri & !ramo_anchor",3,0.117647058823529,0.0869565217391304,17
"materiale_misto & !entita_STR & controllo_veicolo",3,0.117647058823529,0.0869565217391304,17
"materiale_misto & !entita_STR & verso_gain",3,0.117647058823529,0.0869565217391304,17
"!dominato_da_modello & !entita_NCBITaxon & ramo_anchor",3,0.117647058823529,0.0869565217391304,17
"!dominato_da_modello & ramo_anchor & verso_gain",3,0.117647058823529,0.0869565217391304,17
"!entita_NCBITaxon & ramo_anchor & controllo_veicolo",3,0.117647058823529,0.0869565217391304,17
"ramo_anchor & controllo_veicolo & verso_gain",3,0.117647058823529,0.0869565217391304,17
"frazione_efficace>=0.6 & dominato & !entita_MeSH",3,0.115384615384615,0.130434782608696,26
"frazione_efficace>=0.6 & dominato & !entita_NCBITaxon",3,0.115384615384615,0.130434782608696,26
"I2_med<=70 & !stessi_membri & !entita_STR",3,0.115384615384615,0.130434782608696,26
"n_studi_model<=2 & dominato & !stessi_membri",3,0.114285714285714,0.173913043478261,35
"dominato & !dominato_da_modello & !stessi_membri",3,0.114285714285714,0.173913043478261,35
"k_effective<=8 & dominato & !stessi_membri",3,0.111111111111111,0.173913043478261,36
"dominato & !stessi_membri & !entita_MeSH",3,0.111111111111111,0.173913043478261,36
"frazione_efficace>=0.6 & dominato",2,0.111111111111111,0.130434782608696,27
"k_effective<=4 & frazione_efficace>=0.6 & dominato",3,0.111111111111111,0.130434782608696,27
"k_effective<=5 & frazione_efficace>=0.6 & dominato",3,0.111111111111111,0.130434782608696,27
"k_effective<=6 & frazione_efficace>=0.6 & dominato",3,0.111111111111111,0.130434782608696,27
"k_effective<=8 & frazione_efficace>=0.6 & dominato",3,0.111111111111111,0.130434782608696,27
"k_effective<=10 & frazione_efficace>=0.6 & dominato",3,0.111111111111111,0.130434782608696,27
"k_kish<=3 & frazione_efficace>=0.6 & dominato",3,0.111111111111111,0.130434782608696,27
"k_kish<=4 & frazione_efficace>=0.6 & dominato",3,0.111111111111111,0.130434782608696,27
"k_kish<=5 & frazione_efficace>=0.6 & dominato",3,0.111111111111111,0.130434782608696,27
"n_studi_model<=2 & frazione_efficace>=0.6 & dominato",3,0.111111111111111,0.130434782608696,27
"frazione_efficace>=0.5 & frazione_efficace>=0.6 & dominato",3,0.111111111111111,0.130434782608696,27
"frazione_efficace>=0.6 & dominato & controllo_veicolo",3,0.111111111111111,0.130434782608696,27
"frazione_efficace>=0.6 & dominato & verso_gain",3,0.111111111111111,0.130434782608696,27
"I2_med<=70 & dominato & !stessi_membri",3,0.111111111111111,0.130434782608696,27
"ramo_anchor",1,0.111111111111111,0.0869565217391304,18
"!entita_NCBITaxon & ramo_anchor",2,0.111111111111111,0.0869565217391304,18
"ramo_anchor & verso_gain",2,0.111111111111111,0.0869565217391304,18
"k_effective<=4 & frazione_efficace>=0.6 & I2_med<=60",3,0.111111111111111,0.0869565217391304,18
"frazione_efficace>=0.6 & dominato & !entita_STR",3,0.111111111111111,0.0869565217391304,18
"materiale_misto & !dominato_da_modello & !entita_NCBITaxon",3,0.111111111111111,0.0869565217391304,18
"!entita_NCBITaxon & ramo_anchor & verso_gain",3,0.111111111111111,0.0869565217391304,18
"dominato & !stessi_membri",2,0.108108108108108,0.173913043478261,37
"k_effective<=10 & dominato & !stessi_membri",3,0.108108108108108,0.173913043478261,37
"k_kish<=3 & dominato & !stessi_membri",3,0.108108108108108,0.173913043478261,37
"k_kish<=4 & dominato & !stessi_membri",3,0.108108108108108,0.173913043478261,37
"k_kish<=5 & dominato & !stessi_membri",3,0.108108108108108,0.173913043478261,37
"dominato & !stessi_membri & controllo_veicolo",3,0.108108108108108,0.173913043478261,37
"dominato & !stessi_membri & verso_gain",3,0.108108108108108,0.173913043478261,37
"materiale_misto & !dominato_da_modello & !stessi_membri",3,0.105263157894737,0.0869565217391304,19
"materiale_misto & !dominato_da_modello & !entita_MeSH",3,0.105263157894737,0.0869565217391304,19
"materiale_misto & !dominato_da_modello & controllo_veicolo",3,0.105263157894737,0.0869565217391304,19
"materiale_misto & !stessi_membri & !entita_MeSH",3,0.105263157894737,0.0869565217391304,19
"materiale_misto & !stessi_membri & !entita_NCBITaxon",3,0.105263157894737,0.0869565217391304,19
"dominato & !stessi_membri & !entita_STR",3,0.103448275862069,0.130434782608696,29
"materiale_misto & !dominato_da_modello",2,0.1,0.0869565217391304,20
"materiale_misto & !dominato_da_modello & verso_gain",3,0.1,0.0869565217391304,20
"materiale_misto & !stessi_membri & controllo_veicolo",3,0.1,0.0869565217391304,20
"k_effective<=5 & materiale_misto",2,0.1,0.0434782608695652,10
"frazione_efficace>=0.7 & materiale_misto",2,0.1,0.0434782608695652,10
"k_effective<=3 & frazione_efficace>=0.6 & I2_med<=50",3,0.1,0.0434782608695652,10
"k_effective<=5 & k_effective<=6 & materiale_misto",3,0.1,0.0434782608695652,10
"k_effective<=5 & k_effective<=8 & materiale_misto",3,0.1,0.0434782608695652,10
"k_effective<=5 & k_effective<=10 & materiale_misto",3,0.1,0.0434782608695652,10
"k_effective<=5 & k_kish<=3 & materiale_misto",3,0.1,0.0434782608695652,10
"k_effective<=5 & k_kish<=4 & materiale_misto",3,0.1,0.0434782608695652,10
"k_effective<=5 & k_kish<=5 & materiale_misto",3,0.1,0.0434782608695652,10
"k_effective<=5 & n_studi_model<=2 & materiale_misto",3,0.1,0.0434782608695652,10
"k_effective<=5 & I2_med<=60 & materiale_misto",3,0.1,0.0434782608695652,10
"k_effective<=5 & I2_med<=70 & materiale_misto",3,0.1,0.0434782608695652,10
"k_effective<=5 & dominato & materiale_misto",3,0.1,0.0434782608695652,10
"k_effective<=5 & materiale_misto & !entita_NCBITaxon",3,0.1,0.0434782608695652,10
"k_effective<=5 & materiale_misto & controllo_veicolo",3,0.1,0.0434782608695652,10
"k_effective<=5 & materiale_misto & verso_gain",3,0.1,0.0434782608695652,10
"k_effective<=6 & k_kish<=3 & materiale_misto",3,0.1,0.0434782608695652,10
"k_effective<=6 & k_kish<=4 & materiale_misto",3,0.1,0.0434782608695652,10
"k_effective<=6 & k_kish<=4 & ramo_anchor",3,0.1,0.0434782608695652,10
"k_effective<=6 & k_kish<=5 & ramo_anchor",3,0.1,0.0434782608695652,10
"k_effective<=6 & n_studi_model<=1 & materiale_misto",3,0.1,0.0434782608695652,10
"k_effective<=6 & dominato & materiale_misto",3,0.1,0.0434782608695652,10
"k_effective<=8 & materiale_misto & !entita_STR",3,0.1,0.0434782608695652,10
"k_kish<=3 & frazione_efficace>=0.7 & I2_med<=70",3,0.1,0.0434782608695652,10
"k_kish<=3 & I2_med<=60 & materiale_misto",3,0.1,0.0434782608695652,10
"k_kish<=4 & I2_med<=60 & materiale_misto",3,0.1,0.0434782608695652,10
"k_kish<=4 & materiale_misto & !ramo_anchor",3,0.1,0.0434782608695652,10
"k_kish<=4 & !materiale_misto & ramo_anchor",3,0.1,0.0434782608695652,10
"k_kish<=4 & !stessi_membri & ramo_anchor",3,0.1,0.0434782608695652,10
"k_kish<=5 & frazione_efficace>=0.5 & ramo_anchor",3,0.1,0.0434782608695652,10
"n_studi_model<=1 & I2_med<=50 & materiale_misto",3,0.1,0.0434782608695652,10
"n_studi_model<=1 & materiale_misto & !dominato_da_modello",3,0.1,0.0434782608695652,10
"frazione_efficace>=0.5 & frazione_efficace>=0.7 & materiale_misto",3,0.1,0.0434782608695652,10
"frazione_efficace>=0.6 & frazione_efficace>=0.7 & materiale_misto",3,0.1,0.0434782608695652,10
"frazione_efficace>=0.6 & dominato & stessi_membri",3,0.1,0.0434782608695652,10
"frazione_efficace>=0.7 & materiale_misto & verso_gain",3,0.1,0.0434782608695652,10
"I2_med<=60 & dominato & materiale_misto",3,0.1,0.0434782608695652,10
"!dominato & materiale_misto & !entita_STR",3,0.1,0.0434782608695652,10
"materiale_misto & !stessi_membri",2,0.0952380952380952,0.0869565217391304,21
"materiale_misto & !stessi_membri & verso_gain",3,0.0952380952380952,0.0869565217391304,21
"k_kish<=3 & frazione_efficace>=0.6 & I2_med<=70",3,0.0909090909090909,0.0869565217391304,22
"k_kish<=3 & materiale_misto",2,0.0909090909090909,0.0434782608695652,11
"dominato & materiale_misto",2,0.0909090909090909,0.0434782608695652,11
"k_effective<=4 & frazione_efficace>=0.7 & I2_med<=70",3,0.0909090909090909,0.0434782608695652,11
"k_effective<=8 & k_kish<=3 & materiale_misto",3,0.0909090909090909,0.0434782608695652,11
"k_effective<=8 & k_kish<=3 & ramo_anchor",3,0.0909090909090909,0.0434782608695652,11
"k_effective<=8 & dominato & materiale_misto",3,0.0909090909090909,0.0434782608695652,11
"k_effective<=8 & materiale_misto & !dominato_da_modello",3,0.0909090909090909,0.0434782608695652,11
"k_effective<=10 & k_kish<=3 & materiale_misto",3,0.0909090909090909,0.0434782608695652,11
"k_effective<=10 & dominato & materiale_misto",3,0.0909090909090909,0.0434782608695652,11
"k_effective<=10 & materiale_misto & !entita_STR",3,0.0909090909090909,0.0434782608695652,11
"k_kish<=2 & frazione_efficace>=0.6 & I2_med<=70",3,0.0909090909090909,0.0434782608695652,11
"k_kish<=3 & k_kish<=4 & materiale_misto",3,0.0909090909090909,0.0434782608695652,11
"k_kish<=3 & k_kish<=5 & materiale_misto",3,0.0909090909090909,0.0434782608695652,11
"k_kish<=3 & n_studi_model<=1 & ramo_anchor",3,0.0909090909090909,0.0434782608695652,11
"k_kish<=3 & n_studi_model<=2 & materiale_misto",3,0.0909090909090909,0.0434782608695652,11
"k_kish<=3 & I2_med<=70 & materiale_misto",3,0.0909090909090909,0.0434782608695652,11
"k_kish<=3 & dominato & materiale_misto",3,0.0909090909090909,0.0434782608695652,11
"k_kish<=3 & materiale_misto & !entita_NCBITaxon",3,0.0909090909090909,0.0434782608695652,11
"k_kish<=3 & materiale_misto & controllo_veicolo",3,0.0909090909090909,0.0434782608695652,11
"k_kish<=3 & materiale_misto & verso_gain",3,0.0909090909090909,0.0434782608695652,11
"k_kish<=3 & !dominato_da_modello & ramo_anchor",3,0.0909090909090909,0.0434782608695652,11
"k_kish<=4 & I2_med<=70 & materiale_misto",3,0.0909090909090909,0.0434782608695652,11
"k_kish<=4 & dominato & materiale_misto",3,0.0909090909090909,0.0434782608695652,11
"k_kish<=4 & materiale_misto & !entita_MeSH",3,0.0909090909090909,0.0434782608695652,11
"k_kish<=5 & dominato & materiale_misto",3,0.0909090909090909,0.0434782608695652,11
"k_kish<=5 & materiale_misto & !dominato_da_modello",3,0.0909090909090909,0.0434782608695652,11
"k_kish<=5 & !materiale_misto & ramo_anchor",3,0.0909090909090909,0.0434782608695652,11
"n_studi_model<=0 & frazione_efficace>=0.6 & dominato",3,0.0909090909090909,0.0434782608695652,11
"n_studi_model<=1 & I2_med<=60 & materiale_misto",3,0.0909090909090909,0.0434782608695652,11
"n_studi_model<=1 & I2_med<=70 & materiale_misto",3,0.0909090909090909,0.0434782608695652,11
"n_studi_model<=1 & materiale_misto & !stessi_membri",3,0.0909090909090909,0.0434782608695652,11
"n_studi_model<=1 & materiale_misto & !ramo_anchor",3,0.0909090909090909,0.0434782608695652,11
"n_studi_model<=1 & !entita_MeSH & ramo_anchor",3,0.0909090909090909,0.0434782608695652,11
"n_studi_model<=2 & dominato & materiale_misto",3,0.0909090909090909,0.0434782608695652,11
"frazione_efficace>=0.7 & I2_med<=70 & !ramo_anchor",3,0.0909090909090909,0.0434782608695652,11
"I2_med<=70 & dominato & materiale_misto",3,0.0909090909090909,0.0434782608695652,11
"dominato & materiale_misto & !entita_NCBITaxon",3,0.0909090909090909,0.0434782608695652,11
"dominato & materiale_misto & controllo_veicolo",3,0.0909090909090909,0.0434782608695652,11
"dominato & materiale_misto & verso_gain",3,0.0909090909090909,0.0434782608695652,11
"!stessi_membri & !entita_MeSH & ramo_anchor",3,0.0909090909090909,0.0434782608695652,11
"k_effective<=4 & frazione_efficace>=0.6 & I2_med<=70",3,0.0869565217391304,0.0869565217391304,23
"k_kish<=3 & ramo_anchor",2,0.0833333333333333,0.0434782608695652,12
"k_effective<=8 & n_studi_model<=1 & materiale_misto",3,0.0833333333333333,0.0434782608695652,12
"k_effective<=8 & materiale_misto & !stessi_membri",3,0.0833333333333333,0.0434782608695652,12
"k_effective<=8 & !entita_MeSH & ramo_anchor",3,0.0833333333333333,0.0434782608695652,12
"k_effective<=10 & k_kish<=3 & ramo_anchor",3,0.0833333333333333,0.0434782608695652,12
"k_effective<=10 & n_studi_model<=1 & materiale_misto",3,0.0833333333333333,0.0434782608695652,12
"k_effective<=10 & materiale_misto & !dominato_da_modello",3,0.0833333333333333,0.0434782608695652,12
"k_effective<=10 & !entita_MeSH & ramo_anchor",3,0.0833333333333333,0.0434782608695652,12
"k_kish<=3 & k_kish<=4 & ramo_anchor",3,0.0833333333333333,0.0434782608695652,12
"k_kish<=3 & k_kish<=5 & ramo_anchor",3,0.0833333333333333,0.0434782608695652,12
"k_kish<=3 & n_studi_model<=2 & ramo_anchor",3,0.0833333333333333,0.0434782608695652,12
"k_kish<=3 & !entita_NCBITaxon & ramo_anchor",3,0.0833333333333333,0.0434782608695652,12
"k_kish<=3 & ramo_anchor & controllo_veicolo",3,0.0833333333333333,0.0434782608695652,12
"k_kish<=3 & ramo_anchor & verso_gain",3,0.0833333333333333,0.0434782608695652,12
"k_kish<=4 & n_studi_model<=1 & ramo_anchor",3,0.0833333333333333,0.0434782608695652,12
"k_kish<=5 & n_studi_model<=1 & materiale_misto",3,0.0833333333333333,0.0434782608695652,12
"k_kish<=5 & materiale_misto & !stessi_membri",3,0.0833333333333333,0.0434782608695652,12
"k_kish<=5 & !stessi_membri & ramo_anchor",3,0.0833333333333333,0.0434782608695652,12
"n_studi_model<=1 & materiale_misto & !entita_MeSH",3,0.0833333333333333,0.0434782608695652,12
"n_studi_model<=2 & !entita_MeSH & ramo_anchor",3,0.0833333333333333,0.0434782608695652,12
"frazione_efficace>=0.6 & materiale_misto & !entita_STR",3,0.0833333333333333,0.0434782608695652,12
"materiale_misto & !dominato_da_modello & !entita_STR",3,0.0833333333333333,0.0434782608695652,12
"k_effective<=8 & k_kish<=4 & ramo_anchor",3,0.0769230769230769,0.0434782608695652,13
"k_effective<=10 & materiale_misto & !stessi_membri",3,0.0769230769230769,0.0434782608695652,13
"k_kish<=2 & I2_med<=50 & !stessi_membri",3,0.0769230769230769,0.0434782608695652,13
"k_kish<=4 & n_studi_model<=2 & materiale_misto",3,0.0769230769230769,0.0434782608695652,13
"k_kish<=4 & n_studi_model<=2 & ramo_anchor",3,0.0769230769230769,0.0434782608695652,13
"k_kish<=4 & !dominato_da_modello & ramo_anchor",3,0.0769230769230769,0.0434782608695652,13
"n_studi_model<=1 & materiale_misto & !entita_NCBITaxon",3,0.0769230769230769,0.0434782608695652,13
"!entita_MeSH & ramo_anchor & controllo_veicolo",3,0.0769230769230769,0.0434782608695652,13
"k_kish<=4 & materiale_misto",2,0.0714285714285714,0.0434782608695652,14
"k_kish<=4 & ramo_anchor",2,0.0714285714285714,0.0434782608695652,14
"n_studi_model<=1 & materiale_misto",2,0.0714285714285714,0.0434782608695652,14
"!entita_MeSH & ramo_anchor",2,0.0714285714285714,0.0434782608695652,14
"k_effective<=4 & frazione_efficace>=0.6 & I2_med<=50",3,0.0714285714285714,0.0434782608695652,14
"k_effective<=8 & k_kish<=4 & materiale_misto",3,0.0714285714285714,0.0434782608695652,14
"k_effective<=8 & k_kish<=5 & ramo_anchor",3,0.0714285714285714,0.0434782608695652,14
"k_effective<=10 & k_kish<=4 & materiale_misto",3,0.0714285714285714,0.0434782608695652,14
"k_effective<=10 & k_kish<=4 & ramo_anchor",3,0.0714285714285714,0.0434782608695652,14
"k_kish<=3 & frazione_efficace>=0.6 & I2_med<=50",3,0.0714285714285714,0.0434782608695652,14
"k_kish<=4 & k_kish<=5 & materiale_misto",3,0.0714285714285714,0.0434782608695652,14
"k_kish<=4 & k_kish<=5 & ramo_anchor",3,0.0714285714285714,0.0434782608695652,14
"k_kish<=4 & materiale_misto & !entita_NCBITaxon",3,0.0714285714285714,0.0434782608695652,14
"k_kish<=4 & materiale_misto & controllo_veicolo",3,0.0714285714285714,0.0434782608695652,14
"k_kish<=4 & materiale_misto & verso_gain",3,0.0714285714285714,0.0434782608695652,14
"k_kish<=4 & !entita_NCBITaxon & ramo_anchor",3,0.0714285714285714,0.0434782608695652,14
"k_kish<=4 & ramo_anchor & controllo_veicolo",3,0.0714285714285714,0.0434782608695652,14
"k_kish<=4 & ramo_anchor & verso_gain",3,0.0714285714285714,0.0434782608695652,14
"k_kish<=5 & n_studi_model<=1 & ramo_anchor",3,0.0714285714285714,0.0434782608695652,14
"n_studi_model<=1 & n_studi_model<=2 & materiale_misto",3,0.0714285714285714,0.0434782608695652,14
"n_studi_model<=1 & materiale_misto & controllo_veicolo",3,0.0714285714285714,0.0434782608695652,14
"n_studi_model<=1 & materiale_misto & verso_gain",3,0.0714285714285714,0.0434782608695652,14
"materiale_misto & !stessi_membri & !entita_STR",3,0.0714285714285714,0.0434782608695652,14
"!dominato_da_modello & !entita_MeSH & ramo_anchor",3,0.0714285714285714,0.0434782608695652,14
"!entita_MeSH & !entita_NCBITaxon & ramo_anchor",3,0.0714285714285714,0.0434782608695652,14
"!entita_MeSH & ramo_anchor & verso_gain",3,0.0714285714285714,0.0434782608695652,14
"k_effective<=10 & k_kish<=5 & ramo_anchor",3,0.0666666666666667,0.0434782608695652,15
"k_kish<=5 & n_studi_model<=2 & ramo_anchor",3,0.0666666666666667,0.0434782608695652,15
"k_kish<=5 & !dominato_da_modello & ramo_anchor",3,0.0666666666666667,0.0434782608695652,15
"frazione_efficace>=0.6 & I2_med<=60 & dominato",3,0.0666666666666667,0.0434782608695652,15
"k_kish<=5 & ramo_anchor",2,0.0625,0.0434782608695652,16
"k_kish<=5 & !entita_NCBITaxon & ramo_anchor",3,0.0625,0.0434782608695652,16
"k_kish<=5 & ramo_anchor & controllo_veicolo",3,0.0625,0.0434782608695652,16
"k_kish<=5 & ramo_anchor & verso_gain",3,0.0625,0.0434782608695652,16
"I2_med<=50 & dominato & !stessi_membri",3,0.0625,0.0434782608695652,16
"frazione_efficace>=0.6 & I2_med<=70 & dominato",3,0.0526315789473684,0.0434782608695652,19
"dominato & ramo_anchor",2,0,0,10
"k_effective<=8 & dominato & ramo_anchor",3,0,0,10
"k_effective<=10 & dominato & ramo_anchor",3,0,0,10
"k_kish<=3 & dominato & ramo_anchor",3,0,0,10
"k_kish<=4 & n_studi_model<=1 & materiale_misto",3,0,0,10
"k_kish<=4 & dominato & ramo_anchor",3,0,0,10
"k_kish<=4 & materiale_misto & !stessi_membri",3,0,0,10
"k_kish<=4 & !entita_MeSH & ramo_anchor",3,0,0,10
"k_kish<=5 & dominato & ramo_anchor",3,0,0,10
"k_kish<=5 & !entita_MeSH & ramo_anchor",3,0,0,12
"n_studi_model<=2 & dominato & ramo_anchor",3,0,0,10
"frazione_efficace>=0.6 & I2_med<=50 & dominato",3,0,0,13
"dominato & !entita_NCBITaxon & ramo_anchor",3,0,0,10
"dominato & ramo_anchor & controllo_veicolo",3,0,0,10
"dominato & ramo_anchor & verso_gain",3,0,0,10
