- The project is out-of-sync -- use `renv::status()` for details.
Warning message:
replacing previous import ‘S4Arrays::makeNindexFromArrayViewport’ by ‘DelayedArray::makeNindexFromArrayViewport’ when loading ‘SummarizedExperiment’ 
membri misurati: 87092

================ GRUPPI (chiave entita'||verso||controllo) ================
  gruppi con k>=3 PRIMA: 688
  gruppi con k>=3 DOPO : 700
  spariti (k>=3 -> <3) : 43
  nati    (<3 -> k>=3) : 55
  cambiano k           : 1483

================ MEMBRI CHE CAMBIANO ENTITA' ================
  membri: 2203 su 87092 (2.53%)
  coppie distinte: 670 

                                da                    a Freq
                       STR:hypoxia         MeSH:D000860   94
                          STR:tgfb           HGNC:11766   67
                      STR:covid_19      MeSH:D000086382   61
                 STR:schizophrenia         MeSH:D012559   57
                  STR:glioblastoma         MeSH:D005909   40
                        STR:keloid         MeSH:D007627   31
            STR:multiple_sclerosis         MeSH:D009103   31
                          STR:ifnb            HGNC:5434   30
                      STR:vtp50469         CHEBI:232861   26
            STR:myotonic_dystrophy         MeSH:D009223   26
               STR:biliary_atresia         MeSH:D001656   25
                         STR:r5020          CHEBI:73390   24
                        STR:dtag13         CHEBI:234353   22
                     STR:psoriasis         MeSH:D011565   20
                STR:hepatoblastoma         MeSH:D018197   20
               STR:cystic_fibrosis         MeSH:D003550   19
                        STR:sepsis         MeSH:D018805   18
 STR:idiopathic_pulmonary_fibrosis         MeSH:D054990   18
                         STR:tgf_b           HGNC:11766   17
              STR:bipolar_disorder         MeSH:D001714   17
               STR:prostate_cancer         MeSH:D011471   17
                       STR:sp_2509         CHEBI:176335   16
                       STR:adenoma         MeSH:D000236   16
                      STR:plx51107 CHEMBL:CHEMBL4521078   15
                        STR:kw2449 CHEMBL:CHEMBL1908397   14
                          STR:vegf           HGNC:12680   13
                          STR:nfia            HGNC:7784   13
                 STR:heart_failure         MeSH:D006333   12
                         STR:pla_b           HGNC:30142   11
            STR:alcoholusedisorder         MeSH:D000437   11
                  STR:hypertension         MeSH:D006973   11
                          STR:copd         MeSH:D029424   11
                        STR:exosc8           HGNC:17035   10
          STR:huntington_s_disease         MeSH:D006816   10
                      STR:melanoma         MeSH:D008545   10
                STR:retinoblastoma         MeSH:D012175   10
                      STR:rhinitis         MeSH:D012220   10
                          STR:nets           HGNC:15464    9
                        STR:exosc9            HGNC:9137    9
                  STR:colon_cancer         MeSH:D003110    9

[invariante] membri che cambiano partendo da un'entita' NON STR: 0 (atteso 0)
[invariante] sorgente dei membri cambiati: defrag=2203 

================ FUSIONI SU UN TAXON (da leggere una per una) ================
  coppie: 7  membri: 16 
             da                a Freq
       STR:senv NCBITaxon:136966    4
 STR:zika_virus  NCBITaxon:64320    4
       STR:h1n1 NCBITaxon:114727    3
       STR:h3n2 NCBITaxon:119210    2
       STR:h5n1 NCBITaxon:102793    1
       STR:mito NCBITaxon:262676    1
       STR:h7n9 NCBITaxon:333278    1

  membri RIPESCATI (scartati prima, tenuti ora): 99 

nome_ombrello  str_generico 
           59            40 
  membri PERSI (tenuti prima, scartati ora): 0 

carico lo Stadio 2 per il dispatch vero...

================ GUADAGNO POOLATO (dispatch vero) ================
                                                                               grp
                                                      MeSH:D000860||gain||normoxia
                                             MeSH:D012559||gain||vehicle_untreated
                                               HGNC:11766||gain||vehicle_untreated
                                              CHEBI:73390||gain||vehicle_untreated
                                          MeSH:D000086382||gain||vehicle_untreated
                                             MeSH:D009103||gain||vehicle_untreated
                                             MeSH:D011565||gain||vehicle_untreated
                                             CHEBI:232861||gain||vehicle_untreated
                                             CHEBI:234353||gain||vehicle_untreated
                                              CHEBI:23888||gain||vehicle_untreated
                                                HGNC:5434||gain||vehicle_untreated
                                     CHEMBL:CHEMBL2108661||gain||vehicle_untreated
                                              CHEBI:79995||gain||vehicle_untreated
                                             MeSH:D001714||gain||vehicle_untreated
                                             MeSH:D003550||gain||vehicle_untreated
                                             MeSH:D004715||gain||vehicle_untreated
                                             MeSH:D006333||gain||vehicle_untreated
                                             MeSH:D012859||gain||vehicle_untreated
                                               HGNC:12680||gain||vehicle_untreated
                                               HGNC:15464||gain||vehicle_untreated
                                                HGNC:5981||gain||vehicle_untreated
                                             MeSH:D001249||gain||vehicle_untreated
                                             MeSH:D007627||gain||vehicle_untreated
                                             MeSH:D014376||gain||vehicle_untreated
                                             MeSH:D018805||gain||vehicle_untreated
                                             MeSH:D029424||gain||vehicle_untreated
                                             MeSH:D054990||gain||vehicle_untreated
                                             MeSH:D055948||gain||vehicle_untreated
                                             CHEBI:132082||gain||vehicle_untreated
                                             CHEBI:176335||gain||vehicle_untreated
                                             MeSH:D000236||gain||vehicle_untreated
                                             MeSH:D004314||gain||vehicle_untreated
                                             MeSH:D007640||gain||vehicle_untreated
                                             MeSH:D008579||gain||vehicle_untreated
                                      MeSH:D009101||gain||vehicle_untreated_liquid
                                             MeSH:D010003||gain||vehicle_untreated
                                             MeSH:D018197||gain||vehicle_untreated
                                             CHEBI:233323||gain||vehicle_untreated
                                                        CHEBI:23888||gain||placebo
                                             CHEBI:35222||block||vehicle_untreated
                                              CHEBI:64645||gain||vehicle_untreated
                                             CHEBI:747477||gain||vehicle_untreated
                                              CHEBI:79999||gain||vehicle_untreated
                                     CHEMBL:CHEMBL1201556||gain||vehicle_untreated
                                        CHEMBL:CHEMBL1536||gain||vehicle_untreated
                                     CHEMBL:CHEMBL1908397||gain||vehicle_untreated
                                      CHEMBL:CHEMBL406050||gain||vehicle_untreated
                                     CHEMBL:CHEMBL4297626||gain||vehicle_untreated
                                      CHEMBL:CHEMBL507361||gain||vehicle_untreated
                                               HGNC:11998||gain||vehicle_untreated
                                               HGNC:13745||gain||vehicle_untreated
                                               HGNC:17005||gain||vehicle_untreated
                                                HGNC:2891||gain||vehicle_untreated
                                               HGNC:31528||gain||vehicle_untreated
                                                HGNC:3262||gain||vehicle_untreated
                                                HGNC:3263||gain||vehicle_untreated
                                                 HGNC:485||gain||vehicle_untreated
                                               HGNC:51237||gain||vehicle_untreated
                                                HGNC:5464||gain||vehicle_untreated
                                                HGNC:8014||gain||vehicle_untreated
                                                        HGNC:9650||gain||wild type
                                          MeSH:D000098943||gain||vehicle_untreated
                                             MeSH:D003882||gain||vehicle_untreated
                                             MeSH:D004827||gain||vehicle_untreated
                                             MeSH:D005909||gain||vehicle_untreated
                                             MeSH:D005910||gain||vehicle_untreated
                                             MeSH:D010518||gain||vehicle_untreated
                                             MeSH:D011087||gain||vehicle_untreated
                                             MeSH:D013771||gain||vehicle_untreated
                                             MeSH:D020329||gain||vehicle_untreated
                                             MeSH:D055113||gain||vehicle_untreated
                                         NCBITaxon:114727||gain||vehicle_untreated
                                     CHEBI:132082||gain||vehicle_untreated_ownbase
                                              CHEBI:16670||gain||vehicle_untreated
                                             CHEBI:186187||gain||vehicle_untreated
                                             CHEBI:215384||gain||vehicle_untreated
                                             CHEBI:230484||gain||vehicle_untreated
                                                   CHEBI:230487||gain||minus dtagv
                                             CHEBI:230487||gain||vehicle_untreated
                                             CHEBI:232584||gain||vehicle_untreated
                                             CHEBI:232752||gain||vehicle_untreated
                                             CHEBI:233314||gain||vehicle_untreated
                                             CHEBI:233322||gain||vehicle_untreated
                                             CHEBI:233326||gain||vehicle_untreated
                                             CHEBI:233818||gain||vehicle_untreated
                                             CHEBI:234558||gain||vehicle_untreated
                                                         CHEBI:23888||gain||nodrug
                                               CHEBI:23888||gain||normoxia control
                                       CHEBI:23888||gain||vehicle_untreated_liquid
                                              CHEBI:27666||gain||vehicle_untreated
                                              CHEBI:30127||gain||vehicle_untreated
                                                   CHEBI:33281||gain||faecal water
                                              CHEBI:33281||gain||vehicle_untreated
                                              CHEBI:34206||gain||vehicle_untreated
                                              CHEBI:34317||gain||vehicle_untreated
                                                   CHEBI:35222||block||inh_ownbase
                                                           CHEBI:40279||gain||ctrl
                                              CHEBI:46024||gain||vehicle_untreated
                                              CHEBI:50131||gain||vehicle_untreated
                                                              CHEBI:60325||gain||e
                                              CHEBI:64090||gain||vehicle_untreated
                                       CHEBI:6775||gain||vehicle_untreated_ownbase
                                             CHEBI:746964||gain||vehicle_untreated
                                             CHEBI:746980||gain||vehicle_untreated
                                                             CHEBI:75404||gain||nt
                                              CHEBI:79991||gain||vehicle_untreated
                                              CHEBI:79997||gain||vehicle_untreated
                                              CHEBI:81351||gain||vehicle_untreated
                                              CHEBI:81582||gain||vehicle_untreated
                                              CHEBI:81584||gain||vehicle_untreated
                                              CHEBI:85928||gain||vehicle_untreated
                                                              CHEBI:8756||gain||ni
                                               CHEBI:8756||gain||vehicle_untreated
                                       CHEBI:8756||gain||vehicle_untreated_ownbase
                                              CHEBI:88249||gain||vehicle_untreated
                                              CHEBI:90690||gain||vehicle_untreated
                                              CHEBI:95083||gain||vehicle_untreated
                                     CHEMBL:CHEMBL1162496||gain||vehicle_untreated
                                     CHEMBL:CHEMBL1201593||gain||vehicle_untreated
                                CHEMBL:CHEMBL1536||gain||vehicle_untreated_ownbase
                                    CHEMBL:CHEMBL2108119||block||vehicle_untreated
                                     CHEMBL:CHEMBL2108232||gain||vehicle_untreated
                                               CHEMBL:CHEMBL2177390||gain||negctrl
                                     CHEMBL:CHEMBL2177390||gain||vehicle_untreated
                                     CHEMBL:CHEMBL2331680||gain||vehicle_untreated
                                     CHEMBL:CHEMBL3590106||gain||vehicle_untreated
                                     CHEMBL:CHEMBL3601411||gain||vehicle_untreated
                                     CHEMBL:CHEMBL4297680||gain||vehicle_untreated
                                     CHEMBL:CHEMBL4521078||gain||vehicle_untreated
                                     CHEMBL:CHEMBL4650335||gain||vehicle_untreated
                                               CHEMBL:CHEMBL4650498||gain||placebo
                                     CHEMBL:CHEMBL5095044||gain||vehicle_untreated
                                     CHEMBL:CHEMBL5095267||gain||vehicle_untreated
                                               HGNC:10037||gain||vehicle_untreated
                                               HGNC:10248||gain||vehicle_untreated
                                                HGNC:1033||gain||vehicle_untreated
                                                    HGNC:10569||gain||empty vector
                                               HGNC:10638||gain||vehicle_untreated
                                                         HGNC:1066||gain||scramble
                                               HGNC:10782||gain||vehicle_untreated
                                               HGNC:10783||gain||vehicle_untreated
                                               HGNC:10785||gain||vehicle_untreated
                                               HGNC:10786||gain||vehicle_untreated
                                               HGNC:10787||gain||vehicle_untreated
                                                              HGNC:10854||gain||nt
                                                             HGNC:1100||gain||ctrl
                                               HGNC:11071||gain||vehicle_untreated
                                               HGNC:11103||gain||vehicle_untreated
                                                            HGNC:11114||gain||shnc
                                                             HGNC:11201||gain||gfp
                                                    HGNC:11204||gain||empty vector
                                               HGNC:11427||gain||vehicle_untreated
                                               HGNC:11579||gain||vehicle_untreated
                                               HGNC:11642||gain||vehicle_untreated
                                               HGNC:11744||gain||vehicle_untreated
                                               HGNC:11752||gain||vehicle_untreated
                                               HGNC:11753||gain||vehicle_untreated
                                                             HGNC:11766||gain||con
                                                            HGNC:11766||gain||ctrl
                                                          HGNC:11766||gain||nostim
                                               HGNC:11969||gain||vehicle_untreated
                                               HGNC:11982||gain||vehicle_untreated
                                               HGNC:12309||gain||vehicle_untreated
                                                              HGNC:12473||gain||wt
                                                           HGNC:12680||gain||water
                                       HGNC:12682||gain||conditioned medium of lec
                                                 HGNC:129||gain||vehicle_untreated
                                               HGNC:12932||gain||vehicle_untreated
                                               HGNC:13164||gain||vehicle_untreated
                                               HGNC:13203||gain||vehicle_untreated
                                               HGNC:14280||gain||vehicle_untreated
                                               HGNC:14291||gain||vehicle_untreated
                                                       HGNC:14304||gain||wild type
                                                              HGNC:14934||gain||wt
                                                              HGNC:15488||gain||ns
                                               HGNC:16039||gain||vehicle_untreated
                                                    HGNC:16468||gain||empty vector
                                                        HGNC:16792||gain||scramble
                                               HGNC:16846||gain||vehicle_untreated
                                                    HGNC:17008||gain||empty vector
                                               HGNC:17035||gain||vehicle_untreated
                                               HGNC:17371||gain||vehicle_untreated
                                               HGNC:17557||gain||vehicle_untreated
                                                          HGNC:17563||gain||thp nc
                                               HGNC:17944||gain||vehicle_untreated
                                                               HGNC:1811||gain||wt
                                                    HGNC:18160||gain||empty vector
                                               HGNC:18182||gain||vehicle_untreated
                                                             HGNC:18222||gain||gfp
                                                            HGNC:18538||gain||egfp
                                                             HGNC:18587||gain||gfp
                                               HGNC:18674||gain||vehicle_untreated
                                               HGNC:18714||gain||vehicle_untreated
                                               HGNC:18749||gain||vehicle_untreated
                                               HGNC:18873||gain||vehicle_untreated
                                               HGNC:19102||gain||vehicle_untreated
                                               HGNC:20951||gain||vehicle_untreated
                                                             HGNC:21270||gain||scr
                                                 HGNC:225||gain||vehicle_untreated
                                               HGNC:23156||gain||vehicle_untreated
                                               HGNC:23734||gain||vehicle_untreated
                                               HGNC:24034||gain||vehicle_untreated
                                                HGNC:2438||gain||vehicle_untreated
                                                HGNC:2469||gain||vehicle_untreated
                                                          HGNC:24712||gain||vector
                                                       HGNC:2473||gain||pcmv entry
                                                HGNC:2524||gain||vehicle_untreated
                                                       HGNC:25386||gain||wild type
                                                 HGNC:255||gain||vehicle_untreated
                                 HGNC:25671||gain||crispr cas engineered knock out
                                                     HGNC:25978||gain||vector only
                                         HGNC:25996||gain||scrambled sirna control
                                               HGNC:26573||gain||vehicle_untreated
                                                           HGNC:2746||gain||scr si
                                                HGNC:2761||gain||vehicle_untreated
                                               HGNC:28146||gain||vehicle_untreated
                                         HGNC:29012||gain||control sirna scrambled
                                                HGNC:2910||gain||vehicle_untreated
                                               HGNC:29484||gain||vehicle_untreated
                                                              HGNC:29629||gain||nc
                                               HGNC:29926||gain||vehicle_untreated
                                               HGNC:30142||gain||vehicle_untreated
                                               HGNC:30450||gain||vehicle_untreated
                                                HGNC:3059||gain||vehicle_untreated
                                                   HGNC:30654||gain||non silencing
                                               HGNC:30677||gain||vehicle_untreated
                                                HGNC:3148||gain||vehicle_untreated
                                                       HGNC:31542||gain||wild type
                                               HGNC:31573||gain||vehicle_untreated
                                               HGNC:31581||gain||vehicle_untreated
                                               HGNC:31616||gain||vehicle_untreated
                                                  HGNC:31624||gain||mimic scramble
                                                    HGNC:31777||gain||empty vector
                                               HGNC:31868||gain||vehicle_untreated
                                               HGNC:32074||gain||vehicle_untreated
                                                           HGNC:32084||gain||sigfp
                                                           HGNC:32138||gain||sigfp
                                               HGNC:33135||gain||vehicle_untreated
                                                           HGNC:33510||gain||htert
                                               HGNC:33643||gain||vehicle_untreated
                                                             HGNC:3373||gain||ctrl
                                                HGNC:3373||gain||vehicle_untreated
                                                HGNC:3463||gain||vehicle_untreated
                                                        HGNC:3527||gain||wild type
                                                HGNC:3559||gain||vehicle_untreated
                                                HGNC:3678||gain||vehicle_untreated
                                                             HGNC:3680||gain||ctrl
                                                HGNC:3971||gain||vehicle_untreated
                                                           HGNC:4174||gain||pdgfra
                                                HGNC:4174||gain||vehicle_untreated
                                                    HGNC:43014||gain||empty vector
                                                       HGNC:44311||gain||wild type
                                                    HGNC:4831||gain||non targeting
                                                              HGNC:48626||gain||nc
                                                     HGNC:5000||gain||empty vector
                                                        HGNC:5046||gain||shcontrol
                                                HGNC:5101||gain||vehicle_untreated
                                              HGNC:5128||gain||non silencing shrna
                                                 HGNC:587||gain||vehicle_untreated
                                                              HGNC:6224||gain||rfp
                                                              HGNC:6263||gain||rfp
                                              HGNC:6350||gain||non silencing shrna
                                                HGNC:6366||gain||vehicle_untreated
                                                 HGNC:651||gain||vehicle_untreated
                                                     HGNC:6551||gain||empty vector
                                                HGNC:6871||gain||vehicle_untreated
                                                 HGNC:738||gain||vehicle_untreated
                                                             HGNC:7553||gain||lacz
                                                      HGNC:7610||gain||vector ctrl
                                                HGNC:7838||gain||vehicle_untreated
                                                         HGNC:785||gain||wild type
                                       HGNC:8014||gain||non targeting sgrna vector
                                          HGNC:8031||gain||empty lentiviral vector
                                                HGNC:9137||gain||vehicle_untreated
                                                             HGNC:9235||gain||ctrl
                                                HGNC:9357||gain||vehicle_untreated
                                                HGNC:9376||gain||vehicle_untreated
                                                HGNC:9377||gain||vehicle_untreated
                                                               HGNC:9378||gain||wt
                                                               HGNC:9379||gain||wt
                                                HGNC:9545||gain||vehicle_untreated
                                                 HGNC:992||gain||vehicle_untreated
                                                HGNC:9955||gain||vehicle_untreated
                                                         HGNC:9962||gain||scramble
                                       MeSH:D000077274||gain||paracancerous tissue
                                          MeSH:D000077274||gain||vehicle_untreated
                                             MeSH:D000083242||gain||sca without is
                                                  MeSH:D000086382||gain||non covid
                             MeSH:D000172||gain||non functioning pituitary adenoma
                                                  MeSH:D000230||gain||non involved
                                             MeSH:D000230||gain||vehicle_untreated
                                             MeSH:D000784||gain||vehicle_untreated
                                         MeSH:D000787||gain||asymptomatic controls
                                             MeSH:D001025||gain||vehicle_untreated
                                             MeSH:D001165||gain||vehicle_untreated
                                                          MeSH:D001249||gain||copd
                                             MeSH:D001254||gain||vehicle_untreated
                                             MeSH:D001281||gain||vehicle_untreated
                                             MeSH:D001656||gain||vehicle_untreated
                                                            MeSH:D001940||gain||hc
                                             MeSH:D001991||gain||vehicle_untreated
                                                        MeSH:D001997||gain||no bpd
                                             MeSH:D002006||gain||vehicle_untreated
                                             MeSH:D002285||gain||vehicle_untreated
                                                    MeSH:D002446||gain||non celiac
                                             MeSH:D002532||gain||vehicle_untreated
                                   MeSH:D002583||gain||non cervical cancer patient
                                                 MeSH:D002583||gain||paracancerous
                                             MeSH:D002781||gain||vehicle_untreated
                                             MeSH:D003048||gain||vehicle_untreated
                                             MeSH:D003092||gain||vehicle_untreated
                                             MeSH:D003110||gain||vehicle_untreated
                                                MeSH:D003260||block||proliferating
                                           MeSH:D003550||gain||non cystic fibrosis
                                             MeSH:D003920||gain||vehicle_untreated
                                             MeSH:D003924||gain||vehicle_untreated
                                                       MeSH:D003933||gain||relapse
                                             MeSH:D004646||gain||vehicle_untreated
                                         MeSH:D004827||gain||asymptomatic controls
                                      MeSH:D004941||gain||vehicle_untreated_liquid
                                             MeSH:D005347||gain||vehicle_untreated
                                     MeSH:D005356||gain||vehicle_untreated_ownbase
                                             MeSH:D005764||gain||vehicle_untreated
                                             MeSH:D005871||gain||vehicle_untreated
                                             MeSH:D005891||gain||vehicle_untreated
                                                    MeSH:D005909||gain||non glioma
                                             MeSH:D005921||gain||vehicle_untreated
                                        MeSH:D006333||gain||no atrial fibrillation
                                MeSH:D006526||gain||primary sclerosing cholangitis
                                             MeSH:D006816||gain||vehicle_untreated
                                             MeSH:D006932||gain||vehicle_untreated
                                             MeSH:D006973||gain||vehicle_untreated
                                                  MeSH:D007713||gain||non fibrotic
                                             MeSH:D007890||gain||vehicle_untreated
                                             MeSH:D007896||gain||vehicle_untreated
                                             MeSH:D007918||gain||vehicle_untreated
                                             MeSH:D007938||gain||vehicle_untreated
                                                          MeSH:D008027||gain||dark
                                                            MeSH:D008168||gain||hc
                                             MeSH:D008181||gain||vehicle_untreated
                                             MeSH:D008223||gain||vehicle_untreated
                                             MeSH:D008382||gain||vehicle_untreated
                                             MeSH:D008527||gain||vehicle_untreated
                                             MeSH:D008545||gain||vehicle_untreated
                                             MeSH:D008945||gain||vehicle_untreated
                                             MeSH:D009091||gain||vehicle_untreated
                                         MeSH:D009103||gain||asymptomatic controls
                                             MeSH:D009182||gain||vehicle_untreated
                                             MeSH:D009220||gain||vehicle_untreated
                                        MeSH:D009298||gain||non polyp nasal mucosa
                                                    MeSH:D009396||gain||nontumoral
                                                         MeSH:D009852||gain||ovary
                                                 MeSH:D010003||gain||non arthritic
               MeSH:D010003||gain||patients requiring surgery due to sports damage
                                             MeSH:D010024||gain||vehicle_untreated
                                            MeSH:D010053||gain||metastasis+omentum
                                                            MeSH:D010179||gain||hc
                                             MeSH:D010300||gain||vehicle_untreated
                                             MeSH:D010921||gain||vehicle_untreated
                                             MeSH:D011014||gain||vehicle_untreated
                                        MeSH:D011565||gain||ankylosing spondylitis
                                             MeSH:D011625||gain||vehicle_untreated
                                             MeSH:D011658||gain||vehicle_untreated
                                             MeSH:D011671||gain||vehicle_untreated
                                             MeSH:D012175||gain||vehicle_untreated
                                             MeSH:D012507||gain||vehicle_untreated
                                             MeSH:D012514||gain||vehicle_untreated
                                             MeSH:D012516||gain||vehicle_untreated
                                             MeSH:D012751||gain||vehicle_untreated
                                                MeSH:D012892||loss||adequate sleep
                                                    MeSH:D012907||gain||nonsmoking
                                                    MeSH:D013026||gain||g on earth
                                             MeSH:D013313||gain||vehicle_untreated
                                             MeSH:D013405||gain||vehicle_untreated
                                             MeSH:D013921||gain||vehicle_untreated
                                                     MeSH:D014277||gain||pain free
                                             MeSH:D014860||gain||vehicle_untreated
                                             MeSH:D015179||gain||vehicle_untreated
                                             MeSH:D016584||gain||vehicle_untreated
                             MeSH:D016736||gain||primary culture+vehicle_untreated
                                             MeSH:D017285||gain||vehicle_untreated
                                             MeSH:D018281||gain||vehicle_untreated
                                             MeSH:D018589||gain||vehicle_untreated
                        MeSH:D018630||gain||idiopathic epiretinal membrane patient
                                                     MeSH:D018805||gain||nonsepsis
                                             MeSH:D020521||gain||vehicle_untreated
                                                    MeSH:D029424||gain||non smoker
                                             MeSH:D038261||gain||vehicle_untreated
                                             MeSH:D050177||gain||vehicle_untreated
                                             MeSH:D054058||gain||vehicle_untreated
                                             MeSH:D055985||gain||vehicle_untreated
                                             MeSH:D057092||gain||vehicle_untreated
                                              MeSH:D062788||gain||intramural myoma
                                             MeSH:D062788||gain||vehicle_untreated
                                                        MeSH:D065311||gain||benign
                                         NCBITaxon:119210||gain||vehicle_untreated
                                         NCBITaxon:136966||gain||vehicle_untreated
                                         NCBITaxon:262676||gain||vehicle_untreated
                                          NCBITaxon:64320||gain||vehicle_untreated
                                             CHEBI:134602||gain||vehicle_untreated
                                             CHEBI:140475||gain||vehicle_untreated
                                             CHEBI:145121||gain||vehicle_untreated
                                              CHEBI:15551||gain||vehicle_untreated
                                                              CHEBI:2038||gain||il
                                               CHEBI:2038||gain||vehicle_untreated
                                                        CHEBI:2150||gain||no treat
                                            CHEBI:231729||block||vehicle_untreated
                                      CHEBI:23888||gain||vehicle_untreated_ownbase
                                              CHEBI:34316||gain||vehicle_untreated
                                              CHEBI:35930||gain||vehicle_untreated
                                                     CHEBI:48705||gain||antagonist
                                              CHEBI:48705||gain||vehicle_untreated
                                             CHEBI:48706||block||vehicle_untreated
                                                 CHEBI:59132||gain||not stimulated
                                              CHEBI:64755||gain||vehicle_untreated
                                             CHEBI:747295||gain||vehicle_untreated
                                              CHEBI:75404||gain||vehicle_untreated
                                              CHEBI:78510||gain||vehicle_untreated
                                              CHEBI:79993||gain||vehicle_untreated
                                                       CHEMBL:CHEMBL1090||gain||nt
                                    CHEMBL:CHEMBL1201608||block||vehicle_untreated
                                                  CHEMBL:CHEMBL135||gain||no treat
                                      CHEMBL:CHEMBL200102||gain||vehicle_untreated
                                      CHEMBL:CHEMBL203665||gain||vehicle_untreated
                                     CHEMBL:CHEMBL2105694||gain||vehicle_untreated
                                     CHEMBL:CHEMBL2107572||gain||vehicle_untreated
                                       CHEMBL:CHEMBL23330||gain||vehicle_untreated
                                     CHEMBL:CHEMBL3301601||gain||vehicle_untreated
                                     CHEMBL:CHEMBL3785909||gain||vehicle_untreated
                                     CHEMBL:CHEMBL4205422||gain||vehicle_untreated
                                               CHEMBL:CHEMBL4297559||gain||placebo
                                     CHEMBL:CHEMBL4650718||gain||vehicle_untreated
                                               HGNC:10044||gain||vehicle_untreated
                                               HGNC:10571||gain||vehicle_untreated
                                               HGNC:10780||gain||vehicle_untreated
                                               HGNC:10788||gain||vehicle_untreated
                                               HGNC:10789||gain||vehicle_untreated
                                               HGNC:10791||gain||vehicle_untreated
                                               HGNC:10845||gain||vehicle_untreated
                                               HGNC:10864||gain||vehicle_untreated
                                          HGNC:10894||gain||scramble shrna control
                                               HGNC:10904||gain||vehicle_untreated
                                               HGNC:11196||gain||vehicle_untreated
                                                       HGNC:11200||gain||scrambled
                                     HGNC:11204||gain||empty vector+umbilical vein
                                               HGNC:11204||gain||vehicle_untreated
                                               HGNC:11244||gain||vehicle_untreated
                                               HGNC:11245||gain||vehicle_untreated
                                               HGNC:11279||gain||vehicle_untreated
                                               HGNC:11467||gain||vehicle_untreated
                                                    HGNC:11556||gain||empty vector
                                               HGNC:11598||gain||vehicle_untreated
                                                             HGNC:11728||gain||con
                                                      HGNC:11766||gain||beads only
                                                          HGNC:11766||gain||sictrl
                                                              HGNC:11805||gain||nt
                                                              HGNC:11998||gain||wt
                                                HGNC:12547||gain||shrna knock down
                                                         HGNC:12680||gain||starved
                                               HGNC:12729||gain||vehicle_untreated
                                                          HGNC:12799||gain||vector
                                                    HGNC:12919||gain||empty vector
                                                    HGNC:12926||gain||empty vector
                                               HGNC:12930||gain||vehicle_untreated
                                                    HGNC:12957||gain||empty vector
                                                    HGNC:12981||gain||empty vector
                                                    HGNC:13001||gain||empty vector
                                                    HGNC:13041||gain||empty vector
                                                    HGNC:13053||gain||empty vector
                                                    HGNC:13059||gain||empty vector
                                                    HGNC:13067||gain||empty vector
                                                    HGNC:13068||gain||empty vector
                                                    HGNC:13090||gain||empty vector
                                                    HGNC:13096||gain||empty vector
                                                    HGNC:13110||gain||empty vector
                                                    HGNC:13145||gain||empty vector
                                                    HGNC:13154||gain||empty vector
          HGNC:13299||gain||collected from day after hematopoietic differentiation
                                                    HGNC:13498||gain||empty vector
                                                    HGNC:13507||gain||empty vector
                                               HGNC:13520||gain||vehicle_untreated
                                               HGNC:13532||gain||vehicle_untreated
                                                    HGNC:13842||gain||empty vector
                                                              HGNC:13993||gain||wt
                                                           HGNC:14263||gain||si nc
                                               HGNC:14552||gain||vehicle_untreated
                                                        HGNC:14607||gain||scramble
                                                HGNC:1554||gain||vehicle_untreated
                                               HGNC:15714||gain||vehicle_untreated
                                               HGNC:15804||gain||vehicle_untreated
                                                    HGNC:15809||gain||empty vector
                                                       HGNC:16175||gain||scrambled
                                                       HGNC:16200||gain||sicontrol
                                                              HGNC:16355||gain||nc
                                            HGNC:16384||gain||sh scrambled control
                                                            HGNC:16421||gain||ctrl
                                               HGNC:16432||gain||vehicle_untreated
                                               HGNC:16747||gain||vehicle_untreated
                                                          HGNC:16789||gain||vector
                                  HGNC:17005||gain||pathogen or aggregate exposure
                                               HGNC:17026||gain||vehicle_untreated
                                                        HGNC:17071||gain||scramble
                                               HGNC:17098||gain||vehicle_untreated
                                               HGNC:17563||gain||vehicle_untreated
                                                        HGNC:17809||gain||scramble
                                                          HGNC:17925||gain||vector
                                          HGNC:18241||gain||scramble shrna control
                                                   HGNC:18314||gain||control sirna
                                               HGNC:18318||gain||vehicle_untreated
                                                           HGNC:18344||gain||oe nc
                                               HGNC:18449||gain||vehicle_untreated
                                                   HGNC:18585||gain||control shrna
                                               HGNC:18806||gain||vehicle_untreated
                                                HGNC:1917||gain||vehicle_untreated
                                                HGNC:1918||gain||vehicle_untreated
                                                HGNC:1919||gain||vehicle_untreated
                                                              HGNC:19278||gain||NA
                                                    HGNC:1932||gain||control sirna
                                                             HGNC:19841||gain||con
                                                              HGNC:201||gain||ctrl
                                               HGNC:20186||gain||vehicle_untreated
                                                HGNC:2022||gain||vehicle_untreated
                                                HGNC:2023||gain||vehicle_untreated
                                                HGNC:2024||gain||vehicle_untreated
                                                HGNC:2025||gain||vehicle_untreated
                                               HGNC:20320||gain||vehicle_untreated
                                               HGNC:20369||gain||vehicle_untreated
                                                    HGNC:20648||gain||empty vector
                                                           HGNC:20749||gain||shrna
                                                    HGNC:20874||gain||empty vector
                                                          HGNC:20951||gain||vector
                                                    HGNC:21018||gain||empty vector
                                                       HGNC:21539||gain||wild type
                                                                HGNC:226||gain||ev
                                               HGNC:23238||gain||vehicle_untreated
                                          HGNC:23393||gain||scramble shrna control
                                                       HGNC:23572||gain||stat stat
                                                              HGNC:2377||gain||veh
                                               HGNC:24323||gain||vehicle_untreated
                                               HGNC:24934||gain||vehicle_untreated
                                               HGNC:25011||gain||vehicle_untreated
                                                           HGNC:2538||gain||sh con
                                          HGNC:25557||gain||scramble shrna control
                                               HGNC:25585||gain||vehicle_untreated
                                               HGNC:25632||gain||vehicle_untreated
                                                    HGNC:25736||gain||empty vector
                                               HGNC:25807||gain||vehicle_untreated
                                               HGNC:25941||gain||vehicle_untreated
                                                       HGNC:25994||gain||shcontrol
                                               HGNC:26010||gain||vehicle_untreated
                                                    HGNC:26421||gain||empty vector
                                                    HGNC:26687||gain||empty vector
                                               HGNC:26958||gain||vehicle_untreated
                                                    HGNC:27260||gain||empty vector
                                               HGNC:27962||gain||vehicle_untreated
                                                    HGNC:28068||gain||empty vector
                                               HGNC:28135||gain||vehicle_untreated
                                                            HGNC:28395||gain||ctrl
                                                              HGNC:28510||gain||wt
          HGNC:28583||gain||collected from day after hematopoietic differentiation
                                                HGNC:2874||gain||vehicle_untreated
                                                    HGNC:28766||gain||empty vector
                                                HGNC:2877||gain||vehicle_untreated
                                                    HGNC:28857||gain||empty vector
                                                             HGNC:28866||gain||scr
                                                             HGNC:28867||gain||scr
                                                   HGNC:28868||gain||control shrna
                                                    HGNC:28908||gain||empty vector
                                                HGNC:2907||gain||vehicle_untreated
                                                         HGNC:29079||gain||no drug
                                               HGNC:29190||gain||vehicle_untreated
                                                            HGNC:29215||gain||ctrl
                                                            HGNC:29349||gain||ctrl
                                               HGNC:29644||gain||vehicle_untreated
                                                            HGNC:29798||gain||ctrl
                                                            HGNC:30103||gain||sint
                                          HGNC:30163||gain||scramble shrna control
                                                             HGNC:3019||gain||ctrl
                                                            HGNC:30422||gain||lacz
                                                            HGNC:30649||gain||ctrl
                                               HGNC:30758||gain||vehicle_untreated
                                               HGNC:31487||gain||vehicle_untreated
                                               HGNC:31543||gain||vehicle_untreated
                                                            HGNC:31577||gain||ctrl
                                               HGNC:31580||gain||vehicle_untreated
                                                             HGNC:31581||gain||pev
                                               HGNC:31601||gain||vehicle_untreated
                                               HGNC:31602||gain||vehicle_untreated
                                                        HGNC:31615||gain||scramble
                                                   HGNC:31615||gain||scramble xeno
                                               HGNC:31615||gain||vehicle_untreated
                                                     HGNC:31635||gain||non treated
                                                          HGNC:31641||gain||vector
                                                          HGNC:31642||gain||vector
                                               HGNC:32024||gain||vehicle_untreated
                                               HGNC:32138||gain||vehicle_untreated
                                                    HGNC:32207||gain||empty vector
                                               HGNC:32886||gain||vehicle_untreated
                                                HGNC:3319||gain||vehicle_untreated
                                                    HGNC:33230||gain||empty vector
                                                             HGNC:3326||gain||plko
                                                           HGNC:3466||gain||vector
                                                HGNC:3467||gain||vehicle_untreated
                                                            HGNC:3490||gain||empty
                                                    HGNC:3498||gain||sirna control
                                                               HGNC:3527||gain||wt
                                                HGNC:3575||gain||vehicle_untreated
                                                HGNC:3665||gain||vehicle_untreated
                                        HGNC:3687||gain||absence of growth factors
                                                 HGNC:378||gain||vehicle_untreated
                                               HGNC:40862||gain||vehicle_untreated
                                                           HGNC:4108||gain||vector
                                                HGNC:4170||gain||vehicle_untreated
                                                HGNC:4171||gain||vehicle_untreated
                                                HGNC:4172||gain||vehicle_untreated
                                                    HGNC:4317||gain||non targeting
                                                   HGNC:44182||gain||control shrna
                                                              HGNC:4471||gain||vec
                                                        HGNC:4553||gain||wild type
                                                             HGNC:4576||gain||ctrl
                                                HGNC:4740||gain||vehicle_untreated
                                                 HGNC:490||gain||vehicle_untreated
                                                    HGNC:49505||gain||empty vector
                                                HGNC:5002||gain||vehicle_untreated
                                                              HGNC:5021||gain||dox
                                                           HGNC:5031||gain||scr si
                                                HGNC:5031||gain||vehicle_untreated
                                                HGNC:5033||gain||vehicle_untreated
                                                           HGNC:5035||gain||sgctrl
                                                           HGNC:5044||gain||heif a
                                                             HGNC:5044||gain||sinc
                                                   HGNC:5099||gain||scramble sirna
                                               HGNC:51108||gain||vehicle_untreated
                                                    HGNC:51271||gain||empty vector
                                           HGNC:5187||gain||scramble shrna control
                                                             HGNC:5474||gain||nega
                                                HGNC:5474||gain||vehicle_untreated
                                               HGNC:55459||gain||vehicle_untreated
                                                               HGNC:604||gain||gfp
                                                HGNC:6133||gain||vehicle_untreated
                                                            HGNC:6206||gain||shrna
                                                               HGNC:6526||gain||wt
                                                 HGNC:655||gain||vehicle_untreated
                                                 HGNC:658||gain||vehicle_untreated
                                                        HGNC:6637||gain||wild type
                                                HGNC:6641||gain||vehicle_untreated
                                                      HGNC:6798||gain||unperturbed
                                                HGNC:6917||gain||vehicle_untreated
                                                HGNC:6948||gain||vehicle_untreated
                                                HGNC:7000||gain||vehicle_untreated
                                                               HGNC:7000||gain||wt
                                                HGNC:7105||gain||vehicle_untreated
                                                            HGNC:7132||gain||sintc
                                                    HGNC:7330||gain||control shrna
                                                     HGNC:7399||gain||empty vector
                                                              HGNC:7553||gain||gfp
                                                HGNC:7553||gain||vehicle_untreated
                                                HGNC:7559||gain||vehicle_untreated
                                                        HGNC:7673||gain||shcontrol
                                                HGNC:7784||gain||vehicle_untreated
                                                HGNC:7801||gain||vehicle_untreated
                                                HGNC:8139||gain||vehicle_untreated
                                                HGNC:8525||gain||vehicle_untreated
                                                HGNC:8583||gain||vehicle_untreated
                                                HGNC:8615||gain||vehicle_untreated
                                                HGNC:8617||gain||vehicle_untreated
                                                             HGNC:8736||gain||ctrl
                                                HGNC:8979||gain||vehicle_untreated
                                                           HGNC:9024||gain||vector
                                                      HGNC:9024||gain||vector only
                                                HGNC:9029||gain||vehicle_untreated
                                                                HGNC:920||gain||wt
                                                HGNC:9282||gain||vehicle_untreated
                                                HGNC:9617||gain||vehicle_untreated
                                                    HGNC:9647||gain||non targeting
                                                        HGNC:9891||gain||wild type
                                                HGNC:9906||gain||vehicle_untreated
                                                    HGNC:9937||gain||empty plasmid
                                          MeSH:D000083242||gain||vehicle_untreated
                               MeSH:D000086382||gain||lung squamous cell carcinoma
                                                  MeSH:D000086382||gain||pneumonia
                                   MeSH:D000086382||gain||pulmonary bronchiectasis
                                     MeSH:D000236||gain||vehicle_untreated_ownbase
                                             MeSH:D000437||gain||vehicle_untreated
                                        MeSH:D000564||gain||odontogenic keratocyst
                                             MeSH:D000690||gain||vehicle_untreated
                                             MeSH:D000783||gain||vehicle_untreated
                                             MeSH:D001014||gain||vehicle_untreated
                             MeSH:D001249||gain||primary culture+vehicle_untreated
                                                     MeSH:D001254||gain||non tumor
                                              MeSH:D001656||gain||choledochal cyst
                                             MeSH:D002446||gain||vehicle_untreated
                                             MeSH:D002813||gain||vehicle_untreated
                                             MeSH:D003248||gain||vehicle_untreated
                                             MeSH:D003456||gain||vehicle_untreated
                                             MeSH:D003865||gain||vehicle_untreated
                                             MeSH:D003967||gain||vehicle_untreated
                                                     MeSH:D004806||gain||non tumor
                                             MeSH:D005600||gain||vehicle_untreated
                                                     MeSH:D005909||gain||non tumor
                                             MeSH:D006526||gain||vehicle_untreated
                        MeSH:D006528||gain||hepatocellular carcinoma disease model
                                                 MeSH:D007627||gain||immature scar
                                             MeSH:D007713||gain||vehicle_untreated
                                     MeSH:D007713||gain||vehicle_untreated_ownbase
                                                MeSH:D007890||gain||adenocarcinoma
                                             MeSH:D008067||gain||vehicle_untreated
                                             MeSH:D008080||gain||vehicle_untreated
                                         MeSH:D008545||gain||common acquired nevus
                                             MeSH:D008831||gain||vehicle_untreated
                                             MeSH:D009396||gain||vehicle_untreated
                                             MeSH:D009447||gain||vehicle_untreated
                                             MeSH:D009506||gain||vehicle_untreated
                                         MeSH:D010053||gain||metastasis+peritoneum
                                             MeSH:D011085||gain||vehicle_untreated
                                             MeSH:D011471||gain||vehicle_untreated
                                                 MeSH:D011565||gain||atopic eczema
                                                  MeSH:D012008||gain||presentation
                                       MeSH:D012175||gain||fetal+vehicle_untreated
                                             MeSH:D012220||gain||vehicle_untreated
                                         MeSH:D012509||gain||asymptomatic controls
                                             MeSH:D012509||gain||vehicle_untreated
                                                MeSH:D012516||gain||adenocarcinoma
                                                  MeSH:D012907||gain||never smoked
                                                          MeSH:D013405||gain||ctrl
                                             MeSH:D014820||gain||vehicle_untreated
                                          MeSH:D015424||gain||pre ischemia_ownbase
                                                MeSH:D015518||gain||rett a_ownbase
                                             MeSH:D015941||gain||vehicle_untreated
                                             MeSH:D018316||gain||vehicle_untreated
                                             MeSH:D018322||gain||vehicle_untreated
                                             MeSH:D018980||gain||vehicle_untreated
                                              MeSH:D019301||gain||undifferentiated
                                             MeSH:D043183||gain||vehicle_untreated
                                             MeSH:D046589||gain||vehicle_untreated
                                             MeSH:D054082||gain||vehicle_untreated
                                                   MeSH:D057092||gain||neovascular
                                             MeSH:D057873||gain||vehicle_untreated
                                             MeSH:D062689||gain||vehicle_untreated
                                         NCBITaxon:102793||gain||vehicle_untreated
                                         NCBITaxon:333278||gain||vehicle_untreated
                                             STR:2r6r_hnk||gain||vehicle_untreated
                                                       STR:5_azacytidine||gain||il
                                         STR:5_dihydrotestosterone||gain||no treat
                                         STR:5azacytidine||gain||vehicle_untreated
                                               STR:aa_147||gain||vehicle_untreated
                                                            STR:adam22||gain||ctrl
                                                               STR:adar2||gain||ev
                                      STR:adenoma||gain||vehicle_untreated_ownbase
                                                 STR:afgf||gain||vehicle_untreated
                                               STR:ag1478||gain||vehicle_untreated
                                               STR:akap95||gain||vehicle_untreated
                                   STR:alcoholusedisorder||gain||vehicle_untreated
                                   STR:ameloblastoma||gain||odontogenic keratocyst
                                               STR:amg337||gain||vehicle_untreated
                        STR:amyotrophic_lateral_sclerosis||gain||vehicle_untreated
                                             STR:aneurysm||gain||vehicle_untreated
                                         STR:angiofibroma||gain||vehicle_untreated
                                              STR:angptl2||gain||vehicle_untreated
                                            STR:anti_cd3||block||vehicle_untreated
                                                 STR:antigen||gain||not stimulated
                                      STR:aortic_aneurysm||gain||vehicle_untreated
                                                            STR:apobec1||gain||gfp
                                                                STR:araa||gain||nt
                                                STR:arf_2||gain||vehicle_untreated
                                                STR:arf_4||gain||vehicle_untreated
                                                STR:arf_5||gain||vehicle_untreated
                               STR:asthma||gain||primary culture+vehicle_untreated
                                                  STR:astrocytoma||gain||non tumor
                                                STR:asxl1||gain||vehicle_untreated
                                                 STR:atri||gain||vehicle_untreated
                                                STR:azin1||gain||vehicle_untreated
                                                             STR:b3galt5||gain||wt
                                       STR:bet_inhibitor||block||vehicle_untreated
                                       STR:biliary_atresia||gain||choledochal cyst
                                                 STR:boca||gain||vehicle_untreated
                                               STR:bz_atp||gain||vehicle_untreated
                                                              STR:c_myc||gain||gfp
                                                STR:c_myc||gain||vehicle_untreated
                                              STR:cadasil||gain||vehicle_untreated
                                               STR:camta1||gain||vehicle_untreated
                                                STR:car_t||gain||vehicle_untreated
                                                 STR:cart||gain||vehicle_untreated
                                               STR:cb1954||gain||vehicle_untreated
                                                 STR:cbx4||gain||vehicle_untreated
                                                            STR:ccser1||gain||ctrl
                                              STR:cdb4124||gain||vehicle_untreated
                                       STR:celiac_disease||gain||vehicle_untreated
                                                 STR:ch50||gain||vehicle_untreated
                                                STR:chd_2||gain||vehicle_untreated
                                                STR:chd_3||gain||vehicle_untreated
                                                STR:chd_4||gain||vehicle_untreated
                                                   STR:chi3l1||gain||control sirna
                                    STR:chmi||gain||pathogen or aggregate exposure
                                       STR:chondrosarcoma||gain||vehicle_untreated
                                                 STR:clc4||gain||vehicle_untreated
                                                 STR:clc5||gain||vehicle_untreated
                                                 STR:clc6||gain||vehicle_untreated
                                                 STR:clc7||gain||vehicle_untreated
                                            STR:compoundc||gain||vehicle_untreated
                                         STR:constipation||gain||vehicle_untreated
                                  STR:covid_19||gain||lung squamous cell carcinoma
                                                     STR:covid_19||gain||pneumonia
                                      STR:covid_19||gain||pulmonary bronchiectasis
                                                STR:cpd10||gain||vehicle_untreated
                                               STR:cpped1||gain||vehicle_untreated
                                       STR:cryptorchidism||gain||vehicle_untreated
                                                         STR:ctip||gain||wild type
                                                            STR:ctsv||gain||sh con
                                               STR:damage||gain||vehicle_untreated
                                                 STR:dia2||gain||vehicle_untreated
                                                 STR:dia4||gain||vehicle_untreated
                                             STR:diarrhea||gain||vehicle_untreated
                                               STR:dicer1||gain||vehicle_untreated
                                                 STR:dlk1||gain||vehicle_untreated
                                                   STR:dnajc12||gain||empty vector
                                                             STR:drap1||gain||ctrl
                                                              STR:dro1||gain||ctrl
                                               STR:edta_2||gain||vehicle_untreated
                                                 STR:elf4||gain||vehicle_untreated
                                                              STR:elk4||gain||plko
                                                   STR:ependymoma||gain||non tumor
                                              STR:eralpha||gain||vehicle_untreated
                                                            STR:esm1||gain||vector
                                                     STR:estradiol||gain||no treat
                                                 STR:eto2||gain||vehicle_untreated
                                                             STR:etv1||gain||empty
                                                                STR:ezh2||gain||wt
                                                STR:fads2||gain||vehicle_untreated
                                         STR:fgf9||gain||absence of growth factors
                                                STR:fox_2||gain||vehicle_untreated
                                                              STR:foxa1||gain||dox
                                                           STR:foxq1||gain||vector
                                   STR:fragile_x_syndrome||gain||vehicle_untreated
                                                STR:g_rb1||gain||vehicle_untreated
                                                                STR:gas5||gain||nc
                                               STR:gata_1||gain||vehicle_untreated
                                               STR:gata_2||gain||vehicle_untreated
                                            STR:gata2_as1||gain||vehicle_untreated
                                                STR:gata3||gain||vehicle_untreated
                                         STR:geographic_atrophy||gain||neovascular
                                                     STR:gli1||gain||non targeting
                                                 STR:glioblastoma||gain||non tumor
                                          STR:gliosarcoma||gain||vehicle_untreated
                                                               STR:glis3||gain||wt
                                                              STR:gpr17||gain||vec
                                                         STR:gpx1||gain||wild type
                                                             STR:grid2||gain||ctrl
                                              STR:gsklsd1||gain||vehicle_untreated
                                               STR:gw9662||gain||vehicle_untreated
                                                 STR:h5n1||gain||vehicle_untreated
                                                 STR:h7n9||gain||vehicle_untreated
                                                           STR:hapstr1||gain||sint
                                          STR:hepatitis_c||gain||vehicle_untreated
        STR:hepatocellular_carcinoma||gain||hepatocellular carcinoma disease model
                                                 STR:hhip_as1||gain||control shrna
                                                            STR:hint2||gain||oe nc
                                               STR:hmg20b||gain||vehicle_untreated
                                                 STR:hnf4a_as1||gain||empty vector
                                             STR:hnrnp_a1||gain||vehicle_untreated
                                                         STR:hnrnp_k||gain||heif a
                                                         STR:hnrnpa1||gain||scr si
                                              STR:hnrnpa1||gain||vehicle_untreated
                                            STR:hnrnpa2b1||gain||vehicle_untreated
                                                          STR:hnrnpc||gain||sgctrl
                                                            STR:hnrnpk||gain||sinc
                                                   STR:hoxa1||gain||scramble sirna
                                          STR:hsa_mir_20b||gain||vehicle_untreated
                                             STR:hsd17b14||gain||vehicle_untreated
                                             STR:ibet_151||gain||vehicle_untreated
                                                            STR:igf2bp1||gain||scr
                                                            STR:igf2bp2||gain||scr
                                                  STR:igf2bp3||gain||control shrna
                                                            STR:igfbp5||gain||nega
                                               STR:igfbp5||gain||vehicle_untreated
                                                 STR:ikke||gain||vehicle_untreated
                             STR:irritable_bowel_syndrome||gain||vehicle_untreated
                                                 STR:islr||gain||vehicle_untreated
                                                 STR:iwr1||gain||vehicle_untreated
                                                            STR:jun_d||gain||shrna
                                                         STR:kdm4c||gain||scramble
                                                   STR:keloid||gain||immature scar
                                 STR:klinefelter_syndrome||gain||vehicle_untreated
                         STR:klinefelter_syndrome||gain||vehicle_untreated_ownbase
                                                 STR:lap3||gain||vehicle_untreated
                                                                STR:lcn2||gain||wt
                                          STR:leiomyosarcoma||gain||adenocarcinoma
            STR:lgr4||gain||collected from day after hematopoietic differentiation
                                                    STR:lin28b||gain||empty vector
                                            STR:linc00339||gain||vehicle_untreated
                                         STR:lipoblastoma||gain||vehicle_untreated
                                               STR:lipoma||gain||vehicle_untreated
                                          STR:liposarcoma||gain||vehicle_untreated
                                        STR:lissencephaly||gain||vehicle_untreated
                                                        STR:lmnb1||gain||wild type
                                                 STR:lmo1||gain||vehicle_untreated
                                               STR:lrpprc||gain||vehicle_untreated
                                                           STR:lsd1||gain||no drug
                                          STR:macroh2a1_2||gain||vehicle_untreated
                                                   STR:mage_a11||gain||unperturbed
                                            STR:magi2_as3||gain||vehicle_untreated
                            STR:major_depressive_disorder||gain||vehicle_untreated
                                                 STR:mbd2||gain||vehicle_untreated
                                              STR:mc_1568||gain||vehicle_untreated
                                                 STR:mcm5||gain||vehicle_untreated
                                                    STR:mecom||gain||sirna control
                                                               STR:med3||gain||veh
                                                STR:meis1||gain||vehicle_untreated
                                                               STR:meis1||gain||wt
                                         STR:melanoma||gain||common acquired nevus
                                               STR:mettl3||gain||vehicle_untreated
                                                 STR:mi63||gain||vehicle_untreated
                                         STR:microcephaly||gain||vehicle_untreated
                                              STR:mir_100||gain||vehicle_untreated
                                              STR:mir_15a||gain||vehicle_untreated
                                               STR:mir_16||gain||vehicle_untreated
                                             STR:mir_200c||gain||vehicle_untreated
                                                            STR:mir_203||gain||pev
                                              STR:mir_221||gain||vehicle_untreated
                                              STR:mir_222||gain||vehicle_untreated
                                                        STR:mir_28||gain||scramble
                                                   STR:mir_28||gain||scramble xeno
                                               STR:mir_28||gain||vehicle_untreated
                                                    STR:mir_34a||gain||non treated
                                              STR:mir_503||gain||vehicle_untreated
                                              STR:mir_630||gain||vehicle_untreated
                                                         STR:mir_9_1||gain||vector
                                                         STR:mir_9_2||gain||vector
                                                            STR:mir20a||gain||ctrl
                                                 STR:mitf||gain||vehicle_untreated
                                               STR:mk0752||gain||vehicle_untreated
                                               STR:mk8931||gain||vehicle_untreated
                                                              STR:mlk4||gain||ctrl
                                                             STR:mll1||gain||sintc
                                                        STR:morc3||gain||stat stat
                                                STR:mroh1||gain||vehicle_untreated
                                                     STR:msi1||gain||control shrna
                                                     STR:msi2||gain||control shrna
                                                      STR:mt1g||gain||empty vector
                                                 STR:mycn||gain||vehicle_untreated
                                                  STR:mzf1_as1||gain||empty vector
                                                        STR:ncor2||gain||shcontrol
                                        STR:neuroblastoma||gain||vehicle_untreated
                                                STR:nevus||gain||vehicle_untreated
                                                 STR:nfia||gain||vehicle_untreated
                                                         STR:nmnat_2||gain||vector
                                                STR:nrde2||gain||vehicle_untreated
                                                        STR:nsun2||gain||shcontrol
                                               STR:ogfod1||gain||vehicle_untreated
                                            STR:oleic_acid||gain||undifferentiated
                                              STR:onecut2||gain||vehicle_untreated
                                            STR:osteosarcoma||gain||adenocarcinoma
                                            STR:ovary||gain||metastasis+peritoneum
                                                STR:ovol1||gain||vehicle_untreated
                                                STR:ovol2||gain||vehicle_untreated
                                                           STR:page4||gain||vector
                                                 STR:pai1||gain||vehicle_untreated
                                                 STR:pax1||gain||vehicle_untreated
                                                 STR:pax3||gain||vehicle_untreated
                                                        STR:pcif1||gain||sicontrol
                                                             STR:pcnx2||gain||ctrl
                                     STR:peri_implantitis||gain||vehicle_untreated
                                                STR:pge_2||gain||vehicle_untreated
                                                            STR:pkp2||gain||vector
                                                       STR:pkp2||gain||vector only
                                              STR:pla2g10||gain||vehicle_untreated
                            STR:polycystic_ovary_syndrome||gain||vehicle_untreated
                                                       STR:polyiclc||gain||placebo
                                             STR:pp1_beta||gain||vehicle_untreated
                                                               STR:prdm8||gain||wt
                                           STR:prmt1||gain||scramble shrna control
                                           STR:prmt3||gain||scramble shrna control
                                           STR:prmt4||gain||scramble shrna control
                                           STR:prmt5||gain||scramble shrna control
                                           STR:prmt6||gain||scramble shrna control
                                           STR:prmt7||gain||scramble shrna control
                                      STR:prostate_cancer||gain||vehicle_untreated
                                                STR:psoriasis||gain||atopic eczema
                                                STR:pspc1||gain||vehicle_untreated
                                                 STR:ptk6||gain||vehicle_untreated
                                                   STR:ptpn14||gain||non targeting
                                                STR:puh71||gain||vehicle_untreated
      STR:r_spondin2||gain||collected from day after hematopoietic differentiation
                                                 STR:r568||gain||vehicle_untreated
                                                            STR:rab23||gain||si nc
                                               STR:rbfox2||gain||vehicle_untreated
                                                        STR:rbm24||gain||wild type
                                                STR:recoverin||gain||empty plasmid
                                                STR:recurrence||gain||presentation
                                       STR:reperfusion||gain||pre ischemia_ownbase
                                 STR:retinoblastoma||gain||fetal+vehicle_untreated
                                           STR:rett_syndrome||gain||rett a_ownbase
                                                 STR:rgcc||gain||vehicle_untreated
                                             STR:rhinitis||gain||vehicle_untreated
                                               STR:rnase1||gain||vehicle_untreated
                                                              STR:rnase7||gain||NA
                                                     STR:rnd1||gain||control sirna
                                                        STR:rspo4||gain||scrambled
                                                 STR:sat3||gain||vehicle_untreated
                                                 STR:scd1||gain||vehicle_untreated
                                                 STR:sem1||gain||vehicle_untreated
                                                              STR:shap||gain||ctrl
                                                           STR:shroom3||gain||lacz
                                             STR:skf96365||gain||vehicle_untreated
                                                 STR:slbp||gain||vehicle_untreated
                                                          STR:smg6||gain||scramble
                                                   STR:smoking||gain||never smoked
                                                              STR:sms2||gain||ctrl
                                                STR:sox15||gain||vehicle_untreated
                                                         STR:sox4||gain||scrambled
                                                              STR:sox6||gain||ctrl
                                       STR:sox9||gain||empty vector+umbilical vein
                                                 STR:sox9||gain||vehicle_untreated
                                               STR:spdl_1||gain||vehicle_untreated
                                               STR:spink1||gain||vehicle_untreated
                                               STR:spink2||gain||vehicle_untreated
                                               STR:spink3||gain||vehicle_untreated
                                                 STR:sqle||gain||vehicle_untreated
                                                STR:srsf1||gain||vehicle_untreated
                                                STR:srsf6||gain||vehicle_untreated
                                                STR:srsf7||gain||vehicle_untreated
                                                STR:srsf9||gain||vehicle_untreated
                                                STR:sting||gain||vehicle_untreated
                                                           STR:suicide||gain||ctrl
                                              STR:supt4h1||gain||vehicle_untreated
                                                      STR:tal1||gain||empty vector
                                                STR:tbx20||gain||vehicle_untreated
                                                 STR:tchp||gain||vehicle_untreated
                                       STR:tcons_00001221||gain||vehicle_untreated
                                                 STR:tet2||gain||vehicle_untreated
                                                         STR:tfcp2l1||gain||vector
                                                        STR:tgfb||gain||beads only
                                                            STR:tgfb||gain||sictrl
                                                               STR:tiam1||gain||nt
                                                         STR:tincr||gain||scramble
                                                 STR:tlx3||gain||vehicle_untreated
                                               STR:tnrc6b||gain||vehicle_untreated
                                                STR:tonsl||gain||vehicle_untreated
                                                                STR:tp53||gain||wt
                                              STR:tp53tg1||gain||vehicle_untreated
                                                               STR:trf1||gain||con
                                                               STR:trf3||gain||con
                                       STR:trichostatin_a||gain||vehicle_untreated
                                            STR:trim28||gain||sh scrambled control
                                                 STR:tut3||gain||vehicle_untreated
                                               STR:ugt2b17||gain||shrna knock down
                                                           STR:vegf||gain||starved
                                             STR:vitiligo||gain||vehicle_untreated
                                                STR:wars1||gain||vehicle_untreated
                                    STR:williams_syndrome||gain||vehicle_untreated
                                          STR:wilms_tumor||gain||vehicle_untreated
                                                            STR:wwox||gain||vector
                                               STR:zbtb16||gain||vehicle_untreated
                                                          STR:zdhhc20||gain||shrna
                                                    STR:znf135||gain||empty vector
                                                    STR:znf141||gain||empty vector
                                                    STR:znf169||gain||empty vector
                                                    STR:znf182||gain||empty vector
                                                     STR:znf19||gain||empty vector
                                                    STR:znf248||gain||empty vector
                                                    STR:znf257||gain||empty vector
                                                     STR:znf26||gain||empty vector
                                                    STR:znf266||gain||empty vector
                                                    STR:znf273||gain||empty vector
                                                    STR:znf274||gain||empty vector
                                                     STR:znf30||gain||empty vector
                                                    STR:znf317||gain||empty vector
                                                    STR:znf320||gain||empty vector
                                                    STR:znf337||gain||empty vector
                                                    STR:znf33a||gain||empty vector
                                                    STR:znf419||gain||empty vector
                                                     STR:znf44||gain||empty vector
                                                    STR:znf440||gain||empty vector
                                                    STR:znf445||gain||empty vector
                                                    STR:znf582||gain||empty vector
                                               STR:znf589||gain||vehicle_untreated
                                                    STR:znf605||gain||empty vector
                                                    STR:znf610||gain||empty vector
                                                    STR:znf611||gain||empty vector
                                                    STR:znf669||gain||empty vector
                                                    STR:znf682||gain||empty vector
                                                    STR:znf75d||gain||empty vector
                                                      STR:znf8||gain||empty vector
                                              STR:znf804a||gain||vehicle_untreated
                                                    STR:znf808||gain||empty vector
                                                    STR:znf846||gain||empty vector
                                   STR:1_deoxysphingosine||gain||vehicle_untreated
                                                              STR:4hpp||gain||ctrl
                                STR:5_aza_2_deoxycytidine||gain||vehicle_untreated
                                         STR:5asa||gain||vehicle_untreated_ownbase
                                                 STR:a366||gain||vehicle_untreated
                                               STR:a83_01||gain||vehicle_untreated
                           STR:acromegaly||gain||non functioning pituitary adenoma
                                                STR:act_d||gain||vehicle_untreated
                                                 STR:acta||gain||vehicle_untreated
                                            STR:activin_a||gain||vehicle_untreated
                              STR:acute_coronary_syndrome||gain||vehicle_untreated
                                                 STR:ad24||gain||vehicle_untreated
                                                STR:adar1||gain||vehicle_untreated
                                          STR:adenocarcinoma_in_situ||gain||benign
                                           STR:adenomyosis||gain||intramural myoma
                                          STR:adenomyosis||gain||vehicle_untreated
                                                STR:adh_6||gain||vehicle_untreated
                                                              STR:ag1478||gain||nt
                                                STR:aicda||gain||vehicle_untreated
                                    STR:alexander_disease||gain||vehicle_untreated
                                         STR:alkbh5||gain||scrambled sirna control
                                               STR:ampka1||gain||vehicle_untreated
                                               STR:ampka2||gain||vehicle_untreated
                                         STR:amyloid_beta||gain||vehicle_untreated
                                              STR:amyloid||gain||vehicle_untreated
                                  STR:angina_pectoris||gain||asymptomatic controls
                                              STR:angptl4||gain||vehicle_untreated
                                           STR:anti_il_4||block||vehicle_untreated
            STR:antiphospholipid_syndrome||gain||primary culture+vehicle_untreated
                                    STR:aortic_dissection||gain||vehicle_untreated
                                             STR:aortitis||gain||vehicle_untreated
                                                STR:apex1||gain||vehicle_untreated
                                                 STR:areg||gain||vehicle_untreated
                          STR:arteriovenous_malformations||gain||vehicle_untreated
                                                STR:ascl1||gain||vehicle_untreated
                                                            STR:asthma||gain||copd
                                          STR:astrocytoma||gain||vehicle_untreated
                                                         STR:atf3||gain||wild type
                                  STR:atrial_fibrillation||gain||vehicle_untreated
                                          STR:bay_11_7082||gain||vehicle_untreated
                                               STR:bc2059||gain||vehicle_untreated
                                                STR:bclxl||gain||vehicle_untreated
                                                STR:bde99||gain||vehicle_untreated
                                                 STR:bdnf||gain||vehicle_untreated
                                  STR:betahydroxybutyrate||gain||vehicle_untreated
                                      STR:biliary_atresia||gain||vehicle_untreated
                                                          STR:bmi1||gain||scramble
                                            STR:bms986158||gain||vehicle_untreated
                                                             STR:brca1||gain||ctrl
                                                              STR:breast||gain||hc
                                           STR:bronchitis||gain||vehicle_untreated
                                      STR:bronchopulmonary_dysplasia||gain||no bpd
                                          STR:brucellosis||gain||vehicle_untreated
                                                               STR:bud31||gain||nc
                                               STR:bvd523||gain||vehicle_untreated
                                    STR:castleman_disease||gain||vehicle_untreated
                                                                STR:cdyl||gain||wt
                                              STR:celiac_disease||gain||non celiac
                            STR:cervical_cancer||gain||non cervical cancer patient
                                          STR:cervical_cancer||gain||paracancerous
                                                             STR:chaserr||gain||nc
                                                 STR:chip||gain||vehicle_untreated
                                   STR:cholangiocarcinoma||gain||vehicle_untreated
                                        STR:cholesteatoma||gain||vehicle_untreated
                                                 STR:cia1||gain||vehicle_untreated
                                                 STR:clof||gain||vehicle_untreated
                                                              STR:cmyc||gain||lacz
                                                 STR:cnbp||gain||vehicle_untreated
                                              STR:coaltar||gain||vehicle_untreated
                                          STR:coccidiosis||gain||vehicle_untreated
                                              STR:colitis||gain||vehicle_untreated
                                         STR:colon_cancer||gain||vehicle_untreated
                                    STR:colorectal_cancer||gain||vehicle_untreated
                                      STR:contact_inhibition||block||proliferating
                                                        STR:copd||gain||non smoker
                                                     STR:covid_19||gain||non covid
                                              STR:cpg1018||gain||vehicle_untreated
                                                STR:csrp1||gain||vehicle_untreated
                                                        STR:cst1||gain||pcmv entry
                                                 STR:ctrl||gain||vehicle_untreated
                                    STR:cystic_fibrosis||gain||non cystic fibrosis
                                                 STR:dcis||gain||vehicle_untreated
                                                STR:dcp1a||gain||vehicle_untreated
                                                STR:ddx41||gain||vehicle_untreated
                                                            STR:ddx5||gain||scr si
                                    STR:diabetes_mellitus||gain||vehicle_untreated
                                                      STR:diagnosis||gain||relapse
                                           STR:dlgap1_as2||gain||vehicle_untreated
                                                 STR:dll4||gain||vehicle_untreated
                                                STR:dt061||gain||vehicle_untreated
                                            STR:emphysema||gain||vehicle_untreated
                                         STR:epilepsy||gain||asymptomatic controls
                                                 STR:esat||gain||vehicle_untreated
                                   STR:esophagitis||gain||vehicle_untreated_liquid
                                     STR:esophagus_cancer||gain||vehicle_untreated
                                                      STR:etv7||gain||empty vector
                                               STR:exosc3||gain||vehicle_untreated
                                               STR:exosc8||gain||vehicle_untreated
                                               STR:exosc9||gain||vehicle_untreated
                                                         STR:ezh2||gain||wild type
                                                STR:fabp4||gain||vehicle_untreated
                                                          STR:fam46c||gain||vector
                                                STR:fgf21||gain||vehicle_untreated
                                                             STR:fgf23||gain||ctrl
                                                 STR:fhl5||gain||vehicle_untreated
                                              STR:fht1015||gain||vehicle_untreated
                                          STR:fibroblasts||gain||vehicle_untreated
                                 STR:fibromyalgia||gain||vehicle_untreated_ownbase
                                          STR:follistatin||gain||vehicle_untreated
                                                STR:foxq1||gain||vehicle_untreated
                                                STR:g_csf||gain||vehicle_untreated
                                        STR:gastroparesis||gain||vehicle_untreated
                                                           STR:gata6||gain||pdgfra
                                                STR:gata6||gain||vehicle_untreated
                                                        STR:gdc0068||gain||negctrl
                                              STR:gdc0068||gain||vehicle_untreated
                                              STR:gdc0349||gain||vehicle_untreated
                                              STR:gdc0879||gain||vehicle_untreated
                                   STR:geographic_atrophy||gain||vehicle_untreated
                                                 STR:gerd||gain||vehicle_untreated
                                           STR:gingivitis||gain||vehicle_untreated
                                                STR:glioblastoma||gain||non glioma
                                   STR:glomerulonephritis||gain||vehicle_untreated
                                            STR:glp_17_36||gain||vehicle_untreated
                                                              STR:grwd1||gain||scr
                                             STR:gsk_lsd1||gain||vehicle_untreated
                                               STR:gw0742||gain||vehicle_untreated
                                               STR:gw4064||gain||vehicle_untreated
                                                 STR:h3n2||gain||vehicle_untreated
                                               STR:hb_egf||gain||vehicle_untreated
                                   STR:heart_failure||gain||no atrial fibrillation
                               STR:hemoglobin_subunit_gamma_1||gain||non targeting
                             STR:hepatitis_c||gain||primary sclerosing cholangitis
                                                 STR:hif1a_as1||gain||empty vector
                                                 STR:hit1||gain||vehicle_untreated
                                                 STR:hit4||gain||vehicle_untreated
                                                     STR:hmgb2||gain||empty vector
                                                 STR:hnp1||gain||vehicle_untreated
                                                       STR:hnrnpm||gain||shcontrol
                                                           STR:hotair||gain||htert
                                               STR:hoxa11||gain||vehicle_untreated
                                              STR:hoxc6||gain||non silencing shrna
                                             STR:hts01037||gain||vehicle_untreated
                                 STR:huntington_s_disease||gain||vehicle_untreated
                                   STR:hyperbilirubinemia||gain||vehicle_untreated
                                         STR:hypertension||gain||vehicle_untreated
                                              STR:ibet151||gain||vehicle_untreated
                                                STR:il_17||gain||vehicle_untreated
                                                                STR:il23||gain||ns
                                STR:intracranial_aneurysm||gain||vehicle_untreated
                                         STR:ischemic_stroke||gain||sca without is
                                      STR:ischemic_stroke||gain||vehicle_untreated
                                                 STR:itac||gain||vehicle_untreated
                                                               STR:itga5||gain||wt
                                          STR:jmjd3||gain||control sirna scrambled
                                     STR:kaposi_s_sarcoma||gain||vehicle_untreated
                                                             STR:kdm5c||gain||shnc
                                                             STR:kir2_1||gain||rfp
                                               STR:klf7||gain||non silencing shrna
                                      STR:klinefelter_syndrome||gain||non fibrotic
                                                 STR:klk5||gain||vehicle_untreated
                                                              STR:kv1_5||gain||rfp
                                                     STR:lactb||gain||empty vector
                                  STR:latent_tuberculosis||gain||vehicle_untreated
                                                STR:lcmt1||gain||vehicle_untreated
                                                      STR:lef1||gain||empty vector
                                       STR:leiomyosarcoma||gain||vehicle_untreated
                                        STR:leishmaniasis||gain||vehicle_untreated
                                              STR:leprosy||gain||vehicle_untreated
                                                             STR:light||gain||dark
                                          STR:lung_cancer||gain||vehicle_untreated
                                                                STR:lung||gain||hc
                                      STR:lupus_nephritis||gain||vehicle_untreated
                                                STR:mapk1||gain||vehicle_untreated
                                      STR:marfan_syndrome||gain||vehicle_untreated
                                                 STR:mda5||gain||vehicle_untreated
                                      STR:medulloblastoma||gain||vehicle_untreated
                                             STR:melanoma||gain||vehicle_untreated
                                    STR:meningioma_benign||gain||vehicle_untreated
                                                          STR:mettl3||gain||thp nc
                                         STR:microrna_489||gain||vehicle_untreated
                                         STR:microrna_668||gain||vehicle_untreated
                                                      STR:mir_155||gain||wild type
                                             STR:mir_199b||gain||vehicle_untreated
                                              STR:mir_203||gain||vehicle_untreated
                                              STR:mir_29a||gain||vehicle_untreated
                                                 STR:mir_30a||gain||mimic scramble
                                              STR:mir_375||gain||vehicle_untreated
                                                          STR:mir_494||gain||sigfp
                                                          STR:mir_503||gain||sigfp
                                              STR:mir_874||gain||vehicle_untreated
                                                    STR:mir340||gain||empty vector
                                                 STR:mito||gain||vehicle_untreated
                                STR:mitral_valve_prolapse||gain||vehicle_untreated
                                                 STR:mos2||gain||vehicle_untreated
                                        STR:ms275||gain||vehicle_untreated_ownbase
                                         STR:mucormycosis||gain||vehicle_untreated
                               STR:multiple_sclerosis||gain||asymptomatic controls
                                    STR:mycosis_fungoides||gain||vehicle_untreated
                                                       STR:myoc||gain||vector ctrl
                                             STR:myositis||gain||vehicle_untreated
                                   STR:myotonic_dystrophy||gain||vehicle_untreated
                                                STR:naprt||gain||vehicle_untreated
                                    STR:nasal_polyps||gain||non polyp nasal mucosa
                          STR:nasopharyngeal_carcinoma||gain||paracancerous tissue
                             STR:nasopharyngeal_carcinoma||gain||vehicle_untreated
                                                 STR:nhe1||gain||vehicle_untreated
                                               STR:nkx3_1||gain||vehicle_untreated
                                                STR:nlgn1||gain||vehicle_untreated
                                                STR:nop58||gain||vehicle_untreated
                                                        STR:norad||gain||wild type
                                          STR:ntrk1||gain||empty lentiviral vector
                                               STR:ntx301||gain||vehicle_untreated
                                                            STR:nusap1||gain||egfp
                                                       STR:nvp2||gain||minus dtagv
                                                 STR:nvp2||gain||vehicle_untreated
                                                          STR:omentum||gain||ovary
                                                         STR:ose127||gain||placebo
                                           STR:osteoarthritis||gain||non arthritic
         STR:osteoarthritis||gain||patients requiring surgery due to sports damage
                                         STR:osteoporosis||gain||vehicle_untreated
                                         STR:osteosarcoma||gain||vehicle_untreated
                                               STR:ovary||gain||metastasis+omentum
                                           STR:overweight||gain||vehicle_untreated
                                                              STR:p300||gain||ctrl
                                                 STR:p300||gain||vehicle_untreated
                                                            STR:pancreas||gain||hc
                                     STR:pancreatic_carcinoma||gain||non cancerous
                                       STR:panic_disorder||gain||vehicle_untreated
                                  STR:parkinson_s_disease||gain||vehicle_untreated
                                               STR:pbde47||gain||vehicle_untreated
                                               STR:pcb126||gain||vehicle_untreated
                                                STR:pcb52||gain||vehicle_untreated
                                             STR:pd325901||gain||vehicle_untreated
                                                        STR:pde12||gain||wild type
                                               STR:pen221||gain||vehicle_untreated
                                              STR:peptide||gain||vehicle_untreated
                                                STR:pla_b||gain||vehicle_untreated
                                     STR:placenta_accreta||gain||vehicle_untreated
                                             STR:plx51107||gain||vehicle_untreated
                                            STR:pneumonia||gain||vehicle_untreated
                                                               STR:polya||gain||ni
                                                STR:polya||gain||vehicle_untreated
                                        STR:polya||gain||vehicle_untreated_ownbase
                                         STR:polymyositis||gain||vehicle_untreated
                                                             STR:ppard||gain||ctrl
                                                STR:prelp||gain||vehicle_untreated
                                                              STR:prkab1||gain||wt
                                                              STR:prkab2||gain||wt
 STR:proliferative_vitreoretinopathy||gain||idiopathic epiretinal membrane patient
                                                STR:psmb8||gain||vehicle_untreated
                                       STR:psoriasis||gain||ankylosing spondylitis
                                               STR:pt2385||gain||vehicle_untreated
                                            STR:pterygium||gain||vehicle_untreated
                                                STR:ptf1a||gain||vehicle_untreated
                                                 STR:ptsd||gain||vehicle_untreated
                                   STR:pulmonary_fibrosis||gain||vehicle_untreated
                                             STR:pulpitis||gain||vehicle_untreated
                                                STR:px_12||gain||vehicle_untreated
                                                 STR:px12||gain||vehicle_untreated
                                                             STR:rbfox1||gain||gfp
                                                 STR:rela||gain||vehicle_untreated
                                       STR:retinoblastoma||gain||vehicle_untreated
                                                STR:rig_i||gain||vehicle_untreated
                                                 STR:rin1||gain||vehicle_untreated
                                                STR:rn7sk||gain||vehicle_untreated
                               STR:rnaseh2b||gain||crispr cas engineered knock out
                                                     STR:rnf186||gain||vector only
                                                 STR:rny5||gain||vehicle_untreated
                                                 STR:rtpa||gain||vehicle_untreated
                                          STR:sarcoidosis||gain||vehicle_untreated
                                                 STR:senv||gain||vehicle_untreated
                                                       STR:sepsis||gain||nonsepsis
                                                  STR:serpinb3||gain||empty vector
                                      STR:sezary_syndrome||gain||vehicle_untreated
                                                                STR:shot||gain||nt
                                                               STR:sirt6||gain||wt
                                       STR:sleep_deprivation||loss||adequate sleep
                                              STR:smarcb1||gain||vehicle_untreated
                                                          STR:smg7||gain||scramble
                                                     STR:smoking||gain||nonsmoking
                                                               STR:sox5||gain||gfp
                                                      STR:sox9||gain||empty vector
                                                STR:space_flight||gain||g on earth
                                               STR:srsf11||gain||vehicle_untreated
                                                STR:srsf2||gain||vehicle_untreated
                                                STR:srsf3||gain||vehicle_untreated
                                                STR:srsf4||gain||vehicle_untreated
                                                STR:srsf5||gain||vehicle_untreated
                                         STR:stemregenin1||gain||vehicle_untreated
                                               STR:stroke||gain||vehicle_untreated
                                              STR:suicide||gain||vehicle_untreated
                                                               STR:sun1||gain||gfp
                                                STR:t_bhp||gain||vehicle_untreated
                                               STR:tak981||gain||vehicle_untreated
                                                 STR:tbca||gain||vehicle_untreated
                                                 STR:tet1||gain||vehicle_untreated
                                               STR:tfap2c||gain||vehicle_untreated
                                                 STR:tfe3||gain||vehicle_untreated
                                                 STR:tfeb||gain||vehicle_untreated
                                                           STR:tgf_b||gain||nostim
                                                               STR:tgfb||gain||con
                                     STR:thrombocytopenia||gain||vehicle_untreated
                                               STR:tnrc6a||gain||vehicle_untreated
                                                 STR:tom1||gain||vehicle_untreated
                                                    STR:topbp1||gain||empty vector
                                                 STR:tpc1||gain||vehicle_untreated
                                        STR:trichostatina||gain||vehicle_untreated
                                         STR:trigeminal_neuralgia||gain||pain free
                                               STR:trim25||gain||vehicle_untreated
                                                 STR:tymp||gain||vehicle_untreated
                                       STR:type2_diabetes||gain||vehicle_untreated
                                               STR:u2af65||gain||vehicle_untreated
                                               STR:u73122||gain||vehicle_untreated
                                                               STR:ube2b||gain||wt
                                                       STR:unc45b||gain||wild type
                                                          STR:upf1||gain||scramble
                                       STR:vegf_c||gain||conditioned medium of lec
                                                             STR:vegf||gain||water
                                            STR:vitamin_d||gain||vehicle_untreated
                                    STR:vitamin_d||gain||vehicle_untreated_ownbase
                                             STR:vitamind||gain||vehicle_untreated
                                                 STR:vlps||gain||vehicle_untreated
                                                 STR:wart||gain||vehicle_untreated
                                                 STR:wilms_tumor||gain||nontumoral
                                                 STR:wtap||gain||vehicle_untreated
                                                               STR:xmd892||gain||e
                                                     STR:xrn1||gain||non silencing
                                        STR:ybx1||gain||non targeting sgrna vector
                                                 STR:zeb1||gain||vehicle_untreated
                                           STR:zika_virus||gain||vehicle_untreated
                                                 STR:ago1||gain||vehicle_untreated
                                                 STR:ago2||gain||vehicle_untreated
                                               STR:angpt2||gain||vehicle_untreated
                                                 STR:chmi||gain||vehicle_untreated
                                STR:chronic_periodontitis||gain||vehicle_untreated
                                                 STR:cpd1||gain||vehicle_untreated
                                      STR:dermatomyositis||gain||vehicle_untreated
                                                 STR:dkk1||gain||vehicle_untreated
                                               STR:dtagv1||gain||vehicle_untreated
                                             STR:epilepsy||gain||vehicle_untreated
                                     STR:essential_tremor||gain||vehicle_untreated
                                         STR:glioblastoma||gain||vehicle_untreated
                                               STR:glioma||gain||vehicle_untreated
                                                 STR:h1n1||gain||vehicle_untreated
                                                STR:ibrd9||gain||vehicle_untreated
                                                 STR:igf1||gain||vehicle_untreated
                                               STR:kw2449||gain||vehicle_untreated
                                           STR:meningioma||gain||vehicle_untreated
                                                STR:mir_1||gain||vehicle_untreated
                                              STR:mir_141||gain||vehicle_untreated
                                                 STR:pano||gain||vehicle_untreated
                                                STR:pd901||gain||vehicle_untreated
                                               STR:pdgfbb||gain||vehicle_untreated
                                        STR:periodontitis||gain||vehicle_untreated
                                    STR:polycythemia_vera||gain||vehicle_untreated
                                                        STR:ptpn2||gain||wild type
                                     STR:tetralogy_fallot||gain||vehicle_untreated
                                                              STR:tgfb||gain||ctrl
                                                 STR:tp53||gain||vehicle_untreated
                                       STR:uveal_melanoma||gain||vehicle_untreated
                                               STR:xct790||gain||vehicle_untreated
                                                 STR:ybx1||gain||vehicle_untreated
                                              STR:adenoma||gain||vehicle_untreated
                                       STR:hepatoblastoma||gain||vehicle_untreated
                                                 STR:il17||gain||vehicle_untreated
                                          STR:keratoconus||gain||vehicle_untreated
                                                STR:ms275||gain||vehicle_untreated
                              STR:multiple_myeloma||gain||vehicle_untreated_liquid
                                       STR:osteoarthritis||gain||vehicle_untreated
                                              STR:sp_2509||gain||vehicle_untreated
                                                STR:tgf_b||gain||vehicle_untreated
                                               STR:asthma||gain||vehicle_untreated
                                                 STR:copd||gain||vehicle_untreated
                        STR:idiopathic_pulmonary_fibrosis||gain||vehicle_untreated
                                               STR:keloid||gain||vehicle_untreated
                                                 STR:nets||gain||vehicle_untreated
                                           STR:sarcopenia||gain||vehicle_untreated
                                               STR:sepsis||gain||vehicle_untreated
                                         STR:tuberculosis||gain||vehicle_untreated
                                                 STR:vegf||gain||vehicle_untreated
                                     STR:bipolar_disorder||gain||vehicle_untreated
                                      STR:cystic_fibrosis||gain||vehicle_untreated
                                        STR:endometriosis||gain||vehicle_untreated
                                               STR:gw3965||gain||vehicle_untreated
                                        STR:heart_failure||gain||vehicle_untreated
                                   STR:sjogren_s_syndrome||gain||vehicle_untreated
                                               STR:dtag13||gain||vehicle_untreated
                                                 STR:ifnb||gain||vehicle_untreated
                                             STR:vtp50469||gain||vehicle_untreated
                                             STR:covid_19||gain||vehicle_untreated
                                   STR:multiple_sclerosis||gain||vehicle_untreated
                                            STR:psoriasis||gain||vehicle_untreated
                                                STR:r5020||gain||vehicle_untreated
                                                 STR:tgfb||gain||vehicle_untreated
                                        STR:schizophrenia||gain||vehicle_untreated
                                                       STR:hypoxia||gain||normoxia
                              entita k_censito_off k_censito_on k_poolato_off
                        MeSH:D000860             0           48             0
                        MeSH:D012559             0           24             0
                          HGNC:11766            93          118            69
                         CHEBI:73390             1           12             0
                     MeSH:D000086382             1           14             1
                        MeSH:D009103             0           10             0
                        MeSH:D011565             0           10             0
                        CHEBI:232861             2           10             2
                        CHEBI:234353             0            8             0
                         CHEBI:23888             0            8             0
                           HGNC:5434            15           25             9
                CHEMBL:CHEMBL2108661             0           13             0
                         CHEBI:79995             0            5             0
                        MeSH:D001714             0            5             0
                        MeSH:D003550             0            7             0
                        MeSH:D004715             0            6             0
                        MeSH:D006333             0            6             0
                        MeSH:D012859             0            6             0
                          HGNC:12680             5           12             2
                          HGNC:15464             0            4             0
                           HGNC:5981            12           17             9
                        MeSH:D001249             0            5             0
                        MeSH:D007627             0           10             0
                        MeSH:D014376             0            5             0
                        MeSH:D018805             0            6             0
                        MeSH:D029424             0            4             0
                        MeSH:D054990             0            8             0
                        MeSH:D055948             0            4             0
                        CHEBI:132082             8           12             5
                        CHEBI:176335             3            7             2
                        MeSH:D000236             0            4             0
                        MeSH:D004314             0            5             0
                        MeSH:D007640             0            3             0
                        MeSH:D008579             0            3             0
                        MeSH:D009101             0            4             0
                        MeSH:D010003             0            5             0
                        MeSH:D018197             0            5             0
                        CHEBI:233323             0            2             0
                         CHEBI:23888             0            2             0
                         CHEBI:35222             0            2             0
                         CHEBI:64645             2            4             2
                        CHEBI:747477             2            4             2
                         CHEBI:79999             0            2             0
                CHEMBL:CHEMBL1201556             2            4             1
                   CHEMBL:CHEMBL1536             0            2             0
                CHEMBL:CHEMBL1908397             2            4             2
                 CHEMBL:CHEMBL406050             0            2             0
                CHEMBL:CHEMBL4297626             0            2             0
                 CHEMBL:CHEMBL507361             0            2             0
                          HGNC:11998             6            8             1
                          HGNC:13745             0            3             0
                          HGNC:17005             0            2             0
                           HGNC:2891             0            2             0
                          HGNC:31528             0            2             0
                           HGNC:3262             0            2             0
                           HGNC:3263             0            2             0
                            HGNC:485             0            2             0
                          HGNC:51237             0            2             0
                           HGNC:5464             0            2             0
                           HGNC:8014             1            3             1
                           HGNC:9650             0            2             0
                     MeSH:D000098943             0            2             0
                        MeSH:D003882             1            3             1
                        MeSH:D004827             0            3             0
                        MeSH:D005909             3           10             2
                        MeSH:D005910             0            2             0
                        MeSH:D010518             0            2             0
                        MeSH:D011087             0            2             0
                        MeSH:D013771             0            2             0
                        MeSH:D020329             0            2             0
                        MeSH:D055113             0            3             0
                    NCBITaxon:114727             0            2             0
                        CHEBI:132082             0            1             0
                         CHEBI:16670             0            2             0
                        CHEBI:186187             0            1             0
                        CHEBI:215384             0            1             0
                        CHEBI:230484             6            7             3
                        CHEBI:230487             0            1             0
                        CHEBI:230487             4            6             4
                        CHEBI:232584             1            2             1
                        CHEBI:232752             8           10             6
                        CHEBI:233314             0            1             0
                        CHEBI:233322             0            1             0
                        CHEBI:233326             0            1             0
                        CHEBI:233818             0            1             0
                        CHEBI:234558             1            2             1
                         CHEBI:23888             0            1             0
                         CHEBI:23888             0            1             0
                         CHEBI:23888             0            1             0
                         CHEBI:27666             5            6             3
                         CHEBI:30127             0            1             0
                         CHEBI:33281             0            1             0
                         CHEBI:33281             0            1             0
                         CHEBI:34206             0            1             0
                         CHEBI:34317             0            1             0
                         CHEBI:35222             0            1             0
                         CHEBI:40279             0            1             0
                         CHEBI:46024            17           19             7
                         CHEBI:50131            58           60            32
                         CHEBI:60325             0            1             0
                         CHEBI:64090             1            2             1
                          CHEBI:6775             0            1             0
                        CHEBI:746964             0            1             0
                        CHEBI:746980             0            1             0
                         CHEBI:75404             0            1             0
                         CHEBI:79991             0            1             0
                         CHEBI:79997             0            2             0
                         CHEBI:81351             3            4             3
                         CHEBI:81582             0            1             0
                         CHEBI:81584             0            1             0
                         CHEBI:85928             1            2             1
                          CHEBI:8756             0            1             0
                          CHEBI:8756             0            2             0
                          CHEBI:8756             0            1             0
                         CHEBI:88249             5            7             2
                         CHEBI:90690             0            1             0
                         CHEBI:95083             6           10             5
                CHEMBL:CHEMBL1162496             0            1             0
                CHEMBL:CHEMBL1201593             0            1             0
                   CHEMBL:CHEMBL1536             0            1             0
                CHEMBL:CHEMBL2108119             0            1             0
                CHEMBL:CHEMBL2108232             0            1             0
                CHEMBL:CHEMBL2177390             0            1             0
                CHEMBL:CHEMBL2177390             5            6             4
                CHEMBL:CHEMBL2331680             1            2             1
                CHEMBL:CHEMBL3590106             3            4             2
                CHEMBL:CHEMBL3601411             0            1             0
                CHEMBL:CHEMBL4297680             0            1             0
                CHEMBL:CHEMBL4521078             0            1             0
                CHEMBL:CHEMBL4650335             0            1             0
                CHEMBL:CHEMBL4650498             0            1             0
                CHEMBL:CHEMBL5095044             3            4             2
                CHEMBL:CHEMBL5095267             0            1             0
                          HGNC:10037             0            1             0
                          HGNC:10248             0            1             0
                           HGNC:1033             0            1             0
                          HGNC:10569             0            1             0
                          HGNC:10638             1            2             0
                           HGNC:1066             0            1             0
                          HGNC:10782             0            1             0
                          HGNC:10783             2            3             1
                          HGNC:10785             2            3             1
                          HGNC:10786             1            2             0
                          HGNC:10787             0            1             0
                          HGNC:10854             0            1             0
                           HGNC:1100             0            1             0
                          HGNC:11071             0            1             0
                          HGNC:11103             2            4             1
                          HGNC:11114             0            1             0
                          HGNC:11201             0            1             0
                          HGNC:11204             0            1             0
                          HGNC:11427             0            1             0
                          HGNC:11579             0            1             0
                          HGNC:11642             1            2             0
                          HGNC:11744             1            2             1
                          HGNC:11752             0            1             0
                          HGNC:11753             1            2             1
                          HGNC:11766             0            1             0
                          HGNC:11766             1            2             1
                          HGNC:11766             0            1             0
                          HGNC:11969             0            1             0
                          HGNC:11982             0            1             0
                          HGNC:12309             0            1             0
                          HGNC:12473             0            1             0
                          HGNC:12680             0            1             0
                          HGNC:12682             0            1             0
                            HGNC:129             0            1             0
                          HGNC:12932             0            1             0
                          HGNC:13164             0            1             0
                          HGNC:13203             0            1             0
                          HGNC:14280             0            1             0
                          HGNC:14291             0            1             0
                          HGNC:14304             0            1             0
                          HGNC:14934             0            1             0
                          HGNC:15488             0            1             0
                          HGNC:16039             0            1             0
                          HGNC:16468             0            1             0
                          HGNC:16792             0            1             0
                          HGNC:16846             1            2             1
                          HGNC:17008             0            1             0
                          HGNC:17035             0            1             0
                          HGNC:17371             0            1             0
                          HGNC:17557             0            1             0
                          HGNC:17563             0            1             0
                          HGNC:17944             0            1             0
                           HGNC:1811             0            1             0
                          HGNC:18160             0            1             0
                          HGNC:18182             0            1             0
                          HGNC:18222             0            1             0
                          HGNC:18538             0            1             0
                          HGNC:18587             0            1             0
                          HGNC:18674             0            1             0
                          HGNC:18714             0            1             0
                          HGNC:18749             0            1             0
                          HGNC:18873             0            1             0
                          HGNC:19102             0            1             0
                          HGNC:20951             0            1             0
                          HGNC:21270             0            1             0
                            HGNC:225             3            4             2
                          HGNC:23156             0            1             0
                          HGNC:23734             0            1             0
                          HGNC:24034             0            1             0
                           HGNC:2438             0            1             0
                           HGNC:2469             0            1             0
                          HGNC:24712             0            1             0
                           HGNC:2473             0            1             0
                           HGNC:2524             0            2             0
                          HGNC:25386             0            1             0
                            HGNC:255             0            1             0
                          HGNC:25671             0            1             0
                          HGNC:25978             0            1             0
                          HGNC:25996             0            1             0
                          HGNC:26573             0            1             0
                           HGNC:2746             0            1             0
                           HGNC:2761             0            1             0
                          HGNC:28146             0            1             0
                          HGNC:29012             0            1             0
                           HGNC:2910             0            1             0
                          HGNC:29484             1            2             0
                          HGNC:29629             0            1             0
                          HGNC:29926             0            1             0
                          HGNC:30142             0            2             0
                          HGNC:30450             0            1             0
                           HGNC:3059             0            1             0
                          HGNC:30654             0            1             0
                          HGNC:30677             0            2             0
                           HGNC:3148             0            1             0
                          HGNC:31542             0            1             0
                          HGNC:31573             0            1             0
                          HGNC:31581             0            1             0
                          HGNC:31616             0            1             0
                          HGNC:31624             0            1             0
                          HGNC:31777             0            1             0
                          HGNC:31868             0            1             0
                          HGNC:32074             0            1             0
                          HGNC:32084             0            1             0
                          HGNC:32138             0            1             0
                          HGNC:33135             0            1             0
                          HGNC:33510             0            1             0
                          HGNC:33643             0            1             0
                           HGNC:3373             0            1             0
                           HGNC:3373             2            3             0
                           HGNC:3463             0            1             0
                           HGNC:3527             1            2             0
                           HGNC:3559             0            1             0
                           HGNC:3678             0            1             0
                           HGNC:3680             0            1             0
                           HGNC:3971             0            1             0
                           HGNC:4174             0            1             0
                           HGNC:4174             1            2             1
                          HGNC:43014             0            1             0
                          HGNC:44311             0            1             0
                           HGNC:4831             0            1             0
                          HGNC:48626             0            1             0
                           HGNC:5000             0            1             0
                           HGNC:5046             0            1             0
                           HGNC:5101             0            1             0
                           HGNC:5128             0            1             0
                            HGNC:587             0            1             0
                           HGNC:6224             0            1             0
                           HGNC:6263             0            1             0
                           HGNC:6350             0            1             0
                           HGNC:6366             0            1             0
                            HGNC:651             0            1             0
                           HGNC:6551             0            1             0
                           HGNC:6871             0            1             0
                            HGNC:738             1            2             0
                           HGNC:7553             0            1             0
                           HGNC:7610             0            1             0
                           HGNC:7838             0            1             0
                            HGNC:785             0            1             0
                           HGNC:8014             0            1             0
                           HGNC:8031             0            1             0
                           HGNC:9137             0            1             0
                           HGNC:9235             0            1             0
                           HGNC:9357             0            1             0
                           HGNC:9376             0            1             0
                           HGNC:9377             0            1             0
                           HGNC:9378             0            1             0
                           HGNC:9379             0            1             0
                           HGNC:9545             0            1             0
                            HGNC:992             0            1             0
                           HGNC:9955             0            1             0
                           HGNC:9962             0            1             0
                     MeSH:D000077274             0            1             0
                     MeSH:D000077274             0            2             0
                     MeSH:D000083242             0            1             0
                     MeSH:D000086382             0            1             0
                        MeSH:D000172             0            1             0
                        MeSH:D000230             0            1             0
                        MeSH:D000230             0            2             0
                        MeSH:D000784             0            1             0
                        MeSH:D000787             0            1             0
                        MeSH:D001025             0            1             0
                        MeSH:D001165             0            1             0
                        MeSH:D001249             0            1             0
                        MeSH:D001254             2            3             1
                        MeSH:D001281             0            2             0
                        MeSH:D001656             0            3             0
                        MeSH:D001940             0            1             0
                        MeSH:D001991             0            1             0
                        MeSH:D001997             0            1             0
                        MeSH:D002006             0            1             0
                        MeSH:D002285             0            1             0
                        MeSH:D002446             0            1             0
                        MeSH:D002532             0            1             0
                        MeSH:D002583             0            1             0
                        MeSH:D002583             0            1             0
                        MeSH:D002781             0            1             0
                        MeSH:D003048             0            1             0
                        MeSH:D003092             0            1             0
                        MeSH:D003110             2            4             1
                        MeSH:D003260             0            1             0
                        MeSH:D003550             0            1             0
                        MeSH:D003920             0            1             0
                        MeSH:D003924             1            2             1
                        MeSH:D003933             0            1             0
                        MeSH:D004646             0            1             0
                        MeSH:D004827             0            1             0
                        MeSH:D004941             0            1             0
                        MeSH:D005347             0            1             0
                        MeSH:D005356             0            1             0
                        MeSH:D005764             0            1             0
                        MeSH:D005871             0            1             0
                        MeSH:D005891             0            1             0
                        MeSH:D005909             0            1             0
                        MeSH:D005921             0            1             0
                        MeSH:D006333             0            1             0
                        MeSH:D006526             0            1             0
                        MeSH:D006816             5            7             4
                        MeSH:D006932             0            1             0
                        MeSH:D006973             0            2             0
                        MeSH:D007713             0            1             0
                        MeSH:D007890             0            1             0
                        MeSH:D007896             0            1             0
                        MeSH:D007918             0            1             0
                        MeSH:D007938             0            1             0
                        MeSH:D008027             0            1             0
                        MeSH:D008168             0            1             0
                        MeSH:D008181             0            1             0
                        MeSH:D008223             0            2             0
                        MeSH:D008382             0            1             0
                        MeSH:D008527             0            3             0
                        MeSH:D008545             1            4             1
                        MeSH:D008945             0            1             0
                        MeSH:D009091             0            1             0
                        MeSH:D009103             0            1             0
                        MeSH:D009182             0            1             0
                        MeSH:D009220             0            1             0
                        MeSH:D009298             0            1             0
                        MeSH:D009396             0            1             0
                        MeSH:D009852             0            1             0
                        MeSH:D010003             0            1             0
                        MeSH:D010003             0            1             0
                        MeSH:D010024             0            1             0
                        MeSH:D010053             0            1             0
                        MeSH:D010179             0            1             0
                        MeSH:D010300            15           16            13
                        MeSH:D010921             1            2             1
                        MeSH:D011014             0            1             0
                        MeSH:D011565             0            1             0
                        MeSH:D011625             0            1             0
                        MeSH:D011658             0            1             0
                        MeSH:D011671             0            1             0
                        MeSH:D012175             0            2             0
                        MeSH:D012507             0            1             0
                        MeSH:D012514             0            1             0
                        MeSH:D012516             0            4             0
                        MeSH:D012751             0            1             0
                        MeSH:D012892             0            1             0
                        MeSH:D012907             0            1             0
                        MeSH:D013026             0            1             0
                        MeSH:D013313             0            2             0
                        MeSH:D013405             0            2             0
                        MeSH:D013921             0            1             0
                        MeSH:D014277             0            1             0
                        MeSH:D014860             0            1             0
                        MeSH:D015179            13           15             7
                        MeSH:D016584             0            1             0
                        MeSH:D016736             0            1             0
                        MeSH:D017285             0            1             0
                        MeSH:D018281             1            2             1
                        MeSH:D018589             0            1             0
                        MeSH:D018630             0            1             0
                        MeSH:D018805             0            1             0
                        MeSH:D020521             0            2             0
                        MeSH:D029424             0            1             0
                        MeSH:D038261             0            1             0
                        MeSH:D050177             0            1             0
                        MeSH:D054058             0            1             0
                        MeSH:D055985             1            2             0
                        MeSH:D057092             0            1             0
                        MeSH:D062788             0            1             0
                        MeSH:D062788             0            1             0
                        MeSH:D065311             0            1             0
                    NCBITaxon:119210             0            1             0
                    NCBITaxon:136966             0            1             0
                    NCBITaxon:262676             0            1             0
                     NCBITaxon:64320            13           14             8
                        CHEBI:134602             0            1             0
                        CHEBI:140475             0            1             0
                        CHEBI:145121             0            1             0
                         CHEBI:15551             4            5             3
                          CHEBI:2038             0            1             0
                          CHEBI:2038            13           14             9
                          CHEBI:2150             0            1             0
                        CHEBI:231729             0            1             0
                         CHEBI:23888             0            1             0
                         CHEBI:34316             0            1             0
                         CHEBI:35930             0            1             0
                         CHEBI:48705             0            1             0
                         CHEBI:48705             0            1             0
                         CHEBI:48706             0            2             0
                         CHEBI:59132             0            1             0
                         CHEBI:64755             0            1             0
                        CHEBI:747295             0            1             0
                         CHEBI:75404             0            1             0
                         CHEBI:78510             0            1             0
                         CHEBI:79993             0            2             0
                   CHEMBL:CHEMBL1090             0            1             0
                CHEMBL:CHEMBL1201608             0            1             0
                    CHEMBL:CHEMBL135             0            1             0
                 CHEMBL:CHEMBL200102             0            1             0
                 CHEMBL:CHEMBL203665             0            1             0
                CHEMBL:CHEMBL2105694             0            1             0
                CHEMBL:CHEMBL2107572             0            1             0
                  CHEMBL:CHEMBL23330             0            1             0
                CHEMBL:CHEMBL3301601             0            1             0
                CHEMBL:CHEMBL3785909             0            1             0
                CHEMBL:CHEMBL4205422             1            2             1
                CHEMBL:CHEMBL4297559             0            1             0
                CHEMBL:CHEMBL4650718             0            1             0
                          HGNC:10044             0            1             0
                          HGNC:10571             0            1             0
                          HGNC:10780             1            2             1
                          HGNC:10788             0            1             0
                          HGNC:10789             1            2             0
                          HGNC:10791             2            3             0
                          HGNC:10845             0            1             0
                          HGNC:10864             0            1             0
                          HGNC:10894             0            1             0
                          HGNC:10904             0            1             0
                          HGNC:11196             0            1             0
                          HGNC:11200             0            1             0
                          HGNC:11204             0            1             0
                          HGNC:11204             0            1             0
                          HGNC:11244             0            1             0
                          HGNC:11245             0            1             0
                          HGNC:11279             0            1             0
                          HGNC:11467             0            1             0
                          HGNC:11556             0            1             0
                          HGNC:11598             0            1             0
                          HGNC:11728             0            1             0
                          HGNC:11766             0            1             0
                          HGNC:11766             0            1             0
                          HGNC:11805             0            1             0
                          HGNC:11998             0            1             0
                          HGNC:12547             0            1             0
                          HGNC:12680             0            1             0
                          HGNC:12729             0            1             0
                          HGNC:12799             0            1             0
                          HGNC:12919             0            1             0
                          HGNC:12926             0            1             0
                          HGNC:12930             0            1             0
                          HGNC:12957             0            1             0
                          HGNC:12981             0            1             0
                          HGNC:13001             0            1             0
                          HGNC:13041             0            1             0
                          HGNC:13053             0            1             0
                          HGNC:13059             0            1             0
                          HGNC:13067             0            1             0
                          HGNC:13068             0            1             0
                          HGNC:13090             0            1             0
                          HGNC:13096             0            1             0
                          HGNC:13110             0            1             0
                          HGNC:13145             0            1             0
                          HGNC:13154             0            1             0
                          HGNC:13299             0            1             0
                          HGNC:13498             0            1             0
                          HGNC:13507             0            1             0
                          HGNC:13520             0            1             0
                          HGNC:13532             0            1             0
                          HGNC:13842             0            1             0
                          HGNC:13993             0            1             0
                          HGNC:14263             0            1             0
                          HGNC:14552             0            1             0
                          HGNC:14607             0            1             0
                           HGNC:1554             0            1             0
                          HGNC:15714             0            1             0
                          HGNC:15804             0            1             0
                          HGNC:15809             0            1             0
                          HGNC:16175             0            1             0
                          HGNC:16200             0            1             0
                          HGNC:16355             0            1             0
                          HGNC:16384             0            1             0
                          HGNC:16421             0            1             0
                          HGNC:16432             0            1             0
                          HGNC:16747             0            1             0
                          HGNC:16789             0            1             0
                          HGNC:17005             0            1             0
                          HGNC:17026             0            1             0
                          HGNC:17071             0            1             0
                          HGNC:17098             0            1             0
                          HGNC:17563             7            8             4
                          HGNC:17809             0            1             0
                          HGNC:17925             0            1             0
                          HGNC:18241             0            1             0
                          HGNC:18314             0            1             0
                          HGNC:18318             2            3             2
                          HGNC:18344             0            1             0
                          HGNC:18449             0            1             0
                          HGNC:18585             0            1             0
                          HGNC:18806             0            1             0
                           HGNC:1917             0            1             0
                           HGNC:1918             1            2             0
                           HGNC:1919             0            1             0
                          HGNC:19278             0            1             0
                           HGNC:1932             0            1             0
                          HGNC:19841             0            1             0
                            HGNC:201             0            1             0
                          HGNC:20186             0            1             0
                           HGNC:2022             0            1             0
                           HGNC:2023             0            1             0
                           HGNC:2024             0            1             0
                           HGNC:2025             0            1             0
                          HGNC:20320             0            1             0
                          HGNC:20369             0            1             0
                          HGNC:20648             0            1             0
                          HGNC:20749             0            1             0
                          HGNC:20874             0            1             0
                          HGNC:20951             0            1             0
                          HGNC:21018             0            1             0
                          HGNC:21539             0            1             0
                            HGNC:226             0            1             0
                          HGNC:23238             0            1             0
                          HGNC:23393             0            1             0
                          HGNC:23572             0            1             0
                           HGNC:2377             0            1             0
                          HGNC:24323             0            2             0
                          HGNC:24934             0            1             0
                          HGNC:25011             0            1             0
                           HGNC:2538             0            1             0
                          HGNC:25557             0            1             0
                          HGNC:25585             0            1             0
                          HGNC:25632             0            1             0
                          HGNC:25736             0            1             0
                          HGNC:25807             0            1             0
                          HGNC:25941             1            2             0
                          HGNC:25994             0            1             0
                          HGNC:26010             0            1             0
                          HGNC:26421             0            1             0
                          HGNC:26687             0            1             0
                          HGNC:26958             0            1             0
                          HGNC:27260             0            1             0
                          HGNC:27962             0            2             0
                          HGNC:28068             0            1             0
                          HGNC:28135             0            1             0
                          HGNC:28395             0            1             0
                          HGNC:28510             0            1             0
                          HGNC:28583             0            1             0
                           HGNC:2874             0            1             0
                          HGNC:28766             0            1             0
                           HGNC:2877             0            1             0
                          HGNC:28857             0            1             0
                          HGNC:28866             0            1             0
                          HGNC:28867             0            1             0
                          HGNC:28868             0            2             0
                          HGNC:28908             0            1             0
                           HGNC:2907             0            1             0
                          HGNC:29079             0            1             0
                          HGNC:29190             0            1             0
                          HGNC:29215             0            1             0
                          HGNC:29349             0            1             0
                          HGNC:29644             0            1             0
                          HGNC:29798             0            1             0
                          HGNC:30103             0            1             0
                          HGNC:30163             0            1             0
                           HGNC:3019             0            1             0
                          HGNC:30422             0            1             0
                          HGNC:30649             0            1             0
                          HGNC:30758             0            1             0
                          HGNC:31487             0            1             0
                          HGNC:31543             0            1             0
                          HGNC:31577             0            1             0
                          HGNC:31580             0            1             0
                          HGNC:31581             0            1             0
                          HGNC:31601             0            1             0
                          HGNC:31602             0            1             0
                          HGNC:31615             0            1             0
                          HGNC:31615             0            1             0
                          HGNC:31615             0            1             0
                          HGNC:31635             0            1             0
                          HGNC:31641             0            1             0
                          HGNC:31642             0            1             0
                          HGNC:32024             0            1             0
                          HGNC:32138             0            1             0
                          HGNC:32207             0            1             0
                          HGNC:32886             0            1             0
                           HGNC:3319             0            1             0
                          HGNC:33230             0            1             0
                           HGNC:3326             0            1             0
                           HGNC:3466             0            1             0
                           HGNC:3467             0            1             0
                           HGNC:3490             0            1             0
                           HGNC:3498             0            1             0
                           HGNC:3527             0            1             0
                           HGNC:3575             0            1             0
                           HGNC:3665             1            2             1
                           HGNC:3687             0            1             0
                            HGNC:378             0            1             0
                          HGNC:40862             0            1             0
                           HGNC:4108             0            1             0
                           HGNC:4170             2            3             1
                           HGNC:4171             0            1             0
                           HGNC:4172             1            2             0
                           HGNC:4317             0            1             0
                          HGNC:44182             0            1             0
                           HGNC:4471             0            1             0
                           HGNC:4553             0            1             0
                           HGNC:4576             0            1             0
                           HGNC:4740             1            2             1
                            HGNC:490             0            1             0
                          HGNC:49505             0            1             0
                           HGNC:5002             0            1             0
                           HGNC:5021             0            1             0
                           HGNC:5031             0            1             0
                           HGNC:5031             0            2             0
                           HGNC:5033             1            2             0
                           HGNC:5035             0            1             0
                           HGNC:5044             0            1             0
                           HGNC:5044             0            1             0
                           HGNC:5099             0            1             0
                          HGNC:51108             0            1             0
                          HGNC:51271             0            1             0
                           HGNC:5187             0            1             0
                           HGNC:5474             0            1             0
                           HGNC:5474             0            1             0
                          HGNC:55459             0            1             0
                            HGNC:604             0            1             0
                           HGNC:6133             0            1             0
                           HGNC:6206             0            1             0
                           HGNC:6526             0            1             0
                            HGNC:655             0            1             0
                            HGNC:658             0            1             0
                           HGNC:6637             0            1             0
                           HGNC:6641             1            2             0
                           HGNC:6798             0            1             0
                           HGNC:6917             0            1             0
                           HGNC:6948             0            1             0
                           HGNC:7000             0            1             0
                           HGNC:7000             0            1             0
                           HGNC:7105             0            1             0
                           HGNC:7132             0            1             0
                           HGNC:7330             0            1             0
                           HGNC:7399             0            1             0
                           HGNC:7553             0            1             0
                           HGNC:7553             3            4             2
                           HGNC:7559             0            1             0
                           HGNC:7673             0            1             0
                           HGNC:7784             2            3             1
                           HGNC:7801             0            1             0
                           HGNC:8139             0            1             0
                           HGNC:8525             0            1             0
                           HGNC:8583             0            1             0
                           HGNC:8615             0            1             0
                           HGNC:8617             1            2             0
                           HGNC:8736             0            1             0
                           HGNC:8979             0            1             0
                           HGNC:9024             0            1             0
                           HGNC:9024             0            1             0
                           HGNC:9029             0            1             0
                            HGNC:920             0            1             0
                           HGNC:9282             0            1             0
                           HGNC:9617             0            1             0
                           HGNC:9647             0            1             0
                           HGNC:9891             0            1             0
                           HGNC:9906             1            3             1
                           HGNC:9937             0            1             0
                     MeSH:D000083242             1            2             1
                     MeSH:D000086382             0            1             0
                     MeSH:D000086382             0            1             0
                     MeSH:D000086382             0            1             0
                        MeSH:D000236             0            1             0
                        MeSH:D000437             0            1             0
                        MeSH:D000564             0            1             0
                        MeSH:D000690             0            1             0
                        MeSH:D000783             0            1             0
                        MeSH:D001014             0            1             0
                        MeSH:D001249             0            1             0
                        MeSH:D001254             0            1             0
                        MeSH:D001656             0            1             0
                        MeSH:D002446             0            2             0
                        MeSH:D002813             0            1             0
                        MeSH:D003248             1            2             0
                        MeSH:D003456             0            1             0
                        MeSH:D003865             0            1             0
                        MeSH:D003967             0            1             0
                        MeSH:D004806             0            1             0
                        MeSH:D005600             0            1             0
                        MeSH:D005909             0            1             0
                        MeSH:D006526             0            1             0
                        MeSH:D006528             0            1             0
                        MeSH:D007627             0            1             0
                        MeSH:D007713             0            1             0
                        MeSH:D007713             0            1             0
                        MeSH:D007890             0            1             0
                        MeSH:D008067             0            1             0
                        MeSH:D008080             0            2             0
                        MeSH:D008545             0            1             0
                        MeSH:D008831             0            1             0
                        MeSH:D009396             1            2             0
                        MeSH:D009447             0            2             0
                        MeSH:D009506             0            1             0
                        MeSH:D010053             0            1             0
                        MeSH:D011085             0            1             0
                        MeSH:D011471             7            8             2
                        MeSH:D011565             0            1             0
                        MeSH:D012008             0            1             0
                        MeSH:D012175             0            1             0
                        MeSH:D012220             0            1             0
                        MeSH:D012509             0            1             0
                        MeSH:D012509             0            1             0
                        MeSH:D012516             0            1             0
                        MeSH:D012907             0            1             0
                        MeSH:D013405             0            1             0
                        MeSH:D014820             0            1             0
                        MeSH:D015424             0            1             0
                        MeSH:D015518             0            1             0
                        MeSH:D015941             0            1             0
                        MeSH:D018316             0            1             0
                        MeSH:D018322             0            1             0
                        MeSH:D018980             0            1             0
                        MeSH:D019301             0            1             0
                        MeSH:D043183             0            1             0
                        MeSH:D046589             0            1             0
                        MeSH:D054082             0            1             0
                        MeSH:D057092             0            1             0
                        MeSH:D057873             0            1             0
                        MeSH:D062689             0            1             0
                    NCBITaxon:102793             0            1             0
                    NCBITaxon:333278             0            1             0
                        STR:2r6r_hnk             1            0             0
                   STR:5_azacytidine             1            0             0
           STR:5_dihydrotestosterone             1            0             0
                    STR:5azacytidine             1            0             0
                          STR:aa_147             1            0             0
                          STR:adam22             1            0             0
                           STR:adar2             1            0             0
                         STR:adenoma             1            0             0
                            STR:afgf             1            0             0
                          STR:ag1478             1            0             0
                          STR:akap95             1            0             0
              STR:alcoholusedisorder             1            0             0
                   STR:ameloblastoma             1            0             0
                          STR:amg337             1            0             0
   STR:amyotrophic_lateral_sclerosis             1            0             0
                        STR:aneurysm             1            0             0
                    STR:angiofibroma             1            0             0
                         STR:angptl2             1            0             0
                        STR:anti_cd3             1            0             0
                         STR:antigen             1            0             0
                 STR:aortic_aneurysm             1            0             0
                         STR:apobec1             1            0             0
                            STR:araa             1            0             0
                           STR:arf_2             1            0             0
                           STR:arf_4             1            0             0
                           STR:arf_5             1            0             0
                          STR:asthma             1            0             0
                     STR:astrocytoma             1            0             0
                           STR:asxl1             1            0             0
                            STR:atri             1            0             0
                           STR:azin1             1            0             0
                         STR:b3galt5             1            0             0
                   STR:bet_inhibitor             1            0             0
                 STR:biliary_atresia             1            0             0
                            STR:boca             1            0             0
                          STR:bz_atp             1            0             0
                           STR:c_myc             1            0             0
                           STR:c_myc             1            0             0
                         STR:cadasil             1            0             0
                          STR:camta1             1            0             0
                           STR:car_t             1            0             0
                            STR:cart             1            0             0
                          STR:cb1954             1            0             0
                            STR:cbx4             1            0             0
                          STR:ccser1             1            0             0
                         STR:cdb4124             1            0             0
                  STR:celiac_disease             2            0             0
                            STR:ch50             1            0             0
                           STR:chd_2             1            0             0
                           STR:chd_3             1            0             0
                           STR:chd_4             1            0             0
                          STR:chi3l1             1            0             0
                            STR:chmi             1            0             0
                  STR:chondrosarcoma             1            0             0
                            STR:clc4             1            0             0
                            STR:clc5             1            0             0
                            STR:clc6             1            0             0
                            STR:clc7             1            0             0
                       STR:compoundc             1            0             0
                    STR:constipation             1            0             0
                        STR:covid_19             1            0             0
                        STR:covid_19             1            0             0
                        STR:covid_19             1            0             0
                           STR:cpd10             1            0             0
                          STR:cpped1             1            0             0
                  STR:cryptorchidism             1            0             0
                            STR:ctip             1            0             0
                            STR:ctsv             1            0             0
                          STR:damage             1            0             0
                            STR:dia2             1            0             0
                            STR:dia4             1            0             0
                        STR:diarrhea             1            0             0
                          STR:dicer1             1            0             0
                            STR:dlk1             1            0             0
                         STR:dnajc12             1            0             0
                           STR:drap1             1            0             0
                            STR:dro1             1            0             0
                          STR:edta_2             1            0             0
                            STR:elf4             1            0             0
                            STR:elk4             1            0             0
                      STR:ependymoma             1            0             0
                         STR:eralpha             1            0             0
                            STR:esm1             1            0             0
                       STR:estradiol             1            0             0
                            STR:eto2             1            0             0
                            STR:etv1             1            0             0
                            STR:ezh2             1            0             0
                           STR:fads2             1            0             0
                            STR:fgf9             1            0             0
                           STR:fox_2             1            0             0
                           STR:foxa1             1            0             0
                           STR:foxq1             1            0             0
              STR:fragile_x_syndrome             1            0             0
                           STR:g_rb1             1            0             0
                            STR:gas5             1            0             0
                          STR:gata_1             1            0             0
                          STR:gata_2             1            0             0
                       STR:gata2_as1             1            0             0
                           STR:gata3             1            0             0
              STR:geographic_atrophy             1            0             0
                            STR:gli1             1            0             0
                    STR:glioblastoma             1            0             0
                     STR:gliosarcoma             1            0             0
                           STR:glis3             1            0             0
                           STR:gpr17             1            0             0
                            STR:gpx1             1            0             0
                           STR:grid2             1            0             0
                         STR:gsklsd1             1            0             0
                          STR:gw9662             2            0             0
                            STR:h5n1             1            0             0
                            STR:h7n9             1            0             0
                         STR:hapstr1             1            0             0
                     STR:hepatitis_c             1            0             0
        STR:hepatocellular_carcinoma             1            0             0
                        STR:hhip_as1             1            0             0
                           STR:hint2             1            0             0
                          STR:hmg20b             1            0             0
                       STR:hnf4a_as1             1            0             0
                        STR:hnrnp_a1             1            0             0
                         STR:hnrnp_k             1            0             0
                         STR:hnrnpa1             1            0             0
                         STR:hnrnpa1             1            0             0
                       STR:hnrnpa2b1             1            0             0
                          STR:hnrnpc             1            0             0
                          STR:hnrnpk             1            0             0
                           STR:hoxa1             1            0             0
                     STR:hsa_mir_20b             1            0             0
                        STR:hsd17b14             1            0             0
                        STR:ibet_151             2            0             0
                         STR:igf2bp1             1            0             0
                         STR:igf2bp2             1            0             0
                         STR:igf2bp3             2            0             0
                          STR:igfbp5             1            0             0
                          STR:igfbp5             1            0             0
                            STR:ikke             1            0             0
        STR:irritable_bowel_syndrome             1            0             0
                            STR:islr             1            0             0
                            STR:iwr1             1            0             0
                           STR:jun_d             1            0             0
                           STR:kdm4c             1            0             0
                          STR:keloid             1            0             0
            STR:klinefelter_syndrome             1            0             0
            STR:klinefelter_syndrome             1            0             0
                            STR:lap3             1            0             0
                            STR:lcn2             1            0             0
                  STR:leiomyosarcoma             1            0             0
                            STR:lgr4             1            0             0
                          STR:lin28b             1            0             0
                       STR:linc00339             1            0             0
                    STR:lipoblastoma             1            0             0
                          STR:lipoma             1            0             0
                     STR:liposarcoma             2            0             0
                   STR:lissencephaly             1            0             0
                           STR:lmnb1             1            0             0
                            STR:lmo1             1            0             0
                          STR:lrpprc             1            0             0
                            STR:lsd1             1            0             0
                     STR:macroh2a1_2             1            0             0
                        STR:mage_a11             1            0             0
                       STR:magi2_as3             1            0             0
       STR:major_depressive_disorder             1            0             0
                            STR:mbd2             1            0             0
                         STR:mc_1568             1            0             0
                            STR:mcm5             1            0             0
                           STR:mecom             1            0             0
                            STR:med3             1            0             0
                           STR:meis1             1            0             0
                           STR:meis1             1            0             0
                        STR:melanoma             1            0             0
                          STR:mettl3             1            0             0
                            STR:mi63             1            0             0
                    STR:microcephaly             1            0             0
                         STR:mir_100             1            0             0
                         STR:mir_15a             1            0             0
                          STR:mir_16             1            0             0
                        STR:mir_200c             1            0             0
                         STR:mir_203             1            0             0
                         STR:mir_221             1            0             0
                         STR:mir_222             1            0             0
                          STR:mir_28             1            0             0
                          STR:mir_28             1            0             0
                          STR:mir_28             1            0             0
                         STR:mir_34a             1            0             0
                         STR:mir_503             1            0             0
                         STR:mir_630             1            0             0
                         STR:mir_9_1             1            0             0
                         STR:mir_9_2             1            0             0
                          STR:mir20a             1            0             0
                            STR:mitf             1            0             0
                          STR:mk0752             1            0             0
                          STR:mk8931             1            0             0
                            STR:mlk4             1            0             0
                            STR:mll1             1            0             0
                           STR:morc3             1            0             0
                           STR:mroh1             1            0             0
                            STR:msi1             1            0             0
                            STR:msi2             1            0             0
                            STR:mt1g             1            0             0
                            STR:mycn             1            0             0
                        STR:mzf1_as1             1            0             0
                           STR:ncor2             1            0             0
                   STR:neuroblastoma             2            0             0
                           STR:nevus             1            0             0
                            STR:nfia             1            0             0
                         STR:nmnat_2             1            0             0
                           STR:nrde2             1            0             0
                           STR:nsun2             1            0             0
                          STR:ogfod1             1            0             0
                      STR:oleic_acid             1            0             0
                         STR:onecut2             1            0             0
                    STR:osteosarcoma             1            0             0
                           STR:ovary             1            0             0
                           STR:ovol1             1            0             0
                           STR:ovol2             1            0             0
                           STR:page4             1            0             0
                            STR:pai1             1            0             0
                            STR:pax1             1            0             0
                            STR:pax3             1            0             0
                           STR:pcif1             1            0             0
                           STR:pcnx2             1            0             0
                STR:peri_implantitis             1            0             0
                           STR:pge_2             1            0             0
                            STR:pkp2             1            0             0
                            STR:pkp2             1            0             0
                         STR:pla2g10             1            0             0
       STR:polycystic_ovary_syndrome             1            0             0
                        STR:polyiclc             1            0             0
                        STR:pp1_beta             1            0             0
                           STR:prdm8             1            0             0
                           STR:prmt1             1            0             0
                           STR:prmt3             1            0             0
                           STR:prmt4             1            0             0
                           STR:prmt5             1            0             0
                           STR:prmt6             1            0             0
                           STR:prmt7             1            0             0
                 STR:prostate_cancer             1            0             0
                       STR:psoriasis             1            0             0
                           STR:pspc1             1            0             0
                            STR:ptk6             1            0             0
                          STR:ptpn14             1            0             0
                           STR:puh71             1            0             0
                      STR:r_spondin2             1            0             0
                            STR:r568             1            0             0
                           STR:rab23             1            0             0
                          STR:rbfox2             1            0             0
                           STR:rbm24             1            0             0
                       STR:recoverin             1            0             0
                      STR:recurrence             1            0             0
                     STR:reperfusion             1            0             0
                  STR:retinoblastoma             1            0             0
                   STR:rett_syndrome             1            0             0
                            STR:rgcc             1            0             0
                        STR:rhinitis             1            0             0
                          STR:rnase1             1            0             0
                          STR:rnase7             1            0             0
                            STR:rnd1             1            0             0
                           STR:rspo4             1            0             0
                            STR:sat3             1            0             0
                            STR:scd1             1            0             0
                            STR:sem1             1            0             0
                            STR:shap             1            0             0
                         STR:shroom3             1            0             0
                        STR:skf96365             1            0             0
                            STR:slbp             1            0             0
                            STR:smg6             1            0             0
                         STR:smoking             1            0             0
                            STR:sms2             1            0             0
                           STR:sox15             1            0             0
                            STR:sox4             1            0             0
                            STR:sox6             1            0             0
                            STR:sox9             1            0             0
                            STR:sox9             1            0             0
                          STR:spdl_1             1            0             0
                          STR:spink1             1            0             0
                          STR:spink2             1            0             0
                          STR:spink3             1            0             0
                            STR:sqle             1            0             0
                           STR:srsf1             1            0             0
                           STR:srsf6             1            0             0
                           STR:srsf7             1            0             0
                           STR:srsf9             1            0             0
                           STR:sting             2            0             0
                         STR:suicide             1            0             0
                         STR:supt4h1             1            0             0
                            STR:tal1             2            1             0
                           STR:tbx20             1            0             0
                            STR:tchp             1            0             0
                  STR:tcons_00001221             1            0             0
                            STR:tet2             1            0             0
                         STR:tfcp2l1             1            0             0
                            STR:tgfb             1            0             0
                            STR:tgfb             1            0             0
                           STR:tiam1             1            0             0
                           STR:tincr             1            0             0
                            STR:tlx3             1            0             0
                          STR:tnrc6b             1            0             0
                           STR:tonsl             1            0             0
                            STR:tp53             1            0             0
                         STR:tp53tg1             1            0             0
                            STR:trf1             1            0             0
                            STR:trf3             1            0             0
                  STR:trichostatin_a             1            0             0
                          STR:trim28             1            0             0
                            STR:tut3             1            0             0
                         STR:ugt2b17             1            0             0
                            STR:vegf             1            0             0
                        STR:vitiligo             1            0             0
                           STR:wars1             1            0             0
               STR:williams_syndrome             1            0             0
                     STR:wilms_tumor             1            0             0
                            STR:wwox             1            0             0
                          STR:zbtb16             1            0             0
                         STR:zdhhc20             1            0             0
                          STR:znf135             1            0             0
                          STR:znf141             1            0             0
                          STR:znf169             1            0             0
                          STR:znf182             1            0             0
                           STR:znf19             1            0             0
                          STR:znf248             1            0             0
                          STR:znf257             1            0             0
                           STR:znf26             1            0             0
                          STR:znf266             1            0             0
                          STR:znf273             1            0             0
                          STR:znf274             1            0             0
                           STR:znf30             1            0             0
                          STR:znf317             1            0             0
                          STR:znf320             1            0             0
                          STR:znf337             1            0             0
                          STR:znf33a             1            0             0
                          STR:znf419             1            0             0
                           STR:znf44             1            0             0
                          STR:znf440             1            0             0
                          STR:znf445             1            0             0
                          STR:znf582             1            0             0
                          STR:znf589             1            0             0
                          STR:znf605             1            0             0
                          STR:znf610             1            0             0
                          STR:znf611             1            0             0
                          STR:znf669             1            0             0
                          STR:znf682             1            0             0
                          STR:znf75d             1            0             0
                            STR:znf8             1            0             0
                         STR:znf804a             1            0             0
                          STR:znf808             1            0             0
                          STR:znf846             1            0             0
              STR:1_deoxysphingosine             1            0             1
                            STR:4hpp             1            0             1
           STR:5_aza_2_deoxycytidine             2            0             1
                            STR:5asa             1            0             1
                            STR:a366             1            0             1
                          STR:a83_01             1            0             1
                      STR:acromegaly             1            0             1
                           STR:act_d             1            0             1
                            STR:acta             1            0             1
                       STR:activin_a             1            0             1
         STR:acute_coronary_syndrome             1            0             1
                            STR:ad24             1            0             1
                           STR:adar1             1            0             1
          STR:adenocarcinoma_in_situ             1            0             1
                     STR:adenomyosis             1            0             1
                     STR:adenomyosis             1            0             1
                           STR:adh_6             1            0             1
                          STR:ag1478             1            0             1
                           STR:aicda             1            0             1
               STR:alexander_disease             1            0             1
                          STR:alkbh5             1            0             1
                          STR:ampka1             1            0             1
                          STR:ampka2             1            0             1
                    STR:amyloid_beta             1            0             1
                         STR:amyloid             1            0             1
                 STR:angina_pectoris             1            0             1
                         STR:angptl4             1            0             1
                       STR:anti_il_4             1            0             1
       STR:antiphospholipid_syndrome             1            0             1
               STR:aortic_dissection             1            0             1
                        STR:aortitis             1            0             1
                           STR:apex1             1            0             1
                            STR:areg             1            0             1
     STR:arteriovenous_malformations             1            0             1
                           STR:ascl1             1            0             1
                          STR:asthma             1            0             1
                     STR:astrocytoma             1            0             1
                            STR:atf3             1            0             1
             STR:atrial_fibrillation             2            0             1
                     STR:bay_11_7082             1            0             1
                          STR:bc2059             1            0             1
                           STR:bclxl             1            0             1
                           STR:bde99             1            0             1
                            STR:bdnf             1            0             1
             STR:betahydroxybutyrate             1            0             1
                 STR:biliary_atresia             3            0             1
                            STR:bmi1             1            0             1
                       STR:bms986158             1            0             1
                           STR:brca1             1            0             1
                          STR:breast             1            0             1
                      STR:bronchitis             1            0             1
      STR:bronchopulmonary_dysplasia             1            0             1
                     STR:brucellosis             1            0             1
                           STR:bud31             1            0             1
                          STR:bvd523             1            0             1
               STR:castleman_disease             1            0             1
                            STR:cdyl             1            0             1
                  STR:celiac_disease             1            0             1
                 STR:cervical_cancer             1            0             1
                 STR:cervical_cancer             1            0             1
                         STR:chaserr             1            0             1
                            STR:chip             1            0             1
              STR:cholangiocarcinoma             2            0             1
                   STR:cholesteatoma             1            0             1
                            STR:cia1             1            0             1
                            STR:clof             1            0             1
                            STR:cmyc             1            0             1
                            STR:cnbp             1            0             1
                         STR:coaltar             1            0             1
                     STR:coccidiosis             1            0             1
                         STR:colitis             1            0             1
                    STR:colon_cancer             2            0             1
               STR:colorectal_cancer             2            0             1
              STR:contact_inhibition             1            0             1
                            STR:copd             1            0             1
                        STR:covid_19             1            0             1
                         STR:cpg1018             1            0             1
                           STR:csrp1             1            0             1
                            STR:cst1             1            0             1
                            STR:ctrl             2            0             1
                 STR:cystic_fibrosis             1            0             1
                            STR:dcis             1            0             1
                           STR:dcp1a             1            0             1
                           STR:ddx41             1            0             1
                            STR:ddx5             1            0             1
               STR:diabetes_mellitus             1            0             1
                       STR:diagnosis             1            0             1
                      STR:dlgap1_as2             1            0             1
                            STR:dll4             1            0             1
                           STR:dt061             1            0             1
                       STR:emphysema             1            0             1
                        STR:epilepsy             1            0             1
                            STR:esat             1            0             1
                     STR:esophagitis             1            0             1
                STR:esophagus_cancer             1            0             1
                            STR:etv7             1            0             1
                          STR:exosc3             1            0             1
                          STR:exosc8             1            0             1
                          STR:exosc9             1            0             1
                            STR:ezh2             1            0             1
                           STR:fabp4             1            0             1
                          STR:fam46c             1            0             1
                           STR:fgf21             1            0             1
                           STR:fgf23             1            0             1
                            STR:fhl5             1            0             1
                         STR:fht1015             1            0             1
                     STR:fibroblasts             1            0             1
                    STR:fibromyalgia             1            0             1
                     STR:follistatin             1            0             1
                           STR:foxq1             1            0             1
                           STR:g_csf             1            0             1
                   STR:gastroparesis             1            0             1
                           STR:gata6             1            0             1
                           STR:gata6             1            0             1
                         STR:gdc0068             1            0             1
                         STR:gdc0068             1            0             1
                         STR:gdc0349             1            0             1
                         STR:gdc0879             1            0             1
              STR:geographic_atrophy             1            0             1
                            STR:gerd             1            0             1
                      STR:gingivitis             1            0             1
                    STR:glioblastoma             1            0             1
              STR:glomerulonephritis             1            0             1
                       STR:glp_17_36             1            0             1
                           STR:grwd1             1            0             1
                        STR:gsk_lsd1             1            0             1
                          STR:gw0742             1            0             1
                          STR:gw4064             2            0             1
                            STR:h3n2             1            0             1
                          STR:hb_egf             1            0             1
                   STR:heart_failure             1            0             1
      STR:hemoglobin_subunit_gamma_1             1            0             1
                     STR:hepatitis_c             1            0             1
                       STR:hif1a_as1             1            0             1
                            STR:hit1             1            0             1
                            STR:hit4             1            0             1
                           STR:hmgb2             1            0             1
                            STR:hnp1             1            0             1
                          STR:hnrnpm             1            0             1
                          STR:hotair             1            0             1
                          STR:hoxa11             1            0             1
                           STR:hoxc6             1            0             1
                        STR:hts01037             1            0             1
            STR:huntington_s_disease             2            0             1
              STR:hyperbilirubinemia             1            0             1
                    STR:hypertension             2            0             1
                         STR:ibet151             2            0             1
                           STR:il_17             1            0             1
                            STR:il23             1            0             1
           STR:intracranial_aneurysm             1            0             1
                 STR:ischemic_stroke             1            0             1
                 STR:ischemic_stroke             2            0             1
                            STR:itac             1            0             1
                           STR:itga5             1            0             1
                           STR:jmjd3             1            0             1
                STR:kaposi_s_sarcoma             1            0             1
                           STR:kdm5c             1            0             1
                          STR:kir2_1             1            0             1
                            STR:klf7             1            0             1
            STR:klinefelter_syndrome             1            0             1
                            STR:klk5             1            0             1
                           STR:kv1_5             1            0             1
                           STR:lactb             1            0             1
             STR:latent_tuberculosis             1            0             1
                           STR:lcmt1             1            0             1
                            STR:lef1             2            1             2
                  STR:leiomyosarcoma             1            0             1
                   STR:leishmaniasis             1            0             1
                         STR:leprosy             1            0             1
                           STR:light             1            0             1
                     STR:lung_cancer             1            0             1
                            STR:lung             1            0             1
                 STR:lupus_nephritis             1            0             1
                           STR:mapk1             1            0             1
                 STR:marfan_syndrome             1            0             1
                            STR:mda5             1            0             1
                 STR:medulloblastoma             3            0             1
                        STR:melanoma             3            0             1
               STR:meningioma_benign             1            0             1
                          STR:mettl3             1            0             1
                    STR:microrna_489             1            0             1
                    STR:microrna_668             1            0             1
                         STR:mir_155             1            0             1
                        STR:mir_199b             1            0             1
                         STR:mir_203             1            0             1
                         STR:mir_29a             1            0             1
                         STR:mir_30a             1            0             1
                         STR:mir_375             1            0             1
                         STR:mir_494             1            0             1
                         STR:mir_503             1            0             1
                         STR:mir_874             1            0             1
                          STR:mir340             1            0             1
                            STR:mito             1            0             1
           STR:mitral_valve_prolapse             1            0             1
                            STR:mos2             2            0             1
                           STR:ms275             1            0             1
                    STR:mucormycosis             1            0             1
              STR:multiple_sclerosis             1            0             1
               STR:mycosis_fungoides             1            0             1
                            STR:myoc             1            0             1
                        STR:myositis             1            0             1
              STR:myotonic_dystrophy             1            0             1
                           STR:naprt             1            0             1
                    STR:nasal_polyps             1            0             1
        STR:nasopharyngeal_carcinoma             1            0             1
        STR:nasopharyngeal_carcinoma             2            0             1
                            STR:nhe1             1            0             1
                          STR:nkx3_1             1            0             1
                           STR:nlgn1             1            0             1
                           STR:nop58             1            0             1
                           STR:norad             1            0             1
                           STR:ntrk1             1            0             1
                          STR:ntx301             1            0             1
                          STR:nusap1             1            0             1
                            STR:nvp2             1            0             1
                            STR:nvp2             2            0             1
                         STR:omentum             1            0             1
                          STR:ose127             1            0             1
                  STR:osteoarthritis             1            0             1
                  STR:osteoarthritis             1            0             1
                    STR:osteoporosis             1            0             1
                    STR:osteosarcoma             4            0             1
                           STR:ovary             1            0             1
                      STR:overweight             2            1             2
                            STR:p300             1            0             1
                            STR:p300             1            0             1
                        STR:pancreas             1            0             1
            STR:pancreatic_carcinoma             1            0             1
                  STR:panic_disorder             1            0             1
             STR:parkinson_s_disease             1            0             1
                          STR:pbde47             1            0             1
                          STR:pcb126             1            0             1
                           STR:pcb52             1            0             1
                        STR:pd325901             2            0             1
                           STR:pde12             1            0             1
                          STR:pen221             1            0             1
                         STR:peptide             2            0             1
                           STR:pla_b             2            0             1
                STR:placenta_accreta             1            0             1
                        STR:plx51107             1            0             1
                       STR:pneumonia             1            0             1
                           STR:polya             1            0             1
                           STR:polya             2            0             1
                           STR:polya             1            0             1
                    STR:polymyositis             1            0             1
                           STR:ppard             1            0             1
                           STR:prelp             1            0             1
                          STR:prkab1             1            0             1
                          STR:prkab2             1            0             1
 STR:proliferative_vitreoretinopathy             1            0             1
                           STR:psmb8             1            0             1
                       STR:psoriasis             1            0             1
                          STR:pt2385             1            0             1
                       STR:pterygium             1            0             1
                           STR:ptf1a             1            0             1
                            STR:ptsd             3            1             2
              STR:pulmonary_fibrosis             1            0             1
                        STR:pulpitis             1            0             1
                           STR:px_12             1            0             1
                            STR:px12             1            0             1
                          STR:rbfox1             1            0             1
                            STR:rela             1            0             1
                  STR:retinoblastoma             2            0             1
                           STR:rig_i             1            0             1
                            STR:rin1             1            0             1
                           STR:rn7sk             1            0             1
                        STR:rnaseh2b             1            0             1
                          STR:rnf186             1            0             1
                            STR:rny5             1            0             1
                            STR:rtpa             1            0             1
                     STR:sarcoidosis             1            0             1
                            STR:senv             1            0             1
                          STR:sepsis             1            0             1
                        STR:serpinb3             1            0             1
                 STR:sezary_syndrome             1            0             1
                            STR:shot             1            0             1
                           STR:sirt6             1            0             1
               STR:sleep_deprivation             1            0             1
                         STR:smarcb1             2            0             1
                            STR:smg7             1            0             1
                         STR:smoking             1            0             1
                            STR:sox5             1            0             1
                            STR:sox9             1            0             1
                    STR:space_flight             1            0             1
                          STR:srsf11             1            0             1
                           STR:srsf2             1            0             1
                           STR:srsf3             1            0             1
                           STR:srsf4             1            0             1
                           STR:srsf5             1            0             1
                    STR:stemregenin1             1            0             1
                          STR:stroke             2            0             1
                         STR:suicide             2            1             1
                            STR:sun1             1            0             1
                           STR:t_bhp             1            0             1
                          STR:tak981             1            0             1
                            STR:tbca             1            0             1
                            STR:tet1             1            0             1
                          STR:tfap2c             1            0             1
                            STR:tfe3             2            1             1
                            STR:tfeb             1            0             1
                           STR:tgf_b             1            0             1
                            STR:tgfb             1            0             1
                STR:thrombocytopenia             1            0             1
                          STR:tnrc6a             1            0             1
                            STR:tom1             1            0             1
                          STR:topbp1             1            0             1
                            STR:tpc1             1            0             1
                   STR:trichostatina             1            0             1
            STR:trigeminal_neuralgia             1            0             1
                          STR:trim25             1            0             1
                            STR:tymp             1            0             1
                  STR:type2_diabetes             1            0             1
                          STR:u2af65             1            0             1
                          STR:u73122             1            0             1
                           STR:ube2b             1            0             1
                          STR:unc45b             1            0             1
                            STR:upf1             1            0             1
                          STR:vegf_c             1            0             1
                            STR:vegf             1            0             1
                       STR:vitamin_d             1            0             1
                       STR:vitamin_d             1            0             1
                        STR:vitamind             1            0             1
                            STR:vlps             1            0             1
                            STR:wart             1            0             1
                     STR:wilms_tumor             1            0             1
                            STR:wtap             1            0             1
                          STR:xmd892             1            0             1
                            STR:xrn1             1            0             1
                            STR:ybx1             1            0             1
                            STR:zeb1             1            0             1
                      STR:zika_virus             1            0             1
                            STR:ago1             2            0             2
                            STR:ago2             2            0             2
                          STR:angpt2             2            0             2
                            STR:chmi             2            0             2
           STR:chronic_periodontitis             3            0             2
                            STR:cpd1             2            0             2
                 STR:dermatomyositis             2            0             2
                            STR:dkk1             2            0             2
                          STR:dtagv1             2            0             2
                        STR:epilepsy             3            0             2
                STR:essential_tremor             2            0             2
                    STR:glioblastoma             7            0             2
                          STR:glioma             2            0             2
                            STR:h1n1             3            1             3
                           STR:ibrd9             2            0             2
                            STR:igf1             2            0             2
                          STR:kw2449             2            0             2
                      STR:meningioma             2            0             2
                           STR:mir_1             3            0             2
                         STR:mir_141             2            0             2
                            STR:pano             2            0             2
                           STR:pd901             2            0             2
                          STR:pdgfbb             2            0             2
                   STR:periodontitis             2            0             2
               STR:polycythemia_vera             2            0             2
                           STR:ptpn2             2            0             2
                STR:tetralogy_fallot             2            0             2
                            STR:tgfb             2            0             2
                            STR:tp53             2            0             2
                  STR:uveal_melanoma             2            0             2
                          STR:xct790             2            0             2
                            STR:ybx1             2            0             2
                         STR:adenoma             4            0             3
                  STR:hepatoblastoma             5            0             3
                            STR:il17             4            0             3
                     STR:keratoconus             3            0             3
                           STR:ms275             4            0             3
                STR:multiple_myeloma             4            0             3
                  STR:osteoarthritis             5            0             3
                         STR:sp_2509             4            0             3
                           STR:tgf_b             6            0             3
                          STR:asthma             5            0             4
                            STR:copd             4            0             4
   STR:idiopathic_pulmonary_fibrosis             8            0             4
                          STR:keloid            10            0             4
                            STR:nets             4            0             4
                      STR:sarcopenia             4            0             4
                          STR:sepsis             6            0             4
                    STR:tuberculosis             5            0             4
                            STR:vegf             7            0             4
                STR:bipolar_disorder             5            0             5
                 STR:cystic_fibrosis             7            0             5
                   STR:endometriosis             6            0             5
                          STR:gw3965             5            0             5
                   STR:heart_failure             6            0             5
              STR:sjogren_s_syndrome             6            0             5
                          STR:dtag13             8            0             7
                            STR:ifnb            11            1             7
                        STR:vtp50469             8            0             8
                        STR:covid_19            13            0             9
              STR:multiple_sclerosis            10            0             9
                       STR:psoriasis            10            0             9
                           STR:r5020            11            0             9
                            STR:tgfb            20            0            15
                   STR:schizophrenia            24            0            23
                         STR:hypoxia            67           19            50
 k_poolato_on
           36
           23
           87
            9
           10
            9
            9
           10
            7
            7
           16
            6
            5
            5
            5
            5
            5
            5
            6
            4
           13
            4
            4
            4
            4
            4
            4
            4
            8
            5
            3
            3
            3
            3
            3
            3
            3
            2
            2
            2
            4
            4
            2
            3
            2
            4
            2
            2
            2
            3
            2
            2
            2
            2
            2
            2
            2
            2
            2
            3
            2
            2
            3
            2
            4
            2
            2
            2
            2
            2
            2
            2
            1
            1
            1
            1
            4
            1
            5
            2
            7
            1
            1
            1
            1
            2
            1
            1
            1
            4
            1
            1
            1
            1
            1
            1
            1
            8
           33
            1
            2
            1
            1
            1
            1
            1
            1
            4
            1
            1
            2
            1
            1
            1
            3
            1
            6
            1
            1
            1
            1
            1
            1
            5
            2
            3
            1
            1
            1
            1
            1
            3
            1
            1
            1
            1
            1
            1
            1
            1
            2
            2
            1
            1
            1
            1
            1
            2
            1
            1
            1
            1
            1
            1
            2
            1
            2
            1
            2
            1
            1
            1
            1
            1
            1
            1
            1
            1
            1
            1
            1
            1
            1
            1
            1
            1
            1
            1
            2
            1
            1
            1
            1
            1
            1
            1
            1
            1
            1
            1
            1
            1
            1
            1
            1
            1
            1
            1
            3
            1
            1
            1
            1
            1
            1
            1
            1
            1
            1
            1
            1
            1
            1
            1
            1
            1
            1
            1
            1
            1
            1
            1
            1
            1
            1
            1
            1
            1
            1
            1
            1
            1
            1
            1
            1
            1
            1
            1
            1
            1
            1
            1
            1
            1
            1
            1
            1
            1
            1
            2
            1
            1
            1
            1
            1
            1
            1
            1
            1
            1
            1
            1
            1
            1
            1
            1
            1
            1
            1
            1
            1
            1
            1
            1
            1
            1
            1
            1
            1
            1
            1
            1
            1
            1
            1
            1
            1
            1
            1
            1
            1
            1
            1
            1
            1
            1
            2
            1
            1
            1
            1
            1
            1
            1
            1
            1
            1
            1
            1
            1
            1
            2
            1
            1
            1
            2
            1
            1
            1
            1
            1
            1
            1
            1
            1
            1
            1
            1
            1
            5
            1
            1
            1
            1
            1
            1
            1
            1
            1
            1
            1
            1
            1
            2
            1
            1
            1
            1
            1
            1
            1
            1
            1
            1
            1
            1
            1
           14
            2
            1
            1
            1
            1
            1
            1
            1
            1
            1
            1
            1
            1
            1
            1
            1
            1
            1
            1
            8
            1
            1
            1
            2
            1
            1
            1
            1
            1
            1
            1
            1
            1
            1
            1
            1
            1
            1
            1
            1
            9
            0
            0
            0
            3
            0
            9
            0
            0
            0
            0
            0
            0
            0
            0
            0
            0
            0
            0
            0
            0
            0
            0
            0
            0
            0
            0
            0
            0
            0
            0
            1
            0
            0
            0
            0
            1
            0
            0
            0
            0
            0
            0
            0
            0
            0
            0
            0
            0
            0
            0
            0
            0
            0
            0
            0
            0
            0
            0
            0
            0
            0
            0
            0
            0
            0
            0
            0
            0
            0
            0
            0
            0
            0
            0
            0
            0
            0
            0
            0
            0
            0
            0
            0
            0
            0
            0
            0
            0
            0
            0
            0
            0
            0
            0
            0
            0
            0
            0
            0
            0
            0
            0
            0
            0
            4
            0
            0
            0
            0
            2
            0
            0
            0
            0
            0
            0
            0
            0
            0
            0
            0
            0
            0
            0
            0
            0
            0
            0
            0
            0
            0
            0
            0
            0
            0
            0
            0
            0
            0
            0
            0
            0
            0
            0
            0
            0
            0
            0
            0
            0
            0
            0
            0
            0
            0
            0
            0
            0
            0
            0
            0
            0
            0
            0
            0
            0
            0
            0
            0
            0
            0
            0
            0
            0
            0
            0
            0
            0
            0
            0
            0
            0
            0
            0
            0
            0
            0
            0
            0
            0
            0
            0
            0
            0
            0
            0
            0
            0
            0
            0
            0
            0
            0
            0
            0
            0
            0
            0
            1
            0
            0
            0
            0
            1
            0
            0
            0
            0
            0
            0
            0
            1
            0
            0
            0
            0
            0
            0
            0
            0
            0
            0
            0
            0
            0
            0
            0
            0
            0
            0
            0
            0
            0
            0
            0
            0
            0
            0
            0
            0
            0
            0
            0
            0
            0
            0
            0
            2
            0
            0
            1
            0
            0
            0
            0
            0
            0
            0
            0
            0
            0
            0
            0
            0
            0
            0
            0
            1
            0
            1
            0
            0
            0
            0
            0
            0
            0
            0
            0
            0
            0
            0
            0
            0
            0
            0
            0
            0
            0
            0
            0
            0
            0
            0
            0
            0
            0
            0
            0
            0
            0
            0
            0
            0
            0
            0
            2
            0
            0
            0
            0
            0
            0
            0
            0
            0
            0
            0
            0
            0
            0
            0
            0
            0
            0
            0
            0
            0
            0
            0
            0
            0
            0
            0
            0
            0
            0
            0
            0
            0
            0
            0
            0
            0
            0
            0
            0
            0
            0
            0
            0
            0
            0
            0
            0
            0
            0
            0
            0
            0
            0
            0
            0
            0
            0
            0
            0
            0
            0
            0
            0
            0
            0
            0
            0
            0
            0
            0
            0
            0
            0
            0
            0
            0
            0
            0
            0
            0
            0
            0
            0
            0
            0
            0
            0
            0
            0
            0
            0
            0
            0
            0
            0
            0
            0
            0
            0
            0
            0
            0
            0
            0
            0
            0
            0
            0
            0
            0
            0
            0
            0
            0
            0
            0
            0
            0
            0
            0
            0
            0
            0
            0
            0
            0
            0
            0
            0
            0
            0
            0
            0
            0
            0
            0
            0
            0
            0
            0
            0
            0
            0
            0
            0
            0
            0
            0
            0
            0
            0
            0
            0
            0
            0
            0
            0
            0
            0
            0
            0
            0
            0
            0
            0
            0
            0
            0
            0
            0
            0
            0
            0
            0
            0
            0
            0
            0
            0
            0
            0
            0
            0
            0
            0
            0
            0
            0
            0
            0
            0
            0
            0
            0
            0
            0
            0
            0
            0
            0
            0
            0
            0
            0
            0
            0
            0
            0
            0
            0
            0
            0
            0
            0
            0
            0
            0
            0
            0
            0
            0
            0
            0
            0
            0
            0
            0
            0
            0
            0
            0
            0
            0
            0
            0
            0
            0
            0
            0
            0
            0
            0
            0
            0
            0
            0
            0
            0
            0
            0
            0
            0
            0
            0
            0
            0
            0
            0
            0
            0
            0
            0
            0
            0
            0
            0
            0
            0
            0
            0
            0
            0
            0
            0
            0
            0
            0
            0
            0
            0
            0
            0
            0
            0
            0
            0
            0
            0
            0
            0
            0
            0
            0
            0
            0
            0
            0
            0
            0
            0
            0
            0
            0
            0
            0
            0
            0
            0
            0
            0
            0
            0
            0
            0
            0
            0
            0
            0
            0
            0
            0
            0
            0
            0
            0
            0
            0
            0
            0
            0
            0
            0
            0
            0
            0
            0
            0
            0
            0
            0
            0
            0
            0
            0
            0
            0
            0
            0
            0
            0
            0
            0
            0
            0
            0
            0
            0
            0
            0
            0
            0
            0
            0
            0
            0
            0
            0
            0
            0
            0
            0
            0
            0
            0
            0
            0
            0
            0
            0
            0
            0
            0
            0
            0
            0
            0
            0
            0
            0
            0
            0
            0
            0
            0
            0
            0
            0
            0
            0
            0
            0
            0
            0
            0
            0
            0
            0
            0
            0
            0
            0
            0
            0
            0
            0
            0
            0
            0
            0
            0
            0
            0
            0
            0
            0
            0
            0
            0
            0
            0
            0
            0
            0
            0
            0
            0
            0
            0
            0
            0
            0
            0
            0
            0
            0
            0
            0
            0
            0
            0
            0
            0
            0
            0
            0
            0
            0
            0
            0
            0
            0
            0
            0
            0
            0
            0
            0
            0
            0
            0
            0
            0
            0
            0
            0
            0
            0
            0
            0
            0
            0
            0
            0
            0
            0
            0
            0
            0
            0
            0
            0
            0
            0
            0
            0
            0
            0
            0
            0
            0
            0
            0
            0
            0
            0
            0
            0
            0
            0
            0
            0
            0
            0
            0
            0
            0
            0
            0
            0
            0
            0
            0
            0
            0
            0
            0
            0
            0
            0
            0
            0
            0
            0
            0
            1
            0
            0
            0
            0
            0
            0
            0
            0
            0
            0
            0
            0
            0
            0
            0
            0
            0
            0
            0
            0
            0
            0
            0
            0
            0
            0
            0
            0
            0
            0
            0
            0
            0
            0
            0
            0
            0
            0
            0
            0
            0
            0
            0
            0
            0
            0
            0
            0
            0
            0
            0
            0
            0
            0
            0
            0
            0
            1
            0
            0
            0
            0
            0
            0
            0
            0
            0
            0
            0
            0
            0
            0
            0
            0
            0
            0
            0
            0
            0
            0
            0
            0
            0
            0
            0
            0
            0
            0
            0
            1
            0
            0
            0
            0
            0
            0
            0
            0
            0
            0
            0
            0
            0
            0
            0
            0
            0
            0
            0
            0
            0
            0
            0
            0
            0
            0
            0
            0
            0
            0
            0
            0
            0
            0
            0
            0
            0
            0
            0
            0
            0
            0
            0
            0
            0
            0
            0
            0
            0
            0
            0
            0
            0
            0
            0
            0
            0
            0
            0
            0
            0
            0
            0
            0
            0
            0
            0
            0
            0
            0
            0
            0
            0
            0
            0
            0
            0
            0
            0
            0
            0
            0
            0
            0
            0
            0
            0
            0
            1
            0
            0
            0
            0
            0
            0
            0
            0
            0
            0
            0
            0
            0
            0
            0
            0
            0
            0
            0
            0
            0
            0
            0
            0
            0
            0
            0
            0
            0
            0
            0
            0
            0
            0
            0
            0
            0
            0
            0
            0
            0
            0
            0
            0
            0
            0
            0
            0
            0
            0
            0
           14

--- bilancio nel deliverable (soglia k poolato >= 3) ---
  meta-analisi che ENTRANO (poolato <3 -> >=3): 45
  meta-analisi che ESCONO  (poolato >=3 -> <3): 34
  studi poolati guadagnati, in totale: 22
  gruppi che cambiano composizione (da rileggere): 100

================ I NUMERI ATTESI ================
  TGF-beta1      HGNC:11766     poolati 70 -> 91   (atteso 49 -> 59)  DA GUARDARE
  Glioblastoma   MeSH:D005909   poolati 2 -> 5   (atteso 2 -> 3)  DA GUARDARE
  IL17A          HGNC:5981      poolati 9 -> 13   (atteso 7 -> 8)  DA GUARDARE
  IFNa           STR:ifna       membri che cambiano: 0   (atteso 0 = INVARIATO)
EXIT=0
