"lib","n","G1","G2","G3","scmax","studio"
"GSE105022apa-positive trophoblast progenitors apa",24,FALSE,TRUE,FALSE,0.815152842025188,"GSE105022"
"GSE105022undifferentiated hesc ctrl",23,FALSE,TRUE,FALSE,0.893165493789294,"GSE105022"
"GSE106873kd-shrna--19-2_s13",4,TRUE,TRUE,TRUE,0.00755853467588522,"GSE106873"
"GSE106873kd-shrna--2-3_s9",4,TRUE,TRUE,TRUE,0.0779102659582601,"GSE106873"
"GSE106873kd-shrna-18-3_s12",4,TRUE,TRUE,TRUE,0.10533154091061,"GSE106873"
"GSE106873kd-shrna-24-2_s1",4,TRUE,TRUE,TRUE,0.0295094030742087,"GSE106873"
"GSE106873kd-sirna--3-30-11_s14",4,TRUE,TRUE,TRUE,0.00689143999415403,"GSE106873"
"GSE106873kd-sirna-2-11-1_s11",4,TRUE,TRUE,TRUE,0.0448526046626197,"GSE106873"
"GSE106873kd-sirna-2-11-12_s10",4,TRUE,TRUE,TRUE,0.0332120120854693,"GSE106873"
"GSE106873kd-sirna-2-16-1_s15",4,TRUE,TRUE,TRUE,0.00823779855982784,"GSE106873"
"GSE106873kd-sirna-3-11-1_s16",4,TRUE,TRUE,TRUE,0.0249465258268656,"GSE106873"
"GSE106873kd-sirna-3-23-5_s7",4,TRUE,TRUE,TRUE,0.00377128544510656,"GSE106873"
"GSE106873scr-shrna-18-3_s8",4,TRUE,TRUE,TRUE,0.013354871910837,"GSE106873"
"GSE106873scr-shrna-19-2_s4",4,TRUE,TRUE,TRUE,0.0401680644195462,"GSE106873"
"GSE106873scr-shrna-24-2_s3",4,TRUE,TRUE,TRUE,0.127593534853639,"GSE106873"
"GSE106873scr-sirna-16-1_s5",4,TRUE,TRUE,TRUE,0.0346003266357894,"GSE106873"
"GSE106873scr-sirna-23-5_s2",4,TRUE,TRUE,TRUE,0.00345710580095698,"GSE106873"
"GSE106873scr-sirna-30-11_s6",4,TRUE,TRUE,TRUE,0.113277876129639,"GSE106873"
"GSE110495sample_1",2,TRUE,TRUE,TRUE,0.00545406566375457,"GSE110495"
"GSE110495sample_10",2,TRUE,TRUE,TRUE,0,"GSE110495"
"GSE110495sample_11",2,TRUE,TRUE,TRUE,0.0100061262644349,"GSE110495"
"GSE110495sample_12",2,TRUE,TRUE,TRUE,0.0635504035597369,"GSE110495"
"GSE110495sample_13",2,TRUE,TRUE,TRUE,0.00648620251393896,"GSE110495"
"GSE110495sample_14",2,TRUE,TRUE,TRUE,0.0039493355754618,"GSE110495"
"GSE110495sample_15",2,TRUE,TRUE,TRUE,0.00454164449047611,"GSE110495"
"GSE110495sample_16",2,TRUE,TRUE,TRUE,0.0243279361807709,"GSE110495"
"GSE110495sample_17",2,TRUE,TRUE,TRUE,0.0197388867399956,"GSE110495"
"GSE110495sample_18",2,TRUE,TRUE,TRUE,0.233180488121286,"GSE110495"
"GSE110495sample_2",2,TRUE,TRUE,TRUE,0.00907823014396815,"GSE110495"
"GSE110495sample_3",2,TRUE,TRUE,TRUE,0,"GSE110495"
"GSE110495sample_4",2,TRUE,TRUE,TRUE,0.017335998292948,"GSE110495"
"GSE110495sample_5",2,TRUE,TRUE,TRUE,0.00331560939138217,"GSE110495"
"GSE110495sample_6",2,TRUE,TRUE,TRUE,0.00925113825641002,"GSE110495"
"GSE110495sample_7",2,TRUE,TRUE,TRUE,0.157831021064739,"GSE110495"
"GSE110495sample_8",2,TRUE,TRUE,TRUE,0.100240837943539,"GSE110495"
"GSE110495sample_9",2,TRUE,TRUE,TRUE,0.1353346945293,"GSE110495"
"GSE1104961001700601",3,TRUE,FALSE,FALSE,1,"GSE110496"
"GSE1104961001700602",9,FALSE,FALSE,FALSE,1,"GSE110496"
"GSE1104961001700603",6,TRUE,FALSE,FALSE,0.99430972074243,"GSE110496"
"GSE1104961001700604",6,TRUE,FALSE,FALSE,1,"GSE110496"
"GSE1104961001700605",8,TRUE,FALSE,FALSE,1,"GSE110496"
"GSE1104961001700606",7,TRUE,FALSE,FALSE,1,"GSE110496"
"GSE1104961001700607",7,TRUE,FALSE,FALSE,0.990845667516669,"GSE110496"
"GSE1104961001700608",7,TRUE,FALSE,FALSE,1,"GSE110496"
"GSE1104961001700609",8,TRUE,FALSE,FALSE,0.908874859920042,"GSE110496"
"GSE1104961001700610",7,TRUE,FALSE,FALSE,1,"GSE110496"
"GSE1104961001700611",11,FALSE,FALSE,FALSE,1,"GSE110496"
"GSE1104961001700612",8,TRUE,FALSE,FALSE,1,"GSE110496"
"GSE1104961001700801",8,TRUE,FALSE,FALSE,1,"GSE110496"
"GSE1104961001700802",6,TRUE,FALSE,FALSE,1,"GSE110496"
"GSE1104961001700803",6,TRUE,FALSE,FALSE,1,"GSE110496"
"GSE1104961001700804",8,TRUE,FALSE,FALSE,1,"GSE110496"
"GSE1104961001700805",9,FALSE,FALSE,FALSE,1,"GSE110496"
"GSE1104961001700806",5,TRUE,FALSE,FALSE,1,"GSE110496"
"GSE1104961001700807",4,TRUE,FALSE,FALSE,0.966190215501893,"GSE110496"
"GSE1104961001700808",7,TRUE,FALSE,FALSE,1,"GSE110496"
"GSE112087mon_sle_01_01 mon_sle_01_01_c7jk7anxx_atcacg",2,TRUE,TRUE,TRUE,0.00876635464250243,"GSE112087"
"GSE112087mon_sle_02_01 mon_sle_02_01_c7jk7anxx_cgatgt",2,TRUE,TRUE,TRUE,0.0077939535999045,"GSE112087"
"GSE112087mon_sle_03_01 mon_sle_03_01_c7jk7anxx_ttaggc",2,TRUE,TRUE,TRUE,0.0185945822356738,"GSE112087"
"GSE112087mon_sle_04_01 mon_sle_04_01_c7jk7anxx_tgacca",2,TRUE,TRUE,TRUE,0.00730857221054784,"GSE112087"
"GSE112087mon_sle_07_01 mon_sle_07_01_c7jk7anxx_acagtg",2,TRUE,TRUE,TRUE,0.0143584463003085,"GSE112087"
"GSE112087mon_sle_08_01 mon_sle_08_01_c7jk7anxx_gccaat",2,TRUE,TRUE,TRUE,0.00122801222811665,"GSE112087"
"GSE112087mon_sle_09_01 mon_sle_09_01_c7jk7anxx_cagatc",2,TRUE,TRUE,TRUE,0.00736222317991657,"GSE112087"
"GSE112087mon_sle_10_01 mon_sle_10_01_c7jk7anxx_acttga",2,TRUE,TRUE,TRUE,0.0107820953076374,"GSE112087"
"GSE112087mon_sle_11_01 mon_sle_11_01_c7jk7anxx_gatcag",2,TRUE,TRUE,TRUE,0.00288267683605556,"GSE112087"
"GSE112087mon_sle_13_01 mon_sle_13_01_c7jk7anxx_tagctt",2,TRUE,TRUE,TRUE,0.0152079906821297,"GSE112087"
"GSE112087mon_sle_14_01 mon_sle_14_01_c7jk7anxx_ggctac",2,TRUE,TRUE,TRUE,0.00268043495158983,"GSE112087"
"GSE112087mon_sle_15_01 mon_sle_15_01_c7jk7anxx_cttgta",2,TRUE,TRUE,TRUE,0.0112844835039137,"GSE112087"
"GSE112087mon_sle_16_01 mon_sle_16_01_c8078anxx_agtcaa",2,TRUE,TRUE,TRUE,0.00391220064547888,"GSE112087"
"GSE112087mon_sle_17_01 mon_sle_17_01_c8078anxx_agttcc",2,TRUE,TRUE,TRUE,0.00538944331726436,"GSE112087"
"GSE112087mon_sle_18_01 mon_sle_18_01_c8078anxx_atgtca",2,TRUE,TRUE,TRUE,0.00965938705112032,"GSE112087"
"GSE112087mon_sle_19_01 mon_sle_19_01_c8078anxx_ccgtcc",2,TRUE,TRUE,TRUE,0.0140040189644425,"GSE112087"
"GSE112087mon_sle_20_01 mon_sle_20_01_c8078anxx_gtccgc",2,TRUE,TRUE,TRUE,0.00304022199593725,"GSE112087"
"GSE112087mon_sle_21_01 mon_sle_21_01_c8078anxx_gtgaaa",2,TRUE,TRUE,TRUE,0.00288267683605556,"GSE112087"
"GSE112087mon_sle_22_01 mon_sle_22_01_c8078anxx_gtggcc",2,TRUE,TRUE,TRUE,0.012921041805643,"GSE112087"
"GSE112087mon_sle_23_01 mon_sle_23_01_c8078anxx_gtttcg",2,TRUE,TRUE,TRUE,0.00771807473581642,"GSE112087"
"GSE112087mon_sle_24_01 mon_sle_24_01_c8078anxx_cgtacg",2,TRUE,TRUE,TRUE,0.0113930679872011,"GSE112087"
"GSE112087mon_sle_25_01 mon_sle_25_01_c8078anxx_gagtgg",2,TRUE,TRUE,TRUE,0.0118511206482614,"GSE112087"
"GSE112087mon_sle_26_01 mon_sle_26_01_c8078anxx_actgat",2,TRUE,TRUE,TRUE,0.00814529005004374,"GSE112087"
"GSE112087mon_sle_27_01 mon_sle_27_01_c8078anxx_attcct",2,TRUE,TRUE,TRUE,0.0143549947154091,"GSE112087"
"GSE112087mon_sle_28_01 mon_sle_28_01_c8078anxx_atcacg",2,TRUE,TRUE,TRUE,0.0103055481370334,"GSE112087"
"GSE112087mon_sle_29_01 mon_sle_29_01_c8078anxx_cgatgt",2,TRUE,TRUE,TRUE,0.0127037816923696,"GSE112087"
"GSE112087mon_sle_30_01 mon_sle_30_01_c8078anxx_ttaggc",2,TRUE,TRUE,TRUE,0.0124138966037985,"GSE112087"
"GSE112087mon_sle_31_01 mon_sle_31_01_c8078anxx_tgacca",2,TRUE,TRUE,TRUE,0.00600833493847495,"GSE112087"
"GSE112087mon_sle_32_01 mon_sle_32_01_c8078anxx_acagtg",2,TRUE,TRUE,TRUE,0.0118142363507095,"GSE112087"
"GSE112087mon_sle_33_01 mon_sle_33_01_c8078anxx_gccaat",2,TRUE,TRUE,TRUE,0.0096489106180247,"GSE112087"
"GSE112087mon_sle_34_01 mon_sle_34_01_c8078anxx_cagatc",2,TRUE,TRUE,TRUE,0.00403356324089895,"GSE112087"
"GSE112087ms_norm_01 ms_norm_01_c8078anxx_acttga",2,TRUE,TRUE,TRUE,0.00288267683605556,"GSE112087"
"GSE112087ms_norm_02 ms_norm_02_c8078anxx_gatcag",2,TRUE,TRUE,TRUE,0.00277358473934457,"GSE112087"
"GSE112087ms_norm_03 ms_norm_03_c8078anxx_tagctt",2,TRUE,TRUE,TRUE,0.00288267683605556,"GSE112087"
"GSE112087ms_norm_04 ms_norm_04_c8078anxx_ggctac",2,TRUE,TRUE,TRUE,0.00427199040264093,"GSE112087"
"GSE112087ms_norm_05 ms_norm_05_c8078anxx_cttgta",2,TRUE,TRUE,TRUE,0.00736261752385541,"GSE112087"
"GSE112087ms_norm_06 ms_norm_06_c8078anxx_agtcaa",2,TRUE,TRUE,TRUE,0.00261732579470201,"GSE112087"
"GSE112087ms_norm_07 ms_norm_07_c8078anxx_agttcc",2,TRUE,TRUE,TRUE,0.00416289830592994,"GSE112087"
"GSE112087ms_norm_08 ms_norm_08_c8078anxx_atgtca",2,TRUE,TRUE,TRUE,0.00288267683605556,"GSE112087"
"GSE112087ms_norm_10 ms_norm_10_c8078anxx_ccgtcc",2,TRUE,TRUE,TRUE,0.0118142363507095,"GSE112087"
"GSE112087ms_norm_11 ms_norm_11_c8078anxx_gtccgc",2,TRUE,TRUE,TRUE,0.00288267683605556,"GSE112087"
"GSE112087ms_norm_13 ms_norm_13_c8078anxx_gtgaaa",2,TRUE,TRUE,TRUE,0.0136056916225579,"GSE112087"
"GSE112087ms_norm_14 ms_norm_14_c8078anxx_gtggcc",2,TRUE,TRUE,TRUE,0.00408343715677643,"GSE112087"
"GSE112087ms_norm_15 ms_norm_15_c8078anxx_gtttcg",2,TRUE,TRUE,TRUE,0.00245978063482032,"GSE112087"
"GSE112087ms_norm_16 ms_norm_16_c8078anxx_cgtacg",2,TRUE,TRUE,TRUE,0.0044953072878497,"GSE112087"
"GSE112087ms_norm_17 ms_norm_17_c8078anxx_gagtgg",2,TRUE,TRUE,TRUE,0.00241993833008483,"GSE112087"
"GSE112087ms_norm_18 ms_norm_18_c8078anxx_actgat",2,TRUE,TRUE,TRUE,0.00776377483428648,"GSE112087"
"GSE112087ms_norm_19 ms_norm_19_c8078anxx_attcct",2,TRUE,TRUE,TRUE,0.00819894101941246,"GSE112087"
"GSE112087ms_norm_20 ms_norm_20_c8078anxx_atcacg",2,TRUE,TRUE,TRUE,0.00328384040393423,"GSE112087"
"GSE112087ms_norm_21 ms_norm_21_c8078anxx_cgatgt",2,TRUE,TRUE,TRUE,0.00400535314604825,"GSE112087"
"GSE112087ms_norm_22 ms_norm_22_c8078anxx_ttaggc",2,TRUE,TRUE,TRUE,0.0449908236887749,"GSE112087"
"GSE112087ms_norm_23 ms_norm_23_c8078anxx_tgacca",2,TRUE,TRUE,TRUE,0.00268579466007123,"GSE112087"
"GSE112087ms_norm_24 ms_norm_24_c8078anxx_acagtg",2,TRUE,TRUE,TRUE,0.00288267683605556,"GSE112087"
"GSE112087ms_norm_25 ms_norm_25_c8078anxx_gccaat",2,TRUE,TRUE,TRUE,0.00719510327006366,"GSE112087"
"GSE112087ms_norm_26 ms_norm_26_c8078anxx_cagatc",2,TRUE,TRUE,TRUE,0.00498555853130388,"GSE112087"
"GSE112087ms_norm_27 ms_norm_27_c8078anxx_acttga",2,TRUE,TRUE,TRUE,0.00365092581018223,"GSE112087"
"GSE112087ms_norm_28 ms_norm_28_c8078anxx_gatcag",2,TRUE,TRUE,TRUE,0.00371939467555145,"GSE112087"
"GSE112087ms_norm_30 ms_norm_30_c8078anxx_tagctt",2,TRUE,TRUE,TRUE,0.00606198590784368,"GSE112087"
"GSE112087ms_norm_31 ms_norm_31_c8078anxx_ggctac",2,TRUE,TRUE,TRUE,0.00600833493847495,"GSE112087"
"GSE112087ms_norm_32 ms_norm_32_c8078anxx_cttgta",2,TRUE,TRUE,TRUE,0.00491708966593466,"GSE112087"
"GSE112137control_120hour_15",2,TRUE,FALSE,FALSE,0.0646157923123818,"GSE112137"
"GSE112137control_120hour_21",2,TRUE,FALSE,FALSE,0.0175487218311463,"GSE112137"
"GSE112137control_120hour_3",2,TRUE,FALSE,FALSE,0.0772480973933721,"GSE112137"
"GSE112137control_120hour_9",2,TRUE,FALSE,FALSE,0.0178804598729467,"GSE112137"
"GSE112137control_24hour_1",2,TRUE,FALSE,FALSE,0.0290011229203809,"GSE112137"
"GSE112137control_24hour_13",2,TRUE,FALSE,FALSE,0.0181907851021811,"GSE112137"
"GSE112137control_24hour_19",2,TRUE,FALSE,FALSE,0.0504252841717149,"GSE112137"
"GSE112137control_24hour_7",2,TRUE,FALSE,FALSE,0.0246035775995511,"GSE112137"
"GSE112137control_48hour_14",2,TRUE,FALSE,FALSE,0.0232041866758547,"GSE112137"
"GSE112137control_48hour_2",2,TRUE,FALSE,FALSE,0.0444847282793253,"GSE112137"
"GSE112137control_48hour_20",2,TRUE,FALSE,FALSE,0.0175487218311463,"GSE112137"
"GSE112137control_48hour_8",2,TRUE,FALSE,FALSE,0.0244618959482837,"GSE112137"
"GSE112137hypoxia_120hour_12",2,TRUE,FALSE,FALSE,0.0172921006590503,"GSE112137"
"GSE112137hypoxia_120hour_18",2,TRUE,FALSE,FALSE,0.0881990800644765,"GSE112137"
"GSE112137hypoxia_120hour_24",2,TRUE,FALSE,FALSE,0.0757013564274726,"GSE112137"
"GSE112137hypoxia_120hour_6",2,TRUE,FALSE,FALSE,0.0553835819247968,"GSE112137"
"GSE112137hypoxia_24hour_10",2,TRUE,FALSE,FALSE,0.0188240958319429,"GSE112137"
"GSE112137hypoxia_24hour_16",2,TRUE,FALSE,FALSE,0.0809513749974801,"GSE112137"
"GSE112137hypoxia_24hour_22",2,TRUE,FALSE,FALSE,0.0163863814286672,"GSE112137"
"GSE112137hypoxia_24hour_4",2,TRUE,FALSE,FALSE,0.0869241351731494,"GSE112137"
"GSE112137hypoxia_48hour_11",2,TRUE,FALSE,FALSE,0.0183989067424956,"GSE112137"
"GSE112137hypoxia_48hour_17",2,TRUE,FALSE,FALSE,0.0256404253735756,"GSE112137"
"GSE112137hypoxia_48hour_23",2,TRUE,FALSE,FALSE,0.0771321722686597,"GSE112137"
"GSE112137hypoxia_48hour_5",2,TRUE,FALSE,FALSE,0.0327113792989489,"GSE112137"
"GSE113091dpt46-adenosine treated replicate-1",4,TRUE,FALSE,TRUE,0.000113402481572723,"GSE113091"
"GSE113091dpt46-adenosine treated replicate-2",4,TRUE,FALSE,TRUE,0.0159256603884876,"GSE113091"
"GSE113091dpt46-untreated replicate-1",4,TRUE,FALSE,TRUE,0.052786907832195,"GSE113091"
"GSE113091dpt46-untreated replicate-2",4,TRUE,FALSE,TRUE,0.00256266866504193,"GSE113091"
"GSE113091dpt46-untreated replicate-3",4,TRUE,FALSE,TRUE,0,"GSE113091"
"GSE114267,GSE114268,GSE149007dht",2,TRUE,TRUE,TRUE,0.0107301600279451,"GSE114267,GSE114268,GSE149007"
"GSE114267,GSE114268,GSE149007gsk24hveh",2,TRUE,TRUE,TRUE,0.00392388306913747,"GSE114267,GSE114268,GSE149007"
"GSE114267,GSE114268,GSE149007gsk2wdht",2,TRUE,TRUE,TRUE,0.00675622284667011,"GSE114267,GSE114268,GSE149007"
"GSE114267,GSE114268,GSE149007gsk2wveh",2,TRUE,TRUE,TRUE,0.0112472325632912,"GSE114267,GSE114268,GSE149007"
"GSE114267,GSE114268,GSE149007gsk48hdht",2,TRUE,TRUE,TRUE,0.00725331832620753,"GSE114267,GSE114268,GSE149007"
"GSE114267,GSE114268,GSE149007gsk48hveh",2,TRUE,TRUE,TRUE,0.00822004053400138,"GSE114267,GSE114268,GSE149007"
"GSE114267,GSE114268,GSE149007veh",2,TRUE,TRUE,TRUE,0.00327938114493251,"GSE114267,GSE114268,GSE149007"
"GSE1144722018-02-15-nikita-sharma-06-sc-1_s11",4,TRUE,TRUE,TRUE,0.0341975287721993,"GSE114472"
"GSE1144722018-02-15-nikita-sharma-07-ogti-1_s10",4,TRUE,TRUE,TRUE,0.013042419986761,"GSE114472"
"GSE1144722018-02-15-nikita-sharma-08-sc-2_s8",4,TRUE,TRUE,TRUE,0.201537160466228,"GSE114472"
"GSE1144722018-02-15-nikita-sharma-09-ogti-2_s2",4,TRUE,TRUE,TRUE,0.220413548965094,"GSE114472"
"GSE1144722018-02-15-nikita-sharma-10-sc-3_s6",4,TRUE,TRUE,TRUE,0.0571488906553616,"GSE114472"
"GSE1144722018-02-15-nikita-sharma-11-ogti-3_s1",4,TRUE,TRUE,TRUE,0.173704282383812,"GSE114472"
"GSE114738vcap_odq",2,TRUE,TRUE,TRUE,0.00600266703708542,"GSE114738"
"GSE114738vcap_sigucy1a1-1",2,TRUE,TRUE,TRUE,0,"GSE114738"
"GSE114738vcap_sigucy1a1-2",2,TRUE,TRUE,TRUE,0,"GSE114738"
"GSE114738vcap_sigucy1b1-1",2,TRUE,TRUE,TRUE,0.00346621451890281,"GSE114738"
"GSE114738vcap_sigucy1b1-2",2,TRUE,TRUE,TRUE,0.00441295967088802,"GSE114738"
"GSE114738vcap_sintc-1",2,TRUE,TRUE,TRUE,0.00346621451890281,"GSE114738"
"GSE114738vcap_sintc-2",2,TRUE,TRUE,TRUE,0.0209425977143504,"GSE114738"
"GSE114738vcap_veh",2,TRUE,TRUE,TRUE,0.00372938093438617,"GSE114738"
"GSE115542icb-1078mb-18342-control_s8",4,TRUE,TRUE,TRUE,0.077391866020814,"GSE115542"
"GSE115542icb-1078mb-18343-control_s9",4,TRUE,TRUE,TRUE,0.127472911533707,"GSE115542"
"GSE115542icb-1078mb-22234-digoxin-bio_s12",4,TRUE,TRUE,TRUE,0.0846382711230255,"GSE115542"
"GSE115542icb-1078mb-22241-digoxin-bio_s13",4,TRUE,TRUE,TRUE,0.0878159889608729,"GSE115542"
"GSE115542icb-2555mb-20908_s23",4,TRUE,TRUE,TRUE,0.0825164261696089,"GSE115542"
"GSE115542icb-2555mb-21659-digoxin-bio_s14",4,TRUE,TRUE,TRUE,0.161257797134577,"GSE115542"
"GSE1166721001701101",23,FALSE,FALSE,FALSE,0.95527491808444,"GSE116672"
"GSE1166721001701103",23,FALSE,FALSE,FALSE,0.971622182448612,"GSE116672"
"GSE1166721001701105",23,FALSE,FALSE,FALSE,0.939716166151144,"GSE116672"
"GSE1166721001701201",23,FALSE,FALSE,FALSE,0.767981959941354,"GSE116672"
"GSE1166721001701203",23,FALSE,FALSE,FALSE,0.970378312460182,"GSE116672"
"GSE1166721001701205",23,FALSE,FALSE,FALSE,0.965335052049227,"GSE116672"
"GSE1166721001701301",23,FALSE,FALSE,FALSE,0.990275316024807,"GSE116672"
"GSE1166721001701303",23,FALSE,FALSE,FALSE,0.992786855324136,"GSE116672"
"GSE1166721001701305",23,FALSE,FALSE,FALSE,1,"GSE116672"
"GSE1166721001701401",23,FALSE,FALSE,FALSE,0.933508582186716,"GSE116672"
"GSE1166721001701403",23,FALSE,FALSE,FALSE,0.973971278817905,"GSE116672"
"GSE1166721001701405",23,FALSE,FALSE,FALSE,0.983027364630155,"GSE116672"
"GSE1166721001701501",23,FALSE,FALSE,FALSE,0.955330389568288,"GSE116672"
"GSE1166721001701503",23,FALSE,FALSE,FALSE,1,"GSE116672"
"GSE1166721001701505",23,FALSE,FALSE,FALSE,1,"GSE116672"
"GSE1166721001701601",23,FALSE,FALSE,FALSE,0.965004926321453,"GSE116672"
"GSE1166721001701602",23,FALSE,FALSE,FALSE,0.881947174787656,"GSE116672"
"GSE1166721001701603",23,FALSE,FALSE,FALSE,0.906752328979777,"GSE116672"
"GSE1166721001701604",23,FALSE,FALSE,FALSE,0.916891151058497,"GSE116672"
"GSE1166721001701605",23,FALSE,FALSE,FALSE,0.969724092335463,"GSE116672"
"GSE1166721001701606",23,FALSE,FALSE,FALSE,0.949382138219629,"GSE116672"
"GSE1166721001701701",23,FALSE,FALSE,FALSE,0.853040098835802,"GSE116672"
"GSE1166721001701703",23,FALSE,FALSE,FALSE,0.967906266799234,"GSE116672"
"GSE1166721001701705",23,FALSE,FALSE,FALSE,0.984682071816711,"GSE116672"
"GSE1166721001701801",23,FALSE,FALSE,FALSE,0.93599423665157,"GSE116672"
"GSE1166721001701802",23,FALSE,FALSE,FALSE,0.986795536157488,"GSE116672"
"GSE1166721001701803",16,FALSE,FALSE,FALSE,0.892399750283065,"GSE116672"
"GSE1166721001701804",23,FALSE,FALSE,FALSE,0.898410378346046,"GSE116672"
"GSE1166721001702101",23,FALSE,FALSE,FALSE,0.904894722949848,"GSE116672"
"GSE1166721001702102",23,FALSE,FALSE,FALSE,0.918627971962586,"GSE116672"
"GSE1166721001702103",23,FALSE,FALSE,FALSE,0.984085870353853,"GSE116672"
"GSE1166721001702104",23,FALSE,FALSE,FALSE,0.91601574568622,"GSE116672"
"GSE1166721001702201",23,FALSE,FALSE,FALSE,0.918348990124316,"GSE116672"
"GSE1166721001702202",23,FALSE,FALSE,FALSE,0.967678606167041,"GSE116672"
"GSE1166721001702203",23,FALSE,FALSE,FALSE,0.945986564827332,"GSE116672"
"GSE1166721001702204",23,FALSE,FALSE,FALSE,0.998890898106582,"GSE116672"
"GSE116899226b_c2cugacxx_gatcag",2,TRUE,TRUE,TRUE,0,"GSE116899"
"GSE116899226sf_c2cugacxx_cgtacg",2,TRUE,TRUE,TRUE,0.0574053991540346,"GSE116899"
"GSE116899271b_c2cugacxx_gagtgg",2,TRUE,TRUE,TRUE,0.0297351694849981,"GSE116899"
"GSE116899271sf_c2cugacxx_gtttcg",2,TRUE,TRUE,TRUE,0,"GSE116899"
"GSE116899332b_c2cugacxx_agtcaa",2,TRUE,TRUE,TRUE,0.0298361384910977,"GSE116899"
"GSE116899387b_c2cugacxx_gtccgc",2,TRUE,TRUE,TRUE,0.0313116411037232,"GSE116899"
"GSE116899396b_c2cugacxx_agttcc",2,TRUE,TRUE,TRUE,0.0113715395259334,"GSE116899"
"GSE116899416b_c2cugacxx_gtggcc",2,TRUE,TRUE,TRUE,0,"GSE116899"
"GSE116899416sf_c2cugacxx_gtgaaa",2,TRUE,TRUE,TRUE,0.0589610791049021,"GSE116899"
"GSE116899431b_c2cugacxx_tagctt",2,TRUE,TRUE,TRUE,0.0560579266467285,"GSE116899"
"GSE116899435b_c2cugacxx_cttgta",2,TRUE,TRUE,TRUE,0.0558724820231328,"GSE116899"
"GSE116899466b_c2cugacxx_ccgtcc",2,TRUE,TRUE,TRUE,0,"GSE116899"
"GSE116899vdbr10b_c2cugacxx_atgtca",2,TRUE,TRUE,TRUE,0,"GSE116899"
"GSE116899vdbr40b_c2cugacxx_ggctac",2,TRUE,TRUE,TRUE,0.0578725035323922,"GSE116899"
"GSE116899vdbr43b_c2cugacxx_actgat",2,TRUE,TRUE,TRUE,0.00974347454901863,"GSE116899"
"GSE118184morizane_es",2,TRUE,TRUE,FALSE,0.371809238832381,"GSE118184"
"GSE118184takasato_es_batch1",2,TRUE,TRUE,FALSE,0.240628875510078,"GSE118184"
"GSE118184takasato_ips_batch3",2,TRUE,TRUE,FALSE,0.264497178377676,"GSE118184"
"GSE121082ham_tsp_s3_pbmc",3,TRUE,FALSE,TRUE,0.344406428851451,"GSE121082"
"GSE121082ham_tsp_s6_pbmc",3,TRUE,FALSE,TRUE,0.494405976890986,"GSE121082"
"GSE121082hc_s3_pbmc",3,TRUE,FALSE,TRUE,0.488255128384356,"GSE121082"
"GSE121082hc_s9_pbmc",3,TRUE,FALSE,TRUE,0.362928865034619,"GSE121082"
"GSE121082ms_s27_pbmc",3,TRUE,TRUE,TRUE,0.618205631829532,"GSE121082"
"GSE124703crop-seq_day 7_sgrna_enrichment_for",2,TRUE,TRUE,FALSE,0.508805722468283,"GSE124703"
"GSE124703crop-seq_ipsc_sgrna_enrichment_for",2,TRUE,TRUE,FALSE,0.823711095922423,"GSE124703"
"GSE1247421001200501",24,FALSE,FALSE,FALSE,0.861613481478584,"GSE124742"
"GSE1247421001200502",24,FALSE,FALSE,FALSE,0.82747732523506,"GSE124742"
"GSE1247421001200508",24,FALSE,FALSE,FALSE,0.883318838573807,"GSE124742"
"GSE1247421001200509",24,FALSE,FALSE,FALSE,0.949975856756522,"GSE124742"
"GSE1247421001200510",24,FALSE,FALSE,FALSE,0.845133421135064,"GSE124742"
"GSE1247421001200511",24,FALSE,FALSE,FALSE,0.750600305608989,"GSE124742"
"GSE1247421001200514",23,FALSE,TRUE,FALSE,0.805695922644423,"GSE124742"
"GSE1247421001200515",23,FALSE,TRUE,FALSE,0.717488849730014,"GSE124742"
"GSE1247421001200516",23,FALSE,TRUE,FALSE,0.964889790396879,"GSE124742"
"GSE1247421001200517",23,FALSE,TRUE,FALSE,0.853936654321108,"GSE124742"
"GSE1247421001200518",23,FALSE,TRUE,FALSE,0.891943708337718,"GSE124742"
"GSE1247421001200519",23,FALSE,TRUE,FALSE,0.856235798453169,"GSE124742"
"GSE1247421001200520",23,FALSE,TRUE,FALSE,0.916684091276834,"GSE124742"
"GSE1247421001200521",23,FALSE,TRUE,FALSE,0.69273897423633,"GSE124742"
"GSE1247421001200522",23,FALSE,TRUE,FALSE,0.806526324032438,"GSE124742"
"GSE124857,GSE124864broli",3,TRUE,TRUE,TRUE,0.0138976234853747,"GSE124857,GSE124864"
"GSE124857,GSE124864mkl1",3,TRUE,TRUE,TRUE,0.0230386908346622,"GSE124857,GSE124864"
"GSE124857,GSE124864mkl2",3,TRUE,TRUE,TRUE,0.0149640682742318,"GSE124857,GSE124864"
"GSE124857,GSE124864ms1",3,TRUE,TRUE,TRUE,0.0229865528524237,"GSE124857,GSE124864"
"GSE124857,GSE124864peta",3,TRUE,TRUE,TRUE,0.008184566293995,"GSE124857,GSE124864"
"GSE124857,GSE124864uiso",3,TRUE,TRUE,TRUE,0.005669853551631,"GSE124857,GSE124864"
"GSE124857,GSE124864waga",3,TRUE,TRUE,TRUE,0.0221698634017981,"GSE124857,GSE124864"
"GSE125769,GSE125770pdx1-c18r-hom-pp1_rep1",3,TRUE,FALSE,FALSE,0.0143234247708295,"GSE125769,GSE125770"
"GSE125769,GSE125770pdx1-c18r-hom-pp1_rep2",3,TRUE,FALSE,FALSE,0.0138063522354834,"GSE125769,GSE125770"
"GSE125769,GSE125770pdx1-c18r-hom-pp1_rep3",3,TRUE,FALSE,FALSE,0.0121558859657942,"GSE125769,GSE125770"
"GSE125769,GSE125770pdx1-c18r-hom-pp1_rep4",3,TRUE,FALSE,FALSE,0.0134051886676047,"GSE125769,GSE125770"
"GSE125769,GSE125770pdx1-ko-het-pp1_rep1",3,TRUE,FALSE,FALSE,0.0121558859657942,"GSE125769,GSE125770"
"GSE125769,GSE125770pdx1-ko-het-pp1_rep2",3,TRUE,FALSE,FALSE,0.0158880643155032,"GSE125769,GSE125770"
"GSE125769,GSE125770pdx1-ko-het-pp1_rep3",3,TRUE,FALSE,FALSE,0.0134051886676047,"GSE125769,GSE125770"
"GSE125769,GSE125770pdx1-ko-het-pp1_rep4",3,TRUE,FALSE,FALSE,0.0143234247708295,"GSE125769,GSE125770"
"GSE125769,GSE125770pdx1-p33t-hom-pp1_rep1",3,TRUE,FALSE,FALSE,0.0117025993479104,"GSE125769,GSE125770"
"GSE125769,GSE125770pdx1-p33t-hom-pp1_rep2",3,TRUE,FALSE,FALSE,0.0134689745850669,"GSE125769,GSE125770"
"GSE125769,GSE125770pdx1-p33t-hom-pp1_rep3",3,TRUE,FALSE,FALSE,0.0134689745850669,"GSE125769,GSE125770"
"GSE125769,GSE125770pdx1-p33t-hom-pp1_rep4",3,TRUE,FALSE,FALSE,0.0138701381529456,"GSE125769,GSE125770"
"GSE125769,GSE125770xm001-ipsc_rep1",3,TRUE,FALSE,FALSE,0.0142874170678688,"GSE125769,GSE125770"
"GSE125769,GSE125770xm001-ipsc_rep2",3,TRUE,FALSE,FALSE,0.0185616982789537,"GSE125769,GSE125770"
"GSE125769,GSE125770xm001-ipsc_rep3",3,TRUE,FALSE,FALSE,0.0148548380358262,"GSE125769,GSE125770"
"GSE125769,GSE125770xm001-ipsc_rep4",3,TRUE,FALSE,FALSE,0.0342254657374321,"GSE125769,GSE125770"
"GSE125769,GSE125770xm001-pp1_rep1",3,TRUE,FALSE,FALSE,0.0134689745850669,"GSE125769,GSE125770"
"GSE125769,GSE125770xm001-pp1_rep2",3,TRUE,FALSE,FALSE,0.0139222612029508,"GSE125769,GSE125770"
"GSE125769,GSE125770xm001-pp1_rep3",3,TRUE,FALSE,FALSE,0.0139222612029508,"GSE125769,GSE125770"
"GSE12957896plexhmec_original_multi",2,TRUE,TRUE,FALSE,0.711875585913208,"GSE129578"
"GSE12957896plexhmec_tech.rep",4,TRUE,TRUE,FALSE,0.748660813731243,"GSE129578"
"GSE12957896plexhmec_tech.rep_multi",3,TRUE,TRUE,FALSE,0.717476127512079,"GSE129578"
"GSE130289d10_e1",4,TRUE,TRUE,FALSE,0.555039170700979,"GSE130289"
"GSE130289d10_e2",11,FALSE,TRUE,FALSE,0.42144914091968,"GSE130289"
"GSE130289d10_e4",6,TRUE,TRUE,TRUE,0.34974857401438,"GSE130289"
"GSE130289d12_e4",6,TRUE,TRUE,TRUE,0.34692702216778,"GSE130289"
"GSE130289d12_e6",6,TRUE,TRUE,TRUE,0.604009466078719,"GSE130289"
"GSE130289d8_e3",4,TRUE,TRUE,TRUE,0.566606110854739,"GSE130289"
"GSE131590140424_sn163_0548_ac3tjnacxx_acagtg",2,TRUE,FALSE,TRUE,0.000552486935572885,"GSE131590"
"GSE131590140424_sn163_0548_ac3tjnacxx_actgat",2,TRUE,FALSE,TRUE,0.00106955947091894,"GSE131590"
"GSE131590140424_sn163_0548_ac3tjnacxx_agttcc",3,TRUE,FALSE,TRUE,0.00398439431619998,"GSE131590"
"GSE131590140424_sn163_0548_ac3tjnacxx_atgtca",2,TRUE,FALSE,TRUE,0.00270673094935038,"GSE131590"
"GSE131590140424_sn163_0548_ac3tjnacxx_cgtacg",2,TRUE,FALSE,TRUE,0.000953650503451551,"GSE131590"
"GSE131590140424_sn163_0548_ac3tjnacxx_gatcag",2,TRUE,FALSE,TRUE,0.00106955947091894,"GSE131590"
"GSE131590140424_sn163_0548_ac3tjnacxx_gtccgc",3,TRUE,FALSE,TRUE,0.00201026936752747,"GSE131590"
"GSE131590140424_sn163_0548_ac3tjnacxx_gtttcg",3,TRUE,FALSE,TRUE,0.00235230361348436,"GSE131590"
"GSE131590140424_sn163_0548_ac3tjnacxx_tgacca",2,TRUE,FALSE,TRUE,0.000754728820038617,"GSE131590"
"GSE131590140424_sn163_0548_ac3tjnacxx_ttaggc",2,TRUE,FALSE,TRUE,0.000686259954669397,"GSE131590"
"GSE131590140516_sn163_0555_ac3vyaacxx_acagtg",2,TRUE,FALSE,TRUE,0.000552486935572885,"GSE131590"
"GSE131590140516_sn163_0555_ac3vyaacxx_acttga",3,TRUE,FALSE,TRUE,0.00613863832997747,"GSE131590"
"GSE131590140516_sn163_0555_ac3vyaacxx_agtcaa",2,TRUE,FALSE,TRUE,0.00292850547075219,"GSE131590"
"GSE131590140516_sn163_0555_ac3vyaacxx_agttcc",2,TRUE,FALSE,TRUE,0.000953650503451551,"GSE131590"
"GSE131590140516_sn163_0555_ac3vyaacxx_atcacg",4,TRUE,FALSE,TRUE,0.00595924928350062,"GSE131590"
"GSE131590140516_sn163_0555_ac3vyaacxx_cagatc",3,TRUE,FALSE,TRUE,0.00524172964725406,"GSE131590"
"GSE131590140516_sn163_0555_ac3vyaacxx_cgatgt",2,TRUE,FALSE,TRUE,0.000552486935572885,"GSE131590"
"GSE131590140516_sn163_0555_ac3vyaacxx_cgtacg",2,TRUE,FALSE,TRUE,0.000599223167585531,"GSE131590"
"GSE131590140516_sn163_0555_ac3vyaacxx_gagtgg",3,TRUE,FALSE,TRUE,0.00327053971670908,"GSE131590"
"GSE131590140516_sn163_0555_ac3vyaacxx_gatcag",2,TRUE,FALSE,TRUE,0.00195745535481512,"GSE131590"
"GSE131590140516_sn163_0555_ac3vyaacxx_gccaat",3,TRUE,FALSE,TRUE,0.00450146685154603,"GSE131590"
"GSE131590140516_sn163_0555_ac3vyaacxx_ggctac",2,TRUE,FALSE,TRUE,0.000953650503451551,"GSE131590"
"GSE131590140516_sn163_0555_ac3vyaacxx_gtggcc",3,TRUE,FALSE,TRUE,0.00209145186301954,"GSE131590"
"GSE131590140516_sn163_0555_ac3vyaacxx_gtttcg",4,TRUE,FALSE,TRUE,0.00173702452715352,"GSE131590"
"GSE131590140516_sn163_0555_ac3vyaacxx_tagctt",4,TRUE,FALSE,TRUE,0.00261367481987187,"GSE131590"
"GSE131590140516_sn163_0555_ac3vyaacxx_ttaggc",5,TRUE,FALSE,TRUE,0.00292850547075219,"GSE131590"
"GSE131590140606_sn163_0558_ac4e0yacxx_ttaggc",2,TRUE,FALSE,TRUE,0.00310789451722905,"GSE131590"
"GSE133378azt_16_c_s2",4,TRUE,TRUE,TRUE,0.029137457590401,"GSE133378"
"GSE133378azt_16_m_s1",4,TRUE,TRUE,TRUE,0.157624724691929,"GSE133378"
"GSE133378azt_17_c_s4",4,TRUE,TRUE,TRUE,0.0600230901251183,"GSE133378"
"GSE133378azt_17_m_s3",4,TRUE,TRUE,TRUE,0.0835447795266642,"GSE133378"
"GSE133378azt_18_c_s6",4,TRUE,TRUE,TRUE,0.12457241045525,"GSE133378"
"GSE133378azt_18_m_s5",4,TRUE,TRUE,TRUE,0.0865437833000592,"GSE133378"
"GSE133378azt_20_c_s8",4,TRUE,TRUE,TRUE,0.150741442190332,"GSE133378"
"GSE133378azt_20_m_s7",4,TRUE,TRUE,TRUE,0.27137162801898,"GSE133378"
"GSE133378azt11c_s34",4,TRUE,TRUE,TRUE,0.271667439902269,"GSE133378"
"GSE133378azt11m_s33",4,TRUE,TRUE,TRUE,0.105361679631366,"GSE133378"
"GSE133378azt13c_s36",4,TRUE,TRUE,TRUE,0.169523633862391,"GSE133378"
"GSE133378azt13m_s35",4,TRUE,TRUE,TRUE,0.202741881920716,"GSE133378"
"GSE133378azt14c_s38",4,TRUE,TRUE,TRUE,0.247543659080231,"GSE133378"
"GSE133378azt14m_s37",4,TRUE,TRUE,TRUE,0.311562490218298,"GSE133378"
"GSE133378azt15c_s40",4,TRUE,TRUE,TRUE,0.0485981079731595,"GSE133378"
"GSE133378azt15m_s39",4,TRUE,TRUE,TRUE,0.555364327824327,"GSE133378"
"GSE133378azt1c_s20",4,TRUE,TRUE,TRUE,0.289053198936889,"GSE133378"
"GSE133378azt1m_s19",4,TRUE,TRUE,TRUE,0.0298352721860167,"GSE133378"
"GSE133378azt2c_s22",4,TRUE,TRUE,TRUE,0.150225223597217,"GSE133378"
"GSE133378azt2m_s21",4,TRUE,TRUE,TRUE,0.0294140620570982,"GSE133378"
"GSE133378azt3c_s24",4,TRUE,TRUE,TRUE,0.166074833088798,"GSE133378"
"GSE133378azt3m_s23",4,TRUE,TRUE,TRUE,0.0665392860481112,"GSE133378"
"GSE133378azt5c_s26",4,TRUE,TRUE,TRUE,0.0834672132174074,"GSE133378"
"GSE133378azt5m_s25",4,TRUE,TRUE,TRUE,0.0673838815070708,"GSE133378"
"GSE133378azt6c_s28",4,TRUE,TRUE,TRUE,0.0573268655969318,"GSE133378"
"GSE133378azt6m_s27",4,TRUE,TRUE,TRUE,0.125721405270407,"GSE133378"
"GSE133378azt7c_s30",4,TRUE,TRUE,TRUE,0.207120026113964,"GSE133378"
"GSE133378azt7m_s29",4,TRUE,TRUE,TRUE,0.0624027794087686,"GSE133378"
"GSE133378azt9c_s32",4,TRUE,TRUE,TRUE,0.254843663417313,"GSE133378"
"GSE133378azt9m_s31",4,TRUE,TRUE,TRUE,0.0510587760516472,"GSE133378"
"GSE133378din_1_c_s14",4,TRUE,TRUE,TRUE,0.0820871758858771,"GSE133378"
"GSE133378din_1_m_s13",4,TRUE,TRUE,TRUE,0.0728246390155803,"GSE133378"
"GSE133378din_12_c_s26",4,TRUE,TRUE,TRUE,0.159332102295391,"GSE133378"
"GSE133378din_12_m_s25",4,TRUE,TRUE,TRUE,0.0368496237432538,"GSE133378"
"GSE133378din_14_c_s28",4,TRUE,TRUE,TRUE,0.26969658625173,"GSE133378"
"GSE133378din_14_m_s27",4,TRUE,TRUE,TRUE,0.101403820192419,"GSE133378"
"GSE133378din_2_c_s16",4,TRUE,TRUE,TRUE,0.00544616153134513,"GSE133378"
"GSE133378din_2_m_s15",4,TRUE,TRUE,TRUE,0.090830822841266,"GSE133378"
"GSE133378din_3_c_s18",4,TRUE,TRUE,TRUE,0.136371648797445,"GSE133378"
"GSE133378din_3_m_s17",4,TRUE,TRUE,TRUE,0.0866579286402387,"GSE133378"
"GSE133378din_4_c_s20",4,TRUE,TRUE,TRUE,0.077645334448221,"GSE133378"
"GSE133378din_4_m_s19",4,TRUE,TRUE,TRUE,0.102257342977143,"GSE133378"
"GSE133378din_5_c_s22",4,TRUE,TRUE,TRUE,0.227151544242284,"GSE133378"
"GSE133378din_5_m_s21",4,TRUE,TRUE,TRUE,0.144908577442802,"GSE133378"
"GSE133378din_6_c_s24",4,TRUE,TRUE,TRUE,0.0934888442806616,"GSE133378"
"GSE133378din_6_m_s23",4,TRUE,TRUE,TRUE,0.0789118809103429,"GSE133378"
"GSE133378eli1c_s8",4,TRUE,TRUE,TRUE,0.0282905190347079,"GSE133378"
"GSE133378eli1m_s7",4,TRUE,TRUE,TRUE,0.102565405669916,"GSE133378"
"GSE133378eli2c_s10",4,TRUE,TRUE,TRUE,0.0463860451009423,"GSE133378"
"GSE133378eli2m_s9",4,TRUE,TRUE,TRUE,0.0617591134863483,"GSE133378"
"GSE133378eli5c_s12",4,TRUE,TRUE,TRUE,0.0512518908256694,"GSE133378"
"GSE133378eli5m_s11",4,TRUE,TRUE,TRUE,0.107038008870043,"GSE133378"
"GSE133378eli6c_s14",4,TRUE,TRUE,TRUE,0.0543226994400262,"GSE133378"
"GSE133378eli6m_s13",4,TRUE,TRUE,TRUE,0.110934077123509,"GSE133378"
"GSE133378eli7c_s16",4,TRUE,TRUE,TRUE,0.0175789590244419,"GSE133378"
"GSE133378eli7m_s15",4,TRUE,TRUE,TRUE,0.0702765232950895,"GSE133378"
"GSE133378eli8c_s18",4,TRUE,TRUE,TRUE,0.201593795518457,"GSE133378"
"GSE133378eli8m_s17",4,TRUE,TRUE,TRUE,0.0233671062698041,"GSE133378"
"GSE133378nik_4_s5",4,TRUE,TRUE,TRUE,0.134105785776076,"GSE133378"
"GSE133378nik_6_s6",4,TRUE,TRUE,TRUE,0.066868206085295,"GSE133378"
"GSE133378nik_6b_s7",4,TRUE,TRUE,TRUE,0.120530890481018,"GSE133378"
"GSE133378nik_9_s8",4,TRUE,TRUE,TRUE,0.0868486720854482,"GSE133378"
"GSE133378nik3c_s2",4,TRUE,TRUE,TRUE,0.134629820145038,"GSE133378"
"GSE133378nik3m_s1",4,TRUE,TRUE,TRUE,0.0658379690823951,"GSE133378"
"GSE133378nik7c_s4",4,TRUE,TRUE,TRUE,0.171667218312675,"GSE133378"
"GSE133378nik7m_s3",4,TRUE,TRUE,TRUE,0.0905343706441967,"GSE133378"
"GSE133378nik8c_s6",4,TRUE,TRUE,TRUE,0.0343355420308103,"GSE133378"
"GSE133378nik8m_s5",4,TRUE,TRUE,TRUE,0.263774631236518,"GSE133378"
"GSE133378r_ben-001a_s14",4,TRUE,TRUE,TRUE,0.117541095490878,"GSE133378"
"GSE133378r_ben-002_s15",4,TRUE,TRUE,TRUE,0.0914084619301083,"GSE133378"
"GSE133378r_ben-003_s16",4,TRUE,TRUE,TRUE,0.161429406506769,"GSE133378"
"GSE133378r_ben-005_s38",4,TRUE,TRUE,TRUE,0.0879057118689968,"GSE133378"
"GSE133378r_ben-006a_s17",4,TRUE,TRUE,TRUE,0.159853871461368,"GSE133378"
"GSE133378r_ben-006c_s34",4,TRUE,TRUE,TRUE,0.0452929518879587,"GSE133378"
"GSE133378r_ben-008_s31",4,TRUE,TRUE,TRUE,0.105497723084262,"GSE133378"
"GSE133378r_ben-010_s35",4,TRUE,TRUE,TRUE,0.192290063253638,"GSE133378"
"GSE133378r_ben-011_s18",4,TRUE,TRUE,TRUE,0.0863823354953522,"GSE133378"
"GSE133378r_ben-012_s19",4,TRUE,TRUE,TRUE,0.0159993923195212,"GSE133378"
"GSE133378r_ben-014_s32",4,TRUE,TRUE,TRUE,0.0721039541018457,"GSE133378"
"GSE133378r_ben-015_s20",4,TRUE,TRUE,TRUE,0.0188429841975445,"GSE133378"
"GSE133378r_ben-016_s21",4,TRUE,TRUE,TRUE,0.0433678598575376,"GSE133378"
"GSE133378r_ben-018_s22",4,TRUE,TRUE,TRUE,0.0427056942004482,"GSE133378"
"GSE133378r_ben-019_s23",4,TRUE,TRUE,TRUE,0.0857101413613954,"GSE133378"
"GSE133378r_ben-020_s39",4,TRUE,TRUE,TRUE,0.117119170289426,"GSE133378"
"GSE133378r_uza_21_s36",4,TRUE,TRUE,TRUE,0.0664249716201729,"GSE133378"
"GSE133378r_uza_25_s37",4,TRUE,TRUE,TRUE,0.0732507671031717,"GSE133378"
"GSE133378r_uzg_1_s24",4,TRUE,TRUE,TRUE,0.0493441984818897,"GSE133378"
"GSE133378r_uzg_4_s25",4,TRUE,TRUE,TRUE,0.0916426754414913,"GSE133378"
"GSE133378r_uzg_5_s26",4,TRUE,TRUE,TRUE,0.230265303684143,"GSE133378"
"GSE133378r_uzg_6_s27",4,TRUE,TRUE,TRUE,0.0959475784597484,"GSE133378"
"GSE133378r_uzg_7_s28",4,TRUE,TRUE,TRUE,0.311730834873839,"GSE133378"
"GSE133378r_uzg_8_s29",4,TRUE,TRUE,TRUE,0.121601131103739,"GSE133378"
"GSE133378r_uzg_9_s30",4,TRUE,TRUE,TRUE,0.181226720373738,"GSE133378"
"GSE133378r_uzg-2_s33",4,TRUE,TRUE,TRUE,0.0702735966854572,"GSE133378"
"GSE133378st_luc_1_s36",4,TRUE,TRUE,TRUE,0.160829035677698,"GSE133378"
"GSE133378sta_1_s1",4,TRUE,TRUE,TRUE,0.0706696421950915,"GSE133378"
"GSE133378sta_2_s35",4,TRUE,TRUE,TRUE,0.103344731693312,"GSE133378"
"GSE133378sta_5_s2",4,TRUE,TRUE,TRUE,0.0419518214007798,"GSE133378"
"GSE133378sta_6_s3",4,TRUE,TRUE,TRUE,0.108349696329399,"GSE133378"
"GSE133378uza_3_c_s10",4,TRUE,TRUE,TRUE,0.111935620968933,"GSE133378"
"GSE133378uza_3_m_s9",4,TRUE,TRUE,TRUE,0.0913196494145416,"GSE133378"
"GSE133378uza_4_c_s12",4,TRUE,TRUE,TRUE,0.262379665509027,"GSE133378"
"GSE133378uza_4_m_s11",4,TRUE,TRUE,TRUE,0.0522412797528589,"GSE133378"
"GSE133378uza_6_s4",4,TRUE,TRUE,TRUE,0.164779701150858,"GSE133378"
"GSE133378uzb_1_s9",4,TRUE,TRUE,TRUE,0.126272794936548,"GSE133378"
"GSE133378uzb_11_s37",4,TRUE,TRUE,TRUE,0.202896485285693,"GSE133378"
"GSE133378uzb_12_s38",4,TRUE,TRUE,TRUE,0.169170011890018,"GSE133378"
"GSE133378uzb_13_s39",4,TRUE,TRUE,TRUE,0.145177440681392,"GSE133378"
"GSE133378uzb_3_s10",4,TRUE,TRUE,TRUE,0.12979548626903,"GSE133378"
"GSE133378uzb_4_s11",4,TRUE,TRUE,TRUE,0.129745074491156,"GSE133378"
"GSE133378uzb_5_s12",4,TRUE,TRUE,TRUE,0.12970356975325,"GSE133378"
"GSE133378uzb_9_s13",4,TRUE,TRUE,TRUE,0.0580804680620724,"GSE133378"
"GSE133378uzg_1_s40",4,TRUE,TRUE,TRUE,0.0216833419141186,"GSE133378"
"GSE133378vj_a_c_s30",4,TRUE,TRUE,TRUE,0.193272769469369,"GSE133378"
"GSE133378vj_a_m_s29",4,TRUE,TRUE,TRUE,0.0845809654871151,"GSE133378"
"GSE133378vj_b_c_s32",4,TRUE,TRUE,TRUE,0.0975714969735943,"GSE133378"
"GSE133378vj_b_m_s31",4,TRUE,TRUE,TRUE,0.0756566241981989,"GSE133378"
"GSE133378vj_c_c_s34",4,TRUE,TRUE,TRUE,0.0776197265384907,"GSE133378"
"GSE133378vj_c_m_s33",4,TRUE,TRUE,TRUE,0.111013028996444,"GSE133378"
"GSE133479smnpcp21c21_s2",2,TRUE,TRUE,TRUE,0.00451137765672402,"GSE133479"
"GSE133479smnpct9a35_s3",2,TRUE,TRUE,TRUE,0.00745315179164443,"GSE133479"
"GSE133479smnpcwt_s1",2,TRUE,TRUE,TRUE,0.00502825485751592,"GSE133479"
"GSE135131rna-seq_mt_1",3,TRUE,TRUE,TRUE,0.0370829268694198,"GSE135131"
"GSE135131rna-seq_mt_2",4,TRUE,TRUE,TRUE,0.0144025275063007,"GSE135131"
"GSE135131rna-seq-ch-1",4,TRUE,TRUE,TRUE,0.0149438019566418,"GSE135131"
"GSE135131rna-seq-ch-2",3,TRUE,TRUE,TRUE,0.0102290274984144,"GSE135131"
"GSE135131rna-seq-ctrl-1",3,TRUE,TRUE,TRUE,0.0130775306653729,"GSE135131"
"GSE135131rna-seq-ctrl-2",3,TRUE,TRUE,TRUE,0.021401959488115,"GSE135131"
"GSE135131rna-seq-fa-1",3,TRUE,TRUE,TRUE,0.0388119580611889,"GSE135131"
"GSE135131rna-seq-fa-2",4,TRUE,TRUE,TRUE,0.0128417016716159,"GSE135131"
"GSE135131rna-seq-kl-1",3,TRUE,TRUE,TRUE,0.00998512712189463,"GSE135131"
"GSE135131rna-seq-kl-2",3,TRUE,TRUE,TRUE,0.0148875017233174,"GSE135131"
"GSE135131rna-seq-ot-1",3,TRUE,TRUE,TRUE,0.0111073359007546,"GSE135131"
"GSE135131rna-seq-ot-2",3,TRUE,TRUE,TRUE,0.0180238235663074,"GSE135131"
"GSE137556lm_seq_293t_xist_basu_dcasrx_rep1",3,TRUE,FALSE,TRUE,0.014658787837153,"GSE137556"
"GSE137556lm_seq_293t_xist_basu_dcasrx_rep2",3,TRUE,FALSE,TRUE,0.0218858838475359,"GSE137556"
"GSE137556lm_seq_293t_xist_basu_dcasrx_rep3",3,TRUE,FALSE,TRUE,0.0125493005111008,"GSE137556"
"GSE138270g1nn_s3",4,TRUE,TRUE,TRUE,0.796377787926447,"GSE138270"
"GSE138270g2mnn_s4",4,TRUE,TRUE,TRUE,0.587197631712454,"GSE138270"
"GSE138270g2mpn_s2",4,TRUE,TRUE,TRUE,0.639481906834443,"GSE138270"
"GSE138270g2mpp_s1",4,TRUE,TRUE,TRUE,0.735346971124744,"GSE138270"
"GSE139393,GSE139398r5020_12h_rnaseq",2,TRUE,TRUE,FALSE,0.24468746171904,"GSE139393,GSE139398"
"GSE139393,GSE139398untreated_t0_rnaseq",2,TRUE,TRUE,FALSE,0.141559805125731,"GSE139393,GSE139398"
"GSE141444lco_rep1",3,TRUE,TRUE,TRUE,0.117598716062467,"GSE141444"
"GSE141444lco_rep2",3,TRUE,TRUE,TRUE,0.0682992994265381,"GSE141444"
"GSE141444lvc_rep1",3,TRUE,TRUE,TRUE,0.024377058351865,"GSE141444"
"GSE141444lvc_rep2",3,TRUE,TRUE,TRUE,0.0259184414874925,"GSE141444"
"GSE142730ipsc-derived astrocytes, c9",2,TRUE,TRUE,TRUE,0.00607820741135413,"GSE142730"
"GSE142730ipsc-derived astrocytes, contr",2,TRUE,TRUE,FALSE,0.0180811603246495,"GSE142730"
"GSE144296vza01701r",24,FALSE,FALSE,FALSE,0.52443413758827,"GSE144296"
"GSE144296vza01702r",24,FALSE,FALSE,FALSE,0.436741628450681,"GSE144296"
"GSE144296vza01706r",24,FALSE,FALSE,FALSE,0.230096846427361,"GSE144296"
"GSE144296vza01707r",22,FALSE,FALSE,FALSE,0.436908739725963,"GSE144296"
"GSE14463915_s6_r1_001",2,TRUE,TRUE,TRUE,0.00865135212439813,"GSE144639"
"GSE14463916_s7_r1_001",2,TRUE,TRUE,TRUE,0.0111863508223018,"GSE144639"
"GSE1446392_s1_r1_001",2,TRUE,TRUE,TRUE,0.0295498120735795,"GSE144639"
"GSE1446394_s2_r1_001",2,TRUE,TRUE,TRUE,0.00700088585470893,"GSE144639"
"GSE1446395_s3_r1_001",2,TRUE,TRUE,TRUE,0.00991934570400867,"GSE144639"
"GSE1446396_s4_r1_001",2,TRUE,FALSE,TRUE,0.00942449199504881,"GSE144639"
"GSE1446397_s5_r1_001",2,TRUE,TRUE,TRUE,0.00830300256923182,"GSE144639"
"GSE145531,GSE145669nonsaa_sc02",2,TRUE,TRUE,TRUE,0.556212799064963,"GSE145531,GSE145669"
"GSE145531,GSE145669nonsaa_sc04",2,TRUE,TRUE,TRUE,0.585393857144337,"GSE145531,GSE145669"
"GSE145531,GSE145669nonsaa_sc05",2,TRUE,TRUE,TRUE,0.579043948119138,"GSE145531,GSE145669"
"GSE145531,GSE145669nonsaa_sc07",2,TRUE,TRUE,TRUE,0.45296836679756,"GSE145531,GSE145669"
"GSE145531,GSE145669nonsaa_sc08",2,TRUE,TRUE,TRUE,0.48790548183111,"GSE145531,GSE145669"
"GSE145531,GSE145669nonsaa_sc11",2,TRUE,TRUE,TRUE,0.41924187619032,"GSE145531,GSE145669"
"GSE145531,GSE145669nonsaa_sc13",2,TRUE,TRUE,TRUE,0.658004546794368,"GSE145531,GSE145669"
"GSE145531,GSE145669nonsaa_sc15",2,TRUE,TRUE,TRUE,0.772428133966256,"GSE145531,GSE145669"
"GSE145531,GSE145669nonsaa_sc18",2,TRUE,TRUE,TRUE,0.280845495433539,"GSE145531,GSE145669"
"GSE145531,GSE145669nonsaa_sc20",2,TRUE,TRUE,TRUE,0.339021101514473,"GSE145531,GSE145669"
"GSE145531,GSE145669nonsaa_sc21",2,TRUE,TRUE,TRUE,0.214286580798183,"GSE145531,GSE145669"
"GSE145531,GSE145669nonsaa_sc22",2,TRUE,TRUE,TRUE,0.689436158299108,"GSE145531,GSE145669"
"GSE145531,GSE145669nonsaa_sc23",2,TRUE,TRUE,TRUE,0.839379460303111,"GSE145531,GSE145669"
"GSE145531,GSE145669nonsaa_sc24",2,TRUE,TRUE,TRUE,0.422589247539375,"GSE145531,GSE145669"
"GSE145531,GSE145669nonsaa_sc25",2,TRUE,TRUE,TRUE,0.482093730855148,"GSE145531,GSE145669"
"GSE145531,GSE145669nonsaa_sc27",2,TRUE,TRUE,TRUE,0.734521578815269,"GSE145531,GSE145669"
"GSE145531,GSE145669nonsaa_sc29",2,TRUE,TRUE,TRUE,0.627672660743621,"GSE145531,GSE145669"
"GSE145531,GSE145669nonsaa_sc30",2,TRUE,TRUE,TRUE,0.475064031941974,"GSE145531,GSE145669"
"GSE145668p15res_sc01",2,TRUE,FALSE,TRUE,0.969107690203359,"GSE145668"
"GSE145668p15res_sc02",3,TRUE,FALSE,TRUE,0.9407758480742,"GSE145668"
"GSE145668p15res_sc03",3,TRUE,FALSE,TRUE,0.974663032430512,"GSE145668"
"GSE145668p15res_sc04",4,TRUE,FALSE,TRUE,0.979922883871019,"GSE145668"
"GSE145668p15res_sc05",4,TRUE,FALSE,TRUE,0.990647862007777,"GSE145668"
"GSE145668p15res_sc06",3,TRUE,FALSE,TRUE,1,"GSE145668"
"GSE145668p15res_sc07",3,TRUE,FALSE,TRUE,0.989148835103284,"GSE145668"
"GSE145668p15res_sc08",5,TRUE,FALSE,TRUE,1,"GSE145668"
"GSE145668p15res_sc09",4,TRUE,FALSE,TRUE,0.948748881254158,"GSE145668"
"GSE145668p15res_sc10",4,TRUE,FALSE,TRUE,1,"GSE145668"
"GSE145668p15res_sc11",4,TRUE,FALSE,TRUE,1,"GSE145668"
"GSE145668p15res_sc12",3,TRUE,FALSE,TRUE,0.955822293197772,"GSE145668"
"GSE145668p15res_sc13",5,TRUE,FALSE,TRUE,1,"GSE145668"
"GSE145668p15res_sc14",4,TRUE,FALSE,TRUE,0.987423003369172,"GSE145668"
"GSE145668p15res_sc15",3,TRUE,FALSE,TRUE,0.957384401314301,"GSE145668"
"GSE145668p15res_sc16",6,TRUE,FALSE,TRUE,1,"GSE145668"
"GSE145668p15res_sc17",4,TRUE,FALSE,TRUE,0.912057924999027,"GSE145668"
"GSE145668p15res_sc18",3,TRUE,FALSE,TRUE,0.963669386833479,"GSE145668"
"GSE145668p15res_sc19",4,TRUE,FALSE,TRUE,0.942608676048004,"GSE145668"
"GSE145668p15res_sc20",4,TRUE,FALSE,TRUE,1,"GSE145668"
"GSE145668p15res_sc21",4,TRUE,FALSE,TRUE,0.988790521268771,"GSE145668"
"GSE145668p15res_sc22",5,TRUE,FALSE,TRUE,1,"GSE145668"
"GSE145668p15res_sc24",4,TRUE,FALSE,TRUE,1,"GSE145668"
"GSE145668p15res_sc25",4,TRUE,FALSE,TRUE,1,"GSE145668"
"GSE145668p15res_sc26",2,TRUE,FALSE,TRUE,0.940076522483884,"GSE145668"
"GSE145668p15res_sc27",4,TRUE,FALSE,TRUE,1,"GSE145668"
"GSE145668p15res_sc28",3,TRUE,FALSE,TRUE,1,"GSE145668"
"GSE145668p15res_sc29",3,TRUE,FALSE,TRUE,1,"GSE145668"
"GSE145668p15res_sc30",2,TRUE,FALSE,TRUE,0.852882570490072,"GSE145668"
"GSE145668p15res_sc31",5,TRUE,FALSE,TRUE,1,"GSE145668"
"GSE145668p15res_sc32",3,TRUE,FALSE,TRUE,1,"GSE145668"
"GSE145668p15res_sc33",2,TRUE,FALSE,TRUE,0.99367410892854,"GSE145668"
"GSE145668p15res_sc35",4,TRUE,FALSE,TRUE,1,"GSE145668"
"GSE145668p15res_sc36",3,TRUE,FALSE,TRUE,1,"GSE145668"
"GSE145668p15res_sc37",5,TRUE,FALSE,TRUE,0.975672067485048,"GSE145668"
"GSE145668p15res_sc38",4,TRUE,FALSE,TRUE,0.947111255174011,"GSE145668"
"GSE145668p15res_sc39",4,TRUE,FALSE,TRUE,1,"GSE145668"
"GSE145668p15res_sc40",4,TRUE,FALSE,TRUE,0.929948731435432,"GSE145668"
"GSE145668p15res_sc41",6,TRUE,FALSE,TRUE,0.991066624840142,"GSE145668"
"GSE145668p15res_sc42",3,TRUE,FALSE,TRUE,0.98044397567682,"GSE145668"
"GSE145668p15res_sc43",4,TRUE,FALSE,TRUE,1,"GSE145668"
"GSE145668p15res_sc44",4,TRUE,FALSE,TRUE,1,"GSE145668"
"GSE145668p15res_sc45",4,TRUE,FALSE,TRUE,1,"GSE145668"
"GSE145668p15res_sc46",3,TRUE,FALSE,TRUE,1,"GSE145668"
"GSE145668p15res_sc47",5,TRUE,FALSE,TRUE,0.977487039202589,"GSE145668"
"GSE145668p15res_sc48",5,TRUE,FALSE,TRUE,0.997887045127886,"GSE145668"
"GSE145668p15res_sc49",6,TRUE,FALSE,TRUE,1,"GSE145668"
"GSE145668p15res_sc50",4,TRUE,FALSE,TRUE,0.974986183013971,"GSE145668"
"GSE145668p15res_sc51",4,TRUE,FALSE,TRUE,0.984082919675879,"GSE145668"
"GSE145668p15res_sc52",5,TRUE,FALSE,TRUE,1,"GSE145668"
"GSE145668p15res_sc53",5,TRUE,FALSE,TRUE,0.942792982539987,"GSE145668"
"GSE145668p15res_sc54",3,TRUE,FALSE,TRUE,0.920842786150068,"GSE145668"
"GSE145668p15res_sc55",4,TRUE,FALSE,TRUE,0.994822849065105,"GSE145668"
"GSE145668p15res_sc56",3,TRUE,FALSE,TRUE,1,"GSE145668"
"GSE145668p15res_sc57",6,TRUE,FALSE,TRUE,0.978324209920579,"GSE145668"
"GSE145668p15res_sc58",4,TRUE,FALSE,TRUE,0.982528910736475,"GSE145668"
"GSE145668p15res_sc59",5,TRUE,FALSE,TRUE,0.938572689606127,"GSE145668"
"GSE145668p15res_sc60",4,TRUE,FALSE,TRUE,0.987514267597358,"GSE145668"
"GSE145668p15res_sc61",4,TRUE,FALSE,TRUE,0.913516331109418,"GSE145668"
"GSE145668p15res_sc62",6,TRUE,FALSE,TRUE,1,"GSE145668"
"GSE145668p15res_sc63",3,TRUE,FALSE,TRUE,1,"GSE145668"
"GSE145668p15res_sc64",5,TRUE,FALSE,TRUE,1,"GSE145668"
"GSE145668p15res_sc65",5,TRUE,FALSE,TRUE,1,"GSE145668"
"GSE145668p15res_sc66",5,TRUE,FALSE,TRUE,1,"GSE145668"
"GSE145668p15res_sc67",3,TRUE,FALSE,TRUE,0.976620203336336,"GSE145668"
"GSE145668p15res_sc68",4,TRUE,FALSE,TRUE,1,"GSE145668"
"GSE145668p15res_sc69",6,TRUE,FALSE,TRUE,0.992713843210674,"GSE145668"
"GSE145668p15res_sc70",6,TRUE,FALSE,TRUE,1,"GSE145668"
"GSE145668p15res_sc71",6,TRUE,FALSE,TRUE,0.912611111868762,"GSE145668"
"GSE145668p15res_sc72",5,TRUE,FALSE,TRUE,1,"GSE145668"
"GSE145668p15res_sc73",4,TRUE,FALSE,TRUE,0.987235563328557,"GSE145668"
"GSE145668p15res_sc74",6,TRUE,FALSE,TRUE,0.977763163230826,"GSE145668"
"GSE145668p15res_sc75",5,TRUE,FALSE,TRUE,1,"GSE145668"
"GSE145668p15res_sc77",3,TRUE,FALSE,TRUE,0.823116063305907,"GSE145668"
"GSE145668p15res_sc78",4,TRUE,FALSE,TRUE,0.95828222785784,"GSE145668"
"GSE145668p15res_sc79",5,TRUE,FALSE,TRUE,0.960288867285205,"GSE145668"
"GSE145668p15res_sc80",5,TRUE,FALSE,TRUE,1,"GSE145668"
"GSE145668p15res_sc81",6,TRUE,FALSE,TRUE,0.987175661323161,"GSE145668"
"GSE145668p15res_sc82",4,TRUE,FALSE,TRUE,0.991207640371196,"GSE145668"
"GSE145668p15res_sc83",4,TRUE,FALSE,TRUE,0.952877215082578,"GSE145668"
"GSE145668p15res_sc84",5,TRUE,FALSE,TRUE,1,"GSE145668"
"GSE145668p15res_sc85",5,TRUE,FALSE,TRUE,0.959141050696422,"GSE145668"
"GSE145668p15res_sc86",5,TRUE,FALSE,TRUE,1,"GSE145668"
"GSE145668p15res_sc87",5,TRUE,FALSE,TRUE,0.96025918324407,"GSE145668"
"GSE145668p15res_sc88",5,TRUE,FALSE,TRUE,1,"GSE145668"
"GSE145668p15res_sc89",5,TRUE,FALSE,TRUE,1,"GSE145668"
"GSE145668p15res_sc90",5,TRUE,FALSE,TRUE,0.970651453838271,"GSE145668"
"GSE145668p15res_sc91",5,TRUE,FALSE,TRUE,1,"GSE145668"
"GSE145668p15res_sc92",3,TRUE,FALSE,TRUE,0.938929591174406,"GSE145668"
"GSE145668p15res_sc93",3,TRUE,FALSE,TRUE,1,"GSE145668"
"GSE145668p15res_sc94",4,TRUE,FALSE,TRUE,0.889818732790571,"GSE145668"
"GSE145668p15res_sc95",3,TRUE,FALSE,TRUE,0.955829936701163,"GSE145668"
"GSE145668p15res_sc96",4,TRUE,FALSE,TRUE,1,"GSE145668"
"GSE145668p1res_sc01",4,TRUE,FALSE,TRUE,0.965220007151105,"GSE145668"
"GSE145668p1res_sc02",4,TRUE,FALSE,TRUE,0.967619752661958,"GSE145668"
"GSE145668p1res_sc03",5,TRUE,FALSE,TRUE,1,"GSE145668"
"GSE145668p1res_sc04",5,TRUE,FALSE,TRUE,1,"GSE145668"
"GSE145668p1res_sc05",3,TRUE,FALSE,TRUE,0.957205363994452,"GSE145668"
"GSE145668p1res_sc06",5,TRUE,FALSE,TRUE,1,"GSE145668"
"GSE145668p1res_sc07",4,TRUE,FALSE,TRUE,1,"GSE145668"
"GSE145668p1res_sc08",4,TRUE,FALSE,TRUE,1,"GSE145668"
"GSE145668p1res_sc09",5,TRUE,FALSE,TRUE,1,"GSE145668"
"GSE145668p1res_sc10",5,TRUE,FALSE,TRUE,1,"GSE145668"
"GSE145668p1res_sc11",5,TRUE,FALSE,TRUE,1,"GSE145668"
"GSE145668p1res_sc12",3,TRUE,FALSE,TRUE,0.980492487808758,"GSE145668"
"GSE145668p1res_sc13",5,TRUE,FALSE,TRUE,1,"GSE145668"
"GSE145668p1res_sc14",4,TRUE,FALSE,TRUE,1,"GSE145668"
"GSE145668p1res_sc15",4,TRUE,FALSE,TRUE,1,"GSE145668"
"GSE145668p1res_sc16",3,TRUE,FALSE,TRUE,1,"GSE145668"
"GSE145668p1res_sc17",4,TRUE,FALSE,TRUE,1,"GSE145668"
"GSE145668p1res_sc19",4,TRUE,FALSE,TRUE,1,"GSE145668"
"GSE145668p1res_sc20",5,TRUE,FALSE,TRUE,1,"GSE145668"
"GSE145668p1res_sc21",5,TRUE,FALSE,TRUE,1,"GSE145668"
"GSE145668p1res_sc22",5,TRUE,FALSE,TRUE,1,"GSE145668"
"GSE145668p1res_sc24",4,TRUE,FALSE,TRUE,1,"GSE145668"
"GSE145668p1res_sc25",5,TRUE,FALSE,TRUE,1,"GSE145668"
"GSE145668p1res_sc26",3,TRUE,TRUE,TRUE,1,"GSE145668"
"GSE145668p1res_sc27",5,TRUE,FALSE,TRUE,1,"GSE145668"
"GSE145668p1res_sc28",4,TRUE,FALSE,TRUE,1,"GSE145668"
"GSE145668p1res_sc29",3,TRUE,FALSE,TRUE,0.915189552915632,"GSE145668"
"GSE145668p1res_sc30",5,TRUE,FALSE,TRUE,1,"GSE145668"
"GSE145668p1res_sc31",4,TRUE,FALSE,TRUE,1,"GSE145668"
"GSE145668p1res_sc32",4,TRUE,FALSE,TRUE,1,"GSE145668"
"GSE145668p1res_sc33",4,TRUE,FALSE,TRUE,0.979124889763703,"GSE145668"
"GSE145668p1res_sc35",4,TRUE,FALSE,TRUE,1,"GSE145668"
"GSE145668p1res_sc36",4,TRUE,FALSE,TRUE,1,"GSE145668"
"GSE145668p1res_sc37",5,TRUE,FALSE,TRUE,1,"GSE145668"
"GSE145668p1res_sc38",5,TRUE,FALSE,TRUE,1,"GSE145668"
"GSE145668p1res_sc39",5,TRUE,FALSE,TRUE,1,"GSE145668"
"GSE145668p1res_sc40",4,TRUE,FALSE,TRUE,1,"GSE145668"
"GSE145668p1res_sc41",3,TRUE,FALSE,TRUE,1,"GSE145668"
"GSE145668p1res_sc42",4,TRUE,FALSE,TRUE,1,"GSE145668"
"GSE145668p1res_sc43",4,TRUE,FALSE,TRUE,1,"GSE145668"
"GSE145668p1res_sc44",5,TRUE,FALSE,TRUE,0.884790289865655,"GSE145668"
"GSE145668p1res_sc45",4,TRUE,FALSE,TRUE,0.982981542218631,"GSE145668"
"GSE145668p1res_sc46",5,TRUE,FALSE,TRUE,1,"GSE145668"
"GSE145668p1res_sc47",5,TRUE,FALSE,TRUE,0.990205323170342,"GSE145668"
"GSE145668p1res_sc48",4,TRUE,FALSE,TRUE,1,"GSE145668"
"GSE145668p1res_sc49",6,TRUE,FALSE,TRUE,0.992030069138494,"GSE145668"
"GSE145668p1res_sc50",4,TRUE,FALSE,TRUE,0.984617447923689,"GSE145668"
"GSE145668p1res_sc51",4,TRUE,FALSE,TRUE,1,"GSE145668"
"GSE145668p1res_sc52",4,TRUE,FALSE,TRUE,1,"GSE145668"
"GSE145668p1res_sc53",2,TRUE,FALSE,TRUE,0.799542752580095,"GSE145668"
"GSE145668p1res_sc54",4,TRUE,FALSE,TRUE,1,"GSE145668"
"GSE145668p1res_sc55",4,TRUE,FALSE,TRUE,1,"GSE145668"
"GSE145668p1res_sc56",5,TRUE,FALSE,TRUE,1,"GSE145668"
"GSE145668p1res_sc57",4,TRUE,FALSE,TRUE,1,"GSE145668"
"GSE145668p1res_sc58",4,TRUE,FALSE,TRUE,1,"GSE145668"
"GSE145668p1res_sc59",5,TRUE,FALSE,TRUE,1,"GSE145668"
"GSE145668p1res_sc60",5,TRUE,FALSE,TRUE,1,"GSE145668"
"GSE145668p1res_sc61",5,TRUE,FALSE,TRUE,1,"GSE145668"
"GSE145668p1res_sc62",5,TRUE,FALSE,TRUE,1,"GSE145668"
"GSE145668p1res_sc63",5,TRUE,FALSE,TRUE,1,"GSE145668"
"GSE145668p1res_sc64",6,TRUE,FALSE,TRUE,0.990367142858137,"GSE145668"
"GSE145668p1res_sc65",5,TRUE,FALSE,TRUE,1,"GSE145668"
"GSE145668p1res_sc66",3,TRUE,FALSE,TRUE,1,"GSE145668"
"GSE145668p1res_sc67",6,TRUE,FALSE,TRUE,0.996601492391334,"GSE145668"
"GSE145668p1res_sc68",5,TRUE,FALSE,TRUE,1,"GSE145668"
"GSE145668p1res_sc69",4,TRUE,FALSE,TRUE,1,"GSE145668"
"GSE145668p1res_sc70",3,TRUE,FALSE,TRUE,1,"GSE145668"
"GSE145668p1res_sc71",5,TRUE,FALSE,TRUE,1,"GSE145668"
"GSE145668p1res_sc72",6,TRUE,FALSE,TRUE,1,"GSE145668"
"GSE145668p1res_sc73",6,TRUE,FALSE,TRUE,1,"GSE145668"
"GSE145668p1res_sc74",5,TRUE,FALSE,TRUE,1,"GSE145668"
"GSE145668p1res_sc75",5,TRUE,FALSE,TRUE,0.995894121028897,"GSE145668"
"GSE145668p1res_sc77",5,TRUE,FALSE,TRUE,1,"GSE145668"
"GSE145668p1res_sc78",5,TRUE,FALSE,TRUE,1,"GSE145668"
"GSE145668p1res_sc79",5,TRUE,FALSE,TRUE,0.902504534783368,"GSE145668"
"GSE145668p1res_sc80",5,TRUE,FALSE,TRUE,1,"GSE145668"
"GSE145668p1res_sc81",5,TRUE,FALSE,TRUE,0.98931816072695,"GSE145668"
"GSE145668p1res_sc82",6,TRUE,FALSE,TRUE,0.968004084197539,"GSE145668"
"GSE145668p1res_sc83",5,TRUE,FALSE,TRUE,0.999019986229785,"GSE145668"
"GSE145668p1res_sc84",6,TRUE,FALSE,TRUE,1,"GSE145668"
"GSE145668p1res_sc85",5,TRUE,FALSE,TRUE,1,"GSE145668"
"GSE145668p1res_sc86",5,TRUE,FALSE,TRUE,1,"GSE145668"
"GSE145668p1res_sc87",4,TRUE,FALSE,TRUE,1,"GSE145668"
"GSE145668p1res_sc88",4,TRUE,FALSE,TRUE,1,"GSE145668"
"GSE145668p1res_sc89",6,TRUE,FALSE,TRUE,0.915230239265575,"GSE145668"
"GSE145668p1res_sc90",4,TRUE,FALSE,TRUE,1,"GSE145668"
"GSE145668p1res_sc91",6,TRUE,FALSE,TRUE,1,"GSE145668"
"GSE145668p1res_sc92",6,TRUE,FALSE,TRUE,1,"GSE145668"
"GSE145668p1res_sc93",5,TRUE,FALSE,TRUE,1,"GSE145668"
"GSE145668p1res_sc94",6,TRUE,FALSE,TRUE,1,"GSE145668"
"GSE145668p1res_sc95",6,TRUE,FALSE,TRUE,0.992219329471634,"GSE145668"
"GSE145668p1res_sc96",4,TRUE,FALSE,TRUE,0.999489991891071,"GSE145668"
"GSE145668p3res_sc01",5,TRUE,FALSE,TRUE,1,"GSE145668"
"GSE145668p3res_sc02",5,TRUE,FALSE,TRUE,1,"GSE145668"
"GSE145668p3res_sc03",7,TRUE,FALSE,TRUE,1,"GSE145668"
"GSE145668p3res_sc04",7,TRUE,FALSE,TRUE,1,"GSE145668"
"GSE145668p3res_sc05",7,TRUE,FALSE,TRUE,0.965099454804547,"GSE145668"
"GSE145668p3res_sc06",7,TRUE,FALSE,TRUE,1,"GSE145668"
"GSE145668p3res_sc07",7,TRUE,FALSE,TRUE,1,"GSE145668"
"GSE145668p3res_sc08",7,TRUE,FALSE,TRUE,0.992734215383921,"GSE145668"
"GSE145668p3res_sc09",7,TRUE,FALSE,TRUE,1,"GSE145668"
"GSE145668p3res_sc10",6,TRUE,FALSE,TRUE,1,"GSE145668"
"GSE145668p3res_sc11",6,TRUE,FALSE,TRUE,1,"GSE145668"
"GSE145668p3res_sc12",7,TRUE,FALSE,TRUE,1,"GSE145668"
"GSE145668p3res_sc13",7,TRUE,FALSE,TRUE,0.998784558076388,"GSE145668"
"GSE145668p3res_sc14",6,TRUE,FALSE,TRUE,1,"GSE145668"
"GSE145668p3res_sc15",7,TRUE,FALSE,TRUE,0.989707159306038,"GSE145668"
"GSE145668p3res_sc16",7,TRUE,FALSE,TRUE,1,"GSE145668"
"GSE145668p3res_sc17",6,TRUE,FALSE,TRUE,0.984360745724299,"GSE145668"
"GSE145668p3res_sc18",7,TRUE,FALSE,TRUE,1,"GSE145668"
"GSE145668p3res_sc19",6,TRUE,FALSE,TRUE,1,"GSE145668"
"GSE145668p3res_sc20",7,TRUE,FALSE,TRUE,1,"GSE145668"
"GSE145668p3res_sc21",7,TRUE,FALSE,TRUE,1,"GSE145668"
"GSE145668p3res_sc22",7,TRUE,FALSE,TRUE,1,"GSE145668"
"GSE145668p3res_sc24",6,TRUE,FALSE,TRUE,0.944003758731752,"GSE145668"
"GSE145668p3res_sc25",5,TRUE,FALSE,TRUE,1,"GSE145668"
"GSE145668p3res_sc26",7,TRUE,FALSE,TRUE,1,"GSE145668"
"GSE145668p3res_sc27",7,TRUE,FALSE,TRUE,1,"GSE145668"
"GSE145668p3res_sc28",7,TRUE,FALSE,TRUE,1,"GSE145668"
"GSE145668p3res_sc29",7,TRUE,FALSE,TRUE,1,"GSE145668"
"GSE145668p3res_sc30",4,TRUE,FALSE,TRUE,0.997983321051107,"GSE145668"
"GSE145668p3res_sc31",7,TRUE,FALSE,TRUE,1,"GSE145668"
"GSE145668p3res_sc32",6,TRUE,FALSE,TRUE,1,"GSE145668"
"GSE145668p3res_sc33",6,TRUE,FALSE,TRUE,1,"GSE145668"
"GSE145668p3res_sc35",6,TRUE,FALSE,TRUE,1,"GSE145668"
"GSE145668p3res_sc36",6,TRUE,FALSE,TRUE,1,"GSE145668"
"GSE145668p3res_sc37",6,TRUE,FALSE,TRUE,1,"GSE145668"
"GSE145668p3res_sc38",6,TRUE,FALSE,TRUE,0.896357511459676,"GSE145668"
"GSE145668p3res_sc39",6,TRUE,FALSE,TRUE,1,"GSE145668"
"GSE145668p3res_sc40",5,TRUE,FALSE,TRUE,0.992780926071599,"GSE145668"
"GSE145668p3res_sc41",5,TRUE,FALSE,TRUE,1,"GSE145668"
"GSE145668p3res_sc42",5,TRUE,FALSE,TRUE,0.91706607759813,"GSE145668"
"GSE145668p3res_sc43",6,TRUE,FALSE,TRUE,1,"GSE145668"
"GSE145668p3res_sc44",6,TRUE,FALSE,TRUE,0.960794292828462,"GSE145668"
"GSE145668p3res_sc45",6,TRUE,FALSE,TRUE,1,"GSE145668"
"GSE145668p3res_sc46",6,TRUE,FALSE,TRUE,0.964804030772364,"GSE145668"
"GSE145668p3res_sc47",2,TRUE,TRUE,TRUE,0.904789099727252,"GSE145668"
"GSE145668p3res_sc48",3,TRUE,FALSE,TRUE,1,"GSE145668"
"GSE145668p3res_sc49",6,TRUE,FALSE,TRUE,0.963403042713151,"GSE145668"
"GSE145668p3res_sc50",5,TRUE,FALSE,TRUE,0.955747521483292,"GSE145668"
"GSE145668p3res_sc51",6,TRUE,FALSE,TRUE,0.992056212284644,"GSE145668"
"GSE145668p3res_sc52",6,TRUE,FALSE,TRUE,1,"GSE145668"
"GSE145668p3res_sc53",5,TRUE,FALSE,TRUE,0.933795230074744,"GSE145668"
"GSE145668p3res_sc54",6,TRUE,FALSE,TRUE,1,"GSE145668"
"GSE145668p3res_sc55",6,TRUE,FALSE,TRUE,1,"GSE145668"
"GSE145668p3res_sc56",5,TRUE,FALSE,TRUE,1,"GSE145668"
"GSE145668p3res_sc57",5,TRUE,FALSE,TRUE,1,"GSE145668"
"GSE145668p3res_sc58",4,TRUE,FALSE,TRUE,0.909382558961683,"GSE145668"
"GSE145668p3res_sc59",6,TRUE,FALSE,TRUE,0.972041517124284,"GSE145668"
"GSE145668p3res_sc60",6,TRUE,FALSE,TRUE,1,"GSE145668"
"GSE145668p3res_sc61",6,TRUE,FALSE,TRUE,1,"GSE145668"
"GSE145668p3res_sc62",6,TRUE,FALSE,TRUE,1,"GSE145668"
"GSE145668p3res_sc63",4,TRUE,FALSE,TRUE,1,"GSE145668"
"GSE145668p3res_sc64",7,TRUE,FALSE,TRUE,0.910287408101543,"GSE145668"
"GSE145668p3res_sc65",7,TRUE,FALSE,TRUE,1,"GSE145668"
"GSE145668p3res_sc66",4,TRUE,FALSE,TRUE,0.960977655066342,"GSE145668"
"GSE145668p3res_sc67",7,TRUE,FALSE,TRUE,1,"GSE145668"
"GSE145668p3res_sc68",7,TRUE,FALSE,TRUE,0.969016836536212,"GSE145668"
"GSE145668p3res_sc69",7,TRUE,FALSE,TRUE,1,"GSE145668"
"GSE145668p3res_sc70",7,TRUE,FALSE,TRUE,1,"GSE145668"
"GSE145668p3res_sc71",7,TRUE,FALSE,TRUE,1,"GSE145668"
"GSE145668p3res_sc72",6,TRUE,FALSE,TRUE,1,"GSE145668"
"GSE145668p3res_sc73",7,TRUE,FALSE,TRUE,0.96412904092471,"GSE145668"
"GSE145668p3res_sc74",6,TRUE,FALSE,TRUE,0.941680095598674,"GSE145668"
"GSE145668p3res_sc75",6,TRUE,FALSE,TRUE,1,"GSE145668"
"GSE145668p3res_sc76",7,TRUE,FALSE,TRUE,0.945107721815401,"GSE145668"
"GSE145668p3res_sc77",7,TRUE,FALSE,TRUE,0.975265673077965,"GSE145668"
"GSE145668p3res_sc78",6,TRUE,FALSE,TRUE,1,"GSE145668"
"GSE145668p3res_sc79",7,TRUE,FALSE,TRUE,1,"GSE145668"
"GSE145668p3res_sc80",6,TRUE,FALSE,TRUE,1,"GSE145668"
"GSE145668p3res_sc81",7,TRUE,FALSE,TRUE,0.986548295331225,"GSE145668"
"GSE145668p3res_sc82",6,TRUE,FALSE,TRUE,0.919936811538777,"GSE145668"
"GSE145668p3res_sc83",7,TRUE,FALSE,TRUE,0.976477258019846,"GSE145668"
"GSE145668p3res_sc84",6,TRUE,FALSE,TRUE,0.980462136109871,"GSE145668"
"GSE145668p3res_sc85",7,TRUE,FALSE,TRUE,1,"GSE145668"
"GSE145668p3res_sc86",7,TRUE,FALSE,TRUE,1,"GSE145668"
"GSE145668p3res_sc87",5,TRUE,FALSE,TRUE,1,"GSE145668"
"GSE145668p3res_sc88",7,TRUE,FALSE,TRUE,0.957274535859248,"GSE145668"
"GSE145668p3res_sc89",7,TRUE,FALSE,TRUE,0.913575725486127,"GSE145668"
"GSE145668p3res_sc90",5,TRUE,FALSE,TRUE,0.952088121698261,"GSE145668"
"GSE145668p3res_sc91",7,TRUE,FALSE,TRUE,1,"GSE145668"
"GSE145668p3res_sc92",6,TRUE,FALSE,TRUE,1,"GSE145668"
"GSE145668p3res_sc93",3,TRUE,TRUE,TRUE,0.831582463047362,"GSE145668"
"GSE145668p3res_sc94",6,TRUE,FALSE,TRUE,0.96842103757911,"GSE145668"
"GSE145668p3res_sc95",3,TRUE,FALSE,TRUE,0.87962096604544,"GSE145668"
"GSE145668p3res_sc96",7,TRUE,FALSE,TRUE,0.952871409232065,"GSE145668"
"GSE145668,GSE145669ctrl1_sc01",23,FALSE,TRUE,FALSE,1,"GSE145668,GSE145669"
"GSE145668,GSE145669ctrl1_sc02",23,FALSE,TRUE,FALSE,1,"GSE145668,GSE145669"
"GSE145668,GSE145669ctrl1_sc03",23,FALSE,TRUE,FALSE,1,"GSE145668,GSE145669"
"GSE145668,GSE145669ctrl1_sc04",22,FALSE,TRUE,FALSE,1,"GSE145668,GSE145669"
"GSE145668,GSE145669ctrl1_sc05",23,FALSE,TRUE,FALSE,1,"GSE145668,GSE145669"
"GSE145668,GSE145669ctrl1_sc06",21,FALSE,TRUE,FALSE,1,"GSE145668,GSE145669"
"GSE145668,GSE145669ctrl1_sc07",23,FALSE,TRUE,FALSE,1,"GSE145668,GSE145669"
"GSE145668,GSE145669ctrl1_sc08",22,FALSE,TRUE,FALSE,1,"GSE145668,GSE145669"
"GSE145668,GSE145669ctrl1_sc09",23,FALSE,TRUE,FALSE,1,"GSE145668,GSE145669"
"GSE145668,GSE145669ctrl1_sc10",23,FALSE,TRUE,FALSE,1,"GSE145668,GSE145669"
"GSE145668,GSE145669ctrl1_sc11",23,FALSE,TRUE,FALSE,1,"GSE145668,GSE145669"
"GSE145668,GSE145669ctrl1_sc12",21,FALSE,TRUE,FALSE,1,"GSE145668,GSE145669"
"GSE145668,GSE145669ctrl1_sc13",21,FALSE,TRUE,FALSE,1,"GSE145668,GSE145669"
"GSE145668,GSE145669ctrl1_sc14",22,FALSE,TRUE,FALSE,1,"GSE145668,GSE145669"
"GSE145668,GSE145669ctrl1_sc15",21,FALSE,TRUE,FALSE,1,"GSE145668,GSE145669"
"GSE145668,GSE145669ctrl1_sc16",18,FALSE,TRUE,FALSE,1,"GSE145668,GSE145669"
"GSE145668,GSE145669ctrl1_sc17",23,FALSE,TRUE,FALSE,1,"GSE145668,GSE145669"
"GSE145668,GSE145669ctrl1_sc18",23,FALSE,TRUE,FALSE,1,"GSE145668,GSE145669"
"GSE145668,GSE145669ctrl1_sc19",19,FALSE,TRUE,FALSE,1,"GSE145668,GSE145669"
"GSE145668,GSE145669ctrl1_sc20",23,FALSE,TRUE,FALSE,1,"GSE145668,GSE145669"
"GSE145668,GSE145669ctrl1_sc21",23,FALSE,TRUE,FALSE,1,"GSE145668,GSE145669"
"GSE145668,GSE145669ctrl1_sc22",23,FALSE,TRUE,FALSE,1,"GSE145668,GSE145669"
"GSE145668,GSE145669ctrl1_sc24",19,FALSE,TRUE,FALSE,1,"GSE145668,GSE145669"
"GSE145668,GSE145669ctrl1_sc25",20,FALSE,TRUE,FALSE,1,"GSE145668,GSE145669"
"GSE145668,GSE145669ctrl1_sc26",18,FALSE,TRUE,FALSE,1,"GSE145668,GSE145669"
"GSE145668,GSE145669ctrl1_sc27",22,FALSE,TRUE,FALSE,1,"GSE145668,GSE145669"
"GSE145668,GSE145669ctrl1_sc28",23,FALSE,TRUE,FALSE,1,"GSE145668,GSE145669"
"GSE145668,GSE145669ctrl1_sc29",23,FALSE,TRUE,FALSE,1,"GSE145668,GSE145669"
"GSE145668,GSE145669ctrl1_sc30",23,FALSE,TRUE,FALSE,1,"GSE145668,GSE145669"
"GSE145668,GSE145669ctrl1_sc31",21,FALSE,TRUE,FALSE,1,"GSE145668,GSE145669"
"GSE145668,GSE145669ctrl1_sc32",23,FALSE,TRUE,FALSE,1,"GSE145668,GSE145669"
"GSE145668,GSE145669ctrl1_sc33",22,FALSE,TRUE,FALSE,1,"GSE145668,GSE145669"
"GSE145668,GSE145669ctrl1_sc35",23,FALSE,TRUE,FALSE,1,"GSE145668,GSE145669"
"GSE145668,GSE145669ctrl1_sc36",22,FALSE,TRUE,FALSE,1,"GSE145668,GSE145669"
"GSE145668,GSE145669ctrl1_sc37",22,FALSE,TRUE,FALSE,1,"GSE145668,GSE145669"
"GSE145668,GSE145669ctrl1_sc38",23,FALSE,TRUE,FALSE,1,"GSE145668,GSE145669"
"GSE145668,GSE145669ctrl1_sc39",22,FALSE,TRUE,FALSE,1,"GSE145668,GSE145669"
"GSE145668,GSE145669ctrl1_sc40",23,FALSE,TRUE,FALSE,1,"GSE145668,GSE145669"
"GSE145668,GSE145669ctrl1_sc41",23,FALSE,TRUE,FALSE,1,"GSE145668,GSE145669"
"GSE145668,GSE145669ctrl1_sc42",22,FALSE,TRUE,FALSE,1,"GSE145668,GSE145669"
"GSE145668,GSE145669ctrl1_sc43",23,FALSE,TRUE,FALSE,1,"GSE145668,GSE145669"
"GSE145668,GSE145669ctrl1_sc44",22,FALSE,TRUE,FALSE,1,"GSE145668,GSE145669"
"GSE145668,GSE145669ctrl1_sc45",23,FALSE,TRUE,FALSE,1,"GSE145668,GSE145669"
"GSE145668,GSE145669ctrl1_sc46",23,FALSE,TRUE,FALSE,1,"GSE145668,GSE145669"
"GSE145668,GSE145669ctrl1_sc47",20,FALSE,TRUE,FALSE,1,"GSE145668,GSE145669"
"GSE145668,GSE145669ctrl1_sc48",22,FALSE,TRUE,FALSE,1,"GSE145668,GSE145669"
"GSE145668,GSE145669ctrl1_sc49",22,FALSE,TRUE,FALSE,1,"GSE145668,GSE145669"
"GSE145668,GSE145669ctrl1_sc50",21,FALSE,TRUE,FALSE,0.989642355784873,"GSE145668,GSE145669"
"GSE145668,GSE145669ctrl1_sc51",21,FALSE,TRUE,FALSE,1,"GSE145668,GSE145669"
"GSE145668,GSE145669ctrl1_sc52",21,FALSE,TRUE,FALSE,1,"GSE145668,GSE145669"
"GSE145668,GSE145669ctrl1_sc53",22,FALSE,TRUE,FALSE,1,"GSE145668,GSE145669"
"GSE145668,GSE145669ctrl1_sc54",19,FALSE,TRUE,FALSE,1,"GSE145668,GSE145669"
"GSE145668,GSE145669ctrl1_sc55",20,FALSE,TRUE,FALSE,1,"GSE145668,GSE145669"
"GSE145668,GSE145669ctrl1_sc56",22,FALSE,TRUE,FALSE,1,"GSE145668,GSE145669"
"GSE145668,GSE145669ctrl1_sc57",20,FALSE,TRUE,FALSE,1,"GSE145668,GSE145669"
"GSE145668,GSE145669ctrl1_sc58",22,FALSE,TRUE,FALSE,1,"GSE145668,GSE145669"
"GSE145668,GSE145669ctrl1_sc59",22,FALSE,TRUE,FALSE,1,"GSE145668,GSE145669"
"GSE145668,GSE145669ctrl1_sc60",22,FALSE,TRUE,FALSE,1,"GSE145668,GSE145669"
"GSE145668,GSE145669ctrl1_sc61",19,FALSE,TRUE,FALSE,1,"GSE145668,GSE145669"
"GSE145668,GSE145669ctrl1_sc62",20,FALSE,TRUE,FALSE,1,"GSE145668,GSE145669"
"GSE145668,GSE145669ctrl1_sc63",21,FALSE,TRUE,FALSE,1,"GSE145668,GSE145669"
"GSE145668,GSE145669ctrl1_sc64",16,FALSE,TRUE,FALSE,1,"GSE145668,GSE145669"
"GSE145668,GSE145669ctrl1_sc65",16,FALSE,TRUE,FALSE,1,"GSE145668,GSE145669"
"GSE145668,GSE145669ctrl1_sc66",14,FALSE,TRUE,FALSE,1,"GSE145668,GSE145669"
"GSE145668,GSE145669ctrl1_sc67",20,FALSE,TRUE,FALSE,1,"GSE145668,GSE145669"
"GSE145668,GSE145669ctrl1_sc68",16,FALSE,TRUE,FALSE,1,"GSE145668,GSE145669"
"GSE145668,GSE145669ctrl1_sc69",21,FALSE,TRUE,FALSE,1,"GSE145668,GSE145669"
"GSE145668,GSE145669ctrl1_sc70",21,FALSE,TRUE,FALSE,1,"GSE145668,GSE145669"
"GSE145668,GSE145669ctrl1_sc71",19,FALSE,TRUE,FALSE,1,"GSE145668,GSE145669"
"GSE145668,GSE145669ctrl1_sc72",21,FALSE,TRUE,FALSE,1,"GSE145668,GSE145669"
"GSE145668,GSE145669ctrl1_sc73",19,FALSE,TRUE,FALSE,1,"GSE145668,GSE145669"
"GSE145668,GSE145669ctrl1_sc74",22,FALSE,TRUE,FALSE,1,"GSE145668,GSE145669"
"GSE145668,GSE145669ctrl1_sc75",21,FALSE,TRUE,FALSE,1,"GSE145668,GSE145669"
"GSE145668,GSE145669ctrl1_sc77",20,FALSE,TRUE,FALSE,1,"GSE145668,GSE145669"
"GSE145668,GSE145669ctrl1_sc78",19,FALSE,TRUE,FALSE,1,"GSE145668,GSE145669"
"GSE145668,GSE145669ctrl1_sc79",20,FALSE,TRUE,FALSE,1,"GSE145668,GSE145669"
"GSE145668,GSE145669ctrl1_sc80",17,FALSE,TRUE,FALSE,1,"GSE145668,GSE145669"
"GSE145668,GSE145669ctrl1_sc81",18,FALSE,TRUE,FALSE,1,"GSE145668,GSE145669"
"GSE145668,GSE145669ctrl1_sc82",20,FALSE,TRUE,FALSE,1,"GSE145668,GSE145669"
"GSE145668,GSE145669ctrl1_sc83",21,FALSE,TRUE,FALSE,1,"GSE145668,GSE145669"
"GSE145668,GSE145669ctrl1_sc84",20,FALSE,TRUE,FALSE,1,"GSE145668,GSE145669"
"GSE145668,GSE145669ctrl1_sc85",20,FALSE,TRUE,FALSE,1,"GSE145668,GSE145669"
"GSE145668,GSE145669ctrl1_sc86",21,FALSE,TRUE,FALSE,1,"GSE145668,GSE145669"
"GSE145668,GSE145669ctrl1_sc87",22,FALSE,TRUE,FALSE,1,"GSE145668,GSE145669"
"GSE145668,GSE145669ctrl1_sc88",22,FALSE,TRUE,FALSE,1,"GSE145668,GSE145669"
"GSE145668,GSE145669ctrl1_sc89",17,FALSE,TRUE,FALSE,1,"GSE145668,GSE145669"
"GSE145668,GSE145669ctrl1_sc90",20,FALSE,TRUE,FALSE,1,"GSE145668,GSE145669"
"GSE145668,GSE145669ctrl1_sc91",21,FALSE,TRUE,FALSE,1,"GSE145668,GSE145669"
"GSE145668,GSE145669ctrl1_sc92",15,FALSE,TRUE,FALSE,1,"GSE145668,GSE145669"
"GSE145668,GSE145669ctrl1_sc93",18,FALSE,TRUE,FALSE,1,"GSE145668,GSE145669"
"GSE145668,GSE145669ctrl1_sc94",19,FALSE,TRUE,FALSE,1,"GSE145668,GSE145669"
"GSE145668,GSE145669ctrl1_sc95",19,FALSE,TRUE,FALSE,1,"GSE145668,GSE145669"
"GSE145668,GSE145669ctrl1_sc96",21,FALSE,TRUE,FALSE,1,"GSE145668,GSE145669"
"GSE145668,GSE145669ctrl2_sc01",10,FALSE,FALSE,FALSE,1,"GSE145668,GSE145669"
"GSE145668,GSE145669ctrl2_sc02",7,TRUE,FALSE,FALSE,1,"GSE145668,GSE145669"
"GSE145668,GSE145669ctrl2_sc03",9,FALSE,FALSE,FALSE,1,"GSE145668,GSE145669"
"GSE145668,GSE145669ctrl2_sc04",9,FALSE,FALSE,FALSE,1,"GSE145668,GSE145669"
"GSE145668,GSE145669ctrl2_sc05",11,FALSE,FALSE,FALSE,1,"GSE145668,GSE145669"
"GSE145668,GSE145669ctrl2_sc06",11,FALSE,FALSE,FALSE,1,"GSE145668,GSE145669"
"GSE145668,GSE145669ctrl2_sc07",10,FALSE,FALSE,FALSE,0.989005836238606,"GSE145668,GSE145669"
"GSE145668,GSE145669ctrl2_sc08",10,FALSE,FALSE,FALSE,0.999619529231903,"GSE145668,GSE145669"
"GSE145668,GSE145669ctrl2_sc09",9,FALSE,FALSE,FALSE,0.993557362174705,"GSE145668,GSE145669"
"GSE145668,GSE145669ctrl2_sc10",11,FALSE,FALSE,FALSE,1,"GSE145668,GSE145669"
"GSE145668,GSE145669ctrl2_sc11",11,FALSE,FALSE,FALSE,0.998070063964797,"GSE145668,GSE145669"
"GSE145668,GSE145669ctrl2_sc12",11,FALSE,FALSE,FALSE,1,"GSE145668,GSE145669"
"GSE145668,GSE145669ctrl2_sc13",9,FALSE,FALSE,FALSE,1,"GSE145668,GSE145669"
"GSE145668,GSE145669ctrl2_sc14",11,FALSE,FALSE,FALSE,1,"GSE145668,GSE145669"
"GSE145668,GSE145669ctrl2_sc15",9,FALSE,FALSE,FALSE,1,"GSE145668,GSE145669"
"GSE145668,GSE145669ctrl2_sc16",9,FALSE,FALSE,FALSE,1,"GSE145668,GSE145669"
"GSE145668,GSE145669ctrl2_sc17",9,FALSE,FALSE,FALSE,1,"GSE145668,GSE145669"
"GSE145668,GSE145669ctrl2_sc18",11,FALSE,FALSE,FALSE,1,"GSE145668,GSE145669"
"GSE145668,GSE145669ctrl2_sc19",11,FALSE,FALSE,FALSE,1,"GSE145668,GSE145669"
"GSE145668,GSE145669ctrl2_sc20",11,FALSE,FALSE,FALSE,1,"GSE145668,GSE145669"
"GSE145668,GSE145669ctrl2_sc21",11,FALSE,FALSE,FALSE,1,"GSE145668,GSE145669"
"GSE145668,GSE145669ctrl2_sc22",9,FALSE,FALSE,FALSE,1,"GSE145668,GSE145669"
"GSE145668,GSE145669ctrl2_sc24",10,FALSE,FALSE,FALSE,1,"GSE145668,GSE145669"
"GSE145668,GSE145669ctrl2_sc25",11,FALSE,FALSE,FALSE,1,"GSE145668,GSE145669"
"GSE145668,GSE145669ctrl2_sc26",9,FALSE,FALSE,FALSE,1,"GSE145668,GSE145669"
"GSE145668,GSE145669ctrl2_sc27",11,FALSE,FALSE,FALSE,1,"GSE145668,GSE145669"
"GSE145668,GSE145669ctrl2_sc28",10,FALSE,FALSE,FALSE,1,"GSE145668,GSE145669"
"GSE145668,GSE145669ctrl2_sc29",9,FALSE,FALSE,FALSE,1,"GSE145668,GSE145669"
"GSE145668,GSE145669ctrl2_sc30",9,FALSE,FALSE,FALSE,1,"GSE145668,GSE145669"
"GSE145668,GSE145669ctrl2_sc31",10,FALSE,FALSE,FALSE,1,"GSE145668,GSE145669"
"GSE145668,GSE145669ctrl2_sc32",10,FALSE,FALSE,FALSE,1,"GSE145668,GSE145669"
"GSE145668,GSE145669ctrl2_sc33",11,FALSE,FALSE,FALSE,1,"GSE145668,GSE145669"
"GSE145668,GSE145669ctrl2_sc35",10,FALSE,FALSE,FALSE,1,"GSE145668,GSE145669"
"GSE145668,GSE145669ctrl2_sc36",10,FALSE,FALSE,FALSE,0.999993590442729,"GSE145668,GSE145669"
"GSE145668,GSE145669ctrl2_sc37",10,FALSE,FALSE,FALSE,1,"GSE145668,GSE145669"
"GSE145668,GSE145669ctrl2_sc38",10,FALSE,FALSE,FALSE,1,"GSE145668,GSE145669"
"GSE145668,GSE145669ctrl2_sc39",11,FALSE,FALSE,FALSE,1,"GSE145668,GSE145669"
"GSE145668,GSE145669ctrl2_sc40",10,FALSE,FALSE,FALSE,1,"GSE145668,GSE145669"
"GSE145668,GSE145669ctrl2_sc41",9,FALSE,FALSE,FALSE,1,"GSE145668,GSE145669"
"GSE145668,GSE145669ctrl2_sc42",8,TRUE,FALSE,FALSE,1,"GSE145668,GSE145669"
"GSE145668,GSE145669ctrl2_sc43",11,FALSE,FALSE,FALSE,1,"GSE145668,GSE145669"
"GSE145668,GSE145669ctrl2_sc44",11,FALSE,FALSE,FALSE,1,"GSE145668,GSE145669"
"GSE145668,GSE145669ctrl2_sc45",11,FALSE,FALSE,FALSE,1,"GSE145668,GSE145669"
"GSE145668,GSE145669ctrl2_sc46",11,FALSE,FALSE,FALSE,1,"GSE145668,GSE145669"
"GSE145668,GSE145669ctrl2_sc47",10,FALSE,FALSE,FALSE,1,"GSE145668,GSE145669"
"GSE145668,GSE145669ctrl2_sc48",10,FALSE,FALSE,FALSE,0.995415911005797,"GSE145668,GSE145669"
"GSE145668,GSE145669ctrl2_sc49",8,TRUE,FALSE,FALSE,1,"GSE145668,GSE145669"
"GSE145668,GSE145669ctrl2_sc50",8,TRUE,FALSE,FALSE,0.923609973224653,"GSE145668,GSE145669"
"GSE145668,GSE145669ctrl2_sc51",8,TRUE,FALSE,FALSE,0.988581104271359,"GSE145668,GSE145669"
"GSE145668,GSE145669ctrl2_sc52",11,FALSE,FALSE,FALSE,1,"GSE145668,GSE145669"
"GSE145668,GSE145669ctrl2_sc53",11,FALSE,FALSE,FALSE,0.940193209710664,"GSE145668,GSE145669"
"GSE145668,GSE145669ctrl2_sc54",11,FALSE,FALSE,FALSE,1,"GSE145668,GSE145669"
"GSE145668,GSE145669ctrl2_sc55",8,TRUE,FALSE,FALSE,1,"GSE145668,GSE145669"
"GSE145668,GSE145669ctrl2_sc56",10,FALSE,FALSE,FALSE,1,"GSE145668,GSE145669"
"GSE145668,GSE145669ctrl2_sc57",9,FALSE,FALSE,FALSE,1,"GSE145668,GSE145669"
"GSE145668,GSE145669ctrl2_sc58",11,FALSE,FALSE,FALSE,1,"GSE145668,GSE145669"
"GSE145668,GSE145669ctrl2_sc59",10,FALSE,FALSE,FALSE,0.982194090664944,"GSE145668,GSE145669"
"GSE145668,GSE145669ctrl2_sc60",10,FALSE,FALSE,FALSE,1,"GSE145668,GSE145669"
"GSE145668,GSE145669ctrl2_sc61",9,FALSE,FALSE,FALSE,1,"GSE145668,GSE145669"
"GSE145668,GSE145669ctrl2_sc62",10,FALSE,FALSE,FALSE,1,"GSE145668,GSE145669"
"GSE145668,GSE145669ctrl2_sc63",9,FALSE,FALSE,FALSE,1,"GSE145668,GSE145669"
"GSE145668,GSE145669ctrl2_sc64",9,FALSE,FALSE,FALSE,1,"GSE145668,GSE145669"
"GSE145668,GSE145669ctrl2_sc65",10,FALSE,FALSE,FALSE,1,"GSE145668,GSE145669"
"GSE145668,GSE145669ctrl2_sc66",10,FALSE,FALSE,FALSE,1,"GSE145668,GSE145669"
"GSE145668,GSE145669ctrl2_sc67",9,FALSE,FALSE,FALSE,1,"GSE145668,GSE145669"
"GSE145668,GSE145669ctrl2_sc68",10,FALSE,FALSE,FALSE,1,"GSE145668,GSE145669"
"GSE145668,GSE145669ctrl2_sc69",10,FALSE,FALSE,FALSE,1,"GSE145668,GSE145669"
"GSE145668,GSE145669ctrl2_sc70",11,FALSE,FALSE,FALSE,1,"GSE145668,GSE145669"
"GSE145668,GSE145669ctrl2_sc71",10,FALSE,FALSE,FALSE,0.998972434327029,"GSE145668,GSE145669"
"GSE145668,GSE145669ctrl2_sc72",9,FALSE,FALSE,FALSE,1,"GSE145668,GSE145669"
"GSE145668,GSE145669ctrl2_sc73",9,FALSE,FALSE,FALSE,1,"GSE145668,GSE145669"
"GSE145668,GSE145669ctrl2_sc74",11,FALSE,FALSE,FALSE,1,"GSE145668,GSE145669"
"GSE145668,GSE145669ctrl2_sc75",10,FALSE,FALSE,FALSE,1,"GSE145668,GSE145669"
"GSE145668,GSE145669ctrl2_sc77",11,FALSE,FALSE,FALSE,1,"GSE145668,GSE145669"
"GSE145668,GSE145669ctrl2_sc78",7,TRUE,FALSE,FALSE,1,"GSE145668,GSE145669"
"GSE145668,GSE145669ctrl2_sc79",8,TRUE,FALSE,FALSE,1,"GSE145668,GSE145669"
"GSE145668,GSE145669ctrl2_sc80",10,FALSE,FALSE,FALSE,1,"GSE145668,GSE145669"
"GSE145668,GSE145669ctrl2_sc81",11,FALSE,FALSE,FALSE,0.953724487336861,"GSE145668,GSE145669"
"GSE145668,GSE145669ctrl2_sc82",11,FALSE,FALSE,FALSE,1,"GSE145668,GSE145669"
"GSE145668,GSE145669ctrl2_sc83",10,FALSE,FALSE,FALSE,1,"GSE145668,GSE145669"
"GSE145668,GSE145669ctrl2_sc84",11,FALSE,FALSE,FALSE,1,"GSE145668,GSE145669"
"GSE145668,GSE145669ctrl2_sc85",9,FALSE,FALSE,FALSE,0.94025749477362,"GSE145668,GSE145669"
"GSE145668,GSE145669ctrl2_sc86",11,FALSE,FALSE,FALSE,0.970946459809039,"GSE145668,GSE145669"
"GSE145668,GSE145669ctrl2_sc87",10,FALSE,FALSE,FALSE,0.994784175681242,"GSE145668,GSE145669"
"GSE145668,GSE145669ctrl2_sc88",9,FALSE,FALSE,FALSE,0.98703840399437,"GSE145668,GSE145669"
"GSE145668,GSE145669ctrl2_sc89",6,TRUE,FALSE,FALSE,0.952087864960561,"GSE145668,GSE145669"
"GSE145668,GSE145669ctrl2_sc90",8,TRUE,FALSE,FALSE,1,"GSE145668,GSE145669"
"GSE145668,GSE145669ctrl2_sc91",10,FALSE,FALSE,FALSE,1,"GSE145668,GSE145669"
"GSE145668,GSE145669ctrl2_sc92",11,FALSE,FALSE,FALSE,1,"GSE145668,GSE145669"
"GSE145668,GSE145669ctrl2_sc93",11,FALSE,FALSE,FALSE,1,"GSE145668,GSE145669"
"GSE145668,GSE145669ctrl2_sc94",10,FALSE,FALSE,FALSE,1,"GSE145668,GSE145669"
"GSE145668,GSE145669ctrl2_sc95",10,FALSE,FALSE,FALSE,1,"GSE145668,GSE145669"
"GSE145668,GSE145669ctrl2_sc96",11,FALSE,FALSE,FALSE,0.995782486880516,"GSE145668,GSE145669"
"GSE145668,GSE145669ctrl4_sc01",19,FALSE,FALSE,FALSE,1,"GSE145668,GSE145669"
"GSE145668,GSE145669ctrl4_sc02",13,FALSE,FALSE,FALSE,1,"GSE145668,GSE145669"
"GSE145668,GSE145669ctrl4_sc03",19,FALSE,FALSE,FALSE,1,"GSE145668,GSE145669"
"GSE145668,GSE145669ctrl4_sc04",16,FALSE,FALSE,FALSE,1,"GSE145668,GSE145669"
"GSE145668,GSE145669ctrl4_sc05",16,FALSE,FALSE,FALSE,0.996274579931358,"GSE145668,GSE145669"
"GSE145668,GSE145669ctrl4_sc06",17,FALSE,FALSE,FALSE,1,"GSE145668,GSE145669"
"GSE145668,GSE145669ctrl4_sc07",18,FALSE,FALSE,FALSE,1,"GSE145668,GSE145669"
"GSE145668,GSE145669ctrl4_sc08",17,FALSE,FALSE,FALSE,1,"GSE145668,GSE145669"
"GSE145668,GSE145669ctrl4_sc09",18,FALSE,FALSE,FALSE,0.964169401808081,"GSE145668,GSE145669"
"GSE145668,GSE145669ctrl4_sc10",17,FALSE,FALSE,FALSE,1,"GSE145668,GSE145669"
"GSE145668,GSE145669ctrl4_sc11",17,FALSE,FALSE,FALSE,0.98366471377221,"GSE145668,GSE145669"
"GSE145668,GSE145669ctrl4_sc12",18,FALSE,FALSE,FALSE,1,"GSE145668,GSE145669"
"GSE145668,GSE145669ctrl4_sc13",13,FALSE,FALSE,FALSE,1,"GSE145668,GSE145669"
"GSE145668,GSE145669ctrl4_sc14",16,FALSE,FALSE,FALSE,0.992100637859811,"GSE145668,GSE145669"
"GSE145668,GSE145669ctrl4_sc15",18,FALSE,FALSE,FALSE,1,"GSE145668,GSE145669"
"GSE145668,GSE145669ctrl4_sc16",14,FALSE,FALSE,FALSE,1,"GSE145668,GSE145669"
"GSE145668,GSE145669ctrl4_sc17",17,FALSE,FALSE,FALSE,1,"GSE145668,GSE145669"
"GSE145668,GSE145669ctrl4_sc18",18,FALSE,FALSE,FALSE,1,"GSE145668,GSE145669"
"GSE145668,GSE145669ctrl4_sc19",14,FALSE,FALSE,FALSE,0.991816720840164,"GSE145668,GSE145669"
"GSE145668,GSE145669ctrl4_sc20",18,FALSE,FALSE,FALSE,1,"GSE145668,GSE145669"
"GSE145668,GSE145669ctrl4_sc21",18,FALSE,FALSE,FALSE,1,"GSE145668,GSE145669"
"GSE145668,GSE145669ctrl4_sc22",19,FALSE,FALSE,FALSE,1,"GSE145668,GSE145669"
"GSE145668,GSE145669ctrl4_sc24",16,FALSE,FALSE,FALSE,1,"GSE145668,GSE145669"
"GSE145668,GSE145669ctrl4_sc25",14,FALSE,FALSE,FALSE,0.967766759124606,"GSE145668,GSE145669"
"GSE145668,GSE145669ctrl4_sc26",15,FALSE,FALSE,FALSE,0.983253136199263,"GSE145668,GSE145669"
"GSE145668,GSE145669ctrl4_sc27",18,FALSE,FALSE,FALSE,1,"GSE145668,GSE145669"
"GSE145668,GSE145669ctrl4_sc28",17,FALSE,FALSE,FALSE,1,"GSE145668,GSE145669"
"GSE145668,GSE145669ctrl4_sc29",18,FALSE,FALSE,FALSE,1,"GSE145668,GSE145669"
"GSE145668,GSE145669ctrl4_sc30",14,FALSE,FALSE,FALSE,1,"GSE145668,GSE145669"
"GSE145668,GSE145669ctrl4_sc31",17,FALSE,FALSE,FALSE,1,"GSE145668,GSE145669"
"GSE145668,GSE145669ctrl4_sc32",18,FALSE,FALSE,FALSE,1,"GSE145668,GSE145669"
"GSE145668,GSE145669ctrl4_sc33",18,FALSE,FALSE,FALSE,1,"GSE145668,GSE145669"
"GSE145668,GSE145669ctrl4_sc35",19,FALSE,FALSE,FALSE,1,"GSE145668,GSE145669"
"GSE145668,GSE145669ctrl4_sc36",17,FALSE,FALSE,FALSE,1,"GSE145668,GSE145669"
"GSE145668,GSE145669ctrl4_sc37",15,FALSE,FALSE,FALSE,1,"GSE145668,GSE145669"
"GSE145668,GSE145669ctrl4_sc38",17,FALSE,FALSE,FALSE,1,"GSE145668,GSE145669"
"GSE145668,GSE145669ctrl4_sc39",17,FALSE,FALSE,FALSE,1,"GSE145668,GSE145669"
"GSE145668,GSE145669ctrl4_sc40",16,FALSE,FALSE,FALSE,1,"GSE145668,GSE145669"
"GSE145668,GSE145669ctrl4_sc41",17,FALSE,FALSE,FALSE,0.970018260984795,"GSE145668,GSE145669"
"GSE145668,GSE145669ctrl4_sc42",18,FALSE,FALSE,FALSE,1,"GSE145668,GSE145669"
"GSE145668,GSE145669ctrl4_sc43",18,FALSE,FALSE,FALSE,1,"GSE145668,GSE145669"
"GSE145668,GSE145669ctrl4_sc44",18,FALSE,FALSE,FALSE,0.99645517288834,"GSE145668,GSE145669"
"GSE145668,GSE145669ctrl4_sc45",17,FALSE,FALSE,FALSE,1,"GSE145668,GSE145669"
"GSE145668,GSE145669ctrl4_sc46",18,FALSE,FALSE,FALSE,1,"GSE145668,GSE145669"
"GSE145668,GSE145669ctrl4_sc47",18,FALSE,FALSE,FALSE,1,"GSE145668,GSE145669"
"GSE145668,GSE145669ctrl4_sc48",17,FALSE,FALSE,FALSE,0.968568043493553,"GSE145668,GSE145669"
"GSE145668,GSE145669ctrl4_sc49",15,FALSE,FALSE,FALSE,1,"GSE145668,GSE145669"
"GSE145668,GSE145669ctrl4_sc50",15,FALSE,FALSE,FALSE,1,"GSE145668,GSE145669"
"GSE145668,GSE145669ctrl4_sc51",18,FALSE,FALSE,FALSE,1,"GSE145668,GSE145669"
"GSE145668,GSE145669ctrl4_sc52",16,FALSE,FALSE,FALSE,0.975873080778819,"GSE145668,GSE145669"
"GSE145668,GSE145669ctrl4_sc53",18,FALSE,FALSE,FALSE,1,"GSE145668,GSE145669"
"GSE145668,GSE145669ctrl4_sc54",16,FALSE,FALSE,FALSE,0.948236209783537,"GSE145668,GSE145669"
"GSE145668,GSE145669ctrl4_sc55",15,FALSE,FALSE,FALSE,1,"GSE145668,GSE145669"
"GSE145668,GSE145669ctrl4_sc56",16,FALSE,FALSE,FALSE,0.994215921673561,"GSE145668,GSE145669"
"GSE145668,GSE145669ctrl4_sc57",18,FALSE,FALSE,FALSE,1,"GSE145668,GSE145669"
"GSE145668,GSE145669ctrl4_sc58",15,FALSE,FALSE,FALSE,1,"GSE145668,GSE145669"
"GSE145668,GSE145669ctrl4_sc59",16,FALSE,FALSE,FALSE,0.96361016175365,"GSE145668,GSE145669"
"GSE145668,GSE145669ctrl4_sc60",13,FALSE,FALSE,FALSE,1,"GSE145668,GSE145669"
"GSE145668,GSE145669ctrl4_sc61",17,FALSE,FALSE,FALSE,1,"GSE145668,GSE145669"
"GSE145668,GSE145669ctrl4_sc62",17,FALSE,FALSE,FALSE,1,"GSE145668,GSE145669"
"GSE145668,GSE145669ctrl4_sc63",15,FALSE,FALSE,FALSE,0.987168295393834,"GSE145668,GSE145669"
"GSE145668,GSE145669ctrl4_sc64",16,FALSE,FALSE,FALSE,1,"GSE145668,GSE145669"
"GSE145668,GSE145669ctrl4_sc65",13,FALSE,FALSE,FALSE,1,"GSE145668,GSE145669"
"GSE145668,GSE145669ctrl4_sc66",13,FALSE,FALSE,FALSE,1,"GSE145668,GSE145669"
"GSE145668,GSE145669ctrl4_sc67",18,FALSE,FALSE,FALSE,1,"GSE145668,GSE145669"
"GSE145668,GSE145669ctrl4_sc68",11,FALSE,FALSE,FALSE,1,"GSE145668,GSE145669"
"GSE145668,GSE145669ctrl4_sc69",17,FALSE,FALSE,FALSE,1,"GSE145668,GSE145669"
"GSE145668,GSE145669ctrl4_sc70",18,FALSE,FALSE,FALSE,1,"GSE145668,GSE145669"
"GSE145668,GSE145669ctrl4_sc71",15,FALSE,FALSE,FALSE,0.993169280899462,"GSE145668,GSE145669"
"GSE145668,GSE145669ctrl4_sc72",17,FALSE,FALSE,FALSE,1,"GSE145668,GSE145669"
"GSE145668,GSE145669ctrl4_sc73",16,FALSE,FALSE,FALSE,1,"GSE145668,GSE145669"
"GSE145668,GSE145669ctrl4_sc74",15,FALSE,FALSE,FALSE,0.982968869824834,"GSE145668,GSE145669"
"GSE145668,GSE145669ctrl4_sc75",17,FALSE,FALSE,FALSE,0.955361620452561,"GSE145668,GSE145669"
"GSE145668,GSE145669ctrl4_sc76",17,FALSE,FALSE,FALSE,1,"GSE145668,GSE145669"
"GSE145668,GSE145669ctrl4_sc77",18,FALSE,FALSE,FALSE,1,"GSE145668,GSE145669"
"GSE145668,GSE145669ctrl4_sc78",18,FALSE,FALSE,FALSE,1,"GSE145668,GSE145669"
"GSE145668,GSE145669ctrl4_sc79",18,FALSE,FALSE,FALSE,1,"GSE145668,GSE145669"
"GSE145668,GSE145669ctrl4_sc80",18,FALSE,FALSE,FALSE,0.996311619562011,"GSE145668,GSE145669"
"GSE145668,GSE145669ctrl4_sc81",14,FALSE,FALSE,FALSE,0.976041746912404,"GSE145668,GSE145669"
"GSE145668,GSE145669ctrl4_sc82",16,FALSE,FALSE,FALSE,0.994496115649168,"GSE145668,GSE145669"
"GSE145668,GSE145669ctrl4_sc83",18,FALSE,FALSE,FALSE,1,"GSE145668,GSE145669"
"GSE145668,GSE145669ctrl4_sc84",18,FALSE,FALSE,FALSE,1,"GSE145668,GSE145669"
"GSE145668,GSE145669ctrl4_sc85",16,FALSE,FALSE,FALSE,1,"GSE145668,GSE145669"
"GSE145668,GSE145669ctrl4_sc86",18,FALSE,FALSE,FALSE,1,"GSE145668,GSE145669"
"GSE145668,GSE145669ctrl4_sc87",19,FALSE,FALSE,FALSE,0.969291728926071,"GSE145668,GSE145669"
"GSE145668,GSE145669ctrl4_sc88",18,FALSE,FALSE,FALSE,1,"GSE145668,GSE145669"
"GSE145668,GSE145669ctrl4_sc89",13,FALSE,FALSE,FALSE,1,"GSE145668,GSE145669"
"GSE145668,GSE145669ctrl4_sc90",18,FALSE,FALSE,FALSE,1,"GSE145668,GSE145669"
"GSE145668,GSE145669ctrl4_sc91",18,FALSE,FALSE,FALSE,1,"GSE145668,GSE145669"
"GSE145668,GSE145669ctrl4_sc92",17,FALSE,FALSE,FALSE,1,"GSE145668,GSE145669"
"GSE145668,GSE145669ctrl4_sc93",16,FALSE,FALSE,FALSE,1,"GSE145668,GSE145669"
"GSE145668,GSE145669ctrl4_sc94",16,FALSE,FALSE,FALSE,1,"GSE145668,GSE145669"
"GSE145668,GSE145669ctrl4_sc95",18,FALSE,FALSE,FALSE,1,"GSE145668,GSE145669"
"GSE145668,GSE145669ctrl4_sc96",18,FALSE,FALSE,FALSE,0.99136310875774,"GSE145668,GSE145669"
"GSE145668,GSE145669p1_sc01",4,TRUE,FALSE,TRUE,0.904344844058012,"GSE145668,GSE145669"
"GSE145668,GSE145669p1_sc02",2,TRUE,FALSE,TRUE,0.742952639449655,"GSE145668,GSE145669"
"GSE145668,GSE145669p1_sc03",4,TRUE,FALSE,TRUE,1,"GSE145668,GSE145669"
"GSE145668,GSE145669p1_sc04",4,TRUE,FALSE,TRUE,0.975135092574859,"GSE145668,GSE145669"
"GSE145668,GSE145669p1_sc05",4,TRUE,FALSE,TRUE,0.978579247015484,"GSE145668,GSE145669"
"GSE145668,GSE145669p1_sc06",4,TRUE,FALSE,TRUE,1,"GSE145668,GSE145669"
"GSE145668,GSE145669p1_sc07",4,TRUE,FALSE,TRUE,1,"GSE145668,GSE145669"
"GSE145668,GSE145669p1_sc08",4,TRUE,FALSE,TRUE,0.874399853049207,"GSE145668,GSE145669"
"GSE145668,GSE145669p1_sc09",4,TRUE,FALSE,TRUE,1,"GSE145668,GSE145669"
"GSE145668,GSE145669p1_sc10",2,TRUE,TRUE,TRUE,0.900217666585388,"GSE145668,GSE145669"
"GSE145668,GSE145669p1_sc11",4,TRUE,FALSE,TRUE,0.895343374305855,"GSE145668,GSE145669"
"GSE145668,GSE145669p1_sc13",3,TRUE,FALSE,TRUE,1,"GSE145668,GSE145669"
"GSE145668,GSE145669p1_sc14",3,TRUE,FALSE,TRUE,0.886661596932812,"GSE145668,GSE145669"
"GSE145668,GSE145669p1_sc15",4,TRUE,FALSE,TRUE,1,"GSE145668,GSE145669"
"GSE145668,GSE145669p1_sc16",3,TRUE,FALSE,TRUE,0.92414419134038,"GSE145668,GSE145669"
"GSE145668,GSE145669p1_sc17",4,TRUE,FALSE,TRUE,0.978691293202533,"GSE145668,GSE145669"
"GSE145668,GSE145669p1_sc18",3,TRUE,FALSE,TRUE,0.847196107319141,"GSE145668,GSE145669"
"GSE145668,GSE145669p1_sc19",2,TRUE,FALSE,TRUE,1,"GSE145668,GSE145669"
"GSE145668,GSE145669p1_sc20",4,TRUE,FALSE,TRUE,0.993672906333124,"GSE145668,GSE145669"
"GSE145668,GSE145669p1_sc21",4,TRUE,FALSE,TRUE,1,"GSE145668,GSE145669"
"GSE145668,GSE145669p1_sc22",3,TRUE,FALSE,TRUE,0.948930305554448,"GSE145668,GSE145669"
"GSE145668,GSE145669p1_sc24",2,TRUE,FALSE,TRUE,0.908158236524982,"GSE145668,GSE145669"
"GSE145668,GSE145669p1_sc25",2,TRUE,FALSE,TRUE,0.875283971853907,"GSE145668,GSE145669"
"GSE145668,GSE145669p1_sc26",2,TRUE,FALSE,TRUE,0.699091991644861,"GSE145668,GSE145669"
"GSE145668,GSE145669p1_sc27",4,TRUE,FALSE,TRUE,0.92227974308205,"GSE145668,GSE145669"
"GSE145668,GSE145669p1_sc28",4,TRUE,FALSE,TRUE,0.996025630606382,"GSE145668,GSE145669"
"GSE145668,GSE145669p1_sc29",2,TRUE,FALSE,TRUE,0.785742999328699,"GSE145668,GSE145669"
"GSE145668,GSE145669p1_sc30",3,TRUE,FALSE,TRUE,0.925100564056258,"GSE145668,GSE145669"
"GSE145668,GSE145669p1_sc31",4,TRUE,FALSE,TRUE,0.937309324415455,"GSE145668,GSE145669"
"GSE145668,GSE145669p1_sc32",3,TRUE,FALSE,TRUE,0.868595916738714,"GSE145668,GSE145669"
"GSE145668,GSE145669p1_sc33",2,TRUE,TRUE,TRUE,1,"GSE145668,GSE145669"
"GSE145668,GSE145669p1_sc35",2,TRUE,TRUE,TRUE,0.951933577061769,"GSE145668,GSE145669"
"GSE145668,GSE145669p1_sc36",2,TRUE,TRUE,TRUE,0.954039614950674,"GSE145668,GSE145669"
"GSE145668,GSE145669p1_sc37",2,TRUE,TRUE,TRUE,0.905071385351346,"GSE145668,GSE145669"
"GSE145668,GSE145669p1_sc38",2,TRUE,TRUE,TRUE,1,"GSE145668,GSE145669"
"GSE145668,GSE145669p1_sc39",2,TRUE,TRUE,TRUE,0.957695401364254,"GSE145668,GSE145669"
"GSE145668,GSE145669p1_sc42",2,TRUE,TRUE,TRUE,0.872877449805016,"GSE145668,GSE145669"
"GSE145668,GSE145669p1_sc43",2,TRUE,TRUE,TRUE,0.980550548288584,"GSE145668,GSE145669"
"GSE145668,GSE145669p1_sc44",2,TRUE,TRUE,TRUE,0.829328015416518,"GSE145668,GSE145669"
"GSE145668,GSE145669p1_sc45",2,TRUE,TRUE,TRUE,0.832672579451115,"GSE145668,GSE145669"
"GSE145668,GSE145669p1_sc46",2,TRUE,TRUE,TRUE,1,"GSE145668,GSE145669"
"GSE145668,GSE145669p1_sc47",2,TRUE,TRUE,TRUE,0.765175781223509,"GSE145668,GSE145669"
"GSE145668,GSE145669p1_sc48",2,TRUE,TRUE,TRUE,1,"GSE145668,GSE145669"
"GSE145668,GSE145669p1_sc49",2,TRUE,FALSE,TRUE,0.996556664482302,"GSE145668,GSE145669"
"GSE145668,GSE145669p1_sc50",3,TRUE,FALSE,TRUE,1,"GSE145668,GSE145669"
"GSE145668,GSE145669p1_sc51",3,TRUE,FALSE,TRUE,0.988214952982133,"GSE145668,GSE145669"
"GSE145668,GSE145669p1_sc52",2,TRUE,FALSE,TRUE,0.960494875814449,"GSE145668,GSE145669"
"GSE145668,GSE145669p1_sc53",3,TRUE,FALSE,TRUE,1,"GSE145668,GSE145669"
"GSE145668,GSE145669p1_sc55",2,TRUE,FALSE,TRUE,0.958600067635769,"GSE145668,GSE145669"
"GSE145668,GSE145669p1_sc56",3,TRUE,FALSE,TRUE,0.818406211790052,"GSE145668,GSE145669"
"GSE145668,GSE145669p1_sc57",3,TRUE,FALSE,TRUE,1,"GSE145668,GSE145669"
"GSE145668,GSE145669p1_sc58",3,TRUE,FALSE,TRUE,0.915641164865752,"GSE145668,GSE145669"
"GSE145668,GSE145669p1_sc59",3,TRUE,FALSE,TRUE,1,"GSE145668,GSE145669"
"GSE145668,GSE145669p1_sc60",2,TRUE,FALSE,TRUE,1,"GSE145668,GSE145669"
"GSE145668,GSE145669p1_sc63",3,TRUE,FALSE,TRUE,1,"GSE145668,GSE145669"
"GSE145668,GSE145669p1_sc67",2,TRUE,FALSE,TRUE,0.925716898552768,"GSE145668,GSE145669"
"GSE145668,GSE145669p1_sc68",2,TRUE,FALSE,TRUE,0.878000934996918,"GSE145668,GSE145669"
"GSE145668,GSE145669p1_sc69",2,TRUE,FALSE,TRUE,1,"GSE145668,GSE145669"
"GSE145668,GSE145669p1_sc71",2,TRUE,FALSE,TRUE,0.937288415343985,"GSE145668,GSE145669"
"GSE145668,GSE145669p1_sc72",2,TRUE,FALSE,TRUE,0.97220288369154,"GSE145668,GSE145669"
"GSE145668,GSE145669p1_sc73",2,TRUE,FALSE,TRUE,0.973761140120156,"GSE145668,GSE145669"
"GSE145668,GSE145669p1_sc74",2,TRUE,FALSE,TRUE,0.989448164626716,"GSE145668,GSE145669"
"GSE145668,GSE145669p1_sc75",2,TRUE,FALSE,TRUE,0.966462121857183,"GSE145668,GSE145669"
"GSE145668,GSE145669p1_sc77",2,TRUE,FALSE,TRUE,1,"GSE145668,GSE145669"
"GSE145668,GSE145669p1_sc78",2,TRUE,FALSE,TRUE,0.851805427379253,"GSE145668,GSE145669"
"GSE145668,GSE145669p1_sc80",2,TRUE,FALSE,TRUE,0.832153147728041,"GSE145668,GSE145669"
"GSE145668,GSE145669p10_sc01",3,TRUE,FALSE,TRUE,0.920596052579284,"GSE145668,GSE145669"
"GSE145668,GSE145669p10_sc02",3,TRUE,FALSE,TRUE,0.989258043587169,"GSE145668,GSE145669"
"GSE145668,GSE145669p10_sc03",3,TRUE,FALSE,TRUE,0.975368290821697,"GSE145668,GSE145669"
"GSE145668,GSE145669p10_sc04",3,TRUE,FALSE,TRUE,1,"GSE145668,GSE145669"
"GSE145668,GSE145669p10_sc05",3,TRUE,FALSE,TRUE,0.985011038739164,"GSE145668,GSE145669"
"GSE145668,GSE145669p10_sc06",3,TRUE,FALSE,TRUE,0.939914814700046,"GSE145668,GSE145669"
"GSE145668,GSE145669p10_sc07",3,TRUE,FALSE,TRUE,1,"GSE145668,GSE145669"
"GSE145668,GSE145669p10_sc08",3,TRUE,FALSE,TRUE,1,"GSE145668,GSE145669"
"GSE145668,GSE145669p10_sc09",2,TRUE,FALSE,TRUE,0.94225332205216,"GSE145668,GSE145669"
"GSE145668,GSE145669p10_sc10",3,TRUE,FALSE,TRUE,0.948861480005252,"GSE145668,GSE145669"
"GSE145668,GSE145669p10_sc11",3,TRUE,FALSE,TRUE,0.933172598389827,"GSE145668,GSE145669"
"GSE145668,GSE145669p10_sc12",3,TRUE,FALSE,TRUE,0.969553392196605,"GSE145668,GSE145669"
"GSE145668,GSE145669p10_sc13",3,TRUE,FALSE,TRUE,1,"GSE145668,GSE145669"
"GSE145668,GSE145669p10_sc14",3,TRUE,FALSE,TRUE,1,"GSE145668,GSE145669"
"GSE145668,GSE145669p10_sc15",3,TRUE,FALSE,TRUE,0.959218970078283,"GSE145668,GSE145669"
"GSE145668,GSE145669p10_sc16",3,TRUE,FALSE,TRUE,1,"GSE145668,GSE145669"
"GSE145668,GSE145669p10_sc17",3,TRUE,FALSE,TRUE,0.994086481446265,"GSE145668,GSE145669"
"GSE145668,GSE145669p10_sc18",3,TRUE,FALSE,TRUE,0.96972240300978,"GSE145668,GSE145669"
"GSE145668,GSE145669p10_sc19",3,TRUE,FALSE,TRUE,0.899626832510034,"GSE145668,GSE145669"
"GSE145668,GSE145669p10_sc20",3,TRUE,FALSE,TRUE,0.937160328948648,"GSE145668,GSE145669"
"GSE145668,GSE145669p10_sc21",3,TRUE,FALSE,TRUE,1,"GSE145668,GSE145669"
"GSE145668,GSE145669p10_sc22",3,TRUE,FALSE,TRUE,0.911638127096149,"GSE145668,GSE145669"
"GSE145668,GSE145669p10_sc24",3,TRUE,FALSE,TRUE,0.91911815043696,"GSE145668,GSE145669"
"GSE145668,GSE145669p10_sc25",3,TRUE,FALSE,TRUE,0.953803267526591,"GSE145668,GSE145669"
"GSE145668,GSE145669p10_sc26",3,TRUE,FALSE,TRUE,0.930783148988643,"GSE145668,GSE145669"
"GSE145668,GSE145669p10_sc27",3,TRUE,FALSE,TRUE,0.962649760921373,"GSE145668,GSE145669"
"GSE145668,GSE145669p10_sc28",3,TRUE,FALSE,TRUE,0.957610276331062,"GSE145668,GSE145669"
"GSE145668,GSE145669p10_sc29",3,TRUE,FALSE,TRUE,0.999788061220472,"GSE145668,GSE145669"
"GSE145668,GSE145669p10_sc30",2,TRUE,FALSE,TRUE,1,"GSE145668,GSE145669"
"GSE145668,GSE145669p10_sc31",3,TRUE,FALSE,TRUE,1,"GSE145668,GSE145669"
"GSE145668,GSE145669p10_sc32",3,TRUE,FALSE,TRUE,1,"GSE145668,GSE145669"
"GSE145668,GSE145669p10_sc33",3,TRUE,FALSE,TRUE,0.980680280928764,"GSE145668,GSE145669"
"GSE145668,GSE145669p10_sc35",2,TRUE,FALSE,TRUE,1,"GSE145668,GSE145669"
"GSE145668,GSE145669p10_sc36",3,TRUE,FALSE,TRUE,0.982019460175394,"GSE145668,GSE145669"
"GSE145668,GSE145669p10_sc37",3,TRUE,FALSE,TRUE,1,"GSE145668,GSE145669"
"GSE145668,GSE145669p10_sc38",3,TRUE,FALSE,TRUE,0.884859048122724,"GSE145668,GSE145669"
"GSE145668,GSE145669p10_sc39",3,TRUE,FALSE,TRUE,0.91017665921634,"GSE145668,GSE145669"
"GSE145668,GSE145669p10_sc40",3,TRUE,FALSE,TRUE,0.882325714872755,"GSE145668,GSE145669"
"GSE145668,GSE145669p10_sc41",3,TRUE,FALSE,TRUE,0.845796901411323,"GSE145668,GSE145669"
"GSE145668,GSE145669p10_sc42",3,TRUE,FALSE,TRUE,0.930777345118726,"GSE145668,GSE145669"
"GSE145668,GSE145669p10_sc43",3,TRUE,FALSE,TRUE,0.973915920770335,"GSE145668,GSE145669"
"GSE145668,GSE145669p10_sc44",3,TRUE,FALSE,TRUE,0.954566012351861,"GSE145668,GSE145669"
"GSE145668,GSE145669p10_sc45",3,TRUE,FALSE,TRUE,0.87633980487217,"GSE145668,GSE145669"
"GSE145668,GSE145669p10_sc46",3,TRUE,FALSE,TRUE,0.926337766778745,"GSE145668,GSE145669"
"GSE145668,GSE145669p10_sc47",3,TRUE,FALSE,TRUE,0.977840525836572,"GSE145668,GSE145669"
"GSE145668,GSE145669p10_sc48",3,TRUE,FALSE,TRUE,1,"GSE145668,GSE145669"
"GSE145668,GSE145669p10_sc49",3,TRUE,FALSE,TRUE,0.997522136624117,"GSE145668,GSE145669"
"GSE145668,GSE145669p10_sc50",3,TRUE,FALSE,TRUE,0.974228285127053,"GSE145668,GSE145669"
"GSE145668,GSE145669p10_sc51",3,TRUE,FALSE,TRUE,0.949403733516263,"GSE145668,GSE145669"
"GSE145668,GSE145669p10_sc52",3,TRUE,FALSE,TRUE,0.935300768994026,"GSE145668,GSE145669"
"GSE145668,GSE145669p10_sc53",3,TRUE,FALSE,TRUE,0.997180082163834,"GSE145668,GSE145669"
"GSE145668,GSE145669p10_sc54",2,TRUE,FALSE,TRUE,0.914301020634916,"GSE145668,GSE145669"
"GSE145668,GSE145669p10_sc55",3,TRUE,FALSE,TRUE,0.985835587155609,"GSE145668,GSE145669"
"GSE145668,GSE145669p10_sc56",3,TRUE,FALSE,TRUE,0.861651854022541,"GSE145668,GSE145669"
"GSE145668,GSE145669p10_sc57",3,TRUE,FALSE,TRUE,1,"GSE145668,GSE145669"
"GSE145668,GSE145669p10_sc58",3,TRUE,FALSE,TRUE,1,"GSE145668,GSE145669"
"GSE145668,GSE145669p10_sc59",3,TRUE,FALSE,TRUE,1,"GSE145668,GSE145669"
"GSE145668,GSE145669p10_sc60",3,TRUE,FALSE,TRUE,1,"GSE145668,GSE145669"
"GSE145668,GSE145669p10_sc61",3,TRUE,FALSE,TRUE,0.995717835389706,"GSE145668,GSE145669"
"GSE145668,GSE145669p10_sc62",2,TRUE,FALSE,TRUE,0.957003319272197,"GSE145668,GSE145669"
"GSE145668,GSE145669p10_sc63",3,TRUE,FALSE,TRUE,0.961769098616249,"GSE145668,GSE145669"
"GSE145668,GSE145669p10_sc64",2,TRUE,FALSE,TRUE,1,"GSE145668,GSE145669"
"GSE145668,GSE145669p10_sc65",2,TRUE,FALSE,TRUE,0.965223229779114,"GSE145668,GSE145669"
"GSE145668,GSE145669p10_sc66",3,TRUE,FALSE,TRUE,0.982339250164428,"GSE145668,GSE145669"
"GSE145668,GSE145669p10_sc67",3,TRUE,FALSE,TRUE,0.948205897235658,"GSE145668,GSE145669"
"GSE145668,GSE145669p10_sc68",3,TRUE,FALSE,TRUE,1,"GSE145668,GSE145669"
"GSE145668,GSE145669p10_sc69",3,TRUE,FALSE,TRUE,0.978508239939802,"GSE145668,GSE145669"
"GSE145668,GSE145669p10_sc70",3,TRUE,FALSE,TRUE,0.886022091024387,"GSE145668,GSE145669"
"GSE145668,GSE145669p10_sc71",3,TRUE,FALSE,TRUE,1,"GSE145668,GSE145669"
"GSE145668,GSE145669p10_sc72",3,TRUE,FALSE,TRUE,0.990686386411399,"GSE145668,GSE145669"
"GSE145668,GSE145669p10_sc73",3,TRUE,FALSE,TRUE,0.991633517697443,"GSE145668,GSE145669"
"GSE145668,GSE145669p10_sc74",3,TRUE,FALSE,TRUE,0.937107287271284,"GSE145668,GSE145669"
"GSE145668,GSE145669p10_sc75",2,TRUE,FALSE,TRUE,0.840211873758675,"GSE145668,GSE145669"
"GSE145668,GSE145669p10_sc77",2,TRUE,FALSE,TRUE,0.875135973355804,"GSE145668,GSE145669"
"GSE145668,GSE145669p10_sc78",2,TRUE,FALSE,TRUE,0.976628428358514,"GSE145668,GSE145669"
"GSE145668,GSE145669p10_sc79",2,TRUE,FALSE,TRUE,0.991405081663006,"GSE145668,GSE145669"
"GSE145668,GSE145669p10_sc80",2,TRUE,FALSE,TRUE,1,"GSE145668,GSE145669"
"GSE145668,GSE145669p10_sc81",2,TRUE,FALSE,TRUE,0.987465154292521,"GSE145668,GSE145669"
"GSE145668,GSE145669p10_sc82",2,TRUE,FALSE,TRUE,0.954076242360041,"GSE145668,GSE145669"
"GSE145668,GSE145669p10_sc83",2,TRUE,FALSE,TRUE,0.807665497733627,"GSE145668,GSE145669"
"GSE145668,GSE145669p10_sc84",2,TRUE,FALSE,TRUE,0.951935258894874,"GSE145668,GSE145669"
"GSE145668,GSE145669p10_sc85",2,TRUE,FALSE,TRUE,0.926795038187565,"GSE145668,GSE145669"
"GSE145668,GSE145669p10_sc86",2,TRUE,FALSE,TRUE,0.982584834224496,"GSE145668,GSE145669"
"GSE145668,GSE145669p10_sc87",2,TRUE,FALSE,TRUE,0.970041690018774,"GSE145668,GSE145669"
"GSE145668,GSE145669p10_sc88",2,TRUE,FALSE,TRUE,0.83264003939377,"GSE145668,GSE145669"
"GSE145668,GSE145669p10_sc89",2,TRUE,FALSE,TRUE,0.801118788064812,"GSE145668,GSE145669"
"GSE145668,GSE145669p10_sc90",2,TRUE,FALSE,TRUE,0.8419390883018,"GSE145668,GSE145669"
"GSE145668,GSE145669p10_sc91",2,TRUE,FALSE,TRUE,0.892927041798357,"GSE145668,GSE145669"
"GSE145668,GSE145669p10_sc92",2,TRUE,FALSE,TRUE,1,"GSE145668,GSE145669"
"GSE145668,GSE145669p10_sc93",2,TRUE,FALSE,TRUE,1,"GSE145668,GSE145669"
"GSE145668,GSE145669p10_sc94",2,TRUE,FALSE,TRUE,0.936901196148527,"GSE145668,GSE145669"
"GSE145668,GSE145669p11_sc01",4,TRUE,FALSE,TRUE,1,"GSE145668,GSE145669"
"GSE145668,GSE145669p11_sc02",4,TRUE,FALSE,TRUE,1,"GSE145668,GSE145669"
"GSE145668,GSE145669p11_sc03",4,TRUE,FALSE,TRUE,1,"GSE145668,GSE145669"
"GSE145668,GSE145669p11_sc04",4,TRUE,FALSE,TRUE,1,"GSE145668,GSE145669"
"GSE145668,GSE145669p11_sc05",4,TRUE,FALSE,TRUE,1,"GSE145668,GSE145669"
"GSE145668,GSE145669p11_sc06",4,TRUE,FALSE,TRUE,0.995781727090111,"GSE145668,GSE145669"
"GSE145668,GSE145669p11_sc07",4,TRUE,FALSE,TRUE,1,"GSE145668,GSE145669"
"GSE145668,GSE145669p11_sc08",4,TRUE,FALSE,TRUE,1,"GSE145668,GSE145669"
"GSE145668,GSE145669p11_sc09",4,TRUE,FALSE,TRUE,1,"GSE145668,GSE145669"
"GSE145668,GSE145669p11_sc10",4,TRUE,FALSE,TRUE,1,"GSE145668,GSE145669"
"GSE145668,GSE145669p11_sc11",4,TRUE,FALSE,TRUE,0.97758252611387,"GSE145668,GSE145669"
"GSE145668,GSE145669p11_sc12",4,TRUE,FALSE,TRUE,1,"GSE145668,GSE145669"
"GSE145668,GSE145669p11_sc13",4,TRUE,FALSE,TRUE,1,"GSE145668,GSE145669"
"GSE145668,GSE145669p11_sc14",4,TRUE,FALSE,TRUE,1,"GSE145668,GSE145669"
"GSE145668,GSE145669p11_sc15",4,TRUE,FALSE,TRUE,1,"GSE145668,GSE145669"
"GSE145668,GSE145669p11_sc16",4,TRUE,FALSE,TRUE,0.964764654709381,"GSE145668,GSE145669"
"GSE145668,GSE145669p11_sc17",4,TRUE,FALSE,TRUE,1,"GSE145668,GSE145669"
"GSE145668,GSE145669p11_sc18",4,TRUE,FALSE,TRUE,1,"GSE145668,GSE145669"
"GSE145668,GSE145669p11_sc19",4,TRUE,FALSE,TRUE,1,"GSE145668,GSE145669"
"GSE145668,GSE145669p11_sc20",3,TRUE,FALSE,TRUE,1,"GSE145668,GSE145669"
"GSE145668,GSE145669p11_sc21",4,TRUE,FALSE,TRUE,1,"GSE145668,GSE145669"
"GSE145668,GSE145669p11_sc22",4,TRUE,FALSE,TRUE,0.99538224913674,"GSE145668,GSE145669"
"GSE145668,GSE145669p11_sc24",4,TRUE,FALSE,TRUE,0.932845331842739,"GSE145668,GSE145669"
"GSE145668,GSE145669p11_sc25",4,TRUE,FALSE,TRUE,0.979402648022684,"GSE145668,GSE145669"
"GSE145668,GSE145669p11_sc26",4,TRUE,FALSE,TRUE,1,"GSE145668,GSE145669"
"GSE145668,GSE145669p11_sc27",4,TRUE,FALSE,TRUE,1,"GSE145668,GSE145669"
"GSE145668,GSE145669p11_sc28",4,TRUE,FALSE,TRUE,1,"GSE145668,GSE145669"
"GSE145668,GSE145669p11_sc29",4,TRUE,FALSE,TRUE,1,"GSE145668,GSE145669"
"GSE145668,GSE145669p11_sc30",4,TRUE,FALSE,TRUE,1,"GSE145668,GSE145669"
"GSE145668,GSE145669p11_sc31",4,TRUE,FALSE,TRUE,1,"GSE145668,GSE145669"
"GSE145668,GSE145669p11_sc32",4,TRUE,FALSE,TRUE,1,"GSE145668,GSE145669"
"GSE145668,GSE145669p11_sc33",4,TRUE,FALSE,TRUE,1,"GSE145668,GSE145669"
"GSE145668,GSE145669p11_sc35",4,TRUE,FALSE,TRUE,1,"GSE145668,GSE145669"
"GSE145668,GSE145669p11_sc36",4,TRUE,FALSE,TRUE,1,"GSE145668,GSE145669"
"GSE145668,GSE145669p11_sc37",4,TRUE,FALSE,TRUE,0.943894108845786,"GSE145668,GSE145669"
"GSE145668,GSE145669p11_sc38",4,TRUE,FALSE,TRUE,0.974725030746051,"GSE145668,GSE145669"
"GSE145668,GSE145669p11_sc39",4,TRUE,FALSE,TRUE,1,"GSE145668,GSE145669"
"GSE145668,GSE145669p11_sc40",4,TRUE,FALSE,TRUE,1,"GSE145668,GSE145669"
"GSE145668,GSE145669p11_sc41",4,TRUE,FALSE,TRUE,0.983429742710468,"GSE145668,GSE145669"
"GSE145668,GSE145669p11_sc42",4,TRUE,FALSE,TRUE,1,"GSE145668,GSE145669"
"GSE145668,GSE145669p11_sc43",4,TRUE,FALSE,TRUE,1,"GSE145668,GSE145669"
"GSE145668,GSE145669p11_sc44",4,TRUE,FALSE,TRUE,0.998181311736367,"GSE145668,GSE145669"
"GSE145668,GSE145669p11_sc45",4,TRUE,FALSE,TRUE,1,"GSE145668,GSE145669"
"GSE145668,GSE145669p11_sc46",4,TRUE,FALSE,TRUE,1,"GSE145668,GSE145669"
"GSE145668,GSE145669p11_sc47",4,TRUE,FALSE,TRUE,1,"GSE145668,GSE145669"
"GSE145668,GSE145669p11_sc48",4,TRUE,FALSE,TRUE,1,"GSE145668,GSE145669"
"GSE145668,GSE145669p11_sc49",4,TRUE,FALSE,TRUE,1,"GSE145668,GSE145669"
"GSE145668,GSE145669p11_sc50",4,TRUE,FALSE,TRUE,0.886443781493063,"GSE145668,GSE145669"
"GSE145668,GSE145669p11_sc51",4,TRUE,FALSE,TRUE,1,"GSE145668,GSE145669"
"GSE145668,GSE145669p11_sc52",4,TRUE,FALSE,TRUE,0.997438945375371,"GSE145668,GSE145669"
"GSE145668,GSE145669p11_sc53",3,TRUE,FALSE,TRUE,0.952061862130949,"GSE145668,GSE145669"
"GSE145668,GSE145669p11_sc54",4,TRUE,FALSE,TRUE,0.978309968877199,"GSE145668,GSE145669"
"GSE145668,GSE145669p11_sc55",4,TRUE,FALSE,TRUE,0.984359248838034,"GSE145668,GSE145669"
"GSE145668,GSE145669p11_sc56",4,TRUE,FALSE,TRUE,0.910100706201212,"GSE145668,GSE145669"
"GSE145668,GSE145669p11_sc57",4,TRUE,FALSE,TRUE,1,"GSE145668,GSE145669"
"GSE145668,GSE145669p11_sc58",4,TRUE,FALSE,TRUE,1,"GSE145668,GSE145669"
"GSE145668,GSE145669p11_sc59",4,TRUE,FALSE,TRUE,0.993407497233001,"GSE145668,GSE145669"
"GSE145668,GSE145669p11_sc60",4,TRUE,FALSE,TRUE,1,"GSE145668,GSE145669"
"GSE145668,GSE145669p11_sc61",4,TRUE,FALSE,TRUE,0.99360848197608,"GSE145668,GSE145669"
"GSE145668,GSE145669p11_sc62",4,TRUE,FALSE,TRUE,1,"GSE145668,GSE145669"
"GSE145668,GSE145669p11_sc63",3,TRUE,FALSE,TRUE,0.970643474053136,"GSE145668,GSE145669"
"GSE145668,GSE145669p11_sc64",4,TRUE,FALSE,TRUE,1,"GSE145668,GSE145669"
"GSE145668,GSE145669p11_sc65",4,TRUE,FALSE,TRUE,1,"GSE145668,GSE145669"
"GSE145668,GSE145669p11_sc66",4,TRUE,FALSE,TRUE,1,"GSE145668,GSE145669"
"GSE145668,GSE145669p11_sc67",4,TRUE,FALSE,TRUE,1,"GSE145668,GSE145669"
"GSE145668,GSE145669p11_sc68",4,TRUE,FALSE,TRUE,0.973558741736595,"GSE145668,GSE145669"
"GSE145668,GSE145669p11_sc69",4,TRUE,FALSE,TRUE,0.996857235771998,"GSE145668,GSE145669"
"GSE145668,GSE145669p11_sc70",4,TRUE,FALSE,TRUE,1,"GSE145668,GSE145669"
"GSE145668,GSE145669p11_sc71",4,TRUE,FALSE,TRUE,1,"GSE145668,GSE145669"
"GSE145668,GSE145669p11_sc72",4,TRUE,FALSE,TRUE,1,"GSE145668,GSE145669"
"GSE145668,GSE145669p11_sc73",4,TRUE,FALSE,TRUE,0.951518559524276,"GSE145668,GSE145669"
"GSE145668,GSE145669p11_sc74",4,TRUE,FALSE,TRUE,1,"GSE145668,GSE145669"
"GSE145668,GSE145669p11_sc75",4,TRUE,FALSE,TRUE,1,"GSE145668,GSE145669"
"GSE145668,GSE145669p11_sc77",4,TRUE,FALSE,TRUE,0.967182253982294,"GSE145668,GSE145669"
"GSE145668,GSE145669p11_sc78",4,TRUE,FALSE,TRUE,0.995561824896524,"GSE145668,GSE145669"
"GSE145668,GSE145669p11_sc79",4,TRUE,FALSE,TRUE,1,"GSE145668,GSE145669"
"GSE145668,GSE145669p11_sc80",4,TRUE,FALSE,TRUE,0.980857159780867,"GSE145668,GSE145669"
"GSE145668,GSE145669p11_sc81",4,TRUE,FALSE,TRUE,0.995603890470453,"GSE145668,GSE145669"
"GSE145668,GSE145669p11_sc82",4,TRUE,FALSE,TRUE,1,"GSE145668,GSE145669"
"GSE145668,GSE145669p11_sc83",4,TRUE,FALSE,TRUE,1,"GSE145668,GSE145669"
"GSE145668,GSE145669p11_sc84",4,TRUE,FALSE,TRUE,1,"GSE145668,GSE145669"
"GSE145668,GSE145669p11_sc85",4,TRUE,FALSE,TRUE,0.984530654023985,"GSE145668,GSE145669"
"GSE145668,GSE145669p11_sc86",4,TRUE,FALSE,TRUE,1,"GSE145668,GSE145669"
"GSE145668,GSE145669p11_sc87",4,TRUE,FALSE,TRUE,1,"GSE145668,GSE145669"
"GSE145668,GSE145669p11_sc88",4,TRUE,FALSE,TRUE,0.999990506160045,"GSE145668,GSE145669"
"GSE145668,GSE145669p11_sc89",4,TRUE,FALSE,TRUE,0.932974157480813,"GSE145668,GSE145669"
"GSE145668,GSE145669p11_sc90",4,TRUE,FALSE,TRUE,0.936671144300886,"GSE145668,GSE145669"
"GSE145668,GSE145669p11_sc91",4,TRUE,FALSE,TRUE,1,"GSE145668,GSE145669"
"GSE145668,GSE145669p11_sc92",4,TRUE,FALSE,TRUE,1,"GSE145668,GSE145669"
"GSE145668,GSE145669p11_sc93",4,TRUE,FALSE,TRUE,1,"GSE145668,GSE145669"
"GSE145668,GSE145669p11_sc94",4,TRUE,FALSE,TRUE,1,"GSE145668,GSE145669"
"GSE145668,GSE145669p11_sc95",4,TRUE,FALSE,TRUE,1,"GSE145668,GSE145669"
"GSE145668,GSE145669p11_sc96",4,TRUE,FALSE,TRUE,1,"GSE145668,GSE145669"
"GSE145668,GSE145669p13_sc01",2,TRUE,FALSE,TRUE,0.949159652321543,"GSE145668,GSE145669"
"GSE145668,GSE145669p13_sc02",2,TRUE,FALSE,TRUE,0.97533784498525,"GSE145668,GSE145669"
"GSE145668,GSE145669p13_sc04",2,TRUE,FALSE,TRUE,0.959411877795122,"GSE145668,GSE145669"
"GSE145668,GSE145669p13_sc06",2,TRUE,FALSE,TRUE,0.973858702846933,"GSE145668,GSE145669"
"GSE145668,GSE145669p13_sc07",2,TRUE,FALSE,TRUE,0.803389183814206,"GSE145668,GSE145669"
"GSE145668,GSE145669p13_sc08",2,TRUE,FALSE,TRUE,0.963297624329096,"GSE145668,GSE145669"
"GSE145668,GSE145669p13_sc10",2,TRUE,FALSE,TRUE,0.989778495868926,"GSE145668,GSE145669"
"GSE145668,GSE145669p13_sc11",2,TRUE,FALSE,TRUE,0.902477088242523,"GSE145668,GSE145669"
"GSE145668,GSE145669p13_sc16",2,TRUE,FALSE,TRUE,0.859401882605056,"GSE145668,GSE145669"
"GSE145668,GSE145669p13_sc18",2,TRUE,FALSE,TRUE,1,"GSE145668,GSE145669"
"GSE145668,GSE145669p13_sc19",2,TRUE,FALSE,TRUE,0.995236252495916,"GSE145668,GSE145669"
"GSE145668,GSE145669p13_sc22",2,TRUE,FALSE,TRUE,0.869070790958693,"GSE145668,GSE145669"
"GSE145668,GSE145669p13_sc24",2,TRUE,FALSE,TRUE,0.97317782777443,"GSE145668,GSE145669"
"GSE145668,GSE145669p13_sc25",2,TRUE,FALSE,TRUE,0.920060437485493,"GSE145668,GSE145669"
"GSE145668,GSE145669p13_sc26",2,TRUE,FALSE,TRUE,0.930336694987057,"GSE145668,GSE145669"
"GSE145668,GSE145669p13_sc27",2,TRUE,FALSE,TRUE,1,"GSE145668,GSE145669"
"GSE145668,GSE145669p13_sc28",2,TRUE,FALSE,TRUE,0.861269859203391,"GSE145668,GSE145669"
"GSE145668,GSE145669p13_sc30",2,TRUE,FALSE,TRUE,0.83816083398661,"GSE145668,GSE145669"
"GSE145668,GSE145669p13_sc31",2,TRUE,FALSE,TRUE,0.896773145531721,"GSE145668,GSE145669"
"GSE145668,GSE145669p13_sc32",2,TRUE,FALSE,TRUE,0.962034870446029,"GSE145668,GSE145669"
"GSE145668,GSE145669p13_sc33",2,TRUE,FALSE,TRUE,0.943917080672441,"GSE145668,GSE145669"
"GSE145668,GSE145669p13_sc39",2,TRUE,FALSE,TRUE,1,"GSE145668,GSE145669"
"GSE145668,GSE145669p13_sc40",2,TRUE,FALSE,TRUE,0.961051184872744,"GSE145668,GSE145669"
"GSE145668,GSE145669p13_sc41",2,TRUE,FALSE,TRUE,0.920876107249156,"GSE145668,GSE145669"
"GSE145668,GSE145669p13_sc42",2,TRUE,FALSE,TRUE,0.967120404121477,"GSE145668,GSE145669"
"GSE145668,GSE145669p13_sc43",2,TRUE,FALSE,TRUE,0.929548366268474,"GSE145668,GSE145669"
"GSE145668,GSE145669p13_sc46",2,TRUE,FALSE,TRUE,0.942931154698032,"GSE145668,GSE145669"
"GSE145668,GSE145669p13_sc47",2,TRUE,FALSE,TRUE,0.932829831731123,"GSE145668,GSE145669"
"GSE145668,GSE145669p13_sc48",2,TRUE,FALSE,TRUE,0.86683457017717,"GSE145668,GSE145669"
"GSE145668,GSE145669p13_sc49",2,TRUE,FALSE,TRUE,0.988932548381864,"GSE145668,GSE145669"
"GSE145668,GSE145669p13_sc50",2,TRUE,FALSE,TRUE,0.96184663843445,"GSE145668,GSE145669"
"GSE145668,GSE145669p13_sc51",2,TRUE,FALSE,TRUE,0.751971869832765,"GSE145668,GSE145669"
"GSE145668,GSE145669p13_sc54",2,TRUE,FALSE,TRUE,0.747149683477745,"GSE145668,GSE145669"
"GSE145668,GSE145669p13_sc56",2,TRUE,FALSE,TRUE,1,"GSE145668,GSE145669"
"GSE145668,GSE145669p13_sc59",2,TRUE,FALSE,TRUE,0.769813289220901,"GSE145668,GSE145669"
"GSE145668,GSE145669p13_sc60",2,TRUE,FALSE,TRUE,0.997096278167975,"GSE145668,GSE145669"
"GSE145668,GSE145669p13_sc63",2,TRUE,FALSE,TRUE,1,"GSE145668,GSE145669"
"GSE145668,GSE145669p13_sc64",2,TRUE,FALSE,TRUE,0.947167618259144,"GSE145668,GSE145669"
"GSE145668,GSE145669p13_sc82",2,TRUE,FALSE,TRUE,0.933073384731677,"GSE145668,GSE145669"
"GSE145668,GSE145669p13_sc86",2,TRUE,FALSE,TRUE,0.876924951046825,"GSE145668,GSE145669"
"GSE145668,GSE145669p13_sc91",2,TRUE,FALSE,TRUE,0.766657647193054,"GSE145668,GSE145669"
"GSE145668,GSE145669p14_sc01",2,TRUE,FALSE,TRUE,0.941360185489842,"GSE145668,GSE145669"
"GSE145668,GSE145669p14_sc04",2,TRUE,FALSE,TRUE,1,"GSE145668,GSE145669"
"GSE145668,GSE145669p14_sc05",2,TRUE,FALSE,TRUE,1,"GSE145668,GSE145669"
"GSE145668,GSE145669p14_sc07",2,TRUE,FALSE,TRUE,1,"GSE145668,GSE145669"
"GSE145668,GSE145669p14_sc08",2,TRUE,FALSE,TRUE,0.976412071664199,"GSE145668,GSE145669"
"GSE145668,GSE145669p14_sc11",2,TRUE,FALSE,TRUE,0.890296781381536,"GSE145668,GSE145669"
"GSE145668,GSE145669p14_sc12",2,TRUE,FALSE,TRUE,0.95220539365313,"GSE145668,GSE145669"
"GSE145668,GSE145669p14_sc14",2,TRUE,FALSE,TRUE,1,"GSE145668,GSE145669"
"GSE145668,GSE145669p14_sc16",2,TRUE,FALSE,TRUE,1,"GSE145668,GSE145669"
"GSE145668,GSE145669p14_sc17",2,TRUE,FALSE,TRUE,0.932174003311474,"GSE145668,GSE145669"
"GSE145668,GSE145669p14_sc18",2,TRUE,FALSE,TRUE,0.861705794806009,"GSE145668,GSE145669"
"GSE145668,GSE145669p14_sc19",2,TRUE,FALSE,TRUE,0.836005298180616,"GSE145668,GSE145669"
"GSE145668,GSE145669p14_sc20",2,TRUE,FALSE,TRUE,1,"GSE145668,GSE145669"
"GSE145668,GSE145669p14_sc22",2,TRUE,FALSE,TRUE,0.970735292969582,"GSE145668,GSE145669"
"GSE145668,GSE145669p14_sc24",2,TRUE,FALSE,TRUE,0.915212273796012,"GSE145668,GSE145669"
"GSE145668,GSE145669p14_sc25",2,TRUE,FALSE,TRUE,1,"GSE145668,GSE145669"
"GSE145668,GSE145669p14_sc26",2,TRUE,FALSE,TRUE,0.864119114166831,"GSE145668,GSE145669"
"GSE145668,GSE145669p14_sc27",2,TRUE,FALSE,TRUE,0.999167744775568,"GSE145668,GSE145669"
"GSE145668,GSE145669p14_sc28",2,TRUE,FALSE,TRUE,0.909721449340595,"GSE145668,GSE145669"
"GSE145668,GSE145669p14_sc30",2,TRUE,FALSE,TRUE,0.930183411745079,"GSE145668,GSE145669"
"GSE145668,GSE145669p14_sc31",2,TRUE,FALSE,TRUE,0.966788221214312,"GSE145668,GSE145669"
"GSE145668,GSE145669p14_sc41",2,TRUE,FALSE,TRUE,0.888516129310679,"GSE145668,GSE145669"
"GSE145668,GSE145669p14_sc42",2,TRUE,FALSE,TRUE,1,"GSE145668,GSE145669"
"GSE145668,GSE145669p14_sc43",2,TRUE,FALSE,TRUE,1,"GSE145668,GSE145669"
"GSE145668,GSE145669p14_sc44",2,TRUE,FALSE,TRUE,0.957252980616227,"GSE145668,GSE145669"
"GSE145668,GSE145669p14_sc45",2,TRUE,FALSE,TRUE,1,"GSE145668,GSE145669"
"GSE145668,GSE145669p14_sc46",2,TRUE,FALSE,TRUE,1,"GSE145668,GSE145669"
"GSE145668,GSE145669p14_sc51",2,TRUE,FALSE,TRUE,0.947869862701437,"GSE145668,GSE145669"
"GSE145668,GSE145669p14_sc52",2,TRUE,FALSE,TRUE,0.900597618189516,"GSE145668,GSE145669"
"GSE145668,GSE145669p14_sc53",2,TRUE,FALSE,TRUE,1,"GSE145668,GSE145669"
"GSE145668,GSE145669p14_sc54",2,TRUE,FALSE,TRUE,1,"GSE145668,GSE145669"
"GSE145668,GSE145669p14_sc56",2,TRUE,FALSE,TRUE,0.97073570851662,"GSE145668,GSE145669"
"GSE145668,GSE145669p14_sc57",2,TRUE,FALSE,TRUE,1,"GSE145668,GSE145669"
"GSE145668,GSE145669p14_sc58",2,TRUE,FALSE,TRUE,0.904668796529343,"GSE145668,GSE145669"
"GSE145668,GSE145669p14_sc59",2,TRUE,FALSE,TRUE,0.992330669814513,"GSE145668,GSE145669"
"GSE145668,GSE145669p14_sc60",2,TRUE,FALSE,TRUE,1,"GSE145668,GSE145669"
"GSE145668,GSE145669p14_sc62",2,TRUE,FALSE,TRUE,0.993922216373599,"GSE145668,GSE145669"
"GSE145668,GSE145669p14_sc63",2,TRUE,FALSE,TRUE,1,"GSE145668,GSE145669"
"GSE145668,GSE145669p14_sc64",2,TRUE,FALSE,TRUE,1,"GSE145668,GSE145669"
"GSE145668,GSE145669p14_sc65",2,TRUE,TRUE,TRUE,0.788106792859728,"GSE145668,GSE145669"
"GSE145668,GSE145669p14_sc66",2,TRUE,TRUE,TRUE,0.971274491020014,"GSE145668,GSE145669"
"GSE145668,GSE145669p14_sc67",2,TRUE,TRUE,TRUE,1,"GSE145668,GSE145669"
"GSE145668,GSE145669p14_sc68",2,TRUE,TRUE,TRUE,1,"GSE145668,GSE145669"
"GSE145668,GSE145669p14_sc69",2,TRUE,TRUE,TRUE,0.943290619759162,"GSE145668,GSE145669"
"GSE145668,GSE145669p14_sc70",2,TRUE,TRUE,TRUE,1,"GSE145668,GSE145669"
"GSE145668,GSE145669p14_sc71",2,TRUE,TRUE,TRUE,0.962012778741715,"GSE145668,GSE145669"
"GSE145668,GSE145669p14_sc72",2,TRUE,TRUE,TRUE,0.978958940292304,"GSE145668,GSE145669"
"GSE145668,GSE145669p14_sc73",2,TRUE,FALSE,TRUE,0.925968098908716,"GSE145668,GSE145669"
"GSE145668,GSE145669p14_sc74",2,TRUE,FALSE,TRUE,0.854032675493576,"GSE145668,GSE145669"
"GSE145668,GSE145669p14_sc75",2,TRUE,FALSE,TRUE,0.922517527996001,"GSE145668,GSE145669"
"GSE145668,GSE145669p14_sc77",2,TRUE,FALSE,TRUE,0.946477538324068,"GSE145668,GSE145669"
"GSE145668,GSE145669p14_sc78",2,TRUE,FALSE,TRUE,1,"GSE145668,GSE145669"
"GSE145668,GSE145669p14_sc79",2,TRUE,FALSE,TRUE,0.98222364128655,"GSE145668,GSE145669"
"GSE145668,GSE145669p14_sc80",2,TRUE,FALSE,TRUE,0.818605841134347,"GSE145668,GSE145669"
"GSE145668,GSE145669p14_sc81",2,TRUE,FALSE,TRUE,0.74080217239671,"GSE145668,GSE145669"
"GSE145668,GSE145669p14_sc82",2,TRUE,FALSE,TRUE,1,"GSE145668,GSE145669"
"GSE145668,GSE145669p14_sc83",2,TRUE,FALSE,TRUE,0.908215666253174,"GSE145668,GSE145669"
"GSE145668,GSE145669p14_sc84",2,TRUE,FALSE,TRUE,0.910290315750967,"GSE145668,GSE145669"
"GSE145668,GSE145669p14_sc85",2,TRUE,FALSE,TRUE,0.924524357433905,"GSE145668,GSE145669"
"GSE145668,GSE145669p14_sc86",2,TRUE,FALSE,TRUE,0.962458189050826,"GSE145668,GSE145669"
"GSE145668,GSE145669p14_sc87",2,TRUE,FALSE,TRUE,1,"GSE145668,GSE145669"
"GSE145668,GSE145669p14_sc91",2,TRUE,FALSE,TRUE,0.91862035734089,"GSE145668,GSE145669"
"GSE145668,GSE145669p14_sc92",2,TRUE,FALSE,TRUE,0.965718448877947,"GSE145668,GSE145669"
"GSE145668,GSE145669p14_sc93",2,TRUE,FALSE,TRUE,0.905130312398664,"GSE145668,GSE145669"
"GSE145668,GSE145669p14_sc94",2,TRUE,FALSE,TRUE,1,"GSE145668,GSE145669"
"GSE145668,GSE145669p14_sc95",2,TRUE,FALSE,TRUE,1,"GSE145668,GSE145669"
"GSE145668,GSE145669p14_sc96",2,TRUE,FALSE,TRUE,0.702317564128934,"GSE145668,GSE145669"
"GSE145668,GSE145669p15_sc01",4,TRUE,FALSE,TRUE,1,"GSE145668,GSE145669"
"GSE145668,GSE145669p15_sc02",3,TRUE,FALSE,TRUE,1,"GSE145668,GSE145669"
"GSE145668,GSE145669p15_sc03",4,TRUE,FALSE,TRUE,1,"GSE145668,GSE145669"
"GSE145668,GSE145669p15_sc04",4,TRUE,FALSE,TRUE,1,"GSE145668,GSE145669"
"GSE145668,GSE145669p15_sc05",4,TRUE,FALSE,TRUE,1,"GSE145668,GSE145669"
"GSE145668,GSE145669p15_sc06",4,TRUE,FALSE,TRUE,0.973438830370194,"GSE145668,GSE145669"
"GSE145668,GSE145669p15_sc07",4,TRUE,FALSE,TRUE,0.99114983057466,"GSE145668,GSE145669"
"GSE145668,GSE145669p15_sc08",4,TRUE,FALSE,TRUE,1,"GSE145668,GSE145669"
"GSE145668,GSE145669p15_sc09",3,TRUE,FALSE,TRUE,0.975550505187182,"GSE145668,GSE145669"
"GSE145668,GSE145669p15_sc10",4,TRUE,FALSE,TRUE,0.9888523888378,"GSE145668,GSE145669"
"GSE145668,GSE145669p15_sc11",4,TRUE,FALSE,TRUE,0.986075055844106,"GSE145668,GSE145669"
"GSE145668,GSE145669p15_sc12",4,TRUE,FALSE,TRUE,1,"GSE145668,GSE145669"
"GSE145668,GSE145669p15_sc13",3,TRUE,FALSE,TRUE,1,"GSE145668,GSE145669"
"GSE145668,GSE145669p15_sc14",4,TRUE,FALSE,TRUE,1,"GSE145668,GSE145669"
"GSE145668,GSE145669p15_sc15",3,TRUE,FALSE,TRUE,1,"GSE145668,GSE145669"
"GSE145668,GSE145669p15_sc16",4,TRUE,FALSE,TRUE,1,"GSE145668,GSE145669"
"GSE145668,GSE145669p15_sc17",4,TRUE,FALSE,TRUE,0.999801782589297,"GSE145668,GSE145669"
"GSE145668,GSE145669p15_sc18",2,TRUE,FALSE,TRUE,0.990699253626726,"GSE145668,GSE145669"
"GSE145668,GSE145669p15_sc19",3,TRUE,FALSE,TRUE,0.987254622469853,"GSE145668,GSE145669"
"GSE145668,GSE145669p15_sc20",3,TRUE,FALSE,TRUE,0.991461024388157,"GSE145668,GSE145669"
"GSE145668,GSE145669p15_sc21",3,TRUE,FALSE,TRUE,0.95327516294698,"GSE145668,GSE145669"
"GSE145668,GSE145669p15_sc22",4,TRUE,FALSE,TRUE,0.99007222351435,"GSE145668,GSE145669"
"GSE145668,GSE145669p15_sc24",4,TRUE,FALSE,TRUE,1,"GSE145668,GSE145669"
"GSE145668,GSE145669p15_sc25",4,TRUE,FALSE,TRUE,0.973558854669449,"GSE145668,GSE145669"
"GSE145668,GSE145669p15_sc26",4,TRUE,FALSE,TRUE,0.973760048904371,"GSE145668,GSE145669"
"GSE145668,GSE145669p15_sc27",4,TRUE,FALSE,TRUE,1,"GSE145668,GSE145669"
"GSE145668,GSE145669p15_sc28",4,TRUE,FALSE,TRUE,0.979812469136217,"GSE145668,GSE145669"
"GSE145668,GSE145669p15_sc29",4,TRUE,FALSE,TRUE,0.933732091020742,"GSE145668,GSE145669"
"GSE145668,GSE145669p15_sc30",3,TRUE,FALSE,TRUE,1,"GSE145668,GSE145669"
"GSE145668,GSE145669p15_sc31",2,TRUE,TRUE,TRUE,1,"GSE145668,GSE145669"
"GSE145668,GSE145669p15_sc32",4,TRUE,FALSE,TRUE,1,"GSE145668,GSE145669"
"GSE145668,GSE145669p15_sc33",4,TRUE,FALSE,TRUE,0.966859784338841,"GSE145668,GSE145669"
"GSE145668,GSE145669p15_sc35",3,TRUE,FALSE,TRUE,1,"GSE145668,GSE145669"
"GSE145668,GSE145669p15_sc36",3,TRUE,FALSE,TRUE,0.946939213713394,"GSE145668,GSE145669"
"GSE145668,GSE145669p15_sc37",4,TRUE,FALSE,TRUE,0.921912407266597,"GSE145668,GSE145669"
"GSE145668,GSE145669p15_sc38",4,TRUE,FALSE,TRUE,0.996234613813819,"GSE145668,GSE145669"
"GSE145668,GSE145669p15_sc39",3,TRUE,FALSE,TRUE,0.925844996673731,"GSE145668,GSE145669"
"GSE145668,GSE145669p15_sc40",4,TRUE,FALSE,TRUE,0.931520377197097,"GSE145668,GSE145669"
"GSE145668,GSE145669p15_sc41",4,TRUE,FALSE,TRUE,0.871328033523137,"GSE145668,GSE145669"
"GSE145668,GSE145669p15_sc42",4,TRUE,FALSE,TRUE,1,"GSE145668,GSE145669"
"GSE145668,GSE145669p15_sc43",4,TRUE,FALSE,TRUE,0.97052700530809,"GSE145668,GSE145669"
"GSE145668,GSE145669p15_sc44",2,TRUE,TRUE,TRUE,0.971574255716822,"GSE145668,GSE145669"
"GSE145668,GSE145669p15_sc45",4,TRUE,FALSE,TRUE,1,"GSE145668,GSE145669"
"GSE145668,GSE145669p15_sc46",4,TRUE,FALSE,TRUE,0.994787349189852,"GSE145668,GSE145669"
"GSE145668,GSE145669p15_sc47",4,TRUE,FALSE,TRUE,1,"GSE145668,GSE145669"
"GSE145668,GSE145669p15_sc48",3,TRUE,FALSE,TRUE,0.9677987131123,"GSE145668,GSE145669"
"GSE145668,GSE145669p15_sc49",4,TRUE,FALSE,TRUE,0.945834574141786,"GSE145668,GSE145669"
"GSE145668,GSE145669p15_sc50",4,TRUE,FALSE,TRUE,0.957139201833079,"GSE145668,GSE145669"
"GSE145668,GSE145669p15_sc51",3,TRUE,FALSE,TRUE,0.986831269207903,"GSE145668,GSE145669"
"GSE145668,GSE145669p15_sc52",4,TRUE,FALSE,TRUE,0.988902083175151,"GSE145668,GSE145669"
"GSE145668,GSE145669p15_sc53",4,TRUE,FALSE,TRUE,1,"GSE145668,GSE145669"
"GSE145668,GSE145669p15_sc54",3,TRUE,FALSE,TRUE,0.948575805980022,"GSE145668,GSE145669"
"GSE145668,GSE145669p15_sc55",3,TRUE,FALSE,TRUE,0.969494643549697,"GSE145668,GSE145669"
"GSE145668,GSE145669p15_sc56",2,TRUE,TRUE,TRUE,0.959204320376882,"GSE145668,GSE145669"
"GSE145668,GSE145669p15_sc57",4,TRUE,FALSE,TRUE,1,"GSE145668,GSE145669"
"GSE145668,GSE145669p15_sc58",4,TRUE,FALSE,TRUE,1,"GSE145668,GSE145669"
"GSE145668,GSE145669p15_sc59",2,TRUE,TRUE,TRUE,0.960868376686816,"GSE145668,GSE145669"
"GSE145668,GSE145669p15_sc60",4,TRUE,FALSE,TRUE,1,"GSE145668,GSE145669"
"GSE145668,GSE145669p15_sc61",3,TRUE,FALSE,TRUE,0.97083853845729,"GSE145668,GSE145669"
"GSE145668,GSE145669p15_sc62",3,TRUE,FALSE,TRUE,0.934033154005436,"GSE145668,GSE145669"
"GSE145668,GSE145669p15_sc63",4,TRUE,FALSE,TRUE,1,"GSE145668,GSE145669"
"GSE145668,GSE145669p15_sc64",4,TRUE,FALSE,TRUE,1,"GSE145668,GSE145669"
"GSE145668,GSE145669p15_sc65",3,TRUE,FALSE,TRUE,0.920269714856599,"GSE145668,GSE145669"
"GSE145668,GSE145669p15_sc66",3,TRUE,FALSE,TRUE,1,"GSE145668,GSE145669"
"GSE145668,GSE145669p15_sc67",3,TRUE,FALSE,TRUE,1,"GSE145668,GSE145669"
"GSE145668,GSE145669p15_sc68",2,TRUE,FALSE,TRUE,0.929191962531248,"GSE145668,GSE145669"
"GSE145668,GSE145669p15_sc69",4,TRUE,FALSE,TRUE,0.940931060598344,"GSE145668,GSE145669"
"GSE145668,GSE145669p15_sc70",3,TRUE,FALSE,TRUE,1,"GSE145668,GSE145669"
"GSE145668,GSE145669p15_sc71",3,TRUE,FALSE,TRUE,1,"GSE145668,GSE145669"
"GSE145668,GSE145669p15_sc72",3,TRUE,FALSE,TRUE,1,"GSE145668,GSE145669"
"GSE145668,GSE145669p15_sc73",4,TRUE,FALSE,TRUE,0.993664966434456,"GSE145668,GSE145669"
"GSE145668,GSE145669p15_sc74",3,TRUE,FALSE,TRUE,1,"GSE145668,GSE145669"
"GSE145668,GSE145669p15_sc75",3,TRUE,FALSE,TRUE,0.957790037672158,"GSE145668,GSE145669"
"GSE145668,GSE145669p15_sc77",3,TRUE,FALSE,TRUE,0.933942107599572,"GSE145668,GSE145669"
"GSE145668,GSE145669p15_sc78",3,TRUE,FALSE,TRUE,0.931442395348718,"GSE145668,GSE145669"
"GSE145668,GSE145669p15_sc79",2,TRUE,FALSE,TRUE,0.926163996524138,"GSE145668,GSE145669"
"GSE145668,GSE145669p15_sc80",2,TRUE,FALSE,TRUE,0.887403049258924,"GSE145668,GSE145669"
"GSE145668,GSE145669p15_sc81",4,TRUE,FALSE,TRUE,0.976683711801353,"GSE145668,GSE145669"
"GSE145668,GSE145669p15_sc82",3,TRUE,FALSE,TRUE,0.98776919008642,"GSE145668,GSE145669"
"GSE145668,GSE145669p15_sc83",2,TRUE,FALSE,TRUE,0.954324185999353,"GSE145668,GSE145669"
"GSE145668,GSE145669p15_sc84",4,TRUE,FALSE,TRUE,1,"GSE145668,GSE145669"
"GSE145668,GSE145669p15_sc85",3,TRUE,FALSE,TRUE,0.980356930185601,"GSE145668,GSE145669"
"GSE145668,GSE145669p15_sc86",3,TRUE,FALSE,TRUE,1,"GSE145668,GSE145669"
"GSE145668,GSE145669p15_sc87",3,TRUE,FALSE,TRUE,0.964967023668277,"GSE145668,GSE145669"
"GSE145668,GSE145669p15_sc88",4,TRUE,FALSE,TRUE,1,"GSE145668,GSE145669"
"GSE145668,GSE145669p15_sc89",2,TRUE,FALSE,TRUE,0.848105513352296,"GSE145668,GSE145669"
"GSE145668,GSE145669p15_sc90",3,TRUE,FALSE,TRUE,0.940978328914048,"GSE145668,GSE145669"
"GSE145668,GSE145669p15_sc91",4,TRUE,FALSE,TRUE,1,"GSE145668,GSE145669"
"GSE145668,GSE145669p15_sc92",3,TRUE,FALSE,TRUE,0.978601233188761,"GSE145668,GSE145669"
"GSE145668,GSE145669p15_sc93",4,TRUE,FALSE,TRUE,0.979337488506285,"GSE145668,GSE145669"
"GSE145668,GSE145669p15_sc94",3,TRUE,FALSE,TRUE,1,"GSE145668,GSE145669"
"GSE145668,GSE145669p15_sc95",3,TRUE,FALSE,TRUE,1,"GSE145668,GSE145669"
"GSE145668,GSE145669p15_sc96",3,TRUE,FALSE,TRUE,0.915761448662737,"GSE145668,GSE145669"
"GSE145668,GSE145669p16_sc17",2,TRUE,FALSE,TRUE,0.903857617579122,"GSE145668,GSE145669"
"GSE145668,GSE145669p16_sc18",2,TRUE,FALSE,TRUE,1,"GSE145668,GSE145669"
"GSE145668,GSE145669p16_sc21",2,TRUE,FALSE,TRUE,1,"GSE145668,GSE145669"
"GSE145668,GSE145669p16_sc22",2,TRUE,FALSE,TRUE,0.916419693454445,"GSE145668,GSE145669"
"GSE145668,GSE145669p16_sc24",2,TRUE,FALSE,TRUE,0.955183905267112,"GSE145668,GSE145669"
"GSE145668,GSE145669p16_sc25",2,TRUE,FALSE,TRUE,1,"GSE145668,GSE145669"
"GSE145668,GSE145669p16_sc26",2,TRUE,FALSE,TRUE,1,"GSE145668,GSE145669"
"GSE145668,GSE145669p16_sc28",2,TRUE,FALSE,TRUE,0.9626260901483,"GSE145668,GSE145669"
"GSE145668,GSE145669p16_sc29",2,TRUE,FALSE,TRUE,0.994230502774341,"GSE145668,GSE145669"
"GSE145668,GSE145669p16_sc32",2,TRUE,FALSE,TRUE,1,"GSE145668,GSE145669"
"GSE145668,GSE145669p16_sc33",2,TRUE,FALSE,TRUE,0.850862209857651,"GSE145668,GSE145669"
"GSE145668,GSE145669p16_sc35",2,TRUE,FALSE,TRUE,0.997942203061906,"GSE145668,GSE145669"
"GSE145668,GSE145669p16_sc36",2,TRUE,FALSE,TRUE,0.989173790872608,"GSE145668,GSE145669"
"GSE145668,GSE145669p16_sc37",2,TRUE,FALSE,TRUE,1,"GSE145668,GSE145669"
"GSE145668,GSE145669p16_sc38",2,TRUE,FALSE,TRUE,0.923285482173121,"GSE145668,GSE145669"
"GSE145668,GSE145669p16_sc40",2,TRUE,FALSE,TRUE,0.997607073595491,"GSE145668,GSE145669"
"GSE145668,GSE145669p16_sc41",2,TRUE,FALSE,TRUE,1,"GSE145668,GSE145669"
"GSE145668,GSE145669p16_sc42",2,TRUE,FALSE,TRUE,1,"GSE145668,GSE145669"
"GSE145668,GSE145669p16_sc43",2,TRUE,FALSE,TRUE,1,"GSE145668,GSE145669"
"GSE145668,GSE145669p16_sc44",2,TRUE,FALSE,TRUE,0.888476746863933,"GSE145668,GSE145669"
"GSE145668,GSE145669p16_sc47",2,TRUE,FALSE,TRUE,1,"GSE145668,GSE145669"
"GSE145668,GSE145669p16_sc48",2,TRUE,FALSE,TRUE,0.976965758103113,"GSE145668,GSE145669"
"GSE145668,GSE145669p16_sc49",2,TRUE,FALSE,TRUE,0.91449280550553,"GSE145668,GSE145669"
"GSE145668,GSE145669p16_sc50",2,TRUE,FALSE,TRUE,0.827437004505641,"GSE145668,GSE145669"
"GSE145668,GSE145669p16_sc52",2,TRUE,FALSE,TRUE,1,"GSE145668,GSE145669"
"GSE145668,GSE145669p16_sc54",2,TRUE,FALSE,TRUE,0.901438800473693,"GSE145668,GSE145669"
"GSE145668,GSE145669p16_sc55",2,TRUE,FALSE,TRUE,1,"GSE145668,GSE145669"
"GSE145668,GSE145669p16_sc57",2,TRUE,FALSE,TRUE,0.915861384780397,"GSE145668,GSE145669"
"GSE145668,GSE145669p16_sc59",2,TRUE,FALSE,TRUE,1,"GSE145668,GSE145669"
"GSE145668,GSE145669p16_sc60",2,TRUE,FALSE,TRUE,1,"GSE145668,GSE145669"
"GSE145668,GSE145669p16_sc62",2,TRUE,FALSE,TRUE,0.988157162685631,"GSE145668,GSE145669"
"GSE145668,GSE145669p16_sc63",2,TRUE,FALSE,TRUE,0.872561999930694,"GSE145668,GSE145669"
"GSE145668,GSE145669p16_sc64",2,TRUE,FALSE,TRUE,0.837658888178244,"GSE145668,GSE145669"
"GSE145668,GSE145669p16_sc65",2,TRUE,FALSE,TRUE,0.907403598754771,"GSE145668,GSE145669"
"GSE145668,GSE145669p16_sc66",2,TRUE,FALSE,TRUE,0.95821041517087,"GSE145668,GSE145669"
"GSE145668,GSE145669p16_sc67",2,TRUE,FALSE,TRUE,0.963266331749324,"GSE145668,GSE145669"
"GSE145668,GSE145669p16_sc68",2,TRUE,FALSE,TRUE,0.875079998944781,"GSE145668,GSE145669"
"GSE145668,GSE145669p16_sc70",2,TRUE,FALSE,TRUE,0.973901512960953,"GSE145668,GSE145669"
"GSE145668,GSE145669p16_sc71",2,TRUE,FALSE,TRUE,0.867372324491718,"GSE145668,GSE145669"
"GSE145668,GSE145669p16_sc72",2,TRUE,FALSE,TRUE,0.957673564071547,"GSE145668,GSE145669"
"GSE145668,GSE145669p16_sc73",2,TRUE,FALSE,TRUE,0.962522036687531,"GSE145668,GSE145669"
"GSE145668,GSE145669p16_sc74",2,TRUE,FALSE,TRUE,1,"GSE145668,GSE145669"
"GSE145668,GSE145669p16_sc75",2,TRUE,FALSE,TRUE,1,"GSE145668,GSE145669"
"GSE145668,GSE145669p16_sc77",2,TRUE,FALSE,TRUE,0.902959700507137,"GSE145668,GSE145669"
"GSE145668,GSE145669p16_sc78",2,TRUE,FALSE,TRUE,1,"GSE145668,GSE145669"
"GSE145668,GSE145669p16_sc79",2,TRUE,FALSE,TRUE,0.843141645672783,"GSE145668,GSE145669"
"GSE145668,GSE145669p16_sc80",2,TRUE,FALSE,TRUE,1,"GSE145668,GSE145669"
"GSE145668,GSE145669p16_sc81",2,TRUE,FALSE,TRUE,0.892474255427773,"GSE145668,GSE145669"
"GSE145668,GSE145669p16_sc82",2,TRUE,FALSE,TRUE,0.955372549544275,"GSE145668,GSE145669"
"GSE145668,GSE145669p16_sc84",2,TRUE,FALSE,TRUE,0.910615588900899,"GSE145668,GSE145669"
"GSE145668,GSE145669p16_sc85",2,TRUE,FALSE,TRUE,0.943649242281983,"GSE145668,GSE145669"
"GSE145668,GSE145669p16_sc86",2,TRUE,FALSE,TRUE,0.880737898482469,"GSE145668,GSE145669"
"GSE145668,GSE145669p16_sc87",2,TRUE,FALSE,TRUE,0.963984487032132,"GSE145668,GSE145669"
"GSE145668,GSE145669p16_sc88",2,TRUE,FALSE,TRUE,1,"GSE145668,GSE145669"
"GSE145668,GSE145669p16_sc89",2,TRUE,FALSE,TRUE,0.807532197445709,"GSE145668,GSE145669"
"GSE145668,GSE145669p16_sc90",2,TRUE,FALSE,TRUE,1,"GSE145668,GSE145669"
"GSE145668,GSE145669p16_sc91",2,TRUE,FALSE,TRUE,0.901445120808466,"GSE145668,GSE145669"
"GSE145668,GSE145669p16_sc94",2,TRUE,FALSE,TRUE,0.933428925785268,"GSE145668,GSE145669"
"GSE145668,GSE145669p2_sc01",4,TRUE,TRUE,TRUE,0.962072640880227,"GSE145668,GSE145669"
"GSE145668,GSE145669p2_sc02",3,TRUE,FALSE,TRUE,1,"GSE145668,GSE145669"
"GSE145668,GSE145669p2_sc03",4,TRUE,TRUE,TRUE,1,"GSE145668,GSE145669"
"GSE145668,GSE145669p2_sc04",5,TRUE,FALSE,TRUE,1,"GSE145668,GSE145669"
"GSE145668,GSE145669p2_sc05",5,TRUE,FALSE,TRUE,1,"GSE145668,GSE145669"
"GSE145668,GSE145669p2_sc06",6,TRUE,FALSE,TRUE,0.995753916784284,"GSE145668,GSE145669"
"GSE145668,GSE145669p2_sc07",6,TRUE,FALSE,TRUE,1,"GSE145668,GSE145669"
"GSE145668,GSE145669p2_sc08",5,TRUE,FALSE,TRUE,1,"GSE145668,GSE145669"
"GSE145668,GSE145669p2_sc09",6,TRUE,FALSE,TRUE,0.951121175590418,"GSE145668,GSE145669"
"GSE145668,GSE145669p2_sc10",6,TRUE,FALSE,TRUE,1,"GSE145668,GSE145669"
"GSE145668,GSE145669p2_sc11",6,TRUE,FALSE,TRUE,1,"GSE145668,GSE145669"
"GSE145668,GSE145669p2_sc12",5,TRUE,FALSE,TRUE,0.99562381157791,"GSE145668,GSE145669"
"GSE145668,GSE145669p2_sc13",6,TRUE,FALSE,TRUE,1,"GSE145668,GSE145669"
"GSE145668,GSE145669p2_sc14",5,TRUE,FALSE,TRUE,0.96330157457759,"GSE145668,GSE145669"
"GSE145668,GSE145669p2_sc15",6,TRUE,FALSE,TRUE,1,"GSE145668,GSE145669"
"GSE145668,GSE145669p2_sc16",4,TRUE,FALSE,TRUE,1,"GSE145668,GSE145669"
"GSE145668,GSE145669p2_sc17",4,TRUE,FALSE,TRUE,1,"GSE145668,GSE145669"
"GSE145668,GSE145669p2_sc18",5,TRUE,FALSE,TRUE,0.970584668957089,"GSE145668,GSE145669"
"GSE145668,GSE145669p2_sc19",4,TRUE,FALSE,TRUE,0.964595060241671,"GSE145668,GSE145669"
"GSE145668,GSE145669p2_sc20",6,TRUE,FALSE,TRUE,1,"GSE145668,GSE145669"
"GSE145668,GSE145669p2_sc21",6,TRUE,FALSE,TRUE,1,"GSE145668,GSE145669"
"GSE145668,GSE145669p2_sc22",6,TRUE,FALSE,TRUE,0.976024343878373,"GSE145668,GSE145669"
"GSE145668,GSE145669p2_sc24",3,TRUE,FALSE,TRUE,1,"GSE145668,GSE145669"
"GSE145668,GSE145669p2_sc25",6,TRUE,FALSE,TRUE,1,"GSE145668,GSE145669"
"GSE145668,GSE145669p2_sc26",3,TRUE,TRUE,TRUE,0.96400457984146,"GSE145668,GSE145669"
"GSE145668,GSE145669p2_sc27",5,TRUE,FALSE,TRUE,0.972131732854128,"GSE145668,GSE145669"
"GSE145668,GSE145669p2_sc28",5,TRUE,FALSE,TRUE,0.977357808752441,"GSE145668,GSE145669"
"GSE145668,GSE145669p2_sc29",6,TRUE,FALSE,TRUE,0.965181934540322,"GSE145668,GSE145669"
"GSE145668,GSE145669p2_sc30",6,TRUE,FALSE,TRUE,1,"GSE145668,GSE145669"
"GSE145668,GSE145669p2_sc31",6,TRUE,FALSE,TRUE,1,"GSE145668,GSE145669"
"GSE145668,GSE145669p2_sc32",5,TRUE,FALSE,TRUE,1,"GSE145668,GSE145669"
"GSE145668,GSE145669p2_sc33",6,TRUE,FALSE,TRUE,1,"GSE145668,GSE145669"
"GSE145668,GSE145669p2_sc35",6,TRUE,FALSE,TRUE,1,"GSE145668,GSE145669"
"GSE145668,GSE145669p2_sc36",5,TRUE,FALSE,TRUE,1,"GSE145668,GSE145669"
"GSE145668,GSE145669p2_sc37",6,TRUE,FALSE,TRUE,0.972157909108159,"GSE145668,GSE145669"
"GSE145668,GSE145669p2_sc38",6,TRUE,FALSE,TRUE,1,"GSE145668,GSE145669"
"GSE145668,GSE145669p2_sc39",5,TRUE,FALSE,TRUE,1,"GSE145668,GSE145669"
"GSE145668,GSE145669p2_sc40",6,TRUE,FALSE,TRUE,1,"GSE145668,GSE145669"
"GSE145668,GSE145669p2_sc41",6,TRUE,FALSE,TRUE,1,"GSE145668,GSE145669"
"GSE145668,GSE145669p2_sc42",5,TRUE,FALSE,TRUE,1,"GSE145668,GSE145669"
"GSE145668,GSE145669p2_sc43",5,TRUE,FALSE,TRUE,1,"GSE145668,GSE145669"
"GSE145668,GSE145669p2_sc44",6,TRUE,FALSE,TRUE,1,"GSE145668,GSE145669"
"GSE145668,GSE145669p2_sc45",6,TRUE,FALSE,TRUE,1,"GSE145668,GSE145669"
"GSE145668,GSE145669p2_sc46",5,TRUE,FALSE,TRUE,0.944331084088952,"GSE145668,GSE145669"
"GSE145668,GSE145669p2_sc47",6,TRUE,FALSE,TRUE,1,"GSE145668,GSE145669"
"GSE145668,GSE145669p2_sc48",6,TRUE,FALSE,TRUE,1,"GSE145668,GSE145669"
"GSE145668,GSE145669p2_sc49",4,TRUE,FALSE,TRUE,1,"GSE145668,GSE145669"
"GSE145668,GSE145669p2_sc50",6,TRUE,FALSE,TRUE,0.975404456973445,"GSE145668,GSE145669"
"GSE145668,GSE145669p2_sc51",6,TRUE,FALSE,TRUE,0.985068094906958,"GSE145668,GSE145669"
"GSE145668,GSE145669p2_sc52",6,TRUE,FALSE,TRUE,1,"GSE145668,GSE145669"
"GSE145668,GSE145669p2_sc53",6,TRUE,FALSE,TRUE,1,"GSE145668,GSE145669"
"GSE145668,GSE145669p2_sc54",2,TRUE,FALSE,TRUE,1,"GSE145668,GSE145669"
"GSE145668,GSE145669p2_sc55",5,TRUE,FALSE,TRUE,0.969581032455928,"GSE145668,GSE145669"
"GSE145668,GSE145669p2_sc56",6,TRUE,FALSE,TRUE,0.994006394752748,"GSE145668,GSE145669"
"GSE145668,GSE145669p2_sc57",6,TRUE,FALSE,TRUE,0.996340750173776,"GSE145668,GSE145669"
"GSE145668,GSE145669p2_sc58",6,TRUE,FALSE,TRUE,1,"GSE145668,GSE145669"
"GSE145668,GSE145669p2_sc59",6,TRUE,FALSE,TRUE,1,"GSE145668,GSE145669"
"GSE145668,GSE145669p2_sc60",4,TRUE,FALSE,TRUE,0.966402115921188,"GSE145668,GSE145669"
"GSE145668,GSE145669p2_sc61",3,TRUE,FALSE,TRUE,1,"GSE145668,GSE145669"
"GSE145668,GSE145669p2_sc62",6,TRUE,FALSE,TRUE,0.971605477896116,"GSE145668,GSE145669"
"GSE145668,GSE145669p2_sc63",5,TRUE,FALSE,TRUE,0.931977838248755,"GSE145668,GSE145669"
"GSE145668,GSE145669p2_sc64",5,TRUE,FALSE,TRUE,0.864563776309037,"GSE145668,GSE145669"
"GSE145668,GSE145669p2_sc65",5,TRUE,FALSE,TRUE,0.935360593052929,"GSE145668,GSE145669"
"GSE145668,GSE145669p2_sc66",5,TRUE,FALSE,TRUE,1,"GSE145668,GSE145669"
"GSE145668,GSE145669p2_sc67",6,TRUE,FALSE,TRUE,1,"GSE145668,GSE145669"
"GSE145668,GSE145669p2_sc68",5,TRUE,FALSE,TRUE,1,"GSE145668,GSE145669"
"GSE145668,GSE145669p2_sc69",6,TRUE,FALSE,TRUE,0.993366311728239,"GSE145668,GSE145669"
"GSE145668,GSE145669p2_sc70",6,TRUE,FALSE,TRUE,0.992785802158628,"GSE145668,GSE145669"
"GSE145668,GSE145669p2_sc71",6,TRUE,FALSE,TRUE,1,"GSE145668,GSE145669"
"GSE145668,GSE145669p2_sc72",6,TRUE,FALSE,TRUE,0.967715209418151,"GSE145668,GSE145669"
"GSE145668,GSE145669p2_sc73",5,TRUE,FALSE,TRUE,1,"GSE145668,GSE145669"
"GSE145668,GSE145669p2_sc74",6,TRUE,FALSE,TRUE,1,"GSE145668,GSE145669"
"GSE145668,GSE145669p2_sc75",5,TRUE,FALSE,TRUE,1,"GSE145668,GSE145669"
"GSE145668,GSE145669p2_sc77",6,TRUE,FALSE,TRUE,0.977285251014391,"GSE145668,GSE145669"
"GSE145668,GSE145669p2_sc78",6,TRUE,FALSE,TRUE,0.963223038440114,"GSE145668,GSE145669"
"GSE145668,GSE145669p2_sc79",5,TRUE,FALSE,TRUE,1,"GSE145668,GSE145669"
"GSE145668,GSE145669p2_sc80",6,TRUE,FALSE,TRUE,0.945881709684531,"GSE145668,GSE145669"
"GSE145668,GSE145669p2_sc81",6,TRUE,FALSE,TRUE,0.985567199967795,"GSE145668,GSE145669"
"GSE145668,GSE145669p2_sc82",6,TRUE,FALSE,TRUE,1,"GSE145668,GSE145669"
"GSE145668,GSE145669p2_sc83",6,TRUE,FALSE,TRUE,1,"GSE145668,GSE145669"
"GSE145668,GSE145669p2_sc84",6,TRUE,FALSE,TRUE,0.970393861209818,"GSE145668,GSE145669"
"GSE145668,GSE145669p2_sc85",6,TRUE,FALSE,TRUE,1,"GSE145668,GSE145669"
"GSE145668,GSE145669p2_sc86",6,TRUE,FALSE,TRUE,1,"GSE145668,GSE145669"
"GSE145668,GSE145669p2_sc87",6,TRUE,FALSE,TRUE,0.915374922717362,"GSE145668,GSE145669"
"GSE145668,GSE145669p2_sc88",6,TRUE,FALSE,TRUE,0.964816052414121,"GSE145668,GSE145669"
"GSE145668,GSE145669p2_sc89",5,TRUE,FALSE,TRUE,0.99883360474548,"GSE145668,GSE145669"
"GSE145668,GSE145669p2_sc90",6,TRUE,FALSE,TRUE,0.990154471285676,"GSE145668,GSE145669"
"GSE145668,GSE145669p2_sc91",6,TRUE,FALSE,TRUE,1,"GSE145668,GSE145669"
"GSE145668,GSE145669p2_sc92",5,TRUE,FALSE,TRUE,0.986228818809825,"GSE145668,GSE145669"
"GSE145668,GSE145669p2_sc93",6,TRUE,FALSE,TRUE,1,"GSE145668,GSE145669"
"GSE145668,GSE145669p2_sc94",6,TRUE,FALSE,TRUE,1,"GSE145668,GSE145669"
"GSE145668,GSE145669p2_sc95",6,TRUE,FALSE,TRUE,1,"GSE145668,GSE145669"
"GSE145668,GSE145669p2_sc96",5,TRUE,FALSE,TRUE,1,"GSE145668,GSE145669"
"GSE145668,GSE145669p3_sc01",5,TRUE,FALSE,TRUE,0.976778638993934,"GSE145668,GSE145669"
"GSE145668,GSE145669p3_sc02",4,TRUE,FALSE,TRUE,0.94941723251831,"GSE145668,GSE145669"
"GSE145668,GSE145669p3_sc03",5,TRUE,FALSE,TRUE,0.977209684973011,"GSE145668,GSE145669"
"GSE145668,GSE145669p3_sc04",4,TRUE,FALSE,TRUE,0.997295863832909,"GSE145668,GSE145669"
"GSE145668,GSE145669p3_sc05",5,TRUE,FALSE,TRUE,1,"GSE145668,GSE145669"
"GSE145668,GSE145669p3_sc06",5,TRUE,FALSE,TRUE,0.948312577780062,"GSE145668,GSE145669"
"GSE145668,GSE145669p3_sc07",5,TRUE,FALSE,TRUE,0.980513850180552,"GSE145668,GSE145669"
"GSE145668,GSE145669p3_sc08",4,TRUE,FALSE,TRUE,0.930062537982946,"GSE145668,GSE145669"
"GSE145668,GSE145669p3_sc09",5,TRUE,FALSE,TRUE,0.919880830049261,"GSE145668,GSE145669"
"GSE145668,GSE145669p3_sc10",5,TRUE,FALSE,TRUE,1,"GSE145668,GSE145669"
"GSE145668,GSE145669p3_sc11",5,TRUE,FALSE,TRUE,0.939034136285648,"GSE145668,GSE145669"
"GSE145668,GSE145669p3_sc12",4,TRUE,FALSE,TRUE,1,"GSE145668,GSE145669"
"GSE145668,GSE145669p3_sc13",5,TRUE,FALSE,TRUE,1,"GSE145668,GSE145669"
"GSE145668,GSE145669p3_sc14",5,TRUE,FALSE,TRUE,1,"GSE145668,GSE145669"
"GSE145668,GSE145669p3_sc15",5,TRUE,FALSE,TRUE,1,"GSE145668,GSE145669"
"GSE145668,GSE145669p3_sc16",5,TRUE,FALSE,TRUE,0.980285843537236,"GSE145668,GSE145669"
"GSE145668,GSE145669p3_sc17",5,TRUE,FALSE,TRUE,1,"GSE145668,GSE145669"
"GSE145668,GSE145669p3_sc18",5,TRUE,FALSE,TRUE,0.984611604092125,"GSE145668,GSE145669"
"GSE145668,GSE145669p3_sc19",5,TRUE,FALSE,TRUE,1,"GSE145668,GSE145669"
"GSE145668,GSE145669p3_sc20",5,TRUE,FALSE,TRUE,1,"GSE145668,GSE145669"
"GSE145668,GSE145669p3_sc21",5,TRUE,FALSE,TRUE,1,"GSE145668,GSE145669"
"GSE145668,GSE145669p3_sc22",5,TRUE,FALSE,TRUE,1,"GSE145668,GSE145669"
"GSE145668,GSE145669p3_sc24",4,TRUE,FALSE,TRUE,1,"GSE145668,GSE145669"
"GSE145668,GSE145669p3_sc25",4,TRUE,FALSE,TRUE,0.941945927367201,"GSE145668,GSE145669"
"GSE145668,GSE145669p3_sc26",4,TRUE,FALSE,TRUE,0.954607980285414,"GSE145668,GSE145669"
"GSE145668,GSE145669p3_sc27",5,TRUE,FALSE,TRUE,1,"GSE145668,GSE145669"
"GSE145668,GSE145669p3_sc28",5,TRUE,FALSE,TRUE,1,"GSE145668,GSE145669"
"GSE145668,GSE145669p3_sc29",4,TRUE,FALSE,TRUE,1,"GSE145668,GSE145669"
"GSE145668,GSE145669p3_sc30",4,TRUE,FALSE,TRUE,0.964629232049593,"GSE145668,GSE145669"
"GSE145668,GSE145669p3_sc31",5,TRUE,FALSE,TRUE,1,"GSE145668,GSE145669"
"GSE145668,GSE145669p3_sc32",5,TRUE,FALSE,TRUE,0.985298758184229,"GSE145668,GSE145669"
"GSE145668,GSE145669p3_sc33",5,TRUE,FALSE,TRUE,1,"GSE145668,GSE145669"
"GSE145668,GSE145669p3_sc35",5,TRUE,FALSE,TRUE,1,"GSE145668,GSE145669"
"GSE145668,GSE145669p3_sc36",4,TRUE,FALSE,TRUE,1,"GSE145668,GSE145669"
"GSE145668,GSE145669p3_sc37",5,TRUE,FALSE,TRUE,1,"GSE145668,GSE145669"
"GSE145668,GSE145669p3_sc38",5,TRUE,FALSE,TRUE,0.888380681758336,"GSE145668,GSE145669"
"GSE145668,GSE145669p3_sc39",5,TRUE,FALSE,TRUE,1,"GSE145668,GSE145669"
"GSE145668,GSE145669p3_sc40",5,TRUE,FALSE,TRUE,1,"GSE145668,GSE145669"
"GSE145668,GSE145669p3_sc41",4,TRUE,FALSE,TRUE,0.98196353607574,"GSE145668,GSE145669"
"GSE145668,GSE145669p3_sc42",5,TRUE,FALSE,TRUE,0.991280476899426,"GSE145668,GSE145669"
"GSE145668,GSE145669p3_sc43",5,TRUE,FALSE,TRUE,1,"GSE145668,GSE145669"
"GSE145668,GSE145669p3_sc44",5,TRUE,FALSE,TRUE,0.923117953950456,"GSE145668,GSE145669"
"GSE145668,GSE145669p3_sc45",5,TRUE,FALSE,TRUE,0.945792201890914,"GSE145668,GSE145669"
"GSE145668,GSE145669p3_sc46",5,TRUE,FALSE,TRUE,1,"GSE145668,GSE145669"
"GSE145668,GSE145669p3_sc47",5,TRUE,FALSE,TRUE,1,"GSE145668,GSE145669"
"GSE145668,GSE145669p3_sc48",5,TRUE,FALSE,TRUE,0.948711521630656,"GSE145668,GSE145669"
"GSE145668,GSE145669p3_sc49",5,TRUE,FALSE,TRUE,0.987053485811652,"GSE145668,GSE145669"
"GSE145668,GSE145669p3_sc50",5,TRUE,FALSE,TRUE,1,"GSE145668,GSE145669"
"GSE145668,GSE145669p3_sc51",5,TRUE,FALSE,TRUE,0.854034276339353,"GSE145668,GSE145669"
"GSE145668,GSE145669p3_sc52",5,TRUE,FALSE,TRUE,0.991215357578411,"GSE145668,GSE145669"
"GSE145668,GSE145669p3_sc53",5,TRUE,FALSE,TRUE,0.983558502202453,"GSE145668,GSE145669"
"GSE145668,GSE145669p3_sc54",3,TRUE,FALSE,TRUE,0.923629679269189,"GSE145668,GSE145669"
"GSE145668,GSE145669p3_sc55",5,TRUE,FALSE,TRUE,0.98797343827232,"GSE145668,GSE145669"
"GSE145668,GSE145669p3_sc56",5,TRUE,FALSE,TRUE,1,"GSE145668,GSE145669"
"GSE145668,GSE145669p3_sc57",5,TRUE,FALSE,TRUE,0.997675764503444,"GSE145668,GSE145669"
"GSE145668,GSE145669p3_sc58",5,TRUE,FALSE,TRUE,1,"GSE145668,GSE145669"
"GSE145668,GSE145669p3_sc59",4,TRUE,FALSE,TRUE,1,"GSE145668,GSE145669"
"GSE145668,GSE145669p3_sc60",5,TRUE,FALSE,TRUE,0.939739612113068,"GSE145668,GSE145669"
"GSE145668,GSE145669p3_sc61",5,TRUE,FALSE,TRUE,1,"GSE145668,GSE145669"
"GSE145668,GSE145669p3_sc62",5,TRUE,FALSE,TRUE,1,"GSE145668,GSE145669"
"GSE145668,GSE145669p3_sc63",5,TRUE,FALSE,TRUE,1,"GSE145668,GSE145669"
"GSE145668,GSE145669p3_sc64",4,TRUE,FALSE,TRUE,0.944011208579895,"GSE145668,GSE145669"
"GSE145668,GSE145669p3_sc65",5,TRUE,FALSE,TRUE,1,"GSE145668,GSE145669"
"GSE145668,GSE145669p3_sc66",4,TRUE,FALSE,TRUE,1,"GSE145668,GSE145669"
"GSE145668,GSE145669p3_sc67",3,TRUE,FALSE,TRUE,0.96501968744573,"GSE145668,GSE145669"
"GSE145668,GSE145669p3_sc68",5,TRUE,FALSE,TRUE,0.945953530428602,"GSE145668,GSE145669"
"GSE145668,GSE145669p3_sc69",5,TRUE,FALSE,TRUE,0.972449697366727,"GSE145668,GSE145669"
"GSE145668,GSE145669p3_sc70",4,TRUE,FALSE,TRUE,0.907152514490679,"GSE145668,GSE145669"
"GSE145668,GSE145669p3_sc71",5,TRUE,FALSE,TRUE,1,"GSE145668,GSE145669"
"GSE145668,GSE145669p3_sc72",5,TRUE,FALSE,TRUE,1,"GSE145668,GSE145669"
"GSE145668,GSE145669p3_sc73",4,TRUE,FALSE,TRUE,1,"GSE145668,GSE145669"
"GSE145668,GSE145669p3_sc74",4,TRUE,FALSE,TRUE,0.924469615594898,"GSE145668,GSE145669"
"GSE145668,GSE145669p3_sc75",4,TRUE,FALSE,TRUE,0.981847115849376,"GSE145668,GSE145669"
"GSE145668,GSE145669p3_sc77",3,TRUE,FALSE,TRUE,0.928001039411457,"GSE145668,GSE145669"
"GSE145668,GSE145669p3_sc78",4,TRUE,FALSE,TRUE,0.96147974739312,"GSE145668,GSE145669"
"GSE145668,GSE145669p3_sc79",4,TRUE,FALSE,TRUE,0.954224482463936,"GSE145668,GSE145669"
"GSE145668,GSE145669p3_sc80",4,TRUE,FALSE,TRUE,1,"GSE145668,GSE145669"
"GSE145668,GSE145669p3_sc81",3,TRUE,FALSE,TRUE,0.896219062794383,"GSE145668,GSE145669"
"GSE145668,GSE145669p3_sc82",4,TRUE,FALSE,TRUE,1,"GSE145668,GSE145669"
"GSE145668,GSE145669p3_sc83",4,TRUE,FALSE,TRUE,0.9870026782238,"GSE145668,GSE145669"
"GSE145668,GSE145669p3_sc84",4,TRUE,FALSE,TRUE,0.992381485096378,"GSE145668,GSE145669"
"GSE145668,GSE145669p3_sc85",4,TRUE,FALSE,TRUE,0.946872709217988,"GSE145668,GSE145669"
"GSE145668,GSE145669p3_sc86",3,TRUE,FALSE,TRUE,0.99483893155128,"GSE145668,GSE145669"
"GSE145668,GSE145669p3_sc87",4,TRUE,FALSE,TRUE,1,"GSE145668,GSE145669"
"GSE145668,GSE145669p3_sc88",4,TRUE,FALSE,TRUE,0.997180713415768,"GSE145668,GSE145669"
"GSE145668,GSE145669p3_sc89",3,TRUE,FALSE,TRUE,0.900297117708644,"GSE145668,GSE145669"
"GSE145668,GSE145669p3_sc90",3,TRUE,FALSE,TRUE,0.935879297357749,"GSE145668,GSE145669"
"GSE145668,GSE145669p3_sc91",3,TRUE,FALSE,TRUE,0.982189399703823,"GSE145668,GSE145669"
"GSE145668,GSE145669p3_sc92",3,TRUE,FALSE,TRUE,0.994186713487646,"GSE145668,GSE145669"
"GSE145668,GSE145669p3_sc93",3,TRUE,FALSE,TRUE,1,"GSE145668,GSE145669"
"GSE145668,GSE145669p3_sc94",3,TRUE,FALSE,TRUE,1,"GSE145668,GSE145669"
"GSE145668,GSE145669p3_sc95",3,TRUE,FALSE,TRUE,0.960703217917097,"GSE145668,GSE145669"
"GSE145668,GSE145669p3_sc96",3,TRUE,FALSE,TRUE,0.881885911442547,"GSE145668,GSE145669"
"GSE145668,GSE145669p4_sc01",6,TRUE,FALSE,TRUE,0.93642651868574,"GSE145668,GSE145669"
"GSE145668,GSE145669p4_sc02",5,TRUE,FALSE,TRUE,0.975415450703397,"GSE145668,GSE145669"
"GSE145668,GSE145669p4_sc03",6,TRUE,FALSE,TRUE,1,"GSE145668,GSE145669"
"GSE145668,GSE145669p4_sc04",6,TRUE,FALSE,TRUE,1,"GSE145668,GSE145669"
"GSE145668,GSE145669p4_sc05",5,TRUE,FALSE,TRUE,1,"GSE145668,GSE145669"
"GSE145668,GSE145669p4_sc06",6,TRUE,FALSE,TRUE,1,"GSE145668,GSE145669"
"GSE145668,GSE145669p4_sc07",5,TRUE,FALSE,TRUE,1,"GSE145668,GSE145669"
"GSE145668,GSE145669p4_sc08",5,TRUE,FALSE,TRUE,1,"GSE145668,GSE145669"
"GSE145668,GSE145669p4_sc09",6,TRUE,FALSE,TRUE,1,"GSE145668,GSE145669"
"GSE145668,GSE145669p4_sc10",6,TRUE,FALSE,TRUE,1,"GSE145668,GSE145669"
"GSE145668,GSE145669p4_sc11",6,TRUE,FALSE,TRUE,0.963452120774189,"GSE145668,GSE145669"
"GSE145668,GSE145669p4_sc12",6,TRUE,FALSE,TRUE,1,"GSE145668,GSE145669"
"GSE145668,GSE145669p4_sc13",6,TRUE,FALSE,TRUE,1,"GSE145668,GSE145669"
"GSE145668,GSE145669p4_sc14",6,TRUE,FALSE,TRUE,1,"GSE145668,GSE145669"
"GSE145668,GSE145669p4_sc15",6,TRUE,FALSE,TRUE,0.976896253389481,"GSE145668,GSE145669"
"GSE145668,GSE145669p4_sc16",6,TRUE,FALSE,TRUE,1,"GSE145668,GSE145669"
"GSE145668,GSE145669p4_sc17",5,TRUE,FALSE,TRUE,1,"GSE145668,GSE145669"
"GSE145668,GSE145669p4_sc18",6,TRUE,FALSE,TRUE,0.900956866926795,"GSE145668,GSE145669"
"GSE145668,GSE145669p4_sc19",4,TRUE,TRUE,TRUE,1,"GSE145668,GSE145669"
"GSE145668,GSE145669p4_sc20",5,TRUE,FALSE,TRUE,0.957059547496607,"GSE145668,GSE145669"
"GSE145668,GSE145669p4_sc21",5,TRUE,FALSE,TRUE,1,"GSE145668,GSE145669"
"GSE145668,GSE145669p4_sc22",6,TRUE,FALSE,TRUE,1,"GSE145668,GSE145669"
"GSE145668,GSE145669p4_sc24",5,TRUE,FALSE,TRUE,1,"GSE145668,GSE145669"
"GSE145668,GSE145669p4_sc25",6,TRUE,FALSE,TRUE,0.942909166822035,"GSE145668,GSE145669"
"GSE145668,GSE145669p4_sc26",6,TRUE,FALSE,TRUE,0.97005482182055,"GSE145668,GSE145669"
"GSE145668,GSE145669p4_sc27",6,TRUE,FALSE,TRUE,1,"GSE145668,GSE145669"
"GSE145668,GSE145669p4_sc28",6,TRUE,FALSE,TRUE,0.985933325331165,"GSE145668,GSE145669"
"GSE145668,GSE145669p4_sc29",6,TRUE,FALSE,TRUE,1,"GSE145668,GSE145669"
"GSE145668,GSE145669p4_sc30",6,TRUE,FALSE,TRUE,1,"GSE145668,GSE145669"
"GSE145668,GSE145669p4_sc31",6,TRUE,FALSE,TRUE,0.994123394347279,"GSE145668,GSE145669"
"GSE145668,GSE145669p4_sc32",4,TRUE,FALSE,TRUE,1,"GSE145668,GSE145669"
"GSE145668,GSE145669p4_sc33",5,TRUE,FALSE,TRUE,0.99347799245541,"GSE145668,GSE145669"
"GSE145668,GSE145669p4_sc35",5,TRUE,FALSE,TRUE,0.98235251837604,"GSE145668,GSE145669"
"GSE145668,GSE145669p4_sc36",6,TRUE,FALSE,TRUE,1,"GSE145668,GSE145669"
"GSE145668,GSE145669p4_sc37",6,TRUE,FALSE,TRUE,1,"GSE145668,GSE145669"
"GSE145668,GSE145669p4_sc38",6,TRUE,FALSE,TRUE,1,"GSE145668,GSE145669"
"GSE145668,GSE145669p4_sc39",6,TRUE,FALSE,TRUE,0.964646818743481,"GSE145668,GSE145669"
"GSE145668,GSE145669p4_sc40",5,TRUE,FALSE,TRUE,1,"GSE145668,GSE145669"
"GSE145668,GSE145669p4_sc41",6,TRUE,FALSE,TRUE,1,"GSE145668,GSE145669"
"GSE145668,GSE145669p4_sc42",6,TRUE,FALSE,TRUE,0.951882067528931,"GSE145668,GSE145669"
"GSE145668,GSE145669p4_sc43",6,TRUE,FALSE,TRUE,0.989727395859208,"GSE145668,GSE145669"
"GSE145668,GSE145669p4_sc44",5,TRUE,FALSE,TRUE,0.977108751550376,"GSE145668,GSE145669"
"GSE145668,GSE145669p4_sc45",5,TRUE,FALSE,TRUE,0.994761421866685,"GSE145668,GSE145669"
"GSE145668,GSE145669p4_sc46",5,TRUE,FALSE,TRUE,0.924390093457927,"GSE145668,GSE145669"
"GSE145668,GSE145669p4_sc47",6,TRUE,FALSE,TRUE,0.979894896374718,"GSE145668,GSE145669"
"GSE145668,GSE145669p4_sc48",5,TRUE,FALSE,TRUE,0.986379917682805,"GSE145668,GSE145669"
"GSE145668,GSE145669p4_sc49",4,TRUE,FALSE,TRUE,1,"GSE145668,GSE145669"
"GSE145668,GSE145669p4_sc50",5,TRUE,FALSE,TRUE,1,"GSE145668,GSE145669"
"GSE145668,GSE145669p4_sc51",5,TRUE,FALSE,TRUE,0.983662751291066,"GSE145668,GSE145669"
"GSE145668,GSE145669p4_sc52",4,TRUE,FALSE,TRUE,1,"GSE145668,GSE145669"
"GSE145668,GSE145669p4_sc53",4,TRUE,FALSE,TRUE,0.973564051316735,"GSE145668,GSE145669"
"GSE145668,GSE145669p4_sc54",5,TRUE,FALSE,TRUE,0.941769469179262,"GSE145668,GSE145669"
"GSE145668,GSE145669p4_sc55",5,TRUE,FALSE,TRUE,0.997608172615559,"GSE145668,GSE145669"
"GSE145668,GSE145669p4_sc56",5,TRUE,FALSE,TRUE,1,"GSE145668,GSE145669"
"GSE145668,GSE145669p4_sc57",5,TRUE,FALSE,TRUE,0.913185508005359,"GSE145668,GSE145669"
"GSE145668,GSE145669p4_sc58",5,TRUE,FALSE,TRUE,1,"GSE145668,GSE145669"
"GSE145668,GSE145669p4_sc59",5,TRUE,FALSE,TRUE,0.992157680511922,"GSE145668,GSE145669"
"GSE145668,GSE145669p4_sc60",5,TRUE,FALSE,TRUE,1,"GSE145668,GSE145669"
"GSE145668,GSE145669p4_sc61",5,TRUE,FALSE,TRUE,0.971151951117075,"GSE145668,GSE145669"
"GSE145668,GSE145669p4_sc62",4,TRUE,FALSE,TRUE,1,"GSE145668,GSE145669"
"GSE145668,GSE145669p4_sc63",5,TRUE,FALSE,TRUE,0.991942564612943,"GSE145668,GSE145669"
"GSE145668,GSE145669p4_sc64",5,TRUE,FALSE,TRUE,0.94154204833967,"GSE145668,GSE145669"
"GSE145668,GSE145669p4_sc65",5,TRUE,FALSE,TRUE,0.994928027438074,"GSE145668,GSE145669"
"GSE145668,GSE145669p4_sc66",5,TRUE,FALSE,TRUE,0.952022575543031,"GSE145668,GSE145669"
"GSE145668,GSE145669p4_sc67",5,TRUE,FALSE,TRUE,0.97023198204397,"GSE145668,GSE145669"
"GSE145668,GSE145669p4_sc68",5,TRUE,FALSE,TRUE,1,"GSE145668,GSE145669"
"GSE145668,GSE145669p4_sc69",5,TRUE,FALSE,TRUE,1,"GSE145668,GSE145669"
"GSE145668,GSE145669p4_sc70",5,TRUE,FALSE,TRUE,0.976268742282171,"GSE145668,GSE145669"
"GSE145668,GSE145669p4_sc71",5,TRUE,FALSE,TRUE,1,"GSE145668,GSE145669"
"GSE145668,GSE145669p4_sc72",5,TRUE,FALSE,TRUE,0.976910800024676,"GSE145668,GSE145669"
"GSE145668,GSE145669p4_sc73",5,TRUE,FALSE,TRUE,1,"GSE145668,GSE145669"
"GSE145668,GSE145669p4_sc74",4,TRUE,FALSE,TRUE,0.916528854350515,"GSE145668,GSE145669"
"GSE145668,GSE145669p4_sc75",5,TRUE,FALSE,TRUE,1,"GSE145668,GSE145669"
"GSE145668,GSE145669p4_sc77",5,TRUE,FALSE,TRUE,0.961347474510742,"GSE145668,GSE145669"
"GSE145668,GSE145669p4_sc78",3,TRUE,FALSE,TRUE,0.999371116903953,"GSE145668,GSE145669"
"GSE145668,GSE145669p4_sc79",5,TRUE,FALSE,TRUE,1,"GSE145668,GSE145669"
"GSE145668,GSE145669p4_sc80",5,TRUE,FALSE,TRUE,1,"GSE145668,GSE145669"
"GSE145668,GSE145669p4_sc81",4,TRUE,FALSE,TRUE,0.975248223448483,"GSE145668,GSE145669"
"GSE145668,GSE145669p4_sc82",4,TRUE,FALSE,TRUE,0.881094273604559,"GSE145668,GSE145669"
"GSE145668,GSE145669p4_sc83",4,TRUE,FALSE,TRUE,0.986755030985094,"GSE145668,GSE145669"
"GSE145668,GSE145669p4_sc84",4,TRUE,FALSE,TRUE,1,"GSE145668,GSE145669"
"GSE145668,GSE145669p4_sc85",4,TRUE,FALSE,TRUE,0.8889640679108,"GSE145668,GSE145669"
"GSE145668,GSE145669p4_sc86",4,TRUE,FALSE,TRUE,0.972175192369297,"GSE145668,GSE145669"
"GSE145668,GSE145669p4_sc87",4,TRUE,FALSE,TRUE,0.926792355084865,"GSE145668,GSE145669"
"GSE145668,GSE145669p4_sc88",4,TRUE,FALSE,TRUE,0.969091103937278,"GSE145668,GSE145669"
"GSE145668,GSE145669p4_sc89",4,TRUE,FALSE,TRUE,0.998112719637383,"GSE145668,GSE145669"
"GSE145668,GSE145669p4_sc90",2,TRUE,FALSE,TRUE,0.872773692528435,"GSE145668,GSE145669"
"GSE145668,GSE145669p4_sc91",4,TRUE,FALSE,TRUE,1,"GSE145668,GSE145669"
"GSE145668,GSE145669p4_sc92",4,TRUE,FALSE,TRUE,0.937246209566937,"GSE145668,GSE145669"
"GSE145668,GSE145669p4_sc93",3,TRUE,FALSE,TRUE,0.938394896818334,"GSE145668,GSE145669"
"GSE145668,GSE145669p4_sc94",4,TRUE,FALSE,TRUE,0.939712520925932,"GSE145668,GSE145669"
"GSE145668,GSE145669p4_sc95",4,TRUE,FALSE,TRUE,0.992313250541392,"GSE145668,GSE145669"
"GSE145668,GSE145669p4_sc96",4,TRUE,FALSE,TRUE,0.90492842546857,"GSE145668,GSE145669"
"GSE145668,GSE145669p5_sc01",4,TRUE,FALSE,TRUE,1,"GSE145668,GSE145669"
"GSE145668,GSE145669p5_sc02",4,TRUE,FALSE,TRUE,1,"GSE145668,GSE145669"
"GSE145668,GSE145669p5_sc03",4,TRUE,FALSE,TRUE,1,"GSE145668,GSE145669"
"GSE145668,GSE145669p5_sc04",4,TRUE,FALSE,TRUE,1,"GSE145668,GSE145669"
"GSE145668,GSE145669p5_sc05",4,TRUE,FALSE,TRUE,1,"GSE145668,GSE145669"
"GSE145668,GSE145669p5_sc06",4,TRUE,FALSE,TRUE,0.984069031216124,"GSE145668,GSE145669"
"GSE145668,GSE145669p5_sc07",4,TRUE,FALSE,TRUE,1,"GSE145668,GSE145669"
"GSE145668,GSE145669p5_sc08",4,TRUE,FALSE,TRUE,1,"GSE145668,GSE145669"
"GSE145668,GSE145669p5_sc09",4,TRUE,FALSE,TRUE,1,"GSE145668,GSE145669"
"GSE145668,GSE145669p5_sc10",4,TRUE,FALSE,TRUE,1,"GSE145668,GSE145669"
"GSE145668,GSE145669p5_sc11",4,TRUE,FALSE,TRUE,0.984829078612429,"GSE145668,GSE145669"
"GSE145668,GSE145669p5_sc12",4,TRUE,FALSE,TRUE,1,"GSE145668,GSE145669"
"GSE145668,GSE145669p5_sc13",4,TRUE,FALSE,TRUE,1,"GSE145668,GSE145669"
"GSE145668,GSE145669p5_sc14",4,TRUE,FALSE,TRUE,1,"GSE145668,GSE145669"
"GSE145668,GSE145669p5_sc15",4,TRUE,FALSE,TRUE,1,"GSE145668,GSE145669"
"GSE145668,GSE145669p5_sc16",3,TRUE,FALSE,TRUE,0.991633842129341,"GSE145668,GSE145669"
"GSE145668,GSE145669p5_sc17",4,TRUE,FALSE,TRUE,1,"GSE145668,GSE145669"
"GSE145668,GSE145669p5_sc18",4,TRUE,FALSE,TRUE,1,"GSE145668,GSE145669"
"GSE145668,GSE145669p5_sc19",4,TRUE,FALSE,TRUE,0.987473560964378,"GSE145668,GSE145669"
"GSE145668,GSE145669p5_sc20",4,TRUE,FALSE,TRUE,1,"GSE145668,GSE145669"
"GSE145668,GSE145669p5_sc21",4,TRUE,FALSE,TRUE,1,"GSE145668,GSE145669"
"GSE145668,GSE145669p5_sc22",4,TRUE,FALSE,TRUE,1,"GSE145668,GSE145669"
"GSE145668,GSE145669p5_sc24",3,TRUE,FALSE,TRUE,1,"GSE145668,GSE145669"
"GSE145668,GSE145669p5_sc25",4,TRUE,FALSE,TRUE,0.982422610672572,"GSE145668,GSE145669"
"GSE145668,GSE145669p5_sc26",4,TRUE,FALSE,TRUE,1,"GSE145668,GSE145669"
"GSE145668,GSE145669p5_sc27",4,TRUE,FALSE,TRUE,0.981893350421216,"GSE145668,GSE145669"
"GSE145668,GSE145669p5_sc28",4,TRUE,FALSE,TRUE,1,"GSE145668,GSE145669"
"GSE145668,GSE145669p5_sc29",4,TRUE,FALSE,TRUE,1,"GSE145668,GSE145669"
"GSE145668,GSE145669p5_sc30",4,TRUE,FALSE,TRUE,1,"GSE145668,GSE145669"
"GSE145668,GSE145669p5_sc31",4,TRUE,FALSE,TRUE,0.974315309475493,"GSE145668,GSE145669"
"GSE145668,GSE145669p5_sc32",3,TRUE,FALSE,TRUE,0.927366995508523,"GSE145668,GSE145669"
"GSE145668,GSE145669p5_sc33",4,TRUE,FALSE,TRUE,1,"GSE145668,GSE145669"
"GSE145668,GSE145669p5_sc35",4,TRUE,FALSE,TRUE,1,"GSE145668,GSE145669"
"GSE145668,GSE145669p5_sc36",4,TRUE,FALSE,TRUE,0.988759950756891,"GSE145668,GSE145669"
"GSE145668,GSE145669p5_sc37",4,TRUE,FALSE,TRUE,1,"GSE145668,GSE145669"
"GSE145668,GSE145669p5_sc38",4,TRUE,FALSE,TRUE,0.982686679227376,"GSE145668,GSE145669"
"GSE145668,GSE145669p5_sc39",4,TRUE,FALSE,TRUE,0.999562039254427,"GSE145668,GSE145669"
"GSE145668,GSE145669p5_sc40",4,TRUE,FALSE,TRUE,1,"GSE145668,GSE145669"
"GSE145668,GSE145669p5_sc41",3,TRUE,FALSE,TRUE,0.970041337300463,"GSE145668,GSE145669"
"GSE145668,GSE145669p5_sc42",4,TRUE,FALSE,TRUE,0.990582967853281,"GSE145668,GSE145669"
"GSE145668,GSE145669p5_sc43",4,TRUE,FALSE,TRUE,1,"GSE145668,GSE145669"
"GSE145668,GSE145669p5_sc44",4,TRUE,FALSE,TRUE,0.978040432994562,"GSE145668,GSE145669"
"GSE145668,GSE145669p5_sc45",4,TRUE,FALSE,TRUE,1,"GSE145668,GSE145669"
"GSE145668,GSE145669p5_sc46",4,TRUE,FALSE,TRUE,0.943229663109834,"GSE145668,GSE145669"
"GSE145668,GSE145669p5_sc47",4,TRUE,FALSE,TRUE,0.982666043074578,"GSE145668,GSE145669"
"GSE145668,GSE145669p5_sc48",4,TRUE,FALSE,TRUE,1,"GSE145668,GSE145669"
"GSE145668,GSE145669p5_sc49",4,TRUE,FALSE,TRUE,0.94296148995188,"GSE145668,GSE145669"
"GSE145668,GSE145669p5_sc50",4,TRUE,FALSE,TRUE,0.993494948261255,"GSE145668,GSE145669"
"GSE145668,GSE145669p5_sc51",4,TRUE,FALSE,TRUE,1,"GSE145668,GSE145669"
"GSE145668,GSE145669p5_sc52",4,TRUE,FALSE,TRUE,1,"GSE145668,GSE145669"
"GSE145668,GSE145669p5_sc53",4,TRUE,FALSE,TRUE,0.995269756185628,"GSE145668,GSE145669"
"GSE145668,GSE145669p5_sc54",4,TRUE,FALSE,TRUE,0.986780355224079,"GSE145668,GSE145669"
"GSE145668,GSE145669p5_sc55",4,TRUE,FALSE,TRUE,1,"GSE145668,GSE145669"
"GSE145668,GSE145669p5_sc56",4,TRUE,FALSE,TRUE,0.970859014351363,"GSE145668,GSE145669"
"GSE145668,GSE145669p5_sc57",3,TRUE,FALSE,TRUE,0.914882302185898,"GSE145668,GSE145669"
"GSE145668,GSE145669p5_sc58",4,TRUE,FALSE,TRUE,1,"GSE145668,GSE145669"
"GSE145668,GSE145669p5_sc59",4,TRUE,FALSE,TRUE,0.997122656033155,"GSE145668,GSE145669"
"GSE145668,GSE145669p5_sc60",4,TRUE,FALSE,TRUE,1,"GSE145668,GSE145669"
"GSE145668,GSE145669p5_sc61",4,TRUE,FALSE,TRUE,1,"GSE145668,GSE145669"
"GSE145668,GSE145669p5_sc62",4,TRUE,FALSE,TRUE,0.947389310181166,"GSE145668,GSE145669"
"GSE145668,GSE145669p5_sc63",4,TRUE,FALSE,TRUE,1,"GSE145668,GSE145669"
"GSE145668,GSE145669p5_sc64",4,TRUE,FALSE,TRUE,0.926834826629616,"GSE145668,GSE145669"
"GSE145668,GSE145669p5_sc65",4,TRUE,FALSE,TRUE,0.953972022904029,"GSE145668,GSE145669"
"GSE145668,GSE145669p5_sc66",4,TRUE,FALSE,TRUE,1,"GSE145668,GSE145669"
"GSE145668,GSE145669p5_sc67",3,TRUE,FALSE,TRUE,0.940685310073699,"GSE145668,GSE145669"
"GSE145668,GSE145669p5_sc68",4,TRUE,FALSE,TRUE,1,"GSE145668,GSE145669"
"GSE145668,GSE145669p5_sc69",4,TRUE,FALSE,TRUE,1,"GSE145668,GSE145669"
"GSE145668,GSE145669p5_sc70",4,TRUE,FALSE,TRUE,0.981220600333759,"GSE145668,GSE145669"
"GSE145668,GSE145669p5_sc71",4,TRUE,FALSE,TRUE,0.988358804070581,"GSE145668,GSE145669"
"GSE145668,GSE145669p5_sc72",2,TRUE,TRUE,TRUE,1,"GSE145668,GSE145669"
"GSE145668,GSE145669p5_sc73",3,TRUE,FALSE,TRUE,1,"GSE145668,GSE145669"
"GSE145668,GSE145669p5_sc74",4,TRUE,FALSE,TRUE,0.811049140340755,"GSE145668,GSE145669"
"GSE145668,GSE145669p5_sc75",4,TRUE,FALSE,TRUE,1,"GSE145668,GSE145669"
"GSE145668,GSE145669p5_sc77",4,TRUE,FALSE,TRUE,0.970259847056169,"GSE145668,GSE145669"
"GSE145668,GSE145669p5_sc78",4,TRUE,FALSE,TRUE,1,"GSE145668,GSE145669"
"GSE145668,GSE145669p5_sc79",4,TRUE,FALSE,TRUE,1,"GSE145668,GSE145669"
"GSE145668,GSE145669p5_sc80",4,TRUE,FALSE,TRUE,0.943562580858254,"GSE145668,GSE145669"
"GSE145668,GSE145669p5_sc81",3,TRUE,FALSE,TRUE,1,"GSE145668,GSE145669"
"GSE145668,GSE145669p5_sc82",4,TRUE,FALSE,TRUE,0.934632914399018,"GSE145668,GSE145669"
"GSE145668,GSE145669p5_sc83",4,TRUE,FALSE,TRUE,0.955906540648753,"GSE145668,GSE145669"
"GSE145668,GSE145669p5_sc84",4,TRUE,FALSE,TRUE,1,"GSE145668,GSE145669"
"GSE145668,GSE145669p5_sc85",4,TRUE,FALSE,TRUE,0.964376357648851,"GSE145668,GSE145669"
"GSE145668,GSE145669p5_sc86",4,TRUE,FALSE,TRUE,0.991082808310846,"GSE145668,GSE145669"
"GSE145668,GSE145669p5_sc87",4,TRUE,FALSE,TRUE,1,"GSE145668,GSE145669"
"GSE145668,GSE145669p5_sc88",3,TRUE,FALSE,TRUE,0.884625946952908,"GSE145668,GSE145669"
"GSE145668,GSE145669p5_sc89",4,TRUE,FALSE,TRUE,1,"GSE145668,GSE145669"
"GSE145668,GSE145669p5_sc90",4,TRUE,FALSE,TRUE,1,"GSE145668,GSE145669"
"GSE145668,GSE145669p5_sc91",4,TRUE,FALSE,TRUE,0.971187890193039,"GSE145668,GSE145669"
"GSE145668,GSE145669p5_sc92",4,TRUE,FALSE,TRUE,0.975737750983933,"GSE145668,GSE145669"
"GSE145668,GSE145669p5_sc93",4,TRUE,FALSE,TRUE,0.982683891504746,"GSE145668,GSE145669"
"GSE145668,GSE145669p5_sc94",4,TRUE,FALSE,TRUE,0.965477524741906,"GSE145668,GSE145669"
"GSE145668,GSE145669p5_sc95",4,TRUE,FALSE,TRUE,0.982831009702615,"GSE145668,GSE145669"
"GSE145668,GSE145669p5_sc96",4,TRUE,FALSE,TRUE,0.96600883653237,"GSE145668,GSE145669"
"GSE145668,GSE145669p6_sc01",3,TRUE,FALSE,TRUE,0.861316743508769,"GSE145668,GSE145669"
"GSE145668,GSE145669p6_sc02",3,TRUE,FALSE,TRUE,0.998100170349265,"GSE145668,GSE145669"
"GSE145668,GSE145669p6_sc03",3,TRUE,FALSE,TRUE,0.980349357282584,"GSE145668,GSE145669"
"GSE145668,GSE145669p6_sc04",3,TRUE,FALSE,TRUE,0.989589215744704,"GSE145668,GSE145669"
"GSE145668,GSE145669p6_sc05",3,TRUE,FALSE,TRUE,1,"GSE145668,GSE145669"
"GSE145668,GSE145669p6_sc06",3,TRUE,FALSE,TRUE,0.985278054223475,"GSE145668,GSE145669"
"GSE145668,GSE145669p6_sc07",3,TRUE,FALSE,TRUE,0.989205157529306,"GSE145668,GSE145669"
"GSE145668,GSE145669p6_sc08",3,TRUE,FALSE,TRUE,0.962326971473224,"GSE145668,GSE145669"
"GSE145668,GSE145669p6_sc09",2,TRUE,FALSE,TRUE,0.762929426996011,"GSE145668,GSE145669"
"GSE145668,GSE145669p6_sc10",2,TRUE,FALSE,TRUE,0.885554632124673,"GSE145668,GSE145669"
"GSE145668,GSE145669p6_sc11",2,TRUE,FALSE,TRUE,1,"GSE145668,GSE145669"
"GSE145668,GSE145669p6_sc12",2,TRUE,FALSE,TRUE,0.854688117649081,"GSE145668,GSE145669"
"GSE145668,GSE145669p6_sc14",2,TRUE,FALSE,TRUE,0.88610039916928,"GSE145668,GSE145669"
"GSE145668,GSE145669p6_sc15",2,TRUE,FALSE,TRUE,0.986786847757744,"GSE145668,GSE145669"
"GSE145668,GSE145669p6_sc16",2,TRUE,FALSE,TRUE,0.920276950822137,"GSE145668,GSE145669"
"GSE145668,GSE145669p6_sc17",3,TRUE,FALSE,TRUE,0.895244338196444,"GSE145668,GSE145669"
"GSE145668,GSE145669p6_sc18",3,TRUE,FALSE,TRUE,1,"GSE145668,GSE145669"
"GSE145668,GSE145669p6_sc19",3,TRUE,FALSE,TRUE,0.982154294041873,"GSE145668,GSE145669"
"GSE145668,GSE145669p6_sc20",3,TRUE,FALSE,TRUE,0.944387659019583,"GSE145668,GSE145669"
"GSE145668,GSE145669p6_sc21",2,TRUE,FALSE,TRUE,0.909171943628591,"GSE145668,GSE145669"
"GSE145668,GSE145669p6_sc22",3,TRUE,FALSE,TRUE,0.95544444922515,"GSE145668,GSE145669"
"GSE145668,GSE145669p6_sc24",3,TRUE,FALSE,TRUE,0.985485946958466,"GSE145668,GSE145669"
"GSE145668,GSE145669p6_sc25",2,TRUE,FALSE,TRUE,0.977287686948294,"GSE145668,GSE145669"
"GSE145668,GSE145669p6_sc26",2,TRUE,FALSE,TRUE,0.917011653494326,"GSE145668,GSE145669"
"GSE145668,GSE145669p6_sc27",2,TRUE,FALSE,TRUE,0.774838042540131,"GSE145668,GSE145669"
"GSE145668,GSE145669p6_sc28",2,TRUE,FALSE,TRUE,0.867664036951352,"GSE145668,GSE145669"
"GSE145668,GSE145669p6_sc29",2,TRUE,FALSE,TRUE,0.96521247911447,"GSE145668,GSE145669"
"GSE145668,GSE145669p6_sc30",2,TRUE,FALSE,TRUE,0.955292051098782,"GSE145668,GSE145669"
"GSE145668,GSE145669p6_sc31",2,TRUE,FALSE,TRUE,0.898154425066754,"GSE145668,GSE145669"
"GSE145668,GSE145669p6_sc32",2,TRUE,FALSE,TRUE,0.981981944696772,"GSE145668,GSE145669"
"GSE145668,GSE145669p6_sc33",3,TRUE,FALSE,TRUE,0.965036508065178,"GSE145668,GSE145669"
"GSE145668,GSE145669p6_sc35",3,TRUE,FALSE,TRUE,0.964748823646197,"GSE145668,GSE145669"
"GSE145668,GSE145669p6_sc36",3,TRUE,FALSE,TRUE,0.939937038283779,"GSE145668,GSE145669"
"GSE145668,GSE145669p6_sc37",3,TRUE,FALSE,TRUE,0.997273576489138,"GSE145668,GSE145669"
"GSE145668,GSE145669p6_sc38",3,TRUE,FALSE,TRUE,0.980356584127187,"GSE145668,GSE145669"
"GSE145668,GSE145669p6_sc39",3,TRUE,FALSE,TRUE,0.995728978626935,"GSE145668,GSE145669"
"GSE145668,GSE145669p6_sc40",3,TRUE,FALSE,TRUE,0.914379650902469,"GSE145668,GSE145669"
"GSE145668,GSE145669p6_sc41",2,TRUE,FALSE,TRUE,0.991064191794754,"GSE145668,GSE145669"
"GSE145668,GSE145669p6_sc42",3,TRUE,FALSE,TRUE,0.996705313412587,"GSE145668,GSE145669"
"GSE145668,GSE145669p6_sc43",3,TRUE,FALSE,TRUE,1,"GSE145668,GSE145669"
"GSE145668,GSE145669p6_sc44",3,TRUE,FALSE,TRUE,0.960017323340159,"GSE145668,GSE145669"
"GSE145668,GSE145669p6_sc45",2,TRUE,FALSE,TRUE,0.934258673989199,"GSE145668,GSE145669"
"GSE145668,GSE145669p6_sc46",3,TRUE,FALSE,TRUE,0.940014135896223,"GSE145668,GSE145669"
"GSE145668,GSE145669p6_sc47",3,TRUE,FALSE,TRUE,0.94302162919997,"GSE145668,GSE145669"
"GSE145668,GSE145669p6_sc48",3,TRUE,FALSE,TRUE,0.919310670838065,"GSE145668,GSE145669"
"GSE145668,GSE145669p6_sc49",3,TRUE,FALSE,TRUE,1,"GSE145668,GSE145669"
"GSE145668,GSE145669p6_sc50",3,TRUE,FALSE,TRUE,0.937661870136262,"GSE145668,GSE145669"
"GSE145668,GSE145669p6_sc51",3,TRUE,FALSE,TRUE,1,"GSE145668,GSE145669"
"GSE145668,GSE145669p6_sc52",3,TRUE,FALSE,TRUE,0.912520292701371,"GSE145668,GSE145669"
"GSE145668,GSE145669p6_sc53",3,TRUE,FALSE,TRUE,0.897556637736891,"GSE145668,GSE145669"
"GSE145668,GSE145669p6_sc54",3,TRUE,FALSE,TRUE,0.980951836820108,"GSE145668,GSE145669"
"GSE145668,GSE145669p6_sc55",3,TRUE,FALSE,TRUE,0.880521191450946,"GSE145668,GSE145669"
"GSE145668,GSE145669p6_sc56",3,TRUE,FALSE,TRUE,0.879274508378578,"GSE145668,GSE145669"
"GSE145668,GSE145669p6_sc57",3,TRUE,FALSE,TRUE,0.98585071112213,"GSE145668,GSE145669"
"GSE145668,GSE145669p6_sc58",3,TRUE,FALSE,TRUE,0.915415542391973,"GSE145668,GSE145669"
"GSE145668,GSE145669p6_sc59",3,TRUE,FALSE,TRUE,0.998675466289674,"GSE145668,GSE145669"
"GSE145668,GSE145669p6_sc60",3,TRUE,FALSE,TRUE,0.922208226717383,"GSE145668,GSE145669"
"GSE145668,GSE145669p6_sc61",3,TRUE,FALSE,TRUE,1,"GSE145668,GSE145669"
"GSE145668,GSE145669p6_sc62",3,TRUE,FALSE,TRUE,1,"GSE145668,GSE145669"
"GSE145668,GSE145669p6_sc63",3,TRUE,FALSE,TRUE,0.993984190795956,"GSE145668,GSE145669"
"GSE145668,GSE145669p6_sc64",2,TRUE,FALSE,TRUE,0.831316803714485,"GSE145668,GSE145669"
"GSE145668,GSE145669p6_sc65",2,TRUE,FALSE,TRUE,0.941225813649089,"GSE145668,GSE145669"
"GSE145668,GSE145669p6_sc66",3,TRUE,FALSE,TRUE,0.997762520958595,"GSE145668,GSE145669"
"GSE145668,GSE145669p6_sc67",3,TRUE,FALSE,TRUE,1,"GSE145668,GSE145669"
"GSE145668,GSE145669p6_sc68",2,TRUE,FALSE,TRUE,0.944216035757158,"GSE145668,GSE145669"
"GSE145668,GSE145669p6_sc69",3,TRUE,FALSE,TRUE,1,"GSE145668,GSE145669"
"GSE145668,GSE145669p6_sc70",3,TRUE,FALSE,TRUE,0.971152364148465,"GSE145668,GSE145669"
"GSE145668,GSE145669p6_sc71",3,TRUE,FALSE,TRUE,0.941046531306026,"GSE145668,GSE145669"
"GSE145668,GSE145669p6_sc72",3,TRUE,FALSE,TRUE,0.968027240140882,"GSE145668,GSE145669"
"GSE145668,GSE145669p6_sc73",3,TRUE,FALSE,TRUE,0.977272927255123,"GSE145668,GSE145669"
"GSE145668,GSE145669p6_sc74",3,TRUE,FALSE,TRUE,0.861789733437269,"GSE145668,GSE145669"
"GSE145668,GSE145669p6_sc75",3,TRUE,FALSE,TRUE,0.997378510028234,"GSE145668,GSE145669"
"GSE145668,GSE145669p6_sc77",3,TRUE,FALSE,TRUE,0.738989058343629,"GSE145668,GSE145669"
"GSE145668,GSE145669p6_sc78",3,TRUE,FALSE,TRUE,0.920490552621222,"GSE145668,GSE145669"
"GSE145668,GSE145669p6_sc79",3,TRUE,FALSE,TRUE,0.937124301235407,"GSE145668,GSE145669"
"GSE145668,GSE145669p6_sc80",3,TRUE,FALSE,TRUE,0.952287383266601,"GSE145668,GSE145669"
"GSE145668,GSE145669p6_sc81",3,TRUE,FALSE,TRUE,0.885027923765505,"GSE145668,GSE145669"
"GSE145668,GSE145669p6_sc83",3,TRUE,FALSE,TRUE,0.941353658005314,"GSE145668,GSE145669"
"GSE145668,GSE145669p6_sc84",3,TRUE,FALSE,TRUE,0.931833654667381,"GSE145668,GSE145669"
"GSE145668,GSE145669p6_sc85",3,TRUE,FALSE,TRUE,0.96853334719233,"GSE145668,GSE145669"
"GSE145668,GSE145669p6_sc86",3,TRUE,FALSE,TRUE,0.859646844167,"GSE145668,GSE145669"
"GSE145668,GSE145669p6_sc87",3,TRUE,FALSE,TRUE,0.71952214305284,"GSE145668,GSE145669"
"GSE145668,GSE145669p6_sc88",3,TRUE,FALSE,TRUE,0.925785753662325,"GSE145668,GSE145669"
"GSE145668,GSE145669p6_sc89",3,TRUE,FALSE,TRUE,0.94517723067469,"GSE145668,GSE145669"
"GSE145668,GSE145669p6_sc90",3,TRUE,FALSE,TRUE,0.761135082710768,"GSE145668,GSE145669"
"GSE145668,GSE145669p6_sc91",3,TRUE,FALSE,TRUE,0.982972714145315,"GSE145668,GSE145669"
"GSE145668,GSE145669p6_sc92",3,TRUE,FALSE,TRUE,0.950637306536573,"GSE145668,GSE145669"
"GSE145668,GSE145669p6_sc93",2,TRUE,FALSE,TRUE,0.951684746505864,"GSE145668,GSE145669"
"GSE145668,GSE145669p6_sc94",3,TRUE,FALSE,TRUE,0.872823077587052,"GSE145668,GSE145669"
"GSE145668,GSE145669p6_sc95",3,TRUE,FALSE,TRUE,0.671103138360344,"GSE145668,GSE145669"
"GSE145668,GSE145669p6_sc96",3,TRUE,FALSE,TRUE,1,"GSE145668,GSE145669"
"GSE145668,GSE145669p7_sc52",2,TRUE,FALSE,TRUE,0.962797913748214,"GSE145668,GSE145669"
"GSE145668,GSE145669p7_sc53",2,TRUE,FALSE,TRUE,0.938162021312802,"GSE145668,GSE145669"
"GSE145668,GSE145669p7_sc54",2,TRUE,FALSE,TRUE,1,"GSE145668,GSE145669"
"GSE145668,GSE145669p7_sc55",2,TRUE,FALSE,TRUE,0.85279408916838,"GSE145668,GSE145669"
"GSE145668,GSE145669p7_sc56",2,TRUE,FALSE,TRUE,0.992274549848898,"GSE145668,GSE145669"
"GSE145668,GSE145669p7_sc57",2,TRUE,FALSE,TRUE,0.92383750468638,"GSE145668,GSE145669"
"GSE145668,GSE145669p7_sc59",2,TRUE,FALSE,TRUE,0.761298356388796,"GSE145668,GSE145669"
"GSE145668,GSE145669p7_sc60",2,TRUE,FALSE,TRUE,0.899172383890964,"GSE145668,GSE145669"
"GSE145668,GSE145669p7_sc61",2,TRUE,FALSE,TRUE,0.91948836484807,"GSE145668,GSE145669"
"GSE145668,GSE145669p7_sc62",2,TRUE,FALSE,TRUE,0.978103453678305,"GSE145668,GSE145669"
"GSE145668,GSE145669p7_sc63",2,TRUE,FALSE,TRUE,0.857244004508166,"GSE145668,GSE145669"
"GSE145668,GSE145669p7_sc64",2,TRUE,FALSE,TRUE,0.876971830102746,"GSE145668,GSE145669"
"GSE145668,GSE145669p7_sc66",2,TRUE,FALSE,TRUE,0.90737345371108,"GSE145668,GSE145669"
"GSE145668,GSE145669p7_sc67",2,TRUE,FALSE,TRUE,0.775509781049305,"GSE145668,GSE145669"
"GSE145668,GSE145669p7_sc68",2,TRUE,FALSE,TRUE,0.942662138995938,"GSE145668,GSE145669"
"GSE145668,GSE145669p7_sc69",2,TRUE,FALSE,TRUE,0.942230404599226,"GSE145668,GSE145669"
"GSE145668,GSE145669p7_sc70",2,TRUE,FALSE,TRUE,1,"GSE145668,GSE145669"
"GSE145668,GSE145669p7_sc71",2,TRUE,FALSE,TRUE,0.839429637870829,"GSE145668,GSE145669"
"GSE145668,GSE145669p7_sc72",2,TRUE,FALSE,TRUE,0.917906910125615,"GSE145668,GSE145669"
"GSE145668,GSE145669p7_sc73",2,TRUE,FALSE,TRUE,0.918723991532269,"GSE145668,GSE145669"
"GSE145668,GSE145669p7_sc74",2,TRUE,FALSE,TRUE,0.943699435986678,"GSE145668,GSE145669"
"GSE145668,GSE145669p7_sc75",2,TRUE,FALSE,TRUE,1,"GSE145668,GSE145669"
"GSE145668,GSE145669p7_sc77",2,TRUE,FALSE,TRUE,0.789702619471248,"GSE145668,GSE145669"
"GSE145668,GSE145669p7_sc78",2,TRUE,FALSE,TRUE,0.941869586666937,"GSE145668,GSE145669"
"GSE145668,GSE145669p7_sc79",2,TRUE,FALSE,TRUE,0.891047806085742,"GSE145668,GSE145669"
"GSE145668,GSE145669p7_sc80",2,TRUE,FALSE,TRUE,0.961265251175883,"GSE145668,GSE145669"
"GSE145668,GSE145669p7_sc81",2,TRUE,FALSE,TRUE,0.957379092475508,"GSE145668,GSE145669"
"GSE145668,GSE145669p7_sc82",2,TRUE,FALSE,TRUE,0.951069128651044,"GSE145668,GSE145669"
"GSE145668,GSE145669p7_sc83",2,TRUE,FALSE,TRUE,0.892482256628883,"GSE145668,GSE145669"
"GSE145668,GSE145669p7_sc84",2,TRUE,FALSE,TRUE,0.981778757012361,"GSE145668,GSE145669"
"GSE145668,GSE145669p7_sc85",2,TRUE,FALSE,TRUE,0.984529061118188,"GSE145668,GSE145669"
"GSE145668,GSE145669p7_sc86",2,TRUE,FALSE,TRUE,0.911582009668272,"GSE145668,GSE145669"
"GSE145668,GSE145669p7_sc87",2,TRUE,FALSE,TRUE,0.875945246475041,"GSE145668,GSE145669"
"GSE145668,GSE145669p7_sc88",2,TRUE,FALSE,TRUE,0.956466721458458,"GSE145668,GSE145669"
"GSE145668,GSE145669p8_sc01",4,TRUE,FALSE,TRUE,1,"GSE145668,GSE145669"
"GSE145668,GSE145669p8_sc02",5,TRUE,FALSE,TRUE,1,"GSE145668,GSE145669"
"GSE145668,GSE145669p8_sc03",5,TRUE,FALSE,TRUE,0.99282444894983,"GSE145668,GSE145669"
"GSE145668,GSE145669p8_sc04",5,TRUE,FALSE,TRUE,1,"GSE145668,GSE145669"
"GSE145668,GSE145669p8_sc05",5,TRUE,FALSE,TRUE,1,"GSE145668,GSE145669"
"GSE145668,GSE145669p8_sc06",5,TRUE,FALSE,TRUE,1,"GSE145668,GSE145669"
"GSE145668,GSE145669p8_sc07",5,TRUE,FALSE,TRUE,1,"GSE145668,GSE145669"
"GSE145668,GSE145669p8_sc08",5,TRUE,FALSE,TRUE,1,"GSE145668,GSE145669"
"GSE145668,GSE145669p8_sc09",6,TRUE,FALSE,TRUE,1,"GSE145668,GSE145669"
"GSE145668,GSE145669p8_sc10",6,TRUE,FALSE,TRUE,0.991564004597159,"GSE145668,GSE145669"
"GSE145668,GSE145669p8_sc11",5,TRUE,FALSE,TRUE,1,"GSE145668,GSE145669"
"GSE145668,GSE145669p8_sc12",5,TRUE,FALSE,TRUE,1,"GSE145668,GSE145669"
"GSE145668,GSE145669p8_sc13",6,TRUE,FALSE,TRUE,0.983089197319122,"GSE145668,GSE145669"
"GSE145668,GSE145669p8_sc14",6,TRUE,FALSE,TRUE,0.982220108789171,"GSE145668,GSE145669"
"GSE145668,GSE145669p8_sc15",6,TRUE,FALSE,TRUE,1,"GSE145668,GSE145669"
"GSE145668,GSE145669p8_sc16",6,TRUE,FALSE,TRUE,0.98565092859353,"GSE145668,GSE145669"
"GSE145668,GSE145669p8_sc17",6,TRUE,FALSE,TRUE,0.985557985024078,"GSE145668,GSE145669"
"GSE145668,GSE145669p8_sc18",6,TRUE,FALSE,TRUE,1,"GSE145668,GSE145669"
"GSE145668,GSE145669p8_sc19",5,TRUE,FALSE,TRUE,0.986872137949075,"GSE145668,GSE145669"
"GSE145668,GSE145669p8_sc20",6,TRUE,FALSE,TRUE,0.97572276277834,"GSE145668,GSE145669"
"GSE145668,GSE145669p8_sc21",6,TRUE,FALSE,TRUE,1,"GSE145668,GSE145669"
"GSE145668,GSE145669p8_sc22",5,TRUE,FALSE,TRUE,1,"GSE145668,GSE145669"
"GSE145668,GSE145669p8_sc24",6,TRUE,FALSE,TRUE,1,"GSE145668,GSE145669"
"GSE145668,GSE145669p8_sc25",6,TRUE,FALSE,TRUE,1,"GSE145668,GSE145669"
"GSE145668,GSE145669p8_sc26",5,TRUE,FALSE,TRUE,0.990585041253969,"GSE145668,GSE145669"
"GSE145668,GSE145669p8_sc27",5,TRUE,FALSE,TRUE,1,"GSE145668,GSE145669"
"GSE145668,GSE145669p8_sc28",6,TRUE,FALSE,TRUE,1,"GSE145668,GSE145669"
"GSE145668,GSE145669p8_sc29",6,TRUE,FALSE,TRUE,1,"GSE145668,GSE145669"
"GSE145668,GSE145669p8_sc30",5,TRUE,FALSE,TRUE,0.963580181810996,"GSE145668,GSE145669"
"GSE145668,GSE145669p8_sc31",6,TRUE,FALSE,TRUE,0.989544557501728,"GSE145668,GSE145669"
"GSE145668,GSE145669p8_sc32",5,TRUE,FALSE,TRUE,1,"GSE145668,GSE145669"
"GSE145668,GSE145669p8_sc33",4,TRUE,FALSE,TRUE,1,"GSE145668,GSE145669"
"GSE145668,GSE145669p8_sc35",6,TRUE,FALSE,TRUE,0.994455271605929,"GSE145668,GSE145669"
"GSE145668,GSE145669p8_sc36",6,TRUE,FALSE,TRUE,0.997369752776854,"GSE145668,GSE145669"
"GSE145668,GSE145669p8_sc37",6,TRUE,FALSE,TRUE,1,"GSE145668,GSE145669"
"GSE145668,GSE145669p8_sc38",6,TRUE,FALSE,TRUE,0.938604247725463,"GSE145668,GSE145669"
"GSE145668,GSE145669p8_sc39",5,TRUE,FALSE,TRUE,0.986154348309075,"GSE145668,GSE145669"
"GSE145668,GSE145669p8_sc40",6,TRUE,FALSE,TRUE,0.968243475478854,"GSE145668,GSE145669"
"GSE145668,GSE145669p8_sc41",5,TRUE,FALSE,TRUE,0.972386686887162,"GSE145668,GSE145669"
"GSE145668,GSE145669p8_sc42",5,TRUE,FALSE,TRUE,0.998316142540299,"GSE145668,GSE145669"
"GSE145668,GSE145669p8_sc43",6,TRUE,FALSE,TRUE,1,"GSE145668,GSE145669"
"GSE145668,GSE145669p8_sc44",6,TRUE,FALSE,TRUE,0.954254713651301,"GSE145668,GSE145669"
"GSE145668,GSE145669p8_sc45",6,TRUE,FALSE,TRUE,0.994194393155252,"GSE145668,GSE145669"
"GSE145668,GSE145669p8_sc46",6,TRUE,FALSE,TRUE,0.99000217652203,"GSE145668,GSE145669"
"GSE145668,GSE145669p8_sc47",5,TRUE,FALSE,TRUE,1,"GSE145668,GSE145669"
"GSE145668,GSE145669p8_sc48",6,TRUE,FALSE,TRUE,1,"GSE145668,GSE145669"
"GSE145668,GSE145669p8_sc49",6,TRUE,FALSE,TRUE,0.962979926799988,"GSE145668,GSE145669"
"GSE145668,GSE145669p8_sc50",5,TRUE,FALSE,TRUE,0.956725032284677,"GSE145668,GSE145669"
"GSE145668,GSE145669p8_sc51",5,TRUE,FALSE,TRUE,1,"GSE145668,GSE145669"
"GSE145668,GSE145669p8_sc52",6,TRUE,FALSE,TRUE,0.997094218382658,"GSE145668,GSE145669"
"GSE145668,GSE145669p8_sc53",6,TRUE,FALSE,TRUE,0.971119183256854,"GSE145668,GSE145669"
"GSE145668,GSE145669p8_sc54",6,TRUE,FALSE,TRUE,0.99612750625966,"GSE145668,GSE145669"
"GSE145668,GSE145669p8_sc55",6,TRUE,FALSE,TRUE,0.995213494269631,"GSE145668,GSE145669"
"GSE145668,GSE145669p8_sc56",6,TRUE,FALSE,TRUE,1,"GSE145668,GSE145669"
"GSE145668,GSE145669p8_sc57",6,TRUE,FALSE,TRUE,1,"GSE145668,GSE145669"
"GSE145668,GSE145669p8_sc58",6,TRUE,FALSE,TRUE,1,"GSE145668,GSE145669"
"GSE145668,GSE145669p8_sc59",6,TRUE,FALSE,TRUE,1,"GSE145668,GSE145669"
"GSE145668,GSE145669p8_sc60",6,TRUE,FALSE,TRUE,1,"GSE145668,GSE145669"
"GSE145668,GSE145669p8_sc61",6,TRUE,FALSE,TRUE,1,"GSE145668,GSE145669"
"GSE145668,GSE145669p8_sc62",6,TRUE,FALSE,TRUE,0.987331162261416,"GSE145668,GSE145669"
"GSE145668,GSE145669p8_sc63",6,TRUE,FALSE,TRUE,0.939460798608849,"GSE145668,GSE145669"
"GSE145668,GSE145669p8_sc64",5,TRUE,FALSE,TRUE,0.981017812545781,"GSE145668,GSE145669"
"GSE145668,GSE145669p8_sc65",6,TRUE,FALSE,TRUE,1,"GSE145668,GSE145669"
"GSE145668,GSE145669p8_sc66",5,TRUE,FALSE,TRUE,1,"GSE145668,GSE145669"
"GSE145668,GSE145669p8_sc67",6,TRUE,FALSE,TRUE,1,"GSE145668,GSE145669"
"GSE145668,GSE145669p8_sc68",6,TRUE,FALSE,TRUE,1,"GSE145668,GSE145669"
"GSE145668,GSE145669p8_sc69",6,TRUE,FALSE,TRUE,0.993573308549831,"GSE145668,GSE145669"
"GSE145668,GSE145669p8_sc70",6,TRUE,FALSE,TRUE,0.991028038760877,"GSE145668,GSE145669"
"GSE145668,GSE145669p8_sc71",6,TRUE,FALSE,TRUE,0.968259163495007,"GSE145668,GSE145669"
"GSE145668,GSE145669p8_sc72",6,TRUE,FALSE,TRUE,0.992564300511951,"GSE145668,GSE145669"
"GSE145668,GSE145669p8_sc73",5,TRUE,FALSE,TRUE,1,"GSE145668,GSE145669"
"GSE145668,GSE145669p8_sc74",6,TRUE,FALSE,TRUE,0.986654052867319,"GSE145668,GSE145669"
"GSE145668,GSE145669p8_sc75",6,TRUE,FALSE,TRUE,0.955393831206271,"GSE145668,GSE145669"
"GSE145668,GSE145669p8_sc77",6,TRUE,FALSE,TRUE,0.946906353736864,"GSE145668,GSE145669"
"GSE145668,GSE145669p8_sc78",6,TRUE,FALSE,TRUE,1,"GSE145668,GSE145669"
"GSE145668,GSE145669p8_sc79",6,TRUE,FALSE,TRUE,0.986749868527185,"GSE145668,GSE145669"
"GSE145668,GSE145669p8_sc80",6,TRUE,FALSE,TRUE,1,"GSE145668,GSE145669"
"GSE145668,GSE145669p8_sc81",5,TRUE,FALSE,TRUE,0.968899001068553,"GSE145668,GSE145669"
"GSE145668,GSE145669p8_sc82",6,TRUE,FALSE,TRUE,1,"GSE145668,GSE145669"
"GSE145668,GSE145669p8_sc83",6,TRUE,FALSE,TRUE,1,"GSE145668,GSE145669"
"GSE145668,GSE145669p8_sc84",5,TRUE,FALSE,TRUE,1,"GSE145668,GSE145669"
"GSE145668,GSE145669p8_sc85",6,TRUE,FALSE,TRUE,0.999222224351922,"GSE145668,GSE145669"
"GSE145668,GSE145669p8_sc86",6,TRUE,FALSE,TRUE,0.973032929702675,"GSE145668,GSE145669"
"GSE145668,GSE145669p8_sc87",4,TRUE,FALSE,TRUE,0.960432564565593,"GSE145668,GSE145669"
"GSE145668,GSE145669p8_sc88",4,TRUE,FALSE,TRUE,0.943173692307545,"GSE145668,GSE145669"
"GSE145668,GSE145669p9_sc01",3,TRUE,FALSE,TRUE,1,"GSE145668,GSE145669"
"GSE145668,GSE145669p9_sc02",3,TRUE,FALSE,TRUE,0.909689641122439,"GSE145668,GSE145669"
"GSE145668,GSE145669p9_sc03",3,TRUE,FALSE,TRUE,1,"GSE145668,GSE145669"
"GSE145668,GSE145669p9_sc04",3,TRUE,FALSE,TRUE,0.927585221717671,"GSE145668,GSE145669"
"GSE145668,GSE145669p9_sc05",3,TRUE,FALSE,TRUE,1,"GSE145668,GSE145669"
"GSE145668,GSE145669p9_sc06",3,TRUE,FALSE,TRUE,1,"GSE145668,GSE145669"
"GSE145668,GSE145669p9_sc07",3,TRUE,FALSE,TRUE,0.991018714316828,"GSE145668,GSE145669"
"GSE145668,GSE145669p9_sc08",3,TRUE,FALSE,TRUE,1,"GSE145668,GSE145669"
"GSE145668,GSE145669p9_sc09",3,TRUE,FALSE,TRUE,0.964471258333948,"GSE145668,GSE145669"
"GSE145668,GSE145669p9_sc10",3,TRUE,FALSE,TRUE,1,"GSE145668,GSE145669"
"GSE145668,GSE145669p9_sc11",3,TRUE,FALSE,TRUE,1,"GSE145668,GSE145669"
"GSE145668,GSE145669p9_sc12",3,TRUE,FALSE,TRUE,1,"GSE145668,GSE145669"
"GSE145668,GSE145669p9_sc13",3,TRUE,FALSE,TRUE,1,"GSE145668,GSE145669"
"GSE145668,GSE145669p9_sc14",3,TRUE,FALSE,TRUE,0.987350476448987,"GSE145668,GSE145669"
"GSE145668,GSE145669p9_sc15",2,TRUE,FALSE,TRUE,0.999473748119796,"GSE145668,GSE145669"
"GSE145668,GSE145669p9_sc16",3,TRUE,FALSE,TRUE,1,"GSE145668,GSE145669"
"GSE145668,GSE145669p9_sc17",3,TRUE,FALSE,TRUE,1,"GSE145668,GSE145669"
"GSE145668,GSE145669p9_sc18",3,TRUE,FALSE,TRUE,0.94072975491381,"GSE145668,GSE145669"
"GSE145668,GSE145669p9_sc19",3,TRUE,FALSE,TRUE,1,"GSE145668,GSE145669"
"GSE145668,GSE145669p9_sc20",3,TRUE,FALSE,TRUE,1,"GSE145668,GSE145669"
"GSE145668,GSE145669p9_sc21",3,TRUE,FALSE,TRUE,1,"GSE145668,GSE145669"
"GSE145668,GSE145669p9_sc22",3,TRUE,FALSE,TRUE,1,"GSE145668,GSE145669"
"GSE145668,GSE145669p9_sc24",3,TRUE,FALSE,TRUE,0.981163641241072,"GSE145668,GSE145669"
"GSE145668,GSE145669p9_sc25",3,TRUE,FALSE,TRUE,1,"GSE145668,GSE145669"
"GSE145668,GSE145669p9_sc26",3,TRUE,FALSE,TRUE,0.974954892173815,"GSE145668,GSE145669"
"GSE145668,GSE145669p9_sc27",3,TRUE,FALSE,TRUE,0.989353913052727,"GSE145668,GSE145669"
"GSE145668,GSE145669p9_sc28",3,TRUE,FALSE,TRUE,1,"GSE145668,GSE145669"
"GSE145668,GSE145669p9_sc29",3,TRUE,FALSE,TRUE,0.979601929933086,"GSE145668,GSE145669"
"GSE145668,GSE145669p9_sc30",3,TRUE,FALSE,TRUE,1,"GSE145668,GSE145669"
"GSE145668,GSE145669p9_sc31",3,TRUE,FALSE,TRUE,1,"GSE145668,GSE145669"
"GSE145668,GSE145669p9_sc32",3,TRUE,FALSE,TRUE,0.99942778135764,"GSE145668,GSE145669"
"GSE145668,GSE145669p9_sc33",3,TRUE,FALSE,TRUE,0.982432441592757,"GSE145668,GSE145669"
"GSE145668,GSE145669p9_sc35",2,TRUE,FALSE,TRUE,1,"GSE145668,GSE145669"
"GSE145668,GSE145669p9_sc36",3,TRUE,FALSE,TRUE,1,"GSE145668,GSE145669"
"GSE145668,GSE145669p9_sc37",3,TRUE,FALSE,TRUE,1,"GSE145668,GSE145669"
"GSE145668,GSE145669p9_sc38",3,TRUE,FALSE,TRUE,0.983959952719713,"GSE145668,GSE145669"
"GSE145668,GSE145669p9_sc39",3,TRUE,FALSE,TRUE,1,"GSE145668,GSE145669"
"GSE145668,GSE145669p9_sc40",3,TRUE,FALSE,TRUE,1,"GSE145668,GSE145669"
"GSE145668,GSE145669p9_sc41",3,TRUE,FALSE,TRUE,1,"GSE145668,GSE145669"
"GSE145668,GSE145669p9_sc42",3,TRUE,FALSE,TRUE,1,"GSE145668,GSE145669"
"GSE145668,GSE145669p9_sc43",3,TRUE,FALSE,TRUE,1,"GSE145668,GSE145669"
"GSE145668,GSE145669p9_sc44",3,TRUE,FALSE,TRUE,0.95436986672784,"GSE145668,GSE145669"
"GSE145668,GSE145669p9_sc45",3,TRUE,FALSE,TRUE,0.998504924379864,"GSE145668,GSE145669"
"GSE145668,GSE145669p9_sc46",3,TRUE,FALSE,TRUE,1,"GSE145668,GSE145669"
"GSE145668,GSE145669p9_sc47",3,TRUE,FALSE,TRUE,1,"GSE145668,GSE145669"
"GSE145668,GSE145669p9_sc48",3,TRUE,FALSE,TRUE,1,"GSE145668,GSE145669"
"GSE145668,GSE145669p9_sc49",3,TRUE,FALSE,TRUE,1,"GSE145668,GSE145669"
"GSE145668,GSE145669p9_sc50",3,TRUE,FALSE,TRUE,0.970090993047354,"GSE145668,GSE145669"
"GSE145668,GSE145669p9_sc51",3,TRUE,FALSE,TRUE,1,"GSE145668,GSE145669"
"GSE145668,GSE145669p9_sc52",3,TRUE,FALSE,TRUE,1,"GSE145668,GSE145669"
"GSE145668,GSE145669p9_sc53",3,TRUE,FALSE,TRUE,1,"GSE145668,GSE145669"
"GSE145668,GSE145669p9_sc54",3,TRUE,FALSE,TRUE,0.986241119302754,"GSE145668,GSE145669"
"GSE145668,GSE145669p9_sc55",3,TRUE,FALSE,TRUE,1,"GSE145668,GSE145669"
"GSE145668,GSE145669p9_sc56",3,TRUE,FALSE,TRUE,1,"GSE145668,GSE145669"
"GSE145668,GSE145669p9_sc57",3,TRUE,FALSE,TRUE,1,"GSE145668,GSE145669"
"GSE145668,GSE145669p9_sc58",2,TRUE,FALSE,TRUE,0.987683535742079,"GSE145668,GSE145669"
"GSE145668,GSE145669p9_sc59",3,TRUE,FALSE,TRUE,0.996298202641646,"GSE145668,GSE145669"
"GSE145668,GSE145669p9_sc60",3,TRUE,FALSE,TRUE,0.941360752515945,"GSE145668,GSE145669"
"GSE145668,GSE145669p9_sc61",3,TRUE,FALSE,TRUE,1,"GSE145668,GSE145669"
"GSE145668,GSE145669p9_sc62",3,TRUE,FALSE,TRUE,1,"GSE145668,GSE145669"
"GSE145668,GSE145669p9_sc63",3,TRUE,FALSE,TRUE,1,"GSE145668,GSE145669"
"GSE145668,GSE145669p9_sc64",3,TRUE,FALSE,TRUE,0.922902283105215,"GSE145668,GSE145669"
"GSE145668,GSE145669p9_sc65",3,TRUE,FALSE,TRUE,1,"GSE145668,GSE145669"
"GSE145668,GSE145669p9_sc66",3,TRUE,FALSE,TRUE,1,"GSE145668,GSE145669"
"GSE145668,GSE145669p9_sc67",3,TRUE,FALSE,TRUE,0.973864381740258,"GSE145668,GSE145669"
"GSE145668,GSE145669p9_sc68",3,TRUE,FALSE,TRUE,0.940543060881513,"GSE145668,GSE145669"
"GSE145668,GSE145669p9_sc69",3,TRUE,FALSE,TRUE,1,"GSE145668,GSE145669"
"GSE145668,GSE145669p9_sc70",3,TRUE,FALSE,TRUE,1,"GSE145668,GSE145669"
"GSE145668,GSE145669p9_sc71",3,TRUE,FALSE,TRUE,0.9710034997512,"GSE145668,GSE145669"
"GSE145668,GSE145669p9_sc72",3,TRUE,FALSE,TRUE,1,"GSE145668,GSE145669"
"GSE145668,GSE145669p9_sc73",3,TRUE,FALSE,TRUE,1,"GSE145668,GSE145669"
"GSE145668,GSE145669p9_sc74",3,TRUE,FALSE,TRUE,1,"GSE145668,GSE145669"
"GSE145668,GSE145669p9_sc75",2,TRUE,FALSE,TRUE,1,"GSE145668,GSE145669"
"GSE145668,GSE145669p9_sc77",3,TRUE,FALSE,TRUE,0.961689135312293,"GSE145668,GSE145669"
"GSE145668,GSE145669p9_sc78",3,TRUE,FALSE,TRUE,1,"GSE145668,GSE145669"
"GSE145668,GSE145669p9_sc79",3,TRUE,FALSE,TRUE,0.975895166207884,"GSE145668,GSE145669"
"GSE145668,GSE145669p9_sc80",3,TRUE,FALSE,TRUE,1,"GSE145668,GSE145669"
"GSE145668,GSE145669p9_sc81",3,TRUE,FALSE,TRUE,0.98355360910484,"GSE145668,GSE145669"
"GSE145668,GSE145669p9_sc82",3,TRUE,FALSE,TRUE,0.998118364656289,"GSE145668,GSE145669"
"GSE145668,GSE145669p9_sc83",3,TRUE,FALSE,TRUE,0.956362270363472,"GSE145668,GSE145669"
"GSE145668,GSE145669p9_sc84",2,TRUE,FALSE,TRUE,1,"GSE145668,GSE145669"
"GSE145668,GSE145669p9_sc85",3,TRUE,FALSE,TRUE,1,"GSE145668,GSE145669"
"GSE145668,GSE145669p9_sc86",3,TRUE,FALSE,TRUE,1,"GSE145668,GSE145669"
"GSE145668,GSE145669p9_sc87",3,TRUE,FALSE,TRUE,1,"GSE145668,GSE145669"
"GSE145668,GSE145669p9_sc88",3,TRUE,FALSE,TRUE,0.969245277467877,"GSE145668,GSE145669"
"GSE145668,GSE145669p9_sc89",3,TRUE,FALSE,TRUE,1,"GSE145668,GSE145669"
"GSE145668,GSE145669p9_sc90",3,TRUE,FALSE,TRUE,1,"GSE145668,GSE145669"
"GSE145668,GSE145669p9_sc91",3,TRUE,FALSE,TRUE,0.976857807460836,"GSE145668,GSE145669"
"GSE145668,GSE145669p9_sc92",3,TRUE,FALSE,TRUE,1,"GSE145668,GSE145669"
"GSE145668,GSE145669p9_sc93",3,TRUE,FALSE,TRUE,0.975250786770675,"GSE145668,GSE145669"
"GSE145668,GSE145669p9_sc94",3,TRUE,FALSE,TRUE,0.981939646441679,"GSE145668,GSE145669"
"GSE145668,GSE145669p9_sc95",3,TRUE,FALSE,TRUE,0.973099511439494,"GSE145668,GSE145669"
"GSE145668,GSE145669p9_sc96",3,TRUE,FALSE,TRUE,0.995849458328975,"GSE145668,GSE145669"
"GSE1458151001703001",24,FALSE,FALSE,FALSE,1,"GSE145815"
"GSE1458151001703003",23,FALSE,FALSE,FALSE,1,"GSE145815"
"GSE1458151001703005",24,FALSE,FALSE,FALSE,1,"GSE145815"
"GSE1458151001703007",24,FALSE,FALSE,FALSE,1,"GSE145815"
"GSE1458151001703009",24,FALSE,FALSE,FALSE,0.947290057431916,"GSE145815"
"GSE1458151001703011",24,FALSE,FALSE,FALSE,0.945976520517566,"GSE145815"
"GSE147905hct116sicont1_s1",4,TRUE,TRUE,TRUE,0.0169116062683486,"GSE147905"
"GSE147905hct116sicont2_s2",4,TRUE,TRUE,TRUE,0.0252824642360673,"GSE147905"
"GSE147905hct116sierra7_s6",4,TRUE,TRUE,TRUE,0.032683481233131,"GSE147905"
"GSE147905hct116sierra8_s5",4,TRUE,TRUE,TRUE,0.085494327509577,"GSE147905"
"GSE147905hct116sipgc1b2_s4",4,TRUE,TRUE,TRUE,0.016383324000114,"GSE147905"
"GSE147905hct116sipgc1b6_s3",4,TRUE,TRUE,TRUE,0.0181188871746276,"GSE147905"
"GSE149345,GSE149350cuttl-con_s4",2,TRUE,TRUE,TRUE,0.0909093259934094,"GSE149345,GSE149350"
"GSE149345,GSE149350cuttl-pkf_s7",2,TRUE,TRUE,TRUE,0.112409331650545,"GSE149345,GSE149350"
"GSE149345,GSE149350tib-con_s14",2,TRUE,TRUE,TRUE,0.0170299595271989,"GSE149345,GSE149350"
"GSE149345,GSE149350tib-pkf_s17",2,TRUE,TRUE,TRUE,0.0138971816689412,"GSE149345,GSE149350"
"GSE151452exosc3-npc-1",4,TRUE,FALSE,TRUE,0.0233595146456456,"GSE151452"
"GSE151452exosc3-npc-2",4,TRUE,FALSE,TRUE,0.0263652548305149,"GSE151452"
"GSE151452exosc3-npc-3",4,TRUE,FALSE,TRUE,0.025911968212631,"GSE151452"
"GSE151452exosc8-npc1",4,TRUE,FALSE,TRUE,0.0243551122413836,"GSE151452"
"GSE151452exosc8-npc2",4,TRUE,FALSE,TRUE,0.0261008826240048,"GSE151452"
"GSE151452exosc8-npc3",4,TRUE,FALSE,TRUE,0.0436552126933603,"GSE151452"
"GSE151452exosc9-npc-1",4,TRUE,FALSE,TRUE,0.0181965388472339,"GSE151452"
"GSE151452exosc9-npc-2",4,TRUE,FALSE,TRUE,0.0183766389157956,"GSE151452"
"GSE151452exosc9-npc-3",4,TRUE,FALSE,TRUE,0.0171664267069879,"GSE151452"
"GSE151452f008-npc-1",4,TRUE,FALSE,TRUE,0.0923800111608446,"GSE151452"
"GSE151452f008-npc-2",4,TRUE,FALSE,TRUE,0.084770680352347,"GSE151452"
"GSE151452f008-npc-3",4,TRUE,FALSE,TRUE,0.089348394461872,"GSE151452"
"GSE151452f152-a",4,TRUE,FALSE,TRUE,0.0846417778980795,"GSE151452"
"GSE151452f152-b",4,TRUE,FALSE,TRUE,0.0854364007041248,"GSE151452"
"GSE151452f152-c",4,TRUE,FALSE,TRUE,0.0884669520556938,"GSE151452"
"GSE151452f153-npc-1",4,TRUE,FALSE,TRUE,0.0355665091461057,"GSE151452"
"GSE151452f153-npc-2",4,TRUE,FALSE,TRUE,0.0733631928179852,"GSE151452"
"GSE151452f153-npc-3",4,TRUE,FALSE,TRUE,0.0611265117897009,"GSE151452"
"GSE156734,GSE156735sc-rnaseq_cd34+ cells - 24h_donor1",2,TRUE,TRUE,FALSE,0.426196187481659,"GSE156734,GSE156735"
"GSE156734,GSE156735sc-rnaseq_cd34+ cells - 24h_donor2",2,TRUE,TRUE,FALSE,0.39159249324754,"GSE156734,GSE156735"
"GSE156734,GSE156735sc-rnaseq_cd34+ cells - 48h_donor1",2,TRUE,TRUE,FALSE,0.389069573043167,"GSE156734,GSE156735"
"GSE156734,GSE156735sc-rnaseq_cd34+ cells - 48h_donor2",2,TRUE,TRUE,FALSE,0.232717450501945,"GSE156734,GSE156735"
"GSE156734,GSE156735sc-rnaseq_cd34+ cells - 5h_donor1",2,TRUE,TRUE,FALSE,0.349558468650159,"GSE156734,GSE156735"
"GSE156734,GSE156735sc-rnaseq_cd34+ cells - 5h_donor2",2,TRUE,TRUE,FALSE,0.356688550524454,"GSE156734,GSE156735"
"GSE156734,GSE156735sc-rnaseq_cd34+ cells - 72h_donor1",2,TRUE,TRUE,FALSE,0.449220170598993,"GSE156734,GSE156735"
"GSE156734,GSE156735sc-rnaseq_cd34+ cells - 72h_donor2",2,TRUE,TRUE,FALSE,0.202473628961782,"GSE156734,GSE156735"
"GSE156734,GSE156735sc-rnaseq_cd34+ cells - 96h_donor1",2,TRUE,TRUE,FALSE,0.382891610608383,"GSE156734,GSE156735"
"GSE156734,GSE156735sc-rnaseq_cd34+ cells - 96h_donor2",2,TRUE,TRUE,FALSE,0.322565871048796,"GSE156734,GSE156735"
"GSE157743,GSE157745mel182_3 scrna-seq",2,TRUE,TRUE,TRUE,0.495128175957159,"GSE157743,GSE157745"
"GSE157743,GSE157745mel182_7 scrna-seq",2,TRUE,TRUE,TRUE,0.471432400075698,"GSE157743,GSE157745"
"GSE157743,GSE157745mel182_8 scrna-seq",2,TRUE,TRUE,TRUE,0.652073735344925,"GSE157743,GSE157745"
"GSE158485mf301_liver_cd45_p_rna_transcriptome",3,TRUE,TRUE,FALSE,0.701955938272118,"GSE158485"
"GSE162262g62_s1",4,TRUE,FALSE,TRUE,0.016044099278421,"GSE162262"
"GSE162262g62_s10",4,TRUE,FALSE,TRUE,0.0111048674694177,"GSE162262"
"GSE162262g62_s11",4,TRUE,FALSE,TRUE,0.0105877949340716,"GSE162262"
"GSE162262g62_s12",4,TRUE,FALSE,TRUE,0.0135878205394914,"GSE162262"
"GSE162262g62_s13",4,TRUE,FALSE,TRUE,0.0257810056514849,"GSE162262"
"GSE162262g62_s14",4,TRUE,FALSE,TRUE,0.0226585912856134,"GSE162262"
"GSE162262g62_s15",4,TRUE,FALSE,TRUE,0.0330015598859769,"GSE162262"
"GSE162262g62_s2",4,TRUE,FALSE,TRUE,0.0246590006232144,"GSE162262"
"GSE162262g62_s3",4,TRUE,FALSE,TRUE,0.0179517342958662,"GSE162262"
"GSE162262g62_s4",4,TRUE,FALSE,TRUE,0.0180144550484114,"GSE162262"
"GSE162262g62_s5",4,TRUE,FALSE,TRUE,0.017503417768442,"GSE162262"
"GSE162262g62_s6",4,TRUE,FALSE,TRUE,0.0140802307372997,"GSE162262"
"GSE162262g62_s7",4,TRUE,FALSE,TRUE,0.0239383518050926,"GSE162262"
"GSE162262g62_s8",4,TRUE,FALSE,TRUE,0.029713842286609,"GSE162262"
"GSE162262g62_s9",4,TRUE,FALSE,TRUE,0.0263813417013089,"GSE162262"
"GSE162855siro_dmem_6h_tc00283171",2,TRUE,FALSE,FALSE,0.0151118854180208,"GSE162855"
"GSE164101human hypothalamus cells_patient4458",12,FALSE,TRUE,FALSE,0.618709213642606,"GSE164101"
"GSE164102single-cell_arcuate organoid cells_20d_c3",2,TRUE,TRUE,FALSE,0.732413356761414,"GSE164102"
"GSE165905,GSE1659071r8: abx-15_d30",2,TRUE,FALSE,TRUE,0.834748244538438,"GSE165905,GSE165907"
"GSE165905,GSE1659072r9: abx-20_d0",2,TRUE,FALSE,TRUE,0.814399862744355,"GSE165905,GSE165907"
"GSE165905,GSE1659073r: abx-02_d1",2,TRUE,FALSE,TRUE,0.891963009751777,"GSE165905,GSE165907"
"GSE165905,GSE1659074r8: abx-15_d1",2,TRUE,FALSE,TRUE,0.94867452406792,"GSE165905,GSE165907"
"GSE165905,GSE1659075r8: abx-15_d0",2,TRUE,FALSE,TRUE,0.820480348381697,"GSE165905,GSE165907"
"GSE166945156560566_1_h12_ctctctac-ctaagcct",2,TRUE,TRUE,TRUE,0.719965099735148,"GSE166945"
"GSE167375icount_horganoids_d4_20190226bj",10,FALSE,FALSE,FALSE,0.823156912520852,"GSE167375"
"GSE167375icount_horganoids_plateii_20190308bj",12,FALSE,FALSE,FALSE,0.823764136580298,"GSE167375"
"GSE167933cjm-input",2,TRUE,TRUE,TRUE,0.0228920521051676,"GSE167933"
"GSE167933dnr-input",2,TRUE,TRUE,TRUE,0.0207282673460862,"GSE167933"
"GSE167933enr-input",2,TRUE,TRUE,TRUE,0.0258612734078104,"GSE167933"
"GSE168005me8337_gtccgc",4,TRUE,TRUE,TRUE,0.0217457848336401,"GSE168005"
"GSE168005me8341_cgtacg",4,TRUE,TRUE,TRUE,0.00787159623487863,"GSE168005"
"GSE168005me8345_ttaggc",4,TRUE,TRUE,TRUE,0.0154415283811863,"GSE168005"
"GSE168005me8347_acagtg",4,TRUE,TRUE,TRUE,0.0053333668477994,"GSE168005"
"GSE168441b_1",3,TRUE,FALSE,FALSE,0.00510213369471379,"GSE168441"
"GSE168441b_2",3,TRUE,FALSE,FALSE,0.00458506115936773,"GSE168441"
"GSE168441b_3",3,TRUE,FALSE,FALSE,0.00510213369471379,"GSE168441"
"GSE168441jn_1",3,TRUE,FALSE,FALSE,0.00996241689792243,"GSE168441"
"GSE168441jn_2",3,TRUE,FALSE,FALSE,0.0104794894332685,"GSE168441"
"GSE168441jn_3",3,TRUE,FALSE,FALSE,0.0111490026987238,"GSE168441"
"GSE168471,GSE168474wsu-dlcl2_rnaseq_rep3",3,TRUE,TRUE,FALSE,0.0276405053646805,"GSE168471,GSE168474"
"GSE169008pancreatic_organoids_multi",2,TRUE,TRUE,FALSE,0.679134762849159,"GSE169008"
"GSE173902none.ifng sam19",2,TRUE,TRUE,TRUE,0.00381803169828502,"GSE173902"
"GSE173902none.il13 sam7",2,TRUE,TRUE,TRUE,0.00381803169828502,"GSE173902"
"GSE173902none.il22 sam13",2,TRUE,TRUE,TRUE,0.00417245903415104,"GSE173902"
"GSE173902none.il4 sam4",2,TRUE,TRUE,TRUE,0.00724993907891212,"GSE173902"
"GSE173902none.il4il13 sam10",2,TRUE,TRUE,TRUE,0.00331439664778982,"GSE173902"
"GSE173902none.none sam1",2,TRUE,TRUE,TRUE,0.00381803169828502,"GSE173902"
"GSE173902sa.ifng sam21",2,TRUE,TRUE,TRUE,0.00833117508735441,"GSE173902"
"GSE173902sa.il13 sam9",2,TRUE,TRUE,TRUE,0.0112460099326354,"GSE173902"
"GSE173902sa.il22 sam15",2,TRUE,TRUE,TRUE,0.00498653018187311,"GSE173902"
"GSE173902sa.il4 sam6",2,TRUE,TRUE,TRUE,0.00781410255200835,"GSE173902"
"GSE173902sa.il4il13 sam12",2,TRUE,TRUE,TRUE,0.00781410255200835,"GSE173902"
"GSE173902sa.none sam3",2,TRUE,TRUE,TRUE,0.00656713630917886,"GSE173902"
"GSE173902se.ifng sam20",2,TRUE,TRUE,TRUE,0.0116004372685015,"GSE173902"
"GSE173902se.il13 sam8",2,TRUE,TRUE,TRUE,0.00781410255200835,"GSE173902"
"GSE173902se.il22 sam14",2,TRUE,TRUE,TRUE,0.00781410255200835,"GSE173902"
"GSE173902se.il4 sam5",2,TRUE,TRUE,TRUE,0.00781410255200835,"GSE173902"
"GSE173902se.il4il13 sam11",2,TRUE,TRUE,TRUE,0.0102295672784259,"GSE173902"
"GSE173902se.none sam2",2,TRUE,TRUE,TRUE,0.00381803169828502,"GSE173902"
"GSE175906m",3,TRUE,TRUE,TRUE,0.0072385910930053,"GSE175906"
"GSE178274batch1",2,TRUE,FALSE,FALSE,0.916996121028927,"GSE178274"
"GSE178340atra-cfz_s8",4,TRUE,TRUE,TRUE,0.0857209425936383,"GSE178340"
"GSE178340atra1_s4",4,TRUE,TRUE,TRUE,0.132863726050508,"GSE178340"
"GSE178340atra2_s5",4,TRUE,TRUE,TRUE,0.0907438494760478,"GSE178340"
"GSE178340atra3_s6",4,TRUE,TRUE,TRUE,0.0817876564991171,"GSE178340"
"GSE178340cfz_s7",4,TRUE,TRUE,TRUE,0.0838119726216304,"GSE178340"
"GSE178340ctrl1_s1",4,TRUE,TRUE,TRUE,0.079806734286622,"GSE178340"
"GSE178340ctrl2_s2",4,TRUE,TRUE,TRUE,0.0620137505338907,"GSE178340"
"GSE178340ctrl3_s3",4,TRUE,TRUE,TRUE,0.0775228877304564,"GSE178340"
"GSE178707scrna_cd4+cd45ro+",2,TRUE,TRUE,FALSE,0.150389310197376,"GSE178707"
"GSE178942a-a549-no_infection_20200605000",2,TRUE,TRUE,FALSE,0.00736377056790292,"GSE178942"
"GSE178942b-a549-no_infection_20200605000",2,TRUE,TRUE,FALSE,0.0134281329091567,"GSE178942"
"GSE178942c-a549-no_infection_20200605000",2,TRUE,TRUE,FALSE,0.00969650624890835,"GSE178942"
"GSE178942d_a549-no_infection_20200605000",2,TRUE,TRUE,FALSE,0.00265238132944634,"GSE178942"
"GSE178942e-a549-bem_only_20200605000",2,TRUE,TRUE,FALSE,0.00380744433846216,"GSE178942"
"GSE178942f-a549-bem_only_20200605000",2,TRUE,TRUE,FALSE,0.00698598722064005,"GSE178942"
"GSE178942g-a549-bem_only_20200605000",2,TRUE,TRUE,FALSE,0.00366882398365584,"GSE178942"
"GSE178942h-a549-bem_only_20200605000",2,TRUE,TRUE,FALSE,0.00710073136428294,"GSE178942"
"GSE179251gfp_rep_1",4,TRUE,FALSE,TRUE,0.230585264119233,"GSE179251"
"GSE179251gfp_rep_2",4,TRUE,FALSE,TRUE,0.268937522754347,"GSE179251"
"GSE179251gfp_rep_3",4,TRUE,FALSE,TRUE,0.334070375288721,"GSE179251"
"GSE179981cd8_neg_neg_nybc230_58",2,TRUE,FALSE,FALSE,0.0337234121312722,"GSE179981"
"GSE179981cd8_neg_neg_nybc234_32",2,TRUE,FALSE,FALSE,0.0119329095833429,"GSE179981"
"GSE179981cd8_neg_neg_nybc245_36",2,TRUE,FALSE,FALSE,0.0216312976063116,"GSE179981"
"GSE179981cd8_neg_pos_nybc230_57",2,TRUE,FALSE,FALSE,0.0233585713463879,"GSE179981"
"GSE179981cd8_neg_pos_nybc234_31",2,TRUE,FALSE,FALSE,0.0499380603969513,"GSE179981"
"GSE179981cd8_neg_pos_nybc245_35",2,TRUE,FALSE,FALSE,0.0391397476596216,"GSE179981"
"GSE179981cd8_neg_pos_nybc265_67",2,TRUE,FALSE,FALSE,0.175538521625902,"GSE179981"
"GSE179981cd8_neg_pos_nybc281_77",2,TRUE,FALSE,FALSE,0.0164123673819499,"GSE179981"
"GSE179981nk_neg_neg_nybc230_54",2,TRUE,FALSE,FALSE,0.0447565480987296,"GSE179981"
"GSE179981nk_neg_neg_nybc259_8",2,TRUE,FALSE,FALSE,0.0142872596887892,"GSE179981"
"GSE183664th17_24h_lna1_replicate1",3,TRUE,TRUE,FALSE,0.00857547906152083,"GSE183664"
"GSE183664th17_24h_lna1_replicate2",3,TRUE,TRUE,FALSE,0.00807184401102563,"GSE183664"
"GSE183664th17_24h_lna1_replicate3",3,TRUE,TRUE,FALSE,0.00290959122969986,"GSE183664"
"GSE183664th17_24h_lna2_replicate1",3,TRUE,TRUE,FALSE,0.00686828841198727,"GSE183664"
"GSE183664th17_24h_lna2_replicate2",3,TRUE,TRUE,FALSE,0.177222276955718,"GSE183664"
"GSE183664th17_24h_lna2_replicate3",3,TRUE,TRUE,FALSE,0.00788899599782852,"GSE183664"
"GSE183664th17_24h_lna4_replicate1",3,TRUE,TRUE,FALSE,0.00686828841198727,"GSE183664"
"GSE183664th17_24h_lna4_replicate2",3,TRUE,TRUE,FALSE,0.00573122675921707,"GSE183664"
"GSE183664th17_24h_lna4_replicate3",3,TRUE,TRUE,FALSE,0.00857547906152083,"GSE183664"
"GSE183664th17_24h_lnant_replicate1",3,TRUE,TRUE,FALSE,0.00807184401102563,"GSE183664"
"GSE183664th17_24h_lnant_replicate2",3,TRUE,TRUE,FALSE,0.00686828841198727,"GSE183664"
"GSE183664th17_24h_lnant_replicate3",3,TRUE,TRUE,FALSE,0.00522759170872188,"GSE183664"
"GSE183664th17_72h_lna1_replicate1",3,TRUE,TRUE,FALSE,0.00198376738156504,"GSE183664"
"GSE183664th17_72h_lna1_replicate2",3,TRUE,TRUE,FALSE,0.0026836879301082,"GSE183664"
"GSE183664th17_72h_lna1_replicate3",3,TRUE,TRUE,FALSE,0.0261293355110979,"GSE183664"
"GSE183664th17_72h_lna2_replicate1",3,TRUE,TRUE,FALSE,0.00148013233106984,"GSE183664"
"GSE183664th17_72h_lna2_replicate2",3,TRUE,TRUE,FALSE,0.00684817404826766,"GSE183664"
"GSE183664th17_72h_lna2_replicate3",3,TRUE,TRUE,FALSE,0.00844701084610463,"GSE183664"
"GSE183664th17_72h_lna4_replicate1",3,TRUE,TRUE,FALSE,0.00148013233106984,"GSE183664"
"GSE183664th17_72h_lna4_replicate2",3,TRUE,TRUE,FALSE,0.00148013233106984,"GSE183664"
"GSE183664th17_72h_lna4_replicate3",3,TRUE,TRUE,FALSE,0.00637309596630081,"GSE183664"
"GSE183664th17_72h_lnant_replicate1",3,TRUE,TRUE,FALSE,0.0261293355110979,"GSE183664"
"GSE183664th17_72h_lnant_replicate2",3,TRUE,TRUE,FALSE,0.00198376738156504,"GSE183664"
"GSE183664th17_72h_lnant_replicate3",3,TRUE,TRUE,FALSE,0.0235197777469854,"GSE183664"
"GSE184118high",2,TRUE,FALSE,FALSE,1,"GSE184118"
"GSE184118low",3,TRUE,FALSE,FALSE,0.63390447045077,"GSE184118"
"GSE184118med",2,TRUE,FALSE,FALSE,1,"GSE184118"
"GSE184941sample_r378-65-649720_s49",2,TRUE,FALSE,TRUE,0.447780486804495,"GSE184941"
"GSE184941sample_r378-66-344104_s50",2,TRUE,FALSE,TRUE,0.0707168238009213,"GSE184941"
"GSE185995hto_mda-mb-231-ywsg1p1",6,TRUE,FALSE,FALSE,0.949385006157505,"GSE185995"
"GSE185995mda-mb-231-ywsg1p1_nextseq",6,TRUE,FALSE,FALSE,0.813768627121524,"GSE185995"
"GSE185995sgrna-enrichment_20k-sgrnas_nextseq",6,TRUE,FALSE,FALSE,0.784504072509955,"GSE185995"
"GSE185995sgrna-enrichment_20k-sgrnas_novaseq",6,TRUE,FALSE,FALSE,0.91464958972525,"GSE185995"
"GSE186504cell from adult ovary follicle, s",8,TRUE,FALSE,TRUE,0.738755810927904,"GSE186504"
"GSE190078shcn-_total_r1",2,TRUE,TRUE,TRUE,0.585874306481397,"GSE190078"
"GSE190078shmn-_total_r1",2,TRUE,TRUE,TRUE,0.343060347728368,"GSE190078"
"GSE190501patient1_i1_0214",2,TRUE,TRUE,TRUE,0.309996691576932,"GSE190501"
"GSE190501patient1_i1_0615",2,TRUE,TRUE,TRUE,0.866379806948488,"GSE190501"
"GSE190501patient2_i1_121307",2,TRUE,TRUE,TRUE,0.29131161589582,"GSE190501"
"GSE190615jh01_nha",8,TRUE,TRUE,FALSE,0.0518753759892973,"GSE190615"
"GSE190615jh02_nhbe",8,TRUE,TRUE,FALSE,0.00797256957740271,"GSE190615"
"GSE190615jh03_nhac-kn",8,TRUE,TRUE,FALSE,0.00922124188716431,"GSE190615"
"GSE190615jh04_huvec",8,TRUE,TRUE,FALSE,0.0419234221199297,"GSE190615"
"GSE190615jh05_hmvec-l",8,TRUE,TRUE,FALSE,0.026815618163582,"GSE190615"
"GSE190615jh06_nhdf-ad",8,TRUE,TRUE,FALSE,0.0422778494557957,"GSE190615"
"GSE190615jh07_nhdf-neo",8,TRUE,TRUE,FALSE,0.0368546881709049,"GSE190615"
"GSE190615jh08_nhcf-v",8,TRUE,TRUE,FALSE,0.00862014800440395,"GSE190615"
"GSE190615jh10_nhek-ad",8,TRUE,TRUE,FALSE,0.00827699296210888,"GSE190615"
"GSE190615jh11_nhek-neo",8,TRUE,TRUE,FALSE,0.0136158372126647,"GSE190615"
"GSE190615jh12_nhem-ad",8,TRUE,TRUE,FALSE,0.00531138841762137,"GSE190615"
"GSE190615jh13_hmec",8,TRUE,TRUE,FALSE,0.00810538398982736,"GSE190615"
"GSE190615jh14_nhmc",8,TRUE,TRUE,FALSE,0.0291337106843896,"GSE190615"
"GSE190615jh15_nhost",8,TRUE,TRUE,FALSE,0.0444428314804527,"GSE190615"
"GSE190615jh17_hrce",8,TRUE,TRUE,FALSE,0.0098164727639277,"GSE190615"
"GSE190615jh18_hre",8,TRUE,TRUE,FALSE,0.0168572792670504,"GSE190615"
"GSE190615jh19_rptec",8,TRUE,TRUE,FALSE,0.00792109980055319,"GSE190615"
"GSE190615jh20_hrpe",8,TRUE,TRUE,FALSE,0.00930562702925038,"GSE190615"
"GSE190615jh21_aoaf",8,TRUE,TRUE,FALSE,0.00944863577922645,"GSE190615"
"GSE190615jh22_hpdlf",8,TRUE,TRUE,FALSE,0.0111381012871694,"GSE190615"
"GSE190615jh23_prsc",8,TRUE,TRUE,FALSE,0.0108963189207238,"GSE190615"
"GSE190615jh24_hsmm",8,TRUE,TRUE,FALSE,0.0192068244531583,"GSE190615"
"GSE190615jh26_aosmc",8,TRUE,TRUE,FALSE,0.0446144404527342,"GSE190615"
"GSE190615jh27_inepc",8,TRUE,TRUE,FALSE,0.0170615603472097,"GSE190615"
"GSE190615jh28_inmyofib",8,TRUE,TRUE,FALSE,0.0105680133070976,"GSE190615"
"GSE190615jh29_prsmc",8,TRUE,TRUE,FALSE,0.0215102475674583,"GSE190615"
"GSE190615jh30_bdsmc",8,TRUE,TRUE,FALSE,0.0190437306301678,"GSE190615"
"GSE190615jh31_haec",8,TRUE,TRUE,FALSE,0.0423648398626713,"GSE190615"
"GSE193683,GSE193684sc2100311_gt21-18745",2,TRUE,TRUE,TRUE,0.620774546489507,"GSE193683,GSE193684"
"GSE194169d0322gbm-normal-cerebrum",4,TRUE,TRUE,TRUE,0.115677387284107,"GSE194169"
"GSE194169nc2-normal-cerebrum",4,TRUE,TRUE,TRUE,0.126485804251035,"GSE194169"
"GSE194169t0503gct-normal-cerebrum",4,TRUE,TRUE,TRUE,0.0487223629277039,"GSE194169"
"GSE194169v0914-syc-435-15mg-tmzxrt-bio-day5",4,TRUE,TRUE,TRUE,0.0254435932006674,"GSE194169"
"GSE194169v0914-syc-435-15mg-tmzxrt-sur",4,TRUE,TRUE,TRUE,0.180704818754114,"GSE194169"
"GSE194169v0914-syc435-15mg-biod5_r1_001",4,TRUE,TRUE,TRUE,0.140331522800307,"GSE194169"
"GSE194169v0914-syc435-15mg-sur",4,TRUE,TRUE,TRUE,0.118031808832586,"GSE194169"
"GSE194169v0914-tmz-xrt-biod5",4,TRUE,TRUE,TRUE,0.0553706716983641,"GSE194169"
"GSE194169v0914-tmzxrt-sur",4,TRUE,TRUE,TRUE,0.125646028859453,"GSE194169"
"GSE194169v0914-untreated-sur",4,TRUE,TRUE,TRUE,0.125890622321043,"GSE194169"
"GSE197221ko",3,TRUE,FALSE,TRUE,0.0190170798517868,"GSE197221"
"GSE197221wt",3,TRUE,TRUE,TRUE,0.0141495091268514,"GSE197221"
"GSE197923,GSE197925wt1_rnaseq_rep1",2,TRUE,TRUE,FALSE,0.0360727092109768,"GSE197923,GSE197925"
"GSE197923,GSE197925wt1_rnaseq_rep2",2,TRUE,TRUE,FALSE,0.0387404891552638,"GSE197923,GSE197925"
"GSE200845dmso_tc00000652",3,TRUE,FALSE,FALSE,0.0600729397894596,"GSE200845"
"GSE20301222rv1 cell line 10b.lp1_gagattcc.atagaggc_ah3vfybcx2_001",2,TRUE,FALSE,TRUE,0.128754675529737,"GSE203012"
"GSE20301222rv1 cell line 10b.lp2_attcagaa.atagaggc_ah3vfybcx2_001",2,TRUE,FALSE,TRUE,0.182660459962339,"GSE203012"
"GSE20301222rv1 cell line 10b.lp3_gaattcgt.atagaggc_ah3vfybcx2_001",2,TRUE,FALSE,TRUE,0.241887337174774,"GSE203012"
"GSE20301222rv1 cell line 19a.30ng.lp1_ctgaagct.cctatcct_ah3vfybcx2_001",2,TRUE,FALSE,TRUE,0.180583761533061,"GSE203012"
"GSE20301222rv1 cell line 19a.30ng.lp2_taatgcgc.cctatcct_ah3vfybcx2_001",2,TRUE,FALSE,TRUE,0.357988683504868,"GSE203012"
"GSE20301222rv1 cell line 19a.30ng.lp3_cggctatg.cctatcct_ah3vfybcx2_001",2,TRUE,FALSE,TRUE,0.286015081776404,"GSE203012"
"GSE209760den1009a_day0_shot1_pbmc",2,TRUE,FALSE,FALSE,0.040613834484435,"GSE209760"
"GSE209760den1010a_day0_shot1_pbmc",2,TRUE,FALSE,FALSE,0.00298536734144718,"GSE209760"
"GSE209760den1021a_day0_shot1_pbmc",2,TRUE,FALSE,FALSE,0.00160241735928826,"GSE209760"
"GSE209760den1034a_day0_shot1_pbmc",2,TRUE,FALSE,FALSE,0.00897259933253735,"GSE209760"
"GSE209760den1049a_day0_shot1_pbmc",2,TRUE,FALSE,FALSE,0.00140349567587532,"GSE209760"
"GSE210943pbmc, mrna-derived cdna 3089-2_s2",2,TRUE,FALSE,TRUE,0.881392139938719,"GSE210943"
"GSE210943pbmc, mrna-derived cdna 3309-2_s6",2,TRUE,FALSE,TRUE,0.808251015023353,"GSE210943"
"GSE217418,GSE2340741-aa2-e2",2,TRUE,FALSE,FALSE,0.00700577578905529,"GSE217418,GSE234074"
"GSE217418,GSE2340742-aa2-e2",2,TRUE,TRUE,FALSE,0.00794648568566382,"GSE217418,GSE234074"
"GSE221758,GSE221759itreg_24h_liril2r_lna1_rep1",2,TRUE,TRUE,FALSE,0.00496141803566688,"GSE221758,GSE221759"
"GSE221758,GSE221759itreg_24h_liril2r_lna1_rep2",2,TRUE,TRUE,FALSE,0.00537748698016465,"GSE221758,GSE221759"
"GSE221758,GSE221759itreg_24h_liril2r_lna1_rep3",2,TRUE,TRUE,FALSE,0.00997177492696004,"GSE221758,GSE221759"
"GSE221758,GSE221759itreg_24h_liril2r_lna2_rep1",2,TRUE,TRUE,FALSE,0.0046177817382634,"GSE221758,GSE221759"
"GSE221758,GSE221759itreg_24h_liril2r_lna2_rep2",2,TRUE,TRUE,FALSE,0.00405798975567585,"GSE221758,GSE221759"
"GSE221758,GSE221759itreg_24h_liril2r_lna2_rep3",2,TRUE,TRUE,FALSE,0.0052153695980352,"GSE221758,GSE221759"
"GSE221758,GSE221759itreg_24h_nt_rep1",2,TRUE,TRUE,FALSE,0.0028244039136153,"GSE221758,GSE221759"
"GSE221758,GSE221759itreg_24h_nt_rep2",2,TRUE,TRUE,FALSE,0.00191815991674069,"GSE221758,GSE221759"
"GSE221758,GSE221759itreg_24h_nt_rep3",2,TRUE,TRUE,FALSE,0.00848097349513742,"GSE221758,GSE221759"
"GSE222129b48_asthma_1",3,TRUE,TRUE,TRUE,0.033175168382908,"GSE222129"
"GSE222129b48_asthma_2",3,TRUE,TRUE,TRUE,0.00846922824160698,"GSE222129"
"GSE222129b48_asthma_3",3,TRUE,TRUE,TRUE,0.00846467236618488,"GSE222129"
"GSE222129b48_healthy_1",3,TRUE,TRUE,TRUE,0.0183699295741752,"GSE222129"
"GSE222129b48_healthy_2",3,TRUE,TRUE,TRUE,0.00507785975438447,"GSE222129"
"GSE222129b48_healthy_3",3,TRUE,TRUE,TRUE,0.00708893599152567,"GSE222129"
"GSE222129c15_asthma_1",3,TRUE,TRUE,TRUE,0.00700427231719328,"GSE222129"
"GSE222129c15_asthma_2",3,TRUE,TRUE,TRUE,0.00710073136428294,"GSE222129"
"GSE222129c15_asthma_3",3,TRUE,TRUE,TRUE,0.0248400901421395,"GSE222129"
"GSE222129c15_healthy_1",3,TRUE,TRUE,TRUE,0.00855851379623753,"GSE222129"
"GSE222129c15_healthy_2",3,TRUE,TRUE,TRUE,0.0230962534159638,"GSE222129"
"GSE222129c15_healthy_3",3,TRUE,TRUE,TRUE,0.00868004443073208,"GSE222129"
"GSE222129m_asthma_1",3,TRUE,TRUE,TRUE,0.0122274897186444,"GSE222129"
"GSE222129m_asthma_2",3,TRUE,TRUE,TRUE,0.0116009543180079,"GSE222129"
"GSE222129m_asthma_3",3,TRUE,TRUE,TRUE,0.00755856842477355,"GSE222129"
"GSE222129m_healthy_1",3,TRUE,TRUE,TRUE,0.0104230409013653,"GSE222129"
"GSE222129m_healthy_2",3,TRUE,TRUE,TRUE,0.00619265407115144,"GSE222129"
"GSE222129m_healthy_3",3,TRUE,TRUE,TRUE,0.0225678662791043,"GSE222129"
"GSE225061,GSE250032nci-h2122 cells, bi3406_50mpk_adagrasib_100mpk_4h",4,TRUE,TRUE,FALSE,0.0529710823473958,"GSE225061,GSE250032"
"GSE230214,GSE230217disease plasma_pbmc_1_s1",2,TRUE,TRUE,TRUE,0.00178961505075796,"GSE230214,GSE230217"
"GSE230214,GSE230217disease plasma_pbmc_10_s10",2,TRUE,TRUE,TRUE,0.00106955947091894,"GSE230214,GSE230217"
"GSE230214,GSE230217disease plasma_pbmc_2_s5",2,TRUE,TRUE,TRUE,0.00127180135538467,"GSE230214,GSE230217"
"GSE230214,GSE230217disease plasma_pbmc_3_s4",2,TRUE,TRUE,TRUE,0.000583523108430465,"GSE230214,GSE230217"
"GSE230214,GSE230217disease plasma_pbmc_4_s3",2,TRUE,TRUE,TRUE,0.000717296127526978,"GSE230214,GSE230217"
"GSE230214,GSE230217disease plasma_pbmc_5_s2",2,TRUE,TRUE,TRUE,0.000754728820038617,"GSE230214,GSE230217"
"GSE230214,GSE230217disease plasma_pbmc_6_s6",2,TRUE,TRUE,TRUE,0.000400301484172597,"GSE230214,GSE230217"
"GSE230214,GSE230217disease plasma_pbmc_7_s7",2,TRUE,TRUE,TRUE,0.000686259954669397,"GSE230214,GSE230217"
"GSE230214,GSE230217disease plasma_pbmc_8_s8",2,TRUE,TRUE,TRUE,0.00071513213505292,"GSE230214,GSE230217"
"GSE230214,GSE230217disease plasma_pbmc_9_s9",2,TRUE,TRUE,TRUE,0.00120333249001545,"GSE230214,GSE230217"
"GSE230214,GSE230217healthy plasma_pbmc_11_s11",2,TRUE,TRUE,TRUE,0.00308748563347657,"GSE230214,GSE230217"
"GSE230214,GSE230217healthy plasma_pbmc_12_s12",2,TRUE,TRUE,TRUE,0.00120333249001545,"GSE230214,GSE230217"
"GSE230214,GSE230217healthy plasma_pbmc_13_s13",2,TRUE,TRUE,TRUE,0.000686259954669397,"GSE230214,GSE230217"
"GSE230214,GSE230217healthy plasma_pbmc_14_s14",2,TRUE,TRUE,TRUE,0.00106955947091894,"GSE230214,GSE230217"
"GSE230214,GSE230217healthy plasma_pbmc_15_s15",2,TRUE,TRUE,TRUE,0.00106955947091894,"GSE230214,GSE230217"
"GSE230214,GSE230217healthy plasma_pbmc_16_s16",2,TRUE,TRUE,TRUE,0.00106955947091894,"GSE230214,GSE230217"
"GSE2339498032-s1_s1",2,TRUE,TRUE,TRUE,0.054494395306112,"GSE233949"
"GSE2339498032-s10_s10",2,TRUE,TRUE,TRUE,0,"GSE233949"
"GSE2339498032-s11_s11",2,TRUE,TRUE,TRUE,0.0202520340053539,"GSE233949"
"GSE2339498032-s12_s12",2,TRUE,TRUE,TRUE,0.0315353811658333,"GSE233949"
"GSE2339498032-s13_s13",2,TRUE,TRUE,TRUE,0.0559443492573833,"GSE233949"
"GSE2339498032-s14_s14",2,TRUE,TRUE,TRUE,0.0361298339533835,"GSE233949"
"GSE2339498032-s15_s15",2,TRUE,TRUE,TRUE,0.0511836850312821,"GSE233949"
"GSE2339498032-s16_s16",2,TRUE,TRUE,TRUE,0.00488789807653175,"GSE233949"
"GSE2339498032-s17_s17",2,TRUE,TRUE,TRUE,0.0297457757096032,"GSE233949"
"GSE2339498032-s18_s18",2,TRUE,TRUE,TRUE,0.00073755608453074,"GSE233949"
"GSE2339498032-s19_s19",2,TRUE,TRUE,TRUE,0.0737364943988861,"GSE233949"
"GSE2339498032-s2_s2",2,TRUE,TRUE,TRUE,0.00796634065271805,"GSE233949"
"GSE2339498032-s20_s20",2,TRUE,TRUE,TRUE,0.00885229341829408,"GSE233949"
"GSE2339498032-s21_s21",2,TRUE,TRUE,TRUE,0.0665715600405823,"GSE233949"
"GSE2339498032-s22_s22",2,TRUE,TRUE,TRUE,0.0254388414184412,"GSE233949"
"GSE2339498032-s23_s23",2,TRUE,TRUE,TRUE,0.00829549570167808,"GSE233949"
"GSE2339498032-s24_s24",2,TRUE,TRUE,TRUE,0,"GSE233949"
"GSE2339498032-s25_s25",2,TRUE,TRUE,TRUE,0.0668964449239201,"GSE233949"
"GSE2339498032-s26_s26",2,TRUE,TRUE,TRUE,0.0714267804561647,"GSE233949"
"GSE2339498032-s27_s27",2,TRUE,TRUE,TRUE,0.00430251430421691,"GSE233949"
"GSE2339498032-s28_s28",2,TRUE,TRUE,TRUE,0.0227645063312438,"GSE233949"
"GSE2339498032-s29_s29",2,TRUE,TRUE,TRUE,0,"GSE233949"
"GSE2339498032-s3_s3",2,TRUE,TRUE,TRUE,0,"GSE233949"
"GSE2339498032-s30_s30",2,TRUE,TRUE,TRUE,0,"GSE233949"
"GSE2339498032-s31_s31",2,TRUE,TRUE,TRUE,0,"GSE233949"
"GSE2339498032-s32_s32",2,TRUE,TRUE,TRUE,0.0592126547384056,"GSE233949"
"GSE2339498032-s33_s33",2,TRUE,TRUE,TRUE,0,"GSE233949"
"GSE2339498032-s34_s34",2,TRUE,TRUE,TRUE,0,"GSE233949"
"GSE2339498032-s35_s35",2,TRUE,TRUE,TRUE,0,"GSE233949"
"GSE2339498032-s36_s36",2,TRUE,TRUE,TRUE,0,"GSE233949"
"GSE2339498032-s37_s37",2,TRUE,TRUE,TRUE,0,"GSE233949"
"GSE2339498032-s38_s38",2,TRUE,TRUE,TRUE,0.0106279071102585,"GSE233949"
"GSE2339498032-s39_s39",2,TRUE,TRUE,TRUE,0.00681130727527529,"GSE233949"
"GSE2339498032-s4_s4",2,TRUE,TRUE,TRUE,0,"GSE233949"
"GSE2339498032-s40_s40",2,TRUE,TRUE,TRUE,0.014614687832389,"GSE233949"
"GSE2339498032-s41_s41",2,TRUE,TRUE,TRUE,0.00989020701700012,"GSE233949"
"GSE2339498032-s42_s42",2,TRUE,TRUE,TRUE,0.00934775477083005,"GSE233949"
"GSE2339498032-s43_s43",2,TRUE,TRUE,TRUE,0.0166918645953165,"GSE233949"
"GSE2339498032-s44_s44",2,TRUE,TRUE,TRUE,0.00958056155974569,"GSE233949"
"GSE2339498032-s45_s45",2,TRUE,TRUE,TRUE,0,"GSE233949"
"GSE2339498032-s46_s46",2,TRUE,TRUE,TRUE,0.109936724263339,"GSE233949"
"GSE2339498032-s47_s47",2,TRUE,TRUE,TRUE,0.0847876604350484,"GSE233949"
"GSE2339498032-s48_s48",2,TRUE,TRUE,TRUE,0.0364292529309063,"GSE233949"
"GSE2339498032-s49_s49",2,TRUE,TRUE,TRUE,0.0123409452670184,"GSE233949"
"GSE2339498032-s5_s5",2,TRUE,TRUE,TRUE,0,"GSE233949"
"GSE2339498032-s50_s50",2,TRUE,TRUE,TRUE,0.0222714255071738,"GSE233949"
"GSE2339498032-s51_s51",2,TRUE,TRUE,TRUE,0.0243464809774242,"GSE233949"
"GSE2339498032-s52_s52",2,TRUE,TRUE,TRUE,0.0236051513994512,"GSE233949"
"GSE2339498032-s53_s53",2,TRUE,TRUE,TRUE,0.00339996903814802,"GSE233949"
"GSE2339498032-s54_s54",2,TRUE,TRUE,TRUE,0.0115477169400284,"GSE233949"
"GSE2339498032-s55_s55",2,TRUE,TRUE,TRUE,0.00565612730833281,"GSE233949"
"GSE2339498032-s56_s56",2,TRUE,TRUE,TRUE,0,"GSE233949"
"GSE2339498032-s57_s57",2,TRUE,TRUE,TRUE,0,"GSE233949"
"GSE2339498032-s58_s58",2,TRUE,TRUE,TRUE,0,"GSE233949"
"GSE2339498032-s59_s59",2,TRUE,TRUE,TRUE,0.00822813741326502,"GSE233949"
"GSE2339498032-s6_s6",2,TRUE,TRUE,TRUE,0.000169856432297474,"GSE233949"
"GSE2339498032-s60_s60",2,TRUE,TRUE,TRUE,0,"GSE233949"
"GSE2339498032-s61_s61",2,TRUE,TRUE,TRUE,0.0252450676047294,"GSE233949"
"GSE2339498032-s62_s62",2,TRUE,TRUE,TRUE,0,"GSE233949"
"GSE2339498032-s63_s63",2,TRUE,TRUE,TRUE,0.0249638939288307,"GSE233949"
"GSE2339498032-s64_s64",2,TRUE,TRUE,TRUE,0,"GSE233949"
"GSE2339498032-s65_s65",2,TRUE,TRUE,TRUE,0.0208715626089854,"GSE233949"
"GSE2339498032-s66_s66",2,TRUE,TRUE,TRUE,0.0243075271880757,"GSE233949"
"GSE2339498032-s67_s67",2,TRUE,TRUE,TRUE,0.0120967970065811,"GSE233949"
"GSE2339498032-s68_s68",2,TRUE,TRUE,TRUE,0.0234989971713673,"GSE233949"
"GSE2339498032-s69_s69",2,TRUE,TRUE,TRUE,0.104150981096974,"GSE233949"
"GSE2339498032-s7_s7",2,TRUE,TRUE,TRUE,0,"GSE233949"
"GSE2339498032-s70_s70",2,TRUE,TRUE,TRUE,0.00492611616158321,"GSE233949"
"GSE2339498032-s71_s71",2,TRUE,TRUE,TRUE,0.0724233005678147,"GSE233949"
"GSE2339498032-s72_s72",2,TRUE,TRUE,TRUE,0.00055849562331879,"GSE233949"
"GSE2339498032-s73_s73",2,TRUE,TRUE,TRUE,0.0214196446382266,"GSE233949"
"GSE2339498032-s74_s74",2,TRUE,TRUE,TRUE,0.030889296380482,"GSE233949"
"GSE2339498032-s75_s75",2,TRUE,TRUE,TRUE,0.0292465062720575,"GSE233949"
"GSE2339498032-s76_s76",2,TRUE,TRUE,TRUE,0,"GSE233949"
"GSE2339498032-s77_s77",2,TRUE,TRUE,TRUE,0.0701010498478105,"GSE233949"
"GSE2339498032-s78_s78",2,TRUE,TRUE,TRUE,0.027095027471931,"GSE233949"
"GSE2339498032-s8_s8",2,TRUE,TRUE,TRUE,0,"GSE233949"
"GSE2339498032-s9_s9",2,TRUE,TRUE,TRUE,0,"GSE233949"
"GSE235133,GSE235136covid_t",11,FALSE,TRUE,FALSE,0.142200016285223,"GSE235133,GSE235136"
"GSE244107,GSE244110hepaplate01",22,FALSE,FALSE,FALSE,0.300057264510164,"GSE244107,GSE244110"
"GSE244107,GSE244110hepaplate02",11,FALSE,FALSE,FALSE,0.15564984761398,"GSE244107,GSE244110"
"GSE244109,GSE244110cardioplate01",11,FALSE,FALSE,FALSE,0.432050003913453,"GSE244109,GSE244110"
"GSE244109,GSE244110cardioplate02",11,FALSE,FALSE,FALSE,0.398680985589336,"GSE244109,GSE244110"
"GSE267774a01_s1",4,TRUE,TRUE,TRUE,0.912936881500139,"GSE267774"
"GSE267774a02_s2",4,TRUE,TRUE,TRUE,0.919502135765038,"GSE267774"
"GSE267774a03_s3",4,TRUE,TRUE,TRUE,0.797066178424341,"GSE267774"
"GSE267774a04_s4",4,TRUE,TRUE,TRUE,0.751537668001094,"GSE267774"
"GSE267774a05_s5",3,TRUE,TRUE,TRUE,0.825219918471075,"GSE267774"
"GSE267774a06_s6",4,TRUE,TRUE,TRUE,0.957950633557971,"GSE267774"
"GSE267774a07_s7",2,TRUE,TRUE,TRUE,1,"GSE267774"
"GSE267774a08_s8",4,TRUE,TRUE,TRUE,0.817643595044251,"GSE267774"
"GSE267774a09_s9",4,TRUE,TRUE,TRUE,0.945347640764941,"GSE267774"
"GSE267774a10_s10",4,TRUE,TRUE,TRUE,0.823302050652105,"GSE267774"
"GSE267774a11_s11",3,TRUE,TRUE,TRUE,0.890688783320121,"GSE267774"
"GSE267774a12_s12",4,TRUE,TRUE,TRUE,0.802702781884512,"GSE267774"
"GSE267774b01_s13",4,TRUE,TRUE,TRUE,0.980667698816934,"GSE267774"
"GSE267774b02_s14",4,TRUE,TRUE,TRUE,0.705770032113836,"GSE267774"
"GSE267774b03_s15",4,TRUE,TRUE,TRUE,0.82768710470484,"GSE267774"
"GSE267774b04_s16",4,TRUE,TRUE,TRUE,0.8537186348385,"GSE267774"
"GSE267774b05_s17",4,TRUE,TRUE,TRUE,0.823549518635402,"GSE267774"
"GSE267774b06_s18",4,TRUE,TRUE,TRUE,0.914742696272126,"GSE267774"
"GSE267774b07_s19",4,TRUE,TRUE,TRUE,1,"GSE267774"
"GSE267774b08_s20",4,TRUE,TRUE,TRUE,0.864127393581054,"GSE267774"
"GSE267774b09_s21",4,TRUE,TRUE,TRUE,0.757986894062101,"GSE267774"
"GSE267774b10_s22",4,TRUE,TRUE,TRUE,0.927784540875706,"GSE267774"
"GSE267774b11_s23",4,TRUE,TRUE,TRUE,0.770064626083965,"GSE267774"
"GSE267774b12_s24",4,TRUE,TRUE,TRUE,0.90595864427099,"GSE267774"
"GSE267774c01_s25",4,TRUE,TRUE,TRUE,0.874531852833473,"GSE267774"
"GSE267774c02_s26",4,TRUE,TRUE,TRUE,0.849875217883724,"GSE267774"
"GSE267774c03_s27",4,TRUE,TRUE,TRUE,0.887517023114111,"GSE267774"
"GSE267774c04_s28",4,TRUE,TRUE,TRUE,0.865740405007549,"GSE267774"
"GSE267774c05_s29",4,TRUE,TRUE,TRUE,1,"GSE267774"
"GSE267774c06_s30",3,TRUE,TRUE,TRUE,0.917309186976787,"GSE267774"
"GSE267774c07_s31",4,TRUE,TRUE,TRUE,0.362547498422859,"GSE267774"
"GSE267774c08_s32",4,TRUE,TRUE,TRUE,0.962702223310991,"GSE267774"
"GSE267774c09_s33",4,TRUE,TRUE,TRUE,0.971826788404647,"GSE267774"
"GSE267774c10_s34",4,TRUE,TRUE,TRUE,0.923460234082739,"GSE267774"
"GSE267774c11_s35",4,TRUE,TRUE,TRUE,0.885944574397125,"GSE267774"
"GSE267774c12_s36",3,TRUE,TRUE,TRUE,0.843746266882071,"GSE267774"
"GSE267774d01_s37",4,TRUE,TRUE,TRUE,0.853617677183889,"GSE267774"
"GSE267774d02_s38",4,TRUE,TRUE,TRUE,0.947411705062692,"GSE267774"
"GSE267774d03_s39",4,TRUE,TRUE,TRUE,0.88163059797115,"GSE267774"
"GSE267774d04_s40",4,TRUE,TRUE,TRUE,0.890134142729423,"GSE267774"
"GSE267774d05_s41",4,TRUE,TRUE,TRUE,0.850137323507833,"GSE267774"
"GSE267774d06_s42",4,TRUE,TRUE,TRUE,0.999700538675636,"GSE267774"
"GSE267774d07_s43",4,TRUE,TRUE,TRUE,0.796876251464595,"GSE267774"
"GSE267774d08_s44",4,TRUE,TRUE,TRUE,0.915553172280441,"GSE267774"
"GSE267774d09_s45",4,TRUE,TRUE,TRUE,0.953887853933268,"GSE267774"
"GSE267774d10_s46",4,TRUE,TRUE,TRUE,0.880857002763486,"GSE267774"
"GSE267774d11_s47",3,TRUE,TRUE,TRUE,0.911373393602223,"GSE267774"
"GSE267774d12_s48",4,TRUE,TRUE,TRUE,0.919218773041527,"GSE267774"
"GSE267774e01_s49",4,TRUE,TRUE,TRUE,0.8001340436171,"GSE267774"
"GSE267774e02_s50",4,TRUE,TRUE,TRUE,0.868818353093978,"GSE267774"
"GSE267774e03_s51",4,TRUE,TRUE,TRUE,0.820962401720899,"GSE267774"
"GSE267774e04_s52",4,TRUE,TRUE,TRUE,0.731956616248604,"GSE267774"
"GSE267774e05_s53",4,TRUE,TRUE,TRUE,1,"GSE267774"
"GSE267774e06_s54",4,TRUE,TRUE,TRUE,0.847432063535795,"GSE267774"
"GSE267774e07_s55",4,TRUE,TRUE,TRUE,0.805881271874405,"GSE267774"
"GSE267774e08_s56",4,TRUE,TRUE,TRUE,0.793606796380931,"GSE267774"
"GSE267774e09_s57",4,TRUE,TRUE,TRUE,0.971250056624731,"GSE267774"
"GSE267774e10_s58",4,TRUE,TRUE,TRUE,0.698994204915606,"GSE267774"
"GSE267774e11_s59",4,TRUE,TRUE,TRUE,0.862524669395782,"GSE267774"
"GSE267774e12_s60",4,TRUE,TRUE,TRUE,0.983942418902156,"GSE267774"
"GSE267774f01_s61",4,TRUE,TRUE,TRUE,0.749678341977837,"GSE267774"
"GSE267774f02_s62",4,TRUE,TRUE,TRUE,0.983818162100487,"GSE267774"
"GSE267774f03_s63",4,TRUE,TRUE,TRUE,0.740127885490838,"GSE267774"
"GSE267774f04_s64",4,TRUE,TRUE,TRUE,0.876512062396515,"GSE267774"
"GSE267774f05_s65",4,TRUE,TRUE,TRUE,0.676603158358617,"GSE267774"
"GSE267774f06_s66",4,TRUE,TRUE,TRUE,0.970586085510869,"GSE267774"
"GSE267774f07_s67",4,TRUE,TRUE,TRUE,0.95552812274837,"GSE267774"
"GSE267774f08_s68",4,TRUE,TRUE,TRUE,0.716849363644298,"GSE267774"
"GSE267774f09_s69",4,TRUE,TRUE,TRUE,0.948120707736273,"GSE267774"
"GSE267774f10_s70",4,TRUE,TRUE,TRUE,0.888569178511807,"GSE267774"
"GSE267774f11_s71",4,TRUE,TRUE,TRUE,0.842181127223235,"GSE267774"
"GSE267774f12_s72",4,TRUE,TRUE,TRUE,0.832663102304184,"GSE267774"
"GSE267774g01_s73",4,TRUE,TRUE,TRUE,0.962688283764784,"GSE267774"
"GSE267774g02_s74",4,TRUE,TRUE,TRUE,0.665676686690364,"GSE267774"
"GSE267774g03_s75",4,TRUE,TRUE,TRUE,0.812014019347396,"GSE267774"
"GSE267774g04_s76",4,TRUE,TRUE,TRUE,0.851446254206228,"GSE267774"
"GSE267774g05_s77",4,TRUE,TRUE,TRUE,0.705018466727592,"GSE267774"
"GSE267774g06_s78",4,TRUE,TRUE,TRUE,0.895114570935097,"GSE267774"
"GSE267774g07_s79",4,TRUE,TRUE,TRUE,0.721004638810153,"GSE267774"
"GSE267774g08_s80",3,TRUE,TRUE,TRUE,0.98477025525134,"GSE267774"
"GSE267774g09_s81",4,TRUE,TRUE,TRUE,0.773360025232695,"GSE267774"
"GSE267774g10_s82",4,TRUE,TRUE,TRUE,0.938300961547699,"GSE267774"
"GSE267774g11_s83",4,TRUE,TRUE,TRUE,0.94090704946114,"GSE267774"
"GSE267774g12_s84",4,TRUE,TRUE,TRUE,0.751711444180721,"GSE267774"
"GSE267774h01_s85",4,TRUE,TRUE,TRUE,0.432932576683842,"GSE267774"
"GSE267774h02_s86",4,TRUE,TRUE,TRUE,0.977264263111758,"GSE267774"
"GSE267774h03_s87",4,TRUE,TRUE,TRUE,0.964586293218687,"GSE267774"
"GSE267774h04_s88",4,TRUE,TRUE,TRUE,0.872481317167739,"GSE267774"
"GSE267774h05_s89",4,TRUE,TRUE,TRUE,0.897620216611709,"GSE267774"
"GSE267774h06_s90",4,TRUE,TRUE,TRUE,0.871576691570763,"GSE267774"
"GSE267774h07_s91",4,TRUE,TRUE,TRUE,0.815992849922863,"GSE267774"
"GSE267774h08_s92",4,TRUE,TRUE,TRUE,0.977882149973037,"GSE267774"
"GSE267774h09_s93",4,TRUE,TRUE,TRUE,0.98535531806291,"GSE267774"
"GSE267774h10_s94",4,TRUE,TRUE,TRUE,0.940721045911212,"GSE267774"
"GSE267774h11_s95",4,TRUE,TRUE,TRUE,0.986877537387854,"GSE267774"
"GSE267774h12_s96",4,TRUE,TRUE,TRUE,0.852814334317086,"GSE267774"
"GSE267774p34-cp2-a1_s1",4,TRUE,TRUE,TRUE,0.61088158003914,"GSE267774"
"GSE267774p34-cp2-a10_s2",4,TRUE,TRUE,TRUE,0.598646648684104,"GSE267774"
"GSE267774p34-cp2-a11_s3",4,TRUE,TRUE,TRUE,0.48386387149285,"GSE267774"
"GSE267774p34-cp2-a12_s4",4,TRUE,TRUE,TRUE,0.853357508879708,"GSE267774"
"GSE267774p34-cp2-a2_s5",4,TRUE,TRUE,TRUE,0.503621009259085,"GSE267774"
"GSE267774p34-cp2-a3_s6",4,TRUE,TRUE,TRUE,0.396230267540309,"GSE267774"
"GSE267774p34-cp2-a4_s7",4,TRUE,TRUE,TRUE,0.5325403836884,"GSE267774"
"GSE267774p34-cp2-a5_s8",3,TRUE,TRUE,TRUE,0.625256717606073,"GSE267774"
"GSE267774p34-cp2-a6_s9",4,TRUE,TRUE,TRUE,0.684184853911688,"GSE267774"
"GSE267774p34-cp2-a7_s10",4,TRUE,TRUE,TRUE,0.655738999712238,"GSE267774"
"GSE267774p34-cp2-a8_s11",4,TRUE,TRUE,TRUE,0.486628887655108,"GSE267774"
"GSE267774p34-cp2-a9_s12",4,TRUE,TRUE,TRUE,0.626476427439153,"GSE267774"
"GSE267774p34-cp2-b1_s13",4,TRUE,TRUE,TRUE,0.851832699151431,"GSE267774"
"GSE267774p34-cp2-b10_s14",4,TRUE,TRUE,TRUE,0.635666536940887,"GSE267774"
"GSE267774p34-cp2-b11_s15",4,TRUE,TRUE,TRUE,0.907616758551081,"GSE267774"
"GSE267774p34-cp2-b12_s16",4,TRUE,TRUE,TRUE,0.644663571082381,"GSE267774"
"GSE267774p34-cp2-b2_s17",4,TRUE,TRUE,TRUE,0.44958796591336,"GSE267774"
"GSE267774p34-cp2-b3_s18",3,TRUE,TRUE,TRUE,0.663787628283234,"GSE267774"
"GSE267774p34-cp2-b4_s19",4,TRUE,TRUE,TRUE,0.592511388861614,"GSE267774"
"GSE267774p34-cp2-b5_s20",4,TRUE,TRUE,TRUE,0.495833155614042,"GSE267774"
"GSE267774p34-cp2-b6_s21",4,TRUE,TRUE,TRUE,0.792435550628534,"GSE267774"
"GSE267774p34-cp2-b7_s22",4,TRUE,TRUE,TRUE,0.655512821926137,"GSE267774"
"GSE267774p34-cp2-b8_s23",4,TRUE,TRUE,TRUE,0.644626357136076,"GSE267774"
"GSE267774p34-cp2-b9_s24",4,TRUE,TRUE,TRUE,0.591004373291518,"GSE267774"
"GSE267774p34-cp2-c1_s25",4,TRUE,TRUE,TRUE,0.700274230102219,"GSE267774"
"GSE267774p34-cp2-c10_s26",4,TRUE,TRUE,TRUE,0.608985439188797,"GSE267774"
"GSE267774p34-cp2-c11_s27",3,TRUE,TRUE,TRUE,0.519220882963016,"GSE267774"
"GSE267774p34-cp2-c12_s28",4,TRUE,TRUE,TRUE,0.506378434936869,"GSE267774"
"GSE267774p34-cp2-c2_s29",4,TRUE,TRUE,TRUE,0.86006160744239,"GSE267774"
"GSE267774p34-cp2-c3_s30",4,TRUE,TRUE,TRUE,0.666087878381484,"GSE267774"
"GSE267774p34-cp2-c4_s31",4,TRUE,TRUE,TRUE,0.551296744516286,"GSE267774"
"GSE267774p34-cp2-c5_s32",3,TRUE,TRUE,TRUE,0.429080029801248,"GSE267774"
"GSE267774p34-cp2-c6_s33",4,TRUE,TRUE,TRUE,0.563246326127608,"GSE267774"
"GSE267774p34-cp2-c7_s34",4,TRUE,TRUE,TRUE,0.469076145137564,"GSE267774"
"GSE267774p34-cp2-c8_s35",4,TRUE,TRUE,TRUE,0.491723170061142,"GSE267774"
"GSE267774p34-cp2-c9_s36",4,TRUE,TRUE,TRUE,0.54053185594354,"GSE267774"
"GSE267774p34-cp2-d1_s37",4,TRUE,TRUE,TRUE,0.594400565885883,"GSE267774"
"GSE267774p34-cp2-d10_s38",4,TRUE,TRUE,TRUE,0.622439502287305,"GSE267774"
"GSE267774p34-cp2-d11_s39",4,TRUE,TRUE,TRUE,0.713368454099161,"GSE267774"
"GSE267774p34-cp2-d12_s40",4,TRUE,TRUE,TRUE,0.93026285086685,"GSE267774"
"GSE267774p34-cp2-d2_s41",4,TRUE,TRUE,TRUE,0.695735115048554,"GSE267774"
"GSE267774p34-cp2-d3_s42",4,TRUE,TRUE,TRUE,0.892969840876281,"GSE267774"
"GSE267774p34-cp2-d4_s43",4,TRUE,TRUE,TRUE,0.572428197215781,"GSE267774"
"GSE267774p34-cp2-d5_s44",4,TRUE,TRUE,TRUE,0.593688496907401,"GSE267774"
"GSE267774p34-cp2-d6_s45",4,TRUE,TRUE,TRUE,0.565233074117935,"GSE267774"
"GSE267774p34-cp2-d7_s46",4,TRUE,TRUE,TRUE,0.677675925556479,"GSE267774"
"GSE267774p34-cp2-d8_s47",4,TRUE,TRUE,TRUE,0.745048589541154,"GSE267774"
"GSE267774p34-cp2-d9_s48",4,TRUE,TRUE,TRUE,0.666189167788977,"GSE267774"
"GSE267774p34-cp2-e1_s49",4,TRUE,TRUE,TRUE,0.718210356000224,"GSE267774"
"GSE267774p34-cp2-e10_s50",4,TRUE,TRUE,TRUE,0.786167345720417,"GSE267774"
"GSE267774p34-cp2-e11_s51",4,TRUE,TRUE,TRUE,0.6124481272958,"GSE267774"
"GSE267774p34-cp2-e12_s52",4,TRUE,TRUE,TRUE,0.905993300009966,"GSE267774"
"GSE267774p34-cp2-e2_s53",4,TRUE,TRUE,TRUE,0.931915993871673,"GSE267774"
"GSE267774p34-cp2-e3_s54",4,TRUE,TRUE,TRUE,0.90356609013865,"GSE267774"
"GSE267774p34-cp2-e4_s55",4,TRUE,TRUE,TRUE,0.584982464140555,"GSE267774"
"GSE267774p34-cp2-e5_s56",4,TRUE,TRUE,TRUE,0.630582578845122,"GSE267774"
"GSE267774p34-cp2-e6_s57",4,TRUE,TRUE,TRUE,0.718892509505214,"GSE267774"
"GSE267774p34-cp2-e7_s58",4,TRUE,TRUE,TRUE,0.744768980665438,"GSE267774"
"GSE267774p34-cp2-e8_s59",4,TRUE,TRUE,TRUE,0.548871201406157,"GSE267774"
"GSE267774p34-cp2-e9_s60",4,TRUE,TRUE,TRUE,0.664004474475001,"GSE267774"
"GSE267774p34-cp2-f1_s61",4,TRUE,TRUE,TRUE,0.706784698246168,"GSE267774"
"GSE267774p34-cp2-f10_s62",4,TRUE,TRUE,TRUE,0.87887108093379,"GSE267774"
"GSE267774p34-cp2-f11_s63",4,TRUE,TRUE,TRUE,0.784082654441297,"GSE267774"
"GSE267774p34-cp2-f12_s64",4,TRUE,TRUE,TRUE,0.932794444229251,"GSE267774"
"GSE267774p34-cp2-f2_s65",4,TRUE,TRUE,TRUE,0.721296391895974,"GSE267774"
"GSE267774p34-cp2-f3_s66",3,TRUE,TRUE,TRUE,0.691932025340063,"GSE267774"
"GSE267774p34-cp2-f4_s67",4,TRUE,TRUE,TRUE,0.948344953108265,"GSE267774"
"GSE267774p34-cp2-f5_s68",4,TRUE,TRUE,TRUE,0.748610190380421,"GSE267774"
"GSE267774p34-cp2-f6_s69",4,TRUE,TRUE,TRUE,0.985512586917927,"GSE267774"
"GSE267774p34-cp2-f7_s70",3,TRUE,TRUE,TRUE,0.721494854850982,"GSE267774"
"GSE267774p34-cp2-f8_s71",4,TRUE,TRUE,TRUE,0.836100372691657,"GSE267774"
"GSE267774p34-cp2-f9_s72",4,TRUE,TRUE,TRUE,0.780585002573146,"GSE267774"
"GSE267774p34-cp2-g1_s73",4,TRUE,TRUE,TRUE,0.871070992737941,"GSE267774"
"GSE267774p34-cp2-g10_s74",4,TRUE,TRUE,TRUE,0.905498113041528,"GSE267774"
"GSE267774p34-cp2-g11_s75",4,TRUE,TRUE,TRUE,0.64526703401803,"GSE267774"
"GSE267774p34-cp2-g12_s76",4,TRUE,TRUE,TRUE,0.85502433851706,"GSE267774"
"GSE267774p34-cp2-g2_s77",4,TRUE,TRUE,TRUE,0.750322249572098,"GSE267774"
"GSE267774p34-cp2-g3_s78",4,TRUE,TRUE,TRUE,0.79084598994255,"GSE267774"
"GSE267774p34-cp2-g4_s79",4,TRUE,TRUE,TRUE,0.754478902697585,"GSE267774"
"GSE267774p34-cp2-g5_s80",4,TRUE,TRUE,TRUE,0.522826789640984,"GSE267774"
"GSE267774p34-cp2-g6_s81",4,TRUE,TRUE,TRUE,0.787452789832615,"GSE267774"
"GSE267774p34-cp2-g7_s82",4,TRUE,TRUE,TRUE,0.489915128410185,"GSE267774"
"GSE267774p34-cp2-g8_s83",4,TRUE,TRUE,TRUE,0.837610415763227,"GSE267774"
"GSE267774p34-cp2-g9_s84",4,TRUE,TRUE,TRUE,0.710060758318323,"GSE267774"
"GSE267774p34-cp2-h1_s85",4,TRUE,TRUE,TRUE,0.353900346878381,"GSE267774"
"GSE267774p34-cp2-h10_s86",4,TRUE,TRUE,TRUE,0.759892887360974,"GSE267774"
"GSE267774p34-cp2-h11_s87",3,TRUE,TRUE,TRUE,0.817164896015429,"GSE267774"
"GSE267774p34-cp2-h12_s88",4,TRUE,TRUE,TRUE,0.73997435940137,"GSE267774"
"GSE267774p34-cp2-h2_s89",4,TRUE,TRUE,TRUE,0.879830748344117,"GSE267774"
"GSE267774p34-cp2-h3_s90",4,TRUE,TRUE,TRUE,0.777454063585413,"GSE267774"
"GSE267774p34-cp2-h4_s91",4,TRUE,TRUE,TRUE,0.877715011863367,"GSE267774"
"GSE267774p34-cp2-h5_s92",4,TRUE,TRUE,TRUE,0.752922889939668,"GSE267774"
"GSE267774p34-cp2-h6_s93",4,TRUE,TRUE,TRUE,0.763485396203873,"GSE267774"
"GSE267774p34-cp2-h7_s94",4,TRUE,TRUE,TRUE,0.717955604909299,"GSE267774"
"GSE267774p34-cp2-h8_s95",3,TRUE,TRUE,TRUE,0.873326718041068,"GSE267774"
"GSE267774p34-cp2-h9_s96",4,TRUE,TRUE,TRUE,0.844302468214039,"GSE267774"
"GSE267774p34-cp3-a01_s1",4,TRUE,TRUE,TRUE,0.905690814740569,"GSE267774"
"GSE267774p34-cp3-a02_s2",4,TRUE,TRUE,TRUE,0.977285223476197,"GSE267774"
"GSE267774p34-cp3-a03_s3",4,TRUE,TRUE,TRUE,0.945233100293048,"GSE267774"
"GSE267774p34-cp3-a04_s4",3,TRUE,TRUE,TRUE,0.870609606160337,"GSE267774"
"GSE267774p34-cp3-a05_s5",4,TRUE,TRUE,TRUE,0.944624703129224,"GSE267774"
"GSE267774p34-cp3-a06_s6",4,TRUE,TRUE,TRUE,0.913412326507064,"GSE267774"
"GSE267774p34-cp3-a07_s7",4,TRUE,TRUE,TRUE,0.898486539741413,"GSE267774"
"GSE267774p34-cp3-a08_s8",4,TRUE,TRUE,TRUE,0.92411937078365,"GSE267774"
"GSE267774p34-cp3-a09_s9",4,TRUE,TRUE,TRUE,0.908194619006547,"GSE267774"
"GSE267774p34-cp3-a10_s10",4,TRUE,TRUE,TRUE,0.54035291615724,"GSE267774"
"GSE267774p34-cp3-a11_s11",4,TRUE,TRUE,TRUE,0.898691636066623,"GSE267774"
"GSE267774p34-cp3-a12_s12",4,TRUE,TRUE,TRUE,0.768352979692793,"GSE267774"
"GSE267774p34-cp3-b01_s13",4,TRUE,TRUE,TRUE,0.918358375451061,"GSE267774"
"GSE267774p34-cp3-b02_s14",4,TRUE,TRUE,TRUE,0.853931777849612,"GSE267774"
"GSE267774p34-cp3-b03_s15",2,TRUE,TRUE,TRUE,0.810574278671347,"GSE267774"
"GSE267774p34-cp3-b04_s16",4,TRUE,TRUE,TRUE,0.982357784811214,"GSE267774"
"GSE267774p34-cp3-b05_s17",4,TRUE,TRUE,TRUE,0.778297717269619,"GSE267774"
"GSE267774p34-cp3-b06_s18",3,TRUE,TRUE,TRUE,0.649099522716146,"GSE267774"
"GSE267774p34-cp3-b07_s19",4,TRUE,TRUE,TRUE,0.993177020718365,"GSE267774"
"GSE267774p34-cp3-b08_s20",4,TRUE,TRUE,TRUE,0.896771404566688,"GSE267774"
"GSE267774p34-cp3-b09_s21",4,TRUE,TRUE,TRUE,0.814094936561562,"GSE267774"
"GSE267774p34-cp3-b10_s22",4,TRUE,TRUE,TRUE,0.84084557511877,"GSE267774"
"GSE267774p34-cp3-b11_s23",4,TRUE,TRUE,TRUE,0.87140862425239,"GSE267774"
"GSE267774p34-cp3-b12_s24",4,TRUE,TRUE,TRUE,0.955040413921664,"GSE267774"
"GSE267774p34-cp3-c01_s25",4,TRUE,TRUE,TRUE,0.718829074319934,"GSE267774"
"GSE267774p34-cp3-c02_s26",4,TRUE,TRUE,TRUE,0.700716051261894,"GSE267774"
"GSE267774p34-cp3-c03_s27",4,TRUE,TRUE,TRUE,0.793578841996343,"GSE267774"
"GSE267774p34-cp3-c04_s28",4,TRUE,TRUE,TRUE,0.887599159956429,"GSE267774"
"GSE267774p34-cp3-c05_s29",4,TRUE,TRUE,TRUE,0.793595735557081,"GSE267774"
"GSE267774p34-cp3-c06_s30",4,TRUE,TRUE,TRUE,0.976066881359394,"GSE267774"
"GSE267774p34-cp3-c07_s31",4,TRUE,TRUE,TRUE,0.897471329198846,"GSE267774"
"GSE267774p34-cp3-c08_s32",4,TRUE,TRUE,TRUE,0.89942794500109,"GSE267774"
"GSE267774p34-cp3-c09_s33",4,TRUE,TRUE,TRUE,0.943652362816693,"GSE267774"
"GSE267774p34-cp3-c10_s34",4,TRUE,TRUE,TRUE,1,"GSE267774"
"GSE267774p34-cp3-c11_s35",4,TRUE,TRUE,TRUE,0.906163746563071,"GSE267774"
"GSE267774p34-cp3-c12_s36",4,TRUE,TRUE,TRUE,0.769352312785274,"GSE267774"
"GSE267774p34-cp3-d01_s37",4,TRUE,TRUE,TRUE,0.890229037844549,"GSE267774"
"GSE267774p34-cp3-d02_s38",4,TRUE,TRUE,TRUE,0.871963106748978,"GSE267774"
"GSE267774p34-cp3-d03_s39",4,TRUE,TRUE,TRUE,0.924339306573252,"GSE267774"
"GSE267774p34-cp3-d04_s40",4,TRUE,TRUE,TRUE,0.884443889347999,"GSE267774"
"GSE267774p34-cp3-d05_s41",4,TRUE,TRUE,TRUE,0.861871687865756,"GSE267774"
"GSE267774p34-cp3-d06_s42",4,TRUE,TRUE,TRUE,0.967173725394637,"GSE267774"
"GSE267774p34-cp3-d07_s43",4,TRUE,TRUE,TRUE,0.917129347505775,"GSE267774"
"GSE267774p34-cp3-d08_s44",4,TRUE,TRUE,TRUE,0.906862522794639,"GSE267774"
"GSE267774p34-cp3-d09_s45",4,TRUE,TRUE,TRUE,0.976504490638975,"GSE267774"
"GSE267774p34-cp3-d10_s46",3,TRUE,TRUE,TRUE,0.939507714197424,"GSE267774"
"GSE267774p34-cp3-d11_s47",4,TRUE,TRUE,TRUE,1,"GSE267774"
"GSE267774p34-cp3-d12_s48",4,TRUE,TRUE,TRUE,0.891075675173743,"GSE267774"
"GSE267774p34-cp3-e01_s49",4,TRUE,TRUE,TRUE,0.955752947188549,"GSE267774"
"GSE267774p34-cp3-e02_s50",4,TRUE,TRUE,TRUE,0.788313750881966,"GSE267774"
"GSE267774p34-cp3-e03_s51",4,TRUE,TRUE,TRUE,0.809727771393838,"GSE267774"
"GSE267774p34-cp3-e04_s52",4,TRUE,TRUE,TRUE,0.887425889431898,"GSE267774"
"GSE267774p34-cp3-e05_s53",4,TRUE,TRUE,TRUE,0.897229055965724,"GSE267774"
"GSE267774p34-cp3-e06_s54",4,TRUE,TRUE,TRUE,0.714749860123508,"GSE267774"
"GSE267774p34-cp3-e07_s55",4,TRUE,TRUE,TRUE,0.787886148462109,"GSE267774"
"GSE267774p34-cp3-e08_s56",4,TRUE,TRUE,TRUE,0.924766567279043,"GSE267774"
"GSE267774p34-cp3-e09_s57",4,TRUE,TRUE,TRUE,0.771980896572028,"GSE267774"
"GSE267774p34-cp3-e10_s58",4,TRUE,TRUE,TRUE,0.873626132321238,"GSE267774"
"GSE267774p34-cp3-e11_s59",4,TRUE,TRUE,TRUE,0.910418241086752,"GSE267774"
"GSE267774p34-cp3-e12_s60",4,TRUE,TRUE,TRUE,0.811406536656766,"GSE267774"
"GSE267774p34-cp3-f01_s61",4,TRUE,TRUE,TRUE,0.960216454207173,"GSE267774"
"GSE267774p34-cp3-f02_s62",4,TRUE,TRUE,TRUE,0.88117999190177,"GSE267774"
"GSE267774p34-cp3-f03_s63",4,TRUE,TRUE,TRUE,0.964425250543956,"GSE267774"
"GSE267774p34-cp3-f04_s64",4,TRUE,TRUE,TRUE,0.766437110855502,"GSE267774"
"GSE267774p34-cp3-f05_s65",4,TRUE,TRUE,TRUE,0.843439539087408,"GSE267774"
"GSE267774p34-cp3-f06_s66",4,TRUE,TRUE,TRUE,1,"GSE267774"
"GSE267774p34-cp3-f07_s67",4,TRUE,TRUE,TRUE,1,"GSE267774"
"GSE267774p34-cp3-f08_s68",4,TRUE,TRUE,TRUE,0.741065099582471,"GSE267774"
"GSE267774p34-cp3-f09_s69",4,TRUE,TRUE,TRUE,0.986453665279081,"GSE267774"
"GSE267774p34-cp3-f10_s70",3,TRUE,TRUE,TRUE,0.894621645288051,"GSE267774"
"GSE267774p34-cp3-f11_s71",4,TRUE,TRUE,TRUE,0.913766283319986,"GSE267774"
"GSE267774p34-cp3-f12_s72",4,TRUE,TRUE,TRUE,0.980776489472443,"GSE267774"
"GSE267774p34-cp3-g01_s73",4,TRUE,TRUE,TRUE,0.950709176226054,"GSE267774"
"GSE267774p34-cp3-g02_s74",4,TRUE,TRUE,TRUE,0.746949249229246,"GSE267774"
"GSE267774p34-cp3-g03_s75",4,TRUE,TRUE,TRUE,0.965428526916895,"GSE267774"
"GSE267774p34-cp3-g04_s76",4,TRUE,TRUE,TRUE,0.865544359429429,"GSE267774"
"GSE267774p34-cp3-g05_s77",4,TRUE,TRUE,TRUE,0.936521513570043,"GSE267774"
"GSE267774p34-cp3-g06_s78",4,TRUE,TRUE,TRUE,0.911891228337021,"GSE267774"
"GSE267774p34-cp3-g07_s79",4,TRUE,TRUE,TRUE,0.820140763468084,"GSE267774"
"GSE267774p34-cp3-g08_s80",4,TRUE,TRUE,TRUE,0.893368621216022,"GSE267774"
"GSE267774p34-cp3-g09_s81",4,TRUE,TRUE,TRUE,0.863564087266119,"GSE267774"
"GSE267774p34-cp3-g10_s82",4,TRUE,TRUE,TRUE,0.931424935061156,"GSE267774"
"GSE267774p34-cp3-g11_s83",4,TRUE,TRUE,TRUE,0.968748596108496,"GSE267774"
"GSE267774p34-cp3-g12_s84",3,TRUE,TRUE,TRUE,0.939672429702318,"GSE267774"
"GSE267774p34-cp3-h01_s85",4,TRUE,TRUE,TRUE,0.379618785503799,"GSE267774"
"GSE267774p34-cp3-h02_s86",4,TRUE,TRUE,TRUE,0.707113993903032,"GSE267774"
"GSE267774p34-cp3-h03_s87",3,TRUE,TRUE,TRUE,0.884464895027392,"GSE267774"
"GSE267774p34-cp3-h04_s88",4,TRUE,TRUE,TRUE,0.86730970572295,"GSE267774"
"GSE267774p34-cp3-h05_s89",4,TRUE,TRUE,TRUE,0.849997656212343,"GSE267774"
"GSE267774p34-cp3-h06_s90",4,TRUE,TRUE,TRUE,0.902956116109636,"GSE267774"
"GSE267774p34-cp3-h07_s91",4,TRUE,TRUE,TRUE,0.718301830003486,"GSE267774"
"GSE267774p34-cp3-h08_s92",4,TRUE,TRUE,TRUE,0.916363810779459,"GSE267774"
"GSE267774p34-cp3-h09_s93",4,TRUE,TRUE,TRUE,0.901185851811134,"GSE267774"
"GSE267774p34-cp3-h10_s94",4,TRUE,TRUE,TRUE,0.948115035649614,"GSE267774"
"GSE267774p34-cp3-h11_s95",4,TRUE,TRUE,TRUE,0.899615001956133,"GSE267774"
"GSE267774p34-cp3-h12_s96",4,TRUE,TRUE,TRUE,0.950854249898959,"GSE267774"
"GSE267774p34-cp4-a01_s1",4,TRUE,TRUE,TRUE,0.828760114436217,"GSE267774"
"GSE267774p34-cp4-a02_s2",4,TRUE,TRUE,TRUE,0.353900346878381,"GSE267774"
"GSE267774p34-cp4-a03_s3",4,TRUE,TRUE,TRUE,0.961781177780634,"GSE267774"
"GSE267774p34-cp4-a04_s4",4,TRUE,TRUE,TRUE,0.559629133601524,"GSE267774"
"GSE267774p34-cp4-a05_s5",4,TRUE,TRUE,TRUE,0.909525401643189,"GSE267774"
"GSE267774p34-cp4-a06_s6",4,TRUE,TRUE,TRUE,0.816643084608151,"GSE267774"
"GSE267774p34-cp4-a07_s7",4,TRUE,TRUE,TRUE,0.715494370005371,"GSE267774"
"GSE267774p34-cp4-a08_s8",4,TRUE,TRUE,TRUE,0.945873723474483,"GSE267774"
"GSE267774p34-cp4-a09_s9",3,TRUE,TRUE,TRUE,0.768131747134521,"GSE267774"
"GSE267774p34-cp4-a10_s10",4,TRUE,TRUE,TRUE,0.356195947714483,"GSE267774"
"GSE267774p34-cp4-a11_s11",4,TRUE,TRUE,TRUE,0.864534761759456,"GSE267774"
"GSE267774p34-cp4-a12_s12",4,TRUE,TRUE,TRUE,0.927132645944013,"GSE267774"
"GSE267774p34-cp4-b01_s13",4,TRUE,TRUE,TRUE,0.882371550400844,"GSE267774"
"GSE267774p34-cp4-b02_s14",4,TRUE,TRUE,TRUE,0.353900346878381,"GSE267774"
"GSE267774p34-cp4-b03_s15",4,TRUE,TRUE,TRUE,1,"GSE267774"
"GSE267774p34-cp4-b04_s16",4,TRUE,TRUE,TRUE,0.704449368841742,"GSE267774"
"GSE267774p34-cp4-b05_s17",4,TRUE,TRUE,TRUE,0.841046836635234,"GSE267774"
"GSE267774p34-cp4-b06_s18",4,TRUE,TRUE,TRUE,0.907886733409319,"GSE267774"
"GSE267774p34-cp4-b07_s19",4,TRUE,TRUE,TRUE,0.878462033426997,"GSE267774"
"GSE267774p34-cp4-b08_s20",4,TRUE,TRUE,TRUE,0.368250973748346,"GSE267774"
"GSE267774p34-cp4-b09_s21",4,TRUE,TRUE,TRUE,0.927324041537389,"GSE267774"
"GSE267774p34-cp4-b10_s22",4,TRUE,TRUE,TRUE,0.362547498422859,"GSE267774"
"GSE267774p34-cp4-b11_s23",4,TRUE,TRUE,TRUE,0.967025064859276,"GSE267774"
"GSE267774p34-cp4-b12_s24",4,TRUE,TRUE,TRUE,0.353900346878381,"GSE267774"
"GSE267774p34-cp4-c01_s25",4,TRUE,TRUE,TRUE,0.959996653606927,"GSE267774"
"GSE267774p34-cp4-c02_s26",4,TRUE,TRUE,TRUE,0.878301049981606,"GSE267774"
"GSE267774p34-cp4-c03_s27",4,TRUE,TRUE,TRUE,0.937112004027871,"GSE267774"
"GSE267774p34-cp4-c04_s28",4,TRUE,TRUE,TRUE,0.353900346878381,"GSE267774"
"GSE267774p34-cp4-c05_s29",3,TRUE,TRUE,TRUE,0.968174818653495,"GSE267774"
"GSE267774p34-cp4-c06_s30",4,TRUE,TRUE,TRUE,0.819863953643021,"GSE267774"
"GSE267774p34-cp4-c07_s31",4,TRUE,TRUE,TRUE,0.881810803353942,"GSE267774"
"GSE267774p34-cp4-c08_s32",4,TRUE,TRUE,TRUE,0.353900346878381,"GSE267774"
"GSE267774p34-cp4-c09_s33",4,TRUE,TRUE,TRUE,0.853755151783581,"GSE267774"
"GSE267774p34-cp4-c10_s34",4,TRUE,TRUE,TRUE,0.353900346878381,"GSE267774"
"GSE267774p34-cp4-c11_s35",4,TRUE,TRUE,TRUE,0.881803511164281,"GSE267774"
"GSE267774p34-cp4-c12_s36",4,TRUE,TRUE,TRUE,0.353900346878381,"GSE267774"
"GSE267774p34-cp4-d01_s37",4,TRUE,TRUE,TRUE,0.796562380705459,"GSE267774"
"GSE267774p34-cp4-d02_s38",4,TRUE,TRUE,TRUE,1,"GSE267774"
"GSE267774p34-cp4-d03_s39",4,TRUE,TRUE,TRUE,0.904673811926432,"GSE267774"
"GSE267774p34-cp4-d04_s40",4,TRUE,TRUE,TRUE,0.855763185516158,"GSE267774"
"GSE267774p34-cp4-d05_s41",4,TRUE,TRUE,TRUE,0.892876762161317,"GSE267774"
"GSE267774p34-cp4-d06_s42",3,TRUE,TRUE,TRUE,0.636128848540339,"GSE267774"
"GSE267774p34-cp4-d07_s43",3,TRUE,TRUE,TRUE,0.865671446258975,"GSE267774"
"GSE267774p34-cp4-d08_s44",4,TRUE,TRUE,TRUE,0.733250057613283,"GSE267774"
"GSE267774p34-cp4-d09_s45",4,TRUE,TRUE,TRUE,0.925655377223115,"GSE267774"
"GSE267774p34-cp4-d10_s46",4,TRUE,TRUE,TRUE,0.876043863860939,"GSE267774"
"GSE267774p34-cp4-d11_s47",4,TRUE,TRUE,TRUE,0.991073958709203,"GSE267774"
"GSE267774p34-cp4-d12_s48",4,TRUE,TRUE,TRUE,0.607071296685795,"GSE267774"
"GSE267774p34-cp4-e01_s49",4,TRUE,TRUE,TRUE,0.876768152549763,"GSE267774"
"GSE267774p34-cp4-e02_s50",3,TRUE,TRUE,TRUE,0.703092758995362,"GSE267774"
"GSE267774p34-cp4-e03_s51",4,TRUE,TRUE,TRUE,1,"GSE267774"
"GSE267774p34-cp4-e04_s52",3,TRUE,TRUE,TRUE,1,"GSE267774"
"GSE267774p34-cp4-e05_s53",4,TRUE,TRUE,TRUE,0.784869225966448,"GSE267774"
"GSE267774p34-cp4-e06_s54",4,TRUE,TRUE,TRUE,0.885431213730141,"GSE267774"
"GSE267774p34-cp4-e07_s55",4,TRUE,TRUE,TRUE,0.860428820260399,"GSE267774"
"GSE267774p34-cp4-e08_s56",4,TRUE,TRUE,TRUE,0.876911638075078,"GSE267774"
"GSE267774p34-cp4-e09_s57",4,TRUE,TRUE,TRUE,0.897609824603575,"GSE267774"
"GSE267774p34-cp4-e10_s58",4,TRUE,TRUE,TRUE,0.745924737971213,"GSE267774"
"GSE267774p34-cp4-e11_s59",4,TRUE,TRUE,TRUE,0.882692786625673,"GSE267774"
"GSE267774p34-cp4-e12_s60",4,TRUE,TRUE,TRUE,0.895711985060565,"GSE267774"
"GSE267774p34-cp4-f01_s61",4,TRUE,TRUE,TRUE,0.827084897271744,"GSE267774"
"GSE267774p34-cp4-f02_s62",4,TRUE,TRUE,TRUE,0.894263032754202,"GSE267774"
"GSE267774p34-cp4-f03_s63",4,TRUE,TRUE,TRUE,0.853971910162281,"GSE267774"
"GSE267774p34-cp4-f04_s64",4,TRUE,TRUE,TRUE,0.799830544240393,"GSE267774"
"GSE267774p34-cp4-f05_s65",3,TRUE,TRUE,TRUE,0.842420906169939,"GSE267774"
"GSE267774p34-cp4-f06_s66",4,TRUE,TRUE,TRUE,0.782394581667492,"GSE267774"
"GSE267774p34-cp4-f07_s67",4,TRUE,TRUE,TRUE,0.797754101933138,"GSE267774"
"GSE267774p34-cp4-f08_s68",4,TRUE,TRUE,TRUE,0.878151438826952,"GSE267774"
"GSE267774p34-cp4-f09_s69",4,TRUE,TRUE,TRUE,0.929220075393055,"GSE267774"
"GSE267774p34-cp4-f10_s70",4,TRUE,TRUE,TRUE,0.838918757590011,"GSE267774"
"GSE267774p34-cp4-f11_s71",4,TRUE,TRUE,TRUE,0.918962276617789,"GSE267774"
"GSE267774p34-cp4-f12_s72",4,TRUE,TRUE,TRUE,0.976616571342166,"GSE267774"
"GSE267774p34-cp4-g01_s73",4,TRUE,TRUE,TRUE,0.353900346878381,"GSE267774"
"GSE267774p34-cp4-g02_s74",4,TRUE,TRUE,TRUE,0.998896689775996,"GSE267774"
"GSE267774p34-cp4-g03_s75",4,TRUE,TRUE,TRUE,0.934989991669179,"GSE267774"
"GSE267774p34-cp4-g04_s76",4,TRUE,TRUE,TRUE,0.804459994483598,"GSE267774"
"GSE267774p34-cp4-g05_s77",4,TRUE,TRUE,TRUE,0.353900346878381,"GSE267774"
"GSE267774p34-cp4-g06_s78",4,TRUE,TRUE,TRUE,0.692858019027081,"GSE267774"
"GSE267774p34-cp4-g07_s79",4,TRUE,TRUE,TRUE,0.868488218627858,"GSE267774"
"GSE267774p34-cp4-g08_s80",3,TRUE,TRUE,TRUE,0.936272594402247,"GSE267774"
"GSE267774p34-cp4-g09_s81",4,TRUE,TRUE,TRUE,0.724413194215737,"GSE267774"
"GSE267774p34-cp4-g10_s82",4,TRUE,TRUE,TRUE,0.928561624925858,"GSE267774"
"GSE267774p34-cp4-g11_s83",4,TRUE,TRUE,TRUE,0.921652081584672,"GSE267774"
"GSE267774p34-cp4-g12_s84",4,TRUE,TRUE,TRUE,0.878470433003815,"GSE267774"
"GSE267774p34-cp4-h01_s85",4,TRUE,TRUE,TRUE,0.353900346878381,"GSE267774"
"GSE267774p34-cp4-h02_s86",4,TRUE,TRUE,TRUE,0.804896233188322,"GSE267774"
"GSE267774p34-cp4-h03_s87",2,TRUE,TRUE,TRUE,0.968595833597826,"GSE267774"
"GSE267774p34-cp4-h04_s88",4,TRUE,TRUE,TRUE,0.824188118963001,"GSE267774"
"GSE267774p34-cp4-h05_s89",4,TRUE,TRUE,TRUE,0.353900346878381,"GSE267774"
"GSE267774p34-cp4-h06_s90",4,TRUE,TRUE,TRUE,0.877083502241152,"GSE267774"
"GSE267774p34-cp4-h07_s91",4,TRUE,TRUE,TRUE,0.353900346878381,"GSE267774"
"GSE267774p34-cp4-h08_s92",4,TRUE,TRUE,TRUE,0.809178659428221,"GSE267774"
"GSE267774p34-cp4-h09_s93",4,TRUE,TRUE,TRUE,0.353900346878381,"GSE267774"
"GSE267774p34-cp4-h10_s94",3,TRUE,TRUE,TRUE,0.767924504067551,"GSE267774"
"GSE267774p34-cp4-h11_s95",3,TRUE,TRUE,TRUE,0.979436612643837,"GSE267774"
"GSE267774p34-cp4-h12_s96",3,TRUE,TRUE,TRUE,0.900189662883576,"GSE267774"
"GSE267774p34-cp5-a01_s1",4,TRUE,TRUE,TRUE,0.903585806084799,"GSE267774"
"GSE267774p34-cp5-a02_s2",4,TRUE,TRUE,TRUE,0.839672167821514,"GSE267774"
"GSE267774p34-cp5-a03_s3",4,TRUE,TRUE,TRUE,0.918946573694743,"GSE267774"
"GSE267774p34-cp5-a04_s4",4,TRUE,TRUE,TRUE,0.885211843630465,"GSE267774"
"GSE267774p34-cp5-a05_s5",4,TRUE,TRUE,TRUE,0.840073168746747,"GSE267774"
"GSE267774p34-cp5-a06_s6",4,TRUE,TRUE,TRUE,0.969679275091079,"GSE267774"
"GSE267774p34-cp5-a07_s7",4,TRUE,TRUE,TRUE,0.897515652535898,"GSE267774"
"GSE267774p34-cp5-a08_s8",4,TRUE,TRUE,TRUE,0.845402520965074,"GSE267774"
"GSE267774p34-cp5-a09_s9",4,TRUE,TRUE,TRUE,0.850112516232565,"GSE267774"
"GSE267774p34-cp5-a10_s10",4,TRUE,TRUE,TRUE,0.964636183799795,"GSE267774"
"GSE267774p34-cp5-a11_s11",4,TRUE,TRUE,TRUE,0.771414059421349,"GSE267774"
"GSE267774p34-cp5-a12_s12",4,TRUE,TRUE,TRUE,0.835699029800267,"GSE267774"
"GSE267774p34-cp5-b01_s13",4,TRUE,TRUE,TRUE,0.907890623838448,"GSE267774"
"GSE267774p34-cp5-b02_s14",4,TRUE,TRUE,TRUE,0.648333804675759,"GSE267774"
"GSE267774p34-cp5-b03_s15",4,TRUE,TRUE,TRUE,0.729388946327485,"GSE267774"
"GSE267774p34-cp5-b04_s16",3,TRUE,TRUE,TRUE,0.877227310069376,"GSE267774"
"GSE267774p34-cp5-b05_s17",4,TRUE,TRUE,TRUE,0.875856697805882,"GSE267774"
"GSE267774p34-cp5-b06_s18",4,TRUE,TRUE,TRUE,0.893623277715899,"GSE267774"
"GSE267774p34-cp5-b07_s19",4,TRUE,TRUE,TRUE,0.761145455254743,"GSE267774"
"GSE267774p34-cp5-b08_s20",4,TRUE,TRUE,TRUE,0.879215471401633,"GSE267774"
"GSE267774p34-cp5-b09_s21",4,TRUE,TRUE,TRUE,0.871244743344261,"GSE267774"
"GSE267774p34-cp5-b10_s22",4,TRUE,TRUE,TRUE,0.7992821648529,"GSE267774"
"GSE267774p34-cp5-b11_s23",4,TRUE,TRUE,TRUE,0.759397152128481,"GSE267774"
"GSE267774p34-cp5-b12_s24",4,TRUE,TRUE,TRUE,0.91570263113674,"GSE267774"
"GSE267774p34-cp5-c01_s25",4,TRUE,TRUE,TRUE,0.904611879109934,"GSE267774"
"GSE267774p34-cp5-c02_s26",4,TRUE,TRUE,TRUE,0.976577422848913,"GSE267774"
"GSE267774p34-cp5-c03_s27",3,TRUE,TRUE,TRUE,0.845657234817734,"GSE267774"
"GSE267774p34-cp5-c04_s28",4,TRUE,TRUE,TRUE,1,"GSE267774"
"GSE267774p34-cp5-c05_s29",4,TRUE,TRUE,TRUE,0.882454437415428,"GSE267774"
"GSE267774p34-cp5-c06_s30",4,TRUE,TRUE,TRUE,0.954646206412906,"GSE267774"
"GSE267774p34-cp5-c07_s31",4,TRUE,TRUE,TRUE,0.926574776091397,"GSE267774"
"GSE267774p34-cp5-c08_s32",4,TRUE,TRUE,TRUE,0.973526352116027,"GSE267774"
"GSE267774p34-cp5-c09_s33",4,TRUE,TRUE,TRUE,0.900140121084548,"GSE267774"
"GSE267774p34-cp5-c10_s34",4,TRUE,TRUE,TRUE,0.896475498935709,"GSE267774"
"GSE267774p34-cp5-c11_s35",4,TRUE,TRUE,TRUE,0.77313192311974,"GSE267774"
"GSE267774p34-cp5-c12_s36",4,TRUE,TRUE,TRUE,0.70705778043811,"GSE267774"
"GSE267774p34-cp5-d01_s37",4,TRUE,TRUE,TRUE,0.700167797269667,"GSE267774"
"GSE267774p34-cp5-d02_s38",4,TRUE,TRUE,TRUE,0.795110016858067,"GSE267774"
"GSE267774p34-cp5-d03_s39",4,TRUE,TRUE,TRUE,0.906855044989265,"GSE267774"
"GSE267774p34-cp5-d04_s40",4,TRUE,TRUE,TRUE,0.972514398259173,"GSE267774"
"GSE267774p34-cp5-d05_s41",3,TRUE,TRUE,TRUE,0.810355727214384,"GSE267774"
"GSE267774p34-cp5-d06_s42",4,TRUE,TRUE,TRUE,0.840464441005102,"GSE267774"
"GSE267774p34-cp5-d07_s43",4,TRUE,TRUE,TRUE,0.667534005498913,"GSE267774"
"GSE267774p34-cp5-d08_s44",4,TRUE,TRUE,TRUE,0.775157435906308,"GSE267774"
"GSE267774p34-cp5-d09_s45",4,TRUE,TRUE,TRUE,0.981817678451704,"GSE267774"
"GSE267774p34-cp5-d10_s46",4,TRUE,TRUE,TRUE,0.901830148146491,"GSE267774"
"GSE267774p34-cp5-d11_s47",4,TRUE,TRUE,TRUE,0.920637391369364,"GSE267774"
"GSE267774p34-cp5-d12_s48",4,TRUE,TRUE,TRUE,1,"GSE267774"
"GSE267774p34-cp5-e01_s49",4,TRUE,TRUE,TRUE,1,"GSE267774"
"GSE267774p34-cp5-e02_s50",4,TRUE,TRUE,TRUE,0.844446898500379,"GSE267774"
"GSE267774p34-cp5-e03_s51",4,TRUE,TRUE,TRUE,0.733353252422135,"GSE267774"
"GSE267774p34-cp5-e04_s52",3,TRUE,TRUE,TRUE,0.890830324985776,"GSE267774"
"GSE267774p34-cp5-e05_s53",4,TRUE,TRUE,TRUE,0.84726091139106,"GSE267774"
"GSE267774p34-cp5-e06_s54",4,TRUE,TRUE,TRUE,0.713955477673939,"GSE267774"
"GSE267774p34-cp5-e07_s55",4,TRUE,TRUE,TRUE,0.882302295499885,"GSE267774"
"GSE267774p34-cp5-e08_s56",4,TRUE,TRUE,TRUE,0.902264114949291,"GSE267774"
"GSE267774p34-cp5-e09_s57",4,TRUE,TRUE,TRUE,0.89218828022117,"GSE267774"
"GSE267774p34-cp5-e10_s58",4,TRUE,TRUE,TRUE,0.791309217631993,"GSE267774"
"GSE267774p34-cp5-e11_s59",4,TRUE,TRUE,TRUE,0.685378622895047,"GSE267774"
"GSE267774p34-cp5-e12_s60",4,TRUE,TRUE,TRUE,0.915521055031608,"GSE267774"
"GSE267774p34-cp5-f01_s61",4,TRUE,TRUE,TRUE,0.764536830161818,"GSE267774"
"GSE267774p34-cp5-f02_s62",4,TRUE,TRUE,TRUE,0.629079919678299,"GSE267774"
"GSE267774p34-cp5-f03_s63",4,TRUE,TRUE,TRUE,0.725533242549071,"GSE267774"
"GSE267774p34-cp5-f04_s64",4,TRUE,TRUE,TRUE,0.945689252748614,"GSE267774"
"GSE267774p34-cp5-f05_s65",4,TRUE,TRUE,TRUE,0.898790311125568,"GSE267774"
"GSE267774p34-cp5-f06_s66",4,TRUE,TRUE,TRUE,0.810402568125601,"GSE267774"
"GSE267774p34-cp5-f07_s67",4,TRUE,TRUE,TRUE,1,"GSE267774"
"GSE267774p34-cp5-f08_s68",4,TRUE,TRUE,TRUE,0.852779996760337,"GSE267774"
"GSE267774p34-cp5-f09_s69",4,TRUE,TRUE,TRUE,0.679940530216102,"GSE267774"
"GSE267774p34-cp5-f10_s70",4,TRUE,TRUE,TRUE,0.84193357631814,"GSE267774"
"GSE267774p34-cp5-f11_s71",4,TRUE,TRUE,TRUE,0.702508223865005,"GSE267774"
"GSE267774p34-cp5-f12_s72",4,TRUE,TRUE,TRUE,0.831270240951422,"GSE267774"
"GSE267774p34-cp5-g01_s73",4,TRUE,TRUE,TRUE,0.93770133756678,"GSE267774"
"GSE267774p34-cp5-g02_s74",4,TRUE,TRUE,TRUE,0.574981846898106,"GSE267774"
"GSE267774p34-cp5-g03_s75",4,TRUE,TRUE,TRUE,0.767959742665188,"GSE267774"
"GSE267774p34-cp5-g04_s76",4,TRUE,TRUE,TRUE,0.842170439725483,"GSE267774"
"GSE267774p34-cp5-g05_s77",4,TRUE,TRUE,TRUE,0.769462162000402,"GSE267774"
"GSE267774p34-cp5-g06_s78",4,TRUE,TRUE,TRUE,0.761039897193222,"GSE267774"
"GSE267774p34-cp5-g07_s79",4,TRUE,TRUE,TRUE,0.878358269241487,"GSE267774"
"GSE267774p34-cp5-g08_s80",4,TRUE,TRUE,TRUE,0.878708464343938,"GSE267774"
"GSE267774p34-cp5-g09_s81",4,TRUE,TRUE,TRUE,0.838039195224384,"GSE267774"
"GSE267774p34-cp5-g10_s82",4,TRUE,TRUE,TRUE,0.766976586412676,"GSE267774"
"GSE267774p34-cp5-g11_s83",4,TRUE,TRUE,TRUE,0.889900529810933,"GSE267774"
"GSE267774p34-cp5-g12_s84",4,TRUE,TRUE,TRUE,0.917435594903544,"GSE267774"
"GSE267774p34-cp5-h01_s85",4,TRUE,TRUE,TRUE,0.353900346878381,"GSE267774"
"GSE267774p34-cp5-h02_s86",4,TRUE,TRUE,TRUE,0.899014052008624,"GSE267774"
"GSE267774p34-cp5-h03_s87",4,TRUE,TRUE,TRUE,0.936297016899702,"GSE267774"
"GSE267774p34-cp5-h04_s88",4,TRUE,TRUE,TRUE,0.838296077109085,"GSE267774"
"GSE267774p34-cp5-h05_s89",4,TRUE,TRUE,TRUE,0.876785495463896,"GSE267774"
"GSE267774p34-cp5-h06_s90",3,TRUE,TRUE,TRUE,0.819199626129379,"GSE267774"
"GSE267774p34-cp5-h07_s91",4,TRUE,TRUE,TRUE,0.935892540167758,"GSE267774"
"GSE267774p34-cp5-h08_s92",4,TRUE,TRUE,TRUE,0.82530200605361,"GSE267774"
"GSE267774p34-cp5-h09_s93",4,TRUE,TRUE,TRUE,0.676120354389847,"GSE267774"
"GSE267774p34-cp5-h10_s94",4,TRUE,TRUE,TRUE,0.724762848102562,"GSE267774"
"GSE267774p34-cp5-h11_s95",4,TRUE,TRUE,TRUE,0.847036068587952,"GSE267774"
"GSE267774p34-cp5-h12_s96",4,TRUE,TRUE,TRUE,0.905178212201451,"GSE267774"
"GSE267774p34-cp6-a01_s1",4,TRUE,TRUE,TRUE,0.63433402399279,"GSE267774"
"GSE267774p34-cp6-a02_s2",3,TRUE,TRUE,TRUE,0.963083869812322,"GSE267774"
"GSE267774p34-cp6-a03_s3",4,TRUE,TRUE,TRUE,0.907819820599198,"GSE267774"
"GSE267774p34-cp6-a04_s4",4,TRUE,TRUE,TRUE,0.833910122264816,"GSE267774"
"GSE267774p34-cp6-a05_s5",4,TRUE,TRUE,TRUE,0.814912294010145,"GSE267774"
"GSE267774p34-cp6-a06_s6",4,TRUE,TRUE,TRUE,0.968306735118351,"GSE267774"
"GSE267774p34-cp6-a07_s7",4,TRUE,TRUE,TRUE,0.820121286277891,"GSE267774"
"GSE267774p34-cp6-a08_s8",4,TRUE,TRUE,TRUE,0.951227957131212,"GSE267774"
"GSE267774p34-cp6-a09_s9",4,TRUE,TRUE,TRUE,0.895115424016684,"GSE267774"
"GSE267774p34-cp6-a10_s10",4,TRUE,TRUE,TRUE,0.787600376442067,"GSE267774"
"GSE267774p34-cp6-a11_s11",4,TRUE,TRUE,TRUE,0.834492980214979,"GSE267774"
"GSE267774p34-cp6-a12_s12",4,TRUE,TRUE,TRUE,0.916777020276176,"GSE267774"
"GSE267774p34-cp6-b01_s13",4,TRUE,TRUE,TRUE,0.778344623461684,"GSE267774"
"GSE267774p34-cp6-b02_s14",4,TRUE,TRUE,TRUE,0.912672896202805,"GSE267774"
"GSE267774p34-cp6-b03_s15",4,TRUE,TRUE,TRUE,0.762956854225734,"GSE267774"
"GSE267774p34-cp6-b04_s16",4,TRUE,TRUE,TRUE,0.81782155006627,"GSE267774"
"GSE267774p34-cp6-b05_s17",4,TRUE,TRUE,TRUE,0.906806841876462,"GSE267774"
"GSE267774p34-cp6-b06_s18",3,TRUE,TRUE,TRUE,0.746341371448292,"GSE267774"
"GSE267774p34-cp6-b07_s19",4,TRUE,TRUE,TRUE,0.753401876960657,"GSE267774"
"GSE267774p34-cp6-b08_s20",4,TRUE,TRUE,TRUE,0.882903943982135,"GSE267774"
"GSE267774p34-cp6-b09_s21",4,TRUE,TRUE,TRUE,0.888567496519132,"GSE267774"
"GSE267774p34-cp6-b10_s22",4,TRUE,TRUE,TRUE,0.807650359184338,"GSE267774"
"GSE267774p34-cp6-b11_s23",3,TRUE,TRUE,TRUE,0.863124777921654,"GSE267774"
"GSE267774p34-cp6-b12_s24",4,TRUE,TRUE,TRUE,0.771746936500279,"GSE267774"
"GSE267774p34-cp6-c01_s25",4,TRUE,TRUE,TRUE,0.727955582388554,"GSE267774"
"GSE267774p34-cp6-c02_s26",4,TRUE,TRUE,TRUE,0.948415854171793,"GSE267774"
"GSE267774p34-cp6-c03_s27",4,TRUE,TRUE,TRUE,0.930708160225696,"GSE267774"
"GSE267774p34-cp6-c04_s28",3,TRUE,TRUE,TRUE,0.92955665776397,"GSE267774"
"GSE267774p34-cp6-c05_s29",4,TRUE,TRUE,TRUE,0.896713897182934,"GSE267774"
"GSE267774p34-cp6-c06_s30",4,TRUE,TRUE,TRUE,0.835644094412047,"GSE267774"
"GSE267774p34-cp6-c07_s31",4,TRUE,TRUE,TRUE,0.863349037250912,"GSE267774"
"GSE267774p34-cp6-c08_s32",4,TRUE,TRUE,TRUE,0.856496363226987,"GSE267774"
"GSE267774p34-cp6-c09_s33",4,TRUE,TRUE,TRUE,0.936736118029659,"GSE267774"
"GSE267774p34-cp6-c10_s34",4,TRUE,TRUE,TRUE,0.876581213072754,"GSE267774"
"GSE267774p34-cp6-c11_s35",4,TRUE,TRUE,TRUE,0.857405686863926,"GSE267774"
"GSE267774p34-cp6-c12_s36",4,TRUE,TRUE,TRUE,0.698278263944887,"GSE267774"
"GSE267774p34-cp6-d01_s37",4,TRUE,TRUE,TRUE,0.984076018736404,"GSE267774"
"GSE267774p34-cp6-d02_s38",4,TRUE,TRUE,TRUE,0.833179623112415,"GSE267774"
"GSE267774p34-cp6-d03_s39",4,TRUE,TRUE,TRUE,0.902675633813381,"GSE267774"
"GSE267774p34-cp6-d04_s40",4,TRUE,TRUE,TRUE,0.906723801213826,"GSE267774"
"GSE267774p34-cp6-d05_s41",3,TRUE,TRUE,TRUE,0.86805753137205,"GSE267774"
"GSE267774p34-cp6-d06_s42",4,TRUE,TRUE,TRUE,0.878509787671693,"GSE267774"
"GSE267774p34-cp6-d07_s43",4,TRUE,TRUE,TRUE,0.710936006594039,"GSE267774"
"GSE267774p34-cp6-d08_s44",4,TRUE,TRUE,TRUE,0.759810822475429,"GSE267774"
"GSE267774p34-cp6-d09_s45",4,TRUE,TRUE,TRUE,0.802397884985388,"GSE267774"
"GSE267774p34-cp6-d10_s46",4,TRUE,TRUE,TRUE,0.769551110404414,"GSE267774"
"GSE267774p34-cp6-d11_s47",4,TRUE,TRUE,TRUE,0.846520445548871,"GSE267774"
"GSE267774p34-cp6-d12_s48",4,TRUE,TRUE,TRUE,0.950951986511725,"GSE267774"
"GSE267774p34-cp6-e01_s49",4,TRUE,TRUE,TRUE,0.927337411262153,"GSE267774"
"GSE267774p34-cp6-e02_s50",4,TRUE,TRUE,TRUE,1,"GSE267774"
"GSE267774p34-cp6-e03_s51",4,TRUE,TRUE,TRUE,0.921764514449541,"GSE267774"
"GSE267774p34-cp6-e04_s52",4,TRUE,TRUE,TRUE,0.836923666637273,"GSE267774"
"GSE267774p34-cp6-e05_s53",4,TRUE,TRUE,TRUE,0.774756010333556,"GSE267774"
"GSE267774p34-cp6-e06_s54",4,TRUE,TRUE,TRUE,0.76446789802277,"GSE267774"
"GSE267774p34-cp6-e07_s55",4,TRUE,TRUE,TRUE,0.888305607558906,"GSE267774"
"GSE267774p34-cp6-e08_s56",4,TRUE,TRUE,TRUE,0.860888013592819,"GSE267774"
"GSE267774p34-cp6-e09_s57",4,TRUE,TRUE,TRUE,0.933272750800441,"GSE267774"
"GSE267774p34-cp6-e10_s58",4,TRUE,TRUE,TRUE,0.884717614095416,"GSE267774"
"GSE267774p34-cp6-e11_s59",4,TRUE,TRUE,TRUE,0.738346189223348,"GSE267774"
"GSE267774p34-cp6-e12_s60",4,TRUE,TRUE,TRUE,0.899584285492468,"GSE267774"
"GSE267774p34-cp6-f01_s61",4,TRUE,TRUE,TRUE,0.869863643284847,"GSE267774"
"GSE267774p34-cp6-f02_s62",4,TRUE,TRUE,TRUE,0.74819973818439,"GSE267774"
"GSE267774p34-cp6-f03_s63",4,TRUE,TRUE,TRUE,0.863523833293372,"GSE267774"
"GSE267774p34-cp6-f04_s64",4,TRUE,TRUE,TRUE,0.754624052232431,"GSE267774"
"GSE267774p34-cp6-f05_s65",4,TRUE,TRUE,TRUE,0.88373214353668,"GSE267774"
"GSE267774p34-cp6-f06_s66",4,TRUE,TRUE,TRUE,0.881759618410905,"GSE267774"
"GSE267774p34-cp6-f07_s67",4,TRUE,TRUE,TRUE,0.73803630291787,"GSE267774"
"GSE267774p34-cp6-f08_s68",4,TRUE,TRUE,TRUE,0.904163072718017,"GSE267774"
"GSE267774p34-cp6-f09_s69",4,TRUE,TRUE,TRUE,0.736040669796923,"GSE267774"
"GSE267774p34-cp6-f10_s70",4,TRUE,TRUE,TRUE,0.785264249852378,"GSE267774"
"GSE267774p34-cp6-f11_s71",4,TRUE,TRUE,TRUE,0.974849565522064,"GSE267774"
"GSE267774p34-cp6-f12_s72",4,TRUE,TRUE,TRUE,0.86468092688202,"GSE267774"
"GSE267774p34-cp6-g01_s73",3,TRUE,TRUE,TRUE,0.870977782060337,"GSE267774"
"GSE267774p34-cp6-g02_s74",3,TRUE,TRUE,TRUE,0.92321394273012,"GSE267774"
"GSE267774p34-cp6-g03_s75",3,TRUE,TRUE,TRUE,0.761220270283274,"GSE267774"
"GSE267774p34-cp6-g04_s76",4,TRUE,TRUE,TRUE,0.882411448481921,"GSE267774"
"GSE267774p34-cp6-g05_s77",4,TRUE,TRUE,TRUE,0.620593689689063,"GSE267774"
"GSE267774p34-cp6-g06_s78",4,TRUE,TRUE,TRUE,0.686922624458216,"GSE267774"
"GSE267774p34-cp6-g07_s79",4,TRUE,TRUE,TRUE,0.715715169992313,"GSE267774"
"GSE267774p34-cp6-g08_s80",4,TRUE,TRUE,TRUE,0.868181405682622,"GSE267774"
"GSE267774p34-cp6-g09_s81",4,TRUE,TRUE,TRUE,0.821307358901325,"GSE267774"
"GSE267774p34-cp6-g10_s82",4,TRUE,TRUE,TRUE,0.89767086717989,"GSE267774"
"GSE267774p34-cp6-g11_s83",4,TRUE,TRUE,TRUE,0.767953412875395,"GSE267774"
"GSE267774p34-cp6-g12_s84",4,TRUE,TRUE,TRUE,0.842391219283445,"GSE267774"
"GSE267774p34-cp6-h01_s85",4,TRUE,TRUE,TRUE,0.353900346878381,"GSE267774"
"GSE267774p34-cp6-h02_s86",4,TRUE,TRUE,TRUE,0.587792416561869,"GSE267774"
"GSE267774p34-cp6-h03_s87",4,TRUE,TRUE,TRUE,0.958061435423028,"GSE267774"
"GSE267774p34-cp6-h04_s88",4,TRUE,TRUE,TRUE,0.800883476620655,"GSE267774"
"GSE267774p34-cp6-h05_s89",4,TRUE,TRUE,TRUE,0.887282279358718,"GSE267774"
"GSE267774p34-cp6-h06_s90",4,TRUE,TRUE,TRUE,0.950346250630885,"GSE267774"
"GSE267774p34-cp6-h07_s91",4,TRUE,TRUE,TRUE,0.568669677984334,"GSE267774"
"GSE267774p34-cp6-h08_s92",4,TRUE,TRUE,TRUE,0.781558148352356,"GSE267774"
"GSE267774p34-cp6-h09_s93",4,TRUE,TRUE,TRUE,0.941622125795378,"GSE267774"
"GSE267774p34-cp6-h10_s94",4,TRUE,TRUE,TRUE,0.95084104844001,"GSE267774"
"GSE267774p34-cp6-h11_s95",4,TRUE,TRUE,TRUE,0.917153194863224,"GSE267774"
"GSE267774p34-cp6-h12_s96",4,TRUE,TRUE,TRUE,0.725015419057653,"GSE267774"
"GSE267774p34-cp7-a01_s1",4,TRUE,TRUE,TRUE,0.866479596361949,"GSE267774"
"GSE267774p34-cp7-a02_s2",4,TRUE,TRUE,TRUE,0.956631396998037,"GSE267774"
"GSE267774p34-cp7-a03_s3",4,TRUE,TRUE,TRUE,0.895490418287497,"GSE267774"
"GSE267774p34-cp7-a04_s4",4,TRUE,TRUE,TRUE,0.738636151143356,"GSE267774"
"GSE267774p34-cp7-a05_s5",4,TRUE,TRUE,TRUE,0.904181170065128,"GSE267774"
"GSE267774p34-cp7-a06_s6",4,TRUE,TRUE,TRUE,0.880460138381535,"GSE267774"
"GSE267774p34-cp7-a07_s7",4,TRUE,TRUE,TRUE,0.841338259227743,"GSE267774"
"GSE267774p34-cp7-a08_s8",4,TRUE,TRUE,TRUE,0.610299194427933,"GSE267774"
"GSE267774p34-cp7-a09_s9",4,TRUE,TRUE,TRUE,0.826585948604006,"GSE267774"
"GSE267774p34-cp7-a10_s10",4,TRUE,TRUE,TRUE,0.798441433535016,"GSE267774"
"GSE267774p34-cp7-a11_s11",4,TRUE,TRUE,TRUE,0.895501929443618,"GSE267774"
"GSE267774p34-cp7-a12_s12",3,TRUE,TRUE,TRUE,0.861289586038653,"GSE267774"
"GSE267774p34-cp7-b01_s13",4,TRUE,TRUE,TRUE,0.905221475468298,"GSE267774"
"GSE267774p34-cp7-b02_s14",4,TRUE,TRUE,TRUE,0.962924409859416,"GSE267774"
"GSE267774p34-cp7-b03_s15",4,TRUE,TRUE,TRUE,1,"GSE267774"
"GSE267774p34-cp7-b04_s16",4,TRUE,TRUE,TRUE,0.969066994998024,"GSE267774"
"GSE267774p34-cp7-b05_s17",4,TRUE,TRUE,TRUE,0.833074966046433,"GSE267774"
"GSE267774p34-cp7-b06_s18",4,TRUE,TRUE,TRUE,0.951964828060477,"GSE267774"
"GSE267774p34-cp7-b07_s19",4,TRUE,TRUE,TRUE,0.753843065430977,"GSE267774"
"GSE267774p34-cp7-b08_s20",4,TRUE,TRUE,TRUE,0.788776956468885,"GSE267774"
"GSE267774p34-cp7-b09_s21",4,TRUE,TRUE,TRUE,0.353900346878381,"GSE267774"
"GSE267774p34-cp7-b10_s22",4,TRUE,TRUE,TRUE,0.678223459245777,"GSE267774"
"GSE267774p34-cp7-b11_s23",4,TRUE,TRUE,TRUE,0.732177000221805,"GSE267774"
"GSE267774p34-cp7-b12_s24",4,TRUE,TRUE,TRUE,0.83551319174056,"GSE267774"
"GSE267774p34-cp7-c01_s25",3,TRUE,TRUE,TRUE,0.820881783665147,"GSE267774"
"GSE267774p34-cp7-c02_s26",4,TRUE,TRUE,TRUE,0.667487624950096,"GSE267774"
"GSE267774p34-cp7-c03_s27",4,TRUE,TRUE,TRUE,0.81082911074998,"GSE267774"
"GSE267774p34-cp7-c04_s28",4,TRUE,TRUE,TRUE,0.839576681986579,"GSE267774"
"GSE267774p34-cp7-c05_s29",4,TRUE,TRUE,TRUE,0.924058923233723,"GSE267774"
"GSE267774p34-cp7-c06_s30",4,TRUE,TRUE,TRUE,0.981020005655495,"GSE267774"
"GSE267774p34-cp7-c07_s31",3,TRUE,TRUE,TRUE,0.901505773722366,"GSE267774"
"GSE267774p34-cp7-c08_s32",4,TRUE,TRUE,TRUE,0.581058751493612,"GSE267774"
"GSE267774p34-cp7-c09_s33",4,TRUE,TRUE,TRUE,0.353900346878381,"GSE267774"
"GSE267774p34-cp7-c10_s34",4,TRUE,TRUE,TRUE,0.763387119549288,"GSE267774"
"GSE267774p34-cp7-c11_s35",3,TRUE,TRUE,TRUE,0.683543277358574,"GSE267774"
"GSE267774p34-cp7-c12_s36",3,TRUE,TRUE,TRUE,0.98410739099988,"GSE267774"
"GSE267774p34-cp7-d01_s37",4,TRUE,TRUE,TRUE,0.905153694992556,"GSE267774"
"GSE267774p34-cp7-d02_s38",4,TRUE,TRUE,TRUE,0.916457152060218,"GSE267774"
"GSE267774p34-cp7-d03_s39",4,TRUE,TRUE,TRUE,0.592223395967099,"GSE267774"
"GSE267774p34-cp7-d04_s40",4,TRUE,TRUE,TRUE,0.977557856132657,"GSE267774"
"GSE267774p34-cp7-d05_s41",4,TRUE,TRUE,TRUE,0.961181291332284,"GSE267774"
"GSE267774p34-cp7-d06_s42",4,TRUE,TRUE,TRUE,0.883605621190163,"GSE267774"
"GSE267774p34-cp7-d07_s43",4,TRUE,TRUE,TRUE,0.810662649993187,"GSE267774"
"GSE267774p34-cp7-d08_s44",4,TRUE,TRUE,TRUE,0.719548783569076,"GSE267774"
"GSE267774p34-cp7-d09_s45",3,TRUE,TRUE,TRUE,0.849291724854304,"GSE267774"
"GSE267774p34-cp7-d10_s46",4,TRUE,TRUE,TRUE,0.830558032083823,"GSE267774"
"GSE267774p34-cp7-d11_s47",4,TRUE,TRUE,TRUE,0.861949324251342,"GSE267774"
"GSE267774p34-cp7-d12_s48",4,TRUE,TRUE,TRUE,0.83808255485785,"GSE267774"
"GSE267774p34-cp7-e01_s49",4,TRUE,TRUE,TRUE,0.75809881100598,"GSE267774"
"GSE267774p34-cp7-e02_s50",4,TRUE,TRUE,TRUE,0.768608742936127,"GSE267774"
"GSE267774p34-cp7-e03_s51",4,TRUE,TRUE,TRUE,0.939387309712134,"GSE267774"
"GSE267774p34-cp7-e04_s52",4,TRUE,TRUE,TRUE,0.69013525677755,"GSE267774"
"GSE267774p34-cp7-e05_s53",4,TRUE,TRUE,TRUE,0.867488276109609,"GSE267774"
"GSE267774p34-cp7-e06_s54",4,TRUE,TRUE,TRUE,0.980726474114109,"GSE267774"
"GSE267774p34-cp7-e07_s55",4,TRUE,TRUE,TRUE,0.635818988952197,"GSE267774"
"GSE267774p34-cp7-e08_s56",4,TRUE,TRUE,TRUE,0.904331238423187,"GSE267774"
"GSE267774p34-cp7-e09_s57",4,TRUE,TRUE,TRUE,0.938676451203495,"GSE267774"
"GSE267774p34-cp7-e10_s58",4,TRUE,TRUE,TRUE,0.988170142433951,"GSE267774"
"GSE267774p34-cp7-e11_s59",3,TRUE,TRUE,TRUE,0.819467527196347,"GSE267774"
"GSE267774p34-cp7-e12_s60",4,TRUE,TRUE,TRUE,0.920648715865161,"GSE267774"
"GSE267774p34-cp7-f01_s61",4,TRUE,TRUE,TRUE,0.714347771357821,"GSE267774"
"GSE267774p34-cp7-f02_s62",4,TRUE,TRUE,TRUE,0.683443644865935,"GSE267774"
"GSE267774p34-cp7-f03_s63",4,TRUE,TRUE,TRUE,1,"GSE267774"
"GSE267774p34-cp7-f04_s64",4,TRUE,TRUE,TRUE,0.820433036900542,"GSE267774"
"GSE267774p34-cp7-f05_s65",4,TRUE,TRUE,TRUE,0.966078489365849,"GSE267774"
"GSE267774p34-cp7-f06_s66",4,TRUE,TRUE,TRUE,0.954410857046937,"GSE267774"
"GSE267774p34-cp7-f07_s67",4,TRUE,TRUE,TRUE,0.814623783723223,"GSE267774"
"GSE267774p34-cp7-f08_s68",4,TRUE,TRUE,TRUE,0.778646360874598,"GSE267774"
"GSE267774p34-cp7-f09_s69",4,TRUE,TRUE,TRUE,0.950782717142279,"GSE267774"
"GSE267774p34-cp7-f10_s70",4,TRUE,TRUE,TRUE,0.838172670652656,"GSE267774"
"GSE267774p34-cp7-f11_s71",4,TRUE,TRUE,TRUE,0.948374512166401,"GSE267774"
"GSE267774p34-cp7-f12_s72",4,TRUE,TRUE,TRUE,0.924087586962287,"GSE267774"
"GSE267774p34-cp7-g01_s73",4,TRUE,TRUE,TRUE,0.940554952278037,"GSE267774"
"GSE267774p34-cp7-g02_s74",3,TRUE,TRUE,TRUE,0.797680773114357,"GSE267774"
"GSE267774p34-cp7-g03_s75",4,TRUE,TRUE,TRUE,0.684312050192561,"GSE267774"
"GSE267774p34-cp7-g04_s76",4,TRUE,TRUE,TRUE,0.646999518031547,"GSE267774"
"GSE267774p34-cp7-g05_s77",4,TRUE,TRUE,TRUE,0.751200387690653,"GSE267774"
"GSE267774p34-cp7-g06_s78",4,TRUE,TRUE,TRUE,0.810121001943693,"GSE267774"
"GSE267774p34-cp7-g07_s79",4,TRUE,TRUE,TRUE,0.773657823361168,"GSE267774"
"GSE267774p34-cp7-g08_s80",4,TRUE,TRUE,TRUE,0.8487490779299,"GSE267774"
"GSE267774p34-cp7-g09_s81",4,TRUE,TRUE,TRUE,0.618174730496863,"GSE267774"
"GSE267774p34-cp7-g10_s82",4,TRUE,TRUE,TRUE,0.954386732646269,"GSE267774"
"GSE267774p34-cp7-g11_s83",4,TRUE,TRUE,TRUE,0.920863267275493,"GSE267774"
"GSE267774p34-cp7-g12_s84",3,TRUE,TRUE,TRUE,0.91549366990257,"GSE267774"
"GSE267774p34-cp7-h01_s85",4,TRUE,TRUE,TRUE,0.353900346878381,"GSE267774"
"GSE267774p34-cp7-h02_s86",4,TRUE,TRUE,TRUE,0.605711866249043,"GSE267774"
"GSE267774p34-cp7-h03_s87",4,TRUE,TRUE,TRUE,0.803954537393012,"GSE267774"
"GSE267774p34-cp7-h04_s88",4,TRUE,TRUE,TRUE,0.72975293478622,"GSE267774"
"GSE267774p34-cp7-h05_s89",4,TRUE,TRUE,TRUE,0.673941114047998,"GSE267774"
"GSE267774p34-cp7-h06_s90",4,TRUE,TRUE,TRUE,0.841761497425358,"GSE267774"
"GSE267774p34-cp7-h07_s91",4,TRUE,TRUE,TRUE,0.834583221861009,"GSE267774"
"GSE267774p34-cp7-h08_s92",4,TRUE,TRUE,TRUE,0.751109747901959,"GSE267774"
"GSE267774p34-cp7-h09_s93",4,TRUE,TRUE,TRUE,0.98824268132016,"GSE267774"
"GSE267774p34-cp7-h10_s94",4,TRUE,TRUE,TRUE,0.767748399128771,"GSE267774"
"GSE267774p34-cp7-h11_s95",4,TRUE,TRUE,TRUE,0.672341593751571,"GSE267774"
"GSE267774p34-cp7-h12_s96",4,TRUE,TRUE,TRUE,0.799209429621534,"GSE267774"
"GSE267774p34-cp8-a01_s1",4,TRUE,TRUE,TRUE,0.760061949397468,"GSE267774"
"GSE267774p34-cp8-a02_s2",4,TRUE,TRUE,TRUE,0.858807167126781,"GSE267774"
"GSE267774p34-cp8-a03_s3",4,TRUE,TRUE,TRUE,0.938204231054039,"GSE267774"
"GSE267774p34-cp8-a04_s4",4,TRUE,TRUE,TRUE,0.930959015528016,"GSE267774"
"GSE267774p34-cp8-a05_s5",4,TRUE,TRUE,TRUE,0.85609052623988,"GSE267774"
"GSE267774p34-cp8-a06_s6",4,TRUE,TRUE,TRUE,0.726181089714748,"GSE267774"
"GSE267774p34-cp8-a07_s7",4,TRUE,TRUE,TRUE,0.83904423203839,"GSE267774"
"GSE267774p34-cp8-a08_s8",4,TRUE,TRUE,TRUE,0.812932178668351,"GSE267774"
"GSE267774p34-cp8-a09_s9",4,TRUE,TRUE,TRUE,0.658082953269438,"GSE267774"
"GSE267774p34-cp8-a10_s10",4,TRUE,TRUE,TRUE,0.940104760379412,"GSE267774"
"GSE267774p34-cp8-a11_s11",4,TRUE,TRUE,TRUE,0.923295520680414,"GSE267774"
"GSE267774p34-cp8-a12_s12",4,TRUE,TRUE,TRUE,0.838089890021903,"GSE267774"
"GSE267774p34-cp8-b01_s13",4,TRUE,TRUE,TRUE,0.753757725912414,"GSE267774"
"GSE267774p34-cp8-b02_s14",3,TRUE,TRUE,TRUE,0.879382682838068,"GSE267774"
"GSE267774p34-cp8-b03_s15",4,TRUE,TRUE,TRUE,0.899290672335303,"GSE267774"
"GSE267774p34-cp8-b04_s16",4,TRUE,TRUE,TRUE,0.823006144361795,"GSE267774"
"GSE267774p34-cp8-b05_s17",4,TRUE,TRUE,TRUE,0.636876942390956,"GSE267774"
"GSE267774p34-cp8-b06_s18",4,TRUE,TRUE,TRUE,0.66732023877905,"GSE267774"
"GSE267774p34-cp8-b07_s19",4,TRUE,TRUE,TRUE,0.8979518363123,"GSE267774"
"GSE267774p34-cp8-b08_s20",4,TRUE,TRUE,TRUE,0.714612716352735,"GSE267774"
"GSE267774p34-cp8-b09_s21",4,TRUE,TRUE,TRUE,0.802329414872146,"GSE267774"
"GSE267774p34-cp8-b10_s22",4,TRUE,TRUE,TRUE,0.937473559547705,"GSE267774"
"GSE267774p34-cp8-b11_s23",4,TRUE,TRUE,TRUE,0.701813866696818,"GSE267774"
"GSE267774p34-cp8-b12_s24",4,TRUE,TRUE,TRUE,0.90481953909685,"GSE267774"
"GSE267774p34-cp8-c01_s25",4,TRUE,TRUE,TRUE,0.796693390351898,"GSE267774"
"GSE267774p34-cp8-c02_s26",4,TRUE,TRUE,TRUE,0.712453076078717,"GSE267774"
"GSE267774p34-cp8-c03_s27",4,TRUE,TRUE,TRUE,0.82140422933421,"GSE267774"
"GSE267774p34-cp8-c04_s28",4,TRUE,TRUE,TRUE,0.653252381134009,"GSE267774"
"GSE267774p34-cp8-c05_s29",4,TRUE,TRUE,TRUE,0.88671829805858,"GSE267774"
"GSE267774p34-cp8-c06_s30",4,TRUE,TRUE,TRUE,0.760406109121469,"GSE267774"
"GSE267774p34-cp8-c07_s31",4,TRUE,TRUE,TRUE,0.965877239307043,"GSE267774"
"GSE267774p34-cp8-c08_s32",4,TRUE,TRUE,TRUE,0.7637440226153,"GSE267774"
"GSE267774p34-cp8-c09_s33",4,TRUE,TRUE,TRUE,0.621916474798496,"GSE267774"
"GSE267774p34-cp8-c10_s34",4,TRUE,TRUE,TRUE,0.602698598684582,"GSE267774"
"GSE267774p34-cp8-c11_s35",4,TRUE,TRUE,TRUE,0.640303419751817,"GSE267774"
"GSE267774p34-cp8-c12_s36",4,TRUE,TRUE,TRUE,0.734113616525286,"GSE267774"
"GSE267774p34-cp8-d01_s37",4,TRUE,TRUE,TRUE,0.707589872378305,"GSE267774"
"GSE267774p34-cp8-d02_s38",4,TRUE,TRUE,TRUE,0.712450857755072,"GSE267774"
"GSE267774p34-cp8-d03_s39",4,TRUE,TRUE,TRUE,0.68249342692176,"GSE267774"
"GSE267774p34-cp8-d04_s40",4,TRUE,TRUE,TRUE,0.628910659469399,"GSE267774"
"GSE267774p34-cp8-d05_s41",4,TRUE,TRUE,TRUE,0.815450707743555,"GSE267774"
"GSE267774p34-cp8-d06_s42",4,TRUE,TRUE,TRUE,0.803441812627692,"GSE267774"
"GSE267774p34-cp8-d07_s43",3,TRUE,TRUE,TRUE,0.730017432059278,"GSE267774"
"GSE267774p34-cp8-d08_s44",4,TRUE,TRUE,TRUE,0.841971366779997,"GSE267774"
"GSE267774p34-cp8-d09_s45",4,TRUE,TRUE,TRUE,0.881208087035063,"GSE267774"
"GSE267774p34-cp8-d10_s46",4,TRUE,TRUE,TRUE,0.896035971882571,"GSE267774"
"GSE267774p34-cp8-d11_s47",4,TRUE,TRUE,TRUE,0.561206330066317,"GSE267774"
"GSE267774p34-cp8-d12_s48",4,TRUE,TRUE,TRUE,0.670937884915685,"GSE267774"
"GSE267774p34-cp8-e01_s49",4,TRUE,TRUE,TRUE,0.821851447768741,"GSE267774"
"GSE267774p34-cp8-e02_s50",4,TRUE,TRUE,TRUE,0.892079644646425,"GSE267774"
"GSE267774p34-cp8-e03_s51",4,TRUE,TRUE,TRUE,0.854297946315358,"GSE267774"
"GSE267774p34-cp8-e04_s52",3,TRUE,TRUE,TRUE,0.92725506022427,"GSE267774"
"GSE267774p34-cp8-e05_s53",4,TRUE,TRUE,TRUE,0.64230871181919,"GSE267774"
"GSE267774p34-cp8-e06_s54",4,TRUE,TRUE,TRUE,0.875217248362521,"GSE267774"
"GSE267774p34-cp8-e07_s55",4,TRUE,TRUE,TRUE,0.752911202351547,"GSE267774"
"GSE267774p34-cp8-e08_s56",4,TRUE,TRUE,TRUE,0.878635362285257,"GSE267774"
"GSE267774p34-cp8-e09_s57",4,TRUE,TRUE,TRUE,0.78778635891642,"GSE267774"
"GSE267774p34-cp8-e10_s58",4,TRUE,TRUE,TRUE,0.810338853188209,"GSE267774"
"GSE267774p34-cp8-e11_s59",4,TRUE,TRUE,TRUE,0.660880828081627,"GSE267774"
"GSE267774p34-cp8-e12_s60",4,TRUE,TRUE,TRUE,0.90599633522794,"GSE267774"
"GSE267774p34-cp8-f01_s61",4,TRUE,TRUE,TRUE,0.613616764198978,"GSE267774"
"GSE267774p34-cp8-f02_s62",4,TRUE,TRUE,TRUE,0.838160671158362,"GSE267774"
"GSE267774p34-cp8-f03_s63",4,TRUE,TRUE,TRUE,0.626561659846865,"GSE267774"
"GSE267774p34-cp8-f04_s64",4,TRUE,TRUE,TRUE,0.704673780713048,"GSE267774"
"GSE267774p34-cp8-f05_s65",4,TRUE,TRUE,TRUE,0.755168775158461,"GSE267774"
"GSE267774p34-cp8-f06_s66",4,TRUE,TRUE,TRUE,0.658367557678652,"GSE267774"
"GSE267774p34-cp8-f07_s67",4,TRUE,TRUE,TRUE,0.920226734304018,"GSE267774"
"GSE267774p34-cp8-f08_s68",4,TRUE,TRUE,TRUE,0.918279352756448,"GSE267774"
"GSE267774p34-cp8-f09_s69",4,TRUE,TRUE,TRUE,0.884256190245766,"GSE267774"
"GSE267774p34-cp8-f10_s70",4,TRUE,TRUE,TRUE,0.486628887655108,"GSE267774"
"GSE267774p34-cp8-f11_s71",4,TRUE,TRUE,TRUE,0.933643229582718,"GSE267774"
"GSE267774p34-cp8-f12_s72",4,TRUE,TRUE,TRUE,0.785527007600287,"GSE267774"
"GSE267774p34-cp8-g01_s73",4,TRUE,TRUE,TRUE,0.780840339218868,"GSE267774"
"GSE267774p34-cp8-g02_s74",4,TRUE,TRUE,TRUE,0.786766413122049,"GSE267774"
"GSE267774p34-cp8-g03_s75",4,TRUE,TRUE,TRUE,0.837147811850258,"GSE267774"
"GSE267774p34-cp8-g04_s76",4,TRUE,TRUE,TRUE,0.891667841114731,"GSE267774"
"GSE267774p34-cp8-g05_s77",4,TRUE,TRUE,TRUE,0.725874350976851,"GSE267774"
"GSE267774p34-cp8-g06_s78",4,TRUE,TRUE,TRUE,0.768636233542115,"GSE267774"
"GSE267774p34-cp8-g07_s79",3,TRUE,TRUE,TRUE,0.997507498768921,"GSE267774"
"GSE267774p34-cp8-g08_s80",4,TRUE,TRUE,TRUE,0.620035502323883,"GSE267774"
"GSE267774p34-cp8-g09_s81",4,TRUE,TRUE,TRUE,0.866084095587447,"GSE267774"
"GSE267774p34-cp8-g10_s82",4,TRUE,TRUE,TRUE,0.538399143875445,"GSE267774"
"GSE267774p34-cp8-g11_s83",4,TRUE,TRUE,TRUE,0.961746719454422,"GSE267774"
"GSE267774p34-cp8-g12_s84",4,TRUE,TRUE,TRUE,0.718014072023997,"GSE267774"
"GSE267774p34-cp8-h01_s85",4,TRUE,TRUE,TRUE,0.362547498422859,"GSE267774"
"GSE267774p34-cp8-h02_s86",4,TRUE,TRUE,TRUE,0.904624277703089,"GSE267774"
"GSE267774p34-cp8-h03_s87",4,TRUE,TRUE,TRUE,0.95761372890101,"GSE267774"
"GSE267774p34-cp8-h04_s88",3,TRUE,TRUE,TRUE,0.683760740821139,"GSE267774"
"GSE267774p34-cp8-h05_s89",4,TRUE,TRUE,TRUE,0.950328805118125,"GSE267774"
"GSE267774p34-cp8-h06_s90",4,TRUE,TRUE,TRUE,0.664517097723874,"GSE267774"
"GSE267774p34-cp8-h07_s91",4,TRUE,TRUE,TRUE,0.714193029468827,"GSE267774"
"GSE267774p34-cp8-h08_s92",4,TRUE,TRUE,TRUE,0.958864325882778,"GSE267774"
"GSE267774p34-cp8-h09_s93",3,TRUE,TRUE,TRUE,0.6388870031524,"GSE267774"
"GSE267774p34-cp8-h10_s94",4,TRUE,TRUE,TRUE,0.944145161487355,"GSE267774"
"GSE267774p34-cp8-h11_s95",4,TRUE,TRUE,TRUE,0.567487486981134,"GSE267774"
"GSE267774p34-cp8-h12_s96",4,TRUE,TRUE,TRUE,0.849106413967234,"GSE267774"
"GSE267774undetermined_s0",4,TRUE,TRUE,TRUE,0.495692825558761,"GSE267774"
"GSE47774,GSE47792seqc_ilm_agr_a_1_atcacg_ac0c1tacxx",8,TRUE,FALSE,TRUE,0.00986638122214641,"GSE47774,GSE47792"
"GSE47774,GSE47792seqc_ilm_agr_a_1_atcacg_bd0j2jacxx",8,TRUE,FALSE,TRUE,0.00818528190498304,"GSE47774,GSE47792"
"GSE47774,GSE47792seqc_ilm_agr_a_2_acagtg_ac0c1tacxx",8,TRUE,FALSE,TRUE,0.00818528190498304,"GSE47774,GSE47792"
"GSE47774,GSE47792seqc_ilm_agr_a_2_acagtg_bd0j2jacxx",8,TRUE,FALSE,TRUE,0.00875600911092445,"GSE47774,GSE47792"
"GSE47774,GSE47792seqc_ilm_agr_a_3_gatcag_ac0c1tacxx",8,TRUE,FALSE,TRUE,0.00868891695547824,"GSE47774,GSE47792"
"GSE47774,GSE47792seqc_ilm_agr_a_3_gatcag_bd0j2jacxx",8,TRUE,FALSE,TRUE,0.00920172455919255,"GSE47774,GSE47792"
"GSE47774,GSE47792seqc_ilm_agr_a_4_agtcaa_ac0c1tacxx",8,TRUE,FALSE,TRUE,0.00925964416141965,"GSE47774,GSE47792"
"GSE47774,GSE47792seqc_ilm_agr_a_4_agtcaa_bd0j2jacxx",8,TRUE,FALSE,TRUE,0.00925964416141965,"GSE47774,GSE47792"
"GSE47774,GSE47792seqc_ilm_agr_b_1_cgatgt_ac0c1tacxx",8,TRUE,FALSE,TRUE,0.0565372073065048,"GSE47774,GSE47792"
"GSE47774,GSE47792seqc_ilm_agr_b_1_cgatgt_bd0j2jacxx",8,TRUE,FALSE,TRUE,0.0168699685243685,"GSE47774,GSE47792"
"GSE47774,GSE47792seqc_ilm_agr_b_2_gccaat_ac0c1tacxx",8,TRUE,FALSE,TRUE,0.0148407218256749,"GSE47774,GSE47792"
"GSE47774,GSE47792seqc_ilm_agr_b_2_gccaat_bd0j2jacxx",8,TRUE,FALSE,TRUE,0.00469541836858336,"GSE47774,GSE47792"
"GSE47774,GSE47792seqc_ilm_agr_b_3_tagctt_ac0c1tacxx",8,TRUE,FALSE,TRUE,0.0559852157799933,"GSE47774,GSE47792"
"GSE47774,GSE47792seqc_ilm_agr_b_3_tagctt_bd0j2jacxx",8,TRUE,FALSE,TRUE,0.0036747107827421,"GSE47774,GSE47792"
"GSE47774,GSE47792seqc_ilm_agr_b_4_agttcc_ac0c1tacxx",8,TRUE,FALSE,TRUE,0.0556672697584005,"GSE47774,GSE47792"
"GSE47774,GSE47792seqc_ilm_agr_b_4_agttcc_bd0j2jacxx",8,TRUE,FALSE,TRUE,0.00437747234699046,"GSE47774,GSE47792"
"GSE47774,GSE47792seqc_ilm_agr_c_1_ttaggc_ac0c1tacxx",8,TRUE,FALSE,TRUE,0.00870637182455994,"GSE47774,GSE47792"
"GSE47774,GSE47792seqc_ilm_agr_c_1_ttaggc_bd0j2jacxx",8,TRUE,FALSE,TRUE,0.0166055163496141,"GSE47774,GSE47792"
"GSE47774,GSE47792seqc_ilm_agr_c_2_cagatc_ac0c1tacxx",8,TRUE,FALSE,TRUE,0.0083735432007138,"GSE47774,GSE47792"
"GSE47774,GSE47792seqc_ilm_agr_c_2_cagatc_bd0j2jacxx",8,TRUE,FALSE,TRUE,0.00892018684645621,"GSE47774,GSE47792"
"GSE47774,GSE47792seqc_ilm_agr_c_3_ggctac_ac0c1tacxx",8,TRUE,FALSE,TRUE,0.00933317506125485,"GSE47774,GSE47792"
"GSE47774,GSE47792seqc_ilm_agr_c_3_ggctac_bd0j2jacxx",8,TRUE,FALSE,TRUE,0.0078699081502186,"GSE47774,GSE47792"
"GSE47774,GSE47792seqc_ilm_agr_c_4_atgtca_ac0c1tacxx",8,TRUE,FALSE,TRUE,0.009319737576404,"GSE47774,GSE47792"
"GSE47774,GSE47792seqc_ilm_agr_c_4_atgtca_bd0j2jacxx",8,TRUE,FALSE,TRUE,0.00933317506125485,"GSE47774,GSE47792"
"GSE47774,GSE47792seqc_ilm_agr_d_1_tgacca_ac0c1tacxx",8,TRUE,FALSE,TRUE,0.00889061573605986,"GSE47774,GSE47792"
"GSE47774,GSE47792seqc_ilm_agr_d_1_tgacca_bd0j2jacxx",8,TRUE,FALSE,TRUE,0.00889061573605986,"GSE47774,GSE47792"
"GSE47774,GSE47792seqc_ilm_agr_d_2_acttga_ac0c1tacxx",8,TRUE,FALSE,TRUE,0.00838698068556466,"GSE47774,GSE47792"
"GSE47774,GSE47792seqc_ilm_agr_d_2_acttga_bd0j2jacxx",8,TRUE,FALSE,TRUE,0.0100546425178772,"GSE47774,GSE47792"
"GSE47774,GSE47792seqc_ilm_agr_d_3_cttgta_ac0c1tacxx",8,TRUE,FALSE,TRUE,0.00838698068556466,"GSE47774,GSE47792"
"GSE47774,GSE47792seqc_ilm_agr_d_3_cttgta_bd0j2jacxx",8,TRUE,FALSE,TRUE,0.00889061573605986,"GSE47774,GSE47792"
"GSE47774,GSE47792seqc_ilm_agr_d_4_ccgtcc_ac0c1tacxx",8,TRUE,FALSE,TRUE,0.00955100746738197,"GSE47774,GSE47792"
"GSE47774,GSE47792seqc_ilm_agr_d_4_ccgtcc_bd0j2jacxx",8,TRUE,FALSE,TRUE,0.0105717150532232,"GSE47774,GSE47792"
"GSE47774,GSE47792seqc_ilm_bgi_a_1_atcacg_ac0aytacxx",8,TRUE,FALSE,TRUE,0.0175244301262668,"GSE47774,GSE47792"
"GSE47774,GSE47792seqc_ilm_bgi_a_1_atcacg_bc0aypacxx",8,TRUE,FALSE,TRUE,0.0104930785638733,"GSE47774,GSE47792"
"GSE47774,GSE47792seqc_ilm_bgi_a_2_acagtg_ac0aytacxx",8,TRUE,FALSE,TRUE,0.0154502483851466,"GSE47774,GSE47792"
"GSE47774,GSE47792seqc_ilm_bgi_a_2_acagtg_bc0aypacxx",8,TRUE,FALSE,TRUE,0.0157580548891102,"GSE47774,GSE47792"
"GSE47774,GSE47792seqc_ilm_bgi_a_3_gatcag_ac0aytacxx",8,TRUE,FALSE,TRUE,0.0131802380974948,"GSE47774,GSE47792"
"GSE47774,GSE47792seqc_ilm_bgi_a_3_gatcag_bc0aypacxx",8,TRUE,FALSE,TRUE,0.0101542174335401,"GSE47774,GSE47792"
"GSE47774,GSE47792seqc_ilm_bgi_a_4_agtcaa_ac0aytacxx",8,TRUE,FALSE,TRUE,0.00941955696531966,"GSE47774,GSE47792"
"GSE47774,GSE47792seqc_ilm_bgi_a_4_agtcaa_bc0aypacxx",8,TRUE,FALSE,TRUE,0.00993662950066572,"GSE47774,GSE47792"
"GSE47774,GSE47792seqc_ilm_bgi_a_5_cgtacg_ac0aytacxx",8,TRUE,FALSE,TRUE,0.0141413940214012,"GSE47774,GSE47792"
"GSE47774,GSE47792seqc_ilm_bgi_a_5_cgtacg_bc0aypacxx",8,TRUE,FALSE,TRUE,0.00947237097803202,"GSE47774,GSE47792"
"GSE47774,GSE47792seqc_ilm_bgi_b_1_cgatgt_ac0aytacxx",8,TRUE,FALSE,TRUE,0.0609264469336304,"GSE47774,GSE47792"
"GSE47774,GSE47792seqc_ilm_bgi_b_1_cgatgt_bc0aypacxx",8,TRUE,FALSE,TRUE,0.0611183450566367,"GSE47774,GSE47792"
"GSE47774,GSE47792seqc_ilm_bgi_b_2_gccaat_ac0aytacxx",8,TRUE,FALSE,TRUE,0.0227004089763109,"GSE47774,GSE47792"
"GSE47774,GSE47792seqc_ilm_bgi_b_2_gccaat_bc0aypacxx",8,TRUE,FALSE,TRUE,0.0157877260404161,"GSE47774,GSE47792"
"GSE47774,GSE47792seqc_ilm_bgi_b_3_tagctt_ac0aytacxx",8,TRUE,FALSE,TRUE,0.0560309628827655,"GSE47774,GSE47792"
"GSE47774,GSE47792seqc_ilm_bgi_b_3_tagctt_bc0aypacxx",8,TRUE,FALSE,TRUE,0.0235543799699843,"GSE47774,GSE47792"
"GSE47774,GSE47792seqc_ilm_bgi_b_4_agttcc_ac0aytacxx",8,TRUE,FALSE,TRUE,0.0217953479573094,"GSE47774,GSE47792"
"GSE47774,GSE47792seqc_ilm_bgi_b_4_agttcc_bc0aypacxx",8,TRUE,FALSE,TRUE,0.0721923313988909,"GSE47774,GSE47792"
"GSE47774,GSE47792seqc_ilm_bgi_b_5_gagtgg_ac0aytacxx",8,TRUE,FALSE,TRUE,0.0146057561025789,"GSE47774,GSE47792"
"GSE47774,GSE47792seqc_ilm_bgi_b_5_gagtgg_bc0aypacxx",8,TRUE,FALSE,TRUE,0.00334319631682663,"GSE47774,GSE47792"
"GSE47774,GSE47792seqc_ilm_bgi_c_1_ttaggc_ac0aytacxx",8,TRUE,FALSE,TRUE,0.0109202044556945,"GSE47774,GSE47792"
"GSE47774,GSE47792seqc_ilm_bgi_c_1_ttaggc_bc0aypacxx",8,TRUE,FALSE,TRUE,0.00950483288531289,"GSE47774,GSE47792"
"GSE47774,GSE47792seqc_ilm_bgi_c_2_cagatc_ac0aytacxx",8,TRUE,FALSE,TRUE,0.00941955696531966,"GSE47774,GSE47792"
"GSE47774,GSE47792seqc_ilm_bgi_c_2_cagatc_bc0aypacxx",8,TRUE,FALSE,TRUE,0.0105674501215915,"GSE47774,GSE47792"
"GSE47774,GSE47792seqc_ilm_bgi_c_3_ggctac_ac0aytacxx",8,TRUE,FALSE,TRUE,0.0201566759868928,"GSE47774,GSE47792"
"GSE47774,GSE47792seqc_ilm_bgi_c_3_ggctac_bc0aypacxx",8,TRUE,FALSE,TRUE,0.00941955696531966,"GSE47774,GSE47792"
"GSE47774,GSE47792seqc_ilm_bgi_c_4_atgtca_ac0aytacxx",8,TRUE,FALSE,TRUE,0.0111859322024763,"GSE47774,GSE47792"
"GSE47774,GSE47792seqc_ilm_bgi_c_4_atgtca_bc0aypacxx",8,TRUE,FALSE,TRUE,0.0157696793258522,"GSE47774,GSE47792"
"GSE47774,GSE47792seqc_ilm_bgi_c_5_actgat_ac0aytacxx",8,TRUE,FALSE,TRUE,0.0145922150591841,"GSE47774,GSE47792"
"GSE47774,GSE47792seqc_ilm_bgi_c_5_actgat_bc0aypacxx",8,TRUE,FALSE,TRUE,0.00910789736589195,"GSE47774,GSE47792"
"GSE47774,GSE47792seqc_ilm_bgi_d_1_tgacca_ac0aytacxx",8,TRUE,FALSE,TRUE,0.0611378967701284,"GSE47774,GSE47792"
"GSE47774,GSE47792seqc_ilm_bgi_d_1_tgacca_bc0aypacxx",8,TRUE,FALSE,TRUE,0.00848839023110338,"GSE47774,GSE47792"
"GSE47774,GSE47792seqc_ilm_bgi_d_2_acttga_ac0aytacxx",8,TRUE,FALSE,TRUE,0.0154545547398063,"GSE47774,GSE47792"
"GSE47774,GSE47792seqc_ilm_bgi_d_2_acttga_bc0aypacxx",8,TRUE,FALSE,TRUE,0.016490040798403,"GSE47774,GSE47792"
"GSE47774,GSE47792seqc_ilm_bgi_d_3_cttgta_ac0aytacxx",8,TRUE,FALSE,TRUE,0.0124266420254205,"GSE47774,GSE47792"
"GSE47774,GSE47792seqc_ilm_bgi_d_3_cttgta_bc0aypacxx",8,TRUE,FALSE,TRUE,0.0153421476421312,"GSE47774,GSE47792"
"GSE47774,GSE47792seqc_ilm_bgi_d_4_ccgtcc_ac0aytacxx",8,TRUE,FALSE,TRUE,0.0238013512697495,"GSE47774,GSE47792"
"GSE47774,GSE47792seqc_ilm_bgi_d_4_ccgtcc_bc0aypacxx",8,TRUE,FALSE,TRUE,0.0206037977229042,"GSE47774,GSE47792"
"GSE47774,GSE47792seqc_ilm_bgi_d_5_attcct_ac0aytacxx",8,TRUE,FALSE,TRUE,0.0152864851993646,"GSE47774,GSE47792"
"GSE47774,GSE47792seqc_ilm_bgi_d_5_attcct_bc0aypacxx",8,TRUE,FALSE,TRUE,0.013520109962208,"GSE47774,GSE47792"
"GSE47774,GSE47792seqc_ilm_cnl_a_1_atcacg_ad0fd7acxx",7,TRUE,FALSE,TRUE,0.0100633919813354,"GSE47774,GSE47792"
"GSE47774,GSE47792seqc_ilm_cnl_a_1_atcacg_bd0fg1acxx",8,TRUE,FALSE,TRUE,0.0123284038566959,"GSE47774,GSE47792"
"GSE47774,GSE47792seqc_ilm_cnl_a_2_acagtg_ad0fd7acxx",7,TRUE,FALSE,TRUE,0.0101864542725671,"GSE47774,GSE47792"
"GSE47774,GSE47792seqc_ilm_cnl_a_2_acagtg_bd0fg1acxx",8,TRUE,FALSE,TRUE,0.0102070314462524,"GSE47774,GSE47792"
"GSE47774,GSE47792seqc_ilm_cnl_a_3_gatcag_ad0fd7acxx",7,TRUE,FALSE,TRUE,0.0141158542853986,"GSE47774,GSE47792"
"GSE47774,GSE47792seqc_ilm_cnl_a_3_gatcag_bd0fg1acxx",8,TRUE,FALSE,TRUE,0.0208559548009557,"GSE47774,GSE47792"
"GSE47774,GSE47792seqc_ilm_cnl_a_4_agtcaa_ad0fd7acxx",7,TRUE,FALSE,TRUE,0.00970535960968775,"GSE47774,GSE47792"
"GSE47774,GSE47792seqc_ilm_cnl_a_4_agtcaa_bd0fg1acxx",8,TRUE,FALSE,TRUE,0.00918828707434169,"GSE47774,GSE47792"
"GSE47774,GSE47792seqc_ilm_cnl_a_5_cgtacg_ad0fd7acxx",7,TRUE,FALSE,TRUE,0.0159077692585578,"GSE47774,GSE47792"
"GSE47774,GSE47792seqc_ilm_cnl_a_5_cgtacg_bd0fg1acxx",8,TRUE,FALSE,TRUE,0.0148365256724006,"GSE47774,GSE47792"
"GSE47774,GSE47792seqc_ilm_cnl_b_1_cgatgt_ad0fd7acxx",7,TRUE,FALSE,TRUE,0.0133683536487606,"GSE47774,GSE47792"
"GSE47774,GSE47792seqc_ilm_cnl_b_1_cgatgt_bd0fg1acxx",8,TRUE,FALSE,TRUE,0.0572625356722691,"GSE47774,GSE47792"
"GSE47774,GSE47792seqc_ilm_cnl_b_2_gccaat_ad0fd7acxx",7,TRUE,FALSE,TRUE,0.0115495539999561,"GSE47774,GSE47792"
"GSE47774,GSE47792seqc_ilm_cnl_b_2_gccaat_bd0fg1acxx",8,TRUE,FALSE,TRUE,0.0195717683773743,"GSE47774,GSE47792"
"GSE47774,GSE47792seqc_ilm_cnl_b_3_tagctt_ad0fd7acxx",7,TRUE,FALSE,TRUE,0.0188279183586552,"GSE47774,GSE47792"
"GSE47774,GSE47792seqc_ilm_cnl_b_3_tagctt_bd0fg1acxx",8,TRUE,FALSE,TRUE,0.0657229314140686,"GSE47774,GSE47792"
"GSE47774,GSE47792seqc_ilm_cnl_b_4_agttcc_ad0fd7acxx",7,TRUE,FALSE,TRUE,0.0587179645736159,"GSE47774,GSE47792"
"GSE47774,GSE47792seqc_ilm_cnl_b_4_agttcc_bd0fg1acxx",8,TRUE,FALSE,TRUE,0.0221594844362493,"GSE47774,GSE47792"
"GSE47774,GSE47792seqc_ilm_cnl_b_5_gagtgg_ad0fd7acxx",7,TRUE,FALSE,TRUE,0.0140955129321494,"GSE47774,GSE47792"
"GSE47774,GSE47792seqc_ilm_cnl_b_5_gagtgg_bd0fg1acxx",8,TRUE,FALSE,TRUE,0.00374790371727883,"GSE47774,GSE47792"
"GSE47774,GSE47792seqc_ilm_cnl_c_1_ttaggc_ad0fd7acxx",7,TRUE,FALSE,TRUE,0.00889061573605986,"GSE47774,GSE47792"
"GSE47774,GSE47792seqc_ilm_cnl_c_1_ttaggc_bd0fg1acxx",8,TRUE,FALSE,TRUE,0.00942382189695141,"GSE47774,GSE47792"
"GSE47774,GSE47792seqc_ilm_cnl_c_2_cagatc_ad0fd7acxx",7,TRUE,FALSE,TRUE,0.00977810361142738,"GSE47774,GSE47792"
"GSE47774,GSE47792seqc_ilm_cnl_c_2_cagatc_bd0fg1acxx",8,TRUE,FALSE,TRUE,0.0123674574377975,"GSE47774,GSE47792"
"GSE47774,GSE47792seqc_ilm_cnl_c_3_ggctac_ad0fd7acxx",7,TRUE,FALSE,TRUE,0.00942382189695141,"GSE47774,GSE47792"
"GSE47774,GSE47792seqc_ilm_cnl_c_3_ggctac_bd0fg1acxx",8,TRUE,FALSE,TRUE,0.0102951761467734,"GSE47774,GSE47792"
"GSE47774,GSE47792seqc_ilm_cnl_c_4_atgtca_ad0fd7acxx",7,TRUE,FALSE,TRUE,0.0112195642815256,"GSE47774,GSE47792"
"GSE47774,GSE47792seqc_ilm_cnl_c_4_atgtca_bd0fg1acxx",8,TRUE,FALSE,TRUE,0.00942382189695141,"GSE47774,GSE47792"
"GSE47774,GSE47792seqc_ilm_cnl_c_5_actgat_ad0fd7acxx",7,TRUE,FALSE,TRUE,0.009637144898194,"GSE47774,GSE47792"
"GSE47774,GSE47792seqc_ilm_cnl_c_5_actgat_bd0fg1acxx",8,TRUE,FALSE,TRUE,0.0177536424958832,"GSE47774,GSE47792"
"GSE47774,GSE47792seqc_ilm_cnl_d_1_tgacca_ad0fd7acxx",7,TRUE,FALSE,TRUE,0.00924357620699962,"GSE47774,GSE47792"
"GSE47774,GSE47792seqc_ilm_cnl_d_1_tgacca_bd0fg1acxx",8,TRUE,FALSE,TRUE,0.00935335424203059,"GSE47774,GSE47792"
"GSE47774,GSE47792seqc_ilm_cnl_d_2_acttga_ad0fd7acxx",7,TRUE,FALSE,TRUE,0.014133832674954,"GSE47774,GSE47792"
"GSE47774,GSE47792seqc_ilm_cnl_d_2_acttga_bd0fg1acxx",8,TRUE,FALSE,TRUE,0.0209624753864534,"GSE47774,GSE47792"
"GSE47774,GSE47792seqc_ilm_cnl_d_3_cttgta_ad0fd7acxx",7,TRUE,FALSE,TRUE,0.0589634200635806,"GSE47774,GSE47792"
"GSE47774,GSE47792seqc_ilm_cnl_d_3_cttgta_bd0fg1acxx",8,TRUE,FALSE,TRUE,0.00991878325339295,"GSE47774,GSE47792"
"GSE47774,GSE47792seqc_ilm_cnl_d_4_ccgtcc_ad0fd7acxx",7,TRUE,FALSE,TRUE,0.0190584380181181,"GSE47774,GSE47792"
"GSE47774,GSE47792seqc_ilm_cnl_d_4_ccgtcc_bd0fg1acxx",8,TRUE,FALSE,TRUE,0.0606431516534406,"GSE47774,GSE47792"
"GSE47774,GSE47792seqc_ilm_cnl_d_5_attcct_ad0fd7acxx",7,TRUE,FALSE,TRUE,0.0197195076881781,"GSE47774,GSE47792"
"GSE47774,GSE47792seqc_ilm_cnl_d_5_attcct_bd0fg1acxx",8,TRUE,FALSE,TRUE,0.0201606876214142,"GSE47774,GSE47792"
"GSE47774,GSE47792seqc_ilm_coh_a_1_atcacg_ac03ktacxx",8,TRUE,FALSE,TRUE,0.0102760868156291,"GSE47774,GSE47792"
"GSE47774,GSE47792seqc_ilm_coh_a_2_acagtg_ac03ktacxx",8,TRUE,FALSE,TRUE,0.00977245176513395,"GSE47774,GSE47792"
"GSE47774,GSE47792seqc_ilm_coh_a_3_gatcag_ac03ktacxx",8,TRUE,FALSE,TRUE,0.00977245176513395,"GSE47774,GSE47792"
"GSE47774,GSE47792seqc_ilm_coh_a_4_agtcaa_ac03ktacxx",8,TRUE,FALSE,TRUE,0.0114535510822973,"GSE47774,GSE47792"
"GSE47774,GSE47792seqc_ilm_coh_b_1_cgatgt_ac03ktacxx",8,TRUE,FALSE,TRUE,0.014387435207791,"GSE47774,GSE47792"
"GSE47774,GSE47792seqc_ilm_coh_b_2_gccaat_ac03ktacxx",8,TRUE,FALSE,TRUE,0.0158512528951223,"GSE47774,GSE47792"
"GSE47774,GSE47792seqc_ilm_coh_b_3_tagctt_ac03ktacxx",8,TRUE,FALSE,TRUE,0.00469541836858336,"GSE47774,GSE47792"
"GSE47774,GSE47792seqc_ilm_coh_b_4_agttcc_ac03ktacxx",8,TRUE,FALSE,TRUE,0.00469541836858336,"GSE47774,GSE47792"
"GSE47774,GSE47792seqc_ilm_coh_c_1_ttaggc_ac03ktacxx",8,TRUE,FALSE,TRUE,0.0161018812991189,"GSE47774,GSE47792"
"GSE47774,GSE47792seqc_ilm_coh_c_2_cagatc_ac03ktacxx",8,TRUE,FALSE,TRUE,0.0155848087637728,"GSE47774,GSE47792"
"GSE47774,GSE47792seqc_ilm_coh_c_3_ggctac_ac03ktacxx",8,TRUE,FALSE,TRUE,0.0161018812991189,"GSE47774,GSE47792"
"GSE47774,GSE47792seqc_ilm_coh_c_4_atgtca_ac03ktacxx",8,TRUE,FALSE,TRUE,0.0166591710202094,"GSE47774,GSE47792"
"GSE47774,GSE47792seqc_ilm_coh_d_1_tgacca_ac03ktacxx",8,TRUE,FALSE,TRUE,0.00843732911817601,"GSE47774,GSE47792"
"GSE47774,GSE47792seqc_ilm_coh_d_2_acttga_ac03ktacxx",8,TRUE,FALSE,TRUE,0.00838698068556466,"GSE47774,GSE47792"
"GSE47774,GSE47792seqc_ilm_coh_d_3_cttgta_ac03ktacxx",8,TRUE,FALSE,TRUE,0.00838698068556466,"GSE47774,GSE47792"
"GSE47774,GSE47792seqc_ilm_coh_d_4_ccgtcc_ac03ktacxx",8,TRUE,FALSE,TRUE,0.00843732911817601,"GSE47774,GSE47792"
"GSE47774,GSE47792seqc_ilm_may_a_1_atcacg_ad0e8uacxx",8,TRUE,FALSE,TRUE,0.0176061334719871,"GSE47774,GSE47792"
"GSE47774,GSE47792seqc_ilm_may_a_1_atcacg_bd0e99acxx",8,TRUE,FALSE,TRUE,0.0160400812714389,"GSE47774,GSE47792"
"GSE47774,GSE47792seqc_ilm_may_a_2_acagtg_ad0e8uacxx",8,TRUE,FALSE,TRUE,0.0131956387962762,"GSE47774,GSE47792"
"GSE47774,GSE47792seqc_ilm_may_a_2_acagtg_bd0e99acxx",8,TRUE,FALSE,TRUE,0.00970535960968775,"GSE47774,GSE47792"
"GSE47774,GSE47792seqc_ilm_may_a_3_gatcag_ad0e8uacxx",8,TRUE,FALSE,TRUE,0.0140885800086889,"GSE47774,GSE47792"
"GSE47774,GSE47792seqc_ilm_may_a_3_gatcag_bd0e99acxx",8,TRUE,FALSE,TRUE,0.0141413940214012,"GSE47774,GSE47792"
"GSE47774,GSE47792seqc_ilm_may_a_4_agtcaa_ad0e8uacxx",8,TRUE,FALSE,TRUE,0.00918828707434169,"GSE47774,GSE47792"
"GSE47774,GSE47792seqc_ilm_may_a_4_agtcaa_bd0e99acxx",8,TRUE,FALSE,TRUE,0.0092553792297879,"GSE47774,GSE47792"
"GSE47774,GSE47792seqc_ilm_may_a_5_cgtacg_ad0e8uacxx",8,TRUE,FALSE,TRUE,0.0245190754706379,"GSE47774,GSE47792"
"GSE47774,GSE47792seqc_ilm_may_a_5_cgtacg_bd0e99acxx",8,TRUE,FALSE,TRUE,0.0205251612335542,"GSE47774,GSE47792"
"GSE47774,GSE47792seqc_ilm_may_b_1_cgatgt_ad0e8uacxx",8,TRUE,FALSE,TRUE,0.0118408798908222,"GSE47774,GSE47792"
"GSE47774,GSE47792seqc_ilm_may_b_1_cgatgt_bd0e99acxx",8,TRUE,FALSE,TRUE,0.0186383234720003,"GSE47774,GSE47792"
"GSE47774,GSE47792seqc_ilm_may_b_2_gccaat_ad0e8uacxx",8,TRUE,FALSE,TRUE,0.0619379751418081,"GSE47774,GSE47792"
"GSE47774,GSE47792seqc_ilm_may_b_2_gccaat_bd0e99acxx",8,TRUE,FALSE,TRUE,0.0145704380543952,"GSE47774,GSE47792"
"GSE47774,GSE47792seqc_ilm_may_b_3_tagctt_ad0e8uacxx",8,TRUE,FALSE,TRUE,0.00736626267247893,"GSE47774,GSE47792"
"GSE47774,GSE47792seqc_ilm_may_b_3_tagctt_bd0e99acxx",8,TRUE,FALSE,TRUE,0.00986698139439098,"GSE47774,GSE47792"
"GSE47774,GSE47792seqc_ilm_may_b_4_agttcc_ad0e8uacxx",8,TRUE,FALSE,TRUE,0.0606147100061415,"GSE47774,GSE47792"
"GSE47774,GSE47792seqc_ilm_may_b_4_agttcc_bd0e99acxx",8,TRUE,FALSE,TRUE,0.0157874669776601,"GSE47774,GSE47792"
"GSE47774,GSE47792seqc_ilm_may_b_5_gagtgg_ad0e8uacxx",8,TRUE,FALSE,TRUE,0.0125573541906507,"GSE47774,GSE47792"
"GSE47774,GSE47792seqc_ilm_may_b_5_gagtgg_bd0e99acxx",8,TRUE,FALSE,TRUE,0.0230437151553,"GSE47774,GSE47792"
"GSE47774,GSE47792seqc_ilm_may_c_1_ttaggc_ad0e8uacxx",8,TRUE,FALSE,TRUE,0.0144671895540219,"GSE47774,GSE47792"
"GSE47774,GSE47792seqc_ilm_may_c_1_ttaggc_bd0e99acxx",8,TRUE,FALSE,TRUE,0.0228869991655978,"GSE47774,GSE47792"
"GSE47774,GSE47792seqc_ilm_may_c_2_cagatc_ad0e8uacxx",8,TRUE,FALSE,TRUE,0.00871826868947309,"GSE47774,GSE47792"
"GSE47774,GSE47792seqc_ilm_may_c_2_cagatc_bd0e99acxx",8,TRUE,FALSE,TRUE,0.0130721373544794,"GSE47774,GSE47792"
"GSE47774,GSE47792seqc_ilm_may_c_3_ggctac_ad0e8uacxx",8,TRUE,FALSE,TRUE,0.0145661237268139,"GSE47774,GSE47792"
"GSE47774,GSE47792seqc_ilm_may_c_3_ggctac_bd0e99acxx",8,TRUE,FALSE,TRUE,0.0108998850848554,"GSE47774,GSE47792"
"GSE47774,GSE47792seqc_ilm_may_c_4_atgtca_ad0e8uacxx",8,TRUE,FALSE,TRUE,0.00955100746738197,"GSE47774,GSE47792"
"GSE47774,GSE47792seqc_ilm_may_c_4_atgtca_bd0e99acxx",8,TRUE,FALSE,TRUE,0.0088161025259088,"GSE47774,GSE47792"
"GSE47774,GSE47792seqc_ilm_may_c_5_actgat_ad0e8uacxx",8,TRUE,FALSE,TRUE,0.0217287168325926,"GSE47774,GSE47792"
"GSE47774,GSE47792seqc_ilm_may_c_5_actgat_bd0e99acxx",8,TRUE,FALSE,TRUE,0.0207887643550999,"GSE47774,GSE47792"
"GSE47774,GSE47792seqc_ilm_may_d_1_tgacca_ad0e8uacxx",8,TRUE,FALSE,TRUE,0.0203301209423343,"GSE47774,GSE47792"
"GSE47774,GSE47792seqc_ilm_may_d_1_tgacca_bd0e99acxx",8,TRUE,FALSE,TRUE,0.0159515384088498,"GSE47774,GSE47792"
"GSE47774,GSE47792seqc_ilm_may_d_2_acttga_ad0e8uacxx",8,TRUE,FALSE,TRUE,0.0159608660119052,"GSE47774,GSE47792"
"GSE47774,GSE47792seqc_ilm_may_d_2_acttga_bd0e99acxx",8,TRUE,FALSE,TRUE,0.0224029829823177,"GSE47774,GSE47792"
"GSE47774,GSE47792seqc_ilm_may_d_3_cttgta_ad0e8uacxx",8,TRUE,FALSE,TRUE,0.0142200305107512,"GSE47774,GSE47792"
"GSE47774,GSE47792seqc_ilm_may_d_3_cttgta_bd0e99acxx",8,TRUE,FALSE,TRUE,0.0596633406121238,"GSE47774,GSE47792"
"GSE47774,GSE47792seqc_ilm_may_d_4_ccgtcc_ad0e8uacxx",8,TRUE,FALSE,TRUE,0.060166975662619,"GSE47774,GSE47792"
"GSE47774,GSE47792seqc_ilm_may_d_4_ccgtcc_bd0e99acxx",8,TRUE,FALSE,TRUE,0.0139380041284225,"GSE47774,GSE47792"
"GSE47774,GSE47792seqc_ilm_may_d_5_attcct_ad0e8uacxx",8,TRUE,FALSE,TRUE,0.0144236697128235,"GSE47774,GSE47792"
"GSE47774,GSE47792seqc_ilm_may_d_5_attcct_bd0e99acxx",8,TRUE,FALSE,TRUE,0.0126600321608525,"GSE47774,GSE47792"
"GSE47774,GSE47792seqc_ilm_nvs_a_1_atcacg_ad0902acxx",8,TRUE,FALSE,TRUE,0.00970535960968775,"GSE47774,GSE47792"
"GSE47774,GSE47792seqc_ilm_nvs_a_1_atcacg_bd08pvacxx",8,TRUE,FALSE,TRUE,0.00970535960968775,"GSE47774,GSE47792"
"GSE47774,GSE47792seqc_ilm_nvs_a_2_acagtg_ad0902acxx",8,TRUE,FALSE,TRUE,0.00925964416141965,"GSE47774,GSE47792"
"GSE47774,GSE47792seqc_ilm_nvs_a_2_acagtg_bd08pvacxx",8,TRUE,FALSE,TRUE,0.00823893657557839,"GSE47774,GSE47792"
"GSE47774,GSE47792seqc_ilm_nvs_a_3_gatcag_ad0902acxx",8,TRUE,FALSE,TRUE,0.00874257162607359,"GSE47774,GSE47792"
"GSE47774,GSE47792seqc_ilm_nvs_a_3_gatcag_bd08pvacxx",8,TRUE,FALSE,TRUE,0.00985294373729556,"GSE47774,GSE47792"
"GSE47774,GSE47792seqc_ilm_nvs_a_4_agtcaa_ad0902acxx",8,TRUE,FALSE,TRUE,0.00868891695547824,"GSE47774,GSE47792"
"GSE47774,GSE47792seqc_ilm_nvs_a_4_agtcaa_bd08pvacxx",8,TRUE,FALSE,TRUE,0.00920172455919255,"GSE47774,GSE47792"
"GSE47774,GSE47792seqc_ilm_nvs_b_1_cgatgt_ad0902acxx",8,TRUE,FALSE,TRUE,0.0555184916772586,"GSE47774,GSE47792"
"GSE47774,GSE47792seqc_ilm_nvs_b_1_cgatgt_bd08pvacxx",8,TRUE,FALSE,TRUE,0.00474377484459966,"GSE47774,GSE47792"
"GSE47774,GSE47792seqc_ilm_nvs_b_2_gccaat_ad0902acxx",8,TRUE,FALSE,TRUE,0.0556413714543258,"GSE47774,GSE47792"
"GSE47774,GSE47792seqc_ilm_nvs_b_2_gccaat_bd08pvacxx",8,TRUE,FALSE,TRUE,0.0559852157799933,"GSE47774,GSE47792"
"GSE47774,GSE47792seqc_ilm_nvs_b_3_tagctt_ad0902acxx",8,TRUE,FALSE,TRUE,0.00941146739143063,"GSE47774,GSE47792"
"GSE47774,GSE47792seqc_ilm_nvs_b_3_tagctt_bd08pvacxx",8,TRUE,FALSE,TRUE,0.0163663334738733,"GSE47774,GSE47792"
"GSE47774,GSE47792seqc_ilm_nvs_b_4_agttcc_ad0902acxx",8,TRUE,FALSE,TRUE,0.0564888508304885,"GSE47774,GSE47792"
"GSE47774,GSE47792seqc_ilm_nvs_b_4_agttcc_bd08pvacxx",8,TRUE,FALSE,TRUE,0.0168699685243685,"GSE47774,GSE47792"
"GSE47774,GSE47792seqc_ilm_nvs_c_1_ttaggc_ad0902acxx",8,TRUE,FALSE,TRUE,0.0101897705826898,"GSE47774,GSE47792"
"GSE47774,GSE47792seqc_ilm_nvs_c_1_ttaggc_bd08pvacxx",8,TRUE,FALSE,TRUE,0.00766820936963699,"GSE47774,GSE47792"
"GSE47774,GSE47792seqc_ilm_nvs_c_2_cagatc_ad0902acxx",8,TRUE,FALSE,TRUE,0.01599215059777,"GSE47774,GSE47792"
"GSE47774,GSE47792seqc_ilm_nvs_c_2_cagatc_bd08pvacxx",8,TRUE,FALSE,TRUE,0.0155848087637728,"GSE47774,GSE47792"
"GSE47774,GSE47792seqc_ilm_nvs_c_3_ggctac_ad0902acxx",8,TRUE,FALSE,TRUE,0.0101897705826898,"GSE47774,GSE47792"
"GSE47774,GSE47792seqc_ilm_nvs_c_3_ggctac_bd08pvacxx",8,TRUE,FALSE,TRUE,0.016088443814268,"GSE47774,GSE47792"
"GSE47774,GSE47792seqc_ilm_nvs_c_4_atgtca_ad0902acxx",8,TRUE,FALSE,TRUE,0.0155848087637728,"GSE47774,GSE47792"
"GSE47774,GSE47792seqc_ilm_nvs_c_4_atgtca_bd08pvacxx",8,TRUE,FALSE,TRUE,0.0161018812991189,"GSE47774,GSE47792"
"GSE47774,GSE47792seqc_ilm_nvs_d_1_tgacca_ad0902acxx",8,TRUE,FALSE,TRUE,0.0229582270787115,"GSE47774,GSE47792"
"GSE47774,GSE47792seqc_ilm_nvs_d_1_tgacca_bd08pvacxx",8,TRUE,FALSE,TRUE,0.00889061573605986,"GSE47774,GSE47792"
"GSE47774,GSE47792seqc_ilm_nvs_d_2_acttga_ad0902acxx",8,TRUE,FALSE,TRUE,0.00838698068556466,"GSE47774,GSE47792"
"GSE47774,GSE47792seqc_ilm_nvs_d_2_acttga_bd08pvacxx",8,TRUE,FALSE,TRUE,0.0104049068481223,"GSE47774,GSE47792"
"GSE47774,GSE47792seqc_ilm_nvs_d_3_cttgta_ad0902acxx",8,TRUE,FALSE,TRUE,0.00889061573605986,"GSE47774,GSE47792"
"GSE47774,GSE47792seqc_ilm_nvs_d_3_cttgta_bd08pvacxx",8,TRUE,FALSE,TRUE,0.0105717150532232,"GSE47774,GSE47792"
"GSE47774,GSE47792seqc_ilm_nvs_d_4_ccgtcc_ad0902acxx",8,TRUE,FALSE,TRUE,0.0100546425178772,"GSE47774,GSE47792"
"GSE47774,GSE47792seqc_ilm_nvs_d_4_ccgtcc_bd08pvacxx",8,TRUE,FALSE,TRUE,0.0592336679954846,"GSE47774,GSE47792"
"GSE47774,GSE47792seqc_ilm_nyg_a_1_atcacg_ac132facxx",7,TRUE,FALSE,TRUE,0.0126452921570358,"GSE47774,GSE47792"
"GSE47774,GSE47792seqc_ilm_nyg_a_2_acagtg_ac132facxx",7,TRUE,FALSE,TRUE,0.010423670943237,"GSE47774,GSE47792"
"GSE47774,GSE47792seqc_ilm_nyg_a_3_agtcaa_ac132facxx",7,TRUE,FALSE,TRUE,0.0117769404428407,"GSE47774,GSE47792"
"GSE47774,GSE47792seqc_ilm_nyg_a_4_gatcag_ac132facxx",7,TRUE,FALSE,TRUE,0.029160619993564,"GSE47774,GSE47792"
"GSE47774,GSE47792seqc_ilm_nyg_b_1_cgatgt_ac132facxx",7,TRUE,FALSE,TRUE,0.00666092011949311,"GSE47774,GSE47792"
"GSE47774,GSE47792seqc_ilm_nyg_b_2_gccaat_ac132facxx",7,TRUE,FALSE,TRUE,0.0570542798418509,"GSE47774,GSE47792"
"GSE47774,GSE47792seqc_ilm_nyg_b_3_agttcc_ac132facxx",7,TRUE,FALSE,TRUE,0.0159731201671867,"GSE47774,GSE47792"
"GSE47774,GSE47792seqc_ilm_nyg_b_4_tagctt_ac132facxx",7,TRUE,FALSE,TRUE,0.0170690950381217,"GSE47774,GSE47792"
"GSE47774,GSE47792seqc_ilm_nyg_c_1_ttaggc_ac132facxx",7,TRUE,FALSE,TRUE,0.0155421702178702,"GSE47774,GSE47792"
"GSE47774,GSE47792seqc_ilm_nyg_c_2_cagatc_ac132facxx",7,TRUE,FALSE,TRUE,0.0120886366348548,"GSE47774,GSE47792"
"GSE47774,GSE47792seqc_ilm_nyg_c_3_atgtca_ac132facxx",7,TRUE,FALSE,TRUE,0.0166591710202094,"GSE47774,GSE47792"
"GSE47774,GSE47792seqc_ilm_nyg_c_4_ggctac_ac132facxx",7,TRUE,FALSE,TRUE,0.0135894902620664,"GSE47774,GSE47792"
"GSE47774,GSE47792seqc_ilm_nyg_d_1_tgacca_ac132facxx",7,TRUE,FALSE,TRUE,0.00889061573605986,"GSE47774,GSE47792"
"GSE47774,GSE47792seqc_ilm_nyg_d_2_ccgtcc_ac132facxx",7,TRUE,FALSE,TRUE,0.00889061573605986,"GSE47774,GSE47792"
"GSE47774,GSE47792seqc_ilm_nyg_d_3_acttga_ac132facxx",7,TRUE,FALSE,TRUE,0.0105717150532232,"GSE47774,GSE47792"
"GSE47774,GSE47792seqc_ilm_nyg_d_4_cttgta_ac132facxx",7,TRUE,FALSE,TRUE,0.00889061573605986,"GSE47774,GSE47792"
"GSE47774,GSE47792seqc_ilm_nyg_e_1_gtccgc_ac132facxx",7,TRUE,FALSE,TRUE,0.530230894091588,"GSE47774,GSE47792"
"GSE47774,GSE47792seqc_ilm_nyg_e_2_gtggcc_ac132facxx",7,TRUE,FALSE,TRUE,0.678446318693905,"GSE47774,GSE47792"
"GSE47774,GSE47792seqc_ilm_nyg_f_1_gtgaaa_ac132facxx",7,TRUE,FALSE,TRUE,0.413610175063144,"GSE47774,GSE47792"
"GSE47774,GSE47792seqc_ilm_nyg_f_2_gtttcg_ac132facxx",7,TRUE,FALSE,TRUE,0.711985693142549,"GSE47774,GSE47792"
"GSE54416ecfc_1",2,TRUE,FALSE,TRUE,0.00263156488010301,"GSE54416"
"GSE54416ecfc_2",2,TRUE,TRUE,TRUE,0.00211875727638871,"GSE54416"
"GSE54416ecfc_3",2,TRUE,TRUE,TRUE,0.00306682470879143,"GSE54416"
"GSE59822,GSE59827hkc_day0_rnaseq",2,TRUE,FALSE,TRUE,0.00966181137785238,"GSE59822,GSE59827"
"GSE59822,GSE59827hkc_day2_rnaseq",2,TRUE,FALSE,TRUE,0.00899375898970492,"GSE59822,GSE59827"
"GSE59822,GSE59827hkc_day4_rnaseq",2,TRUE,FALSE,TRUE,0.0108096528413217,"GSE59822,GSE59827"
"GSE59822,GSE59827hkc_day7_rnaseq",2,TRUE,FALSE,TRUE,0.0161589711369124,"GSE59822,GSE59827"
"GSE62544stt1220",2,TRUE,TRUE,FALSE,0.0485397260654737,"GSE62544"
"GSE62544stt516",2,TRUE,TRUE,FALSE,0.0909380837355996,"GSE62544"
"GSE62544stt5528",2,TRUE,TRUE,FALSE,0.0115495110293456,"GSE62544"
"GSE62544stt5835",2,TRUE,FALSE,FALSE,0.072176845325913,"GSE62544"
"GSE62544stt5848",2,TRUE,TRUE,FALSE,0.0044704738342925,"GSE62544"
"GSE62544stt5857",2,TRUE,FALSE,FALSE,0.006068433398591,"GSE62544"
"GSE62544stt5858",2,TRUE,TRUE,FALSE,0.0122467094070909,"GSE62544"
"GSE62544stt5859",2,TRUE,TRUE,FALSE,0.0284889215952575,"GSE62544"
"GSE62544stt5861",2,TRUE,FALSE,FALSE,0.0353790385564482,"GSE62544"
"GSE62544stt5975",2,TRUE,TRUE,FALSE,0.00850434096458188,"GSE62544"
"GSE62544stt5979",2,TRUE,FALSE,FALSE,0,"GSE62544"
"GSE62544stt6021",2,TRUE,FALSE,FALSE,0.00942140761148842,"GSE62544"
"GSE62544stt6023",2,TRUE,FALSE,FALSE,0.0147450478988504,"GSE62544"
"GSE62544stt6032",2,TRUE,FALSE,FALSE,0.0144958177528704,"GSE62544"
"GSE62544stt6038",2,TRUE,TRUE,FALSE,0.00520155071666796,"GSE62544"
"GSE62544stt6043",2,TRUE,FALSE,FALSE,0.00893395495314319,"GSE62544"
"GSE62544stt6620",2,TRUE,FALSE,FALSE,0.0147026729720366,"GSE62544"
"GSE62544stt6652",2,TRUE,TRUE,FALSE,0.0195443297722708,"GSE62544"
"GSE62544stt6783",2,TRUE,TRUE,FALSE,0.042127535342745,"GSE62544"
"GSE62544stt6785",2,TRUE,TRUE,FALSE,0.0354283105201287,"GSE62544"
"GSE62544stt7087",2,TRUE,TRUE,FALSE,0.0118122794606158,"GSE62544"
"GSE62544stt7088",2,TRUE,TRUE,FALSE,0.0497525839466172,"GSE62544"
"GSE62544stt7089",2,TRUE,TRUE,FALSE,0.00573463606470396,"GSE62544"
"GSE62544stt7090",2,TRUE,TRUE,FALSE,0.0281447480938115,"GSE62544"
"GSE62544stt7091",2,TRUE,TRUE,FALSE,0.0213324900520743,"GSE62544"
"GSE62544stt7092",2,TRUE,TRUE,FALSE,0.00257435558736036,"GSE62544"
"GSE62544stt7093",2,TRUE,TRUE,FALSE,0.00562044926725107,"GSE62544"
"GSE66927,GSE66929c.rp.rep2",2,TRUE,TRUE,FALSE,0.0412038558904505,"GSE66927,GSE66929"
"GSE66927,GSE66929myc.rp.rep2",2,TRUE,TRUE,FALSE,0,"GSE66927,GSE66929"
"GSE66927,GSE66929myc.torin.rp",2,TRUE,TRUE,FALSE,0,"GSE66927,GSE66929"
"GSE66927,GSE66929torin.rp",2,TRUE,TRUE,FALSE,0.00239938955864624,"GSE66927,GSE66929"
"GSE68086blood_platelets_lung",17,FALSE,FALSE,FALSE,0.305954846911481,"GSE68086"
"GSE72259sgltr-f2-a",2,TRUE,TRUE,TRUE,0.0198474769181174,"GSE72259"
"GSE72259sgltr-f2-b",2,TRUE,TRUE,TRUE,0.0180549525558155,"GSE72259"
"GSE72259sgltr-f2-c",2,TRUE,TRUE,TRUE,0.00739542690883524,"GSE72259"
"GSE72259sgrna-control-b",2,TRUE,TRUE,TRUE,0.0581716798363318,"GSE72259"
"GSE72259sgrna-control-c",2,TRUE,TRUE,TRUE,0.0084364556526136,"GSE72259"
"GSE72259tnf-a",2,TRUE,TRUE,TRUE,0.0137315423775485,"GSE72259"
"GSE72259tnf-b",2,TRUE,TRUE,TRUE,0.0633619188329392,"GSE72259"
"GSE72259tnf-c",2,TRUE,TRUE,TRUE,0.00905074119667066,"GSE72259"
"GSE74698p",3,TRUE,TRUE,TRUE,0.00260461451807898,"GSE74698"
"GSE74698w",3,TRUE,TRUE,TRUE,0.00355135967006419,"GSE74698"
"GSE7992324h",3,TRUE,FALSE,TRUE,0.00704571643761236,"GSE79923"
"GSE7992348h",3,TRUE,FALSE,TRUE,0,"GSE79923"
"GSE7992372h",3,TRUE,FALSE,TRUE,0,"GSE79923"
"GSE83475cl1",2,TRUE,FALSE,FALSE,0.00539999409269471,"GSE83475"
"GSE83475cl2",2,TRUE,FALSE,FALSE,0.00601473772510476,"GSE83475"
"GSE83475cl3",2,TRUE,FALSE,FALSE,0.00375427059984523,"GSE83475"
"GSE89127,GSE89129n87-7 lap_7days [lab: hammerman-dfci]",3,TRUE,TRUE,TRUE,0.0130304878065221,"GSE89127,GSE89129"
"GSE89403s1_week_24-tb subjects-140711_i269_fcc4mbuacxx_rhumjlxtaaaaraapei-209",2,TRUE,TRUE,TRUE,0.000684181256063535,"GSE89403"
"GSE89403s10_dx-healthy controls-140817_i162_fcc4mt4acxx_rhumjlxtaaqpraapei-208",2,TRUE,TRUE,TRUE,0.00140349567587532,"GSE89403"
"GSE89403s100_day_7-tb subjects-140805_i272_fcc4mtnacxx_rhumjlxtaahbrabpei-227",2,TRUE,TRUE,TRUE,0.000817954275160047,"GSE89403"
"GSE89403s100_dx-tb subjects-140805_i272_fcc4mtnacxx_rhumjlxtaaharabpei-225",2,TRUE,TRUE,TRUE,0.00140349567587532,"GSE89403"
"GSE89403s100_week_24-tb subjects-140805_i272_fcc4mtnacxx_rhumjlxtaahdrabpei-202",2,TRUE,TRUE,TRUE,0.002112990311296,"GSE89403"
"GSE89403s100_week_4-tb subjects-140815_i175_fcc4mvkacxx_rhumjlxtaahcrbapei-201",2,TRUE,TRUE,TRUE,0.00140349567587532,"GSE89403"
"GSE89403s101_dx-tb subjects-140805_i272_fcc4mtnacxx_rhumjlxtaaherabpei-203",2,TRUE,TRUE,TRUE,0.00353042487604719,"GSE89403"
"GSE89403s102_day_7-tb subjects-140805_i284_fcc4mjaacxx_rhumjlxtaahjrabpei-208",2,TRUE,TRUE,TRUE,0.0010490683400093,"GSE89403"
"GSE89403s128_week_24-tb subjects-140731_i269_fcc4n1jacxx_rhumjlxtaajeraapei-207",2,TRUE,TRUE,TRUE,0.00084682645554357,"GSE89403"
"GSE89403s129_day_7-tb subjects-140731_i269_fcc4n1jacxx_rhumjlxtaajgraapei-209",2,TRUE,TRUE,TRUE,0.00234420557248385,"GSE89403"
"GSE89403s129_dx-tb subjects-140731_i269_fcc4n1jacxx_rhumjlxtaajfraapei-208",2,TRUE,TRUE,TRUE,0.00250685077196389,"GSE89403"
"GSE89403s129_week_24-tb subjects-140731_i269_fcc4n1jacxx_rhumjlxtaajiraapei-211",2,TRUE,TRUE,TRUE,0.00286127810782991,"GSE89403"
"GSE89403s129_week_4-tb subjects-140731_i269_fcc4n1jacxx_rhumjlxtaajhraapei-210",2,TRUE,TRUE,TRUE,0.00265903622336418,"GSE89403"
"GSE89403s130_day_7-tb subjects-140731_i269_fcc4n1jacxx_rhumjlxtaajjraapei-212",2,TRUE,TRUE,TRUE,0.00273016765717266,"GSE89403"
"GSE89403s130_week_24-tb subjects-140731_i269_fcc4n1jacxx_rhumjlxtaajlraapei-214",2,TRUE,TRUE,TRUE,0.00159591777594995,"GSE89403"
"GSE89403s130_week_4-tb subjects-140731_i269_fcc4n1jacxx_rhumjlxtaajkraapei-213",2,TRUE,TRUE,TRUE,0.00299109195119045,"GSE89403"
"GSE89403s131_day_7-tb subjects-140731_i269_fcc4n1jacxx_rhumjlxtaajnraapei-216",2,TRUE,TRUE,TRUE,0.00140349567587532,"GSE89403"
"GSE89403s131_dx-tb subjects-140731_i269_fcc4n1jacxx_rhumjlxtaajmraapei-215",2,TRUE,TRUE,TRUE,0.0014257746293581,"GSE89403"
"GSE89403s131_week_24-tb subjects-140731_i269_fcc4n1jacxx_rhumjlxtaajpraapei-219",2,TRUE,TRUE,TRUE,0.00140349567587532,"GSE89403"
"GSE89403s131_week_4-tb subjects-140731_i269_fcc4n1jacxx_rhumjlxtaajoraapei-218",2,TRUE,TRUE,TRUE,0.00140349567587532,"GSE89403"
"GSE89403s133_day_7-tb subjects-140731_i269_fcc4rc2acxx_rhumjlxtaajvraapei-227",2,TRUE,TRUE,TRUE,0.00140349567587532,"GSE89403"
"GSE89403s133_dx-tb subjects-140731_i269_fcc4rc2acxx_rhumjlxtaajuraapei-225",2,TRUE,TRUE,TRUE,0.00140349567587532,"GSE89403"
"GSE89403s133_week_24-tb subjects-140731_i269_fcc4rc2acxx_rhumjlxtaajxraapei-202",2,TRUE,TRUE,TRUE,0.00084682645554357,"GSE89403"
"GSE89403s133_week_4-tb subjects-140731_i269_fcc4rc2acxx_rhumjlxtaajwraapei-201",2,TRUE,TRUE,TRUE,0.0010490683400093,"GSE89403"
"GSE89403s134_dx-tb subjects-140731_i269_fcc4rc2acxx_rhumjlxtaajyraapei-203",2,TRUE,TRUE,TRUE,0.00686648049432866,"GSE89403"
"GSE89403s134_week_24-tb subjects-140731_i269_fcc4rc2acxx_rhumjlxtaajzraapei-204",2,TRUE,TRUE,TRUE,0.0047395512941568,"GSE89403"
"GSE89403s135_day_7-tb subjects-140731_i269_fcc4rc2acxx_rhumjlxtaakbraapei-206",2,TRUE,TRUE,TRUE,0.00140349567587532,"GSE89403"
"GSE89403s135_dx-tb subjects-140731_i269_fcc4rc2acxx_rhumjlxtaakaraapei-205",2,TRUE,TRUE,TRUE,0.00405242328319182,"GSE89403"
"GSE89403s135_week_24-tb subjects-140731_i269_fcc4rc2acxx_rhumjlxtaakdraapei-208",2,TRUE,TRUE,TRUE,0,"GSE89403"
"GSE89403s135_week_4-tb subjects-140731_i269_fcc4rc2acxx_rhumjlxtaakcraapei-207",2,TRUE,TRUE,TRUE,0.00140349567587532,"GSE89403"
"GSE89403s136_day_7-tb subjects-140731_i269_fcc4rc2acxx_rhumjlxtaakeraapei-209",2,TRUE,TRUE,TRUE,0.00566663545811334,"GSE89403"
"GSE89403s136_week_24-tb subjects-140804_i270_fcc4rl0acxx_rhumjlxtaakgraapei-211",2,TRUE,TRUE,TRUE,0.00286127810782991,"GSE89403"
"GSE89403s136_week_4-tb subjects-140731_i269_fcc4rc2acxx_rhumjlxtaakfraapei-210",2,TRUE,TRUE,TRUE,0.00188773685510189,"GSE89403"
"GSE89403s137_day_7-tb subjects-140804_i270_fcc4rl0acxx_rhumjlxtaakiraapei-213",2,TRUE,TRUE,TRUE,0.00140349567587532,"GSE89403"
"GSE89403s137_dx-tb subjects-140804_i270_fcc4rl0acxx_rhumjlxtaakhraapei-212",2,TRUE,TRUE,TRUE,0.00144373232454966,"GSE89403"
"GSE89403s137_week_24-tb subjects-140804_i270_fcc4rl0acxx_rhumjlxtaakkraapei-215",2,TRUE,TRUE,TRUE,0.0010490683400093,"GSE89403"
"GSE89403s137_week_4-tb subjects-140804_i270_fcc4rl0acxx_rhumjlxtaakjraapei-214",2,TRUE,TRUE,TRUE,0.000886423140529267,"GSE89403"
"GSE89403s138_day_7-tb subjects-140804_i270_fcc4rl0acxx_rhumjlxtaakmraapei-218",2,TRUE,TRUE,TRUE,0.00120125379140959,"GSE89403"
"GSE89403s138_dx-tb subjects-140804_i270_fcc4rl0acxx_rhumjlxtaaklraapei-216",2,TRUE,TRUE,TRUE,0.000684181256063535,"GSE89403"
"GSE89403s138_week_24-tb subjects-140804_i270_fcc4rl0acxx_rhumjlxtaakoraapei-220",2,TRUE,TRUE,TRUE,0.0013350268105061,"GSE89403"
"GSE89403s138_week_4-tb subjects-140804_i270_fcc4rl0acxx_rhumjlxtaaknraapei-219",2,TRUE,TRUE,TRUE,0.00465485497287879,"GSE89403"
"GSE89403s139_day_7-tb subjects-140804_i270_fcc4rl0acxx_rhumjlxtaakqraapei-222",2,TRUE,TRUE,TRUE,0.00140349567587532,"GSE89403"
"GSE89403s139_dx-tb subjects-140804_i270_fcc4rl0acxx_rhumjlxtaakpraapei-221",2,TRUE,TRUE,TRUE,0.0013350268105061,"GSE89403"
"GSE89403s139_week_24-tb subjects-140805_i284_fcc4mjaacxx_rhumjlxtaaksraapei-225",2,TRUE,TRUE,TRUE,0.00498820730800177,"GSE89403"
"GSE89403s139_week_4-tb subjects-140804_i270_fcc4rl0acxx_rhumjlxtaakrraapei-223",2,TRUE,TRUE,TRUE,0.00140349567587532,"GSE89403"
"GSE89403s140_day_7-tb subjects-140805_i284_fcc4mjaacxx_rhumjlxtaakuraapei-201",2,TRUE,TRUE,TRUE,0.00291445184644684,"GSE89403"
"GSE89403s140_dx-tb subjects-140805_i284_fcc4mjaacxx_rhumjlxtaaktraapei-227",2,TRUE,TRUE,TRUE,0.00308459499303868,"GSE89403"
"GSE89403s140_week_24-tb subjects-140805_i284_fcc4mjaacxx_rhumjlxtaakwraapei-203",2,TRUE,TRUE,TRUE,0.00120125379140959,"GSE89403"
"GSE89403s140_week_4-tb subjects-140805_i284_fcc4mjaacxx_rhumjlxtaakvraapei-202",2,TRUE,TRUE,TRUE,0.00308459499303868,"GSE89403"
"GSE89403s141_day_7-tb subjects-140805_i284_fcc4mjaacxx_rhumjlxtaakyraapei-205",2,TRUE,TRUE,TRUE,0.00243838190659467,"GSE89403"
"GSE89403s141_dx-tb subjects-140805_i284_fcc4mjaacxx_rhumjlxtaakxraapei-204",2,TRUE,TRUE,TRUE,0.00312486497028697,"GSE89403"
"GSE89403s141_week_24-tb subjects-140805_i284_fcc4mjaacxx_rhumjlxtaalaraapei-207",2,TRUE,TRUE,TRUE,0.00243838190659467,"GSE89403"
"GSE89403s141_week_4-tb subjects-140805_i284_fcc4mjaacxx_rhumjlxtaakzraapei-206",2,TRUE,TRUE,TRUE,0.00350816448653651,"GSE89403"
"GSE89403s142_day_7-tb subjects-140805_i284_fcc4mjaacxx_rhumjlxtaalcraapei-209",2,TRUE,TRUE,TRUE,0.00172314098002516,"GSE89403"
"GSE89403s142_dx-tb subjects-140805_i284_fcc4mjaacxx_rhumjlxtaalbraapei-208",2,TRUE,TRUE,TRUE,0.00266169879180344,"GSE89403"
"GSE89403s142_week_24-tb subjects-140805_i284_fcc4mv6acxx_rhumjlxtaaleraapei-211",2,TRUE,TRUE,TRUE,0.000531995804663247,"GSE89403"
"GSE89403s142_week_4-tb subjects-140805_i284_fcc4mv6acxx_rhumjlxtaaldraapei-210",2,TRUE,TRUE,TRUE,0.00388339906701486,"GSE89403"
"GSE89403s144_day_7-tb subjects-140805_i284_fcc4mv6acxx_rhumjlxtaalgraapei-213",2,TRUE,TRUE,TRUE,0.00234420557248385,"GSE89403"
"GSE89403s144_dx-tb subjects-140805_i284_fcc4mv6acxx_rhumjlxtaalfraapei-212",2,TRUE,TRUE,TRUE,0.0013350268105061,"GSE89403"
"GSE89403s144_week_24-tb subjects-140805_i284_fcc4mv6acxx_rhumjlxtaalhraapei-214",2,TRUE,TRUE,TRUE,0.00249905359232341,"GSE89403"
"GSE89403s145_day_7-tb subjects-140805_i284_fcc4mv6acxx_rhumjlxtaaljraapei-216",2,TRUE,TRUE,TRUE,0.00166708253833238,"GSE89403"
"GSE89403s145_dx-tb subjects-140805_i284_fcc4mv6acxx_rhumjlxtaaliraapei-215",2,TRUE,TRUE,TRUE,0,"GSE89403"
"GSE89403s145_week_24-tb subjects-140805_i284_fcc4mv6acxx_rhumjlxtaallraapei-219",2,TRUE,TRUE,TRUE,0.0010490683400093,"GSE89403"
"GSE89403s145_week_4-tb subjects-140805_i284_fcc4mv6acxx_rhumjlxtaalkraapei-218",2,TRUE,TRUE,TRUE,0.00137526345918044,"GSE89403"
"GSE89403s146_day_7-tb subjects-140805_i284_fcc4mv6acxx_rhumjlxtaalnraapei-221",2,TRUE,TRUE,TRUE,0.000531995804663247,"GSE89403"
"GSE89403s146_dx-tb subjects-140805_i284_fcc4mv6acxx_rhumjlxtaalmraapei-220",2,TRUE,TRUE,TRUE,0.00764628181100637,"GSE89403"
"GSE89403s146_week_4-tb subjects-140805_i284_fcc4mv6acxx_rhumjlxtaaloraapei-222",2,TRUE,TRUE,TRUE,0.00153330951923587,"GSE89403"
"GSE89403s147_week_24-tb subjects-140808_i269_fcc4mg0acxx_rhumjlxtaaltraapei-202",2,TRUE,TRUE,TRUE,0.00140349567587532,"GSE89403"
"GSE89403s148_dx-healthy controls-140817_i162_fcc4mt4acxx_rhumjlxtaaqqraapei-209",2,TRUE,TRUE,TRUE,0.00386525439084179,"GSE89403"
"GSE89403s149_day_7-tb subjects-140808_i269_fcc4mg0acxx_rhumjlxtaalvraapei-204",2,TRUE,TRUE,TRUE,0.000817954275160047,"GSE89403"
"GSE89403s149_dx-tb subjects-140808_i269_fcc4mg0acxx_rhumjlxtaaluraapei-203",2,TRUE,TRUE,TRUE,0.00140349567587532,"GSE89403"
"GSE89403s149_week_24-tb subjects-140808_i269_fcc4mg0acxx_rhumjlxtaalxraapei-206",2,TRUE,TRUE,TRUE,0.0023652805732269,"GSE89403"
"GSE89403s149_week_4-tb subjects-140808_i269_fcc4mg0acxx_rhumjlxtaalwraapei-205",2,TRUE,TRUE,TRUE,0.00120125379140959,"GSE89403"
"GSE89403s150_day_7-tb subjects-140808_i269_fcc4mg0acxx_rhumjlxtaalzraapei-208",2,TRUE,TRUE,TRUE,0.0013350268105061,"GSE89403"
"GSE89403s150_dx-tb subjects-140808_i269_fcc4mg0acxx_rhumjlxtaalyraapei-207",2,TRUE,TRUE,TRUE,0.00253858240954445,"GSE89403"
"GSE89403s150_week_24-tb subjects-140808_i269_fcc4mg0acxx_rhumjlxtaambraapei-210",2,TRUE,TRUE,TRUE,0.00240480939044794,"GSE89403"
"GSE89403s150_week_4-tb subjects-140808_i269_fcc4mg0acxx_rhumjlxtaamaraapei-209",2,TRUE,TRUE,TRUE,0.00120125379140959,"GSE89403"
"GSE89403s152_day_7-tb subjects-140808_i269_fcc4mg0acxx_rhumjlxtaamdraapei-212",2,TRUE,TRUE,TRUE,0.00253858240954445,"GSE89403"
"GSE89403s152_dx-tb subjects-140808_i269_fcc4mg0acxx_rhumjlxtaamcraapei-211",2,TRUE,TRUE,TRUE,0.00273016765717266,"GSE89403"
"GSE89403s152_week_4-tb subjects-140808_i269_fcc4mg0acxx_rhumjlxtaameraapei-213",2,TRUE,TRUE,TRUE,0.000980599474640083,"GSE89403"
"GSE89403s153_day_7-tb subjects-140808_i269_fcc4mtuacxx_rhumjlxtaamgraapei-215",2,TRUE,TRUE,TRUE,0.00440047160236092,"GSE89403"
"GSE89403s153_dx-tb subjects-140808_i269_fcc4mtuacxx_rhumjlxtaamfraapei-214",2,TRUE,TRUE,TRUE,0.0083854744888116,"GSE89403"
"GSE89403s153_week_24-tb subjects-140808_i269_fcc4mtuacxx_rhumjlxtaamiraapei-218",2,TRUE,TRUE,TRUE,0.00871606439094821,"GSE89403"
"GSE89403s153_week_4-tb subjects-140808_i269_fcc4mtuacxx_rhumjlxtaamhraapei-216",2,TRUE,TRUE,TRUE,0.000980599474640083,"GSE89403"
"GSE89403s154_day_7-tb subjects-140808_i269_fcc4mtuacxx_rhumjlxtaamkraapei-220",2,TRUE,TRUE,TRUE,0.00823182321172164,"GSE89403"
"GSE89403s154_dx-tb subjects-140808_i269_fcc4mtuacxx_rhumjlxtaamjraapei-219",2,TRUE,TRUE,TRUE,0.00198977823661783,"GSE89403"
"GSE89403s154_week_24-tb subjects-140808_i269_fcc4mtuacxx_rhumjlxtaammraapei-222",2,TRUE,TRUE,TRUE,0.00388339906701486,"GSE89403"
"GSE89403s154_week_4-tb subjects-140808_i269_fcc4mtuacxx_rhumjlxtaamlraapei-221",2,TRUE,TRUE,TRUE,0.000886423140529267,"GSE89403"
"GSE89403s155_day_7-tb subjects-140808_i269_fcc4mtuacxx_rhumjlxtaamoraapei-225",2,TRUE,TRUE,TRUE,0.00253858240954445,"GSE89403"
"GSE89403s155_dx-tb subjects-140808_i269_fcc4mtuacxx_rhumjlxtaamnraapei-223",2,TRUE,TRUE,TRUE,0.00475489893822693,"GSE89403"
"GSE89403s155_week_24-tb subjects-140808_i269_fcc4mtuacxx_rhumjlxtaamqraapei-201",2,TRUE,TRUE,TRUE,0.00514956292276729,"GSE89403"
"GSE89403s155_week_4-tb subjects-140808_i269_fcc4mtuacxx_rhumjlxtaampraapei-227",2,TRUE,TRUE,TRUE,0.00566663545811334,"GSE89403"
"GSE89403s156_day_7-tb subjects-140808_i162_fcc4rdgacxx_rhumjlxtaamsraapei-203",2,TRUE,TRUE,TRUE,0.00399636484149904,"GSE89403"
"GSE89403s156_dx-tb subjects-140808_i162_fcc4rdgacxx_rhumjlxtaamrraapei-202",2,TRUE,TRUE,TRUE,0.00643599825539029,"GSE89403"
"GSE89403s156_week_24-tb subjects-140808_i162_fcc4rdgacxx_rhumjlxtaamuraapei-205",2,TRUE,TRUE,TRUE,0.000407144205536654,"GSE89403"
"GSE89403s156_week_4-tb subjects-140808_i162_fcc4rdgacxx_rhumjlxtaamtraapei-204",2,TRUE,TRUE,TRUE,0.00475489893822693,"GSE89403"
"GSE89403s157_dx-healthy controls-140815_i272_fcc4mugacxx_rhumjlxtaaqrraapei-210",2,TRUE,TRUE,TRUE,0.00823182321172164,"GSE89403"
"GSE89403s158_dx-healthy controls-140815_i272_fcc4mugacxx_rhumjlxtaaqsraapei-211",2,TRUE,TRUE,TRUE,0.000817954275160047,"GSE89403"
"GSE89403s159_day_7-tb subjects-140808_i162_fcc4rdgacxx_rhumjlxtaamwraapei-207",2,TRUE,TRUE,TRUE,0.00308459499303868,"GSE89403"
"GSE89403s159_dx-tb subjects-140808_i162_fcc4rdgacxx_rhumjlxtaamvraapei-206",2,TRUE,TRUE,TRUE,0.00643599825539029,"GSE89403"
"GSE89403s159_week_24-tb subjects-140808_i162_fcc4rdgacxx_rhumjlxtaamyraapei-209",2,TRUE,TRUE,TRUE,0.00253858240954445,"GSE89403"
"GSE89403s159_week_4-tb subjects-140808_i162_fcc4rdgacxx_rhumjlxtaamxraapei-208",2,TRUE,TRUE,TRUE,0.00475489893822693,"GSE89403"
"GSE89403s160_day_7-tb subjects-140808_i162_fcc4rdgacxx_rhumjlxtaanaraapei-211",2,TRUE,TRUE,TRUE,0.00140349567587532,"GSE89403"
"GSE89403s160_dx-tb subjects-140808_i162_fcc4rdgacxx_rhumjlxtaamzraapei-210",2,TRUE,TRUE,TRUE,0.00751250879190985,"GSE89403"
"GSE89403s160_week_24-tb subjects-140808_i162_fcc4rdgacxx_rhumjlxtaancraapei-213",2,TRUE,TRUE,TRUE,0.00120125379140959,"GSE89403"
"GSE89403s160_week_4-tb subjects-140808_i162_fcc4rdgacxx_rhumjlxtaanbraapei-212",2,TRUE,TRUE,TRUE,0.00816335434635242,"GSE89403"
"GSE89403s162_day_7-tb subjects-140808_i162_fcc4n81acxx_rhumjlxtaaniraapei-220",2,TRUE,TRUE,TRUE,0.00120125379140959,"GSE89403"
"GSE89403s162_dx-tb subjects-140808_i162_fcc4n81acxx_rhumjlxtaanhraapei-219",2,TRUE,TRUE,TRUE,0.000886423140529267,"GSE89403"
"GSE89403s162_week_24-tb subjects-140808_i162_fcc4n81acxx_rhumjlxtaankraapei-222",2,TRUE,TRUE,TRUE,0.00159591777594995,"GSE89403"
"GSE89403s162_week_4-tb subjects-140808_i162_fcc4n81acxx_rhumjlxtaanjraapei-221",2,TRUE,TRUE,TRUE,0.00120125379140959,"GSE89403"
"GSE89403s163_day_7-tb subjects-140808_i162_fcc4n81acxx_rhumjlxtaanmraapei-225",2,TRUE,TRUE,TRUE,0.0010490683400093,"GSE89403"
"GSE89403s163_dx-tb subjects-140808_i162_fcc4n81acxx_rhumjlxtaanlraapei-223",2,TRUE,TRUE,TRUE,0.000980599474640083,"GSE89403"
"GSE89403s163_week_24-tb subjects-140808_i162_fcc4n81acxx_rhumjlxtaanoraapei-201",2,TRUE,TRUE,TRUE,0.000980599474640083,"GSE89403"
"GSE89403s163_week_4-tb subjects-140808_i162_fcc4n81acxx_rhumjlxtaannraapei-227",2,TRUE,TRUE,TRUE,0.00252792577270693,"GSE89403"
"GSE89403s164_day_7-na-140808_i162_fcc4n81acxx_rhumjlxtaanqraapei-203",2,TRUE,TRUE,TRUE,0.00120125379140959,"GSE89403"
"GSE89403s164_dx-na-140808_i162_fcc4n81acxx_rhumjlxtaanpraapei-202",2,TRUE,TRUE,TRUE,0.000886423140529267,"GSE89403"
"GSE89403s164_week_24-na-140808_i162_fcc4n81acxx_rhumjlxtaansraapei-205",2,TRUE,TRUE,TRUE,0.00117384743671574,"GSE89403"
"GSE89403s164_week_4-na-140808_i162_fcc4n81acxx_rhumjlxtaanrraapei-204",2,TRUE,TRUE,TRUE,0.000980599474640083,"GSE89403"
"GSE89403s166_dx-lung dx controls-140809_i266_fcc4mrwacxx_rhumjlxtaaonraapei-202",2,TRUE,TRUE,TRUE,0.0220633045050844,"GSE89403"
"GSE89403s166_week_4-lung dx controls-140809_i266_fcc4mrwacxx_rhumjlxtaaooraapei-203",2,TRUE,TRUE,TRUE,0.000886423140529267,"GSE89403"
"GSE89403s167_day_7-tb subjects-140809_i266_fcc4n1racxx_rhumjlxtaanuraapei-207",2,TRUE,TRUE,TRUE,0.00423782640288088,"GSE89403"
"GSE89403s167_dx-tb subjects-140809_i266_fcc4n1racxx_rhumjlxtaantraapei-206",2,TRUE,TRUE,TRUE,0.00345031892943086,"GSE89403"
"GSE89403s167_week_24-tb subjects-140809_i266_fcc4n1racxx_rhumjlxtaanwraapei-209",2,TRUE,TRUE,TRUE,0.00253858240954445,"GSE89403"
"GSE89403s167_week_4-tb subjects-140809_i266_fcc4n1racxx_rhumjlxtaanvraapei-208",2,TRUE,TRUE,TRUE,0.00569560883483547,"GSE89403"
"GSE89403s168_day_7-tb subjects-140809_i266_fcc4n1racxx_rhumjlxtaanyraapei-211",2,TRUE,TRUE,TRUE,0.00386259182240253,"GSE89403"
"GSE89403s168_dx-tb subjects-140809_i266_fcc4n1racxx_rhumjlxtaanxraapei-210",2,TRUE,TRUE,TRUE,0.00392131283253457,"GSE89403"
"GSE89403s168_week_24-tb subjects-140809_i266_fcc4n1racxx_rhumjlxtaaoaraapei-213",2,TRUE,TRUE,TRUE,0.00643599825539029,"GSE89403"
"GSE89403s168_week_4-tb subjects-140809_i266_fcc4n1racxx_rhumjlxtaanzraapei-212",2,TRUE,TRUE,TRUE,0.00643599825539029,"GSE89403"
"GSE89403s169_day_7-tb subjects-140809_i266_fcc4n1racxx_rhumjlxtaaocraapei-215",2,TRUE,TRUE,TRUE,0.0013350268105061,"GSE89403"
"GSE89403s169_dx-tb subjects-140809_i266_fcc4n1racxx_rhumjlxtaaobraapei-214",2,TRUE,TRUE,TRUE,0.00200909945052196,"GSE89403"
"GSE89403s169_week_24-tb subjects-140809_i266_fcc4n1racxx_rhumjlxtaaoeraapei-218",2,TRUE,TRUE,TRUE,0.00107089755323101,"GSE89403"
"GSE89403s169_week_4-tb subjects-140809_i266_fcc4n1racxx_rhumjlxtaaodraapei-216",2,TRUE,TRUE,TRUE,0.002112990311296,"GSE89403"
"GSE89403s170_day_7-tb subjects-140809_i266_fcc4mrwacxx_rhumjlxtaaograapei-220",2,TRUE,TRUE,TRUE,0.00084682645554357,"GSE89403"
"GSE89403s170_dx-tb subjects-140809_i266_fcc4mrwacxx_rhumjlxtaaofraapei-219",2,TRUE,TRUE,TRUE,0.00227573670711464,"GSE89403"
"GSE89403s170_week_24-tb subjects-140809_i266_fcc4mrwacxx_rhumjlxtaaoiraapei-222",2,TRUE,TRUE,TRUE,0.00084682645554357,"GSE89403"
"GSE89403s170_week_4-tb subjects-140809_i266_fcc4mrwacxx_rhumjlxtaaohraapei-221",2,TRUE,TRUE,TRUE,0.00230460888749816,"GSE89403"
"GSE89403s171_day_7-tb subjects-140809_i266_fcc4mrwacxx_rhumjlxtaaokraapei-225",2,TRUE,TRUE,TRUE,0.00120125379140959,"GSE89403"
"GSE89403s171_dx-tb subjects-140809_i266_fcc4mrwacxx_rhumjlxtaaojraapei-223",2,TRUE,TRUE,TRUE,0.00140349567587532,"GSE89403"
"GSE89403s171_week_24-tb subjects-140809_i266_fcc4mrwacxx_rhumjlxtaaomraapei-201",2,TRUE,TRUE,TRUE,0.000980599474640083,"GSE89403"
"GSE89403s171_week_4-tb subjects-140809_i266_fcc4mrwacxx_rhumjlxtaaolraapei-227",2,TRUE,TRUE,TRUE,0.00198977823661783,"GSE89403"
"GSE89403s172_dx-lung dx controls-140809_i266_fcc4mrwacxx_rhumjlxtaaopraapei-204",2,TRUE,TRUE,TRUE,0.0037045457623471,"GSE89403"
"GSE89403s172_week_4-lung dx controls-140809_i266_fcc4mrwacxx_rhumjlxtaaoqraapei-205",2,TRUE,TRUE,TRUE,0.00325594209237027,"GSE89403"
"GSE89403s178_dx-lung dx controls-140812_i270_fcc4mr9acxx_rhumjlxtaaovraapei-210",2,TRUE,TRUE,TRUE,0.00179066171330387,"GSE89403"
"GSE89403s178_week_4-lung dx controls-140812_i270_fcc4mr9acxx_rhumjlxtaaowraapei-211",2,TRUE,TRUE,TRUE,0.00120125379140959,"GSE89403"
"GSE89403s179_day_7-mtp controls-140812_i270_fcc4mr9acxx_rhumjlxtaapgraapei-222",2,TRUE,TRUE,TRUE,0.0013350268105061,"GSE89403"
"GSE89403s179_dx-mtp controls-140812_i270_fcc4mr9acxx_rhumjlxtaapfraapei-221",2,TRUE,TRUE,TRUE,0.00288235310857295,"GSE89403"
"GSE89403s179_week_4-mtp controls-140812_i270_fcc4n2dacxx_rhumjlxtaaphraapei-223",2,TRUE,TRUE,TRUE,0.0010490683400093,"GSE89403"
"GSE89403s179_week_8-mtp controls-140812_i270_fcc4n2dacxx_rhumjlxtaapiraapei-225",2,TRUE,TRUE,TRUE,0.00256752245769263,"GSE89403"
"GSE89403s180_day_7-mtp controls-140812_i270_fcc4n2dacxx_rhumjlxtaapkraapei-201",2,TRUE,TRUE,TRUE,0.00250685077196389,"GSE89403"
"GSE89403s180_dx-mtp controls-140812_i270_fcc4n2dacxx_rhumjlxtaapjraapei-227",2,TRUE,TRUE,TRUE,0.00120125379140959,"GSE89403"
"GSE89403s180_week_4-mtp controls-140812_i270_fcc4n2dacxx_rhumjlxtaaplraapei-202",2,TRUE,TRUE,TRUE,0.00475489893822693,"GSE89403"
"GSE89403s180_week_8-mtp controls-140812_i270_fcc4n2dacxx_rhumjlxtaapmraapei-203",2,TRUE,TRUE,TRUE,0.00475489893822693,"GSE89403"
"GSE89403s181_day_7-mtp controls-140812_i270_fcc4n2dacxx_rhumjlxtaaporaapei-205",2,TRUE,TRUE,TRUE,0.00140349567587532,"GSE89403"
"GSE89403s181_dx-mtp controls-140812_i270_fcc4n2dacxx_rhumjlxtaapnraapei-204",2,TRUE,TRUE,TRUE,0.000980599474640083,"GSE89403"
"GSE89403s181_week_4-mtp controls-140812_i270_fcc4n2dacxx_rhumjlxtaappraapei-206",2,TRUE,TRUE,TRUE,0.00120125379140959,"GSE89403"
"GSE89403s181_week_8-mtp controls-140812_i270_fcc4n2dacxx_rhumjlxtaapqraapei-207",2,TRUE,TRUE,TRUE,0.0010490683400093,"GSE89403"
"GSE89403s182_day_7-mtp controls-140815_i175_fcc4mvkacxx_rhumjlxtaapsraapei-209",2,TRUE,TRUE,TRUE,0.00301612612766946,"GSE89403"
"GSE89403s182_dx-mtp controls-140812_i270_fcc4n2dacxx_rhumjlxtaaprraapei-208",2,TRUE,TRUE,TRUE,0.00140349567587532,"GSE89403"
"GSE89403s182_week_4-mtp controls-140815_i272_fcc4mugacxx_rhumjlxtaaptraapei-210",2,TRUE,TRUE,TRUE,0.00140349567587532,"GSE89403"
"GSE89403s182_week_8-mtp controls-140815_i272_fcc4mugacxx_rhumjlxtaapuraapei-211",2,TRUE,TRUE,TRUE,0.0013350268105061,"GSE89403"
"GSE89403s184_dx-lung dx controls-140812_i270_fcc4mr9acxx_rhumjlxtaaoxraapei-212",2,TRUE,TRUE,TRUE,0.00214462625645739,"GSE89403"
"GSE89403s184_week_4-lung dx controls-140812_i270_fcc4mr9acxx_rhumjlxtaaoyraapei-213",2,TRUE,TRUE,TRUE,0.0010490683400093,"GSE89403"
"GSE89403s186_dx-lung dx controls-140812_i270_fcc4mr9acxx_rhumjlxtaaozraapei-214",2,TRUE,TRUE,TRUE,0.00120125379140959,"GSE89403"
"GSE89403s186_week_4-lung dx controls-140812_i270_fcc4mr9acxx_rhumjlxtaaparaapei-215",2,TRUE,TRUE,TRUE,0.00140349567587532,"GSE89403"
"GSE89403s188_dx-lung dx controls-140812_i270_fcc4mr9acxx_rhumjlxtaapbraapei-216",2,TRUE,TRUE,TRUE,0.00120125379140959,"GSE89403"
"GSE89403s188_week_4-lung dx controls-140812_i270_fcc4mr9acxx_rhumjlxtaapcraapei-218",2,TRUE,TRUE,TRUE,0.00621268137018152,"GSE89403"
"GSE89403s190_dx-lung dx controls-140812_i270_fcc4mr9acxx_rhumjlxtaapdraapei-219",2,TRUE,TRUE,TRUE,0.00120125379140959,"GSE89403"
"GSE89403s190_week_4-lung dx controls-140812_i270_fcc4mr9acxx_rhumjlxtaaperaapei-220",2,TRUE,TRUE,TRUE,0.00253858240954445,"GSE89403"
"GSE89403s194_dx-healthy controls-140815_i272_fcc4mugacxx_rhumjlxtaaqtraapei-212",2,TRUE,TRUE,TRUE,0.00475489893822693,"GSE89403"
"GSE89403s195_dx-healthy controls-140815_i272_fcc4mugacxx_rhumjlxtaaquraapei-213",2,TRUE,TRUE,TRUE,0.00313428375983222,"GSE89403"
"GSE89403s197_dx-healthy controls-140817_i162_fcc4mt4acxx_rhumjlxtaaqvraapei-214",2,TRUE,TRUE,TRUE,0.0013350268105061,"GSE89403"
"GSE89403s198_dx-mtp controls-140817_i162_fcc4mt4acxx_rhumjlxtaaqwraapei-215",2,TRUE,TRUE,TRUE,0.00251316721591471,"GSE89403"
"GSE89403s199_dx-mtp controls-140817_i162_fcc4mt4acxx_rhumjlxtaaqxraapei-216",2,TRUE,TRUE,TRUE,0.00237871805807775,"GSE89403"
"GSE89403s2_week_24-tb subjects-140711_i269_fcc4mbuacxx_rhumjlxtaaacraapei-211",2,TRUE,TRUE,TRUE,0.00240480939044794,"GSE89403"
"GSE89403s2_week_4-tb subjects-140711_i269_fcc4mbuacxx_rhumjlxtaaabraapei-210",2,TRUE,TRUE,TRUE,0.00388549217560185,"GSE89403"
"GSE89403s200_dx-mtp controls-140817_i162_fcc4mt4acxx_rhumjlxtaaqyraapei-218",2,TRUE,TRUE,TRUE,0.00496415980307823,"GSE89403"
"GSE89403s202_dx-mtp controls-140817_i162_fcc4mt4acxx_rhumjlxtaaqzraapei-219",2,TRUE,TRUE,TRUE,0.00372972758490636,"GSE89403"
"GSE89403s205_day_7-healthy controls-140815_i272_fcc4mugacxx_rhumjlxtaapwraapei-213",2,TRUE,TRUE,TRUE,0.00120125379140959,"GSE89403"
"GSE89403s205_dx-healthy controls-140815_i272_fcc4mugacxx_rhumjlxtaapvraapei-212",2,TRUE,TRUE,TRUE,0.00140349567587532,"GSE89403"
"GSE89403s205_week_4-healthy controls-140812_i232_fcc4mrbacxx_rhumjlxtaapxraapei-214",2,TRUE,TRUE,TRUE,0.00205038205458192,"GSE89403"
"GSE89403s205_week_8-healthy controls-140812_i232_fcc4mrbacxx_rhumjlxtaapyraapei-215",2,TRUE,TRUE,TRUE,0.00240480939044794,"GSE89403"
"GSE89403s206_dx-healthy controls-140812_i232_fcc4mrbacxx_rhumjlxtaapzraapei-216",2,TRUE,TRUE,TRUE,0.00380546251470973,"GSE89403"
"GSE89403s206_week_4-healthy controls-140812_i232_fcc4mrbacxx_rhumjlxtaaqaraapei-218",2,TRUE,TRUE,TRUE,0.00275199687039436,"GSE89403"
"GSE89403s206_week_8-healthy controls-140812_i232_fcc4mrbacxx_rhumjlxtaaqbraapei-219",2,TRUE,TRUE,TRUE,0.00286127810782991,"GSE89403"
"GSE89403s207_day_7-healthy controls-140812_i232_fcc4mrbacxx_rhumjlxtaaqdraapei-221",2,TRUE,TRUE,TRUE,0.00140349567587532,"GSE89403"
"GSE89403s207_dx-healthy controls-140812_i232_fcc4mrbacxx_rhumjlxtaaqcraapei-220",2,TRUE,TRUE,TRUE,0.00120125379140959,"GSE89403"
"GSE89403s207_week_4-healthy controls-140812_i232_fcc4mrbacxx_rhumjlxtaaqeraapei-222",2,TRUE,TRUE,TRUE,0.00475489893822693,"GSE89403"
"GSE89403s207_week_8-healthy controls-140812_i232_fcc4mrbacxx_rhumjlxtaaqfraapei-223",2,TRUE,TRUE,TRUE,0.0105109378632938,"GSE89403"
"GSE89403s208_dx-healthy controls-140812_i232_fcc4mrbacxx_rhumjlxtaaqgraapei-225",2,TRUE,TRUE,TRUE,0.00140349567587532,"GSE89403"
"GSE89403s208_week_4-healthy controls-140812_i232_fcc4mrbacxx_rhumjlxtaaqhraapei-227",2,TRUE,TRUE,TRUE,0.000684181256063535,"GSE89403"
"GSE89403s208_week_8-healthy controls-140812_i232_fcc4mrbacxx_rhumjlxtaaqiraapei-201",2,TRUE,TRUE,TRUE,0.00218415507367844,"GSE89403"
"GSE89403s210_week_4-healthy controls-140817_i162_fcc4mt4acxx_rhumjlxtaaqnraapei-206",2,TRUE,TRUE,TRUE,0.00492139281941701,"GSE89403"
"GSE89403s210_week_8-healthy controls-140817_i162_fcc4mt4acxx_rhumjlxtaaqoraapei-207",2,TRUE,TRUE,TRUE,0.00423782640288088,"GSE89403"
"GSE89403s211-healthy controls-140817_i162_fcc4mt4acxx_rhumjlxtaararaapei-220",2,TRUE,TRUE,TRUE,0.00440047160236092,"GSE89403"
"GSE89403s212_dx-healthy controls-140817_i162_fcc4mt4acxx_rhumjlxtaarbraapei-221",2,TRUE,TRUE,TRUE,0.0013350268105061,"GSE89403"
"GSE89403s213_dx-healthy controls-140817_i162_fcc4mt4acxx_rhumjlxtaarcraapei-222",2,TRUE,TRUE,TRUE,0.00406830821713955,"GSE89403"
"GSE89403s214_dx-healthy controls-140815_i272_fcc4mugacxx_rhumjlxtaardraapei-223",2,TRUE,TRUE,TRUE,0.0013350268105061,"GSE89403"
"GSE89403s216_dx-healthy controls-140815_i272_fcc4mugacxx_rhumjlxtaareraapei-225",2,TRUE,TRUE,TRUE,0.0013350268105061,"GSE89403"
"GSE89403s217_dx-healthy controls-140815_i272_fcc4mugacxx_rhumjlxtaarfraapei-227",2,TRUE,TRUE,TRUE,0.00751250879190985,"GSE89403"
"GSE89403s218_dx-healthy controls-140815_i272_fcc4mugacxx_rhumjlxtaargraapei-201",2,TRUE,TRUE,TRUE,0.00373148137174528,"GSE89403"
"GSE89403s219_dx-healthy controls-140815_i272_fcc4mugacxx_rhumjlxtaarhraapei-202",2,TRUE,TRUE,TRUE,0.0010490683400093,"GSE89403"
"GSE89403s220_dx-na-140815_i272_fcc4mugacxx_rhumjlxtaariraapei-203",2,TRUE,TRUE,TRUE,0.00273016765717266,"GSE89403"
"GSE89403s221_dx-na-140815_i272_fcc4mugacxx_rhumjlxtaarjraapei-204",2,TRUE,TRUE,TRUE,0.000817954275160047,"GSE89403"
"GSE89403s222_dx-na-140815_i272_fcc4mugacxx_rhumjlxtaarkraapei-205",2,TRUE,TRUE,TRUE,0.000886423140529267,"GSE89403"
"GSE89403s3_week_24-tb subjects-140711_i269_fcc4mbuacxx_rhumjlxtaaaeraapei-213",2,TRUE,TRUE,TRUE,0.00521152419321055,"GSE89403"
"GSE89403s3_week_4-tb subjects-140711_i269_fcc4mbuacxx_rhumjlxtaaadraapei-212",2,TRUE,TRUE,TRUE,0.00427201824934175,"GSE89403"
"GSE89403s30_week_24-tb subjects-140726_i232_fcc4n2gacxx_rhumjlxtaabyraapei-211",2,TRUE,TRUE,TRUE,0.00514305532784133,"GSE89403"
"GSE89403s30_week_4-tb subjects-140726_i232_fcc4n2gacxx_rhumjlxtaabxraapei-210",2,TRUE,TRUE,TRUE,0.00301612612766946,"GSE89403"
"GSE89403s34_day_7-tb subjects-140726_i232_fcc4n2gacxx_rhumjlxtaacaraapei-213",2,TRUE,TRUE,TRUE,0.00140349567587532,"GSE89403"
"GSE89403s34_dx-tb subjects-140726_i232_fcc4n2gacxx_rhumjlxtaabzraapei-212",2,TRUE,TRUE,TRUE,0.000980599474640083,"GSE89403"
"GSE89403s34_week_24-tb subjects-140726_i232_fcc4n2gacxx_rhumjlxtaaccraapei-215",2,TRUE,TRUE,TRUE,0.000980599474640083,"GSE89403"
"GSE89403s34_week_4-tb subjects-140726_i232_fcc4n2gacxx_rhumjlxtaacbraapei-214",2,TRUE,TRUE,TRUE,0.0010490683400093,"GSE89403"
"GSE89403s35_day_7-tb subjects-140726_i232_fcc4n2gacxx_rhumjlxtaaceraapei-218",2,TRUE,TRUE,TRUE,0.00346195601067797,"GSE89403"
"GSE89403s35_dx-tb subjects-140726_i232_fcc4n2gacxx_rhumjlxtaacdraapei-216",2,TRUE,TRUE,TRUE,0.00346195601067797,"GSE89403"
"GSE89403s4_week_24-tb subjects-140711_i269_fcc4mbuacxx_rhumjlxtaaagraapei-215",2,TRUE,TRUE,TRUE,0.00213446574090631,"GSE89403"
"GSE89403s4_week_4-tb subjects-140711_i269_fcc4mbuacxx_rhumjlxtaaafraapei-214",2,TRUE,TRUE,TRUE,0.00463377997213575,"GSE89403"
"GSE89403s41_week_24-tb subjects-140726_i162_fcc4nawacxx_rhumjlxtaackraapei-225",2,TRUE,TRUE,TRUE,0.00587028928722176,"GSE89403"
"GSE89403s41_week_4-tb subjects-140726_i162_fcc4nawacxx_rhumjlxtaacjraapei-223",2,TRUE,TRUE,TRUE,0.00250685077196389,"GSE89403"
"GSE89403s42_day_7-tb subjects-140726_i162_fcc4nawacxx_rhumjlxtaacmraapei-201",2,TRUE,TRUE,TRUE,0.00447113477265572,"GSE89403"
"GSE89403s42_dx-tb subjects-140726_i162_fcc4nawacxx_rhumjlxtaaclraapei-227",2,TRUE,TRUE,TRUE,0.00353042487604719,"GSE89403"
"GSE89403s42_week_24-tb subjects-140726_i162_fcc4nawacxx_rhumjlxtaacoraapei-203",2,TRUE,TRUE,TRUE,0.00353042487604719,"GSE89403"
"GSE89403s42_week_4-tb subjects-140726_i162_fcc4nawacxx_rhumjlxtaacnraapei-202",2,TRUE,TRUE,TRUE,0.00496280963788954,"GSE89403"
"GSE89403s43_day_7-tb subjects-140726_i162_fcc4nawacxx_rhumjlxtaacqraapei-205",2,TRUE,TRUE,TRUE,0.00353042487604719,"GSE89403"
"GSE89403s43_dx-tb subjects-140726_i162_fcc4nawacxx_rhumjlxtaacpraapei-204",2,TRUE,TRUE,TRUE,0.00353042487604719,"GSE89403"
"GSE89403s43_week_4-tb subjects-140726_i162_fcc4nawacxx_rhumjlxtaacrraapei-206",2,TRUE,TRUE,TRUE,0.000817954275160047,"GSE89403"
"GSE89403s49_day_7-tb subjects-140726_i162_fcc4nawacxx_rhumjlxtaactraapei-208",2,TRUE,TRUE,TRUE,0.0068818281383988,"GSE89403"
"GSE89403s49_dx-tb subjects-140726_i162_fcc4nawacxx_rhumjlxtaacsraapei-207",2,TRUE,TRUE,TRUE,0.000886423140529267,"GSE89403"
"GSE89403s49_week_24-tb subjects-140726_i162_fcc4r77acxx_rhumjlxtaacvraapei-210",2,TRUE,TRUE,TRUE,0.00601032826718673,"GSE89403"
"GSE89403s49_week_4-tb subjects-140726_i162_fcc4nawacxx_rhumjlxtaacuraapei-209",2,TRUE,TRUE,TRUE,0.00554835103860481,"GSE89403"
"GSE89403s5_week_4-tb subjects-140711_i269_fcc4mbuacxx_rhumjlxtaaahraapei-216",2,TRUE,TRUE,TRUE,0.0225091343880929,"GSE89403"
"GSE89403s50_day_7-tb subjects-140726_i162_fcc4r77acxx_rhumjlxtaacxraapei-212",2,TRUE,TRUE,TRUE,0.00332818299158145,"GSE89403"
"GSE89403s50_dx-tb subjects-140726_i162_fcc4r77acxx_rhumjlxtaacwraapei-211",2,TRUE,TRUE,TRUE,0.00414843907437026,"GSE89403"
"GSE89403s50_week_24-tb subjects-140726_i162_fcc4r77acxx_rhumjlxtaaczraapei-214",2,TRUE,TRUE,TRUE,0.00294488347533191,"GSE89403"
"GSE89403s50_week_4-tb subjects-140726_i162_fcc4r77acxx_rhumjlxtaacyraapei-213",2,TRUE,TRUE,TRUE,0.00372284697612181,"GSE89403"
"GSE89403s51_day_7-tb subjects-140726_i162_fcc4r77acxx_rhumjlxtaadbraapei-216",2,TRUE,TRUE,TRUE,0.00334604704321058,"GSE89403"
"GSE89403s51_dx-tb subjects-140726_i162_fcc4r77acxx_rhumjlxtaadaraapei-215",2,TRUE,TRUE,TRUE,0.0196829347352223,"GSE89403"
"GSE89403s51_week_24-tb subjects-140726_i162_fcc4r77acxx_rhumjlxtaaddraapei-219",2,TRUE,TRUE,TRUE,0.00353042487604719,"GSE89403"
"GSE89403s51_week_4-tb subjects-140726_i162_fcc4r77acxx_rhumjlxtaadcraapei-218",2,TRUE,TRUE,TRUE,0.00393158844392585,"GSE89403"
"GSE89403s52_day_7-tb subjects-140726_i162_fcc4r77acxx_rhumjlxtaadfraapei-221",2,TRUE,TRUE,TRUE,0.00492640257516016,"GSE89403"
"GSE89403s52_dx-tb subjects-140812_i270_fcc4n2dacxx_rhumjlxtaaderbapei-220",2,TRUE,TRUE,TRUE,0.00423782640288088,"GSE89403"
"GSE89403s52_week_24-tb subjects-140726_i162_fcc4r77acxx_rhumjlxtaadhraapei-223",2,TRUE,TRUE,TRUE,0.00453173859061981,"GSE89403"
"GSE89403s52_week_4-tb subjects-140726_i162_fcc4r77acxx_rhumjlxtaadgraapei-222",2,TRUE,TRUE,TRUE,0.00686648049432866,"GSE89403"
"GSE89403s70_day_7-tb subjects-140727_i266_fcc4mhmacxx_rhumjlxtaadrraapei-208",2,TRUE,TRUE,TRUE,0.0068818281383988,"GSE89403"
"GSE89403s70_dx-tb subjects-140727_i266_fcc4mhmacxx_rhumjlxtaadqraapei-207",2,TRUE,TRUE,TRUE,0.00252617198586801,"GSE89403"
"GSE89403s70_week_24-tb subjects-140727_i266_fcc4mhmacxx_rhumjlxtaadtraapei-210",2,TRUE,TRUE,TRUE,0.00491973844263255,"GSE89403"
"GSE89403s70_week_4-tb subjects-140727_i266_fcc4mhmacxx_rhumjlxtaadsraapei-209",2,TRUE,TRUE,TRUE,0.0013350268105061,"GSE89403"
"GSE89403s71_day_7-tb subjects-140727_i266_fcc4mhmacxx_rhumjlxtaadvraapei-212",2,TRUE,TRUE,TRUE,0.00123335252928348,"GSE89403"
"GSE89403s71_dx-tb subjects-140727_i266_fcc4mhmacxx_rhumjlxtaaduraapei-211",2,TRUE,TRUE,TRUE,0.00353042487604719,"GSE89403"
"GSE89403s71_week_24-tb subjects-140727_i266_fcc4mhmacxx_rhumjlxtaadxraapei-214",2,TRUE,TRUE,TRUE,0.00140349567587532,"GSE89403"
"GSE89403s71_week_4-tb subjects-140727_i266_fcc4mhmacxx_rhumjlxtaadwraapei-213",2,TRUE,TRUE,TRUE,0.00332818299158145,"GSE89403"
"GSE89403s72_day_7-tb subjects-140727_i266_fcc4mhmacxx_rhumjlxtaadyraapei-215",2,TRUE,TRUE,TRUE,0.0105109378632938,"GSE89403"
"GSE89403s72_week_24-tb subjects-140727_i266_fcc4mhmacxx_rhumjlxtaaearaapei-218",2,TRUE,TRUE,TRUE,0.00120125379140959,"GSE89403"
"GSE89403s72_week_4-tb subjects-140727_i266_fcc4mhmacxx_rhumjlxtaadzraapei-216",2,TRUE,TRUE,TRUE,0.00214196368801812,"GSE89403"
"GSE89403s73_day_7-tb subjects-140728_i175_fcc4mj2acxx_rhumjlxtaaecraapei-220",2,TRUE,TRUE,TRUE,0.00317599754018117,"GSE89403"
"GSE89403s73_dx-tb subjects-140727_i266_fcc4mhmacxx_rhumjlxtaaebraapei-219",2,TRUE,TRUE,TRUE,0.00188773685510189,"GSE89403"
"GSE89403s73_week_24-tb subjects-140728_i175_fcc4mj2acxx_rhumjlxtaaeeraapei-222",2,TRUE,TRUE,TRUE,0.0041167074367897,"GSE89403"
"GSE89403s73_week_4-tb subjects-140728_i175_fcc4mj2acxx_rhumjlxtaaedraapei-221",2,TRUE,TRUE,TRUE,0.00388339906701486,"GSE89403"
"GSE89403s76_day_7-tb subjects-140728_i175_fcc4mj2acxx_rhumjlxtaaegraapei-225",2,TRUE,TRUE,TRUE,0.000817954275160047,"GSE89403"
"GSE89403s76_dx-tb subjects-140728_i175_fcc4mj2acxx_rhumjlxtaaefraapei-223",2,TRUE,TRUE,TRUE,0.00602236352009299,"GSE89403"
"GSE89403s76_week_24-tb subjects-140728_i175_fcc4mj2acxx_rhumjlxtaaeiraapei-201",2,TRUE,TRUE,TRUE,0.0013350268105061,"GSE89403"
"GSE89403s76_week_4-tb subjects-140728_i175_fcc4mj2acxx_rhumjlxtaaehraapei-227",2,TRUE,TRUE,TRUE,0.00297375565571543,"GSE89403"
"GSE89403s77_day_7-tb subjects-140728_i175_fcc4mj2acxx_rhumjlxtaaekraapei-203",2,TRUE,TRUE,TRUE,0.0023652805732269,"GSE89403"
"GSE89403s77_dx-tb subjects-140728_i175_fcc4mj2acxx_rhumjlxtaaejraapei-202",2,TRUE,TRUE,TRUE,0.00332818299158145,"GSE89403"
"GSE89403s77_week_24-tb subjects-140728_i175_fcc4mj2acxx_rhumjlxtaaemraapei-205",2,TRUE,TRUE,TRUE,0.00120125379140959,"GSE89403"
"GSE89403s77_week_4-tb subjects-140728_i175_fcc4mj2acxx_rhumjlxtaaelraapei-204",2,TRUE,TRUE,TRUE,0.00203494735904926,"GSE89403"
"GSE89403s78_dx-tb subjects-140728_i175_fcc4mj2acxx_rhumjlxtaaenraapei-206",2,TRUE,TRUE,TRUE,0.00514305532784133,"GSE89403"
"GSE89403s80_day_7-tb subjects-140728_i175_fcc4rllacxx_rhumjlxtaaesraapei-211",2,TRUE,TRUE,TRUE,0.000886423140529267,"GSE89403"
"GSE89403s80_week_24-tb subjects-140728_i175_fcc4rllacxx_rhumjlxtaaeuraapei-213",2,TRUE,TRUE,TRUE,0.0013350268105061,"GSE89403"
"GSE89403s80_week_4-tb subjects-140728_i175_fcc4rllacxx_rhumjlxtaaetraapei-212",2,TRUE,TRUE,TRUE,0.00120125379140959,"GSE89403"
"GSE89403s81_day_7-tb subjects-140728_i175_fcc4rllacxx_rhumjlxtaaewraapei-215",2,TRUE,TRUE,TRUE,0.00120125379140959,"GSE89403"
"GSE89403s81_dx-tb subjects-140728_i175_fcc4rllacxx_rhumjlxtaaevraapei-214",2,TRUE,TRUE,TRUE,0.00332818299158145,"GSE89403"
"GSE89403s81_week_24-tb subjects-140728_i175_fcc4rllacxx_rhumjlxtaaeyraapei-218",2,TRUE,TRUE,TRUE,0.00453173859061981,"GSE89403"
"GSE89403s81_week_4-tb subjects-140728_i175_fcc4rllacxx_rhumjlxtaaexraapei-216",2,TRUE,TRUE,TRUE,0.00332818299158145,"GSE89403"
"GSE89403s83_day_7-tb subjects-140728_i175_fcc4rllacxx_rhumjlxtaafaraapei-220",2,TRUE,TRUE,TRUE,0.00228890042298055,"GSE89403"
"GSE89403s83_dx-tb subjects-140728_i175_fcc4rllacxx_rhumjlxtaaezraapei-219",2,TRUE,TRUE,TRUE,0.00441582962315242,"GSE89403"
"GSE89403s83_week_24-tb subjects-140728_i175_fcc4rllacxx_rhumjlxtaafcraapei-222",2,TRUE,TRUE,TRUE,0.00386311957855663,"GSE89403"
"GSE89403s83_week_4-tb subjects-140728_i175_fcc4rllacxx_rhumjlxtaafbraapei-221",2,TRUE,TRUE,TRUE,0.00326244167570857,"GSE89403"
"GSE89403s84_dx-tb subjects-140728_i175_fcc4rllacxx_rhumjlxtaafdraapei-223",2,TRUE,TRUE,TRUE,0.0062464104239299,"GSE89403"
"GSE89403s89_day_7-tb subjects-140815_i175_fcc4mvkacxx_rhumjlxtaafvrbapei-216",2,TRUE,TRUE,TRUE,0.0013350268105061,"GSE89403"
"GSE89403s89_week_24-tb subjects-140815_i175_fcc4mvkacxx_rhumjlxtaafxrbapei-219",2,TRUE,TRUE,TRUE,0.00475489893822693,"GSE89403"
"GSE89403s89_week_4-tb subjects-140815_i175_fcc4mvkacxx_rhumjlxtaafwrbapei-218",2,TRUE,TRUE,TRUE,0.000980599474640083,"GSE89403"
"GSE89403s90_day_7-tb subjects-140815_i175_fcc4mvkacxx_rhumjlxtaafzrbapei-221",2,TRUE,TRUE,TRUE,0.00353042487604719,"GSE89403"
"GSE89403s90_dx-tb subjects-140815_i175_fcc4mvkacxx_rhumjlxtaafyrbapei-220",2,TRUE,TRUE,TRUE,0.00346195601067797,"GSE89403"
"GSE89403s90_week_24-tb subjects-140815_i175_fcc4mvkacxx_rhumjlxtaagbrbapei-223",2,TRUE,TRUE,TRUE,0.00177210165661943,"GSE89403"
"GSE89403s90_week_4-tb subjects-140815_i175_fcc4mvkacxx_rhumjlxtaagarbapei-222",2,TRUE,TRUE,TRUE,0.00332818299158145,"GSE89403"
"GSE89403s91_day_7-tb subjects-140815_i175_fcc4mvkacxx_rhumjlxtaagdrbapei-227",2,TRUE,TRUE,TRUE,0.00120125379140959,"GSE89403"
"GSE89403s91_dx-tb subjects-140815_i175_fcc4mvkacxx_rhumjlxtaagcrbapei-225",2,TRUE,TRUE,TRUE,0.00253858240954445,"GSE89403"
"GSE89403s91_week_24-tb subjects-140805_i272_fcc4t1pacxx_rhumjlxtaagfrabpei-202",2,TRUE,TRUE,TRUE,0.00249905359232341,"GSE89403"
"GSE89403s91_week_4-tb subjects-140805_i272_fcc4t1pacxx_rhumjlxtaagerabpei-201",2,TRUE,TRUE,TRUE,0.00120125379140959,"GSE89403"
"GSE89403s92_day_7-tb subjects-140805_i272_fcc4t1pacxx_rhumjlxtaaghrabpei-204",2,TRUE,TRUE,TRUE,0.00250685077196389,"GSE89403"
"GSE89403s92_week_24-tb subjects-140805_i272_fcc4t1pacxx_rhumjlxtaagjrabpei-206",2,TRUE,TRUE,TRUE,0.00084682645554357,"GSE89403"
"GSE89403s92_week_4-tb subjects-140805_i272_fcc4t1pacxx_rhumjlxtaagirabpei-205",2,TRUE,TRUE,TRUE,0.00248878185824327,"GSE89403"
"GSE89403s93_day_7-tb subjects-140805_i272_fcc4t1pacxx_rhumjlxtaaglrabpei-208",2,TRUE,TRUE,TRUE,0.0119376538099393,"GSE89403"
"GSE89403s93_dx-tb subjects-140805_i272_fcc4t1pacxx_rhumjlxtaagkrabpei-207",2,TRUE,TRUE,TRUE,0.00858625054758766,"GSE89403"
"GSE89403s93_week_24-tb subjects-140805_i272_fcc4t1pacxx_rhumjlxtaagnrabpei-210",2,TRUE,TRUE,TRUE,0.00907049172681423,"GSE89403"
"GSE89403s93_week_4-tb subjects-140805_i272_fcc4t1pacxx_rhumjlxtaagmrabpei-209",2,TRUE,TRUE,TRUE,0.00423782640288088,"GSE89403"
"GSE89403s95_day_7-tb subjects-140805_i272_fcc4t1pacxx_rhumjlxtaagprabpei-212",2,TRUE,TRUE,TRUE,0.00266169879180344,"GSE89403"
"GSE89403s95_dx-tb subjects-140805_i272_fcc4t1pacxx_rhumjlxtaagorabpei-211",2,TRUE,TRUE,TRUE,0.00485709685734453,"GSE89403"
"GSE89403s95_week_24-tb subjects-140805_i272_fcc4mtnacxx_rhumjlxtaagrrabpei-214",2,TRUE,TRUE,TRUE,0.00198977823661783,"GSE89403"
"GSE89403s95_week_4-tb subjects-140805_i272_fcc4t1pacxx_rhumjlxtaagqrabpei-213",2,TRUE,TRUE,TRUE,0.00838400866312193,"GSE89403"
"GSE89403s98_day_7-tb subjects-140805_i272_fcc4mtnacxx_rhumjlxtaagtrabpei-216",2,TRUE,TRUE,TRUE,0.00253858240954445,"GSE89403"
"GSE89403s98_dx-tb subjects-140805_i272_fcc4mtnacxx_rhumjlxtaagsrabpei-215",2,TRUE,TRUE,TRUE,0.00731000280545573,"GSE89403"
"GSE89403s98_week_24-tb subjects-140805_i272_fcc4mtnacxx_rhumjlxtaagvrabpei-219",2,TRUE,TRUE,TRUE,0.00141767432075341,"GSE89403"
"GSE89403s98_week_4-tb subjects-140815_i175_fcc4mvkacxx_rhumjlxtaagurbapei-218",2,TRUE,TRUE,TRUE,0.000886423140529267,"GSE89403"
"GSE89403s99_day_7-tb subjects-140805_i272_fcc4mtnacxx_rhumjlxtaagxrabpei-221",2,TRUE,TRUE,TRUE,0.00769679298118403,"GSE89403"
"GSE89403s99_dx-tb subjects-140805_i272_fcc4mtnacxx_rhumjlxtaagwrabpei-220",2,TRUE,TRUE,TRUE,0.00935681729760435,"GSE89403"
"GSE89403s99_week_24-tb subjects-140805_i272_fcc4mtnacxx_rhumjlxtaagzrabpei-223",2,TRUE,TRUE,TRUE,0.00806917801224161,"GSE89403"
"GSE89403s99_week_4-tb subjects-140805_i272_fcc4mtnacxx_rhumjlxtaagyrabpei-222",2,TRUE,TRUE,TRUE,0.00253858240954445,"GSE89403"
"GSE94438140624_i266_fcc4mkdacxx_rhumdzttagrabpei-207",2,TRUE,TRUE,TRUE,0.00235602883927617,"GSE94438"
"GSE94438140624_i266_fcc4mkdacxx_rhumdzttahrabpei-208",2,TRUE,TRUE,TRUE,0.00444708726773217,"GSE94438"
"GSE94438140624_i266_fcc4mkdacxx_rhumdzttairabpei-209",2,TRUE,TRUE,TRUE,0.00246473435331972,"GSE94438"
"GSE94438140624_i266_fcc4mkdacxx_rhumdzttajrabpei-210",2,TRUE,TRUE,TRUE,0.00235778262611509,"GSE94438"
"GSE94438140624_i266_fcc4mkdacxx_rhumdzttakrabpei-211",2,TRUE,TRUE,TRUE,0.00286127810782991,"GSE94438"
"GSE94438140624_i266_fcc4mkdacxx_rhumdzttalrabpei-212",2,TRUE,TRUE,TRUE,0.00286127810782991,"GSE94438"
"GSE94438140624_i266_fcc4mkdacxx_rhumdzttatraapei-221",2,TRUE,TRUE,TRUE,0.0023923989667715,"GSE94438"
"GSE94438140624_i266_fcc4mkdacxx_rhumdzttauraapei-222",2,TRUE,TRUE,TRUE,0.000545433289514103,"GSE94438"
"GSE94438140624_i266_fcc4mkdacxx_rhumdzttavraapei-223",2,TRUE,TRUE,TRUE,0.00252867998518559,"GSE94438"
"GSE94438140624_i266_fcc4mkdacxx_rhumdzttawraapei-225",2,TRUE,TRUE,TRUE,0.00120125379140959,"GSE94438"
"GSE94980,GSE95021neg_01_s261",2,TRUE,FALSE,TRUE,0.382003917931196,"GSE94980,GSE95021"
"GSE94980,GSE95021neg_02_s262",2,TRUE,FALSE,TRUE,0.495749364477927,"GSE94980,GSE95021"
"GSE94980,GSE95021neg_03_s263",2,TRUE,FALSE,TRUE,0.365744366016115,"GSE94980,GSE95021"
"GSE94980,GSE95021neg_04_s264",2,TRUE,FALSE,TRUE,0.364845836191435,"GSE94980,GSE95021"
"GSE94980,GSE95021neg_05_s265",2,TRUE,FALSE,TRUE,0.474957267488452,"GSE94980,GSE95021"
"GSE94980,GSE95021neg_06_s266",2,TRUE,FALSE,TRUE,0.436556154815711,"GSE94980,GSE95021"
"GSE94980,GSE95021neg_07_s267",2,TRUE,FALSE,TRUE,0.452509724994526,"GSE94980,GSE95021"
"GSE94980,GSE95021neg_08_s268",2,TRUE,FALSE,TRUE,0.374706179041964,"GSE94980,GSE95021"
"GSE94980,GSE95021neg_09_s269",2,TRUE,FALSE,TRUE,0.353900346878381,"GSE94980,GSE95021"
"GSE94980,GSE95021neg_10_s270",2,TRUE,FALSE,TRUE,0.47587239923771,"GSE94980,GSE95021"
"GSE94980,GSE95021oskm_01_s221",2,TRUE,FALSE,TRUE,0.765805411035102,"GSE94980,GSE95021"
"GSE94980,GSE95021oskm_02_s222",2,TRUE,FALSE,TRUE,0.630475787675374,"GSE94980,GSE95021"
"GSE94980,GSE95021oskm_03_s223",2,TRUE,FALSE,TRUE,0.759414336277733,"GSE94980,GSE95021"
"GSE94980,GSE95021oskm_04_s224",2,TRUE,FALSE,TRUE,0.855146656216978,"GSE94980,GSE95021"
"GSE94980,GSE95021oskm_05_s225",2,TRUE,FALSE,TRUE,0.856651897823221,"GSE94980,GSE95021"
"GSE94980,GSE95021oskm_06_s226",2,TRUE,FALSE,TRUE,0.603350812865652,"GSE94980,GSE95021"
"GSE94980,GSE95021oskm_07_s227",2,TRUE,FALSE,TRUE,0.758035082633488,"GSE94980,GSE95021"
"GSE94980,GSE95021oskm_08_s228",2,TRUE,FALSE,TRUE,0.735200233266535,"GSE94980,GSE95021"
"GSE94980,GSE95021oskm_09_s229",2,TRUE,FALSE,TRUE,0.640268540237057,"GSE94980,GSE95021"
"GSE94980,GSE95021oskm_10_s230",2,TRUE,FALSE,TRUE,0.705295735760687,"GSE94980,GSE95021"
"GSE94980,GSE95021oskm_11_s231",2,TRUE,FALSE,TRUE,0.747498481255363,"GSE94980,GSE95021"
"GSE94980,GSE95021oskm_12_s232",2,TRUE,FALSE,TRUE,0.621052212344899,"GSE94980,GSE95021"
"GSE94980,GSE95021oskm_13_s233",2,TRUE,FALSE,TRUE,0.846718684669816,"GSE94980,GSE95021"
"GSE94980,GSE95021oskm_14_s234",2,TRUE,FALSE,TRUE,0.570405313744195,"GSE94980,GSE95021"
"GSE94980,GSE95021oskm_15_s235",2,TRUE,FALSE,TRUE,0.739612951849226,"GSE94980,GSE95021"
"GSE94980,GSE95021oskm_16_s236",2,TRUE,FALSE,TRUE,0.650274862690679,"GSE94980,GSE95021"
"GSE94980,GSE95021oskm_17_s237",2,TRUE,FALSE,TRUE,0.877355067710074,"GSE94980,GSE95021"
"GSE94980,GSE95021oskm_18_s238",2,TRUE,FALSE,TRUE,0.650560630146314,"GSE94980,GSE95021"
"GSE94980,GSE95021oskm_19_s239",2,TRUE,FALSE,TRUE,0.671650549819048,"GSE94980,GSE95021"
"GSE94980,GSE95021oskm_20_s240",2,TRUE,FALSE,TRUE,0.739969890742316,"GSE94980,GSE95021"
"GSE94980,GSE95021oskm_21_s241",2,TRUE,FALSE,TRUE,0.832248612591881,"GSE94980,GSE95021"
"GSE94980,GSE95021oskm_22_s242",2,TRUE,FALSE,TRUE,0.926111510040572,"GSE94980,GSE95021"
"GSE94980,GSE95021oskm_23_s243",2,TRUE,FALSE,TRUE,0.643871545796673,"GSE94980,GSE95021"
"GSE94980,GSE95021oskm_24_s244",2,TRUE,FALSE,TRUE,0.619587230300366,"GSE94980,GSE95021"
"GSE94980,GSE95021oskm_25_s245",2,TRUE,FALSE,TRUE,0.597370405192432,"GSE94980,GSE95021"
"GSE94980,GSE95021oskm_26_s246",2,TRUE,FALSE,TRUE,0.850748478402256,"GSE94980,GSE95021"
"GSE94980,GSE95021oskm_27_s247",2,TRUE,FALSE,TRUE,0.684899216557523,"GSE94980,GSE95021"
"GSE94980,GSE95021oskm_28_s248",2,TRUE,FALSE,TRUE,0.522898134956918,"GSE94980,GSE95021"
"GSE94980,GSE95021oskm_29_s249",2,TRUE,FALSE,TRUE,0.672546738150484,"GSE94980,GSE95021"
"GSE94980,GSE95021oskm_30_s250",2,TRUE,FALSE,TRUE,0.478378890313511,"GSE94980,GSE95021"
"GSE94980,GSE95021oskm_31_s251",2,TRUE,FALSE,TRUE,0.66442067754719,"GSE94980,GSE95021"
"GSE94980,GSE95021oskm_32_s252",2,TRUE,FALSE,TRUE,0.74704736448704,"GSE94980,GSE95021"
"GSE94980,GSE95021oskm_33_s253",2,TRUE,FALSE,TRUE,0.701745808765521,"GSE94980,GSE95021"
"GSE94980,GSE95021oskm_34_s254",2,TRUE,FALSE,TRUE,0.840956796707151,"GSE94980,GSE95021"
"GSE94980,GSE95021oskm_35_s255",2,TRUE,FALSE,TRUE,0.710941196499949,"GSE94980,GSE95021"
"GSE94980,GSE95021oskm_36_s256",2,TRUE,FALSE,TRUE,0.361365936600956,"GSE94980,GSE95021"
"GSE94980,GSE95021oskm_37_s257",2,TRUE,FALSE,TRUE,0.661743700520881,"GSE94980,GSE95021"
"GSE94980,GSE95021oskm_38_s258",2,TRUE,FALSE,TRUE,0.667294688770253,"GSE94980,GSE95021"
"GSE94980,GSE95021oskm_39_s259",2,TRUE,FALSE,TRUE,0.570562161816114,"GSE94980,GSE95021"
"GSE94980,GSE95021oskm_40_s260",2,TRUE,FALSE,TRUE,0.803505213445624,"GSE94980,GSE95021"
"GSE94980,GSE95021oskm_mtor_01_s181",2,TRUE,FALSE,TRUE,0.782196823847048,"GSE94980,GSE95021"
"GSE94980,GSE95021oskm_mtor_02_s182",2,TRUE,FALSE,TRUE,0.761270292155845,"GSE94980,GSE95021"
"GSE94980,GSE95021oskm_mtor_03_s183",2,TRUE,FALSE,TRUE,0.529978776337635,"GSE94980,GSE95021"
"GSE94980,GSE95021oskm_mtor_04_s184",2,TRUE,FALSE,TRUE,0.640358459010331,"GSE94980,GSE95021"
"GSE94980,GSE95021oskm_mtor_05_s185",2,TRUE,FALSE,TRUE,0.609743461810739,"GSE94980,GSE95021"
"GSE94980,GSE95021oskm_mtor_06_s186",2,TRUE,FALSE,TRUE,0.828226476556801,"GSE94980,GSE95021"
"GSE94980,GSE95021oskm_mtor_07_s187",2,TRUE,FALSE,TRUE,0.705387067474114,"GSE94980,GSE95021"
"GSE94980,GSE95021oskm_mtor_08_s188",2,TRUE,FALSE,TRUE,0.80827412695088,"GSE94980,GSE95021"
"GSE94980,GSE95021oskm_mtor_09_s189",2,TRUE,FALSE,TRUE,0.804062160841464,"GSE94980,GSE95021"
"GSE94980,GSE95021oskm_mtor_10_s190",2,TRUE,FALSE,TRUE,0.739638793786011,"GSE94980,GSE95021"
"GSE94980,GSE95021oskm_mtor_11_s191",2,TRUE,FALSE,TRUE,0.842857578699926,"GSE94980,GSE95021"
"GSE94980,GSE95021oskm_mtor_12_s192",2,TRUE,FALSE,TRUE,0.721383158529878,"GSE94980,GSE95021"
"GSE94980,GSE95021oskm_mtor_13_s193",2,TRUE,FALSE,TRUE,0.772598778560175,"GSE94980,GSE95021"
"GSE94980,GSE95021oskm_mtor_14_s194",2,TRUE,FALSE,TRUE,0.851193189302456,"GSE94980,GSE95021"
"GSE94980,GSE95021oskm_mtor_15_s195",2,TRUE,FALSE,TRUE,0.715623450564096,"GSE94980,GSE95021"
"GSE94980,GSE95021oskm_mtor_16_s196",2,TRUE,FALSE,TRUE,0.591814276891215,"GSE94980,GSE95021"
"GSE94980,GSE95021oskm_mtor_17_s197",2,TRUE,FALSE,TRUE,0.776634807029744,"GSE94980,GSE95021"
"GSE94980,GSE95021oskm_mtor_18_s198",2,TRUE,FALSE,TRUE,0.759183369523515,"GSE94980,GSE95021"
"GSE94980,GSE95021oskm_mtor_19_s199",2,TRUE,FALSE,TRUE,0.72795338134556,"GSE94980,GSE95021"
"GSE94980,GSE95021oskm_mtor_20_s200",2,TRUE,FALSE,TRUE,0.707439801409003,"GSE94980,GSE95021"
"GSE94980,GSE95021oskm_mtor_21_s201",2,TRUE,FALSE,TRUE,0.689241624907472,"GSE94980,GSE95021"
"GSE94980,GSE95021oskm_mtor_22_s202",2,TRUE,FALSE,TRUE,0.640145657602176,"GSE94980,GSE95021"
"GSE94980,GSE95021oskm_mtor_23_s203",2,TRUE,FALSE,TRUE,0.71993386769274,"GSE94980,GSE95021"
"GSE94980,GSE95021oskm_mtor_24_s204",2,TRUE,FALSE,TRUE,0.838782888421779,"GSE94980,GSE95021"
"GSE94980,GSE95021oskm_mtor_25_s205",2,TRUE,FALSE,TRUE,0.929236948611499,"GSE94980,GSE95021"
"GSE94980,GSE95021oskm_mtor_26_s206",2,TRUE,FALSE,TRUE,0.336376595227677,"GSE94980,GSE95021"
"GSE94980,GSE95021oskm_mtor_27_s207",2,TRUE,FALSE,TRUE,0.577706260167838,"GSE94980,GSE95021"
"GSE94980,GSE95021oskm_mtor_28_s208",2,TRUE,FALSE,TRUE,0.656397871661178,"GSE94980,GSE95021"
"GSE94980,GSE95021oskm_mtor_29_s209",2,TRUE,FALSE,TRUE,0.735553918150748,"GSE94980,GSE95021"
"GSE94980,GSE95021oskm_mtor_30_s210",2,TRUE,FALSE,TRUE,0.476683792278619,"GSE94980,GSE95021"
"GSE94980,GSE95021oskm_mtor_31_s211",2,TRUE,FALSE,TRUE,0.767661811922525,"GSE94980,GSE95021"
"GSE94980,GSE95021oskm_mtor_32_s212",2,TRUE,FALSE,TRUE,0.665896279315495,"GSE94980,GSE95021"
"GSE94980,GSE95021oskm_mtor_33_s213",2,TRUE,FALSE,TRUE,0.721028512394271,"GSE94980,GSE95021"
"GSE94980,GSE95021oskm_mtor_34_s214",2,TRUE,FALSE,TRUE,0.720720219931012,"GSE94980,GSE95021"
"GSE94980,GSE95021oskm_mtor_35_s215",2,TRUE,FALSE,TRUE,0.782505970761404,"GSE94980,GSE95021"
"GSE94980,GSE95021oskm_mtor_36_s216",2,TRUE,FALSE,TRUE,0.686573237840213,"GSE94980,GSE95021"
"GSE94980,GSE95021oskm_mtor_37_s217",2,TRUE,FALSE,TRUE,0.365313560411538,"GSE94980,GSE95021"
"GSE94980,GSE95021oskm_mtor_38_s218",2,TRUE,FALSE,TRUE,0.607100291371512,"GSE94980,GSE95021"
"GSE94980,GSE95021oskm_mtor_39_s219",2,TRUE,FALSE,TRUE,0.711485421662036,"GSE94980,GSE95021"
"GSE94980,GSE95021oskm_mtor_40_s220",2,TRUE,FALSE,TRUE,0.563860430566391,"GSE94980,GSE95021"
"GSE94980,GSE95021oskm_myot_01_s141",2,TRUE,FALSE,TRUE,0.763179745525843,"GSE94980,GSE95021"
"GSE94980,GSE95021oskm_myot_02_s142",2,TRUE,FALSE,TRUE,0.851906925694254,"GSE94980,GSE95021"
"GSE94980,GSE95021oskm_myot_03_s143",2,TRUE,FALSE,TRUE,0.502336074170461,"GSE94980,GSE95021"
"GSE94980,GSE95021oskm_myot_04_s144",2,TRUE,FALSE,TRUE,0.72566198973767,"GSE94980,GSE95021"
"GSE94980,GSE95021oskm_myot_05_s145",2,TRUE,FALSE,TRUE,0.616655931849914,"GSE94980,GSE95021"
"GSE94980,GSE95021oskm_myot_06_s146",2,TRUE,FALSE,TRUE,0.871837011317805,"GSE94980,GSE95021"
"GSE94980,GSE95021oskm_myot_07_s147",2,TRUE,FALSE,TRUE,0.62331078002308,"GSE94980,GSE95021"
"GSE94980,GSE95021oskm_myot_08_s148",2,TRUE,FALSE,TRUE,0.712472764023349,"GSE94980,GSE95021"
"GSE94980,GSE95021oskm_myot_09_s149",2,TRUE,FALSE,TRUE,0.833471110439915,"GSE94980,GSE95021"
"GSE94980,GSE95021oskm_myot_10_s150",2,TRUE,FALSE,TRUE,0.708392256869976,"GSE94980,GSE95021"
"GSE94980,GSE95021oskm_myot_11_s151",2,TRUE,FALSE,TRUE,0.826415266575395,"GSE94980,GSE95021"
"GSE94980,GSE95021oskm_myot_12_s152",2,TRUE,FALSE,TRUE,0.625428712763361,"GSE94980,GSE95021"
"GSE94980,GSE95021oskm_myot_13_s153",2,TRUE,FALSE,TRUE,0.768114275952759,"GSE94980,GSE95021"
"GSE94980,GSE95021oskm_myot_14_s154",2,TRUE,FALSE,TRUE,0.863529626716076,"GSE94980,GSE95021"
"GSE94980,GSE95021oskm_myot_15_s155",2,TRUE,FALSE,TRUE,0.730273679143232,"GSE94980,GSE95021"
"GSE94980,GSE95021oskm_myot_16_s156",2,TRUE,FALSE,TRUE,0.666183949930533,"GSE94980,GSE95021"
"GSE94980,GSE95021oskm_myot_17_s157",2,TRUE,FALSE,TRUE,0.61413037504401,"GSE94980,GSE95021"
"GSE94980,GSE95021oskm_myot_18_s158",2,TRUE,FALSE,TRUE,0.544054252548218,"GSE94980,GSE95021"
"GSE94980,GSE95021oskm_myot_19_s159",2,TRUE,FALSE,TRUE,0.812094067082782,"GSE94980,GSE95021"
"GSE94980,GSE95021oskm_myot_20_s160",2,TRUE,FALSE,TRUE,0.574845922601973,"GSE94980,GSE95021"
"GSE94980,GSE95021oskm_myot_21_s161",2,TRUE,FALSE,TRUE,0.524807573925424,"GSE94980,GSE95021"
"GSE94980,GSE95021oskm_myot_22_s162",2,TRUE,FALSE,TRUE,0.637390068821373,"GSE94980,GSE95021"
"GSE94980,GSE95021oskm_myot_23_s163",2,TRUE,FALSE,TRUE,0.600325192704368,"GSE94980,GSE95021"
"GSE94980,GSE95021oskm_myot_24_s164",2,TRUE,FALSE,TRUE,0.827209598784041,"GSE94980,GSE95021"
"GSE94980,GSE95021oskm_myot_25_s165",2,TRUE,FALSE,TRUE,0.785596074584656,"GSE94980,GSE95021"
"GSE94980,GSE95021oskm_myot_26_s166",2,TRUE,FALSE,TRUE,0.724431975847211,"GSE94980,GSE95021"
"GSE94980,GSE95021oskm_myot_27_s167",2,TRUE,FALSE,TRUE,0.715453250598325,"GSE94980,GSE95021"
"GSE94980,GSE95021oskm_myot_28_s168",2,TRUE,FALSE,TRUE,0.647436618914212,"GSE94980,GSE95021"
"GSE94980,GSE95021oskm_myot_29_s169",2,TRUE,FALSE,TRUE,0.712703951475313,"GSE94980,GSE95021"
"GSE94980,GSE95021oskm_myot_30_s170",2,TRUE,FALSE,TRUE,0.786764640175297,"GSE94980,GSE95021"
"GSE94980,GSE95021oskm_myot_31_s171",2,TRUE,FALSE,TRUE,0.652162764922112,"GSE94980,GSE95021"
"GSE94980,GSE95021oskm_myot_32_s172",2,TRUE,FALSE,TRUE,0.806985439275472,"GSE94980,GSE95021"
"GSE94980,GSE95021oskm_myot_33_s173",2,TRUE,FALSE,TRUE,0.775205078619673,"GSE94980,GSE95021"
"GSE94980,GSE95021oskm_myot_34_s174",2,TRUE,FALSE,TRUE,0.70595397859163,"GSE94980,GSE95021"
"GSE94980,GSE95021oskm_myot_35_s175",2,TRUE,FALSE,TRUE,0.761698126596322,"GSE94980,GSE95021"
"GSE94980,GSE95021oskm_myot_36_s176",2,TRUE,FALSE,TRUE,0.649963869739817,"GSE94980,GSE95021"
"GSE94980,GSE95021oskm_myot_37_s177",2,TRUE,FALSE,TRUE,0.583128748945944,"GSE94980,GSE95021"
"GSE94980,GSE95021oskm_myot_38_s178",2,TRUE,FALSE,TRUE,0.806644024544036,"GSE94980,GSE95021"
"GSE94980,GSE95021oskm_myot_39_s179",2,TRUE,FALSE,TRUE,0.728646485269285,"GSE94980,GSE95021"
"GSE94980,GSE95021oskm_myot_40_s180",2,TRUE,FALSE,TRUE,0.704762713248829,"GSE94980,GSE95021"
"GSE94980,GSE95021oskm_shp21_01_s101",2,TRUE,FALSE,TRUE,0.838278041208453,"GSE94980,GSE95021"
"GSE94980,GSE95021oskm_shp21_02_s102",2,TRUE,FALSE,TRUE,0.648969572577164,"GSE94980,GSE95021"
"GSE94980,GSE95021oskm_shp21_03_s103",2,TRUE,FALSE,TRUE,0.616475473252225,"GSE94980,GSE95021"
"GSE94980,GSE95021oskm_shp21_04_s104",2,TRUE,FALSE,TRUE,0.483218022008289,"GSE94980,GSE95021"
"GSE94980,GSE95021oskm_shp21_05_s105",2,TRUE,FALSE,TRUE,0.656151664023485,"GSE94980,GSE95021"
"GSE94980,GSE95021oskm_shp21_06_s106",2,TRUE,FALSE,TRUE,0.758249999770554,"GSE94980,GSE95021"
"GSE94980,GSE95021oskm_shp21_07_s107",2,TRUE,FALSE,TRUE,0.706756966796127,"GSE94980,GSE95021"
"GSE94980,GSE95021oskm_shp21_08_s108",2,TRUE,FALSE,TRUE,0.727945744614484,"GSE94980,GSE95021"
"GSE94980,GSE95021oskm_shp21_09_s109",2,TRUE,FALSE,TRUE,0.691507956723411,"GSE94980,GSE95021"
"GSE94980,GSE95021oskm_shp21_10_s110",2,TRUE,FALSE,TRUE,0.704006217086673,"GSE94980,GSE95021"
"GSE94980,GSE95021oskm_shp21_11_s111",2,TRUE,FALSE,TRUE,0.827740850756467,"GSE94980,GSE95021"
"GSE94980,GSE95021oskm_shp21_12_s112",2,TRUE,FALSE,TRUE,0.638850193288334,"GSE94980,GSE95021"
"GSE94980,GSE95021oskm_shp21_13_s113",2,TRUE,FALSE,TRUE,0.885498113599138,"GSE94980,GSE95021"
"GSE94980,GSE95021oskm_shp21_14_s114",2,TRUE,FALSE,TRUE,0.684407875566202,"GSE94980,GSE95021"
"GSE94980,GSE95021oskm_shp21_15_s115",2,TRUE,FALSE,TRUE,0.621742955026393,"GSE94980,GSE95021"
"GSE94980,GSE95021oskm_shp21_16_s116",2,TRUE,FALSE,TRUE,0.622122875698935,"GSE94980,GSE95021"
"GSE94980,GSE95021oskm_shp21_17_s117",2,TRUE,FALSE,TRUE,0.662466219566879,"GSE94980,GSE95021"
"GSE94980,GSE95021oskm_shp21_18_s118",2,TRUE,FALSE,TRUE,0.776907010700547,"GSE94980,GSE95021"
"GSE94980,GSE95021oskm_shp21_19_s119",2,TRUE,FALSE,TRUE,0.757639217543158,"GSE94980,GSE95021"
"GSE94980,GSE95021oskm_shp21_20_s120",2,TRUE,FALSE,TRUE,0.663656401042041,"GSE94980,GSE95021"
"GSE94980,GSE95021oskm_shp21_21_s121",2,TRUE,FALSE,TRUE,0.630093414726832,"GSE94980,GSE95021"
"GSE94980,GSE95021oskm_shp21_22_s122",2,TRUE,FALSE,TRUE,0.700733653163508,"GSE94980,GSE95021"
"GSE94980,GSE95021oskm_shp21_23_s123",2,TRUE,FALSE,TRUE,0.634687000097719,"GSE94980,GSE95021"
"GSE94980,GSE95021oskm_shp21_24_s124",2,TRUE,FALSE,TRUE,0.712398811307876,"GSE94980,GSE95021"
"GSE94980,GSE95021oskm_shp21_25_s125",2,TRUE,FALSE,TRUE,0.690936692969588,"GSE94980,GSE95021"
"GSE94980,GSE95021oskm_shp21_26_s126",2,TRUE,FALSE,TRUE,0.499417974518671,"GSE94980,GSE95021"
"GSE94980,GSE95021oskm_shp21_27_s127",2,TRUE,FALSE,TRUE,0.743014432861194,"GSE94980,GSE95021"
"GSE94980,GSE95021oskm_shp21_28_s128",2,TRUE,FALSE,TRUE,0.487268495548518,"GSE94980,GSE95021"
"GSE94980,GSE95021oskm_shp21_29_s129",2,TRUE,FALSE,TRUE,0.715982698512281,"GSE94980,GSE95021"
"GSE94980,GSE95021oskm_shp21_30_s130",2,TRUE,FALSE,TRUE,0.66417796705935,"GSE94980,GSE95021"
"GSE94980,GSE95021oskm_shp21_31_s131",2,TRUE,FALSE,TRUE,0.701522579195881,"GSE94980,GSE95021"
"GSE94980,GSE95021oskm_shp21_32_s132",2,TRUE,FALSE,TRUE,0.819520856820868,"GSE94980,GSE95021"
"GSE94980,GSE95021oskm_shp21_33_s133",2,TRUE,FALSE,TRUE,0.653665200718043,"GSE94980,GSE95021"
"GSE94980,GSE95021oskm_shp21_34_s134",2,TRUE,FALSE,TRUE,0.493923570212511,"GSE94980,GSE95021"
"GSE94980,GSE95021oskm_shp21_35_s135",2,TRUE,FALSE,TRUE,0.811221298670388,"GSE94980,GSE95021"
"GSE94980,GSE95021oskm_shp21_36_s136",2,TRUE,FALSE,TRUE,0.698390342543228,"GSE94980,GSE95021"
"GSE94980,GSE95021oskm_shp21_37_s137",2,TRUE,FALSE,TRUE,0.68466160534327,"GSE94980,GSE95021"
"GSE94980,GSE95021oskm_shp21_38_s138",2,TRUE,FALSE,TRUE,0.708620067359095,"GSE94980,GSE95021"
"GSE94980,GSE95021oskm_shp21_39_s139",2,TRUE,FALSE,TRUE,0.789613945462039,"GSE94980,GSE95021"
"GSE94980,GSE95021oskm_shp21_40_s140",2,TRUE,FALSE,TRUE,0.78283333754435,"GSE94980,GSE95021"
"GSE94980,GSE95021oskm_shp53_01_s61",2,TRUE,FALSE,TRUE,0.508803378794145,"GSE94980,GSE95021"
"GSE94980,GSE95021oskm_shp53_02_s62",2,TRUE,FALSE,TRUE,0.665718640366562,"GSE94980,GSE95021"
"GSE94980,GSE95021oskm_shp53_03_s63",2,TRUE,FALSE,TRUE,0.849458427097986,"GSE94980,GSE95021"
"GSE94980,GSE95021oskm_shp53_04_s64",2,TRUE,FALSE,TRUE,0.786404127061698,"GSE94980,GSE95021"
"GSE94980,GSE95021oskm_shp53_05_s65",2,TRUE,FALSE,TRUE,0.736398391029025,"GSE94980,GSE95021"
"GSE94980,GSE95021oskm_shp53_06_s66",2,TRUE,FALSE,TRUE,0.731631098392064,"GSE94980,GSE95021"
"GSE94980,GSE95021oskm_shp53_07_s67",2,TRUE,FALSE,TRUE,0.936662354566659,"GSE94980,GSE95021"
"GSE94980,GSE95021oskm_shp53_08_s68",2,TRUE,FALSE,TRUE,0.660954066170947,"GSE94980,GSE95021"
"GSE94980,GSE95021oskm_shp53_09_s69",2,TRUE,FALSE,TRUE,0.597701705521212,"GSE94980,GSE95021"
"GSE94980,GSE95021oskm_shp53_10_s70",2,TRUE,FALSE,TRUE,0.461042931394331,"GSE94980,GSE95021"
"GSE94980,GSE95021oskm_shp53_11_s71",2,TRUE,FALSE,TRUE,0.429220346121895,"GSE94980,GSE95021"
"GSE94980,GSE95021oskm_shp53_12_s72",2,TRUE,FALSE,TRUE,0.394173515379246,"GSE94980,GSE95021"
"GSE94980,GSE95021oskm_shp53_13_s73",2,TRUE,FALSE,TRUE,0.723506758973738,"GSE94980,GSE95021"
"GSE94980,GSE95021oskm_shp53_14_s74",2,TRUE,FALSE,TRUE,0.413805490398049,"GSE94980,GSE95021"
"GSE94980,GSE95021oskm_shp53_15_s75",2,TRUE,FALSE,TRUE,0.705924957914043,"GSE94980,GSE95021"
"GSE94980,GSE95021oskm_shp53_16_s76",2,TRUE,FALSE,TRUE,0.460589504572907,"GSE94980,GSE95021"
"GSE94980,GSE95021oskm_shp53_17_s77",2,TRUE,FALSE,TRUE,0.775576272120274,"GSE94980,GSE95021"
"GSE94980,GSE95021oskm_shp53_18_s78",2,TRUE,FALSE,TRUE,0.662000077983482,"GSE94980,GSE95021"
"GSE94980,GSE95021oskm_shp53_19_s79",2,TRUE,FALSE,TRUE,0.660392557069975,"GSE94980,GSE95021"
"GSE94980,GSE95021oskm_shp53_20_s80",2,TRUE,FALSE,TRUE,0.733764394948581,"GSE94980,GSE95021"
"GSE94980,GSE95021oskm_shp53_21_s81",2,TRUE,FALSE,TRUE,0.541600226311216,"GSE94980,GSE95021"
"GSE94980,GSE95021oskm_shp53_22_s82",2,TRUE,FALSE,TRUE,0.639791839893581,"GSE94980,GSE95021"
"GSE94980,GSE95021oskm_shp53_23_s83",2,TRUE,FALSE,TRUE,0.763036925341887,"GSE94980,GSE95021"
"GSE94980,GSE95021oskm_shp53_24_s84",2,TRUE,FALSE,TRUE,0.390593339760328,"GSE94980,GSE95021"
"GSE94980,GSE95021oskm_shp53_25_s85",2,TRUE,FALSE,TRUE,0.495320918842871,"GSE94980,GSE95021"
"GSE94980,GSE95021oskm_shp53_26_s86",2,TRUE,FALSE,TRUE,0.612059746829602,"GSE94980,GSE95021"
"GSE94980,GSE95021oskm_shp53_27_s87",2,TRUE,FALSE,TRUE,0.749131497134187,"GSE94980,GSE95021"
"GSE94980,GSE95021oskm_shp53_28_s88",2,TRUE,FALSE,TRUE,0.788278217687573,"GSE94980,GSE95021"
"GSE94980,GSE95021oskm_shp53_29_s89",2,TRUE,FALSE,TRUE,0.758041897423487,"GSE94980,GSE95021"
"GSE94980,GSE95021oskm_shp53_30_s90",2,TRUE,FALSE,TRUE,0.65479631211946,"GSE94980,GSE95021"
"GSE94980,GSE95021oskm_shp53_31_s91",2,TRUE,FALSE,TRUE,0.718120767039674,"GSE94980,GSE95021"
"GSE94980,GSE95021oskm_shp53_32_s92",2,TRUE,FALSE,TRUE,0.682807873478387,"GSE94980,GSE95021"
"GSE94980,GSE95021oskm_shp53_33_s93",2,TRUE,FALSE,TRUE,0.755292338119297,"GSE94980,GSE95021"
"GSE94980,GSE95021oskm_shp53_34_s94",2,TRUE,FALSE,TRUE,0.75349241927075,"GSE94980,GSE95021"
"GSE94980,GSE95021oskm_shp53_35_s95",2,TRUE,FALSE,TRUE,0.515243637130445,"GSE94980,GSE95021"
"GSE94980,GSE95021oskm_shp53_36_s96",2,TRUE,FALSE,TRUE,0.7000113451152,"GSE94980,GSE95021"
"GSE94980,GSE95021oskm_shp53_37_s97",2,TRUE,FALSE,TRUE,0.883201071520816,"GSE94980,GSE95021"
"GSE94980,GSE95021oskm_shp53_38_s98",2,TRUE,FALSE,TRUE,0.751532698119744,"GSE94980,GSE95021"
"GSE94980,GSE95021oskm_shp53_39_s99",2,TRUE,FALSE,TRUE,0.615767437111606,"GSE94980,GSE95021"
"GSE94980,GSE95021oskm_shp53_40_s100",2,TRUE,FALSE,TRUE,0.693534927812279,"GSE94980,GSE95021"
"GSE94980,GSE95021oskm_ube_01_s21",2,TRUE,FALSE,TRUE,0.83175556224086,"GSE94980,GSE95021"
"GSE94980,GSE95021oskm_ube_02_s22",2,TRUE,FALSE,TRUE,0.765011786427528,"GSE94980,GSE95021"
"GSE94980,GSE95021oskm_ube_03_s23",2,TRUE,FALSE,TRUE,0.593958927039707,"GSE94980,GSE95021"
"GSE94980,GSE95021oskm_ube_04_s24",2,TRUE,FALSE,TRUE,0.719205879124637,"GSE94980,GSE95021"
"GSE94980,GSE95021oskm_ube_05_s25",2,TRUE,FALSE,TRUE,0.790985946593742,"GSE94980,GSE95021"
"GSE94980,GSE95021oskm_ube_06_s26",2,TRUE,FALSE,TRUE,0.376629667232167,"GSE94980,GSE95021"
"GSE94980,GSE95021oskm_ube_07_s27",2,TRUE,FALSE,TRUE,0.85733100367457,"GSE94980,GSE95021"
"GSE94980,GSE95021oskm_ube_08_s28",2,TRUE,FALSE,TRUE,0.720130365913412,"GSE94980,GSE95021"
"GSE94980,GSE95021oskm_ube_09_s29",2,TRUE,FALSE,TRUE,0.552379014467342,"GSE94980,GSE95021"
"GSE94980,GSE95021oskm_ube_10_s30",2,TRUE,FALSE,TRUE,0.662010075457748,"GSE94980,GSE95021"
"GSE94980,GSE95021oskm_ube_11_s31",2,TRUE,FALSE,TRUE,0.58908858355602,"GSE94980,GSE95021"
"GSE94980,GSE95021oskm_ube_12_s32",2,TRUE,FALSE,TRUE,0.716261467720227,"GSE94980,GSE95021"
"GSE94980,GSE95021oskm_ube_13_s33",2,TRUE,FALSE,TRUE,0.396405652578979,"GSE94980,GSE95021"
"GSE94980,GSE95021oskm_ube_14_s34",2,TRUE,FALSE,TRUE,0.68037059146421,"GSE94980,GSE95021"
"GSE94980,GSE95021oskm_ube_15_s35",2,TRUE,FALSE,TRUE,0.809831378578626,"GSE94980,GSE95021"
"GSE94980,GSE95021oskm_ube_16_s36",2,TRUE,FALSE,TRUE,0.84676396256045,"GSE94980,GSE95021"
"GSE94980,GSE95021oskm_ube_17_s37",2,TRUE,FALSE,TRUE,0.783350581957728,"GSE94980,GSE95021"
"GSE94980,GSE95021oskm_ube_18_s38",2,TRUE,FALSE,TRUE,0.700840617647695,"GSE94980,GSE95021"
"GSE94980,GSE95021oskm_ube_19_s39",2,TRUE,FALSE,TRUE,0.744067082838253,"GSE94980,GSE95021"
"GSE94980,GSE95021oskm_ube_20_s40",2,TRUE,FALSE,TRUE,0.652731905878497,"GSE94980,GSE95021"
"GSE94980,GSE95021oskm_ube_21_s41",2,TRUE,FALSE,TRUE,0.575981852463374,"GSE94980,GSE95021"
"GSE94980,GSE95021oskm_ube_22_s42",2,TRUE,FALSE,TRUE,0.80223527986168,"GSE94980,GSE95021"
"GSE94980,GSE95021oskm_ube_23_s43",2,TRUE,FALSE,TRUE,0.717769651106892,"GSE94980,GSE95021"
"GSE94980,GSE95021oskm_ube_24_s44",2,TRUE,FALSE,TRUE,0.704179025487024,"GSE94980,GSE95021"
"GSE94980,GSE95021oskm_ube_25_s45",2,TRUE,FALSE,TRUE,0.638312340659577,"GSE94980,GSE95021"
"GSE94980,GSE95021oskm_ube_26_s46",2,TRUE,FALSE,TRUE,0.743850186589505,"GSE94980,GSE95021"
"GSE94980,GSE95021oskm_ube_27_s47",2,TRUE,FALSE,TRUE,0.679799385909514,"GSE94980,GSE95021"
"GSE94980,GSE95021oskm_ube_28_s48",2,TRUE,FALSE,TRUE,0.577462603092409,"GSE94980,GSE95021"
"GSE94980,GSE95021oskm_ube_29_s49",2,TRUE,FALSE,TRUE,0.699952571073302,"GSE94980,GSE95021"
"GSE94980,GSE95021oskm_ube_30_s50",2,TRUE,FALSE,TRUE,0.639882102735844,"GSE94980,GSE95021"
"GSE94980,GSE95021oskm_ube_31_s51",2,TRUE,FALSE,TRUE,0.657374313650865,"GSE94980,GSE95021"
"GSE94980,GSE95021oskm_ube_32_s52",2,TRUE,FALSE,TRUE,0.73620070192305,"GSE94980,GSE95021"
"GSE94980,GSE95021oskm_ube_33_s53",2,TRUE,FALSE,TRUE,0.740315560061999,"GSE94980,GSE95021"
"GSE94980,GSE95021oskm_ube_34_s54",2,TRUE,FALSE,TRUE,0.703080237509333,"GSE94980,GSE95021"
"GSE94980,GSE95021oskm_ube_35_s55",2,TRUE,FALSE,TRUE,0.668971832297401,"GSE94980,GSE95021"
"GSE94980,GSE95021oskm_ube_36_s56",2,TRUE,FALSE,TRUE,0.588906043508144,"GSE94980,GSE95021"
"GSE94980,GSE95021oskm_ube_37_s57",2,TRUE,FALSE,TRUE,0.678217130243167,"GSE94980,GSE95021"
"GSE94980,GSE95021oskm_ube_38_s58",2,TRUE,FALSE,TRUE,0.580120073416401,"GSE94980,GSE95021"
"GSE94980,GSE95021oskm_ube_39_s59",2,TRUE,FALSE,TRUE,0.759970233034429,"GSE94980,GSE95021"
"GSE94980,GSE95021oskm_ube_40_s60",2,TRUE,FALSE,TRUE,0.695190658437302,"GSE94980,GSE95021"
"GSE94980,GSE95021pos_01_s1",2,TRUE,FALSE,TRUE,0.777104572986362,"GSE94980,GSE95021"
"GSE94980,GSE95021pos_02_s2",2,TRUE,FALSE,TRUE,0.602830864183931,"GSE94980,GSE95021"
"GSE94980,GSE95021pos_03_s3",2,TRUE,FALSE,TRUE,0.71744319124961,"GSE94980,GSE95021"
"GSE94980,GSE95021pos_04_s4",2,TRUE,FALSE,TRUE,0.819882520401968,"GSE94980,GSE95021"
"GSE94980,GSE95021pos_05_s5",2,TRUE,FALSE,TRUE,0.525069073423035,"GSE94980,GSE95021"
"GSE94980,GSE95021pos_06_s6",2,TRUE,FALSE,TRUE,0.542779597126444,"GSE94980,GSE95021"
"GSE94980,GSE95021pos_07_s7",2,TRUE,FALSE,TRUE,0.853275802583845,"GSE94980,GSE95021"
"GSE94980,GSE95021pos_08_s8",2,TRUE,FALSE,TRUE,0.681591297184045,"GSE94980,GSE95021"
"GSE94980,GSE95021pos_09_s9",2,TRUE,FALSE,TRUE,0.584929964350517,"GSE94980,GSE95021"
"GSE94980,GSE95021pos_10_s10",2,TRUE,FALSE,TRUE,0.755496336989549,"GSE94980,GSE95021"
"GSE94980,GSE95021pos_11_s11",2,TRUE,FALSE,TRUE,0.74682381469177,"GSE94980,GSE95021"
"GSE94980,GSE95021pos_12_s12",2,TRUE,FALSE,TRUE,0.670277841032331,"GSE94980,GSE95021"
"GSE94980,GSE95021pos_13_s13",2,TRUE,FALSE,TRUE,0.774393731811553,"GSE94980,GSE95021"
"GSE94980,GSE95021pos_14_s14",2,TRUE,FALSE,TRUE,0.701595172791778,"GSE94980,GSE95021"
"GSE94980,GSE95021pos_15_s15",2,TRUE,FALSE,TRUE,0.726006481345637,"GSE94980,GSE95021"
"GSE94980,GSE95021pos_16_s16",2,TRUE,FALSE,TRUE,0.680784754444456,"GSE94980,GSE95021"
"GSE94980,GSE95021pos_17_s17",2,TRUE,FALSE,TRUE,0.480216900450278,"GSE94980,GSE95021"
"GSE94980,GSE95021pos_18_s18",2,TRUE,FALSE,TRUE,0.676594447565236,"GSE94980,GSE95021"
"GSE94980,GSE95021pos_19_s19",2,TRUE,FALSE,TRUE,0.614499264254577,"GSE94980,GSE95021"
"GSE94980,GSE95021pos_20_s20",2,TRUE,FALSE,TRUE,0.586397104543312,"GSE94980,GSE95021"
"GSE94980,GSE95021vector_01_s271",2,TRUE,FALSE,TRUE,0.680246948142709,"GSE94980,GSE95021"
"GSE94980,GSE95021vector_02_s272",2,TRUE,FALSE,TRUE,0.826736459007239,"GSE94980,GSE95021"
"GSE94980,GSE95021vector_03_s273",2,TRUE,FALSE,TRUE,0.679027805215866,"GSE94980,GSE95021"
"GSE94980,GSE95021vector_04_s274",2,TRUE,FALSE,TRUE,0.579008448240908,"GSE94980,GSE95021"
"GSE94980,GSE95021vector_05_s275",2,TRUE,FALSE,TRUE,0.767276883825415,"GSE94980,GSE95021"
"GSE94980,GSE95021vector_06_s276",2,TRUE,FALSE,TRUE,0.922593695762963,"GSE94980,GSE95021"
"GSE94980,GSE95021vector_07_s277",2,TRUE,FALSE,TRUE,0.800198361076541,"GSE94980,GSE95021"
"GSE94980,GSE95021vector_08_s278",2,TRUE,FALSE,TRUE,0.676876460399602,"GSE94980,GSE95021"
"GSE94980,GSE95021vector_09_s279",2,TRUE,FALSE,TRUE,0.716340150426684,"GSE94980,GSE95021"
"GSE94980,GSE95021vector_10_s280",2,TRUE,FALSE,TRUE,0.851093751513398,"GSE94980,GSE95021"
"GSE94980,GSE95021vector_11_s281",2,TRUE,FALSE,TRUE,0.857401984214754,"GSE94980,GSE95021"
"GSE94980,GSE95021vector_12_s282",2,TRUE,FALSE,TRUE,0.714945573219604,"GSE94980,GSE95021"
"GSE94980,GSE95021vector_13_s283",2,TRUE,FALSE,TRUE,0.667861888797795,"GSE94980,GSE95021"
"GSE94980,GSE95021vector_14_s284",2,TRUE,FALSE,TRUE,0.791099231218116,"GSE94980,GSE95021"
"GSE94980,GSE95021vector_15_s285",2,TRUE,FALSE,TRUE,0.751882222877453,"GSE94980,GSE95021"
"GSE94980,GSE95021vector_16_s286",2,TRUE,FALSE,TRUE,0.74829097546457,"GSE94980,GSE95021"
"GSE94980,GSE95021vector_17_s287",2,TRUE,FALSE,TRUE,0.725254389796024,"GSE94980,GSE95021"
"GSE94980,GSE95021vector_18_s288",2,TRUE,FALSE,TRUE,0.836969431471173,"GSE94980,GSE95021"
"GSE94980,GSE95021vector_19_s289",2,TRUE,FALSE,TRUE,0.833945509214057,"GSE94980,GSE95021"
"GSE94980,GSE95021vector_20_s290",2,TRUE,FALSE,TRUE,0.730565474047648,"GSE94980,GSE95021"
"GSE94980,GSE95021vector_21_s291",2,TRUE,FALSE,TRUE,0.726005198226717,"GSE94980,GSE95021"
"GSE94980,GSE95021vector_22_s292",2,TRUE,FALSE,TRUE,0.584801465674149,"GSE94980,GSE95021"
"GSE94980,GSE95021vector_23_s293",2,TRUE,FALSE,TRUE,0.751413779293659,"GSE94980,GSE95021"
"GSE94980,GSE95021vector_24_s294",2,TRUE,FALSE,TRUE,0.870829292347629,"GSE94980,GSE95021"
"GSE94980,GSE95021vector_25_s295",2,TRUE,FALSE,TRUE,0.638729053046417,"GSE94980,GSE95021"
"GSE94980,GSE95021vector_26_s296",2,TRUE,FALSE,TRUE,0.659114933815045,"GSE94980,GSE95021"
"GSE94980,GSE95021vector_27_s297",2,TRUE,FALSE,TRUE,0.891468583415338,"GSE94980,GSE95021"
"GSE94980,GSE95021vector_28_s298",2,TRUE,FALSE,TRUE,0.695613815665072,"GSE94980,GSE95021"
"GSE94980,GSE95021vector_29_s299",2,TRUE,FALSE,TRUE,0.627645993288608,"GSE94980,GSE95021"
"GSE94980,GSE95021vector_30_s300",2,TRUE,FALSE,TRUE,0.814612782429043,"GSE94980,GSE95021"
"GSE94980,GSE95021vector_31_s301",2,TRUE,FALSE,TRUE,0.481927795777475,"GSE94980,GSE95021"
"GSE94980,GSE95021vector_32_s302",2,TRUE,FALSE,TRUE,0.743093041289568,"GSE94980,GSE95021"
"GSE94980,GSE95021vector_33_s303",2,TRUE,FALSE,TRUE,0.825004090583203,"GSE94980,GSE95021"
"GSE94980,GSE95021vector_34_s304",2,TRUE,FALSE,TRUE,0.773627647207801,"GSE94980,GSE95021"
"GSE94980,GSE95021vector_35_s305",2,TRUE,FALSE,TRUE,0.600373734844127,"GSE94980,GSE95021"
"GSE94980,GSE95021vector_36_s306",2,TRUE,FALSE,TRUE,0.688338742175752,"GSE94980,GSE95021"
"GSE94980,GSE95021vector_37_s307",2,TRUE,FALSE,TRUE,0.858300796722502,"GSE94980,GSE95021"
"GSE94980,GSE95021vector_38_s308",2,TRUE,FALSE,TRUE,0.838396266184262,"GSE94980,GSE95021"
"GSE94980,GSE95021vector_39_s309",2,TRUE,FALSE,TRUE,0.834800969086631,"GSE94980,GSE95021"
"GSE94980,GSE95021vector_40_s310",2,TRUE,FALSE,TRUE,0.656543826812649,"GSE94980,GSE95021"
"GSE96530aas_01_atopic asthmatic_acute_visit",2,TRUE,TRUE,TRUE,0.00139923074424357,"GSE96530"
"GSE96530aas_02_atopic asthmatic_convalescent_visit",2,TRUE,TRUE,TRUE,0.00301965837567819,"GSE96530"
"GSE96530aas_03_atopic asthmatic_acute_visit",2,TRUE,TRUE,TRUE,0.000831391760010903,"GSE96530"
"GSE96530aas_04_atopic asthmatic_convalescent_visit",2,TRUE,TRUE,TRUE,0.00329142814884432,"GSE96530"
"GSE96530aas_05_atopic asthmatic_acute_visit",2,TRUE,TRUE,TRUE,0,"GSE96530"
"GSE96530aas_06_atopic asthmatic_convalescent_visit",2,TRUE,TRUE,TRUE,0.000899860625380123,"GSE96530"
"GSE96530aas_09_atopic asthmatic_acute_visit",2,TRUE,TRUE,TRUE,0.00200321572146869,"GSE96530"
"GSE96530aas_10_atopic asthmatic_convalescent_visit",2,TRUE,TRUE,TRUE,0.00149340707835439,"GSE96530"
"GSE96530aas_11_atopic asthmatic_acute_visit",2,TRUE,TRUE,TRUE,0.00638321909751284,"GSE96530"
"GSE96530aas_12_atopic asthmatic_convalescent_visit",2,TRUE,TRUE,TRUE,0.00317184382707848,"GSE96530"
"GSE96530aas_13_atopic asthmatic_acute_visit",2,TRUE,TRUE,TRUE,0.00149340707835439,"GSE96530"
"GSE96530aas_14_atopic asthmatic_convalescent_visit",2,TRUE,TRUE,TRUE,0.0017140613951239,"GSE96530"
"GSE96530aas_15_atopic asthmatic_acute_visit",2,TRUE,TRUE,TRUE,0.000899860625380123,"GSE96530"
"GSE96530aas_16_atopic asthmatic_convalescent_visit",2,TRUE,TRUE,TRUE,0.00191630327958963,"GSE96530"
"GSE96530aas_17_atopic asthmatic_acute_visit",2,TRUE,TRUE,TRUE,0.00149340707835439,"GSE96530"
"GSE96530aas_18_atopic asthmatic_convalescent_visit",2,TRUE,TRUE,TRUE,0.00156187594372361,"GSE96530"
"GSE96530aas_19_atopic asthmatic_acute_visit",2,TRUE,TRUE,TRUE,0.00231057292019114,"GSE96530"
"GSE96530aas_20_atopic asthmatic_convalescent_visit",2,TRUE,TRUE,TRUE,0.000831391760010903,"GSE96530"
"GSE96530aas_21_atopic asthmatic_acute_visit",2,TRUE,TRUE,TRUE,0.000343191405048372,"GSE96530"
"GSE96530aas_22_atopic asthmatic_convalescent_visit",2,TRUE,TRUE,FALSE,0.00234160909304872,"GSE96530"
"GSE96530aas_23_atopic asthmatic_acute_visit",2,TRUE,TRUE,TRUE,0.000976334543008334,"GSE96530"
"GSE96530aas_24_atopic asthmatic_convalescent_visit",2,TRUE,TRUE,TRUE,0.00184783441422041,"GSE96530"
"GSE96530aas_25_atopic asthmatic_acute_visit",2,TRUE,TRUE,TRUE,0.000831391760010903,"GSE96530"
"GSE96530aas_26_atopic asthmatic_convalescent_visit",2,TRUE,TRUE,TRUE,0.00156187594372361,"GSE96530"
"GSE96530aas_27_atopic asthmatic_acute_visit",2,TRUE,TRUE,TRUE,0.000899860625380123,"GSE96530"
"GSE96530aas_28_atopic asthmatic_convalescent_visit",2,TRUE,TRUE,TRUE,0.00394305787329813,"GSE96530"
"GSE96530aas_29_atopic asthmatic_acute_visit",2,TRUE,TRUE,TRUE,0.0017140613951239,"GSE96530"
"GSE96530aas_30_atopic asthmatic_convalescent_visit",2,TRUE,TRUE,TRUE,0.000899860625380123,"GSE96530"
"GSE96530aas_31_atopic asthmatic_acute_visit",2,TRUE,TRUE,TRUE,0.00227202042254183,"GSE96530"
"GSE96530aas_32_atopic asthmatic_convalescent_visit",2,TRUE,TRUE,TRUE,0.00191630327958963,"GSE96530"
"GSE96530aas_33_atopic asthmatic_acute_visit",2,TRUE,TRUE,TRUE,0.00191630327958963,"GSE96530"
"GSE96530aas_34_atopic asthmatic_convalescent_visit",2,TRUE,TRUE,TRUE,0.00191630327958963,"GSE96530"
"GSE96530aas_35_atopic asthmatic_acute_visit",2,TRUE,TRUE,TRUE,0.000831391760010903,"GSE96530"
"GSE96530aas_36_atopic asthmatic_convalescent_visit",2,TRUE,TRUE,TRUE,0.000805929911019104,"GSE96530"
"GSE96530aas_37_atopic asthmatic_acute_visit",2,TRUE,TRUE,TRUE,0.000545433289514103,"GSE96530"
"GSE96530aas_38_atopic asthmatic_convalescent_visit",2,TRUE,TRUE,TRUE,0.000343191405048372,"GSE96530"
"GSE96530aas_41_atopic asthmatic_acute_visit",2,TRUE,TRUE,TRUE,0.00553930159959811,"GSE96530"
"GSE96530aas_42_atopic asthmatic_convalescent_visit",2,TRUE,TRUE,TRUE,0.00184783441422041,"GSE96530"
"GSE96981a11b_s107_001_transplant",2,TRUE,TRUE,TRUE,0.903406005267571,"GSE96981"
"GSE96981a1b_s97_001_transplant",2,TRUE,TRUE,TRUE,0.823530121378392,"GSE96981"
"GSE96981a8b_s104_001_transplant",2,TRUE,TRUE,TRUE,0.906076807146609,"GSE96981"
"GSE96981a9b_s105_001_transplant",3,TRUE,TRUE,TRUE,0.990497808305311,"GSE96981"
"GSE96981b10a_s22_001_transplant",2,TRUE,TRUE,TRUE,1,"GSE96981"
"GSE96981b10b_s118_001_transplant",2,TRUE,TRUE,TRUE,0.878849214607055,"GSE96981"
"GSE96981b2b_s110_001_transplant",2,TRUE,TRUE,TRUE,0.841449149326609,"GSE96981"
"GSE96981b3b_s111_001_transplant",2,TRUE,TRUE,TRUE,1,"GSE96981"
"GSE96981b6b_s114_001_transplant",2,TRUE,TRUE,TRUE,0.974632745693535,"GSE96981"
"GSE96981b9a_s21_001_transplant",2,TRUE,TRUE,TRUE,0.793776139653101,"GSE96981"
"GSE96981c1a_s25_001_transplant",2,TRUE,TRUE,TRUE,0.792251423095626,"GSE96981"
"GSE96981c3b_s123_001_transplant",2,TRUE,TRUE,TRUE,0.917871985639279,"GSE96981"
"GSE96981c4b_s124_001_transplant",3,TRUE,TRUE,TRUE,0.964617199188414,"GSE96981"
"GSE96981c5a_s29_001_transplant",2,TRUE,TRUE,TRUE,0.901169315508874,"GSE96981"
"GSE96981c7b_s127_001_transplant",2,TRUE,TRUE,TRUE,0.992556418078304,"GSE96981"
"GSE96981d11b_s143_001_transplant",2,TRUE,TRUE,TRUE,0.879029290148986,"GSE96981"
"GSE96981d1b_s133_001_transplant",2,TRUE,TRUE,TRUE,0.887054806329012,"GSE96981"
"GSE96981d2a_s38_001_transplant",2,TRUE,TRUE,TRUE,0.999406883145909,"GSE96981"
"GSE96981d3b_s135_001_transplant",2,TRUE,TRUE,TRUE,0.937160009252913,"GSE96981"
"GSE96981d8b_s140_001_transplant",2,TRUE,TRUE,TRUE,0.981290942611019,"GSE96981"
"GSE96981e1a_s49_001_transplant",2,TRUE,TRUE,TRUE,0.907990099957104,"GSE96981"
"GSE96981e6a_s54_001_transplant",2,TRUE,TRUE,TRUE,0.803774017417617,"GSE96981"
"GSE96981e6b_s150_001_transplant",2,TRUE,TRUE,TRUE,0.91964579720488,"GSE96981"
"GSE96981f10b_s166_001_transplant",2,TRUE,TRUE,TRUE,1,"GSE96981"
"GSE96981f3a_s63_001_transplant",2,TRUE,TRUE,TRUE,0.867623294557564,"GSE96981"
"GSE96981f4b_s160_001_transplant",2,TRUE,TRUE,TRUE,0.954158103644495,"GSE96981"
"GSE96981f5a_s65_001_transplant",2,TRUE,TRUE,TRUE,1,"GSE96981"
"GSE96981f7b_s163_001_transplant",2,TRUE,TRUE,TRUE,1,"GSE96981"
"GSE96981g1b_s169_001_transplant",2,TRUE,TRUE,TRUE,0.862536089816728,"GSE96981"
"GSE96981g2b_s170_001_transplant",2,TRUE,TRUE,TRUE,0.979145207160402,"GSE96981"
"GSE96981g3b_s171_001_transplant",2,TRUE,TRUE,TRUE,0.699604938096907,"GSE96981"
"GSE96981h4b_s184_001_transplant",2,TRUE,TRUE,TRUE,0.826492466760043,"GSE96981"
"GSE977743h_tet-_acagtg",2,TRUE,TRUE,TRUE,0.0273806003180016,"GSE97774"
"GSE977748h_tet-_cgatgt",2,TRUE,TRUE,TRUE,0.0187493194245425,"GSE97774"
"GSE988521375-a5_ggactcct-gcgtaaga",2,TRUE,TRUE,TRUE,0.541935591473517,"GSE98852"
"GSE988521401-e1_taaggcga-gtaaggag",2,TRUE,TRUE,TRUE,0.87522958941201,"GSE98852"
"GSE988521401-e3_aggcagaa-gtaaggag",2,TRUE,TRUE,TRUE,0.684998646253785,"GSE98852"
"GSE988521401-e4_tcctgagc-gtaaggag",2,TRUE,TRUE,TRUE,0.687894585827793,"GSE98852"
"GSE988521401-e5_ggactcct-gtaaggag",2,TRUE,TRUE,TRUE,0.910483149281324,"GSE98852"
"GSE988521402-a11_aagaggca-gcgtaaga",2,TRUE,TRUE,TRUE,0.888209897896014,"GSE98852"
"GSE988521402-b2_cgtactag-ctctctat",2,TRUE,TRUE,TRUE,0.519337821730039,"GSE98852"
"GSE988521403-a10_cgaggctg-gcgtaaga",2,TRUE,TRUE,TRUE,0.757490327644957,"GSE98852"
"GSE988521403-a7_ctctctac-gcgtaaga",2,TRUE,TRUE,TRUE,0.577709041081796,"GSE98852"
"GSE988521403-a9_gctacgct-gcgtaaga",2,TRUE,TRUE,TRUE,0.512515987852979,"GSE98852"
"GSE988521407-e6_taggcatg-gtaaggag",2,TRUE,TRUE,TRUE,0.850273025230788,"GSE98852"
"GSE988521407-e8_cagagagg-gtaaggag",2,TRUE,TRUE,TRUE,0.592437499221648,"GSE98852"
"GSE988521407-e9_gctacgct-gtaaggag",2,TRUE,TRUE,TRUE,0.483786381733461,"GSE98852"
"GSE988521430-e11_aagaggca-gtaaggag",2,TRUE,TRUE,TRUE,0.577675101221182,"GSE98852"
"GSE988521430-e12_gtagagga-gtaaggag",2,TRUE,TRUE,TRUE,0.485120190973606,"GSE98852"
"GSE988521430-f1_taaggcga-actgcata",2,TRUE,TRUE,TRUE,0.689404264967283,"GSE98852"
"GSE988521430-f2_cgtactag-actgcata",2,TRUE,TRUE,TRUE,0.588155864262168,"GSE98852"
"GSE988521430-f3_aggcagaa-actgcata",2,TRUE,TRUE,TRUE,0.677308312418763,"GSE98852"
"GSE99048mcf7-4_hfkkjalxx",2,TRUE,TRUE,TRUE,0.00135073929061691,"GSE99048"
"GSE99048mcf7-trc_h7mnyalxx",2,TRUE,TRUE,TRUE,0.00303183860778027,"GSE99048"
